2025-09-21 10:19:32,970 [INFO] Activator:176 - 


2025-09-21 10:19:32,977 [INFO] Activator:177 - !SESSION log4j initialized
2025-09-21 10:19:40,887 [INFO] LogOutputStream:77 - [STDOUT_REDIRECT] 
2025-09-21 10:19:42,790 [INFO] ApplicationProperties:184 - Using Application install path: /opt/st/stm32cubeide_1.19.0/plugins/com.st.stm32cube.common.mx_6.15.0.202507011659
2025-09-21 10:19:42,820 [INFO] DbMcusXml:78 - Set database path to: /opt/st/stm32cubeide_1.19.0/plugins/com.st.stm32cube.common.mx_6.15.0.202507011659//db//mcu/
2025-09-21 10:19:42,821 [INFO] ApiDb:274 - Set plugin database path to: /opt/st/stm32cubeide_1.19.0/plugins/com.st.stm32cube.common.mx_6.15.0.202507011659//db//plugins/boardmanager/
2025-09-21 10:19:42,822 [WARN] ApiDb:259 - Overriding images path with different value:  => /opt/st/stm32cubeide_1.19.0/plugins/com.st.stm32cube.common.mx_6.15.0.202507011659//db//plugins/mcufinder/images/
2025-09-21 10:19:42,832 [INFO] ApiDb:250 - Set database path to: /home/tomas1908/.stmcufinder/plugins/mcufinder//mcu/
2025-09-21 10:19:42,834 [INFO] DbMcusAds:125 - Set database path to: /home/tomas1908/.stmcufinder/plugins/mcufinder//mcu/
2025-09-21 10:19:42,839 [INFO] CrossReferenceDbSqlite:203 - Set database path to: /home/tomas1908/.stmcufinder/plugins/mcufinder//mcu/cs/
2025-09-21 10:19:43,057 [INFO] RulesReader:64 - Compatibility file has been processed (317 Rules)
2025-09-21 10:19:43,160 [INFO] DbMcusXml:78 - Set database path to: /opt/st/stm32cubeide_1.19.0/plugins/com.st.stm32cube.common.mx_6.15.0.202507011659//db//mcu/
2025-09-21 10:19:43,160 [INFO] ApiDb:274 - Set plugin database path to: /opt/st/stm32cubeide_1.19.0/plugins/com.st.stm32cube.common.mx_6.15.0.202507011659//db//plugins/boardmanager/
2025-09-21 10:19:43,160 [INFO] ApiDb:261 - Set plugin images path to: /opt/st/stm32cubeide_1.19.0/plugins/com.st.stm32cube.common.mx_6.15.0.202507011659//db//plugins/mcufinder/images/
2025-09-21 10:19:43,160 [WARN] DbFile:41 - Overriding database path with different value: /home/tomas1908/.stmcufinder/plugins/mcufinder/ => /home/tomas1908/.stmcufinder/plugins/mcufinder
2025-09-21 10:19:43,161 [INFO] ApiDb:250 - Set database path to: /home/tomas1908/.stmcufinder/plugins/mcufinder//mcu/
2025-09-21 10:19:43,161 [WARN] DbFile:41 - Overriding database path with different value: /home/tomas1908/.stmcufinder/plugins/mcufinder/ => /home/tomas1908/.stmcufinder/plugins/mcufinder
2025-09-21 10:19:43,161 [INFO] DbMcusAds:125 - Set database path to: /home/tomas1908/.stmcufinder/plugins/mcufinder//mcu/
2025-09-21 10:19:43,161 [WARN] DbFile:41 - Overriding database path with different value: /home/tomas1908/.stmcufinder/plugins/mcufinder/ => /home/tomas1908/.stmcufinder/plugins/mcufinder
2025-09-21 10:19:43,161 [WARN] DbFile:41 - Overriding database path with different value: /home/tomas1908/.stmcufinder/plugins/mcufinder/ => /home/tomas1908/.stmcufinder/plugins/mcufinder
2025-09-21 10:19:43,161 [INFO] CrossReferenceDbSqlite:203 - Set database path to: /home/tomas1908/.stmcufinder/plugins/mcufinder//mcu/cs/
2025-09-21 10:19:43,271 [INFO] MainPanel:274 - HeapMemory: 268435456
2025-09-21 10:19:43,476 [INFO] DbMcusXml:78 - Set database path to: /opt/st/stm32cubeide_1.19.0/plugins/com.st.stm32cube.common.mx_6.15.0.202507011659//db//mcu/
2025-09-21 10:19:43,476 [INFO] ApiDb:274 - Set plugin database path to: /opt/st/stm32cubeide_1.19.0/plugins/com.st.stm32cube.common.mx_6.15.0.202507011659//db//plugins/boardmanager/
2025-09-21 10:19:43,477 [INFO] ApiDb:261 - Set plugin images path to: /opt/st/stm32cubeide_1.19.0/plugins/com.st.stm32cube.common.mx_6.15.0.202507011659//db//plugins/mcufinder/images/
2025-09-21 10:19:43,477 [WARN] DbFile:41 - Overriding database path with different value: /home/tomas1908/.stmcufinder/plugins/mcufinder/ => /home/tomas1908/.stmcufinder/plugins/mcufinder
2025-09-21 10:19:43,477 [INFO] ApiDb:250 - Set database path to: /home/tomas1908/.stmcufinder/plugins/mcufinder//mcu/
2025-09-21 10:19:43,477 [WARN] DbFile:41 - Overriding database path with different value: /home/tomas1908/.stmcufinder/plugins/mcufinder/ => /home/tomas1908/.stmcufinder/plugins/mcufinder
2025-09-21 10:19:43,478 [INFO] DbMcusAds:125 - Set database path to: /home/tomas1908/.stmcufinder/plugins/mcufinder//mcu/
2025-09-21 10:19:43,478 [WARN] DbFile:41 - Overriding database path with different value: /home/tomas1908/.stmcufinder/plugins/mcufinder/ => /home/tomas1908/.stmcufinder/plugins/mcufinder
2025-09-21 10:19:43,478 [WARN] DbFile:41 - Overriding database path with different value: /home/tomas1908/.stmcufinder/plugins/mcufinder/ => /home/tomas1908/.stmcufinder/plugins/mcufinder
2025-09-21 10:19:43,478 [INFO] CrossReferenceDbSqlite:203 - Set database path to: /home/tomas1908/.stmcufinder/plugins/mcufinder//mcu/cs/
2025-09-21 10:19:43,504 [INFO] ApplicationProperties:184 - Using Application install path: /opt/st/stm32cubeide_1.19.0/plugins/com.st.stm32cube.common.mx_6.15.0.202507011659
2025-09-21 10:19:43,507 [INFO] PluginManage:196 - Search for loadable plugins [exclusion list=, ]
2025-09-21 10:19:43,509 [INFO] PluginManage:310 - Check plugin analytics
2025-09-21 10:19:43,785 [INFO] AnalyticsPlugin:253 - Accepted Software Licenses: 
2025-09-21 10:19:43,786 [INFO] AnalyticsPlugin:255 - Accepted CMSIS Pack Licenses: 
2025-09-21 10:19:43,786 [INFO] AnalyticsPlugin:257 - Accepted Firmware Licenses: FW.F4.1.28.0
2025-09-21 10:19:43,790 [INFO] PluginManage:359 - Loaded plugin analytics (category:tool,tabindex:-1)
2025-09-21 10:19:43,790 [INFO] PluginManage:310 - Check plugin cadmodel
2025-09-21 10:19:43,797 [INFO] CADModel:105 - Init CAD model plugin
2025-09-21 10:19:43,797 [INFO] PluginManage:359 - Loaded plugin cadmodel (category:power,tabindex:5)
2025-09-21 10:19:43,798 [INFO] PluginManage:310 - Check plugin clock
2025-09-21 10:19:43,811 [INFO] PluginManage:359 - Loaded plugin clock (category:base,tabindex:2)
2025-09-21 10:19:43,812 [INFO] PluginManage:310 - Check plugin ddr
2025-09-21 10:19:43,815 [INFO] PluginManage:359 - Loaded plugin ddr (category:tool,tabindex:6)
2025-09-21 10:19:43,816 [INFO] PluginManage:310 - Check plugin filemanager
2025-09-21 10:19:44,057 [INFO] PluginManage:359 - Loaded plugin filemanager (category:base,tabindex:10)
2025-09-21 10:19:44,057 [INFO] PluginManage:310 - Check plugin ipmanager
2025-09-21 10:19:44,065 [INFO] PluginManage:359 - Loaded plugin ipmanager (category:base,tabindex:5)
2025-09-21 10:19:44,066 [INFO] PluginManage:310 - Check plugin lpbam
2025-09-21 10:19:44,080 [INFO] PluginManage:359 - Loaded plugin lpbam (category:base,tabindex:0)
2025-09-21 10:19:44,080 [INFO] PluginManage:310 - Check plugin memorymap
2025-09-21 10:19:44,099 [INFO] PluginManage:359 - Loaded plugin memorymap (category:base,tabindex:4)
2025-09-21 10:19:44,099 [INFO] PluginManage:310 - Check plugin pinoutandconfiguration
2025-09-21 10:19:44,113 [INFO] PluginManage:359 - Loaded plugin pinoutandconfiguration (category:base,tabindex:1)
2025-09-21 10:19:44,113 [INFO] PluginManage:310 - Check plugin pinoutconfig
2025-09-21 10:19:44,256 [WARN] SupportedApi:132 - Cannot load RTOS API schema: s4s-elt-must-match.1: The content of 'definitions' must match (annotation?, (simpleType | complexType)?, (unique | key | keyref)*)). A problem was found starting at: attribute.
2025-09-21 10:19:44,479 [INFO] PluginManage:359 - Loaded plugin pinoutconfig (category:base,tabindex:0)
2025-09-21 10:19:44,479 [INFO] PluginManage:310 - Check plugin power
2025-09-21 10:19:44,498 [INFO] PluginManage:359 - Loaded plugin power (category:power,tabindex:4)
2025-09-21 10:19:44,498 [INFO] PluginManage:310 - Check plugin projectmanager
2025-09-21 10:19:44,530 [INFO] PluginManage:359 - Loaded plugin projectmanager (category:projectmanager,tabindex:4)
2025-09-21 10:19:44,531 [INFO] PluginManage:310 - Check plugin rif
2025-09-21 10:19:44,547 [INFO] PluginManage:359 - Loaded plugin rif (category:base,tabindex:3)
2025-09-21 10:19:44,547 [INFO] PluginManage:310 - Check plugin thirdparty
2025-09-21 10:19:44,748 [INFO] PluginManage:359 - Loaded plugin thirdparty (category:base,tabindex:-1)
2025-09-21 10:19:44,748 [WARN] IntegrityCheckThread:84 - waiting for thirdparty lock release [integrity check]
2025-09-21 10:19:44,749 [INFO] IntegrityCheckThread:86 - entering critical section [integrity check]
2025-09-21 10:19:44,749 [INFO] PluginManage:310 - Check plugin tools
2025-09-21 10:19:44,749 [INFO] ThirdPartyUpdaterWithRetryManager:70 - Updater plugin not ready yet. [1/15]
2025-09-21 10:19:44,752 [INFO] PluginManage:359 - Loaded plugin tools (category:base,tabindex:7)
2025-09-21 10:19:44,752 [INFO] PluginManage:310 - Check plugin tutovideos
2025-09-21 10:19:45,104 [INFO] PluginManage:359 - Loaded plugin tutovideos (category:base,tabindex:-1)
2025-09-21 10:19:45,105 [INFO] PluginManage:310 - Check plugin updater
2025-09-21 10:19:45,140 [INFO] PluginManage:359 - Loaded plugin updater (category:base,tabindex:12)
2025-09-21 10:19:45,140 [INFO] PluginManage:310 - Check plugin userauth
2025-09-21 10:19:45,146 [INFO] UserAuth:118 - Init User Auth plugin
2025-09-21 10:19:45,147 [INFO] PluginManage:359 - Loaded plugin userauth (category:base,tabindex:14)
2025-09-21 10:19:45,147 [INFO] PluginManage:283 - PluginManage : Loaded plugins [18]
2025-09-21 10:19:45,209 [ERROR] ConfigurationRetriever:142 - IOException on connection: Connect timed out
2025-09-21 10:19:45,410 [INFO] PinOutPanel:1589 - setPackage(No Configuration,No Configuration)
2025-09-21 10:19:45,514 [INFO] CADModel:165 - CPN selected for project level
2025-09-21 10:19:45,514 [INFO] CADModel:114 - Register for checkConnection events
2025-09-21 10:19:45,533 [INFO] IPUIPlugin:80 - create IPUIPlugin
2025-09-21 10:19:45,533 [INFO] PluginManager:220 - loadIPPluginJar : add i2c
2025-09-21 10:19:45,542 [INFO] IPUIPlugin:80 - create IPUIPlugin
2025-09-21 10:19:45,543 [INFO] PluginManager:220 - loadIPPluginJar : add mdma
2025-09-21 10:19:45,546 [INFO] IPUIPlugin:80 - create IPUIPlugin
2025-09-21 10:19:45,546 [INFO] PluginManager:220 - loadIPPluginJar : add aes
2025-09-21 10:19:45,550 [INFO] IPUIPlugin:80 - create IPUIPlugin
2025-09-21 10:19:45,550 [INFO] PluginManager:220 - loadIPPluginJar : add can
2025-09-21 10:19:45,558 [INFO] IPUIPlugin:80 - create IPUIPlugin
2025-09-21 10:19:45,559 [INFO] PluginManager:220 - loadIPPluginJar : add freertos
2025-09-21 10:19:45,562 [INFO] IPUIPlugin:80 - create IPUIPlugin
2025-09-21 10:19:45,563 [INFO] PluginManager:220 - loadIPPluginJar : add gtzc
2025-09-21 10:19:45,565 [INFO] IPUIPlugin:80 - create IPUIPlugin
2025-09-21 10:19:45,565 [INFO] PluginManager:220 - loadIPPluginJar : add ts
2025-09-21 10:19:45,577 [INFO] IPUIPlugin:80 - create IPUIPlugin
2025-09-21 10:19:45,577 [INFO] PluginManager:220 - loadIPPluginJar : add stm32_wpan
2025-09-21 10:19:45,579 [INFO] IPUIPlugin:80 - create IPUIPlugin
2025-09-21 10:19:45,580 [INFO] PluginManager:220 - loadIPPluginJar : add fatfs
2025-09-21 10:19:45,590 [INFO] IPUIPlugin:80 - create IPUIPlugin
2025-09-21 10:19:45,590 [INFO] PluginManager:220 - loadIPPluginJar : add dma
2025-09-21 10:19:45,595 [INFO] IPUIPlugin:80 - create IPUIPlugin
2025-09-21 10:19:45,595 [INFO] PluginManager:220 - loadIPPluginJar : add usbx
2025-09-21 10:19:45,598 [INFO] IPUIPlugin:80 - create IPUIPlugin
2025-09-21 10:19:45,598 [INFO] PluginManager:220 - loadIPPluginJar : add hash
2025-09-21 10:19:45,601 [INFO] IPUIPlugin:80 - create IPUIPlugin
2025-09-21 10:19:45,601 [INFO] PluginManager:220 - loadIPPluginJar : add cryp
2025-09-21 10:19:45,604 [INFO] IPUIPlugin:80 - create IPUIPlugin
2025-09-21 10:19:45,604 [INFO] PluginManager:220 - loadIPPluginJar : add openamp
2025-09-21 10:19:45,606 [INFO] IPUIPlugin:80 - create IPUIPlugin
2025-09-21 10:19:45,606 [INFO] PluginManager:220 - loadIPPluginJar : add genericplugin
2025-09-21 10:19:45,611 [INFO] IPUIPlugin:80 - create IPUIPlugin
2025-09-21 10:19:45,611 [INFO] PluginManager:220 - loadIPPluginJar : add ipddr
2025-09-21 10:19:45,615 [INFO] IPUIPlugin:80 - create IPUIPlugin
2025-09-21 10:19:45,615 [INFO] PluginManager:220 - loadIPPluginJar : add opamp
2025-09-21 10:19:45,616 [INFO] IPUIPlugin:80 - create IPUIPlugin
2025-09-21 10:19:45,616 [INFO] PluginManager:220 - loadIPPluginJar : add ltdc
2025-09-21 10:19:45,620 [INFO] IPUIPlugin:80 - create IPUIPlugin
2025-09-21 10:19:45,620 [INFO] PluginManager:220 - loadIPPluginJar : add dfsdm
2025-09-21 10:19:45,628 [INFO] IPUIPlugin:80 - create IPUIPlugin
2025-09-21 10:19:45,628 [INFO] PluginManager:220 - loadIPPluginJar : add gic
2025-09-21 10:19:45,632 [INFO] IPUIPlugin:80 - create IPUIPlugin
2025-09-21 10:19:45,632 [INFO] PluginManager:220 - loadIPPluginJar : add extmemmanager
2025-09-21 10:19:45,634 [INFO] IPUIPlugin:80 - create IPUIPlugin
2025-09-21 10:19:45,634 [INFO] PluginManager:220 - loadIPPluginJar : add ucpd
2025-09-21 10:19:45,637 [INFO] IPUIPlugin:80 - create IPUIPlugin
2025-09-21 10:19:45,637 [INFO] PluginManager:220 - loadIPPluginJar : add tracer_emb
2025-09-21 10:19:45,639 [INFO] IPUIPlugin:80 - create IPUIPlugin
2025-09-21 10:19:45,640 [INFO] PluginManager:220 - loadIPPluginJar : add radio
2025-09-21 10:19:45,643 [INFO] IPUIPlugin:80 - create IPUIPlugin
2025-09-21 10:19:45,643 [INFO] PluginManager:220 - loadIPPluginJar : add pdm2pcm
2025-09-21 10:19:45,646 [INFO] IPUIPlugin:80 - create IPUIPlugin
2025-09-21 10:19:45,646 [INFO] PluginManager:220 - loadIPPluginJar : add spi
2025-09-21 10:19:45,649 [INFO] IPUIPlugin:80 - create IPUIPlugin
2025-09-21 10:19:45,649 [INFO] PluginManager:220 - loadIPPluginJar : add tim
2025-09-21 10:19:45,658 [INFO] IPUIPlugin:80 - create IPUIPlugin
2025-09-21 10:19:45,662 [INFO] PluginManager:220 - loadIPPluginJar : add plateformsettings
2025-09-21 10:19:45,667 [INFO] IPUIPlugin:80 - create IPUIPlugin
2025-09-21 10:19:45,667 [INFO] PluginManager:220 - loadIPPluginJar : add touchsensing
2025-09-21 10:19:45,673 [INFO] IPUIPlugin:80 - create IPUIPlugin
2025-09-21 10:19:45,674 [INFO] PluginManager:220 - loadIPPluginJar : add gpio
2025-09-21 10:19:45,683 [INFO] IPUIPlugin:80 - create IPUIPlugin
2025-09-21 10:19:45,683 [INFO] PluginManager:220 - loadIPPluginJar : add adc
2025-09-21 10:19:45,693 [INFO] IPUIPlugin:80 - create IPUIPlugin
2025-09-21 10:19:45,693 [INFO] PluginManager:220 - loadIPPluginJar : add linkedlist
2025-09-21 10:19:45,695 [INFO] IPUIPlugin:80 - create IPUIPlugin
2025-09-21 10:19:45,696 [INFO] PluginManager:220 - loadIPPluginJar : add comp
2025-09-21 10:19:45,702 [INFO] IPUIPlugin:80 - create IPUIPlugin
2025-09-21 10:19:45,702 [INFO] PluginManager:220 - loadIPPluginJar : add fmc
2025-09-21 10:19:45,704 [INFO] IPUIPlugin:80 - create IPUIPlugin
2025-09-21 10:19:45,704 [INFO] PluginManager:220 - loadIPPluginJar : add tsc
2025-09-21 10:19:45,708 [INFO] IPUIPlugin:80 - create IPUIPlugin
2025-09-21 10:19:45,708 [INFO] PluginManager:220 - loadIPPluginJar : add sai
2025-09-21 10:19:45,711 [INFO] IPUIPlugin:80 - create IPUIPlugin
2025-09-21 10:19:45,711 [INFO] PluginManager:220 - loadIPPluginJar : add usart
2025-09-21 10:19:45,717 [INFO] IPUIPlugin:80 - create IPUIPlugin
2025-09-21 10:19:45,717 [INFO] PluginManager:220 - loadIPPluginJar : add nvic
2025-09-21 10:19:45,722 [INFO] IPUIPlugin:80 - create IPUIPlugin
2025-09-21 10:19:45,722 [INFO] PluginManager:220 - loadIPPluginJar : add resmgrutility
2025-09-21 10:19:45,726 [INFO] IPUIPlugin:80 - create IPUIPlugin
2025-09-21 10:19:45,726 [INFO] PluginManager:220 - loadIPPluginJar : add lorawan
2025-09-21 10:19:45,728 [INFO] IPUIPlugin:80 - create IPUIPlugin
2025-09-21 10:19:45,728 [INFO] PluginManager:220 - loadIPPluginJar : add gfxmmu
2025-09-21 10:19:45,731 [INFO] IPUIPlugin:80 - create IPUIPlugin
2025-09-21 10:19:45,731 [INFO] PluginManager:220 - loadIPPluginJar : add dma3
2025-09-21 10:19:45,735 [INFO] IPUIPlugin:80 - create IPUIPlugin
2025-09-21 10:19:45,735 [INFO] PluginManager:220 - loadIPPluginJar : add i3c
2025-09-21 10:19:45,736 [INFO] IPUIPlugin:80 - create IPUIPlugin
2025-09-21 10:19:45,737 [INFO] PluginManager:220 - loadIPPluginJar : add quadspi
2025-09-21 10:19:45,740 [INFO] IPUIPlugin:80 - create IPUIPlugin
2025-09-21 10:19:45,741 [INFO] PluginManager:220 - loadIPPluginJar : add ddr_ctrl_phy
2025-09-21 10:19:45,743 [INFO] IPUIPlugin:80 - create IPUIPlugin
2025-09-21 10:19:45,744 [INFO] PluginManager:220 - loadIPPluginJar : add i2s
2025-09-21 10:19:45,863 [FATAL] Updater:351 - Updater called before beeing initialized
2025-09-21 10:19:45,905 [INFO] RulesReader:64 - Compatibility file has been processed (317 Rules)
2025-09-21 10:19:45,925 [INFO] RulesReader:64 - Compatibility file has been processed (317 Rules)
2025-09-21 10:19:45,936 [INFO] CADModel:165 - CPN selected for project level
2025-09-21 10:19:45,936 [INFO] CADModel:114 - Register for checkConnection events
2025-09-21 10:19:45,936 [FATAL] Updater:351 - Updater called before beeing initialized
2025-09-21 10:19:45,936 [ERROR] CADModel:125 - Updater not yet initialized, retry later 
2025-09-21 10:19:46,115 [FATAL] Updater:351 - Updater called before beeing initialized
2025-09-21 10:19:46,117 [INFO] CADModel:165 - CPN selected for project level
2025-09-21 10:19:46,117 [INFO] CADModel:114 - Register for checkConnection events
2025-09-21 10:19:46,118 [FATAL] Updater:351 - Updater called before beeing initialized
2025-09-21 10:19:46,118 [ERROR] CADModel:125 - Updater not yet initialized, retry later 
2025-09-21 10:19:46,123 [FATAL] Updater:351 - Updater called before beeing initialized
2025-09-21 10:19:46,250 [FATAL] Updater:351 - Updater called before beeing initialized
2025-09-21 10:19:46,256 [INFO] DbMcusAds:53 - JSON generation date=Tue Jul 08 05:14:23 ART 2025 (1751962463582)
2025-09-21 10:19:46,257 [FATAL] Updater:351 - Updater called before beeing initialized
2025-09-21 10:19:46,316 [WARN] DetailPanel:346 - Failed to get advertising image, set to default
2025-09-21 10:19:46,446 [FATAL] Updater:351 - Updater called before beeing initialized
2025-09-21 10:19:46,449 [FATAL] Updater:351 - Updater called before beeing initialized
2025-09-21 10:19:46,449 [FATAL] Updater:351 - Updater called before beeing initialized
2025-09-21 10:19:46,449 [WARN] DetailPanel:346 - Failed to get advertising image, set to default
2025-09-21 10:19:46,450 [FATAL] Updater:351 - Updater called before beeing initialized
2025-09-21 10:19:46,507 [ERROR] Updater:1198 - MainUpdater not yet initialized. External WinMGr cannot be set.
2025-09-21 10:19:46,509 [INFO] Updater:1134 - Updater Version found : 6.15.0
2025-09-21 10:19:46,542 [INFO] ApplicationProperties:184 - Using Application install path: /opt/st/stm32cubeide_1.19.0/plugins/com.st.stm32cube.common.mx_6.15.0.202507011659
2025-09-21 10:19:46,563 [ERROR] LogOutputStream:75 - [STDERR_REDIRECT] Sep 21, 2025 10:19:46 AM java.util.prefs.FileSystemPreferences$2 run
2025-09-21 10:19:46,563 [ERROR] LogOutputStream:75 - [STDERR_REDIRECT] WARNING: Could not create system preferences directory. System preferences are unusable.
2025-09-21 10:19:46,564 [ERROR] LogOutputStream:75 - [STDERR_REDIRECT] 
2025-09-21 10:19:47,212 [ERROR] ConfigurationRetriever:142 - IOException on connection: Connect timed out
2025-09-21 10:19:47,750 [INFO] ThirdPartyUpdaterWithRetryManager:70 - Updater plugin not ready yet. [2/15]
2025-09-21 10:19:48,796 [ERROR] ConfigurationRetriever:142 - IOException on connection: Connect timed out
2025-09-21 10:19:49,215 [ERROR] ConfigurationRetriever:142 - IOException on connection: Connect timed out
2025-09-21 10:19:50,750 [FATAL] Updater:351 - Updater called before beeing initialized
2025-09-21 10:19:50,751 [ERROR] IntegrityCheckThread:130 - Cannot retrieve database content from updater: error 21
2025-09-21 10:19:50,751 [INFO] ThirdParty:978 - Integrity check success = false
2025-09-21 10:19:50,752 [INFO] IntegrityCheckThread:100 - exiting critical section [integrity check]
2025-09-21 10:19:50,752 [INFO] IntegrityCheckThread:103 - End integrity checks thread
2025-09-21 10:19:50,854 [INFO] RetryExec:97 - I/O exception (java.net.SocketException) caught when processing request to {s}->https://sw-center.st.com:443: Network is unreachable
2025-09-21 10:19:50,854 [INFO] RetryExec:113 - Retrying request to {s}->https://sw-center.st.com:443
2025-09-21 10:19:53,802 [ERROR] ConfigurationRetriever:142 - IOException on connection: Connect timed out
2025-09-21 10:19:54,859 [INFO] RetryExec:97 - I/O exception (java.net.SocketException) caught when processing request to {s}->https://sw-center.st.com:443: Network is unreachable
2025-09-21 10:19:54,860 [INFO] RetryExec:113 - Retrying request to {s}->https://sw-center.st.com:443
2025-09-21 10:19:58,808 [ERROR] ConfigurationRetriever:142 - IOException on connection: Connect timed out
2025-09-21 10:19:58,865 [INFO] RetryExec:97 - I/O exception (java.net.SocketException) caught when processing request to {s}->https://sw-center.st.com:443: Network is unreachable
2025-09-21 10:19:58,866 [INFO] RetryExec:113 - Retrying request to {s}->https://sw-center.st.com:443
2025-09-21 10:20:02,877 [INFO] MainUpdater:2872 - connection check result : 22
2025-09-21 10:20:02,878 [INFO] MainUpdater:289 - Updater Check For Update Now.
2025-09-21 10:20:02,879 [INFO] MicroXplorer:498 - Change Database Version : DB.6.0.150
2025-09-21 10:20:02,888 [INFO] McuFinderGlobals:63 - Set McuFinder mode to 2 (CubeIDE integrated)
2025-09-21 10:20:02,889 [INFO] UserAuth:487 - Internet connection configuration mode: 2
2025-09-21 10:20:02,901 [INFO] UserAuth:487 - Internet connection configuration mode: 2
2025-09-21 10:20:03,174 [INFO] CheckServerUpdateThread:120 - End of CheckServer Thread
2025-09-21 10:20:10,658 [ERROR] LogOutputStream:75 - [STDERR_REDIRECT] Sep 21, 2025 10:20:10 AM java.util.prefs.FileSystemPreferences checkLockFile0ErrorCode
2025-09-21 10:20:10,659 [ERROR] LogOutputStream:75 - [STDERR_REDIRECT] WARNING: Could not lock System prefs. Unix error code 2.
2025-09-21 10:20:10,660 [ERROR] LogOutputStream:75 - [STDERR_REDIRECT] 
2025-09-21 10:20:10,661 [ERROR] LogOutputStream:75 - [STDERR_REDIRECT] Sep 21, 2025 10:20:10 AM java.util.prefs.FileSystemPreferences syncWorld
2025-09-21 10:20:10,661 [ERROR] LogOutputStream:75 - [STDERR_REDIRECT] WARNING: Couldn't flush system prefs: java.util.prefs.BackingStoreException: Couldn't get file lock.
2025-09-21 10:20:10,662 [ERROR] LogOutputStream:75 - [STDERR_REDIRECT] 
2025-09-21 10:20:40,635 [ERROR] LogOutputStream:75 - [STDERR_REDIRECT] Sep 21, 2025 10:20:40 AM java.util.prefs.FileSystemPreferences checkLockFile0ErrorCode
2025-09-21 10:20:40,636 [ERROR] LogOutputStream:75 - [STDERR_REDIRECT] WARNING: Could not lock System prefs. Unix error code 2.
2025-09-21 10:20:40,637 [ERROR] LogOutputStream:75 - [STDERR_REDIRECT] 
2025-09-21 10:20:40,638 [ERROR] LogOutputStream:75 - [STDERR_REDIRECT] Sep 21, 2025 10:20:40 AM java.util.prefs.FileSystemPreferences syncWorld
2025-09-21 10:20:40,638 [ERROR] LogOutputStream:75 - [STDERR_REDIRECT] WARNING: Couldn't flush system prefs: java.util.prefs.BackingStoreException: Couldn't get file lock.
2025-09-21 10:20:40,639 [ERROR] LogOutputStream:75 - [STDERR_REDIRECT] 
2025-09-21 10:21:10,634 [ERROR] LogOutputStream:75 - [STDERR_REDIRECT] Sep 21, 2025 10:21:10 AM java.util.prefs.FileSystemPreferences checkLockFile0ErrorCode
2025-09-21 10:21:10,634 [ERROR] LogOutputStream:75 - [STDERR_REDIRECT] WARNING: Could not lock System prefs. Unix error code 2.
2025-09-21 10:21:10,635 [ERROR] LogOutputStream:75 - [STDERR_REDIRECT] 
2025-09-21 10:21:10,635 [ERROR] LogOutputStream:75 - [STDERR_REDIRECT] Sep 21, 2025 10:21:10 AM java.util.prefs.FileSystemPreferences syncWorld
2025-09-21 10:21:10,636 [ERROR] LogOutputStream:75 - [STDERR_REDIRECT] WARNING: Couldn't flush system prefs: java.util.prefs.BackingStoreException: Couldn't get file lock.
2025-09-21 10:21:10,636 [ERROR] LogOutputStream:75 - [STDERR_REDIRECT] 
2025-09-21 10:21:40,634 [ERROR] LogOutputStream:75 - [STDERR_REDIRECT] Sep 21, 2025 10:21:40 AM java.util.prefs.FileSystemPreferences checkLockFile0ErrorCode
2025-09-21 10:21:40,635 [ERROR] LogOutputStream:75 - [STDERR_REDIRECT] WARNING: Could not lock System prefs. Unix error code 2.
2025-09-21 10:21:40,635 [ERROR] LogOutputStream:75 - [STDERR_REDIRECT] 
2025-09-21 10:21:40,636 [ERROR] LogOutputStream:75 - [STDERR_REDIRECT] Sep 21, 2025 10:21:40 AM java.util.prefs.FileSystemPreferences syncWorld
2025-09-21 10:21:40,636 [ERROR] LogOutputStream:75 - [STDERR_REDIRECT] WARNING: Couldn't flush system prefs: java.util.prefs.BackingStoreException: Couldn't get file lock.
2025-09-21 10:21:40,636 [ERROR] LogOutputStream:75 - [STDERR_REDIRECT] 
2025-09-21 10:22:10,635 [ERROR] LogOutputStream:75 - [STDERR_REDIRECT] Sep 21, 2025 10:22:10 AM java.util.prefs.FileSystemPreferences checkLockFile0ErrorCode
2025-09-21 10:22:10,635 [ERROR] LogOutputStream:75 - [STDERR_REDIRECT] WARNING: Could not lock System prefs. Unix error code 2.
2025-09-21 10:22:10,636 [ERROR] LogOutputStream:75 - [STDERR_REDIRECT] 
2025-09-21 10:22:10,636 [ERROR] LogOutputStream:75 - [STDERR_REDIRECT] Sep 21, 2025 10:22:10 AM java.util.prefs.FileSystemPreferences syncWorld
2025-09-21 10:22:10,637 [ERROR] LogOutputStream:75 - [STDERR_REDIRECT] WARNING: Couldn't flush system prefs: java.util.prefs.BackingStoreException: Couldn't get file lock.
2025-09-21 10:22:10,637 [ERROR] LogOutputStream:75 - [STDERR_REDIRECT] 
2025-09-21 10:22:19,082 [INFO] McuFinderGlobals:63 - Set McuFinder mode to 2 (CubeIDE integrated)
2025-09-21 10:22:21,627 [INFO] RetryExec:97 - I/O exception (java.net.SocketException) caught when processing request to {s}->https://sw-center.st.com:443: Network is unreachable
2025-09-21 10:22:21,627 [INFO] RetryExec:113 - Retrying request to {s}->https://sw-center.st.com:443
2025-09-21 10:22:23,631 [INFO] RetryExec:97 - I/O exception (java.net.SocketException) caught when processing request to {s}->https://sw-center.st.com:443: Network is unreachable
2025-09-21 10:22:23,632 [INFO] RetryExec:113 - Retrying request to {s}->https://sw-center.st.com:443
2025-09-21 10:22:25,636 [INFO] RetryExec:97 - I/O exception (java.net.SocketException) caught when processing request to {s}->https://sw-center.st.com:443: Network is unreachable
2025-09-21 10:22:25,637 [INFO] RetryExec:113 - Retrying request to {s}->https://sw-center.st.com:443
2025-09-21 10:22:27,641 [INFO] MainUpdater:2872 - connection check result : 22
2025-09-21 10:22:29,658 [INFO] RetryExec:97 - I/O exception (java.net.SocketException) caught when processing request to {s}->https://sw-center.st.com:443: Network is unreachable
2025-09-21 10:22:29,658 [INFO] RetryExec:113 - Retrying request to {s}->https://sw-center.st.com:443
2025-09-21 10:22:31,661 [INFO] RetryExec:97 - I/O exception (java.net.SocketException) caught when processing request to {s}->https://sw-center.st.com:443: Network is unreachable
2025-09-21 10:22:31,661 [INFO] RetryExec:113 - Retrying request to {s}->https://sw-center.st.com:443
2025-09-21 10:22:33,666 [INFO] RetryExec:97 - I/O exception (java.net.SocketException) caught when processing request to {s}->https://sw-center.st.com:443: Network is unreachable
2025-09-21 10:22:33,666 [INFO] RetryExec:113 - Retrying request to {s}->https://sw-center.st.com:443
2025-09-21 10:22:35,671 [INFO] MainUpdater:2872 - connection check result : 22
2025-09-21 10:22:40,635 [ERROR] LogOutputStream:75 - [STDERR_REDIRECT] Sep 21, 2025 10:22:40 AM java.util.prefs.FileSystemPreferences checkLockFile0ErrorCode
2025-09-21 10:22:40,635 [ERROR] LogOutputStream:75 - [STDERR_REDIRECT] WARNING: Could not lock System prefs. Unix error code 2.
2025-09-21 10:22:40,636 [ERROR] LogOutputStream:75 - [STDERR_REDIRECT] 
2025-09-21 10:22:40,636 [ERROR] LogOutputStream:75 - [STDERR_REDIRECT] Sep 21, 2025 10:22:40 AM java.util.prefs.FileSystemPreferences syncWorld
2025-09-21 10:22:40,637 [ERROR] LogOutputStream:75 - [STDERR_REDIRECT] WARNING: Couldn't flush system prefs: java.util.prefs.BackingStoreException: Couldn't get file lock.
2025-09-21 10:22:40,637 [ERROR] LogOutputStream:75 - [STDERR_REDIRECT] 
2025-09-21 10:22:59,834 [INFO] RetryExec:97 - I/O exception (java.net.SocketException) caught when processing request to {s}->https://sw-center.st.com:443: Network is unreachable
2025-09-21 10:22:59,834 [INFO] RetryExec:113 - Retrying request to {s}->https://sw-center.st.com:443
2025-09-21 10:23:01,838 [INFO] RetryExec:97 - I/O exception (java.net.SocketException) caught when processing request to {s}->https://sw-center.st.com:443: Network is unreachable
2025-09-21 10:23:01,838 [INFO] RetryExec:113 - Retrying request to {s}->https://sw-center.st.com:443
2025-09-21 10:23:03,842 [INFO] RetryExec:97 - I/O exception (java.net.SocketException) caught when processing request to {s}->https://sw-center.st.com:443: Network is unreachable
2025-09-21 10:23:03,843 [INFO] RetryExec:113 - Retrying request to {s}->https://sw-center.st.com:443
2025-09-21 10:23:05,848 [INFO] MainUpdater:2872 - connection check result : 22
2025-09-21 10:23:10,634 [ERROR] LogOutputStream:75 - [STDERR_REDIRECT] Sep 21, 2025 10:23:10 AM java.util.prefs.FileSystemPreferences checkLockFile0ErrorCode
2025-09-21 10:23:10,635 [ERROR] LogOutputStream:75 - [STDERR_REDIRECT] WARNING: Could not lock System prefs. Unix error code 2.
2025-09-21 10:23:10,635 [ERROR] LogOutputStream:75 - [STDERR_REDIRECT] 
2025-09-21 10:23:10,636 [ERROR] LogOutputStream:75 - [STDERR_REDIRECT] Sep 21, 2025 10:23:10 AM java.util.prefs.FileSystemPreferences syncWorld
2025-09-21 10:23:10,636 [ERROR] LogOutputStream:75 - [STDERR_REDIRECT] WARNING: Couldn't flush system prefs: java.util.prefs.BackingStoreException: Couldn't get file lock.
2025-09-21 10:23:10,636 [ERROR] LogOutputStream:75 - [STDERR_REDIRECT] 
2025-09-21 10:23:12,183 [INFO] MicroXplorer:468 - Change Database Path : 
2025-09-21 10:23:12,184 [INFO] MicroXplorer:498 - Change Database Version : DB.6.0.150
2025-09-21 10:23:12,195 [WARN] ThirdParty:871 - waiting for thirdparty lock release [close project]
2025-09-21 10:23:12,195 [INFO] ThirdParty:873 - entering critical section [close project]
2025-09-21 10:23:12,197 [INFO] ThirdParty:883 - exiting critical section [close project]
2025-09-21 10:23:12,201 [INFO] PinOutPanel:1589 - setPackage(No Configuration,No Configuration)
2025-09-21 10:23:12,204 [INFO] UtilMem:75 - Begin LoadConfig() Used Memory: 218351592 Bytes (274726912)
2025-09-21 10:23:12,205 [INFO] MicroXplorer:468 - Change Database Path : 
2025-09-21 10:23:12,206 [INFO] MicroXplorer:498 - Change Database Version : DB.6.0.150
2025-09-21 10:23:12,206 [INFO] OpenFileManager:355 - Change cursor
2025-09-21 10:23:12,221 [WARN] IntegrityCheckThread:84 - waiting for thirdparty lock release [integrity check]
2025-09-21 10:23:12,221 [INFO] IntegrityCheckThread:86 - entering critical section [integrity check]
2025-09-21 10:23:12,412 [WARN] PackLoader:240 - Cannot read IP mode file for STMicroelectronics.FP-SNS-MOTENVWB1.1.4.0
2025-09-21 10:23:12,424 [WARN] PackLoader:240 - Cannot read IP mode file for STMicroelectronics.FP-ATR-ASTRA1.2.0.2
2025-09-21 10:23:12,435 [WARN] PackLoader:240 - Cannot read IP mode file for STMicroelectronics.X-CUBE-SMBUS.2.1.0
2025-09-21 10:23:12,442 [WARN] PackLoader:240 - Cannot read IP mode file for STMicroelectronics.X-CUBE-ST60.1.0.0
2025-09-21 10:23:12,516 [WARN] PackLoader:240 - Cannot read IP mode file for STMicroelectronics.X-CUBE-AZRTOS-F7.1.1.0
2025-09-21 10:23:12,530 [WARN] PackLoader:240 - Cannot read IP mode file for Cesanta.I-CUBE-Mongoose.7.19.0
2025-09-21 10:23:12,544 [WARN] PackLoader:240 - Cannot read IP mode file for WES.I-CUBE-Cesium.1.4.0
2025-09-21 10:23:12,596 [WARN] PackLoader:240 - Cannot read IP mode file for Infineon.AIROC-Wi-Fi-Bluetooth-STM32.1.7.1
2025-09-21 10:23:12,618 [WARN] PackLoader:240 - Cannot read IP mode file for STMicroelectronics.X-CUBE-DISPLAY.3.0.0
2025-09-21 10:23:12,639 [WARN] PackLoader:240 - Cannot read IP mode file for STMicroelectronics.X-CUBE-NFC10.1.0.0
2025-09-21 10:23:12,649 [WARN] PackLoader:240 - Cannot read IP mode file for emotas.I-CUBE-CANOPEN.1.3.0
2025-09-21 10:23:12,655 [WARN] PackLoader:240 - Cannot read IP mode file for STMicroelectronics.FP-SNS-SMARTAG2.1.2.0
2025-09-21 10:23:12,661 [WARN] PackLoader:240 - Cannot read IP mode file for STMicroelectronics.FP-SNS-FLIGHT1.5.1.0
2025-09-21 10:23:12,675 [INFO] LogOutputStream:77 - [STDOUT_REDIRECT] 1 : Invalid condition id : UX_CORESTACK_Condition cause : null
2025-09-21 10:23:12,676 [INFO] LogOutputStream:77 - [STDOUT_REDIRECT] 1 : Invalid condition id : UX_CORESTACK_Condition cause : null
2025-09-21 10:23:12,677 [INFO] LogOutputStream:77 - [STDOUT_REDIRECT] 1 : Invalid condition id : UX_CORESTACK_Condition cause : null
2025-09-21 10:23:12,677 [INFO] LogOutputStream:77 - [STDOUT_REDIRECT] 1 : Invalid condition id : UX_CORESTACK_Condition cause : null
2025-09-21 10:23:12,677 [INFO] LogOutputStream:77 - [STDOUT_REDIRECT] 1 : Invalid condition id : UX_CORESTACK_Condition cause : null
2025-09-21 10:23:12,687 [WARN] PackLoader:240 - Cannot read IP mode file for STMicroelectronics.X-CUBE-AZRTOS-WL.2.0.0
2025-09-21 10:23:12,697 [WARN] PackLoader:240 - Cannot read IP mode file for STMicroelectronics.FP-SNS-MOTENV1.5.0.0
2025-09-21 10:23:12,710 [WARN] PackLoader:240 - Cannot read IP mode file for STMicroelectronics.X-CUBE-BLE2.3.3.0
2025-09-21 10:23:12,722 [WARN] PackLoader:240 - Cannot read IP mode file for STMicroelectronics.X-CUBE-NFC9.1.0.0
2025-09-21 10:23:12,731 [WARN] PackLoader:240 - Cannot read IP mode file for STMicroelectronics.X-CUBE-BLE1.7.1.0
2025-09-21 10:23:12,759 [WARN] PackLoader:240 - Cannot read IP mode file for STMicroelectronics.X-CUBE-AZRTOS-G0.1.1.0
2025-09-21 10:23:12,775 [WARN] PackLoader:240 - Cannot read IP mode file for STMicroelectronics.X-CUBE-SAFEA1.1.2.2
2025-09-21 10:23:12,783 [WARN] PackLoader:240 - Cannot read IP mode file for STMicroelectronics.X-CUBE-NFC4.3.0.0
2025-09-21 10:23:12,801 [WARN] PackLoader:240 - Cannot read IP mode file for EmbeddedOffice.I-CUBE-FS-RTOS.1.0.1
2025-09-21 10:23:12,810 [WARN] PackLoader:240 - Cannot read IP mode file for STMicroelectronics.X-CUBE-WB05N.2.0.0
2025-09-21 10:23:12,822 [WARN] PackLoader:240 - Cannot read IP mode file for STMicroelectronics.X-CUBE-TCPP.4.2.0
2025-09-21 10:23:12,831 [WARN] PackLoader:240 - Cannot read IP mode file for RealThread.X-CUBE-RT-Thread_Nano.4.1.1
2025-09-21 10:23:12,836 [WARN] PackLoader:240 - Cannot read IP mode file for STMicroelectronics.FP-ATR-SIGFOX1.3.2.0
2025-09-21 10:23:12,843 [WARN] PackLoader:240 - Cannot read IP mode file for ITTIA_DB.I-CUBE-ITTIADB.8.9.0
2025-09-21 10:23:12,850 [WARN] PackLoader:240 - Cannot read IP mode file for STMicroelectronics.X-CUBE-ST67W61.1.0.0
2025-09-21 10:23:12,909 [WARN] PackLoader:240 - Cannot read IP mode file for SEGGER.I-CUBE-embOS.1.3.1
2025-09-21 10:23:12,999 [WARN] PackLoader:240 - Cannot read IP mode file for STMicroelectronics.X-CUBE-ALGOBUILD.1.4.0
2025-09-21 10:23:13,087 [WARN] PackLoader:240 - Cannot read IP mode file for STMicroelectronics.X-CUBE-MEMS1.11.3.0
2025-09-21 10:23:13,366 [WARN] PackLoader:240 - Cannot read IP mode file for STMicroelectronics.X-CUBE-PM33A1.1.0.0
2025-09-21 10:23:13,405 [WARN] PackLoader:240 - Cannot read IP mode file for STMicroelectronics.X-CUBE-AZRTOS-F4.1.1.0
2025-09-21 10:23:13,416 [WARN] PackLoader:240 - Cannot read IP mode file for Avnet-IotConnect.X-CUBE-IoTC-DA16k-PMOD.1.0.0
2025-09-21 10:23:13,422 [WARN] PackLoader:240 - Cannot read IP mode file for STMicroelectronics.X-CUBE-ISPU.2.1.0
2025-09-21 10:23:13,459 [WARN] PackLoader:240 - Cannot read IP mode file for STMicroelectronics.X-CUBE-AZRTOS-L5.2.0.0
2025-09-21 10:23:13,505 [WARN] PackLoader:240 - Cannot read IP mode file for STMicroelectronics.X-CUBE-NFC6.3.1.0
2025-09-21 10:23:13,523 [WARN] PackLoader:240 - Cannot read IP mode file for STMicroelectronics.X-CUBE-FREERTOS.1.3.1
2025-09-21 10:23:13,534 [WARN] PackLoader:240 - Cannot read IP mode file for STMicroelectronics.X-CUBE-DPower.1.3.0
2025-09-21 10:23:13,584 [WARN] ConditionMgr:438 - getConditionDescription Invalid condition id : LAN8742 Phy interface Condition cause : null
2025-09-21 10:23:13,586 [WARN] PackLoader:240 - Cannot read IP mode file for STMicroelectronics.X-CUBE-AZRTOS-L4.2.0.0
2025-09-21 10:23:13,589 [WARN] ConditionMgr:1044 - genDependencies : Invalid condition id : LAN8742 Phy interface Condition cause : null
2025-09-21 10:23:13,590 [WARN] ConditionMgr:1044 - genDependencies : Invalid condition id : LAN8742 Phy interface Condition cause : null
2025-09-21 10:23:13,591 [WARN] ConditionMgr:1044 - genDependencies : Invalid condition id : LAN8742 Phy interface Condition cause : null
2025-09-21 10:23:13,609 [WARN] PackLoader:240 - Cannot read IP mode file for STMicroelectronics.X-CUBE-SFXS2LP1.4.0.0
2025-09-21 10:23:13,644 [WARN] ConditionMgr:438 - getConditionDescription Invalid condition id : UX DEVICE CLASS RTOS Condition cause : null
2025-09-21 10:23:13,645 [WARN] ConditionMgr:438 - getConditionDescription Invalid condition id : UX DEVICE CLASS RTOS Condition cause : null
2025-09-21 10:23:13,667 [WARN] PackLoader:240 - Cannot read IP mode file for STMicroelectronics.X-CUBE-AZRTOS-WB.2.0.0
2025-09-21 10:23:13,668 [WARN] ConditionMgr:1044 - genDependencies : Invalid condition id : UX DEVICE CLASS RTOS Condition cause : null
2025-09-21 10:23:13,669 [WARN] ConditionMgr:1044 - genDependencies : Invalid condition id : UX DEVICE CLASS RTOS Condition cause : null
2025-09-21 10:23:13,670 [WARN] ConditionMgr:1044 - genDependencies : Invalid condition id : UX DEVICE CLASS RTOS Condition cause : null
2025-09-21 10:23:13,670 [WARN] ConditionMgr:1044 - genDependencies : Invalid condition id : UX DEVICE CLASS RTOS Condition cause : null
2025-09-21 10:23:13,670 [WARN] ConditionMgr:1044 - genDependencies : Invalid condition id : UX DEVICE CLASS RTOS Condition cause : null
2025-09-21 10:23:13,681 [WARN] PackLoader:240 - Cannot read IP mode file for STMicroelectronics.X-CUBE-GNSS1.7.0.1
2025-09-21 10:23:13,689 [WARN] PackLoader:240 - Cannot read IP mode file for STMicroelectronics.X-CUBE-TOUCHGFX.4.25.0
2025-09-21 10:23:13,694 [WARN] ConditionMgr:438 - getConditionDescription Invalid condition id : Cortex-A Device cause : null
2025-09-21 10:23:13,711 [WARN] ConditionMgr:1044 - genDependencies : Invalid condition id : Cortex-A Device cause : null
2025-09-21 10:23:13,711 [WARN] ConditionMgr:1044 - genDependencies : Invalid condition id : Cortex-A Device cause : null
2025-09-21 10:23:13,711 [WARN] ConditionMgr:1044 - genDependencies : Invalid condition id : Cortex-A Device cause : null
2025-09-21 10:23:13,723 [WARN] PackLoader:240 - Cannot read IP mode file for STMicroelectronics.X-CUBE-SUBG2.5.0.0
2025-09-21 10:23:13,753 [WARN] PackLoader:240 - Cannot read IP mode file for STMicroelectronics.X-CUBE-AZRTOS-H7RS.1.1.0
2025-09-21 10:23:13,779 [WARN] PackLoader:240 - Cannot read IP mode file for STMicroelectronics.X-CUBE-AZRTOS-G4.2.0.0
2025-09-21 10:23:13,788 [WARN] PackLoader:240 - Cannot read IP mode file for wolfSSL.I-CUBE-wolfSSH.1.4.20
2025-09-21 10:23:13,795 [WARN] PackLoader:240 - Cannot read IP mode file for STMicroelectronics.X-CUBE-NFC7.2.0.0
2025-09-21 10:23:13,816 [WARN] PackLoader:240 - Cannot read IP mode file for STMicroelectronics.X-CUBE-IPS.3.1.0
2025-09-21 10:23:13,831 [WARN] PackLoader:240 - Cannot read IP mode file for STMicroelectronics.X-CUBE-ALS.1.0.2
2025-09-21 10:23:13,852 [WARN] PackLoader:240 - Cannot read IP mode file for STMicroelectronics.X-CUBE-TOF1.3.4.3
2025-09-21 10:23:13,871 [INFO] ThirdParty:978 - Integrity check success = true
2025-09-21 10:23:13,871 [INFO] IntegrityCheckThread:100 - exiting critical section [integrity check]
2025-09-21 10:23:13,871 [INFO] IntegrityCheckThread:103 - End integrity checks thread
2025-09-21 10:23:13,894 [INFO] Mcu:2029 - Initializing MCU STM32F446R(C-E)Tx STM32F446RETx STM32F446RET6
2025-09-21 10:23:16,191 [INFO] Context:786 - Trying to add GPIOservice into a context  which must be forbidden
2025-09-21 10:23:17,229 [INFO] ImportTextPane:234 - (OptionalMessage_ERROR) Pin10 (VP_RIF_VS_RIF1) cannot be retrieved for this MCU
2025-09-21 10:23:17,380 [INFO] RtosManager:558 - Registered RTOS mode: class=CMSIS, group=RTOS, mode=CMSIS_V1, owner=FREERTOS
2025-09-21 10:23:17,381 [INFO] RtosManager:558 - Registered RTOS mode: class=CMSIS, group=RTOS2, mode=CMSIS_V2, owner=FREERTOS
2025-09-21 10:23:17,381 [INFO] RtosManager:558 - Registered RTOS mode: class=RTOS, group=Core, mode=CMSIS_V1, owner=FREERTOS
2025-09-21 10:23:17,381 [INFO] RtosManager:558 - Registered RTOS mode: class=RTOS, group=Core, mode=CMSIS_V2, owner=FREERTOS
2025-09-21 10:23:17,381 [WARN] ModelIntegratedComponent:184 - Missing modes for component STMicroelectronics:FreeRTOS:0.0.1:STMicroelectronics:RTOS:FreeRTOS:Core:::10.2.0:
2025-09-21 10:23:17,418 [WARN] ModelIntegratedComponent:63 - No mode defined for component null
2025-09-21 10:23:17,418 [WARN] ModelIntegratedComponent:63 - No mode defined for component null
2025-09-21 10:23:17,418 [WARN] ModelIntegratedComponent:63 - No mode defined for component null
2025-09-21 10:23:17,418 [WARN] ModelIntegratedComponent:63 - No mode defined for component null
2025-09-21 10:23:17,418 [WARN] ModelIntegratedComponent:63 - No mode defined for component null
2025-09-21 10:23:17,418 [WARN] ModelIntegratedComponent:63 - No mode defined for component null
2025-09-21 10:23:17,419 [WARN] ModelIntegratedComponent:63 - No mode defined for component null
2025-09-21 10:23:17,419 [WARN] ModelIntegratedComponent:63 - No mode defined for component null
2025-09-21 10:23:17,419 [WARN] ModelIntegratedComponent:63 - No mode defined for component null
2025-09-21 10:23:17,419 [WARN] ModelIntegratedComponent:63 - No mode defined for component null
2025-09-21 10:23:17,419 [WARN] ModelIntegratedComponent:63 - No mode defined for component null
2025-09-21 10:23:17,419 [WARN] ModelIntegratedComponent:63 - No mode defined for component null
2025-09-21 10:23:17,419 [WARN] ModelIntegratedComponent:63 - No mode defined for component null
2025-09-21 10:23:17,419 [WARN] ModelIntegratedComponent:63 - No mode defined for component null
2025-09-21 10:23:17,419 [WARN] ModelIntegratedComponent:63 - No mode defined for component null
2025-09-21 10:23:17,420 [WARN] ModelIntegratedComponent:63 - No mode defined for component null
2025-09-21 10:23:17,420 [WARN] ModelIntegratedComponent:63 - No mode defined for component null
2025-09-21 10:23:17,420 [WARN] ModelIntegratedComponent:63 - No mode defined for component null
2025-09-21 10:23:17,420 [WARN] ModelIntegratedComponent:63 - No mode defined for component null
2025-09-21 10:23:17,420 [WARN] ModelIntegratedComponent:63 - No mode defined for component null
2025-09-21 10:23:17,420 [WARN] ModelIntegratedComponent:63 - No mode defined for component null
2025-09-21 10:23:17,420 [WARN] ModelIntegratedComponent:63 - No mode defined for component null
2025-09-21 10:23:17,420 [WARN] ModelIntegratedComponent:63 - No mode defined for component null
2025-09-21 10:23:17,420 [WARN] ModelIntegratedComponent:63 - No mode defined for component null
2025-09-21 10:23:17,420 [WARN] ModelIntegratedComponent:63 - No mode defined for component null
2025-09-21 10:23:17,420 [WARN] ModelIntegratedComponent:63 - No mode defined for component null
2025-09-21 10:23:17,421 [WARN] ModelIntegratedComponent:63 - No mode defined for component null
2025-09-21 10:23:17,421 [WARN] ModelIntegratedComponent:63 - No mode defined for component null
2025-09-21 10:23:17,421 [WARN] ModelIntegratedComponent:63 - No mode defined for component null
2025-09-21 10:23:17,421 [WARN] ModelIntegratedComponent:63 - No mode defined for component null
2025-09-21 10:23:17,421 [WARN] ModelIntegratedComponent:63 - No mode defined for component null
2025-09-21 10:23:17,421 [WARN] ModelIntegratedComponent:63 - No mode defined for component null
2025-09-21 10:23:17,421 [WARN] ModelIntegratedComponent:63 - No mode defined for component null
2025-09-21 10:23:17,421 [WARN] ModelIntegratedComponent:63 - No mode defined for component null
2025-09-21 10:23:17,421 [WARN] ModelIntegratedComponent:63 - No mode defined for component null
2025-09-21 10:23:17,421 [WARN] ModelPack:524 - Component already loaded: STMicroelectronics:HAL Drivers:0.0.0:STMicroelectronics:Device:STMicro_Driver:XSPI:HAL::0.0.1:HAL_XSPI
2025-09-21 10:23:17,596 [INFO] ThirdPartyModel:298 - Start build external matchings
2025-09-21 10:23:18,158 [INFO] ThirdPartyModel:316 - End build external matchings
2025-09-21 10:23:18,185 [INFO] ImportTextPane:234 - (OptionalMessage_ERROR) IP (RCC) : Invalid parameter (FamilyName)
2025-09-21 10:23:18,188 [INFO] ImportTextPane:234 - (OptionalMessage_ERROR) IP (RCC) : Parameter (SDIOFreq_Value) has invalid value (84000000)
2025-09-21 10:23:18,188 [INFO] ImportTextPane:234 - (OptionalMessage_ERROR) IP (RCC) : Parameter (USBFreq_Value) has invalid value (84000000)
2025-09-21 10:23:18,675 [INFO] ApiDb:581 - Connected to CubeFinder SQLite database (/home/tomas1908/.stmcufinder/plugins/mcufinder/mcu/cube-finder-db.db)
2025-09-21 10:23:18,776 [INFO] ApiDb:668 - CubeFinder database Data Model version=2.1
2025-09-21 10:23:18,776 [INFO] ApiDb:669 - CubeFinder database Configuration version=3.0.39
2025-09-21 10:23:18,776 [INFO] ApiDb:670 - CubeFinder database generation date=2025-07-24 (1753349077)
2025-09-21 10:23:18,777 [INFO] ApiDb:671 - CubeFinder database FW Pack versions=[FP-ATR-ASTRA1_V2.0.0, FP-SNS-FLIGHT1_V5.1.0, FP-SNS-MOTENV1_V5.0.0, FP-SNS-MOTENVWB1_V1.4.0, FP-SNS-SMARTAG2_V1.2.0, FP-SNS-STBOX1_V2.0.0, STM32Cube_FW_C0_V1.4.0, STM32Cube_FW_F4_V1.28.2, STM32Cube_FW_F7_V1.17.3, STM32Cube_FW_G0_V1.6.2, STM32Cube_FW_G4_V1.6.1, STM32Cube_FW_H5_V1.5.0, STM32Cube_FW_H7RS_V1.2.0, STM32Cube_FW_H7_V1.12.1, STM32Cube_FW_L0_V1.12.2, STM32Cube_FW_L4_V1.18.1, STM32Cube_FW_L5_V1.5.1, STM32Cube_FW_N6_V1.2.0, STM32Cube_FW_U0_V1.3.0, STM32Cube_FW_U3_V1.2.0, STM32Cube_FW_U5_V1.8.0, STM32Cube_FW_WB0_V1.3.0, STM32Cube_FW_WBA_V1.7.0, STM32Cube_FW_WB_V1.23.0, STM32Cube_FW_WL3_V1.2.0, STM32Cube_FW_WL_V1.3.1, X-CUBE-ALGOBUILD_V1.4.0, X-CUBE-ALS_V1.0.2, X-CUBE-AZRTOS-F4_V1.1.0, X-CUBE-AZRTOS-F7_V1.1.0, X-CUBE-AZRTOS-G0_V1.1.0, X-CUBE-AZRTOS-G4_V2.0.0, X-CUBE-AZRTOS-H7RS_V1.1.0, X-CUBE-AZRTOS-H7_V3.4.0, X-CUBE-AZRTOS-L4_V2.0.0, X-CUBE-AZRTOS-L5_V2.0.0, X-CUBE-AZRTOS-WB_V2.0.0, X-CUBE-AZRTOS-WL_V2.0.0, X-CUBE-BLE1_V7.1.0, X-CUBE-BLE2_V3.3.0, X-CUBE-BLEMGR_V4.1.0, X-CUBE-EEPRMA1_V5.2.0, X-CUBE-FREERTOS_V1.3.1, X-CUBE-GNSS1_V6.0.0, X-CUBE-MEMS1_V11.3.0, X-CUBE-NFC4_V3.0.0, X-CUBE-NFC7_V2.0.0, X-CUBE-SFXS2LP1_V4.0.0, X-CUBE-ST67W61_V1.0.0, X-CUBE-SUBG2_V5.0.0, X-CUBE-TOF1_V3.4.3]
2025-09-21 10:23:18,936 [INFO] DbBoardsSqlite:226 - include board P-NUCLEO-WB55-NUCLEO as a kit item of type 'Nucleo-64'
2025-09-21 10:23:18,937 [INFO] DbBoardsSqlite:226 - include board P-NUCLEO-WB55-USBDONGLE as a kit item of type 'Nucleo USB Dongle'
2025-09-21 10:23:18,938 [INFO] DbBoardsSqlite:226 - include board STEVAL-IDP005V1 as a kit item of type 'Evaluation Board'
2025-09-21 10:23:18,939 [INFO] DbBoardsSqlite:226 - include board STEVAL-IDP005V2 as a kit item of type 'Evaluation Board'
2025-09-21 10:23:19,086 [INFO] ApiDb:240 - Found 880 in-development CPN: [B-G473E-ZEST1S, B-WB1M-WPAN1, B-WBA5M-WPAN, B-WL5M-SUBG1, NUCLEO-C031C6, NUCLEO-C051C8, NUCLEO-C071RB, NUCLEO-C092RC, NUCLEO-H503RB, NUCLEO-H533RE, NUCLEO-H563ZI, NUCLEO-H7S3L8, NUCLEO-N657X0-Q, NUCLEO-U031R8, NUCLEO-U083RC, NUCLEO-U385RG-Q, NUCLEO-U545RE-Q, NUCLEO-U5A5ZJ-Q, NUCLEO-WB05KZ, NUCLEO-WB07CC, NUCLEO-WB09KE, NUCLEO-WBA52CG, NUCLEO-WBA55CG, NUCLEO-WL33CC1, NUCLEO-WL33CC2, STEVAL-PROTEUS1, STEVAL-SMARTAG2, STEVAL-STWINBX1, STM320518-EVAL, STM32C0116-DK, STM32C011D6Y3TR, STM32C011D6Y6TR, STM32C011F4P3, STM32C011F4P6, STM32C011F4U3, STM32C011F4U6TR, STM32C011F6P3, STM32C011F6P6, STM32C011F6U3, STM32C011F6U6TR, STM32C011J4M3, STM32C011J4M6, STM32C011J6M3, STM32C011J6M6, STM32C0316-DK, STM32C031C4T3, STM32C031C4T6, STM32C031C4U3, STM32C031C4U6, STM32C031C6T3, STM32C031C6T6, STM32C031C6U3, STM32C031C6U6, STM32C031F4P3, STM32C031F4P6, STM32C031F6P3, STM32C031F6P6, STM32C031G4U3, STM32C031G4U6, STM32C031G6U3, STM32C031G6U6, STM32C031K4T3, STM32C031K4T6, STM32C031K4U3, STM32C031K4U6, STM32C031K6T3, STM32C031K6T6, STM32C031K6U3, STM32C031K6U6, STM32C051C6T6, STM32C051C6U6, STM32C051C8T6, STM32C051C8U6, STM32C051D8Y6TR, STM32C051F6P6, STM32C051F8P6, STM32C051G6U6, STM32C051G8U6, STM32C051K6T6, STM32C051K6U6, STM32C051K8T6, STM32C071C8T6, STM32C071C8T6N, STM32C071C8U6, STM32C071C8U6N, STM32C071CBT6, STM32C071CBT6N, STM32C071CBU6, STM32C071CBU6N, STM32C071F8P6, STM32C071F8P6N, STM32C071FBP6, STM32C071FBP6N, STM32C071FBY6TR, STM32C071G8U6, STM32C071G8U6N, STM32C071GBU6, STM32C071GBU6N, STM32C071K8T6, STM32C071K8T6N, STM32C071K8U6, STM32C071K8U6N, STM32C071KBT6, STM32C071KBT6N, STM32C071KBU6, STM32C071KBU6N, STM32C071R8T6, STM32C071R8T6N, STM32C071RBI6N, STM32C071RBT6, STM32C071RBT6N, STM32C091CBT6, STM32C091CBU6, STM32C091CCT6, STM32C091CCU6, STM32C091ECY6TR, STM32C091FBP6, STM32C091FCP6, STM32C091GBU6, STM32C091GCU6, STM32C091KBT6, STM32C091KBU6, STM32C091KCT6, STM32C091KCU6, STM32C091RBT6, STM32C091RCI6, STM32C091RCT6, STM32C092CBT6, STM32C092CBU6, STM32C092CCT6, STM32C092CCU6, STM32C092ECY6TR, STM32C092FBP6, STM32C092FCP6, STM32C092GBU6, STM32C092GCU6, STM32C092KBT6, STM32C092KBU6, STM32C092KCT6, STM32C092KCU6, STM32C092RBT6, STM32C092RCI6, STM32C092RCT6, STM32G071K8TXN, STM32G071K8UXN, STM32G081GBU6N, STM32G081KBT6N, STM32G081KBUXN, STM32G0B1CCT6N, STM32G0B1KCT6, STM32G0B1NEY6TR, STM32G0B1RCT6N, STM32G0C1CCT6, STM32G0C1CCT6N, STM32G0C1CCU6N, STM32G0C1CET6N, STM32G0C1CEU6N, STM32G0C1KCT6, STM32G0C1NEY6TR, STM32G0C1RCI6N, STM32G0C1RCT6N, STM32G0C1REI6N, STM32G0C1RET6N, STM32G0C1VCI6, STM32G0C1VEI6, STM32G411C6T3, STM32G411C6T6, STM32G411C6U3, STM32G411C6U6, STM32G411C8T3, STM32G411C8T6, STM32G411C8U3, STM32G411C8U6, STM32G411CBT3, STM32G411CBT6, STM32G411CBU3, STM32G411CBU6, STM32G411K6T3, STM32G411K6T6, STM32G411K6U3, STM32G411K6U6, STM32G411K8T3, STM32G411K8T6, STM32G411K8U3, STM32G411K8U6, STM32G411KBT3, STM32G411KBT6, STM32G411KBU3, STM32G411KBU6, STM32G411M6T3, STM32G411M6T6, STM32G411M8T3, STM32G411M8T6, STM32G411MBT3, STM32G411MBT6, STM32G411R6T3, STM32G411R6T6, STM32G411R8T3, STM32G411R8T6, STM32G411RBT3, STM32G411RBT6, STM32G414CBT3, STM32G414CBT6, STM32G414CBU3, STM32G414CBU6, STM32G414CCT3, STM32G414CCT6, STM32G414CCU3, STM32G414CCU6, STM32G414MBT3, STM32G414MBT6, STM32G414MCT3, STM32G414MCT6, STM32G414RBT3, STM32G414RBT6, STM32G414RCT3, STM32G414RCT6, STM32G414VBT3, STM32G414VBT6, STM32G414VCT3, STM32G414VCT6, STM32G431CBT3Z, STM32G431RBT3Z, STM32G471CCT6, STM32G471CCU6, STM32G471CET3, STM32G471CET6, STM32G471CEU3, STM32G471CEU6, STM32G471MCT6, STM32G471MET3, STM32G471MET6, STM32G471MEY6TR, STM32G471QCT6, STM32G471QET3, STM32G471RCT6, STM32G471RET3, STM32G471RET6, STM32G471VCH6, STM32G471VCI6, STM32G471VCT6, STM32G471VEH3, STM32G471VEH6, STM32G471VEI3, STM32G471VEI6, STM32G471VET3, STM32G471VET6, STM32G473QET3Z, STM32G473RET3Z, STM32G474CCT6, STM32G491RET3Z, STM32H503CBT6, STM32H503CBU6, STM32H503EBY6TR, STM32H503KBU6, STM32H503RBT6, STM32H523CCT6, STM32H523CCU6, STM32H523CET6, STM32H523CEU6, STM32H523HEY6TR, STM32H523RCT6, STM32H523RET6, STM32H523VCI6, STM32H523VCT6, STM32H523VEI6, STM32H523VET6, STM32H523ZCJ6, STM32H523ZCT6, STM32H523ZEJ6, STM32H523ZET6, STM32H533CET6, STM32H533CEU6, STM32H533HEY6TR, STM32H533RET6, STM32H533VEI6, STM32H533VET6, STM32H533ZEJ6, STM32H533ZET6, STM32H562AGI6, STM32H562AII6, STM32H562IGK6, STM32H562IGT6, STM32H562IIK6, STM32H562IIT6, STM32H562RGT6, STM32H562RGV6, STM32H562RIT6, STM32H562RIV6, STM32H562VGT6, STM32H562VIT6, STM32H562ZGT6, STM32H562ZIT6, STM32H563AGI6, STM32H563AII3Q, STM32H563AII6, STM32H563IGK6, STM32H563IGT6, STM32H563IIK3Q, STM32H563IIK6, STM32H563IIT3Q, STM32H563IIT6, STM32H563MIY3QTR, STM32H563RGT6, STM32H563RGV6, STM32H563RIT6, STM32H563RIV6, STM32H563VGT6, STM32H563VIT3Q, STM32H563VIT6, STM32H563ZGT6, STM32H563ZIT3Q, STM32H563ZIT6, STM32H573AII3Q, STM32H573AII6, STM32H573I-DK, STM32H573IIK3Q, STM32H573IIK6, STM32H573IIT3Q, STM32H573IIT6, STM32H573MIY3QTR, STM32H573RIT6, STM32H573RIV6, STM32H573VIT3Q, STM32H573VIT6, STM32H573ZIT3Q, STM32H573ZIT6, STM32H7R3A8I6, STM32H7R3I8K6, STM32H7R3I8T6, STM32H7R3L8H6, STM32H7R3L8H6H, STM32H7R3R8V6, STM32H7R3V8H6, STM32H7R3V8T6, STM32H7R3V8Y6TR, STM32H7R3Z8J6, STM32H7R3Z8T6, STM32H7R7A8I6, STM32H7R7I8K6, STM32H7R7I8T6, STM32H7R7L8H6, STM32H7R7L8H6H, STM32H7R7Z8J6, STM32H7S3A8I6, STM32H7S3I8K6, STM32H7S3I8T6, STM32H7S3L8H6, STM32H7S3L8H6H, STM32H7S3R8V6, STM32H7S3V8H6, STM32H7S3V8T6, STM32H7S3V8Y6TR, STM32H7S3Z8J6, STM32H7S3Z8T6, STM32H7S78-DK, STM32H7S7A8I6, STM32H7S7I8K6, STM32H7S7I8T6, STM32H7S7L8H6, STM32H7S7L8H6H, STM32H7S7Z8J6, STM32L4R5QGI6STR, STM32MP131AAE3, STM32MP131AAF3, STM32MP131AAG3, STM32MP131CAE3, STM32MP131CAF3, STM32MP131CAG3, STM32MP131DAE7, STM32MP131DAF7, STM32MP131DAG7, STM32MP131FAE7, STM32MP131FAF7, STM32MP131FAG7, STM32MP133AAE3, STM32MP133AAF3, STM32MP133AAG3, STM32MP133CAE3, STM32MP133CAF3, STM32MP133CAG3, STM32MP133DAE7, STM32MP133DAF7, STM32MP133DAG7, STM32MP133FAE7, STM32MP133FAF7, STM32MP133FAG7, STM32MP135AAE3, STM32MP135AAF3, STM32MP135AAG3, STM32MP135CAE3, STM32MP135CAF3, STM32MP135CAG3, STM32MP135DAE7, STM32MP135DAF7, STM32MP135DAG7, STM32MP135F-DK, STM32MP135FAE7, STM32MP135FAF7, STM32MP135FAF7T, STM32MP135FAF7U, STM32MP135FAG7, STM32MP211AAL3, STM32MP211AAM3, STM32MP211AAN3, STM32MP211AAO3, STM32MP211CAL3, STM32MP211CAM3, STM32MP211CAN3, STM32MP211CAO3, STM32MP211DAL3, STM32MP211DAM3, STM32MP211DAN3, STM32MP211DAO3, STM32MP211FAL3, STM32MP211FAM3, STM32MP211FAN3, STM32MP211FAO3, STM32MP213AAL3, STM32MP213AAM3, STM32MP213AAN3, STM32MP213AAO3, STM32MP213CAL3, STM32MP213CAM3, STM32MP213CAN3, STM32MP213CAO3, STM32MP213DAL3, STM32MP213DAM3, STM32MP213DAN3, STM32MP213DAO3, STM32MP213FAL3, STM32MP213FAM3, STM32MP213FAN3, STM32MP213FAO3, STM32MP215AAL3, STM32MP215AAM3, STM32MP215AAN3, STM32MP215AAO3, STM32MP215CAL3, STM32MP215CAM3, STM32MP215CAN3, STM32MP215CAO3, STM32MP215DAL3, STM32MP215DAM3, STM32MP215DAN3, STM32MP215DAO3, STM32MP215F-DK, STM32MP215FAL3, STM32MP215FAM3, STM32MP215FAN3, STM32MP215FAO3, STM32MP231AAJ3, STM32MP231AAK3, STM32MP231AAL3, STM32MP231CAJ3, STM32MP231CAK3, STM32MP231CAL3, STM32MP231DAJ3, STM32MP231DAK3, STM32MP231DAL3, STM32MP231FAJ3, STM32MP231FAK3, STM32MP231FAL3, STM32MP233AAJ3, STM32MP233AAK3, STM32MP233AAL3, STM32MP233CAJ3, STM32MP233CAK3, STM32MP233CAL3, STM32MP233DAJ3, STM32MP233DAK3, STM32MP233DAL3, STM32MP233FAJ3, STM32MP233FAK3, STM32MP233FAL3, STM32MP235AAJ3, STM32MP235AAK3, STM32MP235AAL3, STM32MP235CAJ3, STM32MP235CAK3, STM32MP235CAL3, STM32MP235DAJ3, STM32MP235DAK3, STM32MP235DAL3, STM32MP235FAJ3, STM32MP235FAK3, STM32MP235FAL3, STM32MP251AAI3, STM32MP251AAK3, STM32MP251AAL3, STM32MP251CAI3, STM32MP251CAK3, STM32MP251CAL3, STM32MP251DAI3, STM32MP251DAK3, STM32MP251DAL3, STM32MP251FAI3, STM32MP251FAK3, STM32MP251FAL3, STM32MP253AAI3, STM32MP253AAK3, STM32MP253AAL3, STM32MP253CAI3, STM32MP253CAK3, STM32MP253CAL3, STM32MP253DAI3, STM32MP253DAK3, STM32MP253DAL3, STM32MP253FAI3, STM32MP253FAK3, STM32MP253FAL3, STM32MP255AAI3, STM32MP255AAK3, STM32MP255AAL3, STM32MP255CAI3, STM32MP255CAK3, STM32MP255CAL3, STM32MP255DAI3, STM32MP255DAK3, STM32MP255DAL3, STM32MP255FAI3, STM32MP255FAK3, STM32MP255FAL3, STM32MP257AAI3, STM32MP257AAK3, STM32MP257AAL3, STM32MP257CAI3, STM32MP257CAK3, STM32MP257CAL3, STM32MP257DAI3, STM32MP257DAK3, STM32MP257DAL3, STM32MP257F-DK, STM32MP257F-EV1, STM32MP257FAI3, STM32MP257FAK3, STM32MP257FAL3, STM32N645A0H3Q, STM32N645B0H3Q, STM32N645I0H3Q, STM32N645L0H3Q, STM32N645X0H3Q, STM32N645Z0H3Q, STM32N647A0H3Q, STM32N647B0H3Q, STM32N647I0H3Q, STM32N647L0H3Q, STM32N647X0H3Q, STM32N647Z0H3Q, STM32N655A0H3Q, STM32N655B0H3Q, STM32N655I0H3Q, STM32N655L0H3Q, STM32N655X0H3Q, STM32N655Z0H3Q, STM32N6570-DK, STM32N657A0H3Q, STM32N657B0H3Q, STM32N657I0H3Q, STM32N657L0H3Q, STM32N657X0H3Q, STM32N657Z0H3Q, STM32U031C6T6, STM32U031C6U6, STM32U031C8T6, STM32U031C8U6, STM32U031F4P6, STM32U031F6P6, STM32U031F8P6, STM32U031G6Y6TR, STM32U031G8Y6TR, STM32U031K4U6, STM32U031K6U6, STM32U031K8U6, STM32U031R6I6, STM32U031R6T6, STM32U031R8I6, STM32U031R8T6, STM32U073C8T6, STM32U073C8U6, STM32U073CBT6, STM32U073CBU6, STM32U073CCT6, STM32U073CCU6, STM32U073H8Y6TR, STM32U073HBY6TR, STM32U073HCY6TR, STM32U073K8U6, STM32U073KBU6, STM32U073KCU6, STM32U073M8I6, STM32U073M8T6, STM32U073MBI6, STM32U073MBT6, STM32U073MCI6, STM32U073MCT6, STM32U073R8I6, STM32U073R8T6, STM32U073RBI6, STM32U073RBT6, STM32U073RCI6, STM32U073RCT6, STM32U083C-DK, STM32U083CCT6, STM32U083CCU6, STM32U083HCY6TR, STM32U083KCU6, STM32U083MCI6, STM32U083MCT6, STM32U083RCI6, STM32U083RCT6, STM32U375CET6, STM32U375CET6Q, STM32U375CEU6, STM32U375CEU6Q, STM32U375CEY6QTR, STM32U375CGT6, STM32U375CGT6Q, STM32U375CGU6, STM32U375CGU6Q, STM32U375CGY6QTR, STM32U375KEU6, STM32U375KGU6, STM32U375REI6, STM32U375REI6Q, STM32U375RET6, STM32U375RET6Q, STM32U375REY6GTR, STM32U375REY6QTR, STM32U375RGI6, STM32U375RGI6Q, STM32U375RGT6, STM32U375RGT6Q, STM32U375RGY6GTR, STM32U375RGY6QTR, STM32U375VEI6, STM32U375VEI6Q, STM32U375VET6, STM32U375VET6Q, STM32U375VGI6, STM32U375VGI6Q, STM32U375VGT6, STM32U375VGT6Q, STM32U385CGT6, STM32U385CGT6Q, STM32U385CGU6, STM32U385CGU6Q, STM32U385CGY6QTR, STM32U385KGU6, STM32U385RGI6, STM32U385RGI6Q, STM32U385RGT6, STM32U385RGT6Q, STM32U385RGY6GTR, STM32U385RGY6QTR, STM32U385VGI6, STM32U385VGI6Q, STM32U385VGT6, STM32U385VGT6Q, STM32U535CBT6, STM32U535CBT6Q, STM32U535CBU6, STM32U535CBU6Q, STM32U535CCT6, STM32U535CCT6Q, STM32U535CCU6, STM32U535CCU6Q, STM32U535CET6, STM32U535CET6Q, STM32U535CEU6, STM32U535CEU6Q, STM32U535JEY6QTR, STM32U535NCY6QTR, STM32U535NEY6QTR, STM32U535RBI6, STM32U535RBI6Q, STM32U535RBT6, STM32U535RBT6Q, STM32U535RCI6, STM32U535RCI6Q, STM32U535RCT6, STM32U535RCT6Q, STM32U535REI6, STM32U535REI6Q, STM32U535RET6, STM32U535RET6Q, STM32U535VCI6, STM32U535VCI6Q, STM32U535VCT6, STM32U535VCT6Q, STM32U535VEI6, STM32U535VEI6Q, STM32U535VET6, STM32U535VET6Q, STM32U545CET6, STM32U545CET6Q, STM32U545CEU6, STM32U545CEU6Q, STM32U545JEY6QTR, STM32U545NEY6QTR, STM32U545REI6, STM32U545REI6Q, STM32U545RET6, STM32U545RET6Q, STM32U545VEI6, STM32U545VEI6Q, STM32U545VET6, STM32U545VET6Q, STM32U595AIH6, STM32U595AIH6Q, STM32U595AJH6, STM32U595AJH6Q, STM32U595QII6, STM32U595QII6Q, STM32U595QJI6, STM32U595QJI6Q, STM32U595RIT6, STM32U595RIT6Q, STM32U595RJT6, STM32U595RJT6Q, STM32U595VIT6, STM32U595VIT6Q, STM32U595VJT6, STM32U595VJT6Q, STM32U595ZIT6, STM32U595ZIT6Q, STM32U595ZIY6QTR, STM32U595ZJT6, STM32U595ZJT6Q, STM32U595ZJY6QTR, STM32U599BJY6QTR, STM32U599NIH6Q, STM32U599NJH6Q, STM32U599VIT6Q, STM32U599VJT6, STM32U599VJT6Q, STM32U599ZIT6Q, STM32U599ZIY6QTR, STM32U599ZJT6Q, STM32U599ZJY6QTR, STM32U5A5AJH6, STM32U5A5AJH6Q, STM32U5A5QII3Q , STM32U5A5QJI6, STM32U5A5QJI6Q, STM32U5A5RJT6, STM32U5A5RJT6Q, STM32U5A5VJT6, STM32U5A5VJT6Q, STM32U5A5ZJT6, STM32U5A5ZJT6Q, STM32U5A5ZJY6QTR, STM32U5A9BJY6QTR, STM32U5A9J-DK, STM32U5A9NJH6Q, STM32U5A9VJT6Q, STM32U5A9ZJT6Q, STM32U5A9ZJY6QTR, STM32U5F7VIT6, STM32U5F7VIT6Q, STM32U5F7VJT6, STM32U5F7VJT6Q, STM32U5F9BJY6QTR, STM32U5F9NJH6Q, STM32U5F9VIT6Q, STM32U5F9VJT6Q, STM32U5F9ZIJ6QTR, STM32U5F9ZIT6Q, STM32U5F9ZJJ6QTR, STM32U5F9ZJT6Q, STM32U5G7VJT6, STM32U5G7VJT6Q, STM32U5G9BJY6QTR, STM32U5G9J-DK1, STM32U5G9J-DK2, STM32U5G9NJH6Q, STM32U5G9VJT6Q, STM32U5G9ZJJ6QTR, STM32U5G9ZJT6Q, STM32WB05KZV6TR, STM32WB05KZV7TR, STM32WB05TZF6TR, STM32WB05TZF7TR, STM32WB06CCF6TR, STM32WB06CCF7TR, STM32WB06CCV6TR, STM32WB06CCV7TR, STM32WB06KCV6TR, STM32WB06KCV7TR, STM32WB07CCF6TR, STM32WB07CCF7TR, STM32WB07CCV6TR, STM32WB07CCV7TR, STM32WB07KCV6TR, STM32WB07KCV7TR, STM32WB09KEV6TR, STM32WB09KEV7TR, STM32WB09TEF6TR, STM32WB09TEF7TR, STM32WB1MMCH6, STM32WBA50KGU6, STM32WBA50KGU6TR, STM32WBA52CEU6, STM32WBA52CEU6TR, STM32WBA52CEU7, STM32WBA52CEU7TR, STM32WBA52CGU6, STM32WBA52CGU6TR, STM32WBA52CGU6U, STM32WBA52CGU7, STM32WBA52CGU7TR, STM32WBA52KEU6, STM32WBA52KEU6TR, STM32WBA52KGU6, STM32WBA52KGU6TR, STM32WBA54CEU6, STM32WBA54CEU6TR, STM32WBA54CEU7, STM32WBA54CEU7TR, STM32WBA54CGU6, STM32WBA54CGU6TR, STM32WBA54CGU7, STM32WBA54CGU7TR, STM32WBA54KEU6, STM32WBA54KEU6TR, STM32WBA54KEU7, STM32WBA54KEU7TR, STM32WBA54KGU6, STM32WBA54KGU6TR, STM32WBA54KGU7, STM32WBA54KGU7TR, STM32WBA55CEU6, STM32WBA55CEU6TR, STM32WBA55CEU7, STM32WBA55CEU7TR, STM32WBA55CGU6, STM32WBA55CGU6TR, STM32WBA55CGU6U, STM32WBA55CGU7, STM32WBA55CGU7TR, STM32WBA55G-DK1, STM32WBA55HEF6, STM32WBA55HEF7, STM32WBA55HGF6, STM32WBA55HGF7, STM32WBA55UEI6, STM32WBA55UEI6TR, STM32WBA55UEI7, STM32WBA55UEI7TR, STM32WBA55UGI6, STM32WBA55UGI6TR, STM32WBA55UGI7, STM32WBA55UGI7TR, STM32WBA5MMGH6TR, STM32WBA62MGF6, STM32WBA62MIF6, STM32WBA65MGF7, STM32WBA65MIF6, STM32WBA65MIF7, STM32WL30K8V6, STM32WL30KBV6, STM32WL31C8V6, STM32WL31CBV6, STM32WL31K8V6, STM32WL31KBV6, STM32WL33C8V6, STM32WL33C8V6X, STM32WL33CBV6, STM32WL33CBV6X, STM32WL33CCV6, STM32WL33CCV6A, STM32WL33CCV6X, STM32WL33K8V7, STM32WL33K8V7X, STM32WL33KBV7 , STM32WL33KBV7X, STM32WL33KCV7, STM32WL33KCV7X, STM32WL5MOCH6, STM32WL5MOCH6TR]
2025-09-21 10:23:19,351 [INFO] BoardInfo:889 - No configuration file found for board P-NUCLEO-WB55
2025-09-21 10:23:19,352 [INFO] DbBoards:161 - Kit is not supported: P-NUCLEO-WB55
2025-09-21 10:23:19,365 [INFO] BoardInfo:889 - No configuration file found for board STEVAL-BFA001V1B
2025-09-21 10:23:19,367 [INFO] DbBoards:161 - Kit is not supported: STEVAL-BFA001V1B
2025-09-21 10:23:19,370 [INFO] BoardInfo:889 - No configuration file found for board STEVAL-BFA001V2B
2025-09-21 10:23:19,371 [INFO] DbBoards:161 - Kit is not supported: STEVAL-BFA001V2B
2025-09-21 10:23:19,668 [INFO] DbBoards:168 - Found 212 boards, 209 are supported
2025-09-21 10:23:19,668 [INFO] DbBoards:169 - Found 212 boards, 43 of them is supported for  Bsp
2025-09-21 10:23:19,677 [INFO] ApiDb:668 - CubeFinder database Data Model version=2.1
2025-09-21 10:23:19,677 [INFO] ApiDb:669 - CubeFinder database Configuration version=3.0.39
2025-09-21 10:23:19,677 [INFO] ApiDb:670 - CubeFinder database generation date=2025-07-24 (1753349077)
2025-09-21 10:23:19,678 [INFO] ApiDb:671 - CubeFinder database FW Pack versions=[FP-ATR-ASTRA1_V2.0.0, FP-SNS-FLIGHT1_V5.1.0, FP-SNS-MOTENV1_V5.0.0, FP-SNS-MOTENVWB1_V1.4.0, FP-SNS-SMARTAG2_V1.2.0, FP-SNS-STBOX1_V2.0.0, STM32Cube_FW_C0_V1.4.0, STM32Cube_FW_F4_V1.28.2, STM32Cube_FW_F7_V1.17.3, STM32Cube_FW_G0_V1.6.2, STM32Cube_FW_G4_V1.6.1, STM32Cube_FW_H5_V1.5.0, STM32Cube_FW_H7RS_V1.2.0, STM32Cube_FW_H7_V1.12.1, STM32Cube_FW_L0_V1.12.2, STM32Cube_FW_L4_V1.18.1, STM32Cube_FW_L5_V1.5.1, STM32Cube_FW_N6_V1.2.0, STM32Cube_FW_U0_V1.3.0, STM32Cube_FW_U3_V1.2.0, STM32Cube_FW_U5_V1.8.0, STM32Cube_FW_WB0_V1.3.0, STM32Cube_FW_WBA_V1.7.0, STM32Cube_FW_WB_V1.23.0, STM32Cube_FW_WL3_V1.2.0, STM32Cube_FW_WL_V1.3.1, X-CUBE-ALGOBUILD_V1.4.0, X-CUBE-ALS_V1.0.2, X-CUBE-AZRTOS-F4_V1.1.0, X-CUBE-AZRTOS-F7_V1.1.0, X-CUBE-AZRTOS-G0_V1.1.0, X-CUBE-AZRTOS-G4_V2.0.0, X-CUBE-AZRTOS-H7RS_V1.1.0, X-CUBE-AZRTOS-H7_V3.4.0, X-CUBE-AZRTOS-L4_V2.0.0, X-CUBE-AZRTOS-L5_V2.0.0, X-CUBE-AZRTOS-WB_V2.0.0, X-CUBE-AZRTOS-WL_V2.0.0, X-CUBE-BLE1_V7.1.0, X-CUBE-BLE2_V3.3.0, X-CUBE-BLEMGR_V4.1.0, X-CUBE-EEPRMA1_V5.2.0, X-CUBE-FREERTOS_V1.3.1, X-CUBE-GNSS1_V6.0.0, X-CUBE-MEMS1_V11.3.0, X-CUBE-NFC4_V3.0.0, X-CUBE-NFC7_V2.0.0, X-CUBE-SFXS2LP1_V4.0.0, X-CUBE-ST67W61_V1.0.0, X-CUBE-SUBG2_V5.0.0, X-CUBE-TOF1_V3.4.3]
2025-09-21 10:23:25,213 [INFO] ApiDb:240 - Found 880 in-development CPN: [B-G473E-ZEST1S, B-WB1M-WPAN1, B-WBA5M-WPAN, B-WL5M-SUBG1, NUCLEO-C031C6, NUCLEO-C051C8, NUCLEO-C071RB, NUCLEO-C092RC, NUCLEO-H503RB, NUCLEO-H533RE, NUCLEO-H563ZI, NUCLEO-H7S3L8, NUCLEO-N657X0-Q, NUCLEO-U031R8, NUCLEO-U083RC, NUCLEO-U385RG-Q, NUCLEO-U545RE-Q, NUCLEO-U5A5ZJ-Q, NUCLEO-WB05KZ, NUCLEO-WB07CC, NUCLEO-WB09KE, NUCLEO-WBA52CG, NUCLEO-WBA55CG, NUCLEO-WL33CC1, NUCLEO-WL33CC2, STEVAL-PROTEUS1, STEVAL-SMARTAG2, STEVAL-STWINBX1, STM320518-EVAL, STM32C0116-DK, STM32C011D6Y3TR, STM32C011D6Y6TR, STM32C011F4P3, STM32C011F4P6, STM32C011F4U3, STM32C011F4U6TR, STM32C011F6P3, STM32C011F6P6, STM32C011F6U3, STM32C011F6U6TR, STM32C011J4M3, STM32C011J4M6, STM32C011J6M3, STM32C011J6M6, STM32C0316-DK, STM32C031C4T3, STM32C031C4T6, STM32C031C4U3, STM32C031C4U6, STM32C031C6T3, STM32C031C6T6, STM32C031C6U3, STM32C031C6U6, STM32C031F4P3, STM32C031F4P6, STM32C031F6P3, STM32C031F6P6, STM32C031G4U3, STM32C031G4U6, STM32C031G6U3, STM32C031G6U6, STM32C031K4T3, STM32C031K4T6, STM32C031K4U3, STM32C031K4U6, STM32C031K6T3, STM32C031K6T6, STM32C031K6U3, STM32C031K6U6, STM32C051C6T6, STM32C051C6U6, STM32C051C8T6, STM32C051C8U6, STM32C051D8Y6TR, STM32C051F6P6, STM32C051F8P6, STM32C051G6U6, STM32C051G8U6, STM32C051K6T6, STM32C051K6U6, STM32C051K8T6, STM32C071C8T6, STM32C071C8T6N, STM32C071C8U6, STM32C071C8U6N, STM32C071CBT6, STM32C071CBT6N, STM32C071CBU6, STM32C071CBU6N, STM32C071F8P6, STM32C071F8P6N, STM32C071FBP6, STM32C071FBP6N, STM32C071FBY6TR, STM32C071G8U6, STM32C071G8U6N, STM32C071GBU6, STM32C071GBU6N, STM32C071K8T6, STM32C071K8T6N, STM32C071K8U6, STM32C071K8U6N, STM32C071KBT6, STM32C071KBT6N, STM32C071KBU6, STM32C071KBU6N, STM32C071R8T6, STM32C071R8T6N, STM32C071RBI6N, STM32C071RBT6, STM32C071RBT6N, STM32C091CBT6, STM32C091CBU6, STM32C091CCT6, STM32C091CCU6, STM32C091ECY6TR, STM32C091FBP6, STM32C091FCP6, STM32C091GBU6, STM32C091GCU6, STM32C091KBT6, STM32C091KBU6, STM32C091KCT6, STM32C091KCU6, STM32C091RBT6, STM32C091RCI6, STM32C091RCT6, STM32C092CBT6, STM32C092CBU6, STM32C092CCT6, STM32C092CCU6, STM32C092ECY6TR, STM32C092FBP6, STM32C092FCP6, STM32C092GBU6, STM32C092GCU6, STM32C092KBT6, STM32C092KBU6, STM32C092KCT6, STM32C092KCU6, STM32C092RBT6, STM32C092RCI6, STM32C092RCT6, STM32G071K8TXN, STM32G071K8UXN, STM32G081GBU6N, STM32G081KBT6N, STM32G081KBUXN, STM32G0B1CCT6N, STM32G0B1KCT6, STM32G0B1NEY6TR, STM32G0B1RCT6N, STM32G0C1CCT6, STM32G0C1CCT6N, STM32G0C1CCU6N, STM32G0C1CET6N, STM32G0C1CEU6N, STM32G0C1KCT6, STM32G0C1NEY6TR, STM32G0C1RCI6N, STM32G0C1RCT6N, STM32G0C1REI6N, STM32G0C1RET6N, STM32G0C1VCI6, STM32G0C1VEI6, STM32G411C6T3, STM32G411C6T6, STM32G411C6U3, STM32G411C6U6, STM32G411C8T3, STM32G411C8T6, STM32G411C8U3, STM32G411C8U6, STM32G411CBT3, STM32G411CBT6, STM32G411CBU3, STM32G411CBU6, STM32G411K6T3, STM32G411K6T6, STM32G411K6U3, STM32G411K6U6, STM32G411K8T3, STM32G411K8T6, STM32G411K8U3, STM32G411K8U6, STM32G411KBT3, STM32G411KBT6, STM32G411KBU3, STM32G411KBU6, STM32G411M6T3, STM32G411M6T6, STM32G411M8T3, STM32G411M8T6, STM32G411MBT3, STM32G411MBT6, STM32G411R6T3, STM32G411R6T6, STM32G411R8T3, STM32G411R8T6, STM32G411RBT3, STM32G411RBT6, STM32G414CBT3, STM32G414CBT6, STM32G414CBU3, STM32G414CBU6, STM32G414CCT3, STM32G414CCT6, STM32G414CCU3, STM32G414CCU6, STM32G414MBT3, STM32G414MBT6, STM32G414MCT3, STM32G414MCT6, STM32G414RBT3, STM32G414RBT6, STM32G414RCT3, STM32G414RCT6, STM32G414VBT3, STM32G414VBT6, STM32G414VCT3, STM32G414VCT6, STM32G431CBT3Z, STM32G431RBT3Z, STM32G471CCT6, STM32G471CCU6, STM32G471CET3, STM32G471CET6, STM32G471CEU3, STM32G471CEU6, STM32G471MCT6, STM32G471MET3, STM32G471MET6, STM32G471MEY6TR, STM32G471QCT6, STM32G471QET3, STM32G471RCT6, STM32G471RET3, STM32G471RET6, STM32G471VCH6, STM32G471VCI6, STM32G471VCT6, STM32G471VEH3, STM32G471VEH6, STM32G471VEI3, STM32G471VEI6, STM32G471VET3, STM32G471VET6, STM32G473QET3Z, STM32G473RET3Z, STM32G474CCT6, STM32G491RET3Z, STM32H503CBT6, STM32H503CBU6, STM32H503EBY6TR, STM32H503KBU6, STM32H503RBT6, STM32H523CCT6, STM32H523CCU6, STM32H523CET6, STM32H523CEU6, STM32H523HEY6TR, STM32H523RCT6, STM32H523RET6, STM32H523VCI6, STM32H523VCT6, STM32H523VEI6, STM32H523VET6, STM32H523ZCJ6, STM32H523ZCT6, STM32H523ZEJ6, STM32H523ZET6, STM32H533CET6, STM32H533CEU6, STM32H533HEY6TR, STM32H533RET6, STM32H533VEI6, STM32H533VET6, STM32H533ZEJ6, STM32H533ZET6, STM32H562AGI6, STM32H562AII6, STM32H562IGK6, STM32H562IGT6, STM32H562IIK6, STM32H562IIT6, STM32H562RGT6, STM32H562RGV6, STM32H562RIT6, STM32H562RIV6, STM32H562VGT6, STM32H562VIT6, STM32H562ZGT6, STM32H562ZIT6, STM32H563AGI6, STM32H563AII3Q, STM32H563AII6, STM32H563IGK6, STM32H563IGT6, STM32H563IIK3Q, STM32H563IIK6, STM32H563IIT3Q, STM32H563IIT6, STM32H563MIY3QTR, STM32H563RGT6, STM32H563RGV6, STM32H563RIT6, STM32H563RIV6, STM32H563VGT6, STM32H563VIT3Q, STM32H563VIT6, STM32H563ZGT6, STM32H563ZIT3Q, STM32H563ZIT6, STM32H573AII3Q, STM32H573AII6, STM32H573I-DK, STM32H573IIK3Q, STM32H573IIK6, STM32H573IIT3Q, STM32H573IIT6, STM32H573MIY3QTR, STM32H573RIT6, STM32H573RIV6, STM32H573VIT3Q, STM32H573VIT6, STM32H573ZIT3Q, STM32H573ZIT6, STM32H7R3A8I6, STM32H7R3I8K6, STM32H7R3I8T6, STM32H7R3L8H6, STM32H7R3L8H6H, STM32H7R3R8V6, STM32H7R3V8H6, STM32H7R3V8T6, STM32H7R3V8Y6TR, STM32H7R3Z8J6, STM32H7R3Z8T6, STM32H7R7A8I6, STM32H7R7I8K6, STM32H7R7I8T6, STM32H7R7L8H6, STM32H7R7L8H6H, STM32H7R7Z8J6, STM32H7S3A8I6, STM32H7S3I8K6, STM32H7S3I8T6, STM32H7S3L8H6, STM32H7S3L8H6H, STM32H7S3R8V6, STM32H7S3V8H6, STM32H7S3V8T6, STM32H7S3V8Y6TR, STM32H7S3Z8J6, STM32H7S3Z8T6, STM32H7S78-DK, STM32H7S7A8I6, STM32H7S7I8K6, STM32H7S7I8T6, STM32H7S7L8H6, STM32H7S7L8H6H, STM32H7S7Z8J6, STM32L4R5QGI6STR, STM32MP131AAE3, STM32MP131AAF3, STM32MP131AAG3, STM32MP131CAE3, STM32MP131CAF3, STM32MP131CAG3, STM32MP131DAE7, STM32MP131DAF7, STM32MP131DAG7, STM32MP131FAE7, STM32MP131FAF7, STM32MP131FAG7, STM32MP133AAE3, STM32MP133AAF3, STM32MP133AAG3, STM32MP133CAE3, STM32MP133CAF3, STM32MP133CAG3, STM32MP133DAE7, STM32MP133DAF7, STM32MP133DAG7, STM32MP133FAE7, STM32MP133FAF7, STM32MP133FAG7, STM32MP135AAE3, STM32MP135AAF3, STM32MP135AAG3, STM32MP135CAE3, STM32MP135CAF3, STM32MP135CAG3, STM32MP135DAE7, STM32MP135DAF7, STM32MP135DAG7, STM32MP135F-DK, STM32MP135FAE7, STM32MP135FAF7, STM32MP135FAF7T, STM32MP135FAF7U, STM32MP135FAG7, STM32MP211AAL3, STM32MP211AAM3, STM32MP211AAN3, STM32MP211AAO3, STM32MP211CAL3, STM32MP211CAM3, STM32MP211CAN3, STM32MP211CAO3, STM32MP211DAL3, STM32MP211DAM3, STM32MP211DAN3, STM32MP211DAO3, STM32MP211FAL3, STM32MP211FAM3, STM32MP211FAN3, STM32MP211FAO3, STM32MP213AAL3, STM32MP213AAM3, STM32MP213AAN3, STM32MP213AAO3, STM32MP213CAL3, STM32MP213CAM3, STM32MP213CAN3, STM32MP213CAO3, STM32MP213DAL3, STM32MP213DAM3, STM32MP213DAN3, STM32MP213DAO3, STM32MP213FAL3, STM32MP213FAM3, STM32MP213FAN3, STM32MP213FAO3, STM32MP215AAL3, STM32MP215AAM3, STM32MP215AAN3, STM32MP215AAO3, STM32MP215CAL3, STM32MP215CAM3, STM32MP215CAN3, STM32MP215CAO3, STM32MP215DAL3, STM32MP215DAM3, STM32MP215DAN3, STM32MP215DAO3, STM32MP215F-DK, STM32MP215FAL3, STM32MP215FAM3, STM32MP215FAN3, STM32MP215FAO3, STM32MP231AAJ3, STM32MP231AAK3, STM32MP231AAL3, STM32MP231CAJ3, STM32MP231CAK3, STM32MP231CAL3, STM32MP231DAJ3, STM32MP231DAK3, STM32MP231DAL3, STM32MP231FAJ3, STM32MP231FAK3, STM32MP231FAL3, STM32MP233AAJ3, STM32MP233AAK3, STM32MP233AAL3, STM32MP233CAJ3, STM32MP233CAK3, STM32MP233CAL3, STM32MP233DAJ3, STM32MP233DAK3, STM32MP233DAL3, STM32MP233FAJ3, STM32MP233FAK3, STM32MP233FAL3, STM32MP235AAJ3, STM32MP235AAK3, STM32MP235AAL3, STM32MP235CAJ3, STM32MP235CAK3, STM32MP235CAL3, STM32MP235DAJ3, STM32MP235DAK3, STM32MP235DAL3, STM32MP235FAJ3, STM32MP235FAK3, STM32MP235FAL3, STM32MP251AAI3, STM32MP251AAK3, STM32MP251AAL3, STM32MP251CAI3, STM32MP251CAK3, STM32MP251CAL3, STM32MP251DAI3, STM32MP251DAK3, STM32MP251DAL3, STM32MP251FAI3, STM32MP251FAK3, STM32MP251FAL3, STM32MP253AAI3, STM32MP253AAK3, STM32MP253AAL3, STM32MP253CAI3, STM32MP253CAK3, STM32MP253CAL3, STM32MP253DAI3, STM32MP253DAK3, STM32MP253DAL3, STM32MP253FAI3, STM32MP253FAK3, STM32MP253FAL3, STM32MP255AAI3, STM32MP255AAK3, STM32MP255AAL3, STM32MP255CAI3, STM32MP255CAK3, STM32MP255CAL3, STM32MP255DAI3, STM32MP255DAK3, STM32MP255DAL3, STM32MP255FAI3, STM32MP255FAK3, STM32MP255FAL3, STM32MP257AAI3, STM32MP257AAK3, STM32MP257AAL3, STM32MP257CAI3, STM32MP257CAK3, STM32MP257CAL3, STM32MP257DAI3, STM32MP257DAK3, STM32MP257DAL3, STM32MP257F-DK, STM32MP257F-EV1, STM32MP257FAI3, STM32MP257FAK3, STM32MP257FAL3, STM32N645A0H3Q, STM32N645B0H3Q, STM32N645I0H3Q, STM32N645L0H3Q, STM32N645X0H3Q, STM32N645Z0H3Q, STM32N647A0H3Q, STM32N647B0H3Q, STM32N647I0H3Q, STM32N647L0H3Q, STM32N647X0H3Q, STM32N647Z0H3Q, STM32N655A0H3Q, STM32N655B0H3Q, STM32N655I0H3Q, STM32N655L0H3Q, STM32N655X0H3Q, STM32N655Z0H3Q, STM32N6570-DK, STM32N657A0H3Q, STM32N657B0H3Q, STM32N657I0H3Q, STM32N657L0H3Q, STM32N657X0H3Q, STM32N657Z0H3Q, STM32U031C6T6, STM32U031C6U6, STM32U031C8T6, STM32U031C8U6, STM32U031F4P6, STM32U031F6P6, STM32U031F8P6, STM32U031G6Y6TR, STM32U031G8Y6TR, STM32U031K4U6, STM32U031K6U6, STM32U031K8U6, STM32U031R6I6, STM32U031R6T6, STM32U031R8I6, STM32U031R8T6, STM32U073C8T6, STM32U073C8U6, STM32U073CBT6, STM32U073CBU6, STM32U073CCT6, STM32U073CCU6, STM32U073H8Y6TR, STM32U073HBY6TR, STM32U073HCY6TR, STM32U073K8U6, STM32U073KBU6, STM32U073KCU6, STM32U073M8I6, STM32U073M8T6, STM32U073MBI6, STM32U073MBT6, STM32U073MCI6, STM32U073MCT6, STM32U073R8I6, STM32U073R8T6, STM32U073RBI6, STM32U073RBT6, STM32U073RCI6, STM32U073RCT6, STM32U083C-DK, STM32U083CCT6, STM32U083CCU6, STM32U083HCY6TR, STM32U083KCU6, STM32U083MCI6, STM32U083MCT6, STM32U083RCI6, STM32U083RCT6, STM32U375CET6, STM32U375CET6Q, STM32U375CEU6, STM32U375CEU6Q, STM32U375CEY6QTR, STM32U375CGT6, STM32U375CGT6Q, STM32U375CGU6, STM32U375CGU6Q, STM32U375CGY6QTR, STM32U375KEU6, STM32U375KGU6, STM32U375REI6, STM32U375REI6Q, STM32U375RET6, STM32U375RET6Q, STM32U375REY6GTR, STM32U375REY6QTR, STM32U375RGI6, STM32U375RGI6Q, STM32U375RGT6, STM32U375RGT6Q, STM32U375RGY6GTR, STM32U375RGY6QTR, STM32U375VEI6, STM32U375VEI6Q, STM32U375VET6, STM32U375VET6Q, STM32U375VGI6, STM32U375VGI6Q, STM32U375VGT6, STM32U375VGT6Q, STM32U385CGT6, STM32U385CGT6Q, STM32U385CGU6, STM32U385CGU6Q, STM32U385CGY6QTR, STM32U385KGU6, STM32U385RGI6, STM32U385RGI6Q, STM32U385RGT6, STM32U385RGT6Q, STM32U385RGY6GTR, STM32U385RGY6QTR, STM32U385VGI6, STM32U385VGI6Q, STM32U385VGT6, STM32U385VGT6Q, STM32U535CBT6, STM32U535CBT6Q, STM32U535CBU6, STM32U535CBU6Q, STM32U535CCT6, STM32U535CCT6Q, STM32U535CCU6, STM32U535CCU6Q, STM32U535CET6, STM32U535CET6Q, STM32U535CEU6, STM32U535CEU6Q, STM32U535JEY6QTR, STM32U535NCY6QTR, STM32U535NEY6QTR, STM32U535RBI6, STM32U535RBI6Q, STM32U535RBT6, STM32U535RBT6Q, STM32U535RCI6, STM32U535RCI6Q, STM32U535RCT6, STM32U535RCT6Q, STM32U535REI6, STM32U535REI6Q, STM32U535RET6, STM32U535RET6Q, STM32U535VCI6, STM32U535VCI6Q, STM32U535VCT6, STM32U535VCT6Q, STM32U535VEI6, STM32U535VEI6Q, STM32U535VET6, STM32U535VET6Q, STM32U545CET6, STM32U545CET6Q, STM32U545CEU6, STM32U545CEU6Q, STM32U545JEY6QTR, STM32U545NEY6QTR, STM32U545REI6, STM32U545REI6Q, STM32U545RET6, STM32U545RET6Q, STM32U545VEI6, STM32U545VEI6Q, STM32U545VET6, STM32U545VET6Q, STM32U595AIH6, STM32U595AIH6Q, STM32U595AJH6, STM32U595AJH6Q, STM32U595QII6, STM32U595QII6Q, STM32U595QJI6, STM32U595QJI6Q, STM32U595RIT6, STM32U595RIT6Q, STM32U595RJT6, STM32U595RJT6Q, STM32U595VIT6, STM32U595VIT6Q, STM32U595VJT6, STM32U595VJT6Q, STM32U595ZIT6, STM32U595ZIT6Q, STM32U595ZIY6QTR, STM32U595ZJT6, STM32U595ZJT6Q, STM32U595ZJY6QTR, STM32U599BJY6QTR, STM32U599NIH6Q, STM32U599NJH6Q, STM32U599VIT6Q, STM32U599VJT6, STM32U599VJT6Q, STM32U599ZIT6Q, STM32U599ZIY6QTR, STM32U599ZJT6Q, STM32U599ZJY6QTR, STM32U5A5AJH6, STM32U5A5AJH6Q, STM32U5A5QII3Q , STM32U5A5QJI6, STM32U5A5QJI6Q, STM32U5A5RJT6, STM32U5A5RJT6Q, STM32U5A5VJT6, STM32U5A5VJT6Q, STM32U5A5ZJT6, STM32U5A5ZJT6Q, STM32U5A5ZJY6QTR, STM32U5A9BJY6QTR, STM32U5A9J-DK, STM32U5A9NJH6Q, STM32U5A9VJT6Q, STM32U5A9ZJT6Q, STM32U5A9ZJY6QTR, STM32U5F7VIT6, STM32U5F7VIT6Q, STM32U5F7VJT6, STM32U5F7VJT6Q, STM32U5F9BJY6QTR, STM32U5F9NJH6Q, STM32U5F9VIT6Q, STM32U5F9VJT6Q, STM32U5F9ZIJ6QTR, STM32U5F9ZIT6Q, STM32U5F9ZJJ6QTR, STM32U5F9ZJT6Q, STM32U5G7VJT6, STM32U5G7VJT6Q, STM32U5G9BJY6QTR, STM32U5G9J-DK1, STM32U5G9J-DK2, STM32U5G9NJH6Q, STM32U5G9VJT6Q, STM32U5G9ZJJ6QTR, STM32U5G9ZJT6Q, STM32WB05KZV6TR, STM32WB05KZV7TR, STM32WB05TZF6TR, STM32WB05TZF7TR, STM32WB06CCF6TR, STM32WB06CCF7TR, STM32WB06CCV6TR, STM32WB06CCV7TR, STM32WB06KCV6TR, STM32WB06KCV7TR, STM32WB07CCF6TR, STM32WB07CCF7TR, STM32WB07CCV6TR, STM32WB07CCV7TR, STM32WB07KCV6TR, STM32WB07KCV7TR, STM32WB09KEV6TR, STM32WB09KEV7TR, STM32WB09TEF6TR, STM32WB09TEF7TR, STM32WB1MMCH6, STM32WBA50KGU6, STM32WBA50KGU6TR, STM32WBA52CEU6, STM32WBA52CEU6TR, STM32WBA52CEU7, STM32WBA52CEU7TR, STM32WBA52CGU6, STM32WBA52CGU6TR, STM32WBA52CGU6U, STM32WBA52CGU7, STM32WBA52CGU7TR, STM32WBA52KEU6, STM32WBA52KEU6TR, STM32WBA52KGU6, STM32WBA52KGU6TR, STM32WBA54CEU6, STM32WBA54CEU6TR, STM32WBA54CEU7, STM32WBA54CEU7TR, STM32WBA54CGU6, STM32WBA54CGU6TR, STM32WBA54CGU7, STM32WBA54CGU7TR, STM32WBA54KEU6, STM32WBA54KEU6TR, STM32WBA54KEU7, STM32WBA54KEU7TR, STM32WBA54KGU6, STM32WBA54KGU6TR, STM32WBA54KGU7, STM32WBA54KGU7TR, STM32WBA55CEU6, STM32WBA55CEU6TR, STM32WBA55CEU7, STM32WBA55CEU7TR, STM32WBA55CGU6, STM32WBA55CGU6TR, STM32WBA55CGU6U, STM32WBA55CGU7, STM32WBA55CGU7TR, STM32WBA55G-DK1, STM32WBA55HEF6, STM32WBA55HEF7, STM32WBA55HGF6, STM32WBA55HGF7, STM32WBA55UEI6, STM32WBA55UEI6TR, STM32WBA55UEI7, STM32WBA55UEI7TR, STM32WBA55UGI6, STM32WBA55UGI6TR, STM32WBA55UGI7, STM32WBA55UGI7TR, STM32WBA5MMGH6TR, STM32WBA62MGF6, STM32WBA62MIF6, STM32WBA65MGF7, STM32WBA65MIF6, STM32WBA65MIF7, STM32WL30K8V6, STM32WL30KBV6, STM32WL31C8V6, STM32WL31CBV6, STM32WL31K8V6, STM32WL31KBV6, STM32WL33C8V6, STM32WL33C8V6X, STM32WL33CBV6, STM32WL33CBV6X, STM32WL33CCV6, STM32WL33CCV6A, STM32WL33CCV6X, STM32WL33K8V7, STM32WL33K8V7X, STM32WL33KBV7 , STM32WL33KBV7X, STM32WL33KCV7, STM32WL33KCV7X, STM32WL5MOCH6, STM32WL5MOCH6TR]
2025-09-21 10:23:25,223 [INFO] DbMcus:218 - Found 4801 MCUs, 4801 are supported
2025-09-21 10:23:25,235 [INFO] ApiDb:423 - Load user favorites file /home/tomas1908/.stm32cubeide/favorites.mcus.txt: 2 item(s)
2025-09-21 10:23:25,235 [INFO] ApiDb:427 - User favorites MCUs=[STM32F103C8T6, STM32F446RET6]
2025-09-21 10:23:25,235 [INFO] DbMcus:224 - Set 2 / 2 favorites MCUs
2025-09-21 10:23:26,242 [INFO] ApiDb:414 - User favorites file not found: /home/tomas1908/.stm32cubeide/favorites.boards.txt
2025-09-21 10:23:26,242 [INFO] DbBoards:198 - Set 0 / 0 favorites Boards
2025-09-21 10:23:26,293 [INFO] UtilMem:75 - End LoadConfig() Used Memory: 353166360 Bytes (447741952)
2025-09-21 10:23:26,546 [WARN] ThirdParty:833 - waiting for thirdparty lock release [change project]
2025-09-21 10:23:26,547 [INFO] ThirdParty:835 - entering critical section [change project]
2025-09-21 10:23:26,547 [INFO] ThirdParty:1030 - CMSIS Pack Vendor :STMicroelectronics X-CUBE-PM33A1 1.0.0
2025-09-21 10:23:26,547 [INFO] ThirdParty:1030 - CMSIS Pack Vendor :STMicroelectronics USBPD 4.1
2025-09-21 10:23:26,547 [INFO] ThirdParty:1030 - CMSIS Pack Vendor :STMicroelectronics X-CUBE-NFC9 1.0.0
2025-09-21 10:23:26,547 [INFO] ThirdParty:1030 - CMSIS Pack Vendor :STMicroelectronics USB_HOST 2.0.0
2025-09-21 10:23:26,547 [INFO] ThirdParty:1030 - CMSIS Pack Vendor :STMicroelectronics FP-SNS-MOTENVWB1 1.4.0
2025-09-21 10:23:26,547 [INFO] ThirdParty:1030 - CMSIS Pack Vendor :STMicroelectronics X-CUBE-AZRTOS-F4 1.1.0
2025-09-21 10:23:26,548 [INFO] ThirdParty:1030 - CMSIS Pack Vendor :STMicroelectronics LIBJPEG 8.0.0
2025-09-21 10:23:26,548 [INFO] ThirdParty:1030 - CMSIS Pack Vendor :STMicroelectronics FP-ATR-ASTRA1 2.0.2
2025-09-21 10:23:26,548 [INFO] ThirdParty:1030 - CMSIS Pack Vendor :STMicroelectronics X-CUBE-BLE1 7.1.0
2025-09-21 10:23:26,548 [INFO] ThirdParty:1030 - CMSIS Pack Vendor :Avnet-IotConnect X-CUBE-IoTC-DA16k-PMOD 1.0.0
2025-09-21 10:23:26,548 [INFO] ThirdParty:1030 - CMSIS Pack Vendor :STMicroelectronics X-CUBE-SMBUS 2.1.0
2025-09-21 10:23:26,548 [INFO] ThirdParty:1030 - CMSIS Pack Vendor :STMicroelectronics USB_DEVICE 3.0.0
2025-09-21 10:23:26,548 [INFO] ThirdParty:1030 - CMSIS Pack Vendor :STMicroelectronics X-CUBE-ISPU 2.1.0
2025-09-21 10:23:26,548 [INFO] ThirdParty:1030 - CMSIS Pack Vendor :STMicroelectronics X-CUBE-AZRTOS-WB 2.0.0
2025-09-21 10:23:26,548 [INFO] ThirdParty:1030 - CMSIS Pack Vendor :STMicroelectronics X-CUBE-ST60 1.0.0
2025-09-21 10:23:26,548 [INFO] ThirdParty:1030 - CMSIS Pack Vendor :STMicroelectronics X-CUBE-GNSS1 7.0.1
2025-09-21 10:23:26,548 [INFO] ThirdParty:1030 - CMSIS Pack Vendor :STMicroelectronics X-CUBE-AZRTOS-F7 1.1.0
2025-09-21 10:23:26,548 [INFO] ThirdParty:1030 - CMSIS Pack Vendor :STMicroelectronics X-CUBE-AZRTOS-L5 2.0.0
2025-09-21 10:23:26,548 [INFO] ThirdParty:1030 - CMSIS Pack Vendor :STMicroelectronics X-CUBE-TOUCHGFX 4.25.0
2025-09-21 10:23:26,548 [INFO] ThirdParty:1030 - CMSIS Pack Vendor :STMicroelectronics USB_DEVICE 2.0.0
2025-09-21 10:23:26,548 [INFO] ThirdParty:1030 - CMSIS Pack Vendor :STMicroelectronics X-CUBE-NFC6 3.1.0
2025-09-21 10:23:26,548 [INFO] ThirdParty:1030 - CMSIS Pack Vendor :Cesanta I-CUBE-Mongoose 7.19.0
2025-09-21 10:23:26,548 [INFO] ThirdParty:1030 - CMSIS Pack Vendor :quantropi X-CUBE-qispace-sdk-base 2.1.0
2025-09-21 10:23:26,549 [INFO] ThirdParty:1030 - CMSIS Pack Vendor :STMicroelectronics FreeRTOS 0.0.1
2025-09-21 10:23:26,549 [INFO] ThirdParty:1030 - CMSIS Pack Vendor :STMicroelectronics X-CUBE-AZRTOS-G0 1.1.0
2025-09-21 10:23:26,549 [INFO] ThirdParty:1030 - CMSIS Pack Vendor :STMicroelectronics X-CUBE-SAFEA1 1.2.2
2025-09-21 10:23:26,549 [INFO] ThirdParty:1030 - CMSIS Pack Vendor :STMicroelectronics X-CUBE-NFC4 3.0.0
2025-09-21 10:23:26,549 [INFO] ThirdParty:1030 - CMSIS Pack Vendor :STMicroelectronics X-CUBE-SUBG2 5.0.0
2025-09-21 10:23:26,549 [INFO] ThirdParty:1030 - CMSIS Pack Vendor :STMicroelectronics X-CUBE-AZRTOS-H7RS 1.1.0
2025-09-21 10:23:26,549 [INFO] ThirdParty:1030 - CMSIS Pack Vendor :STMicroelectronics STM32_WPAN 1.0.0
2025-09-21 10:23:26,549 [INFO] ThirdParty:1030 - CMSIS Pack Vendor :EmbeddedOffice I-CUBE-FS-RTOS 1.0.1
2025-09-21 10:23:26,549 [INFO] ThirdParty:1030 - CMSIS Pack Vendor :STMicroelectronics lwIP 2.0.3
2025-09-21 10:23:26,549 [INFO] ThirdParty:1030 - CMSIS Pack Vendor :WES I-CUBE-Cesium 1.4.0
2025-09-21 10:23:26,549 [INFO] ThirdParty:1030 - CMSIS Pack Vendor :STMicroelectronics USB_HOST 1.0.0
2025-09-21 10:23:26,549 [INFO] ThirdParty:1030 - CMSIS Pack Vendor :Infineon AIROC-Wi-Fi-Bluetooth-STM32 1.7.1
2025-09-21 10:23:26,549 [INFO] ThirdParty:1030 - CMSIS Pack Vendor :STMicroelectronics X-CUBE-AZRTOS-G4 2.0.0
2025-09-21 10:23:26,550 [INFO] ThirdParty:1030 - CMSIS Pack Vendor :STMicroelectronics X-CUBE-WB05N 2.0.0
2025-09-21 10:23:26,550 [INFO] ThirdParty:1030 - CMSIS Pack Vendor :STMicroelectronics PDM2PCM 3.1.0
2025-09-21 10:23:26,550 [INFO] ThirdParty:1030 - CMSIS Pack Vendor :STMicroelectronics PDM2PCM 3.3.0
2025-09-21 10:23:26,550 [INFO] ThirdParty:1030 - CMSIS Pack Vendor :STMicroelectronics X-CUBE-DISPLAY 3.0.0
2025-09-21 10:23:26,550 [INFO] ThirdParty:1030 - CMSIS Pack Vendor :wolfSSL I-CUBE-wolfSSH 1.4.20
2025-09-21 10:23:26,550 [INFO] ThirdParty:1030 - CMSIS Pack Vendor :STMicroelectronics X-CUBE-NFC7 2.0.0
2025-09-21 10:23:26,550 [INFO] ThirdParty:1030 - CMSIS Pack Vendor :STMicroelectronics X-CUBE-TCPP 4.2.0
2025-09-21 10:23:26,550 [INFO] ThirdParty:1030 - CMSIS Pack Vendor :RealThread X-CUBE-RT-Thread_Nano 4.1.1
2025-09-21 10:23:26,550 [INFO] ThirdParty:1030 - CMSIS Pack Vendor :STMicroelectronics FP-ATR-SIGFOX1 3.2.0
2025-09-21 10:23:26,550 [INFO] ThirdParty:1030 - CMSIS Pack Vendor :STMicroelectronics X-CUBE-NFC10 1.0.0
2025-09-21 10:23:26,550 [INFO] ThirdParty:1030 - CMSIS Pack Vendor :STMicroelectronics X-CUBE-FREERTOS 1.3.1
2025-09-21 10:23:26,550 [INFO] ThirdParty:1030 - CMSIS Pack Vendor :STMicroelectronics HAL Drivers 0.0.0
2025-09-21 10:23:26,550 [INFO] ThirdParty:1030 - CMSIS Pack Vendor :STMicroelectronics MBEDTLS 2.16.2
2025-09-21 10:23:26,550 [INFO] ThirdParty:1030 - CMSIS Pack Vendor :STMicroelectronics X-CUBE-IPS 3.1.0
2025-09-21 10:23:26,550 [INFO] ThirdParty:1030 - CMSIS Pack Vendor :STMicroelectronics X-CUBE-ALS 1.0.2
2025-09-21 10:23:26,551 [INFO] ThirdParty:1030 - CMSIS Pack Vendor :emotas I-CUBE-CANOPEN 1.3.0
2025-09-21 10:23:26,551 [INFO] ThirdParty:1030 - CMSIS Pack Vendor :STMicroelectronics MBEDTLS 2.14.1
2025-09-21 10:23:26,551 [INFO] ThirdParty:1030 - CMSIS Pack Vendor :ITTIA_DB I-CUBE-ITTIADB 8.9.0
2025-09-21 10:23:26,551 [INFO] ThirdParty:1030 - CMSIS Pack Vendor :STMicroelectronics X-CUBE-ST67W61 1.0.0
2025-09-21 10:23:26,551 [INFO] ThirdParty:1030 - CMSIS Pack Vendor :STMicroelectronics ThreadX 1.0.0
2025-09-21 10:23:26,551 [INFO] ThirdParty:1030 - CMSIS Pack Vendor :STMicroelectronics FP-SNS-SMARTAG2 1.2.0
2025-09-21 10:23:26,551 [INFO] ThirdParty:1030 - CMSIS Pack Vendor :STMicroelectronics FP-SNS-FLIGHT1 5.1.0
2025-09-21 10:23:26,551 [INFO] ThirdParty:1030 - CMSIS Pack Vendor :STMicroelectronics X-CUBE-AZRTOS-WL 2.0.0
2025-09-21 10:23:26,551 [INFO] ThirdParty:1030 - CMSIS Pack Vendor :SEGGER I-CUBE-embOS 1.3.1
2025-09-21 10:23:26,551 [INFO] ThirdParty:1030 - CMSIS Pack Vendor :STMicroelectronics X-CUBE-ALGOBUILD 1.4.0
2025-09-21 10:23:26,551 [INFO] ThirdParty:1030 - CMSIS Pack Vendor :STMicroelectronics X-CUBE-DPower 1.3.0
2025-09-21 10:23:26,551 [INFO] ThirdParty:1030 - CMSIS Pack Vendor :STMicroelectronics X-CUBE-MEMS1 11.3.0
2025-09-21 10:23:26,551 [INFO] ThirdParty:1030 - CMSIS Pack Vendor :STMicroelectronics FP-SNS-MOTENV1 5.0.0
2025-09-21 10:23:26,552 [INFO] ThirdParty:1030 - CMSIS Pack Vendor :STMicroelectronics USB_DEVICE 1.0.0
2025-09-21 10:23:26,552 [INFO] ThirdParty:1030 - CMSIS Pack Vendor :STMicroelectronics X-CUBE-AZRTOS-L4 2.0.0
2025-09-21 10:23:26,552 [INFO] ThirdParty:1030 - CMSIS Pack Vendor :STMicroelectronics ThreadX 0.0.2
2025-09-21 10:23:26,552 [INFO] ThirdParty:1030 - CMSIS Pack Vendor :STMicroelectronics lwIP 2.1.2
2025-09-21 10:23:26,552 [INFO] ThirdParty:1030 - CMSIS Pack Vendor :STMicroelectronics X-CUBE-SFXS2LP1 4.0.0
2025-09-21 10:23:26,552 [INFO] ThirdParty:1030 - CMSIS Pack Vendor :STMicroelectronics X-CUBE-BLE2 3.3.0
2025-09-21 10:23:26,552 [INFO] ThirdParty:1030 - CMSIS Pack Vendor :STMicroelectronics X-CUBE-TOF1 3.4.3
2025-09-21 10:23:26,552 [INFO] ThirdParty:1030 - CMSIS Pack Vendor :STMicroelectronics PDM2PCM 3.2.0
2025-09-21 10:23:26,552 [INFO] ThirdParty:841 - exiting critical section [change project]
2025-09-21 10:23:27,479 [INFO] PinOutPanel:1589 - setPackage(No Configuration,No Configuration)
2025-09-21 10:23:27,481 [INFO] PinOutPanel:1589 - setPackage(STM32F446RETx,LQFP64)
2025-09-21 10:23:28,532 [INFO] UtilMem:75 - Before build in PCC Used Memory: 212336640 Bytes (447741952)
2025-09-21 10:23:29,540 [INFO] UtilMem:75 - After build in PCC Used Memory: 325977272 Bytes (447741952)
2025-09-21 10:23:29,642 [INFO] IPUIPlugin:80 - create IPUIPlugin
2025-09-21 10:23:29,642 [INFO] IPUIPlugin:80 - create IPUIPlugin
2025-09-21 10:23:29,643 [INFO] IPUIPlugin:80 - create IPUIPlugin
2025-09-21 10:23:29,643 [INFO] IPUIPlugin:80 - create IPUIPlugin
2025-09-21 10:23:29,643 [INFO] IPUIPlugin:80 - create IPUIPlugin
2025-09-21 10:23:29,643 [INFO] IPUIPlugin:80 - create IPUIPlugin
2025-09-21 10:23:29,644 [INFO] IPUIPlugin:80 - create IPUIPlugin
2025-09-21 10:23:29,644 [INFO] IPUIPlugin:80 - create IPUIPlugin
2025-09-21 10:23:29,644 [INFO] IPUIPlugin:80 - create IPUIPlugin
2025-09-21 10:23:29,645 [INFO] IPUIPlugin:80 - create IPUIPlugin
2025-09-21 10:23:29,645 [INFO] IPUIPlugin:80 - create IPUIPlugin
2025-09-21 10:23:29,645 [INFO] IPUIPlugin:80 - create IPUIPlugin
2025-09-21 10:23:29,645 [INFO] IPUIPlugin:80 - create IPUIPlugin
2025-09-21 10:23:29,646 [INFO] IPUIPlugin:80 - create IPUIPlugin
2025-09-21 10:23:29,646 [INFO] IPUIPlugin:80 - create IPUIPlugin
2025-09-21 10:23:29,646 [INFO] IPUIPlugin:80 - create IPUIPlugin
2025-09-21 10:23:29,646 [INFO] IPUIPlugin:80 - create IPUIPlugin
2025-09-21 10:23:29,647 [INFO] IPUIPlugin:80 - create IPUIPlugin
2025-09-21 10:23:29,647 [INFO] IPUIPlugin:80 - create IPUIPlugin
2025-09-21 10:23:29,648 [INFO] IPUIPlugin:80 - create IPUIPlugin
2025-09-21 10:23:29,648 [INFO] IPUIPlugin:80 - create IPUIPlugin
2025-09-21 10:23:29,649 [INFO] IPUIPlugin:80 - create IPUIPlugin
2025-09-21 10:23:29,649 [INFO] IPUIPlugin:80 - create IPUIPlugin
2025-09-21 10:23:29,650 [INFO] IPUIPlugin:80 - create IPUIPlugin
2025-09-21 10:23:29,650 [INFO] IPUIPlugin:80 - create IPUIPlugin
2025-09-21 10:23:29,651 [INFO] IPUIPlugin:80 - create IPUIPlugin
2025-09-21 10:23:29,652 [INFO] IPUIPlugin:80 - create IPUIPlugin
2025-09-21 10:23:29,653 [INFO] IPUIPlugin:80 - create IPUIPlugin
2025-09-21 10:23:29,653 [INFO] IPUIPlugin:80 - create IPUIPlugin
2025-09-21 10:23:29,654 [INFO] IPUIPlugin:80 - create IPUIPlugin
2025-09-21 10:23:29,655 [INFO] IPUIPlugin:80 - create IPUIPlugin
2025-09-21 10:23:29,656 [INFO] IPUIPlugin:80 - create IPUIPlugin
2025-09-21 10:23:29,656 [INFO] IPUIPlugin:80 - create IPUIPlugin
2025-09-21 10:23:29,657 [INFO] IPUIPlugin:80 - create IPUIPlugin
2025-09-21 10:23:29,657 [INFO] IPUIPlugin:80 - create IPUIPlugin
2025-09-21 10:23:29,658 [INFO] IPUIPlugin:80 - create IPUIPlugin
2025-09-21 10:23:29,658 [INFO] IPUIPlugin:80 - create IPUIPlugin
2025-09-21 10:23:29,659 [INFO] IPUIPlugin:80 - create IPUIPlugin
2025-09-21 10:23:29,659 [INFO] IPUIPlugin:80 - create IPUIPlugin
2025-09-21 10:23:29,660 [INFO] IPUIPlugin:80 - create IPUIPlugin
2025-09-21 10:23:29,660 [INFO] IPUIPlugin:80 - create IPUIPlugin
2025-09-21 10:23:29,661 [INFO] IPUIPlugin:80 - create IPUIPlugin
2025-09-21 10:23:29,661 [INFO] IPUIPlugin:80 - create IPUIPlugin
2025-09-21 10:23:29,662 [INFO] IPUIPlugin:80 - create IPUIPlugin
2025-09-21 10:23:29,662 [INFO] IPUIPlugin:80 - create IPUIPlugin
2025-09-21 10:23:29,663 [INFO] IPUIPlugin:80 - create IPUIPlugin
2025-09-21 10:23:29,663 [INFO] IPUIPlugin:80 - create IPUIPlugin
2025-09-21 10:23:29,664 [INFO] IPUIPlugin:80 - create IPUIPlugin
2025-09-21 10:23:29,664 [INFO] IPUIPlugin:80 - create IPUIPlugin
2025-09-21 10:23:29,665 [INFO] IPUIPlugin:80 - create IPUIPlugin
2025-09-21 10:23:29,666 [INFO] IPUIPlugin:80 - create IPUIPlugin
2025-09-21 10:23:29,667 [INFO] IPUIPlugin:80 - create IPUIPlugin
2025-09-21 10:23:29,667 [INFO] IPUIPlugin:80 - create IPUIPlugin
2025-09-21 10:23:29,668 [INFO] IPUIPlugin:80 - create IPUIPlugin
2025-09-21 10:23:29,669 [INFO] IPUIPlugin:80 - create IPUIPlugin
2025-09-21 10:23:29,670 [INFO] IPUIPlugin:80 - create IPUIPlugin
2025-09-21 10:23:29,671 [INFO] IPUIPlugin:80 - create IPUIPlugin
2025-09-21 10:23:29,673 [INFO] IPUIPlugin:80 - create IPUIPlugin
2025-09-21 10:23:29,674 [INFO] IPUIPlugin:80 - create IPUIPlugin
2025-09-21 10:23:29,675 [INFO] IPUIPlugin:80 - create IPUIPlugin
2025-09-21 10:23:29,739 [INFO] ApiDbMcu:532 - Load IP Config File for PDM2PCM
2025-09-21 10:23:29,950 [INFO] CADModel:165 - CPN selected for project levelSTM32F446RET6
2025-09-21 10:23:29,951 [INFO] CADModel:114 - Register for checkConnection events
2025-09-21 10:23:29,993 [INFO] OpenFileManager:386 - Restore cursor
2025-09-21 10:23:40,643 [ERROR] LogOutputStream:75 - [STDERR_REDIRECT] Sep 21, 2025 10:23:40 AM java.util.prefs.FileSystemPreferences checkLockFile0ErrorCode
2025-09-21 10:23:40,644 [ERROR] LogOutputStream:75 - [STDERR_REDIRECT] WARNING: Could not lock System prefs. Unix error code 2.
2025-09-21 10:23:40,644 [ERROR] LogOutputStream:75 - [STDERR_REDIRECT] 
2025-09-21 10:23:40,644 [ERROR] LogOutputStream:75 - [STDERR_REDIRECT] Sep 21, 2025 10:23:40 AM java.util.prefs.FileSystemPreferences syncWorld
2025-09-21 10:23:40,645 [ERROR] LogOutputStream:75 - [STDERR_REDIRECT] WARNING: Couldn't flush system prefs: java.util.prefs.BackingStoreException: Couldn't get file lock.
2025-09-21 10:23:40,645 [ERROR] LogOutputStream:75 - [STDERR_REDIRECT] 
2025-09-21 10:24:10,635 [ERROR] LogOutputStream:75 - [STDERR_REDIRECT] Sep 21, 2025 10:24:10 AM java.util.prefs.FileSystemPreferences checkLockFile0ErrorCode
2025-09-21 10:24:10,636 [ERROR] LogOutputStream:75 - [STDERR_REDIRECT] WARNING: Could not lock System prefs. Unix error code 2.
2025-09-21 10:24:10,636 [ERROR] LogOutputStream:75 - [STDERR_REDIRECT] 
2025-09-21 10:24:10,637 [ERROR] LogOutputStream:75 - [STDERR_REDIRECT] Sep 21, 2025 10:24:10 AM java.util.prefs.FileSystemPreferences syncWorld
2025-09-21 10:24:10,637 [ERROR] LogOutputStream:75 - [STDERR_REDIRECT] WARNING: Couldn't flush system prefs: java.util.prefs.BackingStoreException: Couldn't get file lock.
2025-09-21 10:24:10,637 [ERROR] LogOutputStream:75 - [STDERR_REDIRECT] 
2025-09-21 10:24:19,342 [INFO] Gpio:278 - dependency for GPIO [RCC, SYS]
2025-09-21 10:24:31,179 [INFO] UtilMem:75 - End SaveConfig() Used Memory: 349322232 Bytes (447741952)
2025-09-21 10:24:31,227 [ERROR] ConfigurationRetriever:142 - IOException on connection: sw-center.st.com
2025-09-21 10:24:31,228 [ERROR] ConfigurationRetriever:142 - IOException on connection: sw-center.st.com
2025-09-21 10:24:31,229 [ERROR] ConfigurationRetriever:142 - IOException on connection: sw-center.st.com
2025-09-21 10:24:31,370 [INFO] UtilMem:75 - End SaveConfig() Used Memory: 373862208 Bytes (447741952)
2025-09-21 10:24:32,187 [INFO] UtilMem:75 - End SaveConfig() Used Memory: 241744048 Bytes (447741952)
2025-09-21 10:24:33,246 [INFO] BlockDiagram:2775 - set Specific Code input for plugin: SYS
2025-09-21 10:24:33,247 [INFO] BlockDiagram:2775 - set Specific Code input for plugin: RCC
2025-09-21 10:24:33,247 [INFO] BlockDiagram:2775 - set Specific Code input for plugin: NVIC
2025-09-21 10:24:33,248 [INFO] BlockDiagram:2775 - set Specific Code input for plugin: GPIO
2025-09-21 10:24:33,252 [INFO] CodeGenerator:892 - code generatio: config db path: /opt/st/stm32cubeide_1.19.0/plugins/com.st.stm32cube.common.mx_6.15.0.202507011659//db/
2025-09-21 10:24:33,665 [INFO] CodeEngine:265 - oldGeneratedFile, /home/tomas1908/STM32CubeIDE/workspace_1.19.0/pdm/ej1_p4/MXTmpFiles/license.tmp_save
2025-09-21 10:24:34,406 [INFO] CodeEngine:289 - Generated code: /home/tomas1908/STM32CubeIDE/workspace_1.19.0/pdm/ej1_p4/MXTmpFiles/license.tmp
2025-09-21 10:24:34,561 [INFO] CodeEngine:265 - oldGeneratedFile, /home/tomas1908/STM32CubeIDE/workspace_1.19.0/pdm/ej1_p4/MXTmpFiles/gpio.tmp_save
2025-09-21 10:24:34,834 [INFO] CodeEngine:289 - Generated code: /home/tomas1908/STM32CubeIDE/workspace_1.19.0/pdm/ej1_p4/MXTmpFiles/gpio.tmp
2025-09-21 10:24:34,879 [INFO] CodeEngine:265 - oldGeneratedFile, /home/tomas1908/STM32CubeIDE/workspace_1.19.0/pdm/ej1_p4/Core/Src/stm32f4xx_it.c_save
2025-09-21 10:24:35,097 [INFO] CodeEngine:289 - Generated code: /home/tomas1908/STM32CubeIDE/workspace_1.19.0/pdm/ej1_p4/Core/Src/stm32f4xx_it.c
2025-09-21 10:24:35,101 [INFO] CodeEngine:265 - oldGeneratedFile, /home/tomas1908/STM32CubeIDE/workspace_1.19.0/pdm/ej1_p4/Core/Inc/stm32f4xx_it.h_save
2025-09-21 10:24:35,333 [INFO] CodeEngine:289 - Generated code: /home/tomas1908/STM32CubeIDE/workspace_1.19.0/pdm/ej1_p4/Core/Inc/stm32f4xx_it.h
2025-09-21 10:24:35,347 [INFO] CodeEngine:265 - oldGeneratedFile, /home/tomas1908/STM32CubeIDE/workspace_1.19.0/pdm/ej1_p4/Core/Src/stm32f4xx_hal_msp.c_save
2025-09-21 10:24:35,636 [INFO] CodeEngine:289 - Generated code: /home/tomas1908/STM32CubeIDE/workspace_1.19.0/pdm/ej1_p4/Core/Src/stm32f4xx_hal_msp.c
2025-09-21 10:24:35,639 [INFO] CodeEngine:265 - oldGeneratedFile, /home/tomas1908/STM32CubeIDE/workspace_1.19.0/pdm/ej1_p4/MXTmpFiles/system.tmp_save
2025-09-21 10:24:35,745 [INFO] CodeEngine:289 - Generated code: /home/tomas1908/STM32CubeIDE/workspace_1.19.0/pdm/ej1_p4/MXTmpFiles/system.tmp
2025-09-21 10:24:35,754 [INFO] CodeEngine:321 - oldGeneratedFile, /home/tomas1908/STM32CubeIDE/workspace_1.19.0/pdm/ej1_p4/Core/Inc/stm32f4xx_hal_conf.h_save
2025-09-21 10:24:35,890 [INFO] CodeEngine:345 - Generated code: /home/tomas1908/STM32CubeIDE/workspace_1.19.0/pdm/ej1_p4/Core/Inc/stm32f4xx_hal_conf.h
2025-09-21 10:24:35,948 [WARN] IPConfigManager:3238 - Warning: the RefConfig PLL2P_FOR_MCO is not available in your config.xml file
2025-09-21 10:24:35,967 [INFO] ApiDbMcu:532 - Load IP Config File for RCC
2025-09-21 10:24:35,976 [INFO] CodeEngine:265 - oldGeneratedFile, /home/tomas1908/STM32CubeIDE/workspace_1.19.0/pdm/ej1_p4/Core/Inc/main.h_save
2025-09-21 10:24:36,145 [INFO] CodeEngine:289 - Generated code: /home/tomas1908/STM32CubeIDE/workspace_1.19.0/pdm/ej1_p4/Core/Inc/main.h
2025-09-21 10:24:36,148 [INFO] CodeEngine:265 - oldGeneratedFile, /home/tomas1908/STM32CubeIDE/workspace_1.19.0/pdm/ej1_p4/Core/Src/main.c_save
2025-09-21 10:24:36,389 [INFO] CodeEngine:289 - Generated code: /home/tomas1908/STM32CubeIDE/workspace_1.19.0/pdm/ej1_p4/Core/Src/main.c
2025-09-21 10:24:36,906 [INFO] ProjectBuilder:3606 - Time for Copy HAL[1] : 59mS.
2025-09-21 10:24:36,911 [INFO] ProjectBuilder:5216 - Project Generator version: 4.7.0-B52
2025-09-21 10:24:37,083 [INFO] ConfigFileManager:1595 - The Die is : DIE421
2025-09-21 10:24:37,105 [INFO] ApiDbMcu:532 - Load IP Config File for FATFS
2025-09-21 10:24:37,117 [INFO] ApiDbMcu:532 - Load IP Config File for FREERTOS
2025-09-21 10:24:37,122 [INFO] ApiDbMcu:532 - Load IP Config File for LIBJPEG
2025-09-21 10:24:37,136 [INFO] ApiDbMcu:532 - Load IP Config File for MBEDTLS
2025-09-21 10:24:37,154 [INFO] ApiDbMcu:532 - Load IP Config File for USB_DEVICE
2025-09-21 10:24:37,165 [INFO] ApiDbMcu:532 - Load IP Config File for USB_HOST
2025-09-21 10:24:37,967 [INFO] LogOutputStream:77 - [STDOUT_REDIRECT] 
2025-09-21 10:24:39,735 [INFO] ProjectBuilder:5496 - Time for Generating toolchain IDE Files: 2823mS.
2025-09-21 10:24:39,736 [INFO] ProjectBuilder:3463 - Time for Copy CMSIS : 0mS.
2025-09-21 10:24:39,743 [INFO] ProjectBuilder:3463 - Time for Copy CMSIS : 0mS.
2025-09-21 10:24:40,656 [ERROR] LogOutputStream:75 - [STDERR_REDIRECT] Sep 21, 2025 10:24:40 AM java.util.prefs.FileSystemPreferences checkLockFile0ErrorCode
2025-09-21 10:24:40,656 [ERROR] LogOutputStream:75 - [STDERR_REDIRECT] WARNING: Could not lock System prefs. Unix error code 2.
2025-09-21 10:24:40,657 [ERROR] LogOutputStream:75 - [STDERR_REDIRECT] 
2025-09-21 10:24:40,657 [ERROR] LogOutputStream:75 - [STDERR_REDIRECT] Sep 21, 2025 10:24:40 AM java.util.prefs.FileSystemPreferences syncWorld
2025-09-21 10:24:40,658 [ERROR] LogOutputStream:75 - [STDERR_REDIRECT] WARNING: Couldn't flush system prefs: java.util.prefs.BackingStoreException: Couldn't get file lock.
2025-09-21 10:24:40,658 [ERROR] LogOutputStream:75 - [STDERR_REDIRECT] 
2025-09-21 10:25:10,636 [ERROR] LogOutputStream:75 - [STDERR_REDIRECT] Sep 21, 2025 10:25:10 AM java.util.prefs.FileSystemPreferences checkLockFile0ErrorCode
2025-09-21 10:25:10,636 [ERROR] LogOutputStream:75 - [STDERR_REDIRECT] WARNING: Could not lock System prefs. Unix error code 2.
2025-09-21 10:25:10,637 [ERROR] LogOutputStream:75 - [STDERR_REDIRECT] 
2025-09-21 10:25:10,637 [ERROR] LogOutputStream:75 - [STDERR_REDIRECT] Sep 21, 2025 10:25:10 AM java.util.prefs.FileSystemPreferences syncWorld
2025-09-21 10:25:10,638 [ERROR] LogOutputStream:75 - [STDERR_REDIRECT] WARNING: Couldn't flush system prefs: java.util.prefs.BackingStoreException: Couldn't get file lock.
2025-09-21 10:25:10,638 [ERROR] LogOutputStream:75 - [STDERR_REDIRECT] 
2025-09-21 10:25:20,134 [ERROR] ConfigurationRetriever:142 - IOException on connection: sw-center.st.com
2025-09-21 10:25:20,135 [ERROR] ConfigurationRetriever:142 - IOException on connection: sw-center.st.com
2025-09-21 10:25:20,136 [ERROR] ConfigurationRetriever:142 - IOException on connection: sw-center.st.com
2025-09-21 10:25:21,095 [ERROR] LogOutputStream:75 - [STDERR_REDIRECT] 
2025-09-21 10:25:35,496 [INFO] Activator:176 - 


2025-09-21 10:25:35,499 [INFO] Activator:177 - !SESSION log4j initialized
2025-09-21 10:25:41,108 [INFO] LogOutputStream:77 - [STDOUT_REDIRECT] 
2025-09-21 10:25:41,762 [ERROR] ConfigurationRetriever:142 - IOException on connection: sw-center.st.com
2025-09-21 10:25:41,763 [ERROR] ConfigurationRetriever:142 - IOException on connection: sw-center.st.com
2025-09-21 10:25:41,764 [ERROR] ConfigurationRetriever:142 - IOException on connection: sw-center.st.com
2025-09-21 10:25:42,167 [INFO] ApplicationProperties:184 - Using Application install path: /opt/st/stm32cubeide_1.19.0/plugins/com.st.stm32cube.common.mx_6.15.0.202507011659
2025-09-21 10:25:42,234 [INFO] DbMcusXml:78 - Set database path to: /opt/st/stm32cubeide_1.19.0/plugins/com.st.stm32cube.common.mx_6.15.0.202507011659//db//mcu/
2025-09-21 10:25:42,235 [INFO] ApiDb:274 - Set plugin database path to: /opt/st/stm32cubeide_1.19.0/plugins/com.st.stm32cube.common.mx_6.15.0.202507011659//db//plugins/boardmanager/
2025-09-21 10:25:42,235 [WARN] ApiDb:259 - Overriding images path with different value:  => /opt/st/stm32cubeide_1.19.0/plugins/com.st.stm32cube.common.mx_6.15.0.202507011659//db//plugins/mcufinder/images/
2025-09-21 10:25:42,244 [INFO] ApiDb:250 - Set database path to: /home/tomas1908/.stmcufinder/plugins/mcufinder//mcu/
2025-09-21 10:25:42,247 [INFO] DbMcusAds:125 - Set database path to: /home/tomas1908/.stmcufinder/plugins/mcufinder//mcu/
2025-09-21 10:25:42,252 [INFO] CrossReferenceDbSqlite:203 - Set database path to: /home/tomas1908/.stmcufinder/plugins/mcufinder//mcu/cs/
2025-09-21 10:25:42,556 [INFO] RulesReader:64 - Compatibility file has been processed (317 Rules)
2025-09-21 10:25:42,655 [INFO] DbMcusXml:78 - Set database path to: /opt/st/stm32cubeide_1.19.0/plugins/com.st.stm32cube.common.mx_6.15.0.202507011659//db//mcu/
2025-09-21 10:25:42,655 [INFO] ApiDb:274 - Set plugin database path to: /opt/st/stm32cubeide_1.19.0/plugins/com.st.stm32cube.common.mx_6.15.0.202507011659//db//plugins/boardmanager/
2025-09-21 10:25:42,655 [INFO] ApiDb:261 - Set plugin images path to: /opt/st/stm32cubeide_1.19.0/plugins/com.st.stm32cube.common.mx_6.15.0.202507011659//db//plugins/mcufinder/images/
2025-09-21 10:25:42,656 [WARN] DbFile:41 - Overriding database path with different value: /home/tomas1908/.stmcufinder/plugins/mcufinder/ => /home/tomas1908/.stmcufinder/plugins/mcufinder
2025-09-21 10:25:42,656 [INFO] ApiDb:250 - Set database path to: /home/tomas1908/.stmcufinder/plugins/mcufinder//mcu/
2025-09-21 10:25:42,656 [WARN] DbFile:41 - Overriding database path with different value: /home/tomas1908/.stmcufinder/plugins/mcufinder/ => /home/tomas1908/.stmcufinder/plugins/mcufinder
2025-09-21 10:25:42,656 [INFO] DbMcusAds:125 - Set database path to: /home/tomas1908/.stmcufinder/plugins/mcufinder//mcu/
2025-09-21 10:25:42,656 [WARN] DbFile:41 - Overriding database path with different value: /home/tomas1908/.stmcufinder/plugins/mcufinder/ => /home/tomas1908/.stmcufinder/plugins/mcufinder
2025-09-21 10:25:42,656 [WARN] DbFile:41 - Overriding database path with different value: /home/tomas1908/.stmcufinder/plugins/mcufinder/ => /home/tomas1908/.stmcufinder/plugins/mcufinder
2025-09-21 10:25:42,657 [INFO] CrossReferenceDbSqlite:203 - Set database path to: /home/tomas1908/.stmcufinder/plugins/mcufinder//mcu/cs/
2025-09-21 10:25:42,756 [INFO] MainPanel:274 - HeapMemory: 268435456
2025-09-21 10:25:42,929 [INFO] DbMcusXml:78 - Set database path to: /opt/st/stm32cubeide_1.19.0/plugins/com.st.stm32cube.common.mx_6.15.0.202507011659//db//mcu/
2025-09-21 10:25:42,929 [INFO] ApiDb:274 - Set plugin database path to: /opt/st/stm32cubeide_1.19.0/plugins/com.st.stm32cube.common.mx_6.15.0.202507011659//db//plugins/boardmanager/
2025-09-21 10:25:42,930 [INFO] ApiDb:261 - Set plugin images path to: /opt/st/stm32cubeide_1.19.0/plugins/com.st.stm32cube.common.mx_6.15.0.202507011659//db//plugins/mcufinder/images/
2025-09-21 10:25:42,930 [WARN] DbFile:41 - Overriding database path with different value: /home/tomas1908/.stmcufinder/plugins/mcufinder/ => /home/tomas1908/.stmcufinder/plugins/mcufinder
2025-09-21 10:25:42,931 [INFO] ApiDb:250 - Set database path to: /home/tomas1908/.stmcufinder/plugins/mcufinder//mcu/
2025-09-21 10:25:42,931 [WARN] DbFile:41 - Overriding database path with different value: /home/tomas1908/.stmcufinder/plugins/mcufinder/ => /home/tomas1908/.stmcufinder/plugins/mcufinder
2025-09-21 10:25:42,931 [INFO] DbMcusAds:125 - Set database path to: /home/tomas1908/.stmcufinder/plugins/mcufinder//mcu/
2025-09-21 10:25:42,931 [WARN] DbFile:41 - Overriding database path with different value: /home/tomas1908/.stmcufinder/plugins/mcufinder/ => /home/tomas1908/.stmcufinder/plugins/mcufinder
2025-09-21 10:25:42,932 [WARN] DbFile:41 - Overriding database path with different value: /home/tomas1908/.stmcufinder/plugins/mcufinder/ => /home/tomas1908/.stmcufinder/plugins/mcufinder
2025-09-21 10:25:42,932 [INFO] CrossReferenceDbSqlite:203 - Set database path to: /home/tomas1908/.stmcufinder/plugins/mcufinder//mcu/cs/
2025-09-21 10:25:42,959 [INFO] ApplicationProperties:184 - Using Application install path: /opt/st/stm32cubeide_1.19.0/plugins/com.st.stm32cube.common.mx_6.15.0.202507011659
2025-09-21 10:25:42,963 [INFO] PluginManage:196 - Search for loadable plugins [exclusion list=, ]
2025-09-21 10:25:42,965 [INFO] PluginManage:310 - Check plugin analytics
2025-09-21 10:25:43,268 [INFO] AnalyticsPlugin:253 - Accepted Software Licenses: 
2025-09-21 10:25:43,269 [INFO] AnalyticsPlugin:255 - Accepted CMSIS Pack Licenses: 
2025-09-21 10:25:43,269 [INFO] AnalyticsPlugin:257 - Accepted Firmware Licenses: FW.F4.1.28.0
2025-09-21 10:25:43,273 [INFO] PluginManage:359 - Loaded plugin analytics (category:tool,tabindex:-1)
2025-09-21 10:25:43,274 [INFO] PluginManage:310 - Check plugin cadmodel
2025-09-21 10:25:43,275 [ERROR] ConfigurationRetriever:142 - IOException on connection: sw-center.st.com
2025-09-21 10:25:43,276 [ERROR] ConfigurationRetriever:142 - IOException on connection: sw-center.st.com
2025-09-21 10:25:43,277 [ERROR] ConfigurationRetriever:142 - IOException on connection: sw-center.st.com
2025-09-21 10:25:43,280 [INFO] CADModel:105 - Init CAD model plugin
2025-09-21 10:25:43,280 [INFO] PluginManage:359 - Loaded plugin cadmodel (category:power,tabindex:5)
2025-09-21 10:25:43,281 [INFO] PluginManage:310 - Check plugin clock
2025-09-21 10:25:43,296 [INFO] PluginManage:359 - Loaded plugin clock (category:base,tabindex:2)
2025-09-21 10:25:43,297 [INFO] PluginManage:310 - Check plugin ddr
2025-09-21 10:25:43,300 [INFO] PluginManage:359 - Loaded plugin ddr (category:tool,tabindex:6)
2025-09-21 10:25:43,300 [INFO] PluginManage:310 - Check plugin filemanager
2025-09-21 10:25:43,589 [INFO] PluginManage:359 - Loaded plugin filemanager (category:base,tabindex:10)
2025-09-21 10:25:43,589 [INFO] PluginManage:310 - Check plugin ipmanager
2025-09-21 10:25:43,600 [INFO] PluginManage:359 - Loaded plugin ipmanager (category:base,tabindex:5)
2025-09-21 10:25:43,600 [INFO] PluginManage:310 - Check plugin lpbam
2025-09-21 10:25:43,617 [INFO] PluginManage:359 - Loaded plugin lpbam (category:base,tabindex:0)
2025-09-21 10:25:43,617 [INFO] PluginManage:310 - Check plugin memorymap
2025-09-21 10:25:43,640 [INFO] PluginManage:359 - Loaded plugin memorymap (category:base,tabindex:4)
2025-09-21 10:25:43,640 [INFO] PluginManage:310 - Check plugin pinoutandconfiguration
2025-09-21 10:25:43,655 [INFO] PluginManage:359 - Loaded plugin pinoutandconfiguration (category:base,tabindex:1)
2025-09-21 10:25:43,655 [INFO] PluginManage:310 - Check plugin pinoutconfig
2025-09-21 10:25:43,801 [WARN] SupportedApi:132 - Cannot load RTOS API schema: s4s-elt-must-match.1: The content of 'definitions' must match (annotation?, (simpleType | complexType)?, (unique | key | keyref)*)). A problem was found starting at: attribute.
2025-09-21 10:25:44,000 [INFO] PluginManage:359 - Loaded plugin pinoutconfig (category:base,tabindex:0)
2025-09-21 10:25:44,001 [INFO] PluginManage:310 - Check plugin power
2025-09-21 10:25:44,012 [INFO] PluginManage:359 - Loaded plugin power (category:power,tabindex:4)
2025-09-21 10:25:44,012 [INFO] PluginManage:310 - Check plugin projectmanager
2025-09-21 10:25:44,037 [INFO] PluginManage:359 - Loaded plugin projectmanager (category:projectmanager,tabindex:4)
2025-09-21 10:25:44,037 [INFO] PluginManage:310 - Check plugin rif
2025-09-21 10:25:44,049 [INFO] PluginManage:359 - Loaded plugin rif (category:base,tabindex:3)
2025-09-21 10:25:44,050 [INFO] PluginManage:310 - Check plugin thirdparty
2025-09-21 10:25:44,249 [INFO] PluginManage:359 - Loaded plugin thirdparty (category:base,tabindex:-1)
2025-09-21 10:25:44,249 [WARN] IntegrityCheckThread:84 - waiting for thirdparty lock release [integrity check]
2025-09-21 10:25:44,249 [INFO] PluginManage:310 - Check plugin tools
2025-09-21 10:25:44,249 [INFO] IntegrityCheckThread:86 - entering critical section [integrity check]
2025-09-21 10:25:44,250 [INFO] ThirdPartyUpdaterWithRetryManager:70 - Updater plugin not ready yet. [1/15]
2025-09-21 10:25:44,253 [INFO] PluginManage:359 - Loaded plugin tools (category:base,tabindex:7)
2025-09-21 10:25:44,253 [INFO] PluginManage:310 - Check plugin tutovideos
2025-09-21 10:25:44,583 [INFO] PluginManage:359 - Loaded plugin tutovideos (category:base,tabindex:-1)
2025-09-21 10:25:44,584 [INFO] PluginManage:310 - Check plugin updater
2025-09-21 10:25:44,620 [INFO] PluginManage:359 - Loaded plugin updater (category:base,tabindex:12)
2025-09-21 10:25:44,621 [INFO] PluginManage:310 - Check plugin userauth
2025-09-21 10:25:44,628 [INFO] UserAuth:118 - Init User Auth plugin
2025-09-21 10:25:44,629 [INFO] PluginManage:359 - Loaded plugin userauth (category:base,tabindex:14)
2025-09-21 10:25:44,630 [INFO] PluginManage:283 - PluginManage : Loaded plugins [18]
2025-09-21 10:25:44,898 [INFO] PinOutPanel:1589 - setPackage(No Configuration,No Configuration)
2025-09-21 10:25:44,994 [INFO] CADModel:165 - CPN selected for project level
2025-09-21 10:25:44,994 [INFO] CADModel:114 - Register for checkConnection events
2025-09-21 10:25:45,012 [INFO] IPUIPlugin:80 - create IPUIPlugin
2025-09-21 10:25:45,012 [INFO] PluginManager:220 - loadIPPluginJar : add i2c
2025-09-21 10:25:45,020 [INFO] IPUIPlugin:80 - create IPUIPlugin
2025-09-21 10:25:45,021 [INFO] PluginManager:220 - loadIPPluginJar : add mdma
2025-09-21 10:25:45,024 [INFO] IPUIPlugin:80 - create IPUIPlugin
2025-09-21 10:25:45,025 [INFO] PluginManager:220 - loadIPPluginJar : add aes
2025-09-21 10:25:45,027 [INFO] IPUIPlugin:80 - create IPUIPlugin
2025-09-21 10:25:45,028 [INFO] PluginManager:220 - loadIPPluginJar : add can
2025-09-21 10:25:45,035 [INFO] IPUIPlugin:80 - create IPUIPlugin
2025-09-21 10:25:45,035 [INFO] PluginManager:220 - loadIPPluginJar : add freertos
2025-09-21 10:25:45,038 [INFO] IPUIPlugin:80 - create IPUIPlugin
2025-09-21 10:25:45,039 [INFO] PluginManager:220 - loadIPPluginJar : add gtzc
2025-09-21 10:25:45,041 [INFO] IPUIPlugin:80 - create IPUIPlugin
2025-09-21 10:25:45,041 [INFO] PluginManager:220 - loadIPPluginJar : add ts
2025-09-21 10:25:45,052 [INFO] IPUIPlugin:80 - create IPUIPlugin
2025-09-21 10:25:45,052 [INFO] PluginManager:220 - loadIPPluginJar : add stm32_wpan
2025-09-21 10:25:45,054 [INFO] IPUIPlugin:80 - create IPUIPlugin
2025-09-21 10:25:45,054 [INFO] PluginManager:220 - loadIPPluginJar : add fatfs
2025-09-21 10:25:45,063 [INFO] IPUIPlugin:80 - create IPUIPlugin
2025-09-21 10:25:45,063 [INFO] PluginManager:220 - loadIPPluginJar : add dma
2025-09-21 10:25:45,067 [INFO] IPUIPlugin:80 - create IPUIPlugin
2025-09-21 10:25:45,067 [INFO] PluginManager:220 - loadIPPluginJar : add usbx
2025-09-21 10:25:45,070 [INFO] IPUIPlugin:80 - create IPUIPlugin
2025-09-21 10:25:45,070 [INFO] PluginManager:220 - loadIPPluginJar : add hash
2025-09-21 10:25:45,073 [INFO] IPUIPlugin:80 - create IPUIPlugin
2025-09-21 10:25:45,073 [INFO] PluginManager:220 - loadIPPluginJar : add cryp
2025-09-21 10:25:45,076 [INFO] IPUIPlugin:80 - create IPUIPlugin
2025-09-21 10:25:45,077 [INFO] PluginManager:220 - loadIPPluginJar : add openamp
2025-09-21 10:25:45,078 [INFO] IPUIPlugin:80 - create IPUIPlugin
2025-09-21 10:25:45,079 [INFO] PluginManager:220 - loadIPPluginJar : add genericplugin
2025-09-21 10:25:45,083 [INFO] IPUIPlugin:80 - create IPUIPlugin
2025-09-21 10:25:45,083 [INFO] PluginManager:220 - loadIPPluginJar : add ipddr
2025-09-21 10:25:45,087 [INFO] IPUIPlugin:80 - create IPUIPlugin
2025-09-21 10:25:45,087 [INFO] PluginManager:220 - loadIPPluginJar : add opamp
2025-09-21 10:25:45,088 [INFO] IPUIPlugin:80 - create IPUIPlugin
2025-09-21 10:25:45,088 [INFO] PluginManager:220 - loadIPPluginJar : add ltdc
2025-09-21 10:25:45,091 [INFO] IPUIPlugin:80 - create IPUIPlugin
2025-09-21 10:25:45,091 [INFO] PluginManager:220 - loadIPPluginJar : add dfsdm
2025-09-21 10:25:45,098 [INFO] IPUIPlugin:80 - create IPUIPlugin
2025-09-21 10:25:45,098 [INFO] PluginManager:220 - loadIPPluginJar : add gic
2025-09-21 10:25:45,102 [INFO] IPUIPlugin:80 - create IPUIPlugin
2025-09-21 10:25:45,102 [INFO] PluginManager:220 - loadIPPluginJar : add extmemmanager
2025-09-21 10:25:45,104 [INFO] IPUIPlugin:80 - create IPUIPlugin
2025-09-21 10:25:45,104 [INFO] PluginManager:220 - loadIPPluginJar : add ucpd
2025-09-21 10:25:45,106 [INFO] IPUIPlugin:80 - create IPUIPlugin
2025-09-21 10:25:45,107 [INFO] PluginManager:220 - loadIPPluginJar : add tracer_emb
2025-09-21 10:25:45,108 [INFO] IPUIPlugin:80 - create IPUIPlugin
2025-09-21 10:25:45,109 [INFO] PluginManager:220 - loadIPPluginJar : add radio
2025-09-21 10:25:45,112 [INFO] IPUIPlugin:80 - create IPUIPlugin
2025-09-21 10:25:45,112 [INFO] PluginManager:220 - loadIPPluginJar : add pdm2pcm
2025-09-21 10:25:45,114 [INFO] IPUIPlugin:80 - create IPUIPlugin
2025-09-21 10:25:45,115 [INFO] PluginManager:220 - loadIPPluginJar : add spi
2025-09-21 10:25:45,116 [INFO] IPUIPlugin:80 - create IPUIPlugin
2025-09-21 10:25:45,116 [INFO] PluginManager:220 - loadIPPluginJar : add tim
2025-09-21 10:25:45,124 [INFO] IPUIPlugin:80 - create IPUIPlugin
2025-09-21 10:25:45,128 [INFO] PluginManager:220 - loadIPPluginJar : add plateformsettings
2025-09-21 10:25:45,132 [INFO] IPUIPlugin:80 - create IPUIPlugin
2025-09-21 10:25:45,132 [INFO] PluginManager:220 - loadIPPluginJar : add touchsensing
2025-09-21 10:25:45,138 [INFO] IPUIPlugin:80 - create IPUIPlugin
2025-09-21 10:25:45,138 [INFO] PluginManager:220 - loadIPPluginJar : add gpio
2025-09-21 10:25:45,146 [INFO] IPUIPlugin:80 - create IPUIPlugin
2025-09-21 10:25:45,147 [INFO] PluginManager:220 - loadIPPluginJar : add adc
2025-09-21 10:25:45,157 [INFO] IPUIPlugin:80 - create IPUIPlugin
2025-09-21 10:25:45,157 [INFO] PluginManager:220 - loadIPPluginJar : add linkedlist
2025-09-21 10:25:45,159 [INFO] IPUIPlugin:80 - create IPUIPlugin
2025-09-21 10:25:45,159 [INFO] PluginManager:220 - loadIPPluginJar : add comp
2025-09-21 10:25:45,165 [INFO] IPUIPlugin:80 - create IPUIPlugin
2025-09-21 10:25:45,165 [INFO] PluginManager:220 - loadIPPluginJar : add fmc
2025-09-21 10:25:45,166 [INFO] IPUIPlugin:80 - create IPUIPlugin
2025-09-21 10:25:45,167 [INFO] PluginManager:220 - loadIPPluginJar : add tsc
2025-09-21 10:25:45,170 [INFO] IPUIPlugin:80 - create IPUIPlugin
2025-09-21 10:25:45,170 [INFO] PluginManager:220 - loadIPPluginJar : add sai
2025-09-21 10:25:45,173 [INFO] IPUIPlugin:80 - create IPUIPlugin
2025-09-21 10:25:45,173 [INFO] PluginManager:220 - loadIPPluginJar : add usart
2025-09-21 10:25:45,177 [INFO] IPUIPlugin:80 - create IPUIPlugin
2025-09-21 10:25:45,178 [INFO] PluginManager:220 - loadIPPluginJar : add nvic
2025-09-21 10:25:45,181 [INFO] IPUIPlugin:80 - create IPUIPlugin
2025-09-21 10:25:45,182 [INFO] PluginManager:220 - loadIPPluginJar : add resmgrutility
2025-09-21 10:25:45,184 [INFO] IPUIPlugin:80 - create IPUIPlugin
2025-09-21 10:25:45,185 [INFO] PluginManager:220 - loadIPPluginJar : add lorawan
2025-09-21 10:25:45,186 [INFO] IPUIPlugin:80 - create IPUIPlugin
2025-09-21 10:25:45,187 [INFO] PluginManager:220 - loadIPPluginJar : add gfxmmu
2025-09-21 10:25:45,189 [INFO] IPUIPlugin:80 - create IPUIPlugin
2025-09-21 10:25:45,189 [INFO] PluginManager:220 - loadIPPluginJar : add dma3
2025-09-21 10:25:45,192 [INFO] IPUIPlugin:80 - create IPUIPlugin
2025-09-21 10:25:45,193 [INFO] PluginManager:220 - loadIPPluginJar : add i3c
2025-09-21 10:25:45,194 [INFO] IPUIPlugin:80 - create IPUIPlugin
2025-09-21 10:25:45,194 [INFO] PluginManager:220 - loadIPPluginJar : add quadspi
2025-09-21 10:25:45,197 [INFO] IPUIPlugin:80 - create IPUIPlugin
2025-09-21 10:25:45,197 [INFO] PluginManager:220 - loadIPPluginJar : add ddr_ctrl_phy
2025-09-21 10:25:45,200 [INFO] IPUIPlugin:80 - create IPUIPlugin
2025-09-21 10:25:45,200 [INFO] PluginManager:220 - loadIPPluginJar : add i2s
2025-09-21 10:25:45,332 [FATAL] Updater:351 - Updater called before beeing initialized
2025-09-21 10:25:45,398 [INFO] RulesReader:64 - Compatibility file has been processed (317 Rules)
2025-09-21 10:25:45,419 [INFO] RulesReader:64 - Compatibility file has been processed (317 Rules)
2025-09-21 10:25:45,431 [INFO] CADModel:165 - CPN selected for project level
2025-09-21 10:25:45,431 [INFO] CADModel:114 - Register for checkConnection events
2025-09-21 10:25:45,431 [FATAL] Updater:351 - Updater called before beeing initialized
2025-09-21 10:25:45,432 [ERROR] CADModel:125 - Updater not yet initialized, retry later 
2025-09-21 10:25:45,668 [FATAL] Updater:351 - Updater called before beeing initialized
2025-09-21 10:25:45,670 [INFO] CADModel:165 - CPN selected for project level
2025-09-21 10:25:45,670 [INFO] CADModel:114 - Register for checkConnection events
2025-09-21 10:25:45,670 [FATAL] Updater:351 - Updater called before beeing initialized
2025-09-21 10:25:45,671 [ERROR] CADModel:125 - Updater not yet initialized, retry later 
2025-09-21 10:25:45,676 [FATAL] Updater:351 - Updater called before beeing initialized
2025-09-21 10:25:45,816 [FATAL] Updater:351 - Updater called before beeing initialized
2025-09-21 10:25:45,823 [INFO] DbMcusAds:53 - JSON generation date=Tue Jul 08 05:14:23 ART 2025 (1751962463582)
2025-09-21 10:25:45,823 [FATAL] Updater:351 - Updater called before beeing initialized
2025-09-21 10:25:45,886 [WARN] DetailPanel:346 - Failed to get advertising image, set to default
2025-09-21 10:25:46,050 [FATAL] Updater:351 - Updater called before beeing initialized
2025-09-21 10:25:46,053 [FATAL] Updater:351 - Updater called before beeing initialized
2025-09-21 10:25:46,053 [FATAL] Updater:351 - Updater called before beeing initialized
2025-09-21 10:25:46,053 [WARN] DetailPanel:346 - Failed to get advertising image, set to default
2025-09-21 10:25:46,055 [FATAL] Updater:351 - Updater called before beeing initialized
2025-09-21 10:25:46,114 [ERROR] Updater:1198 - MainUpdater not yet initialized. External WinMGr cannot be set.
2025-09-21 10:25:46,116 [INFO] Updater:1134 - Updater Version found : 6.15.0
2025-09-21 10:25:46,145 [INFO] ApplicationProperties:184 - Using Application install path: /opt/st/stm32cubeide_1.19.0/plugins/com.st.stm32cube.common.mx_6.15.0.202507011659
2025-09-21 10:25:46,166 [ERROR] LogOutputStream:75 - [STDERR_REDIRECT] Sep 21, 2025 10:25:46 AM java.util.prefs.FileSystemPreferences$2 run
2025-09-21 10:25:46,167 [ERROR] LogOutputStream:75 - [STDERR_REDIRECT] WARNING: Could not create system preferences directory. System preferences are unusable.
2025-09-21 10:25:46,167 [ERROR] LogOutputStream:75 - [STDERR_REDIRECT] 
2025-09-21 10:25:46,428 [INFO] MainUpdater:2872 - connection check result : 22
2025-09-21 10:25:46,429 [INFO] MainUpdater:289 - Updater Check For Update Now.
2025-09-21 10:25:46,429 [INFO] MicroXplorer:498 - Change Database Version : DB.6.0.150
2025-09-21 10:25:46,436 [INFO] McuFinderGlobals:63 - Set McuFinder mode to 2 (CubeIDE integrated)
2025-09-21 10:25:46,436 [INFO] UserAuth:487 - Internet connection configuration mode: 2
2025-09-21 10:25:46,444 [INFO] UserAuth:487 - Internet connection configuration mode: 2
2025-09-21 10:25:46,702 [INFO] CheckServerUpdateThread:120 - End of CheckServer Thread
2025-09-21 10:25:47,425 [WARN] PackLoader:240 - Cannot read IP mode file for STMicroelectronics.FP-SNS-MOTENVWB1.1.4.0
2025-09-21 10:25:47,436 [WARN] PackLoader:240 - Cannot read IP mode file for STMicroelectronics.FP-ATR-ASTRA1.2.0.2
2025-09-21 10:25:47,446 [WARN] PackLoader:240 - Cannot read IP mode file for STMicroelectronics.X-CUBE-SMBUS.2.1.0
2025-09-21 10:25:47,452 [WARN] PackLoader:240 - Cannot read IP mode file for STMicroelectronics.X-CUBE-ST60.1.0.0
2025-09-21 10:25:47,507 [WARN] PackLoader:240 - Cannot read IP mode file for STMicroelectronics.X-CUBE-AZRTOS-F7.1.1.0
2025-09-21 10:25:47,519 [WARN] PackLoader:240 - Cannot read IP mode file for Cesanta.I-CUBE-Mongoose.7.19.0
2025-09-21 10:25:47,532 [WARN] PackLoader:240 - Cannot read IP mode file for WES.I-CUBE-Cesium.1.4.0
2025-09-21 10:25:47,587 [WARN] PackLoader:240 - Cannot read IP mode file for Infineon.AIROC-Wi-Fi-Bluetooth-STM32.1.7.1
2025-09-21 10:25:47,613 [WARN] PackLoader:240 - Cannot read IP mode file for STMicroelectronics.X-CUBE-DISPLAY.3.0.0
2025-09-21 10:25:47,637 [WARN] PackLoader:240 - Cannot read IP mode file for STMicroelectronics.X-CUBE-NFC10.1.0.0
2025-09-21 10:25:47,648 [WARN] PackLoader:240 - Cannot read IP mode file for emotas.I-CUBE-CANOPEN.1.3.0
2025-09-21 10:25:47,654 [WARN] PackLoader:240 - Cannot read IP mode file for STMicroelectronics.FP-SNS-SMARTAG2.1.2.0
2025-09-21 10:25:47,662 [WARN] PackLoader:240 - Cannot read IP mode file for STMicroelectronics.FP-SNS-FLIGHT1.5.1.0
2025-09-21 10:25:47,675 [INFO] LogOutputStream:77 - [STDOUT_REDIRECT] 1 : Invalid condition id : UX_CORESTACK_Condition cause : null
2025-09-21 10:25:47,676 [INFO] LogOutputStream:77 - [STDOUT_REDIRECT] 1 : Invalid condition id : UX_CORESTACK_Condition cause : null
2025-09-21 10:25:47,676 [INFO] LogOutputStream:77 - [STDOUT_REDIRECT] 1 : Invalid condition id : UX_CORESTACK_Condition cause : null
2025-09-21 10:25:47,676 [INFO] LogOutputStream:77 - [STDOUT_REDIRECT] 1 : Invalid condition id : UX_CORESTACK_Condition cause : null
2025-09-21 10:25:47,677 [INFO] LogOutputStream:77 - [STDOUT_REDIRECT] 1 : Invalid condition id : UX_CORESTACK_Condition cause : null
2025-09-21 10:25:47,683 [WARN] PackLoader:240 - Cannot read IP mode file for STMicroelectronics.X-CUBE-AZRTOS-WL.2.0.0
2025-09-21 10:25:47,691 [WARN] PackLoader:240 - Cannot read IP mode file for STMicroelectronics.FP-SNS-MOTENV1.5.0.0
2025-09-21 10:25:47,701 [WARN] PackLoader:240 - Cannot read IP mode file for STMicroelectronics.X-CUBE-BLE2.3.3.0
2025-09-21 10:25:47,710 [WARN] PackLoader:240 - Cannot read IP mode file for STMicroelectronics.X-CUBE-NFC9.1.0.0
2025-09-21 10:25:47,721 [WARN] PackLoader:240 - Cannot read IP mode file for STMicroelectronics.X-CUBE-BLE1.7.1.0
2025-09-21 10:25:47,771 [WARN] PackLoader:240 - Cannot read IP mode file for STMicroelectronics.X-CUBE-AZRTOS-G0.1.1.0
2025-09-21 10:25:47,783 [WARN] PackLoader:240 - Cannot read IP mode file for STMicroelectronics.X-CUBE-SAFEA1.1.2.2
2025-09-21 10:25:47,791 [WARN] PackLoader:240 - Cannot read IP mode file for STMicroelectronics.X-CUBE-NFC4.3.0.0
2025-09-21 10:25:47,804 [WARN] PackLoader:240 - Cannot read IP mode file for EmbeddedOffice.I-CUBE-FS-RTOS.1.0.1
2025-09-21 10:25:47,810 [WARN] PackLoader:240 - Cannot read IP mode file for STMicroelectronics.X-CUBE-WB05N.2.0.0
2025-09-21 10:25:47,819 [WARN] PackLoader:240 - Cannot read IP mode file for STMicroelectronics.X-CUBE-TCPP.4.2.0
2025-09-21 10:25:47,827 [WARN] PackLoader:240 - Cannot read IP mode file for RealThread.X-CUBE-RT-Thread_Nano.4.1.1
2025-09-21 10:25:47,831 [WARN] PackLoader:240 - Cannot read IP mode file for STMicroelectronics.FP-ATR-SIGFOX1.3.2.0
2025-09-21 10:25:47,837 [WARN] PackLoader:240 - Cannot read IP mode file for ITTIA_DB.I-CUBE-ITTIADB.8.9.0
2025-09-21 10:25:47,843 [WARN] PackLoader:240 - Cannot read IP mode file for STMicroelectronics.X-CUBE-ST67W61.1.0.0
2025-09-21 10:25:47,880 [WARN] PackLoader:240 - Cannot read IP mode file for SEGGER.I-CUBE-embOS.1.3.1
2025-09-21 10:25:47,939 [WARN] PackLoader:240 - Cannot read IP mode file for STMicroelectronics.X-CUBE-ALGOBUILD.1.4.0
2025-09-21 10:25:48,023 [WARN] PackLoader:240 - Cannot read IP mode file for STMicroelectronics.X-CUBE-MEMS1.11.3.0
2025-09-21 10:25:48,374 [WARN] PackLoader:240 - Cannot read IP mode file for STMicroelectronics.X-CUBE-PM33A1.1.0.0
2025-09-21 10:25:48,394 [WARN] PackLoader:240 - Cannot read IP mode file for STMicroelectronics.X-CUBE-AZRTOS-F4.1.1.0
2025-09-21 10:25:48,400 [WARN] PackLoader:240 - Cannot read IP mode file for Avnet-IotConnect.X-CUBE-IoTC-DA16k-PMOD.1.0.0
2025-09-21 10:25:48,403 [WARN] PackLoader:240 - Cannot read IP mode file for STMicroelectronics.X-CUBE-ISPU.2.1.0
2025-09-21 10:25:48,428 [WARN] PackLoader:240 - Cannot read IP mode file for STMicroelectronics.X-CUBE-AZRTOS-L5.2.0.0
2025-09-21 10:25:48,438 [WARN] PackLoader:240 - Cannot read IP mode file for STMicroelectronics.X-CUBE-NFC6.3.1.0
2025-09-21 10:25:48,459 [WARN] PackLoader:240 - Cannot read IP mode file for STMicroelectronics.X-CUBE-FREERTOS.1.3.1
2025-09-21 10:25:48,467 [WARN] PackLoader:240 - Cannot read IP mode file for STMicroelectronics.X-CUBE-DPower.1.3.0
2025-09-21 10:25:48,506 [WARN] ConditionMgr:438 - getConditionDescription Invalid condition id : LAN8742 Phy interface Condition cause : null
2025-09-21 10:25:48,508 [WARN] PackLoader:240 - Cannot read IP mode file for STMicroelectronics.X-CUBE-AZRTOS-L4.2.0.0
2025-09-21 10:25:48,510 [WARN] ConditionMgr:1044 - genDependencies : Invalid condition id : LAN8742 Phy interface Condition cause : null
2025-09-21 10:25:48,511 [WARN] ConditionMgr:1044 - genDependencies : Invalid condition id : LAN8742 Phy interface Condition cause : null
2025-09-21 10:25:48,512 [WARN] ConditionMgr:1044 - genDependencies : Invalid condition id : LAN8742 Phy interface Condition cause : null
2025-09-21 10:25:48,527 [WARN] PackLoader:240 - Cannot read IP mode file for STMicroelectronics.X-CUBE-SFXS2LP1.4.0.0
2025-09-21 10:25:48,554 [WARN] ConditionMgr:438 - getConditionDescription Invalid condition id : UX DEVICE CLASS RTOS Condition cause : null
2025-09-21 10:25:48,555 [WARN] ConditionMgr:438 - getConditionDescription Invalid condition id : UX DEVICE CLASS RTOS Condition cause : null
2025-09-21 10:25:48,560 [WARN] PackLoader:240 - Cannot read IP mode file for STMicroelectronics.X-CUBE-AZRTOS-WB.2.0.0
2025-09-21 10:25:48,562 [WARN] ConditionMgr:1044 - genDependencies : Invalid condition id : UX DEVICE CLASS RTOS Condition cause : null
2025-09-21 10:25:48,562 [WARN] ConditionMgr:1044 - genDependencies : Invalid condition id : UX DEVICE CLASS RTOS Condition cause : null
2025-09-21 10:25:48,563 [WARN] ConditionMgr:1044 - genDependencies : Invalid condition id : UX DEVICE CLASS RTOS Condition cause : null
2025-09-21 10:25:48,564 [WARN] ConditionMgr:1044 - genDependencies : Invalid condition id : UX DEVICE CLASS RTOS Condition cause : null
2025-09-21 10:25:48,564 [WARN] ConditionMgr:1044 - genDependencies : Invalid condition id : UX DEVICE CLASS RTOS Condition cause : null
2025-09-21 10:25:48,574 [WARN] PackLoader:240 - Cannot read IP mode file for STMicroelectronics.X-CUBE-GNSS1.7.0.1
2025-09-21 10:25:48,581 [WARN] PackLoader:240 - Cannot read IP mode file for STMicroelectronics.X-CUBE-TOUCHGFX.4.25.0
2025-09-21 10:25:48,586 [WARN] ConditionMgr:438 - getConditionDescription Invalid condition id : Cortex-A Device cause : null
2025-09-21 10:25:48,607 [WARN] ConditionMgr:1044 - genDependencies : Invalid condition id : Cortex-A Device cause : null
2025-09-21 10:25:48,607 [WARN] ConditionMgr:1044 - genDependencies : Invalid condition id : Cortex-A Device cause : null
2025-09-21 10:25:48,607 [WARN] ConditionMgr:1044 - genDependencies : Invalid condition id : Cortex-A Device cause : null
2025-09-21 10:25:48,626 [WARN] PackLoader:240 - Cannot read IP mode file for STMicroelectronics.X-CUBE-SUBG2.5.0.0
2025-09-21 10:25:48,665 [WARN] PackLoader:240 - Cannot read IP mode file for STMicroelectronics.X-CUBE-AZRTOS-H7RS.1.1.0
2025-09-21 10:25:48,684 [WARN] PackLoader:240 - Cannot read IP mode file for STMicroelectronics.X-CUBE-AZRTOS-G4.2.0.0
2025-09-21 10:25:48,689 [WARN] PackLoader:240 - Cannot read IP mode file for wolfSSL.I-CUBE-wolfSSH.1.4.20
2025-09-21 10:25:48,694 [WARN] PackLoader:240 - Cannot read IP mode file for STMicroelectronics.X-CUBE-NFC7.2.0.0
2025-09-21 10:25:48,710 [WARN] PackLoader:240 - Cannot read IP mode file for STMicroelectronics.X-CUBE-IPS.3.1.0
2025-09-21 10:25:48,720 [WARN] PackLoader:240 - Cannot read IP mode file for STMicroelectronics.X-CUBE-ALS.1.0.2
2025-09-21 10:25:48,733 [WARN] PackLoader:240 - Cannot read IP mode file for STMicroelectronics.X-CUBE-TOF1.3.4.3
2025-09-21 10:25:48,748 [INFO] ThirdParty:978 - Integrity check success = true
2025-09-21 10:25:48,748 [INFO] IntegrityCheckThread:100 - exiting critical section [integrity check]
2025-09-21 10:25:48,748 [INFO] IntegrityCheckThread:103 - End integrity checks thread
2025-09-21 10:26:12,699 [ERROR] LogOutputStream:75 - [STDERR_REDIRECT] Sep 21, 2025 10:26:12 AM java.util.prefs.FileSystemPreferences checkLockFile0ErrorCode
2025-09-21 10:26:12,700 [ERROR] LogOutputStream:75 - [STDERR_REDIRECT] WARNING: Could not lock System prefs. Unix error code 2.
2025-09-21 10:26:12,700 [ERROR] LogOutputStream:75 - [STDERR_REDIRECT] 
2025-09-21 10:26:12,702 [ERROR] LogOutputStream:75 - [STDERR_REDIRECT] Sep 21, 2025 10:26:12 AM java.util.prefs.FileSystemPreferences syncWorld
2025-09-21 10:26:12,702 [ERROR] LogOutputStream:75 - [STDERR_REDIRECT] WARNING: Couldn't flush system prefs: java.util.prefs.BackingStoreException: Couldn't get file lock.
2025-09-21 10:26:12,702 [ERROR] LogOutputStream:75 - [STDERR_REDIRECT] 
2025-09-21 10:26:42,691 [ERROR] LogOutputStream:75 - [STDERR_REDIRECT] Sep 21, 2025 10:26:42 AM java.util.prefs.FileSystemPreferences checkLockFile0ErrorCode
2025-09-21 10:26:42,692 [ERROR] LogOutputStream:75 - [STDERR_REDIRECT] WARNING: Could not lock System prefs. Unix error code 2.
2025-09-21 10:26:42,692 [ERROR] LogOutputStream:75 - [STDERR_REDIRECT] 
2025-09-21 10:26:42,693 [ERROR] LogOutputStream:75 - [STDERR_REDIRECT] Sep 21, 2025 10:26:42 AM java.util.prefs.FileSystemPreferences syncWorld
2025-09-21 10:26:42,693 [ERROR] LogOutputStream:75 - [STDERR_REDIRECT] WARNING: Couldn't flush system prefs: java.util.prefs.BackingStoreException: Couldn't get file lock.
2025-09-21 10:26:42,694 [ERROR] LogOutputStream:75 - [STDERR_REDIRECT] 
2025-09-21 10:27:12,691 [ERROR] LogOutputStream:75 - [STDERR_REDIRECT] Sep 21, 2025 10:27:12 AM java.util.prefs.FileSystemPreferences checkLockFile0ErrorCode
2025-09-21 10:27:12,691 [ERROR] LogOutputStream:75 - [STDERR_REDIRECT] WARNING: Could not lock System prefs. Unix error code 2.
2025-09-21 10:27:12,692 [ERROR] LogOutputStream:75 - [STDERR_REDIRECT] 
2025-09-21 10:27:12,692 [ERROR] LogOutputStream:75 - [STDERR_REDIRECT] Sep 21, 2025 10:27:12 AM java.util.prefs.FileSystemPreferences syncWorld
2025-09-21 10:27:12,692 [ERROR] LogOutputStream:75 - [STDERR_REDIRECT] WARNING: Couldn't flush system prefs: java.util.prefs.BackingStoreException: Couldn't get file lock.
2025-09-21 10:27:12,692 [ERROR] LogOutputStream:75 - [STDERR_REDIRECT] 
2025-09-21 10:27:42,692 [ERROR] LogOutputStream:75 - [STDERR_REDIRECT] Sep 21, 2025 10:27:42 AM java.util.prefs.FileSystemPreferences checkLockFile0ErrorCode
2025-09-21 10:27:42,693 [ERROR] LogOutputStream:75 - [STDERR_REDIRECT] WARNING: Could not lock System prefs. Unix error code 2.
2025-09-21 10:27:42,693 [ERROR] LogOutputStream:75 - [STDERR_REDIRECT] 
2025-09-21 10:27:42,693 [ERROR] LogOutputStream:75 - [STDERR_REDIRECT] Sep 21, 2025 10:27:42 AM java.util.prefs.FileSystemPreferences syncWorld
2025-09-21 10:27:42,694 [ERROR] LogOutputStream:75 - [STDERR_REDIRECT] WARNING: Couldn't flush system prefs: java.util.prefs.BackingStoreException: Couldn't get file lock.
2025-09-21 10:27:42,694 [ERROR] LogOutputStream:75 - [STDERR_REDIRECT] 
2025-09-21 10:28:12,692 [ERROR] LogOutputStream:75 - [STDERR_REDIRECT] Sep 21, 2025 10:28:12 AM java.util.prefs.FileSystemPreferences checkLockFile0ErrorCode
2025-09-21 10:28:12,693 [ERROR] LogOutputStream:75 - [STDERR_REDIRECT] WARNING: Could not lock System prefs. Unix error code 2.
2025-09-21 10:28:12,693 [ERROR] LogOutputStream:75 - [STDERR_REDIRECT] 
2025-09-21 10:28:12,694 [ERROR] LogOutputStream:75 - [STDERR_REDIRECT] Sep 21, 2025 10:28:12 AM java.util.prefs.FileSystemPreferences syncWorld
2025-09-21 10:28:12,694 [ERROR] LogOutputStream:75 - [STDERR_REDIRECT] WARNING: Couldn't flush system prefs: java.util.prefs.BackingStoreException: Couldn't get file lock.
2025-09-21 10:28:12,694 [ERROR] LogOutputStream:75 - [STDERR_REDIRECT] 
2025-09-21 10:28:42,692 [ERROR] LogOutputStream:75 - [STDERR_REDIRECT] Sep 21, 2025 10:28:42 AM java.util.prefs.FileSystemPreferences checkLockFile0ErrorCode
2025-09-21 10:28:42,693 [ERROR] LogOutputStream:75 - [STDERR_REDIRECT] WARNING: Could not lock System prefs. Unix error code 2.
2025-09-21 10:28:42,693 [ERROR] LogOutputStream:75 - [STDERR_REDIRECT] 
2025-09-21 10:28:42,694 [ERROR] LogOutputStream:75 - [STDERR_REDIRECT] Sep 21, 2025 10:28:42 AM java.util.prefs.FileSystemPreferences syncWorld
2025-09-21 10:28:42,695 [ERROR] LogOutputStream:75 - [STDERR_REDIRECT] WARNING: Couldn't flush system prefs: java.util.prefs.BackingStoreException: Couldn't get file lock.
2025-09-21 10:28:42,695 [ERROR] LogOutputStream:75 - [STDERR_REDIRECT] 
2025-09-21 10:29:12,692 [ERROR] LogOutputStream:75 - [STDERR_REDIRECT] Sep 21, 2025 10:29:12 AM java.util.prefs.FileSystemPreferences checkLockFile0ErrorCode
2025-09-21 10:29:12,693 [ERROR] LogOutputStream:75 - [STDERR_REDIRECT] WARNING: Could not lock System prefs. Unix error code 2.
2025-09-21 10:29:12,693 [ERROR] LogOutputStream:75 - [STDERR_REDIRECT] 
2025-09-21 10:29:12,693 [ERROR] LogOutputStream:75 - [STDERR_REDIRECT] Sep 21, 2025 10:29:12 AM java.util.prefs.FileSystemPreferences syncWorld
2025-09-21 10:29:12,693 [ERROR] LogOutputStream:75 - [STDERR_REDIRECT] WARNING: Couldn't flush system prefs: java.util.prefs.BackingStoreException: Couldn't get file lock.
2025-09-21 10:29:12,694 [ERROR] LogOutputStream:75 - [STDERR_REDIRECT] 
2025-09-21 10:29:42,692 [ERROR] LogOutputStream:75 - [STDERR_REDIRECT] Sep 21, 2025 10:29:42 AM java.util.prefs.FileSystemPreferences checkLockFile0ErrorCode
2025-09-21 10:29:42,693 [ERROR] LogOutputStream:75 - [STDERR_REDIRECT] WARNING: Could not lock System prefs. Unix error code 2.
2025-09-21 10:29:42,693 [ERROR] LogOutputStream:75 - [STDERR_REDIRECT] 
2025-09-21 10:29:42,694 [ERROR] LogOutputStream:75 - [STDERR_REDIRECT] Sep 21, 2025 10:29:42 AM java.util.prefs.FileSystemPreferences syncWorld
2025-09-21 10:29:42,695 [ERROR] LogOutputStream:75 - [STDERR_REDIRECT] WARNING: Couldn't flush system prefs: java.util.prefs.BackingStoreException: Couldn't get file lock.
2025-09-21 10:29:42,695 [ERROR] LogOutputStream:75 - [STDERR_REDIRECT] 
2025-09-21 10:30:12,693 [ERROR] LogOutputStream:75 - [STDERR_REDIRECT] Sep 21, 2025 10:30:12 AM java.util.prefs.FileSystemPreferences checkLockFile0ErrorCode
2025-09-21 10:30:12,693 [ERROR] LogOutputStream:75 - [STDERR_REDIRECT] WARNING: Could not lock System prefs. Unix error code 2.
2025-09-21 10:30:12,693 [ERROR] LogOutputStream:75 - [STDERR_REDIRECT] 
2025-09-21 10:30:12,694 [ERROR] LogOutputStream:75 - [STDERR_REDIRECT] Sep 21, 2025 10:30:12 AM java.util.prefs.FileSystemPreferences syncWorld
2025-09-21 10:30:12,695 [ERROR] LogOutputStream:75 - [STDERR_REDIRECT] WARNING: Couldn't flush system prefs: java.util.prefs.BackingStoreException: Couldn't get file lock.
2025-09-21 10:30:12,695 [ERROR] LogOutputStream:75 - [STDERR_REDIRECT] 
2025-09-21 10:30:42,692 [ERROR] LogOutputStream:75 - [STDERR_REDIRECT] Sep 21, 2025 10:30:42 AM java.util.prefs.FileSystemPreferences checkLockFile0ErrorCode
2025-09-21 10:30:42,692 [ERROR] LogOutputStream:75 - [STDERR_REDIRECT] WARNING: Could not lock System prefs. Unix error code 2.
2025-09-21 10:30:42,692 [ERROR] LogOutputStream:75 - [STDERR_REDIRECT] 
2025-09-21 10:30:42,693 [ERROR] LogOutputStream:75 - [STDERR_REDIRECT] Sep 21, 2025 10:30:42 AM java.util.prefs.FileSystemPreferences syncWorld
2025-09-21 10:30:42,693 [ERROR] LogOutputStream:75 - [STDERR_REDIRECT] WARNING: Couldn't flush system prefs: java.util.prefs.BackingStoreException: Couldn't get file lock.
2025-09-21 10:30:42,694 [ERROR] LogOutputStream:75 - [STDERR_REDIRECT] 
2025-09-21 10:31:12,692 [ERROR] LogOutputStream:75 - [STDERR_REDIRECT] Sep 21, 2025 10:31:12 AM java.util.prefs.FileSystemPreferences checkLockFile0ErrorCode
2025-09-21 10:31:12,692 [ERROR] LogOutputStream:75 - [STDERR_REDIRECT] WARNING: Could not lock System prefs. Unix error code 2.
2025-09-21 10:31:12,692 [ERROR] LogOutputStream:75 - [STDERR_REDIRECT] 
2025-09-21 10:31:12,693 [ERROR] LogOutputStream:75 - [STDERR_REDIRECT] Sep 21, 2025 10:31:12 AM java.util.prefs.FileSystemPreferences syncWorld
2025-09-21 10:31:12,693 [ERROR] LogOutputStream:75 - [STDERR_REDIRECT] WARNING: Couldn't flush system prefs: java.util.prefs.BackingStoreException: Couldn't get file lock.
2025-09-21 10:31:12,693 [ERROR] LogOutputStream:75 - [STDERR_REDIRECT] 
2025-09-21 10:31:42,692 [ERROR] LogOutputStream:75 - [STDERR_REDIRECT] Sep 21, 2025 10:31:42 AM java.util.prefs.FileSystemPreferences checkLockFile0ErrorCode
2025-09-21 10:31:42,693 [ERROR] LogOutputStream:75 - [STDERR_REDIRECT] WARNING: Could not lock System prefs. Unix error code 2.
2025-09-21 10:31:42,693 [ERROR] LogOutputStream:75 - [STDERR_REDIRECT] 
2025-09-21 10:31:42,693 [ERROR] LogOutputStream:75 - [STDERR_REDIRECT] Sep 21, 2025 10:31:42 AM java.util.prefs.FileSystemPreferences syncWorld
2025-09-21 10:31:42,694 [ERROR] LogOutputStream:75 - [STDERR_REDIRECT] WARNING: Couldn't flush system prefs: java.util.prefs.BackingStoreException: Couldn't get file lock.
2025-09-21 10:31:42,694 [ERROR] LogOutputStream:75 - [STDERR_REDIRECT] 
2025-09-21 10:32:12,692 [ERROR] LogOutputStream:75 - [STDERR_REDIRECT] Sep 21, 2025 10:32:12 AM java.util.prefs.FileSystemPreferences checkLockFile0ErrorCode
2025-09-21 10:32:12,692 [ERROR] LogOutputStream:75 - [STDERR_REDIRECT] WARNING: Could not lock System prefs. Unix error code 2.
2025-09-21 10:32:12,692 [ERROR] LogOutputStream:75 - [STDERR_REDIRECT] 
2025-09-21 10:32:12,693 [ERROR] LogOutputStream:75 - [STDERR_REDIRECT] Sep 21, 2025 10:32:12 AM java.util.prefs.FileSystemPreferences syncWorld
2025-09-21 10:32:12,693 [ERROR] LogOutputStream:75 - [STDERR_REDIRECT] WARNING: Couldn't flush system prefs: java.util.prefs.BackingStoreException: Couldn't get file lock.
2025-09-21 10:32:12,693 [ERROR] LogOutputStream:75 - [STDERR_REDIRECT] 
2025-09-21 10:32:42,692 [ERROR] LogOutputStream:75 - [STDERR_REDIRECT] Sep 21, 2025 10:32:42 AM java.util.prefs.FileSystemPreferences checkLockFile0ErrorCode
2025-09-21 10:32:42,692 [ERROR] LogOutputStream:75 - [STDERR_REDIRECT] WARNING: Could not lock System prefs. Unix error code 2.
2025-09-21 10:32:42,692 [ERROR] LogOutputStream:75 - [STDERR_REDIRECT] 
2025-09-21 10:32:42,693 [ERROR] LogOutputStream:75 - [STDERR_REDIRECT] Sep 21, 2025 10:32:42 AM java.util.prefs.FileSystemPreferences syncWorld
2025-09-21 10:32:42,693 [ERROR] LogOutputStream:75 - [STDERR_REDIRECT] WARNING: Couldn't flush system prefs: java.util.prefs.BackingStoreException: Couldn't get file lock.
2025-09-21 10:32:42,693 [ERROR] LogOutputStream:75 - [STDERR_REDIRECT] 
2025-09-21 10:33:12,693 [ERROR] LogOutputStream:75 - [STDERR_REDIRECT] Sep 21, 2025 10:33:12 AM java.util.prefs.FileSystemPreferences checkLockFile0ErrorCode
2025-09-21 10:33:12,693 [ERROR] LogOutputStream:75 - [STDERR_REDIRECT] WARNING: Could not lock System prefs. Unix error code 2.
2025-09-21 10:33:12,694 [ERROR] LogOutputStream:75 - [STDERR_REDIRECT] 
2025-09-21 10:33:12,694 [ERROR] LogOutputStream:75 - [STDERR_REDIRECT] Sep 21, 2025 10:33:12 AM java.util.prefs.FileSystemPreferences syncWorld
2025-09-21 10:33:12,695 [ERROR] LogOutputStream:75 - [STDERR_REDIRECT] WARNING: Couldn't flush system prefs: java.util.prefs.BackingStoreException: Couldn't get file lock.
2025-09-21 10:33:12,695 [ERROR] LogOutputStream:75 - [STDERR_REDIRECT] 
2025-09-21 10:33:42,693 [ERROR] LogOutputStream:75 - [STDERR_REDIRECT] Sep 21, 2025 10:33:42 AM java.util.prefs.FileSystemPreferences checkLockFile0ErrorCode
2025-09-21 10:33:42,693 [ERROR] LogOutputStream:75 - [STDERR_REDIRECT] WARNING: Could not lock System prefs. Unix error code 2.
2025-09-21 10:33:42,693 [ERROR] LogOutputStream:75 - [STDERR_REDIRECT] 
2025-09-21 10:33:42,694 [ERROR] LogOutputStream:75 - [STDERR_REDIRECT] Sep 21, 2025 10:33:42 AM java.util.prefs.FileSystemPreferences syncWorld
2025-09-21 10:33:42,694 [ERROR] LogOutputStream:75 - [STDERR_REDIRECT] WARNING: Couldn't flush system prefs: java.util.prefs.BackingStoreException: Couldn't get file lock.
2025-09-21 10:33:42,694 [ERROR] LogOutputStream:75 - [STDERR_REDIRECT] 
2025-09-21 10:34:12,694 [ERROR] LogOutputStream:75 - [STDERR_REDIRECT] Sep 21, 2025 10:34:12 AM java.util.prefs.FileSystemPreferences checkLockFile0ErrorCode
2025-09-21 10:34:12,694 [ERROR] LogOutputStream:75 - [STDERR_REDIRECT] WARNING: Could not lock System prefs. Unix error code 2.
2025-09-21 10:34:12,695 [ERROR] LogOutputStream:75 - [STDERR_REDIRECT] 
2025-09-21 10:34:12,695 [ERROR] LogOutputStream:75 - [STDERR_REDIRECT] Sep 21, 2025 10:34:12 AM java.util.prefs.FileSystemPreferences syncWorld
2025-09-21 10:34:12,696 [ERROR] LogOutputStream:75 - [STDERR_REDIRECT] WARNING: Couldn't flush system prefs: java.util.prefs.BackingStoreException: Couldn't get file lock.
2025-09-21 10:34:12,696 [ERROR] LogOutputStream:75 - [STDERR_REDIRECT] 
2025-09-21 10:34:42,692 [ERROR] LogOutputStream:75 - [STDERR_REDIRECT] Sep 21, 2025 10:34:42 AM java.util.prefs.FileSystemPreferences checkLockFile0ErrorCode
2025-09-21 10:34:42,693 [ERROR] LogOutputStream:75 - [STDERR_REDIRECT] WARNING: Could not lock System prefs. Unix error code 2.
2025-09-21 10:34:42,693 [ERROR] LogOutputStream:75 - [STDERR_REDIRECT] 
2025-09-21 10:34:42,694 [ERROR] LogOutputStream:75 - [STDERR_REDIRECT] Sep 21, 2025 10:34:42 AM java.util.prefs.FileSystemPreferences syncWorld
2025-09-21 10:34:42,694 [ERROR] LogOutputStream:75 - [STDERR_REDIRECT] WARNING: Couldn't flush system prefs: java.util.prefs.BackingStoreException: Couldn't get file lock.
2025-09-21 10:34:42,694 [ERROR] LogOutputStream:75 - [STDERR_REDIRECT] 
2025-09-21 10:35:12,693 [ERROR] LogOutputStream:75 - [STDERR_REDIRECT] Sep 21, 2025 10:35:12 AM java.util.prefs.FileSystemPreferences checkLockFile0ErrorCode
2025-09-21 10:35:12,693 [ERROR] LogOutputStream:75 - [STDERR_REDIRECT] WARNING: Could not lock System prefs. Unix error code 2.
2025-09-21 10:35:12,694 [ERROR] LogOutputStream:75 - [STDERR_REDIRECT] 
2025-09-21 10:35:12,694 [ERROR] LogOutputStream:75 - [STDERR_REDIRECT] Sep 21, 2025 10:35:12 AM java.util.prefs.FileSystemPreferences syncWorld
2025-09-21 10:35:12,695 [ERROR] LogOutputStream:75 - [STDERR_REDIRECT] WARNING: Couldn't flush system prefs: java.util.prefs.BackingStoreException: Couldn't get file lock.
2025-09-21 10:35:12,695 [ERROR] LogOutputStream:75 - [STDERR_REDIRECT] 
2025-09-21 10:35:42,693 [ERROR] LogOutputStream:75 - [STDERR_REDIRECT] Sep 21, 2025 10:35:42 AM java.util.prefs.FileSystemPreferences checkLockFile0ErrorCode
2025-09-21 10:35:42,693 [ERROR] LogOutputStream:75 - [STDERR_REDIRECT] WARNING: Could not lock System prefs. Unix error code 2.
2025-09-21 10:35:42,693 [ERROR] LogOutputStream:75 - [STDERR_REDIRECT] 
2025-09-21 10:35:42,694 [ERROR] LogOutputStream:75 - [STDERR_REDIRECT] Sep 21, 2025 10:35:42 AM java.util.prefs.FileSystemPreferences syncWorld
2025-09-21 10:35:42,694 [ERROR] LogOutputStream:75 - [STDERR_REDIRECT] WARNING: Couldn't flush system prefs: java.util.prefs.BackingStoreException: Couldn't get file lock.
2025-09-21 10:35:42,695 [ERROR] LogOutputStream:75 - [STDERR_REDIRECT] 
2025-09-21 10:36:12,693 [ERROR] LogOutputStream:75 - [STDERR_REDIRECT] Sep 21, 2025 10:36:12 AM java.util.prefs.FileSystemPreferences checkLockFile0ErrorCode
2025-09-21 10:36:12,694 [ERROR] LogOutputStream:75 - [STDERR_REDIRECT] WARNING: Could not lock System prefs. Unix error code 2.
2025-09-21 10:36:12,694 [ERROR] LogOutputStream:75 - [STDERR_REDIRECT] 
2025-09-21 10:36:12,694 [ERROR] LogOutputStream:75 - [STDERR_REDIRECT] Sep 21, 2025 10:36:12 AM java.util.prefs.FileSystemPreferences syncWorld
2025-09-21 10:36:12,694 [ERROR] LogOutputStream:75 - [STDERR_REDIRECT] WARNING: Couldn't flush system prefs: java.util.prefs.BackingStoreException: Couldn't get file lock.
2025-09-21 10:36:12,695 [ERROR] LogOutputStream:75 - [STDERR_REDIRECT] 
2025-09-21 10:36:42,693 [ERROR] LogOutputStream:75 - [STDERR_REDIRECT] Sep 21, 2025 10:36:42 AM java.util.prefs.FileSystemPreferences checkLockFile0ErrorCode
2025-09-21 10:36:42,694 [ERROR] LogOutputStream:75 - [STDERR_REDIRECT] WARNING: Could not lock System prefs. Unix error code 2.
2025-09-21 10:36:42,694 [ERROR] LogOutputStream:75 - [STDERR_REDIRECT] 
2025-09-21 10:36:42,694 [ERROR] LogOutputStream:75 - [STDERR_REDIRECT] Sep 21, 2025 10:36:42 AM java.util.prefs.FileSystemPreferences syncWorld
2025-09-21 10:36:42,695 [ERROR] LogOutputStream:75 - [STDERR_REDIRECT] WARNING: Couldn't flush system prefs: java.util.prefs.BackingStoreException: Couldn't get file lock.
2025-09-21 10:36:42,695 [ERROR] LogOutputStream:75 - [STDERR_REDIRECT] 
2025-09-21 10:37:12,693 [ERROR] LogOutputStream:75 - [STDERR_REDIRECT] Sep 21, 2025 10:37:12 AM java.util.prefs.FileSystemPreferences checkLockFile0ErrorCode
2025-09-21 10:37:12,694 [ERROR] LogOutputStream:75 - [STDERR_REDIRECT] WARNING: Could not lock System prefs. Unix error code 2.
2025-09-21 10:37:12,694 [ERROR] LogOutputStream:75 - [STDERR_REDIRECT] 
2025-09-21 10:37:12,694 [ERROR] LogOutputStream:75 - [STDERR_REDIRECT] Sep 21, 2025 10:37:12 AM java.util.prefs.FileSystemPreferences syncWorld
2025-09-21 10:37:12,695 [ERROR] LogOutputStream:75 - [STDERR_REDIRECT] WARNING: Couldn't flush system prefs: java.util.prefs.BackingStoreException: Couldn't get file lock.
2025-09-21 10:37:12,695 [ERROR] LogOutputStream:75 - [STDERR_REDIRECT] 
2025-09-21 10:37:42,693 [ERROR] LogOutputStream:75 - [STDERR_REDIRECT] Sep 21, 2025 10:37:42 AM java.util.prefs.FileSystemPreferences checkLockFile0ErrorCode
2025-09-21 10:37:42,693 [ERROR] LogOutputStream:75 - [STDERR_REDIRECT] WARNING: Could not lock System prefs. Unix error code 2.
2025-09-21 10:37:42,693 [ERROR] LogOutputStream:75 - [STDERR_REDIRECT] 
2025-09-21 10:37:42,694 [ERROR] LogOutputStream:75 - [STDERR_REDIRECT] Sep 21, 2025 10:37:42 AM java.util.prefs.FileSystemPreferences syncWorld
2025-09-21 10:37:42,694 [ERROR] LogOutputStream:75 - [STDERR_REDIRECT] WARNING: Couldn't flush system prefs: java.util.prefs.BackingStoreException: Couldn't get file lock.
2025-09-21 10:37:42,694 [ERROR] LogOutputStream:75 - [STDERR_REDIRECT] 
2025-09-21 10:38:12,693 [ERROR] LogOutputStream:75 - [STDERR_REDIRECT] Sep 21, 2025 10:38:12 AM java.util.prefs.FileSystemPreferences checkLockFile0ErrorCode
2025-09-21 10:38:12,693 [ERROR] LogOutputStream:75 - [STDERR_REDIRECT] WARNING: Could not lock System prefs. Unix error code 2.
2025-09-21 10:38:12,693 [ERROR] LogOutputStream:75 - [STDERR_REDIRECT] 
2025-09-21 10:38:12,694 [ERROR] LogOutputStream:75 - [STDERR_REDIRECT] Sep 21, 2025 10:38:12 AM java.util.prefs.FileSystemPreferences syncWorld
2025-09-21 10:38:12,694 [ERROR] LogOutputStream:75 - [STDERR_REDIRECT] WARNING: Couldn't flush system prefs: java.util.prefs.BackingStoreException: Couldn't get file lock.
2025-09-21 10:38:12,694 [ERROR] LogOutputStream:75 - [STDERR_REDIRECT] 
2025-09-21 10:38:42,694 [ERROR] LogOutputStream:75 - [STDERR_REDIRECT] Sep 21, 2025 10:38:42 AM java.util.prefs.FileSystemPreferences checkLockFile0ErrorCode
2025-09-21 10:38:42,694 [ERROR] LogOutputStream:75 - [STDERR_REDIRECT] WARNING: Could not lock System prefs. Unix error code 2.
2025-09-21 10:38:42,694 [ERROR] LogOutputStream:75 - [STDERR_REDIRECT] 
2025-09-21 10:38:42,695 [ERROR] LogOutputStream:75 - [STDERR_REDIRECT] Sep 21, 2025 10:38:42 AM java.util.prefs.FileSystemPreferences syncWorld
2025-09-21 10:38:42,695 [ERROR] LogOutputStream:75 - [STDERR_REDIRECT] WARNING: Couldn't flush system prefs: java.util.prefs.BackingStoreException: Couldn't get file lock.
2025-09-21 10:38:42,695 [ERROR] LogOutputStream:75 - [STDERR_REDIRECT] 
2025-09-21 10:39:12,693 [ERROR] LogOutputStream:75 - [STDERR_REDIRECT] Sep 21, 2025 10:39:12 AM java.util.prefs.FileSystemPreferences checkLockFile0ErrorCode
2025-09-21 10:39:12,694 [ERROR] LogOutputStream:75 - [STDERR_REDIRECT] WARNING: Could not lock System prefs. Unix error code 2.
2025-09-21 10:39:12,694 [ERROR] LogOutputStream:75 - [STDERR_REDIRECT] 
2025-09-21 10:39:12,694 [ERROR] LogOutputStream:75 - [STDERR_REDIRECT] Sep 21, 2025 10:39:12 AM java.util.prefs.FileSystemPreferences syncWorld
2025-09-21 10:39:12,695 [ERROR] LogOutputStream:75 - [STDERR_REDIRECT] WARNING: Couldn't flush system prefs: java.util.prefs.BackingStoreException: Couldn't get file lock.
2025-09-21 10:39:12,695 [ERROR] LogOutputStream:75 - [STDERR_REDIRECT] 
2025-09-21 10:39:42,693 [ERROR] LogOutputStream:75 - [STDERR_REDIRECT] Sep 21, 2025 10:39:42 AM java.util.prefs.FileSystemPreferences checkLockFile0ErrorCode
2025-09-21 10:39:42,694 [ERROR] LogOutputStream:75 - [STDERR_REDIRECT] WARNING: Could not lock System prefs. Unix error code 2.
2025-09-21 10:39:42,694 [ERROR] LogOutputStream:75 - [STDERR_REDIRECT] 
2025-09-21 10:39:42,694 [ERROR] LogOutputStream:75 - [STDERR_REDIRECT] Sep 21, 2025 10:39:42 AM java.util.prefs.FileSystemPreferences syncWorld
2025-09-21 10:39:42,695 [ERROR] LogOutputStream:75 - [STDERR_REDIRECT] WARNING: Couldn't flush system prefs: java.util.prefs.BackingStoreException: Couldn't get file lock.
2025-09-21 10:39:42,695 [ERROR] LogOutputStream:75 - [STDERR_REDIRECT] 
2025-09-21 10:40:12,693 [ERROR] LogOutputStream:75 - [STDERR_REDIRECT] Sep 21, 2025 10:40:12 AM java.util.prefs.FileSystemPreferences checkLockFile0ErrorCode
2025-09-21 10:40:12,694 [ERROR] LogOutputStream:75 - [STDERR_REDIRECT] WARNING: Could not lock System prefs. Unix error code 2.
2025-09-21 10:40:12,694 [ERROR] LogOutputStream:75 - [STDERR_REDIRECT] 
2025-09-21 10:40:12,695 [ERROR] LogOutputStream:75 - [STDERR_REDIRECT] Sep 21, 2025 10:40:12 AM java.util.prefs.FileSystemPreferences syncWorld
2025-09-21 10:40:12,695 [ERROR] LogOutputStream:75 - [STDERR_REDIRECT] WARNING: Couldn't flush system prefs: java.util.prefs.BackingStoreException: Couldn't get file lock.
2025-09-21 10:40:12,695 [ERROR] LogOutputStream:75 - [STDERR_REDIRECT] 
2025-09-21 10:40:42,693 [ERROR] LogOutputStream:75 - [STDERR_REDIRECT] Sep 21, 2025 10:40:42 AM java.util.prefs.FileSystemPreferences checkLockFile0ErrorCode
2025-09-21 10:40:42,694 [ERROR] LogOutputStream:75 - [STDERR_REDIRECT] WARNING: Could not lock System prefs. Unix error code 2.
2025-09-21 10:40:42,694 [ERROR] LogOutputStream:75 - [STDERR_REDIRECT] 
2025-09-21 10:40:42,695 [ERROR] LogOutputStream:75 - [STDERR_REDIRECT] Sep 21, 2025 10:40:42 AM java.util.prefs.FileSystemPreferences syncWorld
2025-09-21 10:40:42,695 [ERROR] LogOutputStream:75 - [STDERR_REDIRECT] WARNING: Couldn't flush system prefs: java.util.prefs.BackingStoreException: Couldn't get file lock.
2025-09-21 10:40:42,695 [ERROR] LogOutputStream:75 - [STDERR_REDIRECT] 
2025-09-21 10:41:12,695 [ERROR] LogOutputStream:75 - [STDERR_REDIRECT] Sep 21, 2025 10:41:12 AM java.util.prefs.FileSystemPreferences checkLockFile0ErrorCode
2025-09-21 10:41:12,696 [ERROR] LogOutputStream:75 - [STDERR_REDIRECT] WARNING: Could not lock System prefs. Unix error code 2.
2025-09-21 10:41:12,696 [ERROR] LogOutputStream:75 - [STDERR_REDIRECT] 
2025-09-21 10:41:12,696 [ERROR] LogOutputStream:75 - [STDERR_REDIRECT] Sep 21, 2025 10:41:12 AM java.util.prefs.FileSystemPreferences syncWorld
2025-09-21 10:41:12,697 [ERROR] LogOutputStream:75 - [STDERR_REDIRECT] WARNING: Couldn't flush system prefs: java.util.prefs.BackingStoreException: Couldn't get file lock.
2025-09-21 10:41:12,697 [ERROR] LogOutputStream:75 - [STDERR_REDIRECT] 
2025-09-21 10:41:42,696 [ERROR] LogOutputStream:75 - [STDERR_REDIRECT] Sep 21, 2025 10:41:42 AM java.util.prefs.FileSystemPreferences checkLockFile0ErrorCode
2025-09-21 10:41:42,696 [ERROR] LogOutputStream:75 - [STDERR_REDIRECT] WARNING: Could not lock System prefs. Unix error code 2.
2025-09-21 10:41:42,697 [ERROR] LogOutputStream:75 - [STDERR_REDIRECT] 
2025-09-21 10:41:42,697 [ERROR] LogOutputStream:75 - [STDERR_REDIRECT] Sep 21, 2025 10:41:42 AM java.util.prefs.FileSystemPreferences syncWorld
2025-09-21 10:41:42,697 [ERROR] LogOutputStream:75 - [STDERR_REDIRECT] WARNING: Couldn't flush system prefs: java.util.prefs.BackingStoreException: Couldn't get file lock.
2025-09-21 10:41:42,698 [ERROR] LogOutputStream:75 - [STDERR_REDIRECT] 
2025-09-21 10:42:12,695 [ERROR] LogOutputStream:75 - [STDERR_REDIRECT] Sep 21, 2025 10:42:12 AM java.util.prefs.FileSystemPreferences checkLockFile0ErrorCode
2025-09-21 10:42:12,696 [ERROR] LogOutputStream:75 - [STDERR_REDIRECT] WARNING: Could not lock System prefs. Unix error code 2.
2025-09-21 10:42:12,696 [ERROR] LogOutputStream:75 - [STDERR_REDIRECT] 
2025-09-21 10:42:12,696 [ERROR] LogOutputStream:75 - [STDERR_REDIRECT] Sep 21, 2025 10:42:12 AM java.util.prefs.FileSystemPreferences syncWorld
2025-09-21 10:42:12,697 [ERROR] LogOutputStream:75 - [STDERR_REDIRECT] WARNING: Couldn't flush system prefs: java.util.prefs.BackingStoreException: Couldn't get file lock.
2025-09-21 10:42:12,697 [ERROR] LogOutputStream:75 - [STDERR_REDIRECT] 
2025-09-21 10:42:42,696 [ERROR] LogOutputStream:75 - [STDERR_REDIRECT] Sep 21, 2025 10:42:42 AM java.util.prefs.FileSystemPreferences checkLockFile0ErrorCode
2025-09-21 10:42:42,696 [ERROR] LogOutputStream:75 - [STDERR_REDIRECT] WARNING: Could not lock System prefs. Unix error code 2.
2025-09-21 10:42:42,696 [ERROR] LogOutputStream:75 - [STDERR_REDIRECT] 
2025-09-21 10:42:42,697 [ERROR] LogOutputStream:75 - [STDERR_REDIRECT] Sep 21, 2025 10:42:42 AM java.util.prefs.FileSystemPreferences syncWorld
2025-09-21 10:42:42,697 [ERROR] LogOutputStream:75 - [STDERR_REDIRECT] WARNING: Couldn't flush system prefs: java.util.prefs.BackingStoreException: Couldn't get file lock.
2025-09-21 10:42:42,697 [ERROR] LogOutputStream:75 - [STDERR_REDIRECT] 
2025-09-21 10:43:12,696 [ERROR] LogOutputStream:75 - [STDERR_REDIRECT] Sep 21, 2025 10:43:12 AM java.util.prefs.FileSystemPreferences checkLockFile0ErrorCode
2025-09-21 10:43:12,696 [ERROR] LogOutputStream:75 - [STDERR_REDIRECT] WARNING: Could not lock System prefs. Unix error code 2.
2025-09-21 10:43:12,696 [ERROR] LogOutputStream:75 - [STDERR_REDIRECT] 
2025-09-21 10:43:12,697 [ERROR] LogOutputStream:75 - [STDERR_REDIRECT] Sep 21, 2025 10:43:12 AM java.util.prefs.FileSystemPreferences syncWorld
2025-09-21 10:43:12,697 [ERROR] LogOutputStream:75 - [STDERR_REDIRECT] WARNING: Couldn't flush system prefs: java.util.prefs.BackingStoreException: Couldn't get file lock.
2025-09-21 10:43:12,697 [ERROR] LogOutputStream:75 - [STDERR_REDIRECT] 
2025-09-21 10:43:42,696 [ERROR] LogOutputStream:75 - [STDERR_REDIRECT] Sep 21, 2025 10:43:42 AM java.util.prefs.FileSystemPreferences checkLockFile0ErrorCode
2025-09-21 10:43:42,696 [ERROR] LogOutputStream:75 - [STDERR_REDIRECT] WARNING: Could not lock System prefs. Unix error code 2.
2025-09-21 10:43:42,697 [ERROR] LogOutputStream:75 - [STDERR_REDIRECT] 
2025-09-21 10:43:42,697 [ERROR] LogOutputStream:75 - [STDERR_REDIRECT] Sep 21, 2025 10:43:42 AM java.util.prefs.FileSystemPreferences syncWorld
2025-09-21 10:43:42,697 [ERROR] LogOutputStream:75 - [STDERR_REDIRECT] WARNING: Couldn't flush system prefs: java.util.prefs.BackingStoreException: Couldn't get file lock.
2025-09-21 10:43:42,697 [ERROR] LogOutputStream:75 - [STDERR_REDIRECT] 
2025-09-21 10:44:12,697 [ERROR] LogOutputStream:75 - [STDERR_REDIRECT] Sep 21, 2025 10:44:12 AM java.util.prefs.FileSystemPreferences checkLockFile0ErrorCode
2025-09-21 10:44:12,698 [ERROR] LogOutputStream:75 - [STDERR_REDIRECT] WARNING: Could not lock System prefs. Unix error code 2.
2025-09-21 10:44:12,698 [ERROR] LogOutputStream:75 - [STDERR_REDIRECT] 
2025-09-21 10:44:12,698 [ERROR] LogOutputStream:75 - [STDERR_REDIRECT] Sep 21, 2025 10:44:12 AM java.util.prefs.FileSystemPreferences syncWorld
2025-09-21 10:44:12,698 [ERROR] LogOutputStream:75 - [STDERR_REDIRECT] WARNING: Couldn't flush system prefs: java.util.prefs.BackingStoreException: Couldn't get file lock.
2025-09-21 10:44:12,698 [ERROR] LogOutputStream:75 - [STDERR_REDIRECT] 
2025-09-21 10:44:42,697 [ERROR] LogOutputStream:75 - [STDERR_REDIRECT] Sep 21, 2025 10:44:42 AM java.util.prefs.FileSystemPreferences checkLockFile0ErrorCode
2025-09-21 10:44:42,697 [ERROR] LogOutputStream:75 - [STDERR_REDIRECT] WARNING: Could not lock System prefs. Unix error code 2.
2025-09-21 10:44:42,697 [ERROR] LogOutputStream:75 - [STDERR_REDIRECT] 
2025-09-21 10:44:42,697 [ERROR] LogOutputStream:75 - [STDERR_REDIRECT] Sep 21, 2025 10:44:42 AM java.util.prefs.FileSystemPreferences syncWorld
2025-09-21 10:44:42,698 [ERROR] LogOutputStream:75 - [STDERR_REDIRECT] WARNING: Couldn't flush system prefs: java.util.prefs.BackingStoreException: Couldn't get file lock.
2025-09-21 10:44:42,698 [ERROR] LogOutputStream:75 - [STDERR_REDIRECT] 
2025-09-21 10:44:42,883 [INFO] McuFinderGlobals:63 - Set McuFinder mode to 2 (CubeIDE integrated)
2025-09-21 10:44:43,462 [INFO] MainUpdater:2872 - connection check result : 10
2025-09-21 10:44:43,462 [INFO] MainUpdater:2872 - connection check result : 10
2025-09-21 10:44:43,482 [INFO] MicroXplorer:468 - Change Database Path : 
2025-09-21 10:44:43,482 [INFO] MicroXplorer:498 - Change Database Version : DB.6.0.150
2025-09-21 10:44:43,486 [WARN] ThirdParty:871 - waiting for thirdparty lock release [close project]
2025-09-21 10:44:43,487 [INFO] ThirdParty:873 - entering critical section [close project]
2025-09-21 10:44:43,487 [INFO] ThirdParty:883 - exiting critical section [close project]
2025-09-21 10:44:43,490 [INFO] PinOutPanel:1589 - setPackage(No Configuration,No Configuration)
2025-09-21 10:44:43,491 [INFO] UtilMem:75 - Begin LoadConfig() Used Memory: 161520448 Bytes (300941312)
2025-09-21 10:44:43,493 [INFO] MicroXplorer:468 - Change Database Path : 
2025-09-21 10:44:43,493 [INFO] MicroXplorer:498 - Change Database Version : DB.6.0.150
2025-09-21 10:44:43,493 [INFO] OpenFileManager:355 - Change cursor
2025-09-21 10:44:43,534 [INFO] Mcu:2029 - Initializing MCU STM32F446R(C-E)Tx STM32F446RETx STM32F446RET6
2025-09-21 10:44:44,386 [INFO] Context:786 - Trying to add GPIOservice into a context  which must be forbidden
2025-09-21 10:44:44,755 [INFO] ImportTextPane:234 - (OptionalMessage_ERROR) Pin10 (VP_RIF_VS_RIF1) cannot be retrieved for this MCU
2025-09-21 10:44:44,809 [INFO] RtosManager:558 - Registered RTOS mode: class=CMSIS, group=RTOS, mode=CMSIS_V1, owner=FREERTOS
2025-09-21 10:44:44,809 [INFO] RtosManager:558 - Registered RTOS mode: class=CMSIS, group=RTOS2, mode=CMSIS_V2, owner=FREERTOS
2025-09-21 10:44:44,810 [INFO] RtosManager:558 - Registered RTOS mode: class=RTOS, group=Core, mode=CMSIS_V1, owner=FREERTOS
2025-09-21 10:44:44,810 [INFO] RtosManager:558 - Registered RTOS mode: class=RTOS, group=Core, mode=CMSIS_V2, owner=FREERTOS
2025-09-21 10:44:44,810 [WARN] ModelIntegratedComponent:184 - Missing modes for component STMicroelectronics:FreeRTOS:0.0.1:STMicroelectronics:RTOS:FreeRTOS:Core:::10.2.0:
2025-09-21 10:44:44,823 [WARN] ModelIntegratedComponent:63 - No mode defined for component null
2025-09-21 10:44:44,823 [WARN] ModelIntegratedComponent:63 - No mode defined for component null
2025-09-21 10:44:44,823 [WARN] ModelIntegratedComponent:63 - No mode defined for component null
2025-09-21 10:44:44,823 [WARN] ModelIntegratedComponent:63 - No mode defined for component null
2025-09-21 10:44:44,823 [WARN] ModelIntegratedComponent:63 - No mode defined for component null
2025-09-21 10:44:44,823 [WARN] ModelIntegratedComponent:63 - No mode defined for component null
2025-09-21 10:44:44,823 [WARN] ModelIntegratedComponent:63 - No mode defined for component null
2025-09-21 10:44:44,823 [WARN] ModelIntegratedComponent:63 - No mode defined for component null
2025-09-21 10:44:44,823 [WARN] ModelIntegratedComponent:63 - No mode defined for component null
2025-09-21 10:44:44,823 [WARN] ModelIntegratedComponent:63 - No mode defined for component null
2025-09-21 10:44:44,823 [WARN] ModelIntegratedComponent:63 - No mode defined for component null
2025-09-21 10:44:44,823 [WARN] ModelIntegratedComponent:63 - No mode defined for component null
2025-09-21 10:44:44,823 [WARN] ModelIntegratedComponent:63 - No mode defined for component null
2025-09-21 10:44:44,823 [WARN] ModelIntegratedComponent:63 - No mode defined for component null
2025-09-21 10:44:44,823 [WARN] ModelIntegratedComponent:63 - No mode defined for component null
2025-09-21 10:44:44,824 [WARN] ModelIntegratedComponent:63 - No mode defined for component null
2025-09-21 10:44:44,824 [WARN] ModelIntegratedComponent:63 - No mode defined for component null
2025-09-21 10:44:44,824 [WARN] ModelIntegratedComponent:63 - No mode defined for component null
2025-09-21 10:44:44,824 [WARN] ModelIntegratedComponent:63 - No mode defined for component null
2025-09-21 10:44:44,824 [WARN] ModelIntegratedComponent:63 - No mode defined for component null
2025-09-21 10:44:44,824 [WARN] ModelIntegratedComponent:63 - No mode defined for component null
2025-09-21 10:44:44,824 [WARN] ModelIntegratedComponent:63 - No mode defined for component null
2025-09-21 10:44:44,824 [WARN] ModelIntegratedComponent:63 - No mode defined for component null
2025-09-21 10:44:44,824 [WARN] ModelIntegratedComponent:63 - No mode defined for component null
2025-09-21 10:44:44,824 [WARN] ModelIntegratedComponent:63 - No mode defined for component null
2025-09-21 10:44:44,824 [WARN] ModelIntegratedComponent:63 - No mode defined for component null
2025-09-21 10:44:44,824 [WARN] ModelIntegratedComponent:63 - No mode defined for component null
2025-09-21 10:44:44,824 [WARN] ModelIntegratedComponent:63 - No mode defined for component null
2025-09-21 10:44:44,824 [WARN] ModelIntegratedComponent:63 - No mode defined for component null
2025-09-21 10:44:44,824 [WARN] ModelIntegratedComponent:63 - No mode defined for component null
2025-09-21 10:44:44,824 [WARN] ModelIntegratedComponent:63 - No mode defined for component null
2025-09-21 10:44:44,824 [WARN] ModelIntegratedComponent:63 - No mode defined for component null
2025-09-21 10:44:44,824 [WARN] ModelIntegratedComponent:63 - No mode defined for component null
2025-09-21 10:44:44,824 [WARN] ModelIntegratedComponent:63 - No mode defined for component null
2025-09-21 10:44:44,824 [WARN] ModelIntegratedComponent:63 - No mode defined for component null
2025-09-21 10:44:44,825 [WARN] ModelPack:524 - Component already loaded: STMicroelectronics:HAL Drivers:0.0.0:STMicroelectronics:Device:STMicro_Driver:XSPI:HAL::0.0.1:HAL_XSPI
2025-09-21 10:44:44,887 [INFO] ThirdPartyModel:298 - Start build external matchings
2025-09-21 10:44:45,084 [INFO] ThirdPartyModel:316 - End build external matchings
2025-09-21 10:44:45,098 [INFO] ImportTextPane:234 - (OptionalMessage_ERROR) IP (RCC) : Invalid parameter (FamilyName)
2025-09-21 10:44:45,099 [INFO] ImportTextPane:234 - (OptionalMessage_ERROR) IP (RCC) : Parameter (SDIOFreq_Value) has invalid value (84000000)
2025-09-21 10:44:45,099 [INFO] ImportTextPane:234 - (OptionalMessage_ERROR) IP (RCC) : Parameter (USBFreq_Value) has invalid value (84000000)
2025-09-21 10:44:45,279 [INFO] ApiDb:581 - Connected to CubeFinder SQLite database (/home/tomas1908/.stmcufinder/plugins/mcufinder/mcu/cube-finder-db.db)
2025-09-21 10:44:45,308 [INFO] ApiDb:668 - CubeFinder database Data Model version=2.1
2025-09-21 10:44:45,308 [INFO] ApiDb:669 - CubeFinder database Configuration version=3.0.39
2025-09-21 10:44:45,309 [INFO] ApiDb:670 - CubeFinder database generation date=2025-07-24 (1753349077)
2025-09-21 10:44:45,309 [INFO] ApiDb:671 - CubeFinder database FW Pack versions=[FP-ATR-ASTRA1_V2.0.0, FP-SNS-FLIGHT1_V5.1.0, FP-SNS-MOTENV1_V5.0.0, FP-SNS-MOTENVWB1_V1.4.0, FP-SNS-SMARTAG2_V1.2.0, FP-SNS-STBOX1_V2.0.0, STM32Cube_FW_C0_V1.4.0, STM32Cube_FW_F4_V1.28.2, STM32Cube_FW_F7_V1.17.3, STM32Cube_FW_G0_V1.6.2, STM32Cube_FW_G4_V1.6.1, STM32Cube_FW_H5_V1.5.0, STM32Cube_FW_H7RS_V1.2.0, STM32Cube_FW_H7_V1.12.1, STM32Cube_FW_L0_V1.12.2, STM32Cube_FW_L4_V1.18.1, STM32Cube_FW_L5_V1.5.1, STM32Cube_FW_N6_V1.2.0, STM32Cube_FW_U0_V1.3.0, STM32Cube_FW_U3_V1.2.0, STM32Cube_FW_U5_V1.8.0, STM32Cube_FW_WB0_V1.3.0, STM32Cube_FW_WBA_V1.7.0, STM32Cube_FW_WB_V1.23.0, STM32Cube_FW_WL3_V1.2.0, STM32Cube_FW_WL_V1.3.1, X-CUBE-ALGOBUILD_V1.4.0, X-CUBE-ALS_V1.0.2, X-CUBE-AZRTOS-F4_V1.1.0, X-CUBE-AZRTOS-F7_V1.1.0, X-CUBE-AZRTOS-G0_V1.1.0, X-CUBE-AZRTOS-G4_V2.0.0, X-CUBE-AZRTOS-H7RS_V1.1.0, X-CUBE-AZRTOS-H7_V3.4.0, X-CUBE-AZRTOS-L4_V2.0.0, X-CUBE-AZRTOS-L5_V2.0.0, X-CUBE-AZRTOS-WB_V2.0.0, X-CUBE-AZRTOS-WL_V2.0.0, X-CUBE-BLE1_V7.1.0, X-CUBE-BLE2_V3.3.0, X-CUBE-BLEMGR_V4.1.0, X-CUBE-EEPRMA1_V5.2.0, X-CUBE-FREERTOS_V1.3.1, X-CUBE-GNSS1_V6.0.0, X-CUBE-MEMS1_V11.3.0, X-CUBE-NFC4_V3.0.0, X-CUBE-NFC7_V2.0.0, X-CUBE-SFXS2LP1_V4.0.0, X-CUBE-ST67W61_V1.0.0, X-CUBE-SUBG2_V5.0.0, X-CUBE-TOF1_V3.4.3]
2025-09-21 10:44:45,349 [INFO] DbBoardsSqlite:226 - include board P-NUCLEO-WB55-NUCLEO as a kit item of type 'Nucleo-64'
2025-09-21 10:44:45,350 [INFO] DbBoardsSqlite:226 - include board P-NUCLEO-WB55-USBDONGLE as a kit item of type 'Nucleo USB Dongle'
2025-09-21 10:44:45,350 [INFO] DbBoardsSqlite:226 - include board STEVAL-IDP005V1 as a kit item of type 'Evaluation Board'
2025-09-21 10:44:45,350 [INFO] DbBoardsSqlite:226 - include board STEVAL-IDP005V2 as a kit item of type 'Evaluation Board'
2025-09-21 10:44:45,381 [INFO] ApiDb:240 - Found 880 in-development CPN: [B-G473E-ZEST1S, B-WB1M-WPAN1, B-WBA5M-WPAN, B-WL5M-SUBG1, NUCLEO-C031C6, NUCLEO-C051C8, NUCLEO-C071RB, NUCLEO-C092RC, NUCLEO-H503RB, NUCLEO-H533RE, NUCLEO-H563ZI, NUCLEO-H7S3L8, NUCLEO-N657X0-Q, NUCLEO-U031R8, NUCLEO-U083RC, NUCLEO-U385RG-Q, NUCLEO-U545RE-Q, NUCLEO-U5A5ZJ-Q, NUCLEO-WB05KZ, NUCLEO-WB07CC, NUCLEO-WB09KE, NUCLEO-WBA52CG, NUCLEO-WBA55CG, NUCLEO-WL33CC1, NUCLEO-WL33CC2, STEVAL-PROTEUS1, STEVAL-SMARTAG2, STEVAL-STWINBX1, STM320518-EVAL, STM32C0116-DK, STM32C011D6Y3TR, STM32C011D6Y6TR, STM32C011F4P3, STM32C011F4P6, STM32C011F4U3, STM32C011F4U6TR, STM32C011F6P3, STM32C011F6P6, STM32C011F6U3, STM32C011F6U6TR, STM32C011J4M3, STM32C011J4M6, STM32C011J6M3, STM32C011J6M6, STM32C0316-DK, STM32C031C4T3, STM32C031C4T6, STM32C031C4U3, STM32C031C4U6, STM32C031C6T3, STM32C031C6T6, STM32C031C6U3, STM32C031C6U6, STM32C031F4P3, STM32C031F4P6, STM32C031F6P3, STM32C031F6P6, STM32C031G4U3, STM32C031G4U6, STM32C031G6U3, STM32C031G6U6, STM32C031K4T3, STM32C031K4T6, STM32C031K4U3, STM32C031K4U6, STM32C031K6T3, STM32C031K6T6, STM32C031K6U3, STM32C031K6U6, STM32C051C6T6, STM32C051C6U6, STM32C051C8T6, STM32C051C8U6, STM32C051D8Y6TR, STM32C051F6P6, STM32C051F8P6, STM32C051G6U6, STM32C051G8U6, STM32C051K6T6, STM32C051K6U6, STM32C051K8T6, STM32C071C8T6, STM32C071C8T6N, STM32C071C8U6, STM32C071C8U6N, STM32C071CBT6, STM32C071CBT6N, STM32C071CBU6, STM32C071CBU6N, STM32C071F8P6, STM32C071F8P6N, STM32C071FBP6, STM32C071FBP6N, STM32C071FBY6TR, STM32C071G8U6, STM32C071G8U6N, STM32C071GBU6, STM32C071GBU6N, STM32C071K8T6, STM32C071K8T6N, STM32C071K8U6, STM32C071K8U6N, STM32C071KBT6, STM32C071KBT6N, STM32C071KBU6, STM32C071KBU6N, STM32C071R8T6, STM32C071R8T6N, STM32C071RBI6N, STM32C071RBT6, STM32C071RBT6N, STM32C091CBT6, STM32C091CBU6, STM32C091CCT6, STM32C091CCU6, STM32C091ECY6TR, STM32C091FBP6, STM32C091FCP6, STM32C091GBU6, STM32C091GCU6, STM32C091KBT6, STM32C091KBU6, STM32C091KCT6, STM32C091KCU6, STM32C091RBT6, STM32C091RCI6, STM32C091RCT6, STM32C092CBT6, STM32C092CBU6, STM32C092CCT6, STM32C092CCU6, STM32C092ECY6TR, STM32C092FBP6, STM32C092FCP6, STM32C092GBU6, STM32C092GCU6, STM32C092KBT6, STM32C092KBU6, STM32C092KCT6, STM32C092KCU6, STM32C092RBT6, STM32C092RCI6, STM32C092RCT6, STM32G071K8TXN, STM32G071K8UXN, STM32G081GBU6N, STM32G081KBT6N, STM32G081KBUXN, STM32G0B1CCT6N, STM32G0B1KCT6, STM32G0B1NEY6TR, STM32G0B1RCT6N, STM32G0C1CCT6, STM32G0C1CCT6N, STM32G0C1CCU6N, STM32G0C1CET6N, STM32G0C1CEU6N, STM32G0C1KCT6, STM32G0C1NEY6TR, STM32G0C1RCI6N, STM32G0C1RCT6N, STM32G0C1REI6N, STM32G0C1RET6N, STM32G0C1VCI6, STM32G0C1VEI6, STM32G411C6T3, STM32G411C6T6, STM32G411C6U3, STM32G411C6U6, STM32G411C8T3, STM32G411C8T6, STM32G411C8U3, STM32G411C8U6, STM32G411CBT3, STM32G411CBT6, STM32G411CBU3, STM32G411CBU6, STM32G411K6T3, STM32G411K6T6, STM32G411K6U3, STM32G411K6U6, STM32G411K8T3, STM32G411K8T6, STM32G411K8U3, STM32G411K8U6, STM32G411KBT3, STM32G411KBT6, STM32G411KBU3, STM32G411KBU6, STM32G411M6T3, STM32G411M6T6, STM32G411M8T3, STM32G411M8T6, STM32G411MBT3, STM32G411MBT6, STM32G411R6T3, STM32G411R6T6, STM32G411R8T3, STM32G411R8T6, STM32G411RBT3, STM32G411RBT6, STM32G414CBT3, STM32G414CBT6, STM32G414CBU3, STM32G414CBU6, STM32G414CCT3, STM32G414CCT6, STM32G414CCU3, STM32G414CCU6, STM32G414MBT3, STM32G414MBT6, STM32G414MCT3, STM32G414MCT6, STM32G414RBT3, STM32G414RBT6, STM32G414RCT3, STM32G414RCT6, STM32G414VBT3, STM32G414VBT6, STM32G414VCT3, STM32G414VCT6, STM32G431CBT3Z, STM32G431RBT3Z, STM32G471CCT6, STM32G471CCU6, STM32G471CET3, STM32G471CET6, STM32G471CEU3, STM32G471CEU6, STM32G471MCT6, STM32G471MET3, STM32G471MET6, STM32G471MEY6TR, STM32G471QCT6, STM32G471QET3, STM32G471RCT6, STM32G471RET3, STM32G471RET6, STM32G471VCH6, STM32G471VCI6, STM32G471VCT6, STM32G471VEH3, STM32G471VEH6, STM32G471VEI3, STM32G471VEI6, STM32G471VET3, STM32G471VET6, STM32G473QET3Z, STM32G473RET3Z, STM32G474CCT6, STM32G491RET3Z, STM32H503CBT6, STM32H503CBU6, STM32H503EBY6TR, STM32H503KBU6, STM32H503RBT6, STM32H523CCT6, STM32H523CCU6, STM32H523CET6, STM32H523CEU6, STM32H523HEY6TR, STM32H523RCT6, STM32H523RET6, STM32H523VCI6, STM32H523VCT6, STM32H523VEI6, STM32H523VET6, STM32H523ZCJ6, STM32H523ZCT6, STM32H523ZEJ6, STM32H523ZET6, STM32H533CET6, STM32H533CEU6, STM32H533HEY6TR, STM32H533RET6, STM32H533VEI6, STM32H533VET6, STM32H533ZEJ6, STM32H533ZET6, STM32H562AGI6, STM32H562AII6, STM32H562IGK6, STM32H562IGT6, STM32H562IIK6, STM32H562IIT6, STM32H562RGT6, STM32H562RGV6, STM32H562RIT6, STM32H562RIV6, STM32H562VGT6, STM32H562VIT6, STM32H562ZGT6, STM32H562ZIT6, STM32H563AGI6, STM32H563AII3Q, STM32H563AII6, STM32H563IGK6, STM32H563IGT6, STM32H563IIK3Q, STM32H563IIK6, STM32H563IIT3Q, STM32H563IIT6, STM32H563MIY3QTR, STM32H563RGT6, STM32H563RGV6, STM32H563RIT6, STM32H563RIV6, STM32H563VGT6, STM32H563VIT3Q, STM32H563VIT6, STM32H563ZGT6, STM32H563ZIT3Q, STM32H563ZIT6, STM32H573AII3Q, STM32H573AII6, STM32H573I-DK, STM32H573IIK3Q, STM32H573IIK6, STM32H573IIT3Q, STM32H573IIT6, STM32H573MIY3QTR, STM32H573RIT6, STM32H573RIV6, STM32H573VIT3Q, STM32H573VIT6, STM32H573ZIT3Q, STM32H573ZIT6, STM32H7R3A8I6, STM32H7R3I8K6, STM32H7R3I8T6, STM32H7R3L8H6, STM32H7R3L8H6H, STM32H7R3R8V6, STM32H7R3V8H6, STM32H7R3V8T6, STM32H7R3V8Y6TR, STM32H7R3Z8J6, STM32H7R3Z8T6, STM32H7R7A8I6, STM32H7R7I8K6, STM32H7R7I8T6, STM32H7R7L8H6, STM32H7R7L8H6H, STM32H7R7Z8J6, STM32H7S3A8I6, STM32H7S3I8K6, STM32H7S3I8T6, STM32H7S3L8H6, STM32H7S3L8H6H, STM32H7S3R8V6, STM32H7S3V8H6, STM32H7S3V8T6, STM32H7S3V8Y6TR, STM32H7S3Z8J6, STM32H7S3Z8T6, STM32H7S78-DK, STM32H7S7A8I6, STM32H7S7I8K6, STM32H7S7I8T6, STM32H7S7L8H6, STM32H7S7L8H6H, STM32H7S7Z8J6, STM32L4R5QGI6STR, STM32MP131AAE3, STM32MP131AAF3, STM32MP131AAG3, STM32MP131CAE3, STM32MP131CAF3, STM32MP131CAG3, STM32MP131DAE7, STM32MP131DAF7, STM32MP131DAG7, STM32MP131FAE7, STM32MP131FAF7, STM32MP131FAG7, STM32MP133AAE3, STM32MP133AAF3, STM32MP133AAG3, STM32MP133CAE3, STM32MP133CAF3, STM32MP133CAG3, STM32MP133DAE7, STM32MP133DAF7, STM32MP133DAG7, STM32MP133FAE7, STM32MP133FAF7, STM32MP133FAG7, STM32MP135AAE3, STM32MP135AAF3, STM32MP135AAG3, STM32MP135CAE3, STM32MP135CAF3, STM32MP135CAG3, STM32MP135DAE7, STM32MP135DAF7, STM32MP135DAG7, STM32MP135F-DK, STM32MP135FAE7, STM32MP135FAF7, STM32MP135FAF7T, STM32MP135FAF7U, STM32MP135FAG7, STM32MP211AAL3, STM32MP211AAM3, STM32MP211AAN3, STM32MP211AAO3, STM32MP211CAL3, STM32MP211CAM3, STM32MP211CAN3, STM32MP211CAO3, STM32MP211DAL3, STM32MP211DAM3, STM32MP211DAN3, STM32MP211DAO3, STM32MP211FAL3, STM32MP211FAM3, STM32MP211FAN3, STM32MP211FAO3, STM32MP213AAL3, STM32MP213AAM3, STM32MP213AAN3, STM32MP213AAO3, STM32MP213CAL3, STM32MP213CAM3, STM32MP213CAN3, STM32MP213CAO3, STM32MP213DAL3, STM32MP213DAM3, STM32MP213DAN3, STM32MP213DAO3, STM32MP213FAL3, STM32MP213FAM3, STM32MP213FAN3, STM32MP213FAO3, STM32MP215AAL3, STM32MP215AAM3, STM32MP215AAN3, STM32MP215AAO3, STM32MP215CAL3, STM32MP215CAM3, STM32MP215CAN3, STM32MP215CAO3, STM32MP215DAL3, STM32MP215DAM3, STM32MP215DAN3, STM32MP215DAO3, STM32MP215F-DK, STM32MP215FAL3, STM32MP215FAM3, STM32MP215FAN3, STM32MP215FAO3, STM32MP231AAJ3, STM32MP231AAK3, STM32MP231AAL3, STM32MP231CAJ3, STM32MP231CAK3, STM32MP231CAL3, STM32MP231DAJ3, STM32MP231DAK3, STM32MP231DAL3, STM32MP231FAJ3, STM32MP231FAK3, STM32MP231FAL3, STM32MP233AAJ3, STM32MP233AAK3, STM32MP233AAL3, STM32MP233CAJ3, STM32MP233CAK3, STM32MP233CAL3, STM32MP233DAJ3, STM32MP233DAK3, STM32MP233DAL3, STM32MP233FAJ3, STM32MP233FAK3, STM32MP233FAL3, STM32MP235AAJ3, STM32MP235AAK3, STM32MP235AAL3, STM32MP235CAJ3, STM32MP235CAK3, STM32MP235CAL3, STM32MP235DAJ3, STM32MP235DAK3, STM32MP235DAL3, STM32MP235FAJ3, STM32MP235FAK3, STM32MP235FAL3, STM32MP251AAI3, STM32MP251AAK3, STM32MP251AAL3, STM32MP251CAI3, STM32MP251CAK3, STM32MP251CAL3, STM32MP251DAI3, STM32MP251DAK3, STM32MP251DAL3, STM32MP251FAI3, STM32MP251FAK3, STM32MP251FAL3, STM32MP253AAI3, STM32MP253AAK3, STM32MP253AAL3, STM32MP253CAI3, STM32MP253CAK3, STM32MP253CAL3, STM32MP253DAI3, STM32MP253DAK3, STM32MP253DAL3, STM32MP253FAI3, STM32MP253FAK3, STM32MP253FAL3, STM32MP255AAI3, STM32MP255AAK3, STM32MP255AAL3, STM32MP255CAI3, STM32MP255CAK3, STM32MP255CAL3, STM32MP255DAI3, STM32MP255DAK3, STM32MP255DAL3, STM32MP255FAI3, STM32MP255FAK3, STM32MP255FAL3, STM32MP257AAI3, STM32MP257AAK3, STM32MP257AAL3, STM32MP257CAI3, STM32MP257CAK3, STM32MP257CAL3, STM32MP257DAI3, STM32MP257DAK3, STM32MP257DAL3, STM32MP257F-DK, STM32MP257F-EV1, STM32MP257FAI3, STM32MP257FAK3, STM32MP257FAL3, STM32N645A0H3Q, STM32N645B0H3Q, STM32N645I0H3Q, STM32N645L0H3Q, STM32N645X0H3Q, STM32N645Z0H3Q, STM32N647A0H3Q, STM32N647B0H3Q, STM32N647I0H3Q, STM32N647L0H3Q, STM32N647X0H3Q, STM32N647Z0H3Q, STM32N655A0H3Q, STM32N655B0H3Q, STM32N655I0H3Q, STM32N655L0H3Q, STM32N655X0H3Q, STM32N655Z0H3Q, STM32N6570-DK, STM32N657A0H3Q, STM32N657B0H3Q, STM32N657I0H3Q, STM32N657L0H3Q, STM32N657X0H3Q, STM32N657Z0H3Q, STM32U031C6T6, STM32U031C6U6, STM32U031C8T6, STM32U031C8U6, STM32U031F4P6, STM32U031F6P6, STM32U031F8P6, STM32U031G6Y6TR, STM32U031G8Y6TR, STM32U031K4U6, STM32U031K6U6, STM32U031K8U6, STM32U031R6I6, STM32U031R6T6, STM32U031R8I6, STM32U031R8T6, STM32U073C8T6, STM32U073C8U6, STM32U073CBT6, STM32U073CBU6, STM32U073CCT6, STM32U073CCU6, STM32U073H8Y6TR, STM32U073HBY6TR, STM32U073HCY6TR, STM32U073K8U6, STM32U073KBU6, STM32U073KCU6, STM32U073M8I6, STM32U073M8T6, STM32U073MBI6, STM32U073MBT6, STM32U073MCI6, STM32U073MCT6, STM32U073R8I6, STM32U073R8T6, STM32U073RBI6, STM32U073RBT6, STM32U073RCI6, STM32U073RCT6, STM32U083C-DK, STM32U083CCT6, STM32U083CCU6, STM32U083HCY6TR, STM32U083KCU6, STM32U083MCI6, STM32U083MCT6, STM32U083RCI6, STM32U083RCT6, STM32U375CET6, STM32U375CET6Q, STM32U375CEU6, STM32U375CEU6Q, STM32U375CEY6QTR, STM32U375CGT6, STM32U375CGT6Q, STM32U375CGU6, STM32U375CGU6Q, STM32U375CGY6QTR, STM32U375KEU6, STM32U375KGU6, STM32U375REI6, STM32U375REI6Q, STM32U375RET6, STM32U375RET6Q, STM32U375REY6GTR, STM32U375REY6QTR, STM32U375RGI6, STM32U375RGI6Q, STM32U375RGT6, STM32U375RGT6Q, STM32U375RGY6GTR, STM32U375RGY6QTR, STM32U375VEI6, STM32U375VEI6Q, STM32U375VET6, STM32U375VET6Q, STM32U375VGI6, STM32U375VGI6Q, STM32U375VGT6, STM32U375VGT6Q, STM32U385CGT6, STM32U385CGT6Q, STM32U385CGU6, STM32U385CGU6Q, STM32U385CGY6QTR, STM32U385KGU6, STM32U385RGI6, STM32U385RGI6Q, STM32U385RGT6, STM32U385RGT6Q, STM32U385RGY6GTR, STM32U385RGY6QTR, STM32U385VGI6, STM32U385VGI6Q, STM32U385VGT6, STM32U385VGT6Q, STM32U535CBT6, STM32U535CBT6Q, STM32U535CBU6, STM32U535CBU6Q, STM32U535CCT6, STM32U535CCT6Q, STM32U535CCU6, STM32U535CCU6Q, STM32U535CET6, STM32U535CET6Q, STM32U535CEU6, STM32U535CEU6Q, STM32U535JEY6QTR, STM32U535NCY6QTR, STM32U535NEY6QTR, STM32U535RBI6, STM32U535RBI6Q, STM32U535RBT6, STM32U535RBT6Q, STM32U535RCI6, STM32U535RCI6Q, STM32U535RCT6, STM32U535RCT6Q, STM32U535REI6, STM32U535REI6Q, STM32U535RET6, STM32U535RET6Q, STM32U535VCI6, STM32U535VCI6Q, STM32U535VCT6, STM32U535VCT6Q, STM32U535VEI6, STM32U535VEI6Q, STM32U535VET6, STM32U535VET6Q, STM32U545CET6, STM32U545CET6Q, STM32U545CEU6, STM32U545CEU6Q, STM32U545JEY6QTR, STM32U545NEY6QTR, STM32U545REI6, STM32U545REI6Q, STM32U545RET6, STM32U545RET6Q, STM32U545VEI6, STM32U545VEI6Q, STM32U545VET6, STM32U545VET6Q, STM32U595AIH6, STM32U595AIH6Q, STM32U595AJH6, STM32U595AJH6Q, STM32U595QII6, STM32U595QII6Q, STM32U595QJI6, STM32U595QJI6Q, STM32U595RIT6, STM32U595RIT6Q, STM32U595RJT6, STM32U595RJT6Q, STM32U595VIT6, STM32U595VIT6Q, STM32U595VJT6, STM32U595VJT6Q, STM32U595ZIT6, STM32U595ZIT6Q, STM32U595ZIY6QTR, STM32U595ZJT6, STM32U595ZJT6Q, STM32U595ZJY6QTR, STM32U599BJY6QTR, STM32U599NIH6Q, STM32U599NJH6Q, STM32U599VIT6Q, STM32U599VJT6, STM32U599VJT6Q, STM32U599ZIT6Q, STM32U599ZIY6QTR, STM32U599ZJT6Q, STM32U599ZJY6QTR, STM32U5A5AJH6, STM32U5A5AJH6Q, STM32U5A5QII3Q , STM32U5A5QJI6, STM32U5A5QJI6Q, STM32U5A5RJT6, STM32U5A5RJT6Q, STM32U5A5VJT6, STM32U5A5VJT6Q, STM32U5A5ZJT6, STM32U5A5ZJT6Q, STM32U5A5ZJY6QTR, STM32U5A9BJY6QTR, STM32U5A9J-DK, STM32U5A9NJH6Q, STM32U5A9VJT6Q, STM32U5A9ZJT6Q, STM32U5A9ZJY6QTR, STM32U5F7VIT6, STM32U5F7VIT6Q, STM32U5F7VJT6, STM32U5F7VJT6Q, STM32U5F9BJY6QTR, STM32U5F9NJH6Q, STM32U5F9VIT6Q, STM32U5F9VJT6Q, STM32U5F9ZIJ6QTR, STM32U5F9ZIT6Q, STM32U5F9ZJJ6QTR, STM32U5F9ZJT6Q, STM32U5G7VJT6, STM32U5G7VJT6Q, STM32U5G9BJY6QTR, STM32U5G9J-DK1, STM32U5G9J-DK2, STM32U5G9NJH6Q, STM32U5G9VJT6Q, STM32U5G9ZJJ6QTR, STM32U5G9ZJT6Q, STM32WB05KZV6TR, STM32WB05KZV7TR, STM32WB05TZF6TR, STM32WB05TZF7TR, STM32WB06CCF6TR, STM32WB06CCF7TR, STM32WB06CCV6TR, STM32WB06CCV7TR, STM32WB06KCV6TR, STM32WB06KCV7TR, STM32WB07CCF6TR, STM32WB07CCF7TR, STM32WB07CCV6TR, STM32WB07CCV7TR, STM32WB07KCV6TR, STM32WB07KCV7TR, STM32WB09KEV6TR, STM32WB09KEV7TR, STM32WB09TEF6TR, STM32WB09TEF7TR, STM32WB1MMCH6, STM32WBA50KGU6, STM32WBA50KGU6TR, STM32WBA52CEU6, STM32WBA52CEU6TR, STM32WBA52CEU7, STM32WBA52CEU7TR, STM32WBA52CGU6, STM32WBA52CGU6TR, STM32WBA52CGU6U, STM32WBA52CGU7, STM32WBA52CGU7TR, STM32WBA52KEU6, STM32WBA52KEU6TR, STM32WBA52KGU6, STM32WBA52KGU6TR, STM32WBA54CEU6, STM32WBA54CEU6TR, STM32WBA54CEU7, STM32WBA54CEU7TR, STM32WBA54CGU6, STM32WBA54CGU6TR, STM32WBA54CGU7, STM32WBA54CGU7TR, STM32WBA54KEU6, STM32WBA54KEU6TR, STM32WBA54KEU7, STM32WBA54KEU7TR, STM32WBA54KGU6, STM32WBA54KGU6TR, STM32WBA54KGU7, STM32WBA54KGU7TR, STM32WBA55CEU6, STM32WBA55CEU6TR, STM32WBA55CEU7, STM32WBA55CEU7TR, STM32WBA55CGU6, STM32WBA55CGU6TR, STM32WBA55CGU6U, STM32WBA55CGU7, STM32WBA55CGU7TR, STM32WBA55G-DK1, STM32WBA55HEF6, STM32WBA55HEF7, STM32WBA55HGF6, STM32WBA55HGF7, STM32WBA55UEI6, STM32WBA55UEI6TR, STM32WBA55UEI7, STM32WBA55UEI7TR, STM32WBA55UGI6, STM32WBA55UGI6TR, STM32WBA55UGI7, STM32WBA55UGI7TR, STM32WBA5MMGH6TR, STM32WBA62MGF6, STM32WBA62MIF6, STM32WBA65MGF7, STM32WBA65MIF6, STM32WBA65MIF7, STM32WL30K8V6, STM32WL30KBV6, STM32WL31C8V6, STM32WL31CBV6, STM32WL31K8V6, STM32WL31KBV6, STM32WL33C8V6, STM32WL33C8V6X, STM32WL33CBV6, STM32WL33CBV6X, STM32WL33CCV6, STM32WL33CCV6A, STM32WL33CCV6X, STM32WL33K8V7, STM32WL33K8V7X, STM32WL33KBV7 , STM32WL33KBV7X, STM32WL33KCV7, STM32WL33KCV7X, STM32WL5MOCH6, STM32WL5MOCH6TR]
2025-09-21 10:44:45,463 [INFO] BoardInfo:889 - No configuration file found for board P-NUCLEO-WB55
2025-09-21 10:44:45,463 [INFO] DbBoards:161 - Kit is not supported: P-NUCLEO-WB55
2025-09-21 10:44:45,466 [INFO] BoardInfo:889 - No configuration file found for board STEVAL-BFA001V1B
2025-09-21 10:44:45,466 [INFO] DbBoards:161 - Kit is not supported: STEVAL-BFA001V1B
2025-09-21 10:44:45,466 [INFO] BoardInfo:889 - No configuration file found for board STEVAL-BFA001V2B
2025-09-21 10:44:45,466 [INFO] DbBoards:161 - Kit is not supported: STEVAL-BFA001V2B
2025-09-21 10:44:45,525 [INFO] DbBoards:168 - Found 212 boards, 209 are supported
2025-09-21 10:44:45,525 [INFO] DbBoards:169 - Found 212 boards, 43 of them is supported for  Bsp
2025-09-21 10:44:45,527 [INFO] ApiDb:668 - CubeFinder database Data Model version=2.1
2025-09-21 10:44:45,527 [INFO] ApiDb:669 - CubeFinder database Configuration version=3.0.39
2025-09-21 10:44:45,527 [INFO] ApiDb:670 - CubeFinder database generation date=2025-07-24 (1753349077)
2025-09-21 10:44:45,527 [INFO] ApiDb:671 - CubeFinder database FW Pack versions=[FP-ATR-ASTRA1_V2.0.0, FP-SNS-FLIGHT1_V5.1.0, FP-SNS-MOTENV1_V5.0.0, FP-SNS-MOTENVWB1_V1.4.0, FP-SNS-SMARTAG2_V1.2.0, FP-SNS-STBOX1_V2.0.0, STM32Cube_FW_C0_V1.4.0, STM32Cube_FW_F4_V1.28.2, STM32Cube_FW_F7_V1.17.3, STM32Cube_FW_G0_V1.6.2, STM32Cube_FW_G4_V1.6.1, STM32Cube_FW_H5_V1.5.0, STM32Cube_FW_H7RS_V1.2.0, STM32Cube_FW_H7_V1.12.1, STM32Cube_FW_L0_V1.12.2, STM32Cube_FW_L4_V1.18.1, STM32Cube_FW_L5_V1.5.1, STM32Cube_FW_N6_V1.2.0, STM32Cube_FW_U0_V1.3.0, STM32Cube_FW_U3_V1.2.0, STM32Cube_FW_U5_V1.8.0, STM32Cube_FW_WB0_V1.3.0, STM32Cube_FW_WBA_V1.7.0, STM32Cube_FW_WB_V1.23.0, STM32Cube_FW_WL3_V1.2.0, STM32Cube_FW_WL_V1.3.1, X-CUBE-ALGOBUILD_V1.4.0, X-CUBE-ALS_V1.0.2, X-CUBE-AZRTOS-F4_V1.1.0, X-CUBE-AZRTOS-F7_V1.1.0, X-CUBE-AZRTOS-G0_V1.1.0, X-CUBE-AZRTOS-G4_V2.0.0, X-CUBE-AZRTOS-H7RS_V1.1.0, X-CUBE-AZRTOS-H7_V3.4.0, X-CUBE-AZRTOS-L4_V2.0.0, X-CUBE-AZRTOS-L5_V2.0.0, X-CUBE-AZRTOS-WB_V2.0.0, X-CUBE-AZRTOS-WL_V2.0.0, X-CUBE-BLE1_V7.1.0, X-CUBE-BLE2_V3.3.0, X-CUBE-BLEMGR_V4.1.0, X-CUBE-EEPRMA1_V5.2.0, X-CUBE-FREERTOS_V1.3.1, X-CUBE-GNSS1_V6.0.0, X-CUBE-MEMS1_V11.3.0, X-CUBE-NFC4_V3.0.0, X-CUBE-NFC7_V2.0.0, X-CUBE-SFXS2LP1_V4.0.0, X-CUBE-ST67W61_V1.0.0, X-CUBE-SUBG2_V5.0.0, X-CUBE-TOF1_V3.4.3]
2025-09-21 10:44:47,289 [INFO] ApiDb:240 - Found 880 in-development CPN: [B-G473E-ZEST1S, B-WB1M-WPAN1, B-WBA5M-WPAN, B-WL5M-SUBG1, NUCLEO-C031C6, NUCLEO-C051C8, NUCLEO-C071RB, NUCLEO-C092RC, NUCLEO-H503RB, NUCLEO-H533RE, NUCLEO-H563ZI, NUCLEO-H7S3L8, NUCLEO-N657X0-Q, NUCLEO-U031R8, NUCLEO-U083RC, NUCLEO-U385RG-Q, NUCLEO-U545RE-Q, NUCLEO-U5A5ZJ-Q, NUCLEO-WB05KZ, NUCLEO-WB07CC, NUCLEO-WB09KE, NUCLEO-WBA52CG, NUCLEO-WBA55CG, NUCLEO-WL33CC1, NUCLEO-WL33CC2, STEVAL-PROTEUS1, STEVAL-SMARTAG2, STEVAL-STWINBX1, STM320518-EVAL, STM32C0116-DK, STM32C011D6Y3TR, STM32C011D6Y6TR, STM32C011F4P3, STM32C011F4P6, STM32C011F4U3, STM32C011F4U6TR, STM32C011F6P3, STM32C011F6P6, STM32C011F6U3, STM32C011F6U6TR, STM32C011J4M3, STM32C011J4M6, STM32C011J6M3, STM32C011J6M6, STM32C0316-DK, STM32C031C4T3, STM32C031C4T6, STM32C031C4U3, STM32C031C4U6, STM32C031C6T3, STM32C031C6T6, STM32C031C6U3, STM32C031C6U6, STM32C031F4P3, STM32C031F4P6, STM32C031F6P3, STM32C031F6P6, STM32C031G4U3, STM32C031G4U6, STM32C031G6U3, STM32C031G6U6, STM32C031K4T3, STM32C031K4T6, STM32C031K4U3, STM32C031K4U6, STM32C031K6T3, STM32C031K6T6, STM32C031K6U3, STM32C031K6U6, STM32C051C6T6, STM32C051C6U6, STM32C051C8T6, STM32C051C8U6, STM32C051D8Y6TR, STM32C051F6P6, STM32C051F8P6, STM32C051G6U6, STM32C051G8U6, STM32C051K6T6, STM32C051K6U6, STM32C051K8T6, STM32C071C8T6, STM32C071C8T6N, STM32C071C8U6, STM32C071C8U6N, STM32C071CBT6, STM32C071CBT6N, STM32C071CBU6, STM32C071CBU6N, STM32C071F8P6, STM32C071F8P6N, STM32C071FBP6, STM32C071FBP6N, STM32C071FBY6TR, STM32C071G8U6, STM32C071G8U6N, STM32C071GBU6, STM32C071GBU6N, STM32C071K8T6, STM32C071K8T6N, STM32C071K8U6, STM32C071K8U6N, STM32C071KBT6, STM32C071KBT6N, STM32C071KBU6, STM32C071KBU6N, STM32C071R8T6, STM32C071R8T6N, STM32C071RBI6N, STM32C071RBT6, STM32C071RBT6N, STM32C091CBT6, STM32C091CBU6, STM32C091CCT6, STM32C091CCU6, STM32C091ECY6TR, STM32C091FBP6, STM32C091FCP6, STM32C091GBU6, STM32C091GCU6, STM32C091KBT6, STM32C091KBU6, STM32C091KCT6, STM32C091KCU6, STM32C091RBT6, STM32C091RCI6, STM32C091RCT6, STM32C092CBT6, STM32C092CBU6, STM32C092CCT6, STM32C092CCU6, STM32C092ECY6TR, STM32C092FBP6, STM32C092FCP6, STM32C092GBU6, STM32C092GCU6, STM32C092KBT6, STM32C092KBU6, STM32C092KCT6, STM32C092KCU6, STM32C092RBT6, STM32C092RCI6, STM32C092RCT6, STM32G071K8TXN, STM32G071K8UXN, STM32G081GBU6N, STM32G081KBT6N, STM32G081KBUXN, STM32G0B1CCT6N, STM32G0B1KCT6, STM32G0B1NEY6TR, STM32G0B1RCT6N, STM32G0C1CCT6, STM32G0C1CCT6N, STM32G0C1CCU6N, STM32G0C1CET6N, STM32G0C1CEU6N, STM32G0C1KCT6, STM32G0C1NEY6TR, STM32G0C1RCI6N, STM32G0C1RCT6N, STM32G0C1REI6N, STM32G0C1RET6N, STM32G0C1VCI6, STM32G0C1VEI6, STM32G411C6T3, STM32G411C6T6, STM32G411C6U3, STM32G411C6U6, STM32G411C8T3, STM32G411C8T6, STM32G411C8U3, STM32G411C8U6, STM32G411CBT3, STM32G411CBT6, STM32G411CBU3, STM32G411CBU6, STM32G411K6T3, STM32G411K6T6, STM32G411K6U3, STM32G411K6U6, STM32G411K8T3, STM32G411K8T6, STM32G411K8U3, STM32G411K8U6, STM32G411KBT3, STM32G411KBT6, STM32G411KBU3, STM32G411KBU6, STM32G411M6T3, STM32G411M6T6, STM32G411M8T3, STM32G411M8T6, STM32G411MBT3, STM32G411MBT6, STM32G411R6T3, STM32G411R6T6, STM32G411R8T3, STM32G411R8T6, STM32G411RBT3, STM32G411RBT6, STM32G414CBT3, STM32G414CBT6, STM32G414CBU3, STM32G414CBU6, STM32G414CCT3, STM32G414CCT6, STM32G414CCU3, STM32G414CCU6, STM32G414MBT3, STM32G414MBT6, STM32G414MCT3, STM32G414MCT6, STM32G414RBT3, STM32G414RBT6, STM32G414RCT3, STM32G414RCT6, STM32G414VBT3, STM32G414VBT6, STM32G414VCT3, STM32G414VCT6, STM32G431CBT3Z, STM32G431RBT3Z, STM32G471CCT6, STM32G471CCU6, STM32G471CET3, STM32G471CET6, STM32G471CEU3, STM32G471CEU6, STM32G471MCT6, STM32G471MET3, STM32G471MET6, STM32G471MEY6TR, STM32G471QCT6, STM32G471QET3, STM32G471RCT6, STM32G471RET3, STM32G471RET6, STM32G471VCH6, STM32G471VCI6, STM32G471VCT6, STM32G471VEH3, STM32G471VEH6, STM32G471VEI3, STM32G471VEI6, STM32G471VET3, STM32G471VET6, STM32G473QET3Z, STM32G473RET3Z, STM32G474CCT6, STM32G491RET3Z, STM32H503CBT6, STM32H503CBU6, STM32H503EBY6TR, STM32H503KBU6, STM32H503RBT6, STM32H523CCT6, STM32H523CCU6, STM32H523CET6, STM32H523CEU6, STM32H523HEY6TR, STM32H523RCT6, STM32H523RET6, STM32H523VCI6, STM32H523VCT6, STM32H523VEI6, STM32H523VET6, STM32H523ZCJ6, STM32H523ZCT6, STM32H523ZEJ6, STM32H523ZET6, STM32H533CET6, STM32H533CEU6, STM32H533HEY6TR, STM32H533RET6, STM32H533VEI6, STM32H533VET6, STM32H533ZEJ6, STM32H533ZET6, STM32H562AGI6, STM32H562AII6, STM32H562IGK6, STM32H562IGT6, STM32H562IIK6, STM32H562IIT6, STM32H562RGT6, STM32H562RGV6, STM32H562RIT6, STM32H562RIV6, STM32H562VGT6, STM32H562VIT6, STM32H562ZGT6, STM32H562ZIT6, STM32H563AGI6, STM32H563AII3Q, STM32H563AII6, STM32H563IGK6, STM32H563IGT6, STM32H563IIK3Q, STM32H563IIK6, STM32H563IIT3Q, STM32H563IIT6, STM32H563MIY3QTR, STM32H563RGT6, STM32H563RGV6, STM32H563RIT6, STM32H563RIV6, STM32H563VGT6, STM32H563VIT3Q, STM32H563VIT6, STM32H563ZGT6, STM32H563ZIT3Q, STM32H563ZIT6, STM32H573AII3Q, STM32H573AII6, STM32H573I-DK, STM32H573IIK3Q, STM32H573IIK6, STM32H573IIT3Q, STM32H573IIT6, STM32H573MIY3QTR, STM32H573RIT6, STM32H573RIV6, STM32H573VIT3Q, STM32H573VIT6, STM32H573ZIT3Q, STM32H573ZIT6, STM32H7R3A8I6, STM32H7R3I8K6, STM32H7R3I8T6, STM32H7R3L8H6, STM32H7R3L8H6H, STM32H7R3R8V6, STM32H7R3V8H6, STM32H7R3V8T6, STM32H7R3V8Y6TR, STM32H7R3Z8J6, STM32H7R3Z8T6, STM32H7R7A8I6, STM32H7R7I8K6, STM32H7R7I8T6, STM32H7R7L8H6, STM32H7R7L8H6H, STM32H7R7Z8J6, STM32H7S3A8I6, STM32H7S3I8K6, STM32H7S3I8T6, STM32H7S3L8H6, STM32H7S3L8H6H, STM32H7S3R8V6, STM32H7S3V8H6, STM32H7S3V8T6, STM32H7S3V8Y6TR, STM32H7S3Z8J6, STM32H7S3Z8T6, STM32H7S78-DK, STM32H7S7A8I6, STM32H7S7I8K6, STM32H7S7I8T6, STM32H7S7L8H6, STM32H7S7L8H6H, STM32H7S7Z8J6, STM32L4R5QGI6STR, STM32MP131AAE3, STM32MP131AAF3, STM32MP131AAG3, STM32MP131CAE3, STM32MP131CAF3, STM32MP131CAG3, STM32MP131DAE7, STM32MP131DAF7, STM32MP131DAG7, STM32MP131FAE7, STM32MP131FAF7, STM32MP131FAG7, STM32MP133AAE3, STM32MP133AAF3, STM32MP133AAG3, STM32MP133CAE3, STM32MP133CAF3, STM32MP133CAG3, STM32MP133DAE7, STM32MP133DAF7, STM32MP133DAG7, STM32MP133FAE7, STM32MP133FAF7, STM32MP133FAG7, STM32MP135AAE3, STM32MP135AAF3, STM32MP135AAG3, STM32MP135CAE3, STM32MP135CAF3, STM32MP135CAG3, STM32MP135DAE7, STM32MP135DAF7, STM32MP135DAG7, STM32MP135F-DK, STM32MP135FAE7, STM32MP135FAF7, STM32MP135FAF7T, STM32MP135FAF7U, STM32MP135FAG7, STM32MP211AAL3, STM32MP211AAM3, STM32MP211AAN3, STM32MP211AAO3, STM32MP211CAL3, STM32MP211CAM3, STM32MP211CAN3, STM32MP211CAO3, STM32MP211DAL3, STM32MP211DAM3, STM32MP211DAN3, STM32MP211DAO3, STM32MP211FAL3, STM32MP211FAM3, STM32MP211FAN3, STM32MP211FAO3, STM32MP213AAL3, STM32MP213AAM3, STM32MP213AAN3, STM32MP213AAO3, STM32MP213CAL3, STM32MP213CAM3, STM32MP213CAN3, STM32MP213CAO3, STM32MP213DAL3, STM32MP213DAM3, STM32MP213DAN3, STM32MP213DAO3, STM32MP213FAL3, STM32MP213FAM3, STM32MP213FAN3, STM32MP213FAO3, STM32MP215AAL3, STM32MP215AAM3, STM32MP215AAN3, STM32MP215AAO3, STM32MP215CAL3, STM32MP215CAM3, STM32MP215CAN3, STM32MP215CAO3, STM32MP215DAL3, STM32MP215DAM3, STM32MP215DAN3, STM32MP215DAO3, STM32MP215F-DK, STM32MP215FAL3, STM32MP215FAM3, STM32MP215FAN3, STM32MP215FAO3, STM32MP231AAJ3, STM32MP231AAK3, STM32MP231AAL3, STM32MP231CAJ3, STM32MP231CAK3, STM32MP231CAL3, STM32MP231DAJ3, STM32MP231DAK3, STM32MP231DAL3, STM32MP231FAJ3, STM32MP231FAK3, STM32MP231FAL3, STM32MP233AAJ3, STM32MP233AAK3, STM32MP233AAL3, STM32MP233CAJ3, STM32MP233CAK3, STM32MP233CAL3, STM32MP233DAJ3, STM32MP233DAK3, STM32MP233DAL3, STM32MP233FAJ3, STM32MP233FAK3, STM32MP233FAL3, STM32MP235AAJ3, STM32MP235AAK3, STM32MP235AAL3, STM32MP235CAJ3, STM32MP235CAK3, STM32MP235CAL3, STM32MP235DAJ3, STM32MP235DAK3, STM32MP235DAL3, STM32MP235FAJ3, STM32MP235FAK3, STM32MP235FAL3, STM32MP251AAI3, STM32MP251AAK3, STM32MP251AAL3, STM32MP251CAI3, STM32MP251CAK3, STM32MP251CAL3, STM32MP251DAI3, STM32MP251DAK3, STM32MP251DAL3, STM32MP251FAI3, STM32MP251FAK3, STM32MP251FAL3, STM32MP253AAI3, STM32MP253AAK3, STM32MP253AAL3, STM32MP253CAI3, STM32MP253CAK3, STM32MP253CAL3, STM32MP253DAI3, STM32MP253DAK3, STM32MP253DAL3, STM32MP253FAI3, STM32MP253FAK3, STM32MP253FAL3, STM32MP255AAI3, STM32MP255AAK3, STM32MP255AAL3, STM32MP255CAI3, STM32MP255CAK3, STM32MP255CAL3, STM32MP255DAI3, STM32MP255DAK3, STM32MP255DAL3, STM32MP255FAI3, STM32MP255FAK3, STM32MP255FAL3, STM32MP257AAI3, STM32MP257AAK3, STM32MP257AAL3, STM32MP257CAI3, STM32MP257CAK3, STM32MP257CAL3, STM32MP257DAI3, STM32MP257DAK3, STM32MP257DAL3, STM32MP257F-DK, STM32MP257F-EV1, STM32MP257FAI3, STM32MP257FAK3, STM32MP257FAL3, STM32N645A0H3Q, STM32N645B0H3Q, STM32N645I0H3Q, STM32N645L0H3Q, STM32N645X0H3Q, STM32N645Z0H3Q, STM32N647A0H3Q, STM32N647B0H3Q, STM32N647I0H3Q, STM32N647L0H3Q, STM32N647X0H3Q, STM32N647Z0H3Q, STM32N655A0H3Q, STM32N655B0H3Q, STM32N655I0H3Q, STM32N655L0H3Q, STM32N655X0H3Q, STM32N655Z0H3Q, STM32N6570-DK, STM32N657A0H3Q, STM32N657B0H3Q, STM32N657I0H3Q, STM32N657L0H3Q, STM32N657X0H3Q, STM32N657Z0H3Q, STM32U031C6T6, STM32U031C6U6, STM32U031C8T6, STM32U031C8U6, STM32U031F4P6, STM32U031F6P6, STM32U031F8P6, STM32U031G6Y6TR, STM32U031G8Y6TR, STM32U031K4U6, STM32U031K6U6, STM32U031K8U6, STM32U031R6I6, STM32U031R6T6, STM32U031R8I6, STM32U031R8T6, STM32U073C8T6, STM32U073C8U6, STM32U073CBT6, STM32U073CBU6, STM32U073CCT6, STM32U073CCU6, STM32U073H8Y6TR, STM32U073HBY6TR, STM32U073HCY6TR, STM32U073K8U6, STM32U073KBU6, STM32U073KCU6, STM32U073M8I6, STM32U073M8T6, STM32U073MBI6, STM32U073MBT6, STM32U073MCI6, STM32U073MCT6, STM32U073R8I6, STM32U073R8T6, STM32U073RBI6, STM32U073RBT6, STM32U073RCI6, STM32U073RCT6, STM32U083C-DK, STM32U083CCT6, STM32U083CCU6, STM32U083HCY6TR, STM32U083KCU6, STM32U083MCI6, STM32U083MCT6, STM32U083RCI6, STM32U083RCT6, STM32U375CET6, STM32U375CET6Q, STM32U375CEU6, STM32U375CEU6Q, STM32U375CEY6QTR, STM32U375CGT6, STM32U375CGT6Q, STM32U375CGU6, STM32U375CGU6Q, STM32U375CGY6QTR, STM32U375KEU6, STM32U375KGU6, STM32U375REI6, STM32U375REI6Q, STM32U375RET6, STM32U375RET6Q, STM32U375REY6GTR, STM32U375REY6QTR, STM32U375RGI6, STM32U375RGI6Q, STM32U375RGT6, STM32U375RGT6Q, STM32U375RGY6GTR, STM32U375RGY6QTR, STM32U375VEI6, STM32U375VEI6Q, STM32U375VET6, STM32U375VET6Q, STM32U375VGI6, STM32U375VGI6Q, STM32U375VGT6, STM32U375VGT6Q, STM32U385CGT6, STM32U385CGT6Q, STM32U385CGU6, STM32U385CGU6Q, STM32U385CGY6QTR, STM32U385KGU6, STM32U385RGI6, STM32U385RGI6Q, STM32U385RGT6, STM32U385RGT6Q, STM32U385RGY6GTR, STM32U385RGY6QTR, STM32U385VGI6, STM32U385VGI6Q, STM32U385VGT6, STM32U385VGT6Q, STM32U535CBT6, STM32U535CBT6Q, STM32U535CBU6, STM32U535CBU6Q, STM32U535CCT6, STM32U535CCT6Q, STM32U535CCU6, STM32U535CCU6Q, STM32U535CET6, STM32U535CET6Q, STM32U535CEU6, STM32U535CEU6Q, STM32U535JEY6QTR, STM32U535NCY6QTR, STM32U535NEY6QTR, STM32U535RBI6, STM32U535RBI6Q, STM32U535RBT6, STM32U535RBT6Q, STM32U535RCI6, STM32U535RCI6Q, STM32U535RCT6, STM32U535RCT6Q, STM32U535REI6, STM32U535REI6Q, STM32U535RET6, STM32U535RET6Q, STM32U535VCI6, STM32U535VCI6Q, STM32U535VCT6, STM32U535VCT6Q, STM32U535VEI6, STM32U535VEI6Q, STM32U535VET6, STM32U535VET6Q, STM32U545CET6, STM32U545CET6Q, STM32U545CEU6, STM32U545CEU6Q, STM32U545JEY6QTR, STM32U545NEY6QTR, STM32U545REI6, STM32U545REI6Q, STM32U545RET6, STM32U545RET6Q, STM32U545VEI6, STM32U545VEI6Q, STM32U545VET6, STM32U545VET6Q, STM32U595AIH6, STM32U595AIH6Q, STM32U595AJH6, STM32U595AJH6Q, STM32U595QII6, STM32U595QII6Q, STM32U595QJI6, STM32U595QJI6Q, STM32U595RIT6, STM32U595RIT6Q, STM32U595RJT6, STM32U595RJT6Q, STM32U595VIT6, STM32U595VIT6Q, STM32U595VJT6, STM32U595VJT6Q, STM32U595ZIT6, STM32U595ZIT6Q, STM32U595ZIY6QTR, STM32U595ZJT6, STM32U595ZJT6Q, STM32U595ZJY6QTR, STM32U599BJY6QTR, STM32U599NIH6Q, STM32U599NJH6Q, STM32U599VIT6Q, STM32U599VJT6, STM32U599VJT6Q, STM32U599ZIT6Q, STM32U599ZIY6QTR, STM32U599ZJT6Q, STM32U599ZJY6QTR, STM32U5A5AJH6, STM32U5A5AJH6Q, STM32U5A5QII3Q , STM32U5A5QJI6, STM32U5A5QJI6Q, STM32U5A5RJT6, STM32U5A5RJT6Q, STM32U5A5VJT6, STM32U5A5VJT6Q, STM32U5A5ZJT6, STM32U5A5ZJT6Q, STM32U5A5ZJY6QTR, STM32U5A9BJY6QTR, STM32U5A9J-DK, STM32U5A9NJH6Q, STM32U5A9VJT6Q, STM32U5A9ZJT6Q, STM32U5A9ZJY6QTR, STM32U5F7VIT6, STM32U5F7VIT6Q, STM32U5F7VJT6, STM32U5F7VJT6Q, STM32U5F9BJY6QTR, STM32U5F9NJH6Q, STM32U5F9VIT6Q, STM32U5F9VJT6Q, STM32U5F9ZIJ6QTR, STM32U5F9ZIT6Q, STM32U5F9ZJJ6QTR, STM32U5F9ZJT6Q, STM32U5G7VJT6, STM32U5G7VJT6Q, STM32U5G9BJY6QTR, STM32U5G9J-DK1, STM32U5G9J-DK2, STM32U5G9NJH6Q, STM32U5G9VJT6Q, STM32U5G9ZJJ6QTR, STM32U5G9ZJT6Q, STM32WB05KZV6TR, STM32WB05KZV7TR, STM32WB05TZF6TR, STM32WB05TZF7TR, STM32WB06CCF6TR, STM32WB06CCF7TR, STM32WB06CCV6TR, STM32WB06CCV7TR, STM32WB06KCV6TR, STM32WB06KCV7TR, STM32WB07CCF6TR, STM32WB07CCF7TR, STM32WB07CCV6TR, STM32WB07CCV7TR, STM32WB07KCV6TR, STM32WB07KCV7TR, STM32WB09KEV6TR, STM32WB09KEV7TR, STM32WB09TEF6TR, STM32WB09TEF7TR, STM32WB1MMCH6, STM32WBA50KGU6, STM32WBA50KGU6TR, STM32WBA52CEU6, STM32WBA52CEU6TR, STM32WBA52CEU7, STM32WBA52CEU7TR, STM32WBA52CGU6, STM32WBA52CGU6TR, STM32WBA52CGU6U, STM32WBA52CGU7, STM32WBA52CGU7TR, STM32WBA52KEU6, STM32WBA52KEU6TR, STM32WBA52KGU6, STM32WBA52KGU6TR, STM32WBA54CEU6, STM32WBA54CEU6TR, STM32WBA54CEU7, STM32WBA54CEU7TR, STM32WBA54CGU6, STM32WBA54CGU6TR, STM32WBA54CGU7, STM32WBA54CGU7TR, STM32WBA54KEU6, STM32WBA54KEU6TR, STM32WBA54KEU7, STM32WBA54KEU7TR, STM32WBA54KGU6, STM32WBA54KGU6TR, STM32WBA54KGU7, STM32WBA54KGU7TR, STM32WBA55CEU6, STM32WBA55CEU6TR, STM32WBA55CEU7, STM32WBA55CEU7TR, STM32WBA55CGU6, STM32WBA55CGU6TR, STM32WBA55CGU6U, STM32WBA55CGU7, STM32WBA55CGU7TR, STM32WBA55G-DK1, STM32WBA55HEF6, STM32WBA55HEF7, STM32WBA55HGF6, STM32WBA55HGF7, STM32WBA55UEI6, STM32WBA55UEI6TR, STM32WBA55UEI7, STM32WBA55UEI7TR, STM32WBA55UGI6, STM32WBA55UGI6TR, STM32WBA55UGI7, STM32WBA55UGI7TR, STM32WBA5MMGH6TR, STM32WBA62MGF6, STM32WBA62MIF6, STM32WBA65MGF7, STM32WBA65MIF6, STM32WBA65MIF7, STM32WL30K8V6, STM32WL30KBV6, STM32WL31C8V6, STM32WL31CBV6, STM32WL31K8V6, STM32WL31KBV6, STM32WL33C8V6, STM32WL33C8V6X, STM32WL33CBV6, STM32WL33CBV6X, STM32WL33CCV6, STM32WL33CCV6A, STM32WL33CCV6X, STM32WL33K8V7, STM32WL33K8V7X, STM32WL33KBV7 , STM32WL33KBV7X, STM32WL33KCV7, STM32WL33KCV7X, STM32WL5MOCH6, STM32WL5MOCH6TR]
2025-09-21 10:44:47,292 [INFO] DbMcus:218 - Found 4801 MCUs, 4801 are supported
2025-09-21 10:44:47,292 [INFO] ApiDb:423 - Load user favorites file /home/tomas1908/.stm32cubeide/favorites.mcus.txt: 2 item(s)
2025-09-21 10:44:47,292 [INFO] ApiDb:427 - User favorites MCUs=[STM32F103C8T6, STM32F446RET6]
2025-09-21 10:44:47,292 [INFO] DbMcus:224 - Set 2 / 2 favorites MCUs
2025-09-21 10:44:47,576 [INFO] ApiDb:414 - User favorites file not found: /home/tomas1908/.stm32cubeide/favorites.boards.txt
2025-09-21 10:44:47,576 [INFO] DbBoards:198 - Set 0 / 0 favorites Boards
2025-09-21 10:44:47,623 [INFO] UtilMem:75 - End LoadConfig() Used Memory: 255952952 Bytes (365953024)
2025-09-21 10:44:47,708 [WARN] ThirdParty:833 - waiting for thirdparty lock release [change project]
2025-09-21 10:44:47,708 [INFO] ThirdParty:835 - entering critical section [change project]
2025-09-21 10:44:47,708 [INFO] ThirdParty:1030 - CMSIS Pack Vendor :STMicroelectronics X-CUBE-PM33A1 1.0.0
2025-09-21 10:44:47,708 [INFO] ThirdParty:1030 - CMSIS Pack Vendor :STMicroelectronics USBPD 4.1
2025-09-21 10:44:47,708 [INFO] ThirdParty:1030 - CMSIS Pack Vendor :STMicroelectronics X-CUBE-NFC9 1.0.0
2025-09-21 10:44:47,708 [INFO] ThirdParty:1030 - CMSIS Pack Vendor :STMicroelectronics USB_HOST 2.0.0
2025-09-21 10:44:47,708 [INFO] ThirdParty:1030 - CMSIS Pack Vendor :STMicroelectronics FP-SNS-MOTENVWB1 1.4.0
2025-09-21 10:44:47,708 [INFO] ThirdParty:1030 - CMSIS Pack Vendor :STMicroelectronics X-CUBE-AZRTOS-F4 1.1.0
2025-09-21 10:44:47,708 [INFO] ThirdParty:1030 - CMSIS Pack Vendor :STMicroelectronics LIBJPEG 8.0.0
2025-09-21 10:44:47,709 [INFO] ThirdParty:1030 - CMSIS Pack Vendor :STMicroelectronics FP-ATR-ASTRA1 2.0.2
2025-09-21 10:44:47,709 [INFO] ThirdParty:1030 - CMSIS Pack Vendor :STMicroelectronics X-CUBE-BLE1 7.1.0
2025-09-21 10:44:47,709 [INFO] ThirdParty:1030 - CMSIS Pack Vendor :Avnet-IotConnect X-CUBE-IoTC-DA16k-PMOD 1.0.0
2025-09-21 10:44:47,709 [INFO] ThirdParty:1030 - CMSIS Pack Vendor :STMicroelectronics X-CUBE-SMBUS 2.1.0
2025-09-21 10:44:47,709 [INFO] ThirdParty:1030 - CMSIS Pack Vendor :STMicroelectronics USB_DEVICE 3.0.0
2025-09-21 10:44:47,709 [INFO] ThirdParty:1030 - CMSIS Pack Vendor :STMicroelectronics X-CUBE-ISPU 2.1.0
2025-09-21 10:44:47,709 [INFO] ThirdParty:1030 - CMSIS Pack Vendor :STMicroelectronics X-CUBE-AZRTOS-WB 2.0.0
2025-09-21 10:44:47,709 [INFO] ThirdParty:1030 - CMSIS Pack Vendor :STMicroelectronics X-CUBE-ST60 1.0.0
2025-09-21 10:44:47,709 [INFO] ThirdParty:1030 - CMSIS Pack Vendor :STMicroelectronics X-CUBE-GNSS1 7.0.1
2025-09-21 10:44:47,709 [INFO] ThirdParty:1030 - CMSIS Pack Vendor :STMicroelectronics X-CUBE-AZRTOS-F7 1.1.0
2025-09-21 10:44:47,709 [INFO] ThirdParty:1030 - CMSIS Pack Vendor :STMicroelectronics X-CUBE-AZRTOS-L5 2.0.0
2025-09-21 10:44:47,709 [INFO] ThirdParty:1030 - CMSIS Pack Vendor :STMicroelectronics X-CUBE-TOUCHGFX 4.25.0
2025-09-21 10:44:47,709 [INFO] ThirdParty:1030 - CMSIS Pack Vendor :STMicroelectronics USB_DEVICE 2.0.0
2025-09-21 10:44:47,709 [INFO] ThirdParty:1030 - CMSIS Pack Vendor :STMicroelectronics X-CUBE-NFC6 3.1.0
2025-09-21 10:44:47,709 [INFO] ThirdParty:1030 - CMSIS Pack Vendor :Cesanta I-CUBE-Mongoose 7.19.0
2025-09-21 10:44:47,709 [INFO] ThirdParty:1030 - CMSIS Pack Vendor :quantropi X-CUBE-qispace-sdk-base 2.1.0
2025-09-21 10:44:47,709 [INFO] ThirdParty:1030 - CMSIS Pack Vendor :STMicroelectronics FreeRTOS 0.0.1
2025-09-21 10:44:47,709 [INFO] ThirdParty:1030 - CMSIS Pack Vendor :STMicroelectronics X-CUBE-AZRTOS-G0 1.1.0
2025-09-21 10:44:47,709 [INFO] ThirdParty:1030 - CMSIS Pack Vendor :STMicroelectronics X-CUBE-SAFEA1 1.2.2
2025-09-21 10:44:47,709 [INFO] ThirdParty:1030 - CMSIS Pack Vendor :STMicroelectronics X-CUBE-NFC4 3.0.0
2025-09-21 10:44:47,709 [INFO] ThirdParty:1030 - CMSIS Pack Vendor :STMicroelectronics X-CUBE-SUBG2 5.0.0
2025-09-21 10:44:47,709 [INFO] ThirdParty:1030 - CMSIS Pack Vendor :STMicroelectronics X-CUBE-AZRTOS-H7RS 1.1.0
2025-09-21 10:44:47,709 [INFO] ThirdParty:1030 - CMSIS Pack Vendor :STMicroelectronics STM32_WPAN 1.0.0
2025-09-21 10:44:47,709 [INFO] ThirdParty:1030 - CMSIS Pack Vendor :EmbeddedOffice I-CUBE-FS-RTOS 1.0.1
2025-09-21 10:44:47,709 [INFO] ThirdParty:1030 - CMSIS Pack Vendor :STMicroelectronics lwIP 2.0.3
2025-09-21 10:44:47,709 [INFO] ThirdParty:1030 - CMSIS Pack Vendor :WES I-CUBE-Cesium 1.4.0
2025-09-21 10:44:47,709 [INFO] ThirdParty:1030 - CMSIS Pack Vendor :STMicroelectronics USB_HOST 1.0.0
2025-09-21 10:44:47,709 [INFO] ThirdParty:1030 - CMSIS Pack Vendor :Infineon AIROC-Wi-Fi-Bluetooth-STM32 1.7.1
2025-09-21 10:44:47,709 [INFO] ThirdParty:1030 - CMSIS Pack Vendor :STMicroelectronics X-CUBE-AZRTOS-G4 2.0.0
2025-09-21 10:44:47,709 [INFO] ThirdParty:1030 - CMSIS Pack Vendor :STMicroelectronics X-CUBE-WB05N 2.0.0
2025-09-21 10:44:47,709 [INFO] ThirdParty:1030 - CMSIS Pack Vendor :STMicroelectronics PDM2PCM 3.1.0
2025-09-21 10:44:47,709 [INFO] ThirdParty:1030 - CMSIS Pack Vendor :STMicroelectronics PDM2PCM 3.3.0
2025-09-21 10:44:47,709 [INFO] ThirdParty:1030 - CMSIS Pack Vendor :STMicroelectronics X-CUBE-DISPLAY 3.0.0
2025-09-21 10:44:47,709 [INFO] ThirdParty:1030 - CMSIS Pack Vendor :wolfSSL I-CUBE-wolfSSH 1.4.20
2025-09-21 10:44:47,709 [INFO] ThirdParty:1030 - CMSIS Pack Vendor :STMicroelectronics X-CUBE-NFC7 2.0.0
2025-09-21 10:44:47,709 [INFO] ThirdParty:1030 - CMSIS Pack Vendor :STMicroelectronics X-CUBE-TCPP 4.2.0
2025-09-21 10:44:47,710 [INFO] ThirdParty:1030 - CMSIS Pack Vendor :RealThread X-CUBE-RT-Thread_Nano 4.1.1
2025-09-21 10:44:47,710 [INFO] ThirdParty:1030 - CMSIS Pack Vendor :STMicroelectronics FP-ATR-SIGFOX1 3.2.0
2025-09-21 10:44:47,710 [INFO] ThirdParty:1030 - CMSIS Pack Vendor :STMicroelectronics X-CUBE-NFC10 1.0.0
2025-09-21 10:44:47,710 [INFO] ThirdParty:1030 - CMSIS Pack Vendor :STMicroelectronics X-CUBE-FREERTOS 1.3.1
2025-09-21 10:44:47,710 [INFO] ThirdParty:1030 - CMSIS Pack Vendor :STMicroelectronics HAL Drivers 0.0.0
2025-09-21 10:44:47,710 [INFO] ThirdParty:1030 - CMSIS Pack Vendor :STMicroelectronics MBEDTLS 2.16.2
2025-09-21 10:44:47,710 [INFO] ThirdParty:1030 - CMSIS Pack Vendor :STMicroelectronics X-CUBE-IPS 3.1.0
2025-09-21 10:44:47,710 [INFO] ThirdParty:1030 - CMSIS Pack Vendor :STMicroelectronics X-CUBE-ALS 1.0.2
2025-09-21 10:44:47,710 [INFO] ThirdParty:1030 - CMSIS Pack Vendor :emotas I-CUBE-CANOPEN 1.3.0
2025-09-21 10:44:47,710 [INFO] ThirdParty:1030 - CMSIS Pack Vendor :STMicroelectronics MBEDTLS 2.14.1
2025-09-21 10:44:47,710 [INFO] ThirdParty:1030 - CMSIS Pack Vendor :ITTIA_DB I-CUBE-ITTIADB 8.9.0
2025-09-21 10:44:47,710 [INFO] ThirdParty:1030 - CMSIS Pack Vendor :STMicroelectronics X-CUBE-ST67W61 1.0.0
2025-09-21 10:44:47,710 [INFO] ThirdParty:1030 - CMSIS Pack Vendor :STMicroelectronics ThreadX 1.0.0
2025-09-21 10:44:47,710 [INFO] ThirdParty:1030 - CMSIS Pack Vendor :STMicroelectronics FP-SNS-SMARTAG2 1.2.0
2025-09-21 10:44:47,710 [INFO] ThirdParty:1030 - CMSIS Pack Vendor :STMicroelectronics FP-SNS-FLIGHT1 5.1.0
2025-09-21 10:44:47,710 [INFO] ThirdParty:1030 - CMSIS Pack Vendor :STMicroelectronics X-CUBE-AZRTOS-WL 2.0.0
2025-09-21 10:44:47,710 [INFO] ThirdParty:1030 - CMSIS Pack Vendor :SEGGER I-CUBE-embOS 1.3.1
2025-09-21 10:44:47,710 [INFO] ThirdParty:1030 - CMSIS Pack Vendor :STMicroelectronics X-CUBE-ALGOBUILD 1.4.0
2025-09-21 10:44:47,710 [INFO] ThirdParty:1030 - CMSIS Pack Vendor :STMicroelectronics X-CUBE-DPower 1.3.0
2025-09-21 10:44:47,710 [INFO] ThirdParty:1030 - CMSIS Pack Vendor :STMicroelectronics X-CUBE-MEMS1 11.3.0
2025-09-21 10:44:47,710 [INFO] ThirdParty:1030 - CMSIS Pack Vendor :STMicroelectronics FP-SNS-MOTENV1 5.0.0
2025-09-21 10:44:47,710 [INFO] ThirdParty:1030 - CMSIS Pack Vendor :STMicroelectronics USB_DEVICE 1.0.0
2025-09-21 10:44:47,710 [INFO] ThirdParty:1030 - CMSIS Pack Vendor :STMicroelectronics X-CUBE-AZRTOS-L4 2.0.0
2025-09-21 10:44:47,710 [INFO] ThirdParty:1030 - CMSIS Pack Vendor :STMicroelectronics ThreadX 0.0.2
2025-09-21 10:44:47,710 [INFO] ThirdParty:1030 - CMSIS Pack Vendor :STMicroelectronics lwIP 2.1.2
2025-09-21 10:44:47,710 [INFO] ThirdParty:1030 - CMSIS Pack Vendor :STMicroelectronics X-CUBE-SFXS2LP1 4.0.0
2025-09-21 10:44:47,710 [INFO] ThirdParty:1030 - CMSIS Pack Vendor :STMicroelectronics X-CUBE-BLE2 3.3.0
2025-09-21 10:44:47,710 [INFO] ThirdParty:1030 - CMSIS Pack Vendor :STMicroelectronics X-CUBE-TOF1 3.4.3
2025-09-21 10:44:47,710 [INFO] ThirdParty:1030 - CMSIS Pack Vendor :STMicroelectronics PDM2PCM 3.2.0
2025-09-21 10:44:47,710 [INFO] ThirdParty:841 - exiting critical section [change project]
2025-09-21 10:44:48,078 [INFO] PinOutPanel:1589 - setPackage(No Configuration,No Configuration)
2025-09-21 10:44:48,079 [INFO] PinOutPanel:1589 - setPackage(STM32F446RETx,LQFP64)
2025-09-21 10:44:48,456 [INFO] UtilMem:75 - Before build in PCC Used Memory: 236572760 Bytes (393216000)
2025-09-21 10:44:48,923 [INFO] UtilMem:75 - After build in PCC Used Memory: 209574576 Bytes (393216000)
2025-09-21 10:44:48,958 [INFO] IPUIPlugin:80 - create IPUIPlugin
2025-09-21 10:44:48,958 [INFO] IPUIPlugin:80 - create IPUIPlugin
2025-09-21 10:44:48,958 [INFO] IPUIPlugin:80 - create IPUIPlugin
2025-09-21 10:44:48,958 [INFO] IPUIPlugin:80 - create IPUIPlugin
2025-09-21 10:44:48,958 [INFO] IPUIPlugin:80 - create IPUIPlugin
2025-09-21 10:44:48,958 [INFO] IPUIPlugin:80 - create IPUIPlugin
2025-09-21 10:44:48,958 [INFO] IPUIPlugin:80 - create IPUIPlugin
2025-09-21 10:44:48,958 [INFO] IPUIPlugin:80 - create IPUIPlugin
2025-09-21 10:44:48,958 [INFO] IPUIPlugin:80 - create IPUIPlugin
2025-09-21 10:44:48,959 [INFO] IPUIPlugin:80 - create IPUIPlugin
2025-09-21 10:44:48,959 [INFO] IPUIPlugin:80 - create IPUIPlugin
2025-09-21 10:44:48,959 [INFO] IPUIPlugin:80 - create IPUIPlugin
2025-09-21 10:44:48,959 [INFO] IPUIPlugin:80 - create IPUIPlugin
2025-09-21 10:44:48,959 [INFO] IPUIPlugin:80 - create IPUIPlugin
2025-09-21 10:44:48,959 [INFO] IPUIPlugin:80 - create IPUIPlugin
2025-09-21 10:44:48,959 [INFO] IPUIPlugin:80 - create IPUIPlugin
2025-09-21 10:44:48,959 [INFO] IPUIPlugin:80 - create IPUIPlugin
2025-09-21 10:44:48,959 [INFO] IPUIPlugin:80 - create IPUIPlugin
2025-09-21 10:44:48,959 [INFO] IPUIPlugin:80 - create IPUIPlugin
2025-09-21 10:44:48,959 [INFO] IPUIPlugin:80 - create IPUIPlugin
2025-09-21 10:44:48,959 [INFO] IPUIPlugin:80 - create IPUIPlugin
2025-09-21 10:44:48,960 [INFO] IPUIPlugin:80 - create IPUIPlugin
2025-09-21 10:44:48,960 [INFO] IPUIPlugin:80 - create IPUIPlugin
2025-09-21 10:44:48,960 [INFO] IPUIPlugin:80 - create IPUIPlugin
2025-09-21 10:44:48,960 [INFO] IPUIPlugin:80 - create IPUIPlugin
2025-09-21 10:44:48,960 [INFO] IPUIPlugin:80 - create IPUIPlugin
2025-09-21 10:44:48,960 [INFO] IPUIPlugin:80 - create IPUIPlugin
2025-09-21 10:44:48,960 [INFO] IPUIPlugin:80 - create IPUIPlugin
2025-09-21 10:44:48,960 [INFO] IPUIPlugin:80 - create IPUIPlugin
2025-09-21 10:44:48,960 [INFO] IPUIPlugin:80 - create IPUIPlugin
2025-09-21 10:44:48,961 [INFO] IPUIPlugin:80 - create IPUIPlugin
2025-09-21 10:44:48,961 [INFO] IPUIPlugin:80 - create IPUIPlugin
2025-09-21 10:44:48,961 [INFO] IPUIPlugin:80 - create IPUIPlugin
2025-09-21 10:44:48,961 [INFO] IPUIPlugin:80 - create IPUIPlugin
2025-09-21 10:44:48,961 [INFO] IPUIPlugin:80 - create IPUIPlugin
2025-09-21 10:44:48,961 [INFO] IPUIPlugin:80 - create IPUIPlugin
2025-09-21 10:44:48,961 [INFO] IPUIPlugin:80 - create IPUIPlugin
2025-09-21 10:44:48,961 [INFO] IPUIPlugin:80 - create IPUIPlugin
2025-09-21 10:44:48,962 [INFO] IPUIPlugin:80 - create IPUIPlugin
2025-09-21 10:44:48,962 [INFO] IPUIPlugin:80 - create IPUIPlugin
2025-09-21 10:44:48,962 [INFO] IPUIPlugin:80 - create IPUIPlugin
2025-09-21 10:44:48,962 [INFO] IPUIPlugin:80 - create IPUIPlugin
2025-09-21 10:44:48,962 [INFO] IPUIPlugin:80 - create IPUIPlugin
2025-09-21 10:44:48,962 [INFO] IPUIPlugin:80 - create IPUIPlugin
2025-09-21 10:44:48,963 [INFO] IPUIPlugin:80 - create IPUIPlugin
2025-09-21 10:44:48,963 [INFO] IPUIPlugin:80 - create IPUIPlugin
2025-09-21 10:44:48,963 [INFO] IPUIPlugin:80 - create IPUIPlugin
2025-09-21 10:44:48,963 [INFO] IPUIPlugin:80 - create IPUIPlugin
2025-09-21 10:44:48,963 [INFO] IPUIPlugin:80 - create IPUIPlugin
2025-09-21 10:44:48,964 [INFO] IPUIPlugin:80 - create IPUIPlugin
2025-09-21 10:44:48,964 [INFO] IPUIPlugin:80 - create IPUIPlugin
2025-09-21 10:44:48,964 [INFO] IPUIPlugin:80 - create IPUIPlugin
2025-09-21 10:44:48,964 [INFO] IPUIPlugin:80 - create IPUIPlugin
2025-09-21 10:44:48,965 [INFO] IPUIPlugin:80 - create IPUIPlugin
2025-09-21 10:44:48,965 [INFO] IPUIPlugin:80 - create IPUIPlugin
2025-09-21 10:44:48,965 [INFO] IPUIPlugin:80 - create IPUIPlugin
2025-09-21 10:44:48,966 [INFO] IPUIPlugin:80 - create IPUIPlugin
2025-09-21 10:44:48,966 [INFO] IPUIPlugin:80 - create IPUIPlugin
2025-09-21 10:44:48,967 [INFO] IPUIPlugin:80 - create IPUIPlugin
2025-09-21 10:44:48,967 [INFO] IPUIPlugin:80 - create IPUIPlugin
2025-09-21 10:44:48,994 [INFO] ApiDbMcu:532 - Load IP Config File for PDM2PCM
2025-09-21 10:44:49,107 [INFO] CADModel:165 - CPN selected for project levelSTM32F446RET6
2025-09-21 10:44:49,107 [INFO] CADModel:114 - Register for checkConnection events
2025-09-21 10:44:49,145 [INFO] OpenFileManager:386 - Restore cursor
2025-09-21 10:45:01,322 [INFO] Gpio:278 - dependency for GPIO [RCC, SYS]
2025-09-21 10:45:12,706 [ERROR] LogOutputStream:75 - [STDERR_REDIRECT] Sep 21, 2025 10:45:12 AM java.util.prefs.FileSystemPreferences checkLockFile0ErrorCode
2025-09-21 10:45:12,707 [ERROR] LogOutputStream:75 - [STDERR_REDIRECT] WARNING: Could not lock System prefs. Unix error code 2.
2025-09-21 10:45:12,707 [ERROR] LogOutputStream:75 - [STDERR_REDIRECT] 
2025-09-21 10:45:12,709 [ERROR] LogOutputStream:75 - [STDERR_REDIRECT] Sep 21, 2025 10:45:12 AM java.util.prefs.FileSystemPreferences syncWorld
2025-09-21 10:45:12,709 [ERROR] LogOutputStream:75 - [STDERR_REDIRECT] WARNING: Couldn't flush system prefs: java.util.prefs.BackingStoreException: Couldn't get file lock.
2025-09-21 10:45:12,709 [ERROR] LogOutputStream:75 - [STDERR_REDIRECT] 
2025-09-21 10:45:16,452 [INFO] UtilMem:75 - End SaveConfig() Used Memory: 381254504 Bytes (426770432)
2025-09-21 10:45:16,535 [INFO] UtilMem:75 - End SaveConfig() Used Memory: 188364712 Bytes (426770432)
2025-09-21 10:45:16,912 [INFO] UtilMem:75 - End SaveConfig() Used Memory: 226720056 Bytes (426770432)
2025-09-21 10:45:17,276 [INFO] BlockDiagram:2775 - set Specific Code input for plugin: SYS
2025-09-21 10:45:17,276 [INFO] BlockDiagram:2775 - set Specific Code input for plugin: RCC
2025-09-21 10:45:17,276 [INFO] BlockDiagram:2775 - set Specific Code input for plugin: NVIC
2025-09-21 10:45:17,277 [INFO] BlockDiagram:2775 - set Specific Code input for plugin: GPIO
2025-09-21 10:45:17,277 [INFO] CodeGenerator:892 - code generatio: config db path: /opt/st/stm32cubeide_1.19.0/plugins/com.st.stm32cube.common.mx_6.15.0.202507011659//db/
2025-09-21 10:45:17,452 [INFO] CodeEngine:265 - oldGeneratedFile, /home/tomas1908/STM32CubeIDE/workspace_1.19.0/pdm/ej1_p4/MXTmpFiles/license.tmp_save
2025-09-21 10:45:17,711 [INFO] CodeEngine:289 - Generated code: /home/tomas1908/STM32CubeIDE/workspace_1.19.0/pdm/ej1_p4/MXTmpFiles/license.tmp
2025-09-21 10:45:17,760 [INFO] CodeEngine:265 - oldGeneratedFile, /home/tomas1908/STM32CubeIDE/workspace_1.19.0/pdm/ej1_p4/MXTmpFiles/gpio.tmp_save
2025-09-21 10:45:17,838 [INFO] CodeEngine:289 - Generated code: /home/tomas1908/STM32CubeIDE/workspace_1.19.0/pdm/ej1_p4/MXTmpFiles/gpio.tmp
2025-09-21 10:45:17,849 [INFO] CodeEngine:265 - oldGeneratedFile, /home/tomas1908/STM32CubeIDE/workspace_1.19.0/pdm/ej1_p4/Core/Src/stm32f4xx_it.c_save
2025-09-21 10:45:17,924 [INFO] CodeEngine:289 - Generated code: /home/tomas1908/STM32CubeIDE/workspace_1.19.0/pdm/ej1_p4/Core/Src/stm32f4xx_it.c
2025-09-21 10:45:17,925 [INFO] CodeEngine:265 - oldGeneratedFile, /home/tomas1908/STM32CubeIDE/workspace_1.19.0/pdm/ej1_p4/Core/Inc/stm32f4xx_it.h_save
2025-09-21 10:45:17,968 [INFO] CodeEngine:289 - Generated code: /home/tomas1908/STM32CubeIDE/workspace_1.19.0/pdm/ej1_p4/Core/Inc/stm32f4xx_it.h
2025-09-21 10:45:17,972 [INFO] CodeEngine:265 - oldGeneratedFile, /home/tomas1908/STM32CubeIDE/workspace_1.19.0/pdm/ej1_p4/Core/Src/stm32f4xx_hal_msp.c_save
2025-09-21 10:45:18,041 [INFO] CodeEngine:289 - Generated code: /home/tomas1908/STM32CubeIDE/workspace_1.19.0/pdm/ej1_p4/Core/Src/stm32f4xx_hal_msp.c
2025-09-21 10:45:18,042 [INFO] CodeEngine:265 - oldGeneratedFile, /home/tomas1908/STM32CubeIDE/workspace_1.19.0/pdm/ej1_p4/MXTmpFiles/system.tmp_save
2025-09-21 10:45:18,099 [INFO] CodeEngine:289 - Generated code: /home/tomas1908/STM32CubeIDE/workspace_1.19.0/pdm/ej1_p4/MXTmpFiles/system.tmp
2025-09-21 10:45:18,105 [INFO] CodeEngine:321 - oldGeneratedFile, /home/tomas1908/STM32CubeIDE/workspace_1.19.0/pdm/ej1_p4/Core/Inc/stm32f4xx_hal_conf.h_save
2025-09-21 10:45:18,163 [INFO] CodeEngine:345 - Generated code: /home/tomas1908/STM32CubeIDE/workspace_1.19.0/pdm/ej1_p4/Core/Inc/stm32f4xx_hal_conf.h
2025-09-21 10:45:18,189 [WARN] IPConfigManager:3238 - Warning: the RefConfig PLL2P_FOR_MCO is not available in your config.xml file
2025-09-21 10:45:18,197 [INFO] ApiDbMcu:532 - Load IP Config File for RCC
2025-09-21 10:45:18,200 [INFO] CodeEngine:265 - oldGeneratedFile, /home/tomas1908/STM32CubeIDE/workspace_1.19.0/pdm/ej1_p4/Core/Inc/main.h_save
2025-09-21 10:45:18,261 [INFO] CodeEngine:289 - Generated code: /home/tomas1908/STM32CubeIDE/workspace_1.19.0/pdm/ej1_p4/Core/Inc/main.h
2025-09-21 10:45:18,262 [INFO] CodeEngine:265 - oldGeneratedFile, /home/tomas1908/STM32CubeIDE/workspace_1.19.0/pdm/ej1_p4/Core/Src/main.c_save
2025-09-21 10:45:18,344 [INFO] CodeEngine:289 - Generated code: /home/tomas1908/STM32CubeIDE/workspace_1.19.0/pdm/ej1_p4/Core/Src/main.c
2025-09-21 10:45:18,540 [INFO] ProjectBuilder:3606 - Time for Copy HAL[1] : 17mS.
2025-09-21 10:45:18,544 [INFO] ProjectBuilder:5216 - Project Generator version: 4.7.0-B52
2025-09-21 10:45:18,602 [INFO] ConfigFileManager:1595 - The Die is : DIE421
2025-09-21 10:45:18,607 [INFO] ApiDbMcu:532 - Load IP Config File for FATFS
2025-09-21 10:45:18,617 [INFO] ApiDbMcu:532 - Load IP Config File for FREERTOS
2025-09-21 10:45:18,619 [INFO] ApiDbMcu:532 - Load IP Config File for LIBJPEG
2025-09-21 10:45:18,623 [INFO] ApiDbMcu:532 - Load IP Config File for MBEDTLS
2025-09-21 10:45:18,629 [INFO] ApiDbMcu:532 - Load IP Config File for USB_DEVICE
2025-09-21 10:45:18,631 [INFO] ApiDbMcu:532 - Load IP Config File for USB_HOST
2025-09-21 10:45:18,853 [INFO] LogOutputStream:77 - [STDOUT_REDIRECT] 
2025-09-21 10:45:19,642 [INFO] ProjectBuilder:5496 - Time for Generating toolchain IDE Files: 1097mS.
2025-09-21 10:45:19,642 [INFO] ProjectBuilder:3463 - Time for Copy CMSIS : 0mS.
2025-09-21 10:45:19,643 [INFO] ProjectBuilder:3463 - Time for Copy CMSIS : 0mS.
2025-09-21 10:45:42,704 [ERROR] LogOutputStream:75 - [STDERR_REDIRECT] Sep 21, 2025 10:45:42 AM java.util.prefs.FileSystemPreferences checkLockFile0ErrorCode
2025-09-21 10:45:42,704 [ERROR] LogOutputStream:75 - [STDERR_REDIRECT] WARNING: Could not lock System prefs. Unix error code 2.
2025-09-21 10:45:42,704 [ERROR] LogOutputStream:75 - [STDERR_REDIRECT] 
2025-09-21 10:45:42,705 [ERROR] LogOutputStream:75 - [STDERR_REDIRECT] Sep 21, 2025 10:45:42 AM java.util.prefs.FileSystemPreferences syncWorld
2025-09-21 10:45:42,705 [ERROR] LogOutputStream:75 - [STDERR_REDIRECT] WARNING: Couldn't flush system prefs: java.util.prefs.BackingStoreException: Couldn't get file lock.
2025-09-21 10:45:42,705 [ERROR] LogOutputStream:75 - [STDERR_REDIRECT] 
2025-09-21 10:46:12,699 [ERROR] LogOutputStream:75 - [STDERR_REDIRECT] Sep 21, 2025 10:46:12 AM java.util.prefs.FileSystemPreferences checkLockFile0ErrorCode
2025-09-21 10:46:12,699 [ERROR] LogOutputStream:75 - [STDERR_REDIRECT] WARNING: Could not lock System prefs. Unix error code 2.
2025-09-21 10:46:12,700 [ERROR] LogOutputStream:75 - [STDERR_REDIRECT] 
2025-09-21 10:46:12,700 [ERROR] LogOutputStream:75 - [STDERR_REDIRECT] Sep 21, 2025 10:46:12 AM java.util.prefs.FileSystemPreferences syncWorld
2025-09-21 10:46:12,701 [ERROR] LogOutputStream:75 - [STDERR_REDIRECT] WARNING: Couldn't flush system prefs: java.util.prefs.BackingStoreException: Couldn't get file lock.
2025-09-21 10:46:12,701 [ERROR] LogOutputStream:75 - [STDERR_REDIRECT] 
2025-09-21 10:46:42,699 [ERROR] LogOutputStream:75 - [STDERR_REDIRECT] Sep 21, 2025 10:46:42 AM java.util.prefs.FileSystemPreferences checkLockFile0ErrorCode
2025-09-21 10:46:42,699 [ERROR] LogOutputStream:75 - [STDERR_REDIRECT] WARNING: Could not lock System prefs. Unix error code 2.
2025-09-21 10:46:42,699 [ERROR] LogOutputStream:75 - [STDERR_REDIRECT] 
2025-09-21 10:46:42,700 [ERROR] LogOutputStream:75 - [STDERR_REDIRECT] Sep 21, 2025 10:46:42 AM java.util.prefs.FileSystemPreferences syncWorld
2025-09-21 10:46:42,701 [ERROR] LogOutputStream:75 - [STDERR_REDIRECT] WARNING: Couldn't flush system prefs: java.util.prefs.BackingStoreException: Couldn't get file lock.
2025-09-21 10:46:42,701 [ERROR] LogOutputStream:75 - [STDERR_REDIRECT] 
2025-09-21 10:47:12,699 [ERROR] LogOutputStream:75 - [STDERR_REDIRECT] Sep 21, 2025 10:47:12 AM java.util.prefs.FileSystemPreferences checkLockFile0ErrorCode
2025-09-21 10:47:12,700 [ERROR] LogOutputStream:75 - [STDERR_REDIRECT] WARNING: Could not lock System prefs. Unix error code 2.
2025-09-21 10:47:12,700 [ERROR] LogOutputStream:75 - [STDERR_REDIRECT] 
2025-09-21 10:47:12,701 [ERROR] LogOutputStream:75 - [STDERR_REDIRECT] Sep 21, 2025 10:47:12 AM java.util.prefs.FileSystemPreferences syncWorld
2025-09-21 10:47:12,701 [ERROR] LogOutputStream:75 - [STDERR_REDIRECT] WARNING: Couldn't flush system prefs: java.util.prefs.BackingStoreException: Couldn't get file lock.
2025-09-21 10:47:12,701 [ERROR] LogOutputStream:75 - [STDERR_REDIRECT] 
2025-09-21 10:47:42,699 [ERROR] LogOutputStream:75 - [STDERR_REDIRECT] Sep 21, 2025 10:47:42 AM java.util.prefs.FileSystemPreferences checkLockFile0ErrorCode
2025-09-21 10:47:42,699 [ERROR] LogOutputStream:75 - [STDERR_REDIRECT] WARNING: Could not lock System prefs. Unix error code 2.
2025-09-21 10:47:42,699 [ERROR] LogOutputStream:75 - [STDERR_REDIRECT] 
2025-09-21 10:47:42,700 [ERROR] LogOutputStream:75 - [STDERR_REDIRECT] Sep 21, 2025 10:47:42 AM java.util.prefs.FileSystemPreferences syncWorld
2025-09-21 10:47:42,701 [ERROR] LogOutputStream:75 - [STDERR_REDIRECT] WARNING: Couldn't flush system prefs: java.util.prefs.BackingStoreException: Couldn't get file lock.
2025-09-21 10:47:42,701 [ERROR] LogOutputStream:75 - [STDERR_REDIRECT] 
2025-09-21 10:48:12,700 [ERROR] LogOutputStream:75 - [STDERR_REDIRECT] Sep 21, 2025 10:48:12 AM java.util.prefs.FileSystemPreferences checkLockFile0ErrorCode
2025-09-21 10:48:12,701 [ERROR] LogOutputStream:75 - [STDERR_REDIRECT] WARNING: Could not lock System prefs. Unix error code 2.
2025-09-21 10:48:12,701 [ERROR] LogOutputStream:75 - [STDERR_REDIRECT] 
2025-09-21 10:48:12,701 [ERROR] LogOutputStream:75 - [STDERR_REDIRECT] Sep 21, 2025 10:48:12 AM java.util.prefs.FileSystemPreferences syncWorld
2025-09-21 10:48:12,702 [ERROR] LogOutputStream:75 - [STDERR_REDIRECT] WARNING: Couldn't flush system prefs: java.util.prefs.BackingStoreException: Couldn't get file lock.
2025-09-21 10:48:12,702 [ERROR] LogOutputStream:75 - [STDERR_REDIRECT] 
2025-09-21 10:48:23,147 [ERROR] LogOutputStream:75 - [STDERR_REDIRECT] 
2025-09-21 10:48:33,929 [INFO] Activator:176 - 


2025-09-21 10:48:33,930 [INFO] Activator:177 - !SESSION log4j initialized
2025-09-21 10:48:37,700 [INFO] LogOutputStream:77 - [STDOUT_REDIRECT] 
2025-09-21 10:48:39,097 [INFO] ApplicationProperties:184 - Using Application install path: /opt/st/stm32cubeide_1.19.0/plugins/com.st.stm32cube.common.mx_6.15.0.202507011659
2025-09-21 10:48:39,106 [INFO] DbMcusXml:78 - Set database path to: /opt/st/stm32cubeide_1.19.0/plugins/com.st.stm32cube.common.mx_6.15.0.202507011659//db//mcu/
2025-09-21 10:48:39,107 [INFO] ApiDb:274 - Set plugin database path to: /opt/st/stm32cubeide_1.19.0/plugins/com.st.stm32cube.common.mx_6.15.0.202507011659//db//plugins/boardmanager/
2025-09-21 10:48:39,107 [WARN] ApiDb:259 - Overriding images path with different value:  => /opt/st/stm32cubeide_1.19.0/plugins/com.st.stm32cube.common.mx_6.15.0.202507011659//db//plugins/mcufinder/images/
2025-09-21 10:48:39,109 [INFO] ApiDb:250 - Set database path to: /home/tomas1908/.stmcufinder/plugins/mcufinder//mcu/
2025-09-21 10:48:39,109 [INFO] DbMcusAds:125 - Set database path to: /home/tomas1908/.stmcufinder/plugins/mcufinder//mcu/
2025-09-21 10:48:39,110 [INFO] CrossReferenceDbSqlite:203 - Set database path to: /home/tomas1908/.stmcufinder/plugins/mcufinder//mcu/cs/
2025-09-21 10:48:39,189 [INFO] RulesReader:64 - Compatibility file has been processed (317 Rules)
2025-09-21 10:48:39,223 [INFO] DbMcusXml:78 - Set database path to: /opt/st/stm32cubeide_1.19.0/plugins/com.st.stm32cube.common.mx_6.15.0.202507011659//db//mcu/
2025-09-21 10:48:39,223 [INFO] ApiDb:274 - Set plugin database path to: /opt/st/stm32cubeide_1.19.0/plugins/com.st.stm32cube.common.mx_6.15.0.202507011659//db//plugins/boardmanager/
2025-09-21 10:48:39,224 [INFO] ApiDb:261 - Set plugin images path to: /opt/st/stm32cubeide_1.19.0/plugins/com.st.stm32cube.common.mx_6.15.0.202507011659//db//plugins/mcufinder/images/
2025-09-21 10:48:39,224 [WARN] DbFile:41 - Overriding database path with different value: /home/tomas1908/.stmcufinder/plugins/mcufinder/ => /home/tomas1908/.stmcufinder/plugins/mcufinder
2025-09-21 10:48:39,224 [INFO] ApiDb:250 - Set database path to: /home/tomas1908/.stmcufinder/plugins/mcufinder//mcu/
2025-09-21 10:48:39,224 [WARN] DbFile:41 - Overriding database path with different value: /home/tomas1908/.stmcufinder/plugins/mcufinder/ => /home/tomas1908/.stmcufinder/plugins/mcufinder
2025-09-21 10:48:39,224 [INFO] DbMcusAds:125 - Set database path to: /home/tomas1908/.stmcufinder/plugins/mcufinder//mcu/
2025-09-21 10:48:39,224 [WARN] DbFile:41 - Overriding database path with different value: /home/tomas1908/.stmcufinder/plugins/mcufinder/ => /home/tomas1908/.stmcufinder/plugins/mcufinder
2025-09-21 10:48:39,224 [WARN] DbFile:41 - Overriding database path with different value: /home/tomas1908/.stmcufinder/plugins/mcufinder/ => /home/tomas1908/.stmcufinder/plugins/mcufinder
2025-09-21 10:48:39,224 [INFO] CrossReferenceDbSqlite:203 - Set database path to: /home/tomas1908/.stmcufinder/plugins/mcufinder//mcu/cs/
2025-09-21 10:48:39,258 [INFO] MainPanel:274 - HeapMemory: 268435456
2025-09-21 10:48:39,328 [INFO] DbMcusXml:78 - Set database path to: /opt/st/stm32cubeide_1.19.0/plugins/com.st.stm32cube.common.mx_6.15.0.202507011659//db//mcu/
2025-09-21 10:48:39,328 [INFO] ApiDb:274 - Set plugin database path to: /opt/st/stm32cubeide_1.19.0/plugins/com.st.stm32cube.common.mx_6.15.0.202507011659//db//plugins/boardmanager/
2025-09-21 10:48:39,328 [INFO] ApiDb:261 - Set plugin images path to: /opt/st/stm32cubeide_1.19.0/plugins/com.st.stm32cube.common.mx_6.15.0.202507011659//db//plugins/mcufinder/images/
2025-09-21 10:48:39,328 [WARN] DbFile:41 - Overriding database path with different value: /home/tomas1908/.stmcufinder/plugins/mcufinder/ => /home/tomas1908/.stmcufinder/plugins/mcufinder
2025-09-21 10:48:39,328 [INFO] ApiDb:250 - Set database path to: /home/tomas1908/.stmcufinder/plugins/mcufinder//mcu/
2025-09-21 10:48:39,329 [WARN] DbFile:41 - Overriding database path with different value: /home/tomas1908/.stmcufinder/plugins/mcufinder/ => /home/tomas1908/.stmcufinder/plugins/mcufinder
2025-09-21 10:48:39,329 [INFO] DbMcusAds:125 - Set database path to: /home/tomas1908/.stmcufinder/plugins/mcufinder//mcu/
2025-09-21 10:48:39,329 [WARN] DbFile:41 - Overriding database path with different value: /home/tomas1908/.stmcufinder/plugins/mcufinder/ => /home/tomas1908/.stmcufinder/plugins/mcufinder
2025-09-21 10:48:39,329 [WARN] DbFile:41 - Overriding database path with different value: /home/tomas1908/.stmcufinder/plugins/mcufinder/ => /home/tomas1908/.stmcufinder/plugins/mcufinder
2025-09-21 10:48:39,329 [INFO] CrossReferenceDbSqlite:203 - Set database path to: /home/tomas1908/.stmcufinder/plugins/mcufinder//mcu/cs/
2025-09-21 10:48:39,337 [INFO] ApplicationProperties:184 - Using Application install path: /opt/st/stm32cubeide_1.19.0/plugins/com.st.stm32cube.common.mx_6.15.0.202507011659
2025-09-21 10:48:39,338 [INFO] PluginManage:196 - Search for loadable plugins [exclusion list=, ]
2025-09-21 10:48:39,339 [INFO] PluginManage:310 - Check plugin analytics
2025-09-21 10:48:39,430 [INFO] AnalyticsPlugin:253 - Accepted Software Licenses: 
2025-09-21 10:48:39,430 [INFO] AnalyticsPlugin:255 - Accepted CMSIS Pack Licenses: 
2025-09-21 10:48:39,430 [INFO] AnalyticsPlugin:257 - Accepted Firmware Licenses: FW.F4.1.28.0
2025-09-21 10:48:39,432 [INFO] PluginManage:359 - Loaded plugin analytics (category:tool,tabindex:-1)
2025-09-21 10:48:39,432 [INFO] PluginManage:310 - Check plugin cadmodel
2025-09-21 10:48:39,434 [INFO] CADModel:105 - Init CAD model plugin
2025-09-21 10:48:39,434 [INFO] PluginManage:359 - Loaded plugin cadmodel (category:power,tabindex:5)
2025-09-21 10:48:39,434 [INFO] PluginManage:310 - Check plugin clock
2025-09-21 10:48:39,439 [INFO] PluginManage:359 - Loaded plugin clock (category:base,tabindex:2)
2025-09-21 10:48:39,439 [INFO] PluginManage:310 - Check plugin ddr
2025-09-21 10:48:39,440 [INFO] PluginManage:359 - Loaded plugin ddr (category:tool,tabindex:6)
2025-09-21 10:48:39,440 [INFO] PluginManage:310 - Check plugin filemanager
2025-09-21 10:48:39,530 [INFO] PluginManage:359 - Loaded plugin filemanager (category:base,tabindex:10)
2025-09-21 10:48:39,530 [INFO] PluginManage:310 - Check plugin ipmanager
2025-09-21 10:48:39,533 [INFO] PluginManage:359 - Loaded plugin ipmanager (category:base,tabindex:5)
2025-09-21 10:48:39,533 [INFO] PluginManage:310 - Check plugin lpbam
2025-09-21 10:48:39,538 [INFO] PluginManage:359 - Loaded plugin lpbam (category:base,tabindex:0)
2025-09-21 10:48:39,538 [INFO] PluginManage:310 - Check plugin memorymap
2025-09-21 10:48:39,546 [INFO] PluginManage:359 - Loaded plugin memorymap (category:base,tabindex:4)
2025-09-21 10:48:39,546 [INFO] PluginManage:310 - Check plugin pinoutandconfiguration
2025-09-21 10:48:39,550 [INFO] PluginManage:359 - Loaded plugin pinoutandconfiguration (category:base,tabindex:1)
2025-09-21 10:48:39,551 [INFO] PluginManage:310 - Check plugin pinoutconfig
2025-09-21 10:48:39,604 [WARN] SupportedApi:132 - Cannot load RTOS API schema: s4s-elt-must-match.1: The content of 'definitions' must match (annotation?, (simpleType | complexType)?, (unique | key | keyref)*)). A problem was found starting at: attribute.
2025-09-21 10:48:39,685 [INFO] PluginManage:359 - Loaded plugin pinoutconfig (category:base,tabindex:0)
2025-09-21 10:48:39,685 [INFO] PluginManage:310 - Check plugin power
2025-09-21 10:48:39,690 [INFO] PluginManage:359 - Loaded plugin power (category:power,tabindex:4)
2025-09-21 10:48:39,690 [INFO] PluginManage:310 - Check plugin projectmanager
2025-09-21 10:48:39,700 [INFO] PluginManage:359 - Loaded plugin projectmanager (category:projectmanager,tabindex:4)
2025-09-21 10:48:39,700 [INFO] PluginManage:310 - Check plugin rif
2025-09-21 10:48:39,706 [INFO] PluginManage:359 - Loaded plugin rif (category:base,tabindex:3)
2025-09-21 10:48:39,706 [INFO] PluginManage:310 - Check plugin thirdparty
2025-09-21 10:48:39,779 [INFO] PluginManage:359 - Loaded plugin thirdparty (category:base,tabindex:-1)
2025-09-21 10:48:39,779 [WARN] IntegrityCheckThread:84 - waiting for thirdparty lock release [integrity check]
2025-09-21 10:48:39,780 [INFO] IntegrityCheckThread:86 - entering critical section [integrity check]
2025-09-21 10:48:39,780 [INFO] PluginManage:310 - Check plugin tools
2025-09-21 10:48:39,780 [INFO] ThirdPartyUpdaterWithRetryManager:70 - Updater plugin not ready yet. [1/15]
2025-09-21 10:48:39,781 [INFO] PluginManage:359 - Loaded plugin tools (category:base,tabindex:7)
2025-09-21 10:48:39,781 [INFO] PluginManage:310 - Check plugin tutovideos
2025-09-21 10:48:39,889 [INFO] PluginManage:359 - Loaded plugin tutovideos (category:base,tabindex:-1)
2025-09-21 10:48:39,889 [INFO] PluginManage:310 - Check plugin updater
2025-09-21 10:48:39,904 [INFO] PluginManage:359 - Loaded plugin updater (category:base,tabindex:12)
2025-09-21 10:48:39,904 [INFO] PluginManage:310 - Check plugin userauth
2025-09-21 10:48:39,907 [INFO] UserAuth:118 - Init User Auth plugin
2025-09-21 10:48:39,908 [INFO] PluginManage:359 - Loaded plugin userauth (category:base,tabindex:14)
2025-09-21 10:48:39,908 [INFO] PluginManage:283 - PluginManage : Loaded plugins [18]
2025-09-21 10:48:40,026 [INFO] PinOutPanel:1589 - setPackage(No Configuration,No Configuration)
2025-09-21 10:48:40,075 [INFO] CADModel:165 - CPN selected for project level
2025-09-21 10:48:40,076 [INFO] CADModel:114 - Register for checkConnection events
2025-09-21 10:48:40,085 [INFO] IPUIPlugin:80 - create IPUIPlugin
2025-09-21 10:48:40,085 [INFO] PluginManager:220 - loadIPPluginJar : add i2c
2025-09-21 10:48:40,089 [INFO] IPUIPlugin:80 - create IPUIPlugin
2025-09-21 10:48:40,090 [INFO] PluginManager:220 - loadIPPluginJar : add mdma
2025-09-21 10:48:40,091 [INFO] IPUIPlugin:80 - create IPUIPlugin
2025-09-21 10:48:40,091 [INFO] PluginManager:220 - loadIPPluginJar : add aes
2025-09-21 10:48:40,092 [INFO] IPUIPlugin:80 - create IPUIPlugin
2025-09-21 10:48:40,093 [INFO] PluginManager:220 - loadIPPluginJar : add can
2025-09-21 10:48:40,096 [INFO] IPUIPlugin:80 - create IPUIPlugin
2025-09-21 10:48:40,096 [INFO] PluginManager:220 - loadIPPluginJar : add freertos
2025-09-21 10:48:40,097 [INFO] IPUIPlugin:80 - create IPUIPlugin
2025-09-21 10:48:40,097 [INFO] PluginManager:220 - loadIPPluginJar : add gtzc
2025-09-21 10:48:40,098 [INFO] IPUIPlugin:80 - create IPUIPlugin
2025-09-21 10:48:40,098 [INFO] PluginManager:220 - loadIPPluginJar : add ts
2025-09-21 10:48:40,104 [INFO] IPUIPlugin:80 - create IPUIPlugin
2025-09-21 10:48:40,104 [INFO] PluginManager:220 - loadIPPluginJar : add stm32_wpan
2025-09-21 10:48:40,105 [INFO] IPUIPlugin:80 - create IPUIPlugin
2025-09-21 10:48:40,105 [INFO] PluginManager:220 - loadIPPluginJar : add fatfs
2025-09-21 10:48:40,109 [INFO] IPUIPlugin:80 - create IPUIPlugin
2025-09-21 10:48:40,109 [INFO] PluginManager:220 - loadIPPluginJar : add dma
2025-09-21 10:48:40,111 [INFO] IPUIPlugin:80 - create IPUIPlugin
2025-09-21 10:48:40,111 [INFO] PluginManager:220 - loadIPPluginJar : add usbx
2025-09-21 10:48:40,112 [INFO] IPUIPlugin:80 - create IPUIPlugin
2025-09-21 10:48:40,112 [INFO] PluginManager:220 - loadIPPluginJar : add hash
2025-09-21 10:48:40,113 [INFO] IPUIPlugin:80 - create IPUIPlugin
2025-09-21 10:48:40,114 [INFO] PluginManager:220 - loadIPPluginJar : add cryp
2025-09-21 10:48:40,115 [INFO] IPUIPlugin:80 - create IPUIPlugin
2025-09-21 10:48:40,115 [INFO] PluginManager:220 - loadIPPluginJar : add openamp
2025-09-21 10:48:40,116 [INFO] IPUIPlugin:80 - create IPUIPlugin
2025-09-21 10:48:40,116 [INFO] PluginManager:220 - loadIPPluginJar : add genericplugin
2025-09-21 10:48:40,118 [INFO] IPUIPlugin:80 - create IPUIPlugin
2025-09-21 10:48:40,118 [INFO] PluginManager:220 - loadIPPluginJar : add ipddr
2025-09-21 10:48:40,119 [INFO] IPUIPlugin:80 - create IPUIPlugin
2025-09-21 10:48:40,119 [INFO] PluginManager:220 - loadIPPluginJar : add opamp
2025-09-21 10:48:40,120 [INFO] IPUIPlugin:80 - create IPUIPlugin
2025-09-21 10:48:40,120 [INFO] PluginManager:220 - loadIPPluginJar : add ltdc
2025-09-21 10:48:40,121 [INFO] IPUIPlugin:80 - create IPUIPlugin
2025-09-21 10:48:40,121 [INFO] PluginManager:220 - loadIPPluginJar : add dfsdm
2025-09-21 10:48:40,124 [INFO] IPUIPlugin:80 - create IPUIPlugin
2025-09-21 10:48:40,124 [INFO] PluginManager:220 - loadIPPluginJar : add gic
2025-09-21 10:48:40,126 [INFO] IPUIPlugin:80 - create IPUIPlugin
2025-09-21 10:48:40,126 [INFO] PluginManager:220 - loadIPPluginJar : add extmemmanager
2025-09-21 10:48:40,127 [INFO] IPUIPlugin:80 - create IPUIPlugin
2025-09-21 10:48:40,128 [INFO] PluginManager:220 - loadIPPluginJar : add ucpd
2025-09-21 10:48:40,129 [INFO] IPUIPlugin:80 - create IPUIPlugin
2025-09-21 10:48:40,129 [INFO] PluginManager:220 - loadIPPluginJar : add tracer_emb
2025-09-21 10:48:40,130 [INFO] IPUIPlugin:80 - create IPUIPlugin
2025-09-21 10:48:40,130 [INFO] PluginManager:220 - loadIPPluginJar : add radio
2025-09-21 10:48:40,131 [INFO] IPUIPlugin:80 - create IPUIPlugin
2025-09-21 10:48:40,132 [INFO] PluginManager:220 - loadIPPluginJar : add pdm2pcm
2025-09-21 10:48:40,133 [INFO] IPUIPlugin:80 - create IPUIPlugin
2025-09-21 10:48:40,133 [INFO] PluginManager:220 - loadIPPluginJar : add spi
2025-09-21 10:48:40,134 [INFO] IPUIPlugin:80 - create IPUIPlugin
2025-09-21 10:48:40,134 [INFO] PluginManager:220 - loadIPPluginJar : add tim
2025-09-21 10:48:40,138 [INFO] IPUIPlugin:80 - create IPUIPlugin
2025-09-21 10:48:40,140 [INFO] PluginManager:220 - loadIPPluginJar : add plateformsettings
2025-09-21 10:48:40,142 [INFO] IPUIPlugin:80 - create IPUIPlugin
2025-09-21 10:48:40,142 [INFO] PluginManager:220 - loadIPPluginJar : add touchsensing
2025-09-21 10:48:40,145 [INFO] IPUIPlugin:80 - create IPUIPlugin
2025-09-21 10:48:40,145 [INFO] PluginManager:220 - loadIPPluginJar : add gpio
2025-09-21 10:48:40,150 [INFO] IPUIPlugin:80 - create IPUIPlugin
2025-09-21 10:48:40,150 [INFO] PluginManager:220 - loadIPPluginJar : add adc
2025-09-21 10:48:40,156 [INFO] IPUIPlugin:80 - create IPUIPlugin
2025-09-21 10:48:40,156 [INFO] PluginManager:220 - loadIPPluginJar : add linkedlist
2025-09-21 10:48:40,157 [INFO] IPUIPlugin:80 - create IPUIPlugin
2025-09-21 10:48:40,157 [INFO] PluginManager:220 - loadIPPluginJar : add comp
2025-09-21 10:48:40,160 [INFO] IPUIPlugin:80 - create IPUIPlugin
2025-09-21 10:48:40,160 [INFO] PluginManager:220 - loadIPPluginJar : add fmc
2025-09-21 10:48:40,160 [INFO] IPUIPlugin:80 - create IPUIPlugin
2025-09-21 10:48:40,161 [INFO] PluginManager:220 - loadIPPluginJar : add tsc
2025-09-21 10:48:40,162 [INFO] IPUIPlugin:80 - create IPUIPlugin
2025-09-21 10:48:40,162 [INFO] PluginManager:220 - loadIPPluginJar : add sai
2025-09-21 10:48:40,164 [INFO] IPUIPlugin:80 - create IPUIPlugin
2025-09-21 10:48:40,164 [INFO] PluginManager:220 - loadIPPluginJar : add usart
2025-09-21 10:48:40,166 [INFO] IPUIPlugin:80 - create IPUIPlugin
2025-09-21 10:48:40,166 [INFO] PluginManager:220 - loadIPPluginJar : add nvic
2025-09-21 10:48:40,168 [INFO] IPUIPlugin:80 - create IPUIPlugin
2025-09-21 10:48:40,168 [INFO] PluginManager:220 - loadIPPluginJar : add resmgrutility
2025-09-21 10:48:40,169 [INFO] IPUIPlugin:80 - create IPUIPlugin
2025-09-21 10:48:40,169 [INFO] PluginManager:220 - loadIPPluginJar : add lorawan
2025-09-21 10:48:40,170 [INFO] IPUIPlugin:80 - create IPUIPlugin
2025-09-21 10:48:40,170 [INFO] PluginManager:220 - loadIPPluginJar : add gfxmmu
2025-09-21 10:48:40,171 [INFO] IPUIPlugin:80 - create IPUIPlugin
2025-09-21 10:48:40,171 [INFO] PluginManager:220 - loadIPPluginJar : add dma3
2025-09-21 10:48:40,173 [INFO] IPUIPlugin:80 - create IPUIPlugin
2025-09-21 10:48:40,173 [INFO] PluginManager:220 - loadIPPluginJar : add i3c
2025-09-21 10:48:40,173 [INFO] IPUIPlugin:80 - create IPUIPlugin
2025-09-21 10:48:40,173 [INFO] PluginManager:220 - loadIPPluginJar : add quadspi
2025-09-21 10:48:40,175 [INFO] IPUIPlugin:80 - create IPUIPlugin
2025-09-21 10:48:40,175 [INFO] PluginManager:220 - loadIPPluginJar : add ddr_ctrl_phy
2025-09-21 10:48:40,176 [INFO] IPUIPlugin:80 - create IPUIPlugin
2025-09-21 10:48:40,176 [INFO] PluginManager:220 - loadIPPluginJar : add i2s
2025-09-21 10:48:40,269 [FATAL] Updater:351 - Updater called before beeing initialized
2025-09-21 10:48:40,318 [INFO] RulesReader:64 - Compatibility file has been processed (317 Rules)
2025-09-21 10:48:40,333 [INFO] RulesReader:64 - Compatibility file has been processed (317 Rules)
2025-09-21 10:48:40,339 [INFO] CADModel:165 - CPN selected for project level
2025-09-21 10:48:40,339 [INFO] CADModel:114 - Register for checkConnection events
2025-09-21 10:48:40,339 [FATAL] Updater:351 - Updater called before beeing initialized
2025-09-21 10:48:40,339 [ERROR] CADModel:125 - Updater not yet initialized, retry later 
2025-09-21 10:48:40,413 [FATAL] Updater:351 - Updater called before beeing initialized
2025-09-21 10:48:40,414 [INFO] CADModel:165 - CPN selected for project level
2025-09-21 10:48:40,414 [INFO] CADModel:114 - Register for checkConnection events
2025-09-21 10:48:40,414 [FATAL] Updater:351 - Updater called before beeing initialized
2025-09-21 10:48:40,414 [ERROR] CADModel:125 - Updater not yet initialized, retry later 
2025-09-21 10:48:40,417 [FATAL] Updater:351 - Updater called before beeing initialized
2025-09-21 10:48:40,475 [FATAL] Updater:351 - Updater called before beeing initialized
2025-09-21 10:48:40,478 [INFO] DbMcusAds:53 - JSON generation date=Tue Jul 08 05:14:23 ART 2025 (1751962463582)
2025-09-21 10:48:40,478 [FATAL] Updater:351 - Updater called before beeing initialized
2025-09-21 10:48:40,499 [WARN] DetailPanel:346 - Failed to get advertising image, set to default
2025-09-21 10:48:40,541 [FATAL] Updater:351 - Updater called before beeing initialized
2025-09-21 10:48:40,543 [FATAL] Updater:351 - Updater called before beeing initialized
2025-09-21 10:48:40,543 [FATAL] Updater:351 - Updater called before beeing initialized
2025-09-21 10:48:40,543 [WARN] DetailPanel:346 - Failed to get advertising image, set to default
2025-09-21 10:48:40,543 [FATAL] Updater:351 - Updater called before beeing initialized
2025-09-21 10:48:40,564 [ERROR] Updater:1198 - MainUpdater not yet initialized. External WinMGr cannot be set.
2025-09-21 10:48:40,565 [INFO] Updater:1134 - Updater Version found : 6.15.0
2025-09-21 10:48:40,576 [INFO] ApplicationProperties:184 - Using Application install path: /opt/st/stm32cubeide_1.19.0/plugins/com.st.stm32cube.common.mx_6.15.0.202507011659
2025-09-21 10:48:40,584 [ERROR] LogOutputStream:75 - [STDERR_REDIRECT] Sep 21, 2025 10:48:40 AM java.util.prefs.FileSystemPreferences$2 run
2025-09-21 10:48:40,584 [ERROR] LogOutputStream:75 - [STDERR_REDIRECT] WARNING: Could not create system preferences directory. System preferences are unusable.
2025-09-21 10:48:40,584 [ERROR] LogOutputStream:75 - [STDERR_REDIRECT] 
2025-09-21 10:48:40,810 [INFO] MainUpdater:2872 - connection check result : 10
2025-09-21 10:48:40,810 [INFO] MainUpdater:3604 - Updater definition file requires update
2025-09-21 10:48:40,811 [INFO] MainUpdater:289 - Updater Check For Update Now.
2025-09-21 10:48:40,811 [INFO] MicroXplorer:498 - Change Database Version : DB.6.0.150
2025-09-21 10:48:40,817 [INFO] McuFinderGlobals:63 - Set McuFinder mode to 2 (CubeIDE integrated)
2025-09-21 10:48:40,818 [INFO] UserAuth:487 - Internet connection configuration mode: 1
2025-09-21 10:48:40,834 [INFO] JxBrowserEngine:152 - Initiate JxBrowser Engine with user profile folder
2025-09-21 10:48:41,443 [INFO] WebApp:169 - Instantiating new browser for Auth
2025-09-21 10:48:41,903 [INFO] WebApp:463 - Apply proxy settings
2025-09-21 10:48:41,903 [INFO] WebApp:548 - Chromium requires no authentication
2025-09-21 10:48:41,909 [INFO] WebApp:491 - Direct internet connection detected
2025-09-21 10:48:41,921 [INFO] WebApp:900 - Register for checkConnection events
2025-09-21 10:48:41,921 [INFO] WebApp:463 - Apply proxy settings
2025-09-21 10:48:41,921 [INFO] WebApp:548 - Chromium requires no authentication
2025-09-21 10:48:41,921 [INFO] WebApp:491 - Direct internet connection detected
2025-09-21 10:48:42,021 [INFO] WebApp:225 - Starting web application
2025-09-21 10:48:42,021 [INFO] WebApp:593 - Web application path used /opt/st/stm32cubeide_1.19.0/plugins/com.st.stm32cube.common.mx_6.15.0.202507011659/db/plugins/mcufinder/reactClient1/index.html
2025-09-21 10:48:42,096 [INFO] UserAuth:487 - Internet connection configuration mode: 1
2025-09-21 10:48:42,182 [INFO] WebApp:191 - Connection restablished
2025-09-21 10:48:42,273 [INFO] ServerAccessManage:452 - Complete download http(s) 200
2025-09-21 10:48:42,274 [INFO] ServerAccessManage:509 - Download File updaters.zip
2025-09-21 10:48:42,395 [INFO] FileExtend:248 - Unzip File : updaters.zip
2025-09-21 10:48:42,395 [INFO] FileExtend:263 - Standard Zip Deflate
2025-09-21 10:48:42,780 [WARN] MainUpdater:1193 - Updater busy. Cannot search thirdparties
2025-09-21 10:48:42,781 [INFO] ThirdPartyUpdaterWithRetryManager:96 - Updater plugin is busy. [1/15]
2025-09-21 10:48:43,301 [INFO] ServerAccessManage:452 - Complete download http(s) 200
2025-09-21 10:48:43,301 [INFO] ServerAccessManage:509 - Download File PacksControlFlags.xml
2025-09-21 10:48:44,427 [INFO] ServerAccessManage:452 - Complete download http(s) 200
2025-09-21 10:48:44,427 [INFO] ServerAccessManage:509 - Download File cubemx.pidx
2025-09-21 10:48:44,490 [INFO] LoadServerUpdatesThread:375 - End of LoadServerUpdate Thread
2025-09-21 10:48:44,625 [INFO] CheckServerUpdateThread:120 - End of CheckServer Thread
2025-09-21 10:48:45,854 [WARN] PackLoader:240 - Cannot read IP mode file for STMicroelectronics.FP-SNS-MOTENVWB1.1.4.0
2025-09-21 10:48:45,859 [WARN] PackLoader:240 - Cannot read IP mode file for STMicroelectronics.FP-ATR-ASTRA1.2.0.2
2025-09-21 10:48:45,863 [WARN] PackLoader:240 - Cannot read IP mode file for STMicroelectronics.X-CUBE-SMBUS.2.1.0
2025-09-21 10:48:45,865 [WARN] PackLoader:240 - Cannot read IP mode file for STMicroelectronics.X-CUBE-ST60.1.0.0
2025-09-21 10:48:45,885 [WARN] PackLoader:240 - Cannot read IP mode file for STMicroelectronics.X-CUBE-AZRTOS-F7.1.1.0
2025-09-21 10:48:45,890 [WARN] PackLoader:240 - Cannot read IP mode file for Cesanta.I-CUBE-Mongoose.7.19.0
2025-09-21 10:48:45,894 [WARN] PackLoader:240 - Cannot read IP mode file for WES.I-CUBE-Cesium.1.4.0
2025-09-21 10:48:45,909 [WARN] PackLoader:240 - Cannot read IP mode file for Infineon.AIROC-Wi-Fi-Bluetooth-STM32.1.7.1
2025-09-21 10:48:45,916 [WARN] PackLoader:240 - Cannot read IP mode file for STMicroelectronics.X-CUBE-DISPLAY.3.0.0
2025-09-21 10:48:45,923 [WARN] PackLoader:240 - Cannot read IP mode file for STMicroelectronics.X-CUBE-NFC10.1.0.0
2025-09-21 10:48:45,926 [WARN] PackLoader:240 - Cannot read IP mode file for emotas.I-CUBE-CANOPEN.1.3.0
2025-09-21 10:48:45,928 [WARN] PackLoader:240 - Cannot read IP mode file for STMicroelectronics.FP-SNS-SMARTAG2.1.2.0
2025-09-21 10:48:45,930 [WARN] PackLoader:240 - Cannot read IP mode file for STMicroelectronics.FP-SNS-FLIGHT1.5.1.0
2025-09-21 10:48:45,934 [INFO] LogOutputStream:77 - [STDOUT_REDIRECT] 1 : Invalid condition id : UX_CORESTACK_Condition cause : null
2025-09-21 10:48:45,934 [INFO] LogOutputStream:77 - [STDOUT_REDIRECT] 1 : Invalid condition id : UX_CORESTACK_Condition cause : null
2025-09-21 10:48:45,934 [INFO] LogOutputStream:77 - [STDOUT_REDIRECT] 1 : Invalid condition id : UX_CORESTACK_Condition cause : null
2025-09-21 10:48:45,934 [INFO] LogOutputStream:77 - [STDOUT_REDIRECT] 1 : Invalid condition id : UX_CORESTACK_Condition cause : null
2025-09-21 10:48:45,934 [INFO] LogOutputStream:77 - [STDOUT_REDIRECT] 1 : Invalid condition id : UX_CORESTACK_Condition cause : null
2025-09-21 10:48:45,936 [WARN] PackLoader:240 - Cannot read IP mode file for STMicroelectronics.X-CUBE-AZRTOS-WL.2.0.0
2025-09-21 10:48:45,939 [WARN] PackLoader:240 - Cannot read IP mode file for STMicroelectronics.FP-SNS-MOTENV1.5.0.0
2025-09-21 10:48:45,943 [WARN] PackLoader:240 - Cannot read IP mode file for STMicroelectronics.X-CUBE-BLE2.3.3.0
2025-09-21 10:48:45,946 [WARN] PackLoader:240 - Cannot read IP mode file for STMicroelectronics.X-CUBE-NFC9.1.0.0
2025-09-21 10:48:45,949 [WARN] PackLoader:240 - Cannot read IP mode file for STMicroelectronics.X-CUBE-BLE1.7.1.0
2025-09-21 10:48:45,958 [WARN] PackLoader:240 - Cannot read IP mode file for STMicroelectronics.X-CUBE-AZRTOS-G0.1.1.0
2025-09-21 10:48:45,962 [WARN] PackLoader:240 - Cannot read IP mode file for STMicroelectronics.X-CUBE-SAFEA1.1.2.2
2025-09-21 10:48:45,966 [WARN] PackLoader:240 - Cannot read IP mode file for STMicroelectronics.X-CUBE-NFC4.3.0.0
2025-09-21 10:48:45,971 [WARN] PackLoader:240 - Cannot read IP mode file for EmbeddedOffice.I-CUBE-FS-RTOS.1.0.1
2025-09-21 10:48:45,974 [WARN] PackLoader:240 - Cannot read IP mode file for STMicroelectronics.X-CUBE-WB05N.2.0.0
2025-09-21 10:48:45,977 [WARN] PackLoader:240 - Cannot read IP mode file for STMicroelectronics.X-CUBE-TCPP.4.2.0
2025-09-21 10:48:45,980 [WARN] PackLoader:240 - Cannot read IP mode file for RealThread.X-CUBE-RT-Thread_Nano.4.1.1
2025-09-21 10:48:45,982 [WARN] PackLoader:240 - Cannot read IP mode file for STMicroelectronics.FP-ATR-SIGFOX1.3.2.0
2025-09-21 10:48:45,984 [WARN] PackLoader:240 - Cannot read IP mode file for ITTIA_DB.I-CUBE-ITTIADB.8.9.0
2025-09-21 10:48:45,987 [WARN] PackLoader:240 - Cannot read IP mode file for STMicroelectronics.X-CUBE-ST67W61.1.0.0
2025-09-21 10:48:46,002 [WARN] PackLoader:240 - Cannot read IP mode file for SEGGER.I-CUBE-embOS.1.3.1
2025-09-21 10:48:46,028 [WARN] PackLoader:240 - Cannot read IP mode file for STMicroelectronics.X-CUBE-ALGOBUILD.1.4.0
2025-09-21 10:48:46,054 [WARN] PackLoader:240 - Cannot read IP mode file for STMicroelectronics.X-CUBE-MEMS1.11.3.0
2025-09-21 10:48:46,143 [WARN] PackLoader:240 - Cannot read IP mode file for STMicroelectronics.X-CUBE-PM33A1.1.0.0
2025-09-21 10:48:46,153 [WARN] PackLoader:240 - Cannot read IP mode file for STMicroelectronics.X-CUBE-AZRTOS-F4.1.1.0
2025-09-21 10:48:46,156 [WARN] PackLoader:240 - Cannot read IP mode file for Avnet-IotConnect.X-CUBE-IoTC-DA16k-PMOD.1.0.0
2025-09-21 10:48:46,157 [WARN] PackLoader:240 - Cannot read IP mode file for STMicroelectronics.X-CUBE-ISPU.2.1.0
2025-09-21 10:48:46,167 [WARN] PackLoader:240 - Cannot read IP mode file for STMicroelectronics.X-CUBE-AZRTOS-L5.2.0.0
2025-09-21 10:48:46,172 [WARN] PackLoader:240 - Cannot read IP mode file for STMicroelectronics.X-CUBE-NFC6.3.1.0
2025-09-21 10:48:46,176 [WARN] PackLoader:240 - Cannot read IP mode file for STMicroelectronics.X-CUBE-FREERTOS.1.3.1
2025-09-21 10:48:46,179 [WARN] PackLoader:240 - Cannot read IP mode file for STMicroelectronics.X-CUBE-DPower.1.3.0
2025-09-21 10:48:46,189 [WARN] ConditionMgr:438 - getConditionDescription Invalid condition id : LAN8742 Phy interface Condition cause : null
2025-09-21 10:48:46,190 [WARN] PackLoader:240 - Cannot read IP mode file for STMicroelectronics.X-CUBE-AZRTOS-L4.2.0.0
2025-09-21 10:48:46,191 [WARN] ConditionMgr:1044 - genDependencies : Invalid condition id : LAN8742 Phy interface Condition cause : null
2025-09-21 10:48:46,191 [WARN] ConditionMgr:1044 - genDependencies : Invalid condition id : LAN8742 Phy interface Condition cause : null
2025-09-21 10:48:46,191 [WARN] ConditionMgr:1044 - genDependencies : Invalid condition id : LAN8742 Phy interface Condition cause : null
2025-09-21 10:48:46,195 [WARN] PackLoader:240 - Cannot read IP mode file for STMicroelectronics.X-CUBE-SFXS2LP1.4.0.0
2025-09-21 10:48:46,202 [WARN] ConditionMgr:438 - getConditionDescription Invalid condition id : UX DEVICE CLASS RTOS Condition cause : null
2025-09-21 10:48:46,202 [WARN] ConditionMgr:438 - getConditionDescription Invalid condition id : UX DEVICE CLASS RTOS Condition cause : null
2025-09-21 10:48:46,203 [WARN] PackLoader:240 - Cannot read IP mode file for STMicroelectronics.X-CUBE-AZRTOS-WB.2.0.0
2025-09-21 10:48:46,203 [WARN] ConditionMgr:1044 - genDependencies : Invalid condition id : UX DEVICE CLASS RTOS Condition cause : null
2025-09-21 10:48:46,203 [WARN] ConditionMgr:1044 - genDependencies : Invalid condition id : UX DEVICE CLASS RTOS Condition cause : null
2025-09-21 10:48:46,204 [WARN] ConditionMgr:1044 - genDependencies : Invalid condition id : UX DEVICE CLASS RTOS Condition cause : null
2025-09-21 10:48:46,204 [WARN] ConditionMgr:1044 - genDependencies : Invalid condition id : UX DEVICE CLASS RTOS Condition cause : null
2025-09-21 10:48:46,204 [WARN] ConditionMgr:1044 - genDependencies : Invalid condition id : UX DEVICE CLASS RTOS Condition cause : null
2025-09-21 10:48:46,206 [WARN] PackLoader:240 - Cannot read IP mode file for STMicroelectronics.X-CUBE-GNSS1.7.0.1
2025-09-21 10:48:46,209 [WARN] PackLoader:240 - Cannot read IP mode file for STMicroelectronics.X-CUBE-TOUCHGFX.4.25.0
2025-09-21 10:48:46,210 [WARN] ConditionMgr:438 - getConditionDescription Invalid condition id : Cortex-A Device cause : null
2025-09-21 10:48:46,216 [WARN] ConditionMgr:1044 - genDependencies : Invalid condition id : Cortex-A Device cause : null
2025-09-21 10:48:46,216 [WARN] ConditionMgr:1044 - genDependencies : Invalid condition id : Cortex-A Device cause : null
2025-09-21 10:48:46,216 [WARN] ConditionMgr:1044 - genDependencies : Invalid condition id : Cortex-A Device cause : null
2025-09-21 10:48:46,220 [WARN] PackLoader:240 - Cannot read IP mode file for STMicroelectronics.X-CUBE-SUBG2.5.0.0
2025-09-21 10:48:46,232 [WARN] PackLoader:240 - Cannot read IP mode file for STMicroelectronics.X-CUBE-AZRTOS-H7RS.1.1.0
2025-09-21 10:48:46,240 [WARN] PackLoader:240 - Cannot read IP mode file for STMicroelectronics.X-CUBE-AZRTOS-G4.2.0.0
2025-09-21 10:48:46,242 [WARN] PackLoader:240 - Cannot read IP mode file for wolfSSL.I-CUBE-wolfSSH.1.4.20
2025-09-21 10:48:46,244 [WARN] PackLoader:240 - Cannot read IP mode file for STMicroelectronics.X-CUBE-NFC7.2.0.0
2025-09-21 10:48:46,251 [WARN] PackLoader:240 - Cannot read IP mode file for STMicroelectronics.X-CUBE-IPS.3.1.0
2025-09-21 10:48:46,255 [WARN] PackLoader:240 - Cannot read IP mode file for STMicroelectronics.X-CUBE-ALS.1.0.2
2025-09-21 10:48:46,260 [WARN] PackLoader:240 - Cannot read IP mode file for STMicroelectronics.X-CUBE-TOF1.3.4.3
2025-09-21 10:48:46,267 [INFO] ThirdParty:978 - Integrity check success = true
2025-09-21 10:48:46,267 [INFO] IntegrityCheckThread:100 - exiting critical section [integrity check]
2025-09-21 10:48:46,267 [INFO] IntegrityCheckThread:103 - End integrity checks thread
2025-09-21 10:49:07,705 [ERROR] LogOutputStream:75 - [STDERR_REDIRECT] Sep 21, 2025 10:49:07 AM java.util.prefs.FileSystemPreferences checkLockFile0ErrorCode
2025-09-21 10:49:07,706 [ERROR] LogOutputStream:75 - [STDERR_REDIRECT] WARNING: Could not lock System prefs. Unix error code 2.
2025-09-21 10:49:07,706 [ERROR] LogOutputStream:75 - [STDERR_REDIRECT] 
2025-09-21 10:49:07,707 [ERROR] LogOutputStream:75 - [STDERR_REDIRECT] Sep 21, 2025 10:49:07 AM java.util.prefs.FileSystemPreferences syncWorld
2025-09-21 10:49:07,707 [ERROR] LogOutputStream:75 - [STDERR_REDIRECT] WARNING: Couldn't flush system prefs: java.util.prefs.BackingStoreException: Couldn't get file lock.
2025-09-21 10:49:07,708 [ERROR] LogOutputStream:75 - [STDERR_REDIRECT] 
2025-09-21 10:49:37,700 [ERROR] LogOutputStream:75 - [STDERR_REDIRECT] Sep 21, 2025 10:49:37 AM java.util.prefs.FileSystemPreferences checkLockFile0ErrorCode
2025-09-21 10:49:37,700 [ERROR] LogOutputStream:75 - [STDERR_REDIRECT] WARNING: Could not lock System prefs. Unix error code 2.
2025-09-21 10:49:37,700 [ERROR] LogOutputStream:75 - [STDERR_REDIRECT] 
2025-09-21 10:49:37,701 [ERROR] LogOutputStream:75 - [STDERR_REDIRECT] Sep 21, 2025 10:49:37 AM java.util.prefs.FileSystemPreferences syncWorld
2025-09-21 10:49:37,701 [ERROR] LogOutputStream:75 - [STDERR_REDIRECT] WARNING: Couldn't flush system prefs: java.util.prefs.BackingStoreException: Couldn't get file lock.
2025-09-21 10:49:37,701 [ERROR] LogOutputStream:75 - [STDERR_REDIRECT] 
2025-09-21 10:50:07,699 [ERROR] LogOutputStream:75 - [STDERR_REDIRECT] Sep 21, 2025 10:50:07 AM java.util.prefs.FileSystemPreferences checkLockFile0ErrorCode
2025-09-21 10:50:07,699 [ERROR] LogOutputStream:75 - [STDERR_REDIRECT] WARNING: Could not lock System prefs. Unix error code 2.
2025-09-21 10:50:07,700 [ERROR] LogOutputStream:75 - [STDERR_REDIRECT] 
2025-09-21 10:50:07,700 [ERROR] LogOutputStream:75 - [STDERR_REDIRECT] Sep 21, 2025 10:50:07 AM java.util.prefs.FileSystemPreferences syncWorld
2025-09-21 10:50:07,700 [ERROR] LogOutputStream:75 - [STDERR_REDIRECT] WARNING: Couldn't flush system prefs: java.util.prefs.BackingStoreException: Couldn't get file lock.
2025-09-21 10:50:07,700 [ERROR] LogOutputStream:75 - [STDERR_REDIRECT] 
2025-09-21 10:50:37,701 [ERROR] LogOutputStream:75 - [STDERR_REDIRECT] Sep 21, 2025 10:50:37 AM java.util.prefs.FileSystemPreferences checkLockFile0ErrorCode
2025-09-21 10:50:37,702 [ERROR] LogOutputStream:75 - [STDERR_REDIRECT] WARNING: Could not lock System prefs. Unix error code 2.
2025-09-21 10:50:37,702 [ERROR] LogOutputStream:75 - [STDERR_REDIRECT] 
2025-09-21 10:50:37,702 [ERROR] LogOutputStream:75 - [STDERR_REDIRECT] Sep 21, 2025 10:50:37 AM java.util.prefs.FileSystemPreferences syncWorld
2025-09-21 10:50:37,702 [ERROR] LogOutputStream:75 - [STDERR_REDIRECT] WARNING: Couldn't flush system prefs: java.util.prefs.BackingStoreException: Couldn't get file lock.
2025-09-21 10:50:37,703 [ERROR] LogOutputStream:75 - [STDERR_REDIRECT] 
2025-09-21 10:51:07,701 [ERROR] LogOutputStream:75 - [STDERR_REDIRECT] Sep 21, 2025 10:51:07 AM java.util.prefs.FileSystemPreferences checkLockFile0ErrorCode
2025-09-21 10:51:07,701 [ERROR] LogOutputStream:75 - [STDERR_REDIRECT] WARNING: Could not lock System prefs. Unix error code 2.
2025-09-21 10:51:07,702 [ERROR] LogOutputStream:75 - [STDERR_REDIRECT] 
2025-09-21 10:51:07,703 [ERROR] LogOutputStream:75 - [STDERR_REDIRECT] Sep 21, 2025 10:51:07 AM java.util.prefs.FileSystemPreferences syncWorld
2025-09-21 10:51:07,703 [ERROR] LogOutputStream:75 - [STDERR_REDIRECT] WARNING: Couldn't flush system prefs: java.util.prefs.BackingStoreException: Couldn't get file lock.
2025-09-21 10:51:07,703 [ERROR] LogOutputStream:75 - [STDERR_REDIRECT] 
2025-09-21 10:51:37,701 [ERROR] LogOutputStream:75 - [STDERR_REDIRECT] Sep 21, 2025 10:51:37 AM java.util.prefs.FileSystemPreferences checkLockFile0ErrorCode
2025-09-21 10:51:37,701 [ERROR] LogOutputStream:75 - [STDERR_REDIRECT] WARNING: Could not lock System prefs. Unix error code 2.
2025-09-21 10:51:37,701 [ERROR] LogOutputStream:75 - [STDERR_REDIRECT] 
2025-09-21 10:51:37,702 [ERROR] LogOutputStream:75 - [STDERR_REDIRECT] Sep 21, 2025 10:51:37 AM java.util.prefs.FileSystemPreferences syncWorld
2025-09-21 10:51:37,702 [ERROR] LogOutputStream:75 - [STDERR_REDIRECT] WARNING: Couldn't flush system prefs: java.util.prefs.BackingStoreException: Couldn't get file lock.
2025-09-21 10:51:37,702 [ERROR] LogOutputStream:75 - [STDERR_REDIRECT] 
2025-09-21 10:52:07,700 [ERROR] LogOutputStream:75 - [STDERR_REDIRECT] Sep 21, 2025 10:52:07 AM java.util.prefs.FileSystemPreferences checkLockFile0ErrorCode
2025-09-21 10:52:07,700 [ERROR] LogOutputStream:75 - [STDERR_REDIRECT] WARNING: Could not lock System prefs. Unix error code 2.
2025-09-21 10:52:07,700 [ERROR] LogOutputStream:75 - [STDERR_REDIRECT] 
2025-09-21 10:52:07,701 [ERROR] LogOutputStream:75 - [STDERR_REDIRECT] Sep 21, 2025 10:52:07 AM java.util.prefs.FileSystemPreferences syncWorld
2025-09-21 10:52:07,701 [ERROR] LogOutputStream:75 - [STDERR_REDIRECT] WARNING: Couldn't flush system prefs: java.util.prefs.BackingStoreException: Couldn't get file lock.
2025-09-21 10:52:07,701 [ERROR] LogOutputStream:75 - [STDERR_REDIRECT] 
2025-09-21 10:52:37,700 [ERROR] LogOutputStream:75 - [STDERR_REDIRECT] Sep 21, 2025 10:52:37 AM java.util.prefs.FileSystemPreferences checkLockFile0ErrorCode
2025-09-21 10:52:37,701 [ERROR] LogOutputStream:75 - [STDERR_REDIRECT] WARNING: Could not lock System prefs. Unix error code 2.
2025-09-21 10:52:37,701 [ERROR] LogOutputStream:75 - [STDERR_REDIRECT] 
2025-09-21 10:52:37,701 [ERROR] LogOutputStream:75 - [STDERR_REDIRECT] Sep 21, 2025 10:52:37 AM java.util.prefs.FileSystemPreferences syncWorld
2025-09-21 10:52:37,702 [ERROR] LogOutputStream:75 - [STDERR_REDIRECT] WARNING: Couldn't flush system prefs: java.util.prefs.BackingStoreException: Couldn't get file lock.
2025-09-21 10:52:37,702 [ERROR] LogOutputStream:75 - [STDERR_REDIRECT] 
2025-09-21 10:53:07,701 [ERROR] LogOutputStream:75 - [STDERR_REDIRECT] Sep 21, 2025 10:53:07 AM java.util.prefs.FileSystemPreferences checkLockFile0ErrorCode
2025-09-21 10:53:07,701 [ERROR] LogOutputStream:75 - [STDERR_REDIRECT] WARNING: Could not lock System prefs. Unix error code 2.
2025-09-21 10:53:07,702 [ERROR] LogOutputStream:75 - [STDERR_REDIRECT] 
2025-09-21 10:53:07,702 [ERROR] LogOutputStream:75 - [STDERR_REDIRECT] Sep 21, 2025 10:53:07 AM java.util.prefs.FileSystemPreferences syncWorld
2025-09-21 10:53:07,703 [ERROR] LogOutputStream:75 - [STDERR_REDIRECT] WARNING: Couldn't flush system prefs: java.util.prefs.BackingStoreException: Couldn't get file lock.
2025-09-21 10:53:07,703 [ERROR] LogOutputStream:75 - [STDERR_REDIRECT] 
2025-09-21 10:53:37,700 [ERROR] LogOutputStream:75 - [STDERR_REDIRECT] Sep 21, 2025 10:53:37 AM java.util.prefs.FileSystemPreferences checkLockFile0ErrorCode
2025-09-21 10:53:37,701 [ERROR] LogOutputStream:75 - [STDERR_REDIRECT] WARNING: Could not lock System prefs. Unix error code 2.
2025-09-21 10:53:37,701 [ERROR] LogOutputStream:75 - [STDERR_REDIRECT] 
2025-09-21 10:53:37,702 [ERROR] LogOutputStream:75 - [STDERR_REDIRECT] Sep 21, 2025 10:53:37 AM java.util.prefs.FileSystemPreferences syncWorld
2025-09-21 10:53:37,702 [ERROR] LogOutputStream:75 - [STDERR_REDIRECT] WARNING: Couldn't flush system prefs: java.util.prefs.BackingStoreException: Couldn't get file lock.
2025-09-21 10:53:37,702 [ERROR] LogOutputStream:75 - [STDERR_REDIRECT] 
2025-09-21 10:54:07,701 [ERROR] LogOutputStream:75 - [STDERR_REDIRECT] Sep 21, 2025 10:54:07 AM java.util.prefs.FileSystemPreferences checkLockFile0ErrorCode
2025-09-21 10:54:07,701 [ERROR] LogOutputStream:75 - [STDERR_REDIRECT] WARNING: Could not lock System prefs. Unix error code 2.
2025-09-21 10:54:07,701 [ERROR] LogOutputStream:75 - [STDERR_REDIRECT] 
2025-09-21 10:54:07,702 [ERROR] LogOutputStream:75 - [STDERR_REDIRECT] Sep 21, 2025 10:54:07 AM java.util.prefs.FileSystemPreferences syncWorld
2025-09-21 10:54:07,702 [ERROR] LogOutputStream:75 - [STDERR_REDIRECT] WARNING: Couldn't flush system prefs: java.util.prefs.BackingStoreException: Couldn't get file lock.
2025-09-21 10:54:07,702 [ERROR] LogOutputStream:75 - [STDERR_REDIRECT] 
2025-09-21 10:54:37,701 [ERROR] LogOutputStream:75 - [STDERR_REDIRECT] Sep 21, 2025 10:54:37 AM java.util.prefs.FileSystemPreferences checkLockFile0ErrorCode
2025-09-21 10:54:37,702 [ERROR] LogOutputStream:75 - [STDERR_REDIRECT] WARNING: Could not lock System prefs. Unix error code 2.
2025-09-21 10:54:37,702 [ERROR] LogOutputStream:75 - [STDERR_REDIRECT] 
2025-09-21 10:54:37,702 [ERROR] LogOutputStream:75 - [STDERR_REDIRECT] Sep 21, 2025 10:54:37 AM java.util.prefs.FileSystemPreferences syncWorld
2025-09-21 10:54:37,702 [ERROR] LogOutputStream:75 - [STDERR_REDIRECT] WARNING: Couldn't flush system prefs: java.util.prefs.BackingStoreException: Couldn't get file lock.
2025-09-21 10:54:37,703 [ERROR] LogOutputStream:75 - [STDERR_REDIRECT] 
2025-09-21 10:55:07,700 [ERROR] LogOutputStream:75 - [STDERR_REDIRECT] Sep 21, 2025 10:55:07 AM java.util.prefs.FileSystemPreferences checkLockFile0ErrorCode
2025-09-21 10:55:07,700 [ERROR] LogOutputStream:75 - [STDERR_REDIRECT] WARNING: Could not lock System prefs. Unix error code 2.
2025-09-21 10:55:07,701 [ERROR] LogOutputStream:75 - [STDERR_REDIRECT] 
2025-09-21 10:55:07,701 [ERROR] LogOutputStream:75 - [STDERR_REDIRECT] Sep 21, 2025 10:55:07 AM java.util.prefs.FileSystemPreferences syncWorld
2025-09-21 10:55:07,701 [ERROR] LogOutputStream:75 - [STDERR_REDIRECT] WARNING: Couldn't flush system prefs: java.util.prefs.BackingStoreException: Couldn't get file lock.
2025-09-21 10:55:07,702 [ERROR] LogOutputStream:75 - [STDERR_REDIRECT] 
2025-09-21 10:55:37,700 [ERROR] LogOutputStream:75 - [STDERR_REDIRECT] Sep 21, 2025 10:55:37 AM java.util.prefs.FileSystemPreferences checkLockFile0ErrorCode
2025-09-21 10:55:37,700 [ERROR] LogOutputStream:75 - [STDERR_REDIRECT] WARNING: Could not lock System prefs. Unix error code 2.
2025-09-21 10:55:37,700 [ERROR] LogOutputStream:75 - [STDERR_REDIRECT] 
2025-09-21 10:55:37,701 [ERROR] LogOutputStream:75 - [STDERR_REDIRECT] Sep 21, 2025 10:55:37 AM java.util.prefs.FileSystemPreferences syncWorld
2025-09-21 10:55:37,701 [ERROR] LogOutputStream:75 - [STDERR_REDIRECT] WARNING: Couldn't flush system prefs: java.util.prefs.BackingStoreException: Couldn't get file lock.
2025-09-21 10:55:37,701 [ERROR] LogOutputStream:75 - [STDERR_REDIRECT] 
2025-09-21 10:56:07,700 [ERROR] LogOutputStream:75 - [STDERR_REDIRECT] Sep 21, 2025 10:56:07 AM java.util.prefs.FileSystemPreferences checkLockFile0ErrorCode
2025-09-21 10:56:07,701 [ERROR] LogOutputStream:75 - [STDERR_REDIRECT] WARNING: Could not lock System prefs. Unix error code 2.
2025-09-21 10:56:07,701 [ERROR] LogOutputStream:75 - [STDERR_REDIRECT] 
2025-09-21 10:56:07,702 [ERROR] LogOutputStream:75 - [STDERR_REDIRECT] Sep 21, 2025 10:56:07 AM java.util.prefs.FileSystemPreferences syncWorld
2025-09-21 10:56:07,702 [ERROR] LogOutputStream:75 - [STDERR_REDIRECT] WARNING: Couldn't flush system prefs: java.util.prefs.BackingStoreException: Couldn't get file lock.
2025-09-21 10:56:07,702 [ERROR] LogOutputStream:75 - [STDERR_REDIRECT] 
2025-09-21 10:56:37,700 [ERROR] LogOutputStream:75 - [STDERR_REDIRECT] Sep 21, 2025 10:56:37 AM java.util.prefs.FileSystemPreferences checkLockFile0ErrorCode
2025-09-21 10:56:37,701 [ERROR] LogOutputStream:75 - [STDERR_REDIRECT] WARNING: Could not lock System prefs. Unix error code 2.
2025-09-21 10:56:37,701 [ERROR] LogOutputStream:75 - [STDERR_REDIRECT] 
2025-09-21 10:56:37,701 [ERROR] LogOutputStream:75 - [STDERR_REDIRECT] Sep 21, 2025 10:56:37 AM java.util.prefs.FileSystemPreferences syncWorld
2025-09-21 10:56:37,701 [ERROR] LogOutputStream:75 - [STDERR_REDIRECT] WARNING: Couldn't flush system prefs: java.util.prefs.BackingStoreException: Couldn't get file lock.
2025-09-21 10:56:37,701 [ERROR] LogOutputStream:75 - [STDERR_REDIRECT] 
2025-09-21 10:57:07,700 [ERROR] LogOutputStream:75 - [STDERR_REDIRECT] Sep 21, 2025 10:57:07 AM java.util.prefs.FileSystemPreferences checkLockFile0ErrorCode
2025-09-21 10:57:07,701 [ERROR] LogOutputStream:75 - [STDERR_REDIRECT] WARNING: Could not lock System prefs. Unix error code 2.
2025-09-21 10:57:07,701 [ERROR] LogOutputStream:75 - [STDERR_REDIRECT] 
2025-09-21 10:57:07,702 [ERROR] LogOutputStream:75 - [STDERR_REDIRECT] Sep 21, 2025 10:57:07 AM java.util.prefs.FileSystemPreferences syncWorld
2025-09-21 10:57:07,702 [ERROR] LogOutputStream:75 - [STDERR_REDIRECT] WARNING: Couldn't flush system prefs: java.util.prefs.BackingStoreException: Couldn't get file lock.
2025-09-21 10:57:07,702 [ERROR] LogOutputStream:75 - [STDERR_REDIRECT] 
2025-09-21 10:57:37,700 [ERROR] LogOutputStream:75 - [STDERR_REDIRECT] Sep 21, 2025 10:57:37 AM java.util.prefs.FileSystemPreferences checkLockFile0ErrorCode
2025-09-21 10:57:37,700 [ERROR] LogOutputStream:75 - [STDERR_REDIRECT] WARNING: Could not lock System prefs. Unix error code 2.
2025-09-21 10:57:37,700 [ERROR] LogOutputStream:75 - [STDERR_REDIRECT] 
2025-09-21 10:57:37,701 [ERROR] LogOutputStream:75 - [STDERR_REDIRECT] Sep 21, 2025 10:57:37 AM java.util.prefs.FileSystemPreferences syncWorld
2025-09-21 10:57:37,701 [ERROR] LogOutputStream:75 - [STDERR_REDIRECT] WARNING: Couldn't flush system prefs: java.util.prefs.BackingStoreException: Couldn't get file lock.
2025-09-21 10:57:37,701 [ERROR] LogOutputStream:75 - [STDERR_REDIRECT] 
2025-09-21 10:58:07,701 [ERROR] LogOutputStream:75 - [STDERR_REDIRECT] Sep 21, 2025 10:58:07 AM java.util.prefs.FileSystemPreferences checkLockFile0ErrorCode
2025-09-21 10:58:07,701 [ERROR] LogOutputStream:75 - [STDERR_REDIRECT] WARNING: Could not lock System prefs. Unix error code 2.
2025-09-21 10:58:07,702 [ERROR] LogOutputStream:75 - [STDERR_REDIRECT] 
2025-09-21 10:58:07,702 [ERROR] LogOutputStream:75 - [STDERR_REDIRECT] Sep 21, 2025 10:58:07 AM java.util.prefs.FileSystemPreferences syncWorld
2025-09-21 10:58:07,702 [ERROR] LogOutputStream:75 - [STDERR_REDIRECT] WARNING: Couldn't flush system prefs: java.util.prefs.BackingStoreException: Couldn't get file lock.
2025-09-21 10:58:07,702 [ERROR] LogOutputStream:75 - [STDERR_REDIRECT] 
2025-09-21 10:58:37,701 [ERROR] LogOutputStream:75 - [STDERR_REDIRECT] Sep 21, 2025 10:58:37 AM java.util.prefs.FileSystemPreferences checkLockFile0ErrorCode
2025-09-21 10:58:37,701 [ERROR] LogOutputStream:75 - [STDERR_REDIRECT] WARNING: Could not lock System prefs. Unix error code 2.
2025-09-21 10:58:37,701 [ERROR] LogOutputStream:75 - [STDERR_REDIRECT] 
2025-09-21 10:58:37,702 [ERROR] LogOutputStream:75 - [STDERR_REDIRECT] Sep 21, 2025 10:58:37 AM java.util.prefs.FileSystemPreferences syncWorld
2025-09-21 10:58:37,702 [ERROR] LogOutputStream:75 - [STDERR_REDIRECT] WARNING: Couldn't flush system prefs: java.util.prefs.BackingStoreException: Couldn't get file lock.
2025-09-21 10:58:37,702 [ERROR] LogOutputStream:75 - [STDERR_REDIRECT] 
2025-09-21 10:59:07,701 [ERROR] LogOutputStream:75 - [STDERR_REDIRECT] Sep 21, 2025 10:59:07 AM java.util.prefs.FileSystemPreferences checkLockFile0ErrorCode
2025-09-21 10:59:07,702 [ERROR] LogOutputStream:75 - [STDERR_REDIRECT] WARNING: Could not lock System prefs. Unix error code 2.
2025-09-21 10:59:07,702 [ERROR] LogOutputStream:75 - [STDERR_REDIRECT] 
2025-09-21 10:59:07,702 [ERROR] LogOutputStream:75 - [STDERR_REDIRECT] Sep 21, 2025 10:59:07 AM java.util.prefs.FileSystemPreferences syncWorld
2025-09-21 10:59:07,702 [ERROR] LogOutputStream:75 - [STDERR_REDIRECT] WARNING: Couldn't flush system prefs: java.util.prefs.BackingStoreException: Couldn't get file lock.
2025-09-21 10:59:07,703 [ERROR] LogOutputStream:75 - [STDERR_REDIRECT] 
2025-09-21 10:59:37,701 [ERROR] LogOutputStream:75 - [STDERR_REDIRECT] Sep 21, 2025 10:59:37 AM java.util.prefs.FileSystemPreferences checkLockFile0ErrorCode
2025-09-21 10:59:37,701 [ERROR] LogOutputStream:75 - [STDERR_REDIRECT] WARNING: Could not lock System prefs. Unix error code 2.
2025-09-21 10:59:37,702 [ERROR] LogOutputStream:75 - [STDERR_REDIRECT] 
2025-09-21 10:59:37,702 [ERROR] LogOutputStream:75 - [STDERR_REDIRECT] Sep 21, 2025 10:59:37 AM java.util.prefs.FileSystemPreferences syncWorld
2025-09-21 10:59:37,703 [ERROR] LogOutputStream:75 - [STDERR_REDIRECT] WARNING: Couldn't flush system prefs: java.util.prefs.BackingStoreException: Couldn't get file lock.
2025-09-21 10:59:37,703 [ERROR] LogOutputStream:75 - [STDERR_REDIRECT] 
2025-09-21 11:00:07,701 [ERROR] LogOutputStream:75 - [STDERR_REDIRECT] Sep 21, 2025 11:00:07 AM java.util.prefs.FileSystemPreferences checkLockFile0ErrorCode
2025-09-21 11:00:07,701 [ERROR] LogOutputStream:75 - [STDERR_REDIRECT] WARNING: Could not lock System prefs. Unix error code 2.
2025-09-21 11:00:07,701 [ERROR] LogOutputStream:75 - [STDERR_REDIRECT] 
2025-09-21 11:00:07,701 [ERROR] LogOutputStream:75 - [STDERR_REDIRECT] Sep 21, 2025 11:00:07 AM java.util.prefs.FileSystemPreferences syncWorld
2025-09-21 11:00:07,701 [ERROR] LogOutputStream:75 - [STDERR_REDIRECT] WARNING: Couldn't flush system prefs: java.util.prefs.BackingStoreException: Couldn't get file lock.
2025-09-21 11:00:07,701 [ERROR] LogOutputStream:75 - [STDERR_REDIRECT] 
2025-09-21 11:00:37,702 [ERROR] LogOutputStream:75 - [STDERR_REDIRECT] Sep 21, 2025 11:00:37 AM java.util.prefs.FileSystemPreferences checkLockFile0ErrorCode
2025-09-21 11:00:37,702 [ERROR] LogOutputStream:75 - [STDERR_REDIRECT] WARNING: Could not lock System prefs. Unix error code 2.
2025-09-21 11:00:37,740 [ERROR] LogOutputStream:75 - [STDERR_REDIRECT] 
2025-09-21 11:00:37,740 [ERROR] LogOutputStream:75 - [STDERR_REDIRECT] Sep 21, 2025 11:00:37 AM java.util.prefs.FileSystemPreferences syncWorld
2025-09-21 11:00:37,741 [ERROR] LogOutputStream:75 - [STDERR_REDIRECT] WARNING: Couldn't flush system prefs: java.util.prefs.BackingStoreException: Couldn't get file lock.
2025-09-21 11:00:37,741 [ERROR] LogOutputStream:75 - [STDERR_REDIRECT] 
2025-09-21 11:01:07,702 [ERROR] LogOutputStream:75 - [STDERR_REDIRECT] Sep 21, 2025 11:01:07 AM java.util.prefs.FileSystemPreferences checkLockFile0ErrorCode
2025-09-21 11:01:07,702 [ERROR] LogOutputStream:75 - [STDERR_REDIRECT] WARNING: Could not lock System prefs. Unix error code 2.
2025-09-21 11:01:07,702 [ERROR] LogOutputStream:75 - [STDERR_REDIRECT] 
2025-09-21 11:01:07,702 [ERROR] LogOutputStream:75 - [STDERR_REDIRECT] Sep 21, 2025 11:01:07 AM java.util.prefs.FileSystemPreferences syncWorld
2025-09-21 11:01:07,702 [ERROR] LogOutputStream:75 - [STDERR_REDIRECT] WARNING: Couldn't flush system prefs: java.util.prefs.BackingStoreException: Couldn't get file lock.
2025-09-21 11:01:07,702 [ERROR] LogOutputStream:75 - [STDERR_REDIRECT] 
2025-09-21 11:01:37,702 [ERROR] LogOutputStream:75 - [STDERR_REDIRECT] Sep 21, 2025 11:01:37 AM java.util.prefs.FileSystemPreferences checkLockFile0ErrorCode
2025-09-21 11:01:37,703 [ERROR] LogOutputStream:75 - [STDERR_REDIRECT] WARNING: Could not lock System prefs. Unix error code 2.
2025-09-21 11:01:37,703 [ERROR] LogOutputStream:75 - [STDERR_REDIRECT] 
2025-09-21 11:01:37,704 [ERROR] LogOutputStream:75 - [STDERR_REDIRECT] Sep 21, 2025 11:01:37 AM java.util.prefs.FileSystemPreferences syncWorld
2025-09-21 11:01:37,704 [ERROR] LogOutputStream:75 - [STDERR_REDIRECT] WARNING: Couldn't flush system prefs: java.util.prefs.BackingStoreException: Couldn't get file lock.
2025-09-21 11:01:37,704 [ERROR] LogOutputStream:75 - [STDERR_REDIRECT] 
2025-09-21 11:02:07,703 [ERROR] LogOutputStream:75 - [STDERR_REDIRECT] Sep 21, 2025 11:02:07 AM java.util.prefs.FileSystemPreferences checkLockFile0ErrorCode
2025-09-21 11:02:07,703 [ERROR] LogOutputStream:75 - [STDERR_REDIRECT] WARNING: Could not lock System prefs. Unix error code 2.
2025-09-21 11:02:07,703 [ERROR] LogOutputStream:75 - [STDERR_REDIRECT] 
2025-09-21 11:02:07,704 [ERROR] LogOutputStream:75 - [STDERR_REDIRECT] Sep 21, 2025 11:02:07 AM java.util.prefs.FileSystemPreferences syncWorld
2025-09-21 11:02:07,704 [ERROR] LogOutputStream:75 - [STDERR_REDIRECT] WARNING: Couldn't flush system prefs: java.util.prefs.BackingStoreException: Couldn't get file lock.
2025-09-21 11:02:07,705 [ERROR] LogOutputStream:75 - [STDERR_REDIRECT] 
2025-09-21 11:02:29,595 [INFO] McuFinderGlobals:63 - Set McuFinder mode to 2 (CubeIDE integrated)
2025-09-21 11:02:29,598 [INFO] MainUpdater:2872 - connection check result : 10
2025-09-21 11:02:29,598 [INFO] MainUpdater:2872 - connection check result : 10
2025-09-21 11:02:29,619 [INFO] MicroXplorer:468 - Change Database Path : 
2025-09-21 11:02:29,619 [INFO] MicroXplorer:498 - Change Database Version : DB.6.0.150
2025-09-21 11:02:29,624 [WARN] ThirdParty:871 - waiting for thirdparty lock release [close project]
2025-09-21 11:02:29,624 [INFO] ThirdParty:873 - entering critical section [close project]
2025-09-21 11:02:29,625 [INFO] ThirdParty:883 - exiting critical section [close project]
2025-09-21 11:02:29,628 [INFO] PinOutPanel:1589 - setPackage(No Configuration,No Configuration)
2025-09-21 11:02:29,631 [INFO] UtilMem:75 - Begin LoadConfig() Used Memory: 232624808 Bytes (972029952)
2025-09-21 11:02:29,633 [INFO] MicroXplorer:468 - Change Database Path : 
2025-09-21 11:02:29,633 [INFO] MicroXplorer:498 - Change Database Version : DB.6.0.150
2025-09-21 11:02:29,633 [INFO] OpenFileManager:355 - Change cursor
2025-09-21 11:02:29,679 [INFO] Mcu:2029 - Initializing MCU STM32F446R(C-E)Tx STM32F446RETx STM32F446RET6
2025-09-21 11:02:30,651 [INFO] Context:786 - Trying to add GPIOservice into a context  which must be forbidden
2025-09-21 11:02:31,026 [INFO] ImportTextPane:234 - (OptionalMessage_ERROR) Pin9 (VP_RIF_VS_RIF1) cannot be retrieved for this MCU
2025-09-21 11:02:31,084 [INFO] RtosManager:558 - Registered RTOS mode: class=CMSIS, group=RTOS, mode=CMSIS_V1, owner=FREERTOS
2025-09-21 11:02:31,084 [INFO] RtosManager:558 - Registered RTOS mode: class=CMSIS, group=RTOS2, mode=CMSIS_V2, owner=FREERTOS
2025-09-21 11:02:31,084 [INFO] RtosManager:558 - Registered RTOS mode: class=RTOS, group=Core, mode=CMSIS_V1, owner=FREERTOS
2025-09-21 11:02:31,084 [INFO] RtosManager:558 - Registered RTOS mode: class=RTOS, group=Core, mode=CMSIS_V2, owner=FREERTOS
2025-09-21 11:02:31,084 [WARN] ModelIntegratedComponent:184 - Missing modes for component STMicroelectronics:FreeRTOS:0.0.1:STMicroelectronics:RTOS:FreeRTOS:Core:::10.2.0:
2025-09-21 11:02:31,097 [WARN] ModelIntegratedComponent:63 - No mode defined for component null
2025-09-21 11:02:31,097 [WARN] ModelIntegratedComponent:63 - No mode defined for component null
2025-09-21 11:02:31,097 [WARN] ModelIntegratedComponent:63 - No mode defined for component null
2025-09-21 11:02:31,097 [WARN] ModelIntegratedComponent:63 - No mode defined for component null
2025-09-21 11:02:31,097 [WARN] ModelIntegratedComponent:63 - No mode defined for component null
2025-09-21 11:02:31,097 [WARN] ModelIntegratedComponent:63 - No mode defined for component null
2025-09-21 11:02:31,097 [WARN] ModelIntegratedComponent:63 - No mode defined for component null
2025-09-21 11:02:31,097 [WARN] ModelIntegratedComponent:63 - No mode defined for component null
2025-09-21 11:02:31,097 [WARN] ModelIntegratedComponent:63 - No mode defined for component null
2025-09-21 11:02:31,097 [WARN] ModelIntegratedComponent:63 - No mode defined for component null
2025-09-21 11:02:31,097 [WARN] ModelIntegratedComponent:63 - No mode defined for component null
2025-09-21 11:02:31,097 [WARN] ModelIntegratedComponent:63 - No mode defined for component null
2025-09-21 11:02:31,097 [WARN] ModelIntegratedComponent:63 - No mode defined for component null
2025-09-21 11:02:31,097 [WARN] ModelIntegratedComponent:63 - No mode defined for component null
2025-09-21 11:02:31,097 [WARN] ModelIntegratedComponent:63 - No mode defined for component null
2025-09-21 11:02:31,098 [WARN] ModelIntegratedComponent:63 - No mode defined for component null
2025-09-21 11:02:31,098 [WARN] ModelIntegratedComponent:63 - No mode defined for component null
2025-09-21 11:02:31,098 [WARN] ModelIntegratedComponent:63 - No mode defined for component null
2025-09-21 11:02:31,098 [WARN] ModelIntegratedComponent:63 - No mode defined for component null
2025-09-21 11:02:31,098 [WARN] ModelIntegratedComponent:63 - No mode defined for component null
2025-09-21 11:02:31,098 [WARN] ModelIntegratedComponent:63 - No mode defined for component null
2025-09-21 11:02:31,098 [WARN] ModelIntegratedComponent:63 - No mode defined for component null
2025-09-21 11:02:31,098 [WARN] ModelIntegratedComponent:63 - No mode defined for component null
2025-09-21 11:02:31,098 [WARN] ModelIntegratedComponent:63 - No mode defined for component null
2025-09-21 11:02:31,098 [WARN] ModelIntegratedComponent:63 - No mode defined for component null
2025-09-21 11:02:31,098 [WARN] ModelIntegratedComponent:63 - No mode defined for component null
2025-09-21 11:02:31,098 [WARN] ModelIntegratedComponent:63 - No mode defined for component null
2025-09-21 11:02:31,098 [WARN] ModelIntegratedComponent:63 - No mode defined for component null
2025-09-21 11:02:31,098 [WARN] ModelIntegratedComponent:63 - No mode defined for component null
2025-09-21 11:02:31,098 [WARN] ModelIntegratedComponent:63 - No mode defined for component null
2025-09-21 11:02:31,098 [WARN] ModelIntegratedComponent:63 - No mode defined for component null
2025-09-21 11:02:31,098 [WARN] ModelIntegratedComponent:63 - No mode defined for component null
2025-09-21 11:02:31,098 [WARN] ModelIntegratedComponent:63 - No mode defined for component null
2025-09-21 11:02:31,098 [WARN] ModelIntegratedComponent:63 - No mode defined for component null
2025-09-21 11:02:31,098 [WARN] ModelIntegratedComponent:63 - No mode defined for component null
2025-09-21 11:02:31,098 [WARN] ModelPack:524 - Component already loaded: STMicroelectronics:HAL Drivers:0.0.0:STMicroelectronics:Device:STMicro_Driver:XSPI:HAL::0.0.1:HAL_XSPI
2025-09-21 11:02:31,174 [INFO] ThirdPartyModel:298 - Start build external matchings
2025-09-21 11:02:31,354 [INFO] ThirdPartyModel:316 - End build external matchings
2025-09-21 11:02:31,365 [INFO] ImportTextPane:234 - (OptionalMessage_ERROR) IP (RCC) : Invalid parameter (FamilyName)
2025-09-21 11:02:31,365 [INFO] ImportTextPane:234 - (OptionalMessage_ERROR) IP (RCC) : Parameter (SDIOFreq_Value) has invalid value (84000000)
2025-09-21 11:02:31,366 [INFO] ImportTextPane:234 - (OptionalMessage_ERROR) IP (RCC) : Parameter (USBFreq_Value) has invalid value (84000000)
2025-09-21 11:02:31,565 [INFO] ApiDb:581 - Connected to CubeFinder SQLite database (/home/tomas1908/.stmcufinder/plugins/mcufinder/mcu/cube-finder-db.db)
2025-09-21 11:02:31,597 [INFO] ApiDb:668 - CubeFinder database Data Model version=2.1
2025-09-21 11:02:31,597 [INFO] ApiDb:669 - CubeFinder database Configuration version=3.0.39
2025-09-21 11:02:31,598 [INFO] ApiDb:670 - CubeFinder database generation date=2025-07-24 (1753349077)
2025-09-21 11:02:31,598 [INFO] ApiDb:671 - CubeFinder database FW Pack versions=[FP-ATR-ASTRA1_V2.0.0, FP-SNS-FLIGHT1_V5.1.0, FP-SNS-MOTENV1_V5.0.0, FP-SNS-MOTENVWB1_V1.4.0, FP-SNS-SMARTAG2_V1.2.0, FP-SNS-STBOX1_V2.0.0, STM32Cube_FW_C0_V1.4.0, STM32Cube_FW_F4_V1.28.2, STM32Cube_FW_F7_V1.17.3, STM32Cube_FW_G0_V1.6.2, STM32Cube_FW_G4_V1.6.1, STM32Cube_FW_H5_V1.5.0, STM32Cube_FW_H7RS_V1.2.0, STM32Cube_FW_H7_V1.12.1, STM32Cube_FW_L0_V1.12.2, STM32Cube_FW_L4_V1.18.1, STM32Cube_FW_L5_V1.5.1, STM32Cube_FW_N6_V1.2.0, STM32Cube_FW_U0_V1.3.0, STM32Cube_FW_U3_V1.2.0, STM32Cube_FW_U5_V1.8.0, STM32Cube_FW_WB0_V1.3.0, STM32Cube_FW_WBA_V1.7.0, STM32Cube_FW_WB_V1.23.0, STM32Cube_FW_WL3_V1.2.0, STM32Cube_FW_WL_V1.3.1, X-CUBE-ALGOBUILD_V1.4.0, X-CUBE-ALS_V1.0.2, X-CUBE-AZRTOS-F4_V1.1.0, X-CUBE-AZRTOS-F7_V1.1.0, X-CUBE-AZRTOS-G0_V1.1.0, X-CUBE-AZRTOS-G4_V2.0.0, X-CUBE-AZRTOS-H7RS_V1.1.0, X-CUBE-AZRTOS-H7_V3.4.0, X-CUBE-AZRTOS-L4_V2.0.0, X-CUBE-AZRTOS-L5_V2.0.0, X-CUBE-AZRTOS-WB_V2.0.0, X-CUBE-AZRTOS-WL_V2.0.0, X-CUBE-BLE1_V7.1.0, X-CUBE-BLE2_V3.3.0, X-CUBE-BLEMGR_V4.1.0, X-CUBE-EEPRMA1_V5.2.0, X-CUBE-FREERTOS_V1.3.1, X-CUBE-GNSS1_V6.0.0, X-CUBE-MEMS1_V11.3.0, X-CUBE-NFC4_V3.0.0, X-CUBE-NFC7_V2.0.0, X-CUBE-SFXS2LP1_V4.0.0, X-CUBE-ST67W61_V1.0.0, X-CUBE-SUBG2_V5.0.0, X-CUBE-TOF1_V3.4.3]
2025-09-21 11:02:31,635 [INFO] DbBoardsSqlite:226 - include board P-NUCLEO-WB55-NUCLEO as a kit item of type 'Nucleo-64'
2025-09-21 11:02:31,635 [INFO] DbBoardsSqlite:226 - include board P-NUCLEO-WB55-USBDONGLE as a kit item of type 'Nucleo USB Dongle'
2025-09-21 11:02:31,635 [INFO] DbBoardsSqlite:226 - include board STEVAL-IDP005V1 as a kit item of type 'Evaluation Board'
2025-09-21 11:02:31,636 [INFO] DbBoardsSqlite:226 - include board STEVAL-IDP005V2 as a kit item of type 'Evaluation Board'
2025-09-21 11:02:31,660 [INFO] ApiDb:240 - Found 880 in-development CPN: [B-G473E-ZEST1S, B-WB1M-WPAN1, B-WBA5M-WPAN, B-WL5M-SUBG1, NUCLEO-C031C6, NUCLEO-C051C8, NUCLEO-C071RB, NUCLEO-C092RC, NUCLEO-H503RB, NUCLEO-H533RE, NUCLEO-H563ZI, NUCLEO-H7S3L8, NUCLEO-N657X0-Q, NUCLEO-U031R8, NUCLEO-U083RC, NUCLEO-U385RG-Q, NUCLEO-U545RE-Q, NUCLEO-U5A5ZJ-Q, NUCLEO-WB05KZ, NUCLEO-WB07CC, NUCLEO-WB09KE, NUCLEO-WBA52CG, NUCLEO-WBA55CG, NUCLEO-WL33CC1, NUCLEO-WL33CC2, STEVAL-PROTEUS1, STEVAL-SMARTAG2, STEVAL-STWINBX1, STM320518-EVAL, STM32C0116-DK, STM32C011D6Y3TR, STM32C011D6Y6TR, STM32C011F4P3, STM32C011F4P6, STM32C011F4U3, STM32C011F4U6TR, STM32C011F6P3, STM32C011F6P6, STM32C011F6U3, STM32C011F6U6TR, STM32C011J4M3, STM32C011J4M6, STM32C011J6M3, STM32C011J6M6, STM32C0316-DK, STM32C031C4T3, STM32C031C4T6, STM32C031C4U3, STM32C031C4U6, STM32C031C6T3, STM32C031C6T6, STM32C031C6U3, STM32C031C6U6, STM32C031F4P3, STM32C031F4P6, STM32C031F6P3, STM32C031F6P6, STM32C031G4U3, STM32C031G4U6, STM32C031G6U3, STM32C031G6U6, STM32C031K4T3, STM32C031K4T6, STM32C031K4U3, STM32C031K4U6, STM32C031K6T3, STM32C031K6T6, STM32C031K6U3, STM32C031K6U6, STM32C051C6T6, STM32C051C6U6, STM32C051C8T6, STM32C051C8U6, STM32C051D8Y6TR, STM32C051F6P6, STM32C051F8P6, STM32C051G6U6, STM32C051G8U6, STM32C051K6T6, STM32C051K6U6, STM32C051K8T6, STM32C071C8T6, STM32C071C8T6N, STM32C071C8U6, STM32C071C8U6N, STM32C071CBT6, STM32C071CBT6N, STM32C071CBU6, STM32C071CBU6N, STM32C071F8P6, STM32C071F8P6N, STM32C071FBP6, STM32C071FBP6N, STM32C071FBY6TR, STM32C071G8U6, STM32C071G8U6N, STM32C071GBU6, STM32C071GBU6N, STM32C071K8T6, STM32C071K8T6N, STM32C071K8U6, STM32C071K8U6N, STM32C071KBT6, STM32C071KBT6N, STM32C071KBU6, STM32C071KBU6N, STM32C071R8T6, STM32C071R8T6N, STM32C071RBI6N, STM32C071RBT6, STM32C071RBT6N, STM32C091CBT6, STM32C091CBU6, STM32C091CCT6, STM32C091CCU6, STM32C091ECY6TR, STM32C091FBP6, STM32C091FCP6, STM32C091GBU6, STM32C091GCU6, STM32C091KBT6, STM32C091KBU6, STM32C091KCT6, STM32C091KCU6, STM32C091RBT6, STM32C091RCI6, STM32C091RCT6, STM32C092CBT6, STM32C092CBU6, STM32C092CCT6, STM32C092CCU6, STM32C092ECY6TR, STM32C092FBP6, STM32C092FCP6, STM32C092GBU6, STM32C092GCU6, STM32C092KBT6, STM32C092KBU6, STM32C092KCT6, STM32C092KCU6, STM32C092RBT6, STM32C092RCI6, STM32C092RCT6, STM32G071K8TXN, STM32G071K8UXN, STM32G081GBU6N, STM32G081KBT6N, STM32G081KBUXN, STM32G0B1CCT6N, STM32G0B1KCT6, STM32G0B1NEY6TR, STM32G0B1RCT6N, STM32G0C1CCT6, STM32G0C1CCT6N, STM32G0C1CCU6N, STM32G0C1CET6N, STM32G0C1CEU6N, STM32G0C1KCT6, STM32G0C1NEY6TR, STM32G0C1RCI6N, STM32G0C1RCT6N, STM32G0C1REI6N, STM32G0C1RET6N, STM32G0C1VCI6, STM32G0C1VEI6, STM32G411C6T3, STM32G411C6T6, STM32G411C6U3, STM32G411C6U6, STM32G411C8T3, STM32G411C8T6, STM32G411C8U3, STM32G411C8U6, STM32G411CBT3, STM32G411CBT6, STM32G411CBU3, STM32G411CBU6, STM32G411K6T3, STM32G411K6T6, STM32G411K6U3, STM32G411K6U6, STM32G411K8T3, STM32G411K8T6, STM32G411K8U3, STM32G411K8U6, STM32G411KBT3, STM32G411KBT6, STM32G411KBU3, STM32G411KBU6, STM32G411M6T3, STM32G411M6T6, STM32G411M8T3, STM32G411M8T6, STM32G411MBT3, STM32G411MBT6, STM32G411R6T3, STM32G411R6T6, STM32G411R8T3, STM32G411R8T6, STM32G411RBT3, STM32G411RBT6, STM32G414CBT3, STM32G414CBT6, STM32G414CBU3, STM32G414CBU6, STM32G414CCT3, STM32G414CCT6, STM32G414CCU3, STM32G414CCU6, STM32G414MBT3, STM32G414MBT6, STM32G414MCT3, STM32G414MCT6, STM32G414RBT3, STM32G414RBT6, STM32G414RCT3, STM32G414RCT6, STM32G414VBT3, STM32G414VBT6, STM32G414VCT3, STM32G414VCT6, STM32G431CBT3Z, STM32G431RBT3Z, STM32G471CCT6, STM32G471CCU6, STM32G471CET3, STM32G471CET6, STM32G471CEU3, STM32G471CEU6, STM32G471MCT6, STM32G471MET3, STM32G471MET6, STM32G471MEY6TR, STM32G471QCT6, STM32G471QET3, STM32G471RCT6, STM32G471RET3, STM32G471RET6, STM32G471VCH6, STM32G471VCI6, STM32G471VCT6, STM32G471VEH3, STM32G471VEH6, STM32G471VEI3, STM32G471VEI6, STM32G471VET3, STM32G471VET6, STM32G473QET3Z, STM32G473RET3Z, STM32G474CCT6, STM32G491RET3Z, STM32H503CBT6, STM32H503CBU6, STM32H503EBY6TR, STM32H503KBU6, STM32H503RBT6, STM32H523CCT6, STM32H523CCU6, STM32H523CET6, STM32H523CEU6, STM32H523HEY6TR, STM32H523RCT6, STM32H523RET6, STM32H523VCI6, STM32H523VCT6, STM32H523VEI6, STM32H523VET6, STM32H523ZCJ6, STM32H523ZCT6, STM32H523ZEJ6, STM32H523ZET6, STM32H533CET6, STM32H533CEU6, STM32H533HEY6TR, STM32H533RET6, STM32H533VEI6, STM32H533VET6, STM32H533ZEJ6, STM32H533ZET6, STM32H562AGI6, STM32H562AII6, STM32H562IGK6, STM32H562IGT6, STM32H562IIK6, STM32H562IIT6, STM32H562RGT6, STM32H562RGV6, STM32H562RIT6, STM32H562RIV6, STM32H562VGT6, STM32H562VIT6, STM32H562ZGT6, STM32H562ZIT6, STM32H563AGI6, STM32H563AII3Q, STM32H563AII6, STM32H563IGK6, STM32H563IGT6, STM32H563IIK3Q, STM32H563IIK6, STM32H563IIT3Q, STM32H563IIT6, STM32H563MIY3QTR, STM32H563RGT6, STM32H563RGV6, STM32H563RIT6, STM32H563RIV6, STM32H563VGT6, STM32H563VIT3Q, STM32H563VIT6, STM32H563ZGT6, STM32H563ZIT3Q, STM32H563ZIT6, STM32H573AII3Q, STM32H573AII6, STM32H573I-DK, STM32H573IIK3Q, STM32H573IIK6, STM32H573IIT3Q, STM32H573IIT6, STM32H573MIY3QTR, STM32H573RIT6, STM32H573RIV6, STM32H573VIT3Q, STM32H573VIT6, STM32H573ZIT3Q, STM32H573ZIT6, STM32H7R3A8I6, STM32H7R3I8K6, STM32H7R3I8T6, STM32H7R3L8H6, STM32H7R3L8H6H, STM32H7R3R8V6, STM32H7R3V8H6, STM32H7R3V8T6, STM32H7R3V8Y6TR, STM32H7R3Z8J6, STM32H7R3Z8T6, STM32H7R7A8I6, STM32H7R7I8K6, STM32H7R7I8T6, STM32H7R7L8H6, STM32H7R7L8H6H, STM32H7R7Z8J6, STM32H7S3A8I6, STM32H7S3I8K6, STM32H7S3I8T6, STM32H7S3L8H6, STM32H7S3L8H6H, STM32H7S3R8V6, STM32H7S3V8H6, STM32H7S3V8T6, STM32H7S3V8Y6TR, STM32H7S3Z8J6, STM32H7S3Z8T6, STM32H7S78-DK, STM32H7S7A8I6, STM32H7S7I8K6, STM32H7S7I8T6, STM32H7S7L8H6, STM32H7S7L8H6H, STM32H7S7Z8J6, STM32L4R5QGI6STR, STM32MP131AAE3, STM32MP131AAF3, STM32MP131AAG3, STM32MP131CAE3, STM32MP131CAF3, STM32MP131CAG3, STM32MP131DAE7, STM32MP131DAF7, STM32MP131DAG7, STM32MP131FAE7, STM32MP131FAF7, STM32MP131FAG7, STM32MP133AAE3, STM32MP133AAF3, STM32MP133AAG3, STM32MP133CAE3, STM32MP133CAF3, STM32MP133CAG3, STM32MP133DAE7, STM32MP133DAF7, STM32MP133DAG7, STM32MP133FAE7, STM32MP133FAF7, STM32MP133FAG7, STM32MP135AAE3, STM32MP135AAF3, STM32MP135AAG3, STM32MP135CAE3, STM32MP135CAF3, STM32MP135CAG3, STM32MP135DAE7, STM32MP135DAF7, STM32MP135DAG7, STM32MP135F-DK, STM32MP135FAE7, STM32MP135FAF7, STM32MP135FAF7T, STM32MP135FAF7U, STM32MP135FAG7, STM32MP211AAL3, STM32MP211AAM3, STM32MP211AAN3, STM32MP211AAO3, STM32MP211CAL3, STM32MP211CAM3, STM32MP211CAN3, STM32MP211CAO3, STM32MP211DAL3, STM32MP211DAM3, STM32MP211DAN3, STM32MP211DAO3, STM32MP211FAL3, STM32MP211FAM3, STM32MP211FAN3, STM32MP211FAO3, STM32MP213AAL3, STM32MP213AAM3, STM32MP213AAN3, STM32MP213AAO3, STM32MP213CAL3, STM32MP213CAM3, STM32MP213CAN3, STM32MP213CAO3, STM32MP213DAL3, STM32MP213DAM3, STM32MP213DAN3, STM32MP213DAO3, STM32MP213FAL3, STM32MP213FAM3, STM32MP213FAN3, STM32MP213FAO3, STM32MP215AAL3, STM32MP215AAM3, STM32MP215AAN3, STM32MP215AAO3, STM32MP215CAL3, STM32MP215CAM3, STM32MP215CAN3, STM32MP215CAO3, STM32MP215DAL3, STM32MP215DAM3, STM32MP215DAN3, STM32MP215DAO3, STM32MP215F-DK, STM32MP215FAL3, STM32MP215FAM3, STM32MP215FAN3, STM32MP215FAO3, STM32MP231AAJ3, STM32MP231AAK3, STM32MP231AAL3, STM32MP231CAJ3, STM32MP231CAK3, STM32MP231CAL3, STM32MP231DAJ3, STM32MP231DAK3, STM32MP231DAL3, STM32MP231FAJ3, STM32MP231FAK3, STM32MP231FAL3, STM32MP233AAJ3, STM32MP233AAK3, STM32MP233AAL3, STM32MP233CAJ3, STM32MP233CAK3, STM32MP233CAL3, STM32MP233DAJ3, STM32MP233DAK3, STM32MP233DAL3, STM32MP233FAJ3, STM32MP233FAK3, STM32MP233FAL3, STM32MP235AAJ3, STM32MP235AAK3, STM32MP235AAL3, STM32MP235CAJ3, STM32MP235CAK3, STM32MP235CAL3, STM32MP235DAJ3, STM32MP235DAK3, STM32MP235DAL3, STM32MP235FAJ3, STM32MP235FAK3, STM32MP235FAL3, STM32MP251AAI3, STM32MP251AAK3, STM32MP251AAL3, STM32MP251CAI3, STM32MP251CAK3, STM32MP251CAL3, STM32MP251DAI3, STM32MP251DAK3, STM32MP251DAL3, STM32MP251FAI3, STM32MP251FAK3, STM32MP251FAL3, STM32MP253AAI3, STM32MP253AAK3, STM32MP253AAL3, STM32MP253CAI3, STM32MP253CAK3, STM32MP253CAL3, STM32MP253DAI3, STM32MP253DAK3, STM32MP253DAL3, STM32MP253FAI3, STM32MP253FAK3, STM32MP253FAL3, STM32MP255AAI3, STM32MP255AAK3, STM32MP255AAL3, STM32MP255CAI3, STM32MP255CAK3, STM32MP255CAL3, STM32MP255DAI3, STM32MP255DAK3, STM32MP255DAL3, STM32MP255FAI3, STM32MP255FAK3, STM32MP255FAL3, STM32MP257AAI3, STM32MP257AAK3, STM32MP257AAL3, STM32MP257CAI3, STM32MP257CAK3, STM32MP257CAL3, STM32MP257DAI3, STM32MP257DAK3, STM32MP257DAL3, STM32MP257F-DK, STM32MP257F-EV1, STM32MP257FAI3, STM32MP257FAK3, STM32MP257FAL3, STM32N645A0H3Q, STM32N645B0H3Q, STM32N645I0H3Q, STM32N645L0H3Q, STM32N645X0H3Q, STM32N645Z0H3Q, STM32N647A0H3Q, STM32N647B0H3Q, STM32N647I0H3Q, STM32N647L0H3Q, STM32N647X0H3Q, STM32N647Z0H3Q, STM32N655A0H3Q, STM32N655B0H3Q, STM32N655I0H3Q, STM32N655L0H3Q, STM32N655X0H3Q, STM32N655Z0H3Q, STM32N6570-DK, STM32N657A0H3Q, STM32N657B0H3Q, STM32N657I0H3Q, STM32N657L0H3Q, STM32N657X0H3Q, STM32N657Z0H3Q, STM32U031C6T6, STM32U031C6U6, STM32U031C8T6, STM32U031C8U6, STM32U031F4P6, STM32U031F6P6, STM32U031F8P6, STM32U031G6Y6TR, STM32U031G8Y6TR, STM32U031K4U6, STM32U031K6U6, STM32U031K8U6, STM32U031R6I6, STM32U031R6T6, STM32U031R8I6, STM32U031R8T6, STM32U073C8T6, STM32U073C8U6, STM32U073CBT6, STM32U073CBU6, STM32U073CCT6, STM32U073CCU6, STM32U073H8Y6TR, STM32U073HBY6TR, STM32U073HCY6TR, STM32U073K8U6, STM32U073KBU6, STM32U073KCU6, STM32U073M8I6, STM32U073M8T6, STM32U073MBI6, STM32U073MBT6, STM32U073MCI6, STM32U073MCT6, STM32U073R8I6, STM32U073R8T6, STM32U073RBI6, STM32U073RBT6, STM32U073RCI6, STM32U073RCT6, STM32U083C-DK, STM32U083CCT6, STM32U083CCU6, STM32U083HCY6TR, STM32U083KCU6, STM32U083MCI6, STM32U083MCT6, STM32U083RCI6, STM32U083RCT6, STM32U375CET6, STM32U375CET6Q, STM32U375CEU6, STM32U375CEU6Q, STM32U375CEY6QTR, STM32U375CGT6, STM32U375CGT6Q, STM32U375CGU6, STM32U375CGU6Q, STM32U375CGY6QTR, STM32U375KEU6, STM32U375KGU6, STM32U375REI6, STM32U375REI6Q, STM32U375RET6, STM32U375RET6Q, STM32U375REY6GTR, STM32U375REY6QTR, STM32U375RGI6, STM32U375RGI6Q, STM32U375RGT6, STM32U375RGT6Q, STM32U375RGY6GTR, STM32U375RGY6QTR, STM32U375VEI6, STM32U375VEI6Q, STM32U375VET6, STM32U375VET6Q, STM32U375VGI6, STM32U375VGI6Q, STM32U375VGT6, STM32U375VGT6Q, STM32U385CGT6, STM32U385CGT6Q, STM32U385CGU6, STM32U385CGU6Q, STM32U385CGY6QTR, STM32U385KGU6, STM32U385RGI6, STM32U385RGI6Q, STM32U385RGT6, STM32U385RGT6Q, STM32U385RGY6GTR, STM32U385RGY6QTR, STM32U385VGI6, STM32U385VGI6Q, STM32U385VGT6, STM32U385VGT6Q, STM32U535CBT6, STM32U535CBT6Q, STM32U535CBU6, STM32U535CBU6Q, STM32U535CCT6, STM32U535CCT6Q, STM32U535CCU6, STM32U535CCU6Q, STM32U535CET6, STM32U535CET6Q, STM32U535CEU6, STM32U535CEU6Q, STM32U535JEY6QTR, STM32U535NCY6QTR, STM32U535NEY6QTR, STM32U535RBI6, STM32U535RBI6Q, STM32U535RBT6, STM32U535RBT6Q, STM32U535RCI6, STM32U535RCI6Q, STM32U535RCT6, STM32U535RCT6Q, STM32U535REI6, STM32U535REI6Q, STM32U535RET6, STM32U535RET6Q, STM32U535VCI6, STM32U535VCI6Q, STM32U535VCT6, STM32U535VCT6Q, STM32U535VEI6, STM32U535VEI6Q, STM32U535VET6, STM32U535VET6Q, STM32U545CET6, STM32U545CET6Q, STM32U545CEU6, STM32U545CEU6Q, STM32U545JEY6QTR, STM32U545NEY6QTR, STM32U545REI6, STM32U545REI6Q, STM32U545RET6, STM32U545RET6Q, STM32U545VEI6, STM32U545VEI6Q, STM32U545VET6, STM32U545VET6Q, STM32U595AIH6, STM32U595AIH6Q, STM32U595AJH6, STM32U595AJH6Q, STM32U595QII6, STM32U595QII6Q, STM32U595QJI6, STM32U595QJI6Q, STM32U595RIT6, STM32U595RIT6Q, STM32U595RJT6, STM32U595RJT6Q, STM32U595VIT6, STM32U595VIT6Q, STM32U595VJT6, STM32U595VJT6Q, STM32U595ZIT6, STM32U595ZIT6Q, STM32U595ZIY6QTR, STM32U595ZJT6, STM32U595ZJT6Q, STM32U595ZJY6QTR, STM32U599BJY6QTR, STM32U599NIH6Q, STM32U599NJH6Q, STM32U599VIT6Q, STM32U599VJT6, STM32U599VJT6Q, STM32U599ZIT6Q, STM32U599ZIY6QTR, STM32U599ZJT6Q, STM32U599ZJY6QTR, STM32U5A5AJH6, STM32U5A5AJH6Q, STM32U5A5QII3Q , STM32U5A5QJI6, STM32U5A5QJI6Q, STM32U5A5RJT6, STM32U5A5RJT6Q, STM32U5A5VJT6, STM32U5A5VJT6Q, STM32U5A5ZJT6, STM32U5A5ZJT6Q, STM32U5A5ZJY6QTR, STM32U5A9BJY6QTR, STM32U5A9J-DK, STM32U5A9NJH6Q, STM32U5A9VJT6Q, STM32U5A9ZJT6Q, STM32U5A9ZJY6QTR, STM32U5F7VIT6, STM32U5F7VIT6Q, STM32U5F7VJT6, STM32U5F7VJT6Q, STM32U5F9BJY6QTR, STM32U5F9NJH6Q, STM32U5F9VIT6Q, STM32U5F9VJT6Q, STM32U5F9ZIJ6QTR, STM32U5F9ZIT6Q, STM32U5F9ZJJ6QTR, STM32U5F9ZJT6Q, STM32U5G7VJT6, STM32U5G7VJT6Q, STM32U5G9BJY6QTR, STM32U5G9J-DK1, STM32U5G9J-DK2, STM32U5G9NJH6Q, STM32U5G9VJT6Q, STM32U5G9ZJJ6QTR, STM32U5G9ZJT6Q, STM32WB05KZV6TR, STM32WB05KZV7TR, STM32WB05TZF6TR, STM32WB05TZF7TR, STM32WB06CCF6TR, STM32WB06CCF7TR, STM32WB06CCV6TR, STM32WB06CCV7TR, STM32WB06KCV6TR, STM32WB06KCV7TR, STM32WB07CCF6TR, STM32WB07CCF7TR, STM32WB07CCV6TR, STM32WB07CCV7TR, STM32WB07KCV6TR, STM32WB07KCV7TR, STM32WB09KEV6TR, STM32WB09KEV7TR, STM32WB09TEF6TR, STM32WB09TEF7TR, STM32WB1MMCH6, STM32WBA50KGU6, STM32WBA50KGU6TR, STM32WBA52CEU6, STM32WBA52CEU6TR, STM32WBA52CEU7, STM32WBA52CEU7TR, STM32WBA52CGU6, STM32WBA52CGU6TR, STM32WBA52CGU6U, STM32WBA52CGU7, STM32WBA52CGU7TR, STM32WBA52KEU6, STM32WBA52KEU6TR, STM32WBA52KGU6, STM32WBA52KGU6TR, STM32WBA54CEU6, STM32WBA54CEU6TR, STM32WBA54CEU7, STM32WBA54CEU7TR, STM32WBA54CGU6, STM32WBA54CGU6TR, STM32WBA54CGU7, STM32WBA54CGU7TR, STM32WBA54KEU6, STM32WBA54KEU6TR, STM32WBA54KEU7, STM32WBA54KEU7TR, STM32WBA54KGU6, STM32WBA54KGU6TR, STM32WBA54KGU7, STM32WBA54KGU7TR, STM32WBA55CEU6, STM32WBA55CEU6TR, STM32WBA55CEU7, STM32WBA55CEU7TR, STM32WBA55CGU6, STM32WBA55CGU6TR, STM32WBA55CGU6U, STM32WBA55CGU7, STM32WBA55CGU7TR, STM32WBA55G-DK1, STM32WBA55HEF6, STM32WBA55HEF7, STM32WBA55HGF6, STM32WBA55HGF7, STM32WBA55UEI6, STM32WBA55UEI6TR, STM32WBA55UEI7, STM32WBA55UEI7TR, STM32WBA55UGI6, STM32WBA55UGI6TR, STM32WBA55UGI7, STM32WBA55UGI7TR, STM32WBA5MMGH6TR, STM32WBA62MGF6, STM32WBA62MIF6, STM32WBA65MGF7, STM32WBA65MIF6, STM32WBA65MIF7, STM32WL30K8V6, STM32WL30KBV6, STM32WL31C8V6, STM32WL31CBV6, STM32WL31K8V6, STM32WL31KBV6, STM32WL33C8V6, STM32WL33C8V6X, STM32WL33CBV6, STM32WL33CBV6X, STM32WL33CCV6, STM32WL33CCV6A, STM32WL33CCV6X, STM32WL33K8V7, STM32WL33K8V7X, STM32WL33KBV7 , STM32WL33KBV7X, STM32WL33KCV7, STM32WL33KCV7X, STM32WL5MOCH6, STM32WL5MOCH6TR]
2025-09-21 11:02:31,723 [INFO] BoardInfo:889 - No configuration file found for board P-NUCLEO-WB55
2025-09-21 11:02:31,724 [INFO] DbBoards:161 - Kit is not supported: P-NUCLEO-WB55
2025-09-21 11:02:31,726 [INFO] BoardInfo:889 - No configuration file found for board STEVAL-BFA001V1B
2025-09-21 11:02:31,726 [INFO] DbBoards:161 - Kit is not supported: STEVAL-BFA001V1B
2025-09-21 11:02:31,727 [INFO] BoardInfo:889 - No configuration file found for board STEVAL-BFA001V2B
2025-09-21 11:02:31,727 [INFO] DbBoards:161 - Kit is not supported: STEVAL-BFA001V2B
2025-09-21 11:02:31,788 [INFO] DbBoards:168 - Found 212 boards, 209 are supported
2025-09-21 11:02:31,788 [INFO] DbBoards:169 - Found 212 boards, 43 of them is supported for  Bsp
2025-09-21 11:02:31,790 [INFO] ApiDb:668 - CubeFinder database Data Model version=2.1
2025-09-21 11:02:31,790 [INFO] ApiDb:669 - CubeFinder database Configuration version=3.0.39
2025-09-21 11:02:31,790 [INFO] ApiDb:670 - CubeFinder database generation date=2025-07-24 (1753349077)
2025-09-21 11:02:31,790 [INFO] ApiDb:671 - CubeFinder database FW Pack versions=[FP-ATR-ASTRA1_V2.0.0, FP-SNS-FLIGHT1_V5.1.0, FP-SNS-MOTENV1_V5.0.0, FP-SNS-MOTENVWB1_V1.4.0, FP-SNS-SMARTAG2_V1.2.0, FP-SNS-STBOX1_V2.0.0, STM32Cube_FW_C0_V1.4.0, STM32Cube_FW_F4_V1.28.2, STM32Cube_FW_F7_V1.17.3, STM32Cube_FW_G0_V1.6.2, STM32Cube_FW_G4_V1.6.1, STM32Cube_FW_H5_V1.5.0, STM32Cube_FW_H7RS_V1.2.0, STM32Cube_FW_H7_V1.12.1, STM32Cube_FW_L0_V1.12.2, STM32Cube_FW_L4_V1.18.1, STM32Cube_FW_L5_V1.5.1, STM32Cube_FW_N6_V1.2.0, STM32Cube_FW_U0_V1.3.0, STM32Cube_FW_U3_V1.2.0, STM32Cube_FW_U5_V1.8.0, STM32Cube_FW_WB0_V1.3.0, STM32Cube_FW_WBA_V1.7.0, STM32Cube_FW_WB_V1.23.0, STM32Cube_FW_WL3_V1.2.0, STM32Cube_FW_WL_V1.3.1, X-CUBE-ALGOBUILD_V1.4.0, X-CUBE-ALS_V1.0.2, X-CUBE-AZRTOS-F4_V1.1.0, X-CUBE-AZRTOS-F7_V1.1.0, X-CUBE-AZRTOS-G0_V1.1.0, X-CUBE-AZRTOS-G4_V2.0.0, X-CUBE-AZRTOS-H7RS_V1.1.0, X-CUBE-AZRTOS-H7_V3.4.0, X-CUBE-AZRTOS-L4_V2.0.0, X-CUBE-AZRTOS-L5_V2.0.0, X-CUBE-AZRTOS-WB_V2.0.0, X-CUBE-AZRTOS-WL_V2.0.0, X-CUBE-BLE1_V7.1.0, X-CUBE-BLE2_V3.3.0, X-CUBE-BLEMGR_V4.1.0, X-CUBE-EEPRMA1_V5.2.0, X-CUBE-FREERTOS_V1.3.1, X-CUBE-GNSS1_V6.0.0, X-CUBE-MEMS1_V11.3.0, X-CUBE-NFC4_V3.0.0, X-CUBE-NFC7_V2.0.0, X-CUBE-SFXS2LP1_V4.0.0, X-CUBE-ST67W61_V1.0.0, X-CUBE-SUBG2_V5.0.0, X-CUBE-TOF1_V3.4.3]
2025-09-21 11:02:33,512 [INFO] ApiDb:240 - Found 880 in-development CPN: [B-G473E-ZEST1S, B-WB1M-WPAN1, B-WBA5M-WPAN, B-WL5M-SUBG1, NUCLEO-C031C6, NUCLEO-C051C8, NUCLEO-C071RB, NUCLEO-C092RC, NUCLEO-H503RB, NUCLEO-H533RE, NUCLEO-H563ZI, NUCLEO-H7S3L8, NUCLEO-N657X0-Q, NUCLEO-U031R8, NUCLEO-U083RC, NUCLEO-U385RG-Q, NUCLEO-U545RE-Q, NUCLEO-U5A5ZJ-Q, NUCLEO-WB05KZ, NUCLEO-WB07CC, NUCLEO-WB09KE, NUCLEO-WBA52CG, NUCLEO-WBA55CG, NUCLEO-WL33CC1, NUCLEO-WL33CC2, STEVAL-PROTEUS1, STEVAL-SMARTAG2, STEVAL-STWINBX1, STM320518-EVAL, STM32C0116-DK, STM32C011D6Y3TR, STM32C011D6Y6TR, STM32C011F4P3, STM32C011F4P6, STM32C011F4U3, STM32C011F4U6TR, STM32C011F6P3, STM32C011F6P6, STM32C011F6U3, STM32C011F6U6TR, STM32C011J4M3, STM32C011J4M6, STM32C011J6M3, STM32C011J6M6, STM32C0316-DK, STM32C031C4T3, STM32C031C4T6, STM32C031C4U3, STM32C031C4U6, STM32C031C6T3, STM32C031C6T6, STM32C031C6U3, STM32C031C6U6, STM32C031F4P3, STM32C031F4P6, STM32C031F6P3, STM32C031F6P6, STM32C031G4U3, STM32C031G4U6, STM32C031G6U3, STM32C031G6U6, STM32C031K4T3, STM32C031K4T6, STM32C031K4U3, STM32C031K4U6, STM32C031K6T3, STM32C031K6T6, STM32C031K6U3, STM32C031K6U6, STM32C051C6T6, STM32C051C6U6, STM32C051C8T6, STM32C051C8U6, STM32C051D8Y6TR, STM32C051F6P6, STM32C051F8P6, STM32C051G6U6, STM32C051G8U6, STM32C051K6T6, STM32C051K6U6, STM32C051K8T6, STM32C071C8T6, STM32C071C8T6N, STM32C071C8U6, STM32C071C8U6N, STM32C071CBT6, STM32C071CBT6N, STM32C071CBU6, STM32C071CBU6N, STM32C071F8P6, STM32C071F8P6N, STM32C071FBP6, STM32C071FBP6N, STM32C071FBY6TR, STM32C071G8U6, STM32C071G8U6N, STM32C071GBU6, STM32C071GBU6N, STM32C071K8T6, STM32C071K8T6N, STM32C071K8U6, STM32C071K8U6N, STM32C071KBT6, STM32C071KBT6N, STM32C071KBU6, STM32C071KBU6N, STM32C071R8T6, STM32C071R8T6N, STM32C071RBI6N, STM32C071RBT6, STM32C071RBT6N, STM32C091CBT6, STM32C091CBU6, STM32C091CCT6, STM32C091CCU6, STM32C091ECY6TR, STM32C091FBP6, STM32C091FCP6, STM32C091GBU6, STM32C091GCU6, STM32C091KBT6, STM32C091KBU6, STM32C091KCT6, STM32C091KCU6, STM32C091RBT6, STM32C091RCI6, STM32C091RCT6, STM32C092CBT6, STM32C092CBU6, STM32C092CCT6, STM32C092CCU6, STM32C092ECY6TR, STM32C092FBP6, STM32C092FCP6, STM32C092GBU6, STM32C092GCU6, STM32C092KBT6, STM32C092KBU6, STM32C092KCT6, STM32C092KCU6, STM32C092RBT6, STM32C092RCI6, STM32C092RCT6, STM32G071K8TXN, STM32G071K8UXN, STM32G081GBU6N, STM32G081KBT6N, STM32G081KBUXN, STM32G0B1CCT6N, STM32G0B1KCT6, STM32G0B1NEY6TR, STM32G0B1RCT6N, STM32G0C1CCT6, STM32G0C1CCT6N, STM32G0C1CCU6N, STM32G0C1CET6N, STM32G0C1CEU6N, STM32G0C1KCT6, STM32G0C1NEY6TR, STM32G0C1RCI6N, STM32G0C1RCT6N, STM32G0C1REI6N, STM32G0C1RET6N, STM32G0C1VCI6, STM32G0C1VEI6, STM32G411C6T3, STM32G411C6T6, STM32G411C6U3, STM32G411C6U6, STM32G411C8T3, STM32G411C8T6, STM32G411C8U3, STM32G411C8U6, STM32G411CBT3, STM32G411CBT6, STM32G411CBU3, STM32G411CBU6, STM32G411K6T3, STM32G411K6T6, STM32G411K6U3, STM32G411K6U6, STM32G411K8T3, STM32G411K8T6, STM32G411K8U3, STM32G411K8U6, STM32G411KBT3, STM32G411KBT6, STM32G411KBU3, STM32G411KBU6, STM32G411M6T3, STM32G411M6T6, STM32G411M8T3, STM32G411M8T6, STM32G411MBT3, STM32G411MBT6, STM32G411R6T3, STM32G411R6T6, STM32G411R8T3, STM32G411R8T6, STM32G411RBT3, STM32G411RBT6, STM32G414CBT3, STM32G414CBT6, STM32G414CBU3, STM32G414CBU6, STM32G414CCT3, STM32G414CCT6, STM32G414CCU3, STM32G414CCU6, STM32G414MBT3, STM32G414MBT6, STM32G414MCT3, STM32G414MCT6, STM32G414RBT3, STM32G414RBT6, STM32G414RCT3, STM32G414RCT6, STM32G414VBT3, STM32G414VBT6, STM32G414VCT3, STM32G414VCT6, STM32G431CBT3Z, STM32G431RBT3Z, STM32G471CCT6, STM32G471CCU6, STM32G471CET3, STM32G471CET6, STM32G471CEU3, STM32G471CEU6, STM32G471MCT6, STM32G471MET3, STM32G471MET6, STM32G471MEY6TR, STM32G471QCT6, STM32G471QET3, STM32G471RCT6, STM32G471RET3, STM32G471RET6, STM32G471VCH6, STM32G471VCI6, STM32G471VCT6, STM32G471VEH3, STM32G471VEH6, STM32G471VEI3, STM32G471VEI6, STM32G471VET3, STM32G471VET6, STM32G473QET3Z, STM32G473RET3Z, STM32G474CCT6, STM32G491RET3Z, STM32H503CBT6, STM32H503CBU6, STM32H503EBY6TR, STM32H503KBU6, STM32H503RBT6, STM32H523CCT6, STM32H523CCU6, STM32H523CET6, STM32H523CEU6, STM32H523HEY6TR, STM32H523RCT6, STM32H523RET6, STM32H523VCI6, STM32H523VCT6, STM32H523VEI6, STM32H523VET6, STM32H523ZCJ6, STM32H523ZCT6, STM32H523ZEJ6, STM32H523ZET6, STM32H533CET6, STM32H533CEU6, STM32H533HEY6TR, STM32H533RET6, STM32H533VEI6, STM32H533VET6, STM32H533ZEJ6, STM32H533ZET6, STM32H562AGI6, STM32H562AII6, STM32H562IGK6, STM32H562IGT6, STM32H562IIK6, STM32H562IIT6, STM32H562RGT6, STM32H562RGV6, STM32H562RIT6, STM32H562RIV6, STM32H562VGT6, STM32H562VIT6, STM32H562ZGT6, STM32H562ZIT6, STM32H563AGI6, STM32H563AII3Q, STM32H563AII6, STM32H563IGK6, STM32H563IGT6, STM32H563IIK3Q, STM32H563IIK6, STM32H563IIT3Q, STM32H563IIT6, STM32H563MIY3QTR, STM32H563RGT6, STM32H563RGV6, STM32H563RIT6, STM32H563RIV6, STM32H563VGT6, STM32H563VIT3Q, STM32H563VIT6, STM32H563ZGT6, STM32H563ZIT3Q, STM32H563ZIT6, STM32H573AII3Q, STM32H573AII6, STM32H573I-DK, STM32H573IIK3Q, STM32H573IIK6, STM32H573IIT3Q, STM32H573IIT6, STM32H573MIY3QTR, STM32H573RIT6, STM32H573RIV6, STM32H573VIT3Q, STM32H573VIT6, STM32H573ZIT3Q, STM32H573ZIT6, STM32H7R3A8I6, STM32H7R3I8K6, STM32H7R3I8T6, STM32H7R3L8H6, STM32H7R3L8H6H, STM32H7R3R8V6, STM32H7R3V8H6, STM32H7R3V8T6, STM32H7R3V8Y6TR, STM32H7R3Z8J6, STM32H7R3Z8T6, STM32H7R7A8I6, STM32H7R7I8K6, STM32H7R7I8T6, STM32H7R7L8H6, STM32H7R7L8H6H, STM32H7R7Z8J6, STM32H7S3A8I6, STM32H7S3I8K6, STM32H7S3I8T6, STM32H7S3L8H6, STM32H7S3L8H6H, STM32H7S3R8V6, STM32H7S3V8H6, STM32H7S3V8T6, STM32H7S3V8Y6TR, STM32H7S3Z8J6, STM32H7S3Z8T6, STM32H7S78-DK, STM32H7S7A8I6, STM32H7S7I8K6, STM32H7S7I8T6, STM32H7S7L8H6, STM32H7S7L8H6H, STM32H7S7Z8J6, STM32L4R5QGI6STR, STM32MP131AAE3, STM32MP131AAF3, STM32MP131AAG3, STM32MP131CAE3, STM32MP131CAF3, STM32MP131CAG3, STM32MP131DAE7, STM32MP131DAF7, STM32MP131DAG7, STM32MP131FAE7, STM32MP131FAF7, STM32MP131FAG7, STM32MP133AAE3, STM32MP133AAF3, STM32MP133AAG3, STM32MP133CAE3, STM32MP133CAF3, STM32MP133CAG3, STM32MP133DAE7, STM32MP133DAF7, STM32MP133DAG7, STM32MP133FAE7, STM32MP133FAF7, STM32MP133FAG7, STM32MP135AAE3, STM32MP135AAF3, STM32MP135AAG3, STM32MP135CAE3, STM32MP135CAF3, STM32MP135CAG3, STM32MP135DAE7, STM32MP135DAF7, STM32MP135DAG7, STM32MP135F-DK, STM32MP135FAE7, STM32MP135FAF7, STM32MP135FAF7T, STM32MP135FAF7U, STM32MP135FAG7, STM32MP211AAL3, STM32MP211AAM3, STM32MP211AAN3, STM32MP211AAO3, STM32MP211CAL3, STM32MP211CAM3, STM32MP211CAN3, STM32MP211CAO3, STM32MP211DAL3, STM32MP211DAM3, STM32MP211DAN3, STM32MP211DAO3, STM32MP211FAL3, STM32MP211FAM3, STM32MP211FAN3, STM32MP211FAO3, STM32MP213AAL3, STM32MP213AAM3, STM32MP213AAN3, STM32MP213AAO3, STM32MP213CAL3, STM32MP213CAM3, STM32MP213CAN3, STM32MP213CAO3, STM32MP213DAL3, STM32MP213DAM3, STM32MP213DAN3, STM32MP213DAO3, STM32MP213FAL3, STM32MP213FAM3, STM32MP213FAN3, STM32MP213FAO3, STM32MP215AAL3, STM32MP215AAM3, STM32MP215AAN3, STM32MP215AAO3, STM32MP215CAL3, STM32MP215CAM3, STM32MP215CAN3, STM32MP215CAO3, STM32MP215DAL3, STM32MP215DAM3, STM32MP215DAN3, STM32MP215DAO3, STM32MP215F-DK, STM32MP215FAL3, STM32MP215FAM3, STM32MP215FAN3, STM32MP215FAO3, STM32MP231AAJ3, STM32MP231AAK3, STM32MP231AAL3, STM32MP231CAJ3, STM32MP231CAK3, STM32MP231CAL3, STM32MP231DAJ3, STM32MP231DAK3, STM32MP231DAL3, STM32MP231FAJ3, STM32MP231FAK3, STM32MP231FAL3, STM32MP233AAJ3, STM32MP233AAK3, STM32MP233AAL3, STM32MP233CAJ3, STM32MP233CAK3, STM32MP233CAL3, STM32MP233DAJ3, STM32MP233DAK3, STM32MP233DAL3, STM32MP233FAJ3, STM32MP233FAK3, STM32MP233FAL3, STM32MP235AAJ3, STM32MP235AAK3, STM32MP235AAL3, STM32MP235CAJ3, STM32MP235CAK3, STM32MP235CAL3, STM32MP235DAJ3, STM32MP235DAK3, STM32MP235DAL3, STM32MP235FAJ3, STM32MP235FAK3, STM32MP235FAL3, STM32MP251AAI3, STM32MP251AAK3, STM32MP251AAL3, STM32MP251CAI3, STM32MP251CAK3, STM32MP251CAL3, STM32MP251DAI3, STM32MP251DAK3, STM32MP251DAL3, STM32MP251FAI3, STM32MP251FAK3, STM32MP251FAL3, STM32MP253AAI3, STM32MP253AAK3, STM32MP253AAL3, STM32MP253CAI3, STM32MP253CAK3, STM32MP253CAL3, STM32MP253DAI3, STM32MP253DAK3, STM32MP253DAL3, STM32MP253FAI3, STM32MP253FAK3, STM32MP253FAL3, STM32MP255AAI3, STM32MP255AAK3, STM32MP255AAL3, STM32MP255CAI3, STM32MP255CAK3, STM32MP255CAL3, STM32MP255DAI3, STM32MP255DAK3, STM32MP255DAL3, STM32MP255FAI3, STM32MP255FAK3, STM32MP255FAL3, STM32MP257AAI3, STM32MP257AAK3, STM32MP257AAL3, STM32MP257CAI3, STM32MP257CAK3, STM32MP257CAL3, STM32MP257DAI3, STM32MP257DAK3, STM32MP257DAL3, STM32MP257F-DK, STM32MP257F-EV1, STM32MP257FAI3, STM32MP257FAK3, STM32MP257FAL3, STM32N645A0H3Q, STM32N645B0H3Q, STM32N645I0H3Q, STM32N645L0H3Q, STM32N645X0H3Q, STM32N645Z0H3Q, STM32N647A0H3Q, STM32N647B0H3Q, STM32N647I0H3Q, STM32N647L0H3Q, STM32N647X0H3Q, STM32N647Z0H3Q, STM32N655A0H3Q, STM32N655B0H3Q, STM32N655I0H3Q, STM32N655L0H3Q, STM32N655X0H3Q, STM32N655Z0H3Q, STM32N6570-DK, STM32N657A0H3Q, STM32N657B0H3Q, STM32N657I0H3Q, STM32N657L0H3Q, STM32N657X0H3Q, STM32N657Z0H3Q, STM32U031C6T6, STM32U031C6U6, STM32U031C8T6, STM32U031C8U6, STM32U031F4P6, STM32U031F6P6, STM32U031F8P6, STM32U031G6Y6TR, STM32U031G8Y6TR, STM32U031K4U6, STM32U031K6U6, STM32U031K8U6, STM32U031R6I6, STM32U031R6T6, STM32U031R8I6, STM32U031R8T6, STM32U073C8T6, STM32U073C8U6, STM32U073CBT6, STM32U073CBU6, STM32U073CCT6, STM32U073CCU6, STM32U073H8Y6TR, STM32U073HBY6TR, STM32U073HCY6TR, STM32U073K8U6, STM32U073KBU6, STM32U073KCU6, STM32U073M8I6, STM32U073M8T6, STM32U073MBI6, STM32U073MBT6, STM32U073MCI6, STM32U073MCT6, STM32U073R8I6, STM32U073R8T6, STM32U073RBI6, STM32U073RBT6, STM32U073RCI6, STM32U073RCT6, STM32U083C-DK, STM32U083CCT6, STM32U083CCU6, STM32U083HCY6TR, STM32U083KCU6, STM32U083MCI6, STM32U083MCT6, STM32U083RCI6, STM32U083RCT6, STM32U375CET6, STM32U375CET6Q, STM32U375CEU6, STM32U375CEU6Q, STM32U375CEY6QTR, STM32U375CGT6, STM32U375CGT6Q, STM32U375CGU6, STM32U375CGU6Q, STM32U375CGY6QTR, STM32U375KEU6, STM32U375KGU6, STM32U375REI6, STM32U375REI6Q, STM32U375RET6, STM32U375RET6Q, STM32U375REY6GTR, STM32U375REY6QTR, STM32U375RGI6, STM32U375RGI6Q, STM32U375RGT6, STM32U375RGT6Q, STM32U375RGY6GTR, STM32U375RGY6QTR, STM32U375VEI6, STM32U375VEI6Q, STM32U375VET6, STM32U375VET6Q, STM32U375VGI6, STM32U375VGI6Q, STM32U375VGT6, STM32U375VGT6Q, STM32U385CGT6, STM32U385CGT6Q, STM32U385CGU6, STM32U385CGU6Q, STM32U385CGY6QTR, STM32U385KGU6, STM32U385RGI6, STM32U385RGI6Q, STM32U385RGT6, STM32U385RGT6Q, STM32U385RGY6GTR, STM32U385RGY6QTR, STM32U385VGI6, STM32U385VGI6Q, STM32U385VGT6, STM32U385VGT6Q, STM32U535CBT6, STM32U535CBT6Q, STM32U535CBU6, STM32U535CBU6Q, STM32U535CCT6, STM32U535CCT6Q, STM32U535CCU6, STM32U535CCU6Q, STM32U535CET6, STM32U535CET6Q, STM32U535CEU6, STM32U535CEU6Q, STM32U535JEY6QTR, STM32U535NCY6QTR, STM32U535NEY6QTR, STM32U535RBI6, STM32U535RBI6Q, STM32U535RBT6, STM32U535RBT6Q, STM32U535RCI6, STM32U535RCI6Q, STM32U535RCT6, STM32U535RCT6Q, STM32U535REI6, STM32U535REI6Q, STM32U535RET6, STM32U535RET6Q, STM32U535VCI6, STM32U535VCI6Q, STM32U535VCT6, STM32U535VCT6Q, STM32U535VEI6, STM32U535VEI6Q, STM32U535VET6, STM32U535VET6Q, STM32U545CET6, STM32U545CET6Q, STM32U545CEU6, STM32U545CEU6Q, STM32U545JEY6QTR, STM32U545NEY6QTR, STM32U545REI6, STM32U545REI6Q, STM32U545RET6, STM32U545RET6Q, STM32U545VEI6, STM32U545VEI6Q, STM32U545VET6, STM32U545VET6Q, STM32U595AIH6, STM32U595AIH6Q, STM32U595AJH6, STM32U595AJH6Q, STM32U595QII6, STM32U595QII6Q, STM32U595QJI6, STM32U595QJI6Q, STM32U595RIT6, STM32U595RIT6Q, STM32U595RJT6, STM32U595RJT6Q, STM32U595VIT6, STM32U595VIT6Q, STM32U595VJT6, STM32U595VJT6Q, STM32U595ZIT6, STM32U595ZIT6Q, STM32U595ZIY6QTR, STM32U595ZJT6, STM32U595ZJT6Q, STM32U595ZJY6QTR, STM32U599BJY6QTR, STM32U599NIH6Q, STM32U599NJH6Q, STM32U599VIT6Q, STM32U599VJT6, STM32U599VJT6Q, STM32U599ZIT6Q, STM32U599ZIY6QTR, STM32U599ZJT6Q, STM32U599ZJY6QTR, STM32U5A5AJH6, STM32U5A5AJH6Q, STM32U5A5QII3Q , STM32U5A5QJI6, STM32U5A5QJI6Q, STM32U5A5RJT6, STM32U5A5RJT6Q, STM32U5A5VJT6, STM32U5A5VJT6Q, STM32U5A5ZJT6, STM32U5A5ZJT6Q, STM32U5A5ZJY6QTR, STM32U5A9BJY6QTR, STM32U5A9J-DK, STM32U5A9NJH6Q, STM32U5A9VJT6Q, STM32U5A9ZJT6Q, STM32U5A9ZJY6QTR, STM32U5F7VIT6, STM32U5F7VIT6Q, STM32U5F7VJT6, STM32U5F7VJT6Q, STM32U5F9BJY6QTR, STM32U5F9NJH6Q, STM32U5F9VIT6Q, STM32U5F9VJT6Q, STM32U5F9ZIJ6QTR, STM32U5F9ZIT6Q, STM32U5F9ZJJ6QTR, STM32U5F9ZJT6Q, STM32U5G7VJT6, STM32U5G7VJT6Q, STM32U5G9BJY6QTR, STM32U5G9J-DK1, STM32U5G9J-DK2, STM32U5G9NJH6Q, STM32U5G9VJT6Q, STM32U5G9ZJJ6QTR, STM32U5G9ZJT6Q, STM32WB05KZV6TR, STM32WB05KZV7TR, STM32WB05TZF6TR, STM32WB05TZF7TR, STM32WB06CCF6TR, STM32WB06CCF7TR, STM32WB06CCV6TR, STM32WB06CCV7TR, STM32WB06KCV6TR, STM32WB06KCV7TR, STM32WB07CCF6TR, STM32WB07CCF7TR, STM32WB07CCV6TR, STM32WB07CCV7TR, STM32WB07KCV6TR, STM32WB07KCV7TR, STM32WB09KEV6TR, STM32WB09KEV7TR, STM32WB09TEF6TR, STM32WB09TEF7TR, STM32WB1MMCH6, STM32WBA50KGU6, STM32WBA50KGU6TR, STM32WBA52CEU6, STM32WBA52CEU6TR, STM32WBA52CEU7, STM32WBA52CEU7TR, STM32WBA52CGU6, STM32WBA52CGU6TR, STM32WBA52CGU6U, STM32WBA52CGU7, STM32WBA52CGU7TR, STM32WBA52KEU6, STM32WBA52KEU6TR, STM32WBA52KGU6, STM32WBA52KGU6TR, STM32WBA54CEU6, STM32WBA54CEU6TR, STM32WBA54CEU7, STM32WBA54CEU7TR, STM32WBA54CGU6, STM32WBA54CGU6TR, STM32WBA54CGU7, STM32WBA54CGU7TR, STM32WBA54KEU6, STM32WBA54KEU6TR, STM32WBA54KEU7, STM32WBA54KEU7TR, STM32WBA54KGU6, STM32WBA54KGU6TR, STM32WBA54KGU7, STM32WBA54KGU7TR, STM32WBA55CEU6, STM32WBA55CEU6TR, STM32WBA55CEU7, STM32WBA55CEU7TR, STM32WBA55CGU6, STM32WBA55CGU6TR, STM32WBA55CGU6U, STM32WBA55CGU7, STM32WBA55CGU7TR, STM32WBA55G-DK1, STM32WBA55HEF6, STM32WBA55HEF7, STM32WBA55HGF6, STM32WBA55HGF7, STM32WBA55UEI6, STM32WBA55UEI6TR, STM32WBA55UEI7, STM32WBA55UEI7TR, STM32WBA55UGI6, STM32WBA55UGI6TR, STM32WBA55UGI7, STM32WBA55UGI7TR, STM32WBA5MMGH6TR, STM32WBA62MGF6, STM32WBA62MIF6, STM32WBA65MGF7, STM32WBA65MIF6, STM32WBA65MIF7, STM32WL30K8V6, STM32WL30KBV6, STM32WL31C8V6, STM32WL31CBV6, STM32WL31K8V6, STM32WL31KBV6, STM32WL33C8V6, STM32WL33C8V6X, STM32WL33CBV6, STM32WL33CBV6X, STM32WL33CCV6, STM32WL33CCV6A, STM32WL33CCV6X, STM32WL33K8V7, STM32WL33K8V7X, STM32WL33KBV7 , STM32WL33KBV7X, STM32WL33KCV7, STM32WL33KCV7X, STM32WL5MOCH6, STM32WL5MOCH6TR]
2025-09-21 11:02:33,516 [INFO] DbMcus:218 - Found 4801 MCUs, 4801 are supported
2025-09-21 11:02:33,516 [INFO] ApiDb:423 - Load user favorites file /home/tomas1908/.stm32cubeide/favorites.mcus.txt: 2 item(s)
2025-09-21 11:02:33,516 [INFO] ApiDb:427 - User favorites MCUs=[STM32F103C8T6, STM32F446RET6]
2025-09-21 11:02:33,516 [INFO] DbMcus:224 - Set 2 / 2 favorites MCUs
2025-09-21 11:02:33,811 [INFO] ApiDb:414 - User favorites file not found: /home/tomas1908/.stm32cubeide/favorites.boards.txt
2025-09-21 11:02:33,811 [INFO] DbBoards:198 - Set 0 / 0 favorites Boards
2025-09-21 11:02:33,857 [INFO] UtilMem:75 - End LoadConfig() Used Memory: 620050320 Bytes (912261120)
2025-09-21 11:02:33,943 [WARN] ThirdParty:833 - waiting for thirdparty lock release [change project]
2025-09-21 11:02:33,943 [INFO] ThirdParty:835 - entering critical section [change project]
2025-09-21 11:02:33,943 [INFO] ThirdParty:1030 - CMSIS Pack Vendor :STMicroelectronics X-CUBE-PM33A1 1.0.0
2025-09-21 11:02:33,943 [INFO] ThirdParty:1030 - CMSIS Pack Vendor :STMicroelectronics USBPD 4.1
2025-09-21 11:02:33,943 [INFO] ThirdParty:1030 - CMSIS Pack Vendor :STMicroelectronics X-CUBE-NFC9 1.0.0
2025-09-21 11:02:33,944 [INFO] ThirdParty:1030 - CMSIS Pack Vendor :STMicroelectronics USB_HOST 2.0.0
2025-09-21 11:02:33,944 [INFO] ThirdParty:1030 - CMSIS Pack Vendor :STMicroelectronics FP-SNS-MOTENVWB1 1.4.0
2025-09-21 11:02:33,944 [INFO] ThirdParty:1030 - CMSIS Pack Vendor :STMicroelectronics X-CUBE-AZRTOS-F4 1.1.0
2025-09-21 11:02:33,944 [INFO] ThirdParty:1030 - CMSIS Pack Vendor :STMicroelectronics LIBJPEG 8.0.0
2025-09-21 11:02:33,944 [INFO] ThirdParty:1030 - CMSIS Pack Vendor :STMicroelectronics FP-ATR-ASTRA1 2.0.2
2025-09-21 11:02:33,944 [INFO] ThirdParty:1030 - CMSIS Pack Vendor :STMicroelectronics X-CUBE-BLE1 7.1.0
2025-09-21 11:02:33,944 [INFO] ThirdParty:1030 - CMSIS Pack Vendor :Avnet-IotConnect X-CUBE-IoTC-DA16k-PMOD 1.0.0
2025-09-21 11:02:33,944 [INFO] ThirdParty:1030 - CMSIS Pack Vendor :STMicroelectronics X-CUBE-SMBUS 2.1.0
2025-09-21 11:02:33,944 [INFO] ThirdParty:1030 - CMSIS Pack Vendor :STMicroelectronics USB_DEVICE 3.0.0
2025-09-21 11:02:33,944 [INFO] ThirdParty:1030 - CMSIS Pack Vendor :STMicroelectronics X-CUBE-ISPU 2.1.0
2025-09-21 11:02:33,944 [INFO] ThirdParty:1030 - CMSIS Pack Vendor :STMicroelectronics X-CUBE-AZRTOS-WB 2.0.0
2025-09-21 11:02:33,944 [INFO] ThirdParty:1030 - CMSIS Pack Vendor :STMicroelectronics X-CUBE-ST60 1.0.0
2025-09-21 11:02:33,944 [INFO] ThirdParty:1030 - CMSIS Pack Vendor :STMicroelectronics X-CUBE-GNSS1 7.0.1
2025-09-21 11:02:33,944 [INFO] ThirdParty:1030 - CMSIS Pack Vendor :STMicroelectronics X-CUBE-AZRTOS-F7 1.1.0
2025-09-21 11:02:33,944 [INFO] ThirdParty:1030 - CMSIS Pack Vendor :STMicroelectronics X-CUBE-AZRTOS-L5 2.0.0
2025-09-21 11:02:33,944 [INFO] ThirdParty:1030 - CMSIS Pack Vendor :STMicroelectronics X-CUBE-TOUCHGFX 4.25.0
2025-09-21 11:02:33,944 [INFO] ThirdParty:1030 - CMSIS Pack Vendor :STMicroelectronics USB_DEVICE 2.0.0
2025-09-21 11:02:33,944 [INFO] ThirdParty:1030 - CMSIS Pack Vendor :STMicroelectronics X-CUBE-NFC6 3.1.0
2025-09-21 11:02:33,944 [INFO] ThirdParty:1030 - CMSIS Pack Vendor :Cesanta I-CUBE-Mongoose 7.19.0
2025-09-21 11:02:33,944 [INFO] ThirdParty:1030 - CMSIS Pack Vendor :quantropi X-CUBE-qispace-sdk-base 2.1.0
2025-09-21 11:02:33,944 [INFO] ThirdParty:1030 - CMSIS Pack Vendor :STMicroelectronics FreeRTOS 0.0.1
2025-09-21 11:02:33,944 [INFO] ThirdParty:1030 - CMSIS Pack Vendor :STMicroelectronics X-CUBE-AZRTOS-G0 1.1.0
2025-09-21 11:02:33,944 [INFO] ThirdParty:1030 - CMSIS Pack Vendor :STMicroelectronics X-CUBE-SAFEA1 1.2.2
2025-09-21 11:02:33,944 [INFO] ThirdParty:1030 - CMSIS Pack Vendor :STMicroelectronics X-CUBE-NFC4 3.0.0
2025-09-21 11:02:33,944 [INFO] ThirdParty:1030 - CMSIS Pack Vendor :STMicroelectronics X-CUBE-SUBG2 5.0.0
2025-09-21 11:02:33,944 [INFO] ThirdParty:1030 - CMSIS Pack Vendor :STMicroelectronics X-CUBE-AZRTOS-H7RS 1.1.0
2025-09-21 11:02:33,944 [INFO] ThirdParty:1030 - CMSIS Pack Vendor :STMicroelectronics STM32_WPAN 1.0.0
2025-09-21 11:02:33,944 [INFO] ThirdParty:1030 - CMSIS Pack Vendor :EmbeddedOffice I-CUBE-FS-RTOS 1.0.1
2025-09-21 11:02:33,944 [INFO] ThirdParty:1030 - CMSIS Pack Vendor :STMicroelectronics lwIP 2.0.3
2025-09-21 11:02:33,944 [INFO] ThirdParty:1030 - CMSIS Pack Vendor :WES I-CUBE-Cesium 1.4.0
2025-09-21 11:02:33,944 [INFO] ThirdParty:1030 - CMSIS Pack Vendor :STMicroelectronics USB_HOST 1.0.0
2025-09-21 11:02:33,944 [INFO] ThirdParty:1030 - CMSIS Pack Vendor :Infineon AIROC-Wi-Fi-Bluetooth-STM32 1.7.1
2025-09-21 11:02:33,944 [INFO] ThirdParty:1030 - CMSIS Pack Vendor :STMicroelectronics X-CUBE-AZRTOS-G4 2.0.0
2025-09-21 11:02:33,944 [INFO] ThirdParty:1030 - CMSIS Pack Vendor :STMicroelectronics X-CUBE-WB05N 2.0.0
2025-09-21 11:02:33,944 [INFO] ThirdParty:1030 - CMSIS Pack Vendor :STMicroelectronics PDM2PCM 3.1.0
2025-09-21 11:02:33,944 [INFO] ThirdParty:1030 - CMSIS Pack Vendor :STMicroelectronics PDM2PCM 3.3.0
2025-09-21 11:02:33,944 [INFO] ThirdParty:1030 - CMSIS Pack Vendor :STMicroelectronics X-CUBE-DISPLAY 3.0.0
2025-09-21 11:02:33,944 [INFO] ThirdParty:1030 - CMSIS Pack Vendor :wolfSSL I-CUBE-wolfSSH 1.4.20
2025-09-21 11:02:33,944 [INFO] ThirdParty:1030 - CMSIS Pack Vendor :STMicroelectronics X-CUBE-NFC7 2.0.0
2025-09-21 11:02:33,944 [INFO] ThirdParty:1030 - CMSIS Pack Vendor :STMicroelectronics X-CUBE-TCPP 4.2.0
2025-09-21 11:02:33,944 [INFO] ThirdParty:1030 - CMSIS Pack Vendor :RealThread X-CUBE-RT-Thread_Nano 4.1.1
2025-09-21 11:02:33,944 [INFO] ThirdParty:1030 - CMSIS Pack Vendor :STMicroelectronics FP-ATR-SIGFOX1 3.2.0
2025-09-21 11:02:33,944 [INFO] ThirdParty:1030 - CMSIS Pack Vendor :STMicroelectronics X-CUBE-NFC10 1.0.0
2025-09-21 11:02:33,945 [INFO] ThirdParty:1030 - CMSIS Pack Vendor :STMicroelectronics X-CUBE-FREERTOS 1.3.1
2025-09-21 11:02:33,945 [INFO] ThirdParty:1030 - CMSIS Pack Vendor :STMicroelectronics HAL Drivers 0.0.0
2025-09-21 11:02:33,945 [INFO] ThirdParty:1030 - CMSIS Pack Vendor :STMicroelectronics MBEDTLS 2.16.2
2025-09-21 11:02:33,945 [INFO] ThirdParty:1030 - CMSIS Pack Vendor :STMicroelectronics X-CUBE-IPS 3.1.0
2025-09-21 11:02:33,945 [INFO] ThirdParty:1030 - CMSIS Pack Vendor :STMicroelectronics X-CUBE-ALS 1.0.2
2025-09-21 11:02:33,945 [INFO] ThirdParty:1030 - CMSIS Pack Vendor :emotas I-CUBE-CANOPEN 1.3.0
2025-09-21 11:02:33,945 [INFO] ThirdParty:1030 - CMSIS Pack Vendor :STMicroelectronics MBEDTLS 2.14.1
2025-09-21 11:02:33,945 [INFO] ThirdParty:1030 - CMSIS Pack Vendor :ITTIA_DB I-CUBE-ITTIADB 8.9.0
2025-09-21 11:02:33,945 [INFO] ThirdParty:1030 - CMSIS Pack Vendor :STMicroelectronics X-CUBE-ST67W61 1.0.0
2025-09-21 11:02:33,945 [INFO] ThirdParty:1030 - CMSIS Pack Vendor :STMicroelectronics ThreadX 1.0.0
2025-09-21 11:02:33,945 [INFO] ThirdParty:1030 - CMSIS Pack Vendor :STMicroelectronics FP-SNS-SMARTAG2 1.2.0
2025-09-21 11:02:33,945 [INFO] ThirdParty:1030 - CMSIS Pack Vendor :STMicroelectronics FP-SNS-FLIGHT1 5.1.0
2025-09-21 11:02:33,945 [INFO] ThirdParty:1030 - CMSIS Pack Vendor :STMicroelectronics X-CUBE-AZRTOS-WL 2.0.0
2025-09-21 11:02:33,945 [INFO] ThirdParty:1030 - CMSIS Pack Vendor :SEGGER I-CUBE-embOS 1.3.1
2025-09-21 11:02:33,945 [INFO] ThirdParty:1030 - CMSIS Pack Vendor :STMicroelectronics X-CUBE-ALGOBUILD 1.4.0
2025-09-21 11:02:33,945 [INFO] ThirdParty:1030 - CMSIS Pack Vendor :STMicroelectronics X-CUBE-DPower 1.3.0
2025-09-21 11:02:33,945 [INFO] ThirdParty:1030 - CMSIS Pack Vendor :STMicroelectronics X-CUBE-MEMS1 11.3.0
2025-09-21 11:02:33,945 [INFO] ThirdParty:1030 - CMSIS Pack Vendor :STMicroelectronics FP-SNS-MOTENV1 5.0.0
2025-09-21 11:02:33,945 [INFO] ThirdParty:1030 - CMSIS Pack Vendor :STMicroelectronics USB_DEVICE 1.0.0
2025-09-21 11:02:33,945 [INFO] ThirdParty:1030 - CMSIS Pack Vendor :STMicroelectronics X-CUBE-AZRTOS-L4 2.0.0
2025-09-21 11:02:33,945 [INFO] ThirdParty:1030 - CMSIS Pack Vendor :STMicroelectronics ThreadX 0.0.2
2025-09-21 11:02:33,945 [INFO] ThirdParty:1030 - CMSIS Pack Vendor :STMicroelectronics lwIP 2.1.2
2025-09-21 11:02:33,945 [INFO] ThirdParty:1030 - CMSIS Pack Vendor :STMicroelectronics X-CUBE-SFXS2LP1 4.0.0
2025-09-21 11:02:33,945 [INFO] ThirdParty:1030 - CMSIS Pack Vendor :STMicroelectronics X-CUBE-BLE2 3.3.0
2025-09-21 11:02:33,945 [INFO] ThirdParty:1030 - CMSIS Pack Vendor :STMicroelectronics X-CUBE-TOF1 3.4.3
2025-09-21 11:02:33,945 [INFO] ThirdParty:1030 - CMSIS Pack Vendor :STMicroelectronics PDM2PCM 3.2.0
2025-09-21 11:02:33,945 [INFO] ThirdParty:841 - exiting critical section [change project]
2025-09-21 11:02:34,312 [INFO] PinOutPanel:1589 - setPackage(No Configuration,No Configuration)
2025-09-21 11:02:34,314 [INFO] PinOutPanel:1589 - setPackage(STM32F446RETx,LQFP64)
2025-09-21 11:02:34,762 [INFO] UtilMem:75 - Before build in PCC Used Memory: 424094824 Bytes (867172352)
2025-09-21 11:02:35,223 [INFO] UtilMem:75 - After build in PCC Used Memory: 567762136 Bytes (867172352)
2025-09-21 11:02:35,259 [INFO] IPUIPlugin:80 - create IPUIPlugin
2025-09-21 11:02:35,259 [INFO] IPUIPlugin:80 - create IPUIPlugin
2025-09-21 11:02:35,259 [INFO] IPUIPlugin:80 - create IPUIPlugin
2025-09-21 11:02:35,259 [INFO] IPUIPlugin:80 - create IPUIPlugin
2025-09-21 11:02:35,259 [INFO] IPUIPlugin:80 - create IPUIPlugin
2025-09-21 11:02:35,259 [INFO] IPUIPlugin:80 - create IPUIPlugin
2025-09-21 11:02:35,259 [INFO] IPUIPlugin:80 - create IPUIPlugin
2025-09-21 11:02:35,260 [INFO] IPUIPlugin:80 - create IPUIPlugin
2025-09-21 11:02:35,260 [INFO] IPUIPlugin:80 - create IPUIPlugin
2025-09-21 11:02:35,260 [INFO] IPUIPlugin:80 - create IPUIPlugin
2025-09-21 11:02:35,260 [INFO] IPUIPlugin:80 - create IPUIPlugin
2025-09-21 11:02:35,260 [INFO] IPUIPlugin:80 - create IPUIPlugin
2025-09-21 11:02:35,260 [INFO] IPUIPlugin:80 - create IPUIPlugin
2025-09-21 11:02:35,260 [INFO] IPUIPlugin:80 - create IPUIPlugin
2025-09-21 11:02:35,260 [INFO] IPUIPlugin:80 - create IPUIPlugin
2025-09-21 11:02:35,260 [INFO] IPUIPlugin:80 - create IPUIPlugin
2025-09-21 11:02:35,260 [INFO] IPUIPlugin:80 - create IPUIPlugin
2025-09-21 11:02:35,261 [INFO] IPUIPlugin:80 - create IPUIPlugin
2025-09-21 11:02:35,261 [INFO] IPUIPlugin:80 - create IPUIPlugin
2025-09-21 11:02:35,261 [INFO] IPUIPlugin:80 - create IPUIPlugin
2025-09-21 11:02:35,261 [INFO] IPUIPlugin:80 - create IPUIPlugin
2025-09-21 11:02:35,261 [INFO] IPUIPlugin:80 - create IPUIPlugin
2025-09-21 11:02:35,262 [INFO] IPUIPlugin:80 - create IPUIPlugin
2025-09-21 11:02:35,262 [INFO] IPUIPlugin:80 - create IPUIPlugin
2025-09-21 11:02:35,262 [INFO] IPUIPlugin:80 - create IPUIPlugin
2025-09-21 11:02:35,262 [INFO] IPUIPlugin:80 - create IPUIPlugin
2025-09-21 11:02:35,263 [INFO] IPUIPlugin:80 - create IPUIPlugin
2025-09-21 11:02:35,263 [INFO] IPUIPlugin:80 - create IPUIPlugin
2025-09-21 11:02:35,263 [INFO] IPUIPlugin:80 - create IPUIPlugin
2025-09-21 11:02:35,263 [INFO] IPUIPlugin:80 - create IPUIPlugin
2025-09-21 11:02:35,263 [INFO] IPUIPlugin:80 - create IPUIPlugin
2025-09-21 11:02:35,264 [INFO] IPUIPlugin:80 - create IPUIPlugin
2025-09-21 11:02:35,264 [INFO] IPUIPlugin:80 - create IPUIPlugin
2025-09-21 11:02:35,264 [INFO] IPUIPlugin:80 - create IPUIPlugin
2025-09-21 11:02:35,264 [INFO] IPUIPlugin:80 - create IPUIPlugin
2025-09-21 11:02:35,264 [INFO] IPUIPlugin:80 - create IPUIPlugin
2025-09-21 11:02:35,264 [INFO] IPUIPlugin:80 - create IPUIPlugin
2025-09-21 11:02:35,265 [INFO] IPUIPlugin:80 - create IPUIPlugin
2025-09-21 11:02:35,265 [INFO] IPUIPlugin:80 - create IPUIPlugin
2025-09-21 11:02:35,265 [INFO] IPUIPlugin:80 - create IPUIPlugin
2025-09-21 11:02:35,265 [INFO] IPUIPlugin:80 - create IPUIPlugin
2025-09-21 11:02:35,265 [INFO] IPUIPlugin:80 - create IPUIPlugin
2025-09-21 11:02:35,266 [INFO] IPUIPlugin:80 - create IPUIPlugin
2025-09-21 11:02:35,266 [INFO] IPUIPlugin:80 - create IPUIPlugin
2025-09-21 11:02:35,266 [INFO] IPUIPlugin:80 - create IPUIPlugin
2025-09-21 11:02:35,266 [INFO] IPUIPlugin:80 - create IPUIPlugin
2025-09-21 11:02:35,266 [INFO] IPUIPlugin:80 - create IPUIPlugin
2025-09-21 11:02:35,266 [INFO] IPUIPlugin:80 - create IPUIPlugin
2025-09-21 11:02:35,266 [INFO] IPUIPlugin:80 - create IPUIPlugin
2025-09-21 11:02:35,267 [INFO] IPUIPlugin:80 - create IPUIPlugin
2025-09-21 11:02:35,267 [INFO] IPUIPlugin:80 - create IPUIPlugin
2025-09-21 11:02:35,267 [INFO] IPUIPlugin:80 - create IPUIPlugin
2025-09-21 11:02:35,267 [INFO] IPUIPlugin:80 - create IPUIPlugin
2025-09-21 11:02:35,267 [INFO] IPUIPlugin:80 - create IPUIPlugin
2025-09-21 11:02:35,267 [INFO] IPUIPlugin:80 - create IPUIPlugin
2025-09-21 11:02:35,268 [INFO] IPUIPlugin:80 - create IPUIPlugin
2025-09-21 11:02:35,268 [INFO] IPUIPlugin:80 - create IPUIPlugin
2025-09-21 11:02:35,268 [INFO] IPUIPlugin:80 - create IPUIPlugin
2025-09-21 11:02:35,268 [INFO] IPUIPlugin:80 - create IPUIPlugin
2025-09-21 11:02:35,269 [INFO] IPUIPlugin:80 - create IPUIPlugin
2025-09-21 11:02:35,289 [INFO] ApiDbMcu:532 - Load IP Config File for PDM2PCM
2025-09-21 11:02:35,381 [INFO] CADModel:165 - CPN selected for project levelSTM32F446RET6
2025-09-21 11:02:35,381 [INFO] CADModel:114 - Register for checkConnection events
2025-09-21 11:02:35,419 [INFO] OpenFileManager:386 - Restore cursor
2025-09-21 11:02:37,707 [ERROR] LogOutputStream:75 - [STDERR_REDIRECT] Sep 21, 2025 11:02:37 AM java.util.prefs.FileSystemPreferences checkLockFile0ErrorCode
2025-09-21 11:02:37,707 [ERROR] LogOutputStream:75 - [STDERR_REDIRECT] WARNING: Could not lock System prefs. Unix error code 2.
2025-09-21 11:02:37,707 [ERROR] LogOutputStream:75 - [STDERR_REDIRECT] 
2025-09-21 11:02:37,707 [ERROR] LogOutputStream:75 - [STDERR_REDIRECT] Sep 21, 2025 11:02:37 AM java.util.prefs.FileSystemPreferences syncWorld
2025-09-21 11:02:37,707 [ERROR] LogOutputStream:75 - [STDERR_REDIRECT] WARNING: Couldn't flush system prefs: java.util.prefs.BackingStoreException: Couldn't get file lock.
2025-09-21 11:02:37,708 [ERROR] LogOutputStream:75 - [STDERR_REDIRECT] 
2025-09-21 11:03:07,703 [ERROR] LogOutputStream:75 - [STDERR_REDIRECT] Sep 21, 2025 11:03:07 AM java.util.prefs.FileSystemPreferences checkLockFile0ErrorCode
2025-09-21 11:03:07,703 [ERROR] LogOutputStream:75 - [STDERR_REDIRECT] WARNING: Could not lock System prefs. Unix error code 2.
2025-09-21 11:03:07,741 [ERROR] LogOutputStream:75 - [STDERR_REDIRECT] 
2025-09-21 11:03:07,741 [ERROR] LogOutputStream:75 - [STDERR_REDIRECT] Sep 21, 2025 11:03:07 AM java.util.prefs.FileSystemPreferences syncWorld
2025-09-21 11:03:07,742 [ERROR] LogOutputStream:75 - [STDERR_REDIRECT] WARNING: Couldn't flush system prefs: java.util.prefs.BackingStoreException: Couldn't get file lock.
2025-09-21 11:03:07,742 [ERROR] LogOutputStream:75 - [STDERR_REDIRECT] 
2025-09-21 11:03:37,702 [ERROR] LogOutputStream:75 - [STDERR_REDIRECT] Sep 21, 2025 11:03:37 AM java.util.prefs.FileSystemPreferences checkLockFile0ErrorCode
2025-09-21 11:03:37,702 [ERROR] LogOutputStream:75 - [STDERR_REDIRECT] WARNING: Could not lock System prefs. Unix error code 2.
2025-09-21 11:03:37,703 [ERROR] LogOutputStream:75 - [STDERR_REDIRECT] 
2025-09-21 11:03:37,703 [ERROR] LogOutputStream:75 - [STDERR_REDIRECT] Sep 21, 2025 11:03:37 AM java.util.prefs.FileSystemPreferences syncWorld
2025-09-21 11:03:37,704 [ERROR] LogOutputStream:75 - [STDERR_REDIRECT] WARNING: Couldn't flush system prefs: java.util.prefs.BackingStoreException: Couldn't get file lock.
2025-09-21 11:03:37,704 [ERROR] LogOutputStream:75 - [STDERR_REDIRECT] 
2025-09-21 11:04:07,702 [ERROR] LogOutputStream:75 - [STDERR_REDIRECT] Sep 21, 2025 11:04:07 AM java.util.prefs.FileSystemPreferences checkLockFile0ErrorCode
2025-09-21 11:04:07,703 [ERROR] LogOutputStream:75 - [STDERR_REDIRECT] WARNING: Could not lock System prefs. Unix error code 2.
2025-09-21 11:04:07,703 [ERROR] LogOutputStream:75 - [STDERR_REDIRECT] 
2025-09-21 11:04:07,703 [ERROR] LogOutputStream:75 - [STDERR_REDIRECT] Sep 21, 2025 11:04:07 AM java.util.prefs.FileSystemPreferences syncWorld
2025-09-21 11:04:07,703 [ERROR] LogOutputStream:75 - [STDERR_REDIRECT] WARNING: Couldn't flush system prefs: java.util.prefs.BackingStoreException: Couldn't get file lock.
2025-09-21 11:04:07,703 [ERROR] LogOutputStream:75 - [STDERR_REDIRECT] 
2025-09-21 11:04:37,702 [ERROR] LogOutputStream:75 - [STDERR_REDIRECT] Sep 21, 2025 11:04:37 AM java.util.prefs.FileSystemPreferences checkLockFile0ErrorCode
2025-09-21 11:04:37,702 [ERROR] LogOutputStream:75 - [STDERR_REDIRECT] WARNING: Could not lock System prefs. Unix error code 2.
2025-09-21 11:04:37,703 [ERROR] LogOutputStream:75 - [STDERR_REDIRECT] 
2025-09-21 11:04:37,704 [ERROR] LogOutputStream:75 - [STDERR_REDIRECT] Sep 21, 2025 11:04:37 AM java.util.prefs.FileSystemPreferences syncWorld
2025-09-21 11:04:37,704 [ERROR] LogOutputStream:75 - [STDERR_REDIRECT] WARNING: Couldn't flush system prefs: java.util.prefs.BackingStoreException: Couldn't get file lock.
2025-09-21 11:04:37,704 [ERROR] LogOutputStream:75 - [STDERR_REDIRECT] 
2025-09-21 11:05:07,702 [ERROR] LogOutputStream:75 - [STDERR_REDIRECT] Sep 21, 2025 11:05:07 AM java.util.prefs.FileSystemPreferences checkLockFile0ErrorCode
2025-09-21 11:05:07,703 [ERROR] LogOutputStream:75 - [STDERR_REDIRECT] WARNING: Could not lock System prefs. Unix error code 2.
2025-09-21 11:05:07,703 [ERROR] LogOutputStream:75 - [STDERR_REDIRECT] 
2025-09-21 11:05:07,704 [ERROR] LogOutputStream:75 - [STDERR_REDIRECT] Sep 21, 2025 11:05:07 AM java.util.prefs.FileSystemPreferences syncWorld
2025-09-21 11:05:07,704 [ERROR] LogOutputStream:75 - [STDERR_REDIRECT] WARNING: Couldn't flush system prefs: java.util.prefs.BackingStoreException: Couldn't get file lock.
2025-09-21 11:05:07,704 [ERROR] LogOutputStream:75 - [STDERR_REDIRECT] 
2025-09-21 11:05:37,702 [ERROR] LogOutputStream:75 - [STDERR_REDIRECT] Sep 21, 2025 11:05:37 AM java.util.prefs.FileSystemPreferences checkLockFile0ErrorCode
2025-09-21 11:05:37,703 [ERROR] LogOutputStream:75 - [STDERR_REDIRECT] WARNING: Could not lock System prefs. Unix error code 2.
2025-09-21 11:05:37,714 [ERROR] LogOutputStream:75 - [STDERR_REDIRECT] 
2025-09-21 11:05:37,714 [ERROR] LogOutputStream:75 - [STDERR_REDIRECT] Sep 21, 2025 11:05:37 AM java.util.prefs.FileSystemPreferences syncWorld
2025-09-21 11:05:37,714 [ERROR] LogOutputStream:75 - [STDERR_REDIRECT] WARNING: Couldn't flush system prefs: java.util.prefs.BackingStoreException: Couldn't get file lock.
2025-09-21 11:05:37,715 [ERROR] LogOutputStream:75 - [STDERR_REDIRECT] 
2025-09-21 11:06:07,703 [ERROR] LogOutputStream:75 - [STDERR_REDIRECT] Sep 21, 2025 11:06:07 AM java.util.prefs.FileSystemPreferences checkLockFile0ErrorCode
2025-09-21 11:06:07,703 [ERROR] LogOutputStream:75 - [STDERR_REDIRECT] WARNING: Could not lock System prefs. Unix error code 2.
2025-09-21 11:06:07,704 [ERROR] LogOutputStream:75 - [STDERR_REDIRECT] 
2025-09-21 11:06:07,704 [ERROR] LogOutputStream:75 - [STDERR_REDIRECT] Sep 21, 2025 11:06:07 AM java.util.prefs.FileSystemPreferences syncWorld
2025-09-21 11:06:07,704 [ERROR] LogOutputStream:75 - [STDERR_REDIRECT] WARNING: Couldn't flush system prefs: java.util.prefs.BackingStoreException: Couldn't get file lock.
2025-09-21 11:06:07,705 [ERROR] LogOutputStream:75 - [STDERR_REDIRECT] 
2025-09-21 11:06:37,703 [ERROR] LogOutputStream:75 - [STDERR_REDIRECT] Sep 21, 2025 11:06:37 AM java.util.prefs.FileSystemPreferences checkLockFile0ErrorCode
2025-09-21 11:06:37,703 [ERROR] LogOutputStream:75 - [STDERR_REDIRECT] WARNING: Could not lock System prefs. Unix error code 2.
2025-09-21 11:06:37,703 [ERROR] LogOutputStream:75 - [STDERR_REDIRECT] 
2025-09-21 11:06:37,704 [ERROR] LogOutputStream:75 - [STDERR_REDIRECT] Sep 21, 2025 11:06:37 AM java.util.prefs.FileSystemPreferences syncWorld
2025-09-21 11:06:37,704 [ERROR] LogOutputStream:75 - [STDERR_REDIRECT] WARNING: Couldn't flush system prefs: java.util.prefs.BackingStoreException: Couldn't get file lock.
2025-09-21 11:06:37,704 [ERROR] LogOutputStream:75 - [STDERR_REDIRECT] 
2025-09-21 11:07:05,177 [ERROR] LogOutputStream:75 - [STDERR_REDIRECT] 
2025-09-21 11:07:05,178 [ERROR] LogOutputStream:75 - [STDERR_REDIRECT] 
2025-09-21 11:07:11,481 [INFO] Activator:176 - 


2025-09-21 11:07:11,482 [INFO] Activator:177 - !SESSION log4j initialized
2025-09-21 11:07:15,203 [INFO] LogOutputStream:77 - [STDOUT_REDIRECT] 
2025-09-21 11:07:16,588 [INFO] ApplicationProperties:184 - Using Application install path: /opt/st/stm32cubeide_1.19.0/plugins/com.st.stm32cube.common.mx_6.15.0.202507011659
2025-09-21 11:07:16,600 [INFO] DbMcusXml:78 - Set database path to: /opt/st/stm32cubeide_1.19.0/plugins/com.st.stm32cube.common.mx_6.15.0.202507011659//db//mcu/
2025-09-21 11:07:16,601 [INFO] ApiDb:274 - Set plugin database path to: /opt/st/stm32cubeide_1.19.0/plugins/com.st.stm32cube.common.mx_6.15.0.202507011659//db//plugins/boardmanager/
2025-09-21 11:07:16,601 [WARN] ApiDb:259 - Overriding images path with different value:  => /opt/st/stm32cubeide_1.19.0/plugins/com.st.stm32cube.common.mx_6.15.0.202507011659//db//plugins/mcufinder/images/
2025-09-21 11:07:16,603 [INFO] ApiDb:250 - Set database path to: /home/tomas1908/.stmcufinder/plugins/mcufinder//mcu/
2025-09-21 11:07:16,604 [INFO] DbMcusAds:125 - Set database path to: /home/tomas1908/.stmcufinder/plugins/mcufinder//mcu/
2025-09-21 11:07:16,605 [INFO] CrossReferenceDbSqlite:203 - Set database path to: /home/tomas1908/.stmcufinder/plugins/mcufinder//mcu/cs/
2025-09-21 11:07:16,689 [INFO] RulesReader:64 - Compatibility file has been processed (317 Rules)
2025-09-21 11:07:16,730 [INFO] DbMcusXml:78 - Set database path to: /opt/st/stm32cubeide_1.19.0/plugins/com.st.stm32cube.common.mx_6.15.0.202507011659//db//mcu/
2025-09-21 11:07:16,730 [INFO] ApiDb:274 - Set plugin database path to: /opt/st/stm32cubeide_1.19.0/plugins/com.st.stm32cube.common.mx_6.15.0.202507011659//db//plugins/boardmanager/
2025-09-21 11:07:16,730 [INFO] ApiDb:261 - Set plugin images path to: /opt/st/stm32cubeide_1.19.0/plugins/com.st.stm32cube.common.mx_6.15.0.202507011659//db//plugins/mcufinder/images/
2025-09-21 11:07:16,730 [WARN] DbFile:41 - Overriding database path with different value: /home/tomas1908/.stmcufinder/plugins/mcufinder/ => /home/tomas1908/.stmcufinder/plugins/mcufinder
2025-09-21 11:07:16,730 [INFO] ApiDb:250 - Set database path to: /home/tomas1908/.stmcufinder/plugins/mcufinder//mcu/
2025-09-21 11:07:16,730 [WARN] DbFile:41 - Overriding database path with different value: /home/tomas1908/.stmcufinder/plugins/mcufinder/ => /home/tomas1908/.stmcufinder/plugins/mcufinder
2025-09-21 11:07:16,730 [INFO] DbMcusAds:125 - Set database path to: /home/tomas1908/.stmcufinder/plugins/mcufinder//mcu/
2025-09-21 11:07:16,731 [WARN] DbFile:41 - Overriding database path with different value: /home/tomas1908/.stmcufinder/plugins/mcufinder/ => /home/tomas1908/.stmcufinder/plugins/mcufinder
2025-09-21 11:07:16,731 [WARN] DbFile:41 - Overriding database path with different value: /home/tomas1908/.stmcufinder/plugins/mcufinder/ => /home/tomas1908/.stmcufinder/plugins/mcufinder
2025-09-21 11:07:16,731 [INFO] CrossReferenceDbSqlite:203 - Set database path to: /home/tomas1908/.stmcufinder/plugins/mcufinder//mcu/cs/
2025-09-21 11:07:16,768 [INFO] MainPanel:274 - HeapMemory: 268435456
2025-09-21 11:07:16,840 [INFO] DbMcusXml:78 - Set database path to: /opt/st/stm32cubeide_1.19.0/plugins/com.st.stm32cube.common.mx_6.15.0.202507011659//db//mcu/
2025-09-21 11:07:16,840 [INFO] ApiDb:274 - Set plugin database path to: /opt/st/stm32cubeide_1.19.0/plugins/com.st.stm32cube.common.mx_6.15.0.202507011659//db//plugins/boardmanager/
2025-09-21 11:07:16,840 [INFO] ApiDb:261 - Set plugin images path to: /opt/st/stm32cubeide_1.19.0/plugins/com.st.stm32cube.common.mx_6.15.0.202507011659//db//plugins/mcufinder/images/
2025-09-21 11:07:16,840 [WARN] DbFile:41 - Overriding database path with different value: /home/tomas1908/.stmcufinder/plugins/mcufinder/ => /home/tomas1908/.stmcufinder/plugins/mcufinder
2025-09-21 11:07:16,840 [INFO] ApiDb:250 - Set database path to: /home/tomas1908/.stmcufinder/plugins/mcufinder//mcu/
2025-09-21 11:07:16,840 [WARN] DbFile:41 - Overriding database path with different value: /home/tomas1908/.stmcufinder/plugins/mcufinder/ => /home/tomas1908/.stmcufinder/plugins/mcufinder
2025-09-21 11:07:16,840 [INFO] DbMcusAds:125 - Set database path to: /home/tomas1908/.stmcufinder/plugins/mcufinder//mcu/
2025-09-21 11:07:16,840 [WARN] DbFile:41 - Overriding database path with different value: /home/tomas1908/.stmcufinder/plugins/mcufinder/ => /home/tomas1908/.stmcufinder/plugins/mcufinder
2025-09-21 11:07:16,840 [WARN] DbFile:41 - Overriding database path with different value: /home/tomas1908/.stmcufinder/plugins/mcufinder/ => /home/tomas1908/.stmcufinder/plugins/mcufinder
2025-09-21 11:07:16,841 [INFO] CrossReferenceDbSqlite:203 - Set database path to: /home/tomas1908/.stmcufinder/plugins/mcufinder//mcu/cs/
2025-09-21 11:07:16,852 [INFO] ApplicationProperties:184 - Using Application install path: /opt/st/stm32cubeide_1.19.0/plugins/com.st.stm32cube.common.mx_6.15.0.202507011659
2025-09-21 11:07:16,853 [INFO] PluginManage:196 - Search for loadable plugins [exclusion list=, ]
2025-09-21 11:07:16,854 [INFO] PluginManage:310 - Check plugin analytics
2025-09-21 11:07:16,956 [INFO] AnalyticsPlugin:253 - Accepted Software Licenses: 
2025-09-21 11:07:16,956 [INFO] AnalyticsPlugin:255 - Accepted CMSIS Pack Licenses: 
2025-09-21 11:07:16,956 [INFO] AnalyticsPlugin:257 - Accepted Firmware Licenses: FW.F4.1.28.0
2025-09-21 11:07:16,958 [INFO] PluginManage:359 - Loaded plugin analytics (category:tool,tabindex:-1)
2025-09-21 11:07:16,958 [INFO] PluginManage:310 - Check plugin cadmodel
2025-09-21 11:07:16,961 [INFO] CADModel:105 - Init CAD model plugin
2025-09-21 11:07:16,961 [INFO] PluginManage:359 - Loaded plugin cadmodel (category:power,tabindex:5)
2025-09-21 11:07:16,961 [INFO] PluginManage:310 - Check plugin clock
2025-09-21 11:07:16,965 [INFO] PluginManage:359 - Loaded plugin clock (category:base,tabindex:2)
2025-09-21 11:07:16,965 [INFO] PluginManage:310 - Check plugin ddr
2025-09-21 11:07:16,966 [INFO] PluginManage:359 - Loaded plugin ddr (category:tool,tabindex:6)
2025-09-21 11:07:16,966 [INFO] PluginManage:310 - Check plugin filemanager
2025-09-21 11:07:17,057 [INFO] PluginManage:359 - Loaded plugin filemanager (category:base,tabindex:10)
2025-09-21 11:07:17,057 [INFO] PluginManage:310 - Check plugin ipmanager
2025-09-21 11:07:17,060 [INFO] PluginManage:359 - Loaded plugin ipmanager (category:base,tabindex:5)
2025-09-21 11:07:17,060 [INFO] PluginManage:310 - Check plugin lpbam
2025-09-21 11:07:17,065 [INFO] PluginManage:359 - Loaded plugin lpbam (category:base,tabindex:0)
2025-09-21 11:07:17,065 [INFO] PluginManage:310 - Check plugin memorymap
2025-09-21 11:07:17,072 [INFO] PluginManage:359 - Loaded plugin memorymap (category:base,tabindex:4)
2025-09-21 11:07:17,072 [INFO] PluginManage:310 - Check plugin pinoutandconfiguration
2025-09-21 11:07:17,077 [INFO] PluginManage:359 - Loaded plugin pinoutandconfiguration (category:base,tabindex:1)
2025-09-21 11:07:17,077 [INFO] PluginManage:310 - Check plugin pinoutconfig
2025-09-21 11:07:17,128 [WARN] SupportedApi:132 - Cannot load RTOS API schema: s4s-elt-must-match.1: The content of 'definitions' must match (annotation?, (simpleType | complexType)?, (unique | key | keyref)*)). A problem was found starting at: attribute.
2025-09-21 11:07:17,202 [INFO] PluginManage:359 - Loaded plugin pinoutconfig (category:base,tabindex:0)
2025-09-21 11:07:17,203 [INFO] PluginManage:310 - Check plugin power
2025-09-21 11:07:17,207 [INFO] PluginManage:359 - Loaded plugin power (category:power,tabindex:4)
2025-09-21 11:07:17,207 [INFO] PluginManage:310 - Check plugin projectmanager
2025-09-21 11:07:17,216 [INFO] PluginManage:359 - Loaded plugin projectmanager (category:projectmanager,tabindex:4)
2025-09-21 11:07:17,216 [INFO] PluginManage:310 - Check plugin rif
2025-09-21 11:07:17,222 [INFO] PluginManage:359 - Loaded plugin rif (category:base,tabindex:3)
2025-09-21 11:07:17,222 [INFO] PluginManage:310 - Check plugin thirdparty
2025-09-21 11:07:17,299 [INFO] PluginManage:359 - Loaded plugin thirdparty (category:base,tabindex:-1)
2025-09-21 11:07:17,299 [WARN] IntegrityCheckThread:84 - waiting for thirdparty lock release [integrity check]
2025-09-21 11:07:17,299 [INFO] IntegrityCheckThread:86 - entering critical section [integrity check]
2025-09-21 11:07:17,299 [INFO] PluginManage:310 - Check plugin tools
2025-09-21 11:07:17,299 [INFO] ThirdPartyUpdaterWithRetryManager:70 - Updater plugin not ready yet. [1/15]
2025-09-21 11:07:17,301 [INFO] PluginManage:359 - Loaded plugin tools (category:base,tabindex:7)
2025-09-21 11:07:17,301 [INFO] PluginManage:310 - Check plugin tutovideos
2025-09-21 11:07:17,427 [INFO] PluginManage:359 - Loaded plugin tutovideos (category:base,tabindex:-1)
2025-09-21 11:07:17,427 [INFO] PluginManage:310 - Check plugin updater
2025-09-21 11:07:17,443 [INFO] PluginManage:359 - Loaded plugin updater (category:base,tabindex:12)
2025-09-21 11:07:17,443 [INFO] PluginManage:310 - Check plugin userauth
2025-09-21 11:07:17,446 [INFO] UserAuth:118 - Init User Auth plugin
2025-09-21 11:07:17,447 [INFO] PluginManage:359 - Loaded plugin userauth (category:base,tabindex:14)
2025-09-21 11:07:17,447 [INFO] PluginManage:283 - PluginManage : Loaded plugins [18]
2025-09-21 11:07:17,563 [INFO] PinOutPanel:1589 - setPackage(No Configuration,No Configuration)
2025-09-21 11:07:17,611 [INFO] CADModel:165 - CPN selected for project level
2025-09-21 11:07:17,612 [INFO] CADModel:114 - Register for checkConnection events
2025-09-21 11:07:17,620 [INFO] IPUIPlugin:80 - create IPUIPlugin
2025-09-21 11:07:17,620 [INFO] PluginManager:220 - loadIPPluginJar : add i2c
2025-09-21 11:07:17,624 [INFO] IPUIPlugin:80 - create IPUIPlugin
2025-09-21 11:07:17,624 [INFO] PluginManager:220 - loadIPPluginJar : add mdma
2025-09-21 11:07:17,625 [INFO] IPUIPlugin:80 - create IPUIPlugin
2025-09-21 11:07:17,626 [INFO] PluginManager:220 - loadIPPluginJar : add aes
2025-09-21 11:07:17,627 [INFO] IPUIPlugin:80 - create IPUIPlugin
2025-09-21 11:07:17,627 [INFO] PluginManager:220 - loadIPPluginJar : add can
2025-09-21 11:07:17,630 [INFO] IPUIPlugin:80 - create IPUIPlugin
2025-09-21 11:07:17,630 [INFO] PluginManager:220 - loadIPPluginJar : add freertos
2025-09-21 11:07:17,632 [INFO] IPUIPlugin:80 - create IPUIPlugin
2025-09-21 11:07:17,632 [INFO] PluginManager:220 - loadIPPluginJar : add gtzc
2025-09-21 11:07:17,633 [INFO] IPUIPlugin:80 - create IPUIPlugin
2025-09-21 11:07:17,633 [INFO] PluginManager:220 - loadIPPluginJar : add ts
2025-09-21 11:07:17,638 [INFO] IPUIPlugin:80 - create IPUIPlugin
2025-09-21 11:07:17,638 [INFO] PluginManager:220 - loadIPPluginJar : add stm32_wpan
2025-09-21 11:07:17,639 [INFO] IPUIPlugin:80 - create IPUIPlugin
2025-09-21 11:07:17,639 [INFO] PluginManager:220 - loadIPPluginJar : add fatfs
2025-09-21 11:07:17,644 [INFO] IPUIPlugin:80 - create IPUIPlugin
2025-09-21 11:07:17,644 [INFO] PluginManager:220 - loadIPPluginJar : add dma
2025-09-21 11:07:17,646 [INFO] IPUIPlugin:80 - create IPUIPlugin
2025-09-21 11:07:17,646 [INFO] PluginManager:220 - loadIPPluginJar : add usbx
2025-09-21 11:07:17,647 [INFO] IPUIPlugin:80 - create IPUIPlugin
2025-09-21 11:07:17,648 [INFO] PluginManager:220 - loadIPPluginJar : add hash
2025-09-21 11:07:17,648 [INFO] IPUIPlugin:80 - create IPUIPlugin
2025-09-21 11:07:17,649 [INFO] PluginManager:220 - loadIPPluginJar : add cryp
2025-09-21 11:07:17,650 [INFO] IPUIPlugin:80 - create IPUIPlugin
2025-09-21 11:07:17,650 [INFO] PluginManager:220 - loadIPPluginJar : add openamp
2025-09-21 11:07:17,651 [INFO] IPUIPlugin:80 - create IPUIPlugin
2025-09-21 11:07:17,651 [INFO] PluginManager:220 - loadIPPluginJar : add genericplugin
2025-09-21 11:07:17,653 [INFO] IPUIPlugin:80 - create IPUIPlugin
2025-09-21 11:07:17,653 [INFO] PluginManager:220 - loadIPPluginJar : add ipddr
2025-09-21 11:07:17,655 [INFO] IPUIPlugin:80 - create IPUIPlugin
2025-09-21 11:07:17,655 [INFO] PluginManager:220 - loadIPPluginJar : add opamp
2025-09-21 11:07:17,655 [INFO] IPUIPlugin:80 - create IPUIPlugin
2025-09-21 11:07:17,655 [INFO] PluginManager:220 - loadIPPluginJar : add ltdc
2025-09-21 11:07:17,656 [INFO] IPUIPlugin:80 - create IPUIPlugin
2025-09-21 11:07:17,656 [INFO] PluginManager:220 - loadIPPluginJar : add dfsdm
2025-09-21 11:07:17,659 [INFO] IPUIPlugin:80 - create IPUIPlugin
2025-09-21 11:07:17,660 [INFO] PluginManager:220 - loadIPPluginJar : add gic
2025-09-21 11:07:17,661 [INFO] IPUIPlugin:80 - create IPUIPlugin
2025-09-21 11:07:17,661 [INFO] PluginManager:220 - loadIPPluginJar : add extmemmanager
2025-09-21 11:07:17,662 [INFO] IPUIPlugin:80 - create IPUIPlugin
2025-09-21 11:07:17,662 [INFO] PluginManager:220 - loadIPPluginJar : add ucpd
2025-09-21 11:07:17,663 [INFO] IPUIPlugin:80 - create IPUIPlugin
2025-09-21 11:07:17,663 [INFO] PluginManager:220 - loadIPPluginJar : add tracer_emb
2025-09-21 11:07:17,664 [INFO] IPUIPlugin:80 - create IPUIPlugin
2025-09-21 11:07:17,664 [INFO] PluginManager:220 - loadIPPluginJar : add radio
2025-09-21 11:07:17,666 [INFO] IPUIPlugin:80 - create IPUIPlugin
2025-09-21 11:07:17,666 [INFO] PluginManager:220 - loadIPPluginJar : add pdm2pcm
2025-09-21 11:07:17,667 [INFO] IPUIPlugin:80 - create IPUIPlugin
2025-09-21 11:07:17,667 [INFO] PluginManager:220 - loadIPPluginJar : add spi
2025-09-21 11:07:17,668 [INFO] IPUIPlugin:80 - create IPUIPlugin
2025-09-21 11:07:17,668 [INFO] PluginManager:220 - loadIPPluginJar : add tim
2025-09-21 11:07:17,672 [INFO] IPUIPlugin:80 - create IPUIPlugin
2025-09-21 11:07:17,674 [INFO] PluginManager:220 - loadIPPluginJar : add plateformsettings
2025-09-21 11:07:17,676 [INFO] IPUIPlugin:80 - create IPUIPlugin
2025-09-21 11:07:17,676 [INFO] PluginManager:220 - loadIPPluginJar : add touchsensing
2025-09-21 11:07:17,679 [INFO] IPUIPlugin:80 - create IPUIPlugin
2025-09-21 11:07:17,679 [INFO] PluginManager:220 - loadIPPluginJar : add gpio
2025-09-21 11:07:17,683 [INFO] IPUIPlugin:80 - create IPUIPlugin
2025-09-21 11:07:17,684 [INFO] PluginManager:220 - loadIPPluginJar : add adc
2025-09-21 11:07:17,688 [INFO] IPUIPlugin:80 - create IPUIPlugin
2025-09-21 11:07:17,688 [INFO] PluginManager:220 - loadIPPluginJar : add linkedlist
2025-09-21 11:07:17,689 [INFO] IPUIPlugin:80 - create IPUIPlugin
2025-09-21 11:07:17,689 [INFO] PluginManager:220 - loadIPPluginJar : add comp
2025-09-21 11:07:17,693 [INFO] IPUIPlugin:80 - create IPUIPlugin
2025-09-21 11:07:17,693 [INFO] PluginManager:220 - loadIPPluginJar : add fmc
2025-09-21 11:07:17,694 [INFO] IPUIPlugin:80 - create IPUIPlugin
2025-09-21 11:07:17,694 [INFO] PluginManager:220 - loadIPPluginJar : add tsc
2025-09-21 11:07:17,696 [INFO] IPUIPlugin:80 - create IPUIPlugin
2025-09-21 11:07:17,696 [INFO] PluginManager:220 - loadIPPluginJar : add sai
2025-09-21 11:07:17,698 [INFO] IPUIPlugin:80 - create IPUIPlugin
2025-09-21 11:07:17,698 [INFO] PluginManager:220 - loadIPPluginJar : add usart
2025-09-21 11:07:17,699 [INFO] IPUIPlugin:80 - create IPUIPlugin
2025-09-21 11:07:17,700 [INFO] PluginManager:220 - loadIPPluginJar : add nvic
2025-09-21 11:07:17,702 [INFO] IPUIPlugin:80 - create IPUIPlugin
2025-09-21 11:07:17,702 [INFO] PluginManager:220 - loadIPPluginJar : add resmgrutility
2025-09-21 11:07:17,704 [INFO] IPUIPlugin:80 - create IPUIPlugin
2025-09-21 11:07:17,704 [INFO] PluginManager:220 - loadIPPluginJar : add lorawan
2025-09-21 11:07:17,705 [INFO] IPUIPlugin:80 - create IPUIPlugin
2025-09-21 11:07:17,705 [INFO] PluginManager:220 - loadIPPluginJar : add gfxmmu
2025-09-21 11:07:17,706 [INFO] IPUIPlugin:80 - create IPUIPlugin
2025-09-21 11:07:17,706 [INFO] PluginManager:220 - loadIPPluginJar : add dma3
2025-09-21 11:07:17,707 [INFO] IPUIPlugin:80 - create IPUIPlugin
2025-09-21 11:07:17,708 [INFO] PluginManager:220 - loadIPPluginJar : add i3c
2025-09-21 11:07:17,708 [INFO] IPUIPlugin:80 - create IPUIPlugin
2025-09-21 11:07:17,709 [INFO] PluginManager:220 - loadIPPluginJar : add quadspi
2025-09-21 11:07:17,710 [INFO] IPUIPlugin:80 - create IPUIPlugin
2025-09-21 11:07:17,710 [INFO] PluginManager:220 - loadIPPluginJar : add ddr_ctrl_phy
2025-09-21 11:07:17,712 [INFO] IPUIPlugin:80 - create IPUIPlugin
2025-09-21 11:07:17,712 [INFO] PluginManager:220 - loadIPPluginJar : add i2s
2025-09-21 11:07:17,804 [FATAL] Updater:351 - Updater called before beeing initialized
2025-09-21 11:07:17,851 [INFO] RulesReader:64 - Compatibility file has been processed (317 Rules)
2025-09-21 11:07:17,866 [INFO] RulesReader:64 - Compatibility file has been processed (317 Rules)
2025-09-21 11:07:17,872 [INFO] CADModel:165 - CPN selected for project level
2025-09-21 11:07:17,872 [INFO] CADModel:114 - Register for checkConnection events
2025-09-21 11:07:17,872 [FATAL] Updater:351 - Updater called before beeing initialized
2025-09-21 11:07:17,872 [ERROR] CADModel:125 - Updater not yet initialized, retry later 
2025-09-21 11:07:17,940 [FATAL] Updater:351 - Updater called before beeing initialized
2025-09-21 11:07:17,941 [INFO] CADModel:165 - CPN selected for project level
2025-09-21 11:07:17,941 [INFO] CADModel:114 - Register for checkConnection events
2025-09-21 11:07:17,941 [FATAL] Updater:351 - Updater called before beeing initialized
2025-09-21 11:07:17,941 [ERROR] CADModel:125 - Updater not yet initialized, retry later 
2025-09-21 11:07:17,943 [FATAL] Updater:351 - Updater called before beeing initialized
2025-09-21 11:07:17,990 [FATAL] Updater:351 - Updater called before beeing initialized
2025-09-21 11:07:17,992 [INFO] DbMcusAds:53 - JSON generation date=Tue Jul 08 05:14:23 ART 2025 (1751962463582)
2025-09-21 11:07:17,992 [FATAL] Updater:351 - Updater called before beeing initialized
2025-09-21 11:07:18,013 [WARN] DetailPanel:346 - Failed to get advertising image, set to default
2025-09-21 11:07:18,056 [FATAL] Updater:351 - Updater called before beeing initialized
2025-09-21 11:07:18,057 [FATAL] Updater:351 - Updater called before beeing initialized
2025-09-21 11:07:18,057 [FATAL] Updater:351 - Updater called before beeing initialized
2025-09-21 11:07:18,057 [WARN] DetailPanel:346 - Failed to get advertising image, set to default
2025-09-21 11:07:18,058 [FATAL] Updater:351 - Updater called before beeing initialized
2025-09-21 11:07:18,079 [ERROR] Updater:1198 - MainUpdater not yet initialized. External WinMGr cannot be set.
2025-09-21 11:07:18,080 [INFO] Updater:1134 - Updater Version found : 6.15.0
2025-09-21 11:07:18,093 [INFO] ApplicationProperties:184 - Using Application install path: /opt/st/stm32cubeide_1.19.0/plugins/com.st.stm32cube.common.mx_6.15.0.202507011659
2025-09-21 11:07:18,101 [ERROR] LogOutputStream:75 - [STDERR_REDIRECT] Sep 21, 2025 11:07:18 AM java.util.prefs.FileSystemPreferences$2 run
2025-09-21 11:07:18,101 [ERROR] LogOutputStream:75 - [STDERR_REDIRECT] WARNING: Could not create system preferences directory. System preferences are unusable.
2025-09-21 11:07:18,101 [ERROR] LogOutputStream:75 - [STDERR_REDIRECT] 
2025-09-21 11:07:18,316 [INFO] MainUpdater:2872 - connection check result : 10
2025-09-21 11:07:18,317 [INFO] MainUpdater:289 - Updater Check For Update Now.
2025-09-21 11:07:18,318 [INFO] MicroXplorer:498 - Change Database Version : DB.6.0.150
2025-09-21 11:07:18,323 [INFO] McuFinderGlobals:63 - Set McuFinder mode to 2 (CubeIDE integrated)
2025-09-21 11:07:18,324 [INFO] UserAuth:487 - Internet connection configuration mode: 1
2025-09-21 11:07:18,342 [INFO] JxBrowserEngine:152 - Initiate JxBrowser Engine with user profile folder
2025-09-21 11:07:18,515 [INFO] CheckServerUpdateThread:120 - End of CheckServer Thread
2025-09-21 11:07:18,723 [INFO] WebApp:169 - Instantiating new browser for Auth
2025-09-21 11:07:19,117 [INFO] WebApp:463 - Apply proxy settings
2025-09-21 11:07:19,117 [INFO] WebApp:548 - Chromium requires no authentication
2025-09-21 11:07:19,122 [INFO] WebApp:491 - Direct internet connection detected
2025-09-21 11:07:19,132 [INFO] WebApp:900 - Register for checkConnection events
2025-09-21 11:07:19,133 [INFO] WebApp:463 - Apply proxy settings
2025-09-21 11:07:19,133 [INFO] WebApp:548 - Chromium requires no authentication
2025-09-21 11:07:19,133 [INFO] WebApp:491 - Direct internet connection detected
2025-09-21 11:07:19,214 [INFO] WebApp:225 - Starting web application
2025-09-21 11:07:19,214 [INFO] WebApp:593 - Web application path used /opt/st/stm32cubeide_1.19.0/plugins/com.st.stm32cube.common.mx_6.15.0.202507011659/db/plugins/mcufinder/reactClient1/index.html
2025-09-21 11:07:19,277 [INFO] UserAuth:487 - Internet connection configuration mode: 1
2025-09-21 11:07:19,378 [INFO] WebApp:191 - Connection restablished
2025-09-21 11:07:20,381 [WARN] PackLoader:240 - Cannot read IP mode file for STMicroelectronics.FP-SNS-MOTENVWB1.1.4.0
2025-09-21 11:07:20,387 [WARN] PackLoader:240 - Cannot read IP mode file for STMicroelectronics.FP-ATR-ASTRA1.2.0.2
2025-09-21 11:07:20,393 [WARN] PackLoader:240 - Cannot read IP mode file for STMicroelectronics.X-CUBE-SMBUS.2.1.0
2025-09-21 11:07:20,397 [WARN] PackLoader:240 - Cannot read IP mode file for STMicroelectronics.X-CUBE-ST60.1.0.0
2025-09-21 11:07:20,424 [WARN] PackLoader:240 - Cannot read IP mode file for STMicroelectronics.X-CUBE-AZRTOS-F7.1.1.0
2025-09-21 11:07:20,430 [WARN] PackLoader:240 - Cannot read IP mode file for Cesanta.I-CUBE-Mongoose.7.19.0
2025-09-21 11:07:20,437 [WARN] PackLoader:240 - Cannot read IP mode file for WES.I-CUBE-Cesium.1.4.0
2025-09-21 11:07:20,460 [WARN] PackLoader:240 - Cannot read IP mode file for Infineon.AIROC-Wi-Fi-Bluetooth-STM32.1.7.1
2025-09-21 11:07:20,472 [WARN] PackLoader:240 - Cannot read IP mode file for STMicroelectronics.X-CUBE-DISPLAY.3.0.0
2025-09-21 11:07:20,482 [WARN] PackLoader:240 - Cannot read IP mode file for STMicroelectronics.X-CUBE-NFC10.1.0.0
2025-09-21 11:07:20,488 [WARN] PackLoader:240 - Cannot read IP mode file for emotas.I-CUBE-CANOPEN.1.3.0
2025-09-21 11:07:20,492 [WARN] PackLoader:240 - Cannot read IP mode file for STMicroelectronics.FP-SNS-SMARTAG2.1.2.0
2025-09-21 11:07:20,495 [WARN] PackLoader:240 - Cannot read IP mode file for STMicroelectronics.FP-SNS-FLIGHT1.5.1.0
2025-09-21 11:07:20,502 [INFO] LogOutputStream:77 - [STDOUT_REDIRECT] 1 : Invalid condition id : UX_CORESTACK_Condition cause : null
2025-09-21 11:07:20,503 [INFO] LogOutputStream:77 - [STDOUT_REDIRECT] 1 : Invalid condition id : UX_CORESTACK_Condition cause : null
2025-09-21 11:07:20,503 [INFO] LogOutputStream:77 - [STDOUT_REDIRECT] 1 : Invalid condition id : UX_CORESTACK_Condition cause : null
2025-09-21 11:07:20,503 [INFO] LogOutputStream:77 - [STDOUT_REDIRECT] 1 : Invalid condition id : UX_CORESTACK_Condition cause : null
2025-09-21 11:07:20,503 [INFO] LogOutputStream:77 - [STDOUT_REDIRECT] 1 : Invalid condition id : UX_CORESTACK_Condition cause : null
2025-09-21 11:07:20,507 [WARN] PackLoader:240 - Cannot read IP mode file for STMicroelectronics.X-CUBE-AZRTOS-WL.2.0.0
2025-09-21 11:07:20,511 [WARN] PackLoader:240 - Cannot read IP mode file for STMicroelectronics.FP-SNS-MOTENV1.5.0.0
2025-09-21 11:07:20,516 [WARN] PackLoader:240 - Cannot read IP mode file for STMicroelectronics.X-CUBE-BLE2.3.3.0
2025-09-21 11:07:20,536 [WARN] PackLoader:240 - Cannot read IP mode file for STMicroelectronics.X-CUBE-NFC9.1.0.0
2025-09-21 11:07:20,541 [WARN] PackLoader:240 - Cannot read IP mode file for STMicroelectronics.X-CUBE-BLE1.7.1.0
2025-09-21 11:07:20,557 [WARN] PackLoader:240 - Cannot read IP mode file for STMicroelectronics.X-CUBE-AZRTOS-G0.1.1.0
2025-09-21 11:07:20,564 [WARN] PackLoader:240 - Cannot read IP mode file for STMicroelectronics.X-CUBE-SAFEA1.1.2.2
2025-09-21 11:07:20,569 [WARN] PackLoader:240 - Cannot read IP mode file for STMicroelectronics.X-CUBE-NFC4.3.0.0
2025-09-21 11:07:20,577 [WARN] PackLoader:240 - Cannot read IP mode file for EmbeddedOffice.I-CUBE-FS-RTOS.1.0.1
2025-09-21 11:07:20,582 [WARN] PackLoader:240 - Cannot read IP mode file for STMicroelectronics.X-CUBE-WB05N.2.0.0
2025-09-21 11:07:20,587 [WARN] PackLoader:240 - Cannot read IP mode file for STMicroelectronics.X-CUBE-TCPP.4.2.0
2025-09-21 11:07:20,591 [WARN] PackLoader:240 - Cannot read IP mode file for RealThread.X-CUBE-RT-Thread_Nano.4.1.1
2025-09-21 11:07:20,594 [WARN] PackLoader:240 - Cannot read IP mode file for STMicroelectronics.FP-ATR-SIGFOX1.3.2.0
2025-09-21 11:07:20,599 [WARN] PackLoader:240 - Cannot read IP mode file for ITTIA_DB.I-CUBE-ITTIADB.8.9.0
2025-09-21 11:07:20,613 [WARN] PackLoader:240 - Cannot read IP mode file for STMicroelectronics.X-CUBE-ST67W61.1.0.0
2025-09-21 11:07:20,643 [WARN] PackLoader:240 - Cannot read IP mode file for SEGGER.I-CUBE-embOS.1.3.1
2025-09-21 11:07:20,678 [WARN] PackLoader:240 - Cannot read IP mode file for STMicroelectronics.X-CUBE-ALGOBUILD.1.4.0
2025-09-21 11:07:20,707 [WARN] PackLoader:240 - Cannot read IP mode file for STMicroelectronics.X-CUBE-MEMS1.11.3.0
2025-09-21 11:07:20,789 [WARN] PackLoader:240 - Cannot read IP mode file for STMicroelectronics.X-CUBE-PM33A1.1.0.0
2025-09-21 11:07:20,796 [WARN] PackLoader:240 - Cannot read IP mode file for STMicroelectronics.X-CUBE-AZRTOS-F4.1.1.0
2025-09-21 11:07:20,799 [WARN] PackLoader:240 - Cannot read IP mode file for Avnet-IotConnect.X-CUBE-IoTC-DA16k-PMOD.1.0.0
2025-09-21 11:07:20,801 [WARN] PackLoader:240 - Cannot read IP mode file for STMicroelectronics.X-CUBE-ISPU.2.1.0
2025-09-21 11:07:20,808 [WARN] PackLoader:240 - Cannot read IP mode file for STMicroelectronics.X-CUBE-AZRTOS-L5.2.0.0
2025-09-21 11:07:20,813 [WARN] PackLoader:240 - Cannot read IP mode file for STMicroelectronics.X-CUBE-NFC6.3.1.0
2025-09-21 11:07:20,817 [WARN] PackLoader:240 - Cannot read IP mode file for STMicroelectronics.X-CUBE-FREERTOS.1.3.1
2025-09-21 11:07:20,819 [WARN] PackLoader:240 - Cannot read IP mode file for STMicroelectronics.X-CUBE-DPower.1.3.0
2025-09-21 11:07:20,834 [WARN] ConditionMgr:438 - getConditionDescription Invalid condition id : LAN8742 Phy interface Condition cause : null
2025-09-21 11:07:20,835 [WARN] PackLoader:240 - Cannot read IP mode file for STMicroelectronics.X-CUBE-AZRTOS-L4.2.0.0
2025-09-21 11:07:20,836 [WARN] ConditionMgr:1044 - genDependencies : Invalid condition id : LAN8742 Phy interface Condition cause : null
2025-09-21 11:07:20,836 [WARN] ConditionMgr:1044 - genDependencies : Invalid condition id : LAN8742 Phy interface Condition cause : null
2025-09-21 11:07:20,836 [WARN] ConditionMgr:1044 - genDependencies : Invalid condition id : LAN8742 Phy interface Condition cause : null
2025-09-21 11:07:20,840 [WARN] PackLoader:240 - Cannot read IP mode file for STMicroelectronics.X-CUBE-SFXS2LP1.4.0.0
2025-09-21 11:07:20,847 [WARN] ConditionMgr:438 - getConditionDescription Invalid condition id : UX DEVICE CLASS RTOS Condition cause : null
2025-09-21 11:07:20,847 [WARN] ConditionMgr:438 - getConditionDescription Invalid condition id : UX DEVICE CLASS RTOS Condition cause : null
2025-09-21 11:07:20,848 [WARN] PackLoader:240 - Cannot read IP mode file for STMicroelectronics.X-CUBE-AZRTOS-WB.2.0.0
2025-09-21 11:07:20,848 [WARN] ConditionMgr:1044 - genDependencies : Invalid condition id : UX DEVICE CLASS RTOS Condition cause : null
2025-09-21 11:07:20,848 [WARN] ConditionMgr:1044 - genDependencies : Invalid condition id : UX DEVICE CLASS RTOS Condition cause : null
2025-09-21 11:07:20,848 [WARN] ConditionMgr:1044 - genDependencies : Invalid condition id : UX DEVICE CLASS RTOS Condition cause : null
2025-09-21 11:07:20,849 [WARN] ConditionMgr:1044 - genDependencies : Invalid condition id : UX DEVICE CLASS RTOS Condition cause : null
2025-09-21 11:07:20,849 [WARN] ConditionMgr:1044 - genDependencies : Invalid condition id : UX DEVICE CLASS RTOS Condition cause : null
2025-09-21 11:07:20,851 [WARN] PackLoader:240 - Cannot read IP mode file for STMicroelectronics.X-CUBE-GNSS1.7.0.1
2025-09-21 11:07:20,854 [WARN] PackLoader:240 - Cannot read IP mode file for STMicroelectronics.X-CUBE-TOUCHGFX.4.25.0
2025-09-21 11:07:20,856 [WARN] ConditionMgr:438 - getConditionDescription Invalid condition id : Cortex-A Device cause : null
2025-09-21 11:07:20,865 [WARN] ConditionMgr:1044 - genDependencies : Invalid condition id : Cortex-A Device cause : null
2025-09-21 11:07:20,865 [WARN] ConditionMgr:1044 - genDependencies : Invalid condition id : Cortex-A Device cause : null
2025-09-21 11:07:20,865 [WARN] ConditionMgr:1044 - genDependencies : Invalid condition id : Cortex-A Device cause : null
2025-09-21 11:07:20,871 [WARN] PackLoader:240 - Cannot read IP mode file for STMicroelectronics.X-CUBE-SUBG2.5.0.0
2025-09-21 11:07:20,882 [WARN] PackLoader:240 - Cannot read IP mode file for STMicroelectronics.X-CUBE-AZRTOS-H7RS.1.1.0
2025-09-21 11:07:20,890 [WARN] PackLoader:240 - Cannot read IP mode file for STMicroelectronics.X-CUBE-AZRTOS-G4.2.0.0
2025-09-21 11:07:20,893 [WARN] PackLoader:240 - Cannot read IP mode file for wolfSSL.I-CUBE-wolfSSH.1.4.20
2025-09-21 11:07:20,895 [WARN] PackLoader:240 - Cannot read IP mode file for STMicroelectronics.X-CUBE-NFC7.2.0.0
2025-09-21 11:07:20,902 [WARN] PackLoader:240 - Cannot read IP mode file for STMicroelectronics.X-CUBE-IPS.3.1.0
2025-09-21 11:07:20,907 [WARN] PackLoader:240 - Cannot read IP mode file for STMicroelectronics.X-CUBE-ALS.1.0.2
2025-09-21 11:07:20,913 [WARN] PackLoader:240 - Cannot read IP mode file for STMicroelectronics.X-CUBE-TOF1.3.4.3
2025-09-21 11:07:20,919 [INFO] ThirdParty:978 - Integrity check success = true
2025-09-21 11:07:20,919 [INFO] IntegrityCheckThread:100 - exiting critical section [integrity check]
2025-09-21 11:07:20,919 [INFO] IntegrityCheckThread:103 - End integrity checks thread
2025-09-21 11:07:45,143 [ERROR] LogOutputStream:75 - [STDERR_REDIRECT] Sep 21, 2025 11:07:45 AM java.util.prefs.FileSystemPreferences checkLockFile0ErrorCode
2025-09-21 11:07:45,144 [ERROR] LogOutputStream:75 - [STDERR_REDIRECT] WARNING: Could not lock System prefs. Unix error code 2.
2025-09-21 11:07:45,144 [ERROR] LogOutputStream:75 - [STDERR_REDIRECT] 
2025-09-21 11:07:45,145 [ERROR] LogOutputStream:75 - [STDERR_REDIRECT] Sep 21, 2025 11:07:45 AM java.util.prefs.FileSystemPreferences syncWorld
2025-09-21 11:07:45,145 [ERROR] LogOutputStream:75 - [STDERR_REDIRECT] WARNING: Couldn't flush system prefs: java.util.prefs.BackingStoreException: Couldn't get file lock.
2025-09-21 11:07:45,146 [ERROR] LogOutputStream:75 - [STDERR_REDIRECT] 
2025-09-21 11:08:15,132 [ERROR] LogOutputStream:75 - [STDERR_REDIRECT] Sep 21, 2025 11:08:15 AM java.util.prefs.FileSystemPreferences checkLockFile0ErrorCode
2025-09-21 11:08:15,132 [ERROR] LogOutputStream:75 - [STDERR_REDIRECT] WARNING: Could not lock System prefs. Unix error code 2.
2025-09-21 11:08:15,132 [ERROR] LogOutputStream:75 - [STDERR_REDIRECT] 
2025-09-21 11:08:15,133 [ERROR] LogOutputStream:75 - [STDERR_REDIRECT] Sep 21, 2025 11:08:15 AM java.util.prefs.FileSystemPreferences syncWorld
2025-09-21 11:08:15,133 [ERROR] LogOutputStream:75 - [STDERR_REDIRECT] WARNING: Couldn't flush system prefs: java.util.prefs.BackingStoreException: Couldn't get file lock.
2025-09-21 11:08:15,133 [ERROR] LogOutputStream:75 - [STDERR_REDIRECT] 
2025-09-21 11:08:45,132 [ERROR] LogOutputStream:75 - [STDERR_REDIRECT] Sep 21, 2025 11:08:45 AM java.util.prefs.FileSystemPreferences checkLockFile0ErrorCode
2025-09-21 11:08:45,132 [ERROR] LogOutputStream:75 - [STDERR_REDIRECT] WARNING: Could not lock System prefs. Unix error code 2.
2025-09-21 11:08:45,132 [ERROR] LogOutputStream:75 - [STDERR_REDIRECT] 
2025-09-21 11:08:45,132 [ERROR] LogOutputStream:75 - [STDERR_REDIRECT] Sep 21, 2025 11:08:45 AM java.util.prefs.FileSystemPreferences syncWorld
2025-09-21 11:08:45,132 [ERROR] LogOutputStream:75 - [STDERR_REDIRECT] WARNING: Couldn't flush system prefs: java.util.prefs.BackingStoreException: Couldn't get file lock.
2025-09-21 11:08:45,132 [ERROR] LogOutputStream:75 - [STDERR_REDIRECT] 
2025-09-21 11:08:50,502 [ERROR] LogOutputStream:75 - [STDERR_REDIRECT] 
