2025-10-07 18:53:24,572 [INFO] Activator:176 - 


2025-10-07 18:53:24,575 [INFO] Activator:177 - !SESSION log4j initialized
2025-10-07 18:53:29,555 [INFO] LogOutputStream:77 - [STDOUT_REDIRECT] 
2025-10-07 18:53:30,791 [INFO] ApplicationProperties:184 - Using Application install path: /opt/st/stm32cubeide_1.19.0/plugins/com.st.stm32cube.common.mx_6.15.0.202507011659
2025-10-07 18:53:30,804 [INFO] DbMcusXml:78 - Set database path to: /opt/st/stm32cubeide_1.19.0/plugins/com.st.stm32cube.common.mx_6.15.0.202507011659//db//mcu/
2025-10-07 18:53:30,804 [INFO] ApiDb:274 - Set plugin database path to: /opt/st/stm32cubeide_1.19.0/plugins/com.st.stm32cube.common.mx_6.15.0.202507011659//db//plugins/boardmanager/
2025-10-07 18:53:30,805 [WARN] ApiDb:259 - Overriding images path with different value:  => /opt/st/stm32cubeide_1.19.0/plugins/com.st.stm32cube.common.mx_6.15.0.202507011659//db//plugins/mcufinder/images/
2025-10-07 18:53:30,810 [INFO] ApiDb:250 - Set database path to: /home/tomas1908/.stmcufinder/plugins/mcufinder//mcu/
2025-10-07 18:53:30,811 [INFO] DbMcusAds:125 - Set database path to: /home/tomas1908/.stmcufinder/plugins/mcufinder//mcu/
2025-10-07 18:53:30,813 [INFO] CrossReferenceDbSqlite:203 - Set database path to: /home/tomas1908/.stmcufinder/plugins/mcufinder//mcu/cs/
2025-10-07 18:53:30,897 [INFO] RulesReader:64 - Compatibility file has been processed (317 Rules)
2025-10-07 18:53:30,942 [INFO] DbMcusXml:78 - Set database path to: /opt/st/stm32cubeide_1.19.0/plugins/com.st.stm32cube.common.mx_6.15.0.202507011659//db//mcu/
2025-10-07 18:53:30,942 [INFO] ApiDb:274 - Set plugin database path to: /opt/st/stm32cubeide_1.19.0/plugins/com.st.stm32cube.common.mx_6.15.0.202507011659//db//plugins/boardmanager/
2025-10-07 18:53:30,942 [INFO] ApiDb:261 - Set plugin images path to: /opt/st/stm32cubeide_1.19.0/plugins/com.st.stm32cube.common.mx_6.15.0.202507011659//db//plugins/mcufinder/images/
2025-10-07 18:53:30,942 [WARN] DbFile:41 - Overriding database path with different value: /home/tomas1908/.stmcufinder/plugins/mcufinder/ => /home/tomas1908/.stmcufinder/plugins/mcufinder
2025-10-07 18:53:30,942 [INFO] ApiDb:250 - Set database path to: /home/tomas1908/.stmcufinder/plugins/mcufinder//mcu/
2025-10-07 18:53:30,942 [WARN] DbFile:41 - Overriding database path with different value: /home/tomas1908/.stmcufinder/plugins/mcufinder/ => /home/tomas1908/.stmcufinder/plugins/mcufinder
2025-10-07 18:53:30,942 [INFO] DbMcusAds:125 - Set database path to: /home/tomas1908/.stmcufinder/plugins/mcufinder//mcu/
2025-10-07 18:53:30,943 [WARN] DbFile:41 - Overriding database path with different value: /home/tomas1908/.stmcufinder/plugins/mcufinder/ => /home/tomas1908/.stmcufinder/plugins/mcufinder
2025-10-07 18:53:30,943 [WARN] DbFile:41 - Overriding database path with different value: /home/tomas1908/.stmcufinder/plugins/mcufinder/ => /home/tomas1908/.stmcufinder/plugins/mcufinder
2025-10-07 18:53:30,943 [INFO] CrossReferenceDbSqlite:203 - Set database path to: /home/tomas1908/.stmcufinder/plugins/mcufinder//mcu/cs/
2025-10-07 18:53:30,993 [INFO] MainPanel:274 - HeapMemory: 268435456
2025-10-07 18:53:31,091 [INFO] DbMcusXml:78 - Set database path to: /opt/st/stm32cubeide_1.19.0/plugins/com.st.stm32cube.common.mx_6.15.0.202507011659//db//mcu/
2025-10-07 18:53:31,091 [INFO] ApiDb:274 - Set plugin database path to: /opt/st/stm32cubeide_1.19.0/plugins/com.st.stm32cube.common.mx_6.15.0.202507011659//db//plugins/boardmanager/
2025-10-07 18:53:31,091 [INFO] ApiDb:261 - Set plugin images path to: /opt/st/stm32cubeide_1.19.0/plugins/com.st.stm32cube.common.mx_6.15.0.202507011659//db//plugins/mcufinder/images/
2025-10-07 18:53:31,091 [WARN] DbFile:41 - Overriding database path with different value: /home/tomas1908/.stmcufinder/plugins/mcufinder/ => /home/tomas1908/.stmcufinder/plugins/mcufinder
2025-10-07 18:53:31,091 [INFO] ApiDb:250 - Set database path to: /home/tomas1908/.stmcufinder/plugins/mcufinder//mcu/
2025-10-07 18:53:31,091 [WARN] DbFile:41 - Overriding database path with different value: /home/tomas1908/.stmcufinder/plugins/mcufinder/ => /home/tomas1908/.stmcufinder/plugins/mcufinder
2025-10-07 18:53:31,091 [INFO] DbMcusAds:125 - Set database path to: /home/tomas1908/.stmcufinder/plugins/mcufinder//mcu/
2025-10-07 18:53:31,091 [WARN] DbFile:41 - Overriding database path with different value: /home/tomas1908/.stmcufinder/plugins/mcufinder/ => /home/tomas1908/.stmcufinder/plugins/mcufinder
2025-10-07 18:53:31,091 [WARN] DbFile:41 - Overriding database path with different value: /home/tomas1908/.stmcufinder/plugins/mcufinder/ => /home/tomas1908/.stmcufinder/plugins/mcufinder
2025-10-07 18:53:31,091 [INFO] CrossReferenceDbSqlite:203 - Set database path to: /home/tomas1908/.stmcufinder/plugins/mcufinder//mcu/cs/
2025-10-07 18:53:31,102 [INFO] ApplicationProperties:184 - Using Application install path: /opt/st/stm32cubeide_1.19.0/plugins/com.st.stm32cube.common.mx_6.15.0.202507011659
2025-10-07 18:53:31,103 [INFO] PluginManage:196 - Search for loadable plugins [exclusion list=, ]
2025-10-07 18:53:31,104 [INFO] PluginManage:310 - Check plugin analytics
2025-10-07 18:53:31,208 [INFO] AnalyticsPlugin:253 - Accepted Software Licenses: 
2025-10-07 18:53:31,209 [INFO] AnalyticsPlugin:255 - Accepted CMSIS Pack Licenses: 
2025-10-07 18:53:31,209 [INFO] AnalyticsPlugin:257 - Accepted Firmware Licenses: FW.F4.1.28.0
2025-10-07 18:53:31,211 [INFO] PluginManage:359 - Loaded plugin analytics (category:tool,tabindex:-1)
2025-10-07 18:53:31,211 [INFO] PluginManage:310 - Check plugin cadmodel
2025-10-07 18:53:31,215 [INFO] CADModel:105 - Init CAD model plugin
2025-10-07 18:53:31,215 [INFO] PluginManage:359 - Loaded plugin cadmodel (category:power,tabindex:5)
2025-10-07 18:53:31,216 [INFO] PluginManage:310 - Check plugin clock
2025-10-07 18:53:31,222 [INFO] PluginManage:359 - Loaded plugin clock (category:base,tabindex:2)
2025-10-07 18:53:31,223 [INFO] PluginManage:310 - Check plugin ddr
2025-10-07 18:53:31,224 [INFO] PluginManage:359 - Loaded plugin ddr (category:tool,tabindex:6)
2025-10-07 18:53:31,225 [INFO] PluginManage:310 - Check plugin filemanager
2025-10-07 18:53:31,330 [INFO] PluginManage:359 - Loaded plugin filemanager (category:base,tabindex:10)
2025-10-07 18:53:31,331 [INFO] PluginManage:310 - Check plugin ipmanager
2025-10-07 18:53:31,334 [INFO] PluginManage:359 - Loaded plugin ipmanager (category:base,tabindex:5)
2025-10-07 18:53:31,334 [INFO] PluginManage:310 - Check plugin lpbam
2025-10-07 18:53:31,339 [INFO] PluginManage:359 - Loaded plugin lpbam (category:base,tabindex:0)
2025-10-07 18:53:31,340 [INFO] PluginManage:310 - Check plugin memorymap
2025-10-07 18:53:31,347 [INFO] PluginManage:359 - Loaded plugin memorymap (category:base,tabindex:4)
2025-10-07 18:53:31,347 [INFO] PluginManage:310 - Check plugin pinoutandconfiguration
2025-10-07 18:53:31,352 [INFO] PluginManage:359 - Loaded plugin pinoutandconfiguration (category:base,tabindex:1)
2025-10-07 18:53:31,353 [INFO] PluginManage:310 - Check plugin pinoutconfig
2025-10-07 18:53:31,401 [WARN] SupportedApi:132 - Cannot load RTOS API schema: s4s-elt-must-match.1: The content of 'definitions' must match (annotation?, (simpleType | complexType)?, (unique | key | keyref)*)). A problem was found starting at: attribute.
2025-10-07 18:53:31,509 [INFO] PluginManage:359 - Loaded plugin pinoutconfig (category:base,tabindex:0)
2025-10-07 18:53:31,509 [INFO] PluginManage:310 - Check plugin power
2025-10-07 18:53:31,517 [INFO] PluginManage:359 - Loaded plugin power (category:power,tabindex:4)
2025-10-07 18:53:31,517 [INFO] PluginManage:310 - Check plugin projectmanager
2025-10-07 18:53:31,531 [INFO] PluginManage:359 - Loaded plugin projectmanager (category:projectmanager,tabindex:4)
2025-10-07 18:53:31,531 [INFO] PluginManage:310 - Check plugin rif
2025-10-07 18:53:31,537 [INFO] PluginManage:359 - Loaded plugin rif (category:base,tabindex:3)
2025-10-07 18:53:31,537 [INFO] PluginManage:310 - Check plugin thirdparty
2025-10-07 18:53:31,631 [INFO] PluginManage:359 - Loaded plugin thirdparty (category:base,tabindex:-1)
2025-10-07 18:53:31,631 [INFO] PluginManage:310 - Check plugin tools
2025-10-07 18:53:31,631 [WARN] IntegrityCheckThread:84 - waiting for thirdparty lock release [integrity check]
2025-10-07 18:53:31,632 [INFO] IntegrityCheckThread:86 - entering critical section [integrity check]
2025-10-07 18:53:31,632 [INFO] ThirdPartyUpdaterWithRetryManager:70 - Updater plugin not ready yet. [1/15]
2025-10-07 18:53:31,633 [INFO] PluginManage:359 - Loaded plugin tools (category:base,tabindex:7)
2025-10-07 18:53:31,634 [INFO] PluginManage:310 - Check plugin tutovideos
2025-10-07 18:53:31,760 [INFO] PluginManage:359 - Loaded plugin tutovideos (category:base,tabindex:-1)
2025-10-07 18:53:31,761 [INFO] PluginManage:310 - Check plugin updater
2025-10-07 18:53:31,775 [INFO] PluginManage:359 - Loaded plugin updater (category:base,tabindex:12)
2025-10-07 18:53:31,775 [INFO] PluginManage:310 - Check plugin userauth
2025-10-07 18:53:31,778 [INFO] UserAuth:118 - Init User Auth plugin
2025-10-07 18:53:31,779 [INFO] PluginManage:359 - Loaded plugin userauth (category:base,tabindex:14)
2025-10-07 18:53:31,779 [INFO] PluginManage:283 - PluginManage : Loaded plugins [18]
2025-10-07 18:53:31,903 [INFO] PinOutPanel:1589 - setPackage(No Configuration,No Configuration)
2025-10-07 18:53:31,945 [INFO] CADModel:165 - CPN selected for project level
2025-10-07 18:53:31,945 [INFO] CADModel:114 - Register for checkConnection events
2025-10-07 18:53:31,953 [INFO] IPUIPlugin:80 - create IPUIPlugin
2025-10-07 18:53:31,953 [INFO] PluginManager:220 - loadIPPluginJar : add i2c
2025-10-07 18:53:31,957 [INFO] IPUIPlugin:80 - create IPUIPlugin
2025-10-07 18:53:31,958 [INFO] PluginManager:220 - loadIPPluginJar : add mdma
2025-10-07 18:53:31,959 [INFO] IPUIPlugin:80 - create IPUIPlugin
2025-10-07 18:53:31,959 [INFO] PluginManager:220 - loadIPPluginJar : add aes
2025-10-07 18:53:31,961 [INFO] IPUIPlugin:80 - create IPUIPlugin
2025-10-07 18:53:31,961 [INFO] PluginManager:220 - loadIPPluginJar : add can
2025-10-07 18:53:31,964 [INFO] IPUIPlugin:80 - create IPUIPlugin
2025-10-07 18:53:31,964 [INFO] PluginManager:220 - loadIPPluginJar : add freertos
2025-10-07 18:53:31,966 [INFO] IPUIPlugin:80 - create IPUIPlugin
2025-10-07 18:53:31,966 [INFO] PluginManager:220 - loadIPPluginJar : add gtzc
2025-10-07 18:53:31,967 [INFO] IPUIPlugin:80 - create IPUIPlugin
2025-10-07 18:53:31,967 [INFO] PluginManager:220 - loadIPPluginJar : add ts
2025-10-07 18:53:31,972 [INFO] IPUIPlugin:80 - create IPUIPlugin
2025-10-07 18:53:31,972 [INFO] PluginManager:220 - loadIPPluginJar : add stm32_wpan
2025-10-07 18:53:31,973 [INFO] IPUIPlugin:80 - create IPUIPlugin
2025-10-07 18:53:31,973 [INFO] PluginManager:220 - loadIPPluginJar : add fatfs
2025-10-07 18:53:31,977 [INFO] IPUIPlugin:80 - create IPUIPlugin
2025-10-07 18:53:31,977 [INFO] PluginManager:220 - loadIPPluginJar : add dma
2025-10-07 18:53:31,979 [INFO] IPUIPlugin:80 - create IPUIPlugin
2025-10-07 18:53:31,979 [INFO] PluginManager:220 - loadIPPluginJar : add usbx
2025-10-07 18:53:31,980 [INFO] IPUIPlugin:80 - create IPUIPlugin
2025-10-07 18:53:31,980 [INFO] PluginManager:220 - loadIPPluginJar : add hash
2025-10-07 18:53:31,981 [INFO] IPUIPlugin:80 - create IPUIPlugin
2025-10-07 18:53:31,981 [INFO] PluginManager:220 - loadIPPluginJar : add cryp
2025-10-07 18:53:31,983 [INFO] IPUIPlugin:80 - create IPUIPlugin
2025-10-07 18:53:31,983 [INFO] PluginManager:220 - loadIPPluginJar : add openamp
2025-10-07 18:53:31,983 [INFO] IPUIPlugin:80 - create IPUIPlugin
2025-10-07 18:53:31,984 [INFO] PluginManager:220 - loadIPPluginJar : add genericplugin
2025-10-07 18:53:31,986 [INFO] IPUIPlugin:80 - create IPUIPlugin
2025-10-07 18:53:31,986 [INFO] PluginManager:220 - loadIPPluginJar : add ipddr
2025-10-07 18:53:31,987 [INFO] IPUIPlugin:80 - create IPUIPlugin
2025-10-07 18:53:31,987 [INFO] PluginManager:220 - loadIPPluginJar : add opamp
2025-10-07 18:53:31,988 [INFO] IPUIPlugin:80 - create IPUIPlugin
2025-10-07 18:53:31,989 [INFO] PluginManager:220 - loadIPPluginJar : add ltdc
2025-10-07 18:53:31,990 [INFO] IPUIPlugin:80 - create IPUIPlugin
2025-10-07 18:53:31,990 [INFO] PluginManager:220 - loadIPPluginJar : add dfsdm
2025-10-07 18:53:31,993 [INFO] IPUIPlugin:80 - create IPUIPlugin
2025-10-07 18:53:31,993 [INFO] PluginManager:220 - loadIPPluginJar : add gic
2025-10-07 18:53:31,995 [INFO] IPUIPlugin:80 - create IPUIPlugin
2025-10-07 18:53:31,995 [INFO] PluginManager:220 - loadIPPluginJar : add extmemmanager
2025-10-07 18:53:31,996 [INFO] IPUIPlugin:80 - create IPUIPlugin
2025-10-07 18:53:31,996 [INFO] PluginManager:220 - loadIPPluginJar : add ucpd
2025-10-07 18:53:31,997 [INFO] IPUIPlugin:80 - create IPUIPlugin
2025-10-07 18:53:31,997 [INFO] PluginManager:220 - loadIPPluginJar : add tracer_emb
2025-10-07 18:53:31,998 [INFO] IPUIPlugin:80 - create IPUIPlugin
2025-10-07 18:53:31,998 [INFO] PluginManager:220 - loadIPPluginJar : add radio
2025-10-07 18:53:31,999 [INFO] IPUIPlugin:80 - create IPUIPlugin
2025-10-07 18:53:31,999 [INFO] PluginManager:220 - loadIPPluginJar : add pdm2pcm
2025-10-07 18:53:32,000 [INFO] IPUIPlugin:80 - create IPUIPlugin
2025-10-07 18:53:32,000 [INFO] PluginManager:220 - loadIPPluginJar : add spi
2025-10-07 18:53:32,001 [INFO] IPUIPlugin:80 - create IPUIPlugin
2025-10-07 18:53:32,001 [INFO] PluginManager:220 - loadIPPluginJar : add tim
2025-10-07 18:53:32,006 [INFO] IPUIPlugin:80 - create IPUIPlugin
2025-10-07 18:53:32,008 [INFO] PluginManager:220 - loadIPPluginJar : add plateformsettings
2025-10-07 18:53:32,010 [INFO] IPUIPlugin:80 - create IPUIPlugin
2025-10-07 18:53:32,010 [INFO] PluginManager:220 - loadIPPluginJar : add touchsensing
2025-10-07 18:53:32,013 [INFO] IPUIPlugin:80 - create IPUIPlugin
2025-10-07 18:53:32,014 [INFO] PluginManager:220 - loadIPPluginJar : add gpio
2025-10-07 18:53:32,017 [INFO] IPUIPlugin:80 - create IPUIPlugin
2025-10-07 18:53:32,017 [INFO] PluginManager:220 - loadIPPluginJar : add adc
2025-10-07 18:53:32,022 [INFO] IPUIPlugin:80 - create IPUIPlugin
2025-10-07 18:53:32,022 [INFO] PluginManager:220 - loadIPPluginJar : add linkedlist
2025-10-07 18:53:32,023 [INFO] IPUIPlugin:80 - create IPUIPlugin
2025-10-07 18:53:32,023 [INFO] PluginManager:220 - loadIPPluginJar : add comp
2025-10-07 18:53:32,026 [INFO] IPUIPlugin:80 - create IPUIPlugin
2025-10-07 18:53:32,027 [INFO] PluginManager:220 - loadIPPluginJar : add fmc
2025-10-07 18:53:32,027 [INFO] IPUIPlugin:80 - create IPUIPlugin
2025-10-07 18:53:32,028 [INFO] PluginManager:220 - loadIPPluginJar : add tsc
2025-10-07 18:53:32,029 [INFO] IPUIPlugin:80 - create IPUIPlugin
2025-10-07 18:53:32,029 [INFO] PluginManager:220 - loadIPPluginJar : add sai
2025-10-07 18:53:32,031 [INFO] IPUIPlugin:80 - create IPUIPlugin
2025-10-07 18:53:32,031 [INFO] PluginManager:220 - loadIPPluginJar : add usart
2025-10-07 18:53:32,033 [INFO] IPUIPlugin:80 - create IPUIPlugin
2025-10-07 18:53:32,033 [INFO] PluginManager:220 - loadIPPluginJar : add nvic
2025-10-07 18:53:32,036 [INFO] IPUIPlugin:80 - create IPUIPlugin
2025-10-07 18:53:32,036 [INFO] PluginManager:220 - loadIPPluginJar : add resmgrutility
2025-10-07 18:53:32,038 [INFO] IPUIPlugin:80 - create IPUIPlugin
2025-10-07 18:53:32,038 [INFO] PluginManager:220 - loadIPPluginJar : add lorawan
2025-10-07 18:53:32,040 [INFO] IPUIPlugin:80 - create IPUIPlugin
2025-10-07 18:53:32,040 [INFO] PluginManager:220 - loadIPPluginJar : add gfxmmu
2025-10-07 18:53:32,041 [INFO] IPUIPlugin:80 - create IPUIPlugin
2025-10-07 18:53:32,041 [INFO] PluginManager:220 - loadIPPluginJar : add dma3
2025-10-07 18:53:32,043 [INFO] IPUIPlugin:80 - create IPUIPlugin
2025-10-07 18:53:32,043 [INFO] PluginManager:220 - loadIPPluginJar : add i3c
2025-10-07 18:53:32,044 [INFO] IPUIPlugin:80 - create IPUIPlugin
2025-10-07 18:53:32,044 [INFO] PluginManager:220 - loadIPPluginJar : add quadspi
2025-10-07 18:53:32,046 [INFO] IPUIPlugin:80 - create IPUIPlugin
2025-10-07 18:53:32,046 [INFO] PluginManager:220 - loadIPPluginJar : add ddr_ctrl_phy
2025-10-07 18:53:32,048 [INFO] IPUIPlugin:80 - create IPUIPlugin
2025-10-07 18:53:32,048 [INFO] PluginManager:220 - loadIPPluginJar : add i2s
2025-10-07 18:53:32,143 [FATAL] Updater:351 - Updater called before beeing initialized
2025-10-07 18:53:32,164 [INFO] RulesReader:64 - Compatibility file has been processed (317 Rules)
2025-10-07 18:53:32,174 [INFO] RulesReader:64 - Compatibility file has been processed (317 Rules)
2025-10-07 18:53:32,180 [INFO] CADModel:165 - CPN selected for project level
2025-10-07 18:53:32,181 [INFO] CADModel:114 - Register for checkConnection events
2025-10-07 18:53:32,181 [FATAL] Updater:351 - Updater called before beeing initialized
2025-10-07 18:53:32,181 [ERROR] CADModel:125 - Updater not yet initialized, retry later 
2025-10-07 18:53:32,251 [FATAL] Updater:351 - Updater called before beeing initialized
2025-10-07 18:53:32,252 [INFO] CADModel:165 - CPN selected for project level
2025-10-07 18:53:32,252 [INFO] CADModel:114 - Register for checkConnection events
2025-10-07 18:53:32,252 [FATAL] Updater:351 - Updater called before beeing initialized
2025-10-07 18:53:32,252 [ERROR] CADModel:125 - Updater not yet initialized, retry later 
2025-10-07 18:53:32,254 [FATAL] Updater:351 - Updater called before beeing initialized
2025-10-07 18:53:32,304 [FATAL] Updater:351 - Updater called before beeing initialized
2025-10-07 18:53:32,307 [INFO] DbMcusAds:53 - JSON generation date=Tue Jul 08 05:14:23 ART 2025 (1751962463582)
2025-10-07 18:53:32,307 [FATAL] Updater:351 - Updater called before beeing initialized
2025-10-07 18:53:32,330 [WARN] DetailPanel:346 - Failed to get advertising image, set to default
2025-10-07 18:53:32,376 [FATAL] Updater:351 - Updater called before beeing initialized
2025-10-07 18:53:32,378 [FATAL] Updater:351 - Updater called before beeing initialized
2025-10-07 18:53:32,378 [FATAL] Updater:351 - Updater called before beeing initialized
2025-10-07 18:53:32,378 [WARN] DetailPanel:346 - Failed to get advertising image, set to default
2025-10-07 18:53:32,378 [FATAL] Updater:351 - Updater called before beeing initialized
2025-10-07 18:53:32,398 [ERROR] Updater:1198 - MainUpdater not yet initialized. External WinMGr cannot be set.
2025-10-07 18:53:32,399 [INFO] Updater:1134 - Updater Version found : 6.15.0
2025-10-07 18:53:32,409 [INFO] ApplicationProperties:184 - Using Application install path: /opt/st/stm32cubeide_1.19.0/plugins/com.st.stm32cube.common.mx_6.15.0.202507011659
2025-10-07 18:53:32,416 [ERROR] LogOutputStream:75 - [STDERR_REDIRECT] Oct 07, 2025 6:53:32 PM java.util.prefs.FileSystemPreferences$2 run
2025-10-07 18:53:32,417 [ERROR] LogOutputStream:75 - [STDERR_REDIRECT] WARNING: Could not create system preferences directory. System preferences are unusable.
2025-10-07 18:53:32,417 [ERROR] LogOutputStream:75 - [STDERR_REDIRECT] 
2025-10-07 18:53:32,590 [INFO] MainUpdater:2872 - connection check result : 10
2025-10-07 18:53:32,591 [INFO] MainUpdater:289 - Updater Check For Update Now.
2025-10-07 18:53:32,591 [INFO] MicroXplorer:498 - Change Database Version : DB.6.0.150
2025-10-07 18:53:32,595 [INFO] McuFinderGlobals:63 - Set McuFinder mode to 2 (CubeIDE integrated)
2025-10-07 18:53:32,595 [INFO] UserAuth:487 - Internet connection configuration mode: 1
2025-10-07 18:53:32,610 [INFO] JxBrowserEngine:152 - Initiate JxBrowser Engine with user profile folder
2025-10-07 18:53:32,768 [INFO] CheckServerUpdateThread:120 - End of CheckServer Thread
2025-10-07 18:53:33,233 [INFO] WebApp:169 - Instantiating new browser for Auth
2025-10-07 18:53:33,677 [INFO] WebApp:463 - Apply proxy settings
2025-10-07 18:53:33,678 [INFO] WebApp:548 - Chromium requires no authentication
2025-10-07 18:53:33,683 [INFO] WebApp:491 - Direct internet connection detected
2025-10-07 18:53:33,693 [INFO] WebApp:900 - Register for checkConnection events
2025-10-07 18:53:33,693 [INFO] WebApp:463 - Apply proxy settings
2025-10-07 18:53:33,693 [INFO] WebApp:548 - Chromium requires no authentication
2025-10-07 18:53:33,694 [INFO] WebApp:491 - Direct internet connection detected
2025-10-07 18:53:33,774 [INFO] WebApp:225 - Starting web application
2025-10-07 18:53:33,774 [INFO] WebApp:593 - Web application path used /opt/st/stm32cubeide_1.19.0/plugins/com.st.stm32cube.common.mx_6.15.0.202507011659/db/plugins/mcufinder/reactClient1/index.html
2025-10-07 18:53:33,836 [INFO] UserAuth:487 - Internet connection configuration mode: 1
2025-10-07 18:53:33,934 [INFO] WebApp:191 - Connection restablished
2025-10-07 18:53:34,710 [WARN] PackLoader:240 - Cannot read IP mode file for STMicroelectronics.FP-SNS-MOTENVWB1.1.4.0
2025-10-07 18:53:34,715 [WARN] PackLoader:240 - Cannot read IP mode file for STMicroelectronics.FP-ATR-ASTRA1.2.0.2
2025-10-07 18:53:34,719 [WARN] PackLoader:240 - Cannot read IP mode file for STMicroelectronics.X-CUBE-SMBUS.2.1.0
2025-10-07 18:53:34,723 [WARN] PackLoader:240 - Cannot read IP mode file for STMicroelectronics.X-CUBE-ST60.1.0.0
2025-10-07 18:53:34,741 [WARN] PackLoader:240 - Cannot read IP mode file for STMicroelectronics.X-CUBE-AZRTOS-F7.1.1.0
2025-10-07 18:53:34,745 [WARN] PackLoader:240 - Cannot read IP mode file for Cesanta.I-CUBE-Mongoose.7.19.0
2025-10-07 18:53:34,750 [WARN] PackLoader:240 - Cannot read IP mode file for WES.I-CUBE-Cesium.1.4.0
2025-10-07 18:53:34,772 [WARN] PackLoader:240 - Cannot read IP mode file for Infineon.AIROC-Wi-Fi-Bluetooth-STM32.1.7.1
2025-10-07 18:53:34,784 [WARN] PackLoader:240 - Cannot read IP mode file for STMicroelectronics.X-CUBE-DISPLAY.3.0.0
2025-10-07 18:53:34,797 [WARN] PackLoader:240 - Cannot read IP mode file for STMicroelectronics.X-CUBE-NFC10.1.0.0
2025-10-07 18:53:34,816 [WARN] PackLoader:240 - Cannot read IP mode file for emotas.I-CUBE-CANOPEN.1.3.0
2025-10-07 18:53:34,820 [WARN] PackLoader:240 - Cannot read IP mode file for STMicroelectronics.FP-SNS-SMARTAG2.1.2.0
2025-10-07 18:53:34,823 [WARN] PackLoader:240 - Cannot read IP mode file for STMicroelectronics.FP-SNS-FLIGHT1.5.1.0
2025-10-07 18:53:34,833 [INFO] LogOutputStream:77 - [STDOUT_REDIRECT] 1 : Invalid condition id : UX_CORESTACK_Condition cause : null
2025-10-07 18:53:34,833 [INFO] LogOutputStream:77 - [STDOUT_REDIRECT] 1 : Invalid condition id : UX_CORESTACK_Condition cause : null
2025-10-07 18:53:34,834 [INFO] LogOutputStream:77 - [STDOUT_REDIRECT] 1 : Invalid condition id : UX_CORESTACK_Condition cause : null
2025-10-07 18:53:34,834 [INFO] LogOutputStream:77 - [STDOUT_REDIRECT] 1 : Invalid condition id : UX_CORESTACK_Condition cause : null
2025-10-07 18:53:34,834 [INFO] LogOutputStream:77 - [STDOUT_REDIRECT] 1 : Invalid condition id : UX_CORESTACK_Condition cause : null
2025-10-07 18:53:34,838 [WARN] PackLoader:240 - Cannot read IP mode file for STMicroelectronics.X-CUBE-AZRTOS-WL.2.0.0
2025-10-07 18:53:34,842 [WARN] PackLoader:240 - Cannot read IP mode file for STMicroelectronics.FP-SNS-MOTENV1.5.0.0
2025-10-07 18:53:34,848 [WARN] PackLoader:240 - Cannot read IP mode file for STMicroelectronics.X-CUBE-BLE2.3.3.0
2025-10-07 18:53:34,854 [WARN] PackLoader:240 - Cannot read IP mode file for STMicroelectronics.X-CUBE-NFC9.1.0.0
2025-10-07 18:53:34,860 [WARN] PackLoader:240 - Cannot read IP mode file for STMicroelectronics.X-CUBE-BLE1.7.1.0
2025-10-07 18:53:34,887 [WARN] PackLoader:240 - Cannot read IP mode file for STMicroelectronics.X-CUBE-AZRTOS-G0.1.1.0
2025-10-07 18:53:34,897 [WARN] PackLoader:240 - Cannot read IP mode file for STMicroelectronics.X-CUBE-SAFEA1.1.2.2
2025-10-07 18:53:34,904 [WARN] PackLoader:240 - Cannot read IP mode file for STMicroelectronics.X-CUBE-NFC4.3.0.0
2025-10-07 18:53:34,919 [WARN] PackLoader:240 - Cannot read IP mode file for EmbeddedOffice.I-CUBE-FS-RTOS.1.0.1
2025-10-07 18:53:34,929 [WARN] PackLoader:240 - Cannot read IP mode file for STMicroelectronics.X-CUBE-WB05N.2.0.0
2025-10-07 18:53:34,937 [WARN] PackLoader:240 - Cannot read IP mode file for STMicroelectronics.X-CUBE-TCPP.4.2.0
2025-10-07 18:53:34,942 [WARN] PackLoader:240 - Cannot read IP mode file for RealThread.X-CUBE-RT-Thread_Nano.4.1.1
2025-10-07 18:53:34,945 [WARN] PackLoader:240 - Cannot read IP mode file for STMicroelectronics.FP-ATR-SIGFOX1.3.2.0
2025-10-07 18:53:34,949 [WARN] PackLoader:240 - Cannot read IP mode file for ITTIA_DB.I-CUBE-ITTIADB.8.9.0
2025-10-07 18:53:34,955 [WARN] PackLoader:240 - Cannot read IP mode file for STMicroelectronics.X-CUBE-ST67W61.1.0.0
2025-10-07 18:53:34,976 [WARN] PackLoader:240 - Cannot read IP mode file for SEGGER.I-CUBE-embOS.1.3.1
2025-10-07 18:53:35,009 [WARN] PackLoader:240 - Cannot read IP mode file for STMicroelectronics.X-CUBE-ALGOBUILD.1.4.0
2025-10-07 18:53:35,036 [WARN] PackLoader:240 - Cannot read IP mode file for STMicroelectronics.X-CUBE-MEMS1.11.3.0
2025-10-07 18:53:35,110 [WARN] PackLoader:240 - Cannot read IP mode file for STMicroelectronics.X-CUBE-PM33A1.1.0.0
2025-10-07 18:53:35,124 [WARN] PackLoader:240 - Cannot read IP mode file for STMicroelectronics.X-CUBE-AZRTOS-F4.1.1.0
2025-10-07 18:53:35,128 [WARN] PackLoader:240 - Cannot read IP mode file for Avnet-IotConnect.X-CUBE-IoTC-DA16k-PMOD.1.0.0
2025-10-07 18:53:35,131 [WARN] PackLoader:240 - Cannot read IP mode file for STMicroelectronics.X-CUBE-ISPU.2.1.0
2025-10-07 18:53:35,145 [WARN] PackLoader:240 - Cannot read IP mode file for STMicroelectronics.X-CUBE-AZRTOS-L5.2.0.0
2025-10-07 18:53:35,152 [WARN] PackLoader:240 - Cannot read IP mode file for STMicroelectronics.X-CUBE-NFC6.3.1.0
2025-10-07 18:53:35,157 [WARN] PackLoader:240 - Cannot read IP mode file for STMicroelectronics.X-CUBE-FREERTOS.1.3.1
2025-10-07 18:53:35,161 [WARN] PackLoader:240 - Cannot read IP mode file for STMicroelectronics.X-CUBE-TOUCHGFX.4.26.0
2025-10-07 18:53:35,165 [WARN] PackLoader:240 - Cannot read IP mode file for STMicroelectronics.X-CUBE-DPower.1.3.0
2025-10-07 18:53:35,179 [WARN] ConditionMgr:438 - getConditionDescription Invalid condition id : LAN8742 Phy interface Condition cause : null
2025-10-07 18:53:35,180 [WARN] PackLoader:240 - Cannot read IP mode file for STMicroelectronics.X-CUBE-AZRTOS-L4.2.0.0
2025-10-07 18:53:35,181 [WARN] ConditionMgr:1044 - genDependencies : Invalid condition id : LAN8742 Phy interface Condition cause : null
2025-10-07 18:53:35,181 [WARN] ConditionMgr:1044 - genDependencies : Invalid condition id : LAN8742 Phy interface Condition cause : null
2025-10-07 18:53:35,182 [WARN] ConditionMgr:1044 - genDependencies : Invalid condition id : LAN8742 Phy interface Condition cause : null
2025-10-07 18:53:35,188 [WARN] PackLoader:240 - Cannot read IP mode file for STMicroelectronics.X-CUBE-SFXS2LP1.4.0.0
2025-10-07 18:53:35,198 [WARN] ConditionMgr:438 - getConditionDescription Invalid condition id : UX DEVICE CLASS RTOS Condition cause : null
2025-10-07 18:53:35,198 [WARN] ConditionMgr:438 - getConditionDescription Invalid condition id : UX DEVICE CLASS RTOS Condition cause : null
2025-10-07 18:53:35,200 [WARN] PackLoader:240 - Cannot read IP mode file for STMicroelectronics.X-CUBE-AZRTOS-WB.2.0.0
2025-10-07 18:53:35,201 [WARN] ConditionMgr:1044 - genDependencies : Invalid condition id : UX DEVICE CLASS RTOS Condition cause : null
2025-10-07 18:53:35,201 [WARN] ConditionMgr:1044 - genDependencies : Invalid condition id : UX DEVICE CLASS RTOS Condition cause : null
2025-10-07 18:53:35,201 [WARN] ConditionMgr:1044 - genDependencies : Invalid condition id : UX DEVICE CLASS RTOS Condition cause : null
2025-10-07 18:53:35,201 [WARN] ConditionMgr:1044 - genDependencies : Invalid condition id : UX DEVICE CLASS RTOS Condition cause : null
2025-10-07 18:53:35,201 [WARN] ConditionMgr:1044 - genDependencies : Invalid condition id : UX DEVICE CLASS RTOS Condition cause : null
2025-10-07 18:53:35,206 [WARN] PackLoader:240 - Cannot read IP mode file for STMicroelectronics.X-CUBE-GNSS1.7.0.1
2025-10-07 18:53:35,209 [WARN] PackLoader:240 - Cannot read IP mode file for STMicroelectronics.X-CUBE-TOUCHGFX.4.25.0
2025-10-07 18:53:35,211 [WARN] ConditionMgr:438 - getConditionDescription Invalid condition id : Cortex-A Device cause : null
2025-10-07 18:53:35,224 [WARN] ConditionMgr:1044 - genDependencies : Invalid condition id : Cortex-A Device cause : null
2025-10-07 18:53:35,224 [WARN] ConditionMgr:1044 - genDependencies : Invalid condition id : Cortex-A Device cause : null
2025-10-07 18:53:35,225 [WARN] ConditionMgr:1044 - genDependencies : Invalid condition id : Cortex-A Device cause : null
2025-10-07 18:53:35,236 [WARN] PackLoader:240 - Cannot read IP mode file for STMicroelectronics.X-CUBE-SUBG2.5.0.0
2025-10-07 18:53:35,255 [WARN] PackLoader:240 - Cannot read IP mode file for STMicroelectronics.X-CUBE-AZRTOS-H7RS.1.1.0
2025-10-07 18:53:35,269 [WARN] PackLoader:240 - Cannot read IP mode file for STMicroelectronics.X-CUBE-AZRTOS-G4.2.0.0
2025-10-07 18:53:35,273 [WARN] PackLoader:240 - Cannot read IP mode file for wolfSSL.I-CUBE-wolfSSH.1.4.20
2025-10-07 18:53:35,277 [WARN] PackLoader:240 - Cannot read IP mode file for STMicroelectronics.X-CUBE-NFC7.2.0.0
2025-10-07 18:53:35,287 [WARN] PackLoader:240 - Cannot read IP mode file for STMicroelectronics.X-CUBE-IPS.3.1.0
2025-10-07 18:53:35,295 [WARN] PackLoader:240 - Cannot read IP mode file for STMicroelectronics.X-CUBE-ALS.1.0.2
2025-10-07 18:53:35,304 [WARN] PackLoader:240 - Cannot read IP mode file for STMicroelectronics.X-CUBE-TOF1.3.4.3
2025-10-07 18:53:35,314 [INFO] ThirdParty:978 - Integrity check success = true
2025-10-07 18:53:35,314 [INFO] IntegrityCheckThread:100 - exiting critical section [integrity check]
2025-10-07 18:53:35,314 [INFO] IntegrityCheckThread:103 - End integrity checks thread
2025-10-07 18:53:58,487 [ERROR] LogOutputStream:75 - [STDERR_REDIRECT] Oct 07, 2025 6:53:58 PM java.util.prefs.FileSystemPreferences checkLockFile0ErrorCode
2025-10-07 18:53:58,487 [ERROR] LogOutputStream:75 - [STDERR_REDIRECT] WARNING: Could not lock System prefs. Unix error code 2.
2025-10-07 18:53:58,488 [ERROR] LogOutputStream:75 - [STDERR_REDIRECT] 
2025-10-07 18:53:58,488 [ERROR] LogOutputStream:75 - [STDERR_REDIRECT] Oct 07, 2025 6:53:58 PM java.util.prefs.FileSystemPreferences syncWorld
2025-10-07 18:53:58,489 [ERROR] LogOutputStream:75 - [STDERR_REDIRECT] WARNING: Couldn't flush system prefs: java.util.prefs.BackingStoreException: Couldn't get file lock.
2025-10-07 18:53:58,489 [ERROR] LogOutputStream:75 - [STDERR_REDIRECT] 
2025-10-07 18:54:28,479 [ERROR] LogOutputStream:75 - [STDERR_REDIRECT] Oct 07, 2025 6:54:28 PM java.util.prefs.FileSystemPreferences checkLockFile0ErrorCode
2025-10-07 18:54:28,480 [ERROR] LogOutputStream:75 - [STDERR_REDIRECT] WARNING: Could not lock System prefs. Unix error code 2.
2025-10-07 18:54:28,480 [ERROR] LogOutputStream:75 - [STDERR_REDIRECT] 
2025-10-07 18:54:28,481 [ERROR] LogOutputStream:75 - [STDERR_REDIRECT] Oct 07, 2025 6:54:28 PM java.util.prefs.FileSystemPreferences syncWorld
2025-10-07 18:54:28,481 [ERROR] LogOutputStream:75 - [STDERR_REDIRECT] WARNING: Couldn't flush system prefs: java.util.prefs.BackingStoreException: Couldn't get file lock.
2025-10-07 18:54:28,482 [ERROR] LogOutputStream:75 - [STDERR_REDIRECT] 
2025-10-07 18:54:58,468 [ERROR] LogOutputStream:75 - [STDERR_REDIRECT] Oct 07, 2025 6:54:58 PM java.util.prefs.FileSystemPreferences checkLockFile0ErrorCode
2025-10-07 18:54:58,468 [ERROR] LogOutputStream:75 - [STDERR_REDIRECT] WARNING: Could not lock System prefs. Unix error code 2.
2025-10-07 18:54:58,468 [ERROR] LogOutputStream:75 - [STDERR_REDIRECT] 
2025-10-07 18:54:58,469 [ERROR] LogOutputStream:75 - [STDERR_REDIRECT] Oct 07, 2025 6:54:58 PM java.util.prefs.FileSystemPreferences syncWorld
2025-10-07 18:54:58,470 [ERROR] LogOutputStream:75 - [STDERR_REDIRECT] WARNING: Couldn't flush system prefs: java.util.prefs.BackingStoreException: Couldn't get file lock.
2025-10-07 18:54:58,470 [ERROR] LogOutputStream:75 - [STDERR_REDIRECT] 
2025-10-07 18:55:28,468 [ERROR] LogOutputStream:75 - [STDERR_REDIRECT] Oct 07, 2025 6:55:28 PM java.util.prefs.FileSystemPreferences checkLockFile0ErrorCode
2025-10-07 18:55:28,468 [ERROR] LogOutputStream:75 - [STDERR_REDIRECT] WARNING: Could not lock System prefs. Unix error code 2.
2025-10-07 18:55:28,468 [ERROR] LogOutputStream:75 - [STDERR_REDIRECT] 
2025-10-07 18:55:28,469 [ERROR] LogOutputStream:75 - [STDERR_REDIRECT] Oct 07, 2025 6:55:28 PM java.util.prefs.FileSystemPreferences syncWorld
2025-10-07 18:55:28,469 [ERROR] LogOutputStream:75 - [STDERR_REDIRECT] WARNING: Couldn't flush system prefs: java.util.prefs.BackingStoreException: Couldn't get file lock.
2025-10-07 18:55:28,470 [ERROR] LogOutputStream:75 - [STDERR_REDIRECT] 
2025-10-07 18:55:58,467 [ERROR] LogOutputStream:75 - [STDERR_REDIRECT] Oct 07, 2025 6:55:58 PM java.util.prefs.FileSystemPreferences checkLockFile0ErrorCode
2025-10-07 18:55:58,468 [ERROR] LogOutputStream:75 - [STDERR_REDIRECT] WARNING: Could not lock System prefs. Unix error code 2.
2025-10-07 18:55:58,468 [ERROR] LogOutputStream:75 - [STDERR_REDIRECT] 
2025-10-07 18:55:58,469 [ERROR] LogOutputStream:75 - [STDERR_REDIRECT] Oct 07, 2025 6:55:58 PM java.util.prefs.FileSystemPreferences syncWorld
2025-10-07 18:55:58,469 [ERROR] LogOutputStream:75 - [STDERR_REDIRECT] WARNING: Couldn't flush system prefs: java.util.prefs.BackingStoreException: Couldn't get file lock.
2025-10-07 18:55:58,470 [ERROR] LogOutputStream:75 - [STDERR_REDIRECT] 
2025-10-07 18:56:28,467 [ERROR] LogOutputStream:75 - [STDERR_REDIRECT] Oct 07, 2025 6:56:28 PM java.util.prefs.FileSystemPreferences checkLockFile0ErrorCode
2025-10-07 18:56:28,467 [ERROR] LogOutputStream:75 - [STDERR_REDIRECT] WARNING: Could not lock System prefs. Unix error code 2.
2025-10-07 18:56:28,467 [ERROR] LogOutputStream:75 - [STDERR_REDIRECT] 
2025-10-07 18:56:28,467 [ERROR] LogOutputStream:75 - [STDERR_REDIRECT] Oct 07, 2025 6:56:28 PM java.util.prefs.FileSystemPreferences syncWorld
2025-10-07 18:56:28,467 [ERROR] LogOutputStream:75 - [STDERR_REDIRECT] WARNING: Couldn't flush system prefs: java.util.prefs.BackingStoreException: Couldn't get file lock.
2025-10-07 18:56:28,467 [ERROR] LogOutputStream:75 - [STDERR_REDIRECT] 
2025-10-07 18:56:58,466 [ERROR] LogOutputStream:75 - [STDERR_REDIRECT] Oct 07, 2025 6:56:58 PM java.util.prefs.FileSystemPreferences checkLockFile0ErrorCode
2025-10-07 18:56:58,466 [ERROR] LogOutputStream:75 - [STDERR_REDIRECT] WARNING: Could not lock System prefs. Unix error code 2.
2025-10-07 18:56:58,466 [ERROR] LogOutputStream:75 - [STDERR_REDIRECT] 
2025-10-07 18:56:58,467 [ERROR] LogOutputStream:75 - [STDERR_REDIRECT] Oct 07, 2025 6:56:58 PM java.util.prefs.FileSystemPreferences syncWorld
2025-10-07 18:56:58,467 [ERROR] LogOutputStream:75 - [STDERR_REDIRECT] WARNING: Couldn't flush system prefs: java.util.prefs.BackingStoreException: Couldn't get file lock.
2025-10-07 18:56:58,467 [ERROR] LogOutputStream:75 - [STDERR_REDIRECT] 
2025-10-07 18:57:28,467 [ERROR] LogOutputStream:75 - [STDERR_REDIRECT] Oct 07, 2025 6:57:28 PM java.util.prefs.FileSystemPreferences checkLockFile0ErrorCode
2025-10-07 18:57:28,467 [ERROR] LogOutputStream:75 - [STDERR_REDIRECT] WARNING: Could not lock System prefs. Unix error code 2.
2025-10-07 18:57:28,467 [ERROR] LogOutputStream:75 - [STDERR_REDIRECT] 
2025-10-07 18:57:28,468 [ERROR] LogOutputStream:75 - [STDERR_REDIRECT] Oct 07, 2025 6:57:28 PM java.util.prefs.FileSystemPreferences syncWorld
2025-10-07 18:57:28,468 [ERROR] LogOutputStream:75 - [STDERR_REDIRECT] WARNING: Couldn't flush system prefs: java.util.prefs.BackingStoreException: Couldn't get file lock.
2025-10-07 18:57:28,468 [ERROR] LogOutputStream:75 - [STDERR_REDIRECT] 
2025-10-07 18:57:58,466 [ERROR] LogOutputStream:75 - [STDERR_REDIRECT] Oct 07, 2025 6:57:58 PM java.util.prefs.FileSystemPreferences checkLockFile0ErrorCode
2025-10-07 18:57:58,466 [ERROR] LogOutputStream:75 - [STDERR_REDIRECT] WARNING: Could not lock System prefs. Unix error code 2.
2025-10-07 18:57:58,466 [ERROR] LogOutputStream:75 - [STDERR_REDIRECT] 
2025-10-07 18:57:58,467 [ERROR] LogOutputStream:75 - [STDERR_REDIRECT] Oct 07, 2025 6:57:58 PM java.util.prefs.FileSystemPreferences syncWorld
2025-10-07 18:57:58,467 [ERROR] LogOutputStream:75 - [STDERR_REDIRECT] WARNING: Couldn't flush system prefs: java.util.prefs.BackingStoreException: Couldn't get file lock.
2025-10-07 18:57:58,467 [ERROR] LogOutputStream:75 - [STDERR_REDIRECT] 
2025-10-07 18:58:28,481 [ERROR] LogOutputStream:75 - [STDERR_REDIRECT] Oct 07, 2025 6:58:28 PM java.util.prefs.FileSystemPreferences checkLockFile0ErrorCode
2025-10-07 18:58:28,491 [ERROR] LogOutputStream:75 - [STDERR_REDIRECT] WARNING: Could not lock System prefs. Unix error code 2.
2025-10-07 18:58:28,492 [ERROR] LogOutputStream:75 - [STDERR_REDIRECT] 
2025-10-07 18:58:28,492 [ERROR] LogOutputStream:75 - [STDERR_REDIRECT] Oct 07, 2025 6:58:28 PM java.util.prefs.FileSystemPreferences syncWorld
2025-10-07 18:58:28,492 [ERROR] LogOutputStream:75 - [STDERR_REDIRECT] WARNING: Couldn't flush system prefs: java.util.prefs.BackingStoreException: Couldn't get file lock.
2025-10-07 18:58:28,492 [ERROR] LogOutputStream:75 - [STDERR_REDIRECT] 
2025-10-07 18:58:58,467 [ERROR] LogOutputStream:75 - [STDERR_REDIRECT] Oct 07, 2025 6:58:58 PM java.util.prefs.FileSystemPreferences checkLockFile0ErrorCode
2025-10-07 18:58:58,467 [ERROR] LogOutputStream:75 - [STDERR_REDIRECT] WARNING: Could not lock System prefs. Unix error code 2.
2025-10-07 18:58:58,467 [ERROR] LogOutputStream:75 - [STDERR_REDIRECT] 
2025-10-07 18:58:58,468 [ERROR] LogOutputStream:75 - [STDERR_REDIRECT] Oct 07, 2025 6:58:58 PM java.util.prefs.FileSystemPreferences syncWorld
2025-10-07 18:58:58,468 [ERROR] LogOutputStream:75 - [STDERR_REDIRECT] WARNING: Couldn't flush system prefs: java.util.prefs.BackingStoreException: Couldn't get file lock.
2025-10-07 18:58:58,468 [ERROR] LogOutputStream:75 - [STDERR_REDIRECT] 
2025-10-07 18:59:28,480 [ERROR] LogOutputStream:75 - [STDERR_REDIRECT] Oct 07, 2025 6:59:28 PM java.util.prefs.FileSystemPreferences checkLockFile0ErrorCode
2025-10-07 18:59:28,482 [ERROR] LogOutputStream:75 - [STDERR_REDIRECT] WARNING: Could not lock System prefs. Unix error code 2.
2025-10-07 18:59:28,482 [ERROR] LogOutputStream:75 - [STDERR_REDIRECT] 
2025-10-07 18:59:28,482 [ERROR] LogOutputStream:75 - [STDERR_REDIRECT] Oct 07, 2025 6:59:28 PM java.util.prefs.FileSystemPreferences syncWorld
2025-10-07 18:59:28,483 [ERROR] LogOutputStream:75 - [STDERR_REDIRECT] WARNING: Couldn't flush system prefs: java.util.prefs.BackingStoreException: Couldn't get file lock.
2025-10-07 18:59:28,483 [ERROR] LogOutputStream:75 - [STDERR_REDIRECT] 
2025-10-07 18:59:58,483 [ERROR] LogOutputStream:75 - [STDERR_REDIRECT] Oct 07, 2025 6:59:58 PM java.util.prefs.FileSystemPreferences checkLockFile0ErrorCode
2025-10-07 18:59:58,483 [ERROR] LogOutputStream:75 - [STDERR_REDIRECT] WARNING: Could not lock System prefs. Unix error code 2.
2025-10-07 18:59:58,483 [ERROR] LogOutputStream:75 - [STDERR_REDIRECT] 
2025-10-07 18:59:58,484 [ERROR] LogOutputStream:75 - [STDERR_REDIRECT] Oct 07, 2025 6:59:58 PM java.util.prefs.FileSystemPreferences syncWorld
2025-10-07 18:59:58,484 [ERROR] LogOutputStream:75 - [STDERR_REDIRECT] WARNING: Couldn't flush system prefs: java.util.prefs.BackingStoreException: Couldn't get file lock.
2025-10-07 18:59:58,484 [ERROR] LogOutputStream:75 - [STDERR_REDIRECT] 
2025-10-07 19:00:28,469 [ERROR] LogOutputStream:75 - [STDERR_REDIRECT] Oct 07, 2025 7:00:28 PM java.util.prefs.FileSystemPreferences checkLockFile0ErrorCode
2025-10-07 19:00:28,469 [ERROR] LogOutputStream:75 - [STDERR_REDIRECT] WARNING: Could not lock System prefs. Unix error code 2.
2025-10-07 19:00:28,469 [ERROR] LogOutputStream:75 - [STDERR_REDIRECT] 
2025-10-07 19:00:28,469 [ERROR] LogOutputStream:75 - [STDERR_REDIRECT] Oct 07, 2025 7:00:28 PM java.util.prefs.FileSystemPreferences syncWorld
2025-10-07 19:00:28,469 [ERROR] LogOutputStream:75 - [STDERR_REDIRECT] WARNING: Couldn't flush system prefs: java.util.prefs.BackingStoreException: Couldn't get file lock.
2025-10-07 19:00:28,470 [ERROR] LogOutputStream:75 - [STDERR_REDIRECT] 
2025-10-07 19:00:58,467 [ERROR] LogOutputStream:75 - [STDERR_REDIRECT] Oct 07, 2025 7:00:58 PM java.util.prefs.FileSystemPreferences checkLockFile0ErrorCode
2025-10-07 19:00:58,468 [ERROR] LogOutputStream:75 - [STDERR_REDIRECT] WARNING: Could not lock System prefs. Unix error code 2.
2025-10-07 19:00:58,469 [ERROR] LogOutputStream:75 - [STDERR_REDIRECT] 
2025-10-07 19:00:58,469 [ERROR] LogOutputStream:75 - [STDERR_REDIRECT] Oct 07, 2025 7:00:58 PM java.util.prefs.FileSystemPreferences syncWorld
2025-10-07 19:00:58,470 [ERROR] LogOutputStream:75 - [STDERR_REDIRECT] WARNING: Couldn't flush system prefs: java.util.prefs.BackingStoreException: Couldn't get file lock.
2025-10-07 19:00:58,470 [ERROR] LogOutputStream:75 - [STDERR_REDIRECT] 
2025-10-07 19:01:28,468 [ERROR] LogOutputStream:75 - [STDERR_REDIRECT] Oct 07, 2025 7:01:28 PM java.util.prefs.FileSystemPreferences checkLockFile0ErrorCode
2025-10-07 19:01:28,468 [ERROR] LogOutputStream:75 - [STDERR_REDIRECT] WARNING: Could not lock System prefs. Unix error code 2.
2025-10-07 19:01:28,468 [ERROR] LogOutputStream:75 - [STDERR_REDIRECT] 
2025-10-07 19:01:28,468 [ERROR] LogOutputStream:75 - [STDERR_REDIRECT] Oct 07, 2025 7:01:28 PM java.util.prefs.FileSystemPreferences syncWorld
2025-10-07 19:01:28,468 [ERROR] LogOutputStream:75 - [STDERR_REDIRECT] WARNING: Couldn't flush system prefs: java.util.prefs.BackingStoreException: Couldn't get file lock.
2025-10-07 19:01:28,468 [ERROR] LogOutputStream:75 - [STDERR_REDIRECT] 
2025-10-07 19:01:58,468 [ERROR] LogOutputStream:75 - [STDERR_REDIRECT] Oct 07, 2025 7:01:58 PM java.util.prefs.FileSystemPreferences checkLockFile0ErrorCode
2025-10-07 19:01:58,468 [ERROR] LogOutputStream:75 - [STDERR_REDIRECT] WARNING: Could not lock System prefs. Unix error code 2.
2025-10-07 19:01:58,468 [ERROR] LogOutputStream:75 - [STDERR_REDIRECT] 
2025-10-07 19:01:58,469 [ERROR] LogOutputStream:75 - [STDERR_REDIRECT] Oct 07, 2025 7:01:58 PM java.util.prefs.FileSystemPreferences syncWorld
2025-10-07 19:01:58,469 [ERROR] LogOutputStream:75 - [STDERR_REDIRECT] WARNING: Couldn't flush system prefs: java.util.prefs.BackingStoreException: Couldn't get file lock.
2025-10-07 19:01:58,469 [ERROR] LogOutputStream:75 - [STDERR_REDIRECT] 
2025-10-07 19:02:28,469 [ERROR] LogOutputStream:75 - [STDERR_REDIRECT] Oct 07, 2025 7:02:28 PM java.util.prefs.FileSystemPreferences checkLockFile0ErrorCode
2025-10-07 19:02:28,469 [ERROR] LogOutputStream:75 - [STDERR_REDIRECT] WARNING: Could not lock System prefs. Unix error code 2.
2025-10-07 19:02:28,469 [ERROR] LogOutputStream:75 - [STDERR_REDIRECT] 
2025-10-07 19:02:28,469 [ERROR] LogOutputStream:75 - [STDERR_REDIRECT] Oct 07, 2025 7:02:28 PM java.util.prefs.FileSystemPreferences syncWorld
2025-10-07 19:02:28,470 [ERROR] LogOutputStream:75 - [STDERR_REDIRECT] WARNING: Couldn't flush system prefs: java.util.prefs.BackingStoreException: Couldn't get file lock.
2025-10-07 19:02:28,470 [ERROR] LogOutputStream:75 - [STDERR_REDIRECT] 
2025-10-07 19:02:58,468 [ERROR] LogOutputStream:75 - [STDERR_REDIRECT] Oct 07, 2025 7:02:58 PM java.util.prefs.FileSystemPreferences checkLockFile0ErrorCode
2025-10-07 19:02:58,469 [ERROR] LogOutputStream:75 - [STDERR_REDIRECT] WARNING: Could not lock System prefs. Unix error code 2.
2025-10-07 19:02:58,469 [ERROR] LogOutputStream:75 - [STDERR_REDIRECT] 
2025-10-07 19:02:58,469 [ERROR] LogOutputStream:75 - [STDERR_REDIRECT] Oct 07, 2025 7:02:58 PM java.util.prefs.FileSystemPreferences syncWorld
2025-10-07 19:02:58,469 [ERROR] LogOutputStream:75 - [STDERR_REDIRECT] WARNING: Couldn't flush system prefs: java.util.prefs.BackingStoreException: Couldn't get file lock.
2025-10-07 19:02:58,469 [ERROR] LogOutputStream:75 - [STDERR_REDIRECT] 
2025-10-07 19:03:28,469 [ERROR] LogOutputStream:75 - [STDERR_REDIRECT] Oct 07, 2025 7:03:28 PM java.util.prefs.FileSystemPreferences checkLockFile0ErrorCode
2025-10-07 19:03:28,470 [ERROR] LogOutputStream:75 - [STDERR_REDIRECT] WARNING: Could not lock System prefs. Unix error code 2.
2025-10-07 19:03:28,470 [ERROR] LogOutputStream:75 - [STDERR_REDIRECT] 
2025-10-07 19:03:28,471 [ERROR] LogOutputStream:75 - [STDERR_REDIRECT] Oct 07, 2025 7:03:28 PM java.util.prefs.FileSystemPreferences syncWorld
2025-10-07 19:03:28,471 [ERROR] LogOutputStream:75 - [STDERR_REDIRECT] WARNING: Couldn't flush system prefs: java.util.prefs.BackingStoreException: Couldn't get file lock.
2025-10-07 19:03:28,471 [ERROR] LogOutputStream:75 - [STDERR_REDIRECT] 
2025-10-07 19:03:58,470 [ERROR] LogOutputStream:75 - [STDERR_REDIRECT] Oct 07, 2025 7:03:58 PM java.util.prefs.FileSystemPreferences checkLockFile0ErrorCode
2025-10-07 19:03:58,471 [ERROR] LogOutputStream:75 - [STDERR_REDIRECT] WARNING: Could not lock System prefs. Unix error code 2.
2025-10-07 19:03:58,471 [ERROR] LogOutputStream:75 - [STDERR_REDIRECT] 
2025-10-07 19:03:58,472 [ERROR] LogOutputStream:75 - [STDERR_REDIRECT] Oct 07, 2025 7:03:58 PM java.util.prefs.FileSystemPreferences syncWorld
2025-10-07 19:03:58,472 [ERROR] LogOutputStream:75 - [STDERR_REDIRECT] WARNING: Couldn't flush system prefs: java.util.prefs.BackingStoreException: Couldn't get file lock.
2025-10-07 19:03:58,472 [ERROR] LogOutputStream:75 - [STDERR_REDIRECT] 
2025-10-07 19:04:28,470 [ERROR] LogOutputStream:75 - [STDERR_REDIRECT] Oct 07, 2025 7:04:28 PM java.util.prefs.FileSystemPreferences checkLockFile0ErrorCode
2025-10-07 19:04:28,470 [ERROR] LogOutputStream:75 - [STDERR_REDIRECT] WARNING: Could not lock System prefs. Unix error code 2.
2025-10-07 19:04:28,470 [ERROR] LogOutputStream:75 - [STDERR_REDIRECT] 
2025-10-07 19:04:28,471 [ERROR] LogOutputStream:75 - [STDERR_REDIRECT] Oct 07, 2025 7:04:28 PM java.util.prefs.FileSystemPreferences syncWorld
2025-10-07 19:04:28,471 [ERROR] LogOutputStream:75 - [STDERR_REDIRECT] WARNING: Couldn't flush system prefs: java.util.prefs.BackingStoreException: Couldn't get file lock.
2025-10-07 19:04:28,471 [ERROR] LogOutputStream:75 - [STDERR_REDIRECT] 
2025-10-07 19:04:58,470 [ERROR] LogOutputStream:75 - [STDERR_REDIRECT] Oct 07, 2025 7:04:58 PM java.util.prefs.FileSystemPreferences checkLockFile0ErrorCode
2025-10-07 19:04:58,471 [ERROR] LogOutputStream:75 - [STDERR_REDIRECT] WARNING: Could not lock System prefs. Unix error code 2.
2025-10-07 19:04:58,471 [ERROR] LogOutputStream:75 - [STDERR_REDIRECT] 
2025-10-07 19:04:58,471 [ERROR] LogOutputStream:75 - [STDERR_REDIRECT] Oct 07, 2025 7:04:58 PM java.util.prefs.FileSystemPreferences syncWorld
2025-10-07 19:04:58,471 [ERROR] LogOutputStream:75 - [STDERR_REDIRECT] WARNING: Couldn't flush system prefs: java.util.prefs.BackingStoreException: Couldn't get file lock.
2025-10-07 19:04:58,471 [ERROR] LogOutputStream:75 - [STDERR_REDIRECT] 
2025-10-07 19:05:28,471 [ERROR] LogOutputStream:75 - [STDERR_REDIRECT] Oct 07, 2025 7:05:28 PM java.util.prefs.FileSystemPreferences checkLockFile0ErrorCode
2025-10-07 19:05:28,471 [ERROR] LogOutputStream:75 - [STDERR_REDIRECT] WARNING: Could not lock System prefs. Unix error code 2.
2025-10-07 19:05:28,471 [ERROR] LogOutputStream:75 - [STDERR_REDIRECT] 
2025-10-07 19:05:28,472 [ERROR] LogOutputStream:75 - [STDERR_REDIRECT] Oct 07, 2025 7:05:28 PM java.util.prefs.FileSystemPreferences syncWorld
2025-10-07 19:05:28,472 [ERROR] LogOutputStream:75 - [STDERR_REDIRECT] WARNING: Couldn't flush system prefs: java.util.prefs.BackingStoreException: Couldn't get file lock.
2025-10-07 19:05:28,473 [ERROR] LogOutputStream:75 - [STDERR_REDIRECT] 
2025-10-07 19:05:58,470 [ERROR] LogOutputStream:75 - [STDERR_REDIRECT] Oct 07, 2025 7:05:58 PM java.util.prefs.FileSystemPreferences checkLockFile0ErrorCode
2025-10-07 19:05:58,470 [ERROR] LogOutputStream:75 - [STDERR_REDIRECT] WARNING: Could not lock System prefs. Unix error code 2.
2025-10-07 19:05:58,470 [ERROR] LogOutputStream:75 - [STDERR_REDIRECT] 
2025-10-07 19:05:58,470 [ERROR] LogOutputStream:75 - [STDERR_REDIRECT] Oct 07, 2025 7:05:58 PM java.util.prefs.FileSystemPreferences syncWorld
2025-10-07 19:05:58,470 [ERROR] LogOutputStream:75 - [STDERR_REDIRECT] WARNING: Couldn't flush system prefs: java.util.prefs.BackingStoreException: Couldn't get file lock.
2025-10-07 19:05:58,470 [ERROR] LogOutputStream:75 - [STDERR_REDIRECT] 
2025-10-07 19:06:28,470 [ERROR] LogOutputStream:75 - [STDERR_REDIRECT] Oct 07, 2025 7:06:28 PM java.util.prefs.FileSystemPreferences checkLockFile0ErrorCode
2025-10-07 19:06:28,470 [ERROR] LogOutputStream:75 - [STDERR_REDIRECT] WARNING: Could not lock System prefs. Unix error code 2.
2025-10-07 19:06:28,480 [ERROR] LogOutputStream:75 - [STDERR_REDIRECT] 
2025-10-07 19:06:28,481 [ERROR] LogOutputStream:75 - [STDERR_REDIRECT] Oct 07, 2025 7:06:28 PM java.util.prefs.FileSystemPreferences syncWorld
2025-10-07 19:06:28,481 [ERROR] LogOutputStream:75 - [STDERR_REDIRECT] WARNING: Couldn't flush system prefs: java.util.prefs.BackingStoreException: Couldn't get file lock.
2025-10-07 19:06:28,481 [ERROR] LogOutputStream:75 - [STDERR_REDIRECT] 
2025-10-07 19:06:58,469 [ERROR] LogOutputStream:75 - [STDERR_REDIRECT] Oct 07, 2025 7:06:58 PM java.util.prefs.FileSystemPreferences checkLockFile0ErrorCode
2025-10-07 19:06:58,469 [ERROR] LogOutputStream:75 - [STDERR_REDIRECT] WARNING: Could not lock System prefs. Unix error code 2.
2025-10-07 19:06:58,470 [ERROR] LogOutputStream:75 - [STDERR_REDIRECT] 
2025-10-07 19:06:58,470 [ERROR] LogOutputStream:75 - [STDERR_REDIRECT] Oct 07, 2025 7:06:58 PM java.util.prefs.FileSystemPreferences syncWorld
2025-10-07 19:06:58,470 [ERROR] LogOutputStream:75 - [STDERR_REDIRECT] WARNING: Couldn't flush system prefs: java.util.prefs.BackingStoreException: Couldn't get file lock.
2025-10-07 19:06:58,470 [ERROR] LogOutputStream:75 - [STDERR_REDIRECT] 
2025-10-07 19:07:28,469 [ERROR] LogOutputStream:75 - [STDERR_REDIRECT] Oct 07, 2025 7:07:28 PM java.util.prefs.FileSystemPreferences checkLockFile0ErrorCode
2025-10-07 19:07:28,470 [ERROR] LogOutputStream:75 - [STDERR_REDIRECT] WARNING: Could not lock System prefs. Unix error code 2.
2025-10-07 19:07:28,470 [ERROR] LogOutputStream:75 - [STDERR_REDIRECT] 
2025-10-07 19:07:28,470 [ERROR] LogOutputStream:75 - [STDERR_REDIRECT] Oct 07, 2025 7:07:28 PM java.util.prefs.FileSystemPreferences syncWorld
2025-10-07 19:07:28,470 [ERROR] LogOutputStream:75 - [STDERR_REDIRECT] WARNING: Couldn't flush system prefs: java.util.prefs.BackingStoreException: Couldn't get file lock.
2025-10-07 19:07:28,470 [ERROR] LogOutputStream:75 - [STDERR_REDIRECT] 
2025-10-07 19:07:58,470 [ERROR] LogOutputStream:75 - [STDERR_REDIRECT] Oct 07, 2025 7:07:58 PM java.util.prefs.FileSystemPreferences checkLockFile0ErrorCode
2025-10-07 19:07:58,470 [ERROR] LogOutputStream:75 - [STDERR_REDIRECT] WARNING: Could not lock System prefs. Unix error code 2.
2025-10-07 19:07:58,470 [ERROR] LogOutputStream:75 - [STDERR_REDIRECT] 
2025-10-07 19:07:58,470 [ERROR] LogOutputStream:75 - [STDERR_REDIRECT] Oct 07, 2025 7:07:58 PM java.util.prefs.FileSystemPreferences syncWorld
2025-10-07 19:07:58,470 [ERROR] LogOutputStream:75 - [STDERR_REDIRECT] WARNING: Couldn't flush system prefs: java.util.prefs.BackingStoreException: Couldn't get file lock.
2025-10-07 19:07:58,470 [ERROR] LogOutputStream:75 - [STDERR_REDIRECT] 
2025-10-07 19:08:28,469 [ERROR] LogOutputStream:75 - [STDERR_REDIRECT] Oct 07, 2025 7:08:28 PM java.util.prefs.FileSystemPreferences checkLockFile0ErrorCode
2025-10-07 19:08:28,470 [ERROR] LogOutputStream:75 - [STDERR_REDIRECT] WARNING: Could not lock System prefs. Unix error code 2.
2025-10-07 19:08:28,470 [ERROR] LogOutputStream:75 - [STDERR_REDIRECT] 
2025-10-07 19:08:28,470 [ERROR] LogOutputStream:75 - [STDERR_REDIRECT] Oct 07, 2025 7:08:28 PM java.util.prefs.FileSystemPreferences syncWorld
2025-10-07 19:08:28,470 [ERROR] LogOutputStream:75 - [STDERR_REDIRECT] WARNING: Couldn't flush system prefs: java.util.prefs.BackingStoreException: Couldn't get file lock.
2025-10-07 19:08:28,470 [ERROR] LogOutputStream:75 - [STDERR_REDIRECT] 
2025-10-07 19:08:58,469 [ERROR] LogOutputStream:75 - [STDERR_REDIRECT] Oct 07, 2025 7:08:58 PM java.util.prefs.FileSystemPreferences checkLockFile0ErrorCode
2025-10-07 19:08:58,470 [ERROR] LogOutputStream:75 - [STDERR_REDIRECT] WARNING: Could not lock System prefs. Unix error code 2.
2025-10-07 19:08:58,470 [ERROR] LogOutputStream:75 - [STDERR_REDIRECT] 
2025-10-07 19:08:58,470 [ERROR] LogOutputStream:75 - [STDERR_REDIRECT] Oct 07, 2025 7:08:58 PM java.util.prefs.FileSystemPreferences syncWorld
2025-10-07 19:08:58,470 [ERROR] LogOutputStream:75 - [STDERR_REDIRECT] WARNING: Couldn't flush system prefs: java.util.prefs.BackingStoreException: Couldn't get file lock.
2025-10-07 19:08:58,470 [ERROR] LogOutputStream:75 - [STDERR_REDIRECT] 
2025-10-07 19:09:28,470 [ERROR] LogOutputStream:75 - [STDERR_REDIRECT] Oct 07, 2025 7:09:28 PM java.util.prefs.FileSystemPreferences checkLockFile0ErrorCode
2025-10-07 19:09:28,470 [ERROR] LogOutputStream:75 - [STDERR_REDIRECT] WARNING: Could not lock System prefs. Unix error code 2.
2025-10-07 19:09:28,480 [ERROR] LogOutputStream:75 - [STDERR_REDIRECT] 
2025-10-07 19:09:28,481 [ERROR] LogOutputStream:75 - [STDERR_REDIRECT] Oct 07, 2025 7:09:28 PM java.util.prefs.FileSystemPreferences syncWorld
2025-10-07 19:09:28,481 [ERROR] LogOutputStream:75 - [STDERR_REDIRECT] WARNING: Couldn't flush system prefs: java.util.prefs.BackingStoreException: Couldn't get file lock.
2025-10-07 19:09:28,481 [ERROR] LogOutputStream:75 - [STDERR_REDIRECT] 
2025-10-07 19:09:58,469 [ERROR] LogOutputStream:75 - [STDERR_REDIRECT] Oct 07, 2025 7:09:58 PM java.util.prefs.FileSystemPreferences checkLockFile0ErrorCode
2025-10-07 19:09:58,469 [ERROR] LogOutputStream:75 - [STDERR_REDIRECT] WARNING: Could not lock System prefs. Unix error code 2.
2025-10-07 19:09:58,470 [ERROR] LogOutputStream:75 - [STDERR_REDIRECT] 
2025-10-07 19:09:58,470 [ERROR] LogOutputStream:75 - [STDERR_REDIRECT] Oct 07, 2025 7:09:58 PM java.util.prefs.FileSystemPreferences syncWorld
2025-10-07 19:09:58,470 [ERROR] LogOutputStream:75 - [STDERR_REDIRECT] WARNING: Couldn't flush system prefs: java.util.prefs.BackingStoreException: Couldn't get file lock.
2025-10-07 19:09:58,470 [ERROR] LogOutputStream:75 - [STDERR_REDIRECT] 
2025-10-07 19:10:28,469 [ERROR] LogOutputStream:75 - [STDERR_REDIRECT] Oct 07, 2025 7:10:28 PM java.util.prefs.FileSystemPreferences checkLockFile0ErrorCode
2025-10-07 19:10:28,470 [ERROR] LogOutputStream:75 - [STDERR_REDIRECT] WARNING: Could not lock System prefs. Unix error code 2.
2025-10-07 19:10:28,470 [ERROR] LogOutputStream:75 - [STDERR_REDIRECT] 
2025-10-07 19:10:28,470 [ERROR] LogOutputStream:75 - [STDERR_REDIRECT] Oct 07, 2025 7:10:28 PM java.util.prefs.FileSystemPreferences syncWorld
2025-10-07 19:10:28,470 [ERROR] LogOutputStream:75 - [STDERR_REDIRECT] WARNING: Couldn't flush system prefs: java.util.prefs.BackingStoreException: Couldn't get file lock.
2025-10-07 19:10:28,470 [ERROR] LogOutputStream:75 - [STDERR_REDIRECT] 
2025-10-07 19:10:58,470 [ERROR] LogOutputStream:75 - [STDERR_REDIRECT] Oct 07, 2025 7:10:58 PM java.util.prefs.FileSystemPreferences checkLockFile0ErrorCode
2025-10-07 19:10:58,470 [ERROR] LogOutputStream:75 - [STDERR_REDIRECT] WARNING: Could not lock System prefs. Unix error code 2.
2025-10-07 19:10:58,470 [ERROR] LogOutputStream:75 - [STDERR_REDIRECT] 
2025-10-07 19:10:58,470 [ERROR] LogOutputStream:75 - [STDERR_REDIRECT] Oct 07, 2025 7:10:58 PM java.util.prefs.FileSystemPreferences syncWorld
2025-10-07 19:10:58,470 [ERROR] LogOutputStream:75 - [STDERR_REDIRECT] WARNING: Couldn't flush system prefs: java.util.prefs.BackingStoreException: Couldn't get file lock.
2025-10-07 19:10:58,470 [ERROR] LogOutputStream:75 - [STDERR_REDIRECT] 
2025-10-07 19:11:28,470 [ERROR] LogOutputStream:75 - [STDERR_REDIRECT] Oct 07, 2025 7:11:28 PM java.util.prefs.FileSystemPreferences checkLockFile0ErrorCode
2025-10-07 19:11:28,470 [ERROR] LogOutputStream:75 - [STDERR_REDIRECT] WARNING: Could not lock System prefs. Unix error code 2.
2025-10-07 19:11:28,471 [ERROR] LogOutputStream:75 - [STDERR_REDIRECT] 
2025-10-07 19:11:28,471 [ERROR] LogOutputStream:75 - [STDERR_REDIRECT] Oct 07, 2025 7:11:28 PM java.util.prefs.FileSystemPreferences syncWorld
2025-10-07 19:11:28,471 [ERROR] LogOutputStream:75 - [STDERR_REDIRECT] WARNING: Couldn't flush system prefs: java.util.prefs.BackingStoreException: Couldn't get file lock.
2025-10-07 19:11:28,471 [ERROR] LogOutputStream:75 - [STDERR_REDIRECT] 
2025-10-07 19:11:58,470 [ERROR] LogOutputStream:75 - [STDERR_REDIRECT] Oct 07, 2025 7:11:58 PM java.util.prefs.FileSystemPreferences checkLockFile0ErrorCode
2025-10-07 19:11:58,470 [ERROR] LogOutputStream:75 - [STDERR_REDIRECT] WARNING: Could not lock System prefs. Unix error code 2.
2025-10-07 19:11:58,470 [ERROR] LogOutputStream:75 - [STDERR_REDIRECT] 
2025-10-07 19:11:58,471 [ERROR] LogOutputStream:75 - [STDERR_REDIRECT] Oct 07, 2025 7:11:58 PM java.util.prefs.FileSystemPreferences syncWorld
2025-10-07 19:11:58,471 [ERROR] LogOutputStream:75 - [STDERR_REDIRECT] WARNING: Couldn't flush system prefs: java.util.prefs.BackingStoreException: Couldn't get file lock.
2025-10-07 19:11:58,471 [ERROR] LogOutputStream:75 - [STDERR_REDIRECT] 
2025-10-07 19:12:28,470 [ERROR] LogOutputStream:75 - [STDERR_REDIRECT] Oct 07, 2025 7:12:28 PM java.util.prefs.FileSystemPreferences checkLockFile0ErrorCode
2025-10-07 19:12:28,470 [ERROR] LogOutputStream:75 - [STDERR_REDIRECT] WARNING: Could not lock System prefs. Unix error code 2.
2025-10-07 19:12:28,470 [ERROR] LogOutputStream:75 - [STDERR_REDIRECT] 
2025-10-07 19:12:28,470 [ERROR] LogOutputStream:75 - [STDERR_REDIRECT] Oct 07, 2025 7:12:28 PM java.util.prefs.FileSystemPreferences syncWorld
2025-10-07 19:12:28,470 [ERROR] LogOutputStream:75 - [STDERR_REDIRECT] WARNING: Couldn't flush system prefs: java.util.prefs.BackingStoreException: Couldn't get file lock.
2025-10-07 19:12:28,471 [ERROR] LogOutputStream:75 - [STDERR_REDIRECT] 
2025-10-07 19:12:58,470 [ERROR] LogOutputStream:75 - [STDERR_REDIRECT] Oct 07, 2025 7:12:58 PM java.util.prefs.FileSystemPreferences checkLockFile0ErrorCode
2025-10-07 19:12:58,470 [ERROR] LogOutputStream:75 - [STDERR_REDIRECT] WARNING: Could not lock System prefs. Unix error code 2.
2025-10-07 19:12:58,470 [ERROR] LogOutputStream:75 - [STDERR_REDIRECT] 
2025-10-07 19:12:58,470 [ERROR] LogOutputStream:75 - [STDERR_REDIRECT] Oct 07, 2025 7:12:58 PM java.util.prefs.FileSystemPreferences syncWorld
2025-10-07 19:12:58,470 [ERROR] LogOutputStream:75 - [STDERR_REDIRECT] WARNING: Couldn't flush system prefs: java.util.prefs.BackingStoreException: Couldn't get file lock.
2025-10-07 19:12:58,470 [ERROR] LogOutputStream:75 - [STDERR_REDIRECT] 
2025-10-07 19:13:28,470 [ERROR] LogOutputStream:75 - [STDERR_REDIRECT] Oct 07, 2025 7:13:28 PM java.util.prefs.FileSystemPreferences checkLockFile0ErrorCode
2025-10-07 19:13:28,470 [ERROR] LogOutputStream:75 - [STDERR_REDIRECT] WARNING: Could not lock System prefs. Unix error code 2.
2025-10-07 19:13:28,470 [ERROR] LogOutputStream:75 - [STDERR_REDIRECT] 
2025-10-07 19:13:28,470 [ERROR] LogOutputStream:75 - [STDERR_REDIRECT] Oct 07, 2025 7:13:28 PM java.util.prefs.FileSystemPreferences syncWorld
2025-10-07 19:13:28,470 [ERROR] LogOutputStream:75 - [STDERR_REDIRECT] WARNING: Couldn't flush system prefs: java.util.prefs.BackingStoreException: Couldn't get file lock.
2025-10-07 19:13:28,470 [ERROR] LogOutputStream:75 - [STDERR_REDIRECT] 
2025-10-07 19:13:58,471 [ERROR] LogOutputStream:75 - [STDERR_REDIRECT] Oct 07, 2025 7:13:58 PM java.util.prefs.FileSystemPreferences checkLockFile0ErrorCode
2025-10-07 19:13:58,471 [ERROR] LogOutputStream:75 - [STDERR_REDIRECT] WARNING: Could not lock System prefs. Unix error code 2.
2025-10-07 19:13:58,471 [ERROR] LogOutputStream:75 - [STDERR_REDIRECT] 
2025-10-07 19:13:58,471 [ERROR] LogOutputStream:75 - [STDERR_REDIRECT] Oct 07, 2025 7:13:58 PM java.util.prefs.FileSystemPreferences syncWorld
2025-10-07 19:13:58,471 [ERROR] LogOutputStream:75 - [STDERR_REDIRECT] WARNING: Couldn't flush system prefs: java.util.prefs.BackingStoreException: Couldn't get file lock.
2025-10-07 19:13:58,471 [ERROR] LogOutputStream:75 - [STDERR_REDIRECT] 
2025-10-07 19:14:28,471 [ERROR] LogOutputStream:75 - [STDERR_REDIRECT] Oct 07, 2025 7:14:28 PM java.util.prefs.FileSystemPreferences checkLockFile0ErrorCode
2025-10-07 19:14:28,471 [ERROR] LogOutputStream:75 - [STDERR_REDIRECT] WARNING: Could not lock System prefs. Unix error code 2.
2025-10-07 19:14:28,471 [ERROR] LogOutputStream:75 - [STDERR_REDIRECT] 
2025-10-07 19:14:28,471 [ERROR] LogOutputStream:75 - [STDERR_REDIRECT] Oct 07, 2025 7:14:28 PM java.util.prefs.FileSystemPreferences syncWorld
2025-10-07 19:14:28,471 [ERROR] LogOutputStream:75 - [STDERR_REDIRECT] WARNING: Couldn't flush system prefs: java.util.prefs.BackingStoreException: Couldn't get file lock.
2025-10-07 19:14:28,471 [ERROR] LogOutputStream:75 - [STDERR_REDIRECT] 
2025-10-07 19:14:58,471 [ERROR] LogOutputStream:75 - [STDERR_REDIRECT] Oct 07, 2025 7:14:58 PM java.util.prefs.FileSystemPreferences checkLockFile0ErrorCode
2025-10-07 19:14:58,471 [ERROR] LogOutputStream:75 - [STDERR_REDIRECT] WARNING: Could not lock System prefs. Unix error code 2.
2025-10-07 19:14:58,471 [ERROR] LogOutputStream:75 - [STDERR_REDIRECT] 
2025-10-07 19:14:58,471 [ERROR] LogOutputStream:75 - [STDERR_REDIRECT] Oct 07, 2025 7:14:58 PM java.util.prefs.FileSystemPreferences syncWorld
2025-10-07 19:14:58,471 [ERROR] LogOutputStream:75 - [STDERR_REDIRECT] WARNING: Couldn't flush system prefs: java.util.prefs.BackingStoreException: Couldn't get file lock.
2025-10-07 19:14:58,471 [ERROR] LogOutputStream:75 - [STDERR_REDIRECT] 
2025-10-07 19:15:28,471 [ERROR] LogOutputStream:75 - [STDERR_REDIRECT] Oct 07, 2025 7:15:28 PM java.util.prefs.FileSystemPreferences checkLockFile0ErrorCode
2025-10-07 19:15:28,471 [ERROR] LogOutputStream:75 - [STDERR_REDIRECT] WARNING: Could not lock System prefs. Unix error code 2.
2025-10-07 19:15:28,471 [ERROR] LogOutputStream:75 - [STDERR_REDIRECT] 
2025-10-07 19:15:28,471 [ERROR] LogOutputStream:75 - [STDERR_REDIRECT] Oct 07, 2025 7:15:28 PM java.util.prefs.FileSystemPreferences syncWorld
2025-10-07 19:15:28,471 [ERROR] LogOutputStream:75 - [STDERR_REDIRECT] WARNING: Couldn't flush system prefs: java.util.prefs.BackingStoreException: Couldn't get file lock.
2025-10-07 19:15:28,471 [ERROR] LogOutputStream:75 - [STDERR_REDIRECT] 
2025-10-07 19:15:58,470 [ERROR] LogOutputStream:75 - [STDERR_REDIRECT] Oct 07, 2025 7:15:58 PM java.util.prefs.FileSystemPreferences checkLockFile0ErrorCode
2025-10-07 19:15:58,470 [ERROR] LogOutputStream:75 - [STDERR_REDIRECT] WARNING: Could not lock System prefs. Unix error code 2.
2025-10-07 19:15:58,471 [ERROR] LogOutputStream:75 - [STDERR_REDIRECT] 
2025-10-07 19:15:58,471 [ERROR] LogOutputStream:75 - [STDERR_REDIRECT] Oct 07, 2025 7:15:58 PM java.util.prefs.FileSystemPreferences syncWorld
2025-10-07 19:15:58,471 [ERROR] LogOutputStream:75 - [STDERR_REDIRECT] WARNING: Couldn't flush system prefs: java.util.prefs.BackingStoreException: Couldn't get file lock.
2025-10-07 19:15:58,471 [ERROR] LogOutputStream:75 - [STDERR_REDIRECT] 
2025-10-07 19:16:28,470 [ERROR] LogOutputStream:75 - [STDERR_REDIRECT] Oct 07, 2025 7:16:28 PM java.util.prefs.FileSystemPreferences checkLockFile0ErrorCode
2025-10-07 19:16:28,470 [ERROR] LogOutputStream:75 - [STDERR_REDIRECT] WARNING: Could not lock System prefs. Unix error code 2.
2025-10-07 19:16:28,470 [ERROR] LogOutputStream:75 - [STDERR_REDIRECT] 
2025-10-07 19:16:28,471 [ERROR] LogOutputStream:75 - [STDERR_REDIRECT] Oct 07, 2025 7:16:28 PM java.util.prefs.FileSystemPreferences syncWorld
2025-10-07 19:16:28,471 [ERROR] LogOutputStream:75 - [STDERR_REDIRECT] WARNING: Couldn't flush system prefs: java.util.prefs.BackingStoreException: Couldn't get file lock.
2025-10-07 19:16:28,471 [ERROR] LogOutputStream:75 - [STDERR_REDIRECT] 
2025-10-07 19:16:58,470 [ERROR] LogOutputStream:75 - [STDERR_REDIRECT] Oct 07, 2025 7:16:58 PM java.util.prefs.FileSystemPreferences checkLockFile0ErrorCode
2025-10-07 19:16:58,470 [ERROR] LogOutputStream:75 - [STDERR_REDIRECT] WARNING: Could not lock System prefs. Unix error code 2.
2025-10-07 19:16:58,470 [ERROR] LogOutputStream:75 - [STDERR_REDIRECT] 
2025-10-07 19:16:58,470 [ERROR] LogOutputStream:75 - [STDERR_REDIRECT] Oct 07, 2025 7:16:58 PM java.util.prefs.FileSystemPreferences syncWorld
2025-10-07 19:16:58,470 [ERROR] LogOutputStream:75 - [STDERR_REDIRECT] WARNING: Couldn't flush system prefs: java.util.prefs.BackingStoreException: Couldn't get file lock.
2025-10-07 19:16:58,470 [ERROR] LogOutputStream:75 - [STDERR_REDIRECT] 
2025-10-07 19:17:28,471 [ERROR] LogOutputStream:75 - [STDERR_REDIRECT] Oct 07, 2025 7:17:28 PM java.util.prefs.FileSystemPreferences checkLockFile0ErrorCode
2025-10-07 19:17:28,471 [ERROR] LogOutputStream:75 - [STDERR_REDIRECT] WARNING: Could not lock System prefs. Unix error code 2.
2025-10-07 19:17:28,471 [ERROR] LogOutputStream:75 - [STDERR_REDIRECT] 
2025-10-07 19:17:28,471 [ERROR] LogOutputStream:75 - [STDERR_REDIRECT] Oct 07, 2025 7:17:28 PM java.util.prefs.FileSystemPreferences syncWorld
2025-10-07 19:17:28,471 [ERROR] LogOutputStream:75 - [STDERR_REDIRECT] WARNING: Couldn't flush system prefs: java.util.prefs.BackingStoreException: Couldn't get file lock.
2025-10-07 19:17:28,471 [ERROR] LogOutputStream:75 - [STDERR_REDIRECT] 
2025-10-07 19:17:58,472 [ERROR] LogOutputStream:75 - [STDERR_REDIRECT] Oct 07, 2025 7:17:58 PM java.util.prefs.FileSystemPreferences checkLockFile0ErrorCode
2025-10-07 19:17:58,472 [ERROR] LogOutputStream:75 - [STDERR_REDIRECT] WARNING: Could not lock System prefs. Unix error code 2.
2025-10-07 19:17:58,472 [ERROR] LogOutputStream:75 - [STDERR_REDIRECT] 
2025-10-07 19:17:58,472 [ERROR] LogOutputStream:75 - [STDERR_REDIRECT] Oct 07, 2025 7:17:58 PM java.util.prefs.FileSystemPreferences syncWorld
2025-10-07 19:17:58,472 [ERROR] LogOutputStream:75 - [STDERR_REDIRECT] WARNING: Couldn't flush system prefs: java.util.prefs.BackingStoreException: Couldn't get file lock.
2025-10-07 19:17:58,472 [ERROR] LogOutputStream:75 - [STDERR_REDIRECT] 
2025-10-07 19:18:28,471 [ERROR] LogOutputStream:75 - [STDERR_REDIRECT] Oct 07, 2025 7:18:28 PM java.util.prefs.FileSystemPreferences checkLockFile0ErrorCode
2025-10-07 19:18:28,472 [ERROR] LogOutputStream:75 - [STDERR_REDIRECT] WARNING: Could not lock System prefs. Unix error code 2.
2025-10-07 19:18:28,472 [ERROR] LogOutputStream:75 - [STDERR_REDIRECT] 
2025-10-07 19:18:28,472 [ERROR] LogOutputStream:75 - [STDERR_REDIRECT] Oct 07, 2025 7:18:28 PM java.util.prefs.FileSystemPreferences syncWorld
2025-10-07 19:18:28,472 [ERROR] LogOutputStream:75 - [STDERR_REDIRECT] WARNING: Couldn't flush system prefs: java.util.prefs.BackingStoreException: Couldn't get file lock.
2025-10-07 19:18:28,472 [ERROR] LogOutputStream:75 - [STDERR_REDIRECT] 
2025-10-07 19:18:58,471 [ERROR] LogOutputStream:75 - [STDERR_REDIRECT] Oct 07, 2025 7:18:58 PM java.util.prefs.FileSystemPreferences checkLockFile0ErrorCode
2025-10-07 19:18:58,472 [ERROR] LogOutputStream:75 - [STDERR_REDIRECT] WARNING: Could not lock System prefs. Unix error code 2.
2025-10-07 19:18:58,472 [ERROR] LogOutputStream:75 - [STDERR_REDIRECT] 
2025-10-07 19:18:58,472 [ERROR] LogOutputStream:75 - [STDERR_REDIRECT] Oct 07, 2025 7:18:58 PM java.util.prefs.FileSystemPreferences syncWorld
2025-10-07 19:18:58,472 [ERROR] LogOutputStream:75 - [STDERR_REDIRECT] WARNING: Couldn't flush system prefs: java.util.prefs.BackingStoreException: Couldn't get file lock.
2025-10-07 19:18:58,472 [ERROR] LogOutputStream:75 - [STDERR_REDIRECT] 
2025-10-07 19:19:28,471 [ERROR] LogOutputStream:75 - [STDERR_REDIRECT] Oct 07, 2025 7:19:28 PM java.util.prefs.FileSystemPreferences checkLockFile0ErrorCode
2025-10-07 19:19:28,471 [ERROR] LogOutputStream:75 - [STDERR_REDIRECT] WARNING: Could not lock System prefs. Unix error code 2.
2025-10-07 19:19:28,472 [ERROR] LogOutputStream:75 - [STDERR_REDIRECT] 
2025-10-07 19:19:28,472 [ERROR] LogOutputStream:75 - [STDERR_REDIRECT] Oct 07, 2025 7:19:28 PM java.util.prefs.FileSystemPreferences syncWorld
2025-10-07 19:19:28,472 [ERROR] LogOutputStream:75 - [STDERR_REDIRECT] WARNING: Couldn't flush system prefs: java.util.prefs.BackingStoreException: Couldn't get file lock.
2025-10-07 19:19:28,472 [ERROR] LogOutputStream:75 - [STDERR_REDIRECT] 
2025-10-07 19:19:58,471 [ERROR] LogOutputStream:75 - [STDERR_REDIRECT] Oct 07, 2025 7:19:58 PM java.util.prefs.FileSystemPreferences checkLockFile0ErrorCode
2025-10-07 19:19:58,471 [ERROR] LogOutputStream:75 - [STDERR_REDIRECT] WARNING: Could not lock System prefs. Unix error code 2.
2025-10-07 19:19:58,471 [ERROR] LogOutputStream:75 - [STDERR_REDIRECT] 
2025-10-07 19:19:58,471 [ERROR] LogOutputStream:75 - [STDERR_REDIRECT] Oct 07, 2025 7:19:58 PM java.util.prefs.FileSystemPreferences syncWorld
2025-10-07 19:19:58,472 [ERROR] LogOutputStream:75 - [STDERR_REDIRECT] WARNING: Couldn't flush system prefs: java.util.prefs.BackingStoreException: Couldn't get file lock.
2025-10-07 19:19:58,472 [ERROR] LogOutputStream:75 - [STDERR_REDIRECT] 
2025-10-07 19:20:28,471 [ERROR] LogOutputStream:75 - [STDERR_REDIRECT] Oct 07, 2025 7:20:28 PM java.util.prefs.FileSystemPreferences checkLockFile0ErrorCode
2025-10-07 19:20:28,471 [ERROR] LogOutputStream:75 - [STDERR_REDIRECT] WARNING: Could not lock System prefs. Unix error code 2.
2025-10-07 19:20:28,471 [ERROR] LogOutputStream:75 - [STDERR_REDIRECT] 
2025-10-07 19:20:28,471 [ERROR] LogOutputStream:75 - [STDERR_REDIRECT] Oct 07, 2025 7:20:28 PM java.util.prefs.FileSystemPreferences syncWorld
2025-10-07 19:20:28,472 [ERROR] LogOutputStream:75 - [STDERR_REDIRECT] WARNING: Couldn't flush system prefs: java.util.prefs.BackingStoreException: Couldn't get file lock.
2025-10-07 19:20:28,472 [ERROR] LogOutputStream:75 - [STDERR_REDIRECT] 
2025-10-07 19:20:58,471 [ERROR] LogOutputStream:75 - [STDERR_REDIRECT] Oct 07, 2025 7:20:58 PM java.util.prefs.FileSystemPreferences checkLockFile0ErrorCode
2025-10-07 19:20:58,471 [ERROR] LogOutputStream:75 - [STDERR_REDIRECT] WARNING: Could not lock System prefs. Unix error code 2.
2025-10-07 19:20:58,471 [ERROR] LogOutputStream:75 - [STDERR_REDIRECT] 
2025-10-07 19:20:58,471 [ERROR] LogOutputStream:75 - [STDERR_REDIRECT] Oct 07, 2025 7:20:58 PM java.util.prefs.FileSystemPreferences syncWorld
2025-10-07 19:20:58,472 [ERROR] LogOutputStream:75 - [STDERR_REDIRECT] WARNING: Couldn't flush system prefs: java.util.prefs.BackingStoreException: Couldn't get file lock.
2025-10-07 19:20:58,472 [ERROR] LogOutputStream:75 - [STDERR_REDIRECT] 
2025-10-07 19:21:28,471 [ERROR] LogOutputStream:75 - [STDERR_REDIRECT] Oct 07, 2025 7:21:28 PM java.util.prefs.FileSystemPreferences checkLockFile0ErrorCode
2025-10-07 19:21:28,472 [ERROR] LogOutputStream:75 - [STDERR_REDIRECT] WARNING: Could not lock System prefs. Unix error code 2.
2025-10-07 19:21:28,472 [ERROR] LogOutputStream:75 - [STDERR_REDIRECT] 
2025-10-07 19:21:28,472 [ERROR] LogOutputStream:75 - [STDERR_REDIRECT] Oct 07, 2025 7:21:28 PM java.util.prefs.FileSystemPreferences syncWorld
2025-10-07 19:21:28,472 [ERROR] LogOutputStream:75 - [STDERR_REDIRECT] WARNING: Couldn't flush system prefs: java.util.prefs.BackingStoreException: Couldn't get file lock.
2025-10-07 19:21:28,472 [ERROR] LogOutputStream:75 - [STDERR_REDIRECT] 
2025-10-07 19:21:58,472 [ERROR] LogOutputStream:75 - [STDERR_REDIRECT] Oct 07, 2025 7:21:58 PM java.util.prefs.FileSystemPreferences checkLockFile0ErrorCode
2025-10-07 19:21:58,472 [ERROR] LogOutputStream:75 - [STDERR_REDIRECT] WARNING: Could not lock System prefs. Unix error code 2.
2025-10-07 19:21:58,472 [ERROR] LogOutputStream:75 - [STDERR_REDIRECT] 
2025-10-07 19:21:58,472 [ERROR] LogOutputStream:75 - [STDERR_REDIRECT] Oct 07, 2025 7:21:58 PM java.util.prefs.FileSystemPreferences syncWorld
2025-10-07 19:21:58,472 [ERROR] LogOutputStream:75 - [STDERR_REDIRECT] WARNING: Couldn't flush system prefs: java.util.prefs.BackingStoreException: Couldn't get file lock.
2025-10-07 19:21:58,472 [ERROR] LogOutputStream:75 - [STDERR_REDIRECT] 
2025-10-07 19:22:28,472 [ERROR] LogOutputStream:75 - [STDERR_REDIRECT] Oct 07, 2025 7:22:28 PM java.util.prefs.FileSystemPreferences checkLockFile0ErrorCode
2025-10-07 19:22:28,472 [ERROR] LogOutputStream:75 - [STDERR_REDIRECT] WARNING: Could not lock System prefs. Unix error code 2.
2025-10-07 19:22:28,472 [ERROR] LogOutputStream:75 - [STDERR_REDIRECT] 
2025-10-07 19:22:28,472 [ERROR] LogOutputStream:75 - [STDERR_REDIRECT] Oct 07, 2025 7:22:28 PM java.util.prefs.FileSystemPreferences syncWorld
2025-10-07 19:22:28,472 [ERROR] LogOutputStream:75 - [STDERR_REDIRECT] WARNING: Couldn't flush system prefs: java.util.prefs.BackingStoreException: Couldn't get file lock.
2025-10-07 19:22:28,472 [ERROR] LogOutputStream:75 - [STDERR_REDIRECT] 
2025-10-07 19:22:58,472 [ERROR] LogOutputStream:75 - [STDERR_REDIRECT] Oct 07, 2025 7:22:58 PM java.util.prefs.FileSystemPreferences checkLockFile0ErrorCode
2025-10-07 19:22:58,472 [ERROR] LogOutputStream:75 - [STDERR_REDIRECT] WARNING: Could not lock System prefs. Unix error code 2.
2025-10-07 19:22:58,472 [ERROR] LogOutputStream:75 - [STDERR_REDIRECT] 
2025-10-07 19:22:58,472 [ERROR] LogOutputStream:75 - [STDERR_REDIRECT] Oct 07, 2025 7:22:58 PM java.util.prefs.FileSystemPreferences syncWorld
2025-10-07 19:22:58,472 [ERROR] LogOutputStream:75 - [STDERR_REDIRECT] WARNING: Couldn't flush system prefs: java.util.prefs.BackingStoreException: Couldn't get file lock.
2025-10-07 19:22:58,472 [ERROR] LogOutputStream:75 - [STDERR_REDIRECT] 
2025-10-07 19:23:28,471 [ERROR] LogOutputStream:75 - [STDERR_REDIRECT] Oct 07, 2025 7:23:28 PM java.util.prefs.FileSystemPreferences checkLockFile0ErrorCode
2025-10-07 19:23:28,471 [ERROR] LogOutputStream:75 - [STDERR_REDIRECT] WARNING: Could not lock System prefs. Unix error code 2.
2025-10-07 19:23:28,471 [ERROR] LogOutputStream:75 - [STDERR_REDIRECT] 
2025-10-07 19:23:28,472 [ERROR] LogOutputStream:75 - [STDERR_REDIRECT] Oct 07, 2025 7:23:28 PM java.util.prefs.FileSystemPreferences syncWorld
2025-10-07 19:23:28,472 [ERROR] LogOutputStream:75 - [STDERR_REDIRECT] WARNING: Couldn't flush system prefs: java.util.prefs.BackingStoreException: Couldn't get file lock.
2025-10-07 19:23:28,472 [ERROR] LogOutputStream:75 - [STDERR_REDIRECT] 
2025-10-07 19:23:58,471 [ERROR] LogOutputStream:75 - [STDERR_REDIRECT] Oct 07, 2025 7:23:58 PM java.util.prefs.FileSystemPreferences checkLockFile0ErrorCode
2025-10-07 19:23:58,471 [ERROR] LogOutputStream:75 - [STDERR_REDIRECT] WARNING: Could not lock System prefs. Unix error code 2.
2025-10-07 19:23:58,471 [ERROR] LogOutputStream:75 - [STDERR_REDIRECT] 
2025-10-07 19:23:58,472 [ERROR] LogOutputStream:75 - [STDERR_REDIRECT] Oct 07, 2025 7:23:58 PM java.util.prefs.FileSystemPreferences syncWorld
2025-10-07 19:23:58,472 [ERROR] LogOutputStream:75 - [STDERR_REDIRECT] WARNING: Couldn't flush system prefs: java.util.prefs.BackingStoreException: Couldn't get file lock.
2025-10-07 19:23:58,472 [ERROR] LogOutputStream:75 - [STDERR_REDIRECT] 
2025-10-07 19:24:28,471 [ERROR] LogOutputStream:75 - [STDERR_REDIRECT] Oct 07, 2025 7:24:28 PM java.util.prefs.FileSystemPreferences checkLockFile0ErrorCode
2025-10-07 19:24:28,471 [ERROR] LogOutputStream:75 - [STDERR_REDIRECT] WARNING: Could not lock System prefs. Unix error code 2.
2025-10-07 19:24:28,471 [ERROR] LogOutputStream:75 - [STDERR_REDIRECT] 
2025-10-07 19:24:28,471 [ERROR] LogOutputStream:75 - [STDERR_REDIRECT] Oct 07, 2025 7:24:28 PM java.util.prefs.FileSystemPreferences syncWorld
2025-10-07 19:24:28,471 [ERROR] LogOutputStream:75 - [STDERR_REDIRECT] WARNING: Couldn't flush system prefs: java.util.prefs.BackingStoreException: Couldn't get file lock.
2025-10-07 19:24:28,472 [ERROR] LogOutputStream:75 - [STDERR_REDIRECT] 
2025-10-07 19:24:58,471 [ERROR] LogOutputStream:75 - [STDERR_REDIRECT] Oct 07, 2025 7:24:58 PM java.util.prefs.FileSystemPreferences checkLockFile0ErrorCode
2025-10-07 19:24:58,471 [ERROR] LogOutputStream:75 - [STDERR_REDIRECT] WARNING: Could not lock System prefs. Unix error code 2.
2025-10-07 19:24:58,471 [ERROR] LogOutputStream:75 - [STDERR_REDIRECT] 
2025-10-07 19:24:58,471 [ERROR] LogOutputStream:75 - [STDERR_REDIRECT] Oct 07, 2025 7:24:58 PM java.util.prefs.FileSystemPreferences syncWorld
2025-10-07 19:24:58,471 [ERROR] LogOutputStream:75 - [STDERR_REDIRECT] WARNING: Couldn't flush system prefs: java.util.prefs.BackingStoreException: Couldn't get file lock.
2025-10-07 19:24:58,471 [ERROR] LogOutputStream:75 - [STDERR_REDIRECT] 
2025-10-07 19:25:28,472 [ERROR] LogOutputStream:75 - [STDERR_REDIRECT] Oct 07, 2025 7:25:28 PM java.util.prefs.FileSystemPreferences checkLockFile0ErrorCode
2025-10-07 19:25:28,472 [ERROR] LogOutputStream:75 - [STDERR_REDIRECT] WARNING: Could not lock System prefs. Unix error code 2.
2025-10-07 19:25:28,472 [ERROR] LogOutputStream:75 - [STDERR_REDIRECT] 
2025-10-07 19:25:28,472 [ERROR] LogOutputStream:75 - [STDERR_REDIRECT] Oct 07, 2025 7:25:28 PM java.util.prefs.FileSystemPreferences syncWorld
2025-10-07 19:25:28,472 [ERROR] LogOutputStream:75 - [STDERR_REDIRECT] WARNING: Couldn't flush system prefs: java.util.prefs.BackingStoreException: Couldn't get file lock.
2025-10-07 19:25:28,472 [ERROR] LogOutputStream:75 - [STDERR_REDIRECT] 
2025-10-07 19:25:58,472 [ERROR] LogOutputStream:75 - [STDERR_REDIRECT] Oct 07, 2025 7:25:58 PM java.util.prefs.FileSystemPreferences checkLockFile0ErrorCode
2025-10-07 19:25:58,472 [ERROR] LogOutputStream:75 - [STDERR_REDIRECT] WARNING: Could not lock System prefs. Unix error code 2.
2025-10-07 19:25:58,472 [ERROR] LogOutputStream:75 - [STDERR_REDIRECT] 
2025-10-07 19:25:58,472 [ERROR] LogOutputStream:75 - [STDERR_REDIRECT] Oct 07, 2025 7:25:58 PM java.util.prefs.FileSystemPreferences syncWorld
2025-10-07 19:25:58,472 [ERROR] LogOutputStream:75 - [STDERR_REDIRECT] WARNING: Couldn't flush system prefs: java.util.prefs.BackingStoreException: Couldn't get file lock.
2025-10-07 19:25:58,472 [ERROR] LogOutputStream:75 - [STDERR_REDIRECT] 
2025-10-07 19:26:28,472 [ERROR] LogOutputStream:75 - [STDERR_REDIRECT] Oct 07, 2025 7:26:28 PM java.util.prefs.FileSystemPreferences checkLockFile0ErrorCode
2025-10-07 19:26:28,472 [ERROR] LogOutputStream:75 - [STDERR_REDIRECT] WARNING: Could not lock System prefs. Unix error code 2.
2025-10-07 19:26:28,473 [ERROR] LogOutputStream:75 - [STDERR_REDIRECT] 
2025-10-07 19:26:28,473 [ERROR] LogOutputStream:75 - [STDERR_REDIRECT] Oct 07, 2025 7:26:28 PM java.util.prefs.FileSystemPreferences syncWorld
2025-10-07 19:26:28,473 [ERROR] LogOutputStream:75 - [STDERR_REDIRECT] WARNING: Couldn't flush system prefs: java.util.prefs.BackingStoreException: Couldn't get file lock.
2025-10-07 19:26:28,473 [ERROR] LogOutputStream:75 - [STDERR_REDIRECT] 
2025-10-07 19:26:58,472 [ERROR] LogOutputStream:75 - [STDERR_REDIRECT] Oct 07, 2025 7:26:58 PM java.util.prefs.FileSystemPreferences checkLockFile0ErrorCode
2025-10-07 19:26:58,472 [ERROR] LogOutputStream:75 - [STDERR_REDIRECT] WARNING: Could not lock System prefs. Unix error code 2.
2025-10-07 19:26:58,510 [ERROR] LogOutputStream:75 - [STDERR_REDIRECT] 
2025-10-07 19:26:58,510 [ERROR] LogOutputStream:75 - [STDERR_REDIRECT] Oct 07, 2025 7:26:58 PM java.util.prefs.FileSystemPreferences syncWorld
2025-10-07 19:26:58,510 [ERROR] LogOutputStream:75 - [STDERR_REDIRECT] WARNING: Couldn't flush system prefs: java.util.prefs.BackingStoreException: Couldn't get file lock.
2025-10-07 19:26:58,510 [ERROR] LogOutputStream:75 - [STDERR_REDIRECT] 
2025-10-07 19:27:28,472 [ERROR] LogOutputStream:75 - [STDERR_REDIRECT] Oct 07, 2025 7:27:28 PM java.util.prefs.FileSystemPreferences checkLockFile0ErrorCode
2025-10-07 19:27:28,472 [ERROR] LogOutputStream:75 - [STDERR_REDIRECT] WARNING: Could not lock System prefs. Unix error code 2.
2025-10-07 19:27:28,473 [ERROR] LogOutputStream:75 - [STDERR_REDIRECT] 
2025-10-07 19:27:28,473 [ERROR] LogOutputStream:75 - [STDERR_REDIRECT] Oct 07, 2025 7:27:28 PM java.util.prefs.FileSystemPreferences syncWorld
2025-10-07 19:27:28,473 [ERROR] LogOutputStream:75 - [STDERR_REDIRECT] WARNING: Couldn't flush system prefs: java.util.prefs.BackingStoreException: Couldn't get file lock.
2025-10-07 19:27:28,473 [ERROR] LogOutputStream:75 - [STDERR_REDIRECT] 
2025-10-07 19:27:58,473 [ERROR] LogOutputStream:75 - [STDERR_REDIRECT] Oct 07, 2025 7:27:58 PM java.util.prefs.FileSystemPreferences checkLockFile0ErrorCode
2025-10-07 19:27:58,473 [ERROR] LogOutputStream:75 - [STDERR_REDIRECT] WARNING: Could not lock System prefs. Unix error code 2.
2025-10-07 19:27:58,473 [ERROR] LogOutputStream:75 - [STDERR_REDIRECT] 
2025-10-07 19:27:58,473 [ERROR] LogOutputStream:75 - [STDERR_REDIRECT] Oct 07, 2025 7:27:58 PM java.util.prefs.FileSystemPreferences syncWorld
2025-10-07 19:27:58,473 [ERROR] LogOutputStream:75 - [STDERR_REDIRECT] WARNING: Couldn't flush system prefs: java.util.prefs.BackingStoreException: Couldn't get file lock.
2025-10-07 19:27:58,473 [ERROR] LogOutputStream:75 - [STDERR_REDIRECT] 
2025-10-07 19:28:28,473 [ERROR] LogOutputStream:75 - [STDERR_REDIRECT] Oct 07, 2025 7:28:28 PM java.util.prefs.FileSystemPreferences checkLockFile0ErrorCode
2025-10-07 19:28:28,473 [ERROR] LogOutputStream:75 - [STDERR_REDIRECT] WARNING: Could not lock System prefs. Unix error code 2.
2025-10-07 19:28:28,473 [ERROR] LogOutputStream:75 - [STDERR_REDIRECT] 
2025-10-07 19:28:28,473 [ERROR] LogOutputStream:75 - [STDERR_REDIRECT] Oct 07, 2025 7:28:28 PM java.util.prefs.FileSystemPreferences syncWorld
2025-10-07 19:28:28,473 [ERROR] LogOutputStream:75 - [STDERR_REDIRECT] WARNING: Couldn't flush system prefs: java.util.prefs.BackingStoreException: Couldn't get file lock.
2025-10-07 19:28:28,473 [ERROR] LogOutputStream:75 - [STDERR_REDIRECT] 
2025-10-07 19:28:58,473 [ERROR] LogOutputStream:75 - [STDERR_REDIRECT] Oct 07, 2025 7:28:58 PM java.util.prefs.FileSystemPreferences checkLockFile0ErrorCode
2025-10-07 19:28:58,473 [ERROR] LogOutputStream:75 - [STDERR_REDIRECT] WARNING: Could not lock System prefs. Unix error code 2.
2025-10-07 19:28:58,473 [ERROR] LogOutputStream:75 - [STDERR_REDIRECT] 
2025-10-07 19:28:58,473 [ERROR] LogOutputStream:75 - [STDERR_REDIRECT] Oct 07, 2025 7:28:58 PM java.util.prefs.FileSystemPreferences syncWorld
2025-10-07 19:28:58,473 [ERROR] LogOutputStream:75 - [STDERR_REDIRECT] WARNING: Couldn't flush system prefs: java.util.prefs.BackingStoreException: Couldn't get file lock.
2025-10-07 19:28:58,473 [ERROR] LogOutputStream:75 - [STDERR_REDIRECT] 
2025-10-07 19:29:28,473 [ERROR] LogOutputStream:75 - [STDERR_REDIRECT] Oct 07, 2025 7:29:28 PM java.util.prefs.FileSystemPreferences checkLockFile0ErrorCode
2025-10-07 19:29:28,474 [ERROR] LogOutputStream:75 - [STDERR_REDIRECT] WARNING: Could not lock System prefs. Unix error code 2.
2025-10-07 19:29:28,474 [ERROR] LogOutputStream:75 - [STDERR_REDIRECT] 
2025-10-07 19:29:28,474 [ERROR] LogOutputStream:75 - [STDERR_REDIRECT] Oct 07, 2025 7:29:28 PM java.util.prefs.FileSystemPreferences syncWorld
2025-10-07 19:29:28,474 [ERROR] LogOutputStream:75 - [STDERR_REDIRECT] WARNING: Couldn't flush system prefs: java.util.prefs.BackingStoreException: Couldn't get file lock.
2025-10-07 19:29:28,474 [ERROR] LogOutputStream:75 - [STDERR_REDIRECT] 
2025-10-07 19:29:58,473 [ERROR] LogOutputStream:75 - [STDERR_REDIRECT] Oct 07, 2025 7:29:58 PM java.util.prefs.FileSystemPreferences checkLockFile0ErrorCode
2025-10-07 19:29:58,473 [ERROR] LogOutputStream:75 - [STDERR_REDIRECT] WARNING: Could not lock System prefs. Unix error code 2.
2025-10-07 19:29:58,473 [ERROR] LogOutputStream:75 - [STDERR_REDIRECT] 
2025-10-07 19:29:58,474 [ERROR] LogOutputStream:75 - [STDERR_REDIRECT] Oct 07, 2025 7:29:58 PM java.util.prefs.FileSystemPreferences syncWorld
2025-10-07 19:29:58,474 [ERROR] LogOutputStream:75 - [STDERR_REDIRECT] WARNING: Couldn't flush system prefs: java.util.prefs.BackingStoreException: Couldn't get file lock.
2025-10-07 19:29:58,474 [ERROR] LogOutputStream:75 - [STDERR_REDIRECT] 
2025-10-07 19:30:28,473 [ERROR] LogOutputStream:75 - [STDERR_REDIRECT] Oct 07, 2025 7:30:28 PM java.util.prefs.FileSystemPreferences checkLockFile0ErrorCode
2025-10-07 19:30:28,473 [ERROR] LogOutputStream:75 - [STDERR_REDIRECT] WARNING: Could not lock System prefs. Unix error code 2.
2025-10-07 19:30:28,473 [ERROR] LogOutputStream:75 - [STDERR_REDIRECT] 
2025-10-07 19:30:28,473 [ERROR] LogOutputStream:75 - [STDERR_REDIRECT] Oct 07, 2025 7:30:28 PM java.util.prefs.FileSystemPreferences syncWorld
2025-10-07 19:30:28,473 [ERROR] LogOutputStream:75 - [STDERR_REDIRECT] WARNING: Couldn't flush system prefs: java.util.prefs.BackingStoreException: Couldn't get file lock.
2025-10-07 19:30:28,473 [ERROR] LogOutputStream:75 - [STDERR_REDIRECT] 
2025-10-07 19:30:58,474 [ERROR] LogOutputStream:75 - [STDERR_REDIRECT] Oct 07, 2025 7:30:58 PM java.util.prefs.FileSystemPreferences checkLockFile0ErrorCode
2025-10-07 19:30:58,474 [ERROR] LogOutputStream:75 - [STDERR_REDIRECT] WARNING: Could not lock System prefs. Unix error code 2.
2025-10-07 19:30:58,474 [ERROR] LogOutputStream:75 - [STDERR_REDIRECT] 
2025-10-07 19:30:58,474 [ERROR] LogOutputStream:75 - [STDERR_REDIRECT] Oct 07, 2025 7:30:58 PM java.util.prefs.FileSystemPreferences syncWorld
2025-10-07 19:30:58,474 [ERROR] LogOutputStream:75 - [STDERR_REDIRECT] WARNING: Couldn't flush system prefs: java.util.prefs.BackingStoreException: Couldn't get file lock.
2025-10-07 19:30:58,474 [ERROR] LogOutputStream:75 - [STDERR_REDIRECT] 
2025-10-07 19:31:28,473 [ERROR] LogOutputStream:75 - [STDERR_REDIRECT] Oct 07, 2025 7:31:28 PM java.util.prefs.FileSystemPreferences checkLockFile0ErrorCode
2025-10-07 19:31:28,473 [ERROR] LogOutputStream:75 - [STDERR_REDIRECT] WARNING: Could not lock System prefs. Unix error code 2.
2025-10-07 19:31:28,484 [ERROR] LogOutputStream:75 - [STDERR_REDIRECT] 
2025-10-07 19:31:28,484 [ERROR] LogOutputStream:75 - [STDERR_REDIRECT] Oct 07, 2025 7:31:28 PM java.util.prefs.FileSystemPreferences syncWorld
2025-10-07 19:31:28,484 [ERROR] LogOutputStream:75 - [STDERR_REDIRECT] WARNING: Couldn't flush system prefs: java.util.prefs.BackingStoreException: Couldn't get file lock.
2025-10-07 19:31:28,484 [ERROR] LogOutputStream:75 - [STDERR_REDIRECT] 
2025-10-07 19:31:58,474 [ERROR] LogOutputStream:75 - [STDERR_REDIRECT] Oct 07, 2025 7:31:58 PM java.util.prefs.FileSystemPreferences checkLockFile0ErrorCode
2025-10-07 19:31:58,474 [ERROR] LogOutputStream:75 - [STDERR_REDIRECT] WARNING: Could not lock System prefs. Unix error code 2.
2025-10-07 19:31:58,474 [ERROR] LogOutputStream:75 - [STDERR_REDIRECT] 
2025-10-07 19:31:58,474 [ERROR] LogOutputStream:75 - [STDERR_REDIRECT] Oct 07, 2025 7:31:58 PM java.util.prefs.FileSystemPreferences syncWorld
2025-10-07 19:31:58,474 [ERROR] LogOutputStream:75 - [STDERR_REDIRECT] WARNING: Couldn't flush system prefs: java.util.prefs.BackingStoreException: Couldn't get file lock.
2025-10-07 19:31:58,474 [ERROR] LogOutputStream:75 - [STDERR_REDIRECT] 
2025-10-07 19:32:28,473 [ERROR] LogOutputStream:75 - [STDERR_REDIRECT] Oct 07, 2025 7:32:28 PM java.util.prefs.FileSystemPreferences checkLockFile0ErrorCode
2025-10-07 19:32:28,474 [ERROR] LogOutputStream:75 - [STDERR_REDIRECT] WARNING: Could not lock System prefs. Unix error code 2.
2025-10-07 19:32:28,474 [ERROR] LogOutputStream:75 - [STDERR_REDIRECT] 
2025-10-07 19:32:28,474 [ERROR] LogOutputStream:75 - [STDERR_REDIRECT] Oct 07, 2025 7:32:28 PM java.util.prefs.FileSystemPreferences syncWorld
2025-10-07 19:32:28,474 [ERROR] LogOutputStream:75 - [STDERR_REDIRECT] WARNING: Couldn't flush system prefs: java.util.prefs.BackingStoreException: Couldn't get file lock.
2025-10-07 19:32:28,474 [ERROR] LogOutputStream:75 - [STDERR_REDIRECT] 
2025-10-07 19:32:58,473 [ERROR] LogOutputStream:75 - [STDERR_REDIRECT] Oct 07, 2025 7:32:58 PM java.util.prefs.FileSystemPreferences checkLockFile0ErrorCode
2025-10-07 19:32:58,473 [ERROR] LogOutputStream:75 - [STDERR_REDIRECT] WARNING: Could not lock System prefs. Unix error code 2.
2025-10-07 19:32:58,473 [ERROR] LogOutputStream:75 - [STDERR_REDIRECT] 
2025-10-07 19:32:58,474 [ERROR] LogOutputStream:75 - [STDERR_REDIRECT] Oct 07, 2025 7:32:58 PM java.util.prefs.FileSystemPreferences syncWorld
2025-10-07 19:32:58,474 [ERROR] LogOutputStream:75 - [STDERR_REDIRECT] WARNING: Couldn't flush system prefs: java.util.prefs.BackingStoreException: Couldn't get file lock.
2025-10-07 19:32:58,474 [ERROR] LogOutputStream:75 - [STDERR_REDIRECT] 
2025-10-07 19:33:28,473 [ERROR] LogOutputStream:75 - [STDERR_REDIRECT] Oct 07, 2025 7:33:28 PM java.util.prefs.FileSystemPreferences checkLockFile0ErrorCode
2025-10-07 19:33:28,473 [ERROR] LogOutputStream:75 - [STDERR_REDIRECT] WARNING: Could not lock System prefs. Unix error code 2.
2025-10-07 19:33:28,473 [ERROR] LogOutputStream:75 - [STDERR_REDIRECT] 
2025-10-07 19:33:28,473 [ERROR] LogOutputStream:75 - [STDERR_REDIRECT] Oct 07, 2025 7:33:28 PM java.util.prefs.FileSystemPreferences syncWorld
2025-10-07 19:33:28,473 [ERROR] LogOutputStream:75 - [STDERR_REDIRECT] WARNING: Couldn't flush system prefs: java.util.prefs.BackingStoreException: Couldn't get file lock.
2025-10-07 19:33:28,473 [ERROR] LogOutputStream:75 - [STDERR_REDIRECT] 
2025-10-07 19:33:58,474 [ERROR] LogOutputStream:75 - [STDERR_REDIRECT] Oct 07, 2025 7:33:58 PM java.util.prefs.FileSystemPreferences checkLockFile0ErrorCode
2025-10-07 19:33:58,474 [ERROR] LogOutputStream:75 - [STDERR_REDIRECT] WARNING: Could not lock System prefs. Unix error code 2.
2025-10-07 19:33:58,474 [ERROR] LogOutputStream:75 - [STDERR_REDIRECT] 
2025-10-07 19:33:58,474 [ERROR] LogOutputStream:75 - [STDERR_REDIRECT] Oct 07, 2025 7:33:58 PM java.util.prefs.FileSystemPreferences syncWorld
2025-10-07 19:33:58,474 [ERROR] LogOutputStream:75 - [STDERR_REDIRECT] WARNING: Couldn't flush system prefs: java.util.prefs.BackingStoreException: Couldn't get file lock.
2025-10-07 19:33:58,474 [ERROR] LogOutputStream:75 - [STDERR_REDIRECT] 
2025-10-07 19:34:28,474 [ERROR] LogOutputStream:75 - [STDERR_REDIRECT] Oct 07, 2025 7:34:28 PM java.util.prefs.FileSystemPreferences checkLockFile0ErrorCode
2025-10-07 19:34:28,474 [ERROR] LogOutputStream:75 - [STDERR_REDIRECT] WARNING: Could not lock System prefs. Unix error code 2.
2025-10-07 19:34:28,474 [ERROR] LogOutputStream:75 - [STDERR_REDIRECT] 
2025-10-07 19:34:28,474 [ERROR] LogOutputStream:75 - [STDERR_REDIRECT] Oct 07, 2025 7:34:28 PM java.util.prefs.FileSystemPreferences syncWorld
2025-10-07 19:34:28,474 [ERROR] LogOutputStream:75 - [STDERR_REDIRECT] WARNING: Couldn't flush system prefs: java.util.prefs.BackingStoreException: Couldn't get file lock.
2025-10-07 19:34:28,474 [ERROR] LogOutputStream:75 - [STDERR_REDIRECT] 
2025-10-07 19:34:58,473 [ERROR] LogOutputStream:75 - [STDERR_REDIRECT] Oct 07, 2025 7:34:58 PM java.util.prefs.FileSystemPreferences checkLockFile0ErrorCode
2025-10-07 19:34:58,473 [ERROR] LogOutputStream:75 - [STDERR_REDIRECT] WARNING: Could not lock System prefs. Unix error code 2.
2025-10-07 19:34:58,473 [ERROR] LogOutputStream:75 - [STDERR_REDIRECT] 
2025-10-07 19:34:58,474 [ERROR] LogOutputStream:75 - [STDERR_REDIRECT] Oct 07, 2025 7:34:58 PM java.util.prefs.FileSystemPreferences syncWorld
2025-10-07 19:34:58,474 [ERROR] LogOutputStream:75 - [STDERR_REDIRECT] WARNING: Couldn't flush system prefs: java.util.prefs.BackingStoreException: Couldn't get file lock.
2025-10-07 19:34:58,474 [ERROR] LogOutputStream:75 - [STDERR_REDIRECT] 
2025-10-07 19:35:28,473 [ERROR] LogOutputStream:75 - [STDERR_REDIRECT] Oct 07, 2025 7:35:28 PM java.util.prefs.FileSystemPreferences checkLockFile0ErrorCode
2025-10-07 19:35:28,473 [ERROR] LogOutputStream:75 - [STDERR_REDIRECT] WARNING: Could not lock System prefs. Unix error code 2.
2025-10-07 19:35:28,473 [ERROR] LogOutputStream:75 - [STDERR_REDIRECT] 
2025-10-07 19:35:28,474 [ERROR] LogOutputStream:75 - [STDERR_REDIRECT] Oct 07, 2025 7:35:28 PM java.util.prefs.FileSystemPreferences syncWorld
2025-10-07 19:35:28,474 [ERROR] LogOutputStream:75 - [STDERR_REDIRECT] WARNING: Couldn't flush system prefs: java.util.prefs.BackingStoreException: Couldn't get file lock.
2025-10-07 19:35:28,474 [ERROR] LogOutputStream:75 - [STDERR_REDIRECT] 
2025-10-07 19:35:58,474 [ERROR] LogOutputStream:75 - [STDERR_REDIRECT] Oct 07, 2025 7:35:58 PM java.util.prefs.FileSystemPreferences checkLockFile0ErrorCode
2025-10-07 19:35:58,474 [ERROR] LogOutputStream:75 - [STDERR_REDIRECT] WARNING: Could not lock System prefs. Unix error code 2.
2025-10-07 19:35:58,474 [ERROR] LogOutputStream:75 - [STDERR_REDIRECT] 
2025-10-07 19:35:58,474 [ERROR] LogOutputStream:75 - [STDERR_REDIRECT] Oct 07, 2025 7:35:58 PM java.util.prefs.FileSystemPreferences syncWorld
2025-10-07 19:35:58,474 [ERROR] LogOutputStream:75 - [STDERR_REDIRECT] WARNING: Couldn't flush system prefs: java.util.prefs.BackingStoreException: Couldn't get file lock.
2025-10-07 19:35:58,474 [ERROR] LogOutputStream:75 - [STDERR_REDIRECT] 
2025-10-07 19:36:28,473 [ERROR] LogOutputStream:75 - [STDERR_REDIRECT] Oct 07, 2025 7:36:28 PM java.util.prefs.FileSystemPreferences checkLockFile0ErrorCode
2025-10-07 19:36:28,473 [ERROR] LogOutputStream:75 - [STDERR_REDIRECT] WARNING: Could not lock System prefs. Unix error code 2.
2025-10-07 19:36:28,473 [ERROR] LogOutputStream:75 - [STDERR_REDIRECT] 
2025-10-07 19:36:28,474 [ERROR] LogOutputStream:75 - [STDERR_REDIRECT] Oct 07, 2025 7:36:28 PM java.util.prefs.FileSystemPreferences syncWorld
2025-10-07 19:36:28,474 [ERROR] LogOutputStream:75 - [STDERR_REDIRECT] WARNING: Couldn't flush system prefs: java.util.prefs.BackingStoreException: Couldn't get file lock.
2025-10-07 19:36:28,474 [ERROR] LogOutputStream:75 - [STDERR_REDIRECT] 
2025-10-07 19:36:58,473 [ERROR] LogOutputStream:75 - [STDERR_REDIRECT] Oct 07, 2025 7:36:58 PM java.util.prefs.FileSystemPreferences checkLockFile0ErrorCode
2025-10-07 19:36:58,473 [ERROR] LogOutputStream:75 - [STDERR_REDIRECT] WARNING: Could not lock System prefs. Unix error code 2.
2025-10-07 19:36:58,473 [ERROR] LogOutputStream:75 - [STDERR_REDIRECT] 
2025-10-07 19:36:58,473 [ERROR] LogOutputStream:75 - [STDERR_REDIRECT] Oct 07, 2025 7:36:58 PM java.util.prefs.FileSystemPreferences syncWorld
2025-10-07 19:36:58,473 [ERROR] LogOutputStream:75 - [STDERR_REDIRECT] WARNING: Couldn't flush system prefs: java.util.prefs.BackingStoreException: Couldn't get file lock.
2025-10-07 19:36:58,473 [ERROR] LogOutputStream:75 - [STDERR_REDIRECT] 
2025-10-07 19:37:28,473 [ERROR] LogOutputStream:75 - [STDERR_REDIRECT] Oct 07, 2025 7:37:28 PM java.util.prefs.FileSystemPreferences checkLockFile0ErrorCode
2025-10-07 19:37:28,474 [ERROR] LogOutputStream:75 - [STDERR_REDIRECT] WARNING: Could not lock System prefs. Unix error code 2.
2025-10-07 19:37:28,474 [ERROR] LogOutputStream:75 - [STDERR_REDIRECT] 
2025-10-07 19:37:28,474 [ERROR] LogOutputStream:75 - [STDERR_REDIRECT] Oct 07, 2025 7:37:28 PM java.util.prefs.FileSystemPreferences syncWorld
2025-10-07 19:37:28,474 [ERROR] LogOutputStream:75 - [STDERR_REDIRECT] WARNING: Couldn't flush system prefs: java.util.prefs.BackingStoreException: Couldn't get file lock.
2025-10-07 19:37:28,474 [ERROR] LogOutputStream:75 - [STDERR_REDIRECT] 
2025-10-07 19:37:58,473 [ERROR] LogOutputStream:75 - [STDERR_REDIRECT] Oct 07, 2025 7:37:58 PM java.util.prefs.FileSystemPreferences checkLockFile0ErrorCode
2025-10-07 19:37:58,473 [ERROR] LogOutputStream:75 - [STDERR_REDIRECT] WARNING: Could not lock System prefs. Unix error code 2.
2025-10-07 19:37:58,473 [ERROR] LogOutputStream:75 - [STDERR_REDIRECT] 
2025-10-07 19:37:58,474 [ERROR] LogOutputStream:75 - [STDERR_REDIRECT] Oct 07, 2025 7:37:58 PM java.util.prefs.FileSystemPreferences syncWorld
2025-10-07 19:37:58,474 [ERROR] LogOutputStream:75 - [STDERR_REDIRECT] WARNING: Couldn't flush system prefs: java.util.prefs.BackingStoreException: Couldn't get file lock.
2025-10-07 19:37:58,474 [ERROR] LogOutputStream:75 - [STDERR_REDIRECT] 
2025-10-07 19:38:28,473 [ERROR] LogOutputStream:75 - [STDERR_REDIRECT] Oct 07, 2025 7:38:28 PM java.util.prefs.FileSystemPreferences checkLockFile0ErrorCode
2025-10-07 19:38:28,473 [ERROR] LogOutputStream:75 - [STDERR_REDIRECT] WARNING: Could not lock System prefs. Unix error code 2.
2025-10-07 19:38:28,473 [ERROR] LogOutputStream:75 - [STDERR_REDIRECT] 
2025-10-07 19:38:28,473 [ERROR] LogOutputStream:75 - [STDERR_REDIRECT] Oct 07, 2025 7:38:28 PM java.util.prefs.FileSystemPreferences syncWorld
2025-10-07 19:38:28,473 [ERROR] LogOutputStream:75 - [STDERR_REDIRECT] WARNING: Couldn't flush system prefs: java.util.prefs.BackingStoreException: Couldn't get file lock.
2025-10-07 19:38:28,473 [ERROR] LogOutputStream:75 - [STDERR_REDIRECT] 
2025-10-07 19:38:58,475 [ERROR] LogOutputStream:75 - [STDERR_REDIRECT] Oct 07, 2025 7:38:58 PM java.util.prefs.FileSystemPreferences checkLockFile0ErrorCode
2025-10-07 19:38:58,475 [ERROR] LogOutputStream:75 - [STDERR_REDIRECT] WARNING: Could not lock System prefs. Unix error code 2.
2025-10-07 19:38:58,475 [ERROR] LogOutputStream:75 - [STDERR_REDIRECT] 
2025-10-07 19:38:58,475 [ERROR] LogOutputStream:75 - [STDERR_REDIRECT] Oct 07, 2025 7:38:58 PM java.util.prefs.FileSystemPreferences syncWorld
2025-10-07 19:38:58,475 [ERROR] LogOutputStream:75 - [STDERR_REDIRECT] WARNING: Couldn't flush system prefs: java.util.prefs.BackingStoreException: Couldn't get file lock.
2025-10-07 19:38:58,475 [ERROR] LogOutputStream:75 - [STDERR_REDIRECT] 
2025-10-07 19:39:28,473 [ERROR] LogOutputStream:75 - [STDERR_REDIRECT] Oct 07, 2025 7:39:28 PM java.util.prefs.FileSystemPreferences checkLockFile0ErrorCode
2025-10-07 19:39:28,474 [ERROR] LogOutputStream:75 - [STDERR_REDIRECT] WARNING: Could not lock System prefs. Unix error code 2.
2025-10-07 19:39:28,474 [ERROR] LogOutputStream:75 - [STDERR_REDIRECT] 
2025-10-07 19:39:28,474 [ERROR] LogOutputStream:75 - [STDERR_REDIRECT] Oct 07, 2025 7:39:28 PM java.util.prefs.FileSystemPreferences syncWorld
2025-10-07 19:39:28,474 [ERROR] LogOutputStream:75 - [STDERR_REDIRECT] WARNING: Couldn't flush system prefs: java.util.prefs.BackingStoreException: Couldn't get file lock.
2025-10-07 19:39:28,474 [ERROR] LogOutputStream:75 - [STDERR_REDIRECT] 
2025-10-07 19:39:58,473 [ERROR] LogOutputStream:75 - [STDERR_REDIRECT] Oct 07, 2025 7:39:58 PM java.util.prefs.FileSystemPreferences checkLockFile0ErrorCode
2025-10-07 19:39:58,474 [ERROR] LogOutputStream:75 - [STDERR_REDIRECT] WARNING: Could not lock System prefs. Unix error code 2.
2025-10-07 19:39:58,474 [ERROR] LogOutputStream:75 - [STDERR_REDIRECT] 
2025-10-07 19:39:58,474 [ERROR] LogOutputStream:75 - [STDERR_REDIRECT] Oct 07, 2025 7:39:58 PM java.util.prefs.FileSystemPreferences syncWorld
2025-10-07 19:39:58,474 [ERROR] LogOutputStream:75 - [STDERR_REDIRECT] WARNING: Couldn't flush system prefs: java.util.prefs.BackingStoreException: Couldn't get file lock.
2025-10-07 19:39:58,474 [ERROR] LogOutputStream:75 - [STDERR_REDIRECT] 
2025-10-07 19:40:28,473 [ERROR] LogOutputStream:75 - [STDERR_REDIRECT] Oct 07, 2025 7:40:28 PM java.util.prefs.FileSystemPreferences checkLockFile0ErrorCode
2025-10-07 19:40:28,473 [ERROR] LogOutputStream:75 - [STDERR_REDIRECT] WARNING: Could not lock System prefs. Unix error code 2.
2025-10-07 19:40:28,474 [ERROR] LogOutputStream:75 - [STDERR_REDIRECT] 
2025-10-07 19:40:28,474 [ERROR] LogOutputStream:75 - [STDERR_REDIRECT] Oct 07, 2025 7:40:28 PM java.util.prefs.FileSystemPreferences syncWorld
2025-10-07 19:40:28,474 [ERROR] LogOutputStream:75 - [STDERR_REDIRECT] WARNING: Couldn't flush system prefs: java.util.prefs.BackingStoreException: Couldn't get file lock.
2025-10-07 19:40:28,474 [ERROR] LogOutputStream:75 - [STDERR_REDIRECT] 
2025-10-07 19:40:58,473 [ERROR] LogOutputStream:75 - [STDERR_REDIRECT] Oct 07, 2025 7:40:58 PM java.util.prefs.FileSystemPreferences checkLockFile0ErrorCode
2025-10-07 19:40:58,474 [ERROR] LogOutputStream:75 - [STDERR_REDIRECT] WARNING: Could not lock System prefs. Unix error code 2.
2025-10-07 19:40:58,474 [ERROR] LogOutputStream:75 - [STDERR_REDIRECT] 
2025-10-07 19:40:58,474 [ERROR] LogOutputStream:75 - [STDERR_REDIRECT] Oct 07, 2025 7:40:58 PM java.util.prefs.FileSystemPreferences syncWorld
2025-10-07 19:40:58,474 [ERROR] LogOutputStream:75 - [STDERR_REDIRECT] WARNING: Couldn't flush system prefs: java.util.prefs.BackingStoreException: Couldn't get file lock.
2025-10-07 19:40:58,474 [ERROR] LogOutputStream:75 - [STDERR_REDIRECT] 
2025-10-07 19:41:28,473 [ERROR] LogOutputStream:75 - [STDERR_REDIRECT] Oct 07, 2025 7:41:28 PM java.util.prefs.FileSystemPreferences checkLockFile0ErrorCode
2025-10-07 19:41:28,473 [ERROR] LogOutputStream:75 - [STDERR_REDIRECT] WARNING: Could not lock System prefs. Unix error code 2.
2025-10-07 19:41:28,473 [ERROR] LogOutputStream:75 - [STDERR_REDIRECT] 
2025-10-07 19:41:28,474 [ERROR] LogOutputStream:75 - [STDERR_REDIRECT] Oct 07, 2025 7:41:28 PM java.util.prefs.FileSystemPreferences syncWorld
2025-10-07 19:41:28,474 [ERROR] LogOutputStream:75 - [STDERR_REDIRECT] WARNING: Couldn't flush system prefs: java.util.prefs.BackingStoreException: Couldn't get file lock.
2025-10-07 19:41:28,474 [ERROR] LogOutputStream:75 - [STDERR_REDIRECT] 
2025-10-07 19:41:58,473 [ERROR] LogOutputStream:75 - [STDERR_REDIRECT] Oct 07, 2025 7:41:58 PM java.util.prefs.FileSystemPreferences checkLockFile0ErrorCode
2025-10-07 19:41:58,473 [ERROR] LogOutputStream:75 - [STDERR_REDIRECT] WARNING: Could not lock System prefs. Unix error code 2.
2025-10-07 19:41:58,473 [ERROR] LogOutputStream:75 - [STDERR_REDIRECT] 
2025-10-07 19:41:58,473 [ERROR] LogOutputStream:75 - [STDERR_REDIRECT] Oct 07, 2025 7:41:58 PM java.util.prefs.FileSystemPreferences syncWorld
2025-10-07 19:41:58,473 [ERROR] LogOutputStream:75 - [STDERR_REDIRECT] WARNING: Couldn't flush system prefs: java.util.prefs.BackingStoreException: Couldn't get file lock.
2025-10-07 19:41:58,474 [ERROR] LogOutputStream:75 - [STDERR_REDIRECT] 
2025-10-07 19:42:28,473 [ERROR] LogOutputStream:75 - [STDERR_REDIRECT] Oct 07, 2025 7:42:28 PM java.util.prefs.FileSystemPreferences checkLockFile0ErrorCode
2025-10-07 19:42:28,473 [ERROR] LogOutputStream:75 - [STDERR_REDIRECT] WARNING: Could not lock System prefs. Unix error code 2.
2025-10-07 19:42:28,473 [ERROR] LogOutputStream:75 - [STDERR_REDIRECT] 
2025-10-07 19:42:28,473 [ERROR] LogOutputStream:75 - [STDERR_REDIRECT] Oct 07, 2025 7:42:28 PM java.util.prefs.FileSystemPreferences syncWorld
2025-10-07 19:42:28,473 [ERROR] LogOutputStream:75 - [STDERR_REDIRECT] WARNING: Couldn't flush system prefs: java.util.prefs.BackingStoreException: Couldn't get file lock.
2025-10-07 19:42:28,473 [ERROR] LogOutputStream:75 - [STDERR_REDIRECT] 
2025-10-07 19:42:58,474 [ERROR] LogOutputStream:75 - [STDERR_REDIRECT] Oct 07, 2025 7:42:58 PM java.util.prefs.FileSystemPreferences checkLockFile0ErrorCode
2025-10-07 19:42:58,474 [ERROR] LogOutputStream:75 - [STDERR_REDIRECT] WARNING: Could not lock System prefs. Unix error code 2.
2025-10-07 19:42:58,474 [ERROR] LogOutputStream:75 - [STDERR_REDIRECT] 
2025-10-07 19:42:58,474 [ERROR] LogOutputStream:75 - [STDERR_REDIRECT] Oct 07, 2025 7:42:58 PM java.util.prefs.FileSystemPreferences syncWorld
2025-10-07 19:42:58,474 [ERROR] LogOutputStream:75 - [STDERR_REDIRECT] WARNING: Couldn't flush system prefs: java.util.prefs.BackingStoreException: Couldn't get file lock.
2025-10-07 19:42:58,474 [ERROR] LogOutputStream:75 - [STDERR_REDIRECT] 
2025-10-07 19:43:28,473 [ERROR] LogOutputStream:75 - [STDERR_REDIRECT] Oct 07, 2025 7:43:28 PM java.util.prefs.FileSystemPreferences checkLockFile0ErrorCode
2025-10-07 19:43:28,473 [ERROR] LogOutputStream:75 - [STDERR_REDIRECT] WARNING: Could not lock System prefs. Unix error code 2.
2025-10-07 19:43:28,473 [ERROR] LogOutputStream:75 - [STDERR_REDIRECT] 
2025-10-07 19:43:28,474 [ERROR] LogOutputStream:75 - [STDERR_REDIRECT] Oct 07, 2025 7:43:28 PM java.util.prefs.FileSystemPreferences syncWorld
2025-10-07 19:43:28,474 [ERROR] LogOutputStream:75 - [STDERR_REDIRECT] WARNING: Couldn't flush system prefs: java.util.prefs.BackingStoreException: Couldn't get file lock.
2025-10-07 19:43:28,474 [ERROR] LogOutputStream:75 - [STDERR_REDIRECT] 
2025-10-07 19:43:58,473 [ERROR] LogOutputStream:75 - [STDERR_REDIRECT] Oct 07, 2025 7:43:58 PM java.util.prefs.FileSystemPreferences checkLockFile0ErrorCode
2025-10-07 19:43:58,473 [ERROR] LogOutputStream:75 - [STDERR_REDIRECT] WARNING: Could not lock System prefs. Unix error code 2.
2025-10-07 19:43:58,473 [ERROR] LogOutputStream:75 - [STDERR_REDIRECT] 
2025-10-07 19:43:58,473 [ERROR] LogOutputStream:75 - [STDERR_REDIRECT] Oct 07, 2025 7:43:58 PM java.util.prefs.FileSystemPreferences syncWorld
2025-10-07 19:43:58,473 [ERROR] LogOutputStream:75 - [STDERR_REDIRECT] WARNING: Couldn't flush system prefs: java.util.prefs.BackingStoreException: Couldn't get file lock.
2025-10-07 19:43:58,473 [ERROR] LogOutputStream:75 - [STDERR_REDIRECT] 
2025-10-07 19:44:28,474 [ERROR] LogOutputStream:75 - [STDERR_REDIRECT] Oct 07, 2025 7:44:28 PM java.util.prefs.FileSystemPreferences checkLockFile0ErrorCode
2025-10-07 19:44:28,474 [ERROR] LogOutputStream:75 - [STDERR_REDIRECT] WARNING: Could not lock System prefs. Unix error code 2.
2025-10-07 19:44:28,474 [ERROR] LogOutputStream:75 - [STDERR_REDIRECT] 
2025-10-07 19:44:28,474 [ERROR] LogOutputStream:75 - [STDERR_REDIRECT] Oct 07, 2025 7:44:28 PM java.util.prefs.FileSystemPreferences syncWorld
2025-10-07 19:44:28,474 [ERROR] LogOutputStream:75 - [STDERR_REDIRECT] WARNING: Couldn't flush system prefs: java.util.prefs.BackingStoreException: Couldn't get file lock.
2025-10-07 19:44:28,474 [ERROR] LogOutputStream:75 - [STDERR_REDIRECT] 
2025-10-07 19:44:58,473 [ERROR] LogOutputStream:75 - [STDERR_REDIRECT] Oct 07, 2025 7:44:58 PM java.util.prefs.FileSystemPreferences checkLockFile0ErrorCode
2025-10-07 19:44:58,474 [ERROR] LogOutputStream:75 - [STDERR_REDIRECT] WARNING: Could not lock System prefs. Unix error code 2.
2025-10-07 19:44:58,474 [ERROR] LogOutputStream:75 - [STDERR_REDIRECT] 
2025-10-07 19:44:58,474 [ERROR] LogOutputStream:75 - [STDERR_REDIRECT] Oct 07, 2025 7:44:58 PM java.util.prefs.FileSystemPreferences syncWorld
2025-10-07 19:44:58,474 [ERROR] LogOutputStream:75 - [STDERR_REDIRECT] WARNING: Couldn't flush system prefs: java.util.prefs.BackingStoreException: Couldn't get file lock.
2025-10-07 19:44:58,474 [ERROR] LogOutputStream:75 - [STDERR_REDIRECT] 
2025-10-07 19:45:28,473 [ERROR] LogOutputStream:75 - [STDERR_REDIRECT] Oct 07, 2025 7:45:28 PM java.util.prefs.FileSystemPreferences checkLockFile0ErrorCode
2025-10-07 19:45:28,473 [ERROR] LogOutputStream:75 - [STDERR_REDIRECT] WARNING: Could not lock System prefs. Unix error code 2.
2025-10-07 19:45:28,473 [ERROR] LogOutputStream:75 - [STDERR_REDIRECT] 
2025-10-07 19:45:28,474 [ERROR] LogOutputStream:75 - [STDERR_REDIRECT] Oct 07, 2025 7:45:28 PM java.util.prefs.FileSystemPreferences syncWorld
2025-10-07 19:45:28,474 [ERROR] LogOutputStream:75 - [STDERR_REDIRECT] WARNING: Couldn't flush system prefs: java.util.prefs.BackingStoreException: Couldn't get file lock.
2025-10-07 19:45:28,474 [ERROR] LogOutputStream:75 - [STDERR_REDIRECT] 
2025-10-07 19:45:58,473 [ERROR] LogOutputStream:75 - [STDERR_REDIRECT] Oct 07, 2025 7:45:58 PM java.util.prefs.FileSystemPreferences checkLockFile0ErrorCode
2025-10-07 19:45:58,473 [ERROR] LogOutputStream:75 - [STDERR_REDIRECT] WARNING: Could not lock System prefs. Unix error code 2.
2025-10-07 19:45:58,473 [ERROR] LogOutputStream:75 - [STDERR_REDIRECT] 
2025-10-07 19:45:58,473 [ERROR] LogOutputStream:75 - [STDERR_REDIRECT] Oct 07, 2025 7:45:58 PM java.util.prefs.FileSystemPreferences syncWorld
2025-10-07 19:45:58,473 [ERROR] LogOutputStream:75 - [STDERR_REDIRECT] WARNING: Couldn't flush system prefs: java.util.prefs.BackingStoreException: Couldn't get file lock.
2025-10-07 19:45:58,473 [ERROR] LogOutputStream:75 - [STDERR_REDIRECT] 
2025-10-07 19:46:28,474 [ERROR] LogOutputStream:75 - [STDERR_REDIRECT] Oct 07, 2025 7:46:28 PM java.util.prefs.FileSystemPreferences checkLockFile0ErrorCode
2025-10-07 19:46:28,474 [ERROR] LogOutputStream:75 - [STDERR_REDIRECT] WARNING: Could not lock System prefs. Unix error code 2.
2025-10-07 19:46:28,474 [ERROR] LogOutputStream:75 - [STDERR_REDIRECT] 
2025-10-07 19:46:28,474 [ERROR] LogOutputStream:75 - [STDERR_REDIRECT] Oct 07, 2025 7:46:28 PM java.util.prefs.FileSystemPreferences syncWorld
2025-10-07 19:46:28,475 [ERROR] LogOutputStream:75 - [STDERR_REDIRECT] WARNING: Couldn't flush system prefs: java.util.prefs.BackingStoreException: Couldn't get file lock.
2025-10-07 19:46:28,475 [ERROR] LogOutputStream:75 - [STDERR_REDIRECT] 
2025-10-07 19:46:58,474 [ERROR] LogOutputStream:75 - [STDERR_REDIRECT] Oct 07, 2025 7:46:58 PM java.util.prefs.FileSystemPreferences checkLockFile0ErrorCode
2025-10-07 19:46:58,474 [ERROR] LogOutputStream:75 - [STDERR_REDIRECT] WARNING: Could not lock System prefs. Unix error code 2.
2025-10-07 19:46:58,474 [ERROR] LogOutputStream:75 - [STDERR_REDIRECT] 
2025-10-07 19:46:58,474 [ERROR] LogOutputStream:75 - [STDERR_REDIRECT] Oct 07, 2025 7:46:58 PM java.util.prefs.FileSystemPreferences syncWorld
2025-10-07 19:46:58,475 [ERROR] LogOutputStream:75 - [STDERR_REDIRECT] WARNING: Couldn't flush system prefs: java.util.prefs.BackingStoreException: Couldn't get file lock.
2025-10-07 19:46:58,475 [ERROR] LogOutputStream:75 - [STDERR_REDIRECT] 
2025-10-07 19:47:28,474 [ERROR] LogOutputStream:75 - [STDERR_REDIRECT] Oct 07, 2025 7:47:28 PM java.util.prefs.FileSystemPreferences checkLockFile0ErrorCode
2025-10-07 19:47:28,474 [ERROR] LogOutputStream:75 - [STDERR_REDIRECT] WARNING: Could not lock System prefs. Unix error code 2.
2025-10-07 19:47:28,474 [ERROR] LogOutputStream:75 - [STDERR_REDIRECT] 
2025-10-07 19:47:28,474 [ERROR] LogOutputStream:75 - [STDERR_REDIRECT] Oct 07, 2025 7:47:28 PM java.util.prefs.FileSystemPreferences syncWorld
2025-10-07 19:47:28,474 [ERROR] LogOutputStream:75 - [STDERR_REDIRECT] WARNING: Couldn't flush system prefs: java.util.prefs.BackingStoreException: Couldn't get file lock.
2025-10-07 19:47:28,474 [ERROR] LogOutputStream:75 - [STDERR_REDIRECT] 
2025-10-07 19:47:58,474 [ERROR] LogOutputStream:75 - [STDERR_REDIRECT] Oct 07, 2025 7:47:58 PM java.util.prefs.FileSystemPreferences checkLockFile0ErrorCode
2025-10-07 19:47:58,474 [ERROR] LogOutputStream:75 - [STDERR_REDIRECT] WARNING: Could not lock System prefs. Unix error code 2.
2025-10-07 19:47:58,475 [ERROR] LogOutputStream:75 - [STDERR_REDIRECT] 
2025-10-07 19:47:58,475 [ERROR] LogOutputStream:75 - [STDERR_REDIRECT] Oct 07, 2025 7:47:58 PM java.util.prefs.FileSystemPreferences syncWorld
2025-10-07 19:47:58,475 [ERROR] LogOutputStream:75 - [STDERR_REDIRECT] WARNING: Couldn't flush system prefs: java.util.prefs.BackingStoreException: Couldn't get file lock.
2025-10-07 19:47:58,475 [ERROR] LogOutputStream:75 - [STDERR_REDIRECT] 
2025-10-07 19:48:28,474 [ERROR] LogOutputStream:75 - [STDERR_REDIRECT] Oct 07, 2025 7:48:28 PM java.util.prefs.FileSystemPreferences checkLockFile0ErrorCode
2025-10-07 19:48:28,474 [ERROR] LogOutputStream:75 - [STDERR_REDIRECT] WARNING: Could not lock System prefs. Unix error code 2.
2025-10-07 19:48:28,474 [ERROR] LogOutputStream:75 - [STDERR_REDIRECT] 
2025-10-07 19:48:28,474 [ERROR] LogOutputStream:75 - [STDERR_REDIRECT] Oct 07, 2025 7:48:28 PM java.util.prefs.FileSystemPreferences syncWorld
2025-10-07 19:48:28,474 [ERROR] LogOutputStream:75 - [STDERR_REDIRECT] WARNING: Couldn't flush system prefs: java.util.prefs.BackingStoreException: Couldn't get file lock.
2025-10-07 19:48:28,474 [ERROR] LogOutputStream:75 - [STDERR_REDIRECT] 
2025-10-07 19:48:58,475 [ERROR] LogOutputStream:75 - [STDERR_REDIRECT] Oct 07, 2025 7:48:58 PM java.util.prefs.FileSystemPreferences checkLockFile0ErrorCode
2025-10-07 19:48:58,475 [ERROR] LogOutputStream:75 - [STDERR_REDIRECT] WARNING: Could not lock System prefs. Unix error code 2.
2025-10-07 19:48:58,475 [ERROR] LogOutputStream:75 - [STDERR_REDIRECT] 
2025-10-07 19:48:58,475 [ERROR] LogOutputStream:75 - [STDERR_REDIRECT] Oct 07, 2025 7:48:58 PM java.util.prefs.FileSystemPreferences syncWorld
2025-10-07 19:48:58,475 [ERROR] LogOutputStream:75 - [STDERR_REDIRECT] WARNING: Couldn't flush system prefs: java.util.prefs.BackingStoreException: Couldn't get file lock.
2025-10-07 19:48:58,475 [ERROR] LogOutputStream:75 - [STDERR_REDIRECT] 
2025-10-07 19:49:28,475 [ERROR] LogOutputStream:75 - [STDERR_REDIRECT] Oct 07, 2025 7:49:28 PM java.util.prefs.FileSystemPreferences checkLockFile0ErrorCode
2025-10-07 19:49:28,475 [ERROR] LogOutputStream:75 - [STDERR_REDIRECT] WARNING: Could not lock System prefs. Unix error code 2.
2025-10-07 19:49:28,486 [ERROR] LogOutputStream:75 - [STDERR_REDIRECT] 
2025-10-07 19:49:28,486 [ERROR] LogOutputStream:75 - [STDERR_REDIRECT] Oct 07, 2025 7:49:28 PM java.util.prefs.FileSystemPreferences syncWorld
2025-10-07 19:49:28,486 [ERROR] LogOutputStream:75 - [STDERR_REDIRECT] WARNING: Couldn't flush system prefs: java.util.prefs.BackingStoreException: Couldn't get file lock.
2025-10-07 19:49:28,486 [ERROR] LogOutputStream:75 - [STDERR_REDIRECT] 
2025-10-07 19:49:58,475 [ERROR] LogOutputStream:75 - [STDERR_REDIRECT] Oct 07, 2025 7:49:58 PM java.util.prefs.FileSystemPreferences checkLockFile0ErrorCode
2025-10-07 19:49:58,476 [ERROR] LogOutputStream:75 - [STDERR_REDIRECT] WARNING: Could not lock System prefs. Unix error code 2.
2025-10-07 19:49:58,476 [ERROR] LogOutputStream:75 - [STDERR_REDIRECT] 
2025-10-07 19:49:58,476 [ERROR] LogOutputStream:75 - [STDERR_REDIRECT] Oct 07, 2025 7:49:58 PM java.util.prefs.FileSystemPreferences syncWorld
2025-10-07 19:49:58,476 [ERROR] LogOutputStream:75 - [STDERR_REDIRECT] WARNING: Couldn't flush system prefs: java.util.prefs.BackingStoreException: Couldn't get file lock.
2025-10-07 19:49:58,476 [ERROR] LogOutputStream:75 - [STDERR_REDIRECT] 
2025-10-07 19:50:28,475 [ERROR] LogOutputStream:75 - [STDERR_REDIRECT] Oct 07, 2025 7:50:28 PM java.util.prefs.FileSystemPreferences checkLockFile0ErrorCode
2025-10-07 19:50:28,475 [ERROR] LogOutputStream:75 - [STDERR_REDIRECT] WARNING: Could not lock System prefs. Unix error code 2.
2025-10-07 19:50:28,475 [ERROR] LogOutputStream:75 - [STDERR_REDIRECT] 
2025-10-07 19:50:28,476 [ERROR] LogOutputStream:75 - [STDERR_REDIRECT] Oct 07, 2025 7:50:28 PM java.util.prefs.FileSystemPreferences syncWorld
2025-10-07 19:50:28,476 [ERROR] LogOutputStream:75 - [STDERR_REDIRECT] WARNING: Couldn't flush system prefs: java.util.prefs.BackingStoreException: Couldn't get file lock.
2025-10-07 19:50:28,476 [ERROR] LogOutputStream:75 - [STDERR_REDIRECT] 
2025-10-07 19:50:58,475 [ERROR] LogOutputStream:75 - [STDERR_REDIRECT] Oct 07, 2025 7:50:58 PM java.util.prefs.FileSystemPreferences checkLockFile0ErrorCode
2025-10-07 19:50:58,475 [ERROR] LogOutputStream:75 - [STDERR_REDIRECT] WARNING: Could not lock System prefs. Unix error code 2.
2025-10-07 19:50:58,475 [ERROR] LogOutputStream:75 - [STDERR_REDIRECT] 
2025-10-07 19:50:58,475 [ERROR] LogOutputStream:75 - [STDERR_REDIRECT] Oct 07, 2025 7:50:58 PM java.util.prefs.FileSystemPreferences syncWorld
2025-10-07 19:50:58,475 [ERROR] LogOutputStream:75 - [STDERR_REDIRECT] WARNING: Couldn't flush system prefs: java.util.prefs.BackingStoreException: Couldn't get file lock.
2025-10-07 19:50:58,475 [ERROR] LogOutputStream:75 - [STDERR_REDIRECT] 
2025-10-07 19:51:28,476 [ERROR] LogOutputStream:75 - [STDERR_REDIRECT] Oct 07, 2025 7:51:28 PM java.util.prefs.FileSystemPreferences checkLockFile0ErrorCode
2025-10-07 19:51:28,476 [ERROR] LogOutputStream:75 - [STDERR_REDIRECT] WARNING: Could not lock System prefs. Unix error code 2.
2025-10-07 19:51:28,476 [ERROR] LogOutputStream:75 - [STDERR_REDIRECT] 
2025-10-07 19:51:28,476 [ERROR] LogOutputStream:75 - [STDERR_REDIRECT] Oct 07, 2025 7:51:28 PM java.util.prefs.FileSystemPreferences syncWorld
2025-10-07 19:51:28,476 [ERROR] LogOutputStream:75 - [STDERR_REDIRECT] WARNING: Couldn't flush system prefs: java.util.prefs.BackingStoreException: Couldn't get file lock.
2025-10-07 19:51:28,476 [ERROR] LogOutputStream:75 - [STDERR_REDIRECT] 
2025-10-07 19:51:58,476 [ERROR] LogOutputStream:75 - [STDERR_REDIRECT] Oct 07, 2025 7:51:58 PM java.util.prefs.FileSystemPreferences checkLockFile0ErrorCode
2025-10-07 19:51:58,476 [ERROR] LogOutputStream:75 - [STDERR_REDIRECT] WARNING: Could not lock System prefs. Unix error code 2.
2025-10-07 19:51:58,476 [ERROR] LogOutputStream:75 - [STDERR_REDIRECT] 
2025-10-07 19:51:58,477 [ERROR] LogOutputStream:75 - [STDERR_REDIRECT] Oct 07, 2025 7:51:58 PM java.util.prefs.FileSystemPreferences syncWorld
2025-10-07 19:51:58,477 [ERROR] LogOutputStream:75 - [STDERR_REDIRECT] WARNING: Couldn't flush system prefs: java.util.prefs.BackingStoreException: Couldn't get file lock.
2025-10-07 19:51:58,477 [ERROR] LogOutputStream:75 - [STDERR_REDIRECT] 
2025-10-07 19:52:28,476 [ERROR] LogOutputStream:75 - [STDERR_REDIRECT] Oct 07, 2025 7:52:28 PM java.util.prefs.FileSystemPreferences checkLockFile0ErrorCode
2025-10-07 19:52:28,476 [ERROR] LogOutputStream:75 - [STDERR_REDIRECT] WARNING: Could not lock System prefs. Unix error code 2.
2025-10-07 19:52:28,476 [ERROR] LogOutputStream:75 - [STDERR_REDIRECT] 
2025-10-07 19:52:28,476 [ERROR] LogOutputStream:75 - [STDERR_REDIRECT] Oct 07, 2025 7:52:28 PM java.util.prefs.FileSystemPreferences syncWorld
2025-10-07 19:52:28,476 [ERROR] LogOutputStream:75 - [STDERR_REDIRECT] WARNING: Couldn't flush system prefs: java.util.prefs.BackingStoreException: Couldn't get file lock.
2025-10-07 19:52:28,476 [ERROR] LogOutputStream:75 - [STDERR_REDIRECT] 
2025-10-07 19:52:58,477 [ERROR] LogOutputStream:75 - [STDERR_REDIRECT] Oct 07, 2025 7:52:58 PM java.util.prefs.FileSystemPreferences checkLockFile0ErrorCode
2025-10-07 19:52:58,477 [ERROR] LogOutputStream:75 - [STDERR_REDIRECT] WARNING: Could not lock System prefs. Unix error code 2.
2025-10-07 19:52:58,477 [ERROR] LogOutputStream:75 - [STDERR_REDIRECT] 
2025-10-07 19:52:58,477 [ERROR] LogOutputStream:75 - [STDERR_REDIRECT] Oct 07, 2025 7:52:58 PM java.util.prefs.FileSystemPreferences syncWorld
2025-10-07 19:52:58,477 [ERROR] LogOutputStream:75 - [STDERR_REDIRECT] WARNING: Couldn't flush system prefs: java.util.prefs.BackingStoreException: Couldn't get file lock.
2025-10-07 19:52:58,477 [ERROR] LogOutputStream:75 - [STDERR_REDIRECT] 
2025-10-07 19:53:28,477 [ERROR] LogOutputStream:75 - [STDERR_REDIRECT] Oct 07, 2025 7:53:28 PM java.util.prefs.FileSystemPreferences checkLockFile0ErrorCode
2025-10-07 19:53:28,477 [ERROR] LogOutputStream:75 - [STDERR_REDIRECT] WARNING: Could not lock System prefs. Unix error code 2.
2025-10-07 19:53:28,487 [ERROR] LogOutputStream:75 - [STDERR_REDIRECT] 
2025-10-07 19:53:28,488 [ERROR] LogOutputStream:75 - [STDERR_REDIRECT] Oct 07, 2025 7:53:28 PM java.util.prefs.FileSystemPreferences syncWorld
2025-10-07 19:53:28,488 [ERROR] LogOutputStream:75 - [STDERR_REDIRECT] WARNING: Couldn't flush system prefs: java.util.prefs.BackingStoreException: Couldn't get file lock.
2025-10-07 19:53:28,488 [ERROR] LogOutputStream:75 - [STDERR_REDIRECT] 
2025-10-07 19:53:58,476 [ERROR] LogOutputStream:75 - [STDERR_REDIRECT] Oct 07, 2025 7:53:58 PM java.util.prefs.FileSystemPreferences checkLockFile0ErrorCode
2025-10-07 19:53:58,477 [ERROR] LogOutputStream:75 - [STDERR_REDIRECT] WARNING: Could not lock System prefs. Unix error code 2.
2025-10-07 19:53:58,477 [ERROR] LogOutputStream:75 - [STDERR_REDIRECT] 
2025-10-07 19:53:58,477 [ERROR] LogOutputStream:75 - [STDERR_REDIRECT] Oct 07, 2025 7:53:58 PM java.util.prefs.FileSystemPreferences syncWorld
2025-10-07 19:53:58,477 [ERROR] LogOutputStream:75 - [STDERR_REDIRECT] WARNING: Couldn't flush system prefs: java.util.prefs.BackingStoreException: Couldn't get file lock.
2025-10-07 19:53:58,477 [ERROR] LogOutputStream:75 - [STDERR_REDIRECT] 
2025-10-07 19:54:28,476 [ERROR] LogOutputStream:75 - [STDERR_REDIRECT] Oct 07, 2025 7:54:28 PM java.util.prefs.FileSystemPreferences checkLockFile0ErrorCode
2025-10-07 19:54:28,476 [ERROR] LogOutputStream:75 - [STDERR_REDIRECT] WARNING: Could not lock System prefs. Unix error code 2.
2025-10-07 19:54:28,487 [ERROR] LogOutputStream:75 - [STDERR_REDIRECT] 
2025-10-07 19:54:28,487 [ERROR] LogOutputStream:75 - [STDERR_REDIRECT] Oct 07, 2025 7:54:28 PM java.util.prefs.FileSystemPreferences syncWorld
2025-10-07 19:54:28,487 [ERROR] LogOutputStream:75 - [STDERR_REDIRECT] WARNING: Couldn't flush system prefs: java.util.prefs.BackingStoreException: Couldn't get file lock.
2025-10-07 19:54:28,487 [ERROR] LogOutputStream:75 - [STDERR_REDIRECT] 
2025-10-07 19:54:58,477 [ERROR] LogOutputStream:75 - [STDERR_REDIRECT] Oct 07, 2025 7:54:58 PM java.util.prefs.FileSystemPreferences checkLockFile0ErrorCode
2025-10-07 19:54:58,477 [ERROR] LogOutputStream:75 - [STDERR_REDIRECT] WARNING: Could not lock System prefs. Unix error code 2.
2025-10-07 19:54:58,477 [ERROR] LogOutputStream:75 - [STDERR_REDIRECT] 
2025-10-07 19:54:58,477 [ERROR] LogOutputStream:75 - [STDERR_REDIRECT] Oct 07, 2025 7:54:58 PM java.util.prefs.FileSystemPreferences syncWorld
2025-10-07 19:54:58,477 [ERROR] LogOutputStream:75 - [STDERR_REDIRECT] WARNING: Couldn't flush system prefs: java.util.prefs.BackingStoreException: Couldn't get file lock.
2025-10-07 19:54:58,477 [ERROR] LogOutputStream:75 - [STDERR_REDIRECT] 
2025-10-07 19:55:28,477 [ERROR] LogOutputStream:75 - [STDERR_REDIRECT] Oct 07, 2025 7:55:28 PM java.util.prefs.FileSystemPreferences checkLockFile0ErrorCode
2025-10-07 19:55:28,478 [ERROR] LogOutputStream:75 - [STDERR_REDIRECT] WARNING: Could not lock System prefs. Unix error code 2.
2025-10-07 19:55:28,478 [ERROR] LogOutputStream:75 - [STDERR_REDIRECT] 
2025-10-07 19:55:28,478 [ERROR] LogOutputStream:75 - [STDERR_REDIRECT] Oct 07, 2025 7:55:28 PM java.util.prefs.FileSystemPreferences syncWorld
2025-10-07 19:55:28,478 [ERROR] LogOutputStream:75 - [STDERR_REDIRECT] WARNING: Couldn't flush system prefs: java.util.prefs.BackingStoreException: Couldn't get file lock.
2025-10-07 19:55:28,478 [ERROR] LogOutputStream:75 - [STDERR_REDIRECT] 
2025-10-07 19:55:58,477 [ERROR] LogOutputStream:75 - [STDERR_REDIRECT] Oct 07, 2025 7:55:58 PM java.util.prefs.FileSystemPreferences checkLockFile0ErrorCode
2025-10-07 19:55:58,477 [ERROR] LogOutputStream:75 - [STDERR_REDIRECT] WARNING: Could not lock System prefs. Unix error code 2.
2025-10-07 19:55:58,477 [ERROR] LogOutputStream:75 - [STDERR_REDIRECT] 
2025-10-07 19:55:58,477 [ERROR] LogOutputStream:75 - [STDERR_REDIRECT] Oct 07, 2025 7:55:58 PM java.util.prefs.FileSystemPreferences syncWorld
2025-10-07 19:55:58,478 [ERROR] LogOutputStream:75 - [STDERR_REDIRECT] WARNING: Couldn't flush system prefs: java.util.prefs.BackingStoreException: Couldn't get file lock.
2025-10-07 19:55:58,478 [ERROR] LogOutputStream:75 - [STDERR_REDIRECT] 
2025-10-07 19:56:28,477 [ERROR] LogOutputStream:75 - [STDERR_REDIRECT] Oct 07, 2025 7:56:28 PM java.util.prefs.FileSystemPreferences checkLockFile0ErrorCode
2025-10-07 19:56:28,477 [ERROR] LogOutputStream:75 - [STDERR_REDIRECT] WARNING: Could not lock System prefs. Unix error code 2.
2025-10-07 19:56:28,488 [ERROR] LogOutputStream:75 - [STDERR_REDIRECT] 
2025-10-07 19:56:28,488 [ERROR] LogOutputStream:75 - [STDERR_REDIRECT] Oct 07, 2025 7:56:28 PM java.util.prefs.FileSystemPreferences syncWorld
2025-10-07 19:56:28,488 [ERROR] LogOutputStream:75 - [STDERR_REDIRECT] WARNING: Couldn't flush system prefs: java.util.prefs.BackingStoreException: Couldn't get file lock.
2025-10-07 19:56:28,488 [ERROR] LogOutputStream:75 - [STDERR_REDIRECT] 
2025-10-07 19:56:58,477 [ERROR] LogOutputStream:75 - [STDERR_REDIRECT] Oct 07, 2025 7:56:58 PM java.util.prefs.FileSystemPreferences checkLockFile0ErrorCode
2025-10-07 19:56:58,478 [ERROR] LogOutputStream:75 - [STDERR_REDIRECT] WARNING: Could not lock System prefs. Unix error code 2.
2025-10-07 19:56:58,478 [ERROR] LogOutputStream:75 - [STDERR_REDIRECT] 
2025-10-07 19:56:58,478 [ERROR] LogOutputStream:75 - [STDERR_REDIRECT] Oct 07, 2025 7:56:58 PM java.util.prefs.FileSystemPreferences syncWorld
2025-10-07 19:56:58,478 [ERROR] LogOutputStream:75 - [STDERR_REDIRECT] WARNING: Couldn't flush system prefs: java.util.prefs.BackingStoreException: Couldn't get file lock.
2025-10-07 19:56:58,478 [ERROR] LogOutputStream:75 - [STDERR_REDIRECT] 
2025-10-07 19:57:28,478 [ERROR] LogOutputStream:75 - [STDERR_REDIRECT] Oct 07, 2025 7:57:28 PM java.util.prefs.FileSystemPreferences checkLockFile0ErrorCode
2025-10-07 19:57:28,478 [ERROR] LogOutputStream:75 - [STDERR_REDIRECT] WARNING: Could not lock System prefs. Unix error code 2.
2025-10-07 19:57:28,478 [ERROR] LogOutputStream:75 - [STDERR_REDIRECT] 
2025-10-07 19:57:28,478 [ERROR] LogOutputStream:75 - [STDERR_REDIRECT] Oct 07, 2025 7:57:28 PM java.util.prefs.FileSystemPreferences syncWorld
2025-10-07 19:57:28,478 [ERROR] LogOutputStream:75 - [STDERR_REDIRECT] WARNING: Couldn't flush system prefs: java.util.prefs.BackingStoreException: Couldn't get file lock.
2025-10-07 19:57:28,478 [ERROR] LogOutputStream:75 - [STDERR_REDIRECT] 
2025-10-07 19:57:58,478 [ERROR] LogOutputStream:75 - [STDERR_REDIRECT] Oct 07, 2025 7:57:58 PM java.util.prefs.FileSystemPreferences checkLockFile0ErrorCode
2025-10-07 19:57:58,478 [ERROR] LogOutputStream:75 - [STDERR_REDIRECT] WARNING: Could not lock System prefs. Unix error code 2.
2025-10-07 19:57:58,478 [ERROR] LogOutputStream:75 - [STDERR_REDIRECT] 
2025-10-07 19:57:58,478 [ERROR] LogOutputStream:75 - [STDERR_REDIRECT] Oct 07, 2025 7:57:58 PM java.util.prefs.FileSystemPreferences syncWorld
2025-10-07 19:57:58,478 [ERROR] LogOutputStream:75 - [STDERR_REDIRECT] WARNING: Couldn't flush system prefs: java.util.prefs.BackingStoreException: Couldn't get file lock.
2025-10-07 19:57:58,478 [ERROR] LogOutputStream:75 - [STDERR_REDIRECT] 
2025-10-07 19:58:28,477 [ERROR] LogOutputStream:75 - [STDERR_REDIRECT] Oct 07, 2025 7:58:28 PM java.util.prefs.FileSystemPreferences checkLockFile0ErrorCode
2025-10-07 19:58:28,477 [ERROR] LogOutputStream:75 - [STDERR_REDIRECT] WARNING: Could not lock System prefs. Unix error code 2.
2025-10-07 19:58:28,477 [ERROR] LogOutputStream:75 - [STDERR_REDIRECT] 
2025-10-07 19:58:28,478 [ERROR] LogOutputStream:75 - [STDERR_REDIRECT] Oct 07, 2025 7:58:28 PM java.util.prefs.FileSystemPreferences syncWorld
2025-10-07 19:58:28,478 [ERROR] LogOutputStream:75 - [STDERR_REDIRECT] WARNING: Couldn't flush system prefs: java.util.prefs.BackingStoreException: Couldn't get file lock.
2025-10-07 19:58:28,478 [ERROR] LogOutputStream:75 - [STDERR_REDIRECT] 
2025-10-07 19:58:58,477 [ERROR] LogOutputStream:75 - [STDERR_REDIRECT] Oct 07, 2025 7:58:58 PM java.util.prefs.FileSystemPreferences checkLockFile0ErrorCode
2025-10-07 19:58:58,477 [ERROR] LogOutputStream:75 - [STDERR_REDIRECT] WARNING: Could not lock System prefs. Unix error code 2.
2025-10-07 19:58:58,477 [ERROR] LogOutputStream:75 - [STDERR_REDIRECT] 
2025-10-07 19:58:58,477 [ERROR] LogOutputStream:75 - [STDERR_REDIRECT] Oct 07, 2025 7:58:58 PM java.util.prefs.FileSystemPreferences syncWorld
2025-10-07 19:58:58,477 [ERROR] LogOutputStream:75 - [STDERR_REDIRECT] WARNING: Couldn't flush system prefs: java.util.prefs.BackingStoreException: Couldn't get file lock.
2025-10-07 19:58:58,477 [ERROR] LogOutputStream:75 - [STDERR_REDIRECT] 
2025-10-07 19:59:28,478 [ERROR] LogOutputStream:75 - [STDERR_REDIRECT] Oct 07, 2025 7:59:28 PM java.util.prefs.FileSystemPreferences checkLockFile0ErrorCode
2025-10-07 19:59:28,478 [ERROR] LogOutputStream:75 - [STDERR_REDIRECT] WARNING: Could not lock System prefs. Unix error code 2.
2025-10-07 19:59:28,478 [ERROR] LogOutputStream:75 - [STDERR_REDIRECT] 
2025-10-07 19:59:28,478 [ERROR] LogOutputStream:75 - [STDERR_REDIRECT] Oct 07, 2025 7:59:28 PM java.util.prefs.FileSystemPreferences syncWorld
2025-10-07 19:59:28,478 [ERROR] LogOutputStream:75 - [STDERR_REDIRECT] WARNING: Couldn't flush system prefs: java.util.prefs.BackingStoreException: Couldn't get file lock.
2025-10-07 19:59:28,478 [ERROR] LogOutputStream:75 - [STDERR_REDIRECT] 
2025-10-07 19:59:58,477 [ERROR] LogOutputStream:75 - [STDERR_REDIRECT] Oct 07, 2025 7:59:58 PM java.util.prefs.FileSystemPreferences checkLockFile0ErrorCode
2025-10-07 19:59:58,477 [ERROR] LogOutputStream:75 - [STDERR_REDIRECT] WARNING: Could not lock System prefs. Unix error code 2.
2025-10-07 19:59:58,477 [ERROR] LogOutputStream:75 - [STDERR_REDIRECT] 
2025-10-07 19:59:58,478 [ERROR] LogOutputStream:75 - [STDERR_REDIRECT] Oct 07, 2025 7:59:58 PM java.util.prefs.FileSystemPreferences syncWorld
2025-10-07 19:59:58,478 [ERROR] LogOutputStream:75 - [STDERR_REDIRECT] WARNING: Couldn't flush system prefs: java.util.prefs.BackingStoreException: Couldn't get file lock.
2025-10-07 19:59:58,478 [ERROR] LogOutputStream:75 - [STDERR_REDIRECT] 
2025-10-07 20:00:28,477 [ERROR] LogOutputStream:75 - [STDERR_REDIRECT] Oct 07, 2025 8:00:28 PM java.util.prefs.FileSystemPreferences checkLockFile0ErrorCode
2025-10-07 20:00:28,477 [ERROR] LogOutputStream:75 - [STDERR_REDIRECT] WARNING: Could not lock System prefs. Unix error code 2.
2025-10-07 20:00:28,477 [ERROR] LogOutputStream:75 - [STDERR_REDIRECT] 
2025-10-07 20:00:28,477 [ERROR] LogOutputStream:75 - [STDERR_REDIRECT] Oct 07, 2025 8:00:28 PM java.util.prefs.FileSystemPreferences syncWorld
2025-10-07 20:00:28,477 [ERROR] LogOutputStream:75 - [STDERR_REDIRECT] WARNING: Couldn't flush system prefs: java.util.prefs.BackingStoreException: Couldn't get file lock.
2025-10-07 20:00:28,477 [ERROR] LogOutputStream:75 - [STDERR_REDIRECT] 
2025-10-07 20:00:58,478 [ERROR] LogOutputStream:75 - [STDERR_REDIRECT] Oct 07, 2025 8:00:58 PM java.util.prefs.FileSystemPreferences checkLockFile0ErrorCode
2025-10-07 20:00:58,478 [ERROR] LogOutputStream:75 - [STDERR_REDIRECT] WARNING: Could not lock System prefs. Unix error code 2.
2025-10-07 20:00:58,478 [ERROR] LogOutputStream:75 - [STDERR_REDIRECT] 
2025-10-07 20:00:58,478 [ERROR] LogOutputStream:75 - [STDERR_REDIRECT] Oct 07, 2025 8:00:58 PM java.util.prefs.FileSystemPreferences syncWorld
2025-10-07 20:00:58,478 [ERROR] LogOutputStream:75 - [STDERR_REDIRECT] WARNING: Couldn't flush system prefs: java.util.prefs.BackingStoreException: Couldn't get file lock.
2025-10-07 20:00:58,478 [ERROR] LogOutputStream:75 - [STDERR_REDIRECT] 
2025-10-07 20:01:28,477 [ERROR] LogOutputStream:75 - [STDERR_REDIRECT] Oct 07, 2025 8:01:28 PM java.util.prefs.FileSystemPreferences checkLockFile0ErrorCode
2025-10-07 20:01:28,477 [ERROR] LogOutputStream:75 - [STDERR_REDIRECT] WARNING: Could not lock System prefs. Unix error code 2.
2025-10-07 20:01:28,478 [ERROR] LogOutputStream:75 - [STDERR_REDIRECT] 
2025-10-07 20:01:28,478 [ERROR] LogOutputStream:75 - [STDERR_REDIRECT] Oct 07, 2025 8:01:28 PM java.util.prefs.FileSystemPreferences syncWorld
2025-10-07 20:01:28,478 [ERROR] LogOutputStream:75 - [STDERR_REDIRECT] WARNING: Couldn't flush system prefs: java.util.prefs.BackingStoreException: Couldn't get file lock.
2025-10-07 20:01:28,478 [ERROR] LogOutputStream:75 - [STDERR_REDIRECT] 
2025-10-07 20:01:58,478 [ERROR] LogOutputStream:75 - [STDERR_REDIRECT] Oct 07, 2025 8:01:58 PM java.util.prefs.FileSystemPreferences checkLockFile0ErrorCode
2025-10-07 20:01:58,478 [ERROR] LogOutputStream:75 - [STDERR_REDIRECT] WARNING: Could not lock System prefs. Unix error code 2.
2025-10-07 20:01:58,478 [ERROR] LogOutputStream:75 - [STDERR_REDIRECT] 
2025-10-07 20:01:58,478 [ERROR] LogOutputStream:75 - [STDERR_REDIRECT] Oct 07, 2025 8:01:58 PM java.util.prefs.FileSystemPreferences syncWorld
2025-10-07 20:01:58,478 [ERROR] LogOutputStream:75 - [STDERR_REDIRECT] WARNING: Couldn't flush system prefs: java.util.prefs.BackingStoreException: Couldn't get file lock.
2025-10-07 20:01:58,478 [ERROR] LogOutputStream:75 - [STDERR_REDIRECT] 
2025-10-07 20:02:28,478 [ERROR] LogOutputStream:75 - [STDERR_REDIRECT] Oct 07, 2025 8:02:28 PM java.util.prefs.FileSystemPreferences checkLockFile0ErrorCode
2025-10-07 20:02:28,478 [ERROR] LogOutputStream:75 - [STDERR_REDIRECT] WARNING: Could not lock System prefs. Unix error code 2.
2025-10-07 20:02:28,478 [ERROR] LogOutputStream:75 - [STDERR_REDIRECT] 
2025-10-07 20:02:28,478 [ERROR] LogOutputStream:75 - [STDERR_REDIRECT] Oct 07, 2025 8:02:28 PM java.util.prefs.FileSystemPreferences syncWorld
2025-10-07 20:02:28,478 [ERROR] LogOutputStream:75 - [STDERR_REDIRECT] WARNING: Couldn't flush system prefs: java.util.prefs.BackingStoreException: Couldn't get file lock.
2025-10-07 20:02:28,478 [ERROR] LogOutputStream:75 - [STDERR_REDIRECT] 
2025-10-07 20:02:58,478 [ERROR] LogOutputStream:75 - [STDERR_REDIRECT] Oct 07, 2025 8:02:58 PM java.util.prefs.FileSystemPreferences checkLockFile0ErrorCode
2025-10-07 20:02:58,478 [ERROR] LogOutputStream:75 - [STDERR_REDIRECT] WARNING: Could not lock System prefs. Unix error code 2.
2025-10-07 20:02:58,478 [ERROR] LogOutputStream:75 - [STDERR_REDIRECT] 
2025-10-07 20:02:58,479 [ERROR] LogOutputStream:75 - [STDERR_REDIRECT] Oct 07, 2025 8:02:58 PM java.util.prefs.FileSystemPreferences syncWorld
2025-10-07 20:02:58,479 [ERROR] LogOutputStream:75 - [STDERR_REDIRECT] WARNING: Couldn't flush system prefs: java.util.prefs.BackingStoreException: Couldn't get file lock.
2025-10-07 20:02:58,479 [ERROR] LogOutputStream:75 - [STDERR_REDIRECT] 
2025-10-07 20:03:28,478 [ERROR] LogOutputStream:75 - [STDERR_REDIRECT] Oct 07, 2025 8:03:28 PM java.util.prefs.FileSystemPreferences checkLockFile0ErrorCode
2025-10-07 20:03:28,478 [ERROR] LogOutputStream:75 - [STDERR_REDIRECT] WARNING: Could not lock System prefs. Unix error code 2.
2025-10-07 20:03:28,478 [ERROR] LogOutputStream:75 - [STDERR_REDIRECT] 
2025-10-07 20:03:28,478 [ERROR] LogOutputStream:75 - [STDERR_REDIRECT] Oct 07, 2025 8:03:28 PM java.util.prefs.FileSystemPreferences syncWorld
2025-10-07 20:03:28,478 [ERROR] LogOutputStream:75 - [STDERR_REDIRECT] WARNING: Couldn't flush system prefs: java.util.prefs.BackingStoreException: Couldn't get file lock.
2025-10-07 20:03:28,478 [ERROR] LogOutputStream:75 - [STDERR_REDIRECT] 
2025-10-07 20:03:58,478 [ERROR] LogOutputStream:75 - [STDERR_REDIRECT] Oct 07, 2025 8:03:58 PM java.util.prefs.FileSystemPreferences checkLockFile0ErrorCode
2025-10-07 20:03:58,479 [ERROR] LogOutputStream:75 - [STDERR_REDIRECT] WARNING: Could not lock System prefs. Unix error code 2.
2025-10-07 20:03:58,479 [ERROR] LogOutputStream:75 - [STDERR_REDIRECT] 
2025-10-07 20:03:58,479 [ERROR] LogOutputStream:75 - [STDERR_REDIRECT] Oct 07, 2025 8:03:58 PM java.util.prefs.FileSystemPreferences syncWorld
2025-10-07 20:03:58,479 [ERROR] LogOutputStream:75 - [STDERR_REDIRECT] WARNING: Couldn't flush system prefs: java.util.prefs.BackingStoreException: Couldn't get file lock.
2025-10-07 20:03:58,479 [ERROR] LogOutputStream:75 - [STDERR_REDIRECT] 
2025-10-07 20:04:28,478 [ERROR] LogOutputStream:75 - [STDERR_REDIRECT] Oct 07, 2025 8:04:28 PM java.util.prefs.FileSystemPreferences checkLockFile0ErrorCode
2025-10-07 20:04:28,478 [ERROR] LogOutputStream:75 - [STDERR_REDIRECT] WARNING: Could not lock System prefs. Unix error code 2.
2025-10-07 20:04:28,478 [ERROR] LogOutputStream:75 - [STDERR_REDIRECT] 
2025-10-07 20:04:28,479 [ERROR] LogOutputStream:75 - [STDERR_REDIRECT] Oct 07, 2025 8:04:28 PM java.util.prefs.FileSystemPreferences syncWorld
2025-10-07 20:04:28,479 [ERROR] LogOutputStream:75 - [STDERR_REDIRECT] WARNING: Couldn't flush system prefs: java.util.prefs.BackingStoreException: Couldn't get file lock.
2025-10-07 20:04:28,479 [ERROR] LogOutputStream:75 - [STDERR_REDIRECT] 
2025-10-07 20:04:58,478 [ERROR] LogOutputStream:75 - [STDERR_REDIRECT] Oct 07, 2025 8:04:58 PM java.util.prefs.FileSystemPreferences checkLockFile0ErrorCode
2025-10-07 20:04:58,478 [ERROR] LogOutputStream:75 - [STDERR_REDIRECT] WARNING: Could not lock System prefs. Unix error code 2.
2025-10-07 20:04:58,478 [ERROR] LogOutputStream:75 - [STDERR_REDIRECT] 
2025-10-07 20:04:58,478 [ERROR] LogOutputStream:75 - [STDERR_REDIRECT] Oct 07, 2025 8:04:58 PM java.util.prefs.FileSystemPreferences syncWorld
2025-10-07 20:04:58,478 [ERROR] LogOutputStream:75 - [STDERR_REDIRECT] WARNING: Couldn't flush system prefs: java.util.prefs.BackingStoreException: Couldn't get file lock.
2025-10-07 20:04:58,478 [ERROR] LogOutputStream:75 - [STDERR_REDIRECT] 
2025-10-07 20:05:28,478 [ERROR] LogOutputStream:75 - [STDERR_REDIRECT] Oct 07, 2025 8:05:28 PM java.util.prefs.FileSystemPreferences checkLockFile0ErrorCode
2025-10-07 20:05:28,479 [ERROR] LogOutputStream:75 - [STDERR_REDIRECT] WARNING: Could not lock System prefs. Unix error code 2.
2025-10-07 20:05:28,479 [ERROR] LogOutputStream:75 - [STDERR_REDIRECT] 
2025-10-07 20:05:28,479 [ERROR] LogOutputStream:75 - [STDERR_REDIRECT] Oct 07, 2025 8:05:28 PM java.util.prefs.FileSystemPreferences syncWorld
2025-10-07 20:05:28,479 [ERROR] LogOutputStream:75 - [STDERR_REDIRECT] WARNING: Couldn't flush system prefs: java.util.prefs.BackingStoreException: Couldn't get file lock.
2025-10-07 20:05:28,479 [ERROR] LogOutputStream:75 - [STDERR_REDIRECT] 
2025-10-07 20:05:58,478 [ERROR] LogOutputStream:75 - [STDERR_REDIRECT] Oct 07, 2025 8:05:58 PM java.util.prefs.FileSystemPreferences checkLockFile0ErrorCode
2025-10-07 20:05:58,478 [ERROR] LogOutputStream:75 - [STDERR_REDIRECT] WARNING: Could not lock System prefs. Unix error code 2.
2025-10-07 20:05:58,478 [ERROR] LogOutputStream:75 - [STDERR_REDIRECT] 
2025-10-07 20:05:58,478 [ERROR] LogOutputStream:75 - [STDERR_REDIRECT] Oct 07, 2025 8:05:58 PM java.util.prefs.FileSystemPreferences syncWorld
2025-10-07 20:05:58,478 [ERROR] LogOutputStream:75 - [STDERR_REDIRECT] WARNING: Couldn't flush system prefs: java.util.prefs.BackingStoreException: Couldn't get file lock.
2025-10-07 20:05:58,478 [ERROR] LogOutputStream:75 - [STDERR_REDIRECT] 
2025-10-07 20:06:28,478 [ERROR] LogOutputStream:75 - [STDERR_REDIRECT] Oct 07, 2025 8:06:28 PM java.util.prefs.FileSystemPreferences checkLockFile0ErrorCode
2025-10-07 20:06:28,479 [ERROR] LogOutputStream:75 - [STDERR_REDIRECT] WARNING: Could not lock System prefs. Unix error code 2.
2025-10-07 20:06:28,479 [ERROR] LogOutputStream:75 - [STDERR_REDIRECT] 
2025-10-07 20:06:28,479 [ERROR] LogOutputStream:75 - [STDERR_REDIRECT] Oct 07, 2025 8:06:28 PM java.util.prefs.FileSystemPreferences syncWorld
2025-10-07 20:06:28,479 [ERROR] LogOutputStream:75 - [STDERR_REDIRECT] WARNING: Couldn't flush system prefs: java.util.prefs.BackingStoreException: Couldn't get file lock.
2025-10-07 20:06:28,479 [ERROR] LogOutputStream:75 - [STDERR_REDIRECT] 
2025-10-07 20:06:58,479 [ERROR] LogOutputStream:75 - [STDERR_REDIRECT] Oct 07, 2025 8:06:58 PM java.util.prefs.FileSystemPreferences checkLockFile0ErrorCode
2025-10-07 20:06:58,479 [ERROR] LogOutputStream:75 - [STDERR_REDIRECT] WARNING: Could not lock System prefs. Unix error code 2.
2025-10-07 20:06:58,479 [ERROR] LogOutputStream:75 - [STDERR_REDIRECT] 
2025-10-07 20:06:58,479 [ERROR] LogOutputStream:75 - [STDERR_REDIRECT] Oct 07, 2025 8:06:58 PM java.util.prefs.FileSystemPreferences syncWorld
2025-10-07 20:06:58,480 [ERROR] LogOutputStream:75 - [STDERR_REDIRECT] WARNING: Couldn't flush system prefs: java.util.prefs.BackingStoreException: Couldn't get file lock.
2025-10-07 20:06:58,480 [ERROR] LogOutputStream:75 - [STDERR_REDIRECT] 
2025-10-07 20:07:28,478 [ERROR] LogOutputStream:75 - [STDERR_REDIRECT] Oct 07, 2025 8:07:28 PM java.util.prefs.FileSystemPreferences checkLockFile0ErrorCode
2025-10-07 20:07:28,478 [ERROR] LogOutputStream:75 - [STDERR_REDIRECT] WARNING: Could not lock System prefs. Unix error code 2.
2025-10-07 20:07:28,489 [ERROR] LogOutputStream:75 - [STDERR_REDIRECT] 
2025-10-07 20:07:28,489 [ERROR] LogOutputStream:75 - [STDERR_REDIRECT] Oct 07, 2025 8:07:28 PM java.util.prefs.FileSystemPreferences syncWorld
2025-10-07 20:07:28,489 [ERROR] LogOutputStream:75 - [STDERR_REDIRECT] WARNING: Couldn't flush system prefs: java.util.prefs.BackingStoreException: Couldn't get file lock.
2025-10-07 20:07:28,489 [ERROR] LogOutputStream:75 - [STDERR_REDIRECT] 
2025-10-07 20:07:58,478 [ERROR] LogOutputStream:75 - [STDERR_REDIRECT] Oct 07, 2025 8:07:58 PM java.util.prefs.FileSystemPreferences checkLockFile0ErrorCode
2025-10-07 20:07:58,478 [ERROR] LogOutputStream:75 - [STDERR_REDIRECT] WARNING: Could not lock System prefs. Unix error code 2.
2025-10-07 20:07:58,479 [ERROR] LogOutputStream:75 - [STDERR_REDIRECT] 
2025-10-07 20:07:58,479 [ERROR] LogOutputStream:75 - [STDERR_REDIRECT] Oct 07, 2025 8:07:58 PM java.util.prefs.FileSystemPreferences syncWorld
2025-10-07 20:07:58,479 [ERROR] LogOutputStream:75 - [STDERR_REDIRECT] WARNING: Couldn't flush system prefs: java.util.prefs.BackingStoreException: Couldn't get file lock.
2025-10-07 20:07:58,479 [ERROR] LogOutputStream:75 - [STDERR_REDIRECT] 
2025-10-07 20:08:28,478 [ERROR] LogOutputStream:75 - [STDERR_REDIRECT] Oct 07, 2025 8:08:28 PM java.util.prefs.FileSystemPreferences checkLockFile0ErrorCode
2025-10-07 20:08:28,478 [ERROR] LogOutputStream:75 - [STDERR_REDIRECT] WARNING: Could not lock System prefs. Unix error code 2.
2025-10-07 20:08:28,478 [ERROR] LogOutputStream:75 - [STDERR_REDIRECT] 
2025-10-07 20:08:28,478 [ERROR] LogOutputStream:75 - [STDERR_REDIRECT] Oct 07, 2025 8:08:28 PM java.util.prefs.FileSystemPreferences syncWorld
2025-10-07 20:08:28,478 [ERROR] LogOutputStream:75 - [STDERR_REDIRECT] WARNING: Couldn't flush system prefs: java.util.prefs.BackingStoreException: Couldn't get file lock.
2025-10-07 20:08:28,478 [ERROR] LogOutputStream:75 - [STDERR_REDIRECT] 
2025-10-07 20:08:58,479 [ERROR] LogOutputStream:75 - [STDERR_REDIRECT] Oct 07, 2025 8:08:58 PM java.util.prefs.FileSystemPreferences checkLockFile0ErrorCode
2025-10-07 20:08:58,479 [ERROR] LogOutputStream:75 - [STDERR_REDIRECT] WARNING: Could not lock System prefs. Unix error code 2.
2025-10-07 20:08:58,479 [ERROR] LogOutputStream:75 - [STDERR_REDIRECT] 
2025-10-07 20:08:58,479 [ERROR] LogOutputStream:75 - [STDERR_REDIRECT] Oct 07, 2025 8:08:58 PM java.util.prefs.FileSystemPreferences syncWorld
2025-10-07 20:08:58,479 [ERROR] LogOutputStream:75 - [STDERR_REDIRECT] WARNING: Couldn't flush system prefs: java.util.prefs.BackingStoreException: Couldn't get file lock.
2025-10-07 20:08:58,479 [ERROR] LogOutputStream:75 - [STDERR_REDIRECT] 
2025-10-07 20:09:28,479 [ERROR] LogOutputStream:75 - [STDERR_REDIRECT] Oct 07, 2025 8:09:28 PM java.util.prefs.FileSystemPreferences checkLockFile0ErrorCode
2025-10-07 20:09:28,479 [ERROR] LogOutputStream:75 - [STDERR_REDIRECT] WARNING: Could not lock System prefs. Unix error code 2.
2025-10-07 20:09:28,479 [ERROR] LogOutputStream:75 - [STDERR_REDIRECT] 
2025-10-07 20:09:28,479 [ERROR] LogOutputStream:75 - [STDERR_REDIRECT] Oct 07, 2025 8:09:28 PM java.util.prefs.FileSystemPreferences syncWorld
2025-10-07 20:09:28,479 [ERROR] LogOutputStream:75 - [STDERR_REDIRECT] WARNING: Couldn't flush system prefs: java.util.prefs.BackingStoreException: Couldn't get file lock.
2025-10-07 20:09:28,479 [ERROR] LogOutputStream:75 - [STDERR_REDIRECT] 
2025-10-07 20:09:58,479 [ERROR] LogOutputStream:75 - [STDERR_REDIRECT] Oct 07, 2025 8:09:58 PM java.util.prefs.FileSystemPreferences checkLockFile0ErrorCode
2025-10-07 20:09:58,479 [ERROR] LogOutputStream:75 - [STDERR_REDIRECT] WARNING: Could not lock System prefs. Unix error code 2.
2025-10-07 20:09:58,479 [ERROR] LogOutputStream:75 - [STDERR_REDIRECT] 
2025-10-07 20:09:58,479 [ERROR] LogOutputStream:75 - [STDERR_REDIRECT] Oct 07, 2025 8:09:58 PM java.util.prefs.FileSystemPreferences syncWorld
2025-10-07 20:09:58,479 [ERROR] LogOutputStream:75 - [STDERR_REDIRECT] WARNING: Couldn't flush system prefs: java.util.prefs.BackingStoreException: Couldn't get file lock.
2025-10-07 20:09:58,479 [ERROR] LogOutputStream:75 - [STDERR_REDIRECT] 
2025-10-07 20:10:28,479 [ERROR] LogOutputStream:75 - [STDERR_REDIRECT] Oct 07, 2025 8:10:28 PM java.util.prefs.FileSystemPreferences checkLockFile0ErrorCode
2025-10-07 20:10:28,479 [ERROR] LogOutputStream:75 - [STDERR_REDIRECT] WARNING: Could not lock System prefs. Unix error code 2.
2025-10-07 20:10:28,479 [ERROR] LogOutputStream:75 - [STDERR_REDIRECT] 
2025-10-07 20:10:28,479 [ERROR] LogOutputStream:75 - [STDERR_REDIRECT] Oct 07, 2025 8:10:28 PM java.util.prefs.FileSystemPreferences syncWorld
2025-10-07 20:10:28,480 [ERROR] LogOutputStream:75 - [STDERR_REDIRECT] WARNING: Couldn't flush system prefs: java.util.prefs.BackingStoreException: Couldn't get file lock.
2025-10-07 20:10:28,480 [ERROR] LogOutputStream:75 - [STDERR_REDIRECT] 
2025-10-07 20:10:58,479 [ERROR] LogOutputStream:75 - [STDERR_REDIRECT] Oct 07, 2025 8:10:58 PM java.util.prefs.FileSystemPreferences checkLockFile0ErrorCode
2025-10-07 20:10:58,479 [ERROR] LogOutputStream:75 - [STDERR_REDIRECT] WARNING: Could not lock System prefs. Unix error code 2.
2025-10-07 20:10:58,479 [ERROR] LogOutputStream:75 - [STDERR_REDIRECT] 
2025-10-07 20:10:58,479 [ERROR] LogOutputStream:75 - [STDERR_REDIRECT] Oct 07, 2025 8:10:58 PM java.util.prefs.FileSystemPreferences syncWorld
2025-10-07 20:10:58,479 [ERROR] LogOutputStream:75 - [STDERR_REDIRECT] WARNING: Couldn't flush system prefs: java.util.prefs.BackingStoreException: Couldn't get file lock.
2025-10-07 20:10:58,479 [ERROR] LogOutputStream:75 - [STDERR_REDIRECT] 
2025-10-07 20:11:28,479 [ERROR] LogOutputStream:75 - [STDERR_REDIRECT] Oct 07, 2025 8:11:28 PM java.util.prefs.FileSystemPreferences checkLockFile0ErrorCode
2025-10-07 20:11:28,479 [ERROR] LogOutputStream:75 - [STDERR_REDIRECT] WARNING: Could not lock System prefs. Unix error code 2.
2025-10-07 20:11:28,479 [ERROR] LogOutputStream:75 - [STDERR_REDIRECT] 
2025-10-07 20:11:28,480 [ERROR] LogOutputStream:75 - [STDERR_REDIRECT] Oct 07, 2025 8:11:28 PM java.util.prefs.FileSystemPreferences syncWorld
2025-10-07 20:11:28,480 [ERROR] LogOutputStream:75 - [STDERR_REDIRECT] WARNING: Couldn't flush system prefs: java.util.prefs.BackingStoreException: Couldn't get file lock.
2025-10-07 20:11:28,480 [ERROR] LogOutputStream:75 - [STDERR_REDIRECT] 
2025-10-07 20:11:58,479 [ERROR] LogOutputStream:75 - [STDERR_REDIRECT] Oct 07, 2025 8:11:58 PM java.util.prefs.FileSystemPreferences checkLockFile0ErrorCode
2025-10-07 20:11:58,479 [ERROR] LogOutputStream:75 - [STDERR_REDIRECT] WARNING: Could not lock System prefs. Unix error code 2.
2025-10-07 20:11:58,479 [ERROR] LogOutputStream:75 - [STDERR_REDIRECT] 
2025-10-07 20:11:58,479 [ERROR] LogOutputStream:75 - [STDERR_REDIRECT] Oct 07, 2025 8:11:58 PM java.util.prefs.FileSystemPreferences syncWorld
2025-10-07 20:11:58,479 [ERROR] LogOutputStream:75 - [STDERR_REDIRECT] WARNING: Couldn't flush system prefs: java.util.prefs.BackingStoreException: Couldn't get file lock.
2025-10-07 20:11:58,479 [ERROR] LogOutputStream:75 - [STDERR_REDIRECT] 
2025-10-07 20:12:28,480 [ERROR] LogOutputStream:75 - [STDERR_REDIRECT] Oct 07, 2025 8:12:28 PM java.util.prefs.FileSystemPreferences checkLockFile0ErrorCode
2025-10-07 20:12:28,480 [ERROR] LogOutputStream:75 - [STDERR_REDIRECT] WARNING: Could not lock System prefs. Unix error code 2.
2025-10-07 20:12:28,480 [ERROR] LogOutputStream:75 - [STDERR_REDIRECT] 
2025-10-07 20:12:28,480 [ERROR] LogOutputStream:75 - [STDERR_REDIRECT] Oct 07, 2025 8:12:28 PM java.util.prefs.FileSystemPreferences syncWorld
2025-10-07 20:12:28,480 [ERROR] LogOutputStream:75 - [STDERR_REDIRECT] WARNING: Couldn't flush system prefs: java.util.prefs.BackingStoreException: Couldn't get file lock.
2025-10-07 20:12:28,480 [ERROR] LogOutputStream:75 - [STDERR_REDIRECT] 
2025-10-07 20:12:58,479 [ERROR] LogOutputStream:75 - [STDERR_REDIRECT] Oct 07, 2025 8:12:58 PM java.util.prefs.FileSystemPreferences checkLockFile0ErrorCode
2025-10-07 20:12:58,479 [ERROR] LogOutputStream:75 - [STDERR_REDIRECT] WARNING: Could not lock System prefs. Unix error code 2.
2025-10-07 20:12:58,479 [ERROR] LogOutputStream:75 - [STDERR_REDIRECT] 
2025-10-07 20:12:58,480 [ERROR] LogOutputStream:75 - [STDERR_REDIRECT] Oct 07, 2025 8:12:58 PM java.util.prefs.FileSystemPreferences syncWorld
2025-10-07 20:12:58,480 [ERROR] LogOutputStream:75 - [STDERR_REDIRECT] WARNING: Couldn't flush system prefs: java.util.prefs.BackingStoreException: Couldn't get file lock.
2025-10-07 20:12:58,480 [ERROR] LogOutputStream:75 - [STDERR_REDIRECT] 
2025-10-07 20:13:28,479 [ERROR] LogOutputStream:75 - [STDERR_REDIRECT] Oct 07, 2025 8:13:28 PM java.util.prefs.FileSystemPreferences checkLockFile0ErrorCode
2025-10-07 20:13:28,479 [ERROR] LogOutputStream:75 - [STDERR_REDIRECT] WARNING: Could not lock System prefs. Unix error code 2.
2025-10-07 20:13:28,479 [ERROR] LogOutputStream:75 - [STDERR_REDIRECT] 
2025-10-07 20:13:28,479 [ERROR] LogOutputStream:75 - [STDERR_REDIRECT] Oct 07, 2025 8:13:28 PM java.util.prefs.FileSystemPreferences syncWorld
2025-10-07 20:13:28,479 [ERROR] LogOutputStream:75 - [STDERR_REDIRECT] WARNING: Couldn't flush system prefs: java.util.prefs.BackingStoreException: Couldn't get file lock.
2025-10-07 20:13:28,479 [ERROR] LogOutputStream:75 - [STDERR_REDIRECT] 
2025-10-07 20:13:58,479 [ERROR] LogOutputStream:75 - [STDERR_REDIRECT] Oct 07, 2025 8:13:58 PM java.util.prefs.FileSystemPreferences checkLockFile0ErrorCode
2025-10-07 20:13:58,480 [ERROR] LogOutputStream:75 - [STDERR_REDIRECT] WARNING: Could not lock System prefs. Unix error code 2.
2025-10-07 20:13:58,480 [ERROR] LogOutputStream:75 - [STDERR_REDIRECT] 
2025-10-07 20:13:58,480 [ERROR] LogOutputStream:75 - [STDERR_REDIRECT] Oct 07, 2025 8:13:58 PM java.util.prefs.FileSystemPreferences syncWorld
2025-10-07 20:13:58,480 [ERROR] LogOutputStream:75 - [STDERR_REDIRECT] WARNING: Couldn't flush system prefs: java.util.prefs.BackingStoreException: Couldn't get file lock.
2025-10-07 20:13:58,480 [ERROR] LogOutputStream:75 - [STDERR_REDIRECT] 
2025-10-07 20:14:28,479 [ERROR] LogOutputStream:75 - [STDERR_REDIRECT] Oct 07, 2025 8:14:28 PM java.util.prefs.FileSystemPreferences checkLockFile0ErrorCode
2025-10-07 20:14:28,479 [ERROR] LogOutputStream:75 - [STDERR_REDIRECT] WARNING: Could not lock System prefs. Unix error code 2.
2025-10-07 20:14:28,479 [ERROR] LogOutputStream:75 - [STDERR_REDIRECT] 
2025-10-07 20:14:28,479 [ERROR] LogOutputStream:75 - [STDERR_REDIRECT] Oct 07, 2025 8:14:28 PM java.util.prefs.FileSystemPreferences syncWorld
2025-10-07 20:14:28,479 [ERROR] LogOutputStream:75 - [STDERR_REDIRECT] WARNING: Couldn't flush system prefs: java.util.prefs.BackingStoreException: Couldn't get file lock.
2025-10-07 20:14:28,479 [ERROR] LogOutputStream:75 - [STDERR_REDIRECT] 
2025-10-07 20:14:58,480 [ERROR] LogOutputStream:75 - [STDERR_REDIRECT] Oct 07, 2025 8:14:58 PM java.util.prefs.FileSystemPreferences checkLockFile0ErrorCode
2025-10-07 20:14:58,480 [ERROR] LogOutputStream:75 - [STDERR_REDIRECT] WARNING: Could not lock System prefs. Unix error code 2.
2025-10-07 20:14:58,480 [ERROR] LogOutputStream:75 - [STDERR_REDIRECT] 
2025-10-07 20:14:58,480 [ERROR] LogOutputStream:75 - [STDERR_REDIRECT] Oct 07, 2025 8:14:58 PM java.util.prefs.FileSystemPreferences syncWorld
2025-10-07 20:14:58,480 [ERROR] LogOutputStream:75 - [STDERR_REDIRECT] WARNING: Couldn't flush system prefs: java.util.prefs.BackingStoreException: Couldn't get file lock.
2025-10-07 20:14:58,480 [ERROR] LogOutputStream:75 - [STDERR_REDIRECT] 
2025-10-07 20:15:28,479 [ERROR] LogOutputStream:75 - [STDERR_REDIRECT] Oct 07, 2025 8:15:28 PM java.util.prefs.FileSystemPreferences checkLockFile0ErrorCode
2025-10-07 20:15:28,479 [ERROR] LogOutputStream:75 - [STDERR_REDIRECT] WARNING: Could not lock System prefs. Unix error code 2.
2025-10-07 20:15:28,479 [ERROR] LogOutputStream:75 - [STDERR_REDIRECT] 
2025-10-07 20:15:28,479 [ERROR] LogOutputStream:75 - [STDERR_REDIRECT] Oct 07, 2025 8:15:28 PM java.util.prefs.FileSystemPreferences syncWorld
2025-10-07 20:15:28,479 [ERROR] LogOutputStream:75 - [STDERR_REDIRECT] WARNING: Couldn't flush system prefs: java.util.prefs.BackingStoreException: Couldn't get file lock.
2025-10-07 20:15:28,479 [ERROR] LogOutputStream:75 - [STDERR_REDIRECT] 
2025-10-07 20:15:58,480 [ERROR] LogOutputStream:75 - [STDERR_REDIRECT] Oct 07, 2025 8:15:58 PM java.util.prefs.FileSystemPreferences checkLockFile0ErrorCode
2025-10-07 20:15:58,480 [ERROR] LogOutputStream:75 - [STDERR_REDIRECT] WARNING: Could not lock System prefs. Unix error code 2.
2025-10-07 20:15:58,480 [ERROR] LogOutputStream:75 - [STDERR_REDIRECT] 
2025-10-07 20:15:58,480 [ERROR] LogOutputStream:75 - [STDERR_REDIRECT] Oct 07, 2025 8:15:58 PM java.util.prefs.FileSystemPreferences syncWorld
2025-10-07 20:15:58,480 [ERROR] LogOutputStream:75 - [STDERR_REDIRECT] WARNING: Couldn't flush system prefs: java.util.prefs.BackingStoreException: Couldn't get file lock.
2025-10-07 20:15:58,480 [ERROR] LogOutputStream:75 - [STDERR_REDIRECT] 
2025-10-07 20:16:28,480 [ERROR] LogOutputStream:75 - [STDERR_REDIRECT] Oct 07, 2025 8:16:28 PM java.util.prefs.FileSystemPreferences checkLockFile0ErrorCode
2025-10-07 20:16:28,480 [ERROR] LogOutputStream:75 - [STDERR_REDIRECT] WARNING: Could not lock System prefs. Unix error code 2.
2025-10-07 20:16:28,480 [ERROR] LogOutputStream:75 - [STDERR_REDIRECT] 
2025-10-07 20:16:28,480 [ERROR] LogOutputStream:75 - [STDERR_REDIRECT] Oct 07, 2025 8:16:28 PM java.util.prefs.FileSystemPreferences syncWorld
2025-10-07 20:16:28,480 [ERROR] LogOutputStream:75 - [STDERR_REDIRECT] WARNING: Couldn't flush system prefs: java.util.prefs.BackingStoreException: Couldn't get file lock.
2025-10-07 20:16:28,480 [ERROR] LogOutputStream:75 - [STDERR_REDIRECT] 
2025-10-07 20:16:58,481 [ERROR] LogOutputStream:75 - [STDERR_REDIRECT] Oct 07, 2025 8:16:58 PM java.util.prefs.FileSystemPreferences checkLockFile0ErrorCode
2025-10-07 20:16:58,481 [ERROR] LogOutputStream:75 - [STDERR_REDIRECT] WARNING: Could not lock System prefs. Unix error code 2.
2025-10-07 20:16:58,481 [ERROR] LogOutputStream:75 - [STDERR_REDIRECT] 
2025-10-07 20:16:58,481 [ERROR] LogOutputStream:75 - [STDERR_REDIRECT] Oct 07, 2025 8:16:58 PM java.util.prefs.FileSystemPreferences syncWorld
2025-10-07 20:16:58,481 [ERROR] LogOutputStream:75 - [STDERR_REDIRECT] WARNING: Couldn't flush system prefs: java.util.prefs.BackingStoreException: Couldn't get file lock.
2025-10-07 20:16:58,482 [ERROR] LogOutputStream:75 - [STDERR_REDIRECT] 
2025-10-07 20:17:28,481 [ERROR] LogOutputStream:75 - [STDERR_REDIRECT] Oct 07, 2025 8:17:28 PM java.util.prefs.FileSystemPreferences checkLockFile0ErrorCode
2025-10-07 20:17:28,481 [ERROR] LogOutputStream:75 - [STDERR_REDIRECT] WARNING: Could not lock System prefs. Unix error code 2.
2025-10-07 20:17:28,481 [ERROR] LogOutputStream:75 - [STDERR_REDIRECT] 
2025-10-07 20:17:28,481 [ERROR] LogOutputStream:75 - [STDERR_REDIRECT] Oct 07, 2025 8:17:28 PM java.util.prefs.FileSystemPreferences syncWorld
2025-10-07 20:17:28,481 [ERROR] LogOutputStream:75 - [STDERR_REDIRECT] WARNING: Couldn't flush system prefs: java.util.prefs.BackingStoreException: Couldn't get file lock.
2025-10-07 20:17:28,481 [ERROR] LogOutputStream:75 - [STDERR_REDIRECT] 
2025-10-07 20:17:58,481 [ERROR] LogOutputStream:75 - [STDERR_REDIRECT] Oct 07, 2025 8:17:58 PM java.util.prefs.FileSystemPreferences checkLockFile0ErrorCode
2025-10-07 20:17:58,482 [ERROR] LogOutputStream:75 - [STDERR_REDIRECT] WARNING: Could not lock System prefs. Unix error code 2.
2025-10-07 20:17:58,482 [ERROR] LogOutputStream:75 - [STDERR_REDIRECT] 
2025-10-07 20:17:58,482 [ERROR] LogOutputStream:75 - [STDERR_REDIRECT] Oct 07, 2025 8:17:58 PM java.util.prefs.FileSystemPreferences syncWorld
2025-10-07 20:17:58,482 [ERROR] LogOutputStream:75 - [STDERR_REDIRECT] WARNING: Couldn't flush system prefs: java.util.prefs.BackingStoreException: Couldn't get file lock.
2025-10-07 20:17:58,482 [ERROR] LogOutputStream:75 - [STDERR_REDIRECT] 
2025-10-07 20:18:28,481 [ERROR] LogOutputStream:75 - [STDERR_REDIRECT] Oct 07, 2025 8:18:28 PM java.util.prefs.FileSystemPreferences checkLockFile0ErrorCode
2025-10-07 20:18:28,481 [ERROR] LogOutputStream:75 - [STDERR_REDIRECT] WARNING: Could not lock System prefs. Unix error code 2.
2025-10-07 20:18:28,482 [ERROR] LogOutputStream:75 - [STDERR_REDIRECT] 
2025-10-07 20:18:28,482 [ERROR] LogOutputStream:75 - [STDERR_REDIRECT] Oct 07, 2025 8:18:28 PM java.util.prefs.FileSystemPreferences syncWorld
2025-10-07 20:18:28,482 [ERROR] LogOutputStream:75 - [STDERR_REDIRECT] WARNING: Couldn't flush system prefs: java.util.prefs.BackingStoreException: Couldn't get file lock.
2025-10-07 20:18:28,482 [ERROR] LogOutputStream:75 - [STDERR_REDIRECT] 
2025-10-07 20:18:58,481 [ERROR] LogOutputStream:75 - [STDERR_REDIRECT] Oct 07, 2025 8:18:58 PM java.util.prefs.FileSystemPreferences checkLockFile0ErrorCode
2025-10-07 20:18:58,481 [ERROR] LogOutputStream:75 - [STDERR_REDIRECT] WARNING: Could not lock System prefs. Unix error code 2.
2025-10-07 20:18:58,481 [ERROR] LogOutputStream:75 - [STDERR_REDIRECT] 
2025-10-07 20:18:58,482 [ERROR] LogOutputStream:75 - [STDERR_REDIRECT] Oct 07, 2025 8:18:58 PM java.util.prefs.FileSystemPreferences syncWorld
2025-10-07 20:18:58,482 [ERROR] LogOutputStream:75 - [STDERR_REDIRECT] WARNING: Couldn't flush system prefs: java.util.prefs.BackingStoreException: Couldn't get file lock.
2025-10-07 20:18:58,482 [ERROR] LogOutputStream:75 - [STDERR_REDIRECT] 
2025-10-07 20:19:28,481 [ERROR] LogOutputStream:75 - [STDERR_REDIRECT] Oct 07, 2025 8:19:28 PM java.util.prefs.FileSystemPreferences checkLockFile0ErrorCode
2025-10-07 20:19:28,481 [ERROR] LogOutputStream:75 - [STDERR_REDIRECT] WARNING: Could not lock System prefs. Unix error code 2.
2025-10-07 20:19:28,481 [ERROR] LogOutputStream:75 - [STDERR_REDIRECT] 
2025-10-07 20:19:28,481 [ERROR] LogOutputStream:75 - [STDERR_REDIRECT] Oct 07, 2025 8:19:28 PM java.util.prefs.FileSystemPreferences syncWorld
2025-10-07 20:19:28,481 [ERROR] LogOutputStream:75 - [STDERR_REDIRECT] WARNING: Couldn't flush system prefs: java.util.prefs.BackingStoreException: Couldn't get file lock.
2025-10-07 20:19:28,482 [ERROR] LogOutputStream:75 - [STDERR_REDIRECT] 
2025-10-07 20:19:58,481 [ERROR] LogOutputStream:75 - [STDERR_REDIRECT] Oct 07, 2025 8:19:58 PM java.util.prefs.FileSystemPreferences checkLockFile0ErrorCode
2025-10-07 20:19:58,481 [ERROR] LogOutputStream:75 - [STDERR_REDIRECT] WARNING: Could not lock System prefs. Unix error code 2.
2025-10-07 20:19:58,481 [ERROR] LogOutputStream:75 - [STDERR_REDIRECT] 
2025-10-07 20:19:58,481 [ERROR] LogOutputStream:75 - [STDERR_REDIRECT] Oct 07, 2025 8:19:58 PM java.util.prefs.FileSystemPreferences syncWorld
2025-10-07 20:19:58,481 [ERROR] LogOutputStream:75 - [STDERR_REDIRECT] WARNING: Couldn't flush system prefs: java.util.prefs.BackingStoreException: Couldn't get file lock.
2025-10-07 20:19:58,481 [ERROR] LogOutputStream:75 - [STDERR_REDIRECT] 
2025-10-07 20:20:28,482 [ERROR] LogOutputStream:75 - [STDERR_REDIRECT] Oct 07, 2025 8:20:28 PM java.util.prefs.FileSystemPreferences checkLockFile0ErrorCode
2025-10-07 20:20:28,483 [ERROR] LogOutputStream:75 - [STDERR_REDIRECT] WARNING: Could not lock System prefs. Unix error code 2.
2025-10-07 20:20:28,483 [ERROR] LogOutputStream:75 - [STDERR_REDIRECT] 
2025-10-07 20:20:28,483 [ERROR] LogOutputStream:75 - [STDERR_REDIRECT] Oct 07, 2025 8:20:28 PM java.util.prefs.FileSystemPreferences syncWorld
2025-10-07 20:20:28,483 [ERROR] LogOutputStream:75 - [STDERR_REDIRECT] WARNING: Couldn't flush system prefs: java.util.prefs.BackingStoreException: Couldn't get file lock.
2025-10-07 20:20:28,483 [ERROR] LogOutputStream:75 - [STDERR_REDIRECT] 
2025-10-07 20:20:58,481 [ERROR] LogOutputStream:75 - [STDERR_REDIRECT] Oct 07, 2025 8:20:58 PM java.util.prefs.FileSystemPreferences checkLockFile0ErrorCode
2025-10-07 20:20:58,481 [ERROR] LogOutputStream:75 - [STDERR_REDIRECT] WARNING: Could not lock System prefs. Unix error code 2.
2025-10-07 20:20:58,481 [ERROR] LogOutputStream:75 - [STDERR_REDIRECT] 
2025-10-07 20:20:58,482 [ERROR] LogOutputStream:75 - [STDERR_REDIRECT] Oct 07, 2025 8:20:58 PM java.util.prefs.FileSystemPreferences syncWorld
2025-10-07 20:20:58,482 [ERROR] LogOutputStream:75 - [STDERR_REDIRECT] WARNING: Couldn't flush system prefs: java.util.prefs.BackingStoreException: Couldn't get file lock.
2025-10-07 20:20:58,482 [ERROR] LogOutputStream:75 - [STDERR_REDIRECT] 
2025-10-07 20:21:28,481 [ERROR] LogOutputStream:75 - [STDERR_REDIRECT] Oct 07, 2025 8:21:28 PM java.util.prefs.FileSystemPreferences checkLockFile0ErrorCode
2025-10-07 20:21:28,481 [ERROR] LogOutputStream:75 - [STDERR_REDIRECT] WARNING: Could not lock System prefs. Unix error code 2.
2025-10-07 20:21:28,481 [ERROR] LogOutputStream:75 - [STDERR_REDIRECT] 
2025-10-07 20:21:28,481 [ERROR] LogOutputStream:75 - [STDERR_REDIRECT] Oct 07, 2025 8:21:28 PM java.util.prefs.FileSystemPreferences syncWorld
2025-10-07 20:21:28,481 [ERROR] LogOutputStream:75 - [STDERR_REDIRECT] WARNING: Couldn't flush system prefs: java.util.prefs.BackingStoreException: Couldn't get file lock.
2025-10-07 20:21:28,481 [ERROR] LogOutputStream:75 - [STDERR_REDIRECT] 
2025-10-07 20:21:58,482 [ERROR] LogOutputStream:75 - [STDERR_REDIRECT] Oct 07, 2025 8:21:58 PM java.util.prefs.FileSystemPreferences checkLockFile0ErrorCode
2025-10-07 20:21:58,482 [ERROR] LogOutputStream:75 - [STDERR_REDIRECT] WARNING: Could not lock System prefs. Unix error code 2.
2025-10-07 20:21:58,482 [ERROR] LogOutputStream:75 - [STDERR_REDIRECT] 
2025-10-07 20:21:58,483 [ERROR] LogOutputStream:75 - [STDERR_REDIRECT] Oct 07, 2025 8:21:58 PM java.util.prefs.FileSystemPreferences syncWorld
2025-10-07 20:21:58,483 [ERROR] LogOutputStream:75 - [STDERR_REDIRECT] WARNING: Couldn't flush system prefs: java.util.prefs.BackingStoreException: Couldn't get file lock.
2025-10-07 20:21:58,483 [ERROR] LogOutputStream:75 - [STDERR_REDIRECT] 
2025-10-07 20:22:28,482 [ERROR] LogOutputStream:75 - [STDERR_REDIRECT] Oct 07, 2025 8:22:28 PM java.util.prefs.FileSystemPreferences checkLockFile0ErrorCode
2025-10-07 20:22:28,483 [ERROR] LogOutputStream:75 - [STDERR_REDIRECT] WARNING: Could not lock System prefs. Unix error code 2.
2025-10-07 20:22:28,483 [ERROR] LogOutputStream:75 - [STDERR_REDIRECT] 
2025-10-07 20:22:28,483 [ERROR] LogOutputStream:75 - [STDERR_REDIRECT] Oct 07, 2025 8:22:28 PM java.util.prefs.FileSystemPreferences syncWorld
2025-10-07 20:22:28,483 [ERROR] LogOutputStream:75 - [STDERR_REDIRECT] WARNING: Couldn't flush system prefs: java.util.prefs.BackingStoreException: Couldn't get file lock.
2025-10-07 20:22:28,483 [ERROR] LogOutputStream:75 - [STDERR_REDIRECT] 
2025-10-07 20:22:58,481 [ERROR] LogOutputStream:75 - [STDERR_REDIRECT] Oct 07, 2025 8:22:58 PM java.util.prefs.FileSystemPreferences checkLockFile0ErrorCode
2025-10-07 20:22:58,482 [ERROR] LogOutputStream:75 - [STDERR_REDIRECT] WARNING: Could not lock System prefs. Unix error code 2.
2025-10-07 20:22:58,482 [ERROR] LogOutputStream:75 - [STDERR_REDIRECT] 
2025-10-07 20:22:58,482 [ERROR] LogOutputStream:75 - [STDERR_REDIRECT] Oct 07, 2025 8:22:58 PM java.util.prefs.FileSystemPreferences syncWorld
2025-10-07 20:22:58,482 [ERROR] LogOutputStream:75 - [STDERR_REDIRECT] WARNING: Couldn't flush system prefs: java.util.prefs.BackingStoreException: Couldn't get file lock.
2025-10-07 20:22:58,482 [ERROR] LogOutputStream:75 - [STDERR_REDIRECT] 
2025-10-07 20:23:28,482 [ERROR] LogOutputStream:75 - [STDERR_REDIRECT] Oct 07, 2025 8:23:28 PM java.util.prefs.FileSystemPreferences checkLockFile0ErrorCode
2025-10-07 20:23:28,482 [ERROR] LogOutputStream:75 - [STDERR_REDIRECT] WARNING: Could not lock System prefs. Unix error code 2.
2025-10-07 20:23:28,519 [ERROR] LogOutputStream:75 - [STDERR_REDIRECT] 
2025-10-07 20:23:28,520 [ERROR] LogOutputStream:75 - [STDERR_REDIRECT] Oct 07, 2025 8:23:28 PM java.util.prefs.FileSystemPreferences syncWorld
2025-10-07 20:23:28,520 [ERROR] LogOutputStream:75 - [STDERR_REDIRECT] WARNING: Couldn't flush system prefs: java.util.prefs.BackingStoreException: Couldn't get file lock.
2025-10-07 20:23:28,520 [ERROR] LogOutputStream:75 - [STDERR_REDIRECT] 
2025-10-07 20:23:58,481 [ERROR] LogOutputStream:75 - [STDERR_REDIRECT] Oct 07, 2025 8:23:58 PM java.util.prefs.FileSystemPreferences checkLockFile0ErrorCode
2025-10-07 20:23:58,481 [ERROR] LogOutputStream:75 - [STDERR_REDIRECT] WARNING: Could not lock System prefs. Unix error code 2.
2025-10-07 20:23:58,482 [ERROR] LogOutputStream:75 - [STDERR_REDIRECT] 
2025-10-07 20:23:58,482 [ERROR] LogOutputStream:75 - [STDERR_REDIRECT] Oct 07, 2025 8:23:58 PM java.util.prefs.FileSystemPreferences syncWorld
2025-10-07 20:23:58,482 [ERROR] LogOutputStream:75 - [STDERR_REDIRECT] WARNING: Couldn't flush system prefs: java.util.prefs.BackingStoreException: Couldn't get file lock.
2025-10-07 20:23:58,482 [ERROR] LogOutputStream:75 - [STDERR_REDIRECT] 
2025-10-07 20:24:28,481 [ERROR] LogOutputStream:75 - [STDERR_REDIRECT] Oct 07, 2025 8:24:28 PM java.util.prefs.FileSystemPreferences checkLockFile0ErrorCode
2025-10-07 20:24:28,481 [ERROR] LogOutputStream:75 - [STDERR_REDIRECT] WARNING: Could not lock System prefs. Unix error code 2.
2025-10-07 20:24:28,481 [ERROR] LogOutputStream:75 - [STDERR_REDIRECT] 
2025-10-07 20:24:28,481 [ERROR] LogOutputStream:75 - [STDERR_REDIRECT] Oct 07, 2025 8:24:28 PM java.util.prefs.FileSystemPreferences syncWorld
2025-10-07 20:24:28,482 [ERROR] LogOutputStream:75 - [STDERR_REDIRECT] WARNING: Couldn't flush system prefs: java.util.prefs.BackingStoreException: Couldn't get file lock.
2025-10-07 20:24:28,482 [ERROR] LogOutputStream:75 - [STDERR_REDIRECT] 
2025-10-07 20:24:58,481 [ERROR] LogOutputStream:75 - [STDERR_REDIRECT] Oct 07, 2025 8:24:58 PM java.util.prefs.FileSystemPreferences checkLockFile0ErrorCode
2025-10-07 20:24:58,481 [ERROR] LogOutputStream:75 - [STDERR_REDIRECT] WARNING: Could not lock System prefs. Unix error code 2.
2025-10-07 20:24:58,481 [ERROR] LogOutputStream:75 - [STDERR_REDIRECT] 
2025-10-07 20:24:58,481 [ERROR] LogOutputStream:75 - [STDERR_REDIRECT] Oct 07, 2025 8:24:58 PM java.util.prefs.FileSystemPreferences syncWorld
2025-10-07 20:24:58,481 [ERROR] LogOutputStream:75 - [STDERR_REDIRECT] WARNING: Couldn't flush system prefs: java.util.prefs.BackingStoreException: Couldn't get file lock.
2025-10-07 20:24:58,481 [ERROR] LogOutputStream:75 - [STDERR_REDIRECT] 
2025-10-07 20:25:28,482 [ERROR] LogOutputStream:75 - [STDERR_REDIRECT] Oct 07, 2025 8:25:28 PM java.util.prefs.FileSystemPreferences checkLockFile0ErrorCode
2025-10-07 20:25:28,482 [ERROR] LogOutputStream:75 - [STDERR_REDIRECT] WARNING: Could not lock System prefs. Unix error code 2.
2025-10-07 20:25:28,482 [ERROR] LogOutputStream:75 - [STDERR_REDIRECT] 
2025-10-07 20:25:28,482 [ERROR] LogOutputStream:75 - [STDERR_REDIRECT] Oct 07, 2025 8:25:28 PM java.util.prefs.FileSystemPreferences syncWorld
2025-10-07 20:25:28,482 [ERROR] LogOutputStream:75 - [STDERR_REDIRECT] WARNING: Couldn't flush system prefs: java.util.prefs.BackingStoreException: Couldn't get file lock.
2025-10-07 20:25:28,482 [ERROR] LogOutputStream:75 - [STDERR_REDIRECT] 
2025-10-07 20:25:58,483 [ERROR] LogOutputStream:75 - [STDERR_REDIRECT] Oct 07, 2025 8:25:58 PM java.util.prefs.FileSystemPreferences checkLockFile0ErrorCode
2025-10-07 20:25:58,483 [ERROR] LogOutputStream:75 - [STDERR_REDIRECT] WARNING: Could not lock System prefs. Unix error code 2.
2025-10-07 20:25:58,483 [ERROR] LogOutputStream:75 - [STDERR_REDIRECT] 
2025-10-07 20:25:58,483 [ERROR] LogOutputStream:75 - [STDERR_REDIRECT] Oct 07, 2025 8:25:58 PM java.util.prefs.FileSystemPreferences syncWorld
2025-10-07 20:25:58,483 [ERROR] LogOutputStream:75 - [STDERR_REDIRECT] WARNING: Couldn't flush system prefs: java.util.prefs.BackingStoreException: Couldn't get file lock.
2025-10-07 20:25:58,483 [ERROR] LogOutputStream:75 - [STDERR_REDIRECT] 
2025-10-07 20:26:28,483 [ERROR] LogOutputStream:75 - [STDERR_REDIRECT] Oct 07, 2025 8:26:28 PM java.util.prefs.FileSystemPreferences checkLockFile0ErrorCode
2025-10-07 20:26:28,483 [ERROR] LogOutputStream:75 - [STDERR_REDIRECT] WARNING: Could not lock System prefs. Unix error code 2.
2025-10-07 20:26:28,483 [ERROR] LogOutputStream:75 - [STDERR_REDIRECT] 
2025-10-07 20:26:28,483 [ERROR] LogOutputStream:75 - [STDERR_REDIRECT] Oct 07, 2025 8:26:28 PM java.util.prefs.FileSystemPreferences syncWorld
2025-10-07 20:26:28,483 [ERROR] LogOutputStream:75 - [STDERR_REDIRECT] WARNING: Couldn't flush system prefs: java.util.prefs.BackingStoreException: Couldn't get file lock.
2025-10-07 20:26:28,483 [ERROR] LogOutputStream:75 - [STDERR_REDIRECT] 
2025-10-07 20:26:58,482 [ERROR] LogOutputStream:75 - [STDERR_REDIRECT] Oct 07, 2025 8:26:58 PM java.util.prefs.FileSystemPreferences checkLockFile0ErrorCode
2025-10-07 20:26:58,482 [ERROR] LogOutputStream:75 - [STDERR_REDIRECT] WARNING: Could not lock System prefs. Unix error code 2.
2025-10-07 20:26:58,482 [ERROR] LogOutputStream:75 - [STDERR_REDIRECT] 
2025-10-07 20:26:58,482 [ERROR] LogOutputStream:75 - [STDERR_REDIRECT] Oct 07, 2025 8:26:58 PM java.util.prefs.FileSystemPreferences syncWorld
2025-10-07 20:26:58,483 [ERROR] LogOutputStream:75 - [STDERR_REDIRECT] WARNING: Couldn't flush system prefs: java.util.prefs.BackingStoreException: Couldn't get file lock.
2025-10-07 20:26:58,483 [ERROR] LogOutputStream:75 - [STDERR_REDIRECT] 
2025-10-07 20:27:28,482 [ERROR] LogOutputStream:75 - [STDERR_REDIRECT] Oct 07, 2025 8:27:28 PM java.util.prefs.FileSystemPreferences checkLockFile0ErrorCode
2025-10-07 20:27:28,482 [ERROR] LogOutputStream:75 - [STDERR_REDIRECT] WARNING: Could not lock System prefs. Unix error code 2.
2025-10-07 20:27:28,482 [ERROR] LogOutputStream:75 - [STDERR_REDIRECT] 
2025-10-07 20:27:28,482 [ERROR] LogOutputStream:75 - [STDERR_REDIRECT] Oct 07, 2025 8:27:28 PM java.util.prefs.FileSystemPreferences syncWorld
2025-10-07 20:27:28,482 [ERROR] LogOutputStream:75 - [STDERR_REDIRECT] WARNING: Couldn't flush system prefs: java.util.prefs.BackingStoreException: Couldn't get file lock.
2025-10-07 20:27:28,482 [ERROR] LogOutputStream:75 - [STDERR_REDIRECT] 
2025-10-07 20:27:58,482 [ERROR] LogOutputStream:75 - [STDERR_REDIRECT] Oct 07, 2025 8:27:58 PM java.util.prefs.FileSystemPreferences checkLockFile0ErrorCode
2025-10-07 20:27:58,482 [ERROR] LogOutputStream:75 - [STDERR_REDIRECT] WARNING: Could not lock System prefs. Unix error code 2.
2025-10-07 20:27:58,482 [ERROR] LogOutputStream:75 - [STDERR_REDIRECT] 
2025-10-07 20:27:58,483 [ERROR] LogOutputStream:75 - [STDERR_REDIRECT] Oct 07, 2025 8:27:58 PM java.util.prefs.FileSystemPreferences syncWorld
2025-10-07 20:27:58,483 [ERROR] LogOutputStream:75 - [STDERR_REDIRECT] WARNING: Couldn't flush system prefs: java.util.prefs.BackingStoreException: Couldn't get file lock.
2025-10-07 20:27:58,483 [ERROR] LogOutputStream:75 - [STDERR_REDIRECT] 
2025-10-07 20:28:28,482 [ERROR] LogOutputStream:75 - [STDERR_REDIRECT] Oct 07, 2025 8:28:28 PM java.util.prefs.FileSystemPreferences checkLockFile0ErrorCode
2025-10-07 20:28:28,482 [ERROR] LogOutputStream:75 - [STDERR_REDIRECT] WARNING: Could not lock System prefs. Unix error code 2.
2025-10-07 20:28:28,482 [ERROR] LogOutputStream:75 - [STDERR_REDIRECT] 
2025-10-07 20:28:28,482 [ERROR] LogOutputStream:75 - [STDERR_REDIRECT] Oct 07, 2025 8:28:28 PM java.util.prefs.FileSystemPreferences syncWorld
2025-10-07 20:28:28,482 [ERROR] LogOutputStream:75 - [STDERR_REDIRECT] WARNING: Couldn't flush system prefs: java.util.prefs.BackingStoreException: Couldn't get file lock.
2025-10-07 20:28:28,482 [ERROR] LogOutputStream:75 - [STDERR_REDIRECT] 
2025-10-07 20:28:58,483 [ERROR] LogOutputStream:75 - [STDERR_REDIRECT] Oct 07, 2025 8:28:58 PM java.util.prefs.FileSystemPreferences checkLockFile0ErrorCode
2025-10-07 20:28:58,483 [ERROR] LogOutputStream:75 - [STDERR_REDIRECT] WARNING: Could not lock System prefs. Unix error code 2.
2025-10-07 20:28:58,483 [ERROR] LogOutputStream:75 - [STDERR_REDIRECT] 
2025-10-07 20:28:58,483 [ERROR] LogOutputStream:75 - [STDERR_REDIRECT] Oct 07, 2025 8:28:58 PM java.util.prefs.FileSystemPreferences syncWorld
2025-10-07 20:28:58,483 [ERROR] LogOutputStream:75 - [STDERR_REDIRECT] WARNING: Couldn't flush system prefs: java.util.prefs.BackingStoreException: Couldn't get file lock.
2025-10-07 20:28:58,483 [ERROR] LogOutputStream:75 - [STDERR_REDIRECT] 
2025-10-07 20:29:28,483 [ERROR] LogOutputStream:75 - [STDERR_REDIRECT] Oct 07, 2025 8:29:28 PM java.util.prefs.FileSystemPreferences checkLockFile0ErrorCode
2025-10-07 20:29:28,483 [ERROR] LogOutputStream:75 - [STDERR_REDIRECT] WARNING: Could not lock System prefs. Unix error code 2.
2025-10-07 20:29:28,483 [ERROR] LogOutputStream:75 - [STDERR_REDIRECT] 
2025-10-07 20:29:28,483 [ERROR] LogOutputStream:75 - [STDERR_REDIRECT] Oct 07, 2025 8:29:28 PM java.util.prefs.FileSystemPreferences syncWorld
2025-10-07 20:29:28,483 [ERROR] LogOutputStream:75 - [STDERR_REDIRECT] WARNING: Couldn't flush system prefs: java.util.prefs.BackingStoreException: Couldn't get file lock.
2025-10-07 20:29:28,483 [ERROR] LogOutputStream:75 - [STDERR_REDIRECT] 
2025-10-07 20:29:58,484 [ERROR] LogOutputStream:75 - [STDERR_REDIRECT] Oct 07, 2025 8:29:58 PM java.util.prefs.FileSystemPreferences checkLockFile0ErrorCode
2025-10-07 20:29:58,485 [ERROR] LogOutputStream:75 - [STDERR_REDIRECT] WARNING: Could not lock System prefs. Unix error code 2.
2025-10-07 20:29:58,485 [ERROR] LogOutputStream:75 - [STDERR_REDIRECT] 
2025-10-07 20:29:58,485 [ERROR] LogOutputStream:75 - [STDERR_REDIRECT] Oct 07, 2025 8:29:58 PM java.util.prefs.FileSystemPreferences syncWorld
2025-10-07 20:29:58,485 [ERROR] LogOutputStream:75 - [STDERR_REDIRECT] WARNING: Couldn't flush system prefs: java.util.prefs.BackingStoreException: Couldn't get file lock.
2025-10-07 20:29:58,485 [ERROR] LogOutputStream:75 - [STDERR_REDIRECT] 
2025-10-07 20:30:28,484 [ERROR] LogOutputStream:75 - [STDERR_REDIRECT] Oct 07, 2025 8:30:28 PM java.util.prefs.FileSystemPreferences checkLockFile0ErrorCode
2025-10-07 20:30:28,484 [ERROR] LogOutputStream:75 - [STDERR_REDIRECT] WARNING: Could not lock System prefs. Unix error code 2.
2025-10-07 20:30:28,484 [ERROR] LogOutputStream:75 - [STDERR_REDIRECT] 
2025-10-07 20:30:28,484 [ERROR] LogOutputStream:75 - [STDERR_REDIRECT] Oct 07, 2025 8:30:28 PM java.util.prefs.FileSystemPreferences syncWorld
2025-10-07 20:30:28,484 [ERROR] LogOutputStream:75 - [STDERR_REDIRECT] WARNING: Couldn't flush system prefs: java.util.prefs.BackingStoreException: Couldn't get file lock.
2025-10-07 20:30:28,484 [ERROR] LogOutputStream:75 - [STDERR_REDIRECT] 
2025-10-07 20:30:58,485 [ERROR] LogOutputStream:75 - [STDERR_REDIRECT] Oct 07, 2025 8:30:58 PM java.util.prefs.FileSystemPreferences checkLockFile0ErrorCode
2025-10-07 20:30:58,485 [ERROR] LogOutputStream:75 - [STDERR_REDIRECT] WARNING: Could not lock System prefs. Unix error code 2.
2025-10-07 20:30:58,485 [ERROR] LogOutputStream:75 - [STDERR_REDIRECT] 
2025-10-07 20:30:58,485 [ERROR] LogOutputStream:75 - [STDERR_REDIRECT] Oct 07, 2025 8:30:58 PM java.util.prefs.FileSystemPreferences syncWorld
2025-10-07 20:30:58,485 [ERROR] LogOutputStream:75 - [STDERR_REDIRECT] WARNING: Couldn't flush system prefs: java.util.prefs.BackingStoreException: Couldn't get file lock.
2025-10-07 20:30:58,485 [ERROR] LogOutputStream:75 - [STDERR_REDIRECT] 
2025-10-07 20:31:28,484 [ERROR] LogOutputStream:75 - [STDERR_REDIRECT] Oct 07, 2025 8:31:28 PM java.util.prefs.FileSystemPreferences checkLockFile0ErrorCode
2025-10-07 20:31:28,484 [ERROR] LogOutputStream:75 - [STDERR_REDIRECT] WARNING: Could not lock System prefs. Unix error code 2.
2025-10-07 20:31:28,484 [ERROR] LogOutputStream:75 - [STDERR_REDIRECT] 
2025-10-07 20:31:28,484 [ERROR] LogOutputStream:75 - [STDERR_REDIRECT] Oct 07, 2025 8:31:28 PM java.util.prefs.FileSystemPreferences syncWorld
2025-10-07 20:31:28,484 [ERROR] LogOutputStream:75 - [STDERR_REDIRECT] WARNING: Couldn't flush system prefs: java.util.prefs.BackingStoreException: Couldn't get file lock.
2025-10-07 20:31:28,484 [ERROR] LogOutputStream:75 - [STDERR_REDIRECT] 
2025-10-07 20:31:58,484 [ERROR] LogOutputStream:75 - [STDERR_REDIRECT] Oct 07, 2025 8:31:58 PM java.util.prefs.FileSystemPreferences checkLockFile0ErrorCode
2025-10-07 20:31:58,485 [ERROR] LogOutputStream:75 - [STDERR_REDIRECT] WARNING: Could not lock System prefs. Unix error code 2.
2025-10-07 20:31:58,485 [ERROR] LogOutputStream:75 - [STDERR_REDIRECT] 
2025-10-07 20:31:58,485 [ERROR] LogOutputStream:75 - [STDERR_REDIRECT] Oct 07, 2025 8:31:58 PM java.util.prefs.FileSystemPreferences syncWorld
2025-10-07 20:31:58,485 [ERROR] LogOutputStream:75 - [STDERR_REDIRECT] WARNING: Couldn't flush system prefs: java.util.prefs.BackingStoreException: Couldn't get file lock.
2025-10-07 20:31:58,485 [ERROR] LogOutputStream:75 - [STDERR_REDIRECT] 
2025-10-07 20:32:28,484 [ERROR] LogOutputStream:75 - [STDERR_REDIRECT] Oct 07, 2025 8:32:28 PM java.util.prefs.FileSystemPreferences checkLockFile0ErrorCode
2025-10-07 20:32:28,485 [ERROR] LogOutputStream:75 - [STDERR_REDIRECT] WARNING: Could not lock System prefs. Unix error code 2.
2025-10-07 20:32:28,485 [ERROR] LogOutputStream:75 - [STDERR_REDIRECT] 
2025-10-07 20:32:28,485 [ERROR] LogOutputStream:75 - [STDERR_REDIRECT] Oct 07, 2025 8:32:28 PM java.util.prefs.FileSystemPreferences syncWorld
2025-10-07 20:32:28,485 [ERROR] LogOutputStream:75 - [STDERR_REDIRECT] WARNING: Couldn't flush system prefs: java.util.prefs.BackingStoreException: Couldn't get file lock.
2025-10-07 20:32:28,485 [ERROR] LogOutputStream:75 - [STDERR_REDIRECT] 
2025-10-07 20:32:58,485 [ERROR] LogOutputStream:75 - [STDERR_REDIRECT] Oct 07, 2025 8:32:58 PM java.util.prefs.FileSystemPreferences checkLockFile0ErrorCode
2025-10-07 20:32:58,485 [ERROR] LogOutputStream:75 - [STDERR_REDIRECT] WARNING: Could not lock System prefs. Unix error code 2.
2025-10-07 20:32:58,485 [ERROR] LogOutputStream:75 - [STDERR_REDIRECT] 
2025-10-07 20:32:58,485 [ERROR] LogOutputStream:75 - [STDERR_REDIRECT] Oct 07, 2025 8:32:58 PM java.util.prefs.FileSystemPreferences syncWorld
2025-10-07 20:32:58,485 [ERROR] LogOutputStream:75 - [STDERR_REDIRECT] WARNING: Couldn't flush system prefs: java.util.prefs.BackingStoreException: Couldn't get file lock.
2025-10-07 20:32:58,485 [ERROR] LogOutputStream:75 - [STDERR_REDIRECT] 
2025-10-07 20:33:28,484 [ERROR] LogOutputStream:75 - [STDERR_REDIRECT] Oct 07, 2025 8:33:28 PM java.util.prefs.FileSystemPreferences checkLockFile0ErrorCode
2025-10-07 20:33:28,485 [ERROR] LogOutputStream:75 - [STDERR_REDIRECT] WARNING: Could not lock System prefs. Unix error code 2.
2025-10-07 20:33:28,485 [ERROR] LogOutputStream:75 - [STDERR_REDIRECT] 
2025-10-07 20:33:28,485 [ERROR] LogOutputStream:75 - [STDERR_REDIRECT] Oct 07, 2025 8:33:28 PM java.util.prefs.FileSystemPreferences syncWorld
2025-10-07 20:33:28,485 [ERROR] LogOutputStream:75 - [STDERR_REDIRECT] WARNING: Couldn't flush system prefs: java.util.prefs.BackingStoreException: Couldn't get file lock.
2025-10-07 20:33:28,485 [ERROR] LogOutputStream:75 - [STDERR_REDIRECT] 
2025-10-07 20:33:58,485 [ERROR] LogOutputStream:75 - [STDERR_REDIRECT] Oct 07, 2025 8:33:58 PM java.util.prefs.FileSystemPreferences checkLockFile0ErrorCode
2025-10-07 20:33:58,485 [ERROR] LogOutputStream:75 - [STDERR_REDIRECT] WARNING: Could not lock System prefs. Unix error code 2.
2025-10-07 20:33:58,485 [ERROR] LogOutputStream:75 - [STDERR_REDIRECT] 
2025-10-07 20:33:58,485 [ERROR] LogOutputStream:75 - [STDERR_REDIRECT] Oct 07, 2025 8:33:58 PM java.util.prefs.FileSystemPreferences syncWorld
2025-10-07 20:33:58,485 [ERROR] LogOutputStream:75 - [STDERR_REDIRECT] WARNING: Couldn't flush system prefs: java.util.prefs.BackingStoreException: Couldn't get file lock.
2025-10-07 20:33:58,485 [ERROR] LogOutputStream:75 - [STDERR_REDIRECT] 
2025-10-07 20:34:28,485 [ERROR] LogOutputStream:75 - [STDERR_REDIRECT] Oct 07, 2025 8:34:28 PM java.util.prefs.FileSystemPreferences checkLockFile0ErrorCode
2025-10-07 20:34:28,485 [ERROR] LogOutputStream:75 - [STDERR_REDIRECT] WARNING: Could not lock System prefs. Unix error code 2.
2025-10-07 20:34:28,485 [ERROR] LogOutputStream:75 - [STDERR_REDIRECT] 
2025-10-07 20:34:28,485 [ERROR] LogOutputStream:75 - [STDERR_REDIRECT] Oct 07, 2025 8:34:28 PM java.util.prefs.FileSystemPreferences syncWorld
2025-10-07 20:34:28,485 [ERROR] LogOutputStream:75 - [STDERR_REDIRECT] WARNING: Couldn't flush system prefs: java.util.prefs.BackingStoreException: Couldn't get file lock.
2025-10-07 20:34:28,485 [ERROR] LogOutputStream:75 - [STDERR_REDIRECT] 
2025-10-07 20:34:58,485 [ERROR] LogOutputStream:75 - [STDERR_REDIRECT] Oct 07, 2025 8:34:58 PM java.util.prefs.FileSystemPreferences checkLockFile0ErrorCode
2025-10-07 20:34:58,485 [ERROR] LogOutputStream:75 - [STDERR_REDIRECT] WARNING: Could not lock System prefs. Unix error code 2.
2025-10-07 20:34:58,485 [ERROR] LogOutputStream:75 - [STDERR_REDIRECT] 
2025-10-07 20:34:58,485 [ERROR] LogOutputStream:75 - [STDERR_REDIRECT] Oct 07, 2025 8:34:58 PM java.util.prefs.FileSystemPreferences syncWorld
2025-10-07 20:34:58,485 [ERROR] LogOutputStream:75 - [STDERR_REDIRECT] WARNING: Couldn't flush system prefs: java.util.prefs.BackingStoreException: Couldn't get file lock.
2025-10-07 20:34:58,485 [ERROR] LogOutputStream:75 - [STDERR_REDIRECT] 
2025-10-07 20:35:28,485 [ERROR] LogOutputStream:75 - [STDERR_REDIRECT] Oct 07, 2025 8:35:28 PM java.util.prefs.FileSystemPreferences checkLockFile0ErrorCode
2025-10-07 20:35:28,485 [ERROR] LogOutputStream:75 - [STDERR_REDIRECT] WARNING: Could not lock System prefs. Unix error code 2.
2025-10-07 20:35:28,485 [ERROR] LogOutputStream:75 - [STDERR_REDIRECT] 
2025-10-07 20:35:28,485 [ERROR] LogOutputStream:75 - [STDERR_REDIRECT] Oct 07, 2025 8:35:28 PM java.util.prefs.FileSystemPreferences syncWorld
2025-10-07 20:35:28,485 [ERROR] LogOutputStream:75 - [STDERR_REDIRECT] WARNING: Couldn't flush system prefs: java.util.prefs.BackingStoreException: Couldn't get file lock.
2025-10-07 20:35:28,485 [ERROR] LogOutputStream:75 - [STDERR_REDIRECT] 
2025-10-07 20:35:58,485 [ERROR] LogOutputStream:75 - [STDERR_REDIRECT] Oct 07, 2025 8:35:58 PM java.util.prefs.FileSystemPreferences checkLockFile0ErrorCode
2025-10-07 20:35:58,485 [ERROR] LogOutputStream:75 - [STDERR_REDIRECT] WARNING: Could not lock System prefs. Unix error code 2.
2025-10-07 20:35:58,486 [ERROR] LogOutputStream:75 - [STDERR_REDIRECT] 
2025-10-07 20:35:58,486 [ERROR] LogOutputStream:75 - [STDERR_REDIRECT] Oct 07, 2025 8:35:58 PM java.util.prefs.FileSystemPreferences syncWorld
2025-10-07 20:35:58,486 [ERROR] LogOutputStream:75 - [STDERR_REDIRECT] WARNING: Couldn't flush system prefs: java.util.prefs.BackingStoreException: Couldn't get file lock.
2025-10-07 20:35:58,486 [ERROR] LogOutputStream:75 - [STDERR_REDIRECT] 
2025-10-07 20:36:28,485 [ERROR] LogOutputStream:75 - [STDERR_REDIRECT] Oct 07, 2025 8:36:28 PM java.util.prefs.FileSystemPreferences checkLockFile0ErrorCode
2025-10-07 20:36:28,485 [ERROR] LogOutputStream:75 - [STDERR_REDIRECT] WARNING: Could not lock System prefs. Unix error code 2.
2025-10-07 20:36:28,485 [ERROR] LogOutputStream:75 - [STDERR_REDIRECT] 
2025-10-07 20:36:28,485 [ERROR] LogOutputStream:75 - [STDERR_REDIRECT] Oct 07, 2025 8:36:28 PM java.util.prefs.FileSystemPreferences syncWorld
2025-10-07 20:36:28,485 [ERROR] LogOutputStream:75 - [STDERR_REDIRECT] WARNING: Couldn't flush system prefs: java.util.prefs.BackingStoreException: Couldn't get file lock.
2025-10-07 20:36:28,485 [ERROR] LogOutputStream:75 - [STDERR_REDIRECT] 
2025-10-07 20:36:58,486 [ERROR] LogOutputStream:75 - [STDERR_REDIRECT] Oct 07, 2025 8:36:58 PM java.util.prefs.FileSystemPreferences checkLockFile0ErrorCode
2025-10-07 20:36:58,486 [ERROR] LogOutputStream:75 - [STDERR_REDIRECT] WARNING: Could not lock System prefs. Unix error code 2.
2025-10-07 20:36:58,486 [ERROR] LogOutputStream:75 - [STDERR_REDIRECT] 
2025-10-07 20:36:58,487 [ERROR] LogOutputStream:75 - [STDERR_REDIRECT] Oct 07, 2025 8:36:58 PM java.util.prefs.FileSystemPreferences syncWorld
2025-10-07 20:36:58,487 [ERROR] LogOutputStream:75 - [STDERR_REDIRECT] WARNING: Couldn't flush system prefs: java.util.prefs.BackingStoreException: Couldn't get file lock.
2025-10-07 20:36:58,487 [ERROR] LogOutputStream:75 - [STDERR_REDIRECT] 
2025-10-07 20:37:28,486 [ERROR] LogOutputStream:75 - [STDERR_REDIRECT] Oct 07, 2025 8:37:28 PM java.util.prefs.FileSystemPreferences checkLockFile0ErrorCode
2025-10-07 20:37:28,486 [ERROR] LogOutputStream:75 - [STDERR_REDIRECT] WARNING: Could not lock System prefs. Unix error code 2.
2025-10-07 20:37:28,486 [ERROR] LogOutputStream:75 - [STDERR_REDIRECT] 
2025-10-07 20:37:28,486 [ERROR] LogOutputStream:75 - [STDERR_REDIRECT] Oct 07, 2025 8:37:28 PM java.util.prefs.FileSystemPreferences syncWorld
2025-10-07 20:37:28,486 [ERROR] LogOutputStream:75 - [STDERR_REDIRECT] WARNING: Couldn't flush system prefs: java.util.prefs.BackingStoreException: Couldn't get file lock.
2025-10-07 20:37:28,487 [ERROR] LogOutputStream:75 - [STDERR_REDIRECT] 
2025-10-07 20:37:58,485 [ERROR] LogOutputStream:75 - [STDERR_REDIRECT] Oct 07, 2025 8:37:58 PM java.util.prefs.FileSystemPreferences checkLockFile0ErrorCode
2025-10-07 20:37:58,486 [ERROR] LogOutputStream:75 - [STDERR_REDIRECT] WARNING: Could not lock System prefs. Unix error code 2.
2025-10-07 20:37:58,486 [ERROR] LogOutputStream:75 - [STDERR_REDIRECT] 
2025-10-07 20:37:58,486 [ERROR] LogOutputStream:75 - [STDERR_REDIRECT] Oct 07, 2025 8:37:58 PM java.util.prefs.FileSystemPreferences syncWorld
2025-10-07 20:37:58,487 [ERROR] LogOutputStream:75 - [STDERR_REDIRECT] WARNING: Couldn't flush system prefs: java.util.prefs.BackingStoreException: Couldn't get file lock.
2025-10-07 20:37:58,487 [ERROR] LogOutputStream:75 - [STDERR_REDIRECT] 
2025-10-07 20:38:28,486 [ERROR] LogOutputStream:75 - [STDERR_REDIRECT] Oct 07, 2025 8:38:28 PM java.util.prefs.FileSystemPreferences checkLockFile0ErrorCode
2025-10-07 20:38:28,486 [ERROR] LogOutputStream:75 - [STDERR_REDIRECT] WARNING: Could not lock System prefs. Unix error code 2.
2025-10-07 20:38:28,486 [ERROR] LogOutputStream:75 - [STDERR_REDIRECT] 
2025-10-07 20:38:28,486 [ERROR] LogOutputStream:75 - [STDERR_REDIRECT] Oct 07, 2025 8:38:28 PM java.util.prefs.FileSystemPreferences syncWorld
2025-10-07 20:38:28,487 [ERROR] LogOutputStream:75 - [STDERR_REDIRECT] WARNING: Couldn't flush system prefs: java.util.prefs.BackingStoreException: Couldn't get file lock.
2025-10-07 20:38:28,487 [ERROR] LogOutputStream:75 - [STDERR_REDIRECT] 
2025-10-07 20:38:58,486 [ERROR] LogOutputStream:75 - [STDERR_REDIRECT] Oct 07, 2025 8:38:58 PM java.util.prefs.FileSystemPreferences checkLockFile0ErrorCode
2025-10-07 20:38:58,486 [ERROR] LogOutputStream:75 - [STDERR_REDIRECT] WARNING: Could not lock System prefs. Unix error code 2.
2025-10-07 20:38:58,486 [ERROR] LogOutputStream:75 - [STDERR_REDIRECT] 
2025-10-07 20:38:58,487 [ERROR] LogOutputStream:75 - [STDERR_REDIRECT] Oct 07, 2025 8:38:58 PM java.util.prefs.FileSystemPreferences syncWorld
2025-10-07 20:38:58,487 [ERROR] LogOutputStream:75 - [STDERR_REDIRECT] WARNING: Couldn't flush system prefs: java.util.prefs.BackingStoreException: Couldn't get file lock.
2025-10-07 20:38:58,487 [ERROR] LogOutputStream:75 - [STDERR_REDIRECT] 
2025-10-07 20:39:28,486 [ERROR] LogOutputStream:75 - [STDERR_REDIRECT] Oct 07, 2025 8:39:28 PM java.util.prefs.FileSystemPreferences checkLockFile0ErrorCode
2025-10-07 20:39:28,486 [ERROR] LogOutputStream:75 - [STDERR_REDIRECT] WARNING: Could not lock System prefs. Unix error code 2.
2025-10-07 20:39:28,523 [ERROR] LogOutputStream:75 - [STDERR_REDIRECT] 
2025-10-07 20:39:28,524 [ERROR] LogOutputStream:75 - [STDERR_REDIRECT] Oct 07, 2025 8:39:28 PM java.util.prefs.FileSystemPreferences syncWorld
2025-10-07 20:39:28,524 [ERROR] LogOutputStream:75 - [STDERR_REDIRECT] WARNING: Couldn't flush system prefs: java.util.prefs.BackingStoreException: Couldn't get file lock.
2025-10-07 20:39:28,524 [ERROR] LogOutputStream:75 - [STDERR_REDIRECT] 
2025-10-07 20:39:58,486 [ERROR] LogOutputStream:75 - [STDERR_REDIRECT] Oct 07, 2025 8:39:58 PM java.util.prefs.FileSystemPreferences checkLockFile0ErrorCode
2025-10-07 20:39:58,486 [ERROR] LogOutputStream:75 - [STDERR_REDIRECT] WARNING: Could not lock System prefs. Unix error code 2.
2025-10-07 20:39:58,486 [ERROR] LogOutputStream:75 - [STDERR_REDIRECT] 
2025-10-07 20:39:58,486 [ERROR] LogOutputStream:75 - [STDERR_REDIRECT] Oct 07, 2025 8:39:58 PM java.util.prefs.FileSystemPreferences syncWorld
2025-10-07 20:39:58,487 [ERROR] LogOutputStream:75 - [STDERR_REDIRECT] WARNING: Couldn't flush system prefs: java.util.prefs.BackingStoreException: Couldn't get file lock.
2025-10-07 20:39:58,487 [ERROR] LogOutputStream:75 - [STDERR_REDIRECT] 
2025-10-07 20:40:28,486 [ERROR] LogOutputStream:75 - [STDERR_REDIRECT] Oct 07, 2025 8:40:28 PM java.util.prefs.FileSystemPreferences checkLockFile0ErrorCode
2025-10-07 20:40:28,486 [ERROR] LogOutputStream:75 - [STDERR_REDIRECT] WARNING: Could not lock System prefs. Unix error code 2.
2025-10-07 20:40:28,486 [ERROR] LogOutputStream:75 - [STDERR_REDIRECT] 
2025-10-07 20:40:28,487 [ERROR] LogOutputStream:75 - [STDERR_REDIRECT] Oct 07, 2025 8:40:28 PM java.util.prefs.FileSystemPreferences syncWorld
2025-10-07 20:40:28,487 [ERROR] LogOutputStream:75 - [STDERR_REDIRECT] WARNING: Couldn't flush system prefs: java.util.prefs.BackingStoreException: Couldn't get file lock.
2025-10-07 20:40:28,487 [ERROR] LogOutputStream:75 - [STDERR_REDIRECT] 
2025-10-07 20:40:58,486 [ERROR] LogOutputStream:75 - [STDERR_REDIRECT] Oct 07, 2025 8:40:58 PM java.util.prefs.FileSystemPreferences checkLockFile0ErrorCode
2025-10-07 20:40:58,486 [ERROR] LogOutputStream:75 - [STDERR_REDIRECT] WARNING: Could not lock System prefs. Unix error code 2.
2025-10-07 20:40:58,486 [ERROR] LogOutputStream:75 - [STDERR_REDIRECT] 
2025-10-07 20:40:58,487 [ERROR] LogOutputStream:75 - [STDERR_REDIRECT] Oct 07, 2025 8:40:58 PM java.util.prefs.FileSystemPreferences syncWorld
2025-10-07 20:40:58,487 [ERROR] LogOutputStream:75 - [STDERR_REDIRECT] WARNING: Couldn't flush system prefs: java.util.prefs.BackingStoreException: Couldn't get file lock.
2025-10-07 20:40:58,487 [ERROR] LogOutputStream:75 - [STDERR_REDIRECT] 
2025-10-07 20:41:28,487 [ERROR] LogOutputStream:75 - [STDERR_REDIRECT] Oct 07, 2025 8:41:28 PM java.util.prefs.FileSystemPreferences checkLockFile0ErrorCode
2025-10-07 20:41:28,487 [ERROR] LogOutputStream:75 - [STDERR_REDIRECT] WARNING: Could not lock System prefs. Unix error code 2.
2025-10-07 20:41:28,487 [ERROR] LogOutputStream:75 - [STDERR_REDIRECT] 
2025-10-07 20:41:28,488 [ERROR] LogOutputStream:75 - [STDERR_REDIRECT] Oct 07, 2025 8:41:28 PM java.util.prefs.FileSystemPreferences syncWorld
2025-10-07 20:41:28,488 [ERROR] LogOutputStream:75 - [STDERR_REDIRECT] WARNING: Couldn't flush system prefs: java.util.prefs.BackingStoreException: Couldn't get file lock.
2025-10-07 20:41:28,488 [ERROR] LogOutputStream:75 - [STDERR_REDIRECT] 
2025-10-07 20:41:58,485 [ERROR] LogOutputStream:75 - [STDERR_REDIRECT] Oct 07, 2025 8:41:58 PM java.util.prefs.FileSystemPreferences checkLockFile0ErrorCode
2025-10-07 20:41:58,486 [ERROR] LogOutputStream:75 - [STDERR_REDIRECT] WARNING: Could not lock System prefs. Unix error code 2.
2025-10-07 20:41:58,486 [ERROR] LogOutputStream:75 - [STDERR_REDIRECT] 
2025-10-07 20:41:58,486 [ERROR] LogOutputStream:75 - [STDERR_REDIRECT] Oct 07, 2025 8:41:58 PM java.util.prefs.FileSystemPreferences syncWorld
2025-10-07 20:41:58,486 [ERROR] LogOutputStream:75 - [STDERR_REDIRECT] WARNING: Couldn't flush system prefs: java.util.prefs.BackingStoreException: Couldn't get file lock.
2025-10-07 20:41:58,486 [ERROR] LogOutputStream:75 - [STDERR_REDIRECT] 
2025-10-07 20:42:28,486 [ERROR] LogOutputStream:75 - [STDERR_REDIRECT] Oct 07, 2025 8:42:28 PM java.util.prefs.FileSystemPreferences checkLockFile0ErrorCode
2025-10-07 20:42:28,486 [ERROR] LogOutputStream:75 - [STDERR_REDIRECT] WARNING: Could not lock System prefs. Unix error code 2.
2025-10-07 20:42:28,486 [ERROR] LogOutputStream:75 - [STDERR_REDIRECT] 
2025-10-07 20:42:28,486 [ERROR] LogOutputStream:75 - [STDERR_REDIRECT] Oct 07, 2025 8:42:28 PM java.util.prefs.FileSystemPreferences syncWorld
2025-10-07 20:42:28,486 [ERROR] LogOutputStream:75 - [STDERR_REDIRECT] WARNING: Couldn't flush system prefs: java.util.prefs.BackingStoreException: Couldn't get file lock.
2025-10-07 20:42:28,486 [ERROR] LogOutputStream:75 - [STDERR_REDIRECT] 
2025-10-07 20:42:58,486 [ERROR] LogOutputStream:75 - [STDERR_REDIRECT] Oct 07, 2025 8:42:58 PM java.util.prefs.FileSystemPreferences checkLockFile0ErrorCode
2025-10-07 20:42:58,486 [ERROR] LogOutputStream:75 - [STDERR_REDIRECT] WARNING: Could not lock System prefs. Unix error code 2.
2025-10-07 20:42:58,486 [ERROR] LogOutputStream:75 - [STDERR_REDIRECT] 
2025-10-07 20:42:58,486 [ERROR] LogOutputStream:75 - [STDERR_REDIRECT] Oct 07, 2025 8:42:58 PM java.util.prefs.FileSystemPreferences syncWorld
2025-10-07 20:42:58,486 [ERROR] LogOutputStream:75 - [STDERR_REDIRECT] WARNING: Couldn't flush system prefs: java.util.prefs.BackingStoreException: Couldn't get file lock.
2025-10-07 20:42:58,486 [ERROR] LogOutputStream:75 - [STDERR_REDIRECT] 
2025-10-07 20:43:28,487 [ERROR] LogOutputStream:75 - [STDERR_REDIRECT] Oct 07, 2025 8:43:28 PM java.util.prefs.FileSystemPreferences checkLockFile0ErrorCode
2025-10-07 20:43:28,487 [ERROR] LogOutputStream:75 - [STDERR_REDIRECT] WARNING: Could not lock System prefs. Unix error code 2.
2025-10-07 20:43:28,487 [ERROR] LogOutputStream:75 - [STDERR_REDIRECT] 
2025-10-07 20:43:28,487 [ERROR] LogOutputStream:75 - [STDERR_REDIRECT] Oct 07, 2025 8:43:28 PM java.util.prefs.FileSystemPreferences syncWorld
2025-10-07 20:43:28,488 [ERROR] LogOutputStream:75 - [STDERR_REDIRECT] WARNING: Couldn't flush system prefs: java.util.prefs.BackingStoreException: Couldn't get file lock.
2025-10-07 20:43:28,488 [ERROR] LogOutputStream:75 - [STDERR_REDIRECT] 
2025-10-07 20:43:58,492 [ERROR] LogOutputStream:75 - [STDERR_REDIRECT] Oct 07, 2025 8:43:58 PM java.util.prefs.FileSystemPreferences checkLockFile0ErrorCode
2025-10-07 20:43:58,492 [ERROR] LogOutputStream:75 - [STDERR_REDIRECT] WARNING: Could not lock System prefs. Unix error code 2.
2025-10-07 20:43:58,492 [ERROR] LogOutputStream:75 - [STDERR_REDIRECT] 
2025-10-07 20:43:58,493 [ERROR] LogOutputStream:75 - [STDERR_REDIRECT] Oct 07, 2025 8:43:58 PM java.util.prefs.FileSystemPreferences syncWorld
2025-10-07 20:43:58,493 [ERROR] LogOutputStream:75 - [STDERR_REDIRECT] WARNING: Couldn't flush system prefs: java.util.prefs.BackingStoreException: Couldn't get file lock.
2025-10-07 20:43:58,493 [ERROR] LogOutputStream:75 - [STDERR_REDIRECT] 
2025-10-07 20:44:28,487 [ERROR] LogOutputStream:75 - [STDERR_REDIRECT] Oct 07, 2025 8:44:28 PM java.util.prefs.FileSystemPreferences checkLockFile0ErrorCode
2025-10-07 20:44:28,487 [ERROR] LogOutputStream:75 - [STDERR_REDIRECT] WARNING: Could not lock System prefs. Unix error code 2.
2025-10-07 20:44:28,487 [ERROR] LogOutputStream:75 - [STDERR_REDIRECT] 
2025-10-07 20:44:28,488 [ERROR] LogOutputStream:75 - [STDERR_REDIRECT] Oct 07, 2025 8:44:28 PM java.util.prefs.FileSystemPreferences syncWorld
2025-10-07 20:44:28,488 [ERROR] LogOutputStream:75 - [STDERR_REDIRECT] WARNING: Couldn't flush system prefs: java.util.prefs.BackingStoreException: Couldn't get file lock.
2025-10-07 20:44:28,488 [ERROR] LogOutputStream:75 - [STDERR_REDIRECT] 
2025-10-07 20:44:58,488 [ERROR] LogOutputStream:75 - [STDERR_REDIRECT] Oct 07, 2025 8:44:58 PM java.util.prefs.FileSystemPreferences checkLockFile0ErrorCode
2025-10-07 20:44:58,488 [ERROR] LogOutputStream:75 - [STDERR_REDIRECT] WARNING: Could not lock System prefs. Unix error code 2.
2025-10-07 20:44:58,488 [ERROR] LogOutputStream:75 - [STDERR_REDIRECT] 
2025-10-07 20:44:58,489 [ERROR] LogOutputStream:75 - [STDERR_REDIRECT] Oct 07, 2025 8:44:58 PM java.util.prefs.FileSystemPreferences syncWorld
2025-10-07 20:44:58,489 [ERROR] LogOutputStream:75 - [STDERR_REDIRECT] WARNING: Couldn't flush system prefs: java.util.prefs.BackingStoreException: Couldn't get file lock.
2025-10-07 20:44:58,489 [ERROR] LogOutputStream:75 - [STDERR_REDIRECT] 
2025-10-07 20:45:28,487 [ERROR] LogOutputStream:75 - [STDERR_REDIRECT] Oct 07, 2025 8:45:28 PM java.util.prefs.FileSystemPreferences checkLockFile0ErrorCode
2025-10-07 20:45:28,488 [ERROR] LogOutputStream:75 - [STDERR_REDIRECT] WARNING: Could not lock System prefs. Unix error code 2.
2025-10-07 20:45:28,488 [ERROR] LogOutputStream:75 - [STDERR_REDIRECT] 
2025-10-07 20:45:28,488 [ERROR] LogOutputStream:75 - [STDERR_REDIRECT] Oct 07, 2025 8:45:28 PM java.util.prefs.FileSystemPreferences syncWorld
2025-10-07 20:45:28,488 [ERROR] LogOutputStream:75 - [STDERR_REDIRECT] WARNING: Couldn't flush system prefs: java.util.prefs.BackingStoreException: Couldn't get file lock.
2025-10-07 20:45:28,488 [ERROR] LogOutputStream:75 - [STDERR_REDIRECT] 
2025-10-07 20:45:58,488 [ERROR] LogOutputStream:75 - [STDERR_REDIRECT] Oct 07, 2025 8:45:58 PM java.util.prefs.FileSystemPreferences checkLockFile0ErrorCode
2025-10-07 20:45:58,489 [ERROR] LogOutputStream:75 - [STDERR_REDIRECT] WARNING: Could not lock System prefs. Unix error code 2.
2025-10-07 20:45:58,489 [ERROR] LogOutputStream:75 - [STDERR_REDIRECT] 
2025-10-07 20:45:58,489 [ERROR] LogOutputStream:75 - [STDERR_REDIRECT] Oct 07, 2025 8:45:58 PM java.util.prefs.FileSystemPreferences syncWorld
2025-10-07 20:45:58,489 [ERROR] LogOutputStream:75 - [STDERR_REDIRECT] WARNING: Couldn't flush system prefs: java.util.prefs.BackingStoreException: Couldn't get file lock.
2025-10-07 20:45:58,489 [ERROR] LogOutputStream:75 - [STDERR_REDIRECT] 
2025-10-07 20:46:28,487 [ERROR] LogOutputStream:75 - [STDERR_REDIRECT] Oct 07, 2025 8:46:28 PM java.util.prefs.FileSystemPreferences checkLockFile0ErrorCode
2025-10-07 20:46:28,487 [ERROR] LogOutputStream:75 - [STDERR_REDIRECT] WARNING: Could not lock System prefs. Unix error code 2.
2025-10-07 20:46:28,487 [ERROR] LogOutputStream:75 - [STDERR_REDIRECT] 
2025-10-07 20:46:28,487 [ERROR] LogOutputStream:75 - [STDERR_REDIRECT] Oct 07, 2025 8:46:28 PM java.util.prefs.FileSystemPreferences syncWorld
2025-10-07 20:46:28,487 [ERROR] LogOutputStream:75 - [STDERR_REDIRECT] WARNING: Couldn't flush system prefs: java.util.prefs.BackingStoreException: Couldn't get file lock.
2025-10-07 20:46:28,487 [ERROR] LogOutputStream:75 - [STDERR_REDIRECT] 
2025-10-07 20:46:58,491 [ERROR] LogOutputStream:75 - [STDERR_REDIRECT] Oct 07, 2025 8:46:58 PM java.util.prefs.FileSystemPreferences checkLockFile0ErrorCode
2025-10-07 20:46:58,491 [ERROR] LogOutputStream:75 - [STDERR_REDIRECT] WARNING: Could not lock System prefs. Unix error code 2.
2025-10-07 20:46:58,491 [ERROR] LogOutputStream:75 - [STDERR_REDIRECT] 
2025-10-07 20:46:58,491 [ERROR] LogOutputStream:75 - [STDERR_REDIRECT] Oct 07, 2025 8:46:58 PM java.util.prefs.FileSystemPreferences syncWorld
2025-10-07 20:46:58,491 [ERROR] LogOutputStream:75 - [STDERR_REDIRECT] WARNING: Couldn't flush system prefs: java.util.prefs.BackingStoreException: Couldn't get file lock.
2025-10-07 20:46:58,491 [ERROR] LogOutputStream:75 - [STDERR_REDIRECT] 
2025-10-07 20:47:28,488 [ERROR] LogOutputStream:75 - [STDERR_REDIRECT] Oct 07, 2025 8:47:28 PM java.util.prefs.FileSystemPreferences checkLockFile0ErrorCode
2025-10-07 20:47:28,488 [ERROR] LogOutputStream:75 - [STDERR_REDIRECT] WARNING: Could not lock System prefs. Unix error code 2.
2025-10-07 20:47:28,488 [ERROR] LogOutputStream:75 - [STDERR_REDIRECT] 
2025-10-07 20:47:28,489 [ERROR] LogOutputStream:75 - [STDERR_REDIRECT] Oct 07, 2025 8:47:28 PM java.util.prefs.FileSystemPreferences syncWorld
2025-10-07 20:47:28,489 [ERROR] LogOutputStream:75 - [STDERR_REDIRECT] WARNING: Couldn't flush system prefs: java.util.prefs.BackingStoreException: Couldn't get file lock.
2025-10-07 20:47:28,489 [ERROR] LogOutputStream:75 - [STDERR_REDIRECT] 
2025-10-07 20:47:58,487 [ERROR] LogOutputStream:75 - [STDERR_REDIRECT] Oct 07, 2025 8:47:58 PM java.util.prefs.FileSystemPreferences checkLockFile0ErrorCode
2025-10-07 20:47:58,487 [ERROR] LogOutputStream:75 - [STDERR_REDIRECT] WARNING: Could not lock System prefs. Unix error code 2.
2025-10-07 20:47:58,487 [ERROR] LogOutputStream:75 - [STDERR_REDIRECT] 
2025-10-07 20:47:58,487 [ERROR] LogOutputStream:75 - [STDERR_REDIRECT] Oct 07, 2025 8:47:58 PM java.util.prefs.FileSystemPreferences syncWorld
2025-10-07 20:47:58,487 [ERROR] LogOutputStream:75 - [STDERR_REDIRECT] WARNING: Couldn't flush system prefs: java.util.prefs.BackingStoreException: Couldn't get file lock.
2025-10-07 20:47:58,487 [ERROR] LogOutputStream:75 - [STDERR_REDIRECT] 
2025-10-07 20:48:28,488 [ERROR] LogOutputStream:75 - [STDERR_REDIRECT] Oct 07, 2025 8:48:28 PM java.util.prefs.FileSystemPreferences checkLockFile0ErrorCode
2025-10-07 20:48:28,488 [ERROR] LogOutputStream:75 - [STDERR_REDIRECT] WARNING: Could not lock System prefs. Unix error code 2.
2025-10-07 20:48:28,488 [ERROR] LogOutputStream:75 - [STDERR_REDIRECT] 
2025-10-07 20:48:28,488 [ERROR] LogOutputStream:75 - [STDERR_REDIRECT] Oct 07, 2025 8:48:28 PM java.util.prefs.FileSystemPreferences syncWorld
2025-10-07 20:48:28,488 [ERROR] LogOutputStream:75 - [STDERR_REDIRECT] WARNING: Couldn't flush system prefs: java.util.prefs.BackingStoreException: Couldn't get file lock.
2025-10-07 20:48:28,488 [ERROR] LogOutputStream:75 - [STDERR_REDIRECT] 
2025-10-07 20:48:58,488 [ERROR] LogOutputStream:75 - [STDERR_REDIRECT] Oct 07, 2025 8:48:58 PM java.util.prefs.FileSystemPreferences checkLockFile0ErrorCode
2025-10-07 20:48:58,488 [ERROR] LogOutputStream:75 - [STDERR_REDIRECT] WARNING: Could not lock System prefs. Unix error code 2.
2025-10-07 20:48:58,488 [ERROR] LogOutputStream:75 - [STDERR_REDIRECT] 
2025-10-07 20:48:58,488 [ERROR] LogOutputStream:75 - [STDERR_REDIRECT] Oct 07, 2025 8:48:58 PM java.util.prefs.FileSystemPreferences syncWorld
2025-10-07 20:48:58,488 [ERROR] LogOutputStream:75 - [STDERR_REDIRECT] WARNING: Couldn't flush system prefs: java.util.prefs.BackingStoreException: Couldn't get file lock.
2025-10-07 20:48:58,488 [ERROR] LogOutputStream:75 - [STDERR_REDIRECT] 
2025-10-07 20:49:28,488 [ERROR] LogOutputStream:75 - [STDERR_REDIRECT] Oct 07, 2025 8:49:28 PM java.util.prefs.FileSystemPreferences checkLockFile0ErrorCode
2025-10-07 20:49:28,488 [ERROR] LogOutputStream:75 - [STDERR_REDIRECT] WARNING: Could not lock System prefs. Unix error code 2.
2025-10-07 20:49:28,488 [ERROR] LogOutputStream:75 - [STDERR_REDIRECT] 
2025-10-07 20:49:28,488 [ERROR] LogOutputStream:75 - [STDERR_REDIRECT] Oct 07, 2025 8:49:28 PM java.util.prefs.FileSystemPreferences syncWorld
2025-10-07 20:49:28,488 [ERROR] LogOutputStream:75 - [STDERR_REDIRECT] WARNING: Couldn't flush system prefs: java.util.prefs.BackingStoreException: Couldn't get file lock.
2025-10-07 20:49:28,488 [ERROR] LogOutputStream:75 - [STDERR_REDIRECT] 
2025-10-07 20:49:58,490 [ERROR] LogOutputStream:75 - [STDERR_REDIRECT] Oct 07, 2025 8:49:58 PM java.util.prefs.FileSystemPreferences checkLockFile0ErrorCode
2025-10-07 20:49:58,490 [ERROR] LogOutputStream:75 - [STDERR_REDIRECT] WARNING: Could not lock System prefs. Unix error code 2.
2025-10-07 20:49:58,490 [ERROR] LogOutputStream:75 - [STDERR_REDIRECT] 
2025-10-07 20:49:58,490 [ERROR] LogOutputStream:75 - [STDERR_REDIRECT] Oct 07, 2025 8:49:58 PM java.util.prefs.FileSystemPreferences syncWorld
2025-10-07 20:49:58,490 [ERROR] LogOutputStream:75 - [STDERR_REDIRECT] WARNING: Couldn't flush system prefs: java.util.prefs.BackingStoreException: Couldn't get file lock.
2025-10-07 20:49:58,491 [ERROR] LogOutputStream:75 - [STDERR_REDIRECT] 
2025-10-07 20:50:28,488 [ERROR] LogOutputStream:75 - [STDERR_REDIRECT] Oct 07, 2025 8:50:28 PM java.util.prefs.FileSystemPreferences checkLockFile0ErrorCode
2025-10-07 20:50:28,489 [ERROR] LogOutputStream:75 - [STDERR_REDIRECT] WARNING: Could not lock System prefs. Unix error code 2.
2025-10-07 20:50:28,489 [ERROR] LogOutputStream:75 - [STDERR_REDIRECT] 
2025-10-07 20:50:28,489 [ERROR] LogOutputStream:75 - [STDERR_REDIRECT] Oct 07, 2025 8:50:28 PM java.util.prefs.FileSystemPreferences syncWorld
2025-10-07 20:50:28,489 [ERROR] LogOutputStream:75 - [STDERR_REDIRECT] WARNING: Couldn't flush system prefs: java.util.prefs.BackingStoreException: Couldn't get file lock.
2025-10-07 20:50:28,489 [ERROR] LogOutputStream:75 - [STDERR_REDIRECT] 
2025-10-07 20:50:58,489 [ERROR] LogOutputStream:75 - [STDERR_REDIRECT] Oct 07, 2025 8:50:58 PM java.util.prefs.FileSystemPreferences checkLockFile0ErrorCode
2025-10-07 20:50:58,489 [ERROR] LogOutputStream:75 - [STDERR_REDIRECT] WARNING: Could not lock System prefs. Unix error code 2.
2025-10-07 20:50:58,489 [ERROR] LogOutputStream:75 - [STDERR_REDIRECT] 
2025-10-07 20:50:58,489 [ERROR] LogOutputStream:75 - [STDERR_REDIRECT] Oct 07, 2025 8:50:58 PM java.util.prefs.FileSystemPreferences syncWorld
2025-10-07 20:50:58,490 [ERROR] LogOutputStream:75 - [STDERR_REDIRECT] WARNING: Couldn't flush system prefs: java.util.prefs.BackingStoreException: Couldn't get file lock.
2025-10-07 20:50:58,490 [ERROR] LogOutputStream:75 - [STDERR_REDIRECT] 
2025-10-07 20:51:28,488 [ERROR] LogOutputStream:75 - [STDERR_REDIRECT] Oct 07, 2025 8:51:28 PM java.util.prefs.FileSystemPreferences checkLockFile0ErrorCode
2025-10-07 20:51:28,489 [ERROR] LogOutputStream:75 - [STDERR_REDIRECT] WARNING: Could not lock System prefs. Unix error code 2.
2025-10-07 20:51:28,489 [ERROR] LogOutputStream:75 - [STDERR_REDIRECT] 
2025-10-07 20:51:28,489 [ERROR] LogOutputStream:75 - [STDERR_REDIRECT] Oct 07, 2025 8:51:28 PM java.util.prefs.FileSystemPreferences syncWorld
2025-10-07 20:51:28,489 [ERROR] LogOutputStream:75 - [STDERR_REDIRECT] WARNING: Couldn't flush system prefs: java.util.prefs.BackingStoreException: Couldn't get file lock.
2025-10-07 20:51:28,489 [ERROR] LogOutputStream:75 - [STDERR_REDIRECT] 
2025-10-07 20:51:58,489 [ERROR] LogOutputStream:75 - [STDERR_REDIRECT] Oct 07, 2025 8:51:58 PM java.util.prefs.FileSystemPreferences checkLockFile0ErrorCode
2025-10-07 20:51:58,489 [ERROR] LogOutputStream:75 - [STDERR_REDIRECT] WARNING: Could not lock System prefs. Unix error code 2.
2025-10-07 20:51:58,489 [ERROR] LogOutputStream:75 - [STDERR_REDIRECT] 
2025-10-07 20:51:58,489 [ERROR] LogOutputStream:75 - [STDERR_REDIRECT] Oct 07, 2025 8:51:58 PM java.util.prefs.FileSystemPreferences syncWorld
2025-10-07 20:51:58,489 [ERROR] LogOutputStream:75 - [STDERR_REDIRECT] WARNING: Couldn't flush system prefs: java.util.prefs.BackingStoreException: Couldn't get file lock.
2025-10-07 20:51:58,489 [ERROR] LogOutputStream:75 - [STDERR_REDIRECT] 
2025-10-07 20:52:28,489 [ERROR] LogOutputStream:75 - [STDERR_REDIRECT] Oct 07, 2025 8:52:28 PM java.util.prefs.FileSystemPreferences checkLockFile0ErrorCode
2025-10-07 20:52:28,490 [ERROR] LogOutputStream:75 - [STDERR_REDIRECT] WARNING: Could not lock System prefs. Unix error code 2.
2025-10-07 20:52:28,490 [ERROR] LogOutputStream:75 - [STDERR_REDIRECT] 
2025-10-07 20:52:28,490 [ERROR] LogOutputStream:75 - [STDERR_REDIRECT] Oct 07, 2025 8:52:28 PM java.util.prefs.FileSystemPreferences syncWorld
2025-10-07 20:52:28,490 [ERROR] LogOutputStream:75 - [STDERR_REDIRECT] WARNING: Couldn't flush system prefs: java.util.prefs.BackingStoreException: Couldn't get file lock.
2025-10-07 20:52:28,490 [ERROR] LogOutputStream:75 - [STDERR_REDIRECT] 
2025-10-07 20:52:58,489 [ERROR] LogOutputStream:75 - [STDERR_REDIRECT] Oct 07, 2025 8:52:58 PM java.util.prefs.FileSystemPreferences checkLockFile0ErrorCode
2025-10-07 20:52:58,489 [ERROR] LogOutputStream:75 - [STDERR_REDIRECT] WARNING: Could not lock System prefs. Unix error code 2.
2025-10-07 20:52:58,489 [ERROR] LogOutputStream:75 - [STDERR_REDIRECT] 
2025-10-07 20:52:58,489 [ERROR] LogOutputStream:75 - [STDERR_REDIRECT] Oct 07, 2025 8:52:58 PM java.util.prefs.FileSystemPreferences syncWorld
2025-10-07 20:52:58,489 [ERROR] LogOutputStream:75 - [STDERR_REDIRECT] WARNING: Couldn't flush system prefs: java.util.prefs.BackingStoreException: Couldn't get file lock.
2025-10-07 20:52:58,489 [ERROR] LogOutputStream:75 - [STDERR_REDIRECT] 
2025-10-07 20:53:28,489 [ERROR] LogOutputStream:75 - [STDERR_REDIRECT] Oct 07, 2025 8:53:28 PM java.util.prefs.FileSystemPreferences checkLockFile0ErrorCode
2025-10-07 20:53:28,489 [ERROR] LogOutputStream:75 - [STDERR_REDIRECT] WARNING: Could not lock System prefs. Unix error code 2.
2025-10-07 20:53:28,490 [ERROR] LogOutputStream:75 - [STDERR_REDIRECT] 
2025-10-07 20:53:28,490 [ERROR] LogOutputStream:75 - [STDERR_REDIRECT] Oct 07, 2025 8:53:28 PM java.util.prefs.FileSystemPreferences syncWorld
2025-10-07 20:53:28,490 [ERROR] LogOutputStream:75 - [STDERR_REDIRECT] WARNING: Couldn't flush system prefs: java.util.prefs.BackingStoreException: Couldn't get file lock.
2025-10-07 20:53:28,490 [ERROR] LogOutputStream:75 - [STDERR_REDIRECT] 
2025-10-07 20:53:58,489 [ERROR] LogOutputStream:75 - [STDERR_REDIRECT] Oct 07, 2025 8:53:58 PM java.util.prefs.FileSystemPreferences checkLockFile0ErrorCode
2025-10-07 20:53:58,489 [ERROR] LogOutputStream:75 - [STDERR_REDIRECT] WARNING: Could not lock System prefs. Unix error code 2.
2025-10-07 20:53:58,489 [ERROR] LogOutputStream:75 - [STDERR_REDIRECT] 
2025-10-07 20:53:58,489 [ERROR] LogOutputStream:75 - [STDERR_REDIRECT] Oct 07, 2025 8:53:58 PM java.util.prefs.FileSystemPreferences syncWorld
2025-10-07 20:53:58,489 [ERROR] LogOutputStream:75 - [STDERR_REDIRECT] WARNING: Couldn't flush system prefs: java.util.prefs.BackingStoreException: Couldn't get file lock.
2025-10-07 20:53:58,489 [ERROR] LogOutputStream:75 - [STDERR_REDIRECT] 
2025-10-07 20:54:28,488 [ERROR] LogOutputStream:75 - [STDERR_REDIRECT] Oct 07, 2025 8:54:28 PM java.util.prefs.FileSystemPreferences checkLockFile0ErrorCode
2025-10-07 20:54:28,488 [ERROR] LogOutputStream:75 - [STDERR_REDIRECT] WARNING: Could not lock System prefs. Unix error code 2.
2025-10-07 20:54:28,488 [ERROR] LogOutputStream:75 - [STDERR_REDIRECT] 
2025-10-07 20:54:28,488 [ERROR] LogOutputStream:75 - [STDERR_REDIRECT] Oct 07, 2025 8:54:28 PM java.util.prefs.FileSystemPreferences syncWorld
2025-10-07 20:54:28,488 [ERROR] LogOutputStream:75 - [STDERR_REDIRECT] WARNING: Couldn't flush system prefs: java.util.prefs.BackingStoreException: Couldn't get file lock.
2025-10-07 20:54:28,488 [ERROR] LogOutputStream:75 - [STDERR_REDIRECT] 
2025-10-07 20:54:58,490 [ERROR] LogOutputStream:75 - [STDERR_REDIRECT] Oct 07, 2025 8:54:58 PM java.util.prefs.FileSystemPreferences checkLockFile0ErrorCode
2025-10-07 20:54:58,490 [ERROR] LogOutputStream:75 - [STDERR_REDIRECT] WARNING: Could not lock System prefs. Unix error code 2.
2025-10-07 20:54:58,490 [ERROR] LogOutputStream:75 - [STDERR_REDIRECT] 
2025-10-07 20:54:58,490 [ERROR] LogOutputStream:75 - [STDERR_REDIRECT] Oct 07, 2025 8:54:58 PM java.util.prefs.FileSystemPreferences syncWorld
2025-10-07 20:54:58,490 [ERROR] LogOutputStream:75 - [STDERR_REDIRECT] WARNING: Couldn't flush system prefs: java.util.prefs.BackingStoreException: Couldn't get file lock.
2025-10-07 20:54:58,490 [ERROR] LogOutputStream:75 - [STDERR_REDIRECT] 
2025-10-07 20:55:28,490 [ERROR] LogOutputStream:75 - [STDERR_REDIRECT] Oct 07, 2025 8:55:28 PM java.util.prefs.FileSystemPreferences checkLockFile0ErrorCode
2025-10-07 20:55:28,490 [ERROR] LogOutputStream:75 - [STDERR_REDIRECT] WARNING: Could not lock System prefs. Unix error code 2.
2025-10-07 20:55:28,490 [ERROR] LogOutputStream:75 - [STDERR_REDIRECT] 
2025-10-07 20:55:28,490 [ERROR] LogOutputStream:75 - [STDERR_REDIRECT] Oct 07, 2025 8:55:28 PM java.util.prefs.FileSystemPreferences syncWorld
2025-10-07 20:55:28,490 [ERROR] LogOutputStream:75 - [STDERR_REDIRECT] WARNING: Couldn't flush system prefs: java.util.prefs.BackingStoreException: Couldn't get file lock.
2025-10-07 20:55:28,490 [ERROR] LogOutputStream:75 - [STDERR_REDIRECT] 
2025-10-07 20:55:58,490 [ERROR] LogOutputStream:75 - [STDERR_REDIRECT] Oct 07, 2025 8:55:58 PM java.util.prefs.FileSystemPreferences checkLockFile0ErrorCode
2025-10-07 20:55:58,490 [ERROR] LogOutputStream:75 - [STDERR_REDIRECT] WARNING: Could not lock System prefs. Unix error code 2.
2025-10-07 20:55:58,490 [ERROR] LogOutputStream:75 - [STDERR_REDIRECT] 
2025-10-07 20:55:58,491 [ERROR] LogOutputStream:75 - [STDERR_REDIRECT] Oct 07, 2025 8:55:58 PM java.util.prefs.FileSystemPreferences syncWorld
2025-10-07 20:55:58,491 [ERROR] LogOutputStream:75 - [STDERR_REDIRECT] WARNING: Couldn't flush system prefs: java.util.prefs.BackingStoreException: Couldn't get file lock.
2025-10-07 20:55:58,491 [ERROR] LogOutputStream:75 - [STDERR_REDIRECT] 
2025-10-07 20:56:28,489 [ERROR] LogOutputStream:75 - [STDERR_REDIRECT] Oct 07, 2025 8:56:28 PM java.util.prefs.FileSystemPreferences checkLockFile0ErrorCode
2025-10-07 20:56:28,489 [ERROR] LogOutputStream:75 - [STDERR_REDIRECT] WARNING: Could not lock System prefs. Unix error code 2.
2025-10-07 20:56:28,489 [ERROR] LogOutputStream:75 - [STDERR_REDIRECT] 
2025-10-07 20:56:28,489 [ERROR] LogOutputStream:75 - [STDERR_REDIRECT] Oct 07, 2025 8:56:28 PM java.util.prefs.FileSystemPreferences syncWorld
2025-10-07 20:56:28,490 [ERROR] LogOutputStream:75 - [STDERR_REDIRECT] WARNING: Couldn't flush system prefs: java.util.prefs.BackingStoreException: Couldn't get file lock.
2025-10-07 20:56:28,490 [ERROR] LogOutputStream:75 - [STDERR_REDIRECT] 
2025-10-07 20:56:58,489 [ERROR] LogOutputStream:75 - [STDERR_REDIRECT] Oct 07, 2025 8:56:58 PM java.util.prefs.FileSystemPreferences checkLockFile0ErrorCode
2025-10-07 20:56:58,489 [ERROR] LogOutputStream:75 - [STDERR_REDIRECT] WARNING: Could not lock System prefs. Unix error code 2.
2025-10-07 20:56:58,489 [ERROR] LogOutputStream:75 - [STDERR_REDIRECT] 
2025-10-07 20:56:58,489 [ERROR] LogOutputStream:75 - [STDERR_REDIRECT] Oct 07, 2025 8:56:58 PM java.util.prefs.FileSystemPreferences syncWorld
2025-10-07 20:56:58,489 [ERROR] LogOutputStream:75 - [STDERR_REDIRECT] WARNING: Couldn't flush system prefs: java.util.prefs.BackingStoreException: Couldn't get file lock.
2025-10-07 20:56:58,489 [ERROR] LogOutputStream:75 - [STDERR_REDIRECT] 
2025-10-07 20:57:28,490 [ERROR] LogOutputStream:75 - [STDERR_REDIRECT] Oct 07, 2025 8:57:28 PM java.util.prefs.FileSystemPreferences checkLockFile0ErrorCode
2025-10-07 20:57:28,490 [ERROR] LogOutputStream:75 - [STDERR_REDIRECT] WARNING: Could not lock System prefs. Unix error code 2.
2025-10-07 20:57:28,490 [ERROR] LogOutputStream:75 - [STDERR_REDIRECT] 
2025-10-07 20:57:28,490 [ERROR] LogOutputStream:75 - [STDERR_REDIRECT] Oct 07, 2025 8:57:28 PM java.util.prefs.FileSystemPreferences syncWorld
2025-10-07 20:57:28,490 [ERROR] LogOutputStream:75 - [STDERR_REDIRECT] WARNING: Couldn't flush system prefs: java.util.prefs.BackingStoreException: Couldn't get file lock.
2025-10-07 20:57:28,490 [ERROR] LogOutputStream:75 - [STDERR_REDIRECT] 
2025-10-07 20:57:58,490 [ERROR] LogOutputStream:75 - [STDERR_REDIRECT] Oct 07, 2025 8:57:58 PM java.util.prefs.FileSystemPreferences checkLockFile0ErrorCode
2025-10-07 20:57:58,490 [ERROR] LogOutputStream:75 - [STDERR_REDIRECT] WARNING: Could not lock System prefs. Unix error code 2.
2025-10-07 20:57:58,491 [ERROR] LogOutputStream:75 - [STDERR_REDIRECT] 
2025-10-07 20:57:58,491 [ERROR] LogOutputStream:75 - [STDERR_REDIRECT] Oct 07, 2025 8:57:58 PM java.util.prefs.FileSystemPreferences syncWorld
2025-10-07 20:57:58,491 [ERROR] LogOutputStream:75 - [STDERR_REDIRECT] WARNING: Couldn't flush system prefs: java.util.prefs.BackingStoreException: Couldn't get file lock.
2025-10-07 20:57:58,491 [ERROR] LogOutputStream:75 - [STDERR_REDIRECT] 
2025-10-07 20:58:28,489 [ERROR] LogOutputStream:75 - [STDERR_REDIRECT] Oct 07, 2025 8:58:28 PM java.util.prefs.FileSystemPreferences checkLockFile0ErrorCode
2025-10-07 20:58:28,489 [ERROR] LogOutputStream:75 - [STDERR_REDIRECT] WARNING: Could not lock System prefs. Unix error code 2.
2025-10-07 20:58:28,489 [ERROR] LogOutputStream:75 - [STDERR_REDIRECT] 
2025-10-07 20:58:28,490 [ERROR] LogOutputStream:75 - [STDERR_REDIRECT] Oct 07, 2025 8:58:28 PM java.util.prefs.FileSystemPreferences syncWorld
2025-10-07 20:58:28,490 [ERROR] LogOutputStream:75 - [STDERR_REDIRECT] WARNING: Couldn't flush system prefs: java.util.prefs.BackingStoreException: Couldn't get file lock.
2025-10-07 20:58:28,490 [ERROR] LogOutputStream:75 - [STDERR_REDIRECT] 
2025-10-07 20:58:58,489 [ERROR] LogOutputStream:75 - [STDERR_REDIRECT] Oct 07, 2025 8:58:58 PM java.util.prefs.FileSystemPreferences checkLockFile0ErrorCode
2025-10-07 20:58:58,489 [ERROR] LogOutputStream:75 - [STDERR_REDIRECT] WARNING: Could not lock System prefs. Unix error code 2.
2025-10-07 20:58:58,489 [ERROR] LogOutputStream:75 - [STDERR_REDIRECT] 
2025-10-07 20:58:58,489 [ERROR] LogOutputStream:75 - [STDERR_REDIRECT] Oct 07, 2025 8:58:58 PM java.util.prefs.FileSystemPreferences syncWorld
2025-10-07 20:58:58,489 [ERROR] LogOutputStream:75 - [STDERR_REDIRECT] WARNING: Couldn't flush system prefs: java.util.prefs.BackingStoreException: Couldn't get file lock.
2025-10-07 20:58:58,489 [ERROR] LogOutputStream:75 - [STDERR_REDIRECT] 
2025-10-07 20:59:28,489 [ERROR] LogOutputStream:75 - [STDERR_REDIRECT] Oct 07, 2025 8:59:28 PM java.util.prefs.FileSystemPreferences checkLockFile0ErrorCode
2025-10-07 20:59:28,490 [ERROR] LogOutputStream:75 - [STDERR_REDIRECT] WARNING: Could not lock System prefs. Unix error code 2.
2025-10-07 20:59:28,490 [ERROR] LogOutputStream:75 - [STDERR_REDIRECT] 
2025-10-07 20:59:28,490 [ERROR] LogOutputStream:75 - [STDERR_REDIRECT] Oct 07, 2025 8:59:28 PM java.util.prefs.FileSystemPreferences syncWorld
2025-10-07 20:59:28,490 [ERROR] LogOutputStream:75 - [STDERR_REDIRECT] WARNING: Couldn't flush system prefs: java.util.prefs.BackingStoreException: Couldn't get file lock.
2025-10-07 20:59:28,490 [ERROR] LogOutputStream:75 - [STDERR_REDIRECT] 
2025-10-07 20:59:43,077 [ERROR] LogOutputStream:75 - [STDERR_REDIRECT] 
2025-10-07 20:59:43,078 [ERROR] LogOutputStream:75 - [STDERR_REDIRECT] 
