2025-10-09 19:28:58,319 [INFO] Activator:176 - 


2025-10-09 19:28:58,322 [INFO] Activator:177 - !SESSION log4j initialized
2025-10-09 19:29:00,946 [INFO] LogOutputStream:77 - [STDOUT_REDIRECT] 
2025-10-09 19:29:03,289 [INFO] ApplicationProperties:184 - Using Application install path: /opt/st/stm32cubeide_1.19.0/plugins/com.st.stm32cube.common.mx_6.15.0.202507011659
2025-10-09 19:29:03,301 [INFO] DbMcusXml:78 - Set database path to: /opt/st/stm32cubeide_1.19.0/plugins/com.st.stm32cube.common.mx_6.15.0.202507011659//db//mcu/
2025-10-09 19:29:03,301 [INFO] ApiDb:274 - Set plugin database path to: /opt/st/stm32cubeide_1.19.0/plugins/com.st.stm32cube.common.mx_6.15.0.202507011659//db//plugins/boardmanager/
2025-10-09 19:29:03,301 [WARN] ApiDb:259 - Overriding images path with different value:  => /opt/st/stm32cubeide_1.19.0/plugins/com.st.stm32cube.common.mx_6.15.0.202507011659//db//plugins/mcufinder/images/
2025-10-09 19:29:03,306 [INFO] ApiDb:250 - Set database path to: /home/tomas1908/.stmcufinder/plugins/mcufinder//mcu/
2025-10-09 19:29:03,307 [INFO] DbMcusAds:125 - Set database path to: /home/tomas1908/.stmcufinder/plugins/mcufinder//mcu/
2025-10-09 19:29:03,309 [INFO] CrossReferenceDbSqlite:203 - Set database path to: /home/tomas1908/.stmcufinder/plugins/mcufinder//mcu/cs/
2025-10-09 19:29:03,383 [INFO] RulesReader:64 - Compatibility file has been processed (317 Rules)
2025-10-09 19:29:03,424 [INFO] DbMcusXml:78 - Set database path to: /opt/st/stm32cubeide_1.19.0/plugins/com.st.stm32cube.common.mx_6.15.0.202507011659//db//mcu/
2025-10-09 19:29:03,424 [INFO] ApiDb:274 - Set plugin database path to: /opt/st/stm32cubeide_1.19.0/plugins/com.st.stm32cube.common.mx_6.15.0.202507011659//db//plugins/boardmanager/
2025-10-09 19:29:03,425 [INFO] ApiDb:261 - Set plugin images path to: /opt/st/stm32cubeide_1.19.0/plugins/com.st.stm32cube.common.mx_6.15.0.202507011659//db//plugins/mcufinder/images/
2025-10-09 19:29:03,425 [WARN] DbFile:41 - Overriding database path with different value: /home/tomas1908/.stmcufinder/plugins/mcufinder/ => /home/tomas1908/.stmcufinder/plugins/mcufinder
2025-10-09 19:29:03,425 [INFO] ApiDb:250 - Set database path to: /home/tomas1908/.stmcufinder/plugins/mcufinder//mcu/
2025-10-09 19:29:03,425 [WARN] DbFile:41 - Overriding database path with different value: /home/tomas1908/.stmcufinder/plugins/mcufinder/ => /home/tomas1908/.stmcufinder/plugins/mcufinder
2025-10-09 19:29:03,425 [INFO] DbMcusAds:125 - Set database path to: /home/tomas1908/.stmcufinder/plugins/mcufinder//mcu/
2025-10-09 19:29:03,425 [WARN] DbFile:41 - Overriding database path with different value: /home/tomas1908/.stmcufinder/plugins/mcufinder/ => /home/tomas1908/.stmcufinder/plugins/mcufinder
2025-10-09 19:29:03,425 [WARN] DbFile:41 - Overriding database path with different value: /home/tomas1908/.stmcufinder/plugins/mcufinder/ => /home/tomas1908/.stmcufinder/plugins/mcufinder
2025-10-09 19:29:03,425 [INFO] CrossReferenceDbSqlite:203 - Set database path to: /home/tomas1908/.stmcufinder/plugins/mcufinder//mcu/cs/
2025-10-09 19:29:03,467 [INFO] MainPanel:274 - HeapMemory: 268435456
2025-10-09 19:29:03,550 [INFO] DbMcusXml:78 - Set database path to: /opt/st/stm32cubeide_1.19.0/plugins/com.st.stm32cube.common.mx_6.15.0.202507011659//db//mcu/
2025-10-09 19:29:03,551 [INFO] ApiDb:274 - Set plugin database path to: /opt/st/stm32cubeide_1.19.0/plugins/com.st.stm32cube.common.mx_6.15.0.202507011659//db//plugins/boardmanager/
2025-10-09 19:29:03,551 [INFO] ApiDb:261 - Set plugin images path to: /opt/st/stm32cubeide_1.19.0/plugins/com.st.stm32cube.common.mx_6.15.0.202507011659//db//plugins/mcufinder/images/
2025-10-09 19:29:03,551 [WARN] DbFile:41 - Overriding database path with different value: /home/tomas1908/.stmcufinder/plugins/mcufinder/ => /home/tomas1908/.stmcufinder/plugins/mcufinder
2025-10-09 19:29:03,551 [INFO] ApiDb:250 - Set database path to: /home/tomas1908/.stmcufinder/plugins/mcufinder//mcu/
2025-10-09 19:29:03,551 [WARN] DbFile:41 - Overriding database path with different value: /home/tomas1908/.stmcufinder/plugins/mcufinder/ => /home/tomas1908/.stmcufinder/plugins/mcufinder
2025-10-09 19:29:03,551 [INFO] DbMcusAds:125 - Set database path to: /home/tomas1908/.stmcufinder/plugins/mcufinder//mcu/
2025-10-09 19:29:03,551 [WARN] DbFile:41 - Overriding database path with different value: /home/tomas1908/.stmcufinder/plugins/mcufinder/ => /home/tomas1908/.stmcufinder/plugins/mcufinder
2025-10-09 19:29:03,551 [WARN] DbFile:41 - Overriding database path with different value: /home/tomas1908/.stmcufinder/plugins/mcufinder/ => /home/tomas1908/.stmcufinder/plugins/mcufinder
2025-10-09 19:29:03,551 [INFO] CrossReferenceDbSqlite:203 - Set database path to: /home/tomas1908/.stmcufinder/plugins/mcufinder//mcu/cs/
2025-10-09 19:29:03,563 [INFO] ApplicationProperties:184 - Using Application install path: /opt/st/stm32cubeide_1.19.0/plugins/com.st.stm32cube.common.mx_6.15.0.202507011659
2025-10-09 19:29:03,565 [INFO] PluginManage:196 - Search for loadable plugins [exclusion list=, ]
2025-10-09 19:29:03,566 [INFO] PluginManage:310 - Check plugin analytics
2025-10-09 19:29:03,674 [INFO] AnalyticsPlugin:253 - Accepted Software Licenses: 
2025-10-09 19:29:03,674 [INFO] AnalyticsPlugin:255 - Accepted CMSIS Pack Licenses: 
2025-10-09 19:29:03,674 [INFO] AnalyticsPlugin:257 - Accepted Firmware Licenses: FW.F4.1.28.0
2025-10-09 19:29:03,676 [INFO] PluginManage:359 - Loaded plugin analytics (category:tool,tabindex:-1)
2025-10-09 19:29:03,676 [INFO] PluginManage:310 - Check plugin cadmodel
2025-10-09 19:29:03,680 [INFO] CADModel:105 - Init CAD model plugin
2025-10-09 19:29:03,680 [INFO] PluginManage:359 - Loaded plugin cadmodel (category:power,tabindex:5)
2025-10-09 19:29:03,680 [INFO] PluginManage:310 - Check plugin clock
2025-10-09 19:29:03,687 [INFO] PluginManage:359 - Loaded plugin clock (category:base,tabindex:2)
2025-10-09 19:29:03,687 [INFO] PluginManage:310 - Check plugin ddr
2025-10-09 19:29:03,689 [INFO] PluginManage:359 - Loaded plugin ddr (category:tool,tabindex:6)
2025-10-09 19:29:03,689 [INFO] PluginManage:310 - Check plugin filemanager
2025-10-09 19:29:03,796 [INFO] PluginManage:359 - Loaded plugin filemanager (category:base,tabindex:10)
2025-10-09 19:29:03,796 [INFO] PluginManage:310 - Check plugin ipmanager
2025-10-09 19:29:03,800 [INFO] PluginManage:359 - Loaded plugin ipmanager (category:base,tabindex:5)
2025-10-09 19:29:03,800 [INFO] PluginManage:310 - Check plugin lpbam
2025-10-09 19:29:03,825 [INFO] PluginManage:359 - Loaded plugin lpbam (category:base,tabindex:0)
2025-10-09 19:29:03,825 [INFO] PluginManage:310 - Check plugin memorymap
2025-10-09 19:29:03,833 [INFO] PluginManage:359 - Loaded plugin memorymap (category:base,tabindex:4)
2025-10-09 19:29:03,834 [INFO] PluginManage:310 - Check plugin pinoutandconfiguration
2025-10-09 19:29:03,847 [INFO] PluginManage:359 - Loaded plugin pinoutandconfiguration (category:base,tabindex:1)
2025-10-09 19:29:03,848 [INFO] PluginManage:310 - Check plugin pinoutconfig
2025-10-09 19:29:03,935 [WARN] SupportedApi:132 - Cannot load RTOS API schema: s4s-elt-must-match.1: The content of 'definitions' must match (annotation?, (simpleType | complexType)?, (unique | key | keyref)*)). A problem was found starting at: attribute.
2025-10-09 19:29:04,022 [INFO] PluginManage:359 - Loaded plugin pinoutconfig (category:base,tabindex:0)
2025-10-09 19:29:04,023 [INFO] PluginManage:310 - Check plugin power
2025-10-09 19:29:04,029 [INFO] PluginManage:359 - Loaded plugin power (category:power,tabindex:4)
2025-10-09 19:29:04,029 [INFO] PluginManage:310 - Check plugin projectmanager
2025-10-09 19:29:04,040 [INFO] PluginManage:359 - Loaded plugin projectmanager (category:projectmanager,tabindex:4)
2025-10-09 19:29:04,040 [INFO] PluginManage:310 - Check plugin rif
2025-10-09 19:29:04,047 [INFO] PluginManage:359 - Loaded plugin rif (category:base,tabindex:3)
2025-10-09 19:29:04,047 [INFO] PluginManage:310 - Check plugin thirdparty
2025-10-09 19:29:04,126 [INFO] PluginManage:359 - Loaded plugin thirdparty (category:base,tabindex:-1)
2025-10-09 19:29:04,126 [WARN] IntegrityCheckThread:84 - waiting for thirdparty lock release [integrity check]
2025-10-09 19:29:04,126 [INFO] PluginManage:310 - Check plugin tools
2025-10-09 19:29:04,126 [INFO] IntegrityCheckThread:86 - entering critical section [integrity check]
2025-10-09 19:29:04,127 [INFO] ThirdPartyUpdaterWithRetryManager:70 - Updater plugin not ready yet. [1/15]
2025-10-09 19:29:04,128 [INFO] PluginManage:359 - Loaded plugin tools (category:base,tabindex:7)
2025-10-09 19:29:04,128 [INFO] PluginManage:310 - Check plugin tutovideos
2025-10-09 19:29:04,246 [INFO] PluginManage:359 - Loaded plugin tutovideos (category:base,tabindex:-1)
2025-10-09 19:29:04,246 [INFO] PluginManage:310 - Check plugin updater
2025-10-09 19:29:04,264 [INFO] PluginManage:359 - Loaded plugin updater (category:base,tabindex:12)
2025-10-09 19:29:04,264 [INFO] PluginManage:310 - Check plugin userauth
2025-10-09 19:29:04,267 [INFO] UserAuth:118 - Init User Auth plugin
2025-10-09 19:29:04,268 [INFO] PluginManage:359 - Loaded plugin userauth (category:base,tabindex:14)
2025-10-09 19:29:04,269 [INFO] PluginManage:283 - PluginManage : Loaded plugins [18]
2025-10-09 19:29:04,388 [INFO] PinOutPanel:1589 - setPackage(No Configuration,No Configuration)
2025-10-09 19:29:04,431 [INFO] CADModel:165 - CPN selected for project level
2025-10-09 19:29:04,431 [INFO] CADModel:114 - Register for checkConnection events
2025-10-09 19:29:04,440 [INFO] IPUIPlugin:80 - create IPUIPlugin
2025-10-09 19:29:04,440 [INFO] PluginManager:220 - loadIPPluginJar : add i2c
2025-10-09 19:29:04,443 [INFO] IPUIPlugin:80 - create IPUIPlugin
2025-10-09 19:29:04,444 [INFO] PluginManager:220 - loadIPPluginJar : add mdma
2025-10-09 19:29:04,445 [INFO] IPUIPlugin:80 - create IPUIPlugin
2025-10-09 19:29:04,445 [INFO] PluginManager:220 - loadIPPluginJar : add aes
2025-10-09 19:29:04,446 [INFO] IPUIPlugin:80 - create IPUIPlugin
2025-10-09 19:29:04,446 [INFO] PluginManager:220 - loadIPPluginJar : add can
2025-10-09 19:29:04,450 [INFO] IPUIPlugin:80 - create IPUIPlugin
2025-10-09 19:29:04,450 [INFO] PluginManager:220 - loadIPPluginJar : add freertos
2025-10-09 19:29:04,452 [INFO] IPUIPlugin:80 - create IPUIPlugin
2025-10-09 19:29:04,452 [INFO] PluginManager:220 - loadIPPluginJar : add gtzc
2025-10-09 19:29:04,453 [INFO] IPUIPlugin:80 - create IPUIPlugin
2025-10-09 19:29:04,453 [INFO] PluginManager:220 - loadIPPluginJar : add ts
2025-10-09 19:29:04,457 [INFO] IPUIPlugin:80 - create IPUIPlugin
2025-10-09 19:29:04,458 [INFO] PluginManager:220 - loadIPPluginJar : add stm32_wpan
2025-10-09 19:29:04,458 [INFO] IPUIPlugin:80 - create IPUIPlugin
2025-10-09 19:29:04,458 [INFO] PluginManager:220 - loadIPPluginJar : add fatfs
2025-10-09 19:29:04,462 [INFO] IPUIPlugin:80 - create IPUIPlugin
2025-10-09 19:29:04,462 [INFO] PluginManager:220 - loadIPPluginJar : add dma
2025-10-09 19:29:04,463 [INFO] IPUIPlugin:80 - create IPUIPlugin
2025-10-09 19:29:04,464 [INFO] PluginManager:220 - loadIPPluginJar : add usbx
2025-10-09 19:29:04,465 [INFO] IPUIPlugin:80 - create IPUIPlugin
2025-10-09 19:29:04,465 [INFO] PluginManager:220 - loadIPPluginJar : add hash
2025-10-09 19:29:04,466 [INFO] IPUIPlugin:80 - create IPUIPlugin
2025-10-09 19:29:04,466 [INFO] PluginManager:220 - loadIPPluginJar : add cryp
2025-10-09 19:29:04,468 [INFO] IPUIPlugin:80 - create IPUIPlugin
2025-10-09 19:29:04,468 [INFO] PluginManager:220 - loadIPPluginJar : add openamp
2025-10-09 19:29:04,468 [INFO] IPUIPlugin:80 - create IPUIPlugin
2025-10-09 19:29:04,469 [INFO] PluginManager:220 - loadIPPluginJar : add genericplugin
2025-10-09 19:29:04,471 [INFO] IPUIPlugin:80 - create IPUIPlugin
2025-10-09 19:29:04,471 [INFO] PluginManager:220 - loadIPPluginJar : add ipddr
2025-10-09 19:29:04,472 [INFO] IPUIPlugin:80 - create IPUIPlugin
2025-10-09 19:29:04,472 [INFO] PluginManager:220 - loadIPPluginJar : add opamp
2025-10-09 19:29:04,473 [INFO] IPUIPlugin:80 - create IPUIPlugin
2025-10-09 19:29:04,473 [INFO] PluginManager:220 - loadIPPluginJar : add ltdc
2025-10-09 19:29:04,474 [INFO] IPUIPlugin:80 - create IPUIPlugin
2025-10-09 19:29:04,474 [INFO] PluginManager:220 - loadIPPluginJar : add dfsdm
2025-10-09 19:29:04,477 [INFO] IPUIPlugin:80 - create IPUIPlugin
2025-10-09 19:29:04,478 [INFO] PluginManager:220 - loadIPPluginJar : add gic
2025-10-09 19:29:04,479 [INFO] IPUIPlugin:80 - create IPUIPlugin
2025-10-09 19:29:04,479 [INFO] PluginManager:220 - loadIPPluginJar : add extmemmanager
2025-10-09 19:29:04,481 [INFO] IPUIPlugin:80 - create IPUIPlugin
2025-10-09 19:29:04,481 [INFO] PluginManager:220 - loadIPPluginJar : add ucpd
2025-10-09 19:29:04,482 [INFO] IPUIPlugin:80 - create IPUIPlugin
2025-10-09 19:29:04,482 [INFO] PluginManager:220 - loadIPPluginJar : add tracer_emb
2025-10-09 19:29:04,484 [INFO] IPUIPlugin:80 - create IPUIPlugin
2025-10-09 19:29:04,484 [INFO] PluginManager:220 - loadIPPluginJar : add radio
2025-10-09 19:29:04,486 [INFO] IPUIPlugin:80 - create IPUIPlugin
2025-10-09 19:29:04,486 [INFO] PluginManager:220 - loadIPPluginJar : add pdm2pcm
2025-10-09 19:29:04,488 [INFO] IPUIPlugin:80 - create IPUIPlugin
2025-10-09 19:29:04,488 [INFO] PluginManager:220 - loadIPPluginJar : add spi
2025-10-09 19:29:04,490 [INFO] IPUIPlugin:80 - create IPUIPlugin
2025-10-09 19:29:04,490 [INFO] PluginManager:220 - loadIPPluginJar : add tim
2025-10-09 19:29:04,495 [INFO] IPUIPlugin:80 - create IPUIPlugin
2025-10-09 19:29:04,498 [INFO] PluginManager:220 - loadIPPluginJar : add plateformsettings
2025-10-09 19:29:04,501 [INFO] IPUIPlugin:80 - create IPUIPlugin
2025-10-09 19:29:04,501 [INFO] PluginManager:220 - loadIPPluginJar : add touchsensing
2025-10-09 19:29:04,505 [INFO] IPUIPlugin:80 - create IPUIPlugin
2025-10-09 19:29:04,505 [INFO] PluginManager:220 - loadIPPluginJar : add gpio
2025-10-09 19:29:04,510 [INFO] IPUIPlugin:80 - create IPUIPlugin
2025-10-09 19:29:04,510 [INFO] PluginManager:220 - loadIPPluginJar : add adc
2025-10-09 19:29:04,515 [INFO] IPUIPlugin:80 - create IPUIPlugin
2025-10-09 19:29:04,515 [INFO] PluginManager:220 - loadIPPluginJar : add linkedlist
2025-10-09 19:29:04,516 [INFO] IPUIPlugin:80 - create IPUIPlugin
2025-10-09 19:29:04,517 [INFO] PluginManager:220 - loadIPPluginJar : add comp
2025-10-09 19:29:04,519 [INFO] IPUIPlugin:80 - create IPUIPlugin
2025-10-09 19:29:04,520 [INFO] PluginManager:220 - loadIPPluginJar : add fmc
2025-10-09 19:29:04,520 [INFO] IPUIPlugin:80 - create IPUIPlugin
2025-10-09 19:29:04,520 [INFO] PluginManager:220 - loadIPPluginJar : add tsc
2025-10-09 19:29:04,522 [INFO] IPUIPlugin:80 - create IPUIPlugin
2025-10-09 19:29:04,522 [INFO] PluginManager:220 - loadIPPluginJar : add sai
2025-10-09 19:29:04,523 [INFO] IPUIPlugin:80 - create IPUIPlugin
2025-10-09 19:29:04,523 [INFO] PluginManager:220 - loadIPPluginJar : add usart
2025-10-09 19:29:04,525 [INFO] IPUIPlugin:80 - create IPUIPlugin
2025-10-09 19:29:04,526 [INFO] PluginManager:220 - loadIPPluginJar : add nvic
2025-10-09 19:29:04,528 [INFO] IPUIPlugin:80 - create IPUIPlugin
2025-10-09 19:29:04,528 [INFO] PluginManager:220 - loadIPPluginJar : add resmgrutility
2025-10-09 19:29:04,530 [INFO] IPUIPlugin:80 - create IPUIPlugin
2025-10-09 19:29:04,530 [INFO] PluginManager:220 - loadIPPluginJar : add lorawan
2025-10-09 19:29:04,531 [INFO] IPUIPlugin:80 - create IPUIPlugin
2025-10-09 19:29:04,531 [INFO] PluginManager:220 - loadIPPluginJar : add gfxmmu
2025-10-09 19:29:04,532 [INFO] IPUIPlugin:80 - create IPUIPlugin
2025-10-09 19:29:04,532 [INFO] PluginManager:220 - loadIPPluginJar : add dma3
2025-10-09 19:29:04,534 [INFO] IPUIPlugin:80 - create IPUIPlugin
2025-10-09 19:29:04,534 [INFO] PluginManager:220 - loadIPPluginJar : add i3c
2025-10-09 19:29:04,534 [INFO] IPUIPlugin:80 - create IPUIPlugin
2025-10-09 19:29:04,535 [INFO] PluginManager:220 - loadIPPluginJar : add quadspi
2025-10-09 19:29:04,536 [INFO] IPUIPlugin:80 - create IPUIPlugin
2025-10-09 19:29:04,536 [INFO] PluginManager:220 - loadIPPluginJar : add ddr_ctrl_phy
2025-10-09 19:29:04,538 [INFO] IPUIPlugin:80 - create IPUIPlugin
2025-10-09 19:29:04,538 [INFO] PluginManager:220 - loadIPPluginJar : add i2s
2025-10-09 19:29:04,629 [FATAL] Updater:351 - Updater called before beeing initialized
2025-10-09 19:29:04,646 [INFO] RulesReader:64 - Compatibility file has been processed (317 Rules)
2025-10-09 19:29:04,664 [INFO] RulesReader:64 - Compatibility file has been processed (317 Rules)
2025-10-09 19:29:04,671 [INFO] CADModel:165 - CPN selected for project level
2025-10-09 19:29:04,671 [INFO] CADModel:114 - Register for checkConnection events
2025-10-09 19:29:04,671 [FATAL] Updater:351 - Updater called before beeing initialized
2025-10-09 19:29:04,671 [ERROR] CADModel:125 - Updater not yet initialized, retry later 
2025-10-09 19:29:04,755 [FATAL] Updater:351 - Updater called before beeing initialized
2025-10-09 19:29:04,756 [INFO] CADModel:165 - CPN selected for project level
2025-10-09 19:29:04,756 [INFO] CADModel:114 - Register for checkConnection events
2025-10-09 19:29:04,756 [FATAL] Updater:351 - Updater called before beeing initialized
2025-10-09 19:29:04,756 [ERROR] CADModel:125 - Updater not yet initialized, retry later 
2025-10-09 19:29:04,758 [FATAL] Updater:351 - Updater called before beeing initialized
2025-10-09 19:29:04,820 [FATAL] Updater:351 - Updater called before beeing initialized
2025-10-09 19:29:04,823 [INFO] DbMcusAds:53 - JSON generation date=Tue Jul 08 05:14:23 ART 2025 (1751962463582)
2025-10-09 19:29:04,823 [FATAL] Updater:351 - Updater called before beeing initialized
2025-10-09 19:29:04,847 [WARN] DetailPanel:346 - Failed to get advertising image, set to default
2025-10-09 19:29:04,898 [FATAL] Updater:351 - Updater called before beeing initialized
2025-10-09 19:29:04,900 [FATAL] Updater:351 - Updater called before beeing initialized
2025-10-09 19:29:04,900 [FATAL] Updater:351 - Updater called before beeing initialized
2025-10-09 19:29:04,900 [WARN] DetailPanel:346 - Failed to get advertising image, set to default
2025-10-09 19:29:04,900 [FATAL] Updater:351 - Updater called before beeing initialized
2025-10-09 19:29:04,922 [ERROR] Updater:1198 - MainUpdater not yet initialized. External WinMGr cannot be set.
2025-10-09 19:29:04,923 [INFO] Updater:1134 - Updater Version found : 6.15.0
2025-10-09 19:29:04,935 [INFO] ApplicationProperties:184 - Using Application install path: /opt/st/stm32cubeide_1.19.0/plugins/com.st.stm32cube.common.mx_6.15.0.202507011659
2025-10-09 19:29:04,944 [ERROR] LogOutputStream:75 - [STDERR_REDIRECT] Oct 09, 2025 7:29:04 PM java.util.prefs.FileSystemPreferences$2 run
2025-10-09 19:29:04,944 [ERROR] LogOutputStream:75 - [STDERR_REDIRECT] WARNING: Could not create system preferences directory. System preferences are unusable.
2025-10-09 19:29:04,944 [ERROR] LogOutputStream:75 - [STDERR_REDIRECT] 
2025-10-09 19:29:05,174 [INFO] MainUpdater:2872 - connection check result : 10
2025-10-09 19:29:05,175 [INFO] MainUpdater:3604 - Updater definition file requires update
2025-10-09 19:29:05,175 [INFO] MainUpdater:289 - Updater Check For Update Now.
2025-10-09 19:29:05,175 [INFO] MicroXplorer:498 - Change Database Version : DB.6.0.150
2025-10-09 19:29:05,178 [INFO] McuFinderGlobals:63 - Set McuFinder mode to 2 (CubeIDE integrated)
2025-10-09 19:29:05,178 [INFO] UserAuth:487 - Internet connection configuration mode: 1
2025-10-09 19:29:05,190 [INFO] JxBrowserEngine:152 - Initiate JxBrowser Engine with user profile folder
2025-10-09 19:29:05,205 [INFO] ServerAccessManage:452 - Complete download http(s) 200
2025-10-09 19:29:05,206 [INFO] ServerAccessManage:509 - Download File updaters.zip
2025-10-09 19:29:05,286 [INFO] FileExtend:248 - Unzip File : updaters.zip
2025-10-09 19:29:05,286 [INFO] FileExtend:263 - Standard Zip Deflate
2025-10-09 19:29:05,416 [INFO] ServerAccessManage:452 - Complete download http(s) 200
2025-10-09 19:29:05,417 [INFO] ServerAccessManage:509 - Download File PacksControlFlags.xml
2025-10-09 19:29:05,496 [INFO] ServerAccessManage:452 - Complete download http(s) 200
2025-10-09 19:29:05,496 [INFO] ServerAccessManage:509 - Download File cubemx.pidx
2025-10-09 19:29:05,978 [INFO] ServerAccessManage:452 - Complete download http(s) 200
2025-10-09 19:29:05,978 [INFO] ServerAccessManage:509 - Download File STMicroelectronics.X-CUBE-IPS.pdsc
2025-10-09 19:29:06,004 [INFO] WebApp:169 - Instantiating new browser for Auth
2025-10-09 19:29:06,618 [INFO] WebApp:463 - Apply proxy settings
2025-10-09 19:29:06,618 [INFO] WebApp:548 - Chromium requires no authentication
2025-10-09 19:29:06,627 [INFO] WebApp:491 - Direct internet connection detected
2025-10-09 19:29:06,648 [INFO] WebApp:900 - Register for checkConnection events
2025-10-09 19:29:06,648 [INFO] WebApp:463 - Apply proxy settings
2025-10-09 19:29:06,648 [INFO] WebApp:548 - Chromium requires no authentication
2025-10-09 19:29:06,649 [INFO] WebApp:491 - Direct internet connection detected
2025-10-09 19:29:06,804 [WARN] PackLoader:240 - Cannot read IP mode file for STMicroelectronics.X-CUBE-IPS.3.2.0
2025-10-09 19:29:06,824 [INFO] PopulateThirdPartyThread:66 - Ending populate Thread
2025-10-09 19:29:06,825 [INFO] WebApp:225 - Starting web application
2025-10-09 19:29:06,825 [INFO] WebApp:593 - Web application path used /opt/st/stm32cubeide_1.19.0/plugins/com.st.stm32cube.common.mx_6.15.0.202507011659/db/plugins/mcufinder/reactClient1/index.html
2025-10-09 19:29:06,825 [INFO] ThirdParty:1030 - CMSIS Pack Vendor :STMicroelectronics X-CUBE-IPS 3.2.0
2025-10-09 19:29:06,826 [INFO] LoadServerUpdatesThread:375 - End of LoadServerUpdate Thread
2025-10-09 19:29:06,909 [INFO] UserAuth:487 - Internet connection configuration mode: 1
2025-10-09 19:29:06,924 [INFO] CheckServerUpdateThread:120 - End of CheckServer Thread
2025-10-09 19:29:07,037 [INFO] WebApp:191 - Connection restablished
2025-10-09 19:29:07,219 [WARN] PackLoader:240 - Cannot read IP mode file for STMicroelectronics.FP-SNS-MOTENVWB1.1.4.0
2025-10-09 19:29:07,226 [WARN] PackLoader:240 - Cannot read IP mode file for STMicroelectronics.FP-ATR-ASTRA1.2.0.2
2025-10-09 19:29:07,231 [WARN] PackLoader:240 - Cannot read IP mode file for STMicroelectronics.X-CUBE-SMBUS.2.1.0
2025-10-09 19:29:07,237 [WARN] PackLoader:240 - Cannot read IP mode file for STMicroelectronics.X-CUBE-ST60.1.0.0
2025-10-09 19:29:07,261 [WARN] PackLoader:240 - Cannot read IP mode file for STMicroelectronics.X-CUBE-AZRTOS-F7.1.1.0
2025-10-09 19:29:07,268 [WARN] PackLoader:240 - Cannot read IP mode file for Cesanta.I-CUBE-Mongoose.7.19.0
2025-10-09 19:29:07,275 [WARN] PackLoader:240 - Cannot read IP mode file for WES.I-CUBE-Cesium.1.4.0
2025-10-09 19:29:07,295 [WARN] PackLoader:240 - Cannot read IP mode file for Infineon.AIROC-Wi-Fi-Bluetooth-STM32.1.7.1
2025-10-09 19:29:07,304 [WARN] PackLoader:240 - Cannot read IP mode file for STMicroelectronics.X-CUBE-DISPLAY.3.0.0
2025-10-09 19:29:07,320 [WARN] PackLoader:240 - Cannot read IP mode file for STMicroelectronics.X-CUBE-NFC10.1.0.0
2025-10-09 19:29:07,326 [WARN] PackLoader:240 - Cannot read IP mode file for emotas.I-CUBE-CANOPEN.1.3.0
2025-10-09 19:29:07,338 [WARN] PackLoader:240 - Cannot read IP mode file for STMicroelectronics.FP-SNS-SMARTAG2.1.2.0
2025-10-09 19:29:07,341 [WARN] PackLoader:240 - Cannot read IP mode file for STMicroelectronics.FP-SNS-FLIGHT1.5.1.0
2025-10-09 19:29:07,346 [INFO] LogOutputStream:77 - [STDOUT_REDIRECT] 1 : Invalid condition id : UX_CORESTACK_Condition cause : null
2025-10-09 19:29:07,347 [INFO] LogOutputStream:77 - [STDOUT_REDIRECT] 1 : Invalid condition id : UX_CORESTACK_Condition cause : null
2025-10-09 19:29:07,347 [INFO] LogOutputStream:77 - [STDOUT_REDIRECT] 1 : Invalid condition id : UX_CORESTACK_Condition cause : null
2025-10-09 19:29:07,347 [INFO] LogOutputStream:77 - [STDOUT_REDIRECT] 1 : Invalid condition id : UX_CORESTACK_Condition cause : null
2025-10-09 19:29:07,347 [INFO] LogOutputStream:77 - [STDOUT_REDIRECT] 1 : Invalid condition id : UX_CORESTACK_Condition cause : null
2025-10-09 19:29:07,351 [WARN] PackLoader:240 - Cannot read IP mode file for STMicroelectronics.X-CUBE-AZRTOS-WL.2.0.0
2025-10-09 19:29:07,356 [WARN] PackLoader:240 - Cannot read IP mode file for STMicroelectronics.FP-SNS-MOTENV1.5.0.0
2025-10-09 19:29:07,362 [WARN] PackLoader:240 - Cannot read IP mode file for STMicroelectronics.X-CUBE-BLE2.3.3.0
2025-10-09 19:29:07,368 [WARN] PackLoader:240 - Cannot read IP mode file for STMicroelectronics.X-CUBE-NFC9.1.0.0
2025-10-09 19:29:07,374 [WARN] PackLoader:240 - Cannot read IP mode file for STMicroelectronics.X-CUBE-BLE1.7.1.0
2025-10-09 19:29:07,384 [WARN] PackLoader:240 - Cannot read IP mode file for STMicroelectronics.X-CUBE-AZRTOS-G0.1.1.0
2025-10-09 19:29:07,391 [WARN] PackLoader:240 - Cannot read IP mode file for STMicroelectronics.X-CUBE-SAFEA1.1.2.2
2025-10-09 19:29:07,396 [WARN] PackLoader:240 - Cannot read IP mode file for STMicroelectronics.X-CUBE-NFC4.3.0.0
2025-10-09 19:29:07,401 [WARN] PackLoader:240 - Cannot read IP mode file for EmbeddedOffice.I-CUBE-FS-RTOS.1.0.1
2025-10-09 19:29:07,405 [WARN] PackLoader:240 - Cannot read IP mode file for STMicroelectronics.X-CUBE-WB05N.2.0.0
2025-10-09 19:29:07,409 [WARN] PackLoader:240 - Cannot read IP mode file for STMicroelectronics.X-CUBE-TCPP.4.2.0
2025-10-09 19:29:07,413 [WARN] PackLoader:240 - Cannot read IP mode file for RealThread.X-CUBE-RT-Thread_Nano.4.1.1
2025-10-09 19:29:07,416 [WARN] PackLoader:240 - Cannot read IP mode file for STMicroelectronics.FP-ATR-SIGFOX1.3.2.0
2025-10-09 19:29:07,423 [WARN] PackLoader:240 - Cannot read IP mode file for ITTIA_DB.I-CUBE-ITTIADB.8.9.0
2025-10-09 19:29:07,429 [WARN] PackLoader:240 - Cannot read IP mode file for STMicroelectronics.X-CUBE-ST67W61.1.0.0
2025-10-09 19:29:07,454 [WARN] PackLoader:240 - Cannot read IP mode file for SEGGER.I-CUBE-embOS.1.3.1
2025-10-09 19:29:07,492 [WARN] PackLoader:240 - Cannot read IP mode file for STMicroelectronics.X-CUBE-ALGOBUILD.1.4.0
2025-10-09 19:29:07,525 [WARN] PackLoader:240 - Cannot read IP mode file for STMicroelectronics.X-CUBE-MEMS1.11.3.0
2025-10-09 19:29:07,605 [WARN] PackLoader:240 - Cannot read IP mode file for STMicroelectronics.X-CUBE-PM33A1.1.0.0
2025-10-09 19:29:07,618 [WARN] PackLoader:240 - Cannot read IP mode file for STMicroelectronics.X-CUBE-AZRTOS-F4.1.1.0
2025-10-09 19:29:07,621 [WARN] PackLoader:240 - Cannot read IP mode file for Avnet-IotConnect.X-CUBE-IoTC-DA16k-PMOD.1.0.0
2025-10-09 19:29:07,623 [WARN] PackLoader:240 - Cannot read IP mode file for STMicroelectronics.X-CUBE-ISPU.2.1.0
2025-10-09 19:29:07,630 [WARN] PackLoader:240 - Cannot read IP mode file for STMicroelectronics.X-CUBE-IPS.3.2.0
2025-10-09 19:29:07,643 [WARN] PackLoader:240 - Cannot read IP mode file for STMicroelectronics.X-CUBE-AZRTOS-L5.2.0.0
2025-10-09 19:29:07,648 [WARN] PackLoader:240 - Cannot read IP mode file for STMicroelectronics.X-CUBE-NFC6.3.1.0
2025-10-09 19:29:07,652 [WARN] PackLoader:240 - Cannot read IP mode file for STMicroelectronics.X-CUBE-FREERTOS.1.3.1
2025-10-09 19:29:07,655 [WARN] PackLoader:240 - Cannot read IP mode file for STMicroelectronics.X-CUBE-TOUCHGFX.4.26.0
2025-10-09 19:29:07,657 [WARN] PackLoader:240 - Cannot read IP mode file for STMicroelectronics.X-CUBE-DPower.1.3.0
2025-10-09 19:29:07,668 [WARN] ConditionMgr:438 - getConditionDescription Invalid condition id : LAN8742 Phy interface Condition cause : null
2025-10-09 19:29:07,669 [WARN] PackLoader:240 - Cannot read IP mode file for STMicroelectronics.X-CUBE-AZRTOS-L4.2.0.0
2025-10-09 19:29:07,670 [WARN] ConditionMgr:1044 - genDependencies : Invalid condition id : LAN8742 Phy interface Condition cause : null
2025-10-09 19:29:07,670 [WARN] ConditionMgr:1044 - genDependencies : Invalid condition id : LAN8742 Phy interface Condition cause : null
2025-10-09 19:29:07,671 [WARN] ConditionMgr:1044 - genDependencies : Invalid condition id : LAN8742 Phy interface Condition cause : null
2025-10-09 19:29:07,676 [WARN] PackLoader:240 - Cannot read IP mode file for STMicroelectronics.X-CUBE-SFXS2LP1.4.0.0
2025-10-09 19:29:07,685 [WARN] ConditionMgr:438 - getConditionDescription Invalid condition id : UX DEVICE CLASS RTOS Condition cause : null
2025-10-09 19:29:07,686 [WARN] ConditionMgr:438 - getConditionDescription Invalid condition id : UX DEVICE CLASS RTOS Condition cause : null
2025-10-09 19:29:07,687 [WARN] PackLoader:240 - Cannot read IP mode file for STMicroelectronics.X-CUBE-AZRTOS-WB.2.0.0
2025-10-09 19:29:07,687 [WARN] ConditionMgr:1044 - genDependencies : Invalid condition id : UX DEVICE CLASS RTOS Condition cause : null
2025-10-09 19:29:07,687 [WARN] ConditionMgr:1044 - genDependencies : Invalid condition id : UX DEVICE CLASS RTOS Condition cause : null
2025-10-09 19:29:07,687 [WARN] ConditionMgr:1044 - genDependencies : Invalid condition id : UX DEVICE CLASS RTOS Condition cause : null
2025-10-09 19:29:07,687 [WARN] ConditionMgr:1044 - genDependencies : Invalid condition id : UX DEVICE CLASS RTOS Condition cause : null
2025-10-09 19:29:07,687 [WARN] ConditionMgr:1044 - genDependencies : Invalid condition id : UX DEVICE CLASS RTOS Condition cause : null
2025-10-09 19:29:07,690 [WARN] PackLoader:240 - Cannot read IP mode file for STMicroelectronics.X-CUBE-GNSS1.7.0.1
2025-10-09 19:29:07,692 [WARN] PackLoader:240 - Cannot read IP mode file for STMicroelectronics.X-CUBE-TOUCHGFX.4.25.0
2025-10-09 19:29:07,693 [WARN] ConditionMgr:438 - getConditionDescription Invalid condition id : Cortex-A Device cause : null
2025-10-09 19:29:07,699 [WARN] ConditionMgr:1044 - genDependencies : Invalid condition id : Cortex-A Device cause : null
2025-10-09 19:29:07,699 [WARN] ConditionMgr:1044 - genDependencies : Invalid condition id : Cortex-A Device cause : null
2025-10-09 19:29:07,699 [WARN] ConditionMgr:1044 - genDependencies : Invalid condition id : Cortex-A Device cause : null
2025-10-09 19:29:07,704 [WARN] PackLoader:240 - Cannot read IP mode file for STMicroelectronics.X-CUBE-SUBG2.5.0.0
2025-10-09 19:29:07,717 [WARN] PackLoader:240 - Cannot read IP mode file for STMicroelectronics.X-CUBE-AZRTOS-H7RS.1.1.0
2025-10-09 19:29:07,727 [WARN] PackLoader:240 - Cannot read IP mode file for STMicroelectronics.X-CUBE-AZRTOS-G4.2.0.0
2025-10-09 19:29:07,730 [WARN] PackLoader:240 - Cannot read IP mode file for wolfSSL.I-CUBE-wolfSSH.1.4.20
2025-10-09 19:29:07,733 [WARN] PackLoader:240 - Cannot read IP mode file for STMicroelectronics.X-CUBE-NFC7.2.0.0
2025-10-09 19:29:07,741 [WARN] PackLoader:240 - Cannot read IP mode file for STMicroelectronics.X-CUBE-IPS.3.1.0
2025-10-09 19:29:07,746 [WARN] PackLoader:240 - Cannot read IP mode file for STMicroelectronics.X-CUBE-ALS.1.0.2
2025-10-09 19:29:07,752 [WARN] PackLoader:240 - Cannot read IP mode file for STMicroelectronics.X-CUBE-TOF1.3.4.3
2025-10-09 19:29:07,760 [INFO] ThirdParty:978 - Integrity check success = true
2025-10-09 19:29:07,760 [INFO] IntegrityCheckThread:100 - exiting critical section [integrity check]
2025-10-09 19:29:07,760 [INFO] IntegrityCheckThread:103 - End integrity checks thread
2025-10-09 19:29:30,953 [ERROR] LogOutputStream:75 - [STDERR_REDIRECT] Oct 09, 2025 7:29:30 PM java.util.prefs.FileSystemPreferences checkLockFile0ErrorCode
2025-10-09 19:29:30,954 [ERROR] LogOutputStream:75 - [STDERR_REDIRECT] WARNING: Could not lock System prefs. Unix error code 2.
2025-10-09 19:29:30,954 [ERROR] LogOutputStream:75 - [STDERR_REDIRECT] 
2025-10-09 19:29:30,954 [ERROR] LogOutputStream:75 - [STDERR_REDIRECT] Oct 09, 2025 7:29:30 PM java.util.prefs.FileSystemPreferences syncWorld
2025-10-09 19:29:30,954 [ERROR] LogOutputStream:75 - [STDERR_REDIRECT] WARNING: Couldn't flush system prefs: java.util.prefs.BackingStoreException: Couldn't get file lock.
2025-10-09 19:29:30,954 [ERROR] LogOutputStream:75 - [STDERR_REDIRECT] 
2025-10-09 19:30:00,934 [ERROR] LogOutputStream:75 - [STDERR_REDIRECT] Oct 09, 2025 7:30:00 PM java.util.prefs.FileSystemPreferences checkLockFile0ErrorCode
2025-10-09 19:30:00,934 [ERROR] LogOutputStream:75 - [STDERR_REDIRECT] WARNING: Could not lock System prefs. Unix error code 2.
2025-10-09 19:30:00,934 [ERROR] LogOutputStream:75 - [STDERR_REDIRECT] 
2025-10-09 19:30:00,934 [ERROR] LogOutputStream:75 - [STDERR_REDIRECT] Oct 09, 2025 7:30:00 PM java.util.prefs.FileSystemPreferences syncWorld
2025-10-09 19:30:00,934 [ERROR] LogOutputStream:75 - [STDERR_REDIRECT] WARNING: Couldn't flush system prefs: java.util.prefs.BackingStoreException: Couldn't get file lock.
2025-10-09 19:30:00,934 [ERROR] LogOutputStream:75 - [STDERR_REDIRECT] 
2025-10-09 19:30:30,933 [ERROR] LogOutputStream:75 - [STDERR_REDIRECT] Oct 09, 2025 7:30:30 PM java.util.prefs.FileSystemPreferences checkLockFile0ErrorCode
2025-10-09 19:30:30,933 [ERROR] LogOutputStream:75 - [STDERR_REDIRECT] WARNING: Could not lock System prefs. Unix error code 2.
2025-10-09 19:30:30,933 [ERROR] LogOutputStream:75 - [STDERR_REDIRECT] 
2025-10-09 19:30:30,933 [ERROR] LogOutputStream:75 - [STDERR_REDIRECT] Oct 09, 2025 7:30:30 PM java.util.prefs.FileSystemPreferences syncWorld
2025-10-09 19:30:30,934 [ERROR] LogOutputStream:75 - [STDERR_REDIRECT] WARNING: Couldn't flush system prefs: java.util.prefs.BackingStoreException: Couldn't get file lock.
2025-10-09 19:30:30,934 [ERROR] LogOutputStream:75 - [STDERR_REDIRECT] 
2025-10-09 19:31:00,935 [ERROR] LogOutputStream:75 - [STDERR_REDIRECT] Oct 09, 2025 7:31:00 PM java.util.prefs.FileSystemPreferences checkLockFile0ErrorCode
2025-10-09 19:31:00,935 [ERROR] LogOutputStream:75 - [STDERR_REDIRECT] WARNING: Could not lock System prefs. Unix error code 2.
2025-10-09 19:31:00,935 [ERROR] LogOutputStream:75 - [STDERR_REDIRECT] 
2025-10-09 19:31:00,936 [ERROR] LogOutputStream:75 - [STDERR_REDIRECT] Oct 09, 2025 7:31:00 PM java.util.prefs.FileSystemPreferences syncWorld
2025-10-09 19:31:00,936 [ERROR] LogOutputStream:75 - [STDERR_REDIRECT] WARNING: Couldn't flush system prefs: java.util.prefs.BackingStoreException: Couldn't get file lock.
2025-10-09 19:31:00,936 [ERROR] LogOutputStream:75 - [STDERR_REDIRECT] 
2025-10-09 19:31:30,934 [ERROR] LogOutputStream:75 - [STDERR_REDIRECT] Oct 09, 2025 7:31:30 PM java.util.prefs.FileSystemPreferences checkLockFile0ErrorCode
2025-10-09 19:31:30,934 [ERROR] LogOutputStream:75 - [STDERR_REDIRECT] WARNING: Could not lock System prefs. Unix error code 2.
2025-10-09 19:31:30,934 [ERROR] LogOutputStream:75 - [STDERR_REDIRECT] 
2025-10-09 19:31:30,934 [ERROR] LogOutputStream:75 - [STDERR_REDIRECT] Oct 09, 2025 7:31:30 PM java.util.prefs.FileSystemPreferences syncWorld
2025-10-09 19:31:30,934 [ERROR] LogOutputStream:75 - [STDERR_REDIRECT] WARNING: Couldn't flush system prefs: java.util.prefs.BackingStoreException: Couldn't get file lock.
2025-10-09 19:31:30,934 [ERROR] LogOutputStream:75 - [STDERR_REDIRECT] 
2025-10-09 19:32:00,934 [ERROR] LogOutputStream:75 - [STDERR_REDIRECT] Oct 09, 2025 7:32:00 PM java.util.prefs.FileSystemPreferences checkLockFile0ErrorCode
2025-10-09 19:32:00,934 [ERROR] LogOutputStream:75 - [STDERR_REDIRECT] WARNING: Could not lock System prefs. Unix error code 2.
2025-10-09 19:32:00,934 [ERROR] LogOutputStream:75 - [STDERR_REDIRECT] 
2025-10-09 19:32:00,935 [ERROR] LogOutputStream:75 - [STDERR_REDIRECT] Oct 09, 2025 7:32:00 PM java.util.prefs.FileSystemPreferences syncWorld
2025-10-09 19:32:00,935 [ERROR] LogOutputStream:75 - [STDERR_REDIRECT] WARNING: Couldn't flush system prefs: java.util.prefs.BackingStoreException: Couldn't get file lock.
2025-10-09 19:32:00,935 [ERROR] LogOutputStream:75 - [STDERR_REDIRECT] 
2025-10-09 19:32:30,933 [ERROR] LogOutputStream:75 - [STDERR_REDIRECT] Oct 09, 2025 7:32:30 PM java.util.prefs.FileSystemPreferences checkLockFile0ErrorCode
2025-10-09 19:32:30,933 [ERROR] LogOutputStream:75 - [STDERR_REDIRECT] WARNING: Could not lock System prefs. Unix error code 2.
2025-10-09 19:32:30,933 [ERROR] LogOutputStream:75 - [STDERR_REDIRECT] 
2025-10-09 19:32:30,934 [ERROR] LogOutputStream:75 - [STDERR_REDIRECT] Oct 09, 2025 7:32:30 PM java.util.prefs.FileSystemPreferences syncWorld
2025-10-09 19:32:30,934 [ERROR] LogOutputStream:75 - [STDERR_REDIRECT] WARNING: Couldn't flush system prefs: java.util.prefs.BackingStoreException: Couldn't get file lock.
2025-10-09 19:32:30,934 [ERROR] LogOutputStream:75 - [STDERR_REDIRECT] 
2025-10-09 19:33:00,933 [ERROR] LogOutputStream:75 - [STDERR_REDIRECT] Oct 09, 2025 7:33:00 PM java.util.prefs.FileSystemPreferences checkLockFile0ErrorCode
2025-10-09 19:33:00,933 [ERROR] LogOutputStream:75 - [STDERR_REDIRECT] WARNING: Could not lock System prefs. Unix error code 2.
2025-10-09 19:33:00,933 [ERROR] LogOutputStream:75 - [STDERR_REDIRECT] 
2025-10-09 19:33:00,934 [ERROR] LogOutputStream:75 - [STDERR_REDIRECT] Oct 09, 2025 7:33:00 PM java.util.prefs.FileSystemPreferences syncWorld
2025-10-09 19:33:00,934 [ERROR] LogOutputStream:75 - [STDERR_REDIRECT] WARNING: Couldn't flush system prefs: java.util.prefs.BackingStoreException: Couldn't get file lock.
2025-10-09 19:33:00,934 [ERROR] LogOutputStream:75 - [STDERR_REDIRECT] 
2025-10-09 19:33:30,933 [ERROR] LogOutputStream:75 - [STDERR_REDIRECT] Oct 09, 2025 7:33:30 PM java.util.prefs.FileSystemPreferences checkLockFile0ErrorCode
2025-10-09 19:33:30,933 [ERROR] LogOutputStream:75 - [STDERR_REDIRECT] WARNING: Could not lock System prefs. Unix error code 2.
2025-10-09 19:33:30,933 [ERROR] LogOutputStream:75 - [STDERR_REDIRECT] 
2025-10-09 19:33:30,933 [ERROR] LogOutputStream:75 - [STDERR_REDIRECT] Oct 09, 2025 7:33:30 PM java.util.prefs.FileSystemPreferences syncWorld
2025-10-09 19:33:30,934 [ERROR] LogOutputStream:75 - [STDERR_REDIRECT] WARNING: Couldn't flush system prefs: java.util.prefs.BackingStoreException: Couldn't get file lock.
2025-10-09 19:33:30,934 [ERROR] LogOutputStream:75 - [STDERR_REDIRECT] 
2025-10-09 19:34:00,933 [ERROR] LogOutputStream:75 - [STDERR_REDIRECT] Oct 09, 2025 7:34:00 PM java.util.prefs.FileSystemPreferences checkLockFile0ErrorCode
2025-10-09 19:34:00,934 [ERROR] LogOutputStream:75 - [STDERR_REDIRECT] WARNING: Could not lock System prefs. Unix error code 2.
2025-10-09 19:34:00,934 [ERROR] LogOutputStream:75 - [STDERR_REDIRECT] 
2025-10-09 19:34:00,934 [ERROR] LogOutputStream:75 - [STDERR_REDIRECT] Oct 09, 2025 7:34:00 PM java.util.prefs.FileSystemPreferences syncWorld
2025-10-09 19:34:00,934 [ERROR] LogOutputStream:75 - [STDERR_REDIRECT] WARNING: Couldn't flush system prefs: java.util.prefs.BackingStoreException: Couldn't get file lock.
2025-10-09 19:34:00,934 [ERROR] LogOutputStream:75 - [STDERR_REDIRECT] 
2025-10-09 19:34:30,933 [ERROR] LogOutputStream:75 - [STDERR_REDIRECT] Oct 09, 2025 7:34:30 PM java.util.prefs.FileSystemPreferences checkLockFile0ErrorCode
2025-10-09 19:34:30,934 [ERROR] LogOutputStream:75 - [STDERR_REDIRECT] WARNING: Could not lock System prefs. Unix error code 2.
2025-10-09 19:34:30,934 [ERROR] LogOutputStream:75 - [STDERR_REDIRECT] 
2025-10-09 19:34:30,934 [ERROR] LogOutputStream:75 - [STDERR_REDIRECT] Oct 09, 2025 7:34:30 PM java.util.prefs.FileSystemPreferences syncWorld
2025-10-09 19:34:30,934 [ERROR] LogOutputStream:75 - [STDERR_REDIRECT] WARNING: Couldn't flush system prefs: java.util.prefs.BackingStoreException: Couldn't get file lock.
2025-10-09 19:34:30,934 [ERROR] LogOutputStream:75 - [STDERR_REDIRECT] 
2025-10-09 19:35:00,933 [ERROR] LogOutputStream:75 - [STDERR_REDIRECT] Oct 09, 2025 7:35:00 PM java.util.prefs.FileSystemPreferences checkLockFile0ErrorCode
2025-10-09 19:35:00,933 [ERROR] LogOutputStream:75 - [STDERR_REDIRECT] WARNING: Could not lock System prefs. Unix error code 2.
2025-10-09 19:35:00,933 [ERROR] LogOutputStream:75 - [STDERR_REDIRECT] 
2025-10-09 19:35:00,934 [ERROR] LogOutputStream:75 - [STDERR_REDIRECT] Oct 09, 2025 7:35:00 PM java.util.prefs.FileSystemPreferences syncWorld
2025-10-09 19:35:00,934 [ERROR] LogOutputStream:75 - [STDERR_REDIRECT] WARNING: Couldn't flush system prefs: java.util.prefs.BackingStoreException: Couldn't get file lock.
2025-10-09 19:35:00,934 [ERROR] LogOutputStream:75 - [STDERR_REDIRECT] 
2025-10-09 19:35:30,933 [ERROR] LogOutputStream:75 - [STDERR_REDIRECT] Oct 09, 2025 7:35:30 PM java.util.prefs.FileSystemPreferences checkLockFile0ErrorCode
2025-10-09 19:35:30,934 [ERROR] LogOutputStream:75 - [STDERR_REDIRECT] WARNING: Could not lock System prefs. Unix error code 2.
2025-10-09 19:35:30,934 [ERROR] LogOutputStream:75 - [STDERR_REDIRECT] 
2025-10-09 19:35:30,934 [ERROR] LogOutputStream:75 - [STDERR_REDIRECT] Oct 09, 2025 7:35:30 PM java.util.prefs.FileSystemPreferences syncWorld
2025-10-09 19:35:30,934 [ERROR] LogOutputStream:75 - [STDERR_REDIRECT] WARNING: Couldn't flush system prefs: java.util.prefs.BackingStoreException: Couldn't get file lock.
2025-10-09 19:35:30,934 [ERROR] LogOutputStream:75 - [STDERR_REDIRECT] 
2025-10-09 19:36:00,934 [ERROR] LogOutputStream:75 - [STDERR_REDIRECT] Oct 09, 2025 7:36:00 PM java.util.prefs.FileSystemPreferences checkLockFile0ErrorCode
2025-10-09 19:36:00,934 [ERROR] LogOutputStream:75 - [STDERR_REDIRECT] WARNING: Could not lock System prefs. Unix error code 2.
2025-10-09 19:36:00,934 [ERROR] LogOutputStream:75 - [STDERR_REDIRECT] 
2025-10-09 19:36:00,934 [ERROR] LogOutputStream:75 - [STDERR_REDIRECT] Oct 09, 2025 7:36:00 PM java.util.prefs.FileSystemPreferences syncWorld
2025-10-09 19:36:00,934 [ERROR] LogOutputStream:75 - [STDERR_REDIRECT] WARNING: Couldn't flush system prefs: java.util.prefs.BackingStoreException: Couldn't get file lock.
2025-10-09 19:36:00,934 [ERROR] LogOutputStream:75 - [STDERR_REDIRECT] 
2025-10-09 19:36:30,935 [ERROR] LogOutputStream:75 - [STDERR_REDIRECT] Oct 09, 2025 7:36:30 PM java.util.prefs.FileSystemPreferences checkLockFile0ErrorCode
2025-10-09 19:36:30,935 [ERROR] LogOutputStream:75 - [STDERR_REDIRECT] WARNING: Could not lock System prefs. Unix error code 2.
2025-10-09 19:36:30,935 [ERROR] LogOutputStream:75 - [STDERR_REDIRECT] 
2025-10-09 19:36:30,935 [ERROR] LogOutputStream:75 - [STDERR_REDIRECT] Oct 09, 2025 7:36:30 PM java.util.prefs.FileSystemPreferences syncWorld
2025-10-09 19:36:30,935 [ERROR] LogOutputStream:75 - [STDERR_REDIRECT] WARNING: Couldn't flush system prefs: java.util.prefs.BackingStoreException: Couldn't get file lock.
2025-10-09 19:36:30,935 [ERROR] LogOutputStream:75 - [STDERR_REDIRECT] 
2025-10-09 19:37:00,935 [ERROR] LogOutputStream:75 - [STDERR_REDIRECT] Oct 09, 2025 7:37:00 PM java.util.prefs.FileSystemPreferences checkLockFile0ErrorCode
2025-10-09 19:37:00,935 [ERROR] LogOutputStream:75 - [STDERR_REDIRECT] WARNING: Could not lock System prefs. Unix error code 2.
2025-10-09 19:37:00,936 [ERROR] LogOutputStream:75 - [STDERR_REDIRECT] 
2025-10-09 19:37:00,936 [ERROR] LogOutputStream:75 - [STDERR_REDIRECT] Oct 09, 2025 7:37:00 PM java.util.prefs.FileSystemPreferences syncWorld
2025-10-09 19:37:00,936 [ERROR] LogOutputStream:75 - [STDERR_REDIRECT] WARNING: Couldn't flush system prefs: java.util.prefs.BackingStoreException: Couldn't get file lock.
2025-10-09 19:37:00,936 [ERROR] LogOutputStream:75 - [STDERR_REDIRECT] 
2025-10-09 19:37:30,934 [ERROR] LogOutputStream:75 - [STDERR_REDIRECT] Oct 09, 2025 7:37:30 PM java.util.prefs.FileSystemPreferences checkLockFile0ErrorCode
2025-10-09 19:37:30,935 [ERROR] LogOutputStream:75 - [STDERR_REDIRECT] WARNING: Could not lock System prefs. Unix error code 2.
2025-10-09 19:37:30,935 [ERROR] LogOutputStream:75 - [STDERR_REDIRECT] 
2025-10-09 19:37:30,935 [ERROR] LogOutputStream:75 - [STDERR_REDIRECT] Oct 09, 2025 7:37:30 PM java.util.prefs.FileSystemPreferences syncWorld
2025-10-09 19:37:30,935 [ERROR] LogOutputStream:75 - [STDERR_REDIRECT] WARNING: Couldn't flush system prefs: java.util.prefs.BackingStoreException: Couldn't get file lock.
2025-10-09 19:37:30,935 [ERROR] LogOutputStream:75 - [STDERR_REDIRECT] 
2025-10-09 19:38:00,935 [ERROR] LogOutputStream:75 - [STDERR_REDIRECT] Oct 09, 2025 7:38:00 PM java.util.prefs.FileSystemPreferences checkLockFile0ErrorCode
2025-10-09 19:38:00,936 [ERROR] LogOutputStream:75 - [STDERR_REDIRECT] WARNING: Could not lock System prefs. Unix error code 2.
2025-10-09 19:38:00,937 [ERROR] LogOutputStream:75 - [STDERR_REDIRECT] 
2025-10-09 19:38:00,940 [ERROR] LogOutputStream:75 - [STDERR_REDIRECT] Oct 09, 2025 7:38:00 PM java.util.prefs.FileSystemPreferences syncWorld
2025-10-09 19:38:00,940 [ERROR] LogOutputStream:75 - [STDERR_REDIRECT] WARNING: Couldn't flush system prefs: java.util.prefs.BackingStoreException: Couldn't get file lock.
2025-10-09 19:38:00,940 [ERROR] LogOutputStream:75 - [STDERR_REDIRECT] 
2025-10-09 19:38:30,935 [ERROR] LogOutputStream:75 - [STDERR_REDIRECT] Oct 09, 2025 7:38:30 PM java.util.prefs.FileSystemPreferences checkLockFile0ErrorCode
2025-10-09 19:38:30,935 [ERROR] LogOutputStream:75 - [STDERR_REDIRECT] WARNING: Could not lock System prefs. Unix error code 2.
2025-10-09 19:38:30,935 [ERROR] LogOutputStream:75 - [STDERR_REDIRECT] 
2025-10-09 19:38:30,935 [ERROR] LogOutputStream:75 - [STDERR_REDIRECT] Oct 09, 2025 7:38:30 PM java.util.prefs.FileSystemPreferences syncWorld
2025-10-09 19:38:30,935 [ERROR] LogOutputStream:75 - [STDERR_REDIRECT] WARNING: Couldn't flush system prefs: java.util.prefs.BackingStoreException: Couldn't get file lock.
2025-10-09 19:38:30,935 [ERROR] LogOutputStream:75 - [STDERR_REDIRECT] 
2025-10-09 19:39:00,936 [ERROR] LogOutputStream:75 - [STDERR_REDIRECT] Oct 09, 2025 7:39:00 PM java.util.prefs.FileSystemPreferences checkLockFile0ErrorCode
2025-10-09 19:39:00,937 [ERROR] LogOutputStream:75 - [STDERR_REDIRECT] WARNING: Could not lock System prefs. Unix error code 2.
2025-10-09 19:39:00,937 [ERROR] LogOutputStream:75 - [STDERR_REDIRECT] 
2025-10-09 19:39:00,939 [ERROR] LogOutputStream:75 - [STDERR_REDIRECT] Oct 09, 2025 7:39:00 PM java.util.prefs.FileSystemPreferences syncWorld
2025-10-09 19:39:00,939 [ERROR] LogOutputStream:75 - [STDERR_REDIRECT] WARNING: Couldn't flush system prefs: java.util.prefs.BackingStoreException: Couldn't get file lock.
2025-10-09 19:39:00,939 [ERROR] LogOutputStream:75 - [STDERR_REDIRECT] 
2025-10-09 19:39:30,936 [ERROR] LogOutputStream:75 - [STDERR_REDIRECT] Oct 09, 2025 7:39:30 PM java.util.prefs.FileSystemPreferences checkLockFile0ErrorCode
2025-10-09 19:39:30,936 [ERROR] LogOutputStream:75 - [STDERR_REDIRECT] WARNING: Could not lock System prefs. Unix error code 2.
2025-10-09 19:39:30,936 [ERROR] LogOutputStream:75 - [STDERR_REDIRECT] 
2025-10-09 19:39:30,937 [ERROR] LogOutputStream:75 - [STDERR_REDIRECT] Oct 09, 2025 7:39:30 PM java.util.prefs.FileSystemPreferences syncWorld
2025-10-09 19:39:30,937 [ERROR] LogOutputStream:75 - [STDERR_REDIRECT] WARNING: Couldn't flush system prefs: java.util.prefs.BackingStoreException: Couldn't get file lock.
2025-10-09 19:39:30,937 [ERROR] LogOutputStream:75 - [STDERR_REDIRECT] 
2025-10-09 19:40:00,936 [ERROR] LogOutputStream:75 - [STDERR_REDIRECT] Oct 09, 2025 7:40:00 PM java.util.prefs.FileSystemPreferences checkLockFile0ErrorCode
2025-10-09 19:40:00,936 [ERROR] LogOutputStream:75 - [STDERR_REDIRECT] WARNING: Could not lock System prefs. Unix error code 2.
2025-10-09 19:40:00,936 [ERROR] LogOutputStream:75 - [STDERR_REDIRECT] 
2025-10-09 19:40:00,937 [ERROR] LogOutputStream:75 - [STDERR_REDIRECT] Oct 09, 2025 7:40:00 PM java.util.prefs.FileSystemPreferences syncWorld
2025-10-09 19:40:00,937 [ERROR] LogOutputStream:75 - [STDERR_REDIRECT] WARNING: Couldn't flush system prefs: java.util.prefs.BackingStoreException: Couldn't get file lock.
2025-10-09 19:40:00,937 [ERROR] LogOutputStream:75 - [STDERR_REDIRECT] 
2025-10-09 19:40:30,935 [ERROR] LogOutputStream:75 - [STDERR_REDIRECT] Oct 09, 2025 7:40:30 PM java.util.prefs.FileSystemPreferences checkLockFile0ErrorCode
2025-10-09 19:40:30,935 [ERROR] LogOutputStream:75 - [STDERR_REDIRECT] WARNING: Could not lock System prefs. Unix error code 2.
2025-10-09 19:40:30,935 [ERROR] LogOutputStream:75 - [STDERR_REDIRECT] 
2025-10-09 19:40:30,936 [ERROR] LogOutputStream:75 - [STDERR_REDIRECT] Oct 09, 2025 7:40:30 PM java.util.prefs.FileSystemPreferences syncWorld
2025-10-09 19:40:30,936 [ERROR] LogOutputStream:75 - [STDERR_REDIRECT] WARNING: Couldn't flush system prefs: java.util.prefs.BackingStoreException: Couldn't get file lock.
2025-10-09 19:40:30,936 [ERROR] LogOutputStream:75 - [STDERR_REDIRECT] 
2025-10-09 19:41:00,935 [ERROR] LogOutputStream:75 - [STDERR_REDIRECT] Oct 09, 2025 7:41:00 PM java.util.prefs.FileSystemPreferences checkLockFile0ErrorCode
2025-10-09 19:41:00,935 [ERROR] LogOutputStream:75 - [STDERR_REDIRECT] WARNING: Could not lock System prefs. Unix error code 2.
2025-10-09 19:41:00,935 [ERROR] LogOutputStream:75 - [STDERR_REDIRECT] 
2025-10-09 19:41:00,936 [ERROR] LogOutputStream:75 - [STDERR_REDIRECT] Oct 09, 2025 7:41:00 PM java.util.prefs.FileSystemPreferences syncWorld
2025-10-09 19:41:00,936 [ERROR] LogOutputStream:75 - [STDERR_REDIRECT] WARNING: Couldn't flush system prefs: java.util.prefs.BackingStoreException: Couldn't get file lock.
2025-10-09 19:41:00,936 [ERROR] LogOutputStream:75 - [STDERR_REDIRECT] 
2025-10-09 19:41:30,935 [ERROR] LogOutputStream:75 - [STDERR_REDIRECT] Oct 09, 2025 7:41:30 PM java.util.prefs.FileSystemPreferences checkLockFile0ErrorCode
2025-10-09 19:41:30,935 [ERROR] LogOutputStream:75 - [STDERR_REDIRECT] WARNING: Could not lock System prefs. Unix error code 2.
2025-10-09 19:41:30,973 [ERROR] LogOutputStream:75 - [STDERR_REDIRECT] 
2025-10-09 19:41:30,973 [ERROR] LogOutputStream:75 - [STDERR_REDIRECT] Oct 09, 2025 7:41:30 PM java.util.prefs.FileSystemPreferences syncWorld
2025-10-09 19:41:30,973 [ERROR] LogOutputStream:75 - [STDERR_REDIRECT] WARNING: Couldn't flush system prefs: java.util.prefs.BackingStoreException: Couldn't get file lock.
2025-10-09 19:41:30,973 [ERROR] LogOutputStream:75 - [STDERR_REDIRECT] 
2025-10-09 19:42:00,935 [ERROR] LogOutputStream:75 - [STDERR_REDIRECT] Oct 09, 2025 7:42:00 PM java.util.prefs.FileSystemPreferences checkLockFile0ErrorCode
2025-10-09 19:42:00,936 [ERROR] LogOutputStream:75 - [STDERR_REDIRECT] WARNING: Could not lock System prefs. Unix error code 2.
2025-10-09 19:42:00,936 [ERROR] LogOutputStream:75 - [STDERR_REDIRECT] 
2025-10-09 19:42:00,936 [ERROR] LogOutputStream:75 - [STDERR_REDIRECT] Oct 09, 2025 7:42:00 PM java.util.prefs.FileSystemPreferences syncWorld
2025-10-09 19:42:00,936 [ERROR] LogOutputStream:75 - [STDERR_REDIRECT] WARNING: Couldn't flush system prefs: java.util.prefs.BackingStoreException: Couldn't get file lock.
2025-10-09 19:42:00,936 [ERROR] LogOutputStream:75 - [STDERR_REDIRECT] 
2025-10-09 19:42:30,935 [ERROR] LogOutputStream:75 - [STDERR_REDIRECT] Oct 09, 2025 7:42:30 PM java.util.prefs.FileSystemPreferences checkLockFile0ErrorCode
2025-10-09 19:42:30,935 [ERROR] LogOutputStream:75 - [STDERR_REDIRECT] WARNING: Could not lock System prefs. Unix error code 2.
2025-10-09 19:42:30,935 [ERROR] LogOutputStream:75 - [STDERR_REDIRECT] 
2025-10-09 19:42:30,936 [ERROR] LogOutputStream:75 - [STDERR_REDIRECT] Oct 09, 2025 7:42:30 PM java.util.prefs.FileSystemPreferences syncWorld
2025-10-09 19:42:30,936 [ERROR] LogOutputStream:75 - [STDERR_REDIRECT] WARNING: Couldn't flush system prefs: java.util.prefs.BackingStoreException: Couldn't get file lock.
2025-10-09 19:42:30,936 [ERROR] LogOutputStream:75 - [STDERR_REDIRECT] 
2025-10-09 19:43:00,935 [ERROR] LogOutputStream:75 - [STDERR_REDIRECT] Oct 09, 2025 7:43:00 PM java.util.prefs.FileSystemPreferences checkLockFile0ErrorCode
2025-10-09 19:43:00,935 [ERROR] LogOutputStream:75 - [STDERR_REDIRECT] WARNING: Could not lock System prefs. Unix error code 2.
2025-10-09 19:43:00,935 [ERROR] LogOutputStream:75 - [STDERR_REDIRECT] 
2025-10-09 19:43:00,935 [ERROR] LogOutputStream:75 - [STDERR_REDIRECT] Oct 09, 2025 7:43:00 PM java.util.prefs.FileSystemPreferences syncWorld
2025-10-09 19:43:00,935 [ERROR] LogOutputStream:75 - [STDERR_REDIRECT] WARNING: Couldn't flush system prefs: java.util.prefs.BackingStoreException: Couldn't get file lock.
2025-10-09 19:43:00,936 [ERROR] LogOutputStream:75 - [STDERR_REDIRECT] 
2025-10-09 19:43:30,935 [ERROR] LogOutputStream:75 - [STDERR_REDIRECT] Oct 09, 2025 7:43:30 PM java.util.prefs.FileSystemPreferences checkLockFile0ErrorCode
2025-10-09 19:43:30,935 [ERROR] LogOutputStream:75 - [STDERR_REDIRECT] WARNING: Could not lock System prefs. Unix error code 2.
2025-10-09 19:43:30,935 [ERROR] LogOutputStream:75 - [STDERR_REDIRECT] 
2025-10-09 19:43:30,935 [ERROR] LogOutputStream:75 - [STDERR_REDIRECT] Oct 09, 2025 7:43:30 PM java.util.prefs.FileSystemPreferences syncWorld
2025-10-09 19:43:30,935 [ERROR] LogOutputStream:75 - [STDERR_REDIRECT] WARNING: Couldn't flush system prefs: java.util.prefs.BackingStoreException: Couldn't get file lock.
2025-10-09 19:43:30,935 [ERROR] LogOutputStream:75 - [STDERR_REDIRECT] 
2025-10-09 19:44:00,936 [ERROR] LogOutputStream:75 - [STDERR_REDIRECT] Oct 09, 2025 7:44:00 PM java.util.prefs.FileSystemPreferences checkLockFile0ErrorCode
2025-10-09 19:44:00,936 [ERROR] LogOutputStream:75 - [STDERR_REDIRECT] WARNING: Could not lock System prefs. Unix error code 2.
2025-10-09 19:44:00,936 [ERROR] LogOutputStream:75 - [STDERR_REDIRECT] 
2025-10-09 19:44:00,936 [ERROR] LogOutputStream:75 - [STDERR_REDIRECT] Oct 09, 2025 7:44:00 PM java.util.prefs.FileSystemPreferences syncWorld
2025-10-09 19:44:00,937 [ERROR] LogOutputStream:75 - [STDERR_REDIRECT] WARNING: Couldn't flush system prefs: java.util.prefs.BackingStoreException: Couldn't get file lock.
2025-10-09 19:44:00,937 [ERROR] LogOutputStream:75 - [STDERR_REDIRECT] 
2025-10-09 19:44:30,936 [ERROR] LogOutputStream:75 - [STDERR_REDIRECT] Oct 09, 2025 7:44:30 PM java.util.prefs.FileSystemPreferences checkLockFile0ErrorCode
2025-10-09 19:44:30,936 [ERROR] LogOutputStream:75 - [STDERR_REDIRECT] WARNING: Could not lock System prefs. Unix error code 2.
2025-10-09 19:44:30,936 [ERROR] LogOutputStream:75 - [STDERR_REDIRECT] 
2025-10-09 19:44:30,936 [ERROR] LogOutputStream:75 - [STDERR_REDIRECT] Oct 09, 2025 7:44:30 PM java.util.prefs.FileSystemPreferences syncWorld
2025-10-09 19:44:30,936 [ERROR] LogOutputStream:75 - [STDERR_REDIRECT] WARNING: Couldn't flush system prefs: java.util.prefs.BackingStoreException: Couldn't get file lock.
2025-10-09 19:44:30,936 [ERROR] LogOutputStream:75 - [STDERR_REDIRECT] 
2025-10-09 19:45:00,937 [ERROR] LogOutputStream:75 - [STDERR_REDIRECT] Oct 09, 2025 7:45:00 PM java.util.prefs.FileSystemPreferences checkLockFile0ErrorCode
2025-10-09 19:45:00,937 [ERROR] LogOutputStream:75 - [STDERR_REDIRECT] WARNING: Could not lock System prefs. Unix error code 2.
2025-10-09 19:45:00,937 [ERROR] LogOutputStream:75 - [STDERR_REDIRECT] 
2025-10-09 19:45:00,937 [ERROR] LogOutputStream:75 - [STDERR_REDIRECT] Oct 09, 2025 7:45:00 PM java.util.prefs.FileSystemPreferences syncWorld
2025-10-09 19:45:00,937 [ERROR] LogOutputStream:75 - [STDERR_REDIRECT] WARNING: Couldn't flush system prefs: java.util.prefs.BackingStoreException: Couldn't get file lock.
2025-10-09 19:45:00,937 [ERROR] LogOutputStream:75 - [STDERR_REDIRECT] 
2025-10-09 19:45:30,937 [ERROR] LogOutputStream:75 - [STDERR_REDIRECT] Oct 09, 2025 7:45:30 PM java.util.prefs.FileSystemPreferences checkLockFile0ErrorCode
2025-10-09 19:45:30,937 [ERROR] LogOutputStream:75 - [STDERR_REDIRECT] WARNING: Could not lock System prefs. Unix error code 2.
2025-10-09 19:45:30,937 [ERROR] LogOutputStream:75 - [STDERR_REDIRECT] 
2025-10-09 19:45:30,937 [ERROR] LogOutputStream:75 - [STDERR_REDIRECT] Oct 09, 2025 7:45:30 PM java.util.prefs.FileSystemPreferences syncWorld
2025-10-09 19:45:30,937 [ERROR] LogOutputStream:75 - [STDERR_REDIRECT] WARNING: Couldn't flush system prefs: java.util.prefs.BackingStoreException: Couldn't get file lock.
2025-10-09 19:45:30,937 [ERROR] LogOutputStream:75 - [STDERR_REDIRECT] 
2025-10-09 19:46:00,937 [ERROR] LogOutputStream:75 - [STDERR_REDIRECT] Oct 09, 2025 7:46:00 PM java.util.prefs.FileSystemPreferences checkLockFile0ErrorCode
2025-10-09 19:46:00,937 [ERROR] LogOutputStream:75 - [STDERR_REDIRECT] WARNING: Could not lock System prefs. Unix error code 2.
2025-10-09 19:46:00,937 [ERROR] LogOutputStream:75 - [STDERR_REDIRECT] 
2025-10-09 19:46:00,937 [ERROR] LogOutputStream:75 - [STDERR_REDIRECT] Oct 09, 2025 7:46:00 PM java.util.prefs.FileSystemPreferences syncWorld
2025-10-09 19:46:00,937 [ERROR] LogOutputStream:75 - [STDERR_REDIRECT] WARNING: Couldn't flush system prefs: java.util.prefs.BackingStoreException: Couldn't get file lock.
2025-10-09 19:46:00,937 [ERROR] LogOutputStream:75 - [STDERR_REDIRECT] 
2025-10-09 19:46:30,937 [ERROR] LogOutputStream:75 - [STDERR_REDIRECT] Oct 09, 2025 7:46:30 PM java.util.prefs.FileSystemPreferences checkLockFile0ErrorCode
2025-10-09 19:46:30,938 [ERROR] LogOutputStream:75 - [STDERR_REDIRECT] WARNING: Could not lock System prefs. Unix error code 2.
2025-10-09 19:46:30,938 [ERROR] LogOutputStream:75 - [STDERR_REDIRECT] 
2025-10-09 19:46:30,938 [ERROR] LogOutputStream:75 - [STDERR_REDIRECT] Oct 09, 2025 7:46:30 PM java.util.prefs.FileSystemPreferences syncWorld
2025-10-09 19:46:30,938 [ERROR] LogOutputStream:75 - [STDERR_REDIRECT] WARNING: Couldn't flush system prefs: java.util.prefs.BackingStoreException: Couldn't get file lock.
2025-10-09 19:46:30,938 [ERROR] LogOutputStream:75 - [STDERR_REDIRECT] 
2025-10-09 19:47:00,937 [ERROR] LogOutputStream:75 - [STDERR_REDIRECT] Oct 09, 2025 7:47:00 PM java.util.prefs.FileSystemPreferences checkLockFile0ErrorCode
2025-10-09 19:47:00,937 [ERROR] LogOutputStream:75 - [STDERR_REDIRECT] WARNING: Could not lock System prefs. Unix error code 2.
2025-10-09 19:47:00,937 [ERROR] LogOutputStream:75 - [STDERR_REDIRECT] 
2025-10-09 19:47:00,938 [ERROR] LogOutputStream:75 - [STDERR_REDIRECT] Oct 09, 2025 7:47:00 PM java.util.prefs.FileSystemPreferences syncWorld
2025-10-09 19:47:00,938 [ERROR] LogOutputStream:75 - [STDERR_REDIRECT] WARNING: Couldn't flush system prefs: java.util.prefs.BackingStoreException: Couldn't get file lock.
2025-10-09 19:47:00,938 [ERROR] LogOutputStream:75 - [STDERR_REDIRECT] 
2025-10-09 19:47:30,937 [ERROR] LogOutputStream:75 - [STDERR_REDIRECT] Oct 09, 2025 7:47:30 PM java.util.prefs.FileSystemPreferences checkLockFile0ErrorCode
2025-10-09 19:47:30,938 [ERROR] LogOutputStream:75 - [STDERR_REDIRECT] WARNING: Could not lock System prefs. Unix error code 2.
2025-10-09 19:47:30,938 [ERROR] LogOutputStream:75 - [STDERR_REDIRECT] 
2025-10-09 19:47:30,938 [ERROR] LogOutputStream:75 - [STDERR_REDIRECT] Oct 09, 2025 7:47:30 PM java.util.prefs.FileSystemPreferences syncWorld
2025-10-09 19:47:30,938 [ERROR] LogOutputStream:75 - [STDERR_REDIRECT] WARNING: Couldn't flush system prefs: java.util.prefs.BackingStoreException: Couldn't get file lock.
2025-10-09 19:47:30,938 [ERROR] LogOutputStream:75 - [STDERR_REDIRECT] 
2025-10-09 19:48:00,938 [ERROR] LogOutputStream:75 - [STDERR_REDIRECT] Oct 09, 2025 7:48:00 PM java.util.prefs.FileSystemPreferences checkLockFile0ErrorCode
2025-10-09 19:48:00,938 [ERROR] LogOutputStream:75 - [STDERR_REDIRECT] WARNING: Could not lock System prefs. Unix error code 2.
2025-10-09 19:48:00,938 [ERROR] LogOutputStream:75 - [STDERR_REDIRECT] 
2025-10-09 19:48:00,938 [ERROR] LogOutputStream:75 - [STDERR_REDIRECT] Oct 09, 2025 7:48:00 PM java.util.prefs.FileSystemPreferences syncWorld
2025-10-09 19:48:00,938 [ERROR] LogOutputStream:75 - [STDERR_REDIRECT] WARNING: Couldn't flush system prefs: java.util.prefs.BackingStoreException: Couldn't get file lock.
2025-10-09 19:48:00,938 [ERROR] LogOutputStream:75 - [STDERR_REDIRECT] 
2025-10-09 19:48:30,937 [ERROR] LogOutputStream:75 - [STDERR_REDIRECT] Oct 09, 2025 7:48:30 PM java.util.prefs.FileSystemPreferences checkLockFile0ErrorCode
2025-10-09 19:48:30,937 [ERROR] LogOutputStream:75 - [STDERR_REDIRECT] WARNING: Could not lock System prefs. Unix error code 2.
2025-10-09 19:48:30,938 [ERROR] LogOutputStream:75 - [STDERR_REDIRECT] 
2025-10-09 19:48:30,938 [ERROR] LogOutputStream:75 - [STDERR_REDIRECT] Oct 09, 2025 7:48:30 PM java.util.prefs.FileSystemPreferences syncWorld
2025-10-09 19:48:30,938 [ERROR] LogOutputStream:75 - [STDERR_REDIRECT] WARNING: Couldn't flush system prefs: java.util.prefs.BackingStoreException: Couldn't get file lock.
2025-10-09 19:48:30,938 [ERROR] LogOutputStream:75 - [STDERR_REDIRECT] 
2025-10-09 19:49:00,937 [ERROR] LogOutputStream:75 - [STDERR_REDIRECT] Oct 09, 2025 7:49:00 PM java.util.prefs.FileSystemPreferences checkLockFile0ErrorCode
2025-10-09 19:49:00,937 [ERROR] LogOutputStream:75 - [STDERR_REDIRECT] WARNING: Could not lock System prefs. Unix error code 2.
2025-10-09 19:49:00,938 [ERROR] LogOutputStream:75 - [STDERR_REDIRECT] 
2025-10-09 19:49:00,938 [ERROR] LogOutputStream:75 - [STDERR_REDIRECT] Oct 09, 2025 7:49:00 PM java.util.prefs.FileSystemPreferences syncWorld
2025-10-09 19:49:00,938 [ERROR] LogOutputStream:75 - [STDERR_REDIRECT] WARNING: Couldn't flush system prefs: java.util.prefs.BackingStoreException: Couldn't get file lock.
2025-10-09 19:49:00,938 [ERROR] LogOutputStream:75 - [STDERR_REDIRECT] 
2025-10-09 19:49:30,937 [ERROR] LogOutputStream:75 - [STDERR_REDIRECT] Oct 09, 2025 7:49:30 PM java.util.prefs.FileSystemPreferences checkLockFile0ErrorCode
2025-10-09 19:49:30,937 [ERROR] LogOutputStream:75 - [STDERR_REDIRECT] WARNING: Could not lock System prefs. Unix error code 2.
2025-10-09 19:49:30,937 [ERROR] LogOutputStream:75 - [STDERR_REDIRECT] 
2025-10-09 19:49:30,938 [ERROR] LogOutputStream:75 - [STDERR_REDIRECT] Oct 09, 2025 7:49:30 PM java.util.prefs.FileSystemPreferences syncWorld
2025-10-09 19:49:30,938 [ERROR] LogOutputStream:75 - [STDERR_REDIRECT] WARNING: Couldn't flush system prefs: java.util.prefs.BackingStoreException: Couldn't get file lock.
2025-10-09 19:49:30,938 [ERROR] LogOutputStream:75 - [STDERR_REDIRECT] 
2025-10-09 19:50:00,937 [ERROR] LogOutputStream:75 - [STDERR_REDIRECT] Oct 09, 2025 7:50:00 PM java.util.prefs.FileSystemPreferences checkLockFile0ErrorCode
2025-10-09 19:50:00,937 [ERROR] LogOutputStream:75 - [STDERR_REDIRECT] WARNING: Could not lock System prefs. Unix error code 2.
2025-10-09 19:50:00,937 [ERROR] LogOutputStream:75 - [STDERR_REDIRECT] 
2025-10-09 19:50:00,938 [ERROR] LogOutputStream:75 - [STDERR_REDIRECT] Oct 09, 2025 7:50:00 PM java.util.prefs.FileSystemPreferences syncWorld
2025-10-09 19:50:00,938 [ERROR] LogOutputStream:75 - [STDERR_REDIRECT] WARNING: Couldn't flush system prefs: java.util.prefs.BackingStoreException: Couldn't get file lock.
2025-10-09 19:50:00,938 [ERROR] LogOutputStream:75 - [STDERR_REDIRECT] 
2025-10-09 19:50:30,937 [ERROR] LogOutputStream:75 - [STDERR_REDIRECT] Oct 09, 2025 7:50:30 PM java.util.prefs.FileSystemPreferences checkLockFile0ErrorCode
2025-10-09 19:50:30,937 [ERROR] LogOutputStream:75 - [STDERR_REDIRECT] WARNING: Could not lock System prefs. Unix error code 2.
2025-10-09 19:50:30,937 [ERROR] LogOutputStream:75 - [STDERR_REDIRECT] 
2025-10-09 19:50:30,937 [ERROR] LogOutputStream:75 - [STDERR_REDIRECT] Oct 09, 2025 7:50:30 PM java.util.prefs.FileSystemPreferences syncWorld
2025-10-09 19:50:30,938 [ERROR] LogOutputStream:75 - [STDERR_REDIRECT] WARNING: Couldn't flush system prefs: java.util.prefs.BackingStoreException: Couldn't get file lock.
2025-10-09 19:50:30,938 [ERROR] LogOutputStream:75 - [STDERR_REDIRECT] 
2025-10-09 19:51:00,937 [ERROR] LogOutputStream:75 - [STDERR_REDIRECT] Oct 09, 2025 7:51:00 PM java.util.prefs.FileSystemPreferences checkLockFile0ErrorCode
2025-10-09 19:51:00,937 [ERROR] LogOutputStream:75 - [STDERR_REDIRECT] WARNING: Could not lock System prefs. Unix error code 2.
2025-10-09 19:51:00,937 [ERROR] LogOutputStream:75 - [STDERR_REDIRECT] 
2025-10-09 19:51:00,938 [ERROR] LogOutputStream:75 - [STDERR_REDIRECT] Oct 09, 2025 7:51:00 PM java.util.prefs.FileSystemPreferences syncWorld
2025-10-09 19:51:00,938 [ERROR] LogOutputStream:75 - [STDERR_REDIRECT] WARNING: Couldn't flush system prefs: java.util.prefs.BackingStoreException: Couldn't get file lock.
2025-10-09 19:51:00,938 [ERROR] LogOutputStream:75 - [STDERR_REDIRECT] 
2025-10-09 19:51:30,937 [ERROR] LogOutputStream:75 - [STDERR_REDIRECT] Oct 09, 2025 7:51:30 PM java.util.prefs.FileSystemPreferences checkLockFile0ErrorCode
2025-10-09 19:51:30,937 [ERROR] LogOutputStream:75 - [STDERR_REDIRECT] WARNING: Could not lock System prefs. Unix error code 2.
2025-10-09 19:51:30,937 [ERROR] LogOutputStream:75 - [STDERR_REDIRECT] 
2025-10-09 19:51:30,937 [ERROR] LogOutputStream:75 - [STDERR_REDIRECT] Oct 09, 2025 7:51:30 PM java.util.prefs.FileSystemPreferences syncWorld
2025-10-09 19:51:30,937 [ERROR] LogOutputStream:75 - [STDERR_REDIRECT] WARNING: Couldn't flush system prefs: java.util.prefs.BackingStoreException: Couldn't get file lock.
2025-10-09 19:51:30,937 [ERROR] LogOutputStream:75 - [STDERR_REDIRECT] 
2025-10-09 19:52:00,938 [ERROR] LogOutputStream:75 - [STDERR_REDIRECT] Oct 09, 2025 7:52:00 PM java.util.prefs.FileSystemPreferences checkLockFile0ErrorCode
2025-10-09 19:52:00,938 [ERROR] LogOutputStream:75 - [STDERR_REDIRECT] WARNING: Could not lock System prefs. Unix error code 2.
2025-10-09 19:52:00,938 [ERROR] LogOutputStream:75 - [STDERR_REDIRECT] 
2025-10-09 19:52:00,938 [ERROR] LogOutputStream:75 - [STDERR_REDIRECT] Oct 09, 2025 7:52:00 PM java.util.prefs.FileSystemPreferences syncWorld
2025-10-09 19:52:00,938 [ERROR] LogOutputStream:75 - [STDERR_REDIRECT] WARNING: Couldn't flush system prefs: java.util.prefs.BackingStoreException: Couldn't get file lock.
2025-10-09 19:52:00,938 [ERROR] LogOutputStream:75 - [STDERR_REDIRECT] 
2025-10-09 19:52:30,937 [ERROR] LogOutputStream:75 - [STDERR_REDIRECT] Oct 09, 2025 7:52:30 PM java.util.prefs.FileSystemPreferences checkLockFile0ErrorCode
2025-10-09 19:52:30,938 [ERROR] LogOutputStream:75 - [STDERR_REDIRECT] WARNING: Could not lock System prefs. Unix error code 2.
2025-10-09 19:52:30,938 [ERROR] LogOutputStream:75 - [STDERR_REDIRECT] 
2025-10-09 19:52:30,938 [ERROR] LogOutputStream:75 - [STDERR_REDIRECT] Oct 09, 2025 7:52:30 PM java.util.prefs.FileSystemPreferences syncWorld
2025-10-09 19:52:30,938 [ERROR] LogOutputStream:75 - [STDERR_REDIRECT] WARNING: Couldn't flush system prefs: java.util.prefs.BackingStoreException: Couldn't get file lock.
2025-10-09 19:52:30,938 [ERROR] LogOutputStream:75 - [STDERR_REDIRECT] 
2025-10-09 19:53:00,937 [ERROR] LogOutputStream:75 - [STDERR_REDIRECT] Oct 09, 2025 7:53:00 PM java.util.prefs.FileSystemPreferences checkLockFile0ErrorCode
2025-10-09 19:53:00,937 [ERROR] LogOutputStream:75 - [STDERR_REDIRECT] WARNING: Could not lock System prefs. Unix error code 2.
2025-10-09 19:53:00,937 [ERROR] LogOutputStream:75 - [STDERR_REDIRECT] 
2025-10-09 19:53:00,938 [ERROR] LogOutputStream:75 - [STDERR_REDIRECT] Oct 09, 2025 7:53:00 PM java.util.prefs.FileSystemPreferences syncWorld
2025-10-09 19:53:00,938 [ERROR] LogOutputStream:75 - [STDERR_REDIRECT] WARNING: Couldn't flush system prefs: java.util.prefs.BackingStoreException: Couldn't get file lock.
2025-10-09 19:53:00,938 [ERROR] LogOutputStream:75 - [STDERR_REDIRECT] 
2025-10-09 19:53:30,937 [ERROR] LogOutputStream:75 - [STDERR_REDIRECT] Oct 09, 2025 7:53:30 PM java.util.prefs.FileSystemPreferences checkLockFile0ErrorCode
2025-10-09 19:53:30,937 [ERROR] LogOutputStream:75 - [STDERR_REDIRECT] WARNING: Could not lock System prefs. Unix error code 2.
2025-10-09 19:53:30,948 [ERROR] LogOutputStream:75 - [STDERR_REDIRECT] 
2025-10-09 19:53:30,948 [ERROR] LogOutputStream:75 - [STDERR_REDIRECT] Oct 09, 2025 7:53:30 PM java.util.prefs.FileSystemPreferences syncWorld
2025-10-09 19:53:30,948 [ERROR] LogOutputStream:75 - [STDERR_REDIRECT] WARNING: Couldn't flush system prefs: java.util.prefs.BackingStoreException: Couldn't get file lock.
2025-10-09 19:53:30,948 [ERROR] LogOutputStream:75 - [STDERR_REDIRECT] 
2025-10-09 19:54:00,937 [ERROR] LogOutputStream:75 - [STDERR_REDIRECT] Oct 09, 2025 7:54:00 PM java.util.prefs.FileSystemPreferences checkLockFile0ErrorCode
2025-10-09 19:54:00,937 [ERROR] LogOutputStream:75 - [STDERR_REDIRECT] WARNING: Could not lock System prefs. Unix error code 2.
2025-10-09 19:54:00,937 [ERROR] LogOutputStream:75 - [STDERR_REDIRECT] 
2025-10-09 19:54:00,938 [ERROR] LogOutputStream:75 - [STDERR_REDIRECT] Oct 09, 2025 7:54:00 PM java.util.prefs.FileSystemPreferences syncWorld
2025-10-09 19:54:00,938 [ERROR] LogOutputStream:75 - [STDERR_REDIRECT] WARNING: Couldn't flush system prefs: java.util.prefs.BackingStoreException: Couldn't get file lock.
2025-10-09 19:54:00,938 [ERROR] LogOutputStream:75 - [STDERR_REDIRECT] 
2025-10-09 19:54:30,937 [ERROR] LogOutputStream:75 - [STDERR_REDIRECT] Oct 09, 2025 7:54:30 PM java.util.prefs.FileSystemPreferences checkLockFile0ErrorCode
2025-10-09 19:54:30,937 [ERROR] LogOutputStream:75 - [STDERR_REDIRECT] WARNING: Could not lock System prefs. Unix error code 2.
2025-10-09 19:54:30,937 [ERROR] LogOutputStream:75 - [STDERR_REDIRECT] 
2025-10-09 19:54:30,937 [ERROR] LogOutputStream:75 - [STDERR_REDIRECT] Oct 09, 2025 7:54:30 PM java.util.prefs.FileSystemPreferences syncWorld
2025-10-09 19:54:30,937 [ERROR] LogOutputStream:75 - [STDERR_REDIRECT] WARNING: Couldn't flush system prefs: java.util.prefs.BackingStoreException: Couldn't get file lock.
2025-10-09 19:54:30,937 [ERROR] LogOutputStream:75 - [STDERR_REDIRECT] 
2025-10-09 19:55:00,937 [ERROR] LogOutputStream:75 - [STDERR_REDIRECT] Oct 09, 2025 7:55:00 PM java.util.prefs.FileSystemPreferences checkLockFile0ErrorCode
2025-10-09 19:55:00,937 [ERROR] LogOutputStream:75 - [STDERR_REDIRECT] WARNING: Could not lock System prefs. Unix error code 2.
2025-10-09 19:55:00,937 [ERROR] LogOutputStream:75 - [STDERR_REDIRECT] 
2025-10-09 19:55:00,937 [ERROR] LogOutputStream:75 - [STDERR_REDIRECT] Oct 09, 2025 7:55:00 PM java.util.prefs.FileSystemPreferences syncWorld
2025-10-09 19:55:00,937 [ERROR] LogOutputStream:75 - [STDERR_REDIRECT] WARNING: Couldn't flush system prefs: java.util.prefs.BackingStoreException: Couldn't get file lock.
2025-10-09 19:55:00,937 [ERROR] LogOutputStream:75 - [STDERR_REDIRECT] 
2025-10-09 19:55:30,937 [ERROR] LogOutputStream:75 - [STDERR_REDIRECT] Oct 09, 2025 7:55:30 PM java.util.prefs.FileSystemPreferences checkLockFile0ErrorCode
2025-10-09 19:55:30,938 [ERROR] LogOutputStream:75 - [STDERR_REDIRECT] WARNING: Could not lock System prefs. Unix error code 2.
2025-10-09 19:55:30,938 [ERROR] LogOutputStream:75 - [STDERR_REDIRECT] 
2025-10-09 19:55:30,938 [ERROR] LogOutputStream:75 - [STDERR_REDIRECT] Oct 09, 2025 7:55:30 PM java.util.prefs.FileSystemPreferences syncWorld
2025-10-09 19:55:30,938 [ERROR] LogOutputStream:75 - [STDERR_REDIRECT] WARNING: Couldn't flush system prefs: java.util.prefs.BackingStoreException: Couldn't get file lock.
2025-10-09 19:55:30,938 [ERROR] LogOutputStream:75 - [STDERR_REDIRECT] 
2025-10-09 19:56:00,937 [ERROR] LogOutputStream:75 - [STDERR_REDIRECT] Oct 09, 2025 7:56:00 PM java.util.prefs.FileSystemPreferences checkLockFile0ErrorCode
2025-10-09 19:56:00,938 [ERROR] LogOutputStream:75 - [STDERR_REDIRECT] WARNING: Could not lock System prefs. Unix error code 2.
2025-10-09 19:56:00,938 [ERROR] LogOutputStream:75 - [STDERR_REDIRECT] 
2025-10-09 19:56:00,938 [ERROR] LogOutputStream:75 - [STDERR_REDIRECT] Oct 09, 2025 7:56:00 PM java.util.prefs.FileSystemPreferences syncWorld
2025-10-09 19:56:00,938 [ERROR] LogOutputStream:75 - [STDERR_REDIRECT] WARNING: Couldn't flush system prefs: java.util.prefs.BackingStoreException: Couldn't get file lock.
2025-10-09 19:56:00,938 [ERROR] LogOutputStream:75 - [STDERR_REDIRECT] 
2025-10-09 19:56:30,937 [ERROR] LogOutputStream:75 - [STDERR_REDIRECT] Oct 09, 2025 7:56:30 PM java.util.prefs.FileSystemPreferences checkLockFile0ErrorCode
2025-10-09 19:56:30,937 [ERROR] LogOutputStream:75 - [STDERR_REDIRECT] WARNING: Could not lock System prefs. Unix error code 2.
2025-10-09 19:56:30,937 [ERROR] LogOutputStream:75 - [STDERR_REDIRECT] 
2025-10-09 19:56:30,938 [ERROR] LogOutputStream:75 - [STDERR_REDIRECT] Oct 09, 2025 7:56:30 PM java.util.prefs.FileSystemPreferences syncWorld
2025-10-09 19:56:30,938 [ERROR] LogOutputStream:75 - [STDERR_REDIRECT] WARNING: Couldn't flush system prefs: java.util.prefs.BackingStoreException: Couldn't get file lock.
2025-10-09 19:56:30,938 [ERROR] LogOutputStream:75 - [STDERR_REDIRECT] 
2025-10-09 19:57:00,937 [ERROR] LogOutputStream:75 - [STDERR_REDIRECT] Oct 09, 2025 7:57:00 PM java.util.prefs.FileSystemPreferences checkLockFile0ErrorCode
2025-10-09 19:57:00,937 [ERROR] LogOutputStream:75 - [STDERR_REDIRECT] WARNING: Could not lock System prefs. Unix error code 2.
2025-10-09 19:57:00,937 [ERROR] LogOutputStream:75 - [STDERR_REDIRECT] 
2025-10-09 19:57:00,937 [ERROR] LogOutputStream:75 - [STDERR_REDIRECT] Oct 09, 2025 7:57:00 PM java.util.prefs.FileSystemPreferences syncWorld
2025-10-09 19:57:00,937 [ERROR] LogOutputStream:75 - [STDERR_REDIRECT] WARNING: Couldn't flush system prefs: java.util.prefs.BackingStoreException: Couldn't get file lock.
2025-10-09 19:57:00,937 [ERROR] LogOutputStream:75 - [STDERR_REDIRECT] 
2025-10-09 19:57:30,938 [ERROR] LogOutputStream:75 - [STDERR_REDIRECT] Oct 09, 2025 7:57:30 PM java.util.prefs.FileSystemPreferences checkLockFile0ErrorCode
2025-10-09 19:57:30,938 [ERROR] LogOutputStream:75 - [STDERR_REDIRECT] WARNING: Could not lock System prefs. Unix error code 2.
2025-10-09 19:57:30,938 [ERROR] LogOutputStream:75 - [STDERR_REDIRECT] 
2025-10-09 19:57:30,938 [ERROR] LogOutputStream:75 - [STDERR_REDIRECT] Oct 09, 2025 7:57:30 PM java.util.prefs.FileSystemPreferences syncWorld
2025-10-09 19:57:30,938 [ERROR] LogOutputStream:75 - [STDERR_REDIRECT] WARNING: Couldn't flush system prefs: java.util.prefs.BackingStoreException: Couldn't get file lock.
2025-10-09 19:57:30,938 [ERROR] LogOutputStream:75 - [STDERR_REDIRECT] 
2025-10-09 19:58:00,937 [ERROR] LogOutputStream:75 - [STDERR_REDIRECT] Oct 09, 2025 7:58:00 PM java.util.prefs.FileSystemPreferences checkLockFile0ErrorCode
2025-10-09 19:58:00,938 [ERROR] LogOutputStream:75 - [STDERR_REDIRECT] WARNING: Could not lock System prefs. Unix error code 2.
2025-10-09 19:58:00,938 [ERROR] LogOutputStream:75 - [STDERR_REDIRECT] 
2025-10-09 19:58:00,938 [ERROR] LogOutputStream:75 - [STDERR_REDIRECT] Oct 09, 2025 7:58:00 PM java.util.prefs.FileSystemPreferences syncWorld
2025-10-09 19:58:00,938 [ERROR] LogOutputStream:75 - [STDERR_REDIRECT] WARNING: Couldn't flush system prefs: java.util.prefs.BackingStoreException: Couldn't get file lock.
2025-10-09 19:58:00,938 [ERROR] LogOutputStream:75 - [STDERR_REDIRECT] 
2025-10-09 19:58:30,937 [ERROR] LogOutputStream:75 - [STDERR_REDIRECT] Oct 09, 2025 7:58:30 PM java.util.prefs.FileSystemPreferences checkLockFile0ErrorCode
2025-10-09 19:58:30,937 [ERROR] LogOutputStream:75 - [STDERR_REDIRECT] WARNING: Could not lock System prefs. Unix error code 2.
2025-10-09 19:58:30,937 [ERROR] LogOutputStream:75 - [STDERR_REDIRECT] 
2025-10-09 19:58:30,938 [ERROR] LogOutputStream:75 - [STDERR_REDIRECT] Oct 09, 2025 7:58:30 PM java.util.prefs.FileSystemPreferences syncWorld
2025-10-09 19:58:30,938 [ERROR] LogOutputStream:75 - [STDERR_REDIRECT] WARNING: Couldn't flush system prefs: java.util.prefs.BackingStoreException: Couldn't get file lock.
2025-10-09 19:58:30,938 [ERROR] LogOutputStream:75 - [STDERR_REDIRECT] 
2025-10-09 19:59:00,937 [ERROR] LogOutputStream:75 - [STDERR_REDIRECT] Oct 09, 2025 7:59:00 PM java.util.prefs.FileSystemPreferences checkLockFile0ErrorCode
2025-10-09 19:59:00,937 [ERROR] LogOutputStream:75 - [STDERR_REDIRECT] WARNING: Could not lock System prefs. Unix error code 2.
2025-10-09 19:59:00,937 [ERROR] LogOutputStream:75 - [STDERR_REDIRECT] 
2025-10-09 19:59:00,937 [ERROR] LogOutputStream:75 - [STDERR_REDIRECT] Oct 09, 2025 7:59:00 PM java.util.prefs.FileSystemPreferences syncWorld
2025-10-09 19:59:00,937 [ERROR] LogOutputStream:75 - [STDERR_REDIRECT] WARNING: Couldn't flush system prefs: java.util.prefs.BackingStoreException: Couldn't get file lock.
2025-10-09 19:59:00,937 [ERROR] LogOutputStream:75 - [STDERR_REDIRECT] 
2025-10-09 19:59:30,937 [ERROR] LogOutputStream:75 - [STDERR_REDIRECT] Oct 09, 2025 7:59:30 PM java.util.prefs.FileSystemPreferences checkLockFile0ErrorCode
2025-10-09 19:59:30,937 [ERROR] LogOutputStream:75 - [STDERR_REDIRECT] WARNING: Could not lock System prefs. Unix error code 2.
2025-10-09 19:59:30,937 [ERROR] LogOutputStream:75 - [STDERR_REDIRECT] 
2025-10-09 19:59:30,937 [ERROR] LogOutputStream:75 - [STDERR_REDIRECT] Oct 09, 2025 7:59:30 PM java.util.prefs.FileSystemPreferences syncWorld
2025-10-09 19:59:30,937 [ERROR] LogOutputStream:75 - [STDERR_REDIRECT] WARNING: Couldn't flush system prefs: java.util.prefs.BackingStoreException: Couldn't get file lock.
2025-10-09 19:59:30,937 [ERROR] LogOutputStream:75 - [STDERR_REDIRECT] 
2025-10-09 20:00:00,938 [ERROR] LogOutputStream:75 - [STDERR_REDIRECT] Oct 09, 2025 8:00:00 PM java.util.prefs.FileSystemPreferences checkLockFile0ErrorCode
2025-10-09 20:00:00,938 [ERROR] LogOutputStream:75 - [STDERR_REDIRECT] WARNING: Could not lock System prefs. Unix error code 2.
2025-10-09 20:00:00,938 [ERROR] LogOutputStream:75 - [STDERR_REDIRECT] 
2025-10-09 20:00:00,938 [ERROR] LogOutputStream:75 - [STDERR_REDIRECT] Oct 09, 2025 8:00:00 PM java.util.prefs.FileSystemPreferences syncWorld
2025-10-09 20:00:00,938 [ERROR] LogOutputStream:75 - [STDERR_REDIRECT] WARNING: Couldn't flush system prefs: java.util.prefs.BackingStoreException: Couldn't get file lock.
2025-10-09 20:00:00,938 [ERROR] LogOutputStream:75 - [STDERR_REDIRECT] 
2025-10-09 20:00:30,938 [ERROR] LogOutputStream:75 - [STDERR_REDIRECT] Oct 09, 2025 8:00:30 PM java.util.prefs.FileSystemPreferences checkLockFile0ErrorCode
2025-10-09 20:00:30,938 [ERROR] LogOutputStream:75 - [STDERR_REDIRECT] WARNING: Could not lock System prefs. Unix error code 2.
2025-10-09 20:00:30,938 [ERROR] LogOutputStream:75 - [STDERR_REDIRECT] 
2025-10-09 20:00:30,938 [ERROR] LogOutputStream:75 - [STDERR_REDIRECT] Oct 09, 2025 8:00:30 PM java.util.prefs.FileSystemPreferences syncWorld
2025-10-09 20:00:30,938 [ERROR] LogOutputStream:75 - [STDERR_REDIRECT] WARNING: Couldn't flush system prefs: java.util.prefs.BackingStoreException: Couldn't get file lock.
2025-10-09 20:00:30,938 [ERROR] LogOutputStream:75 - [STDERR_REDIRECT] 
2025-10-09 20:01:00,938 [ERROR] LogOutputStream:75 - [STDERR_REDIRECT] Oct 09, 2025 8:01:00 PM java.util.prefs.FileSystemPreferences checkLockFile0ErrorCode
2025-10-09 20:01:00,938 [ERROR] LogOutputStream:75 - [STDERR_REDIRECT] WARNING: Could not lock System prefs. Unix error code 2.
2025-10-09 20:01:00,938 [ERROR] LogOutputStream:75 - [STDERR_REDIRECT] 
2025-10-09 20:01:00,938 [ERROR] LogOutputStream:75 - [STDERR_REDIRECT] Oct 09, 2025 8:01:00 PM java.util.prefs.FileSystemPreferences syncWorld
2025-10-09 20:01:00,938 [ERROR] LogOutputStream:75 - [STDERR_REDIRECT] WARNING: Couldn't flush system prefs: java.util.prefs.BackingStoreException: Couldn't get file lock.
2025-10-09 20:01:00,938 [ERROR] LogOutputStream:75 - [STDERR_REDIRECT] 
2025-10-09 20:01:30,937 [ERROR] LogOutputStream:75 - [STDERR_REDIRECT] Oct 09, 2025 8:01:30 PM java.util.prefs.FileSystemPreferences checkLockFile0ErrorCode
2025-10-09 20:01:30,938 [ERROR] LogOutputStream:75 - [STDERR_REDIRECT] WARNING: Could not lock System prefs. Unix error code 2.
2025-10-09 20:01:30,938 [ERROR] LogOutputStream:75 - [STDERR_REDIRECT] 
2025-10-09 20:01:30,938 [ERROR] LogOutputStream:75 - [STDERR_REDIRECT] Oct 09, 2025 8:01:30 PM java.util.prefs.FileSystemPreferences syncWorld
2025-10-09 20:01:30,938 [ERROR] LogOutputStream:75 - [STDERR_REDIRECT] WARNING: Couldn't flush system prefs: java.util.prefs.BackingStoreException: Couldn't get file lock.
2025-10-09 20:01:30,938 [ERROR] LogOutputStream:75 - [STDERR_REDIRECT] 
2025-10-09 20:02:00,937 [ERROR] LogOutputStream:75 - [STDERR_REDIRECT] Oct 09, 2025 8:02:00 PM java.util.prefs.FileSystemPreferences checkLockFile0ErrorCode
2025-10-09 20:02:00,937 [ERROR] LogOutputStream:75 - [STDERR_REDIRECT] WARNING: Could not lock System prefs. Unix error code 2.
2025-10-09 20:02:00,938 [ERROR] LogOutputStream:75 - [STDERR_REDIRECT] 
2025-10-09 20:02:00,938 [ERROR] LogOutputStream:75 - [STDERR_REDIRECT] Oct 09, 2025 8:02:00 PM java.util.prefs.FileSystemPreferences syncWorld
2025-10-09 20:02:00,938 [ERROR] LogOutputStream:75 - [STDERR_REDIRECT] WARNING: Couldn't flush system prefs: java.util.prefs.BackingStoreException: Couldn't get file lock.
2025-10-09 20:02:00,938 [ERROR] LogOutputStream:75 - [STDERR_REDIRECT] 
2025-10-09 20:02:30,937 [ERROR] LogOutputStream:75 - [STDERR_REDIRECT] Oct 09, 2025 8:02:30 PM java.util.prefs.FileSystemPreferences checkLockFile0ErrorCode
2025-10-09 20:02:30,937 [ERROR] LogOutputStream:75 - [STDERR_REDIRECT] WARNING: Could not lock System prefs. Unix error code 2.
2025-10-09 20:02:30,937 [ERROR] LogOutputStream:75 - [STDERR_REDIRECT] 
2025-10-09 20:02:30,938 [ERROR] LogOutputStream:75 - [STDERR_REDIRECT] Oct 09, 2025 8:02:30 PM java.util.prefs.FileSystemPreferences syncWorld
2025-10-09 20:02:30,938 [ERROR] LogOutputStream:75 - [STDERR_REDIRECT] WARNING: Couldn't flush system prefs: java.util.prefs.BackingStoreException: Couldn't get file lock.
2025-10-09 20:02:30,938 [ERROR] LogOutputStream:75 - [STDERR_REDIRECT] 
2025-10-09 20:03:00,937 [ERROR] LogOutputStream:75 - [STDERR_REDIRECT] Oct 09, 2025 8:03:00 PM java.util.prefs.FileSystemPreferences checkLockFile0ErrorCode
2025-10-09 20:03:00,937 [ERROR] LogOutputStream:75 - [STDERR_REDIRECT] WARNING: Could not lock System prefs. Unix error code 2.
2025-10-09 20:03:00,937 [ERROR] LogOutputStream:75 - [STDERR_REDIRECT] 
2025-10-09 20:03:00,938 [ERROR] LogOutputStream:75 - [STDERR_REDIRECT] Oct 09, 2025 8:03:00 PM java.util.prefs.FileSystemPreferences syncWorld
2025-10-09 20:03:00,938 [ERROR] LogOutputStream:75 - [STDERR_REDIRECT] WARNING: Couldn't flush system prefs: java.util.prefs.BackingStoreException: Couldn't get file lock.
2025-10-09 20:03:00,938 [ERROR] LogOutputStream:75 - [STDERR_REDIRECT] 
2025-10-09 20:03:30,937 [ERROR] LogOutputStream:75 - [STDERR_REDIRECT] Oct 09, 2025 8:03:30 PM java.util.prefs.FileSystemPreferences checkLockFile0ErrorCode
2025-10-09 20:03:30,937 [ERROR] LogOutputStream:75 - [STDERR_REDIRECT] WARNING: Could not lock System prefs. Unix error code 2.
2025-10-09 20:03:30,937 [ERROR] LogOutputStream:75 - [STDERR_REDIRECT] 
2025-10-09 20:03:30,937 [ERROR] LogOutputStream:75 - [STDERR_REDIRECT] Oct 09, 2025 8:03:30 PM java.util.prefs.FileSystemPreferences syncWorld
2025-10-09 20:03:30,937 [ERROR] LogOutputStream:75 - [STDERR_REDIRECT] WARNING: Couldn't flush system prefs: java.util.prefs.BackingStoreException: Couldn't get file lock.
2025-10-09 20:03:30,937 [ERROR] LogOutputStream:75 - [STDERR_REDIRECT] 
2025-10-09 20:04:00,938 [ERROR] LogOutputStream:75 - [STDERR_REDIRECT] Oct 09, 2025 8:04:00 PM java.util.prefs.FileSystemPreferences checkLockFile0ErrorCode
2025-10-09 20:04:00,938 [ERROR] LogOutputStream:75 - [STDERR_REDIRECT] WARNING: Could not lock System prefs. Unix error code 2.
2025-10-09 20:04:00,938 [ERROR] LogOutputStream:75 - [STDERR_REDIRECT] 
2025-10-09 20:04:00,938 [ERROR] LogOutputStream:75 - [STDERR_REDIRECT] Oct 09, 2025 8:04:00 PM java.util.prefs.FileSystemPreferences syncWorld
2025-10-09 20:04:00,938 [ERROR] LogOutputStream:75 - [STDERR_REDIRECT] WARNING: Couldn't flush system prefs: java.util.prefs.BackingStoreException: Couldn't get file lock.
2025-10-09 20:04:00,938 [ERROR] LogOutputStream:75 - [STDERR_REDIRECT] 
2025-10-09 20:04:30,939 [ERROR] LogOutputStream:75 - [STDERR_REDIRECT] Oct 09, 2025 8:04:30 PM java.util.prefs.FileSystemPreferences checkLockFile0ErrorCode
2025-10-09 20:04:30,939 [ERROR] LogOutputStream:75 - [STDERR_REDIRECT] WARNING: Could not lock System prefs. Unix error code 2.
2025-10-09 20:04:30,939 [ERROR] LogOutputStream:75 - [STDERR_REDIRECT] 
2025-10-09 20:04:30,939 [ERROR] LogOutputStream:75 - [STDERR_REDIRECT] Oct 09, 2025 8:04:30 PM java.util.prefs.FileSystemPreferences syncWorld
2025-10-09 20:04:30,939 [ERROR] LogOutputStream:75 - [STDERR_REDIRECT] WARNING: Couldn't flush system prefs: java.util.prefs.BackingStoreException: Couldn't get file lock.
2025-10-09 20:04:30,939 [ERROR] LogOutputStream:75 - [STDERR_REDIRECT] 
2025-10-09 20:05:00,939 [ERROR] LogOutputStream:75 - [STDERR_REDIRECT] Oct 09, 2025 8:05:00 PM java.util.prefs.FileSystemPreferences checkLockFile0ErrorCode
2025-10-09 20:05:00,939 [ERROR] LogOutputStream:75 - [STDERR_REDIRECT] WARNING: Could not lock System prefs. Unix error code 2.
2025-10-09 20:05:00,939 [ERROR] LogOutputStream:75 - [STDERR_REDIRECT] 
2025-10-09 20:05:00,939 [ERROR] LogOutputStream:75 - [STDERR_REDIRECT] Oct 09, 2025 8:05:00 PM java.util.prefs.FileSystemPreferences syncWorld
2025-10-09 20:05:00,939 [ERROR] LogOutputStream:75 - [STDERR_REDIRECT] WARNING: Couldn't flush system prefs: java.util.prefs.BackingStoreException: Couldn't get file lock.
2025-10-09 20:05:00,939 [ERROR] LogOutputStream:75 - [STDERR_REDIRECT] 
2025-10-09 20:05:30,938 [ERROR] LogOutputStream:75 - [STDERR_REDIRECT] Oct 09, 2025 8:05:30 PM java.util.prefs.FileSystemPreferences checkLockFile0ErrorCode
2025-10-09 20:05:30,938 [ERROR] LogOutputStream:75 - [STDERR_REDIRECT] WARNING: Could not lock System prefs. Unix error code 2.
2025-10-09 20:05:30,938 [ERROR] LogOutputStream:75 - [STDERR_REDIRECT] 
2025-10-09 20:05:30,939 [ERROR] LogOutputStream:75 - [STDERR_REDIRECT] Oct 09, 2025 8:05:30 PM java.util.prefs.FileSystemPreferences syncWorld
2025-10-09 20:05:30,939 [ERROR] LogOutputStream:75 - [STDERR_REDIRECT] WARNING: Couldn't flush system prefs: java.util.prefs.BackingStoreException: Couldn't get file lock.
2025-10-09 20:05:30,939 [ERROR] LogOutputStream:75 - [STDERR_REDIRECT] 
2025-10-09 20:06:00,938 [ERROR] LogOutputStream:75 - [STDERR_REDIRECT] Oct 09, 2025 8:06:00 PM java.util.prefs.FileSystemPreferences checkLockFile0ErrorCode
2025-10-09 20:06:00,938 [ERROR] LogOutputStream:75 - [STDERR_REDIRECT] WARNING: Could not lock System prefs. Unix error code 2.
2025-10-09 20:06:00,938 [ERROR] LogOutputStream:75 - [STDERR_REDIRECT] 
2025-10-09 20:06:00,938 [ERROR] LogOutputStream:75 - [STDERR_REDIRECT] Oct 09, 2025 8:06:00 PM java.util.prefs.FileSystemPreferences syncWorld
2025-10-09 20:06:00,938 [ERROR] LogOutputStream:75 - [STDERR_REDIRECT] WARNING: Couldn't flush system prefs: java.util.prefs.BackingStoreException: Couldn't get file lock.
2025-10-09 20:06:00,938 [ERROR] LogOutputStream:75 - [STDERR_REDIRECT] 
2025-10-09 20:06:30,939 [ERROR] LogOutputStream:75 - [STDERR_REDIRECT] Oct 09, 2025 8:06:30 PM java.util.prefs.FileSystemPreferences checkLockFile0ErrorCode
2025-10-09 20:06:30,939 [ERROR] LogOutputStream:75 - [STDERR_REDIRECT] WARNING: Could not lock System prefs. Unix error code 2.
2025-10-09 20:06:30,939 [ERROR] LogOutputStream:75 - [STDERR_REDIRECT] 
2025-10-09 20:06:30,939 [ERROR] LogOutputStream:75 - [STDERR_REDIRECT] Oct 09, 2025 8:06:30 PM java.util.prefs.FileSystemPreferences syncWorld
2025-10-09 20:06:30,939 [ERROR] LogOutputStream:75 - [STDERR_REDIRECT] WARNING: Couldn't flush system prefs: java.util.prefs.BackingStoreException: Couldn't get file lock.
2025-10-09 20:06:30,939 [ERROR] LogOutputStream:75 - [STDERR_REDIRECT] 
2025-10-09 20:07:00,939 [ERROR] LogOutputStream:75 - [STDERR_REDIRECT] Oct 09, 2025 8:07:00 PM java.util.prefs.FileSystemPreferences checkLockFile0ErrorCode
2025-10-09 20:07:00,939 [ERROR] LogOutputStream:75 - [STDERR_REDIRECT] WARNING: Could not lock System prefs. Unix error code 2.
2025-10-09 20:07:00,939 [ERROR] LogOutputStream:75 - [STDERR_REDIRECT] 
2025-10-09 20:07:00,939 [ERROR] LogOutputStream:75 - [STDERR_REDIRECT] Oct 09, 2025 8:07:00 PM java.util.prefs.FileSystemPreferences syncWorld
2025-10-09 20:07:00,940 [ERROR] LogOutputStream:75 - [STDERR_REDIRECT] WARNING: Couldn't flush system prefs: java.util.prefs.BackingStoreException: Couldn't get file lock.
2025-10-09 20:07:00,940 [ERROR] LogOutputStream:75 - [STDERR_REDIRECT] 
2025-10-09 20:07:30,938 [ERROR] LogOutputStream:75 - [STDERR_REDIRECT] Oct 09, 2025 8:07:30 PM java.util.prefs.FileSystemPreferences checkLockFile0ErrorCode
2025-10-09 20:07:30,938 [ERROR] LogOutputStream:75 - [STDERR_REDIRECT] WARNING: Could not lock System prefs. Unix error code 2.
2025-10-09 20:07:30,938 [ERROR] LogOutputStream:75 - [STDERR_REDIRECT] 
2025-10-09 20:07:30,938 [ERROR] LogOutputStream:75 - [STDERR_REDIRECT] Oct 09, 2025 8:07:30 PM java.util.prefs.FileSystemPreferences syncWorld
2025-10-09 20:07:30,938 [ERROR] LogOutputStream:75 - [STDERR_REDIRECT] WARNING: Couldn't flush system prefs: java.util.prefs.BackingStoreException: Couldn't get file lock.
2025-10-09 20:07:30,939 [ERROR] LogOutputStream:75 - [STDERR_REDIRECT] 
2025-10-09 20:08:00,938 [ERROR] LogOutputStream:75 - [STDERR_REDIRECT] Oct 09, 2025 8:08:00 PM java.util.prefs.FileSystemPreferences checkLockFile0ErrorCode
2025-10-09 20:08:00,938 [ERROR] LogOutputStream:75 - [STDERR_REDIRECT] WARNING: Could not lock System prefs. Unix error code 2.
2025-10-09 20:08:00,938 [ERROR] LogOutputStream:75 - [STDERR_REDIRECT] 
2025-10-09 20:08:00,938 [ERROR] LogOutputStream:75 - [STDERR_REDIRECT] Oct 09, 2025 8:08:00 PM java.util.prefs.FileSystemPreferences syncWorld
2025-10-09 20:08:00,938 [ERROR] LogOutputStream:75 - [STDERR_REDIRECT] WARNING: Couldn't flush system prefs: java.util.prefs.BackingStoreException: Couldn't get file lock.
2025-10-09 20:08:00,938 [ERROR] LogOutputStream:75 - [STDERR_REDIRECT] 
2025-10-09 20:08:30,938 [ERROR] LogOutputStream:75 - [STDERR_REDIRECT] Oct 09, 2025 8:08:30 PM java.util.prefs.FileSystemPreferences checkLockFile0ErrorCode
2025-10-09 20:08:30,939 [ERROR] LogOutputStream:75 - [STDERR_REDIRECT] WARNING: Could not lock System prefs. Unix error code 2.
2025-10-09 20:08:30,939 [ERROR] LogOutputStream:75 - [STDERR_REDIRECT] 
2025-10-09 20:08:30,939 [ERROR] LogOutputStream:75 - [STDERR_REDIRECT] Oct 09, 2025 8:08:30 PM java.util.prefs.FileSystemPreferences syncWorld
2025-10-09 20:08:30,939 [ERROR] LogOutputStream:75 - [STDERR_REDIRECT] WARNING: Couldn't flush system prefs: java.util.prefs.BackingStoreException: Couldn't get file lock.
2025-10-09 20:08:30,939 [ERROR] LogOutputStream:75 - [STDERR_REDIRECT] 
2025-10-09 20:09:00,938 [ERROR] LogOutputStream:75 - [STDERR_REDIRECT] Oct 09, 2025 8:09:00 PM java.util.prefs.FileSystemPreferences checkLockFile0ErrorCode
2025-10-09 20:09:00,938 [ERROR] LogOutputStream:75 - [STDERR_REDIRECT] WARNING: Could not lock System prefs. Unix error code 2.
2025-10-09 20:09:00,938 [ERROR] LogOutputStream:75 - [STDERR_REDIRECT] 
2025-10-09 20:09:00,939 [ERROR] LogOutputStream:75 - [STDERR_REDIRECT] Oct 09, 2025 8:09:00 PM java.util.prefs.FileSystemPreferences syncWorld
2025-10-09 20:09:00,939 [ERROR] LogOutputStream:75 - [STDERR_REDIRECT] WARNING: Couldn't flush system prefs: java.util.prefs.BackingStoreException: Couldn't get file lock.
2025-10-09 20:09:00,939 [ERROR] LogOutputStream:75 - [STDERR_REDIRECT] 
2025-10-09 20:09:30,938 [ERROR] LogOutputStream:75 - [STDERR_REDIRECT] Oct 09, 2025 8:09:30 PM java.util.prefs.FileSystemPreferences checkLockFile0ErrorCode
2025-10-09 20:09:30,938 [ERROR] LogOutputStream:75 - [STDERR_REDIRECT] WARNING: Could not lock System prefs. Unix error code 2.
2025-10-09 20:09:30,976 [ERROR] LogOutputStream:75 - [STDERR_REDIRECT] 
2025-10-09 20:09:30,976 [ERROR] LogOutputStream:75 - [STDERR_REDIRECT] Oct 09, 2025 8:09:30 PM java.util.prefs.FileSystemPreferences syncWorld
2025-10-09 20:09:30,976 [ERROR] LogOutputStream:75 - [STDERR_REDIRECT] WARNING: Couldn't flush system prefs: java.util.prefs.BackingStoreException: Couldn't get file lock.
2025-10-09 20:09:30,976 [ERROR] LogOutputStream:75 - [STDERR_REDIRECT] 
2025-10-09 20:10:00,938 [ERROR] LogOutputStream:75 - [STDERR_REDIRECT] Oct 09, 2025 8:10:00 PM java.util.prefs.FileSystemPreferences checkLockFile0ErrorCode
2025-10-09 20:10:00,939 [ERROR] LogOutputStream:75 - [STDERR_REDIRECT] WARNING: Could not lock System prefs. Unix error code 2.
2025-10-09 20:10:00,939 [ERROR] LogOutputStream:75 - [STDERR_REDIRECT] 
2025-10-09 20:10:00,939 [ERROR] LogOutputStream:75 - [STDERR_REDIRECT] Oct 09, 2025 8:10:00 PM java.util.prefs.FileSystemPreferences syncWorld
2025-10-09 20:10:00,939 [ERROR] LogOutputStream:75 - [STDERR_REDIRECT] WARNING: Couldn't flush system prefs: java.util.prefs.BackingStoreException: Couldn't get file lock.
2025-10-09 20:10:00,939 [ERROR] LogOutputStream:75 - [STDERR_REDIRECT] 
2025-10-09 20:10:30,938 [ERROR] LogOutputStream:75 - [STDERR_REDIRECT] Oct 09, 2025 8:10:30 PM java.util.prefs.FileSystemPreferences checkLockFile0ErrorCode
2025-10-09 20:10:30,938 [ERROR] LogOutputStream:75 - [STDERR_REDIRECT] WARNING: Could not lock System prefs. Unix error code 2.
2025-10-09 20:10:30,938 [ERROR] LogOutputStream:75 - [STDERR_REDIRECT] 
2025-10-09 20:10:30,939 [ERROR] LogOutputStream:75 - [STDERR_REDIRECT] Oct 09, 2025 8:10:30 PM java.util.prefs.FileSystemPreferences syncWorld
2025-10-09 20:10:30,939 [ERROR] LogOutputStream:75 - [STDERR_REDIRECT] WARNING: Couldn't flush system prefs: java.util.prefs.BackingStoreException: Couldn't get file lock.
2025-10-09 20:10:30,939 [ERROR] LogOutputStream:75 - [STDERR_REDIRECT] 
2025-10-09 20:11:00,938 [ERROR] LogOutputStream:75 - [STDERR_REDIRECT] Oct 09, 2025 8:11:00 PM java.util.prefs.FileSystemPreferences checkLockFile0ErrorCode
2025-10-09 20:11:00,938 [ERROR] LogOutputStream:75 - [STDERR_REDIRECT] WARNING: Could not lock System prefs. Unix error code 2.
2025-10-09 20:11:00,939 [ERROR] LogOutputStream:75 - [STDERR_REDIRECT] 
2025-10-09 20:11:00,939 [ERROR] LogOutputStream:75 - [STDERR_REDIRECT] Oct 09, 2025 8:11:00 PM java.util.prefs.FileSystemPreferences syncWorld
2025-10-09 20:11:00,939 [ERROR] LogOutputStream:75 - [STDERR_REDIRECT] WARNING: Couldn't flush system prefs: java.util.prefs.BackingStoreException: Couldn't get file lock.
2025-10-09 20:11:00,939 [ERROR] LogOutputStream:75 - [STDERR_REDIRECT] 
2025-10-09 20:11:30,939 [ERROR] LogOutputStream:75 - [STDERR_REDIRECT] Oct 09, 2025 8:11:30 PM java.util.prefs.FileSystemPreferences checkLockFile0ErrorCode
2025-10-09 20:11:30,939 [ERROR] LogOutputStream:75 - [STDERR_REDIRECT] WARNING: Could not lock System prefs. Unix error code 2.
2025-10-09 20:11:30,939 [ERROR] LogOutputStream:75 - [STDERR_REDIRECT] 
2025-10-09 20:11:30,939 [ERROR] LogOutputStream:75 - [STDERR_REDIRECT] Oct 09, 2025 8:11:30 PM java.util.prefs.FileSystemPreferences syncWorld
2025-10-09 20:11:30,939 [ERROR] LogOutputStream:75 - [STDERR_REDIRECT] WARNING: Couldn't flush system prefs: java.util.prefs.BackingStoreException: Couldn't get file lock.
2025-10-09 20:11:30,939 [ERROR] LogOutputStream:75 - [STDERR_REDIRECT] 
2025-10-09 20:12:00,939 [ERROR] LogOutputStream:75 - [STDERR_REDIRECT] Oct 09, 2025 8:12:00 PM java.util.prefs.FileSystemPreferences checkLockFile0ErrorCode
2025-10-09 20:12:00,939 [ERROR] LogOutputStream:75 - [STDERR_REDIRECT] WARNING: Could not lock System prefs. Unix error code 2.
2025-10-09 20:12:00,939 [ERROR] LogOutputStream:75 - [STDERR_REDIRECT] 
2025-10-09 20:12:00,939 [ERROR] LogOutputStream:75 - [STDERR_REDIRECT] Oct 09, 2025 8:12:00 PM java.util.prefs.FileSystemPreferences syncWorld
2025-10-09 20:12:00,939 [ERROR] LogOutputStream:75 - [STDERR_REDIRECT] WARNING: Couldn't flush system prefs: java.util.prefs.BackingStoreException: Couldn't get file lock.
2025-10-09 20:12:00,939 [ERROR] LogOutputStream:75 - [STDERR_REDIRECT] 
2025-10-09 20:12:30,939 [ERROR] LogOutputStream:75 - [STDERR_REDIRECT] Oct 09, 2025 8:12:30 PM java.util.prefs.FileSystemPreferences checkLockFile0ErrorCode
2025-10-09 20:12:30,940 [ERROR] LogOutputStream:75 - [STDERR_REDIRECT] WARNING: Could not lock System prefs. Unix error code 2.
2025-10-09 20:12:30,940 [ERROR] LogOutputStream:75 - [STDERR_REDIRECT] 
2025-10-09 20:12:30,940 [ERROR] LogOutputStream:75 - [STDERR_REDIRECT] Oct 09, 2025 8:12:30 PM java.util.prefs.FileSystemPreferences syncWorld
2025-10-09 20:12:30,940 [ERROR] LogOutputStream:75 - [STDERR_REDIRECT] WARNING: Couldn't flush system prefs: java.util.prefs.BackingStoreException: Couldn't get file lock.
2025-10-09 20:12:30,940 [ERROR] LogOutputStream:75 - [STDERR_REDIRECT] 
2025-10-09 20:13:00,939 [ERROR] LogOutputStream:75 - [STDERR_REDIRECT] Oct 09, 2025 8:13:00 PM java.util.prefs.FileSystemPreferences checkLockFile0ErrorCode
2025-10-09 20:13:00,940 [ERROR] LogOutputStream:75 - [STDERR_REDIRECT] WARNING: Could not lock System prefs. Unix error code 2.
2025-10-09 20:13:00,940 [ERROR] LogOutputStream:75 - [STDERR_REDIRECT] 
2025-10-09 20:13:00,940 [ERROR] LogOutputStream:75 - [STDERR_REDIRECT] Oct 09, 2025 8:13:00 PM java.util.prefs.FileSystemPreferences syncWorld
2025-10-09 20:13:00,940 [ERROR] LogOutputStream:75 - [STDERR_REDIRECT] WARNING: Couldn't flush system prefs: java.util.prefs.BackingStoreException: Couldn't get file lock.
2025-10-09 20:13:00,940 [ERROR] LogOutputStream:75 - [STDERR_REDIRECT] 
2025-10-09 20:13:30,939 [ERROR] LogOutputStream:75 - [STDERR_REDIRECT] Oct 09, 2025 8:13:30 PM java.util.prefs.FileSystemPreferences checkLockFile0ErrorCode
2025-10-09 20:13:30,939 [ERROR] LogOutputStream:75 - [STDERR_REDIRECT] WARNING: Could not lock System prefs. Unix error code 2.
2025-10-09 20:13:30,950 [ERROR] LogOutputStream:75 - [STDERR_REDIRECT] 
2025-10-09 20:13:30,950 [ERROR] LogOutputStream:75 - [STDERR_REDIRECT] Oct 09, 2025 8:13:30 PM java.util.prefs.FileSystemPreferences syncWorld
2025-10-09 20:13:30,950 [ERROR] LogOutputStream:75 - [STDERR_REDIRECT] WARNING: Couldn't flush system prefs: java.util.prefs.BackingStoreException: Couldn't get file lock.
2025-10-09 20:13:30,950 [ERROR] LogOutputStream:75 - [STDERR_REDIRECT] 
2025-10-09 20:14:00,939 [ERROR] LogOutputStream:75 - [STDERR_REDIRECT] Oct 09, 2025 8:14:00 PM java.util.prefs.FileSystemPreferences checkLockFile0ErrorCode
2025-10-09 20:14:00,940 [ERROR] LogOutputStream:75 - [STDERR_REDIRECT] WARNING: Could not lock System prefs. Unix error code 2.
2025-10-09 20:14:00,940 [ERROR] LogOutputStream:75 - [STDERR_REDIRECT] 
2025-10-09 20:14:00,940 [ERROR] LogOutputStream:75 - [STDERR_REDIRECT] Oct 09, 2025 8:14:00 PM java.util.prefs.FileSystemPreferences syncWorld
2025-10-09 20:14:00,940 [ERROR] LogOutputStream:75 - [STDERR_REDIRECT] WARNING: Couldn't flush system prefs: java.util.prefs.BackingStoreException: Couldn't get file lock.
2025-10-09 20:14:00,940 [ERROR] LogOutputStream:75 - [STDERR_REDIRECT] 
2025-10-09 20:14:30,939 [ERROR] LogOutputStream:75 - [STDERR_REDIRECT] Oct 09, 2025 8:14:30 PM java.util.prefs.FileSystemPreferences checkLockFile0ErrorCode
2025-10-09 20:14:30,939 [ERROR] LogOutputStream:75 - [STDERR_REDIRECT] WARNING: Could not lock System prefs. Unix error code 2.
2025-10-09 20:14:30,939 [ERROR] LogOutputStream:75 - [STDERR_REDIRECT] 
2025-10-09 20:14:30,940 [ERROR] LogOutputStream:75 - [STDERR_REDIRECT] Oct 09, 2025 8:14:30 PM java.util.prefs.FileSystemPreferences syncWorld
2025-10-09 20:14:30,940 [ERROR] LogOutputStream:75 - [STDERR_REDIRECT] WARNING: Couldn't flush system prefs: java.util.prefs.BackingStoreException: Couldn't get file lock.
2025-10-09 20:14:30,940 [ERROR] LogOutputStream:75 - [STDERR_REDIRECT] 
2025-10-09 20:15:00,939 [ERROR] LogOutputStream:75 - [STDERR_REDIRECT] Oct 09, 2025 8:15:00 PM java.util.prefs.FileSystemPreferences checkLockFile0ErrorCode
2025-10-09 20:15:00,939 [ERROR] LogOutputStream:75 - [STDERR_REDIRECT] WARNING: Could not lock System prefs. Unix error code 2.
2025-10-09 20:15:00,939 [ERROR] LogOutputStream:75 - [STDERR_REDIRECT] 
2025-10-09 20:15:00,939 [ERROR] LogOutputStream:75 - [STDERR_REDIRECT] Oct 09, 2025 8:15:00 PM java.util.prefs.FileSystemPreferences syncWorld
2025-10-09 20:15:00,939 [ERROR] LogOutputStream:75 - [STDERR_REDIRECT] WARNING: Couldn't flush system prefs: java.util.prefs.BackingStoreException: Couldn't get file lock.
2025-10-09 20:15:00,939 [ERROR] LogOutputStream:75 - [STDERR_REDIRECT] 
2025-10-09 20:15:30,940 [ERROR] LogOutputStream:75 - [STDERR_REDIRECT] Oct 09, 2025 8:15:30 PM java.util.prefs.FileSystemPreferences checkLockFile0ErrorCode
2025-10-09 20:15:30,940 [ERROR] LogOutputStream:75 - [STDERR_REDIRECT] WARNING: Could not lock System prefs. Unix error code 2.
2025-10-09 20:15:30,940 [ERROR] LogOutputStream:75 - [STDERR_REDIRECT] 
2025-10-09 20:15:30,940 [ERROR] LogOutputStream:75 - [STDERR_REDIRECT] Oct 09, 2025 8:15:30 PM java.util.prefs.FileSystemPreferences syncWorld
2025-10-09 20:15:30,940 [ERROR] LogOutputStream:75 - [STDERR_REDIRECT] WARNING: Couldn't flush system prefs: java.util.prefs.BackingStoreException: Couldn't get file lock.
2025-10-09 20:15:30,940 [ERROR] LogOutputStream:75 - [STDERR_REDIRECT] 
2025-10-09 20:16:00,940 [ERROR] LogOutputStream:75 - [STDERR_REDIRECT] Oct 09, 2025 8:16:00 PM java.util.prefs.FileSystemPreferences checkLockFile0ErrorCode
2025-10-09 20:16:00,940 [ERROR] LogOutputStream:75 - [STDERR_REDIRECT] WARNING: Could not lock System prefs. Unix error code 2.
2025-10-09 20:16:00,940 [ERROR] LogOutputStream:75 - [STDERR_REDIRECT] 
2025-10-09 20:16:00,940 [ERROR] LogOutputStream:75 - [STDERR_REDIRECT] Oct 09, 2025 8:16:00 PM java.util.prefs.FileSystemPreferences syncWorld
2025-10-09 20:16:00,940 [ERROR] LogOutputStream:75 - [STDERR_REDIRECT] WARNING: Couldn't flush system prefs: java.util.prefs.BackingStoreException: Couldn't get file lock.
2025-10-09 20:16:00,940 [ERROR] LogOutputStream:75 - [STDERR_REDIRECT] 
2025-10-09 20:16:30,941 [ERROR] LogOutputStream:75 - [STDERR_REDIRECT] Oct 09, 2025 8:16:30 PM java.util.prefs.FileSystemPreferences checkLockFile0ErrorCode
2025-10-09 20:16:30,941 [ERROR] LogOutputStream:75 - [STDERR_REDIRECT] WARNING: Could not lock System prefs. Unix error code 2.
2025-10-09 20:16:30,941 [ERROR] LogOutputStream:75 - [STDERR_REDIRECT] 
2025-10-09 20:16:30,941 [ERROR] LogOutputStream:75 - [STDERR_REDIRECT] Oct 09, 2025 8:16:30 PM java.util.prefs.FileSystemPreferences syncWorld
2025-10-09 20:16:30,941 [ERROR] LogOutputStream:75 - [STDERR_REDIRECT] WARNING: Couldn't flush system prefs: java.util.prefs.BackingStoreException: Couldn't get file lock.
2025-10-09 20:16:30,941 [ERROR] LogOutputStream:75 - [STDERR_REDIRECT] 
2025-10-09 20:17:00,940 [ERROR] LogOutputStream:75 - [STDERR_REDIRECT] Oct 09, 2025 8:17:00 PM java.util.prefs.FileSystemPreferences checkLockFile0ErrorCode
2025-10-09 20:17:00,941 [ERROR] LogOutputStream:75 - [STDERR_REDIRECT] WARNING: Could not lock System prefs. Unix error code 2.
2025-10-09 20:17:00,941 [ERROR] LogOutputStream:75 - [STDERR_REDIRECT] 
2025-10-09 20:17:00,941 [ERROR] LogOutputStream:75 - [STDERR_REDIRECT] Oct 09, 2025 8:17:00 PM java.util.prefs.FileSystemPreferences syncWorld
2025-10-09 20:17:00,941 [ERROR] LogOutputStream:75 - [STDERR_REDIRECT] WARNING: Couldn't flush system prefs: java.util.prefs.BackingStoreException: Couldn't get file lock.
2025-10-09 20:17:00,941 [ERROR] LogOutputStream:75 - [STDERR_REDIRECT] 
2025-10-09 20:17:30,941 [ERROR] LogOutputStream:75 - [STDERR_REDIRECT] Oct 09, 2025 8:17:30 PM java.util.prefs.FileSystemPreferences checkLockFile0ErrorCode
2025-10-09 20:17:30,941 [ERROR] LogOutputStream:75 - [STDERR_REDIRECT] WARNING: Could not lock System prefs. Unix error code 2.
2025-10-09 20:17:30,941 [ERROR] LogOutputStream:75 - [STDERR_REDIRECT] 
2025-10-09 20:17:30,941 [ERROR] LogOutputStream:75 - [STDERR_REDIRECT] Oct 09, 2025 8:17:30 PM java.util.prefs.FileSystemPreferences syncWorld
2025-10-09 20:17:30,941 [ERROR] LogOutputStream:75 - [STDERR_REDIRECT] WARNING: Couldn't flush system prefs: java.util.prefs.BackingStoreException: Couldn't get file lock.
2025-10-09 20:17:30,942 [ERROR] LogOutputStream:75 - [STDERR_REDIRECT] 
2025-10-09 20:18:00,940 [ERROR] LogOutputStream:75 - [STDERR_REDIRECT] Oct 09, 2025 8:18:00 PM java.util.prefs.FileSystemPreferences checkLockFile0ErrorCode
2025-10-09 20:18:00,940 [ERROR] LogOutputStream:75 - [STDERR_REDIRECT] WARNING: Could not lock System prefs. Unix error code 2.
2025-10-09 20:18:00,940 [ERROR] LogOutputStream:75 - [STDERR_REDIRECT] 
2025-10-09 20:18:00,941 [ERROR] LogOutputStream:75 - [STDERR_REDIRECT] Oct 09, 2025 8:18:00 PM java.util.prefs.FileSystemPreferences syncWorld
2025-10-09 20:18:00,941 [ERROR] LogOutputStream:75 - [STDERR_REDIRECT] WARNING: Couldn't flush system prefs: java.util.prefs.BackingStoreException: Couldn't get file lock.
2025-10-09 20:18:00,941 [ERROR] LogOutputStream:75 - [STDERR_REDIRECT] 
2025-10-09 20:18:30,940 [ERROR] LogOutputStream:75 - [STDERR_REDIRECT] Oct 09, 2025 8:18:30 PM java.util.prefs.FileSystemPreferences checkLockFile0ErrorCode
2025-10-09 20:18:30,940 [ERROR] LogOutputStream:75 - [STDERR_REDIRECT] WARNING: Could not lock System prefs. Unix error code 2.
2025-10-09 20:18:30,940 [ERROR] LogOutputStream:75 - [STDERR_REDIRECT] 
2025-10-09 20:18:30,940 [ERROR] LogOutputStream:75 - [STDERR_REDIRECT] Oct 09, 2025 8:18:30 PM java.util.prefs.FileSystemPreferences syncWorld
2025-10-09 20:18:30,940 [ERROR] LogOutputStream:75 - [STDERR_REDIRECT] WARNING: Couldn't flush system prefs: java.util.prefs.BackingStoreException: Couldn't get file lock.
2025-10-09 20:18:30,940 [ERROR] LogOutputStream:75 - [STDERR_REDIRECT] 
2025-10-09 20:19:00,941 [ERROR] LogOutputStream:75 - [STDERR_REDIRECT] Oct 09, 2025 8:19:00 PM java.util.prefs.FileSystemPreferences checkLockFile0ErrorCode
2025-10-09 20:19:00,941 [ERROR] LogOutputStream:75 - [STDERR_REDIRECT] WARNING: Could not lock System prefs. Unix error code 2.
2025-10-09 20:19:00,941 [ERROR] LogOutputStream:75 - [STDERR_REDIRECT] 
2025-10-09 20:19:00,941 [ERROR] LogOutputStream:75 - [STDERR_REDIRECT] Oct 09, 2025 8:19:00 PM java.util.prefs.FileSystemPreferences syncWorld
2025-10-09 20:19:00,941 [ERROR] LogOutputStream:75 - [STDERR_REDIRECT] WARNING: Couldn't flush system prefs: java.util.prefs.BackingStoreException: Couldn't get file lock.
2025-10-09 20:19:00,941 [ERROR] LogOutputStream:75 - [STDERR_REDIRECT] 
2025-10-09 20:19:30,941 [ERROR] LogOutputStream:75 - [STDERR_REDIRECT] Oct 09, 2025 8:19:30 PM java.util.prefs.FileSystemPreferences checkLockFile0ErrorCode
2025-10-09 20:19:30,941 [ERROR] LogOutputStream:75 - [STDERR_REDIRECT] WARNING: Could not lock System prefs. Unix error code 2.
2025-10-09 20:19:30,941 [ERROR] LogOutputStream:75 - [STDERR_REDIRECT] 
2025-10-09 20:19:30,941 [ERROR] LogOutputStream:75 - [STDERR_REDIRECT] Oct 09, 2025 8:19:30 PM java.util.prefs.FileSystemPreferences syncWorld
2025-10-09 20:19:30,941 [ERROR] LogOutputStream:75 - [STDERR_REDIRECT] WARNING: Couldn't flush system prefs: java.util.prefs.BackingStoreException: Couldn't get file lock.
2025-10-09 20:19:30,941 [ERROR] LogOutputStream:75 - [STDERR_REDIRECT] 
2025-10-09 20:20:00,941 [ERROR] LogOutputStream:75 - [STDERR_REDIRECT] Oct 09, 2025 8:20:00 PM java.util.prefs.FileSystemPreferences checkLockFile0ErrorCode
2025-10-09 20:20:00,941 [ERROR] LogOutputStream:75 - [STDERR_REDIRECT] WARNING: Could not lock System prefs. Unix error code 2.
2025-10-09 20:20:00,952 [ERROR] LogOutputStream:75 - [STDERR_REDIRECT] 
2025-10-09 20:20:00,952 [ERROR] LogOutputStream:75 - [STDERR_REDIRECT] Oct 09, 2025 8:20:00 PM java.util.prefs.FileSystemPreferences syncWorld
2025-10-09 20:20:00,952 [ERROR] LogOutputStream:75 - [STDERR_REDIRECT] WARNING: Couldn't flush system prefs: java.util.prefs.BackingStoreException: Couldn't get file lock.
2025-10-09 20:20:00,952 [ERROR] LogOutputStream:75 - [STDERR_REDIRECT] 
2025-10-09 20:20:30,940 [ERROR] LogOutputStream:75 - [STDERR_REDIRECT] Oct 09, 2025 8:20:30 PM java.util.prefs.FileSystemPreferences checkLockFile0ErrorCode
2025-10-09 20:20:30,941 [ERROR] LogOutputStream:75 - [STDERR_REDIRECT] WARNING: Could not lock System prefs. Unix error code 2.
2025-10-09 20:20:30,941 [ERROR] LogOutputStream:75 - [STDERR_REDIRECT] 
2025-10-09 20:20:30,941 [ERROR] LogOutputStream:75 - [STDERR_REDIRECT] Oct 09, 2025 8:20:30 PM java.util.prefs.FileSystemPreferences syncWorld
2025-10-09 20:20:30,941 [ERROR] LogOutputStream:75 - [STDERR_REDIRECT] WARNING: Couldn't flush system prefs: java.util.prefs.BackingStoreException: Couldn't get file lock.
2025-10-09 20:20:30,941 [ERROR] LogOutputStream:75 - [STDERR_REDIRECT] 
2025-10-09 20:21:00,940 [ERROR] LogOutputStream:75 - [STDERR_REDIRECT] Oct 09, 2025 8:21:00 PM java.util.prefs.FileSystemPreferences checkLockFile0ErrorCode
2025-10-09 20:21:00,940 [ERROR] LogOutputStream:75 - [STDERR_REDIRECT] WARNING: Could not lock System prefs. Unix error code 2.
2025-10-09 20:21:00,940 [ERROR] LogOutputStream:75 - [STDERR_REDIRECT] 
2025-10-09 20:21:00,941 [ERROR] LogOutputStream:75 - [STDERR_REDIRECT] Oct 09, 2025 8:21:00 PM java.util.prefs.FileSystemPreferences syncWorld
2025-10-09 20:21:00,941 [ERROR] LogOutputStream:75 - [STDERR_REDIRECT] WARNING: Couldn't flush system prefs: java.util.prefs.BackingStoreException: Couldn't get file lock.
2025-10-09 20:21:00,941 [ERROR] LogOutputStream:75 - [STDERR_REDIRECT] 
2025-10-09 20:21:30,940 [ERROR] LogOutputStream:75 - [STDERR_REDIRECT] Oct 09, 2025 8:21:30 PM java.util.prefs.FileSystemPreferences checkLockFile0ErrorCode
2025-10-09 20:21:30,940 [ERROR] LogOutputStream:75 - [STDERR_REDIRECT] WARNING: Could not lock System prefs. Unix error code 2.
2025-10-09 20:21:30,940 [ERROR] LogOutputStream:75 - [STDERR_REDIRECT] 
2025-10-09 20:21:30,940 [ERROR] LogOutputStream:75 - [STDERR_REDIRECT] Oct 09, 2025 8:21:30 PM java.util.prefs.FileSystemPreferences syncWorld
2025-10-09 20:21:30,940 [ERROR] LogOutputStream:75 - [STDERR_REDIRECT] WARNING: Couldn't flush system prefs: java.util.prefs.BackingStoreException: Couldn't get file lock.
2025-10-09 20:21:30,940 [ERROR] LogOutputStream:75 - [STDERR_REDIRECT] 
2025-10-09 20:22:00,941 [ERROR] LogOutputStream:75 - [STDERR_REDIRECT] Oct 09, 2025 8:22:00 PM java.util.prefs.FileSystemPreferences checkLockFile0ErrorCode
2025-10-09 20:22:00,941 [ERROR] LogOutputStream:75 - [STDERR_REDIRECT] WARNING: Could not lock System prefs. Unix error code 2.
2025-10-09 20:22:00,941 [ERROR] LogOutputStream:75 - [STDERR_REDIRECT] 
2025-10-09 20:22:00,941 [ERROR] LogOutputStream:75 - [STDERR_REDIRECT] Oct 09, 2025 8:22:00 PM java.util.prefs.FileSystemPreferences syncWorld
2025-10-09 20:22:00,941 [ERROR] LogOutputStream:75 - [STDERR_REDIRECT] WARNING: Couldn't flush system prefs: java.util.prefs.BackingStoreException: Couldn't get file lock.
2025-10-09 20:22:00,941 [ERROR] LogOutputStream:75 - [STDERR_REDIRECT] 
2025-10-09 20:22:30,942 [ERROR] LogOutputStream:75 - [STDERR_REDIRECT] Oct 09, 2025 8:22:30 PM java.util.prefs.FileSystemPreferences checkLockFile0ErrorCode
2025-10-09 20:22:30,942 [ERROR] LogOutputStream:75 - [STDERR_REDIRECT] WARNING: Could not lock System prefs. Unix error code 2.
2025-10-09 20:22:30,942 [ERROR] LogOutputStream:75 - [STDERR_REDIRECT] 
2025-10-09 20:22:30,942 [ERROR] LogOutputStream:75 - [STDERR_REDIRECT] Oct 09, 2025 8:22:30 PM java.util.prefs.FileSystemPreferences syncWorld
2025-10-09 20:22:30,942 [ERROR] LogOutputStream:75 - [STDERR_REDIRECT] WARNING: Couldn't flush system prefs: java.util.prefs.BackingStoreException: Couldn't get file lock.
2025-10-09 20:22:30,942 [ERROR] LogOutputStream:75 - [STDERR_REDIRECT] 
2025-10-09 20:23:00,942 [ERROR] LogOutputStream:75 - [STDERR_REDIRECT] Oct 09, 2025 8:23:00 PM java.util.prefs.FileSystemPreferences checkLockFile0ErrorCode
2025-10-09 20:23:00,943 [ERROR] LogOutputStream:75 - [STDERR_REDIRECT] WARNING: Could not lock System prefs. Unix error code 2.
2025-10-09 20:23:00,943 [ERROR] LogOutputStream:75 - [STDERR_REDIRECT] 
2025-10-09 20:23:00,943 [ERROR] LogOutputStream:75 - [STDERR_REDIRECT] Oct 09, 2025 8:23:00 PM java.util.prefs.FileSystemPreferences syncWorld
2025-10-09 20:23:00,943 [ERROR] LogOutputStream:75 - [STDERR_REDIRECT] WARNING: Couldn't flush system prefs: java.util.prefs.BackingStoreException: Couldn't get file lock.
2025-10-09 20:23:00,943 [ERROR] LogOutputStream:75 - [STDERR_REDIRECT] 
2025-10-09 20:23:30,942 [ERROR] LogOutputStream:75 - [STDERR_REDIRECT] Oct 09, 2025 8:23:30 PM java.util.prefs.FileSystemPreferences checkLockFile0ErrorCode
2025-10-09 20:23:30,942 [ERROR] LogOutputStream:75 - [STDERR_REDIRECT] WARNING: Could not lock System prefs. Unix error code 2.
2025-10-09 20:23:30,943 [ERROR] LogOutputStream:75 - [STDERR_REDIRECT] 
2025-10-09 20:23:30,943 [ERROR] LogOutputStream:75 - [STDERR_REDIRECT] Oct 09, 2025 8:23:30 PM java.util.prefs.FileSystemPreferences syncWorld
2025-10-09 20:23:30,943 [ERROR] LogOutputStream:75 - [STDERR_REDIRECT] WARNING: Couldn't flush system prefs: java.util.prefs.BackingStoreException: Couldn't get file lock.
2025-10-09 20:23:30,943 [ERROR] LogOutputStream:75 - [STDERR_REDIRECT] 
2025-10-09 20:24:00,943 [ERROR] LogOutputStream:75 - [STDERR_REDIRECT] Oct 09, 2025 8:24:00 PM java.util.prefs.FileSystemPreferences checkLockFile0ErrorCode
2025-10-09 20:24:00,943 [ERROR] LogOutputStream:75 - [STDERR_REDIRECT] WARNING: Could not lock System prefs. Unix error code 2.
2025-10-09 20:24:00,943 [ERROR] LogOutputStream:75 - [STDERR_REDIRECT] 
2025-10-09 20:24:00,944 [ERROR] LogOutputStream:75 - [STDERR_REDIRECT] Oct 09, 2025 8:24:00 PM java.util.prefs.FileSystemPreferences syncWorld
2025-10-09 20:24:00,944 [ERROR] LogOutputStream:75 - [STDERR_REDIRECT] WARNING: Couldn't flush system prefs: java.util.prefs.BackingStoreException: Couldn't get file lock.
2025-10-09 20:24:00,944 [ERROR] LogOutputStream:75 - [STDERR_REDIRECT] 
2025-10-09 20:24:30,942 [ERROR] LogOutputStream:75 - [STDERR_REDIRECT] Oct 09, 2025 8:24:30 PM java.util.prefs.FileSystemPreferences checkLockFile0ErrorCode
2025-10-09 20:24:30,942 [ERROR] LogOutputStream:75 - [STDERR_REDIRECT] WARNING: Could not lock System prefs. Unix error code 2.
2025-10-09 20:24:30,942 [ERROR] LogOutputStream:75 - [STDERR_REDIRECT] 
2025-10-09 20:24:30,942 [ERROR] LogOutputStream:75 - [STDERR_REDIRECT] Oct 09, 2025 8:24:30 PM java.util.prefs.FileSystemPreferences syncWorld
2025-10-09 20:24:30,942 [ERROR] LogOutputStream:75 - [STDERR_REDIRECT] WARNING: Couldn't flush system prefs: java.util.prefs.BackingStoreException: Couldn't get file lock.
2025-10-09 20:24:30,943 [ERROR] LogOutputStream:75 - [STDERR_REDIRECT] 
2025-10-09 20:25:00,942 [ERROR] LogOutputStream:75 - [STDERR_REDIRECT] Oct 09, 2025 8:25:00 PM java.util.prefs.FileSystemPreferences checkLockFile0ErrorCode
2025-10-09 20:25:00,942 [ERROR] LogOutputStream:75 - [STDERR_REDIRECT] WARNING: Could not lock System prefs. Unix error code 2.
2025-10-09 20:25:00,942 [ERROR] LogOutputStream:75 - [STDERR_REDIRECT] 
2025-10-09 20:25:00,943 [ERROR] LogOutputStream:75 - [STDERR_REDIRECT] Oct 09, 2025 8:25:00 PM java.util.prefs.FileSystemPreferences syncWorld
2025-10-09 20:25:00,943 [ERROR] LogOutputStream:75 - [STDERR_REDIRECT] WARNING: Couldn't flush system prefs: java.util.prefs.BackingStoreException: Couldn't get file lock.
2025-10-09 20:25:00,943 [ERROR] LogOutputStream:75 - [STDERR_REDIRECT] 
2025-10-09 20:25:30,942 [ERROR] LogOutputStream:75 - [STDERR_REDIRECT] Oct 09, 2025 8:25:30 PM java.util.prefs.FileSystemPreferences checkLockFile0ErrorCode
2025-10-09 20:25:30,942 [ERROR] LogOutputStream:75 - [STDERR_REDIRECT] WARNING: Could not lock System prefs. Unix error code 2.
2025-10-09 20:25:30,942 [ERROR] LogOutputStream:75 - [STDERR_REDIRECT] 
2025-10-09 20:25:30,942 [ERROR] LogOutputStream:75 - [STDERR_REDIRECT] Oct 09, 2025 8:25:30 PM java.util.prefs.FileSystemPreferences syncWorld
2025-10-09 20:25:30,942 [ERROR] LogOutputStream:75 - [STDERR_REDIRECT] WARNING: Couldn't flush system prefs: java.util.prefs.BackingStoreException: Couldn't get file lock.
2025-10-09 20:25:30,942 [ERROR] LogOutputStream:75 - [STDERR_REDIRECT] 
2025-10-09 20:26:00,943 [ERROR] LogOutputStream:75 - [STDERR_REDIRECT] Oct 09, 2025 8:26:00 PM java.util.prefs.FileSystemPreferences checkLockFile0ErrorCode
2025-10-09 20:26:00,943 [ERROR] LogOutputStream:75 - [STDERR_REDIRECT] WARNING: Could not lock System prefs. Unix error code 2.
2025-10-09 20:26:00,943 [ERROR] LogOutputStream:75 - [STDERR_REDIRECT] 
2025-10-09 20:26:00,943 [ERROR] LogOutputStream:75 - [STDERR_REDIRECT] Oct 09, 2025 8:26:00 PM java.util.prefs.FileSystemPreferences syncWorld
2025-10-09 20:26:00,943 [ERROR] LogOutputStream:75 - [STDERR_REDIRECT] WARNING: Couldn't flush system prefs: java.util.prefs.BackingStoreException: Couldn't get file lock.
2025-10-09 20:26:00,943 [ERROR] LogOutputStream:75 - [STDERR_REDIRECT] 
2025-10-09 20:26:30,943 [ERROR] LogOutputStream:75 - [STDERR_REDIRECT] Oct 09, 2025 8:26:30 PM java.util.prefs.FileSystemPreferences checkLockFile0ErrorCode
2025-10-09 20:26:30,944 [ERROR] LogOutputStream:75 - [STDERR_REDIRECT] WARNING: Could not lock System prefs. Unix error code 2.
2025-10-09 20:26:30,944 [ERROR] LogOutputStream:75 - [STDERR_REDIRECT] 
2025-10-09 20:26:30,944 [ERROR] LogOutputStream:75 - [STDERR_REDIRECT] Oct 09, 2025 8:26:30 PM java.util.prefs.FileSystemPreferences syncWorld
2025-10-09 20:26:30,944 [ERROR] LogOutputStream:75 - [STDERR_REDIRECT] WARNING: Couldn't flush system prefs: java.util.prefs.BackingStoreException: Couldn't get file lock.
2025-10-09 20:26:30,944 [ERROR] LogOutputStream:75 - [STDERR_REDIRECT] 
2025-10-09 20:27:00,943 [ERROR] LogOutputStream:75 - [STDERR_REDIRECT] Oct 09, 2025 8:27:00 PM java.util.prefs.FileSystemPreferences checkLockFile0ErrorCode
2025-10-09 20:27:00,944 [ERROR] LogOutputStream:75 - [STDERR_REDIRECT] WARNING: Could not lock System prefs. Unix error code 2.
2025-10-09 20:27:00,944 [ERROR] LogOutputStream:75 - [STDERR_REDIRECT] 
2025-10-09 20:27:00,944 [ERROR] LogOutputStream:75 - [STDERR_REDIRECT] Oct 09, 2025 8:27:00 PM java.util.prefs.FileSystemPreferences syncWorld
2025-10-09 20:27:00,944 [ERROR] LogOutputStream:75 - [STDERR_REDIRECT] WARNING: Couldn't flush system prefs: java.util.prefs.BackingStoreException: Couldn't get file lock.
2025-10-09 20:27:00,944 [ERROR] LogOutputStream:75 - [STDERR_REDIRECT] 
2025-10-09 20:27:30,943 [ERROR] LogOutputStream:75 - [STDERR_REDIRECT] Oct 09, 2025 8:27:30 PM java.util.prefs.FileSystemPreferences checkLockFile0ErrorCode
2025-10-09 20:27:30,943 [ERROR] LogOutputStream:75 - [STDERR_REDIRECT] WARNING: Could not lock System prefs. Unix error code 2.
2025-10-09 20:27:30,943 [ERROR] LogOutputStream:75 - [STDERR_REDIRECT] 
2025-10-09 20:27:30,944 [ERROR] LogOutputStream:75 - [STDERR_REDIRECT] Oct 09, 2025 8:27:30 PM java.util.prefs.FileSystemPreferences syncWorld
2025-10-09 20:27:30,944 [ERROR] LogOutputStream:75 - [STDERR_REDIRECT] WARNING: Couldn't flush system prefs: java.util.prefs.BackingStoreException: Couldn't get file lock.
2025-10-09 20:27:30,944 [ERROR] LogOutputStream:75 - [STDERR_REDIRECT] 
2025-10-09 20:28:00,943 [ERROR] LogOutputStream:75 - [STDERR_REDIRECT] Oct 09, 2025 8:28:00 PM java.util.prefs.FileSystemPreferences checkLockFile0ErrorCode
2025-10-09 20:28:00,943 [ERROR] LogOutputStream:75 - [STDERR_REDIRECT] WARNING: Could not lock System prefs. Unix error code 2.
2025-10-09 20:28:00,954 [ERROR] LogOutputStream:75 - [STDERR_REDIRECT] 
2025-10-09 20:28:00,954 [ERROR] LogOutputStream:75 - [STDERR_REDIRECT] Oct 09, 2025 8:28:00 PM java.util.prefs.FileSystemPreferences syncWorld
2025-10-09 20:28:00,954 [ERROR] LogOutputStream:75 - [STDERR_REDIRECT] WARNING: Couldn't flush system prefs: java.util.prefs.BackingStoreException: Couldn't get file lock.
2025-10-09 20:28:00,954 [ERROR] LogOutputStream:75 - [STDERR_REDIRECT] 
2025-10-09 20:28:30,943 [ERROR] LogOutputStream:75 - [STDERR_REDIRECT] Oct 09, 2025 8:28:30 PM java.util.prefs.FileSystemPreferences checkLockFile0ErrorCode
2025-10-09 20:28:30,944 [ERROR] LogOutputStream:75 - [STDERR_REDIRECT] WARNING: Could not lock System prefs. Unix error code 2.
2025-10-09 20:28:30,944 [ERROR] LogOutputStream:75 - [STDERR_REDIRECT] 
2025-10-09 20:28:30,944 [ERROR] LogOutputStream:75 - [STDERR_REDIRECT] Oct 09, 2025 8:28:30 PM java.util.prefs.FileSystemPreferences syncWorld
2025-10-09 20:28:30,944 [ERROR] LogOutputStream:75 - [STDERR_REDIRECT] WARNING: Couldn't flush system prefs: java.util.prefs.BackingStoreException: Couldn't get file lock.
2025-10-09 20:28:30,944 [ERROR] LogOutputStream:75 - [STDERR_REDIRECT] 
2025-10-09 20:29:00,943 [ERROR] LogOutputStream:75 - [STDERR_REDIRECT] Oct 09, 2025 8:29:00 PM java.util.prefs.FileSystemPreferences checkLockFile0ErrorCode
2025-10-09 20:29:00,943 [ERROR] LogOutputStream:75 - [STDERR_REDIRECT] WARNING: Could not lock System prefs. Unix error code 2.
2025-10-09 20:29:00,943 [ERROR] LogOutputStream:75 - [STDERR_REDIRECT] 
2025-10-09 20:29:00,943 [ERROR] LogOutputStream:75 - [STDERR_REDIRECT] Oct 09, 2025 8:29:00 PM java.util.prefs.FileSystemPreferences syncWorld
2025-10-09 20:29:00,944 [ERROR] LogOutputStream:75 - [STDERR_REDIRECT] WARNING: Couldn't flush system prefs: java.util.prefs.BackingStoreException: Couldn't get file lock.
2025-10-09 20:29:00,944 [ERROR] LogOutputStream:75 - [STDERR_REDIRECT] 
2025-10-09 20:29:30,943 [ERROR] LogOutputStream:75 - [STDERR_REDIRECT] Oct 09, 2025 8:29:30 PM java.util.prefs.FileSystemPreferences checkLockFile0ErrorCode
2025-10-09 20:29:30,943 [ERROR] LogOutputStream:75 - [STDERR_REDIRECT] WARNING: Could not lock System prefs. Unix error code 2.
2025-10-09 20:29:30,943 [ERROR] LogOutputStream:75 - [STDERR_REDIRECT] 
2025-10-09 20:29:30,943 [ERROR] LogOutputStream:75 - [STDERR_REDIRECT] Oct 09, 2025 8:29:30 PM java.util.prefs.FileSystemPreferences syncWorld
2025-10-09 20:29:30,943 [ERROR] LogOutputStream:75 - [STDERR_REDIRECT] WARNING: Couldn't flush system prefs: java.util.prefs.BackingStoreException: Couldn't get file lock.
2025-10-09 20:29:30,943 [ERROR] LogOutputStream:75 - [STDERR_REDIRECT] 
2025-10-09 20:30:00,943 [ERROR] LogOutputStream:75 - [STDERR_REDIRECT] Oct 09, 2025 8:30:00 PM java.util.prefs.FileSystemPreferences checkLockFile0ErrorCode
2025-10-09 20:30:00,944 [ERROR] LogOutputStream:75 - [STDERR_REDIRECT] WARNING: Could not lock System prefs. Unix error code 2.
2025-10-09 20:30:00,944 [ERROR] LogOutputStream:75 - [STDERR_REDIRECT] 
2025-10-09 20:30:00,944 [ERROR] LogOutputStream:75 - [STDERR_REDIRECT] Oct 09, 2025 8:30:00 PM java.util.prefs.FileSystemPreferences syncWorld
2025-10-09 20:30:00,944 [ERROR] LogOutputStream:75 - [STDERR_REDIRECT] WARNING: Couldn't flush system prefs: java.util.prefs.BackingStoreException: Couldn't get file lock.
2025-10-09 20:30:00,944 [ERROR] LogOutputStream:75 - [STDERR_REDIRECT] 
2025-10-09 20:30:30,944 [ERROR] LogOutputStream:75 - [STDERR_REDIRECT] Oct 09, 2025 8:30:30 PM java.util.prefs.FileSystemPreferences checkLockFile0ErrorCode
2025-10-09 20:30:30,944 [ERROR] LogOutputStream:75 - [STDERR_REDIRECT] WARNING: Could not lock System prefs. Unix error code 2.
2025-10-09 20:30:30,944 [ERROR] LogOutputStream:75 - [STDERR_REDIRECT] 
2025-10-09 20:30:30,944 [ERROR] LogOutputStream:75 - [STDERR_REDIRECT] Oct 09, 2025 8:30:30 PM java.util.prefs.FileSystemPreferences syncWorld
2025-10-09 20:30:30,945 [ERROR] LogOutputStream:75 - [STDERR_REDIRECT] WARNING: Couldn't flush system prefs: java.util.prefs.BackingStoreException: Couldn't get file lock.
2025-10-09 20:30:30,945 [ERROR] LogOutputStream:75 - [STDERR_REDIRECT] 
2025-10-09 20:31:00,943 [ERROR] LogOutputStream:75 - [STDERR_REDIRECT] Oct 09, 2025 8:31:00 PM java.util.prefs.FileSystemPreferences checkLockFile0ErrorCode
2025-10-09 20:31:00,944 [ERROR] LogOutputStream:75 - [STDERR_REDIRECT] WARNING: Could not lock System prefs. Unix error code 2.
2025-10-09 20:31:00,944 [ERROR] LogOutputStream:75 - [STDERR_REDIRECT] 
2025-10-09 20:31:00,944 [ERROR] LogOutputStream:75 - [STDERR_REDIRECT] Oct 09, 2025 8:31:00 PM java.util.prefs.FileSystemPreferences syncWorld
2025-10-09 20:31:00,944 [ERROR] LogOutputStream:75 - [STDERR_REDIRECT] WARNING: Couldn't flush system prefs: java.util.prefs.BackingStoreException: Couldn't get file lock.
2025-10-09 20:31:00,944 [ERROR] LogOutputStream:75 - [STDERR_REDIRECT] 
2025-10-09 20:31:30,944 [ERROR] LogOutputStream:75 - [STDERR_REDIRECT] Oct 09, 2025 8:31:30 PM java.util.prefs.FileSystemPreferences checkLockFile0ErrorCode
2025-10-09 20:31:30,944 [ERROR] LogOutputStream:75 - [STDERR_REDIRECT] WARNING: Could not lock System prefs. Unix error code 2.
2025-10-09 20:31:30,944 [ERROR] LogOutputStream:75 - [STDERR_REDIRECT] 
2025-10-09 20:31:30,944 [ERROR] LogOutputStream:75 - [STDERR_REDIRECT] Oct 09, 2025 8:31:30 PM java.util.prefs.FileSystemPreferences syncWorld
2025-10-09 20:31:30,944 [ERROR] LogOutputStream:75 - [STDERR_REDIRECT] WARNING: Couldn't flush system prefs: java.util.prefs.BackingStoreException: Couldn't get file lock.
2025-10-09 20:31:30,944 [ERROR] LogOutputStream:75 - [STDERR_REDIRECT] 
2025-10-09 20:32:00,944 [ERROR] LogOutputStream:75 - [STDERR_REDIRECT] Oct 09, 2025 8:32:00 PM java.util.prefs.FileSystemPreferences checkLockFile0ErrorCode
2025-10-09 20:32:00,944 [ERROR] LogOutputStream:75 - [STDERR_REDIRECT] WARNING: Could not lock System prefs. Unix error code 2.
2025-10-09 20:32:00,944 [ERROR] LogOutputStream:75 - [STDERR_REDIRECT] 
2025-10-09 20:32:00,944 [ERROR] LogOutputStream:75 - [STDERR_REDIRECT] Oct 09, 2025 8:32:00 PM java.util.prefs.FileSystemPreferences syncWorld
2025-10-09 20:32:00,944 [ERROR] LogOutputStream:75 - [STDERR_REDIRECT] WARNING: Couldn't flush system prefs: java.util.prefs.BackingStoreException: Couldn't get file lock.
2025-10-09 20:32:00,944 [ERROR] LogOutputStream:75 - [STDERR_REDIRECT] 
2025-10-09 20:32:30,944 [ERROR] LogOutputStream:75 - [STDERR_REDIRECT] Oct 09, 2025 8:32:30 PM java.util.prefs.FileSystemPreferences checkLockFile0ErrorCode
2025-10-09 20:32:30,944 [ERROR] LogOutputStream:75 - [STDERR_REDIRECT] WARNING: Could not lock System prefs. Unix error code 2.
2025-10-09 20:32:30,944 [ERROR] LogOutputStream:75 - [STDERR_REDIRECT] 
2025-10-09 20:32:30,944 [ERROR] LogOutputStream:75 - [STDERR_REDIRECT] Oct 09, 2025 8:32:30 PM java.util.prefs.FileSystemPreferences syncWorld
2025-10-09 20:32:30,944 [ERROR] LogOutputStream:75 - [STDERR_REDIRECT] WARNING: Couldn't flush system prefs: java.util.prefs.BackingStoreException: Couldn't get file lock.
2025-10-09 20:32:30,944 [ERROR] LogOutputStream:75 - [STDERR_REDIRECT] 
2025-10-09 20:33:00,944 [ERROR] LogOutputStream:75 - [STDERR_REDIRECT] Oct 09, 2025 8:33:00 PM java.util.prefs.FileSystemPreferences checkLockFile0ErrorCode
2025-10-09 20:33:00,944 [ERROR] LogOutputStream:75 - [STDERR_REDIRECT] WARNING: Could not lock System prefs. Unix error code 2.
2025-10-09 20:33:00,944 [ERROR] LogOutputStream:75 - [STDERR_REDIRECT] 
2025-10-09 20:33:00,945 [ERROR] LogOutputStream:75 - [STDERR_REDIRECT] Oct 09, 2025 8:33:00 PM java.util.prefs.FileSystemPreferences syncWorld
2025-10-09 20:33:00,945 [ERROR] LogOutputStream:75 - [STDERR_REDIRECT] WARNING: Couldn't flush system prefs: java.util.prefs.BackingStoreException: Couldn't get file lock.
2025-10-09 20:33:00,945 [ERROR] LogOutputStream:75 - [STDERR_REDIRECT] 
2025-10-09 20:33:30,944 [ERROR] LogOutputStream:75 - [STDERR_REDIRECT] Oct 09, 2025 8:33:30 PM java.util.prefs.FileSystemPreferences checkLockFile0ErrorCode
2025-10-09 20:33:30,944 [ERROR] LogOutputStream:75 - [STDERR_REDIRECT] WARNING: Could not lock System prefs. Unix error code 2.
2025-10-09 20:33:30,944 [ERROR] LogOutputStream:75 - [STDERR_REDIRECT] 
2025-10-09 20:33:30,945 [ERROR] LogOutputStream:75 - [STDERR_REDIRECT] Oct 09, 2025 8:33:30 PM java.util.prefs.FileSystemPreferences syncWorld
2025-10-09 20:33:30,945 [ERROR] LogOutputStream:75 - [STDERR_REDIRECT] WARNING: Couldn't flush system prefs: java.util.prefs.BackingStoreException: Couldn't get file lock.
2025-10-09 20:33:30,945 [ERROR] LogOutputStream:75 - [STDERR_REDIRECT] 
2025-10-09 20:34:00,943 [ERROR] LogOutputStream:75 - [STDERR_REDIRECT] Oct 09, 2025 8:34:00 PM java.util.prefs.FileSystemPreferences checkLockFile0ErrorCode
2025-10-09 20:34:00,943 [ERROR] LogOutputStream:75 - [STDERR_REDIRECT] WARNING: Could not lock System prefs. Unix error code 2.
2025-10-09 20:34:00,943 [ERROR] LogOutputStream:75 - [STDERR_REDIRECT] 
2025-10-09 20:34:00,944 [ERROR] LogOutputStream:75 - [STDERR_REDIRECT] Oct 09, 2025 8:34:00 PM java.util.prefs.FileSystemPreferences syncWorld
2025-10-09 20:34:00,944 [ERROR] LogOutputStream:75 - [STDERR_REDIRECT] WARNING: Couldn't flush system prefs: java.util.prefs.BackingStoreException: Couldn't get file lock.
2025-10-09 20:34:00,944 [ERROR] LogOutputStream:75 - [STDERR_REDIRECT] 
2025-10-09 20:34:30,943 [ERROR] LogOutputStream:75 - [STDERR_REDIRECT] Oct 09, 2025 8:34:30 PM java.util.prefs.FileSystemPreferences checkLockFile0ErrorCode
2025-10-09 20:34:30,943 [ERROR] LogOutputStream:75 - [STDERR_REDIRECT] WARNING: Could not lock System prefs. Unix error code 2.
2025-10-09 20:34:30,943 [ERROR] LogOutputStream:75 - [STDERR_REDIRECT] 
2025-10-09 20:34:30,943 [ERROR] LogOutputStream:75 - [STDERR_REDIRECT] Oct 09, 2025 8:34:30 PM java.util.prefs.FileSystemPreferences syncWorld
2025-10-09 20:34:30,943 [ERROR] LogOutputStream:75 - [STDERR_REDIRECT] WARNING: Couldn't flush system prefs: java.util.prefs.BackingStoreException: Couldn't get file lock.
2025-10-09 20:34:30,981 [ERROR] LogOutputStream:75 - [STDERR_REDIRECT] 
2025-10-09 20:35:00,943 [ERROR] LogOutputStream:75 - [STDERR_REDIRECT] Oct 09, 2025 8:35:00 PM java.util.prefs.FileSystemPreferences checkLockFile0ErrorCode
2025-10-09 20:35:00,943 [ERROR] LogOutputStream:75 - [STDERR_REDIRECT] WARNING: Could not lock System prefs. Unix error code 2.
2025-10-09 20:35:00,943 [ERROR] LogOutputStream:75 - [STDERR_REDIRECT] 
2025-10-09 20:35:00,943 [ERROR] LogOutputStream:75 - [STDERR_REDIRECT] Oct 09, 2025 8:35:00 PM java.util.prefs.FileSystemPreferences syncWorld
2025-10-09 20:35:00,943 [ERROR] LogOutputStream:75 - [STDERR_REDIRECT] WARNING: Couldn't flush system prefs: java.util.prefs.BackingStoreException: Couldn't get file lock.
2025-10-09 20:35:00,943 [ERROR] LogOutputStream:75 - [STDERR_REDIRECT] 
2025-10-09 20:35:30,944 [ERROR] LogOutputStream:75 - [STDERR_REDIRECT] Oct 09, 2025 8:35:30 PM java.util.prefs.FileSystemPreferences checkLockFile0ErrorCode
2025-10-09 20:35:30,944 [ERROR] LogOutputStream:75 - [STDERR_REDIRECT] WARNING: Could not lock System prefs. Unix error code 2.
2025-10-09 20:35:30,944 [ERROR] LogOutputStream:75 - [STDERR_REDIRECT] 
2025-10-09 20:35:30,944 [ERROR] LogOutputStream:75 - [STDERR_REDIRECT] Oct 09, 2025 8:35:30 PM java.util.prefs.FileSystemPreferences syncWorld
2025-10-09 20:35:30,944 [ERROR] LogOutputStream:75 - [STDERR_REDIRECT] WARNING: Couldn't flush system prefs: java.util.prefs.BackingStoreException: Couldn't get file lock.
2025-10-09 20:35:30,944 [ERROR] LogOutputStream:75 - [STDERR_REDIRECT] 
2025-10-09 20:36:00,944 [ERROR] LogOutputStream:75 - [STDERR_REDIRECT] Oct 09, 2025 8:36:00 PM java.util.prefs.FileSystemPreferences checkLockFile0ErrorCode
2025-10-09 20:36:00,944 [ERROR] LogOutputStream:75 - [STDERR_REDIRECT] WARNING: Could not lock System prefs. Unix error code 2.
2025-10-09 20:36:00,944 [ERROR] LogOutputStream:75 - [STDERR_REDIRECT] 
2025-10-09 20:36:00,945 [ERROR] LogOutputStream:75 - [STDERR_REDIRECT] Oct 09, 2025 8:36:00 PM java.util.prefs.FileSystemPreferences syncWorld
2025-10-09 20:36:00,945 [ERROR] LogOutputStream:75 - [STDERR_REDIRECT] WARNING: Couldn't flush system prefs: java.util.prefs.BackingStoreException: Couldn't get file lock.
2025-10-09 20:36:00,945 [ERROR] LogOutputStream:75 - [STDERR_REDIRECT] 
2025-10-09 20:36:30,944 [ERROR] LogOutputStream:75 - [STDERR_REDIRECT] Oct 09, 2025 8:36:30 PM java.util.prefs.FileSystemPreferences checkLockFile0ErrorCode
2025-10-09 20:36:30,944 [ERROR] LogOutputStream:75 - [STDERR_REDIRECT] WARNING: Could not lock System prefs. Unix error code 2.
2025-10-09 20:36:30,944 [ERROR] LogOutputStream:75 - [STDERR_REDIRECT] 
2025-10-09 20:36:30,944 [ERROR] LogOutputStream:75 - [STDERR_REDIRECT] Oct 09, 2025 8:36:30 PM java.util.prefs.FileSystemPreferences syncWorld
2025-10-09 20:36:30,944 [ERROR] LogOutputStream:75 - [STDERR_REDIRECT] WARNING: Couldn't flush system prefs: java.util.prefs.BackingStoreException: Couldn't get file lock.
2025-10-09 20:36:30,944 [ERROR] LogOutputStream:75 - [STDERR_REDIRECT] 
2025-10-09 20:37:00,945 [ERROR] LogOutputStream:75 - [STDERR_REDIRECT] Oct 09, 2025 8:37:00 PM java.util.prefs.FileSystemPreferences checkLockFile0ErrorCode
2025-10-09 20:37:00,945 [ERROR] LogOutputStream:75 - [STDERR_REDIRECT] WARNING: Could not lock System prefs. Unix error code 2.
2025-10-09 20:37:00,945 [ERROR] LogOutputStream:75 - [STDERR_REDIRECT] 
2025-10-09 20:37:00,945 [ERROR] LogOutputStream:75 - [STDERR_REDIRECT] Oct 09, 2025 8:37:00 PM java.util.prefs.FileSystemPreferences syncWorld
2025-10-09 20:37:00,945 [ERROR] LogOutputStream:75 - [STDERR_REDIRECT] WARNING: Couldn't flush system prefs: java.util.prefs.BackingStoreException: Couldn't get file lock.
2025-10-09 20:37:00,945 [ERROR] LogOutputStream:75 - [STDERR_REDIRECT] 
2025-10-09 20:37:30,944 [ERROR] LogOutputStream:75 - [STDERR_REDIRECT] Oct 09, 2025 8:37:30 PM java.util.prefs.FileSystemPreferences checkLockFile0ErrorCode
2025-10-09 20:37:30,945 [ERROR] LogOutputStream:75 - [STDERR_REDIRECT] WARNING: Could not lock System prefs. Unix error code 2.
2025-10-09 20:37:30,945 [ERROR] LogOutputStream:75 - [STDERR_REDIRECT] 
2025-10-09 20:37:30,945 [ERROR] LogOutputStream:75 - [STDERR_REDIRECT] Oct 09, 2025 8:37:30 PM java.util.prefs.FileSystemPreferences syncWorld
2025-10-09 20:37:30,945 [ERROR] LogOutputStream:75 - [STDERR_REDIRECT] WARNING: Couldn't flush system prefs: java.util.prefs.BackingStoreException: Couldn't get file lock.
2025-10-09 20:37:30,945 [ERROR] LogOutputStream:75 - [STDERR_REDIRECT] 
2025-10-09 20:38:00,944 [ERROR] LogOutputStream:75 - [STDERR_REDIRECT] Oct 09, 2025 8:38:00 PM java.util.prefs.FileSystemPreferences checkLockFile0ErrorCode
2025-10-09 20:38:00,944 [ERROR] LogOutputStream:75 - [STDERR_REDIRECT] WARNING: Could not lock System prefs. Unix error code 2.
2025-10-09 20:38:00,944 [ERROR] LogOutputStream:75 - [STDERR_REDIRECT] 
2025-10-09 20:38:00,945 [ERROR] LogOutputStream:75 - [STDERR_REDIRECT] Oct 09, 2025 8:38:00 PM java.util.prefs.FileSystemPreferences syncWorld
2025-10-09 20:38:00,945 [ERROR] LogOutputStream:75 - [STDERR_REDIRECT] WARNING: Couldn't flush system prefs: java.util.prefs.BackingStoreException: Couldn't get file lock.
2025-10-09 20:38:00,945 [ERROR] LogOutputStream:75 - [STDERR_REDIRECT] 
2025-10-09 20:38:30,944 [ERROR] LogOutputStream:75 - [STDERR_REDIRECT] Oct 09, 2025 8:38:30 PM java.util.prefs.FileSystemPreferences checkLockFile0ErrorCode
2025-10-09 20:38:30,944 [ERROR] LogOutputStream:75 - [STDERR_REDIRECT] WARNING: Could not lock System prefs. Unix error code 2.
2025-10-09 20:38:30,944 [ERROR] LogOutputStream:75 - [STDERR_REDIRECT] 
2025-10-09 20:38:30,944 [ERROR] LogOutputStream:75 - [STDERR_REDIRECT] Oct 09, 2025 8:38:30 PM java.util.prefs.FileSystemPreferences syncWorld
2025-10-09 20:38:30,944 [ERROR] LogOutputStream:75 - [STDERR_REDIRECT] WARNING: Couldn't flush system prefs: java.util.prefs.BackingStoreException: Couldn't get file lock.
2025-10-09 20:38:30,944 [ERROR] LogOutputStream:75 - [STDERR_REDIRECT] 
2025-10-09 20:39:00,944 [ERROR] LogOutputStream:75 - [STDERR_REDIRECT] Oct 09, 2025 8:39:00 PM java.util.prefs.FileSystemPreferences checkLockFile0ErrorCode
2025-10-09 20:39:00,945 [ERROR] LogOutputStream:75 - [STDERR_REDIRECT] WARNING: Could not lock System prefs. Unix error code 2.
2025-10-09 20:39:00,945 [ERROR] LogOutputStream:75 - [STDERR_REDIRECT] 
2025-10-09 20:39:00,945 [ERROR] LogOutputStream:75 - [STDERR_REDIRECT] Oct 09, 2025 8:39:00 PM java.util.prefs.FileSystemPreferences syncWorld
2025-10-09 20:39:00,945 [ERROR] LogOutputStream:75 - [STDERR_REDIRECT] WARNING: Couldn't flush system prefs: java.util.prefs.BackingStoreException: Couldn't get file lock.
2025-10-09 20:39:00,945 [ERROR] LogOutputStream:75 - [STDERR_REDIRECT] 
2025-10-09 20:39:30,944 [ERROR] LogOutputStream:75 - [STDERR_REDIRECT] Oct 09, 2025 8:39:30 PM java.util.prefs.FileSystemPreferences checkLockFile0ErrorCode
2025-10-09 20:39:30,944 [ERROR] LogOutputStream:75 - [STDERR_REDIRECT] WARNING: Could not lock System prefs. Unix error code 2.
2025-10-09 20:39:30,944 [ERROR] LogOutputStream:75 - [STDERR_REDIRECT] 
2025-10-09 20:39:30,944 [ERROR] LogOutputStream:75 - [STDERR_REDIRECT] Oct 09, 2025 8:39:30 PM java.util.prefs.FileSystemPreferences syncWorld
2025-10-09 20:39:30,944 [ERROR] LogOutputStream:75 - [STDERR_REDIRECT] WARNING: Couldn't flush system prefs: java.util.prefs.BackingStoreException: Couldn't get file lock.
2025-10-09 20:39:30,944 [ERROR] LogOutputStream:75 - [STDERR_REDIRECT] 
2025-10-09 20:40:00,945 [ERROR] LogOutputStream:75 - [STDERR_REDIRECT] Oct 09, 2025 8:40:00 PM java.util.prefs.FileSystemPreferences checkLockFile0ErrorCode
2025-10-09 20:40:00,945 [ERROR] LogOutputStream:75 - [STDERR_REDIRECT] WARNING: Could not lock System prefs. Unix error code 2.
2025-10-09 20:40:00,945 [ERROR] LogOutputStream:75 - [STDERR_REDIRECT] 
2025-10-09 20:40:00,945 [ERROR] LogOutputStream:75 - [STDERR_REDIRECT] Oct 09, 2025 8:40:00 PM java.util.prefs.FileSystemPreferences syncWorld
2025-10-09 20:40:00,945 [ERROR] LogOutputStream:75 - [STDERR_REDIRECT] WARNING: Couldn't flush system prefs: java.util.prefs.BackingStoreException: Couldn't get file lock.
2025-10-09 20:40:00,945 [ERROR] LogOutputStream:75 - [STDERR_REDIRECT] 
2025-10-09 20:40:30,945 [ERROR] LogOutputStream:75 - [STDERR_REDIRECT] Oct 09, 2025 8:40:30 PM java.util.prefs.FileSystemPreferences checkLockFile0ErrorCode
2025-10-09 20:40:30,945 [ERROR] LogOutputStream:75 - [STDERR_REDIRECT] WARNING: Could not lock System prefs. Unix error code 2.
2025-10-09 20:40:30,945 [ERROR] LogOutputStream:75 - [STDERR_REDIRECT] 
2025-10-09 20:40:30,945 [ERROR] LogOutputStream:75 - [STDERR_REDIRECT] Oct 09, 2025 8:40:30 PM java.util.prefs.FileSystemPreferences syncWorld
2025-10-09 20:40:30,945 [ERROR] LogOutputStream:75 - [STDERR_REDIRECT] WARNING: Couldn't flush system prefs: java.util.prefs.BackingStoreException: Couldn't get file lock.
2025-10-09 20:40:30,945 [ERROR] LogOutputStream:75 - [STDERR_REDIRECT] 
2025-10-09 20:41:00,945 [ERROR] LogOutputStream:75 - [STDERR_REDIRECT] Oct 09, 2025 8:41:00 PM java.util.prefs.FileSystemPreferences checkLockFile0ErrorCode
2025-10-09 20:41:00,945 [ERROR] LogOutputStream:75 - [STDERR_REDIRECT] WARNING: Could not lock System prefs. Unix error code 2.
2025-10-09 20:41:00,945 [ERROR] LogOutputStream:75 - [STDERR_REDIRECT] 
2025-10-09 20:41:00,945 [ERROR] LogOutputStream:75 - [STDERR_REDIRECT] Oct 09, 2025 8:41:00 PM java.util.prefs.FileSystemPreferences syncWorld
2025-10-09 20:41:00,945 [ERROR] LogOutputStream:75 - [STDERR_REDIRECT] WARNING: Couldn't flush system prefs: java.util.prefs.BackingStoreException: Couldn't get file lock.
2025-10-09 20:41:00,945 [ERROR] LogOutputStream:75 - [STDERR_REDIRECT] 
2025-10-09 20:41:30,944 [ERROR] LogOutputStream:75 - [STDERR_REDIRECT] Oct 09, 2025 8:41:30 PM java.util.prefs.FileSystemPreferences checkLockFile0ErrorCode
2025-10-09 20:41:30,945 [ERROR] LogOutputStream:75 - [STDERR_REDIRECT] WARNING: Could not lock System prefs. Unix error code 2.
2025-10-09 20:41:30,945 [ERROR] LogOutputStream:75 - [STDERR_REDIRECT] 
2025-10-09 20:41:30,945 [ERROR] LogOutputStream:75 - [STDERR_REDIRECT] Oct 09, 2025 8:41:30 PM java.util.prefs.FileSystemPreferences syncWorld
2025-10-09 20:41:30,945 [ERROR] LogOutputStream:75 - [STDERR_REDIRECT] WARNING: Couldn't flush system prefs: java.util.prefs.BackingStoreException: Couldn't get file lock.
2025-10-09 20:41:30,945 [ERROR] LogOutputStream:75 - [STDERR_REDIRECT] 
2025-10-09 20:42:00,946 [ERROR] LogOutputStream:75 - [STDERR_REDIRECT] Oct 09, 2025 8:42:00 PM java.util.prefs.FileSystemPreferences checkLockFile0ErrorCode
2025-10-09 20:42:00,946 [ERROR] LogOutputStream:75 - [STDERR_REDIRECT] WARNING: Could not lock System prefs. Unix error code 2.
2025-10-09 20:42:00,946 [ERROR] LogOutputStream:75 - [STDERR_REDIRECT] 
2025-10-09 20:42:00,946 [ERROR] LogOutputStream:75 - [STDERR_REDIRECT] Oct 09, 2025 8:42:00 PM java.util.prefs.FileSystemPreferences syncWorld
2025-10-09 20:42:00,946 [ERROR] LogOutputStream:75 - [STDERR_REDIRECT] WARNING: Couldn't flush system prefs: java.util.prefs.BackingStoreException: Couldn't get file lock.
2025-10-09 20:42:00,946 [ERROR] LogOutputStream:75 - [STDERR_REDIRECT] 
2025-10-09 20:42:30,947 [ERROR] LogOutputStream:75 - [STDERR_REDIRECT] Oct 09, 2025 8:42:30 PM java.util.prefs.FileSystemPreferences checkLockFile0ErrorCode
2025-10-09 20:42:30,947 [ERROR] LogOutputStream:75 - [STDERR_REDIRECT] WARNING: Could not lock System prefs. Unix error code 2.
2025-10-09 20:42:30,947 [ERROR] LogOutputStream:75 - [STDERR_REDIRECT] 
2025-10-09 20:42:30,947 [ERROR] LogOutputStream:75 - [STDERR_REDIRECT] Oct 09, 2025 8:42:30 PM java.util.prefs.FileSystemPreferences syncWorld
2025-10-09 20:42:30,947 [ERROR] LogOutputStream:75 - [STDERR_REDIRECT] WARNING: Couldn't flush system prefs: java.util.prefs.BackingStoreException: Couldn't get file lock.
2025-10-09 20:42:30,947 [ERROR] LogOutputStream:75 - [STDERR_REDIRECT] 
2025-10-09 20:43:00,947 [ERROR] LogOutputStream:75 - [STDERR_REDIRECT] Oct 09, 2025 8:43:00 PM java.util.prefs.FileSystemPreferences checkLockFile0ErrorCode
2025-10-09 20:43:00,948 [ERROR] LogOutputStream:75 - [STDERR_REDIRECT] WARNING: Could not lock System prefs. Unix error code 2.
2025-10-09 20:43:00,948 [ERROR] LogOutputStream:75 - [STDERR_REDIRECT] 
2025-10-09 20:43:00,948 [ERROR] LogOutputStream:75 - [STDERR_REDIRECT] Oct 09, 2025 8:43:00 PM java.util.prefs.FileSystemPreferences syncWorld
2025-10-09 20:43:00,948 [ERROR] LogOutputStream:75 - [STDERR_REDIRECT] WARNING: Couldn't flush system prefs: java.util.prefs.BackingStoreException: Couldn't get file lock.
2025-10-09 20:43:00,948 [ERROR] LogOutputStream:75 - [STDERR_REDIRECT] 
2025-10-09 20:43:30,947 [ERROR] LogOutputStream:75 - [STDERR_REDIRECT] Oct 09, 2025 8:43:30 PM java.util.prefs.FileSystemPreferences checkLockFile0ErrorCode
2025-10-09 20:43:30,947 [ERROR] LogOutputStream:75 - [STDERR_REDIRECT] WARNING: Could not lock System prefs. Unix error code 2.
2025-10-09 20:43:30,948 [ERROR] LogOutputStream:75 - [STDERR_REDIRECT] 
2025-10-09 20:43:30,948 [ERROR] LogOutputStream:75 - [STDERR_REDIRECT] Oct 09, 2025 8:43:30 PM java.util.prefs.FileSystemPreferences syncWorld
2025-10-09 20:43:30,948 [ERROR] LogOutputStream:75 - [STDERR_REDIRECT] WARNING: Couldn't flush system prefs: java.util.prefs.BackingStoreException: Couldn't get file lock.
2025-10-09 20:43:30,948 [ERROR] LogOutputStream:75 - [STDERR_REDIRECT] 
2025-10-09 20:44:00,947 [ERROR] LogOutputStream:75 - [STDERR_REDIRECT] Oct 09, 2025 8:44:00 PM java.util.prefs.FileSystemPreferences checkLockFile0ErrorCode
2025-10-09 20:44:00,947 [ERROR] LogOutputStream:75 - [STDERR_REDIRECT] WARNING: Could not lock System prefs. Unix error code 2.
2025-10-09 20:44:00,947 [ERROR] LogOutputStream:75 - [STDERR_REDIRECT] 
2025-10-09 20:44:00,947 [ERROR] LogOutputStream:75 - [STDERR_REDIRECT] Oct 09, 2025 8:44:00 PM java.util.prefs.FileSystemPreferences syncWorld
2025-10-09 20:44:00,947 [ERROR] LogOutputStream:75 - [STDERR_REDIRECT] WARNING: Couldn't flush system prefs: java.util.prefs.BackingStoreException: Couldn't get file lock.
2025-10-09 20:44:00,947 [ERROR] LogOutputStream:75 - [STDERR_REDIRECT] 
2025-10-09 20:44:30,948 [ERROR] LogOutputStream:75 - [STDERR_REDIRECT] Oct 09, 2025 8:44:30 PM java.util.prefs.FileSystemPreferences checkLockFile0ErrorCode
2025-10-09 20:44:30,948 [ERROR] LogOutputStream:75 - [STDERR_REDIRECT] WARNING: Could not lock System prefs. Unix error code 2.
2025-10-09 20:44:30,948 [ERROR] LogOutputStream:75 - [STDERR_REDIRECT] 
2025-10-09 20:44:30,949 [ERROR] LogOutputStream:75 - [STDERR_REDIRECT] Oct 09, 2025 8:44:30 PM java.util.prefs.FileSystemPreferences syncWorld
2025-10-09 20:44:30,949 [ERROR] LogOutputStream:75 - [STDERR_REDIRECT] WARNING: Couldn't flush system prefs: java.util.prefs.BackingStoreException: Couldn't get file lock.
2025-10-09 20:44:30,949 [ERROR] LogOutputStream:75 - [STDERR_REDIRECT] 
2025-10-09 20:45:00,949 [ERROR] LogOutputStream:75 - [STDERR_REDIRECT] Oct 09, 2025 8:45:00 PM java.util.prefs.FileSystemPreferences checkLockFile0ErrorCode
2025-10-09 20:45:00,949 [ERROR] LogOutputStream:75 - [STDERR_REDIRECT] WARNING: Could not lock System prefs. Unix error code 2.
2025-10-09 20:45:00,949 [ERROR] LogOutputStream:75 - [STDERR_REDIRECT] 
2025-10-09 20:45:00,949 [ERROR] LogOutputStream:75 - [STDERR_REDIRECT] Oct 09, 2025 8:45:00 PM java.util.prefs.FileSystemPreferences syncWorld
2025-10-09 20:45:00,949 [ERROR] LogOutputStream:75 - [STDERR_REDIRECT] WARNING: Couldn't flush system prefs: java.util.prefs.BackingStoreException: Couldn't get file lock.
2025-10-09 20:45:00,950 [ERROR] LogOutputStream:75 - [STDERR_REDIRECT] 
2025-10-09 20:45:30,948 [ERROR] LogOutputStream:75 - [STDERR_REDIRECT] Oct 09, 2025 8:45:30 PM java.util.prefs.FileSystemPreferences checkLockFile0ErrorCode
2025-10-09 20:45:30,949 [ERROR] LogOutputStream:75 - [STDERR_REDIRECT] WARNING: Could not lock System prefs. Unix error code 2.
2025-10-09 20:45:30,949 [ERROR] LogOutputStream:75 - [STDERR_REDIRECT] 
2025-10-09 20:45:30,949 [ERROR] LogOutputStream:75 - [STDERR_REDIRECT] Oct 09, 2025 8:45:30 PM java.util.prefs.FileSystemPreferences syncWorld
2025-10-09 20:45:30,949 [ERROR] LogOutputStream:75 - [STDERR_REDIRECT] WARNING: Couldn't flush system prefs: java.util.prefs.BackingStoreException: Couldn't get file lock.
2025-10-09 20:45:30,949 [ERROR] LogOutputStream:75 - [STDERR_REDIRECT] 
2025-10-09 20:46:00,950 [ERROR] LogOutputStream:75 - [STDERR_REDIRECT] Oct 09, 2025 8:46:00 PM java.util.prefs.FileSystemPreferences checkLockFile0ErrorCode
2025-10-09 20:46:00,950 [ERROR] LogOutputStream:75 - [STDERR_REDIRECT] WARNING: Could not lock System prefs. Unix error code 2.
2025-10-09 20:46:00,950 [ERROR] LogOutputStream:75 - [STDERR_REDIRECT] 
2025-10-09 20:46:00,950 [ERROR] LogOutputStream:75 - [STDERR_REDIRECT] Oct 09, 2025 8:46:00 PM java.util.prefs.FileSystemPreferences syncWorld
2025-10-09 20:46:00,950 [ERROR] LogOutputStream:75 - [STDERR_REDIRECT] WARNING: Couldn't flush system prefs: java.util.prefs.BackingStoreException: Couldn't get file lock.
2025-10-09 20:46:00,951 [ERROR] LogOutputStream:75 - [STDERR_REDIRECT] 
2025-10-09 20:46:30,950 [ERROR] LogOutputStream:75 - [STDERR_REDIRECT] Oct 09, 2025 8:46:30 PM java.util.prefs.FileSystemPreferences checkLockFile0ErrorCode
2025-10-09 20:46:30,950 [ERROR] LogOutputStream:75 - [STDERR_REDIRECT] WARNING: Could not lock System prefs. Unix error code 2.
2025-10-09 20:46:30,950 [ERROR] LogOutputStream:75 - [STDERR_REDIRECT] 
2025-10-09 20:46:30,951 [ERROR] LogOutputStream:75 - [STDERR_REDIRECT] Oct 09, 2025 8:46:30 PM java.util.prefs.FileSystemPreferences syncWorld
2025-10-09 20:46:30,951 [ERROR] LogOutputStream:75 - [STDERR_REDIRECT] WARNING: Couldn't flush system prefs: java.util.prefs.BackingStoreException: Couldn't get file lock.
2025-10-09 20:46:30,951 [ERROR] LogOutputStream:75 - [STDERR_REDIRECT] 
2025-10-09 20:47:00,950 [ERROR] LogOutputStream:75 - [STDERR_REDIRECT] Oct 09, 2025 8:47:00 PM java.util.prefs.FileSystemPreferences checkLockFile0ErrorCode
2025-10-09 20:47:00,950 [ERROR] LogOutputStream:75 - [STDERR_REDIRECT] WARNING: Could not lock System prefs. Unix error code 2.
2025-10-09 20:47:00,950 [ERROR] LogOutputStream:75 - [STDERR_REDIRECT] 
2025-10-09 20:47:00,950 [ERROR] LogOutputStream:75 - [STDERR_REDIRECT] Oct 09, 2025 8:47:00 PM java.util.prefs.FileSystemPreferences syncWorld
2025-10-09 20:47:00,951 [ERROR] LogOutputStream:75 - [STDERR_REDIRECT] WARNING: Couldn't flush system prefs: java.util.prefs.BackingStoreException: Couldn't get file lock.
2025-10-09 20:47:00,951 [ERROR] LogOutputStream:75 - [STDERR_REDIRECT] 
2025-10-09 20:47:30,950 [ERROR] LogOutputStream:75 - [STDERR_REDIRECT] Oct 09, 2025 8:47:30 PM java.util.prefs.FileSystemPreferences checkLockFile0ErrorCode
2025-10-09 20:47:30,950 [ERROR] LogOutputStream:75 - [STDERR_REDIRECT] WARNING: Could not lock System prefs. Unix error code 2.
2025-10-09 20:47:30,950 [ERROR] LogOutputStream:75 - [STDERR_REDIRECT] 
2025-10-09 20:47:30,950 [ERROR] LogOutputStream:75 - [STDERR_REDIRECT] Oct 09, 2025 8:47:30 PM java.util.prefs.FileSystemPreferences syncWorld
2025-10-09 20:47:30,951 [ERROR] LogOutputStream:75 - [STDERR_REDIRECT] WARNING: Couldn't flush system prefs: java.util.prefs.BackingStoreException: Couldn't get file lock.
2025-10-09 20:47:30,951 [ERROR] LogOutputStream:75 - [STDERR_REDIRECT] 
2025-10-09 20:48:00,950 [ERROR] LogOutputStream:75 - [STDERR_REDIRECT] Oct 09, 2025 8:48:00 PM java.util.prefs.FileSystemPreferences checkLockFile0ErrorCode
2025-10-09 20:48:00,950 [ERROR] LogOutputStream:75 - [STDERR_REDIRECT] WARNING: Could not lock System prefs. Unix error code 2.
2025-10-09 20:48:00,961 [ERROR] LogOutputStream:75 - [STDERR_REDIRECT] 
2025-10-09 20:48:00,962 [ERROR] LogOutputStream:75 - [STDERR_REDIRECT] Oct 09, 2025 8:48:00 PM java.util.prefs.FileSystemPreferences syncWorld
2025-10-09 20:48:00,962 [ERROR] LogOutputStream:75 - [STDERR_REDIRECT] WARNING: Couldn't flush system prefs: java.util.prefs.BackingStoreException: Couldn't get file lock.
2025-10-09 20:48:00,962 [ERROR] LogOutputStream:75 - [STDERR_REDIRECT] 
2025-10-09 20:48:30,950 [ERROR] LogOutputStream:75 - [STDERR_REDIRECT] Oct 09, 2025 8:48:30 PM java.util.prefs.FileSystemPreferences checkLockFile0ErrorCode
2025-10-09 20:48:30,951 [ERROR] LogOutputStream:75 - [STDERR_REDIRECT] WARNING: Could not lock System prefs. Unix error code 2.
2025-10-09 20:48:30,951 [ERROR] LogOutputStream:75 - [STDERR_REDIRECT] 
2025-10-09 20:48:30,951 [ERROR] LogOutputStream:75 - [STDERR_REDIRECT] Oct 09, 2025 8:48:30 PM java.util.prefs.FileSystemPreferences syncWorld
2025-10-09 20:48:30,951 [ERROR] LogOutputStream:75 - [STDERR_REDIRECT] WARNING: Couldn't flush system prefs: java.util.prefs.BackingStoreException: Couldn't get file lock.
2025-10-09 20:48:30,951 [ERROR] LogOutputStream:75 - [STDERR_REDIRECT] 
2025-10-09 20:49:00,950 [ERROR] LogOutputStream:75 - [STDERR_REDIRECT] Oct 09, 2025 8:49:00 PM java.util.prefs.FileSystemPreferences checkLockFile0ErrorCode
2025-10-09 20:49:00,950 [ERROR] LogOutputStream:75 - [STDERR_REDIRECT] WARNING: Could not lock System prefs. Unix error code 2.
2025-10-09 20:49:00,950 [ERROR] LogOutputStream:75 - [STDERR_REDIRECT] 
2025-10-09 20:49:00,950 [ERROR] LogOutputStream:75 - [STDERR_REDIRECT] Oct 09, 2025 8:49:00 PM java.util.prefs.FileSystemPreferences syncWorld
2025-10-09 20:49:00,950 [ERROR] LogOutputStream:75 - [STDERR_REDIRECT] WARNING: Couldn't flush system prefs: java.util.prefs.BackingStoreException: Couldn't get file lock.
2025-10-09 20:49:00,950 [ERROR] LogOutputStream:75 - [STDERR_REDIRECT] 
2025-10-09 20:49:30,951 [ERROR] LogOutputStream:75 - [STDERR_REDIRECT] Oct 09, 2025 8:49:30 PM java.util.prefs.FileSystemPreferences checkLockFile0ErrorCode
2025-10-09 20:49:30,951 [ERROR] LogOutputStream:75 - [STDERR_REDIRECT] WARNING: Could not lock System prefs. Unix error code 2.
2025-10-09 20:49:30,951 [ERROR] LogOutputStream:75 - [STDERR_REDIRECT] 
2025-10-09 20:49:30,951 [ERROR] LogOutputStream:75 - [STDERR_REDIRECT] Oct 09, 2025 8:49:30 PM java.util.prefs.FileSystemPreferences syncWorld
2025-10-09 20:49:30,952 [ERROR] LogOutputStream:75 - [STDERR_REDIRECT] WARNING: Couldn't flush system prefs: java.util.prefs.BackingStoreException: Couldn't get file lock.
2025-10-09 20:49:30,952 [ERROR] LogOutputStream:75 - [STDERR_REDIRECT] 
2025-10-09 20:50:00,951 [ERROR] LogOutputStream:75 - [STDERR_REDIRECT] Oct 09, 2025 8:50:00 PM java.util.prefs.FileSystemPreferences checkLockFile0ErrorCode
2025-10-09 20:50:00,951 [ERROR] LogOutputStream:75 - [STDERR_REDIRECT] WARNING: Could not lock System prefs. Unix error code 2.
2025-10-09 20:50:00,951 [ERROR] LogOutputStream:75 - [STDERR_REDIRECT] 
2025-10-09 20:50:00,951 [ERROR] LogOutputStream:75 - [STDERR_REDIRECT] Oct 09, 2025 8:50:00 PM java.util.prefs.FileSystemPreferences syncWorld
2025-10-09 20:50:00,951 [ERROR] LogOutputStream:75 - [STDERR_REDIRECT] WARNING: Couldn't flush system prefs: java.util.prefs.BackingStoreException: Couldn't get file lock.
2025-10-09 20:50:00,951 [ERROR] LogOutputStream:75 - [STDERR_REDIRECT] 
2025-10-09 20:50:30,952 [ERROR] LogOutputStream:75 - [STDERR_REDIRECT] Oct 09, 2025 8:50:30 PM java.util.prefs.FileSystemPreferences checkLockFile0ErrorCode
2025-10-09 20:50:30,952 [ERROR] LogOutputStream:75 - [STDERR_REDIRECT] WARNING: Could not lock System prefs. Unix error code 2.
2025-10-09 20:50:30,952 [ERROR] LogOutputStream:75 - [STDERR_REDIRECT] 
2025-10-09 20:50:30,953 [ERROR] LogOutputStream:75 - [STDERR_REDIRECT] Oct 09, 2025 8:50:30 PM java.util.prefs.FileSystemPreferences syncWorld
2025-10-09 20:50:30,953 [ERROR] LogOutputStream:75 - [STDERR_REDIRECT] WARNING: Couldn't flush system prefs: java.util.prefs.BackingStoreException: Couldn't get file lock.
2025-10-09 20:50:30,953 [ERROR] LogOutputStream:75 - [STDERR_REDIRECT] 
2025-10-09 20:51:00,951 [ERROR] LogOutputStream:75 - [STDERR_REDIRECT] Oct 09, 2025 8:51:00 PM java.util.prefs.FileSystemPreferences checkLockFile0ErrorCode
2025-10-09 20:51:00,951 [ERROR] LogOutputStream:75 - [STDERR_REDIRECT] WARNING: Could not lock System prefs. Unix error code 2.
2025-10-09 20:51:00,951 [ERROR] LogOutputStream:75 - [STDERR_REDIRECT] 
2025-10-09 20:51:00,952 [ERROR] LogOutputStream:75 - [STDERR_REDIRECT] Oct 09, 2025 8:51:00 PM java.util.prefs.FileSystemPreferences syncWorld
2025-10-09 20:51:00,952 [ERROR] LogOutputStream:75 - [STDERR_REDIRECT] WARNING: Couldn't flush system prefs: java.util.prefs.BackingStoreException: Couldn't get file lock.
2025-10-09 20:51:00,952 [ERROR] LogOutputStream:75 - [STDERR_REDIRECT] 
2025-10-09 20:51:30,952 [ERROR] LogOutputStream:75 - [STDERR_REDIRECT] Oct 09, 2025 8:51:30 PM java.util.prefs.FileSystemPreferences checkLockFile0ErrorCode
2025-10-09 20:51:30,952 [ERROR] LogOutputStream:75 - [STDERR_REDIRECT] WARNING: Could not lock System prefs. Unix error code 2.
2025-10-09 20:51:30,952 [ERROR] LogOutputStream:75 - [STDERR_REDIRECT] 
2025-10-09 20:51:30,952 [ERROR] LogOutputStream:75 - [STDERR_REDIRECT] Oct 09, 2025 8:51:30 PM java.util.prefs.FileSystemPreferences syncWorld
2025-10-09 20:51:30,952 [ERROR] LogOutputStream:75 - [STDERR_REDIRECT] WARNING: Couldn't flush system prefs: java.util.prefs.BackingStoreException: Couldn't get file lock.
2025-10-09 20:51:30,953 [ERROR] LogOutputStream:75 - [STDERR_REDIRECT] 
2025-10-09 20:52:00,962 [ERROR] LogOutputStream:75 - [STDERR_REDIRECT] Oct 09, 2025 8:52:00 PM java.util.prefs.FileSystemPreferences checkLockFile0ErrorCode
2025-10-09 20:52:00,963 [ERROR] LogOutputStream:75 - [STDERR_REDIRECT] WARNING: Could not lock System prefs. Unix error code 2.
2025-10-09 20:52:00,963 [ERROR] LogOutputStream:75 - [STDERR_REDIRECT] 
2025-10-09 20:52:00,963 [ERROR] LogOutputStream:75 - [STDERR_REDIRECT] Oct 09, 2025 8:52:00 PM java.util.prefs.FileSystemPreferences syncWorld
2025-10-09 20:52:00,963 [ERROR] LogOutputStream:75 - [STDERR_REDIRECT] WARNING: Couldn't flush system prefs: java.util.prefs.BackingStoreException: Couldn't get file lock.
2025-10-09 20:52:00,963 [ERROR] LogOutputStream:75 - [STDERR_REDIRECT] 
2025-10-09 20:52:30,951 [ERROR] LogOutputStream:75 - [STDERR_REDIRECT] Oct 09, 2025 8:52:30 PM java.util.prefs.FileSystemPreferences checkLockFile0ErrorCode
2025-10-09 20:52:30,951 [ERROR] LogOutputStream:75 - [STDERR_REDIRECT] WARNING: Could not lock System prefs. Unix error code 2.
2025-10-09 20:52:30,951 [ERROR] LogOutputStream:75 - [STDERR_REDIRECT] 
2025-10-09 20:52:30,951 [ERROR] LogOutputStream:75 - [STDERR_REDIRECT] Oct 09, 2025 8:52:30 PM java.util.prefs.FileSystemPreferences syncWorld
2025-10-09 20:52:30,951 [ERROR] LogOutputStream:75 - [STDERR_REDIRECT] WARNING: Couldn't flush system prefs: java.util.prefs.BackingStoreException: Couldn't get file lock.
2025-10-09 20:52:30,951 [ERROR] LogOutputStream:75 - [STDERR_REDIRECT] 
2025-10-09 20:53:00,951 [ERROR] LogOutputStream:75 - [STDERR_REDIRECT] Oct 09, 2025 8:53:00 PM java.util.prefs.FileSystemPreferences checkLockFile0ErrorCode
2025-10-09 20:53:00,951 [ERROR] LogOutputStream:75 - [STDERR_REDIRECT] WARNING: Could not lock System prefs. Unix error code 2.
2025-10-09 20:53:00,951 [ERROR] LogOutputStream:75 - [STDERR_REDIRECT] 
2025-10-09 20:53:00,952 [ERROR] LogOutputStream:75 - [STDERR_REDIRECT] Oct 09, 2025 8:53:00 PM java.util.prefs.FileSystemPreferences syncWorld
2025-10-09 20:53:00,952 [ERROR] LogOutputStream:75 - [STDERR_REDIRECT] WARNING: Couldn't flush system prefs: java.util.prefs.BackingStoreException: Couldn't get file lock.
2025-10-09 20:53:00,952 [ERROR] LogOutputStream:75 - [STDERR_REDIRECT] 
2025-10-09 20:53:30,951 [ERROR] LogOutputStream:75 - [STDERR_REDIRECT] Oct 09, 2025 8:53:30 PM java.util.prefs.FileSystemPreferences checkLockFile0ErrorCode
2025-10-09 20:53:30,951 [ERROR] LogOutputStream:75 - [STDERR_REDIRECT] WARNING: Could not lock System prefs. Unix error code 2.
2025-10-09 20:53:30,951 [ERROR] LogOutputStream:75 - [STDERR_REDIRECT] 
2025-10-09 20:53:30,952 [ERROR] LogOutputStream:75 - [STDERR_REDIRECT] Oct 09, 2025 8:53:30 PM java.util.prefs.FileSystemPreferences syncWorld
2025-10-09 20:53:30,952 [ERROR] LogOutputStream:75 - [STDERR_REDIRECT] WARNING: Couldn't flush system prefs: java.util.prefs.BackingStoreException: Couldn't get file lock.
2025-10-09 20:53:30,952 [ERROR] LogOutputStream:75 - [STDERR_REDIRECT] 
2025-10-09 20:54:00,952 [ERROR] LogOutputStream:75 - [STDERR_REDIRECT] Oct 09, 2025 8:54:00 PM java.util.prefs.FileSystemPreferences checkLockFile0ErrorCode
2025-10-09 20:54:00,952 [ERROR] LogOutputStream:75 - [STDERR_REDIRECT] WARNING: Could not lock System prefs. Unix error code 2.
2025-10-09 20:54:00,952 [ERROR] LogOutputStream:75 - [STDERR_REDIRECT] 
2025-10-09 20:54:00,953 [ERROR] LogOutputStream:75 - [STDERR_REDIRECT] Oct 09, 2025 8:54:00 PM java.util.prefs.FileSystemPreferences syncWorld
2025-10-09 20:54:00,953 [ERROR] LogOutputStream:75 - [STDERR_REDIRECT] WARNING: Couldn't flush system prefs: java.util.prefs.BackingStoreException: Couldn't get file lock.
2025-10-09 20:54:00,953 [ERROR] LogOutputStream:75 - [STDERR_REDIRECT] 
2025-10-09 20:54:30,954 [ERROR] LogOutputStream:75 - [STDERR_REDIRECT] Oct 09, 2025 8:54:30 PM java.util.prefs.FileSystemPreferences checkLockFile0ErrorCode
2025-10-09 20:54:30,954 [ERROR] LogOutputStream:75 - [STDERR_REDIRECT] WARNING: Could not lock System prefs. Unix error code 2.
2025-10-09 20:54:30,965 [ERROR] LogOutputStream:75 - [STDERR_REDIRECT] 
2025-10-09 20:54:30,966 [ERROR] LogOutputStream:75 - [STDERR_REDIRECT] Oct 09, 2025 8:54:30 PM java.util.prefs.FileSystemPreferences syncWorld
2025-10-09 20:54:30,966 [ERROR] LogOutputStream:75 - [STDERR_REDIRECT] WARNING: Couldn't flush system prefs: java.util.prefs.BackingStoreException: Couldn't get file lock.
2025-10-09 20:54:30,966 [ERROR] LogOutputStream:75 - [STDERR_REDIRECT] 
2025-10-09 20:54:56,157 [ERROR] LogOutputStream:75 - [STDERR_REDIRECT] 
2025-10-09 20:54:56,158 [ERROR] LogOutputStream:75 - [STDERR_REDIRECT] 
