2025-09-28 09:26:54,338 [INFO] Activator:176 - 


2025-09-28 09:26:54,340 [INFO] Activator:177 - !SESSION log4j initialized
2025-09-28 09:26:56,097 [INFO] LogOutputStream:77 - [STDOUT_REDIRECT] 
2025-09-28 09:26:57,203 [INFO] ApplicationProperties:184 - Using Application install path: /opt/st/stm32cubeide_1.19.0/plugins/com.st.stm32cube.common.mx_6.15.0.202507011659
2025-09-28 09:26:57,211 [INFO] DbMcusXml:78 - Set database path to: /opt/st/stm32cubeide_1.19.0/plugins/com.st.stm32cube.common.mx_6.15.0.202507011659//db//mcu/
2025-09-28 09:26:57,211 [INFO] ApiDb:274 - Set plugin database path to: /opt/st/stm32cubeide_1.19.0/plugins/com.st.stm32cube.common.mx_6.15.0.202507011659//db//plugins/boardmanager/
2025-09-28 09:26:57,212 [WARN] ApiDb:259 - Overriding images path with different value:  => /opt/st/stm32cubeide_1.19.0/plugins/com.st.stm32cube.common.mx_6.15.0.202507011659//db//plugins/mcufinder/images/
2025-09-28 09:26:57,214 [INFO] ApiDb:250 - Set database path to: /home/tomas1908/.stmcufinder/plugins/mcufinder//mcu/
2025-09-28 09:26:57,214 [INFO] DbMcusAds:125 - Set database path to: /home/tomas1908/.stmcufinder/plugins/mcufinder//mcu/
2025-09-28 09:26:57,215 [INFO] CrossReferenceDbSqlite:203 - Set database path to: /home/tomas1908/.stmcufinder/plugins/mcufinder//mcu/cs/
2025-09-28 09:26:57,285 [INFO] RulesReader:64 - Compatibility file has been processed (317 Rules)
2025-09-28 09:26:57,316 [INFO] DbMcusXml:78 - Set database path to: /opt/st/stm32cubeide_1.19.0/plugins/com.st.stm32cube.common.mx_6.15.0.202507011659//db//mcu/
2025-09-28 09:26:57,316 [INFO] ApiDb:274 - Set plugin database path to: /opt/st/stm32cubeide_1.19.0/plugins/com.st.stm32cube.common.mx_6.15.0.202507011659//db//plugins/boardmanager/
2025-09-28 09:26:57,316 [INFO] ApiDb:261 - Set plugin images path to: /opt/st/stm32cubeide_1.19.0/plugins/com.st.stm32cube.common.mx_6.15.0.202507011659//db//plugins/mcufinder/images/
2025-09-28 09:26:57,316 [WARN] DbFile:41 - Overriding database path with different value: /home/tomas1908/.stmcufinder/plugins/mcufinder/ => /home/tomas1908/.stmcufinder/plugins/mcufinder
2025-09-28 09:26:57,316 [INFO] ApiDb:250 - Set database path to: /home/tomas1908/.stmcufinder/plugins/mcufinder//mcu/
2025-09-28 09:26:57,316 [WARN] DbFile:41 - Overriding database path with different value: /home/tomas1908/.stmcufinder/plugins/mcufinder/ => /home/tomas1908/.stmcufinder/plugins/mcufinder
2025-09-28 09:26:57,316 [INFO] DbMcusAds:125 - Set database path to: /home/tomas1908/.stmcufinder/plugins/mcufinder//mcu/
2025-09-28 09:26:57,316 [WARN] DbFile:41 - Overriding database path with different value: /home/tomas1908/.stmcufinder/plugins/mcufinder/ => /home/tomas1908/.stmcufinder/plugins/mcufinder
2025-09-28 09:26:57,316 [WARN] DbFile:41 - Overriding database path with different value: /home/tomas1908/.stmcufinder/plugins/mcufinder/ => /home/tomas1908/.stmcufinder/plugins/mcufinder
2025-09-28 09:26:57,316 [INFO] CrossReferenceDbSqlite:203 - Set database path to: /home/tomas1908/.stmcufinder/plugins/mcufinder//mcu/cs/
2025-09-28 09:26:57,348 [INFO] MainPanel:274 - HeapMemory: 268435456
2025-09-28 09:26:57,405 [INFO] DbMcusXml:78 - Set database path to: /opt/st/stm32cubeide_1.19.0/plugins/com.st.stm32cube.common.mx_6.15.0.202507011659//db//mcu/
2025-09-28 09:26:57,405 [INFO] ApiDb:274 - Set plugin database path to: /opt/st/stm32cubeide_1.19.0/plugins/com.st.stm32cube.common.mx_6.15.0.202507011659//db//plugins/boardmanager/
2025-09-28 09:26:57,405 [INFO] ApiDb:261 - Set plugin images path to: /opt/st/stm32cubeide_1.19.0/plugins/com.st.stm32cube.common.mx_6.15.0.202507011659//db//plugins/mcufinder/images/
2025-09-28 09:26:57,405 [WARN] DbFile:41 - Overriding database path with different value: /home/tomas1908/.stmcufinder/plugins/mcufinder/ => /home/tomas1908/.stmcufinder/plugins/mcufinder
2025-09-28 09:26:57,405 [INFO] ApiDb:250 - Set database path to: /home/tomas1908/.stmcufinder/plugins/mcufinder//mcu/
2025-09-28 09:26:57,405 [WARN] DbFile:41 - Overriding database path with different value: /home/tomas1908/.stmcufinder/plugins/mcufinder/ => /home/tomas1908/.stmcufinder/plugins/mcufinder
2025-09-28 09:26:57,405 [INFO] DbMcusAds:125 - Set database path to: /home/tomas1908/.stmcufinder/plugins/mcufinder//mcu/
2025-09-28 09:26:57,405 [WARN] DbFile:41 - Overriding database path with different value: /home/tomas1908/.stmcufinder/plugins/mcufinder/ => /home/tomas1908/.stmcufinder/plugins/mcufinder
2025-09-28 09:26:57,405 [WARN] DbFile:41 - Overriding database path with different value: /home/tomas1908/.stmcufinder/plugins/mcufinder/ => /home/tomas1908/.stmcufinder/plugins/mcufinder
2025-09-28 09:26:57,405 [INFO] CrossReferenceDbSqlite:203 - Set database path to: /home/tomas1908/.stmcufinder/plugins/mcufinder//mcu/cs/
2025-09-28 09:26:57,413 [INFO] ApplicationProperties:184 - Using Application install path: /opt/st/stm32cubeide_1.19.0/plugins/com.st.stm32cube.common.mx_6.15.0.202507011659
2025-09-28 09:26:57,414 [INFO] PluginManage:196 - Search for loadable plugins [exclusion list=, ]
2025-09-28 09:26:57,415 [INFO] PluginManage:310 - Check plugin analytics
2025-09-28 09:26:57,503 [INFO] AnalyticsPlugin:253 - Accepted Software Licenses: 
2025-09-28 09:26:57,503 [INFO] AnalyticsPlugin:255 - Accepted CMSIS Pack Licenses: 
2025-09-28 09:26:57,503 [INFO] AnalyticsPlugin:257 - Accepted Firmware Licenses: FW.F4.1.28.0
2025-09-28 09:26:57,505 [INFO] PluginManage:359 - Loaded plugin analytics (category:tool,tabindex:-1)
2025-09-28 09:26:57,505 [INFO] PluginManage:310 - Check plugin cadmodel
2025-09-28 09:26:57,507 [INFO] CADModel:105 - Init CAD model plugin
2025-09-28 09:26:57,508 [INFO] PluginManage:359 - Loaded plugin cadmodel (category:power,tabindex:5)
2025-09-28 09:26:57,508 [INFO] PluginManage:310 - Check plugin clock
2025-09-28 09:26:57,513 [INFO] PluginManage:359 - Loaded plugin clock (category:base,tabindex:2)
2025-09-28 09:26:57,513 [INFO] PluginManage:310 - Check plugin ddr
2025-09-28 09:26:57,514 [INFO] PluginManage:359 - Loaded plugin ddr (category:tool,tabindex:6)
2025-09-28 09:26:57,514 [INFO] PluginManage:310 - Check plugin filemanager
2025-09-28 09:26:57,606 [INFO] PluginManage:359 - Loaded plugin filemanager (category:base,tabindex:10)
2025-09-28 09:26:57,606 [INFO] PluginManage:310 - Check plugin ipmanager
2025-09-28 09:26:57,609 [INFO] PluginManage:359 - Loaded plugin ipmanager (category:base,tabindex:5)
2025-09-28 09:26:57,609 [INFO] PluginManage:310 - Check plugin lpbam
2025-09-28 09:26:57,614 [INFO] PluginManage:359 - Loaded plugin lpbam (category:base,tabindex:0)
2025-09-28 09:26:57,614 [INFO] PluginManage:310 - Check plugin memorymap
2025-09-28 09:26:57,620 [INFO] PluginManage:359 - Loaded plugin memorymap (category:base,tabindex:4)
2025-09-28 09:26:57,620 [INFO] PluginManage:310 - Check plugin pinoutandconfiguration
2025-09-28 09:26:57,639 [INFO] PluginManage:359 - Loaded plugin pinoutandconfiguration (category:base,tabindex:1)
2025-09-28 09:26:57,639 [INFO] PluginManage:310 - Check plugin pinoutconfig
2025-09-28 09:26:57,704 [WARN] SupportedApi:132 - Cannot load RTOS API schema: s4s-elt-must-match.1: The content of 'definitions' must match (annotation?, (simpleType | complexType)?, (unique | key | keyref)*)). A problem was found starting at: attribute.
2025-09-28 09:26:57,793 [INFO] PluginManage:359 - Loaded plugin pinoutconfig (category:base,tabindex:0)
2025-09-28 09:26:57,793 [INFO] PluginManage:310 - Check plugin power
2025-09-28 09:26:57,797 [INFO] PluginManage:359 - Loaded plugin power (category:power,tabindex:4)
2025-09-28 09:26:57,797 [INFO] PluginManage:310 - Check plugin projectmanager
2025-09-28 09:26:57,805 [INFO] PluginManage:359 - Loaded plugin projectmanager (category:projectmanager,tabindex:4)
2025-09-28 09:26:57,806 [INFO] PluginManage:310 - Check plugin rif
2025-09-28 09:26:57,810 [INFO] PluginManage:359 - Loaded plugin rif (category:base,tabindex:3)
2025-09-28 09:26:57,810 [INFO] PluginManage:310 - Check plugin thirdparty
2025-09-28 09:26:57,865 [INFO] PluginManage:359 - Loaded plugin thirdparty (category:base,tabindex:-1)
2025-09-28 09:26:57,865 [WARN] IntegrityCheckThread:84 - waiting for thirdparty lock release [integrity check]
2025-09-28 09:26:57,865 [INFO] PluginManage:310 - Check plugin tools
2025-09-28 09:26:57,865 [INFO] IntegrityCheckThread:86 - entering critical section [integrity check]
2025-09-28 09:26:57,865 [INFO] ThirdPartyUpdaterWithRetryManager:70 - Updater plugin not ready yet. [1/15]
2025-09-28 09:26:57,866 [INFO] PluginManage:359 - Loaded plugin tools (category:base,tabindex:7)
2025-09-28 09:26:57,866 [INFO] PluginManage:310 - Check plugin tutovideos
2025-09-28 09:26:57,957 [INFO] PluginManage:359 - Loaded plugin tutovideos (category:base,tabindex:-1)
2025-09-28 09:26:57,957 [INFO] PluginManage:310 - Check plugin updater
2025-09-28 09:26:57,969 [INFO] PluginManage:359 - Loaded plugin updater (category:base,tabindex:12)
2025-09-28 09:26:57,969 [INFO] PluginManage:310 - Check plugin userauth
2025-09-28 09:26:57,971 [INFO] UserAuth:118 - Init User Auth plugin
2025-09-28 09:26:57,972 [INFO] PluginManage:359 - Loaded plugin userauth (category:base,tabindex:14)
2025-09-28 09:26:57,972 [INFO] PluginManage:283 - PluginManage : Loaded plugins [18]
2025-09-28 09:26:58,063 [INFO] PinOutPanel:1589 - setPackage(No Configuration,No Configuration)
2025-09-28 09:26:58,097 [INFO] CADModel:165 - CPN selected for project level
2025-09-28 09:26:58,097 [INFO] CADModel:114 - Register for checkConnection events
2025-09-28 09:26:58,102 [INFO] IPUIPlugin:80 - create IPUIPlugin
2025-09-28 09:26:58,102 [INFO] PluginManager:220 - loadIPPluginJar : add i2c
2025-09-28 09:26:58,105 [INFO] IPUIPlugin:80 - create IPUIPlugin
2025-09-28 09:26:58,105 [INFO] PluginManager:220 - loadIPPluginJar : add mdma
2025-09-28 09:26:58,106 [INFO] IPUIPlugin:80 - create IPUIPlugin
2025-09-28 09:26:58,106 [INFO] PluginManager:220 - loadIPPluginJar : add aes
2025-09-28 09:26:58,107 [INFO] IPUIPlugin:80 - create IPUIPlugin
2025-09-28 09:26:58,107 [INFO] PluginManager:220 - loadIPPluginJar : add can
2025-09-28 09:26:58,109 [INFO] IPUIPlugin:80 - create IPUIPlugin
2025-09-28 09:26:58,109 [INFO] PluginManager:220 - loadIPPluginJar : add freertos
2025-09-28 09:26:58,110 [INFO] IPUIPlugin:80 - create IPUIPlugin
2025-09-28 09:26:58,110 [INFO] PluginManager:220 - loadIPPluginJar : add gtzc
2025-09-28 09:26:58,110 [INFO] IPUIPlugin:80 - create IPUIPlugin
2025-09-28 09:26:58,110 [INFO] PluginManager:220 - loadIPPluginJar : add ts
2025-09-28 09:26:58,113 [INFO] IPUIPlugin:80 - create IPUIPlugin
2025-09-28 09:26:58,114 [INFO] PluginManager:220 - loadIPPluginJar : add stm32_wpan
2025-09-28 09:26:58,114 [INFO] IPUIPlugin:80 - create IPUIPlugin
2025-09-28 09:26:58,114 [INFO] PluginManager:220 - loadIPPluginJar : add fatfs
2025-09-28 09:26:58,116 [INFO] IPUIPlugin:80 - create IPUIPlugin
2025-09-28 09:26:58,116 [INFO] PluginManager:220 - loadIPPluginJar : add dma
2025-09-28 09:26:58,117 [INFO] IPUIPlugin:80 - create IPUIPlugin
2025-09-28 09:26:58,118 [INFO] PluginManager:220 - loadIPPluginJar : add usbx
2025-09-28 09:26:58,118 [INFO] IPUIPlugin:80 - create IPUIPlugin
2025-09-28 09:26:58,118 [INFO] PluginManager:220 - loadIPPluginJar : add hash
2025-09-28 09:26:58,119 [INFO] IPUIPlugin:80 - create IPUIPlugin
2025-09-28 09:26:58,119 [INFO] PluginManager:220 - loadIPPluginJar : add cryp
2025-09-28 09:26:58,120 [INFO] IPUIPlugin:80 - create IPUIPlugin
2025-09-28 09:26:58,120 [INFO] PluginManager:220 - loadIPPluginJar : add openamp
2025-09-28 09:26:58,120 [INFO] IPUIPlugin:80 - create IPUIPlugin
2025-09-28 09:26:58,120 [INFO] PluginManager:220 - loadIPPluginJar : add genericplugin
2025-09-28 09:26:58,121 [INFO] IPUIPlugin:80 - create IPUIPlugin
2025-09-28 09:26:58,122 [INFO] PluginManager:220 - loadIPPluginJar : add ipddr
2025-09-28 09:26:58,123 [INFO] IPUIPlugin:80 - create IPUIPlugin
2025-09-28 09:26:58,123 [INFO] PluginManager:220 - loadIPPluginJar : add opamp
2025-09-28 09:26:58,123 [INFO] IPUIPlugin:80 - create IPUIPlugin
2025-09-28 09:26:58,123 [INFO] PluginManager:220 - loadIPPluginJar : add ltdc
2025-09-28 09:26:58,124 [INFO] IPUIPlugin:80 - create IPUIPlugin
2025-09-28 09:26:58,124 [INFO] PluginManager:220 - loadIPPluginJar : add dfsdm
2025-09-28 09:26:58,126 [INFO] IPUIPlugin:80 - create IPUIPlugin
2025-09-28 09:26:58,126 [INFO] PluginManager:220 - loadIPPluginJar : add gic
2025-09-28 09:26:58,127 [INFO] IPUIPlugin:80 - create IPUIPlugin
2025-09-28 09:26:58,127 [INFO] PluginManager:220 - loadIPPluginJar : add extmemmanager
2025-09-28 09:26:58,128 [INFO] IPUIPlugin:80 - create IPUIPlugin
2025-09-28 09:26:58,128 [INFO] PluginManager:220 - loadIPPluginJar : add ucpd
2025-09-28 09:26:58,128 [INFO] IPUIPlugin:80 - create IPUIPlugin
2025-09-28 09:26:58,128 [INFO] PluginManager:220 - loadIPPluginJar : add tracer_emb
2025-09-28 09:26:58,129 [INFO] IPUIPlugin:80 - create IPUIPlugin
2025-09-28 09:26:58,129 [INFO] PluginManager:220 - loadIPPluginJar : add radio
2025-09-28 09:26:58,130 [INFO] IPUIPlugin:80 - create IPUIPlugin
2025-09-28 09:26:58,130 [INFO] PluginManager:220 - loadIPPluginJar : add pdm2pcm
2025-09-28 09:26:58,131 [INFO] IPUIPlugin:80 - create IPUIPlugin
2025-09-28 09:26:58,131 [INFO] PluginManager:220 - loadIPPluginJar : add spi
2025-09-28 09:26:58,132 [INFO] IPUIPlugin:80 - create IPUIPlugin
2025-09-28 09:26:58,132 [INFO] PluginManager:220 - loadIPPluginJar : add tim
2025-09-28 09:26:58,134 [INFO] IPUIPlugin:80 - create IPUIPlugin
2025-09-28 09:26:58,135 [INFO] PluginManager:220 - loadIPPluginJar : add plateformsettings
2025-09-28 09:26:58,136 [INFO] IPUIPlugin:80 - create IPUIPlugin
2025-09-28 09:26:58,136 [INFO] PluginManager:220 - loadIPPluginJar : add touchsensing
2025-09-28 09:26:58,138 [INFO] IPUIPlugin:80 - create IPUIPlugin
2025-09-28 09:26:58,138 [INFO] PluginManager:220 - loadIPPluginJar : add gpio
2025-09-28 09:26:58,140 [INFO] IPUIPlugin:80 - create IPUIPlugin
2025-09-28 09:26:58,140 [INFO] PluginManager:220 - loadIPPluginJar : add adc
2025-09-28 09:26:58,143 [INFO] IPUIPlugin:80 - create IPUIPlugin
2025-09-28 09:26:58,143 [INFO] PluginManager:220 - loadIPPluginJar : add linkedlist
2025-09-28 09:26:58,144 [INFO] IPUIPlugin:80 - create IPUIPlugin
2025-09-28 09:26:58,144 [INFO] PluginManager:220 - loadIPPluginJar : add comp
2025-09-28 09:26:58,145 [INFO] IPUIPlugin:80 - create IPUIPlugin
2025-09-28 09:26:58,145 [INFO] PluginManager:220 - loadIPPluginJar : add fmc
2025-09-28 09:26:58,146 [INFO] IPUIPlugin:80 - create IPUIPlugin
2025-09-28 09:26:58,146 [INFO] PluginManager:220 - loadIPPluginJar : add tsc
2025-09-28 09:26:58,147 [INFO] IPUIPlugin:80 - create IPUIPlugin
2025-09-28 09:26:58,147 [INFO] PluginManager:220 - loadIPPluginJar : add sai
2025-09-28 09:26:58,147 [INFO] IPUIPlugin:80 - create IPUIPlugin
2025-09-28 09:26:58,148 [INFO] PluginManager:220 - loadIPPluginJar : add usart
2025-09-28 09:26:58,149 [INFO] IPUIPlugin:80 - create IPUIPlugin
2025-09-28 09:26:58,149 [INFO] PluginManager:220 - loadIPPluginJar : add nvic
2025-09-28 09:26:58,150 [INFO] IPUIPlugin:80 - create IPUIPlugin
2025-09-28 09:26:58,150 [INFO] PluginManager:220 - loadIPPluginJar : add resmgrutility
2025-09-28 09:26:58,151 [INFO] IPUIPlugin:80 - create IPUIPlugin
2025-09-28 09:26:58,151 [INFO] PluginManager:220 - loadIPPluginJar : add lorawan
2025-09-28 09:26:58,151 [INFO] IPUIPlugin:80 - create IPUIPlugin
2025-09-28 09:26:58,151 [INFO] PluginManager:220 - loadIPPluginJar : add gfxmmu
2025-09-28 09:26:58,152 [INFO] IPUIPlugin:80 - create IPUIPlugin
2025-09-28 09:26:58,152 [INFO] PluginManager:220 - loadIPPluginJar : add dma3
2025-09-28 09:26:58,153 [INFO] IPUIPlugin:80 - create IPUIPlugin
2025-09-28 09:26:58,153 [INFO] PluginManager:220 - loadIPPluginJar : add i3c
2025-09-28 09:26:58,153 [INFO] IPUIPlugin:80 - create IPUIPlugin
2025-09-28 09:26:58,153 [INFO] PluginManager:220 - loadIPPluginJar : add quadspi
2025-09-28 09:26:58,154 [INFO] IPUIPlugin:80 - create IPUIPlugin
2025-09-28 09:26:58,154 [INFO] PluginManager:220 - loadIPPluginJar : add ddr_ctrl_phy
2025-09-28 09:26:58,155 [INFO] IPUIPlugin:80 - create IPUIPlugin
2025-09-28 09:26:58,155 [INFO] PluginManager:220 - loadIPPluginJar : add i2s
2025-09-28 09:26:58,243 [FATAL] Updater:351 - Updater called before beeing initialized
2025-09-28 09:26:58,268 [INFO] RulesReader:64 - Compatibility file has been processed (317 Rules)
2025-09-28 09:26:58,275 [INFO] RulesReader:64 - Compatibility file has been processed (317 Rules)
2025-09-28 09:26:58,279 [INFO] CADModel:165 - CPN selected for project level
2025-09-28 09:26:58,279 [INFO] CADModel:114 - Register for checkConnection events
2025-09-28 09:26:58,279 [FATAL] Updater:351 - Updater called before beeing initialized
2025-09-28 09:26:58,279 [ERROR] CADModel:125 - Updater not yet initialized, retry later 
2025-09-28 09:26:58,345 [FATAL] Updater:351 - Updater called before beeing initialized
2025-09-28 09:26:58,346 [INFO] CADModel:165 - CPN selected for project level
2025-09-28 09:26:58,346 [INFO] CADModel:114 - Register for checkConnection events
2025-09-28 09:26:58,346 [FATAL] Updater:351 - Updater called before beeing initialized
2025-09-28 09:26:58,346 [ERROR] CADModel:125 - Updater not yet initialized, retry later 
2025-09-28 09:26:58,348 [FATAL] Updater:351 - Updater called before beeing initialized
2025-09-28 09:26:58,406 [FATAL] Updater:351 - Updater called before beeing initialized
2025-09-28 09:26:58,408 [INFO] DbMcusAds:53 - JSON generation date=Tue Jul 08 05:14:23 ART 2025 (1751962463582)
2025-09-28 09:26:58,409 [FATAL] Updater:351 - Updater called before beeing initialized
2025-09-28 09:26:58,430 [WARN] DetailPanel:346 - Failed to get advertising image, set to default
2025-09-28 09:26:58,472 [FATAL] Updater:351 - Updater called before beeing initialized
2025-09-28 09:26:58,473 [FATAL] Updater:351 - Updater called before beeing initialized
2025-09-28 09:26:58,474 [FATAL] Updater:351 - Updater called before beeing initialized
2025-09-28 09:26:58,474 [WARN] DetailPanel:346 - Failed to get advertising image, set to default
2025-09-28 09:26:58,475 [FATAL] Updater:351 - Updater called before beeing initialized
2025-09-28 09:26:58,497 [ERROR] Updater:1198 - MainUpdater not yet initialized. External WinMGr cannot be set.
2025-09-28 09:26:58,497 [INFO] Updater:1134 - Updater Version found : 6.15.0
2025-09-28 09:26:58,507 [INFO] ApplicationProperties:184 - Using Application install path: /opt/st/stm32cubeide_1.19.0/plugins/com.st.stm32cube.common.mx_6.15.0.202507011659
2025-09-28 09:26:58,514 [ERROR] LogOutputStream:75 - [STDERR_REDIRECT] Sep 28, 2025 9:26:58 AM java.util.prefs.FileSystemPreferences$2 run
2025-09-28 09:26:58,514 [ERROR] LogOutputStream:75 - [STDERR_REDIRECT] WARNING: Could not create system preferences directory. System preferences are unusable.
2025-09-28 09:26:58,514 [ERROR] LogOutputStream:75 - [STDERR_REDIRECT] 
2025-09-28 09:26:58,706 [INFO] MainUpdater:2872 - connection check result : 10
2025-09-28 09:26:58,707 [INFO] MainUpdater:289 - Updater Check For Update Now.
2025-09-28 09:26:58,708 [INFO] MicroXplorer:498 - Change Database Version : DB.6.0.150
2025-09-28 09:26:58,713 [INFO] McuFinderGlobals:63 - Set McuFinder mode to 2 (CubeIDE integrated)
2025-09-28 09:26:58,714 [INFO] UserAuth:487 - Internet connection configuration mode: 1
2025-09-28 09:26:58,731 [INFO] JxBrowserEngine:152 - Initiate JxBrowser Engine with user profile folder
2025-09-28 09:26:58,895 [INFO] CheckServerUpdateThread:120 - End of CheckServer Thread
2025-09-28 09:26:59,101 [INFO] WebApp:169 - Instantiating new browser for Auth
2025-09-28 09:26:59,476 [INFO] WebApp:463 - Apply proxy settings
2025-09-28 09:26:59,477 [INFO] WebApp:548 - Chromium requires no authentication
2025-09-28 09:26:59,481 [INFO] WebApp:491 - Direct internet connection detected
2025-09-28 09:26:59,491 [INFO] WebApp:900 - Register for checkConnection events
2025-09-28 09:26:59,491 [INFO] WebApp:463 - Apply proxy settings
2025-09-28 09:26:59,491 [INFO] WebApp:548 - Chromium requires no authentication
2025-09-28 09:26:59,492 [INFO] WebApp:491 - Direct internet connection detected
2025-09-28 09:26:59,563 [INFO] WebApp:225 - Starting web application
2025-09-28 09:26:59,563 [INFO] WebApp:593 - Web application path used /opt/st/stm32cubeide_1.19.0/plugins/com.st.stm32cube.common.mx_6.15.0.202507011659/db/plugins/mcufinder/reactClient1/index.html
2025-09-28 09:26:59,619 [INFO] UserAuth:487 - Internet connection configuration mode: 1
2025-09-28 09:26:59,691 [INFO] WebApp:191 - Connection restablished
2025-09-28 09:27:00,964 [WARN] PackLoader:240 - Cannot read IP mode file for STMicroelectronics.FP-SNS-MOTENVWB1.1.4.0
2025-09-28 09:27:00,970 [WARN] PackLoader:240 - Cannot read IP mode file for STMicroelectronics.FP-ATR-ASTRA1.2.0.2
2025-09-28 09:27:00,976 [WARN] PackLoader:240 - Cannot read IP mode file for STMicroelectronics.X-CUBE-SMBUS.2.1.0
2025-09-28 09:27:00,980 [WARN] PackLoader:240 - Cannot read IP mode file for STMicroelectronics.X-CUBE-ST60.1.0.0
2025-09-28 09:27:01,011 [WARN] PackLoader:240 - Cannot read IP mode file for STMicroelectronics.X-CUBE-AZRTOS-F7.1.1.0
2025-09-28 09:27:01,018 [WARN] PackLoader:240 - Cannot read IP mode file for Cesanta.I-CUBE-Mongoose.7.19.0
2025-09-28 09:27:01,027 [WARN] PackLoader:240 - Cannot read IP mode file for WES.I-CUBE-Cesium.1.4.0
2025-09-28 09:27:01,053 [WARN] PackLoader:240 - Cannot read IP mode file for Infineon.AIROC-Wi-Fi-Bluetooth-STM32.1.7.1
2025-09-28 09:27:01,064 [WARN] PackLoader:240 - Cannot read IP mode file for STMicroelectronics.X-CUBE-DISPLAY.3.0.0
2025-09-28 09:27:01,083 [WARN] PackLoader:240 - Cannot read IP mode file for STMicroelectronics.X-CUBE-NFC10.1.0.0
2025-09-28 09:27:01,087 [WARN] PackLoader:240 - Cannot read IP mode file for emotas.I-CUBE-CANOPEN.1.3.0
2025-09-28 09:27:01,091 [WARN] PackLoader:240 - Cannot read IP mode file for STMicroelectronics.FP-SNS-SMARTAG2.1.2.0
2025-09-28 09:27:01,094 [WARN] PackLoader:240 - Cannot read IP mode file for STMicroelectronics.FP-SNS-FLIGHT1.5.1.0
2025-09-28 09:27:01,101 [INFO] LogOutputStream:77 - [STDOUT_REDIRECT] 1 : Invalid condition id : UX_CORESTACK_Condition cause : null
2025-09-28 09:27:01,102 [INFO] LogOutputStream:77 - [STDOUT_REDIRECT] 1 : Invalid condition id : UX_CORESTACK_Condition cause : null
2025-09-28 09:27:01,102 [INFO] LogOutputStream:77 - [STDOUT_REDIRECT] 1 : Invalid condition id : UX_CORESTACK_Condition cause : null
2025-09-28 09:27:01,102 [INFO] LogOutputStream:77 - [STDOUT_REDIRECT] 1 : Invalid condition id : UX_CORESTACK_Condition cause : null
2025-09-28 09:27:01,102 [INFO] LogOutputStream:77 - [STDOUT_REDIRECT] 1 : Invalid condition id : UX_CORESTACK_Condition cause : null
2025-09-28 09:27:01,105 [WARN] PackLoader:240 - Cannot read IP mode file for STMicroelectronics.X-CUBE-AZRTOS-WL.2.0.0
2025-09-28 09:27:01,109 [WARN] PackLoader:240 - Cannot read IP mode file for STMicroelectronics.FP-SNS-MOTENV1.5.0.0
2025-09-28 09:27:01,114 [WARN] PackLoader:240 - Cannot read IP mode file for STMicroelectronics.X-CUBE-BLE2.3.3.0
2025-09-28 09:27:01,119 [WARN] PackLoader:240 - Cannot read IP mode file for STMicroelectronics.X-CUBE-NFC9.1.0.0
2025-09-28 09:27:01,124 [WARN] PackLoader:240 - Cannot read IP mode file for STMicroelectronics.X-CUBE-BLE1.7.1.0
2025-09-28 09:27:01,138 [WARN] PackLoader:240 - Cannot read IP mode file for STMicroelectronics.X-CUBE-AZRTOS-G0.1.1.0
2025-09-28 09:27:01,144 [WARN] PackLoader:240 - Cannot read IP mode file for STMicroelectronics.X-CUBE-SAFEA1.1.2.2
2025-09-28 09:27:01,149 [WARN] PackLoader:240 - Cannot read IP mode file for STMicroelectronics.X-CUBE-NFC4.3.0.0
2025-09-28 09:27:01,156 [WARN] PackLoader:240 - Cannot read IP mode file for EmbeddedOffice.I-CUBE-FS-RTOS.1.0.1
2025-09-28 09:27:01,160 [WARN] PackLoader:240 - Cannot read IP mode file for STMicroelectronics.X-CUBE-WB05N.2.0.0
2025-09-28 09:27:01,164 [WARN] PackLoader:240 - Cannot read IP mode file for STMicroelectronics.X-CUBE-TCPP.4.2.0
2025-09-28 09:27:01,169 [WARN] PackLoader:240 - Cannot read IP mode file for RealThread.X-CUBE-RT-Thread_Nano.4.1.1
2025-09-28 09:27:01,171 [WARN] PackLoader:240 - Cannot read IP mode file for STMicroelectronics.FP-ATR-SIGFOX1.3.2.0
2025-09-28 09:27:01,175 [WARN] PackLoader:240 - Cannot read IP mode file for ITTIA_DB.I-CUBE-ITTIADB.8.9.0
2025-09-28 09:27:01,180 [WARN] PackLoader:240 - Cannot read IP mode file for STMicroelectronics.X-CUBE-ST67W61.1.0.0
2025-09-28 09:27:01,201 [WARN] PackLoader:240 - Cannot read IP mode file for SEGGER.I-CUBE-embOS.1.3.1
2025-09-28 09:27:01,240 [WARN] PackLoader:240 - Cannot read IP mode file for STMicroelectronics.X-CUBE-ALGOBUILD.1.4.0
2025-09-28 09:27:01,283 [WARN] PackLoader:240 - Cannot read IP mode file for STMicroelectronics.X-CUBE-MEMS1.11.3.0
2025-09-28 09:27:01,393 [WARN] PackLoader:240 - Cannot read IP mode file for STMicroelectronics.X-CUBE-PM33A1.1.0.0
2025-09-28 09:27:01,407 [WARN] PackLoader:240 - Cannot read IP mode file for STMicroelectronics.X-CUBE-AZRTOS-F4.1.1.0
2025-09-28 09:27:01,410 [WARN] PackLoader:240 - Cannot read IP mode file for Avnet-IotConnect.X-CUBE-IoTC-DA16k-PMOD.1.0.0
2025-09-28 09:27:01,412 [WARN] PackLoader:240 - Cannot read IP mode file for STMicroelectronics.X-CUBE-ISPU.2.1.0
2025-09-28 09:27:01,420 [WARN] PackLoader:240 - Cannot read IP mode file for STMicroelectronics.X-CUBE-AZRTOS-L5.2.0.0
2025-09-28 09:27:01,424 [WARN] PackLoader:240 - Cannot read IP mode file for STMicroelectronics.X-CUBE-NFC6.3.1.0
2025-09-28 09:27:01,428 [WARN] PackLoader:240 - Cannot read IP mode file for STMicroelectronics.X-CUBE-FREERTOS.1.3.1
2025-09-28 09:27:01,430 [WARN] PackLoader:240 - Cannot read IP mode file for STMicroelectronics.X-CUBE-DPower.1.3.0
2025-09-28 09:27:01,439 [WARN] ConditionMgr:438 - getConditionDescription Invalid condition id : LAN8742 Phy interface Condition cause : null
2025-09-28 09:27:01,439 [WARN] PackLoader:240 - Cannot read IP mode file for STMicroelectronics.X-CUBE-AZRTOS-L4.2.0.0
2025-09-28 09:27:01,440 [WARN] ConditionMgr:1044 - genDependencies : Invalid condition id : LAN8742 Phy interface Condition cause : null
2025-09-28 09:27:01,440 [WARN] ConditionMgr:1044 - genDependencies : Invalid condition id : LAN8742 Phy interface Condition cause : null
2025-09-28 09:27:01,441 [WARN] ConditionMgr:1044 - genDependencies : Invalid condition id : LAN8742 Phy interface Condition cause : null
2025-09-28 09:27:01,445 [WARN] PackLoader:240 - Cannot read IP mode file for STMicroelectronics.X-CUBE-SFXS2LP1.4.0.0
2025-09-28 09:27:01,451 [WARN] ConditionMgr:438 - getConditionDescription Invalid condition id : UX DEVICE CLASS RTOS Condition cause : null
2025-09-28 09:27:01,451 [WARN] ConditionMgr:438 - getConditionDescription Invalid condition id : UX DEVICE CLASS RTOS Condition cause : null
2025-09-28 09:27:01,452 [WARN] PackLoader:240 - Cannot read IP mode file for STMicroelectronics.X-CUBE-AZRTOS-WB.2.0.0
2025-09-28 09:27:01,452 [WARN] ConditionMgr:1044 - genDependencies : Invalid condition id : UX DEVICE CLASS RTOS Condition cause : null
2025-09-28 09:27:01,452 [WARN] ConditionMgr:1044 - genDependencies : Invalid condition id : UX DEVICE CLASS RTOS Condition cause : null
2025-09-28 09:27:01,452 [WARN] ConditionMgr:1044 - genDependencies : Invalid condition id : UX DEVICE CLASS RTOS Condition cause : null
2025-09-28 09:27:01,452 [WARN] ConditionMgr:1044 - genDependencies : Invalid condition id : UX DEVICE CLASS RTOS Condition cause : null
2025-09-28 09:27:01,452 [WARN] ConditionMgr:1044 - genDependencies : Invalid condition id : UX DEVICE CLASS RTOS Condition cause : null
2025-09-28 09:27:01,455 [WARN] PackLoader:240 - Cannot read IP mode file for STMicroelectronics.X-CUBE-GNSS1.7.0.1
2025-09-28 09:27:01,458 [WARN] PackLoader:240 - Cannot read IP mode file for STMicroelectronics.X-CUBE-TOUCHGFX.4.25.0
2025-09-28 09:27:01,459 [WARN] ConditionMgr:438 - getConditionDescription Invalid condition id : Cortex-A Device cause : null
2025-09-28 09:27:01,466 [WARN] ConditionMgr:1044 - genDependencies : Invalid condition id : Cortex-A Device cause : null
2025-09-28 09:27:01,466 [WARN] ConditionMgr:1044 - genDependencies : Invalid condition id : Cortex-A Device cause : null
2025-09-28 09:27:01,466 [WARN] ConditionMgr:1044 - genDependencies : Invalid condition id : Cortex-A Device cause : null
2025-09-28 09:27:01,471 [WARN] PackLoader:240 - Cannot read IP mode file for STMicroelectronics.X-CUBE-SUBG2.5.0.0
2025-09-28 09:27:01,481 [WARN] PackLoader:240 - Cannot read IP mode file for STMicroelectronics.X-CUBE-AZRTOS-H7RS.1.1.0
2025-09-28 09:27:01,489 [WARN] PackLoader:240 - Cannot read IP mode file for STMicroelectronics.X-CUBE-AZRTOS-G4.2.0.0
2025-09-28 09:27:01,491 [WARN] PackLoader:240 - Cannot read IP mode file for wolfSSL.I-CUBE-wolfSSH.1.4.20
2025-09-28 09:27:01,493 [WARN] PackLoader:240 - Cannot read IP mode file for STMicroelectronics.X-CUBE-NFC7.2.0.0
2025-09-28 09:27:01,499 [WARN] PackLoader:240 - Cannot read IP mode file for STMicroelectronics.X-CUBE-IPS.3.1.0
2025-09-28 09:27:01,505 [WARN] PackLoader:240 - Cannot read IP mode file for STMicroelectronics.X-CUBE-ALS.1.0.2
2025-09-28 09:27:01,510 [WARN] PackLoader:240 - Cannot read IP mode file for STMicroelectronics.X-CUBE-TOF1.3.4.3
2025-09-28 09:27:01,515 [INFO] ThirdParty:978 - Integrity check success = true
2025-09-28 09:27:01,515 [INFO] IntegrityCheckThread:100 - exiting critical section [integrity check]
2025-09-28 09:27:01,515 [INFO] IntegrityCheckThread:103 - End integrity checks thread
2025-09-28 09:27:26,761 [ERROR] LogOutputStream:75 - [STDERR_REDIRECT] Sep 28, 2025 9:27:26 AM java.util.prefs.FileSystemPreferences checkLockFile0ErrorCode
2025-09-28 09:27:26,761 [ERROR] LogOutputStream:75 - [STDERR_REDIRECT] WARNING: Could not lock System prefs. Unix error code 2.
2025-09-28 09:27:26,762 [ERROR] LogOutputStream:75 - [STDERR_REDIRECT] 
2025-09-28 09:27:26,762 [ERROR] LogOutputStream:75 - [STDERR_REDIRECT] Sep 28, 2025 9:27:26 AM java.util.prefs.FileSystemPreferences syncWorld
2025-09-28 09:27:26,762 [ERROR] LogOutputStream:75 - [STDERR_REDIRECT] WARNING: Couldn't flush system prefs: java.util.prefs.BackingStoreException: Couldn't get file lock.
2025-09-28 09:27:26,762 [ERROR] LogOutputStream:75 - [STDERR_REDIRECT] 
2025-09-28 09:27:56,754 [ERROR] LogOutputStream:75 - [STDERR_REDIRECT] Sep 28, 2025 9:27:56 AM java.util.prefs.FileSystemPreferences checkLockFile0ErrorCode
2025-09-28 09:27:56,754 [ERROR] LogOutputStream:75 - [STDERR_REDIRECT] WARNING: Could not lock System prefs. Unix error code 2.
2025-09-28 09:27:56,754 [ERROR] LogOutputStream:75 - [STDERR_REDIRECT] 
2025-09-28 09:27:56,755 [ERROR] LogOutputStream:75 - [STDERR_REDIRECT] Sep 28, 2025 9:27:56 AM java.util.prefs.FileSystemPreferences syncWorld
2025-09-28 09:27:56,755 [ERROR] LogOutputStream:75 - [STDERR_REDIRECT] WARNING: Couldn't flush system prefs: java.util.prefs.BackingStoreException: Couldn't get file lock.
2025-09-28 09:27:56,755 [ERROR] LogOutputStream:75 - [STDERR_REDIRECT] 
2025-09-28 09:28:26,758 [ERROR] LogOutputStream:75 - [STDERR_REDIRECT] Sep 28, 2025 9:28:26 AM java.util.prefs.FileSystemPreferences checkLockFile0ErrorCode
2025-09-28 09:28:26,759 [ERROR] LogOutputStream:75 - [STDERR_REDIRECT] WARNING: Could not lock System prefs. Unix error code 2.
2025-09-28 09:28:26,759 [ERROR] LogOutputStream:75 - [STDERR_REDIRECT] 
2025-09-28 09:28:26,760 [ERROR] LogOutputStream:75 - [STDERR_REDIRECT] Sep 28, 2025 9:28:26 AM java.util.prefs.FileSystemPreferences syncWorld
2025-09-28 09:28:26,760 [ERROR] LogOutputStream:75 - [STDERR_REDIRECT] WARNING: Couldn't flush system prefs: java.util.prefs.BackingStoreException: Couldn't get file lock.
2025-09-28 09:28:26,760 [ERROR] LogOutputStream:75 - [STDERR_REDIRECT] 
2025-09-28 09:28:48,154 [INFO] McuFinderGlobals:63 - Set McuFinder mode to 2 (CubeIDE integrated)
2025-09-28 09:28:48,156 [INFO] MainUpdater:2872 - connection check result : 10
2025-09-28 09:28:48,157 [INFO] MainUpdater:2872 - connection check result : 10
2025-09-28 09:28:48,178 [INFO] MicroXplorer:468 - Change Database Path : 
2025-09-28 09:28:48,179 [INFO] MicroXplorer:498 - Change Database Version : DB.6.0.150
2025-09-28 09:28:48,183 [WARN] ThirdParty:871 - waiting for thirdparty lock release [close project]
2025-09-28 09:28:48,183 [INFO] ThirdParty:873 - entering critical section [close project]
2025-09-28 09:28:48,184 [INFO] ThirdParty:883 - exiting critical section [close project]
2025-09-28 09:28:48,186 [INFO] PinOutPanel:1589 - setPackage(No Configuration,No Configuration)
2025-09-28 09:28:48,188 [INFO] UtilMem:75 - Begin LoadConfig() Used Memory: 563453216 Bytes (929038336)
2025-09-28 09:28:48,189 [INFO] MicroXplorer:468 - Change Database Path : 
2025-09-28 09:28:48,189 [INFO] MicroXplorer:498 - Change Database Version : DB.6.0.150
2025-09-28 09:28:48,189 [INFO] OpenFileManager:355 - Change cursor
2025-09-28 09:28:48,228 [INFO] Mcu:2029 - Initializing MCU STM32F446R(C-E)Tx STM32F446RETx STM32F446RET6
2025-09-28 09:28:49,234 [INFO] Context:786 - Trying to add GPIOservice into a context  which must be forbidden
2025-09-28 09:28:49,558 [INFO] ImportTextPane:234 - (OptionalMessage_ERROR) Pin11 (VP_RIF_VS_RIF1) cannot be retrieved for this MCU
2025-09-28 09:28:49,613 [INFO] RtosManager:558 - Registered RTOS mode: class=CMSIS, group=RTOS, mode=CMSIS_V1, owner=FREERTOS
2025-09-28 09:28:49,613 [INFO] RtosManager:558 - Registered RTOS mode: class=CMSIS, group=RTOS2, mode=CMSIS_V2, owner=FREERTOS
2025-09-28 09:28:49,613 [INFO] RtosManager:558 - Registered RTOS mode: class=RTOS, group=Core, mode=CMSIS_V1, owner=FREERTOS
2025-09-28 09:28:49,613 [INFO] RtosManager:558 - Registered RTOS mode: class=RTOS, group=Core, mode=CMSIS_V2, owner=FREERTOS
2025-09-28 09:28:49,613 [WARN] ModelIntegratedComponent:184 - Missing modes for component STMicroelectronics:FreeRTOS:0.0.1:STMicroelectronics:RTOS:FreeRTOS:Core:::10.2.0:
2025-09-28 09:28:49,630 [WARN] ModelIntegratedComponent:63 - No mode defined for component null
2025-09-28 09:28:49,630 [WARN] ModelIntegratedComponent:63 - No mode defined for component null
2025-09-28 09:28:49,630 [WARN] ModelIntegratedComponent:63 - No mode defined for component null
2025-09-28 09:28:49,630 [WARN] ModelIntegratedComponent:63 - No mode defined for component null
2025-09-28 09:28:49,630 [WARN] ModelIntegratedComponent:63 - No mode defined for component null
2025-09-28 09:28:49,630 [WARN] ModelIntegratedComponent:63 - No mode defined for component null
2025-09-28 09:28:49,630 [WARN] ModelIntegratedComponent:63 - No mode defined for component null
2025-09-28 09:28:49,630 [WARN] ModelIntegratedComponent:63 - No mode defined for component null
2025-09-28 09:28:49,630 [WARN] ModelIntegratedComponent:63 - No mode defined for component null
2025-09-28 09:28:49,630 [WARN] ModelIntegratedComponent:63 - No mode defined for component null
2025-09-28 09:28:49,630 [WARN] ModelIntegratedComponent:63 - No mode defined for component null
2025-09-28 09:28:49,630 [WARN] ModelIntegratedComponent:63 - No mode defined for component null
2025-09-28 09:28:49,631 [WARN] ModelIntegratedComponent:63 - No mode defined for component null
2025-09-28 09:28:49,631 [WARN] ModelIntegratedComponent:63 - No mode defined for component null
2025-09-28 09:28:49,631 [WARN] ModelIntegratedComponent:63 - No mode defined for component null
2025-09-28 09:28:49,631 [WARN] ModelIntegratedComponent:63 - No mode defined for component null
2025-09-28 09:28:49,631 [WARN] ModelIntegratedComponent:63 - No mode defined for component null
2025-09-28 09:28:49,631 [WARN] ModelIntegratedComponent:63 - No mode defined for component null
2025-09-28 09:28:49,631 [WARN] ModelIntegratedComponent:63 - No mode defined for component null
2025-09-28 09:28:49,631 [WARN] ModelIntegratedComponent:63 - No mode defined for component null
2025-09-28 09:28:49,631 [WARN] ModelIntegratedComponent:63 - No mode defined for component null
2025-09-28 09:28:49,631 [WARN] ModelIntegratedComponent:63 - No mode defined for component null
2025-09-28 09:28:49,631 [WARN] ModelIntegratedComponent:63 - No mode defined for component null
2025-09-28 09:28:49,631 [WARN] ModelIntegratedComponent:63 - No mode defined for component null
2025-09-28 09:28:49,631 [WARN] ModelIntegratedComponent:63 - No mode defined for component null
2025-09-28 09:28:49,631 [WARN] ModelIntegratedComponent:63 - No mode defined for component null
2025-09-28 09:28:49,631 [WARN] ModelIntegratedComponent:63 - No mode defined for component null
2025-09-28 09:28:49,631 [WARN] ModelIntegratedComponent:63 - No mode defined for component null
2025-09-28 09:28:49,631 [WARN] ModelIntegratedComponent:63 - No mode defined for component null
2025-09-28 09:28:49,631 [WARN] ModelIntegratedComponent:63 - No mode defined for component null
2025-09-28 09:28:49,631 [WARN] ModelIntegratedComponent:63 - No mode defined for component null
2025-09-28 09:28:49,631 [WARN] ModelIntegratedComponent:63 - No mode defined for component null
2025-09-28 09:28:49,631 [WARN] ModelIntegratedComponent:63 - No mode defined for component null
2025-09-28 09:28:49,631 [WARN] ModelIntegratedComponent:63 - No mode defined for component null
2025-09-28 09:28:49,632 [WARN] ModelIntegratedComponent:63 - No mode defined for component null
2025-09-28 09:28:49,632 [WARN] ModelPack:524 - Component already loaded: STMicroelectronics:HAL Drivers:0.0.0:STMicroelectronics:Device:STMicro_Driver:XSPI:HAL::0.0.1:HAL_XSPI
2025-09-28 09:28:49,689 [INFO] ThirdPartyModel:298 - Start build external matchings
2025-09-28 09:28:49,870 [INFO] ThirdPartyModel:316 - End build external matchings
2025-09-28 09:28:49,881 [INFO] ImportTextPane:234 - (OptionalMessage_ERROR) IP (RCC) : Invalid parameter (FamilyName)
2025-09-28 09:28:49,882 [INFO] ImportTextPane:234 - (OptionalMessage_ERROR) IP (RCC) : Parameter (SDIOFreq_Value) has invalid value (84000000)
2025-09-28 09:28:49,882 [INFO] ImportTextPane:234 - (OptionalMessage_ERROR) IP (RCC) : Parameter (USBFreq_Value) has invalid value (84000000)
2025-09-28 09:28:50,080 [INFO] ApiDb:581 - Connected to CubeFinder SQLite database (/home/tomas1908/.stmcufinder/plugins/mcufinder/mcu/cube-finder-db.db)
2025-09-28 09:28:50,113 [INFO] ApiDb:668 - CubeFinder database Data Model version=2.1
2025-09-28 09:28:50,113 [INFO] ApiDb:669 - CubeFinder database Configuration version=3.0.39
2025-09-28 09:28:50,113 [INFO] ApiDb:670 - CubeFinder database generation date=2025-07-24 (1753349077)
2025-09-28 09:28:50,113 [INFO] ApiDb:671 - CubeFinder database FW Pack versions=[FP-ATR-ASTRA1_V2.0.0, FP-SNS-FLIGHT1_V5.1.0, FP-SNS-MOTENV1_V5.0.0, FP-SNS-MOTENVWB1_V1.4.0, FP-SNS-SMARTAG2_V1.2.0, FP-SNS-STBOX1_V2.0.0, STM32Cube_FW_C0_V1.4.0, STM32Cube_FW_F4_V1.28.2, STM32Cube_FW_F7_V1.17.3, STM32Cube_FW_G0_V1.6.2, STM32Cube_FW_G4_V1.6.1, STM32Cube_FW_H5_V1.5.0, STM32Cube_FW_H7RS_V1.2.0, STM32Cube_FW_H7_V1.12.1, STM32Cube_FW_L0_V1.12.2, STM32Cube_FW_L4_V1.18.1, STM32Cube_FW_L5_V1.5.1, STM32Cube_FW_N6_V1.2.0, STM32Cube_FW_U0_V1.3.0, STM32Cube_FW_U3_V1.2.0, STM32Cube_FW_U5_V1.8.0, STM32Cube_FW_WB0_V1.3.0, STM32Cube_FW_WBA_V1.7.0, STM32Cube_FW_WB_V1.23.0, STM32Cube_FW_WL3_V1.2.0, STM32Cube_FW_WL_V1.3.1, X-CUBE-ALGOBUILD_V1.4.0, X-CUBE-ALS_V1.0.2, X-CUBE-AZRTOS-F4_V1.1.0, X-CUBE-AZRTOS-F7_V1.1.0, X-CUBE-AZRTOS-G0_V1.1.0, X-CUBE-AZRTOS-G4_V2.0.0, X-CUBE-AZRTOS-H7RS_V1.1.0, X-CUBE-AZRTOS-H7_V3.4.0, X-CUBE-AZRTOS-L4_V2.0.0, X-CUBE-AZRTOS-L5_V2.0.0, X-CUBE-AZRTOS-WB_V2.0.0, X-CUBE-AZRTOS-WL_V2.0.0, X-CUBE-BLE1_V7.1.0, X-CUBE-BLE2_V3.3.0, X-CUBE-BLEMGR_V4.1.0, X-CUBE-EEPRMA1_V5.2.0, X-CUBE-FREERTOS_V1.3.1, X-CUBE-GNSS1_V6.0.0, X-CUBE-MEMS1_V11.3.0, X-CUBE-NFC4_V3.0.0, X-CUBE-NFC7_V2.0.0, X-CUBE-SFXS2LP1_V4.0.0, X-CUBE-ST67W61_V1.0.0, X-CUBE-SUBG2_V5.0.0, X-CUBE-TOF1_V3.4.3]
2025-09-28 09:28:50,179 [INFO] DbBoardsSqlite:226 - include board P-NUCLEO-WB55-NUCLEO as a kit item of type 'Nucleo-64'
2025-09-28 09:28:50,179 [INFO] DbBoardsSqlite:226 - include board P-NUCLEO-WB55-USBDONGLE as a kit item of type 'Nucleo USB Dongle'
2025-09-28 09:28:50,180 [INFO] DbBoardsSqlite:226 - include board STEVAL-IDP005V1 as a kit item of type 'Evaluation Board'
2025-09-28 09:28:50,180 [INFO] DbBoardsSqlite:226 - include board STEVAL-IDP005V2 as a kit item of type 'Evaluation Board'
2025-09-28 09:28:50,252 [INFO] ApiDb:240 - Found 880 in-development CPN: [B-G473E-ZEST1S, B-WB1M-WPAN1, B-WBA5M-WPAN, B-WL5M-SUBG1, NUCLEO-C031C6, NUCLEO-C051C8, NUCLEO-C071RB, NUCLEO-C092RC, NUCLEO-H503RB, NUCLEO-H533RE, NUCLEO-H563ZI, NUCLEO-H7S3L8, NUCLEO-N657X0-Q, NUCLEO-U031R8, NUCLEO-U083RC, NUCLEO-U385RG-Q, NUCLEO-U545RE-Q, NUCLEO-U5A5ZJ-Q, NUCLEO-WB05KZ, NUCLEO-WB07CC, NUCLEO-WB09KE, NUCLEO-WBA52CG, NUCLEO-WBA55CG, NUCLEO-WL33CC1, NUCLEO-WL33CC2, STEVAL-PROTEUS1, STEVAL-SMARTAG2, STEVAL-STWINBX1, STM320518-EVAL, STM32C0116-DK, STM32C011D6Y3TR, STM32C011D6Y6TR, STM32C011F4P3, STM32C011F4P6, STM32C011F4U3, STM32C011F4U6TR, STM32C011F6P3, STM32C011F6P6, STM32C011F6U3, STM32C011F6U6TR, STM32C011J4M3, STM32C011J4M6, STM32C011J6M3, STM32C011J6M6, STM32C0316-DK, STM32C031C4T3, STM32C031C4T6, STM32C031C4U3, STM32C031C4U6, STM32C031C6T3, STM32C031C6T6, STM32C031C6U3, STM32C031C6U6, STM32C031F4P3, STM32C031F4P6, STM32C031F6P3, STM32C031F6P6, STM32C031G4U3, STM32C031G4U6, STM32C031G6U3, STM32C031G6U6, STM32C031K4T3, STM32C031K4T6, STM32C031K4U3, STM32C031K4U6, STM32C031K6T3, STM32C031K6T6, STM32C031K6U3, STM32C031K6U6, STM32C051C6T6, STM32C051C6U6, STM32C051C8T6, STM32C051C8U6, STM32C051D8Y6TR, STM32C051F6P6, STM32C051F8P6, STM32C051G6U6, STM32C051G8U6, STM32C051K6T6, STM32C051K6U6, STM32C051K8T6, STM32C071C8T6, STM32C071C8T6N, STM32C071C8U6, STM32C071C8U6N, STM32C071CBT6, STM32C071CBT6N, STM32C071CBU6, STM32C071CBU6N, STM32C071F8P6, STM32C071F8P6N, STM32C071FBP6, STM32C071FBP6N, STM32C071FBY6TR, STM32C071G8U6, STM32C071G8U6N, STM32C071GBU6, STM32C071GBU6N, STM32C071K8T6, STM32C071K8T6N, STM32C071K8U6, STM32C071K8U6N, STM32C071KBT6, STM32C071KBT6N, STM32C071KBU6, STM32C071KBU6N, STM32C071R8T6, STM32C071R8T6N, STM32C071RBI6N, STM32C071RBT6, STM32C071RBT6N, STM32C091CBT6, STM32C091CBU6, STM32C091CCT6, STM32C091CCU6, STM32C091ECY6TR, STM32C091FBP6, STM32C091FCP6, STM32C091GBU6, STM32C091GCU6, STM32C091KBT6, STM32C091KBU6, STM32C091KCT6, STM32C091KCU6, STM32C091RBT6, STM32C091RCI6, STM32C091RCT6, STM32C092CBT6, STM32C092CBU6, STM32C092CCT6, STM32C092CCU6, STM32C092ECY6TR, STM32C092FBP6, STM32C092FCP6, STM32C092GBU6, STM32C092GCU6, STM32C092KBT6, STM32C092KBU6, STM32C092KCT6, STM32C092KCU6, STM32C092RBT6, STM32C092RCI6, STM32C092RCT6, STM32G071K8TXN, STM32G071K8UXN, STM32G081GBU6N, STM32G081KBT6N, STM32G081KBUXN, STM32G0B1CCT6N, STM32G0B1KCT6, STM32G0B1NEY6TR, STM32G0B1RCT6N, STM32G0C1CCT6, STM32G0C1CCT6N, STM32G0C1CCU6N, STM32G0C1CET6N, STM32G0C1CEU6N, STM32G0C1KCT6, STM32G0C1NEY6TR, STM32G0C1RCI6N, STM32G0C1RCT6N, STM32G0C1REI6N, STM32G0C1RET6N, STM32G0C1VCI6, STM32G0C1VEI6, STM32G411C6T3, STM32G411C6T6, STM32G411C6U3, STM32G411C6U6, STM32G411C8T3, STM32G411C8T6, STM32G411C8U3, STM32G411C8U6, STM32G411CBT3, STM32G411CBT6, STM32G411CBU3, STM32G411CBU6, STM32G411K6T3, STM32G411K6T6, STM32G411K6U3, STM32G411K6U6, STM32G411K8T3, STM32G411K8T6, STM32G411K8U3, STM32G411K8U6, STM32G411KBT3, STM32G411KBT6, STM32G411KBU3, STM32G411KBU6, STM32G411M6T3, STM32G411M6T6, STM32G411M8T3, STM32G411M8T6, STM32G411MBT3, STM32G411MBT6, STM32G411R6T3, STM32G411R6T6, STM32G411R8T3, STM32G411R8T6, STM32G411RBT3, STM32G411RBT6, STM32G414CBT3, STM32G414CBT6, STM32G414CBU3, STM32G414CBU6, STM32G414CCT3, STM32G414CCT6, STM32G414CCU3, STM32G414CCU6, STM32G414MBT3, STM32G414MBT6, STM32G414MCT3, STM32G414MCT6, STM32G414RBT3, STM32G414RBT6, STM32G414RCT3, STM32G414RCT6, STM32G414VBT3, STM32G414VBT6, STM32G414VCT3, STM32G414VCT6, STM32G431CBT3Z, STM32G431RBT3Z, STM32G471CCT6, STM32G471CCU6, STM32G471CET3, STM32G471CET6, STM32G471CEU3, STM32G471CEU6, STM32G471MCT6, STM32G471MET3, STM32G471MET6, STM32G471MEY6TR, STM32G471QCT6, STM32G471QET3, STM32G471RCT6, STM32G471RET3, STM32G471RET6, STM32G471VCH6, STM32G471VCI6, STM32G471VCT6, STM32G471VEH3, STM32G471VEH6, STM32G471VEI3, STM32G471VEI6, STM32G471VET3, STM32G471VET6, STM32G473QET3Z, STM32G473RET3Z, STM32G474CCT6, STM32G491RET3Z, STM32H503CBT6, STM32H503CBU6, STM32H503EBY6TR, STM32H503KBU6, STM32H503RBT6, STM32H523CCT6, STM32H523CCU6, STM32H523CET6, STM32H523CEU6, STM32H523HEY6TR, STM32H523RCT6, STM32H523RET6, STM32H523VCI6, STM32H523VCT6, STM32H523VEI6, STM32H523VET6, STM32H523ZCJ6, STM32H523ZCT6, STM32H523ZEJ6, STM32H523ZET6, STM32H533CET6, STM32H533CEU6, STM32H533HEY6TR, STM32H533RET6, STM32H533VEI6, STM32H533VET6, STM32H533ZEJ6, STM32H533ZET6, STM32H562AGI6, STM32H562AII6, STM32H562IGK6, STM32H562IGT6, STM32H562IIK6, STM32H562IIT6, STM32H562RGT6, STM32H562RGV6, STM32H562RIT6, STM32H562RIV6, STM32H562VGT6, STM32H562VIT6, STM32H562ZGT6, STM32H562ZIT6, STM32H563AGI6, STM32H563AII3Q, STM32H563AII6, STM32H563IGK6, STM32H563IGT6, STM32H563IIK3Q, STM32H563IIK6, STM32H563IIT3Q, STM32H563IIT6, STM32H563MIY3QTR, STM32H563RGT6, STM32H563RGV6, STM32H563RIT6, STM32H563RIV6, STM32H563VGT6, STM32H563VIT3Q, STM32H563VIT6, STM32H563ZGT6, STM32H563ZIT3Q, STM32H563ZIT6, STM32H573AII3Q, STM32H573AII6, STM32H573I-DK, STM32H573IIK3Q, STM32H573IIK6, STM32H573IIT3Q, STM32H573IIT6, STM32H573MIY3QTR, STM32H573RIT6, STM32H573RIV6, STM32H573VIT3Q, STM32H573VIT6, STM32H573ZIT3Q, STM32H573ZIT6, STM32H7R3A8I6, STM32H7R3I8K6, STM32H7R3I8T6, STM32H7R3L8H6, STM32H7R3L8H6H, STM32H7R3R8V6, STM32H7R3V8H6, STM32H7R3V8T6, STM32H7R3V8Y6TR, STM32H7R3Z8J6, STM32H7R3Z8T6, STM32H7R7A8I6, STM32H7R7I8K6, STM32H7R7I8T6, STM32H7R7L8H6, STM32H7R7L8H6H, STM32H7R7Z8J6, STM32H7S3A8I6, STM32H7S3I8K6, STM32H7S3I8T6, STM32H7S3L8H6, STM32H7S3L8H6H, STM32H7S3R8V6, STM32H7S3V8H6, STM32H7S3V8T6, STM32H7S3V8Y6TR, STM32H7S3Z8J6, STM32H7S3Z8T6, STM32H7S78-DK, STM32H7S7A8I6, STM32H7S7I8K6, STM32H7S7I8T6, STM32H7S7L8H6, STM32H7S7L8H6H, STM32H7S7Z8J6, STM32L4R5QGI6STR, STM32MP131AAE3, STM32MP131AAF3, STM32MP131AAG3, STM32MP131CAE3, STM32MP131CAF3, STM32MP131CAG3, STM32MP131DAE7, STM32MP131DAF7, STM32MP131DAG7, STM32MP131FAE7, STM32MP131FAF7, STM32MP131FAG7, STM32MP133AAE3, STM32MP133AAF3, STM32MP133AAG3, STM32MP133CAE3, STM32MP133CAF3, STM32MP133CAG3, STM32MP133DAE7, STM32MP133DAF7, STM32MP133DAG7, STM32MP133FAE7, STM32MP133FAF7, STM32MP133FAG7, STM32MP135AAE3, STM32MP135AAF3, STM32MP135AAG3, STM32MP135CAE3, STM32MP135CAF3, STM32MP135CAG3, STM32MP135DAE7, STM32MP135DAF7, STM32MP135DAG7, STM32MP135F-DK, STM32MP135FAE7, STM32MP135FAF7, STM32MP135FAF7T, STM32MP135FAF7U, STM32MP135FAG7, STM32MP211AAL3, STM32MP211AAM3, STM32MP211AAN3, STM32MP211AAO3, STM32MP211CAL3, STM32MP211CAM3, STM32MP211CAN3, STM32MP211CAO3, STM32MP211DAL3, STM32MP211DAM3, STM32MP211DAN3, STM32MP211DAO3, STM32MP211FAL3, STM32MP211FAM3, STM32MP211FAN3, STM32MP211FAO3, STM32MP213AAL3, STM32MP213AAM3, STM32MP213AAN3, STM32MP213AAO3, STM32MP213CAL3, STM32MP213CAM3, STM32MP213CAN3, STM32MP213CAO3, STM32MP213DAL3, STM32MP213DAM3, STM32MP213DAN3, STM32MP213DAO3, STM32MP213FAL3, STM32MP213FAM3, STM32MP213FAN3, STM32MP213FAO3, STM32MP215AAL3, STM32MP215AAM3, STM32MP215AAN3, STM32MP215AAO3, STM32MP215CAL3, STM32MP215CAM3, STM32MP215CAN3, STM32MP215CAO3, STM32MP215DAL3, STM32MP215DAM3, STM32MP215DAN3, STM32MP215DAO3, STM32MP215F-DK, STM32MP215FAL3, STM32MP215FAM3, STM32MP215FAN3, STM32MP215FAO3, STM32MP231AAJ3, STM32MP231AAK3, STM32MP231AAL3, STM32MP231CAJ3, STM32MP231CAK3, STM32MP231CAL3, STM32MP231DAJ3, STM32MP231DAK3, STM32MP231DAL3, STM32MP231FAJ3, STM32MP231FAK3, STM32MP231FAL3, STM32MP233AAJ3, STM32MP233AAK3, STM32MP233AAL3, STM32MP233CAJ3, STM32MP233CAK3, STM32MP233CAL3, STM32MP233DAJ3, STM32MP233DAK3, STM32MP233DAL3, STM32MP233FAJ3, STM32MP233FAK3, STM32MP233FAL3, STM32MP235AAJ3, STM32MP235AAK3, STM32MP235AAL3, STM32MP235CAJ3, STM32MP235CAK3, STM32MP235CAL3, STM32MP235DAJ3, STM32MP235DAK3, STM32MP235DAL3, STM32MP235FAJ3, STM32MP235FAK3, STM32MP235FAL3, STM32MP251AAI3, STM32MP251AAK3, STM32MP251AAL3, STM32MP251CAI3, STM32MP251CAK3, STM32MP251CAL3, STM32MP251DAI3, STM32MP251DAK3, STM32MP251DAL3, STM32MP251FAI3, STM32MP251FAK3, STM32MP251FAL3, STM32MP253AAI3, STM32MP253AAK3, STM32MP253AAL3, STM32MP253CAI3, STM32MP253CAK3, STM32MP253CAL3, STM32MP253DAI3, STM32MP253DAK3, STM32MP253DAL3, STM32MP253FAI3, STM32MP253FAK3, STM32MP253FAL3, STM32MP255AAI3, STM32MP255AAK3, STM32MP255AAL3, STM32MP255CAI3, STM32MP255CAK3, STM32MP255CAL3, STM32MP255DAI3, STM32MP255DAK3, STM32MP255DAL3, STM32MP255FAI3, STM32MP255FAK3, STM32MP255FAL3, STM32MP257AAI3, STM32MP257AAK3, STM32MP257AAL3, STM32MP257CAI3, STM32MP257CAK3, STM32MP257CAL3, STM32MP257DAI3, STM32MP257DAK3, STM32MP257DAL3, STM32MP257F-DK, STM32MP257F-EV1, STM32MP257FAI3, STM32MP257FAK3, STM32MP257FAL3, STM32N645A0H3Q, STM32N645B0H3Q, STM32N645I0H3Q, STM32N645L0H3Q, STM32N645X0H3Q, STM32N645Z0H3Q, STM32N647A0H3Q, STM32N647B0H3Q, STM32N647I0H3Q, STM32N647L0H3Q, STM32N647X0H3Q, STM32N647Z0H3Q, STM32N655A0H3Q, STM32N655B0H3Q, STM32N655I0H3Q, STM32N655L0H3Q, STM32N655X0H3Q, STM32N655Z0H3Q, STM32N6570-DK, STM32N657A0H3Q, STM32N657B0H3Q, STM32N657I0H3Q, STM32N657L0H3Q, STM32N657X0H3Q, STM32N657Z0H3Q, STM32U031C6T6, STM32U031C6U6, STM32U031C8T6, STM32U031C8U6, STM32U031F4P6, STM32U031F6P6, STM32U031F8P6, STM32U031G6Y6TR, STM32U031G8Y6TR, STM32U031K4U6, STM32U031K6U6, STM32U031K8U6, STM32U031R6I6, STM32U031R6T6, STM32U031R8I6, STM32U031R8T6, STM32U073C8T6, STM32U073C8U6, STM32U073CBT6, STM32U073CBU6, STM32U073CCT6, STM32U073CCU6, STM32U073H8Y6TR, STM32U073HBY6TR, STM32U073HCY6TR, STM32U073K8U6, STM32U073KBU6, STM32U073KCU6, STM32U073M8I6, STM32U073M8T6, STM32U073MBI6, STM32U073MBT6, STM32U073MCI6, STM32U073MCT6, STM32U073R8I6, STM32U073R8T6, STM32U073RBI6, STM32U073RBT6, STM32U073RCI6, STM32U073RCT6, STM32U083C-DK, STM32U083CCT6, STM32U083CCU6, STM32U083HCY6TR, STM32U083KCU6, STM32U083MCI6, STM32U083MCT6, STM32U083RCI6, STM32U083RCT6, STM32U375CET6, STM32U375CET6Q, STM32U375CEU6, STM32U375CEU6Q, STM32U375CEY6QTR, STM32U375CGT6, STM32U375CGT6Q, STM32U375CGU6, STM32U375CGU6Q, STM32U375CGY6QTR, STM32U375KEU6, STM32U375KGU6, STM32U375REI6, STM32U375REI6Q, STM32U375RET6, STM32U375RET6Q, STM32U375REY6GTR, STM32U375REY6QTR, STM32U375RGI6, STM32U375RGI6Q, STM32U375RGT6, STM32U375RGT6Q, STM32U375RGY6GTR, STM32U375RGY6QTR, STM32U375VEI6, STM32U375VEI6Q, STM32U375VET6, STM32U375VET6Q, STM32U375VGI6, STM32U375VGI6Q, STM32U375VGT6, STM32U375VGT6Q, STM32U385CGT6, STM32U385CGT6Q, STM32U385CGU6, STM32U385CGU6Q, STM32U385CGY6QTR, STM32U385KGU6, STM32U385RGI6, STM32U385RGI6Q, STM32U385RGT6, STM32U385RGT6Q, STM32U385RGY6GTR, STM32U385RGY6QTR, STM32U385VGI6, STM32U385VGI6Q, STM32U385VGT6, STM32U385VGT6Q, STM32U535CBT6, STM32U535CBT6Q, STM32U535CBU6, STM32U535CBU6Q, STM32U535CCT6, STM32U535CCT6Q, STM32U535CCU6, STM32U535CCU6Q, STM32U535CET6, STM32U535CET6Q, STM32U535CEU6, STM32U535CEU6Q, STM32U535JEY6QTR, STM32U535NCY6QTR, STM32U535NEY6QTR, STM32U535RBI6, STM32U535RBI6Q, STM32U535RBT6, STM32U535RBT6Q, STM32U535RCI6, STM32U535RCI6Q, STM32U535RCT6, STM32U535RCT6Q, STM32U535REI6, STM32U535REI6Q, STM32U535RET6, STM32U535RET6Q, STM32U535VCI6, STM32U535VCI6Q, STM32U535VCT6, STM32U535VCT6Q, STM32U535VEI6, STM32U535VEI6Q, STM32U535VET6, STM32U535VET6Q, STM32U545CET6, STM32U545CET6Q, STM32U545CEU6, STM32U545CEU6Q, STM32U545JEY6QTR, STM32U545NEY6QTR, STM32U545REI6, STM32U545REI6Q, STM32U545RET6, STM32U545RET6Q, STM32U545VEI6, STM32U545VEI6Q, STM32U545VET6, STM32U545VET6Q, STM32U595AIH6, STM32U595AIH6Q, STM32U595AJH6, STM32U595AJH6Q, STM32U595QII6, STM32U595QII6Q, STM32U595QJI6, STM32U595QJI6Q, STM32U595RIT6, STM32U595RIT6Q, STM32U595RJT6, STM32U595RJT6Q, STM32U595VIT6, STM32U595VIT6Q, STM32U595VJT6, STM32U595VJT6Q, STM32U595ZIT6, STM32U595ZIT6Q, STM32U595ZIY6QTR, STM32U595ZJT6, STM32U595ZJT6Q, STM32U595ZJY6QTR, STM32U599BJY6QTR, STM32U599NIH6Q, STM32U599NJH6Q, STM32U599VIT6Q, STM32U599VJT6, STM32U599VJT6Q, STM32U599ZIT6Q, STM32U599ZIY6QTR, STM32U599ZJT6Q, STM32U599ZJY6QTR, STM32U5A5AJH6, STM32U5A5AJH6Q, STM32U5A5QII3Q , STM32U5A5QJI6, STM32U5A5QJI6Q, STM32U5A5RJT6, STM32U5A5RJT6Q, STM32U5A5VJT6, STM32U5A5VJT6Q, STM32U5A5ZJT6, STM32U5A5ZJT6Q, STM32U5A5ZJY6QTR, STM32U5A9BJY6QTR, STM32U5A9J-DK, STM32U5A9NJH6Q, STM32U5A9VJT6Q, STM32U5A9ZJT6Q, STM32U5A9ZJY6QTR, STM32U5F7VIT6, STM32U5F7VIT6Q, STM32U5F7VJT6, STM32U5F7VJT6Q, STM32U5F9BJY6QTR, STM32U5F9NJH6Q, STM32U5F9VIT6Q, STM32U5F9VJT6Q, STM32U5F9ZIJ6QTR, STM32U5F9ZIT6Q, STM32U5F9ZJJ6QTR, STM32U5F9ZJT6Q, STM32U5G7VJT6, STM32U5G7VJT6Q, STM32U5G9BJY6QTR, STM32U5G9J-DK1, STM32U5G9J-DK2, STM32U5G9NJH6Q, STM32U5G9VJT6Q, STM32U5G9ZJJ6QTR, STM32U5G9ZJT6Q, STM32WB05KZV6TR, STM32WB05KZV7TR, STM32WB05TZF6TR, STM32WB05TZF7TR, STM32WB06CCF6TR, STM32WB06CCF7TR, STM32WB06CCV6TR, STM32WB06CCV7TR, STM32WB06KCV6TR, STM32WB06KCV7TR, STM32WB07CCF6TR, STM32WB07CCF7TR, STM32WB07CCV6TR, STM32WB07CCV7TR, STM32WB07KCV6TR, STM32WB07KCV7TR, STM32WB09KEV6TR, STM32WB09KEV7TR, STM32WB09TEF6TR, STM32WB09TEF7TR, STM32WB1MMCH6, STM32WBA50KGU6, STM32WBA50KGU6TR, STM32WBA52CEU6, STM32WBA52CEU6TR, STM32WBA52CEU7, STM32WBA52CEU7TR, STM32WBA52CGU6, STM32WBA52CGU6TR, STM32WBA52CGU6U, STM32WBA52CGU7, STM32WBA52CGU7TR, STM32WBA52KEU6, STM32WBA52KEU6TR, STM32WBA52KGU6, STM32WBA52KGU6TR, STM32WBA54CEU6, STM32WBA54CEU6TR, STM32WBA54CEU7, STM32WBA54CEU7TR, STM32WBA54CGU6, STM32WBA54CGU6TR, STM32WBA54CGU7, STM32WBA54CGU7TR, STM32WBA54KEU6, STM32WBA54KEU6TR, STM32WBA54KEU7, STM32WBA54KEU7TR, STM32WBA54KGU6, STM32WBA54KGU6TR, STM32WBA54KGU7, STM32WBA54KGU7TR, STM32WBA55CEU6, STM32WBA55CEU6TR, STM32WBA55CEU7, STM32WBA55CEU7TR, STM32WBA55CGU6, STM32WBA55CGU6TR, STM32WBA55CGU6U, STM32WBA55CGU7, STM32WBA55CGU7TR, STM32WBA55G-DK1, STM32WBA55HEF6, STM32WBA55HEF7, STM32WBA55HGF6, STM32WBA55HGF7, STM32WBA55UEI6, STM32WBA55UEI6TR, STM32WBA55UEI7, STM32WBA55UEI7TR, STM32WBA55UGI6, STM32WBA55UGI6TR, STM32WBA55UGI7, STM32WBA55UGI7TR, STM32WBA5MMGH6TR, STM32WBA62MGF6, STM32WBA62MIF6, STM32WBA65MGF7, STM32WBA65MIF6, STM32WBA65MIF7, STM32WL30K8V6, STM32WL30KBV6, STM32WL31C8V6, STM32WL31CBV6, STM32WL31K8V6, STM32WL31KBV6, STM32WL33C8V6, STM32WL33C8V6X, STM32WL33CBV6, STM32WL33CBV6X, STM32WL33CCV6, STM32WL33CCV6A, STM32WL33CCV6X, STM32WL33K8V7, STM32WL33K8V7X, STM32WL33KBV7 , STM32WL33KBV7X, STM32WL33KCV7, STM32WL33KCV7X, STM32WL5MOCH6, STM32WL5MOCH6TR]
2025-09-28 09:28:50,335 [INFO] BoardInfo:889 - No configuration file found for board P-NUCLEO-WB55
2025-09-28 09:28:50,336 [INFO] DbBoards:161 - Kit is not supported: P-NUCLEO-WB55
2025-09-28 09:28:50,338 [INFO] BoardInfo:889 - No configuration file found for board STEVAL-BFA001V1B
2025-09-28 09:28:50,338 [INFO] DbBoards:161 - Kit is not supported: STEVAL-BFA001V1B
2025-09-28 09:28:50,339 [INFO] BoardInfo:889 - No configuration file found for board STEVAL-BFA001V2B
2025-09-28 09:28:50,339 [INFO] DbBoards:161 - Kit is not supported: STEVAL-BFA001V2B
2025-09-28 09:28:50,407 [INFO] DbBoards:168 - Found 212 boards, 209 are supported
2025-09-28 09:28:50,407 [INFO] DbBoards:169 - Found 212 boards, 43 of them is supported for  Bsp
2025-09-28 09:28:50,410 [INFO] ApiDb:668 - CubeFinder database Data Model version=2.1
2025-09-28 09:28:50,410 [INFO] ApiDb:669 - CubeFinder database Configuration version=3.0.39
2025-09-28 09:28:50,410 [INFO] ApiDb:670 - CubeFinder database generation date=2025-07-24 (1753349077)
2025-09-28 09:28:50,410 [INFO] ApiDb:671 - CubeFinder database FW Pack versions=[FP-ATR-ASTRA1_V2.0.0, FP-SNS-FLIGHT1_V5.1.0, FP-SNS-MOTENV1_V5.0.0, FP-SNS-MOTENVWB1_V1.4.0, FP-SNS-SMARTAG2_V1.2.0, FP-SNS-STBOX1_V2.0.0, STM32Cube_FW_C0_V1.4.0, STM32Cube_FW_F4_V1.28.2, STM32Cube_FW_F7_V1.17.3, STM32Cube_FW_G0_V1.6.2, STM32Cube_FW_G4_V1.6.1, STM32Cube_FW_H5_V1.5.0, STM32Cube_FW_H7RS_V1.2.0, STM32Cube_FW_H7_V1.12.1, STM32Cube_FW_L0_V1.12.2, STM32Cube_FW_L4_V1.18.1, STM32Cube_FW_L5_V1.5.1, STM32Cube_FW_N6_V1.2.0, STM32Cube_FW_U0_V1.3.0, STM32Cube_FW_U3_V1.2.0, STM32Cube_FW_U5_V1.8.0, STM32Cube_FW_WB0_V1.3.0, STM32Cube_FW_WBA_V1.7.0, STM32Cube_FW_WB_V1.23.0, STM32Cube_FW_WL3_V1.2.0, STM32Cube_FW_WL_V1.3.1, X-CUBE-ALGOBUILD_V1.4.0, X-CUBE-ALS_V1.0.2, X-CUBE-AZRTOS-F4_V1.1.0, X-CUBE-AZRTOS-F7_V1.1.0, X-CUBE-AZRTOS-G0_V1.1.0, X-CUBE-AZRTOS-G4_V2.0.0, X-CUBE-AZRTOS-H7RS_V1.1.0, X-CUBE-AZRTOS-H7_V3.4.0, X-CUBE-AZRTOS-L4_V2.0.0, X-CUBE-AZRTOS-L5_V2.0.0, X-CUBE-AZRTOS-WB_V2.0.0, X-CUBE-AZRTOS-WL_V2.0.0, X-CUBE-BLE1_V7.1.0, X-CUBE-BLE2_V3.3.0, X-CUBE-BLEMGR_V4.1.0, X-CUBE-EEPRMA1_V5.2.0, X-CUBE-FREERTOS_V1.3.1, X-CUBE-GNSS1_V6.0.0, X-CUBE-MEMS1_V11.3.0, X-CUBE-NFC4_V3.0.0, X-CUBE-NFC7_V2.0.0, X-CUBE-SFXS2LP1_V4.0.0, X-CUBE-ST67W61_V1.0.0, X-CUBE-SUBG2_V5.0.0, X-CUBE-TOF1_V3.4.3]
2025-09-28 09:28:52,128 [INFO] ApiDb:240 - Found 880 in-development CPN: [B-G473E-ZEST1S, B-WB1M-WPAN1, B-WBA5M-WPAN, B-WL5M-SUBG1, NUCLEO-C031C6, NUCLEO-C051C8, NUCLEO-C071RB, NUCLEO-C092RC, NUCLEO-H503RB, NUCLEO-H533RE, NUCLEO-H563ZI, NUCLEO-H7S3L8, NUCLEO-N657X0-Q, NUCLEO-U031R8, NUCLEO-U083RC, NUCLEO-U385RG-Q, NUCLEO-U545RE-Q, NUCLEO-U5A5ZJ-Q, NUCLEO-WB05KZ, NUCLEO-WB07CC, NUCLEO-WB09KE, NUCLEO-WBA52CG, NUCLEO-WBA55CG, NUCLEO-WL33CC1, NUCLEO-WL33CC2, STEVAL-PROTEUS1, STEVAL-SMARTAG2, STEVAL-STWINBX1, STM320518-EVAL, STM32C0116-DK, STM32C011D6Y3TR, STM32C011D6Y6TR, STM32C011F4P3, STM32C011F4P6, STM32C011F4U3, STM32C011F4U6TR, STM32C011F6P3, STM32C011F6P6, STM32C011F6U3, STM32C011F6U6TR, STM32C011J4M3, STM32C011J4M6, STM32C011J6M3, STM32C011J6M6, STM32C0316-DK, STM32C031C4T3, STM32C031C4T6, STM32C031C4U3, STM32C031C4U6, STM32C031C6T3, STM32C031C6T6, STM32C031C6U3, STM32C031C6U6, STM32C031F4P3, STM32C031F4P6, STM32C031F6P3, STM32C031F6P6, STM32C031G4U3, STM32C031G4U6, STM32C031G6U3, STM32C031G6U6, STM32C031K4T3, STM32C031K4T6, STM32C031K4U3, STM32C031K4U6, STM32C031K6T3, STM32C031K6T6, STM32C031K6U3, STM32C031K6U6, STM32C051C6T6, STM32C051C6U6, STM32C051C8T6, STM32C051C8U6, STM32C051D8Y6TR, STM32C051F6P6, STM32C051F8P6, STM32C051G6U6, STM32C051G8U6, STM32C051K6T6, STM32C051K6U6, STM32C051K8T6, STM32C071C8T6, STM32C071C8T6N, STM32C071C8U6, STM32C071C8U6N, STM32C071CBT6, STM32C071CBT6N, STM32C071CBU6, STM32C071CBU6N, STM32C071F8P6, STM32C071F8P6N, STM32C071FBP6, STM32C071FBP6N, STM32C071FBY6TR, STM32C071G8U6, STM32C071G8U6N, STM32C071GBU6, STM32C071GBU6N, STM32C071K8T6, STM32C071K8T6N, STM32C071K8U6, STM32C071K8U6N, STM32C071KBT6, STM32C071KBT6N, STM32C071KBU6, STM32C071KBU6N, STM32C071R8T6, STM32C071R8T6N, STM32C071RBI6N, STM32C071RBT6, STM32C071RBT6N, STM32C091CBT6, STM32C091CBU6, STM32C091CCT6, STM32C091CCU6, STM32C091ECY6TR, STM32C091FBP6, STM32C091FCP6, STM32C091GBU6, STM32C091GCU6, STM32C091KBT6, STM32C091KBU6, STM32C091KCT6, STM32C091KCU6, STM32C091RBT6, STM32C091RCI6, STM32C091RCT6, STM32C092CBT6, STM32C092CBU6, STM32C092CCT6, STM32C092CCU6, STM32C092ECY6TR, STM32C092FBP6, STM32C092FCP6, STM32C092GBU6, STM32C092GCU6, STM32C092KBT6, STM32C092KBU6, STM32C092KCT6, STM32C092KCU6, STM32C092RBT6, STM32C092RCI6, STM32C092RCT6, STM32G071K8TXN, STM32G071K8UXN, STM32G081GBU6N, STM32G081KBT6N, STM32G081KBUXN, STM32G0B1CCT6N, STM32G0B1KCT6, STM32G0B1NEY6TR, STM32G0B1RCT6N, STM32G0C1CCT6, STM32G0C1CCT6N, STM32G0C1CCU6N, STM32G0C1CET6N, STM32G0C1CEU6N, STM32G0C1KCT6, STM32G0C1NEY6TR, STM32G0C1RCI6N, STM32G0C1RCT6N, STM32G0C1REI6N, STM32G0C1RET6N, STM32G0C1VCI6, STM32G0C1VEI6, STM32G411C6T3, STM32G411C6T6, STM32G411C6U3, STM32G411C6U6, STM32G411C8T3, STM32G411C8T6, STM32G411C8U3, STM32G411C8U6, STM32G411CBT3, STM32G411CBT6, STM32G411CBU3, STM32G411CBU6, STM32G411K6T3, STM32G411K6T6, STM32G411K6U3, STM32G411K6U6, STM32G411K8T3, STM32G411K8T6, STM32G411K8U3, STM32G411K8U6, STM32G411KBT3, STM32G411KBT6, STM32G411KBU3, STM32G411KBU6, STM32G411M6T3, STM32G411M6T6, STM32G411M8T3, STM32G411M8T6, STM32G411MBT3, STM32G411MBT6, STM32G411R6T3, STM32G411R6T6, STM32G411R8T3, STM32G411R8T6, STM32G411RBT3, STM32G411RBT6, STM32G414CBT3, STM32G414CBT6, STM32G414CBU3, STM32G414CBU6, STM32G414CCT3, STM32G414CCT6, STM32G414CCU3, STM32G414CCU6, STM32G414MBT3, STM32G414MBT6, STM32G414MCT3, STM32G414MCT6, STM32G414RBT3, STM32G414RBT6, STM32G414RCT3, STM32G414RCT6, STM32G414VBT3, STM32G414VBT6, STM32G414VCT3, STM32G414VCT6, STM32G431CBT3Z, STM32G431RBT3Z, STM32G471CCT6, STM32G471CCU6, STM32G471CET3, STM32G471CET6, STM32G471CEU3, STM32G471CEU6, STM32G471MCT6, STM32G471MET3, STM32G471MET6, STM32G471MEY6TR, STM32G471QCT6, STM32G471QET3, STM32G471RCT6, STM32G471RET3, STM32G471RET6, STM32G471VCH6, STM32G471VCI6, STM32G471VCT6, STM32G471VEH3, STM32G471VEH6, STM32G471VEI3, STM32G471VEI6, STM32G471VET3, STM32G471VET6, STM32G473QET3Z, STM32G473RET3Z, STM32G474CCT6, STM32G491RET3Z, STM32H503CBT6, STM32H503CBU6, STM32H503EBY6TR, STM32H503KBU6, STM32H503RBT6, STM32H523CCT6, STM32H523CCU6, STM32H523CET6, STM32H523CEU6, STM32H523HEY6TR, STM32H523RCT6, STM32H523RET6, STM32H523VCI6, STM32H523VCT6, STM32H523VEI6, STM32H523VET6, STM32H523ZCJ6, STM32H523ZCT6, STM32H523ZEJ6, STM32H523ZET6, STM32H533CET6, STM32H533CEU6, STM32H533HEY6TR, STM32H533RET6, STM32H533VEI6, STM32H533VET6, STM32H533ZEJ6, STM32H533ZET6, STM32H562AGI6, STM32H562AII6, STM32H562IGK6, STM32H562IGT6, STM32H562IIK6, STM32H562IIT6, STM32H562RGT6, STM32H562RGV6, STM32H562RIT6, STM32H562RIV6, STM32H562VGT6, STM32H562VIT6, STM32H562ZGT6, STM32H562ZIT6, STM32H563AGI6, STM32H563AII3Q, STM32H563AII6, STM32H563IGK6, STM32H563IGT6, STM32H563IIK3Q, STM32H563IIK6, STM32H563IIT3Q, STM32H563IIT6, STM32H563MIY3QTR, STM32H563RGT6, STM32H563RGV6, STM32H563RIT6, STM32H563RIV6, STM32H563VGT6, STM32H563VIT3Q, STM32H563VIT6, STM32H563ZGT6, STM32H563ZIT3Q, STM32H563ZIT6, STM32H573AII3Q, STM32H573AII6, STM32H573I-DK, STM32H573IIK3Q, STM32H573IIK6, STM32H573IIT3Q, STM32H573IIT6, STM32H573MIY3QTR, STM32H573RIT6, STM32H573RIV6, STM32H573VIT3Q, STM32H573VIT6, STM32H573ZIT3Q, STM32H573ZIT6, STM32H7R3A8I6, STM32H7R3I8K6, STM32H7R3I8T6, STM32H7R3L8H6, STM32H7R3L8H6H, STM32H7R3R8V6, STM32H7R3V8H6, STM32H7R3V8T6, STM32H7R3V8Y6TR, STM32H7R3Z8J6, STM32H7R3Z8T6, STM32H7R7A8I6, STM32H7R7I8K6, STM32H7R7I8T6, STM32H7R7L8H6, STM32H7R7L8H6H, STM32H7R7Z8J6, STM32H7S3A8I6, STM32H7S3I8K6, STM32H7S3I8T6, STM32H7S3L8H6, STM32H7S3L8H6H, STM32H7S3R8V6, STM32H7S3V8H6, STM32H7S3V8T6, STM32H7S3V8Y6TR, STM32H7S3Z8J6, STM32H7S3Z8T6, STM32H7S78-DK, STM32H7S7A8I6, STM32H7S7I8K6, STM32H7S7I8T6, STM32H7S7L8H6, STM32H7S7L8H6H, STM32H7S7Z8J6, STM32L4R5QGI6STR, STM32MP131AAE3, STM32MP131AAF3, STM32MP131AAG3, STM32MP131CAE3, STM32MP131CAF3, STM32MP131CAG3, STM32MP131DAE7, STM32MP131DAF7, STM32MP131DAG7, STM32MP131FAE7, STM32MP131FAF7, STM32MP131FAG7, STM32MP133AAE3, STM32MP133AAF3, STM32MP133AAG3, STM32MP133CAE3, STM32MP133CAF3, STM32MP133CAG3, STM32MP133DAE7, STM32MP133DAF7, STM32MP133DAG7, STM32MP133FAE7, STM32MP133FAF7, STM32MP133FAG7, STM32MP135AAE3, STM32MP135AAF3, STM32MP135AAG3, STM32MP135CAE3, STM32MP135CAF3, STM32MP135CAG3, STM32MP135DAE7, STM32MP135DAF7, STM32MP135DAG7, STM32MP135F-DK, STM32MP135FAE7, STM32MP135FAF7, STM32MP135FAF7T, STM32MP135FAF7U, STM32MP135FAG7, STM32MP211AAL3, STM32MP211AAM3, STM32MP211AAN3, STM32MP211AAO3, STM32MP211CAL3, STM32MP211CAM3, STM32MP211CAN3, STM32MP211CAO3, STM32MP211DAL3, STM32MP211DAM3, STM32MP211DAN3, STM32MP211DAO3, STM32MP211FAL3, STM32MP211FAM3, STM32MP211FAN3, STM32MP211FAO3, STM32MP213AAL3, STM32MP213AAM3, STM32MP213AAN3, STM32MP213AAO3, STM32MP213CAL3, STM32MP213CAM3, STM32MP213CAN3, STM32MP213CAO3, STM32MP213DAL3, STM32MP213DAM3, STM32MP213DAN3, STM32MP213DAO3, STM32MP213FAL3, STM32MP213FAM3, STM32MP213FAN3, STM32MP213FAO3, STM32MP215AAL3, STM32MP215AAM3, STM32MP215AAN3, STM32MP215AAO3, STM32MP215CAL3, STM32MP215CAM3, STM32MP215CAN3, STM32MP215CAO3, STM32MP215DAL3, STM32MP215DAM3, STM32MP215DAN3, STM32MP215DAO3, STM32MP215F-DK, STM32MP215FAL3, STM32MP215FAM3, STM32MP215FAN3, STM32MP215FAO3, STM32MP231AAJ3, STM32MP231AAK3, STM32MP231AAL3, STM32MP231CAJ3, STM32MP231CAK3, STM32MP231CAL3, STM32MP231DAJ3, STM32MP231DAK3, STM32MP231DAL3, STM32MP231FAJ3, STM32MP231FAK3, STM32MP231FAL3, STM32MP233AAJ3, STM32MP233AAK3, STM32MP233AAL3, STM32MP233CAJ3, STM32MP233CAK3, STM32MP233CAL3, STM32MP233DAJ3, STM32MP233DAK3, STM32MP233DAL3, STM32MP233FAJ3, STM32MP233FAK3, STM32MP233FAL3, STM32MP235AAJ3, STM32MP235AAK3, STM32MP235AAL3, STM32MP235CAJ3, STM32MP235CAK3, STM32MP235CAL3, STM32MP235DAJ3, STM32MP235DAK3, STM32MP235DAL3, STM32MP235FAJ3, STM32MP235FAK3, STM32MP235FAL3, STM32MP251AAI3, STM32MP251AAK3, STM32MP251AAL3, STM32MP251CAI3, STM32MP251CAK3, STM32MP251CAL3, STM32MP251DAI3, STM32MP251DAK3, STM32MP251DAL3, STM32MP251FAI3, STM32MP251FAK3, STM32MP251FAL3, STM32MP253AAI3, STM32MP253AAK3, STM32MP253AAL3, STM32MP253CAI3, STM32MP253CAK3, STM32MP253CAL3, STM32MP253DAI3, STM32MP253DAK3, STM32MP253DAL3, STM32MP253FAI3, STM32MP253FAK3, STM32MP253FAL3, STM32MP255AAI3, STM32MP255AAK3, STM32MP255AAL3, STM32MP255CAI3, STM32MP255CAK3, STM32MP255CAL3, STM32MP255DAI3, STM32MP255DAK3, STM32MP255DAL3, STM32MP255FAI3, STM32MP255FAK3, STM32MP255FAL3, STM32MP257AAI3, STM32MP257AAK3, STM32MP257AAL3, STM32MP257CAI3, STM32MP257CAK3, STM32MP257CAL3, STM32MP257DAI3, STM32MP257DAK3, STM32MP257DAL3, STM32MP257F-DK, STM32MP257F-EV1, STM32MP257FAI3, STM32MP257FAK3, STM32MP257FAL3, STM32N645A0H3Q, STM32N645B0H3Q, STM32N645I0H3Q, STM32N645L0H3Q, STM32N645X0H3Q, STM32N645Z0H3Q, STM32N647A0H3Q, STM32N647B0H3Q, STM32N647I0H3Q, STM32N647L0H3Q, STM32N647X0H3Q, STM32N647Z0H3Q, STM32N655A0H3Q, STM32N655B0H3Q, STM32N655I0H3Q, STM32N655L0H3Q, STM32N655X0H3Q, STM32N655Z0H3Q, STM32N6570-DK, STM32N657A0H3Q, STM32N657B0H3Q, STM32N657I0H3Q, STM32N657L0H3Q, STM32N657X0H3Q, STM32N657Z0H3Q, STM32U031C6T6, STM32U031C6U6, STM32U031C8T6, STM32U031C8U6, STM32U031F4P6, STM32U031F6P6, STM32U031F8P6, STM32U031G6Y6TR, STM32U031G8Y6TR, STM32U031K4U6, STM32U031K6U6, STM32U031K8U6, STM32U031R6I6, STM32U031R6T6, STM32U031R8I6, STM32U031R8T6, STM32U073C8T6, STM32U073C8U6, STM32U073CBT6, STM32U073CBU6, STM32U073CCT6, STM32U073CCU6, STM32U073H8Y6TR, STM32U073HBY6TR, STM32U073HCY6TR, STM32U073K8U6, STM32U073KBU6, STM32U073KCU6, STM32U073M8I6, STM32U073M8T6, STM32U073MBI6, STM32U073MBT6, STM32U073MCI6, STM32U073MCT6, STM32U073R8I6, STM32U073R8T6, STM32U073RBI6, STM32U073RBT6, STM32U073RCI6, STM32U073RCT6, STM32U083C-DK, STM32U083CCT6, STM32U083CCU6, STM32U083HCY6TR, STM32U083KCU6, STM32U083MCI6, STM32U083MCT6, STM32U083RCI6, STM32U083RCT6, STM32U375CET6, STM32U375CET6Q, STM32U375CEU6, STM32U375CEU6Q, STM32U375CEY6QTR, STM32U375CGT6, STM32U375CGT6Q, STM32U375CGU6, STM32U375CGU6Q, STM32U375CGY6QTR, STM32U375KEU6, STM32U375KGU6, STM32U375REI6, STM32U375REI6Q, STM32U375RET6, STM32U375RET6Q, STM32U375REY6GTR, STM32U375REY6QTR, STM32U375RGI6, STM32U375RGI6Q, STM32U375RGT6, STM32U375RGT6Q, STM32U375RGY6GTR, STM32U375RGY6QTR, STM32U375VEI6, STM32U375VEI6Q, STM32U375VET6, STM32U375VET6Q, STM32U375VGI6, STM32U375VGI6Q, STM32U375VGT6, STM32U375VGT6Q, STM32U385CGT6, STM32U385CGT6Q, STM32U385CGU6, STM32U385CGU6Q, STM32U385CGY6QTR, STM32U385KGU6, STM32U385RGI6, STM32U385RGI6Q, STM32U385RGT6, STM32U385RGT6Q, STM32U385RGY6GTR, STM32U385RGY6QTR, STM32U385VGI6, STM32U385VGI6Q, STM32U385VGT6, STM32U385VGT6Q, STM32U535CBT6, STM32U535CBT6Q, STM32U535CBU6, STM32U535CBU6Q, STM32U535CCT6, STM32U535CCT6Q, STM32U535CCU6, STM32U535CCU6Q, STM32U535CET6, STM32U535CET6Q, STM32U535CEU6, STM32U535CEU6Q, STM32U535JEY6QTR, STM32U535NCY6QTR, STM32U535NEY6QTR, STM32U535RBI6, STM32U535RBI6Q, STM32U535RBT6, STM32U535RBT6Q, STM32U535RCI6, STM32U535RCI6Q, STM32U535RCT6, STM32U535RCT6Q, STM32U535REI6, STM32U535REI6Q, STM32U535RET6, STM32U535RET6Q, STM32U535VCI6, STM32U535VCI6Q, STM32U535VCT6, STM32U535VCT6Q, STM32U535VEI6, STM32U535VEI6Q, STM32U535VET6, STM32U535VET6Q, STM32U545CET6, STM32U545CET6Q, STM32U545CEU6, STM32U545CEU6Q, STM32U545JEY6QTR, STM32U545NEY6QTR, STM32U545REI6, STM32U545REI6Q, STM32U545RET6, STM32U545RET6Q, STM32U545VEI6, STM32U545VEI6Q, STM32U545VET6, STM32U545VET6Q, STM32U595AIH6, STM32U595AIH6Q, STM32U595AJH6, STM32U595AJH6Q, STM32U595QII6, STM32U595QII6Q, STM32U595QJI6, STM32U595QJI6Q, STM32U595RIT6, STM32U595RIT6Q, STM32U595RJT6, STM32U595RJT6Q, STM32U595VIT6, STM32U595VIT6Q, STM32U595VJT6, STM32U595VJT6Q, STM32U595ZIT6, STM32U595ZIT6Q, STM32U595ZIY6QTR, STM32U595ZJT6, STM32U595ZJT6Q, STM32U595ZJY6QTR, STM32U599BJY6QTR, STM32U599NIH6Q, STM32U599NJH6Q, STM32U599VIT6Q, STM32U599VJT6, STM32U599VJT6Q, STM32U599ZIT6Q, STM32U599ZIY6QTR, STM32U599ZJT6Q, STM32U599ZJY6QTR, STM32U5A5AJH6, STM32U5A5AJH6Q, STM32U5A5QII3Q , STM32U5A5QJI6, STM32U5A5QJI6Q, STM32U5A5RJT6, STM32U5A5RJT6Q, STM32U5A5VJT6, STM32U5A5VJT6Q, STM32U5A5ZJT6, STM32U5A5ZJT6Q, STM32U5A5ZJY6QTR, STM32U5A9BJY6QTR, STM32U5A9J-DK, STM32U5A9NJH6Q, STM32U5A9VJT6Q, STM32U5A9ZJT6Q, STM32U5A9ZJY6QTR, STM32U5F7VIT6, STM32U5F7VIT6Q, STM32U5F7VJT6, STM32U5F7VJT6Q, STM32U5F9BJY6QTR, STM32U5F9NJH6Q, STM32U5F9VIT6Q, STM32U5F9VJT6Q, STM32U5F9ZIJ6QTR, STM32U5F9ZIT6Q, STM32U5F9ZJJ6QTR, STM32U5F9ZJT6Q, STM32U5G7VJT6, STM32U5G7VJT6Q, STM32U5G9BJY6QTR, STM32U5G9J-DK1, STM32U5G9J-DK2, STM32U5G9NJH6Q, STM32U5G9VJT6Q, STM32U5G9ZJJ6QTR, STM32U5G9ZJT6Q, STM32WB05KZV6TR, STM32WB05KZV7TR, STM32WB05TZF6TR, STM32WB05TZF7TR, STM32WB06CCF6TR, STM32WB06CCF7TR, STM32WB06CCV6TR, STM32WB06CCV7TR, STM32WB06KCV6TR, STM32WB06KCV7TR, STM32WB07CCF6TR, STM32WB07CCF7TR, STM32WB07CCV6TR, STM32WB07CCV7TR, STM32WB07KCV6TR, STM32WB07KCV7TR, STM32WB09KEV6TR, STM32WB09KEV7TR, STM32WB09TEF6TR, STM32WB09TEF7TR, STM32WB1MMCH6, STM32WBA50KGU6, STM32WBA50KGU6TR, STM32WBA52CEU6, STM32WBA52CEU6TR, STM32WBA52CEU7, STM32WBA52CEU7TR, STM32WBA52CGU6, STM32WBA52CGU6TR, STM32WBA52CGU6U, STM32WBA52CGU7, STM32WBA52CGU7TR, STM32WBA52KEU6, STM32WBA52KEU6TR, STM32WBA52KGU6, STM32WBA52KGU6TR, STM32WBA54CEU6, STM32WBA54CEU6TR, STM32WBA54CEU7, STM32WBA54CEU7TR, STM32WBA54CGU6, STM32WBA54CGU6TR, STM32WBA54CGU7, STM32WBA54CGU7TR, STM32WBA54KEU6, STM32WBA54KEU6TR, STM32WBA54KEU7, STM32WBA54KEU7TR, STM32WBA54KGU6, STM32WBA54KGU6TR, STM32WBA54KGU7, STM32WBA54KGU7TR, STM32WBA55CEU6, STM32WBA55CEU6TR, STM32WBA55CEU7, STM32WBA55CEU7TR, STM32WBA55CGU6, STM32WBA55CGU6TR, STM32WBA55CGU6U, STM32WBA55CGU7, STM32WBA55CGU7TR, STM32WBA55G-DK1, STM32WBA55HEF6, STM32WBA55HEF7, STM32WBA55HGF6, STM32WBA55HGF7, STM32WBA55UEI6, STM32WBA55UEI6TR, STM32WBA55UEI7, STM32WBA55UEI7TR, STM32WBA55UGI6, STM32WBA55UGI6TR, STM32WBA55UGI7, STM32WBA55UGI7TR, STM32WBA5MMGH6TR, STM32WBA62MGF6, STM32WBA62MIF6, STM32WBA65MGF7, STM32WBA65MIF6, STM32WBA65MIF7, STM32WL30K8V6, STM32WL30KBV6, STM32WL31C8V6, STM32WL31CBV6, STM32WL31K8V6, STM32WL31KBV6, STM32WL33C8V6, STM32WL33C8V6X, STM32WL33CBV6, STM32WL33CBV6X, STM32WL33CCV6, STM32WL33CCV6A, STM32WL33CCV6X, STM32WL33K8V7, STM32WL33K8V7X, STM32WL33KBV7 , STM32WL33KBV7X, STM32WL33KCV7, STM32WL33KCV7X, STM32WL5MOCH6, STM32WL5MOCH6TR]
2025-09-28 09:28:52,131 [INFO] DbMcus:218 - Found 4801 MCUs, 4801 are supported
2025-09-28 09:28:52,132 [INFO] ApiDb:423 - Load user favorites file /home/tomas1908/.stm32cubeide/favorites.mcus.txt: 2 item(s)
2025-09-28 09:28:52,132 [INFO] ApiDb:427 - User favorites MCUs=[STM32F103C8T6, STM32F446RET6]
2025-09-28 09:28:52,132 [INFO] DbMcus:224 - Set 2 / 2 favorites MCUs
2025-09-28 09:28:52,429 [INFO] ApiDb:414 - User favorites file not found: /home/tomas1908/.stm32cubeide/favorites.boards.txt
2025-09-28 09:28:52,430 [INFO] DbBoards:198 - Set 0 / 0 favorites Boards
2025-09-28 09:28:52,479 [INFO] UtilMem:75 - End LoadConfig() Used Memory: 808898944 Bytes (1073741824)
2025-09-28 09:28:52,587 [WARN] ThirdParty:833 - waiting for thirdparty lock release [change project]
2025-09-28 09:28:52,587 [INFO] ThirdParty:835 - entering critical section [change project]
2025-09-28 09:28:52,588 [INFO] ThirdParty:1030 - CMSIS Pack Vendor :STMicroelectronics X-CUBE-PM33A1 1.0.0
2025-09-28 09:28:52,588 [INFO] ThirdParty:1030 - CMSIS Pack Vendor :STMicroelectronics USBPD 4.1
2025-09-28 09:28:52,588 [INFO] ThirdParty:1030 - CMSIS Pack Vendor :STMicroelectronics X-CUBE-NFC9 1.0.0
2025-09-28 09:28:52,588 [INFO] ThirdParty:1030 - CMSIS Pack Vendor :STMicroelectronics USB_HOST 2.0.0
2025-09-28 09:28:52,588 [INFO] ThirdParty:1030 - CMSIS Pack Vendor :STMicroelectronics FP-SNS-MOTENVWB1 1.4.0
2025-09-28 09:28:52,588 [INFO] ThirdParty:1030 - CMSIS Pack Vendor :STMicroelectronics X-CUBE-AZRTOS-F4 1.1.0
2025-09-28 09:28:52,588 [INFO] ThirdParty:1030 - CMSIS Pack Vendor :STMicroelectronics LIBJPEG 8.0.0
2025-09-28 09:28:52,588 [INFO] ThirdParty:1030 - CMSIS Pack Vendor :STMicroelectronics FP-ATR-ASTRA1 2.0.2
2025-09-28 09:28:52,588 [INFO] ThirdParty:1030 - CMSIS Pack Vendor :STMicroelectronics X-CUBE-BLE1 7.1.0
2025-09-28 09:28:52,588 [INFO] ThirdParty:1030 - CMSIS Pack Vendor :Avnet-IotConnect X-CUBE-IoTC-DA16k-PMOD 1.0.0
2025-09-28 09:28:52,588 [INFO] ThirdParty:1030 - CMSIS Pack Vendor :STMicroelectronics X-CUBE-SMBUS 2.1.0
2025-09-28 09:28:52,588 [INFO] ThirdParty:1030 - CMSIS Pack Vendor :STMicroelectronics USB_DEVICE 3.0.0
2025-09-28 09:28:52,588 [INFO] ThirdParty:1030 - CMSIS Pack Vendor :STMicroelectronics X-CUBE-ISPU 2.1.0
2025-09-28 09:28:52,588 [INFO] ThirdParty:1030 - CMSIS Pack Vendor :STMicroelectronics X-CUBE-AZRTOS-WB 2.0.0
2025-09-28 09:28:52,588 [INFO] ThirdParty:1030 - CMSIS Pack Vendor :STMicroelectronics X-CUBE-ST60 1.0.0
2025-09-28 09:28:52,588 [INFO] ThirdParty:1030 - CMSIS Pack Vendor :STMicroelectronics X-CUBE-GNSS1 7.0.1
2025-09-28 09:28:52,588 [INFO] ThirdParty:1030 - CMSIS Pack Vendor :STMicroelectronics X-CUBE-AZRTOS-F7 1.1.0
2025-09-28 09:28:52,588 [INFO] ThirdParty:1030 - CMSIS Pack Vendor :STMicroelectronics X-CUBE-AZRTOS-L5 2.0.0
2025-09-28 09:28:52,588 [INFO] ThirdParty:1030 - CMSIS Pack Vendor :STMicroelectronics X-CUBE-TOUCHGFX 4.25.0
2025-09-28 09:28:52,588 [INFO] ThirdParty:1030 - CMSIS Pack Vendor :STMicroelectronics USB_DEVICE 2.0.0
2025-09-28 09:28:52,588 [INFO] ThirdParty:1030 - CMSIS Pack Vendor :STMicroelectronics X-CUBE-NFC6 3.1.0
2025-09-28 09:28:52,588 [INFO] ThirdParty:1030 - CMSIS Pack Vendor :Cesanta I-CUBE-Mongoose 7.19.0
2025-09-28 09:28:52,588 [INFO] ThirdParty:1030 - CMSIS Pack Vendor :quantropi X-CUBE-qispace-sdk-base 2.1.0
2025-09-28 09:28:52,588 [INFO] ThirdParty:1030 - CMSIS Pack Vendor :STMicroelectronics FreeRTOS 0.0.1
2025-09-28 09:28:52,588 [INFO] ThirdParty:1030 - CMSIS Pack Vendor :STMicroelectronics X-CUBE-AZRTOS-G0 1.1.0
2025-09-28 09:28:52,588 [INFO] ThirdParty:1030 - CMSIS Pack Vendor :STMicroelectronics X-CUBE-SAFEA1 1.2.2
2025-09-28 09:28:52,588 [INFO] ThirdParty:1030 - CMSIS Pack Vendor :STMicroelectronics X-CUBE-NFC4 3.0.0
2025-09-28 09:28:52,588 [INFO] ThirdParty:1030 - CMSIS Pack Vendor :STMicroelectronics X-CUBE-SUBG2 5.0.0
2025-09-28 09:28:52,588 [INFO] ThirdParty:1030 - CMSIS Pack Vendor :STMicroelectronics X-CUBE-AZRTOS-H7RS 1.1.0
2025-09-28 09:28:52,589 [INFO] ThirdParty:1030 - CMSIS Pack Vendor :STMicroelectronics STM32_WPAN 1.0.0
2025-09-28 09:28:52,589 [INFO] ThirdParty:1030 - CMSIS Pack Vendor :EmbeddedOffice I-CUBE-FS-RTOS 1.0.1
2025-09-28 09:28:52,589 [INFO] ThirdParty:1030 - CMSIS Pack Vendor :STMicroelectronics lwIP 2.0.3
2025-09-28 09:28:52,589 [INFO] ThirdParty:1030 - CMSIS Pack Vendor :WES I-CUBE-Cesium 1.4.0
2025-09-28 09:28:52,589 [INFO] ThirdParty:1030 - CMSIS Pack Vendor :STMicroelectronics USB_HOST 1.0.0
2025-09-28 09:28:52,589 [INFO] ThirdParty:1030 - CMSIS Pack Vendor :Infineon AIROC-Wi-Fi-Bluetooth-STM32 1.7.1
2025-09-28 09:28:52,589 [INFO] ThirdParty:1030 - CMSIS Pack Vendor :STMicroelectronics X-CUBE-AZRTOS-G4 2.0.0
2025-09-28 09:28:52,589 [INFO] ThirdParty:1030 - CMSIS Pack Vendor :STMicroelectronics X-CUBE-WB05N 2.0.0
2025-09-28 09:28:52,589 [INFO] ThirdParty:1030 - CMSIS Pack Vendor :STMicroelectronics PDM2PCM 3.1.0
2025-09-28 09:28:52,589 [INFO] ThirdParty:1030 - CMSIS Pack Vendor :STMicroelectronics PDM2PCM 3.3.0
2025-09-28 09:28:52,589 [INFO] ThirdParty:1030 - CMSIS Pack Vendor :STMicroelectronics X-CUBE-DISPLAY 3.0.0
2025-09-28 09:28:52,589 [INFO] ThirdParty:1030 - CMSIS Pack Vendor :wolfSSL I-CUBE-wolfSSH 1.4.20
2025-09-28 09:28:52,589 [INFO] ThirdParty:1030 - CMSIS Pack Vendor :STMicroelectronics X-CUBE-NFC7 2.0.0
2025-09-28 09:28:52,589 [INFO] ThirdParty:1030 - CMSIS Pack Vendor :STMicroelectronics X-CUBE-TCPP 4.2.0
2025-09-28 09:28:52,589 [INFO] ThirdParty:1030 - CMSIS Pack Vendor :RealThread X-CUBE-RT-Thread_Nano 4.1.1
2025-09-28 09:28:52,589 [INFO] ThirdParty:1030 - CMSIS Pack Vendor :STMicroelectronics FP-ATR-SIGFOX1 3.2.0
2025-09-28 09:28:52,589 [INFO] ThirdParty:1030 - CMSIS Pack Vendor :STMicroelectronics X-CUBE-NFC10 1.0.0
2025-09-28 09:28:52,589 [INFO] ThirdParty:1030 - CMSIS Pack Vendor :STMicroelectronics X-CUBE-FREERTOS 1.3.1
2025-09-28 09:28:52,589 [INFO] ThirdParty:1030 - CMSIS Pack Vendor :STMicroelectronics HAL Drivers 0.0.0
2025-09-28 09:28:52,589 [INFO] ThirdParty:1030 - CMSIS Pack Vendor :STMicroelectronics MBEDTLS 2.16.2
2025-09-28 09:28:52,589 [INFO] ThirdParty:1030 - CMSIS Pack Vendor :STMicroelectronics X-CUBE-IPS 3.1.0
2025-09-28 09:28:52,589 [INFO] ThirdParty:1030 - CMSIS Pack Vendor :STMicroelectronics X-CUBE-ALS 1.0.2
2025-09-28 09:28:52,589 [INFO] ThirdParty:1030 - CMSIS Pack Vendor :emotas I-CUBE-CANOPEN 1.3.0
2025-09-28 09:28:52,589 [INFO] ThirdParty:1030 - CMSIS Pack Vendor :STMicroelectronics MBEDTLS 2.14.1
2025-09-28 09:28:52,589 [INFO] ThirdParty:1030 - CMSIS Pack Vendor :ITTIA_DB I-CUBE-ITTIADB 8.9.0
2025-09-28 09:28:52,589 [INFO] ThirdParty:1030 - CMSIS Pack Vendor :STMicroelectronics X-CUBE-ST67W61 1.0.0
2025-09-28 09:28:52,589 [INFO] ThirdParty:1030 - CMSIS Pack Vendor :STMicroelectronics ThreadX 1.0.0
2025-09-28 09:28:52,589 [INFO] ThirdParty:1030 - CMSIS Pack Vendor :STMicroelectronics FP-SNS-SMARTAG2 1.2.0
2025-09-28 09:28:52,589 [INFO] ThirdParty:1030 - CMSIS Pack Vendor :STMicroelectronics FP-SNS-FLIGHT1 5.1.0
2025-09-28 09:28:52,589 [INFO] ThirdParty:1030 - CMSIS Pack Vendor :STMicroelectronics X-CUBE-AZRTOS-WL 2.0.0
2025-09-28 09:28:52,589 [INFO] ThirdParty:1030 - CMSIS Pack Vendor :SEGGER I-CUBE-embOS 1.3.1
2025-09-28 09:28:52,589 [INFO] ThirdParty:1030 - CMSIS Pack Vendor :STMicroelectronics X-CUBE-ALGOBUILD 1.4.0
2025-09-28 09:28:52,589 [INFO] ThirdParty:1030 - CMSIS Pack Vendor :STMicroelectronics X-CUBE-DPower 1.3.0
2025-09-28 09:28:52,589 [INFO] ThirdParty:1030 - CMSIS Pack Vendor :STMicroelectronics X-CUBE-MEMS1 11.3.0
2025-09-28 09:28:52,589 [INFO] ThirdParty:1030 - CMSIS Pack Vendor :STMicroelectronics FP-SNS-MOTENV1 5.0.0
2025-09-28 09:28:52,589 [INFO] ThirdParty:1030 - CMSIS Pack Vendor :STMicroelectronics USB_DEVICE 1.0.0
2025-09-28 09:28:52,589 [INFO] ThirdParty:1030 - CMSIS Pack Vendor :STMicroelectronics X-CUBE-AZRTOS-L4 2.0.0
2025-09-28 09:28:52,589 [INFO] ThirdParty:1030 - CMSIS Pack Vendor :STMicroelectronics ThreadX 0.0.2
2025-09-28 09:28:52,589 [INFO] ThirdParty:1030 - CMSIS Pack Vendor :STMicroelectronics lwIP 2.1.2
2025-09-28 09:28:52,590 [INFO] ThirdParty:1030 - CMSIS Pack Vendor :STMicroelectronics X-CUBE-SFXS2LP1 4.0.0
2025-09-28 09:28:52,590 [INFO] ThirdParty:1030 - CMSIS Pack Vendor :STMicroelectronics X-CUBE-BLE2 3.3.0
2025-09-28 09:28:52,590 [INFO] ThirdParty:1030 - CMSIS Pack Vendor :STMicroelectronics X-CUBE-TOF1 3.4.3
2025-09-28 09:28:52,590 [INFO] ThirdParty:1030 - CMSIS Pack Vendor :STMicroelectronics PDM2PCM 3.2.0
2025-09-28 09:28:52,590 [INFO] ThirdParty:841 - exiting critical section [change project]
2025-09-28 09:28:52,932 [INFO] PinOutPanel:1589 - setPackage(No Configuration,No Configuration)
2025-09-28 09:28:52,934 [INFO] PinOutPanel:1589 - setPackage(STM32F446RETx,LQFP64)
2025-09-28 09:28:53,310 [INFO] UtilMem:75 - Before build in PCC Used Memory: 781492880 Bytes (1073741824)
2025-09-28 09:28:53,800 [INFO] UtilMem:75 - After build in PCC Used Memory: 929558648 Bytes (1073741824)
2025-09-28 09:28:53,835 [INFO] IPUIPlugin:80 - create IPUIPlugin
2025-09-28 09:28:53,835 [INFO] IPUIPlugin:80 - create IPUIPlugin
2025-09-28 09:28:53,835 [INFO] IPUIPlugin:80 - create IPUIPlugin
2025-09-28 09:28:53,835 [INFO] IPUIPlugin:80 - create IPUIPlugin
2025-09-28 09:28:53,835 [INFO] IPUIPlugin:80 - create IPUIPlugin
2025-09-28 09:28:53,836 [INFO] IPUIPlugin:80 - create IPUIPlugin
2025-09-28 09:28:53,836 [INFO] IPUIPlugin:80 - create IPUIPlugin
2025-09-28 09:28:53,836 [INFO] IPUIPlugin:80 - create IPUIPlugin
2025-09-28 09:28:53,836 [INFO] IPUIPlugin:80 - create IPUIPlugin
2025-09-28 09:28:53,836 [INFO] IPUIPlugin:80 - create IPUIPlugin
2025-09-28 09:28:53,836 [INFO] IPUIPlugin:80 - create IPUIPlugin
2025-09-28 09:28:53,836 [INFO] IPUIPlugin:80 - create IPUIPlugin
2025-09-28 09:28:53,836 [INFO] IPUIPlugin:80 - create IPUIPlugin
2025-09-28 09:28:53,836 [INFO] IPUIPlugin:80 - create IPUIPlugin
2025-09-28 09:28:53,837 [INFO] IPUIPlugin:80 - create IPUIPlugin
2025-09-28 09:28:53,837 [INFO] IPUIPlugin:80 - create IPUIPlugin
2025-09-28 09:28:53,837 [INFO] IPUIPlugin:80 - create IPUIPlugin
2025-09-28 09:28:53,837 [INFO] IPUIPlugin:80 - create IPUIPlugin
2025-09-28 09:28:53,837 [INFO] IPUIPlugin:80 - create IPUIPlugin
2025-09-28 09:28:53,837 [INFO] IPUIPlugin:80 - create IPUIPlugin
2025-09-28 09:28:53,837 [INFO] IPUIPlugin:80 - create IPUIPlugin
2025-09-28 09:28:53,838 [INFO] IPUIPlugin:80 - create IPUIPlugin
2025-09-28 09:28:53,838 [INFO] IPUIPlugin:80 - create IPUIPlugin
2025-09-28 09:28:53,838 [INFO] IPUIPlugin:80 - create IPUIPlugin
2025-09-28 09:28:53,838 [INFO] IPUIPlugin:80 - create IPUIPlugin
2025-09-28 09:28:53,838 [INFO] IPUIPlugin:80 - create IPUIPlugin
2025-09-28 09:28:53,839 [INFO] IPUIPlugin:80 - create IPUIPlugin
2025-09-28 09:28:53,839 [INFO] IPUIPlugin:80 - create IPUIPlugin
2025-09-28 09:28:53,839 [INFO] IPUIPlugin:80 - create IPUIPlugin
2025-09-28 09:28:53,839 [INFO] IPUIPlugin:80 - create IPUIPlugin
2025-09-28 09:28:53,839 [INFO] IPUIPlugin:80 - create IPUIPlugin
2025-09-28 09:28:53,840 [INFO] IPUIPlugin:80 - create IPUIPlugin
2025-09-28 09:28:53,840 [INFO] IPUIPlugin:80 - create IPUIPlugin
2025-09-28 09:28:53,840 [INFO] IPUIPlugin:80 - create IPUIPlugin
2025-09-28 09:28:53,840 [INFO] IPUIPlugin:80 - create IPUIPlugin
2025-09-28 09:28:53,840 [INFO] IPUIPlugin:80 - create IPUIPlugin
2025-09-28 09:28:53,840 [INFO] IPUIPlugin:80 - create IPUIPlugin
2025-09-28 09:28:53,841 [INFO] IPUIPlugin:80 - create IPUIPlugin
2025-09-28 09:28:53,841 [INFO] IPUIPlugin:80 - create IPUIPlugin
2025-09-28 09:28:53,841 [INFO] IPUIPlugin:80 - create IPUIPlugin
2025-09-28 09:28:53,841 [INFO] IPUIPlugin:80 - create IPUIPlugin
2025-09-28 09:28:53,841 [INFO] IPUIPlugin:80 - create IPUIPlugin
2025-09-28 09:28:53,841 [INFO] IPUIPlugin:80 - create IPUIPlugin
2025-09-28 09:28:53,842 [INFO] IPUIPlugin:80 - create IPUIPlugin
2025-09-28 09:28:53,842 [INFO] IPUIPlugin:80 - create IPUIPlugin
2025-09-28 09:28:53,842 [INFO] IPUIPlugin:80 - create IPUIPlugin
2025-09-28 09:28:53,842 [INFO] IPUIPlugin:80 - create IPUIPlugin
2025-09-28 09:28:53,842 [INFO] IPUIPlugin:80 - create IPUIPlugin
2025-09-28 09:28:53,842 [INFO] IPUIPlugin:80 - create IPUIPlugin
2025-09-28 09:28:53,843 [INFO] IPUIPlugin:80 - create IPUIPlugin
2025-09-28 09:28:53,843 [INFO] IPUIPlugin:80 - create IPUIPlugin
2025-09-28 09:28:53,843 [INFO] IPUIPlugin:80 - create IPUIPlugin
2025-09-28 09:28:53,843 [INFO] IPUIPlugin:80 - create IPUIPlugin
2025-09-28 09:28:53,844 [INFO] IPUIPlugin:80 - create IPUIPlugin
2025-09-28 09:28:53,844 [INFO] IPUIPlugin:80 - create IPUIPlugin
2025-09-28 09:28:53,845 [INFO] IPUIPlugin:80 - create IPUIPlugin
2025-09-28 09:28:53,845 [INFO] IPUIPlugin:80 - create IPUIPlugin
2025-09-28 09:28:53,846 [INFO] IPUIPlugin:80 - create IPUIPlugin
2025-09-28 09:28:53,846 [INFO] IPUIPlugin:80 - create IPUIPlugin
2025-09-28 09:28:53,846 [INFO] IPUIPlugin:80 - create IPUIPlugin
2025-09-28 09:28:53,875 [INFO] ApiDbMcu:532 - Load IP Config File for PDM2PCM
2025-09-28 09:28:54,042 [INFO] CADModel:165 - CPN selected for project levelSTM32F446RET6
2025-09-28 09:28:54,042 [INFO] CADModel:114 - Register for checkConnection events
2025-09-28 09:28:54,081 [INFO] OpenFileManager:386 - Restore cursor
2025-09-28 09:28:56,766 [ERROR] LogOutputStream:75 - [STDERR_REDIRECT] Sep 28, 2025 9:28:56 AM java.util.prefs.FileSystemPreferences checkLockFile0ErrorCode
2025-09-28 09:28:56,767 [ERROR] LogOutputStream:75 - [STDERR_REDIRECT] WARNING: Could not lock System prefs. Unix error code 2.
2025-09-28 09:28:56,767 [ERROR] LogOutputStream:75 - [STDERR_REDIRECT] 
2025-09-28 09:28:56,767 [ERROR] LogOutputStream:75 - [STDERR_REDIRECT] Sep 28, 2025 9:28:56 AM java.util.prefs.FileSystemPreferences syncWorld
2025-09-28 09:28:56,768 [ERROR] LogOutputStream:75 - [STDERR_REDIRECT] WARNING: Couldn't flush system prefs: java.util.prefs.BackingStoreException: Couldn't get file lock.
2025-09-28 09:28:56,768 [ERROR] LogOutputStream:75 - [STDERR_REDIRECT] 
2025-09-28 09:29:26,754 [ERROR] LogOutputStream:75 - [STDERR_REDIRECT] Sep 28, 2025 9:29:26 AM java.util.prefs.FileSystemPreferences checkLockFile0ErrorCode
2025-09-28 09:29:26,754 [ERROR] LogOutputStream:75 - [STDERR_REDIRECT] WARNING: Could not lock System prefs. Unix error code 2.
2025-09-28 09:29:26,754 [ERROR] LogOutputStream:75 - [STDERR_REDIRECT] 
2025-09-28 09:29:26,754 [ERROR] LogOutputStream:75 - [STDERR_REDIRECT] Sep 28, 2025 9:29:26 AM java.util.prefs.FileSystemPreferences syncWorld
2025-09-28 09:29:26,754 [ERROR] LogOutputStream:75 - [STDERR_REDIRECT] WARNING: Couldn't flush system prefs: java.util.prefs.BackingStoreException: Couldn't get file lock.
2025-09-28 09:29:26,754 [ERROR] LogOutputStream:75 - [STDERR_REDIRECT] 
2025-09-28 09:29:56,755 [ERROR] LogOutputStream:75 - [STDERR_REDIRECT] Sep 28, 2025 9:29:56 AM java.util.prefs.FileSystemPreferences checkLockFile0ErrorCode
2025-09-28 09:29:56,755 [ERROR] LogOutputStream:75 - [STDERR_REDIRECT] WARNING: Could not lock System prefs. Unix error code 2.
2025-09-28 09:29:56,755 [ERROR] LogOutputStream:75 - [STDERR_REDIRECT] 
2025-09-28 09:29:56,756 [ERROR] LogOutputStream:75 - [STDERR_REDIRECT] Sep 28, 2025 9:29:56 AM java.util.prefs.FileSystemPreferences syncWorld
2025-09-28 09:29:56,756 [ERROR] LogOutputStream:75 - [STDERR_REDIRECT] WARNING: Couldn't flush system prefs: java.util.prefs.BackingStoreException: Couldn't get file lock.
2025-09-28 09:29:56,756 [ERROR] LogOutputStream:75 - [STDERR_REDIRECT] 
2025-09-28 09:30:26,757 [ERROR] LogOutputStream:75 - [STDERR_REDIRECT] Sep 28, 2025 9:30:26 AM java.util.prefs.FileSystemPreferences checkLockFile0ErrorCode
2025-09-28 09:30:26,758 [ERROR] LogOutputStream:75 - [STDERR_REDIRECT] WARNING: Could not lock System prefs. Unix error code 2.
2025-09-28 09:30:26,758 [ERROR] LogOutputStream:75 - [STDERR_REDIRECT] 
2025-09-28 09:30:26,758 [ERROR] LogOutputStream:75 - [STDERR_REDIRECT] Sep 28, 2025 9:30:26 AM java.util.prefs.FileSystemPreferences syncWorld
2025-09-28 09:30:26,759 [ERROR] LogOutputStream:75 - [STDERR_REDIRECT] WARNING: Couldn't flush system prefs: java.util.prefs.BackingStoreException: Couldn't get file lock.
2025-09-28 09:30:26,759 [ERROR] LogOutputStream:75 - [STDERR_REDIRECT] 
2025-09-28 09:30:56,754 [ERROR] LogOutputStream:75 - [STDERR_REDIRECT] Sep 28, 2025 9:30:56 AM java.util.prefs.FileSystemPreferences checkLockFile0ErrorCode
2025-09-28 09:30:56,754 [ERROR] LogOutputStream:75 - [STDERR_REDIRECT] WARNING: Could not lock System prefs. Unix error code 2.
2025-09-28 09:30:56,755 [ERROR] LogOutputStream:75 - [STDERR_REDIRECT] 
2025-09-28 09:30:56,755 [ERROR] LogOutputStream:75 - [STDERR_REDIRECT] Sep 28, 2025 9:30:56 AM java.util.prefs.FileSystemPreferences syncWorld
2025-09-28 09:30:56,756 [ERROR] LogOutputStream:75 - [STDERR_REDIRECT] WARNING: Couldn't flush system prefs: java.util.prefs.BackingStoreException: Couldn't get file lock.
2025-09-28 09:30:56,756 [ERROR] LogOutputStream:75 - [STDERR_REDIRECT] 
2025-09-28 09:31:26,754 [ERROR] LogOutputStream:75 - [STDERR_REDIRECT] Sep 28, 2025 9:31:26 AM java.util.prefs.FileSystemPreferences checkLockFile0ErrorCode
2025-09-28 09:31:26,755 [ERROR] LogOutputStream:75 - [STDERR_REDIRECT] WARNING: Could not lock System prefs. Unix error code 2.
2025-09-28 09:31:26,755 [ERROR] LogOutputStream:75 - [STDERR_REDIRECT] 
2025-09-28 09:31:26,756 [ERROR] LogOutputStream:75 - [STDERR_REDIRECT] Sep 28, 2025 9:31:26 AM java.util.prefs.FileSystemPreferences syncWorld
2025-09-28 09:31:26,756 [ERROR] LogOutputStream:75 - [STDERR_REDIRECT] WARNING: Couldn't flush system prefs: java.util.prefs.BackingStoreException: Couldn't get file lock.
2025-09-28 09:31:26,756 [ERROR] LogOutputStream:75 - [STDERR_REDIRECT] 
2025-09-28 09:31:56,755 [ERROR] LogOutputStream:75 - [STDERR_REDIRECT] Sep 28, 2025 9:31:56 AM java.util.prefs.FileSystemPreferences checkLockFile0ErrorCode
2025-09-28 09:31:56,755 [ERROR] LogOutputStream:75 - [STDERR_REDIRECT] WARNING: Could not lock System prefs. Unix error code 2.
2025-09-28 09:31:56,755 [ERROR] LogOutputStream:75 - [STDERR_REDIRECT] 
2025-09-28 09:31:56,756 [ERROR] LogOutputStream:75 - [STDERR_REDIRECT] Sep 28, 2025 9:31:56 AM java.util.prefs.FileSystemPreferences syncWorld
2025-09-28 09:31:56,756 [ERROR] LogOutputStream:75 - [STDERR_REDIRECT] WARNING: Couldn't flush system prefs: java.util.prefs.BackingStoreException: Couldn't get file lock.
2025-09-28 09:31:56,757 [ERROR] LogOutputStream:75 - [STDERR_REDIRECT] 
2025-09-28 09:32:26,754 [ERROR] LogOutputStream:75 - [STDERR_REDIRECT] Sep 28, 2025 9:32:26 AM java.util.prefs.FileSystemPreferences checkLockFile0ErrorCode
2025-09-28 09:32:26,755 [ERROR] LogOutputStream:75 - [STDERR_REDIRECT] WARNING: Could not lock System prefs. Unix error code 2.
2025-09-28 09:32:26,755 [ERROR] LogOutputStream:75 - [STDERR_REDIRECT] 
2025-09-28 09:32:26,756 [ERROR] LogOutputStream:75 - [STDERR_REDIRECT] Sep 28, 2025 9:32:26 AM java.util.prefs.FileSystemPreferences syncWorld
2025-09-28 09:32:26,756 [ERROR] LogOutputStream:75 - [STDERR_REDIRECT] WARNING: Couldn't flush system prefs: java.util.prefs.BackingStoreException: Couldn't get file lock.
2025-09-28 09:32:26,756 [ERROR] LogOutputStream:75 - [STDERR_REDIRECT] 
2025-09-28 09:32:56,754 [ERROR] LogOutputStream:75 - [STDERR_REDIRECT] Sep 28, 2025 9:32:56 AM java.util.prefs.FileSystemPreferences checkLockFile0ErrorCode
2025-09-28 09:32:56,755 [ERROR] LogOutputStream:75 - [STDERR_REDIRECT] WARNING: Could not lock System prefs. Unix error code 2.
2025-09-28 09:32:56,755 [ERROR] LogOutputStream:75 - [STDERR_REDIRECT] 
2025-09-28 09:32:56,755 [ERROR] LogOutputStream:75 - [STDERR_REDIRECT] Sep 28, 2025 9:32:56 AM java.util.prefs.FileSystemPreferences syncWorld
2025-09-28 09:32:56,755 [ERROR] LogOutputStream:75 - [STDERR_REDIRECT] WARNING: Couldn't flush system prefs: java.util.prefs.BackingStoreException: Couldn't get file lock.
2025-09-28 09:32:56,755 [ERROR] LogOutputStream:75 - [STDERR_REDIRECT] 
2025-09-28 09:33:26,759 [ERROR] LogOutputStream:75 - [STDERR_REDIRECT] Sep 28, 2025 9:33:26 AM java.util.prefs.FileSystemPreferences checkLockFile0ErrorCode
2025-09-28 09:33:26,759 [ERROR] LogOutputStream:75 - [STDERR_REDIRECT] WARNING: Could not lock System prefs. Unix error code 2.
2025-09-28 09:33:26,759 [ERROR] LogOutputStream:75 - [STDERR_REDIRECT] 
2025-09-28 09:33:26,760 [ERROR] LogOutputStream:75 - [STDERR_REDIRECT] Sep 28, 2025 9:33:26 AM java.util.prefs.FileSystemPreferences syncWorld
2025-09-28 09:33:26,760 [ERROR] LogOutputStream:75 - [STDERR_REDIRECT] WARNING: Couldn't flush system prefs: java.util.prefs.BackingStoreException: Couldn't get file lock.
2025-09-28 09:33:26,761 [ERROR] LogOutputStream:75 - [STDERR_REDIRECT] 
2025-09-28 09:33:56,755 [ERROR] LogOutputStream:75 - [STDERR_REDIRECT] Sep 28, 2025 9:33:56 AM java.util.prefs.FileSystemPreferences checkLockFile0ErrorCode
2025-09-28 09:33:56,755 [ERROR] LogOutputStream:75 - [STDERR_REDIRECT] WARNING: Could not lock System prefs. Unix error code 2.
2025-09-28 09:33:56,755 [ERROR] LogOutputStream:75 - [STDERR_REDIRECT] 
2025-09-28 09:33:56,756 [ERROR] LogOutputStream:75 - [STDERR_REDIRECT] Sep 28, 2025 9:33:56 AM java.util.prefs.FileSystemPreferences syncWorld
2025-09-28 09:33:56,756 [ERROR] LogOutputStream:75 - [STDERR_REDIRECT] WARNING: Couldn't flush system prefs: java.util.prefs.BackingStoreException: Couldn't get file lock.
2025-09-28 09:33:56,756 [ERROR] LogOutputStream:75 - [STDERR_REDIRECT] 
2025-09-28 09:34:26,755 [ERROR] LogOutputStream:75 - [STDERR_REDIRECT] Sep 28, 2025 9:34:26 AM java.util.prefs.FileSystemPreferences checkLockFile0ErrorCode
2025-09-28 09:34:26,755 [ERROR] LogOutputStream:75 - [STDERR_REDIRECT] WARNING: Could not lock System prefs. Unix error code 2.
2025-09-28 09:34:26,756 [ERROR] LogOutputStream:75 - [STDERR_REDIRECT] 
2025-09-28 09:34:26,756 [ERROR] LogOutputStream:75 - [STDERR_REDIRECT] Sep 28, 2025 9:34:26 AM java.util.prefs.FileSystemPreferences syncWorld
2025-09-28 09:34:26,756 [ERROR] LogOutputStream:75 - [STDERR_REDIRECT] WARNING: Couldn't flush system prefs: java.util.prefs.BackingStoreException: Couldn't get file lock.
2025-09-28 09:34:26,756 [ERROR] LogOutputStream:75 - [STDERR_REDIRECT] 
2025-09-28 09:34:56,756 [ERROR] LogOutputStream:75 - [STDERR_REDIRECT] Sep 28, 2025 9:34:56 AM java.util.prefs.FileSystemPreferences checkLockFile0ErrorCode
2025-09-28 09:34:56,756 [ERROR] LogOutputStream:75 - [STDERR_REDIRECT] WARNING: Could not lock System prefs. Unix error code 2.
2025-09-28 09:34:56,756 [ERROR] LogOutputStream:75 - [STDERR_REDIRECT] 
2025-09-28 09:34:56,756 [ERROR] LogOutputStream:75 - [STDERR_REDIRECT] Sep 28, 2025 9:34:56 AM java.util.prefs.FileSystemPreferences syncWorld
2025-09-28 09:34:56,756 [ERROR] LogOutputStream:75 - [STDERR_REDIRECT] WARNING: Couldn't flush system prefs: java.util.prefs.BackingStoreException: Couldn't get file lock.
2025-09-28 09:34:56,756 [ERROR] LogOutputStream:75 - [STDERR_REDIRECT] 
2025-09-28 09:35:26,756 [ERROR] LogOutputStream:75 - [STDERR_REDIRECT] Sep 28, 2025 9:35:26 AM java.util.prefs.FileSystemPreferences checkLockFile0ErrorCode
2025-09-28 09:35:26,757 [ERROR] LogOutputStream:75 - [STDERR_REDIRECT] WARNING: Could not lock System prefs. Unix error code 2.
2025-09-28 09:35:26,757 [ERROR] LogOutputStream:75 - [STDERR_REDIRECT] 
2025-09-28 09:35:26,757 [ERROR] LogOutputStream:75 - [STDERR_REDIRECT] Sep 28, 2025 9:35:26 AM java.util.prefs.FileSystemPreferences syncWorld
2025-09-28 09:35:26,758 [ERROR] LogOutputStream:75 - [STDERR_REDIRECT] WARNING: Couldn't flush system prefs: java.util.prefs.BackingStoreException: Couldn't get file lock.
2025-09-28 09:35:26,758 [ERROR] LogOutputStream:75 - [STDERR_REDIRECT] 
2025-09-28 09:35:56,756 [ERROR] LogOutputStream:75 - [STDERR_REDIRECT] Sep 28, 2025 9:35:56 AM java.util.prefs.FileSystemPreferences checkLockFile0ErrorCode
2025-09-28 09:35:56,757 [ERROR] LogOutputStream:75 - [STDERR_REDIRECT] WARNING: Could not lock System prefs. Unix error code 2.
2025-09-28 09:35:56,757 [ERROR] LogOutputStream:75 - [STDERR_REDIRECT] 
2025-09-28 09:35:56,758 [ERROR] LogOutputStream:75 - [STDERR_REDIRECT] Sep 28, 2025 9:35:56 AM java.util.prefs.FileSystemPreferences syncWorld
2025-09-28 09:35:56,758 [ERROR] LogOutputStream:75 - [STDERR_REDIRECT] WARNING: Couldn't flush system prefs: java.util.prefs.BackingStoreException: Couldn't get file lock.
2025-09-28 09:35:56,758 [ERROR] LogOutputStream:75 - [STDERR_REDIRECT] 
2025-09-28 09:36:26,757 [ERROR] LogOutputStream:75 - [STDERR_REDIRECT] Sep 28, 2025 9:36:26 AM java.util.prefs.FileSystemPreferences checkLockFile0ErrorCode
2025-09-28 09:36:26,757 [ERROR] LogOutputStream:75 - [STDERR_REDIRECT] WARNING: Could not lock System prefs. Unix error code 2.
2025-09-28 09:36:26,758 [ERROR] LogOutputStream:75 - [STDERR_REDIRECT] 
2025-09-28 09:36:26,758 [ERROR] LogOutputStream:75 - [STDERR_REDIRECT] Sep 28, 2025 9:36:26 AM java.util.prefs.FileSystemPreferences syncWorld
2025-09-28 09:36:26,758 [ERROR] LogOutputStream:75 - [STDERR_REDIRECT] WARNING: Couldn't flush system prefs: java.util.prefs.BackingStoreException: Couldn't get file lock.
2025-09-28 09:36:26,759 [ERROR] LogOutputStream:75 - [STDERR_REDIRECT] 
2025-09-28 09:36:56,756 [ERROR] LogOutputStream:75 - [STDERR_REDIRECT] Sep 28, 2025 9:36:56 AM java.util.prefs.FileSystemPreferences checkLockFile0ErrorCode
2025-09-28 09:36:56,756 [ERROR] LogOutputStream:75 - [STDERR_REDIRECT] WARNING: Could not lock System prefs. Unix error code 2.
2025-09-28 09:36:56,756 [ERROR] LogOutputStream:75 - [STDERR_REDIRECT] 
2025-09-28 09:36:56,757 [ERROR] LogOutputStream:75 - [STDERR_REDIRECT] Sep 28, 2025 9:36:56 AM java.util.prefs.FileSystemPreferences syncWorld
2025-09-28 09:36:56,757 [ERROR] LogOutputStream:75 - [STDERR_REDIRECT] WARNING: Couldn't flush system prefs: java.util.prefs.BackingStoreException: Couldn't get file lock.
2025-09-28 09:36:56,757 [ERROR] LogOutputStream:75 - [STDERR_REDIRECT] 
2025-09-28 09:37:26,759 [ERROR] LogOutputStream:75 - [STDERR_REDIRECT] Sep 28, 2025 9:37:26 AM java.util.prefs.FileSystemPreferences checkLockFile0ErrorCode
2025-09-28 09:37:26,759 [ERROR] LogOutputStream:75 - [STDERR_REDIRECT] WARNING: Could not lock System prefs. Unix error code 2.
2025-09-28 09:37:26,760 [ERROR] LogOutputStream:75 - [STDERR_REDIRECT] 
2025-09-28 09:37:26,760 [ERROR] LogOutputStream:75 - [STDERR_REDIRECT] Sep 28, 2025 9:37:26 AM java.util.prefs.FileSystemPreferences syncWorld
2025-09-28 09:37:26,760 [ERROR] LogOutputStream:75 - [STDERR_REDIRECT] WARNING: Couldn't flush system prefs: java.util.prefs.BackingStoreException: Couldn't get file lock.
2025-09-28 09:37:26,761 [ERROR] LogOutputStream:75 - [STDERR_REDIRECT] 
2025-09-28 09:37:56,756 [ERROR] LogOutputStream:75 - [STDERR_REDIRECT] Sep 28, 2025 9:37:56 AM java.util.prefs.FileSystemPreferences checkLockFile0ErrorCode
2025-09-28 09:37:56,756 [ERROR] LogOutputStream:75 - [STDERR_REDIRECT] WARNING: Could not lock System prefs. Unix error code 2.
2025-09-28 09:37:56,756 [ERROR] LogOutputStream:75 - [STDERR_REDIRECT] 
2025-09-28 09:37:56,757 [ERROR] LogOutputStream:75 - [STDERR_REDIRECT] Sep 28, 2025 9:37:56 AM java.util.prefs.FileSystemPreferences syncWorld
2025-09-28 09:37:56,757 [ERROR] LogOutputStream:75 - [STDERR_REDIRECT] WARNING: Couldn't flush system prefs: java.util.prefs.BackingStoreException: Couldn't get file lock.
2025-09-28 09:37:56,757 [ERROR] LogOutputStream:75 - [STDERR_REDIRECT] 
2025-09-28 09:38:26,758 [ERROR] LogOutputStream:75 - [STDERR_REDIRECT] Sep 28, 2025 9:38:26 AM java.util.prefs.FileSystemPreferences checkLockFile0ErrorCode
2025-09-28 09:38:26,758 [ERROR] LogOutputStream:75 - [STDERR_REDIRECT] WARNING: Could not lock System prefs. Unix error code 2.
2025-09-28 09:38:26,759 [ERROR] LogOutputStream:75 - [STDERR_REDIRECT] 
2025-09-28 09:38:26,759 [ERROR] LogOutputStream:75 - [STDERR_REDIRECT] Sep 28, 2025 9:38:26 AM java.util.prefs.FileSystemPreferences syncWorld
2025-09-28 09:38:26,759 [ERROR] LogOutputStream:75 - [STDERR_REDIRECT] WARNING: Couldn't flush system prefs: java.util.prefs.BackingStoreException: Couldn't get file lock.
2025-09-28 09:38:26,760 [ERROR] LogOutputStream:75 - [STDERR_REDIRECT] 
2025-09-28 09:38:56,757 [ERROR] LogOutputStream:75 - [STDERR_REDIRECT] Sep 28, 2025 9:38:56 AM java.util.prefs.FileSystemPreferences checkLockFile0ErrorCode
2025-09-28 09:38:56,757 [ERROR] LogOutputStream:75 - [STDERR_REDIRECT] WARNING: Could not lock System prefs. Unix error code 2.
2025-09-28 09:38:56,757 [ERROR] LogOutputStream:75 - [STDERR_REDIRECT] 
2025-09-28 09:38:56,757 [ERROR] LogOutputStream:75 - [STDERR_REDIRECT] Sep 28, 2025 9:38:56 AM java.util.prefs.FileSystemPreferences syncWorld
2025-09-28 09:38:56,758 [ERROR] LogOutputStream:75 - [STDERR_REDIRECT] WARNING: Couldn't flush system prefs: java.util.prefs.BackingStoreException: Couldn't get file lock.
2025-09-28 09:38:56,758 [ERROR] LogOutputStream:75 - [STDERR_REDIRECT] 
2025-09-28 09:39:26,759 [ERROR] LogOutputStream:75 - [STDERR_REDIRECT] Sep 28, 2025 9:39:26 AM java.util.prefs.FileSystemPreferences checkLockFile0ErrorCode
2025-09-28 09:39:26,759 [ERROR] LogOutputStream:75 - [STDERR_REDIRECT] WARNING: Could not lock System prefs. Unix error code 2.
2025-09-28 09:39:26,759 [ERROR] LogOutputStream:75 - [STDERR_REDIRECT] 
2025-09-28 09:39:26,759 [ERROR] LogOutputStream:75 - [STDERR_REDIRECT] Sep 28, 2025 9:39:26 AM java.util.prefs.FileSystemPreferences syncWorld
2025-09-28 09:39:26,760 [ERROR] LogOutputStream:75 - [STDERR_REDIRECT] WARNING: Couldn't flush system prefs: java.util.prefs.BackingStoreException: Couldn't get file lock.
2025-09-28 09:39:26,760 [ERROR] LogOutputStream:75 - [STDERR_REDIRECT] 
2025-09-28 09:39:56,757 [ERROR] LogOutputStream:75 - [STDERR_REDIRECT] Sep 28, 2025 9:39:56 AM java.util.prefs.FileSystemPreferences checkLockFile0ErrorCode
2025-09-28 09:39:56,758 [ERROR] LogOutputStream:75 - [STDERR_REDIRECT] WARNING: Could not lock System prefs. Unix error code 2.
2025-09-28 09:39:56,758 [ERROR] LogOutputStream:75 - [STDERR_REDIRECT] 
2025-09-28 09:39:56,759 [ERROR] LogOutputStream:75 - [STDERR_REDIRECT] Sep 28, 2025 9:39:56 AM java.util.prefs.FileSystemPreferences syncWorld
2025-09-28 09:39:56,759 [ERROR] LogOutputStream:75 - [STDERR_REDIRECT] WARNING: Couldn't flush system prefs: java.util.prefs.BackingStoreException: Couldn't get file lock.
2025-09-28 09:39:56,759 [ERROR] LogOutputStream:75 - [STDERR_REDIRECT] 
2025-09-28 09:40:26,757 [ERROR] LogOutputStream:75 - [STDERR_REDIRECT] Sep 28, 2025 9:40:26 AM java.util.prefs.FileSystemPreferences checkLockFile0ErrorCode
2025-09-28 09:40:26,758 [ERROR] LogOutputStream:75 - [STDERR_REDIRECT] WARNING: Could not lock System prefs. Unix error code 2.
2025-09-28 09:40:26,758 [ERROR] LogOutputStream:75 - [STDERR_REDIRECT] 
2025-09-28 09:40:26,758 [ERROR] LogOutputStream:75 - [STDERR_REDIRECT] Sep 28, 2025 9:40:26 AM java.util.prefs.FileSystemPreferences syncWorld
2025-09-28 09:40:26,758 [ERROR] LogOutputStream:75 - [STDERR_REDIRECT] WARNING: Couldn't flush system prefs: java.util.prefs.BackingStoreException: Couldn't get file lock.
2025-09-28 09:40:26,759 [ERROR] LogOutputStream:75 - [STDERR_REDIRECT] 
2025-09-28 09:40:56,760 [ERROR] LogOutputStream:75 - [STDERR_REDIRECT] Sep 28, 2025 9:40:56 AM java.util.prefs.FileSystemPreferences checkLockFile0ErrorCode
2025-09-28 09:40:56,760 [ERROR] LogOutputStream:75 - [STDERR_REDIRECT] WARNING: Could not lock System prefs. Unix error code 2.
2025-09-28 09:40:56,760 [ERROR] LogOutputStream:75 - [STDERR_REDIRECT] 
2025-09-28 09:40:56,761 [ERROR] LogOutputStream:75 - [STDERR_REDIRECT] Sep 28, 2025 9:40:56 AM java.util.prefs.FileSystemPreferences syncWorld
2025-09-28 09:40:56,761 [ERROR] LogOutputStream:75 - [STDERR_REDIRECT] WARNING: Couldn't flush system prefs: java.util.prefs.BackingStoreException: Couldn't get file lock.
2025-09-28 09:40:56,761 [ERROR] LogOutputStream:75 - [STDERR_REDIRECT] 
2025-09-28 09:41:26,759 [ERROR] LogOutputStream:75 - [STDERR_REDIRECT] Sep 28, 2025 9:41:26 AM java.util.prefs.FileSystemPreferences checkLockFile0ErrorCode
2025-09-28 09:41:26,760 [ERROR] LogOutputStream:75 - [STDERR_REDIRECT] WARNING: Could not lock System prefs. Unix error code 2.
2025-09-28 09:41:26,760 [ERROR] LogOutputStream:75 - [STDERR_REDIRECT] 
2025-09-28 09:41:26,761 [ERROR] LogOutputStream:75 - [STDERR_REDIRECT] Sep 28, 2025 9:41:26 AM java.util.prefs.FileSystemPreferences syncWorld
2025-09-28 09:41:26,761 [ERROR] LogOutputStream:75 - [STDERR_REDIRECT] WARNING: Couldn't flush system prefs: java.util.prefs.BackingStoreException: Couldn't get file lock.
2025-09-28 09:41:26,761 [ERROR] LogOutputStream:75 - [STDERR_REDIRECT] 
2025-09-28 09:41:56,759 [ERROR] LogOutputStream:75 - [STDERR_REDIRECT] Sep 28, 2025 9:41:56 AM java.util.prefs.FileSystemPreferences checkLockFile0ErrorCode
2025-09-28 09:41:56,759 [ERROR] LogOutputStream:75 - [STDERR_REDIRECT] WARNING: Could not lock System prefs. Unix error code 2.
2025-09-28 09:41:56,759 [ERROR] LogOutputStream:75 - [STDERR_REDIRECT] 
2025-09-28 09:41:56,759 [ERROR] LogOutputStream:75 - [STDERR_REDIRECT] Sep 28, 2025 9:41:56 AM java.util.prefs.FileSystemPreferences syncWorld
2025-09-28 09:41:56,759 [ERROR] LogOutputStream:75 - [STDERR_REDIRECT] WARNING: Couldn't flush system prefs: java.util.prefs.BackingStoreException: Couldn't get file lock.
2025-09-28 09:41:56,760 [ERROR] LogOutputStream:75 - [STDERR_REDIRECT] 
2025-09-28 09:42:26,758 [ERROR] LogOutputStream:75 - [STDERR_REDIRECT] Sep 28, 2025 9:42:26 AM java.util.prefs.FileSystemPreferences checkLockFile0ErrorCode
2025-09-28 09:42:26,758 [ERROR] LogOutputStream:75 - [STDERR_REDIRECT] WARNING: Could not lock System prefs. Unix error code 2.
2025-09-28 09:42:26,758 [ERROR] LogOutputStream:75 - [STDERR_REDIRECT] 
2025-09-28 09:42:26,759 [ERROR] LogOutputStream:75 - [STDERR_REDIRECT] Sep 28, 2025 9:42:26 AM java.util.prefs.FileSystemPreferences syncWorld
2025-09-28 09:42:26,759 [ERROR] LogOutputStream:75 - [STDERR_REDIRECT] WARNING: Couldn't flush system prefs: java.util.prefs.BackingStoreException: Couldn't get file lock.
2025-09-28 09:42:26,759 [ERROR] LogOutputStream:75 - [STDERR_REDIRECT] 
2025-09-28 09:42:56,760 [ERROR] LogOutputStream:75 - [STDERR_REDIRECT] Sep 28, 2025 9:42:56 AM java.util.prefs.FileSystemPreferences checkLockFile0ErrorCode
2025-09-28 09:42:56,761 [ERROR] LogOutputStream:75 - [STDERR_REDIRECT] WARNING: Could not lock System prefs. Unix error code 2.
2025-09-28 09:42:56,761 [ERROR] LogOutputStream:75 - [STDERR_REDIRECT] 
2025-09-28 09:42:56,761 [ERROR] LogOutputStream:75 - [STDERR_REDIRECT] Sep 28, 2025 9:42:56 AM java.util.prefs.FileSystemPreferences syncWorld
2025-09-28 09:42:56,761 [ERROR] LogOutputStream:75 - [STDERR_REDIRECT] WARNING: Couldn't flush system prefs: java.util.prefs.BackingStoreException: Couldn't get file lock.
2025-09-28 09:42:56,762 [ERROR] LogOutputStream:75 - [STDERR_REDIRECT] 
2025-09-28 09:43:24,545 [INFO] MainUpdater:2872 - connection check result : 10
2025-09-28 09:43:24,545 [INFO] MainUpdater:2872 - connection check result : 10
2025-09-28 09:43:24,642 [INFO] MicroXplorer:468 - Change Database Path : 
2025-09-28 09:43:24,643 [INFO] MicroXplorer:498 - Change Database Version : DB.6.0.150
2025-09-28 09:43:24,654 [ERROR] ProjectManagerView:395 - 
java.lang.NullPointerException: Cannot invoke "javax.swing.JTextField.getText()" because the return value of "java.util.List.get(int)" is null
	at com.st.microxplorer.plugins.projectmanager.gui.ProjectChoiceTab$9.caretUpdate(ProjectChoiceTab.java:2706) ~[filemanager.jar:?]
	at javax.swing.text.JTextComponent.fireCaretUpdate(JTextComponent.java:408) ~[?:?]
	at javax.swing.text.JTextComponent$MutableCaretEvent.fire(JTextComponent.java:4484) ~[?:?]
	at javax.swing.text.JTextComponent$MutableCaretEvent.stateChanged(JTextComponent.java:4506) ~[?:?]
	at javax.swing.text.DefaultCaret.fireStateChanged(DefaultCaret.java:857) ~[?:?]
	at javax.swing.text.DefaultCaret.changeCaretPosition(DefaultCaret.java:1343) ~[?:?]
	at javax.swing.text.DefaultCaret.handleSetDot(DefaultCaret.java:1242) ~[?:?]
	at javax.swing.text.DefaultCaret.setDot(DefaultCaret.java:1223) ~[?:?]
	at javax.swing.text.DefaultCaret$Handler.insertUpdate(DefaultCaret.java:1819) ~[?:?]
	at javax.swing.text.AbstractDocument.fireInsertUpdate(AbstractDocument.java:227) ~[?:?]
	at javax.swing.text.AbstractDocument.handleInsertString(AbstractDocument.java:781) ~[?:?]
	at javax.swing.text.AbstractDocument.insertString(AbstractDocument.java:740) ~[?:?]
	at javax.swing.text.PlainDocument.insertString(PlainDocument.java:131) ~[?:?]
	at javax.swing.text.AbstractDocument.replace(AbstractDocument.java:699) ~[?:?]
	at javax.swing.text.JTextComponent.setText(JTextComponent.java:1725) ~[?:?]
	at com.st.microxplorer.plugins.projectmanager.gui.ProjectChoiceTab.createHeapStackFields(ProjectChoiceTab.java:993) ~[filemanager.jar:?]
	at com.st.microxplorer.plugins.projectmanager.gui.ProjectChoiceTab.buildLinkSettingsPanel(ProjectChoiceTab.java:3813) ~[filemanager.jar:?]
	at com.st.microxplorer.plugins.projectmanager.gui.ProjectChoiceTab.defineWindowsFields(ProjectChoiceTab.java:1987) ~[filemanager.jar:?]
	at com.st.microxplorer.plugins.projectmanager.gui.ProjectChoiceTab.updateSettings(ProjectChoiceTab.java:558) ~[filemanager.jar:?]
	at com.st.microxplorer.plugins.projectmanager.gui.ProjectSettingsPanel.UpdateDialog(ProjectSettingsPanel.java:247) ~[filemanager.jar:?]
	at com.st.microxplorer.plugins.projectmanager.ProjectManagerView.propertyChange(ProjectManagerView.java:392) ~[filemanager.jar:?]
	at java.beans.PropertyChangeSupport.fire(PropertyChangeSupport.java:343) ~[?:?]
	at java.beans.PropertyChangeSupport.firePropertyChange(PropertyChangeSupport.java:335) ~[?:?]
	at java.beans.PropertyChangeSupport.firePropertyChange(PropertyChangeSupport.java:268) ~[?:?]
	at com.st.microxplorer.util.MXPropertyChangeSupport.firePropertyChange(MXPropertyChangeSupport.java:54) ~[STM32CubeMX.jar:?]
	at com.st.microxplorer.mxsystem.MxSystem.closeConfig(MxSystem.java:899) ~[STM32CubeMX.jar:?]
	at com.st.microxplorer.maingui.MainPanel.closeConfig(MainPanel.java:792) ~[STM32CubeMX.jar:?]
	at com.st.microxplorer.plugins.filemanager.engine.OpenFileManager.loadConfigurationFile(OpenFileManager.java:288) ~[filemanager.jar:?]
	at com.st.microxplorer.plugins.filemanager.engine.MainFileManager.userLoadConfig(MainFileManager.java:364) ~[filemanager.jar:?]
	at com.st.microxplorer.plugins.filemanager.engine.MainFileManager.userLoadConfig(MainFileManager.java:342) ~[filemanager.jar:?]
	at com.st.microxplorer.plugins.filemanager.FileManagerView.getSpecificTask(FileManagerView.java:264) ~[filemanager.jar:?]
	at com.st.stm32cube.common.mx.editor.CubeMxEditor.getMxTabbedPaneInstance(CubeMxEditor.java:1198) ~[com.st.stm32cube.common.mx_6.15.0.202507011659/:?]
	at com.st.stm32cube.common.mx.editor.CubeMxEditor$12$1.createSwingComponent(CubeMxEditor.java:1068) ~[com.st.stm32cube.common.mx_6.15.0.202507011659/:?]
	at com.st.stm32cube.common.mx.oss.core.awtswtbridge.EmbeddedSwingComposite.doComponentCreation(EmbeddedSwingComposite.java:492) ~[com.st.stm32cube.common.mx.oss_6.15.0.202507011659/:?]
	at com.st.stm32cube.common.mx.oss.core.awtswtbridge.EmbeddedSwingComposite$4.run(EmbeddedSwingComposite.java:291) ~[com.st.stm32cube.common.mx.oss_6.15.0.202507011659/:?]
	at com.st.stm32cube.common.mx.oss.core.awtswtbridge.AwtEnvironment$2.run(AwtEnvironment.java:166) ~[com.st.stm32cube.common.mx.oss_6.15.0.202507011659/:?]
	at java.awt.event.InvocationEvent.dispatch(InvocationEvent.java:318) ~[?:?]
	at java.awt.EventQueue.dispatchEventImpl(EventQueue.java:773) ~[?:?]
	at java.awt.EventQueue$4.run(EventQueue.java:720) ~[?:?]
	at java.awt.EventQueue$4.run(EventQueue.java:714) ~[?:?]
	at java.security.AccessController.doPrivileged(AccessController.java:400) ~[?:?]
	at java.security.ProtectionDomain$JavaSecurityAccessImpl.doIntersectionPrivilege(ProtectionDomain.java:87) ~[?:?]
	at java.awt.EventQueue.dispatchEvent(EventQueue.java:742) ~[?:?]
	at java.awt.EventDispatchThread.pumpOneEventForFilters(EventDispatchThread.java:203) ~[?:?]
	at java.awt.EventDispatchThread.pumpEventsForFilter(EventDispatchThread.java:124) ~[?:?]
	at java.awt.EventDispatchThread.pumpEventsForHierarchy(EventDispatchThread.java:113) ~[?:?]
	at java.awt.EventDispatchThread.pumpEvents(EventDispatchThread.java:109) ~[?:?]
	at java.awt.EventDispatchThread.pumpEvents(EventDispatchThread.java:101) ~[?:?]
	at java.awt.EventDispatchThread.run(EventDispatchThread.java:90) ~[?:?]
2025-09-28 09:43:24,658 [WARN] ThirdParty:871 - waiting for thirdparty lock release [close project]
2025-09-28 09:43:24,658 [INFO] ThirdParty:873 - entering critical section [close project]
2025-09-28 09:43:24,658 [INFO] ThirdParty:883 - exiting critical section [close project]
2025-09-28 09:43:24,659 [INFO] PinOutPanel:1589 - setPackage(No Configuration,No Configuration)
2025-09-28 09:43:24,670 [WARN] IpParametersView:155 - Warning: This peripheral hasn't parameters
2025-09-28 09:43:24,679 [WARN] MainPanel:289 - <html><b><center>Warning: This peripheral has no parameters to be configured<br></b></html>
2025-09-28 09:43:24,688 [INFO] UtilMem:75 - Begin LoadConfig() Used Memory: 278003408 Bytes (930086912)
2025-09-28 09:43:24,689 [INFO] MicroXplorer:468 - Change Database Path : 
2025-09-28 09:43:24,689 [INFO] MicroXplorer:498 - Change Database Version : DB.6.0.150
2025-09-28 09:43:24,689 [INFO] OpenFileManager:355 - Change cursor
2025-09-28 09:43:24,697 [INFO] Mcu:2029 - Initializing MCU STM32F446R(C-E)Tx STM32F446RETx STM32F446RET6
2025-09-28 09:43:25,375 [INFO] Context:786 - Trying to add GPIOservice into a context  which must be forbidden
2025-09-28 09:43:25,785 [INFO] ImportTextPane:234 - (OptionalMessage_ERROR) Pin11 (VP_RIF_VS_RIF1) cannot be retrieved for this MCU
2025-09-28 09:43:25,821 [INFO] RtosManager:558 - Registered RTOS mode: class=CMSIS, group=RTOS, mode=CMSIS_V1, owner=FREERTOS
2025-09-28 09:43:25,821 [INFO] RtosManager:558 - Registered RTOS mode: class=CMSIS, group=RTOS2, mode=CMSIS_V2, owner=FREERTOS
2025-09-28 09:43:25,821 [INFO] RtosManager:558 - Registered RTOS mode: class=RTOS, group=Core, mode=CMSIS_V1, owner=FREERTOS
2025-09-28 09:43:25,821 [INFO] RtosManager:558 - Registered RTOS mode: class=RTOS, group=Core, mode=CMSIS_V2, owner=FREERTOS
2025-09-28 09:43:25,821 [WARN] ModelIntegratedComponent:184 - Missing modes for component STMicroelectronics:FreeRTOS:0.0.1:STMicroelectronics:RTOS:FreeRTOS:Core:::10.2.0:
2025-09-28 09:43:25,831 [WARN] ModelIntegratedComponent:63 - No mode defined for component null
2025-09-28 09:43:25,831 [WARN] ModelIntegratedComponent:63 - No mode defined for component null
2025-09-28 09:43:25,831 [WARN] ModelIntegratedComponent:63 - No mode defined for component null
2025-09-28 09:43:25,831 [WARN] ModelIntegratedComponent:63 - No mode defined for component null
2025-09-28 09:43:25,831 [WARN] ModelIntegratedComponent:63 - No mode defined for component null
2025-09-28 09:43:25,831 [WARN] ModelIntegratedComponent:63 - No mode defined for component null
2025-09-28 09:43:25,831 [WARN] ModelIntegratedComponent:63 - No mode defined for component null
2025-09-28 09:43:25,831 [WARN] ModelIntegratedComponent:63 - No mode defined for component null
2025-09-28 09:43:25,831 [WARN] ModelIntegratedComponent:63 - No mode defined for component null
2025-09-28 09:43:25,831 [WARN] ModelIntegratedComponent:63 - No mode defined for component null
2025-09-28 09:43:25,831 [WARN] ModelIntegratedComponent:63 - No mode defined for component null
2025-09-28 09:43:25,831 [WARN] ModelIntegratedComponent:63 - No mode defined for component null
2025-09-28 09:43:25,831 [WARN] ModelIntegratedComponent:63 - No mode defined for component null
2025-09-28 09:43:25,831 [WARN] ModelIntegratedComponent:63 - No mode defined for component null
2025-09-28 09:43:25,831 [WARN] ModelIntegratedComponent:63 - No mode defined for component null
2025-09-28 09:43:25,832 [WARN] ModelIntegratedComponent:63 - No mode defined for component null
2025-09-28 09:43:25,832 [WARN] ModelIntegratedComponent:63 - No mode defined for component null
2025-09-28 09:43:25,832 [WARN] ModelIntegratedComponent:63 - No mode defined for component null
2025-09-28 09:43:25,832 [WARN] ModelIntegratedComponent:63 - No mode defined for component null
2025-09-28 09:43:25,832 [WARN] ModelIntegratedComponent:63 - No mode defined for component null
2025-09-28 09:43:25,832 [WARN] ModelIntegratedComponent:63 - No mode defined for component null
2025-09-28 09:43:25,832 [WARN] ModelIntegratedComponent:63 - No mode defined for component null
2025-09-28 09:43:25,832 [WARN] ModelIntegratedComponent:63 - No mode defined for component null
2025-09-28 09:43:25,832 [WARN] ModelIntegratedComponent:63 - No mode defined for component null
2025-09-28 09:43:25,832 [WARN] ModelIntegratedComponent:63 - No mode defined for component null
2025-09-28 09:43:25,832 [WARN] ModelIntegratedComponent:63 - No mode defined for component null
2025-09-28 09:43:25,832 [WARN] ModelIntegratedComponent:63 - No mode defined for component null
2025-09-28 09:43:25,832 [WARN] ModelIntegratedComponent:63 - No mode defined for component null
2025-09-28 09:43:25,832 [WARN] ModelIntegratedComponent:63 - No mode defined for component null
2025-09-28 09:43:25,832 [WARN] ModelIntegratedComponent:63 - No mode defined for component null
2025-09-28 09:43:25,832 [WARN] ModelIntegratedComponent:63 - No mode defined for component null
2025-09-28 09:43:25,832 [WARN] ModelIntegratedComponent:63 - No mode defined for component null
2025-09-28 09:43:25,832 [WARN] ModelIntegratedComponent:63 - No mode defined for component null
2025-09-28 09:43:25,832 [WARN] ModelIntegratedComponent:63 - No mode defined for component null
2025-09-28 09:43:25,832 [WARN] ModelIntegratedComponent:63 - No mode defined for component null
2025-09-28 09:43:25,832 [WARN] ModelPack:524 - Component already loaded: STMicroelectronics:HAL Drivers:0.0.0:STMicroelectronics:Device:STMicro_Driver:XSPI:HAL::0.0.1:HAL_XSPI
2025-09-28 09:43:25,906 [INFO] ThirdPartyModel:298 - Start build external matchings
2025-09-28 09:43:26,106 [INFO] ThirdPartyModel:316 - End build external matchings
2025-09-28 09:43:26,114 [INFO] ImportTextPane:234 - (OptionalMessage_ERROR) IP (RCC) : Invalid parameter (FamilyName)
2025-09-28 09:43:26,115 [INFO] ImportTextPane:234 - (OptionalMessage_ERROR) IP (RCC) : Parameter (SDIOFreq_Value) has invalid value (84000000)
2025-09-28 09:43:26,115 [INFO] ImportTextPane:234 - (OptionalMessage_ERROR) IP (RCC) : Parameter (USBFreq_Value) has invalid value (84000000)
2025-09-28 09:43:26,240 [INFO] UtilMem:75 - End LoadConfig() Used Memory: 461500648 Bytes (930086912)
2025-09-28 09:43:26,248 [WARN] ThirdParty:833 - waiting for thirdparty lock release [change project]
2025-09-28 09:43:26,248 [INFO] ThirdParty:835 - entering critical section [change project]
2025-09-28 09:43:26,248 [INFO] ThirdParty:1030 - CMSIS Pack Vendor :STMicroelectronics X-CUBE-PM33A1 1.0.0
2025-09-28 09:43:26,248 [INFO] ThirdParty:1030 - CMSIS Pack Vendor :STMicroelectronics USBPD 4.1
2025-09-28 09:43:26,248 [INFO] ThirdParty:1030 - CMSIS Pack Vendor :STMicroelectronics X-CUBE-NFC9 1.0.0
2025-09-28 09:43:26,248 [INFO] ThirdParty:1030 - CMSIS Pack Vendor :STMicroelectronics USB_HOST 2.0.0
2025-09-28 09:43:26,248 [INFO] ThirdParty:1030 - CMSIS Pack Vendor :STMicroelectronics FP-SNS-MOTENVWB1 1.4.0
2025-09-28 09:43:26,248 [INFO] ThirdParty:1030 - CMSIS Pack Vendor :STMicroelectronics X-CUBE-AZRTOS-F4 1.1.0
2025-09-28 09:43:26,248 [INFO] ThirdParty:1030 - CMSIS Pack Vendor :STMicroelectronics LIBJPEG 8.0.0
2025-09-28 09:43:26,248 [INFO] ThirdParty:1030 - CMSIS Pack Vendor :STMicroelectronics FP-ATR-ASTRA1 2.0.2
2025-09-28 09:43:26,248 [INFO] ThirdParty:1030 - CMSIS Pack Vendor :STMicroelectronics X-CUBE-BLE1 7.1.0
2025-09-28 09:43:26,248 [INFO] ThirdParty:1030 - CMSIS Pack Vendor :Avnet-IotConnect X-CUBE-IoTC-DA16k-PMOD 1.0.0
2025-09-28 09:43:26,248 [INFO] ThirdParty:1030 - CMSIS Pack Vendor :STMicroelectronics X-CUBE-SMBUS 2.1.0
2025-09-28 09:43:26,248 [INFO] ThirdParty:1030 - CMSIS Pack Vendor :STMicroelectronics USB_DEVICE 3.0.0
2025-09-28 09:43:26,248 [INFO] ThirdParty:1030 - CMSIS Pack Vendor :STMicroelectronics X-CUBE-ISPU 2.1.0
2025-09-28 09:43:26,248 [INFO] ThirdParty:1030 - CMSIS Pack Vendor :STMicroelectronics X-CUBE-AZRTOS-WB 2.0.0
2025-09-28 09:43:26,248 [INFO] ThirdParty:1030 - CMSIS Pack Vendor :STMicroelectronics X-CUBE-ST60 1.0.0
2025-09-28 09:43:26,249 [INFO] ThirdParty:1030 - CMSIS Pack Vendor :STMicroelectronics X-CUBE-GNSS1 7.0.1
2025-09-28 09:43:26,249 [INFO] ThirdParty:1030 - CMSIS Pack Vendor :STMicroelectronics X-CUBE-AZRTOS-F7 1.1.0
2025-09-28 09:43:26,249 [INFO] ThirdParty:1030 - CMSIS Pack Vendor :STMicroelectronics X-CUBE-AZRTOS-L5 2.0.0
2025-09-28 09:43:26,249 [INFO] ThirdParty:1030 - CMSIS Pack Vendor :STMicroelectronics X-CUBE-TOUCHGFX 4.25.0
2025-09-28 09:43:26,249 [INFO] ThirdParty:1030 - CMSIS Pack Vendor :STMicroelectronics USB_DEVICE 2.0.0
2025-09-28 09:43:26,249 [INFO] ThirdParty:1030 - CMSIS Pack Vendor :STMicroelectronics X-CUBE-NFC6 3.1.0
2025-09-28 09:43:26,249 [INFO] ThirdParty:1030 - CMSIS Pack Vendor :Cesanta I-CUBE-Mongoose 7.19.0
2025-09-28 09:43:26,249 [INFO] ThirdParty:1030 - CMSIS Pack Vendor :quantropi X-CUBE-qispace-sdk-base 2.1.0
2025-09-28 09:43:26,249 [INFO] ThirdParty:1030 - CMSIS Pack Vendor :STMicroelectronics FreeRTOS 0.0.1
2025-09-28 09:43:26,249 [INFO] ThirdParty:1030 - CMSIS Pack Vendor :STMicroelectronics X-CUBE-AZRTOS-G0 1.1.0
2025-09-28 09:43:26,249 [INFO] ThirdParty:1030 - CMSIS Pack Vendor :STMicroelectronics X-CUBE-SAFEA1 1.2.2
2025-09-28 09:43:26,249 [INFO] ThirdParty:1030 - CMSIS Pack Vendor :STMicroelectronics X-CUBE-NFC4 3.0.0
2025-09-28 09:43:26,249 [INFO] ThirdParty:1030 - CMSIS Pack Vendor :STMicroelectronics X-CUBE-SUBG2 5.0.0
2025-09-28 09:43:26,249 [INFO] ThirdParty:1030 - CMSIS Pack Vendor :STMicroelectronics X-CUBE-AZRTOS-H7RS 1.1.0
2025-09-28 09:43:26,249 [INFO] ThirdParty:1030 - CMSIS Pack Vendor :STMicroelectronics STM32_WPAN 1.0.0
2025-09-28 09:43:26,249 [INFO] ThirdParty:1030 - CMSIS Pack Vendor :EmbeddedOffice I-CUBE-FS-RTOS 1.0.1
2025-09-28 09:43:26,249 [INFO] ThirdParty:1030 - CMSIS Pack Vendor :STMicroelectronics lwIP 2.0.3
2025-09-28 09:43:26,249 [INFO] ThirdParty:1030 - CMSIS Pack Vendor :WES I-CUBE-Cesium 1.4.0
2025-09-28 09:43:26,249 [INFO] ThirdParty:1030 - CMSIS Pack Vendor :STMicroelectronics USB_HOST 1.0.0
2025-09-28 09:43:26,249 [INFO] ThirdParty:1030 - CMSIS Pack Vendor :Infineon AIROC-Wi-Fi-Bluetooth-STM32 1.7.1
2025-09-28 09:43:26,249 [INFO] ThirdParty:1030 - CMSIS Pack Vendor :STMicroelectronics X-CUBE-AZRTOS-G4 2.0.0
2025-09-28 09:43:26,249 [INFO] ThirdParty:1030 - CMSIS Pack Vendor :STMicroelectronics X-CUBE-WB05N 2.0.0
2025-09-28 09:43:26,249 [INFO] ThirdParty:1030 - CMSIS Pack Vendor :STMicroelectronics PDM2PCM 3.1.0
2025-09-28 09:43:26,249 [INFO] ThirdParty:1030 - CMSIS Pack Vendor :STMicroelectronics PDM2PCM 3.3.0
2025-09-28 09:43:26,249 [INFO] ThirdParty:1030 - CMSIS Pack Vendor :STMicroelectronics X-CUBE-DISPLAY 3.0.0
2025-09-28 09:43:26,249 [INFO] ThirdParty:1030 - CMSIS Pack Vendor :wolfSSL I-CUBE-wolfSSH 1.4.20
2025-09-28 09:43:26,249 [INFO] ThirdParty:1030 - CMSIS Pack Vendor :STMicroelectronics X-CUBE-NFC7 2.0.0
2025-09-28 09:43:26,249 [INFO] ThirdParty:1030 - CMSIS Pack Vendor :STMicroelectronics X-CUBE-TCPP 4.2.0
2025-09-28 09:43:26,249 [INFO] ThirdParty:1030 - CMSIS Pack Vendor :RealThread X-CUBE-RT-Thread_Nano 4.1.1
2025-09-28 09:43:26,249 [INFO] ThirdParty:1030 - CMSIS Pack Vendor :STMicroelectronics FP-ATR-SIGFOX1 3.2.0
2025-09-28 09:43:26,249 [INFO] ThirdParty:1030 - CMSIS Pack Vendor :STMicroelectronics X-CUBE-NFC10 1.0.0
2025-09-28 09:43:26,249 [INFO] ThirdParty:1030 - CMSIS Pack Vendor :STMicroelectronics X-CUBE-FREERTOS 1.3.1
2025-09-28 09:43:26,249 [INFO] ThirdParty:1030 - CMSIS Pack Vendor :STMicroelectronics HAL Drivers 0.0.0
2025-09-28 09:43:26,249 [INFO] ThirdParty:1030 - CMSIS Pack Vendor :STMicroelectronics MBEDTLS 2.16.2
2025-09-28 09:43:26,249 [INFO] ThirdParty:1030 - CMSIS Pack Vendor :STMicroelectronics X-CUBE-IPS 3.1.0
2025-09-28 09:43:26,249 [INFO] ThirdParty:1030 - CMSIS Pack Vendor :STMicroelectronics X-CUBE-ALS 1.0.2
2025-09-28 09:43:26,249 [INFO] ThirdParty:1030 - CMSIS Pack Vendor :emotas I-CUBE-CANOPEN 1.3.0
2025-09-28 09:43:26,249 [INFO] ThirdParty:1030 - CMSIS Pack Vendor :STMicroelectronics MBEDTLS 2.14.1
2025-09-28 09:43:26,249 [INFO] ThirdParty:1030 - CMSIS Pack Vendor :ITTIA_DB I-CUBE-ITTIADB 8.9.0
2025-09-28 09:43:26,249 [INFO] ThirdParty:1030 - CMSIS Pack Vendor :STMicroelectronics X-CUBE-ST67W61 1.0.0
2025-09-28 09:43:26,249 [INFO] ThirdParty:1030 - CMSIS Pack Vendor :STMicroelectronics ThreadX 1.0.0
2025-09-28 09:43:26,249 [INFO] ThirdParty:1030 - CMSIS Pack Vendor :STMicroelectronics FP-SNS-SMARTAG2 1.2.0
2025-09-28 09:43:26,250 [INFO] ThirdParty:1030 - CMSIS Pack Vendor :STMicroelectronics FP-SNS-FLIGHT1 5.1.0
2025-09-28 09:43:26,250 [INFO] ThirdParty:1030 - CMSIS Pack Vendor :STMicroelectronics X-CUBE-AZRTOS-WL 2.0.0
2025-09-28 09:43:26,250 [INFO] ThirdParty:1030 - CMSIS Pack Vendor :SEGGER I-CUBE-embOS 1.3.1
2025-09-28 09:43:26,250 [INFO] ThirdParty:1030 - CMSIS Pack Vendor :STMicroelectronics X-CUBE-ALGOBUILD 1.4.0
2025-09-28 09:43:26,250 [INFO] ThirdParty:1030 - CMSIS Pack Vendor :STMicroelectronics X-CUBE-DPower 1.3.0
2025-09-28 09:43:26,250 [INFO] ThirdParty:1030 - CMSIS Pack Vendor :STMicroelectronics X-CUBE-MEMS1 11.3.0
2025-09-28 09:43:26,250 [INFO] ThirdParty:1030 - CMSIS Pack Vendor :STMicroelectronics FP-SNS-MOTENV1 5.0.0
2025-09-28 09:43:26,250 [INFO] ThirdParty:1030 - CMSIS Pack Vendor :STMicroelectronics USB_DEVICE 1.0.0
2025-09-28 09:43:26,250 [INFO] ThirdParty:1030 - CMSIS Pack Vendor :STMicroelectronics X-CUBE-AZRTOS-L4 2.0.0
2025-09-28 09:43:26,250 [INFO] ThirdParty:1030 - CMSIS Pack Vendor :STMicroelectronics ThreadX 0.0.2
2025-09-28 09:43:26,250 [INFO] ThirdParty:1030 - CMSIS Pack Vendor :STMicroelectronics lwIP 2.1.2
2025-09-28 09:43:26,250 [INFO] ThirdParty:1030 - CMSIS Pack Vendor :STMicroelectronics X-CUBE-SFXS2LP1 4.0.0
2025-09-28 09:43:26,250 [INFO] ThirdParty:1030 - CMSIS Pack Vendor :STMicroelectronics X-CUBE-BLE2 3.3.0
2025-09-28 09:43:26,250 [INFO] ThirdParty:1030 - CMSIS Pack Vendor :STMicroelectronics X-CUBE-TOF1 3.4.3
2025-09-28 09:43:26,250 [INFO] ThirdParty:1030 - CMSIS Pack Vendor :STMicroelectronics PDM2PCM 3.2.0
2025-09-28 09:43:26,250 [INFO] ThirdParty:841 - exiting critical section [change project]
2025-09-28 09:43:26,469 [INFO] PinOutPanel:1589 - setPackage(No Configuration,No Configuration)
2025-09-28 09:43:26,470 [INFO] PinOutPanel:1589 - setPackage(STM32F446RETx,LQFP64)
2025-09-28 09:43:26,667 [INFO] UtilMem:75 - Before build in PCC Used Memory: 682088496 Bytes (930086912)
2025-09-28 09:43:26,756 [ERROR] LogOutputStream:75 - [STDERR_REDIRECT] Sep 28, 2025 9:43:26 AM java.util.prefs.FileSystemPreferences checkLockFile0ErrorCode
2025-09-28 09:43:26,757 [ERROR] LogOutputStream:75 - [STDERR_REDIRECT] WARNING: Could not lock System prefs. Unix error code 2.
2025-09-28 09:43:26,757 [ERROR] LogOutputStream:75 - [STDERR_REDIRECT] 
2025-09-28 09:43:26,757 [ERROR] LogOutputStream:75 - [STDERR_REDIRECT] Sep 28, 2025 9:43:26 AM java.util.prefs.FileSystemPreferences syncWorld
2025-09-28 09:43:26,757 [ERROR] LogOutputStream:75 - [STDERR_REDIRECT] WARNING: Couldn't flush system prefs: java.util.prefs.BackingStoreException: Couldn't get file lock.
2025-09-28 09:43:26,757 [ERROR] LogOutputStream:75 - [STDERR_REDIRECT] 
2025-09-28 09:43:26,888 [INFO] UtilMem:75 - After build in PCC Used Memory: 732426024 Bytes (930086912)
2025-09-28 09:43:26,911 [INFO] IPUIPlugin:80 - create IPUIPlugin
2025-09-28 09:43:26,911 [INFO] IPUIPlugin:80 - create IPUIPlugin
2025-09-28 09:43:26,911 [INFO] IPUIPlugin:80 - create IPUIPlugin
2025-09-28 09:43:26,911 [INFO] IPUIPlugin:80 - create IPUIPlugin
2025-09-28 09:43:26,911 [INFO] IPUIPlugin:80 - create IPUIPlugin
2025-09-28 09:43:26,911 [INFO] IPUIPlugin:80 - create IPUIPlugin
2025-09-28 09:43:26,911 [INFO] IPUIPlugin:80 - create IPUIPlugin
2025-09-28 09:43:26,912 [INFO] IPUIPlugin:80 - create IPUIPlugin
2025-09-28 09:43:26,912 [INFO] IPUIPlugin:80 - create IPUIPlugin
2025-09-28 09:43:26,912 [INFO] IPUIPlugin:80 - create IPUIPlugin
2025-09-28 09:43:26,912 [INFO] IPUIPlugin:80 - create IPUIPlugin
2025-09-28 09:43:26,912 [INFO] IPUIPlugin:80 - create IPUIPlugin
2025-09-28 09:43:26,912 [INFO] IPUIPlugin:80 - create IPUIPlugin
2025-09-28 09:43:26,912 [INFO] IPUIPlugin:80 - create IPUIPlugin
2025-09-28 09:43:26,912 [INFO] IPUIPlugin:80 - create IPUIPlugin
2025-09-28 09:43:26,912 [INFO] IPUIPlugin:80 - create IPUIPlugin
2025-09-28 09:43:26,912 [INFO] IPUIPlugin:80 - create IPUIPlugin
2025-09-28 09:43:26,913 [INFO] IPUIPlugin:80 - create IPUIPlugin
2025-09-28 09:43:26,913 [INFO] IPUIPlugin:80 - create IPUIPlugin
2025-09-28 09:43:26,913 [INFO] IPUIPlugin:80 - create IPUIPlugin
2025-09-28 09:43:26,913 [INFO] IPUIPlugin:80 - create IPUIPlugin
2025-09-28 09:43:26,913 [INFO] IPUIPlugin:80 - create IPUIPlugin
2025-09-28 09:43:26,914 [INFO] IPUIPlugin:80 - create IPUIPlugin
2025-09-28 09:43:26,914 [INFO] IPUIPlugin:80 - create IPUIPlugin
2025-09-28 09:43:26,914 [INFO] IPUIPlugin:80 - create IPUIPlugin
2025-09-28 09:43:26,914 [INFO] IPUIPlugin:80 - create IPUIPlugin
2025-09-28 09:43:26,914 [INFO] IPUIPlugin:80 - create IPUIPlugin
2025-09-28 09:43:26,915 [INFO] IPUIPlugin:80 - create IPUIPlugin
2025-09-28 09:43:26,915 [INFO] IPUIPlugin:80 - create IPUIPlugin
2025-09-28 09:43:26,915 [INFO] IPUIPlugin:80 - create IPUIPlugin
2025-09-28 09:43:26,915 [INFO] IPUIPlugin:80 - create IPUIPlugin
2025-09-28 09:43:26,915 [INFO] IPUIPlugin:80 - create IPUIPlugin
2025-09-28 09:43:26,916 [INFO] IPUIPlugin:80 - create IPUIPlugin
2025-09-28 09:43:26,916 [INFO] IPUIPlugin:80 - create IPUIPlugin
2025-09-28 09:43:26,916 [INFO] IPUIPlugin:80 - create IPUIPlugin
2025-09-28 09:43:26,916 [INFO] IPUIPlugin:80 - create IPUIPlugin
2025-09-28 09:43:26,916 [INFO] IPUIPlugin:80 - create IPUIPlugin
2025-09-28 09:43:26,917 [INFO] IPUIPlugin:80 - create IPUIPlugin
2025-09-28 09:43:26,917 [INFO] IPUIPlugin:80 - create IPUIPlugin
2025-09-28 09:43:26,917 [INFO] IPUIPlugin:80 - create IPUIPlugin
2025-09-28 09:43:26,917 [INFO] IPUIPlugin:80 - create IPUIPlugin
2025-09-28 09:43:26,917 [INFO] IPUIPlugin:80 - create IPUIPlugin
2025-09-28 09:43:26,917 [INFO] IPUIPlugin:80 - create IPUIPlugin
2025-09-28 09:43:26,917 [INFO] IPUIPlugin:80 - create IPUIPlugin
2025-09-28 09:43:26,918 [INFO] IPUIPlugin:80 - create IPUIPlugin
2025-09-28 09:43:26,918 [INFO] IPUIPlugin:80 - create IPUIPlugin
2025-09-28 09:43:26,918 [INFO] IPUIPlugin:80 - create IPUIPlugin
2025-09-28 09:43:26,918 [INFO] IPUIPlugin:80 - create IPUIPlugin
2025-09-28 09:43:26,918 [INFO] IPUIPlugin:80 - create IPUIPlugin
2025-09-28 09:43:26,919 [INFO] IPUIPlugin:80 - create IPUIPlugin
2025-09-28 09:43:26,919 [INFO] IPUIPlugin:80 - create IPUIPlugin
2025-09-28 09:43:26,919 [INFO] IPUIPlugin:80 - create IPUIPlugin
2025-09-28 09:43:26,920 [INFO] IPUIPlugin:80 - create IPUIPlugin
2025-09-28 09:43:26,920 [INFO] IPUIPlugin:80 - create IPUIPlugin
2025-09-28 09:43:26,920 [INFO] IPUIPlugin:80 - create IPUIPlugin
2025-09-28 09:43:26,920 [INFO] IPUIPlugin:80 - create IPUIPlugin
2025-09-28 09:43:26,921 [INFO] IPUIPlugin:80 - create IPUIPlugin
2025-09-28 09:43:26,921 [INFO] IPUIPlugin:80 - create IPUIPlugin
2025-09-28 09:43:26,921 [INFO] IPUIPlugin:80 - create IPUIPlugin
2025-09-28 09:43:26,922 [INFO] IPUIPlugin:80 - create IPUIPlugin
2025-09-28 09:43:26,924 [INFO] ApiDbMcu:532 - Load IP Config File for PDM2PCM
2025-09-28 09:43:26,997 [INFO] CADModel:165 - CPN selected for project levelSTM32F446RET6
2025-09-28 09:43:26,997 [INFO] CADModel:114 - Register for checkConnection events
2025-09-28 09:43:27,035 [INFO] OpenFileManager:386 - Restore cursor
2025-09-28 09:43:37,227 [INFO] NvicIntPanel:101 - NVIC parent = com.st.microxplorer.plugins.ip.nvic.MultiNvicIntPanel[,0,0,0x0,invalid,layout=javax.swing.BoxLayout,alignmentX=0.0,alignmentY=0.0,border=,flags=9,maximumSize=,minimumSize=,preferredSize=]
2025-09-28 09:43:52,057 [INFO] UtilMem:75 - End SaveConfig() Used Memory: 501491920 Bytes (930086912)
2025-09-28 09:43:52,110 [INFO] UtilMem:75 - End SaveConfig() Used Memory: 523512016 Bytes (930086912)
2025-09-28 09:43:52,299 [INFO] UtilMem:75 - End SaveConfig() Used Memory: 556017872 Bytes (930086912)
2025-09-28 09:43:52,581 [INFO] BlockDiagram:2775 - set Specific Code input for plugin: SYS
2025-09-28 09:43:52,581 [INFO] BlockDiagram:2775 - set Specific Code input for plugin: RCC
2025-09-28 09:43:52,581 [INFO] BlockDiagram:2775 - set Specific Code input for plugin: NVIC
2025-09-28 09:43:52,581 [INFO] BlockDiagram:2775 - set Specific Code input for plugin: USART
2025-09-28 09:43:52,581 [INFO] BlockDiagram:2775 - set Specific Code input for plugin: GPIO
2025-09-28 09:43:52,582 [INFO] CodeGenerator:892 - code generatio: config db path: /opt/st/stm32cubeide_1.19.0/plugins/com.st.stm32cube.common.mx_6.15.0.202507011659//db/
2025-09-28 09:43:52,685 [INFO] CodeEngine:265 - oldGeneratedFile, /home/tomas1908/STM32CubeIDE/workspace_1.19.0/pdm/ej1_p5/MXTmpFiles/license.tmp_save
2025-09-28 09:43:52,950 [INFO] CodeEngine:289 - Generated code: /home/tomas1908/STM32CubeIDE/workspace_1.19.0/pdm/ej1_p5/MXTmpFiles/license.tmp
2025-09-28 09:43:53,005 [INFO] CodeEngine:265 - oldGeneratedFile, /home/tomas1908/STM32CubeIDE/workspace_1.19.0/pdm/ej1_p5/MXTmpFiles/gpio.tmp_save
2025-09-28 09:43:53,151 [INFO] CodeEngine:289 - Generated code: /home/tomas1908/STM32CubeIDE/workspace_1.19.0/pdm/ej1_p5/MXTmpFiles/gpio.tmp
2025-09-28 09:43:53,197 [INFO] CodeEngine:265 - oldGeneratedFile, /home/tomas1908/STM32CubeIDE/workspace_1.19.0/pdm/ej1_p5/Core/Src/stm32f4xx_it.c_save
2025-09-28 09:43:53,268 [INFO] CodeEngine:289 - Generated code: /home/tomas1908/STM32CubeIDE/workspace_1.19.0/pdm/ej1_p5/Core/Src/stm32f4xx_it.c
2025-09-28 09:43:53,269 [INFO] CodeEngine:265 - oldGeneratedFile, /home/tomas1908/STM32CubeIDE/workspace_1.19.0/pdm/ej1_p5/Core/Inc/stm32f4xx_it.h_save
2025-09-28 09:43:53,335 [INFO] CodeEngine:289 - Generated code: /home/tomas1908/STM32CubeIDE/workspace_1.19.0/pdm/ej1_p5/Core/Inc/stm32f4xx_it.h
2025-09-28 09:43:53,341 [INFO] CodeEngine:265 - oldGeneratedFile, /home/tomas1908/STM32CubeIDE/workspace_1.19.0/pdm/ej1_p5/Core/Src/stm32f4xx_hal_msp.c_save
2025-09-28 09:43:53,464 [INFO] CodeEngine:289 - Generated code: /home/tomas1908/STM32CubeIDE/workspace_1.19.0/pdm/ej1_p5/Core/Src/stm32f4xx_hal_msp.c
2025-09-28 09:43:53,466 [INFO] CodeEngine:265 - oldGeneratedFile, /home/tomas1908/STM32CubeIDE/workspace_1.19.0/pdm/ej1_p5/MXTmpFiles/system.tmp_save
2025-09-28 09:43:53,529 [INFO] CodeEngine:289 - Generated code: /home/tomas1908/STM32CubeIDE/workspace_1.19.0/pdm/ej1_p5/MXTmpFiles/system.tmp
2025-09-28 09:43:53,533 [INFO] CodeEngine:321 - oldGeneratedFile, /home/tomas1908/STM32CubeIDE/workspace_1.19.0/pdm/ej1_p5/Core/Inc/stm32f4xx_hal_conf.h_save
2025-09-28 09:43:53,587 [INFO] CodeEngine:345 - Generated code: /home/tomas1908/STM32CubeIDE/workspace_1.19.0/pdm/ej1_p5/Core/Inc/stm32f4xx_hal_conf.h
2025-09-28 09:43:53,604 [WARN] IPConfigManager:3238 - Warning: the RefConfig PLL2P_FOR_MCO is not available in your config.xml file
2025-09-28 09:43:53,609 [INFO] ApiDbMcu:532 - Load IP Config File for USART1
2025-09-28 09:43:53,612 [INFO] ApiDbMcu:532 - Load IP Config File for RCC
2025-09-28 09:43:53,616 [INFO] CodeEngine:265 - oldGeneratedFile, /home/tomas1908/STM32CubeIDE/workspace_1.19.0/pdm/ej1_p5/Core/Inc/main.h_save
2025-09-28 09:43:53,674 [INFO] CodeEngine:289 - Generated code: /home/tomas1908/STM32CubeIDE/workspace_1.19.0/pdm/ej1_p5/Core/Inc/main.h
2025-09-28 09:43:53,675 [INFO] CodeEngine:265 - oldGeneratedFile, /home/tomas1908/STM32CubeIDE/workspace_1.19.0/pdm/ej1_p5/Core/Src/main.c_save
2025-09-28 09:43:53,759 [INFO] CodeEngine:289 - Generated code: /home/tomas1908/STM32CubeIDE/workspace_1.19.0/pdm/ej1_p5/Core/Src/main.c
2025-09-28 09:43:53,912 [INFO] ProjectBuilder:3606 - Time for Copy HAL[1] : 28mS.
2025-09-28 09:43:53,914 [INFO] ProjectBuilder:5216 - Project Generator version: 4.7.0-B52
2025-09-28 09:43:53,972 [INFO] ConfigFileManager:1595 - The Die is : DIE421
2025-09-28 09:43:53,977 [INFO] ApiDbMcu:532 - Load IP Config File for FATFS
2025-09-28 09:43:53,980 [INFO] ApiDbMcu:532 - Load IP Config File for FREERTOS
2025-09-28 09:43:53,982 [INFO] ApiDbMcu:532 - Load IP Config File for LIBJPEG
2025-09-28 09:43:53,986 [INFO] ApiDbMcu:532 - Load IP Config File for MBEDTLS
2025-09-28 09:43:53,991 [INFO] ApiDbMcu:532 - Load IP Config File for USB_DEVICE
2025-09-28 09:43:53,993 [INFO] ApiDbMcu:532 - Load IP Config File for USB_HOST
2025-09-28 09:43:54,218 [INFO] LogOutputStream:77 - [STDOUT_REDIRECT] 
2025-09-28 09:43:54,675 [INFO] ProjectBuilder:5496 - Time for Generating toolchain IDE Files: 761mS.
2025-09-28 09:43:54,676 [INFO] ProjectBuilder:3463 - Time for Copy CMSIS : 0mS.
2025-09-28 09:43:54,677 [INFO] ProjectBuilder:3463 - Time for Copy CMSIS : 1mS.
2025-09-28 09:43:56,762 [ERROR] LogOutputStream:75 - [STDERR_REDIRECT] Sep 28, 2025 9:43:56 AM java.util.prefs.FileSystemPreferences checkLockFile0ErrorCode
2025-09-28 09:43:56,763 [ERROR] LogOutputStream:75 - [STDERR_REDIRECT] WARNING: Could not lock System prefs. Unix error code 2.
2025-09-28 09:43:56,763 [ERROR] LogOutputStream:75 - [STDERR_REDIRECT] 
2025-09-28 09:43:56,763 [ERROR] LogOutputStream:75 - [STDERR_REDIRECT] Sep 28, 2025 9:43:56 AM java.util.prefs.FileSystemPreferences syncWorld
2025-09-28 09:43:56,764 [ERROR] LogOutputStream:75 - [STDERR_REDIRECT] WARNING: Couldn't flush system prefs: java.util.prefs.BackingStoreException: Couldn't get file lock.
2025-09-28 09:43:56,764 [ERROR] LogOutputStream:75 - [STDERR_REDIRECT] 
2025-09-28 09:44:26,760 [ERROR] LogOutputStream:75 - [STDERR_REDIRECT] Sep 28, 2025 9:44:26 AM java.util.prefs.FileSystemPreferences checkLockFile0ErrorCode
2025-09-28 09:44:26,760 [ERROR] LogOutputStream:75 - [STDERR_REDIRECT] WARNING: Could not lock System prefs. Unix error code 2.
2025-09-28 09:44:26,760 [ERROR] LogOutputStream:75 - [STDERR_REDIRECT] 
2025-09-28 09:44:26,761 [ERROR] LogOutputStream:75 - [STDERR_REDIRECT] Sep 28, 2025 9:44:26 AM java.util.prefs.FileSystemPreferences syncWorld
2025-09-28 09:44:26,761 [ERROR] LogOutputStream:75 - [STDERR_REDIRECT] WARNING: Couldn't flush system prefs: java.util.prefs.BackingStoreException: Couldn't get file lock.
2025-09-28 09:44:26,761 [ERROR] LogOutputStream:75 - [STDERR_REDIRECT] 
2025-09-28 09:44:56,758 [ERROR] LogOutputStream:75 - [STDERR_REDIRECT] Sep 28, 2025 9:44:56 AM java.util.prefs.FileSystemPreferences checkLockFile0ErrorCode
2025-09-28 09:44:56,759 [ERROR] LogOutputStream:75 - [STDERR_REDIRECT] WARNING: Could not lock System prefs. Unix error code 2.
2025-09-28 09:44:56,759 [ERROR] LogOutputStream:75 - [STDERR_REDIRECT] 
2025-09-28 09:44:56,759 [ERROR] LogOutputStream:75 - [STDERR_REDIRECT] Sep 28, 2025 9:44:56 AM java.util.prefs.FileSystemPreferences syncWorld
2025-09-28 09:44:56,760 [ERROR] LogOutputStream:75 - [STDERR_REDIRECT] WARNING: Couldn't flush system prefs: java.util.prefs.BackingStoreException: Couldn't get file lock.
2025-09-28 09:44:56,760 [ERROR] LogOutputStream:75 - [STDERR_REDIRECT] 
2025-09-28 09:45:26,759 [ERROR] LogOutputStream:75 - [STDERR_REDIRECT] Sep 28, 2025 9:45:26 AM java.util.prefs.FileSystemPreferences checkLockFile0ErrorCode
2025-09-28 09:45:26,759 [ERROR] LogOutputStream:75 - [STDERR_REDIRECT] WARNING: Could not lock System prefs. Unix error code 2.
2025-09-28 09:45:26,759 [ERROR] LogOutputStream:75 - [STDERR_REDIRECT] 
2025-09-28 09:45:26,759 [ERROR] LogOutputStream:75 - [STDERR_REDIRECT] Sep 28, 2025 9:45:26 AM java.util.prefs.FileSystemPreferences syncWorld
2025-09-28 09:45:26,759 [ERROR] LogOutputStream:75 - [STDERR_REDIRECT] WARNING: Couldn't flush system prefs: java.util.prefs.BackingStoreException: Couldn't get file lock.
2025-09-28 09:45:26,759 [ERROR] LogOutputStream:75 - [STDERR_REDIRECT] 
2025-09-28 09:45:56,759 [ERROR] LogOutputStream:75 - [STDERR_REDIRECT] Sep 28, 2025 9:45:56 AM java.util.prefs.FileSystemPreferences checkLockFile0ErrorCode
2025-09-28 09:45:56,760 [ERROR] LogOutputStream:75 - [STDERR_REDIRECT] WARNING: Could not lock System prefs. Unix error code 2.
2025-09-28 09:45:56,760 [ERROR] LogOutputStream:75 - [STDERR_REDIRECT] 
2025-09-28 09:45:56,760 [ERROR] LogOutputStream:75 - [STDERR_REDIRECT] Sep 28, 2025 9:45:56 AM java.util.prefs.FileSystemPreferences syncWorld
2025-09-28 09:45:56,761 [ERROR] LogOutputStream:75 - [STDERR_REDIRECT] WARNING: Couldn't flush system prefs: java.util.prefs.BackingStoreException: Couldn't get file lock.
2025-09-28 09:45:56,761 [ERROR] LogOutputStream:75 - [STDERR_REDIRECT] 
2025-09-28 09:46:26,758 [ERROR] LogOutputStream:75 - [STDERR_REDIRECT] Sep 28, 2025 9:46:26 AM java.util.prefs.FileSystemPreferences checkLockFile0ErrorCode
2025-09-28 09:46:26,758 [ERROR] LogOutputStream:75 - [STDERR_REDIRECT] WARNING: Could not lock System prefs. Unix error code 2.
2025-09-28 09:46:26,758 [ERROR] LogOutputStream:75 - [STDERR_REDIRECT] 
2025-09-28 09:46:26,759 [ERROR] LogOutputStream:75 - [STDERR_REDIRECT] Sep 28, 2025 9:46:26 AM java.util.prefs.FileSystemPreferences syncWorld
2025-09-28 09:46:26,759 [ERROR] LogOutputStream:75 - [STDERR_REDIRECT] WARNING: Couldn't flush system prefs: java.util.prefs.BackingStoreException: Couldn't get file lock.
2025-09-28 09:46:26,759 [ERROR] LogOutputStream:75 - [STDERR_REDIRECT] 
2025-09-28 09:46:56,758 [ERROR] LogOutputStream:75 - [STDERR_REDIRECT] Sep 28, 2025 9:46:56 AM java.util.prefs.FileSystemPreferences checkLockFile0ErrorCode
2025-09-28 09:46:56,758 [ERROR] LogOutputStream:75 - [STDERR_REDIRECT] WARNING: Could not lock System prefs. Unix error code 2.
2025-09-28 09:46:56,758 [ERROR] LogOutputStream:75 - [STDERR_REDIRECT] 
2025-09-28 09:46:56,759 [ERROR] LogOutputStream:75 - [STDERR_REDIRECT] Sep 28, 2025 9:46:56 AM java.util.prefs.FileSystemPreferences syncWorld
2025-09-28 09:46:56,759 [ERROR] LogOutputStream:75 - [STDERR_REDIRECT] WARNING: Couldn't flush system prefs: java.util.prefs.BackingStoreException: Couldn't get file lock.
2025-09-28 09:46:56,759 [ERROR] LogOutputStream:75 - [STDERR_REDIRECT] 
2025-09-28 09:47:26,757 [ERROR] LogOutputStream:75 - [STDERR_REDIRECT] Sep 28, 2025 9:47:26 AM java.util.prefs.FileSystemPreferences checkLockFile0ErrorCode
2025-09-28 09:47:26,757 [ERROR] LogOutputStream:75 - [STDERR_REDIRECT] WARNING: Could not lock System prefs. Unix error code 2.
2025-09-28 09:47:26,757 [ERROR] LogOutputStream:75 - [STDERR_REDIRECT] 
2025-09-28 09:47:26,758 [ERROR] LogOutputStream:75 - [STDERR_REDIRECT] Sep 28, 2025 9:47:26 AM java.util.prefs.FileSystemPreferences syncWorld
2025-09-28 09:47:26,758 [ERROR] LogOutputStream:75 - [STDERR_REDIRECT] WARNING: Couldn't flush system prefs: java.util.prefs.BackingStoreException: Couldn't get file lock.
2025-09-28 09:47:26,758 [ERROR] LogOutputStream:75 - [STDERR_REDIRECT] 
2025-09-28 10:11:28,745 [INFO] WebApp:194 - Connection lost
2025-09-28 10:11:35,456 [INFO] WebApp:191 - Connection restablished
2025-09-28 10:11:49,540 [ERROR] LogOutputStream:75 - [STDERR_REDIRECT] Sep 28, 2025 10:11:49 AM java.util.prefs.FileSystemPreferences checkLockFile0ErrorCode
2025-09-28 10:11:49,540 [ERROR] LogOutputStream:75 - [STDERR_REDIRECT] WARNING: Could not lock System prefs. Unix error code 2.
2025-09-28 10:11:49,540 [ERROR] LogOutputStream:75 - [STDERR_REDIRECT] 
2025-09-28 10:11:49,541 [ERROR] LogOutputStream:75 - [STDERR_REDIRECT] Sep 28, 2025 10:11:49 AM java.util.prefs.FileSystemPreferences syncWorld
2025-09-28 10:11:49,541 [ERROR] LogOutputStream:75 - [STDERR_REDIRECT] WARNING: Couldn't flush system prefs: java.util.prefs.BackingStoreException: Couldn't get file lock.
2025-09-28 10:11:49,541 [ERROR] LogOutputStream:75 - [STDERR_REDIRECT] 
2025-09-28 10:12:19,541 [ERROR] LogOutputStream:75 - [STDERR_REDIRECT] Sep 28, 2025 10:12:19 AM java.util.prefs.FileSystemPreferences checkLockFile0ErrorCode
2025-09-28 10:12:19,541 [ERROR] LogOutputStream:75 - [STDERR_REDIRECT] WARNING: Could not lock System prefs. Unix error code 2.
2025-09-28 10:12:19,541 [ERROR] LogOutputStream:75 - [STDERR_REDIRECT] 
2025-09-28 10:12:19,542 [ERROR] LogOutputStream:75 - [STDERR_REDIRECT] Sep 28, 2025 10:12:19 AM java.util.prefs.FileSystemPreferences syncWorld
2025-09-28 10:12:19,542 [ERROR] LogOutputStream:75 - [STDERR_REDIRECT] WARNING: Couldn't flush system prefs: java.util.prefs.BackingStoreException: Couldn't get file lock.
2025-09-28 10:12:19,542 [ERROR] LogOutputStream:75 - [STDERR_REDIRECT] 
2025-09-28 10:12:49,541 [ERROR] LogOutputStream:75 - [STDERR_REDIRECT] Sep 28, 2025 10:12:49 AM java.util.prefs.FileSystemPreferences checkLockFile0ErrorCode
2025-09-28 10:12:49,541 [ERROR] LogOutputStream:75 - [STDERR_REDIRECT] WARNING: Could not lock System prefs. Unix error code 2.
2025-09-28 10:12:49,541 [ERROR] LogOutputStream:75 - [STDERR_REDIRECT] 
2025-09-28 10:12:49,542 [ERROR] LogOutputStream:75 - [STDERR_REDIRECT] Sep 28, 2025 10:12:49 AM java.util.prefs.FileSystemPreferences syncWorld
2025-09-28 10:12:49,542 [ERROR] LogOutputStream:75 - [STDERR_REDIRECT] WARNING: Couldn't flush system prefs: java.util.prefs.BackingStoreException: Couldn't get file lock.
2025-09-28 10:12:49,542 [ERROR] LogOutputStream:75 - [STDERR_REDIRECT] 
2025-09-28 10:13:19,544 [ERROR] LogOutputStream:75 - [STDERR_REDIRECT] Sep 28, 2025 10:13:19 AM java.util.prefs.FileSystemPreferences checkLockFile0ErrorCode
2025-09-28 10:13:19,544 [ERROR] LogOutputStream:75 - [STDERR_REDIRECT] WARNING: Could not lock System prefs. Unix error code 2.
2025-09-28 10:13:19,544 [ERROR] LogOutputStream:75 - [STDERR_REDIRECT] 
2025-09-28 10:13:19,545 [ERROR] LogOutputStream:75 - [STDERR_REDIRECT] Sep 28, 2025 10:13:19 AM java.util.prefs.FileSystemPreferences syncWorld
2025-09-28 10:13:19,545 [ERROR] LogOutputStream:75 - [STDERR_REDIRECT] WARNING: Couldn't flush system prefs: java.util.prefs.BackingStoreException: Couldn't get file lock.
2025-09-28 10:13:19,545 [ERROR] LogOutputStream:75 - [STDERR_REDIRECT] 
2025-09-28 10:13:49,541 [ERROR] LogOutputStream:75 - [STDERR_REDIRECT] Sep 28, 2025 10:13:49 AM java.util.prefs.FileSystemPreferences checkLockFile0ErrorCode
2025-09-28 10:13:49,541 [ERROR] LogOutputStream:75 - [STDERR_REDIRECT] WARNING: Could not lock System prefs. Unix error code 2.
2025-09-28 10:13:49,542 [ERROR] LogOutputStream:75 - [STDERR_REDIRECT] 
2025-09-28 10:13:49,542 [ERROR] LogOutputStream:75 - [STDERR_REDIRECT] Sep 28, 2025 10:13:49 AM java.util.prefs.FileSystemPreferences syncWorld
2025-09-28 10:13:49,542 [ERROR] LogOutputStream:75 - [STDERR_REDIRECT] WARNING: Couldn't flush system prefs: java.util.prefs.BackingStoreException: Couldn't get file lock.
2025-09-28 10:13:49,542 [ERROR] LogOutputStream:75 - [STDERR_REDIRECT] 
2025-09-28 10:14:19,541 [ERROR] LogOutputStream:75 - [STDERR_REDIRECT] Sep 28, 2025 10:14:19 AM java.util.prefs.FileSystemPreferences checkLockFile0ErrorCode
2025-09-28 10:14:19,542 [ERROR] LogOutputStream:75 - [STDERR_REDIRECT] WARNING: Could not lock System prefs. Unix error code 2.
2025-09-28 10:14:19,542 [ERROR] LogOutputStream:75 - [STDERR_REDIRECT] 
2025-09-28 10:14:19,542 [ERROR] LogOutputStream:75 - [STDERR_REDIRECT] Sep 28, 2025 10:14:19 AM java.util.prefs.FileSystemPreferences syncWorld
2025-09-28 10:14:19,542 [ERROR] LogOutputStream:75 - [STDERR_REDIRECT] WARNING: Couldn't flush system prefs: java.util.prefs.BackingStoreException: Couldn't get file lock.
2025-09-28 10:14:19,542 [ERROR] LogOutputStream:75 - [STDERR_REDIRECT] 
2025-09-28 10:14:49,542 [ERROR] LogOutputStream:75 - [STDERR_REDIRECT] Sep 28, 2025 10:14:49 AM java.util.prefs.FileSystemPreferences checkLockFile0ErrorCode
2025-09-28 10:14:49,542 [ERROR] LogOutputStream:75 - [STDERR_REDIRECT] WARNING: Could not lock System prefs. Unix error code 2.
2025-09-28 10:14:49,543 [ERROR] LogOutputStream:75 - [STDERR_REDIRECT] 
2025-09-28 10:14:49,543 [ERROR] LogOutputStream:75 - [STDERR_REDIRECT] Sep 28, 2025 10:14:49 AM java.util.prefs.FileSystemPreferences syncWorld
2025-09-28 10:14:49,543 [ERROR] LogOutputStream:75 - [STDERR_REDIRECT] WARNING: Couldn't flush system prefs: java.util.prefs.BackingStoreException: Couldn't get file lock.
2025-09-28 10:14:49,543 [ERROR] LogOutputStream:75 - [STDERR_REDIRECT] 
2025-09-28 10:15:19,543 [ERROR] LogOutputStream:75 - [STDERR_REDIRECT] Sep 28, 2025 10:15:19 AM java.util.prefs.FileSystemPreferences checkLockFile0ErrorCode
2025-09-28 10:15:19,543 [ERROR] LogOutputStream:75 - [STDERR_REDIRECT] WARNING: Could not lock System prefs. Unix error code 2.
2025-09-28 10:15:19,543 [ERROR] LogOutputStream:75 - [STDERR_REDIRECT] 
2025-09-28 10:15:19,544 [ERROR] LogOutputStream:75 - [STDERR_REDIRECT] Sep 28, 2025 10:15:19 AM java.util.prefs.FileSystemPreferences syncWorld
2025-09-28 10:15:19,544 [ERROR] LogOutputStream:75 - [STDERR_REDIRECT] WARNING: Couldn't flush system prefs: java.util.prefs.BackingStoreException: Couldn't get file lock.
2025-09-28 10:15:19,544 [ERROR] LogOutputStream:75 - [STDERR_REDIRECT] 
2025-09-28 10:15:49,544 [ERROR] LogOutputStream:75 - [STDERR_REDIRECT] Sep 28, 2025 10:15:49 AM java.util.prefs.FileSystemPreferences checkLockFile0ErrorCode
2025-09-28 10:15:49,544 [ERROR] LogOutputStream:75 - [STDERR_REDIRECT] WARNING: Could not lock System prefs. Unix error code 2.
2025-09-28 10:15:49,544 [ERROR] LogOutputStream:75 - [STDERR_REDIRECT] 
2025-09-28 10:15:49,544 [ERROR] LogOutputStream:75 - [STDERR_REDIRECT] Sep 28, 2025 10:15:49 AM java.util.prefs.FileSystemPreferences syncWorld
2025-09-28 10:15:49,545 [ERROR] LogOutputStream:75 - [STDERR_REDIRECT] WARNING: Couldn't flush system prefs: java.util.prefs.BackingStoreException: Couldn't get file lock.
2025-09-28 10:15:49,545 [ERROR] LogOutputStream:75 - [STDERR_REDIRECT] 
2025-09-28 10:16:19,543 [ERROR] LogOutputStream:75 - [STDERR_REDIRECT] Sep 28, 2025 10:16:19 AM java.util.prefs.FileSystemPreferences checkLockFile0ErrorCode
2025-09-28 10:16:19,544 [ERROR] LogOutputStream:75 - [STDERR_REDIRECT] WARNING: Could not lock System prefs. Unix error code 2.
2025-09-28 10:16:19,544 [ERROR] LogOutputStream:75 - [STDERR_REDIRECT] 
2025-09-28 10:16:19,544 [ERROR] LogOutputStream:75 - [STDERR_REDIRECT] Sep 28, 2025 10:16:19 AM java.util.prefs.FileSystemPreferences syncWorld
2025-09-28 10:16:19,545 [ERROR] LogOutputStream:75 - [STDERR_REDIRECT] WARNING: Couldn't flush system prefs: java.util.prefs.BackingStoreException: Couldn't get file lock.
2025-09-28 10:16:19,545 [ERROR] LogOutputStream:75 - [STDERR_REDIRECT] 
2025-09-28 10:16:49,543 [ERROR] LogOutputStream:75 - [STDERR_REDIRECT] Sep 28, 2025 10:16:49 AM java.util.prefs.FileSystemPreferences checkLockFile0ErrorCode
2025-09-28 10:16:49,543 [ERROR] LogOutputStream:75 - [STDERR_REDIRECT] WARNING: Could not lock System prefs. Unix error code 2.
2025-09-28 10:16:49,543 [ERROR] LogOutputStream:75 - [STDERR_REDIRECT] 
2025-09-28 10:16:49,544 [ERROR] LogOutputStream:75 - [STDERR_REDIRECT] Sep 28, 2025 10:16:49 AM java.util.prefs.FileSystemPreferences syncWorld
2025-09-28 10:16:49,544 [ERROR] LogOutputStream:75 - [STDERR_REDIRECT] WARNING: Couldn't flush system prefs: java.util.prefs.BackingStoreException: Couldn't get file lock.
2025-09-28 10:16:49,544 [ERROR] LogOutputStream:75 - [STDERR_REDIRECT] 
2025-09-28 10:17:19,543 [ERROR] LogOutputStream:75 - [STDERR_REDIRECT] Sep 28, 2025 10:17:19 AM java.util.prefs.FileSystemPreferences checkLockFile0ErrorCode
2025-09-28 10:17:19,544 [ERROR] LogOutputStream:75 - [STDERR_REDIRECT] WARNING: Could not lock System prefs. Unix error code 2.
2025-09-28 10:17:19,544 [ERROR] LogOutputStream:75 - [STDERR_REDIRECT] 
2025-09-28 10:17:19,544 [ERROR] LogOutputStream:75 - [STDERR_REDIRECT] Sep 28, 2025 10:17:19 AM java.util.prefs.FileSystemPreferences syncWorld
2025-09-28 10:17:19,544 [ERROR] LogOutputStream:75 - [STDERR_REDIRECT] WARNING: Couldn't flush system prefs: java.util.prefs.BackingStoreException: Couldn't get file lock.
2025-09-28 10:17:19,545 [ERROR] LogOutputStream:75 - [STDERR_REDIRECT] 
2025-09-28 10:17:49,543 [ERROR] LogOutputStream:75 - [STDERR_REDIRECT] Sep 28, 2025 10:17:49 AM java.util.prefs.FileSystemPreferences checkLockFile0ErrorCode
2025-09-28 10:17:49,543 [ERROR] LogOutputStream:75 - [STDERR_REDIRECT] WARNING: Could not lock System prefs. Unix error code 2.
2025-09-28 10:17:49,543 [ERROR] LogOutputStream:75 - [STDERR_REDIRECT] 
2025-09-28 10:17:49,544 [ERROR] LogOutputStream:75 - [STDERR_REDIRECT] Sep 28, 2025 10:17:49 AM java.util.prefs.FileSystemPreferences syncWorld
2025-09-28 10:17:49,544 [ERROR] LogOutputStream:75 - [STDERR_REDIRECT] WARNING: Couldn't flush system prefs: java.util.prefs.BackingStoreException: Couldn't get file lock.
2025-09-28 10:17:49,544 [ERROR] LogOutputStream:75 - [STDERR_REDIRECT] 
2025-09-28 10:18:19,543 [ERROR] LogOutputStream:75 - [STDERR_REDIRECT] Sep 28, 2025 10:18:19 AM java.util.prefs.FileSystemPreferences checkLockFile0ErrorCode
2025-09-28 10:18:19,543 [ERROR] LogOutputStream:75 - [STDERR_REDIRECT] WARNING: Could not lock System prefs. Unix error code 2.
2025-09-28 10:18:19,544 [ERROR] LogOutputStream:75 - [STDERR_REDIRECT] 
2025-09-28 10:18:19,544 [ERROR] LogOutputStream:75 - [STDERR_REDIRECT] Sep 28, 2025 10:18:19 AM java.util.prefs.FileSystemPreferences syncWorld
2025-09-28 10:18:19,544 [ERROR] LogOutputStream:75 - [STDERR_REDIRECT] WARNING: Couldn't flush system prefs: java.util.prefs.BackingStoreException: Couldn't get file lock.
2025-09-28 10:18:19,545 [ERROR] LogOutputStream:75 - [STDERR_REDIRECT] 
2025-09-28 10:18:49,543 [ERROR] LogOutputStream:75 - [STDERR_REDIRECT] Sep 28, 2025 10:18:49 AM java.util.prefs.FileSystemPreferences checkLockFile0ErrorCode
2025-09-28 10:18:49,543 [ERROR] LogOutputStream:75 - [STDERR_REDIRECT] WARNING: Could not lock System prefs. Unix error code 2.
2025-09-28 10:18:49,543 [ERROR] LogOutputStream:75 - [STDERR_REDIRECT] 
2025-09-28 10:18:49,543 [ERROR] LogOutputStream:75 - [STDERR_REDIRECT] Sep 28, 2025 10:18:49 AM java.util.prefs.FileSystemPreferences syncWorld
2025-09-28 10:18:49,544 [ERROR] LogOutputStream:75 - [STDERR_REDIRECT] WARNING: Couldn't flush system prefs: java.util.prefs.BackingStoreException: Couldn't get file lock.
2025-09-28 10:18:49,544 [ERROR] LogOutputStream:75 - [STDERR_REDIRECT] 
2025-09-28 10:19:19,543 [ERROR] LogOutputStream:75 - [STDERR_REDIRECT] Sep 28, 2025 10:19:19 AM java.util.prefs.FileSystemPreferences checkLockFile0ErrorCode
2025-09-28 10:19:19,544 [ERROR] LogOutputStream:75 - [STDERR_REDIRECT] WARNING: Could not lock System prefs. Unix error code 2.
2025-09-28 10:19:19,544 [ERROR] LogOutputStream:75 - [STDERR_REDIRECT] 
2025-09-28 10:19:19,544 [ERROR] LogOutputStream:75 - [STDERR_REDIRECT] Sep 28, 2025 10:19:19 AM java.util.prefs.FileSystemPreferences syncWorld
2025-09-28 10:19:19,544 [ERROR] LogOutputStream:75 - [STDERR_REDIRECT] WARNING: Couldn't flush system prefs: java.util.prefs.BackingStoreException: Couldn't get file lock.
2025-09-28 10:19:19,544 [ERROR] LogOutputStream:75 - [STDERR_REDIRECT] 
2025-09-28 10:19:49,544 [ERROR] LogOutputStream:75 - [STDERR_REDIRECT] Sep 28, 2025 10:19:49 AM java.util.prefs.FileSystemPreferences checkLockFile0ErrorCode
2025-09-28 10:19:49,544 [ERROR] LogOutputStream:75 - [STDERR_REDIRECT] WARNING: Could not lock System prefs. Unix error code 2.
2025-09-28 10:19:49,544 [ERROR] LogOutputStream:75 - [STDERR_REDIRECT] 
2025-09-28 10:19:49,545 [ERROR] LogOutputStream:75 - [STDERR_REDIRECT] Sep 28, 2025 10:19:49 AM java.util.prefs.FileSystemPreferences syncWorld
2025-09-28 10:19:49,545 [ERROR] LogOutputStream:75 - [STDERR_REDIRECT] WARNING: Couldn't flush system prefs: java.util.prefs.BackingStoreException: Couldn't get file lock.
2025-09-28 10:19:49,545 [ERROR] LogOutputStream:75 - [STDERR_REDIRECT] 
2025-09-28 10:20:19,544 [ERROR] LogOutputStream:75 - [STDERR_REDIRECT] Sep 28, 2025 10:20:19 AM java.util.prefs.FileSystemPreferences checkLockFile0ErrorCode
2025-09-28 10:20:19,544 [ERROR] LogOutputStream:75 - [STDERR_REDIRECT] WARNING: Could not lock System prefs. Unix error code 2.
2025-09-28 10:20:19,544 [ERROR] LogOutputStream:75 - [STDERR_REDIRECT] 
2025-09-28 10:20:19,544 [ERROR] LogOutputStream:75 - [STDERR_REDIRECT] Sep 28, 2025 10:20:19 AM java.util.prefs.FileSystemPreferences syncWorld
2025-09-28 10:20:19,544 [ERROR] LogOutputStream:75 - [STDERR_REDIRECT] WARNING: Couldn't flush system prefs: java.util.prefs.BackingStoreException: Couldn't get file lock.
2025-09-28 10:20:19,544 [ERROR] LogOutputStream:75 - [STDERR_REDIRECT] 
2025-09-28 10:20:49,545 [ERROR] LogOutputStream:75 - [STDERR_REDIRECT] Sep 28, 2025 10:20:49 AM java.util.prefs.FileSystemPreferences checkLockFile0ErrorCode
2025-09-28 10:20:49,545 [ERROR] LogOutputStream:75 - [STDERR_REDIRECT] WARNING: Could not lock System prefs. Unix error code 2.
2025-09-28 10:20:49,545 [ERROR] LogOutputStream:75 - [STDERR_REDIRECT] 
2025-09-28 10:20:49,545 [ERROR] LogOutputStream:75 - [STDERR_REDIRECT] Sep 28, 2025 10:20:49 AM java.util.prefs.FileSystemPreferences syncWorld
2025-09-28 10:20:49,545 [ERROR] LogOutputStream:75 - [STDERR_REDIRECT] WARNING: Couldn't flush system prefs: java.util.prefs.BackingStoreException: Couldn't get file lock.
2025-09-28 10:20:49,546 [ERROR] LogOutputStream:75 - [STDERR_REDIRECT] 
2025-09-28 10:21:19,544 [ERROR] LogOutputStream:75 - [STDERR_REDIRECT] Sep 28, 2025 10:21:19 AM java.util.prefs.FileSystemPreferences checkLockFile0ErrorCode
2025-09-28 10:21:19,544 [ERROR] LogOutputStream:75 - [STDERR_REDIRECT] WARNING: Could not lock System prefs. Unix error code 2.
2025-09-28 10:21:19,545 [ERROR] LogOutputStream:75 - [STDERR_REDIRECT] 
2025-09-28 10:21:19,545 [ERROR] LogOutputStream:75 - [STDERR_REDIRECT] Sep 28, 2025 10:21:19 AM java.util.prefs.FileSystemPreferences syncWorld
2025-09-28 10:21:19,545 [ERROR] LogOutputStream:75 - [STDERR_REDIRECT] WARNING: Couldn't flush system prefs: java.util.prefs.BackingStoreException: Couldn't get file lock.
2025-09-28 10:21:19,545 [ERROR] LogOutputStream:75 - [STDERR_REDIRECT] 
2025-09-28 10:21:49,544 [ERROR] LogOutputStream:75 - [STDERR_REDIRECT] Sep 28, 2025 10:21:49 AM java.util.prefs.FileSystemPreferences checkLockFile0ErrorCode
2025-09-28 10:21:49,545 [ERROR] LogOutputStream:75 - [STDERR_REDIRECT] WARNING: Could not lock System prefs. Unix error code 2.
2025-09-28 10:21:49,545 [ERROR] LogOutputStream:75 - [STDERR_REDIRECT] 
2025-09-28 10:21:49,545 [ERROR] LogOutputStream:75 - [STDERR_REDIRECT] Sep 28, 2025 10:21:49 AM java.util.prefs.FileSystemPreferences syncWorld
2025-09-28 10:21:49,545 [ERROR] LogOutputStream:75 - [STDERR_REDIRECT] WARNING: Couldn't flush system prefs: java.util.prefs.BackingStoreException: Couldn't get file lock.
2025-09-28 10:21:49,546 [ERROR] LogOutputStream:75 - [STDERR_REDIRECT] 
2025-09-28 10:22:19,544 [ERROR] LogOutputStream:75 - [STDERR_REDIRECT] Sep 28, 2025 10:22:19 AM java.util.prefs.FileSystemPreferences checkLockFile0ErrorCode
2025-09-28 10:22:19,545 [ERROR] LogOutputStream:75 - [STDERR_REDIRECT] WARNING: Could not lock System prefs. Unix error code 2.
2025-09-28 10:22:19,545 [ERROR] LogOutputStream:75 - [STDERR_REDIRECT] 
2025-09-28 10:22:19,545 [ERROR] LogOutputStream:75 - [STDERR_REDIRECT] Sep 28, 2025 10:22:19 AM java.util.prefs.FileSystemPreferences syncWorld
2025-09-28 10:22:19,545 [ERROR] LogOutputStream:75 - [STDERR_REDIRECT] WARNING: Couldn't flush system prefs: java.util.prefs.BackingStoreException: Couldn't get file lock.
2025-09-28 10:22:19,545 [ERROR] LogOutputStream:75 - [STDERR_REDIRECT] 
2025-09-28 10:22:49,544 [ERROR] LogOutputStream:75 - [STDERR_REDIRECT] Sep 28, 2025 10:22:49 AM java.util.prefs.FileSystemPreferences checkLockFile0ErrorCode
2025-09-28 10:22:49,544 [ERROR] LogOutputStream:75 - [STDERR_REDIRECT] WARNING: Could not lock System prefs. Unix error code 2.
2025-09-28 10:22:49,544 [ERROR] LogOutputStream:75 - [STDERR_REDIRECT] 
2025-09-28 10:22:49,545 [ERROR] LogOutputStream:75 - [STDERR_REDIRECT] Sep 28, 2025 10:22:49 AM java.util.prefs.FileSystemPreferences syncWorld
2025-09-28 10:22:49,545 [ERROR] LogOutputStream:75 - [STDERR_REDIRECT] WARNING: Couldn't flush system prefs: java.util.prefs.BackingStoreException: Couldn't get file lock.
2025-09-28 10:22:49,545 [ERROR] LogOutputStream:75 - [STDERR_REDIRECT] 
2025-09-28 10:23:19,544 [ERROR] LogOutputStream:75 - [STDERR_REDIRECT] Sep 28, 2025 10:23:19 AM java.util.prefs.FileSystemPreferences checkLockFile0ErrorCode
2025-09-28 10:23:19,544 [ERROR] LogOutputStream:75 - [STDERR_REDIRECT] WARNING: Could not lock System prefs. Unix error code 2.
2025-09-28 10:23:19,545 [ERROR] LogOutputStream:75 - [STDERR_REDIRECT] 
2025-09-28 10:23:19,545 [ERROR] LogOutputStream:75 - [STDERR_REDIRECT] Sep 28, 2025 10:23:19 AM java.util.prefs.FileSystemPreferences syncWorld
2025-09-28 10:23:19,545 [ERROR] LogOutputStream:75 - [STDERR_REDIRECT] WARNING: Couldn't flush system prefs: java.util.prefs.BackingStoreException: Couldn't get file lock.
2025-09-28 10:23:19,545 [ERROR] LogOutputStream:75 - [STDERR_REDIRECT] 
2025-09-28 10:23:49,543 [ERROR] LogOutputStream:75 - [STDERR_REDIRECT] Sep 28, 2025 10:23:49 AM java.util.prefs.FileSystemPreferences checkLockFile0ErrorCode
2025-09-28 10:23:49,543 [ERROR] LogOutputStream:75 - [STDERR_REDIRECT] WARNING: Could not lock System prefs. Unix error code 2.
2025-09-28 10:23:49,543 [ERROR] LogOutputStream:75 - [STDERR_REDIRECT] 
2025-09-28 10:23:49,543 [ERROR] LogOutputStream:75 - [STDERR_REDIRECT] Sep 28, 2025 10:23:49 AM java.util.prefs.FileSystemPreferences syncWorld
2025-09-28 10:23:49,543 [ERROR] LogOutputStream:75 - [STDERR_REDIRECT] WARNING: Couldn't flush system prefs: java.util.prefs.BackingStoreException: Couldn't get file lock.
2025-09-28 10:23:49,544 [ERROR] LogOutputStream:75 - [STDERR_REDIRECT] 
2025-09-28 10:23:55,683 [ERROR] LogOutputStream:75 - [STDERR_REDIRECT] 
2025-09-28 10:23:55,684 [ERROR] LogOutputStream:75 - [STDERR_REDIRECT] 
2025-09-28 10:31:44,182 [INFO] Activator:176 - 


2025-09-28 10:31:44,184 [INFO] Activator:177 - !SESSION log4j initialized
2025-09-28 10:31:47,885 [INFO] LogOutputStream:77 - [STDOUT_REDIRECT] 
2025-09-28 10:31:51,833 [INFO] ApplicationProperties:184 - Using Application install path: /opt/st/stm32cubeide_1.19.0/plugins/com.st.stm32cube.common.mx_6.15.0.202507011659
2025-09-28 10:31:51,845 [INFO] DbMcusXml:78 - Set database path to: /opt/st/stm32cubeide_1.19.0/plugins/com.st.stm32cube.common.mx_6.15.0.202507011659//db//mcu/
2025-09-28 10:31:51,845 [INFO] ApiDb:274 - Set plugin database path to: /opt/st/stm32cubeide_1.19.0/plugins/com.st.stm32cube.common.mx_6.15.0.202507011659//db//plugins/boardmanager/
2025-09-28 10:31:51,845 [WARN] ApiDb:259 - Overriding images path with different value:  => /opt/st/stm32cubeide_1.19.0/plugins/com.st.stm32cube.common.mx_6.15.0.202507011659//db//plugins/mcufinder/images/
2025-09-28 10:31:51,850 [INFO] ApiDb:250 - Set database path to: /home/tomas1908/.stmcufinder/plugins/mcufinder//mcu/
2025-09-28 10:31:51,851 [INFO] DbMcusAds:125 - Set database path to: /home/tomas1908/.stmcufinder/plugins/mcufinder//mcu/
2025-09-28 10:31:51,853 [INFO] CrossReferenceDbSqlite:203 - Set database path to: /home/tomas1908/.stmcufinder/plugins/mcufinder//mcu/cs/
2025-09-28 10:31:51,939 [INFO] RulesReader:64 - Compatibility file has been processed (317 Rules)
2025-09-28 10:31:51,980 [INFO] DbMcusXml:78 - Set database path to: /opt/st/stm32cubeide_1.19.0/plugins/com.st.stm32cube.common.mx_6.15.0.202507011659//db//mcu/
2025-09-28 10:31:51,980 [INFO] ApiDb:274 - Set plugin database path to: /opt/st/stm32cubeide_1.19.0/plugins/com.st.stm32cube.common.mx_6.15.0.202507011659//db//plugins/boardmanager/
2025-09-28 10:31:51,980 [INFO] ApiDb:261 - Set plugin images path to: /opt/st/stm32cubeide_1.19.0/plugins/com.st.stm32cube.common.mx_6.15.0.202507011659//db//plugins/mcufinder/images/
2025-09-28 10:31:51,980 [WARN] DbFile:41 - Overriding database path with different value: /home/tomas1908/.stmcufinder/plugins/mcufinder/ => /home/tomas1908/.stmcufinder/plugins/mcufinder
2025-09-28 10:31:51,981 [INFO] ApiDb:250 - Set database path to: /home/tomas1908/.stmcufinder/plugins/mcufinder//mcu/
2025-09-28 10:31:51,981 [WARN] DbFile:41 - Overriding database path with different value: /home/tomas1908/.stmcufinder/plugins/mcufinder/ => /home/tomas1908/.stmcufinder/plugins/mcufinder
2025-09-28 10:31:51,981 [INFO] DbMcusAds:125 - Set database path to: /home/tomas1908/.stmcufinder/plugins/mcufinder//mcu/
2025-09-28 10:31:51,981 [WARN] DbFile:41 - Overriding database path with different value: /home/tomas1908/.stmcufinder/plugins/mcufinder/ => /home/tomas1908/.stmcufinder/plugins/mcufinder
2025-09-28 10:31:51,981 [WARN] DbFile:41 - Overriding database path with different value: /home/tomas1908/.stmcufinder/plugins/mcufinder/ => /home/tomas1908/.stmcufinder/plugins/mcufinder
2025-09-28 10:31:51,981 [INFO] CrossReferenceDbSqlite:203 - Set database path to: /home/tomas1908/.stmcufinder/plugins/mcufinder//mcu/cs/
2025-09-28 10:31:52,031 [INFO] MainPanel:274 - HeapMemory: 268435456
2025-09-28 10:31:52,127 [INFO] DbMcusXml:78 - Set database path to: /opt/st/stm32cubeide_1.19.0/plugins/com.st.stm32cube.common.mx_6.15.0.202507011659//db//mcu/
2025-09-28 10:31:52,127 [INFO] ApiDb:274 - Set plugin database path to: /opt/st/stm32cubeide_1.19.0/plugins/com.st.stm32cube.common.mx_6.15.0.202507011659//db//plugins/boardmanager/
2025-09-28 10:31:52,127 [INFO] ApiDb:261 - Set plugin images path to: /opt/st/stm32cubeide_1.19.0/plugins/com.st.stm32cube.common.mx_6.15.0.202507011659//db//plugins/mcufinder/images/
2025-09-28 10:31:52,127 [WARN] DbFile:41 - Overriding database path with different value: /home/tomas1908/.stmcufinder/plugins/mcufinder/ => /home/tomas1908/.stmcufinder/plugins/mcufinder
2025-09-28 10:31:52,127 [INFO] ApiDb:250 - Set database path to: /home/tomas1908/.stmcufinder/plugins/mcufinder//mcu/
2025-09-28 10:31:52,128 [WARN] DbFile:41 - Overriding database path with different value: /home/tomas1908/.stmcufinder/plugins/mcufinder/ => /home/tomas1908/.stmcufinder/plugins/mcufinder
2025-09-28 10:31:52,128 [INFO] DbMcusAds:125 - Set database path to: /home/tomas1908/.stmcufinder/plugins/mcufinder//mcu/
2025-09-28 10:31:52,128 [WARN] DbFile:41 - Overriding database path with different value: /home/tomas1908/.stmcufinder/plugins/mcufinder/ => /home/tomas1908/.stmcufinder/plugins/mcufinder
2025-09-28 10:31:52,128 [WARN] DbFile:41 - Overriding database path with different value: /home/tomas1908/.stmcufinder/plugins/mcufinder/ => /home/tomas1908/.stmcufinder/plugins/mcufinder
2025-09-28 10:31:52,128 [INFO] CrossReferenceDbSqlite:203 - Set database path to: /home/tomas1908/.stmcufinder/plugins/mcufinder//mcu/cs/
2025-09-28 10:31:52,139 [INFO] ApplicationProperties:184 - Using Application install path: /opt/st/stm32cubeide_1.19.0/plugins/com.st.stm32cube.common.mx_6.15.0.202507011659
2025-09-28 10:31:52,140 [INFO] PluginManage:196 - Search for loadable plugins [exclusion list=, ]
2025-09-28 10:31:52,141 [INFO] PluginManage:310 - Check plugin analytics
2025-09-28 10:31:52,253 [INFO] AnalyticsPlugin:253 - Accepted Software Licenses: 
2025-09-28 10:31:52,253 [INFO] AnalyticsPlugin:255 - Accepted CMSIS Pack Licenses: 
2025-09-28 10:31:52,253 [INFO] AnalyticsPlugin:257 - Accepted Firmware Licenses: FW.F4.1.28.0
2025-09-28 10:31:52,255 [INFO] PluginManage:359 - Loaded plugin analytics (category:tool,tabindex:-1)
2025-09-28 10:31:52,255 [INFO] PluginManage:310 - Check plugin cadmodel
2025-09-28 10:31:52,259 [INFO] CADModel:105 - Init CAD model plugin
2025-09-28 10:31:52,259 [INFO] PluginManage:359 - Loaded plugin cadmodel (category:power,tabindex:5)
2025-09-28 10:31:52,259 [INFO] PluginManage:310 - Check plugin clock
2025-09-28 10:31:52,267 [INFO] PluginManage:359 - Loaded plugin clock (category:base,tabindex:2)
2025-09-28 10:31:52,267 [INFO] PluginManage:310 - Check plugin ddr
2025-09-28 10:31:52,269 [INFO] PluginManage:359 - Loaded plugin ddr (category:tool,tabindex:6)
2025-09-28 10:31:52,269 [INFO] PluginManage:310 - Check plugin filemanager
2025-09-28 10:31:52,365 [INFO] PluginManage:359 - Loaded plugin filemanager (category:base,tabindex:10)
2025-09-28 10:31:52,365 [INFO] PluginManage:310 - Check plugin ipmanager
2025-09-28 10:31:52,369 [INFO] PluginManage:359 - Loaded plugin ipmanager (category:base,tabindex:5)
2025-09-28 10:31:52,369 [INFO] PluginManage:310 - Check plugin lpbam
2025-09-28 10:31:52,376 [INFO] PluginManage:359 - Loaded plugin lpbam (category:base,tabindex:0)
2025-09-28 10:31:52,376 [INFO] PluginManage:310 - Check plugin memorymap
2025-09-28 10:31:52,385 [INFO] PluginManage:359 - Loaded plugin memorymap (category:base,tabindex:4)
2025-09-28 10:31:52,385 [INFO] PluginManage:310 - Check plugin pinoutandconfiguration
2025-09-28 10:31:52,390 [INFO] PluginManage:359 - Loaded plugin pinoutandconfiguration (category:base,tabindex:1)
2025-09-28 10:31:52,391 [INFO] PluginManage:310 - Check plugin pinoutconfig
2025-09-28 10:31:52,447 [WARN] SupportedApi:132 - Cannot load RTOS API schema: s4s-elt-must-match.1: The content of 'definitions' must match (annotation?, (simpleType | complexType)?, (unique | key | keyref)*)). A problem was found starting at: attribute.
2025-09-28 10:31:52,531 [INFO] PluginManage:359 - Loaded plugin pinoutconfig (category:base,tabindex:0)
2025-09-28 10:31:52,532 [INFO] PluginManage:310 - Check plugin power
2025-09-28 10:31:52,538 [INFO] PluginManage:359 - Loaded plugin power (category:power,tabindex:4)
2025-09-28 10:31:52,538 [INFO] PluginManage:310 - Check plugin projectmanager
2025-09-28 10:31:52,548 [INFO] PluginManage:359 - Loaded plugin projectmanager (category:projectmanager,tabindex:4)
2025-09-28 10:31:52,548 [INFO] PluginManage:310 - Check plugin rif
2025-09-28 10:31:52,556 [INFO] PluginManage:359 - Loaded plugin rif (category:base,tabindex:3)
2025-09-28 10:31:52,556 [INFO] PluginManage:310 - Check plugin thirdparty
2025-09-28 10:31:52,642 [WARN] IntegrityCheckThread:84 - waiting for thirdparty lock release [integrity check]
2025-09-28 10:31:52,642 [INFO] PluginManage:359 - Loaded plugin thirdparty (category:base,tabindex:-1)
2025-09-28 10:31:52,642 [INFO] IntegrityCheckThread:86 - entering critical section [integrity check]
2025-09-28 10:31:52,642 [INFO] PluginManage:310 - Check plugin tools
2025-09-28 10:31:52,642 [INFO] ThirdPartyUpdaterWithRetryManager:70 - Updater plugin not ready yet. [1/15]
2025-09-28 10:31:52,644 [INFO] PluginManage:359 - Loaded plugin tools (category:base,tabindex:7)
2025-09-28 10:31:52,644 [INFO] PluginManage:310 - Check plugin tutovideos
2025-09-28 10:31:52,785 [INFO] PluginManage:359 - Loaded plugin tutovideos (category:base,tabindex:-1)
2025-09-28 10:31:52,785 [INFO] PluginManage:310 - Check plugin updater
2025-09-28 10:31:52,802 [INFO] PluginManage:359 - Loaded plugin updater (category:base,tabindex:12)
2025-09-28 10:31:52,802 [INFO] PluginManage:310 - Check plugin userauth
2025-09-28 10:31:52,805 [INFO] UserAuth:118 - Init User Auth plugin
2025-09-28 10:31:52,806 [INFO] PluginManage:359 - Loaded plugin userauth (category:base,tabindex:14)
2025-09-28 10:31:52,806 [INFO] PluginManage:283 - PluginManage : Loaded plugins [18]
2025-09-28 10:31:52,926 [INFO] PinOutPanel:1589 - setPackage(No Configuration,No Configuration)
2025-09-28 10:31:52,970 [INFO] CADModel:165 - CPN selected for project level
2025-09-28 10:31:52,970 [INFO] CADModel:114 - Register for checkConnection events
2025-09-28 10:31:52,979 [INFO] IPUIPlugin:80 - create IPUIPlugin
2025-09-28 10:31:52,979 [INFO] PluginManager:220 - loadIPPluginJar : add i2c
2025-09-28 10:31:52,982 [INFO] IPUIPlugin:80 - create IPUIPlugin
2025-09-28 10:31:52,983 [INFO] PluginManager:220 - loadIPPluginJar : add mdma
2025-09-28 10:31:52,984 [INFO] IPUIPlugin:80 - create IPUIPlugin
2025-09-28 10:31:52,984 [INFO] PluginManager:220 - loadIPPluginJar : add aes
2025-09-28 10:31:52,985 [INFO] IPUIPlugin:80 - create IPUIPlugin
2025-09-28 10:31:52,985 [INFO] PluginManager:220 - loadIPPluginJar : add can
2025-09-28 10:31:52,989 [INFO] IPUIPlugin:80 - create IPUIPlugin
2025-09-28 10:31:52,989 [INFO] PluginManager:220 - loadIPPluginJar : add freertos
2025-09-28 10:31:52,990 [INFO] IPUIPlugin:80 - create IPUIPlugin
2025-09-28 10:31:52,991 [INFO] PluginManager:220 - loadIPPluginJar : add gtzc
2025-09-28 10:31:52,991 [INFO] IPUIPlugin:80 - create IPUIPlugin
2025-09-28 10:31:52,991 [INFO] PluginManager:220 - loadIPPluginJar : add ts
2025-09-28 10:31:52,996 [INFO] IPUIPlugin:80 - create IPUIPlugin
2025-09-28 10:31:52,996 [INFO] PluginManager:220 - loadIPPluginJar : add stm32_wpan
2025-09-28 10:31:52,997 [INFO] IPUIPlugin:80 - create IPUIPlugin
2025-09-28 10:31:52,997 [INFO] PluginManager:220 - loadIPPluginJar : add fatfs
2025-09-28 10:31:53,000 [INFO] IPUIPlugin:80 - create IPUIPlugin
2025-09-28 10:31:53,000 [INFO] PluginManager:220 - loadIPPluginJar : add dma
2025-09-28 10:31:53,001 [INFO] IPUIPlugin:80 - create IPUIPlugin
2025-09-28 10:31:53,002 [INFO] PluginManager:220 - loadIPPluginJar : add usbx
2025-09-28 10:31:53,002 [INFO] IPUIPlugin:80 - create IPUIPlugin
2025-09-28 10:31:53,002 [INFO] PluginManager:220 - loadIPPluginJar : add hash
2025-09-28 10:31:53,003 [INFO] IPUIPlugin:80 - create IPUIPlugin
2025-09-28 10:31:53,003 [INFO] PluginManager:220 - loadIPPluginJar : add cryp
2025-09-28 10:31:53,005 [INFO] IPUIPlugin:80 - create IPUIPlugin
2025-09-28 10:31:53,005 [INFO] PluginManager:220 - loadIPPluginJar : add openamp
2025-09-28 10:31:53,005 [INFO] IPUIPlugin:80 - create IPUIPlugin
2025-09-28 10:31:53,006 [INFO] PluginManager:220 - loadIPPluginJar : add genericplugin
2025-09-28 10:31:53,008 [INFO] IPUIPlugin:80 - create IPUIPlugin
2025-09-28 10:31:53,008 [INFO] PluginManager:220 - loadIPPluginJar : add ipddr
2025-09-28 10:31:53,009 [INFO] IPUIPlugin:80 - create IPUIPlugin
2025-09-28 10:31:53,009 [INFO] PluginManager:220 - loadIPPluginJar : add opamp
2025-09-28 10:31:53,010 [INFO] IPUIPlugin:80 - create IPUIPlugin
2025-09-28 10:31:53,010 [INFO] PluginManager:220 - loadIPPluginJar : add ltdc
2025-09-28 10:31:53,011 [INFO] IPUIPlugin:80 - create IPUIPlugin
2025-09-28 10:31:53,011 [INFO] PluginManager:220 - loadIPPluginJar : add dfsdm
2025-09-28 10:31:53,014 [INFO] IPUIPlugin:80 - create IPUIPlugin
2025-09-28 10:31:53,014 [INFO] PluginManager:220 - loadIPPluginJar : add gic
2025-09-28 10:31:53,015 [INFO] IPUIPlugin:80 - create IPUIPlugin
2025-09-28 10:31:53,015 [INFO] PluginManager:220 - loadIPPluginJar : add extmemmanager
2025-09-28 10:31:53,016 [INFO] IPUIPlugin:80 - create IPUIPlugin
2025-09-28 10:31:53,016 [INFO] PluginManager:220 - loadIPPluginJar : add ucpd
2025-09-28 10:31:53,017 [INFO] IPUIPlugin:80 - create IPUIPlugin
2025-09-28 10:31:53,017 [INFO] PluginManager:220 - loadIPPluginJar : add tracer_emb
2025-09-28 10:31:53,018 [INFO] IPUIPlugin:80 - create IPUIPlugin
2025-09-28 10:31:53,018 [INFO] PluginManager:220 - loadIPPluginJar : add radio
2025-09-28 10:31:53,019 [INFO] IPUIPlugin:80 - create IPUIPlugin
2025-09-28 10:31:53,019 [INFO] PluginManager:220 - loadIPPluginJar : add pdm2pcm
2025-09-28 10:31:53,020 [INFO] IPUIPlugin:80 - create IPUIPlugin
2025-09-28 10:31:53,020 [INFO] PluginManager:220 - loadIPPluginJar : add spi
2025-09-28 10:31:53,021 [INFO] IPUIPlugin:80 - create IPUIPlugin
2025-09-28 10:31:53,021 [INFO] PluginManager:220 - loadIPPluginJar : add tim
2025-09-28 10:31:53,025 [INFO] IPUIPlugin:80 - create IPUIPlugin
2025-09-28 10:31:53,026 [INFO] PluginManager:220 - loadIPPluginJar : add plateformsettings
2025-09-28 10:31:53,028 [INFO] IPUIPlugin:80 - create IPUIPlugin
2025-09-28 10:31:53,028 [INFO] PluginManager:220 - loadIPPluginJar : add touchsensing
2025-09-28 10:31:53,031 [INFO] IPUIPlugin:80 - create IPUIPlugin
2025-09-28 10:31:53,031 [INFO] PluginManager:220 - loadIPPluginJar : add gpio
2025-09-28 10:31:53,035 [INFO] IPUIPlugin:80 - create IPUIPlugin
2025-09-28 10:31:53,035 [INFO] PluginManager:220 - loadIPPluginJar : add adc
2025-09-28 10:31:53,039 [INFO] IPUIPlugin:80 - create IPUIPlugin
2025-09-28 10:31:53,039 [INFO] PluginManager:220 - loadIPPluginJar : add linkedlist
2025-09-28 10:31:53,040 [INFO] IPUIPlugin:80 - create IPUIPlugin
2025-09-28 10:31:53,040 [INFO] PluginManager:220 - loadIPPluginJar : add comp
2025-09-28 10:31:53,043 [INFO] IPUIPlugin:80 - create IPUIPlugin
2025-09-28 10:31:53,043 [INFO] PluginManager:220 - loadIPPluginJar : add fmc
2025-09-28 10:31:53,044 [INFO] IPUIPlugin:80 - create IPUIPlugin
2025-09-28 10:31:53,044 [INFO] PluginManager:220 - loadIPPluginJar : add tsc
2025-09-28 10:31:53,046 [INFO] IPUIPlugin:80 - create IPUIPlugin
2025-09-28 10:31:53,046 [INFO] PluginManager:220 - loadIPPluginJar : add sai
2025-09-28 10:31:53,047 [INFO] IPUIPlugin:80 - create IPUIPlugin
2025-09-28 10:31:53,047 [INFO] PluginManager:220 - loadIPPluginJar : add usart
2025-09-28 10:31:53,049 [INFO] IPUIPlugin:80 - create IPUIPlugin
2025-09-28 10:31:53,049 [INFO] PluginManager:220 - loadIPPluginJar : add nvic
2025-09-28 10:31:53,051 [INFO] IPUIPlugin:80 - create IPUIPlugin
2025-09-28 10:31:53,051 [INFO] PluginManager:220 - loadIPPluginJar : add resmgrutility
2025-09-28 10:31:53,052 [INFO] IPUIPlugin:80 - create IPUIPlugin
2025-09-28 10:31:53,052 [INFO] PluginManager:220 - loadIPPluginJar : add lorawan
2025-09-28 10:31:53,053 [INFO] IPUIPlugin:80 - create IPUIPlugin
2025-09-28 10:31:53,053 [INFO] PluginManager:220 - loadIPPluginJar : add gfxmmu
2025-09-28 10:31:53,054 [INFO] IPUIPlugin:80 - create IPUIPlugin
2025-09-28 10:31:53,055 [INFO] PluginManager:220 - loadIPPluginJar : add dma3
2025-09-28 10:31:53,056 [INFO] IPUIPlugin:80 - create IPUIPlugin
2025-09-28 10:31:53,056 [INFO] PluginManager:220 - loadIPPluginJar : add i3c
2025-09-28 10:31:53,056 [INFO] IPUIPlugin:80 - create IPUIPlugin
2025-09-28 10:31:53,056 [INFO] PluginManager:220 - loadIPPluginJar : add quadspi
2025-09-28 10:31:53,058 [INFO] IPUIPlugin:80 - create IPUIPlugin
2025-09-28 10:31:53,058 [INFO] PluginManager:220 - loadIPPluginJar : add ddr_ctrl_phy
2025-09-28 10:31:53,059 [INFO] IPUIPlugin:80 - create IPUIPlugin
2025-09-28 10:31:53,059 [INFO] PluginManager:220 - loadIPPluginJar : add i2s
2025-09-28 10:31:53,149 [FATAL] Updater:351 - Updater called before beeing initialized
2025-09-28 10:31:53,177 [INFO] RulesReader:64 - Compatibility file has been processed (317 Rules)
2025-09-28 10:31:53,184 [INFO] RulesReader:64 - Compatibility file has been processed (317 Rules)
2025-09-28 10:31:53,188 [INFO] CADModel:165 - CPN selected for project level
2025-09-28 10:31:53,188 [INFO] CADModel:114 - Register for checkConnection events
2025-09-28 10:31:53,188 [FATAL] Updater:351 - Updater called before beeing initialized
2025-09-28 10:31:53,189 [ERROR] CADModel:125 - Updater not yet initialized, retry later 
2025-09-28 10:31:53,265 [FATAL] Updater:351 - Updater called before beeing initialized
2025-09-28 10:31:53,267 [INFO] CADModel:165 - CPN selected for project level
2025-09-28 10:31:53,267 [INFO] CADModel:114 - Register for checkConnection events
2025-09-28 10:31:53,267 [FATAL] Updater:351 - Updater called before beeing initialized
2025-09-28 10:31:53,267 [ERROR] CADModel:125 - Updater not yet initialized, retry later 
2025-09-28 10:31:53,269 [FATAL] Updater:351 - Updater called before beeing initialized
2025-09-28 10:31:53,328 [FATAL] Updater:351 - Updater called before beeing initialized
2025-09-28 10:31:53,331 [INFO] DbMcusAds:53 - JSON generation date=Tue Jul 08 05:14:23 ART 2025 (1751962463582)
2025-09-28 10:31:53,331 [FATAL] Updater:351 - Updater called before beeing initialized
2025-09-28 10:31:53,354 [WARN] DetailPanel:346 - Failed to get advertising image, set to default
2025-09-28 10:31:53,399 [FATAL] Updater:351 - Updater called before beeing initialized
2025-09-28 10:31:53,401 [FATAL] Updater:351 - Updater called before beeing initialized
2025-09-28 10:31:53,401 [FATAL] Updater:351 - Updater called before beeing initialized
2025-09-28 10:31:53,401 [WARN] DetailPanel:346 - Failed to get advertising image, set to default
2025-09-28 10:31:53,401 [FATAL] Updater:351 - Updater called before beeing initialized
2025-09-28 10:31:53,423 [ERROR] Updater:1198 - MainUpdater not yet initialized. External WinMGr cannot be set.
2025-09-28 10:31:53,424 [INFO] Updater:1134 - Updater Version found : 6.15.0
2025-09-28 10:31:53,437 [INFO] ApplicationProperties:184 - Using Application install path: /opt/st/stm32cubeide_1.19.0/plugins/com.st.stm32cube.common.mx_6.15.0.202507011659
2025-09-28 10:31:53,445 [ERROR] LogOutputStream:75 - [STDERR_REDIRECT] Sep 28, 2025 10:31:53 AM java.util.prefs.FileSystemPreferences$2 run
2025-09-28 10:31:53,445 [ERROR] LogOutputStream:75 - [STDERR_REDIRECT] WARNING: Could not create system preferences directory. System preferences are unusable.
2025-09-28 10:31:53,445 [ERROR] LogOutputStream:75 - [STDERR_REDIRECT] 
2025-09-28 10:31:54,726 [INFO] MainUpdater:2872 - connection check result : 10
2025-09-28 10:31:54,727 [INFO] MainUpdater:289 - Updater Check For Update Now.
2025-09-28 10:31:54,727 [INFO] MicroXplorer:498 - Change Database Version : DB.6.0.150
2025-09-28 10:31:54,740 [INFO] McuFinderGlobals:63 - Set McuFinder mode to 2 (CubeIDE integrated)
2025-09-28 10:31:54,741 [INFO] UserAuth:487 - Internet connection configuration mode: 1
2025-09-28 10:31:54,758 [INFO] JxBrowserEngine:152 - Initiate JxBrowser Engine with user profile folder
2025-09-28 10:31:54,894 [INFO] CheckServerUpdateThread:120 - End of CheckServer Thread
2025-09-28 10:31:55,338 [INFO] WebApp:169 - Instantiating new browser for Auth
2025-09-28 10:31:55,752 [WARN] PackLoader:240 - Cannot read IP mode file for STMicroelectronics.FP-SNS-MOTENVWB1.1.4.0
2025-09-28 10:31:55,757 [WARN] PackLoader:240 - Cannot read IP mode file for STMicroelectronics.FP-ATR-ASTRA1.2.0.2
2025-09-28 10:31:55,763 [WARN] PackLoader:240 - Cannot read IP mode file for STMicroelectronics.X-CUBE-SMBUS.2.1.0
2025-09-28 10:31:55,766 [WARN] PackLoader:240 - Cannot read IP mode file for STMicroelectronics.X-CUBE-ST60.1.0.0
2025-09-28 10:31:55,783 [WARN] PackLoader:240 - Cannot read IP mode file for STMicroelectronics.X-CUBE-AZRTOS-F7.1.1.0
2025-09-28 10:31:55,788 [WARN] PackLoader:240 - Cannot read IP mode file for Cesanta.I-CUBE-Mongoose.7.19.0
2025-09-28 10:31:55,796 [WARN] PackLoader:240 - Cannot read IP mode file for WES.I-CUBE-Cesium.1.4.0
2025-09-28 10:31:55,821 [WARN] PackLoader:240 - Cannot read IP mode file for Infineon.AIROC-Wi-Fi-Bluetooth-STM32.1.7.1
2025-09-28 10:31:55,834 [WARN] PackLoader:240 - Cannot read IP mode file for STMicroelectronics.X-CUBE-DISPLAY.3.0.0
2025-09-28 10:31:55,845 [WARN] PackLoader:240 - Cannot read IP mode file for STMicroelectronics.X-CUBE-NFC10.1.0.0
2025-09-28 10:31:55,851 [WARN] PackLoader:240 - Cannot read IP mode file for emotas.I-CUBE-CANOPEN.1.3.0
2025-09-28 10:31:55,854 [WARN] PackLoader:240 - Cannot read IP mode file for STMicroelectronics.FP-SNS-SMARTAG2.1.2.0
2025-09-28 10:31:55,856 [INFO] WebApp:463 - Apply proxy settings
2025-09-28 10:31:55,856 [INFO] WebApp:548 - Chromium requires no authentication
2025-09-28 10:31:55,857 [WARN] PackLoader:240 - Cannot read IP mode file for STMicroelectronics.FP-SNS-FLIGHT1.5.1.0
2025-09-28 10:31:55,864 [INFO] WebApp:491 - Direct internet connection detected
2025-09-28 10:31:55,865 [INFO] LogOutputStream:77 - [STDOUT_REDIRECT] 1 : Invalid condition id : UX_CORESTACK_Condition cause : null
2025-09-28 10:31:55,865 [INFO] LogOutputStream:77 - [STDOUT_REDIRECT] 1 : Invalid condition id : UX_CORESTACK_Condition cause : null
2025-09-28 10:31:55,866 [INFO] LogOutputStream:77 - [STDOUT_REDIRECT] 1 : Invalid condition id : UX_CORESTACK_Condition cause : null
2025-09-28 10:31:55,866 [INFO] LogOutputStream:77 - [STDOUT_REDIRECT] 1 : Invalid condition id : UX_CORESTACK_Condition cause : null
2025-09-28 10:31:55,866 [INFO] LogOutputStream:77 - [STDOUT_REDIRECT] 1 : Invalid condition id : UX_CORESTACK_Condition cause : null
2025-09-28 10:31:55,869 [WARN] PackLoader:240 - Cannot read IP mode file for STMicroelectronics.X-CUBE-AZRTOS-WL.2.0.0
2025-09-28 10:31:55,873 [WARN] PackLoader:240 - Cannot read IP mode file for STMicroelectronics.FP-SNS-MOTENV1.5.0.0
2025-09-28 10:31:55,879 [WARN] PackLoader:240 - Cannot read IP mode file for STMicroelectronics.X-CUBE-BLE2.3.3.0
2025-09-28 10:31:55,885 [WARN] PackLoader:240 - Cannot read IP mode file for STMicroelectronics.X-CUBE-NFC9.1.0.0
2025-09-28 10:31:55,887 [INFO] WebApp:900 - Register for checkConnection events
2025-09-28 10:31:55,887 [INFO] WebApp:463 - Apply proxy settings
2025-09-28 10:31:55,887 [INFO] WebApp:548 - Chromium requires no authentication
2025-09-28 10:31:55,888 [INFO] WebApp:491 - Direct internet connection detected
2025-09-28 10:31:55,890 [WARN] PackLoader:240 - Cannot read IP mode file for STMicroelectronics.X-CUBE-BLE1.7.1.0
2025-09-28 10:31:55,904 [WARN] PackLoader:240 - Cannot read IP mode file for STMicroelectronics.X-CUBE-AZRTOS-G0.1.1.0
2025-09-28 10:31:55,911 [WARN] PackLoader:240 - Cannot read IP mode file for STMicroelectronics.X-CUBE-SAFEA1.1.2.2
2025-09-28 10:31:55,916 [WARN] PackLoader:240 - Cannot read IP mode file for STMicroelectronics.X-CUBE-NFC4.3.0.0
2025-09-28 10:31:55,934 [WARN] PackLoader:240 - Cannot read IP mode file for EmbeddedOffice.I-CUBE-FS-RTOS.1.0.1
2025-09-28 10:31:55,940 [WARN] PackLoader:240 - Cannot read IP mode file for STMicroelectronics.X-CUBE-WB05N.2.0.0
2025-09-28 10:31:55,945 [WARN] PackLoader:240 - Cannot read IP mode file for STMicroelectronics.X-CUBE-TCPP.4.2.0
2025-09-28 10:31:55,950 [WARN] PackLoader:240 - Cannot read IP mode file for RealThread.X-CUBE-RT-Thread_Nano.4.1.1
2025-09-28 10:31:55,953 [WARN] PackLoader:240 - Cannot read IP mode file for STMicroelectronics.FP-ATR-SIGFOX1.3.2.0
2025-09-28 10:31:55,962 [WARN] PackLoader:240 - Cannot read IP mode file for ITTIA_DB.I-CUBE-ITTIADB.8.9.0
2025-09-28 10:31:55,968 [WARN] PackLoader:240 - Cannot read IP mode file for STMicroelectronics.X-CUBE-ST67W61.1.0.0
2025-09-28 10:31:55,992 [WARN] PackLoader:240 - Cannot read IP mode file for SEGGER.I-CUBE-embOS.1.3.1
2025-09-28 10:31:56,048 [WARN] PackLoader:240 - Cannot read IP mode file for STMicroelectronics.X-CUBE-ALGOBUILD.1.4.0
2025-09-28 10:31:56,058 [INFO] WebApp:225 - Starting web application
2025-09-28 10:31:56,059 [INFO] WebApp:593 - Web application path used /opt/st/stm32cubeide_1.19.0/plugins/com.st.stm32cube.common.mx_6.15.0.202507011659/db/plugins/mcufinder/reactClient1/index.html
2025-09-28 10:31:56,100 [WARN] PackLoader:240 - Cannot read IP mode file for STMicroelectronics.X-CUBE-MEMS1.11.3.0
2025-09-28 10:31:56,165 [INFO] WebApp:191 - Connection restablished
2025-09-28 10:31:56,176 [INFO] UserAuth:487 - Internet connection configuration mode: 1
2025-09-28 10:31:56,182 [WARN] PackLoader:240 - Cannot read IP mode file for STMicroelectronics.X-CUBE-PM33A1.1.0.0
2025-09-28 10:31:56,197 [WARN] PackLoader:240 - Cannot read IP mode file for STMicroelectronics.X-CUBE-AZRTOS-F4.1.1.0
2025-09-28 10:31:56,202 [WARN] PackLoader:240 - Cannot read IP mode file for Avnet-IotConnect.X-CUBE-IoTC-DA16k-PMOD.1.0.0
2025-09-28 10:31:56,205 [WARN] PackLoader:240 - Cannot read IP mode file for STMicroelectronics.X-CUBE-ISPU.2.1.0
2025-09-28 10:31:56,217 [WARN] PackLoader:240 - Cannot read IP mode file for STMicroelectronics.X-CUBE-AZRTOS-L5.2.0.0
2025-09-28 10:31:56,226 [WARN] PackLoader:240 - Cannot read IP mode file for STMicroelectronics.X-CUBE-NFC6.3.1.0
2025-09-28 10:31:56,231 [WARN] PackLoader:240 - Cannot read IP mode file for STMicroelectronics.X-CUBE-FREERTOS.1.3.1
2025-09-28 10:31:56,235 [WARN] PackLoader:240 - Cannot read IP mode file for STMicroelectronics.X-CUBE-DPower.1.3.0
2025-09-28 10:31:56,248 [WARN] ConditionMgr:438 - getConditionDescription Invalid condition id : LAN8742 Phy interface Condition cause : null
2025-09-28 10:31:56,249 [WARN] PackLoader:240 - Cannot read IP mode file for STMicroelectronics.X-CUBE-AZRTOS-L4.2.0.0
2025-09-28 10:31:56,250 [WARN] ConditionMgr:1044 - genDependencies : Invalid condition id : LAN8742 Phy interface Condition cause : null
2025-09-28 10:31:56,250 [WARN] ConditionMgr:1044 - genDependencies : Invalid condition id : LAN8742 Phy interface Condition cause : null
2025-09-28 10:31:56,251 [WARN] ConditionMgr:1044 - genDependencies : Invalid condition id : LAN8742 Phy interface Condition cause : null
2025-09-28 10:31:56,257 [WARN] PackLoader:240 - Cannot read IP mode file for STMicroelectronics.X-CUBE-SFXS2LP1.4.0.0
2025-09-28 10:31:56,267 [WARN] ConditionMgr:438 - getConditionDescription Invalid condition id : UX DEVICE CLASS RTOS Condition cause : null
2025-09-28 10:31:56,267 [WARN] ConditionMgr:438 - getConditionDescription Invalid condition id : UX DEVICE CLASS RTOS Condition cause : null
2025-09-28 10:31:56,269 [WARN] PackLoader:240 - Cannot read IP mode file for STMicroelectronics.X-CUBE-AZRTOS-WB.2.0.0
2025-09-28 10:31:56,269 [WARN] ConditionMgr:1044 - genDependencies : Invalid condition id : UX DEVICE CLASS RTOS Condition cause : null
2025-09-28 10:31:56,269 [WARN] ConditionMgr:1044 - genDependencies : Invalid condition id : UX DEVICE CLASS RTOS Condition cause : null
2025-09-28 10:31:56,270 [WARN] ConditionMgr:1044 - genDependencies : Invalid condition id : UX DEVICE CLASS RTOS Condition cause : null
2025-09-28 10:31:56,270 [WARN] ConditionMgr:1044 - genDependencies : Invalid condition id : UX DEVICE CLASS RTOS Condition cause : null
2025-09-28 10:31:56,270 [WARN] ConditionMgr:1044 - genDependencies : Invalid condition id : UX DEVICE CLASS RTOS Condition cause : null
2025-09-28 10:31:56,274 [WARN] PackLoader:240 - Cannot read IP mode file for STMicroelectronics.X-CUBE-GNSS1.7.0.1
2025-09-28 10:31:56,279 [WARN] PackLoader:240 - Cannot read IP mode file for STMicroelectronics.X-CUBE-TOUCHGFX.4.25.0
2025-09-28 10:31:56,281 [WARN] ConditionMgr:438 - getConditionDescription Invalid condition id : Cortex-A Device cause : null
2025-09-28 10:31:56,291 [WARN] ConditionMgr:1044 - genDependencies : Invalid condition id : Cortex-A Device cause : null
2025-09-28 10:31:56,292 [WARN] ConditionMgr:1044 - genDependencies : Invalid condition id : Cortex-A Device cause : null
2025-09-28 10:31:56,292 [WARN] ConditionMgr:1044 - genDependencies : Invalid condition id : Cortex-A Device cause : null
2025-09-28 10:31:56,305 [WARN] PackLoader:240 - Cannot read IP mode file for STMicroelectronics.X-CUBE-SUBG2.5.0.0
2025-09-28 10:31:56,324 [WARN] PackLoader:240 - Cannot read IP mode file for STMicroelectronics.X-CUBE-AZRTOS-H7RS.1.1.0
2025-09-28 10:31:56,336 [WARN] PackLoader:240 - Cannot read IP mode file for STMicroelectronics.X-CUBE-AZRTOS-G4.2.0.0
2025-09-28 10:31:56,341 [WARN] PackLoader:240 - Cannot read IP mode file for wolfSSL.I-CUBE-wolfSSH.1.4.20
2025-09-28 10:31:56,345 [WARN] PackLoader:240 - Cannot read IP mode file for STMicroelectronics.X-CUBE-NFC7.2.0.0
2025-09-28 10:31:56,355 [WARN] PackLoader:240 - Cannot read IP mode file for STMicroelectronics.X-CUBE-IPS.3.1.0
2025-09-28 10:31:56,363 [WARN] PackLoader:240 - Cannot read IP mode file for STMicroelectronics.X-CUBE-ALS.1.0.2
2025-09-28 10:31:56,371 [WARN] PackLoader:240 - Cannot read IP mode file for STMicroelectronics.X-CUBE-TOF1.3.4.3
2025-09-28 10:31:56,381 [INFO] ThirdParty:978 - Integrity check success = true
2025-09-28 10:31:56,381 [INFO] IntegrityCheckThread:100 - exiting critical section [integrity check]
2025-09-28 10:31:56,381 [INFO] IntegrityCheckThread:103 - End integrity checks thread
2025-09-28 10:32:18,056 [ERROR] LogOutputStream:75 - [STDERR_REDIRECT] Sep 28, 2025 10:32:18 AM java.util.prefs.FileSystemPreferences checkLockFile0ErrorCode
2025-09-28 10:32:18,057 [ERROR] LogOutputStream:75 - [STDERR_REDIRECT] WARNING: Could not lock System prefs. Unix error code 2.
2025-09-28 10:32:18,057 [ERROR] LogOutputStream:75 - [STDERR_REDIRECT] 
2025-09-28 10:32:18,058 [ERROR] LogOutputStream:75 - [STDERR_REDIRECT] Sep 28, 2025 10:32:18 AM java.util.prefs.FileSystemPreferences syncWorld
2025-09-28 10:32:18,059 [ERROR] LogOutputStream:75 - [STDERR_REDIRECT] WARNING: Couldn't flush system prefs: java.util.prefs.BackingStoreException: Couldn't get file lock.
2025-09-28 10:32:18,059 [ERROR] LogOutputStream:75 - [STDERR_REDIRECT] 
2025-09-28 10:32:48,052 [ERROR] LogOutputStream:75 - [STDERR_REDIRECT] Sep 28, 2025 10:32:48 AM java.util.prefs.FileSystemPreferences checkLockFile0ErrorCode
2025-09-28 10:32:48,052 [ERROR] LogOutputStream:75 - [STDERR_REDIRECT] WARNING: Could not lock System prefs. Unix error code 2.
2025-09-28 10:32:48,053 [ERROR] LogOutputStream:75 - [STDERR_REDIRECT] 
2025-09-28 10:32:48,054 [ERROR] LogOutputStream:75 - [STDERR_REDIRECT] Sep 28, 2025 10:32:48 AM java.util.prefs.FileSystemPreferences syncWorld
2025-09-28 10:32:48,054 [ERROR] LogOutputStream:75 - [STDERR_REDIRECT] WARNING: Couldn't flush system prefs: java.util.prefs.BackingStoreException: Couldn't get file lock.
2025-09-28 10:32:48,054 [ERROR] LogOutputStream:75 - [STDERR_REDIRECT] 
2025-09-28 10:33:18,052 [ERROR] LogOutputStream:75 - [STDERR_REDIRECT] Sep 28, 2025 10:33:18 AM java.util.prefs.FileSystemPreferences checkLockFile0ErrorCode
2025-09-28 10:33:18,053 [ERROR] LogOutputStream:75 - [STDERR_REDIRECT] WARNING: Could not lock System prefs. Unix error code 2.
2025-09-28 10:33:18,053 [ERROR] LogOutputStream:75 - [STDERR_REDIRECT] 
2025-09-28 10:33:18,053 [ERROR] LogOutputStream:75 - [STDERR_REDIRECT] Sep 28, 2025 10:33:18 AM java.util.prefs.FileSystemPreferences syncWorld
2025-09-28 10:33:18,054 [ERROR] LogOutputStream:75 - [STDERR_REDIRECT] WARNING: Couldn't flush system prefs: java.util.prefs.BackingStoreException: Couldn't get file lock.
2025-09-28 10:33:18,054 [ERROR] LogOutputStream:75 - [STDERR_REDIRECT] 
2025-09-28 10:33:48,053 [ERROR] LogOutputStream:75 - [STDERR_REDIRECT] Sep 28, 2025 10:33:48 AM java.util.prefs.FileSystemPreferences checkLockFile0ErrorCode
2025-09-28 10:33:48,054 [ERROR] LogOutputStream:75 - [STDERR_REDIRECT] WARNING: Could not lock System prefs. Unix error code 2.
2025-09-28 10:33:48,054 [ERROR] LogOutputStream:75 - [STDERR_REDIRECT] 
2025-09-28 10:33:48,055 [ERROR] LogOutputStream:75 - [STDERR_REDIRECT] Sep 28, 2025 10:33:48 AM java.util.prefs.FileSystemPreferences syncWorld
2025-09-28 10:33:48,055 [ERROR] LogOutputStream:75 - [STDERR_REDIRECT] WARNING: Couldn't flush system prefs: java.util.prefs.BackingStoreException: Couldn't get file lock.
2025-09-28 10:33:48,055 [ERROR] LogOutputStream:75 - [STDERR_REDIRECT] 
2025-09-28 10:34:18,052 [ERROR] LogOutputStream:75 - [STDERR_REDIRECT] Sep 28, 2025 10:34:18 AM java.util.prefs.FileSystemPreferences checkLockFile0ErrorCode
2025-09-28 10:34:18,053 [ERROR] LogOutputStream:75 - [STDERR_REDIRECT] WARNING: Could not lock System prefs. Unix error code 2.
2025-09-28 10:34:18,053 [ERROR] LogOutputStream:75 - [STDERR_REDIRECT] 
2025-09-28 10:34:18,053 [ERROR] LogOutputStream:75 - [STDERR_REDIRECT] Sep 28, 2025 10:34:18 AM java.util.prefs.FileSystemPreferences syncWorld
2025-09-28 10:34:18,053 [ERROR] LogOutputStream:75 - [STDERR_REDIRECT] WARNING: Couldn't flush system prefs: java.util.prefs.BackingStoreException: Couldn't get file lock.
2025-09-28 10:34:18,053 [ERROR] LogOutputStream:75 - [STDERR_REDIRECT] 
2025-09-28 10:34:48,053 [ERROR] LogOutputStream:75 - [STDERR_REDIRECT] Sep 28, 2025 10:34:48 AM java.util.prefs.FileSystemPreferences checkLockFile0ErrorCode
2025-09-28 10:34:48,053 [ERROR] LogOutputStream:75 - [STDERR_REDIRECT] WARNING: Could not lock System prefs. Unix error code 2.
2025-09-28 10:34:48,053 [ERROR] LogOutputStream:75 - [STDERR_REDIRECT] 
2025-09-28 10:34:48,054 [ERROR] LogOutputStream:75 - [STDERR_REDIRECT] Sep 28, 2025 10:34:48 AM java.util.prefs.FileSystemPreferences syncWorld
2025-09-28 10:34:48,054 [ERROR] LogOutputStream:75 - [STDERR_REDIRECT] WARNING: Couldn't flush system prefs: java.util.prefs.BackingStoreException: Couldn't get file lock.
2025-09-28 10:34:48,054 [ERROR] LogOutputStream:75 - [STDERR_REDIRECT] 
2025-09-28 10:35:18,052 [ERROR] LogOutputStream:75 - [STDERR_REDIRECT] Sep 28, 2025 10:35:18 AM java.util.prefs.FileSystemPreferences checkLockFile0ErrorCode
2025-09-28 10:35:18,052 [ERROR] LogOutputStream:75 - [STDERR_REDIRECT] WARNING: Could not lock System prefs. Unix error code 2.
2025-09-28 10:35:18,052 [ERROR] LogOutputStream:75 - [STDERR_REDIRECT] 
2025-09-28 10:35:18,052 [ERROR] LogOutputStream:75 - [STDERR_REDIRECT] Sep 28, 2025 10:35:18 AM java.util.prefs.FileSystemPreferences syncWorld
2025-09-28 10:35:18,052 [ERROR] LogOutputStream:75 - [STDERR_REDIRECT] WARNING: Couldn't flush system prefs: java.util.prefs.BackingStoreException: Couldn't get file lock.
2025-09-28 10:35:18,052 [ERROR] LogOutputStream:75 - [STDERR_REDIRECT] 
2025-09-28 10:35:48,053 [ERROR] LogOutputStream:75 - [STDERR_REDIRECT] Sep 28, 2025 10:35:48 AM java.util.prefs.FileSystemPreferences checkLockFile0ErrorCode
2025-09-28 10:35:48,054 [ERROR] LogOutputStream:75 - [STDERR_REDIRECT] WARNING: Could not lock System prefs. Unix error code 2.
2025-09-28 10:35:48,054 [ERROR] LogOutputStream:75 - [STDERR_REDIRECT] 
2025-09-28 10:35:48,055 [ERROR] LogOutputStream:75 - [STDERR_REDIRECT] Sep 28, 2025 10:35:48 AM java.util.prefs.FileSystemPreferences syncWorld
2025-09-28 10:35:48,055 [ERROR] LogOutputStream:75 - [STDERR_REDIRECT] WARNING: Couldn't flush system prefs: java.util.prefs.BackingStoreException: Couldn't get file lock.
2025-09-28 10:35:48,056 [ERROR] LogOutputStream:75 - [STDERR_REDIRECT] 
2025-09-28 10:36:18,054 [ERROR] LogOutputStream:75 - [STDERR_REDIRECT] Sep 28, 2025 10:36:18 AM java.util.prefs.FileSystemPreferences checkLockFile0ErrorCode
2025-09-28 10:36:18,054 [ERROR] LogOutputStream:75 - [STDERR_REDIRECT] WARNING: Could not lock System prefs. Unix error code 2.
2025-09-28 10:36:18,054 [ERROR] LogOutputStream:75 - [STDERR_REDIRECT] 
2025-09-28 10:36:18,055 [ERROR] LogOutputStream:75 - [STDERR_REDIRECT] Sep 28, 2025 10:36:18 AM java.util.prefs.FileSystemPreferences syncWorld
2025-09-28 10:36:18,055 [ERROR] LogOutputStream:75 - [STDERR_REDIRECT] WARNING: Couldn't flush system prefs: java.util.prefs.BackingStoreException: Couldn't get file lock.
2025-09-28 10:36:18,055 [ERROR] LogOutputStream:75 - [STDERR_REDIRECT] 
2025-09-28 10:36:48,054 [ERROR] LogOutputStream:75 - [STDERR_REDIRECT] Sep 28, 2025 10:36:48 AM java.util.prefs.FileSystemPreferences checkLockFile0ErrorCode
2025-09-28 10:36:48,054 [ERROR] LogOutputStream:75 - [STDERR_REDIRECT] WARNING: Could not lock System prefs. Unix error code 2.
2025-09-28 10:36:48,054 [ERROR] LogOutputStream:75 - [STDERR_REDIRECT] 
2025-09-28 10:36:48,054 [ERROR] LogOutputStream:75 - [STDERR_REDIRECT] Sep 28, 2025 10:36:48 AM java.util.prefs.FileSystemPreferences syncWorld
2025-09-28 10:36:48,054 [ERROR] LogOutputStream:75 - [STDERR_REDIRECT] WARNING: Couldn't flush system prefs: java.util.prefs.BackingStoreException: Couldn't get file lock.
2025-09-28 10:36:48,054 [ERROR] LogOutputStream:75 - [STDERR_REDIRECT] 
2025-09-28 10:37:18,055 [ERROR] LogOutputStream:75 - [STDERR_REDIRECT] Sep 28, 2025 10:37:18 AM java.util.prefs.FileSystemPreferences checkLockFile0ErrorCode
2025-09-28 10:37:18,055 [ERROR] LogOutputStream:75 - [STDERR_REDIRECT] WARNING: Could not lock System prefs. Unix error code 2.
2025-09-28 10:37:18,056 [ERROR] LogOutputStream:75 - [STDERR_REDIRECT] 
2025-09-28 10:37:18,056 [ERROR] LogOutputStream:75 - [STDERR_REDIRECT] Sep 28, 2025 10:37:18 AM java.util.prefs.FileSystemPreferences syncWorld
2025-09-28 10:37:18,057 [ERROR] LogOutputStream:75 - [STDERR_REDIRECT] WARNING: Couldn't flush system prefs: java.util.prefs.BackingStoreException: Couldn't get file lock.
2025-09-28 10:37:18,057 [ERROR] LogOutputStream:75 - [STDERR_REDIRECT] 
2025-09-28 10:37:48,055 [ERROR] LogOutputStream:75 - [STDERR_REDIRECT] Sep 28, 2025 10:37:48 AM java.util.prefs.FileSystemPreferences checkLockFile0ErrorCode
2025-09-28 10:37:48,055 [ERROR] LogOutputStream:75 - [STDERR_REDIRECT] WARNING: Could not lock System prefs. Unix error code 2.
2025-09-28 10:37:48,055 [ERROR] LogOutputStream:75 - [STDERR_REDIRECT] 
2025-09-28 10:37:48,056 [ERROR] LogOutputStream:75 - [STDERR_REDIRECT] Sep 28, 2025 10:37:48 AM java.util.prefs.FileSystemPreferences syncWorld
2025-09-28 10:37:48,056 [ERROR] LogOutputStream:75 - [STDERR_REDIRECT] WARNING: Couldn't flush system prefs: java.util.prefs.BackingStoreException: Couldn't get file lock.
2025-09-28 10:37:48,056 [ERROR] LogOutputStream:75 - [STDERR_REDIRECT] 
2025-09-28 10:38:18,055 [ERROR] LogOutputStream:75 - [STDERR_REDIRECT] Sep 28, 2025 10:38:18 AM java.util.prefs.FileSystemPreferences checkLockFile0ErrorCode
2025-09-28 10:38:18,055 [ERROR] LogOutputStream:75 - [STDERR_REDIRECT] WARNING: Could not lock System prefs. Unix error code 2.
2025-09-28 10:38:18,055 [ERROR] LogOutputStream:75 - [STDERR_REDIRECT] 
2025-09-28 10:38:18,055 [ERROR] LogOutputStream:75 - [STDERR_REDIRECT] Sep 28, 2025 10:38:18 AM java.util.prefs.FileSystemPreferences syncWorld
2025-09-28 10:38:18,055 [ERROR] LogOutputStream:75 - [STDERR_REDIRECT] WARNING: Couldn't flush system prefs: java.util.prefs.BackingStoreException: Couldn't get file lock.
2025-09-28 10:38:18,056 [ERROR] LogOutputStream:75 - [STDERR_REDIRECT] 
2025-09-28 10:38:48,055 [ERROR] LogOutputStream:75 - [STDERR_REDIRECT] Sep 28, 2025 10:38:48 AM java.util.prefs.FileSystemPreferences checkLockFile0ErrorCode
2025-09-28 10:38:48,056 [ERROR] LogOutputStream:75 - [STDERR_REDIRECT] WARNING: Could not lock System prefs. Unix error code 2.
2025-09-28 10:38:48,056 [ERROR] LogOutputStream:75 - [STDERR_REDIRECT] 
2025-09-28 10:38:48,057 [ERROR] LogOutputStream:75 - [STDERR_REDIRECT] Sep 28, 2025 10:38:48 AM java.util.prefs.FileSystemPreferences syncWorld
2025-09-28 10:38:48,057 [ERROR] LogOutputStream:75 - [STDERR_REDIRECT] WARNING: Couldn't flush system prefs: java.util.prefs.BackingStoreException: Couldn't get file lock.
2025-09-28 10:38:48,057 [ERROR] LogOutputStream:75 - [STDERR_REDIRECT] 
2025-09-28 10:39:18,055 [ERROR] LogOutputStream:75 - [STDERR_REDIRECT] Sep 28, 2025 10:39:18 AM java.util.prefs.FileSystemPreferences checkLockFile0ErrorCode
2025-09-28 10:39:18,056 [ERROR] LogOutputStream:75 - [STDERR_REDIRECT] WARNING: Could not lock System prefs. Unix error code 2.
2025-09-28 10:39:18,056 [ERROR] LogOutputStream:75 - [STDERR_REDIRECT] 
2025-09-28 10:39:18,057 [ERROR] LogOutputStream:75 - [STDERR_REDIRECT] Sep 28, 2025 10:39:18 AM java.util.prefs.FileSystemPreferences syncWorld
2025-09-28 10:39:18,057 [ERROR] LogOutputStream:75 - [STDERR_REDIRECT] WARNING: Couldn't flush system prefs: java.util.prefs.BackingStoreException: Couldn't get file lock.
2025-09-28 10:39:18,057 [ERROR] LogOutputStream:75 - [STDERR_REDIRECT] 
2025-09-28 10:47:08,774 [INFO] WebApp:194 - Connection lost
2025-09-28 10:47:08,997 [ERROR] LogOutputStream:75 - [STDERR_REDIRECT] Sep 28, 2025 10:47:08 AM java.util.prefs.FileSystemPreferences checkLockFile0ErrorCode
2025-09-28 10:47:08,998 [ERROR] LogOutputStream:75 - [STDERR_REDIRECT] WARNING: Could not lock System prefs. Unix error code 2.
2025-09-28 10:47:08,998 [ERROR] LogOutputStream:75 - [STDERR_REDIRECT] 
2025-09-28 10:47:08,999 [ERROR] LogOutputStream:75 - [STDERR_REDIRECT] Sep 28, 2025 10:47:08 AM java.util.prefs.FileSystemPreferences syncWorld
2025-09-28 10:47:08,999 [ERROR] LogOutputStream:75 - [STDERR_REDIRECT] WARNING: Couldn't flush system prefs: java.util.prefs.BackingStoreException: Couldn't get file lock.
2025-09-28 10:47:08,999 [ERROR] LogOutputStream:75 - [STDERR_REDIRECT] 
2025-09-28 10:47:10,552 [ERROR] LogOutputStream:75 - [STDERR_REDIRECT] Sep 28, 2025 10:47:10 AM java.util.prefs.FileSystemPreferences checkLockFile0ErrorCode
2025-09-28 10:47:10,552 [ERROR] LogOutputStream:75 - [STDERR_REDIRECT] WARNING: Could not lock System prefs. Unix error code 2.
2025-09-28 10:47:10,552 [ERROR] LogOutputStream:75 - [STDERR_REDIRECT] 
2025-09-28 10:47:10,553 [ERROR] LogOutputStream:75 - [STDERR_REDIRECT] Sep 28, 2025 10:47:10 AM java.util.prefs.FileSystemPreferences syncWorld
2025-09-28 10:47:10,553 [ERROR] LogOutputStream:75 - [STDERR_REDIRECT] WARNING: Couldn't flush system prefs: java.util.prefs.BackingStoreException: Couldn't get file lock.
2025-09-28 10:47:10,554 [ERROR] LogOutputStream:75 - [STDERR_REDIRECT] 
2025-09-28 10:47:13,690 [INFO] WebApp:191 - Connection restablished
2025-09-28 10:47:15,794 [INFO] WebApp:194 - Connection lost
2025-09-28 10:47:15,919 [INFO] WebApp:191 - Connection restablished
2025-09-28 10:47:40,551 [ERROR] LogOutputStream:75 - [STDERR_REDIRECT] Sep 28, 2025 10:47:40 AM java.util.prefs.FileSystemPreferences checkLockFile0ErrorCode
2025-09-28 10:47:40,552 [ERROR] LogOutputStream:75 - [STDERR_REDIRECT] WARNING: Could not lock System prefs. Unix error code 2.
2025-09-28 10:47:40,552 [ERROR] LogOutputStream:75 - [STDERR_REDIRECT] 
2025-09-28 10:47:40,553 [ERROR] LogOutputStream:75 - [STDERR_REDIRECT] Sep 28, 2025 10:47:40 AM java.util.prefs.FileSystemPreferences syncWorld
2025-09-28 10:47:40,553 [ERROR] LogOutputStream:75 - [STDERR_REDIRECT] WARNING: Couldn't flush system prefs: java.util.prefs.BackingStoreException: Couldn't get file lock.
2025-09-28 10:47:40,553 [ERROR] LogOutputStream:75 - [STDERR_REDIRECT] 
2025-09-28 10:48:10,556 [ERROR] LogOutputStream:75 - [STDERR_REDIRECT] Sep 28, 2025 10:48:10 AM java.util.prefs.FileSystemPreferences checkLockFile0ErrorCode
2025-09-28 10:48:10,557 [ERROR] LogOutputStream:75 - [STDERR_REDIRECT] WARNING: Could not lock System prefs. Unix error code 2.
2025-09-28 10:48:10,557 [ERROR] LogOutputStream:75 - [STDERR_REDIRECT] 
2025-09-28 10:48:10,558 [ERROR] LogOutputStream:75 - [STDERR_REDIRECT] Sep 28, 2025 10:48:10 AM java.util.prefs.FileSystemPreferences syncWorld
2025-09-28 10:48:10,558 [ERROR] LogOutputStream:75 - [STDERR_REDIRECT] WARNING: Couldn't flush system prefs: java.util.prefs.BackingStoreException: Couldn't get file lock.
2025-09-28 10:48:10,558 [ERROR] LogOutputStream:75 - [STDERR_REDIRECT] 
2025-09-28 10:48:40,561 [ERROR] LogOutputStream:75 - [STDERR_REDIRECT] Sep 28, 2025 10:48:40 AM java.util.prefs.FileSystemPreferences checkLockFile0ErrorCode
2025-09-28 10:48:40,562 [ERROR] LogOutputStream:75 - [STDERR_REDIRECT] WARNING: Could not lock System prefs. Unix error code 2.
2025-09-28 10:48:40,562 [ERROR] LogOutputStream:75 - [STDERR_REDIRECT] 
2025-09-28 10:48:40,562 [ERROR] LogOutputStream:75 - [STDERR_REDIRECT] Sep 28, 2025 10:48:40 AM java.util.prefs.FileSystemPreferences syncWorld
2025-09-28 10:48:40,562 [ERROR] LogOutputStream:75 - [STDERR_REDIRECT] WARNING: Couldn't flush system prefs: java.util.prefs.BackingStoreException: Couldn't get file lock.
2025-09-28 10:48:40,562 [ERROR] LogOutputStream:75 - [STDERR_REDIRECT] 
2025-09-28 10:49:10,558 [ERROR] LogOutputStream:75 - [STDERR_REDIRECT] Sep 28, 2025 10:49:10 AM java.util.prefs.FileSystemPreferences checkLockFile0ErrorCode
2025-09-28 10:49:10,559 [ERROR] LogOutputStream:75 - [STDERR_REDIRECT] WARNING: Could not lock System prefs. Unix error code 2.
2025-09-28 10:49:10,559 [ERROR] LogOutputStream:75 - [STDERR_REDIRECT] 
2025-09-28 10:49:10,559 [ERROR] LogOutputStream:75 - [STDERR_REDIRECT] Sep 28, 2025 10:49:10 AM java.util.prefs.FileSystemPreferences syncWorld
2025-09-28 10:49:10,560 [ERROR] LogOutputStream:75 - [STDERR_REDIRECT] WARNING: Couldn't flush system prefs: java.util.prefs.BackingStoreException: Couldn't get file lock.
2025-09-28 10:49:10,560 [ERROR] LogOutputStream:75 - [STDERR_REDIRECT] 
2025-09-28 10:49:40,552 [ERROR] LogOutputStream:75 - [STDERR_REDIRECT] Sep 28, 2025 10:49:40 AM java.util.prefs.FileSystemPreferences checkLockFile0ErrorCode
2025-09-28 10:49:40,553 [ERROR] LogOutputStream:75 - [STDERR_REDIRECT] WARNING: Could not lock System prefs. Unix error code 2.
2025-09-28 10:49:40,553 [ERROR] LogOutputStream:75 - [STDERR_REDIRECT] 
2025-09-28 10:49:40,553 [ERROR] LogOutputStream:75 - [STDERR_REDIRECT] Sep 28, 2025 10:49:40 AM java.util.prefs.FileSystemPreferences syncWorld
2025-09-28 10:49:40,554 [ERROR] LogOutputStream:75 - [STDERR_REDIRECT] WARNING: Couldn't flush system prefs: java.util.prefs.BackingStoreException: Couldn't get file lock.
2025-09-28 10:49:40,554 [ERROR] LogOutputStream:75 - [STDERR_REDIRECT] 
2025-09-28 10:50:10,556 [ERROR] LogOutputStream:75 - [STDERR_REDIRECT] Sep 28, 2025 10:50:10 AM java.util.prefs.FileSystemPreferences checkLockFile0ErrorCode
2025-09-28 10:50:10,557 [ERROR] LogOutputStream:75 - [STDERR_REDIRECT] WARNING: Could not lock System prefs. Unix error code 2.
2025-09-28 10:50:10,557 [ERROR] LogOutputStream:75 - [STDERR_REDIRECT] 
2025-09-28 10:50:10,558 [ERROR] LogOutputStream:75 - [STDERR_REDIRECT] Sep 28, 2025 10:50:10 AM java.util.prefs.FileSystemPreferences syncWorld
2025-09-28 10:50:10,559 [ERROR] LogOutputStream:75 - [STDERR_REDIRECT] WARNING: Couldn't flush system prefs: java.util.prefs.BackingStoreException: Couldn't get file lock.
2025-09-28 10:50:10,559 [ERROR] LogOutputStream:75 - [STDERR_REDIRECT] 
2025-09-28 10:50:40,554 [ERROR] LogOutputStream:75 - [STDERR_REDIRECT] Sep 28, 2025 10:50:40 AM java.util.prefs.FileSystemPreferences checkLockFile0ErrorCode
2025-09-28 10:50:40,554 [ERROR] LogOutputStream:75 - [STDERR_REDIRECT] WARNING: Could not lock System prefs. Unix error code 2.
2025-09-28 10:50:40,554 [ERROR] LogOutputStream:75 - [STDERR_REDIRECT] 
2025-09-28 10:50:40,555 [ERROR] LogOutputStream:75 - [STDERR_REDIRECT] Sep 28, 2025 10:50:40 AM java.util.prefs.FileSystemPreferences syncWorld
2025-09-28 10:50:40,555 [ERROR] LogOutputStream:75 - [STDERR_REDIRECT] WARNING: Couldn't flush system prefs: java.util.prefs.BackingStoreException: Couldn't get file lock.
2025-09-28 10:50:40,555 [ERROR] LogOutputStream:75 - [STDERR_REDIRECT] 
2025-09-28 10:51:10,555 [ERROR] LogOutputStream:75 - [STDERR_REDIRECT] Sep 28, 2025 10:51:10 AM java.util.prefs.FileSystemPreferences checkLockFile0ErrorCode
2025-09-28 10:51:10,556 [ERROR] LogOutputStream:75 - [STDERR_REDIRECT] WARNING: Could not lock System prefs. Unix error code 2.
2025-09-28 10:51:10,556 [ERROR] LogOutputStream:75 - [STDERR_REDIRECT] 
2025-09-28 10:51:10,557 [ERROR] LogOutputStream:75 - [STDERR_REDIRECT] Sep 28, 2025 10:51:10 AM java.util.prefs.FileSystemPreferences syncWorld
2025-09-28 10:51:10,557 [ERROR] LogOutputStream:75 - [STDERR_REDIRECT] WARNING: Couldn't flush system prefs: java.util.prefs.BackingStoreException: Couldn't get file lock.
2025-09-28 10:51:10,557 [ERROR] LogOutputStream:75 - [STDERR_REDIRECT] 
2025-09-28 10:51:40,553 [ERROR] LogOutputStream:75 - [STDERR_REDIRECT] Sep 28, 2025 10:51:40 AM java.util.prefs.FileSystemPreferences checkLockFile0ErrorCode
2025-09-28 10:51:40,553 [ERROR] LogOutputStream:75 - [STDERR_REDIRECT] WARNING: Could not lock System prefs. Unix error code 2.
2025-09-28 10:51:40,554 [ERROR] LogOutputStream:75 - [STDERR_REDIRECT] 
2025-09-28 10:51:40,554 [ERROR] LogOutputStream:75 - [STDERR_REDIRECT] Sep 28, 2025 10:51:40 AM java.util.prefs.FileSystemPreferences syncWorld
2025-09-28 10:51:40,554 [ERROR] LogOutputStream:75 - [STDERR_REDIRECT] WARNING: Couldn't flush system prefs: java.util.prefs.BackingStoreException: Couldn't get file lock.
2025-09-28 10:51:40,555 [ERROR] LogOutputStream:75 - [STDERR_REDIRECT] 
2025-09-28 10:52:10,553 [ERROR] LogOutputStream:75 - [STDERR_REDIRECT] Sep 28, 2025 10:52:10 AM java.util.prefs.FileSystemPreferences checkLockFile0ErrorCode
2025-09-28 10:52:10,553 [ERROR] LogOutputStream:75 - [STDERR_REDIRECT] WARNING: Could not lock System prefs. Unix error code 2.
2025-09-28 10:52:10,553 [ERROR] LogOutputStream:75 - [STDERR_REDIRECT] 
2025-09-28 10:52:10,554 [ERROR] LogOutputStream:75 - [STDERR_REDIRECT] Sep 28, 2025 10:52:10 AM java.util.prefs.FileSystemPreferences syncWorld
2025-09-28 10:52:10,554 [ERROR] LogOutputStream:75 - [STDERR_REDIRECT] WARNING: Couldn't flush system prefs: java.util.prefs.BackingStoreException: Couldn't get file lock.
2025-09-28 10:52:10,554 [ERROR] LogOutputStream:75 - [STDERR_REDIRECT] 
2025-09-28 10:52:40,553 [ERROR] LogOutputStream:75 - [STDERR_REDIRECT] Sep 28, 2025 10:52:40 AM java.util.prefs.FileSystemPreferences checkLockFile0ErrorCode
2025-09-28 10:52:40,553 [ERROR] LogOutputStream:75 - [STDERR_REDIRECT] WARNING: Could not lock System prefs. Unix error code 2.
2025-09-28 10:52:40,554 [ERROR] LogOutputStream:75 - [STDERR_REDIRECT] 
2025-09-28 10:52:40,554 [ERROR] LogOutputStream:75 - [STDERR_REDIRECT] Sep 28, 2025 10:52:40 AM java.util.prefs.FileSystemPreferences syncWorld
2025-09-28 10:52:40,554 [ERROR] LogOutputStream:75 - [STDERR_REDIRECT] WARNING: Couldn't flush system prefs: java.util.prefs.BackingStoreException: Couldn't get file lock.
2025-09-28 10:52:40,554 [ERROR] LogOutputStream:75 - [STDERR_REDIRECT] 
2025-09-28 10:53:10,554 [ERROR] LogOutputStream:75 - [STDERR_REDIRECT] Sep 28, 2025 10:53:10 AM java.util.prefs.FileSystemPreferences checkLockFile0ErrorCode
2025-09-28 10:53:10,554 [ERROR] LogOutputStream:75 - [STDERR_REDIRECT] WARNING: Could not lock System prefs. Unix error code 2.
2025-09-28 10:53:10,554 [ERROR] LogOutputStream:75 - [STDERR_REDIRECT] 
2025-09-28 10:53:10,555 [ERROR] LogOutputStream:75 - [STDERR_REDIRECT] Sep 28, 2025 10:53:10 AM java.util.prefs.FileSystemPreferences syncWorld
2025-09-28 10:53:10,555 [ERROR] LogOutputStream:75 - [STDERR_REDIRECT] WARNING: Couldn't flush system prefs: java.util.prefs.BackingStoreException: Couldn't get file lock.
2025-09-28 10:53:10,555 [ERROR] LogOutputStream:75 - [STDERR_REDIRECT] 
2025-09-28 10:53:40,553 [ERROR] LogOutputStream:75 - [STDERR_REDIRECT] Sep 28, 2025 10:53:40 AM java.util.prefs.FileSystemPreferences checkLockFile0ErrorCode
2025-09-28 10:53:40,554 [ERROR] LogOutputStream:75 - [STDERR_REDIRECT] WARNING: Could not lock System prefs. Unix error code 2.
2025-09-28 10:53:40,554 [ERROR] LogOutputStream:75 - [STDERR_REDIRECT] 
2025-09-28 10:53:40,554 [ERROR] LogOutputStream:75 - [STDERR_REDIRECT] Sep 28, 2025 10:53:40 AM java.util.prefs.FileSystemPreferences syncWorld
2025-09-28 10:53:40,554 [ERROR] LogOutputStream:75 - [STDERR_REDIRECT] WARNING: Couldn't flush system prefs: java.util.prefs.BackingStoreException: Couldn't get file lock.
2025-09-28 10:53:40,555 [ERROR] LogOutputStream:75 - [STDERR_REDIRECT] 
2025-09-28 10:54:10,553 [ERROR] LogOutputStream:75 - [STDERR_REDIRECT] Sep 28, 2025 10:54:10 AM java.util.prefs.FileSystemPreferences checkLockFile0ErrorCode
2025-09-28 10:54:10,553 [ERROR] LogOutputStream:75 - [STDERR_REDIRECT] WARNING: Could not lock System prefs. Unix error code 2.
2025-09-28 10:54:10,553 [ERROR] LogOutputStream:75 - [STDERR_REDIRECT] 
2025-09-28 10:54:10,553 [ERROR] LogOutputStream:75 - [STDERR_REDIRECT] Sep 28, 2025 10:54:10 AM java.util.prefs.FileSystemPreferences syncWorld
2025-09-28 10:54:10,553 [ERROR] LogOutputStream:75 - [STDERR_REDIRECT] WARNING: Couldn't flush system prefs: java.util.prefs.BackingStoreException: Couldn't get file lock.
2025-09-28 10:54:10,553 [ERROR] LogOutputStream:75 - [STDERR_REDIRECT] 
2025-09-28 10:54:40,554 [ERROR] LogOutputStream:75 - [STDERR_REDIRECT] Sep 28, 2025 10:54:40 AM java.util.prefs.FileSystemPreferences checkLockFile0ErrorCode
2025-09-28 10:54:40,554 [ERROR] LogOutputStream:75 - [STDERR_REDIRECT] WARNING: Could not lock System prefs. Unix error code 2.
2025-09-28 10:54:40,554 [ERROR] LogOutputStream:75 - [STDERR_REDIRECT] 
2025-09-28 10:54:40,555 [ERROR] LogOutputStream:75 - [STDERR_REDIRECT] Sep 28, 2025 10:54:40 AM java.util.prefs.FileSystemPreferences syncWorld
2025-09-28 10:54:40,555 [ERROR] LogOutputStream:75 - [STDERR_REDIRECT] WARNING: Couldn't flush system prefs: java.util.prefs.BackingStoreException: Couldn't get file lock.
2025-09-28 10:54:40,555 [ERROR] LogOutputStream:75 - [STDERR_REDIRECT] 
2025-09-28 10:55:10,554 [ERROR] LogOutputStream:75 - [STDERR_REDIRECT] Sep 28, 2025 10:55:10 AM java.util.prefs.FileSystemPreferences checkLockFile0ErrorCode
2025-09-28 10:55:10,555 [ERROR] LogOutputStream:75 - [STDERR_REDIRECT] WARNING: Could not lock System prefs. Unix error code 2.
2025-09-28 10:55:10,555 [ERROR] LogOutputStream:75 - [STDERR_REDIRECT] 
2025-09-28 10:55:10,555 [ERROR] LogOutputStream:75 - [STDERR_REDIRECT] Sep 28, 2025 10:55:10 AM java.util.prefs.FileSystemPreferences syncWorld
2025-09-28 10:55:10,556 [ERROR] LogOutputStream:75 - [STDERR_REDIRECT] WARNING: Couldn't flush system prefs: java.util.prefs.BackingStoreException: Couldn't get file lock.
2025-09-28 10:55:10,556 [ERROR] LogOutputStream:75 - [STDERR_REDIRECT] 
2025-09-28 10:55:40,556 [ERROR] LogOutputStream:75 - [STDERR_REDIRECT] Sep 28, 2025 10:55:40 AM java.util.prefs.FileSystemPreferences checkLockFile0ErrorCode
2025-09-28 10:55:40,556 [ERROR] LogOutputStream:75 - [STDERR_REDIRECT] WARNING: Could not lock System prefs. Unix error code 2.
2025-09-28 10:55:40,557 [ERROR] LogOutputStream:75 - [STDERR_REDIRECT] 
2025-09-28 10:55:40,557 [ERROR] LogOutputStream:75 - [STDERR_REDIRECT] Sep 28, 2025 10:55:40 AM java.util.prefs.FileSystemPreferences syncWorld
2025-09-28 10:55:40,557 [ERROR] LogOutputStream:75 - [STDERR_REDIRECT] WARNING: Couldn't flush system prefs: java.util.prefs.BackingStoreException: Couldn't get file lock.
2025-09-28 10:55:40,557 [ERROR] LogOutputStream:75 - [STDERR_REDIRECT] 
2025-09-28 10:56:11,201 [ERROR] LogOutputStream:75 - [STDERR_REDIRECT] Sep 28, 2025 10:56:11 AM java.util.prefs.FileSystemPreferences checkLockFile0ErrorCode
2025-09-28 10:56:11,201 [ERROR] LogOutputStream:75 - [STDERR_REDIRECT] WARNING: Could not lock System prefs. Unix error code 2.
2025-09-28 10:56:11,239 [ERROR] LogOutputStream:75 - [STDERR_REDIRECT] 
2025-09-28 10:56:11,239 [ERROR] LogOutputStream:75 - [STDERR_REDIRECT] Sep 28, 2025 10:56:11 AM java.util.prefs.FileSystemPreferences syncWorld
2025-09-28 10:56:11,240 [ERROR] LogOutputStream:75 - [STDERR_REDIRECT] WARNING: Couldn't flush system prefs: java.util.prefs.BackingStoreException: Couldn't get file lock.
2025-09-28 10:56:11,240 [ERROR] LogOutputStream:75 - [STDERR_REDIRECT] 
2025-09-28 10:56:41,201 [ERROR] LogOutputStream:75 - [STDERR_REDIRECT] Sep 28, 2025 10:56:41 AM java.util.prefs.FileSystemPreferences checkLockFile0ErrorCode
2025-09-28 10:56:41,201 [ERROR] LogOutputStream:75 - [STDERR_REDIRECT] WARNING: Could not lock System prefs. Unix error code 2.
2025-09-28 10:56:41,202 [ERROR] LogOutputStream:75 - [STDERR_REDIRECT] 
2025-09-28 10:56:41,202 [ERROR] LogOutputStream:75 - [STDERR_REDIRECT] Sep 28, 2025 10:56:41 AM java.util.prefs.FileSystemPreferences syncWorld
2025-09-28 10:56:41,203 [ERROR] LogOutputStream:75 - [STDERR_REDIRECT] WARNING: Couldn't flush system prefs: java.util.prefs.BackingStoreException: Couldn't get file lock.
2025-09-28 10:56:41,203 [ERROR] LogOutputStream:75 - [STDERR_REDIRECT] 
2025-09-28 10:57:11,200 [ERROR] LogOutputStream:75 - [STDERR_REDIRECT] Sep 28, 2025 10:57:11 AM java.util.prefs.FileSystemPreferences checkLockFile0ErrorCode
2025-09-28 10:57:11,200 [ERROR] LogOutputStream:75 - [STDERR_REDIRECT] WARNING: Could not lock System prefs. Unix error code 2.
2025-09-28 10:57:11,201 [ERROR] LogOutputStream:75 - [STDERR_REDIRECT] 
2025-09-28 10:57:11,201 [ERROR] LogOutputStream:75 - [STDERR_REDIRECT] Sep 28, 2025 10:57:11 AM java.util.prefs.FileSystemPreferences syncWorld
2025-09-28 10:57:11,201 [ERROR] LogOutputStream:75 - [STDERR_REDIRECT] WARNING: Couldn't flush system prefs: java.util.prefs.BackingStoreException: Couldn't get file lock.
2025-09-28 10:57:11,202 [ERROR] LogOutputStream:75 - [STDERR_REDIRECT] 
2025-09-28 10:57:41,204 [ERROR] LogOutputStream:75 - [STDERR_REDIRECT] Sep 28, 2025 10:57:41 AM java.util.prefs.FileSystemPreferences checkLockFile0ErrorCode
2025-09-28 10:57:41,204 [ERROR] LogOutputStream:75 - [STDERR_REDIRECT] WARNING: Could not lock System prefs. Unix error code 2.
2025-09-28 10:57:41,205 [ERROR] LogOutputStream:75 - [STDERR_REDIRECT] 
2025-09-28 10:57:41,205 [ERROR] LogOutputStream:75 - [STDERR_REDIRECT] Sep 28, 2025 10:57:41 AM java.util.prefs.FileSystemPreferences syncWorld
2025-09-28 10:57:41,205 [ERROR] LogOutputStream:75 - [STDERR_REDIRECT] WARNING: Couldn't flush system prefs: java.util.prefs.BackingStoreException: Couldn't get file lock.
2025-09-28 10:57:41,205 [ERROR] LogOutputStream:75 - [STDERR_REDIRECT] 
2025-09-28 10:58:11,201 [ERROR] LogOutputStream:75 - [STDERR_REDIRECT] Sep 28, 2025 10:58:11 AM java.util.prefs.FileSystemPreferences checkLockFile0ErrorCode
2025-09-28 10:58:11,201 [ERROR] LogOutputStream:75 - [STDERR_REDIRECT] WARNING: Could not lock System prefs. Unix error code 2.
2025-09-28 10:58:11,201 [ERROR] LogOutputStream:75 - [STDERR_REDIRECT] 
2025-09-28 10:58:11,202 [ERROR] LogOutputStream:75 - [STDERR_REDIRECT] Sep 28, 2025 10:58:11 AM java.util.prefs.FileSystemPreferences syncWorld
2025-09-28 10:58:11,202 [ERROR] LogOutputStream:75 - [STDERR_REDIRECT] WARNING: Couldn't flush system prefs: java.util.prefs.BackingStoreException: Couldn't get file lock.
2025-09-28 10:58:11,202 [ERROR] LogOutputStream:75 - [STDERR_REDIRECT] 
2025-09-28 10:58:11,394 [INFO] McuFinderGlobals:63 - Set McuFinder mode to 2 (CubeIDE integrated)
2025-09-28 10:58:11,397 [INFO] MainUpdater:2872 - connection check result : 10
2025-09-28 10:58:11,397 [INFO] MainUpdater:2872 - connection check result : 10
2025-09-28 10:58:11,423 [INFO] MicroXplorer:468 - Change Database Path : 
2025-09-28 10:58:11,423 [INFO] MicroXplorer:498 - Change Database Version : DB.6.0.150
2025-09-28 10:58:11,428 [WARN] ThirdParty:871 - waiting for thirdparty lock release [close project]
2025-09-28 10:58:11,428 [INFO] ThirdParty:873 - entering critical section [close project]
2025-09-28 10:58:11,430 [INFO] ThirdParty:883 - exiting critical section [close project]
2025-09-28 10:58:11,432 [INFO] PinOutPanel:1589 - setPackage(No Configuration,No Configuration)
2025-09-28 10:58:11,434 [INFO] UtilMem:75 - Begin LoadConfig() Used Memory: 428782064 Bytes (643825664)
2025-09-28 10:58:11,435 [INFO] MicroXplorer:468 - Change Database Path : 
2025-09-28 10:58:11,435 [INFO] MicroXplorer:498 - Change Database Version : DB.6.0.150
2025-09-28 10:58:11,435 [INFO] OpenFileManager:355 - Change cursor
2025-09-28 10:58:11,471 [INFO] Mcu:2029 - Initializing MCU STM32F446R(C-E)Tx STM32F446RETx STM32F446RET6
2025-09-28 10:58:12,360 [INFO] Context:786 - Trying to add GPIOservice into a context  which must be forbidden
2025-09-28 10:58:12,809 [INFO] ImportTextPane:234 - (OptionalMessage_ERROR) Pin11 (VP_RIF_VS_RIF1) cannot be retrieved for this MCU
2025-09-28 10:58:12,869 [INFO] RtosManager:558 - Registered RTOS mode: class=CMSIS, group=RTOS, mode=CMSIS_V1, owner=FREERTOS
2025-09-28 10:58:12,869 [INFO] RtosManager:558 - Registered RTOS mode: class=CMSIS, group=RTOS2, mode=CMSIS_V2, owner=FREERTOS
2025-09-28 10:58:12,869 [INFO] RtosManager:558 - Registered RTOS mode: class=RTOS, group=Core, mode=CMSIS_V1, owner=FREERTOS
2025-09-28 10:58:12,869 [INFO] RtosManager:558 - Registered RTOS mode: class=RTOS, group=Core, mode=CMSIS_V2, owner=FREERTOS
2025-09-28 10:58:12,869 [WARN] ModelIntegratedComponent:184 - Missing modes for component STMicroelectronics:FreeRTOS:0.0.1:STMicroelectronics:RTOS:FreeRTOS:Core:::10.2.0:
2025-09-28 10:58:12,885 [WARN] ModelIntegratedComponent:63 - No mode defined for component null
2025-09-28 10:58:12,885 [WARN] ModelIntegratedComponent:63 - No mode defined for component null
2025-09-28 10:58:12,885 [WARN] ModelIntegratedComponent:63 - No mode defined for component null
2025-09-28 10:58:12,885 [WARN] ModelIntegratedComponent:63 - No mode defined for component null
2025-09-28 10:58:12,885 [WARN] ModelIntegratedComponent:63 - No mode defined for component null
2025-09-28 10:58:12,885 [WARN] ModelIntegratedComponent:63 - No mode defined for component null
2025-09-28 10:58:12,885 [WARN] ModelIntegratedComponent:63 - No mode defined for component null
2025-09-28 10:58:12,885 [WARN] ModelIntegratedComponent:63 - No mode defined for component null
2025-09-28 10:58:12,885 [WARN] ModelIntegratedComponent:63 - No mode defined for component null
2025-09-28 10:58:12,885 [WARN] ModelIntegratedComponent:63 - No mode defined for component null
2025-09-28 10:58:12,885 [WARN] ModelIntegratedComponent:63 - No mode defined for component null
2025-09-28 10:58:12,885 [WARN] ModelIntegratedComponent:63 - No mode defined for component null
2025-09-28 10:58:12,885 [WARN] ModelIntegratedComponent:63 - No mode defined for component null
2025-09-28 10:58:12,885 [WARN] ModelIntegratedComponent:63 - No mode defined for component null
2025-09-28 10:58:12,885 [WARN] ModelIntegratedComponent:63 - No mode defined for component null
2025-09-28 10:58:12,885 [WARN] ModelIntegratedComponent:63 - No mode defined for component null
2025-09-28 10:58:12,885 [WARN] ModelIntegratedComponent:63 - No mode defined for component null
2025-09-28 10:58:12,885 [WARN] ModelIntegratedComponent:63 - No mode defined for component null
2025-09-28 10:58:12,885 [WARN] ModelIntegratedComponent:63 - No mode defined for component null
2025-09-28 10:58:12,885 [WARN] ModelIntegratedComponent:63 - No mode defined for component null
2025-09-28 10:58:12,885 [WARN] ModelIntegratedComponent:63 - No mode defined for component null
2025-09-28 10:58:12,885 [WARN] ModelIntegratedComponent:63 - No mode defined for component null
2025-09-28 10:58:12,885 [WARN] ModelIntegratedComponent:63 - No mode defined for component null
2025-09-28 10:58:12,885 [WARN] ModelIntegratedComponent:63 - No mode defined for component null
2025-09-28 10:58:12,885 [WARN] ModelIntegratedComponent:63 - No mode defined for component null
2025-09-28 10:58:12,886 [WARN] ModelIntegratedComponent:63 - No mode defined for component null
2025-09-28 10:58:12,886 [WARN] ModelIntegratedComponent:63 - No mode defined for component null
2025-09-28 10:58:12,886 [WARN] ModelIntegratedComponent:63 - No mode defined for component null
2025-09-28 10:58:12,886 [WARN] ModelIntegratedComponent:63 - No mode defined for component null
2025-09-28 10:58:12,886 [WARN] ModelIntegratedComponent:63 - No mode defined for component null
2025-09-28 10:58:12,886 [WARN] ModelIntegratedComponent:63 - No mode defined for component null
2025-09-28 10:58:12,886 [WARN] ModelIntegratedComponent:63 - No mode defined for component null
2025-09-28 10:58:12,886 [WARN] ModelIntegratedComponent:63 - No mode defined for component null
2025-09-28 10:58:12,886 [WARN] ModelIntegratedComponent:63 - No mode defined for component null
2025-09-28 10:58:12,886 [WARN] ModelIntegratedComponent:63 - No mode defined for component null
2025-09-28 10:58:12,886 [WARN] ModelPack:524 - Component already loaded: STMicroelectronics:HAL Drivers:0.0.0:STMicroelectronics:Device:STMicro_Driver:XSPI:HAL::0.0.1:HAL_XSPI
2025-09-28 10:58:12,974 [INFO] ThirdPartyModel:298 - Start build external matchings
2025-09-28 10:58:13,153 [INFO] ThirdPartyModel:316 - End build external matchings
2025-09-28 10:58:13,165 [INFO] ImportTextPane:234 - (OptionalMessage_ERROR) IP (RCC) : Invalid parameter (FamilyName)
2025-09-28 10:58:13,166 [INFO] ImportTextPane:234 - (OptionalMessage_ERROR) IP (RCC) : Parameter (SDIOFreq_Value) has invalid value (84000000)
2025-09-28 10:58:13,166 [INFO] ImportTextPane:234 - (OptionalMessage_ERROR) IP (RCC) : Parameter (USBFreq_Value) has invalid value (84000000)
2025-09-28 10:58:13,387 [INFO] ApiDb:581 - Connected to CubeFinder SQLite database (/home/tomas1908/.stmcufinder/plugins/mcufinder/mcu/cube-finder-db.db)
2025-09-28 10:58:13,427 [INFO] ApiDb:668 - CubeFinder database Data Model version=2.1
2025-09-28 10:58:13,427 [INFO] ApiDb:669 - CubeFinder database Configuration version=3.0.39
2025-09-28 10:58:13,427 [INFO] ApiDb:670 - CubeFinder database generation date=2025-07-24 (1753349077)
2025-09-28 10:58:13,427 [INFO] ApiDb:671 - CubeFinder database FW Pack versions=[FP-ATR-ASTRA1_V2.0.0, FP-SNS-FLIGHT1_V5.1.0, FP-SNS-MOTENV1_V5.0.0, FP-SNS-MOTENVWB1_V1.4.0, FP-SNS-SMARTAG2_V1.2.0, FP-SNS-STBOX1_V2.0.0, STM32Cube_FW_C0_V1.4.0, STM32Cube_FW_F4_V1.28.2, STM32Cube_FW_F7_V1.17.3, STM32Cube_FW_G0_V1.6.2, STM32Cube_FW_G4_V1.6.1, STM32Cube_FW_H5_V1.5.0, STM32Cube_FW_H7RS_V1.2.0, STM32Cube_FW_H7_V1.12.1, STM32Cube_FW_L0_V1.12.2, STM32Cube_FW_L4_V1.18.1, STM32Cube_FW_L5_V1.5.1, STM32Cube_FW_N6_V1.2.0, STM32Cube_FW_U0_V1.3.0, STM32Cube_FW_U3_V1.2.0, STM32Cube_FW_U5_V1.8.0, STM32Cube_FW_WB0_V1.3.0, STM32Cube_FW_WBA_V1.7.0, STM32Cube_FW_WB_V1.23.0, STM32Cube_FW_WL3_V1.2.0, STM32Cube_FW_WL_V1.3.1, X-CUBE-ALGOBUILD_V1.4.0, X-CUBE-ALS_V1.0.2, X-CUBE-AZRTOS-F4_V1.1.0, X-CUBE-AZRTOS-F7_V1.1.0, X-CUBE-AZRTOS-G0_V1.1.0, X-CUBE-AZRTOS-G4_V2.0.0, X-CUBE-AZRTOS-H7RS_V1.1.0, X-CUBE-AZRTOS-H7_V3.4.0, X-CUBE-AZRTOS-L4_V2.0.0, X-CUBE-AZRTOS-L5_V2.0.0, X-CUBE-AZRTOS-WB_V2.0.0, X-CUBE-AZRTOS-WL_V2.0.0, X-CUBE-BLE1_V7.1.0, X-CUBE-BLE2_V3.3.0, X-CUBE-BLEMGR_V4.1.0, X-CUBE-EEPRMA1_V5.2.0, X-CUBE-FREERTOS_V1.3.1, X-CUBE-GNSS1_V6.0.0, X-CUBE-MEMS1_V11.3.0, X-CUBE-NFC4_V3.0.0, X-CUBE-NFC7_V2.0.0, X-CUBE-SFXS2LP1_V4.0.0, X-CUBE-ST67W61_V1.0.0, X-CUBE-SUBG2_V5.0.0, X-CUBE-TOF1_V3.4.3]
2025-09-28 10:58:13,492 [INFO] DbBoardsSqlite:226 - include board P-NUCLEO-WB55-NUCLEO as a kit item of type 'Nucleo-64'
2025-09-28 10:58:13,493 [INFO] DbBoardsSqlite:226 - include board P-NUCLEO-WB55-USBDONGLE as a kit item of type 'Nucleo USB Dongle'
2025-09-28 10:58:13,493 [INFO] DbBoardsSqlite:226 - include board STEVAL-IDP005V1 as a kit item of type 'Evaluation Board'
2025-09-28 10:58:13,494 [INFO] DbBoardsSqlite:226 - include board STEVAL-IDP005V2 as a kit item of type 'Evaluation Board'
2025-09-28 10:58:13,572 [INFO] ApiDb:240 - Found 880 in-development CPN: [B-G473E-ZEST1S, B-WB1M-WPAN1, B-WBA5M-WPAN, B-WL5M-SUBG1, NUCLEO-C031C6, NUCLEO-C051C8, NUCLEO-C071RB, NUCLEO-C092RC, NUCLEO-H503RB, NUCLEO-H533RE, NUCLEO-H563ZI, NUCLEO-H7S3L8, NUCLEO-N657X0-Q, NUCLEO-U031R8, NUCLEO-U083RC, NUCLEO-U385RG-Q, NUCLEO-U545RE-Q, NUCLEO-U5A5ZJ-Q, NUCLEO-WB05KZ, NUCLEO-WB07CC, NUCLEO-WB09KE, NUCLEO-WBA52CG, NUCLEO-WBA55CG, NUCLEO-WL33CC1, NUCLEO-WL33CC2, STEVAL-PROTEUS1, STEVAL-SMARTAG2, STEVAL-STWINBX1, STM320518-EVAL, STM32C0116-DK, STM32C011D6Y3TR, STM32C011D6Y6TR, STM32C011F4P3, STM32C011F4P6, STM32C011F4U3, STM32C011F4U6TR, STM32C011F6P3, STM32C011F6P6, STM32C011F6U3, STM32C011F6U6TR, STM32C011J4M3, STM32C011J4M6, STM32C011J6M3, STM32C011J6M6, STM32C0316-DK, STM32C031C4T3, STM32C031C4T6, STM32C031C4U3, STM32C031C4U6, STM32C031C6T3, STM32C031C6T6, STM32C031C6U3, STM32C031C6U6, STM32C031F4P3, STM32C031F4P6, STM32C031F6P3, STM32C031F6P6, STM32C031G4U3, STM32C031G4U6, STM32C031G6U3, STM32C031G6U6, STM32C031K4T3, STM32C031K4T6, STM32C031K4U3, STM32C031K4U6, STM32C031K6T3, STM32C031K6T6, STM32C031K6U3, STM32C031K6U6, STM32C051C6T6, STM32C051C6U6, STM32C051C8T6, STM32C051C8U6, STM32C051D8Y6TR, STM32C051F6P6, STM32C051F8P6, STM32C051G6U6, STM32C051G8U6, STM32C051K6T6, STM32C051K6U6, STM32C051K8T6, STM32C071C8T6, STM32C071C8T6N, STM32C071C8U6, STM32C071C8U6N, STM32C071CBT6, STM32C071CBT6N, STM32C071CBU6, STM32C071CBU6N, STM32C071F8P6, STM32C071F8P6N, STM32C071FBP6, STM32C071FBP6N, STM32C071FBY6TR, STM32C071G8U6, STM32C071G8U6N, STM32C071GBU6, STM32C071GBU6N, STM32C071K8T6, STM32C071K8T6N, STM32C071K8U6, STM32C071K8U6N, STM32C071KBT6, STM32C071KBT6N, STM32C071KBU6, STM32C071KBU6N, STM32C071R8T6, STM32C071R8T6N, STM32C071RBI6N, STM32C071RBT6, STM32C071RBT6N, STM32C091CBT6, STM32C091CBU6, STM32C091CCT6, STM32C091CCU6, STM32C091ECY6TR, STM32C091FBP6, STM32C091FCP6, STM32C091GBU6, STM32C091GCU6, STM32C091KBT6, STM32C091KBU6, STM32C091KCT6, STM32C091KCU6, STM32C091RBT6, STM32C091RCI6, STM32C091RCT6, STM32C092CBT6, STM32C092CBU6, STM32C092CCT6, STM32C092CCU6, STM32C092ECY6TR, STM32C092FBP6, STM32C092FCP6, STM32C092GBU6, STM32C092GCU6, STM32C092KBT6, STM32C092KBU6, STM32C092KCT6, STM32C092KCU6, STM32C092RBT6, STM32C092RCI6, STM32C092RCT6, STM32G071K8TXN, STM32G071K8UXN, STM32G081GBU6N, STM32G081KBT6N, STM32G081KBUXN, STM32G0B1CCT6N, STM32G0B1KCT6, STM32G0B1NEY6TR, STM32G0B1RCT6N, STM32G0C1CCT6, STM32G0C1CCT6N, STM32G0C1CCU6N, STM32G0C1CET6N, STM32G0C1CEU6N, STM32G0C1KCT6, STM32G0C1NEY6TR, STM32G0C1RCI6N, STM32G0C1RCT6N, STM32G0C1REI6N, STM32G0C1RET6N, STM32G0C1VCI6, STM32G0C1VEI6, STM32G411C6T3, STM32G411C6T6, STM32G411C6U3, STM32G411C6U6, STM32G411C8T3, STM32G411C8T6, STM32G411C8U3, STM32G411C8U6, STM32G411CBT3, STM32G411CBT6, STM32G411CBU3, STM32G411CBU6, STM32G411K6T3, STM32G411K6T6, STM32G411K6U3, STM32G411K6U6, STM32G411K8T3, STM32G411K8T6, STM32G411K8U3, STM32G411K8U6, STM32G411KBT3, STM32G411KBT6, STM32G411KBU3, STM32G411KBU6, STM32G411M6T3, STM32G411M6T6, STM32G411M8T3, STM32G411M8T6, STM32G411MBT3, STM32G411MBT6, STM32G411R6T3, STM32G411R6T6, STM32G411R8T3, STM32G411R8T6, STM32G411RBT3, STM32G411RBT6, STM32G414CBT3, STM32G414CBT6, STM32G414CBU3, STM32G414CBU6, STM32G414CCT3, STM32G414CCT6, STM32G414CCU3, STM32G414CCU6, STM32G414MBT3, STM32G414MBT6, STM32G414MCT3, STM32G414MCT6, STM32G414RBT3, STM32G414RBT6, STM32G414RCT3, STM32G414RCT6, STM32G414VBT3, STM32G414VBT6, STM32G414VCT3, STM32G414VCT6, STM32G431CBT3Z, STM32G431RBT3Z, STM32G471CCT6, STM32G471CCU6, STM32G471CET3, STM32G471CET6, STM32G471CEU3, STM32G471CEU6, STM32G471MCT6, STM32G471MET3, STM32G471MET6, STM32G471MEY6TR, STM32G471QCT6, STM32G471QET3, STM32G471RCT6, STM32G471RET3, STM32G471RET6, STM32G471VCH6, STM32G471VCI6, STM32G471VCT6, STM32G471VEH3, STM32G471VEH6, STM32G471VEI3, STM32G471VEI6, STM32G471VET3, STM32G471VET6, STM32G473QET3Z, STM32G473RET3Z, STM32G474CCT6, STM32G491RET3Z, STM32H503CBT6, STM32H503CBU6, STM32H503EBY6TR, STM32H503KBU6, STM32H503RBT6, STM32H523CCT6, STM32H523CCU6, STM32H523CET6, STM32H523CEU6, STM32H523HEY6TR, STM32H523RCT6, STM32H523RET6, STM32H523VCI6, STM32H523VCT6, STM32H523VEI6, STM32H523VET6, STM32H523ZCJ6, STM32H523ZCT6, STM32H523ZEJ6, STM32H523ZET6, STM32H533CET6, STM32H533CEU6, STM32H533HEY6TR, STM32H533RET6, STM32H533VEI6, STM32H533VET6, STM32H533ZEJ6, STM32H533ZET6, STM32H562AGI6, STM32H562AII6, STM32H562IGK6, STM32H562IGT6, STM32H562IIK6, STM32H562IIT6, STM32H562RGT6, STM32H562RGV6, STM32H562RIT6, STM32H562RIV6, STM32H562VGT6, STM32H562VIT6, STM32H562ZGT6, STM32H562ZIT6, STM32H563AGI6, STM32H563AII3Q, STM32H563AII6, STM32H563IGK6, STM32H563IGT6, STM32H563IIK3Q, STM32H563IIK6, STM32H563IIT3Q, STM32H563IIT6, STM32H563MIY3QTR, STM32H563RGT6, STM32H563RGV6, STM32H563RIT6, STM32H563RIV6, STM32H563VGT6, STM32H563VIT3Q, STM32H563VIT6, STM32H563ZGT6, STM32H563ZIT3Q, STM32H563ZIT6, STM32H573AII3Q, STM32H573AII6, STM32H573I-DK, STM32H573IIK3Q, STM32H573IIK6, STM32H573IIT3Q, STM32H573IIT6, STM32H573MIY3QTR, STM32H573RIT6, STM32H573RIV6, STM32H573VIT3Q, STM32H573VIT6, STM32H573ZIT3Q, STM32H573ZIT6, STM32H7R3A8I6, STM32H7R3I8K6, STM32H7R3I8T6, STM32H7R3L8H6, STM32H7R3L8H6H, STM32H7R3R8V6, STM32H7R3V8H6, STM32H7R3V8T6, STM32H7R3V8Y6TR, STM32H7R3Z8J6, STM32H7R3Z8T6, STM32H7R7A8I6, STM32H7R7I8K6, STM32H7R7I8T6, STM32H7R7L8H6, STM32H7R7L8H6H, STM32H7R7Z8J6, STM32H7S3A8I6, STM32H7S3I8K6, STM32H7S3I8T6, STM32H7S3L8H6, STM32H7S3L8H6H, STM32H7S3R8V6, STM32H7S3V8H6, STM32H7S3V8T6, STM32H7S3V8Y6TR, STM32H7S3Z8J6, STM32H7S3Z8T6, STM32H7S78-DK, STM32H7S7A8I6, STM32H7S7I8K6, STM32H7S7I8T6, STM32H7S7L8H6, STM32H7S7L8H6H, STM32H7S7Z8J6, STM32L4R5QGI6STR, STM32MP131AAE3, STM32MP131AAF3, STM32MP131AAG3, STM32MP131CAE3, STM32MP131CAF3, STM32MP131CAG3, STM32MP131DAE7, STM32MP131DAF7, STM32MP131DAG7, STM32MP131FAE7, STM32MP131FAF7, STM32MP131FAG7, STM32MP133AAE3, STM32MP133AAF3, STM32MP133AAG3, STM32MP133CAE3, STM32MP133CAF3, STM32MP133CAG3, STM32MP133DAE7, STM32MP133DAF7, STM32MP133DAG7, STM32MP133FAE7, STM32MP133FAF7, STM32MP133FAG7, STM32MP135AAE3, STM32MP135AAF3, STM32MP135AAG3, STM32MP135CAE3, STM32MP135CAF3, STM32MP135CAG3, STM32MP135DAE7, STM32MP135DAF7, STM32MP135DAG7, STM32MP135F-DK, STM32MP135FAE7, STM32MP135FAF7, STM32MP135FAF7T, STM32MP135FAF7U, STM32MP135FAG7, STM32MP211AAL3, STM32MP211AAM3, STM32MP211AAN3, STM32MP211AAO3, STM32MP211CAL3, STM32MP211CAM3, STM32MP211CAN3, STM32MP211CAO3, STM32MP211DAL3, STM32MP211DAM3, STM32MP211DAN3, STM32MP211DAO3, STM32MP211FAL3, STM32MP211FAM3, STM32MP211FAN3, STM32MP211FAO3, STM32MP213AAL3, STM32MP213AAM3, STM32MP213AAN3, STM32MP213AAO3, STM32MP213CAL3, STM32MP213CAM3, STM32MP213CAN3, STM32MP213CAO3, STM32MP213DAL3, STM32MP213DAM3, STM32MP213DAN3, STM32MP213DAO3, STM32MP213FAL3, STM32MP213FAM3, STM32MP213FAN3, STM32MP213FAO3, STM32MP215AAL3, STM32MP215AAM3, STM32MP215AAN3, STM32MP215AAO3, STM32MP215CAL3, STM32MP215CAM3, STM32MP215CAN3, STM32MP215CAO3, STM32MP215DAL3, STM32MP215DAM3, STM32MP215DAN3, STM32MP215DAO3, STM32MP215F-DK, STM32MP215FAL3, STM32MP215FAM3, STM32MP215FAN3, STM32MP215FAO3, STM32MP231AAJ3, STM32MP231AAK3, STM32MP231AAL3, STM32MP231CAJ3, STM32MP231CAK3, STM32MP231CAL3, STM32MP231DAJ3, STM32MP231DAK3, STM32MP231DAL3, STM32MP231FAJ3, STM32MP231FAK3, STM32MP231FAL3, STM32MP233AAJ3, STM32MP233AAK3, STM32MP233AAL3, STM32MP233CAJ3, STM32MP233CAK3, STM32MP233CAL3, STM32MP233DAJ3, STM32MP233DAK3, STM32MP233DAL3, STM32MP233FAJ3, STM32MP233FAK3, STM32MP233FAL3, STM32MP235AAJ3, STM32MP235AAK3, STM32MP235AAL3, STM32MP235CAJ3, STM32MP235CAK3, STM32MP235CAL3, STM32MP235DAJ3, STM32MP235DAK3, STM32MP235DAL3, STM32MP235FAJ3, STM32MP235FAK3, STM32MP235FAL3, STM32MP251AAI3, STM32MP251AAK3, STM32MP251AAL3, STM32MP251CAI3, STM32MP251CAK3, STM32MP251CAL3, STM32MP251DAI3, STM32MP251DAK3, STM32MP251DAL3, STM32MP251FAI3, STM32MP251FAK3, STM32MP251FAL3, STM32MP253AAI3, STM32MP253AAK3, STM32MP253AAL3, STM32MP253CAI3, STM32MP253CAK3, STM32MP253CAL3, STM32MP253DAI3, STM32MP253DAK3, STM32MP253DAL3, STM32MP253FAI3, STM32MP253FAK3, STM32MP253FAL3, STM32MP255AAI3, STM32MP255AAK3, STM32MP255AAL3, STM32MP255CAI3, STM32MP255CAK3, STM32MP255CAL3, STM32MP255DAI3, STM32MP255DAK3, STM32MP255DAL3, STM32MP255FAI3, STM32MP255FAK3, STM32MP255FAL3, STM32MP257AAI3, STM32MP257AAK3, STM32MP257AAL3, STM32MP257CAI3, STM32MP257CAK3, STM32MP257CAL3, STM32MP257DAI3, STM32MP257DAK3, STM32MP257DAL3, STM32MP257F-DK, STM32MP257F-EV1, STM32MP257FAI3, STM32MP257FAK3, STM32MP257FAL3, STM32N645A0H3Q, STM32N645B0H3Q, STM32N645I0H3Q, STM32N645L0H3Q, STM32N645X0H3Q, STM32N645Z0H3Q, STM32N647A0H3Q, STM32N647B0H3Q, STM32N647I0H3Q, STM32N647L0H3Q, STM32N647X0H3Q, STM32N647Z0H3Q, STM32N655A0H3Q, STM32N655B0H3Q, STM32N655I0H3Q, STM32N655L0H3Q, STM32N655X0H3Q, STM32N655Z0H3Q, STM32N6570-DK, STM32N657A0H3Q, STM32N657B0H3Q, STM32N657I0H3Q, STM32N657L0H3Q, STM32N657X0H3Q, STM32N657Z0H3Q, STM32U031C6T6, STM32U031C6U6, STM32U031C8T6, STM32U031C8U6, STM32U031F4P6, STM32U031F6P6, STM32U031F8P6, STM32U031G6Y6TR, STM32U031G8Y6TR, STM32U031K4U6, STM32U031K6U6, STM32U031K8U6, STM32U031R6I6, STM32U031R6T6, STM32U031R8I6, STM32U031R8T6, STM32U073C8T6, STM32U073C8U6, STM32U073CBT6, STM32U073CBU6, STM32U073CCT6, STM32U073CCU6, STM32U073H8Y6TR, STM32U073HBY6TR, STM32U073HCY6TR, STM32U073K8U6, STM32U073KBU6, STM32U073KCU6, STM32U073M8I6, STM32U073M8T6, STM32U073MBI6, STM32U073MBT6, STM32U073MCI6, STM32U073MCT6, STM32U073R8I6, STM32U073R8T6, STM32U073RBI6, STM32U073RBT6, STM32U073RCI6, STM32U073RCT6, STM32U083C-DK, STM32U083CCT6, STM32U083CCU6, STM32U083HCY6TR, STM32U083KCU6, STM32U083MCI6, STM32U083MCT6, STM32U083RCI6, STM32U083RCT6, STM32U375CET6, STM32U375CET6Q, STM32U375CEU6, STM32U375CEU6Q, STM32U375CEY6QTR, STM32U375CGT6, STM32U375CGT6Q, STM32U375CGU6, STM32U375CGU6Q, STM32U375CGY6QTR, STM32U375KEU6, STM32U375KGU6, STM32U375REI6, STM32U375REI6Q, STM32U375RET6, STM32U375RET6Q, STM32U375REY6GTR, STM32U375REY6QTR, STM32U375RGI6, STM32U375RGI6Q, STM32U375RGT6, STM32U375RGT6Q, STM32U375RGY6GTR, STM32U375RGY6QTR, STM32U375VEI6, STM32U375VEI6Q, STM32U375VET6, STM32U375VET6Q, STM32U375VGI6, STM32U375VGI6Q, STM32U375VGT6, STM32U375VGT6Q, STM32U385CGT6, STM32U385CGT6Q, STM32U385CGU6, STM32U385CGU6Q, STM32U385CGY6QTR, STM32U385KGU6, STM32U385RGI6, STM32U385RGI6Q, STM32U385RGT6, STM32U385RGT6Q, STM32U385RGY6GTR, STM32U385RGY6QTR, STM32U385VGI6, STM32U385VGI6Q, STM32U385VGT6, STM32U385VGT6Q, STM32U535CBT6, STM32U535CBT6Q, STM32U535CBU6, STM32U535CBU6Q, STM32U535CCT6, STM32U535CCT6Q, STM32U535CCU6, STM32U535CCU6Q, STM32U535CET6, STM32U535CET6Q, STM32U535CEU6, STM32U535CEU6Q, STM32U535JEY6QTR, STM32U535NCY6QTR, STM32U535NEY6QTR, STM32U535RBI6, STM32U535RBI6Q, STM32U535RBT6, STM32U535RBT6Q, STM32U535RCI6, STM32U535RCI6Q, STM32U535RCT6, STM32U535RCT6Q, STM32U535REI6, STM32U535REI6Q, STM32U535RET6, STM32U535RET6Q, STM32U535VCI6, STM32U535VCI6Q, STM32U535VCT6, STM32U535VCT6Q, STM32U535VEI6, STM32U535VEI6Q, STM32U535VET6, STM32U535VET6Q, STM32U545CET6, STM32U545CET6Q, STM32U545CEU6, STM32U545CEU6Q, STM32U545JEY6QTR, STM32U545NEY6QTR, STM32U545REI6, STM32U545REI6Q, STM32U545RET6, STM32U545RET6Q, STM32U545VEI6, STM32U545VEI6Q, STM32U545VET6, STM32U545VET6Q, STM32U595AIH6, STM32U595AIH6Q, STM32U595AJH6, STM32U595AJH6Q, STM32U595QII6, STM32U595QII6Q, STM32U595QJI6, STM32U595QJI6Q, STM32U595RIT6, STM32U595RIT6Q, STM32U595RJT6, STM32U595RJT6Q, STM32U595VIT6, STM32U595VIT6Q, STM32U595VJT6, STM32U595VJT6Q, STM32U595ZIT6, STM32U595ZIT6Q, STM32U595ZIY6QTR, STM32U595ZJT6, STM32U595ZJT6Q, STM32U595ZJY6QTR, STM32U599BJY6QTR, STM32U599NIH6Q, STM32U599NJH6Q, STM32U599VIT6Q, STM32U599VJT6, STM32U599VJT6Q, STM32U599ZIT6Q, STM32U599ZIY6QTR, STM32U599ZJT6Q, STM32U599ZJY6QTR, STM32U5A5AJH6, STM32U5A5AJH6Q, STM32U5A5QII3Q , STM32U5A5QJI6, STM32U5A5QJI6Q, STM32U5A5RJT6, STM32U5A5RJT6Q, STM32U5A5VJT6, STM32U5A5VJT6Q, STM32U5A5ZJT6, STM32U5A5ZJT6Q, STM32U5A5ZJY6QTR, STM32U5A9BJY6QTR, STM32U5A9J-DK, STM32U5A9NJH6Q, STM32U5A9VJT6Q, STM32U5A9ZJT6Q, STM32U5A9ZJY6QTR, STM32U5F7VIT6, STM32U5F7VIT6Q, STM32U5F7VJT6, STM32U5F7VJT6Q, STM32U5F9BJY6QTR, STM32U5F9NJH6Q, STM32U5F9VIT6Q, STM32U5F9VJT6Q, STM32U5F9ZIJ6QTR, STM32U5F9ZIT6Q, STM32U5F9ZJJ6QTR, STM32U5F9ZJT6Q, STM32U5G7VJT6, STM32U5G7VJT6Q, STM32U5G9BJY6QTR, STM32U5G9J-DK1, STM32U5G9J-DK2, STM32U5G9NJH6Q, STM32U5G9VJT6Q, STM32U5G9ZJJ6QTR, STM32U5G9ZJT6Q, STM32WB05KZV6TR, STM32WB05KZV7TR, STM32WB05TZF6TR, STM32WB05TZF7TR, STM32WB06CCF6TR, STM32WB06CCF7TR, STM32WB06CCV6TR, STM32WB06CCV7TR, STM32WB06KCV6TR, STM32WB06KCV7TR, STM32WB07CCF6TR, STM32WB07CCF7TR, STM32WB07CCV6TR, STM32WB07CCV7TR, STM32WB07KCV6TR, STM32WB07KCV7TR, STM32WB09KEV6TR, STM32WB09KEV7TR, STM32WB09TEF6TR, STM32WB09TEF7TR, STM32WB1MMCH6, STM32WBA50KGU6, STM32WBA50KGU6TR, STM32WBA52CEU6, STM32WBA52CEU6TR, STM32WBA52CEU7, STM32WBA52CEU7TR, STM32WBA52CGU6, STM32WBA52CGU6TR, STM32WBA52CGU6U, STM32WBA52CGU7, STM32WBA52CGU7TR, STM32WBA52KEU6, STM32WBA52KEU6TR, STM32WBA52KGU6, STM32WBA52KGU6TR, STM32WBA54CEU6, STM32WBA54CEU6TR, STM32WBA54CEU7, STM32WBA54CEU7TR, STM32WBA54CGU6, STM32WBA54CGU6TR, STM32WBA54CGU7, STM32WBA54CGU7TR, STM32WBA54KEU6, STM32WBA54KEU6TR, STM32WBA54KEU7, STM32WBA54KEU7TR, STM32WBA54KGU6, STM32WBA54KGU6TR, STM32WBA54KGU7, STM32WBA54KGU7TR, STM32WBA55CEU6, STM32WBA55CEU6TR, STM32WBA55CEU7, STM32WBA55CEU7TR, STM32WBA55CGU6, STM32WBA55CGU6TR, STM32WBA55CGU6U, STM32WBA55CGU7, STM32WBA55CGU7TR, STM32WBA55G-DK1, STM32WBA55HEF6, STM32WBA55HEF7, STM32WBA55HGF6, STM32WBA55HGF7, STM32WBA55UEI6, STM32WBA55UEI6TR, STM32WBA55UEI7, STM32WBA55UEI7TR, STM32WBA55UGI6, STM32WBA55UGI6TR, STM32WBA55UGI7, STM32WBA55UGI7TR, STM32WBA5MMGH6TR, STM32WBA62MGF6, STM32WBA62MIF6, STM32WBA65MGF7, STM32WBA65MIF6, STM32WBA65MIF7, STM32WL30K8V6, STM32WL30KBV6, STM32WL31C8V6, STM32WL31CBV6, STM32WL31K8V6, STM32WL31KBV6, STM32WL33C8V6, STM32WL33C8V6X, STM32WL33CBV6, STM32WL33CBV6X, STM32WL33CCV6, STM32WL33CCV6A, STM32WL33CCV6X, STM32WL33K8V7, STM32WL33K8V7X, STM32WL33KBV7 , STM32WL33KBV7X, STM32WL33KCV7, STM32WL33KCV7X, STM32WL5MOCH6, STM32WL5MOCH6TR]
2025-09-28 10:58:13,642 [INFO] BoardInfo:889 - No configuration file found for board P-NUCLEO-WB55
2025-09-28 10:58:13,643 [INFO] DbBoards:161 - Kit is not supported: P-NUCLEO-WB55
2025-09-28 10:58:13,647 [INFO] BoardInfo:889 - No configuration file found for board STEVAL-BFA001V1B
2025-09-28 10:58:13,647 [INFO] DbBoards:161 - Kit is not supported: STEVAL-BFA001V1B
2025-09-28 10:58:13,648 [INFO] BoardInfo:889 - No configuration file found for board STEVAL-BFA001V2B
2025-09-28 10:58:13,648 [INFO] DbBoards:161 - Kit is not supported: STEVAL-BFA001V2B
2025-09-28 10:58:13,713 [INFO] DbBoards:168 - Found 212 boards, 209 are supported
2025-09-28 10:58:13,713 [INFO] DbBoards:169 - Found 212 boards, 43 of them is supported for  Bsp
2025-09-28 10:58:13,716 [INFO] ApiDb:668 - CubeFinder database Data Model version=2.1
2025-09-28 10:58:13,716 [INFO] ApiDb:669 - CubeFinder database Configuration version=3.0.39
2025-09-28 10:58:13,716 [INFO] ApiDb:670 - CubeFinder database generation date=2025-07-24 (1753349077)
2025-09-28 10:58:13,716 [INFO] ApiDb:671 - CubeFinder database FW Pack versions=[FP-ATR-ASTRA1_V2.0.0, FP-SNS-FLIGHT1_V5.1.0, FP-SNS-MOTENV1_V5.0.0, FP-SNS-MOTENVWB1_V1.4.0, FP-SNS-SMARTAG2_V1.2.0, FP-SNS-STBOX1_V2.0.0, STM32Cube_FW_C0_V1.4.0, STM32Cube_FW_F4_V1.28.2, STM32Cube_FW_F7_V1.17.3, STM32Cube_FW_G0_V1.6.2, STM32Cube_FW_G4_V1.6.1, STM32Cube_FW_H5_V1.5.0, STM32Cube_FW_H7RS_V1.2.0, STM32Cube_FW_H7_V1.12.1, STM32Cube_FW_L0_V1.12.2, STM32Cube_FW_L4_V1.18.1, STM32Cube_FW_L5_V1.5.1, STM32Cube_FW_N6_V1.2.0, STM32Cube_FW_U0_V1.3.0, STM32Cube_FW_U3_V1.2.0, STM32Cube_FW_U5_V1.8.0, STM32Cube_FW_WB0_V1.3.0, STM32Cube_FW_WBA_V1.7.0, STM32Cube_FW_WB_V1.23.0, STM32Cube_FW_WL3_V1.2.0, STM32Cube_FW_WL_V1.3.1, X-CUBE-ALGOBUILD_V1.4.0, X-CUBE-ALS_V1.0.2, X-CUBE-AZRTOS-F4_V1.1.0, X-CUBE-AZRTOS-F7_V1.1.0, X-CUBE-AZRTOS-G0_V1.1.0, X-CUBE-AZRTOS-G4_V2.0.0, X-CUBE-AZRTOS-H7RS_V1.1.0, X-CUBE-AZRTOS-H7_V3.4.0, X-CUBE-AZRTOS-L4_V2.0.0, X-CUBE-AZRTOS-L5_V2.0.0, X-CUBE-AZRTOS-WB_V2.0.0, X-CUBE-AZRTOS-WL_V2.0.0, X-CUBE-BLE1_V7.1.0, X-CUBE-BLE2_V3.3.0, X-CUBE-BLEMGR_V4.1.0, X-CUBE-EEPRMA1_V5.2.0, X-CUBE-FREERTOS_V1.3.1, X-CUBE-GNSS1_V6.0.0, X-CUBE-MEMS1_V11.3.0, X-CUBE-NFC4_V3.0.0, X-CUBE-NFC7_V2.0.0, X-CUBE-SFXS2LP1_V4.0.0, X-CUBE-ST67W61_V1.0.0, X-CUBE-SUBG2_V5.0.0, X-CUBE-TOF1_V3.4.3]
2025-09-28 10:58:15,448 [INFO] ApiDb:240 - Found 880 in-development CPN: [B-G473E-ZEST1S, B-WB1M-WPAN1, B-WBA5M-WPAN, B-WL5M-SUBG1, NUCLEO-C031C6, NUCLEO-C051C8, NUCLEO-C071RB, NUCLEO-C092RC, NUCLEO-H503RB, NUCLEO-H533RE, NUCLEO-H563ZI, NUCLEO-H7S3L8, NUCLEO-N657X0-Q, NUCLEO-U031R8, NUCLEO-U083RC, NUCLEO-U385RG-Q, NUCLEO-U545RE-Q, NUCLEO-U5A5ZJ-Q, NUCLEO-WB05KZ, NUCLEO-WB07CC, NUCLEO-WB09KE, NUCLEO-WBA52CG, NUCLEO-WBA55CG, NUCLEO-WL33CC1, NUCLEO-WL33CC2, STEVAL-PROTEUS1, STEVAL-SMARTAG2, STEVAL-STWINBX1, STM320518-EVAL, STM32C0116-DK, STM32C011D6Y3TR, STM32C011D6Y6TR, STM32C011F4P3, STM32C011F4P6, STM32C011F4U3, STM32C011F4U6TR, STM32C011F6P3, STM32C011F6P6, STM32C011F6U3, STM32C011F6U6TR, STM32C011J4M3, STM32C011J4M6, STM32C011J6M3, STM32C011J6M6, STM32C0316-DK, STM32C031C4T3, STM32C031C4T6, STM32C031C4U3, STM32C031C4U6, STM32C031C6T3, STM32C031C6T6, STM32C031C6U3, STM32C031C6U6, STM32C031F4P3, STM32C031F4P6, STM32C031F6P3, STM32C031F6P6, STM32C031G4U3, STM32C031G4U6, STM32C031G6U3, STM32C031G6U6, STM32C031K4T3, STM32C031K4T6, STM32C031K4U3, STM32C031K4U6, STM32C031K6T3, STM32C031K6T6, STM32C031K6U3, STM32C031K6U6, STM32C051C6T6, STM32C051C6U6, STM32C051C8T6, STM32C051C8U6, STM32C051D8Y6TR, STM32C051F6P6, STM32C051F8P6, STM32C051G6U6, STM32C051G8U6, STM32C051K6T6, STM32C051K6U6, STM32C051K8T6, STM32C071C8T6, STM32C071C8T6N, STM32C071C8U6, STM32C071C8U6N, STM32C071CBT6, STM32C071CBT6N, STM32C071CBU6, STM32C071CBU6N, STM32C071F8P6, STM32C071F8P6N, STM32C071FBP6, STM32C071FBP6N, STM32C071FBY6TR, STM32C071G8U6, STM32C071G8U6N, STM32C071GBU6, STM32C071GBU6N, STM32C071K8T6, STM32C071K8T6N, STM32C071K8U6, STM32C071K8U6N, STM32C071KBT6, STM32C071KBT6N, STM32C071KBU6, STM32C071KBU6N, STM32C071R8T6, STM32C071R8T6N, STM32C071RBI6N, STM32C071RBT6, STM32C071RBT6N, STM32C091CBT6, STM32C091CBU6, STM32C091CCT6, STM32C091CCU6, STM32C091ECY6TR, STM32C091FBP6, STM32C091FCP6, STM32C091GBU6, STM32C091GCU6, STM32C091KBT6, STM32C091KBU6, STM32C091KCT6, STM32C091KCU6, STM32C091RBT6, STM32C091RCI6, STM32C091RCT6, STM32C092CBT6, STM32C092CBU6, STM32C092CCT6, STM32C092CCU6, STM32C092ECY6TR, STM32C092FBP6, STM32C092FCP6, STM32C092GBU6, STM32C092GCU6, STM32C092KBT6, STM32C092KBU6, STM32C092KCT6, STM32C092KCU6, STM32C092RBT6, STM32C092RCI6, STM32C092RCT6, STM32G071K8TXN, STM32G071K8UXN, STM32G081GBU6N, STM32G081KBT6N, STM32G081KBUXN, STM32G0B1CCT6N, STM32G0B1KCT6, STM32G0B1NEY6TR, STM32G0B1RCT6N, STM32G0C1CCT6, STM32G0C1CCT6N, STM32G0C1CCU6N, STM32G0C1CET6N, STM32G0C1CEU6N, STM32G0C1KCT6, STM32G0C1NEY6TR, STM32G0C1RCI6N, STM32G0C1RCT6N, STM32G0C1REI6N, STM32G0C1RET6N, STM32G0C1VCI6, STM32G0C1VEI6, STM32G411C6T3, STM32G411C6T6, STM32G411C6U3, STM32G411C6U6, STM32G411C8T3, STM32G411C8T6, STM32G411C8U3, STM32G411C8U6, STM32G411CBT3, STM32G411CBT6, STM32G411CBU3, STM32G411CBU6, STM32G411K6T3, STM32G411K6T6, STM32G411K6U3, STM32G411K6U6, STM32G411K8T3, STM32G411K8T6, STM32G411K8U3, STM32G411K8U6, STM32G411KBT3, STM32G411KBT6, STM32G411KBU3, STM32G411KBU6, STM32G411M6T3, STM32G411M6T6, STM32G411M8T3, STM32G411M8T6, STM32G411MBT3, STM32G411MBT6, STM32G411R6T3, STM32G411R6T6, STM32G411R8T3, STM32G411R8T6, STM32G411RBT3, STM32G411RBT6, STM32G414CBT3, STM32G414CBT6, STM32G414CBU3, STM32G414CBU6, STM32G414CCT3, STM32G414CCT6, STM32G414CCU3, STM32G414CCU6, STM32G414MBT3, STM32G414MBT6, STM32G414MCT3, STM32G414MCT6, STM32G414RBT3, STM32G414RBT6, STM32G414RCT3, STM32G414RCT6, STM32G414VBT3, STM32G414VBT6, STM32G414VCT3, STM32G414VCT6, STM32G431CBT3Z, STM32G431RBT3Z, STM32G471CCT6, STM32G471CCU6, STM32G471CET3, STM32G471CET6, STM32G471CEU3, STM32G471CEU6, STM32G471MCT6, STM32G471MET3, STM32G471MET6, STM32G471MEY6TR, STM32G471QCT6, STM32G471QET3, STM32G471RCT6, STM32G471RET3, STM32G471RET6, STM32G471VCH6, STM32G471VCI6, STM32G471VCT6, STM32G471VEH3, STM32G471VEH6, STM32G471VEI3, STM32G471VEI6, STM32G471VET3, STM32G471VET6, STM32G473QET3Z, STM32G473RET3Z, STM32G474CCT6, STM32G491RET3Z, STM32H503CBT6, STM32H503CBU6, STM32H503EBY6TR, STM32H503KBU6, STM32H503RBT6, STM32H523CCT6, STM32H523CCU6, STM32H523CET6, STM32H523CEU6, STM32H523HEY6TR, STM32H523RCT6, STM32H523RET6, STM32H523VCI6, STM32H523VCT6, STM32H523VEI6, STM32H523VET6, STM32H523ZCJ6, STM32H523ZCT6, STM32H523ZEJ6, STM32H523ZET6, STM32H533CET6, STM32H533CEU6, STM32H533HEY6TR, STM32H533RET6, STM32H533VEI6, STM32H533VET6, STM32H533ZEJ6, STM32H533ZET6, STM32H562AGI6, STM32H562AII6, STM32H562IGK6, STM32H562IGT6, STM32H562IIK6, STM32H562IIT6, STM32H562RGT6, STM32H562RGV6, STM32H562RIT6, STM32H562RIV6, STM32H562VGT6, STM32H562VIT6, STM32H562ZGT6, STM32H562ZIT6, STM32H563AGI6, STM32H563AII3Q, STM32H563AII6, STM32H563IGK6, STM32H563IGT6, STM32H563IIK3Q, STM32H563IIK6, STM32H563IIT3Q, STM32H563IIT6, STM32H563MIY3QTR, STM32H563RGT6, STM32H563RGV6, STM32H563RIT6, STM32H563RIV6, STM32H563VGT6, STM32H563VIT3Q, STM32H563VIT6, STM32H563ZGT6, STM32H563ZIT3Q, STM32H563ZIT6, STM32H573AII3Q, STM32H573AII6, STM32H573I-DK, STM32H573IIK3Q, STM32H573IIK6, STM32H573IIT3Q, STM32H573IIT6, STM32H573MIY3QTR, STM32H573RIT6, STM32H573RIV6, STM32H573VIT3Q, STM32H573VIT6, STM32H573ZIT3Q, STM32H573ZIT6, STM32H7R3A8I6, STM32H7R3I8K6, STM32H7R3I8T6, STM32H7R3L8H6, STM32H7R3L8H6H, STM32H7R3R8V6, STM32H7R3V8H6, STM32H7R3V8T6, STM32H7R3V8Y6TR, STM32H7R3Z8J6, STM32H7R3Z8T6, STM32H7R7A8I6, STM32H7R7I8K6, STM32H7R7I8T6, STM32H7R7L8H6, STM32H7R7L8H6H, STM32H7R7Z8J6, STM32H7S3A8I6, STM32H7S3I8K6, STM32H7S3I8T6, STM32H7S3L8H6, STM32H7S3L8H6H, STM32H7S3R8V6, STM32H7S3V8H6, STM32H7S3V8T6, STM32H7S3V8Y6TR, STM32H7S3Z8J6, STM32H7S3Z8T6, STM32H7S78-DK, STM32H7S7A8I6, STM32H7S7I8K6, STM32H7S7I8T6, STM32H7S7L8H6, STM32H7S7L8H6H, STM32H7S7Z8J6, STM32L4R5QGI6STR, STM32MP131AAE3, STM32MP131AAF3, STM32MP131AAG3, STM32MP131CAE3, STM32MP131CAF3, STM32MP131CAG3, STM32MP131DAE7, STM32MP131DAF7, STM32MP131DAG7, STM32MP131FAE7, STM32MP131FAF7, STM32MP131FAG7, STM32MP133AAE3, STM32MP133AAF3, STM32MP133AAG3, STM32MP133CAE3, STM32MP133CAF3, STM32MP133CAG3, STM32MP133DAE7, STM32MP133DAF7, STM32MP133DAG7, STM32MP133FAE7, STM32MP133FAF7, STM32MP133FAG7, STM32MP135AAE3, STM32MP135AAF3, STM32MP135AAG3, STM32MP135CAE3, STM32MP135CAF3, STM32MP135CAG3, STM32MP135DAE7, STM32MP135DAF7, STM32MP135DAG7, STM32MP135F-DK, STM32MP135FAE7, STM32MP135FAF7, STM32MP135FAF7T, STM32MP135FAF7U, STM32MP135FAG7, STM32MP211AAL3, STM32MP211AAM3, STM32MP211AAN3, STM32MP211AAO3, STM32MP211CAL3, STM32MP211CAM3, STM32MP211CAN3, STM32MP211CAO3, STM32MP211DAL3, STM32MP211DAM3, STM32MP211DAN3, STM32MP211DAO3, STM32MP211FAL3, STM32MP211FAM3, STM32MP211FAN3, STM32MP211FAO3, STM32MP213AAL3, STM32MP213AAM3, STM32MP213AAN3, STM32MP213AAO3, STM32MP213CAL3, STM32MP213CAM3, STM32MP213CAN3, STM32MP213CAO3, STM32MP213DAL3, STM32MP213DAM3, STM32MP213DAN3, STM32MP213DAO3, STM32MP213FAL3, STM32MP213FAM3, STM32MP213FAN3, STM32MP213FAO3, STM32MP215AAL3, STM32MP215AAM3, STM32MP215AAN3, STM32MP215AAO3, STM32MP215CAL3, STM32MP215CAM3, STM32MP215CAN3, STM32MP215CAO3, STM32MP215DAL3, STM32MP215DAM3, STM32MP215DAN3, STM32MP215DAO3, STM32MP215F-DK, STM32MP215FAL3, STM32MP215FAM3, STM32MP215FAN3, STM32MP215FAO3, STM32MP231AAJ3, STM32MP231AAK3, STM32MP231AAL3, STM32MP231CAJ3, STM32MP231CAK3, STM32MP231CAL3, STM32MP231DAJ3, STM32MP231DAK3, STM32MP231DAL3, STM32MP231FAJ3, STM32MP231FAK3, STM32MP231FAL3, STM32MP233AAJ3, STM32MP233AAK3, STM32MP233AAL3, STM32MP233CAJ3, STM32MP233CAK3, STM32MP233CAL3, STM32MP233DAJ3, STM32MP233DAK3, STM32MP233DAL3, STM32MP233FAJ3, STM32MP233FAK3, STM32MP233FAL3, STM32MP235AAJ3, STM32MP235AAK3, STM32MP235AAL3, STM32MP235CAJ3, STM32MP235CAK3, STM32MP235CAL3, STM32MP235DAJ3, STM32MP235DAK3, STM32MP235DAL3, STM32MP235FAJ3, STM32MP235FAK3, STM32MP235FAL3, STM32MP251AAI3, STM32MP251AAK3, STM32MP251AAL3, STM32MP251CAI3, STM32MP251CAK3, STM32MP251CAL3, STM32MP251DAI3, STM32MP251DAK3, STM32MP251DAL3, STM32MP251FAI3, STM32MP251FAK3, STM32MP251FAL3, STM32MP253AAI3, STM32MP253AAK3, STM32MP253AAL3, STM32MP253CAI3, STM32MP253CAK3, STM32MP253CAL3, STM32MP253DAI3, STM32MP253DAK3, STM32MP253DAL3, STM32MP253FAI3, STM32MP253FAK3, STM32MP253FAL3, STM32MP255AAI3, STM32MP255AAK3, STM32MP255AAL3, STM32MP255CAI3, STM32MP255CAK3, STM32MP255CAL3, STM32MP255DAI3, STM32MP255DAK3, STM32MP255DAL3, STM32MP255FAI3, STM32MP255FAK3, STM32MP255FAL3, STM32MP257AAI3, STM32MP257AAK3, STM32MP257AAL3, STM32MP257CAI3, STM32MP257CAK3, STM32MP257CAL3, STM32MP257DAI3, STM32MP257DAK3, STM32MP257DAL3, STM32MP257F-DK, STM32MP257F-EV1, STM32MP257FAI3, STM32MP257FAK3, STM32MP257FAL3, STM32N645A0H3Q, STM32N645B0H3Q, STM32N645I0H3Q, STM32N645L0H3Q, STM32N645X0H3Q, STM32N645Z0H3Q, STM32N647A0H3Q, STM32N647B0H3Q, STM32N647I0H3Q, STM32N647L0H3Q, STM32N647X0H3Q, STM32N647Z0H3Q, STM32N655A0H3Q, STM32N655B0H3Q, STM32N655I0H3Q, STM32N655L0H3Q, STM32N655X0H3Q, STM32N655Z0H3Q, STM32N6570-DK, STM32N657A0H3Q, STM32N657B0H3Q, STM32N657I0H3Q, STM32N657L0H3Q, STM32N657X0H3Q, STM32N657Z0H3Q, STM32U031C6T6, STM32U031C6U6, STM32U031C8T6, STM32U031C8U6, STM32U031F4P6, STM32U031F6P6, STM32U031F8P6, STM32U031G6Y6TR, STM32U031G8Y6TR, STM32U031K4U6, STM32U031K6U6, STM32U031K8U6, STM32U031R6I6, STM32U031R6T6, STM32U031R8I6, STM32U031R8T6, STM32U073C8T6, STM32U073C8U6, STM32U073CBT6, STM32U073CBU6, STM32U073CCT6, STM32U073CCU6, STM32U073H8Y6TR, STM32U073HBY6TR, STM32U073HCY6TR, STM32U073K8U6, STM32U073KBU6, STM32U073KCU6, STM32U073M8I6, STM32U073M8T6, STM32U073MBI6, STM32U073MBT6, STM32U073MCI6, STM32U073MCT6, STM32U073R8I6, STM32U073R8T6, STM32U073RBI6, STM32U073RBT6, STM32U073RCI6, STM32U073RCT6, STM32U083C-DK, STM32U083CCT6, STM32U083CCU6, STM32U083HCY6TR, STM32U083KCU6, STM32U083MCI6, STM32U083MCT6, STM32U083RCI6, STM32U083RCT6, STM32U375CET6, STM32U375CET6Q, STM32U375CEU6, STM32U375CEU6Q, STM32U375CEY6QTR, STM32U375CGT6, STM32U375CGT6Q, STM32U375CGU6, STM32U375CGU6Q, STM32U375CGY6QTR, STM32U375KEU6, STM32U375KGU6, STM32U375REI6, STM32U375REI6Q, STM32U375RET6, STM32U375RET6Q, STM32U375REY6GTR, STM32U375REY6QTR, STM32U375RGI6, STM32U375RGI6Q, STM32U375RGT6, STM32U375RGT6Q, STM32U375RGY6GTR, STM32U375RGY6QTR, STM32U375VEI6, STM32U375VEI6Q, STM32U375VET6, STM32U375VET6Q, STM32U375VGI6, STM32U375VGI6Q, STM32U375VGT6, STM32U375VGT6Q, STM32U385CGT6, STM32U385CGT6Q, STM32U385CGU6, STM32U385CGU6Q, STM32U385CGY6QTR, STM32U385KGU6, STM32U385RGI6, STM32U385RGI6Q, STM32U385RGT6, STM32U385RGT6Q, STM32U385RGY6GTR, STM32U385RGY6QTR, STM32U385VGI6, STM32U385VGI6Q, STM32U385VGT6, STM32U385VGT6Q, STM32U535CBT6, STM32U535CBT6Q, STM32U535CBU6, STM32U535CBU6Q, STM32U535CCT6, STM32U535CCT6Q, STM32U535CCU6, STM32U535CCU6Q, STM32U535CET6, STM32U535CET6Q, STM32U535CEU6, STM32U535CEU6Q, STM32U535JEY6QTR, STM32U535NCY6QTR, STM32U535NEY6QTR, STM32U535RBI6, STM32U535RBI6Q, STM32U535RBT6, STM32U535RBT6Q, STM32U535RCI6, STM32U535RCI6Q, STM32U535RCT6, STM32U535RCT6Q, STM32U535REI6, STM32U535REI6Q, STM32U535RET6, STM32U535RET6Q, STM32U535VCI6, STM32U535VCI6Q, STM32U535VCT6, STM32U535VCT6Q, STM32U535VEI6, STM32U535VEI6Q, STM32U535VET6, STM32U535VET6Q, STM32U545CET6, STM32U545CET6Q, STM32U545CEU6, STM32U545CEU6Q, STM32U545JEY6QTR, STM32U545NEY6QTR, STM32U545REI6, STM32U545REI6Q, STM32U545RET6, STM32U545RET6Q, STM32U545VEI6, STM32U545VEI6Q, STM32U545VET6, STM32U545VET6Q, STM32U595AIH6, STM32U595AIH6Q, STM32U595AJH6, STM32U595AJH6Q, STM32U595QII6, STM32U595QII6Q, STM32U595QJI6, STM32U595QJI6Q, STM32U595RIT6, STM32U595RIT6Q, STM32U595RJT6, STM32U595RJT6Q, STM32U595VIT6, STM32U595VIT6Q, STM32U595VJT6, STM32U595VJT6Q, STM32U595ZIT6, STM32U595ZIT6Q, STM32U595ZIY6QTR, STM32U595ZJT6, STM32U595ZJT6Q, STM32U595ZJY6QTR, STM32U599BJY6QTR, STM32U599NIH6Q, STM32U599NJH6Q, STM32U599VIT6Q, STM32U599VJT6, STM32U599VJT6Q, STM32U599ZIT6Q, STM32U599ZIY6QTR, STM32U599ZJT6Q, STM32U599ZJY6QTR, STM32U5A5AJH6, STM32U5A5AJH6Q, STM32U5A5QII3Q , STM32U5A5QJI6, STM32U5A5QJI6Q, STM32U5A5RJT6, STM32U5A5RJT6Q, STM32U5A5VJT6, STM32U5A5VJT6Q, STM32U5A5ZJT6, STM32U5A5ZJT6Q, STM32U5A5ZJY6QTR, STM32U5A9BJY6QTR, STM32U5A9J-DK, STM32U5A9NJH6Q, STM32U5A9VJT6Q, STM32U5A9ZJT6Q, STM32U5A9ZJY6QTR, STM32U5F7VIT6, STM32U5F7VIT6Q, STM32U5F7VJT6, STM32U5F7VJT6Q, STM32U5F9BJY6QTR, STM32U5F9NJH6Q, STM32U5F9VIT6Q, STM32U5F9VJT6Q, STM32U5F9ZIJ6QTR, STM32U5F9ZIT6Q, STM32U5F9ZJJ6QTR, STM32U5F9ZJT6Q, STM32U5G7VJT6, STM32U5G7VJT6Q, STM32U5G9BJY6QTR, STM32U5G9J-DK1, STM32U5G9J-DK2, STM32U5G9NJH6Q, STM32U5G9VJT6Q, STM32U5G9ZJJ6QTR, STM32U5G9ZJT6Q, STM32WB05KZV6TR, STM32WB05KZV7TR, STM32WB05TZF6TR, STM32WB05TZF7TR, STM32WB06CCF6TR, STM32WB06CCF7TR, STM32WB06CCV6TR, STM32WB06CCV7TR, STM32WB06KCV6TR, STM32WB06KCV7TR, STM32WB07CCF6TR, STM32WB07CCF7TR, STM32WB07CCV6TR, STM32WB07CCV7TR, STM32WB07KCV6TR, STM32WB07KCV7TR, STM32WB09KEV6TR, STM32WB09KEV7TR, STM32WB09TEF6TR, STM32WB09TEF7TR, STM32WB1MMCH6, STM32WBA50KGU6, STM32WBA50KGU6TR, STM32WBA52CEU6, STM32WBA52CEU6TR, STM32WBA52CEU7, STM32WBA52CEU7TR, STM32WBA52CGU6, STM32WBA52CGU6TR, STM32WBA52CGU6U, STM32WBA52CGU7, STM32WBA52CGU7TR, STM32WBA52KEU6, STM32WBA52KEU6TR, STM32WBA52KGU6, STM32WBA52KGU6TR, STM32WBA54CEU6, STM32WBA54CEU6TR, STM32WBA54CEU7, STM32WBA54CEU7TR, STM32WBA54CGU6, STM32WBA54CGU6TR, STM32WBA54CGU7, STM32WBA54CGU7TR, STM32WBA54KEU6, STM32WBA54KEU6TR, STM32WBA54KEU7, STM32WBA54KEU7TR, STM32WBA54KGU6, STM32WBA54KGU6TR, STM32WBA54KGU7, STM32WBA54KGU7TR, STM32WBA55CEU6, STM32WBA55CEU6TR, STM32WBA55CEU7, STM32WBA55CEU7TR, STM32WBA55CGU6, STM32WBA55CGU6TR, STM32WBA55CGU6U, STM32WBA55CGU7, STM32WBA55CGU7TR, STM32WBA55G-DK1, STM32WBA55HEF6, STM32WBA55HEF7, STM32WBA55HGF6, STM32WBA55HGF7, STM32WBA55UEI6, STM32WBA55UEI6TR, STM32WBA55UEI7, STM32WBA55UEI7TR, STM32WBA55UGI6, STM32WBA55UGI6TR, STM32WBA55UGI7, STM32WBA55UGI7TR, STM32WBA5MMGH6TR, STM32WBA62MGF6, STM32WBA62MIF6, STM32WBA65MGF7, STM32WBA65MIF6, STM32WBA65MIF7, STM32WL30K8V6, STM32WL30KBV6, STM32WL31C8V6, STM32WL31CBV6, STM32WL31K8V6, STM32WL31KBV6, STM32WL33C8V6, STM32WL33C8V6X, STM32WL33CBV6, STM32WL33CBV6X, STM32WL33CCV6, STM32WL33CCV6A, STM32WL33CCV6X, STM32WL33K8V7, STM32WL33K8V7X, STM32WL33KBV7 , STM32WL33KBV7X, STM32WL33KCV7, STM32WL33KCV7X, STM32WL5MOCH6, STM32WL5MOCH6TR]
2025-09-28 10:58:15,452 [INFO] DbMcus:218 - Found 4801 MCUs, 4801 are supported
2025-09-28 10:58:15,452 [INFO] ApiDb:423 - Load user favorites file /home/tomas1908/.stm32cubeide/favorites.mcus.txt: 2 item(s)
2025-09-28 10:58:15,452 [INFO] ApiDb:427 - User favorites MCUs=[STM32F103C8T6, STM32F446RET6]
2025-09-28 10:58:15,453 [INFO] DbMcus:224 - Set 2 / 2 favorites MCUs
2025-09-28 10:58:15,740 [INFO] ApiDb:414 - User favorites file not found: /home/tomas1908/.stm32cubeide/favorites.boards.txt
2025-09-28 10:58:15,740 [INFO] DbBoards:198 - Set 0 / 0 favorites Boards
2025-09-28 10:58:15,794 [INFO] UtilMem:75 - End LoadConfig() Used Memory: 301652512 Bytes (643825664)
2025-09-28 10:58:15,887 [WARN] ThirdParty:833 - waiting for thirdparty lock release [change project]
2025-09-28 10:58:15,887 [INFO] ThirdParty:835 - entering critical section [change project]
2025-09-28 10:58:15,888 [INFO] ThirdParty:1030 - CMSIS Pack Vendor :STMicroelectronics X-CUBE-PM33A1 1.0.0
2025-09-28 10:58:15,888 [INFO] ThirdParty:1030 - CMSIS Pack Vendor :STMicroelectronics USBPD 4.1
2025-09-28 10:58:15,888 [INFO] ThirdParty:1030 - CMSIS Pack Vendor :STMicroelectronics X-CUBE-NFC9 1.0.0
2025-09-28 10:58:15,888 [INFO] ThirdParty:1030 - CMSIS Pack Vendor :STMicroelectronics USB_HOST 2.0.0
2025-09-28 10:58:15,888 [INFO] ThirdParty:1030 - CMSIS Pack Vendor :STMicroelectronics FP-SNS-MOTENVWB1 1.4.0
2025-09-28 10:58:15,888 [INFO] ThirdParty:1030 - CMSIS Pack Vendor :STMicroelectronics X-CUBE-AZRTOS-F4 1.1.0
2025-09-28 10:58:15,888 [INFO] ThirdParty:1030 - CMSIS Pack Vendor :STMicroelectronics LIBJPEG 8.0.0
2025-09-28 10:58:15,888 [INFO] ThirdParty:1030 - CMSIS Pack Vendor :STMicroelectronics FP-ATR-ASTRA1 2.0.2
2025-09-28 10:58:15,888 [INFO] ThirdParty:1030 - CMSIS Pack Vendor :STMicroelectronics X-CUBE-BLE1 7.1.0
2025-09-28 10:58:15,888 [INFO] ThirdParty:1030 - CMSIS Pack Vendor :Avnet-IotConnect X-CUBE-IoTC-DA16k-PMOD 1.0.0
2025-09-28 10:58:15,888 [INFO] ThirdParty:1030 - CMSIS Pack Vendor :STMicroelectronics X-CUBE-SMBUS 2.1.0
2025-09-28 10:58:15,888 [INFO] ThirdParty:1030 - CMSIS Pack Vendor :STMicroelectronics USB_DEVICE 3.0.0
2025-09-28 10:58:15,888 [INFO] ThirdParty:1030 - CMSIS Pack Vendor :STMicroelectronics X-CUBE-ISPU 2.1.0
2025-09-28 10:58:15,888 [INFO] ThirdParty:1030 - CMSIS Pack Vendor :STMicroelectronics X-CUBE-AZRTOS-WB 2.0.0
2025-09-28 10:58:15,888 [INFO] ThirdParty:1030 - CMSIS Pack Vendor :STMicroelectronics X-CUBE-ST60 1.0.0
2025-09-28 10:58:15,888 [INFO] ThirdParty:1030 - CMSIS Pack Vendor :STMicroelectronics X-CUBE-GNSS1 7.0.1
2025-09-28 10:58:15,888 [INFO] ThirdParty:1030 - CMSIS Pack Vendor :STMicroelectronics X-CUBE-AZRTOS-F7 1.1.0
2025-09-28 10:58:15,888 [INFO] ThirdParty:1030 - CMSIS Pack Vendor :STMicroelectronics X-CUBE-AZRTOS-L5 2.0.0
2025-09-28 10:58:15,888 [INFO] ThirdParty:1030 - CMSIS Pack Vendor :STMicroelectronics X-CUBE-TOUCHGFX 4.25.0
2025-09-28 10:58:15,888 [INFO] ThirdParty:1030 - CMSIS Pack Vendor :STMicroelectronics USB_DEVICE 2.0.0
2025-09-28 10:58:15,888 [INFO] ThirdParty:1030 - CMSIS Pack Vendor :STMicroelectronics X-CUBE-NFC6 3.1.0
2025-09-28 10:58:15,888 [INFO] ThirdParty:1030 - CMSIS Pack Vendor :Cesanta I-CUBE-Mongoose 7.19.0
2025-09-28 10:58:15,888 [INFO] ThirdParty:1030 - CMSIS Pack Vendor :quantropi X-CUBE-qispace-sdk-base 2.1.0
2025-09-28 10:58:15,888 [INFO] ThirdParty:1030 - CMSIS Pack Vendor :STMicroelectronics FreeRTOS 0.0.1
2025-09-28 10:58:15,888 [INFO] ThirdParty:1030 - CMSIS Pack Vendor :STMicroelectronics X-CUBE-AZRTOS-G0 1.1.0
2025-09-28 10:58:15,888 [INFO] ThirdParty:1030 - CMSIS Pack Vendor :STMicroelectronics X-CUBE-SAFEA1 1.2.2
2025-09-28 10:58:15,888 [INFO] ThirdParty:1030 - CMSIS Pack Vendor :STMicroelectronics X-CUBE-NFC4 3.0.0
2025-09-28 10:58:15,888 [INFO] ThirdParty:1030 - CMSIS Pack Vendor :STMicroelectronics X-CUBE-SUBG2 5.0.0
2025-09-28 10:58:15,888 [INFO] ThirdParty:1030 - CMSIS Pack Vendor :STMicroelectronics X-CUBE-AZRTOS-H7RS 1.1.0
2025-09-28 10:58:15,888 [INFO] ThirdParty:1030 - CMSIS Pack Vendor :STMicroelectronics STM32_WPAN 1.0.0
2025-09-28 10:58:15,888 [INFO] ThirdParty:1030 - CMSIS Pack Vendor :EmbeddedOffice I-CUBE-FS-RTOS 1.0.1
2025-09-28 10:58:15,889 [INFO] ThirdParty:1030 - CMSIS Pack Vendor :STMicroelectronics lwIP 2.0.3
2025-09-28 10:58:15,889 [INFO] ThirdParty:1030 - CMSIS Pack Vendor :WES I-CUBE-Cesium 1.4.0
2025-09-28 10:58:15,889 [INFO] ThirdParty:1030 - CMSIS Pack Vendor :STMicroelectronics USB_HOST 1.0.0
2025-09-28 10:58:15,889 [INFO] ThirdParty:1030 - CMSIS Pack Vendor :Infineon AIROC-Wi-Fi-Bluetooth-STM32 1.7.1
2025-09-28 10:58:15,889 [INFO] ThirdParty:1030 - CMSIS Pack Vendor :STMicroelectronics X-CUBE-AZRTOS-G4 2.0.0
2025-09-28 10:58:15,889 [INFO] ThirdParty:1030 - CMSIS Pack Vendor :STMicroelectronics X-CUBE-WB05N 2.0.0
2025-09-28 10:58:15,889 [INFO] ThirdParty:1030 - CMSIS Pack Vendor :STMicroelectronics PDM2PCM 3.1.0
2025-09-28 10:58:15,889 [INFO] ThirdParty:1030 - CMSIS Pack Vendor :STMicroelectronics PDM2PCM 3.3.0
2025-09-28 10:58:15,889 [INFO] ThirdParty:1030 - CMSIS Pack Vendor :STMicroelectronics X-CUBE-DISPLAY 3.0.0
2025-09-28 10:58:15,889 [INFO] ThirdParty:1030 - CMSIS Pack Vendor :wolfSSL I-CUBE-wolfSSH 1.4.20
2025-09-28 10:58:15,889 [INFO] ThirdParty:1030 - CMSIS Pack Vendor :STMicroelectronics X-CUBE-NFC7 2.0.0
2025-09-28 10:58:15,889 [INFO] ThirdParty:1030 - CMSIS Pack Vendor :STMicroelectronics X-CUBE-TCPP 4.2.0
2025-09-28 10:58:15,889 [INFO] ThirdParty:1030 - CMSIS Pack Vendor :RealThread X-CUBE-RT-Thread_Nano 4.1.1
2025-09-28 10:58:15,889 [INFO] ThirdParty:1030 - CMSIS Pack Vendor :STMicroelectronics FP-ATR-SIGFOX1 3.2.0
2025-09-28 10:58:15,889 [INFO] ThirdParty:1030 - CMSIS Pack Vendor :STMicroelectronics X-CUBE-NFC10 1.0.0
2025-09-28 10:58:15,889 [INFO] ThirdParty:1030 - CMSIS Pack Vendor :STMicroelectronics X-CUBE-FREERTOS 1.3.1
2025-09-28 10:58:15,889 [INFO] ThirdParty:1030 - CMSIS Pack Vendor :STMicroelectronics HAL Drivers 0.0.0
2025-09-28 10:58:15,889 [INFO] ThirdParty:1030 - CMSIS Pack Vendor :STMicroelectronics MBEDTLS 2.16.2
2025-09-28 10:58:15,889 [INFO] ThirdParty:1030 - CMSIS Pack Vendor :STMicroelectronics X-CUBE-IPS 3.1.0
2025-09-28 10:58:15,889 [INFO] ThirdParty:1030 - CMSIS Pack Vendor :STMicroelectronics X-CUBE-ALS 1.0.2
2025-09-28 10:58:15,889 [INFO] ThirdParty:1030 - CMSIS Pack Vendor :emotas I-CUBE-CANOPEN 1.3.0
2025-09-28 10:58:15,889 [INFO] ThirdParty:1030 - CMSIS Pack Vendor :STMicroelectronics MBEDTLS 2.14.1
2025-09-28 10:58:15,889 [INFO] ThirdParty:1030 - CMSIS Pack Vendor :ITTIA_DB I-CUBE-ITTIADB 8.9.0
2025-09-28 10:58:15,889 [INFO] ThirdParty:1030 - CMSIS Pack Vendor :STMicroelectronics X-CUBE-ST67W61 1.0.0
2025-09-28 10:58:15,889 [INFO] ThirdParty:1030 - CMSIS Pack Vendor :STMicroelectronics ThreadX 1.0.0
2025-09-28 10:58:15,889 [INFO] ThirdParty:1030 - CMSIS Pack Vendor :STMicroelectronics FP-SNS-SMARTAG2 1.2.0
2025-09-28 10:58:15,889 [INFO] ThirdParty:1030 - CMSIS Pack Vendor :STMicroelectronics FP-SNS-FLIGHT1 5.1.0
2025-09-28 10:58:15,889 [INFO] ThirdParty:1030 - CMSIS Pack Vendor :STMicroelectronics X-CUBE-AZRTOS-WL 2.0.0
2025-09-28 10:58:15,889 [INFO] ThirdParty:1030 - CMSIS Pack Vendor :SEGGER I-CUBE-embOS 1.3.1
2025-09-28 10:58:15,889 [INFO] ThirdParty:1030 - CMSIS Pack Vendor :STMicroelectronics X-CUBE-ALGOBUILD 1.4.0
2025-09-28 10:58:15,889 [INFO] ThirdParty:1030 - CMSIS Pack Vendor :STMicroelectronics X-CUBE-DPower 1.3.0
2025-09-28 10:58:15,889 [INFO] ThirdParty:1030 - CMSIS Pack Vendor :STMicroelectronics X-CUBE-MEMS1 11.3.0
2025-09-28 10:58:15,889 [INFO] ThirdParty:1030 - CMSIS Pack Vendor :STMicroelectronics FP-SNS-MOTENV1 5.0.0
2025-09-28 10:58:15,889 [INFO] ThirdParty:1030 - CMSIS Pack Vendor :STMicroelectronics USB_DEVICE 1.0.0
2025-09-28 10:58:15,889 [INFO] ThirdParty:1030 - CMSIS Pack Vendor :STMicroelectronics X-CUBE-AZRTOS-L4 2.0.0
2025-09-28 10:58:15,889 [INFO] ThirdParty:1030 - CMSIS Pack Vendor :STMicroelectronics ThreadX 0.0.2
2025-09-28 10:58:15,889 [INFO] ThirdParty:1030 - CMSIS Pack Vendor :STMicroelectronics lwIP 2.1.2
2025-09-28 10:58:15,889 [INFO] ThirdParty:1030 - CMSIS Pack Vendor :STMicroelectronics X-CUBE-SFXS2LP1 4.0.0
2025-09-28 10:58:15,889 [INFO] ThirdParty:1030 - CMSIS Pack Vendor :STMicroelectronics X-CUBE-BLE2 3.3.0
2025-09-28 10:58:15,889 [INFO] ThirdParty:1030 - CMSIS Pack Vendor :STMicroelectronics X-CUBE-TOF1 3.4.3
2025-09-28 10:58:15,889 [INFO] ThirdParty:1030 - CMSIS Pack Vendor :STMicroelectronics PDM2PCM 3.2.0
2025-09-28 10:58:15,890 [INFO] ThirdParty:841 - exiting critical section [change project]
2025-09-28 10:58:16,222 [INFO] PinOutPanel:1589 - setPackage(No Configuration,No Configuration)
2025-09-28 10:58:16,223 [INFO] PinOutPanel:1589 - setPackage(STM32F446RETx,LQFP64)
2025-09-28 10:58:16,662 [INFO] UtilMem:75 - Before build in PCC Used Memory: 243124784 Bytes (643825664)
2025-09-28 10:58:17,105 [INFO] UtilMem:75 - After build in PCC Used Memory: 375245304 Bytes (643825664)
2025-09-28 10:58:17,129 [INFO] IPUIPlugin:80 - create IPUIPlugin
2025-09-28 10:58:17,129 [INFO] IPUIPlugin:80 - create IPUIPlugin
2025-09-28 10:58:17,129 [INFO] IPUIPlugin:80 - create IPUIPlugin
2025-09-28 10:58:17,129 [INFO] IPUIPlugin:80 - create IPUIPlugin
2025-09-28 10:58:17,129 [INFO] IPUIPlugin:80 - create IPUIPlugin
2025-09-28 10:58:17,129 [INFO] IPUIPlugin:80 - create IPUIPlugin
2025-09-28 10:58:17,130 [INFO] IPUIPlugin:80 - create IPUIPlugin
2025-09-28 10:58:17,130 [INFO] IPUIPlugin:80 - create IPUIPlugin
2025-09-28 10:58:17,130 [INFO] IPUIPlugin:80 - create IPUIPlugin
2025-09-28 10:58:17,130 [INFO] IPUIPlugin:80 - create IPUIPlugin
2025-09-28 10:58:17,130 [INFO] IPUIPlugin:80 - create IPUIPlugin
2025-09-28 10:58:17,130 [INFO] IPUIPlugin:80 - create IPUIPlugin
2025-09-28 10:58:17,130 [INFO] IPUIPlugin:80 - create IPUIPlugin
2025-09-28 10:58:17,130 [INFO] IPUIPlugin:80 - create IPUIPlugin
2025-09-28 10:58:17,130 [INFO] IPUIPlugin:80 - create IPUIPlugin
2025-09-28 10:58:17,130 [INFO] IPUIPlugin:80 - create IPUIPlugin
2025-09-28 10:58:17,130 [INFO] IPUIPlugin:80 - create IPUIPlugin
2025-09-28 10:58:17,130 [INFO] IPUIPlugin:80 - create IPUIPlugin
2025-09-28 10:58:17,130 [INFO] IPUIPlugin:80 - create IPUIPlugin
2025-09-28 10:58:17,130 [INFO] IPUIPlugin:80 - create IPUIPlugin
2025-09-28 10:58:17,130 [INFO] IPUIPlugin:80 - create IPUIPlugin
2025-09-28 10:58:17,131 [INFO] IPUIPlugin:80 - create IPUIPlugin
2025-09-28 10:58:17,131 [INFO] IPUIPlugin:80 - create IPUIPlugin
2025-09-28 10:58:17,131 [INFO] IPUIPlugin:80 - create IPUIPlugin
2025-09-28 10:58:17,131 [INFO] IPUIPlugin:80 - create IPUIPlugin
2025-09-28 10:58:17,131 [INFO] IPUIPlugin:80 - create IPUIPlugin
2025-09-28 10:58:17,131 [INFO] IPUIPlugin:80 - create IPUIPlugin
2025-09-28 10:58:17,131 [INFO] IPUIPlugin:80 - create IPUIPlugin
2025-09-28 10:58:17,132 [INFO] IPUIPlugin:80 - create IPUIPlugin
2025-09-28 10:58:17,132 [INFO] IPUIPlugin:80 - create IPUIPlugin
2025-09-28 10:58:17,132 [INFO] IPUIPlugin:80 - create IPUIPlugin
2025-09-28 10:58:17,132 [INFO] IPUIPlugin:80 - create IPUIPlugin
2025-09-28 10:58:17,132 [INFO] IPUIPlugin:80 - create IPUIPlugin
2025-09-28 10:58:17,132 [INFO] IPUIPlugin:80 - create IPUIPlugin
2025-09-28 10:58:17,132 [INFO] IPUIPlugin:80 - create IPUIPlugin
2025-09-28 10:58:17,133 [INFO] IPUIPlugin:80 - create IPUIPlugin
2025-09-28 10:58:17,133 [INFO] IPUIPlugin:80 - create IPUIPlugin
2025-09-28 10:58:17,133 [INFO] IPUIPlugin:80 - create IPUIPlugin
2025-09-28 10:58:17,133 [INFO] IPUIPlugin:80 - create IPUIPlugin
2025-09-28 10:58:17,133 [INFO] IPUIPlugin:80 - create IPUIPlugin
2025-09-28 10:58:17,133 [INFO] IPUIPlugin:80 - create IPUIPlugin
2025-09-28 10:58:17,133 [INFO] IPUIPlugin:80 - create IPUIPlugin
2025-09-28 10:58:17,133 [INFO] IPUIPlugin:80 - create IPUIPlugin
2025-09-28 10:58:17,134 [INFO] IPUIPlugin:80 - create IPUIPlugin
2025-09-28 10:58:17,134 [INFO] IPUIPlugin:80 - create IPUIPlugin
2025-09-28 10:58:17,134 [INFO] IPUIPlugin:80 - create IPUIPlugin
2025-09-28 10:58:17,134 [INFO] IPUIPlugin:80 - create IPUIPlugin
2025-09-28 10:58:17,134 [INFO] IPUIPlugin:80 - create IPUIPlugin
2025-09-28 10:58:17,134 [INFO] IPUIPlugin:80 - create IPUIPlugin
2025-09-28 10:58:17,134 [INFO] IPUIPlugin:80 - create IPUIPlugin
2025-09-28 10:58:17,135 [INFO] IPUIPlugin:80 - create IPUIPlugin
2025-09-28 10:58:17,135 [INFO] IPUIPlugin:80 - create IPUIPlugin
2025-09-28 10:58:17,135 [INFO] IPUIPlugin:80 - create IPUIPlugin
2025-09-28 10:58:17,135 [INFO] IPUIPlugin:80 - create IPUIPlugin
2025-09-28 10:58:17,135 [INFO] IPUIPlugin:80 - create IPUIPlugin
2025-09-28 10:58:17,136 [INFO] IPUIPlugin:80 - create IPUIPlugin
2025-09-28 10:58:17,136 [INFO] IPUIPlugin:80 - create IPUIPlugin
2025-09-28 10:58:17,136 [INFO] IPUIPlugin:80 - create IPUIPlugin
2025-09-28 10:58:17,136 [INFO] IPUIPlugin:80 - create IPUIPlugin
2025-09-28 10:58:17,136 [INFO] IPUIPlugin:80 - create IPUIPlugin
2025-09-28 10:58:17,157 [INFO] ApiDbMcu:532 - Load IP Config File for PDM2PCM
2025-09-28 10:58:17,263 [INFO] CADModel:165 - CPN selected for project levelSTM32F446RET6
2025-09-28 10:58:17,263 [INFO] CADModel:114 - Register for checkConnection events
2025-09-28 10:58:17,301 [INFO] OpenFileManager:386 - Restore cursor
2025-09-28 10:58:29,673 [INFO] NvicIntPanel:101 - NVIC parent = com.st.microxplorer.plugins.ip.nvic.MultiNvicIntPanel[,0,0,0x0,invalid,layout=javax.swing.BoxLayout,alignmentX=0.0,alignmentY=0.0,border=,flags=9,maximumSize=,minimumSize=,preferredSize=]
2025-09-28 10:58:31,653 [INFO] UtilMem:75 - End SaveConfig() Used Memory: 392924920 Bytes (643825664)
2025-09-28 10:58:31,703 [INFO] UtilMem:75 - End SaveConfig() Used Memory: 415993592 Bytes (643825664)
2025-09-28 10:58:31,898 [INFO] UtilMem:75 - End SaveConfig() Used Memory: 452730680 Bytes (643825664)
2025-09-28 10:58:32,193 [INFO] BlockDiagram:2775 - set Specific Code input for plugin: SYS
2025-09-28 10:58:32,193 [INFO] BlockDiagram:2775 - set Specific Code input for plugin: RCC
2025-09-28 10:58:32,193 [INFO] BlockDiagram:2775 - set Specific Code input for plugin: NVIC
2025-09-28 10:58:32,194 [INFO] BlockDiagram:2775 - set Specific Code input for plugin: USART
2025-09-28 10:58:32,194 [INFO] BlockDiagram:2775 - set Specific Code input for plugin: GPIO
2025-09-28 10:58:32,194 [INFO] CodeGenerator:892 - code generatio: config db path: /opt/st/stm32cubeide_1.19.0/plugins/com.st.stm32cube.common.mx_6.15.0.202507011659//db/
2025-09-28 10:58:32,371 [INFO] CodeEngine:265 - oldGeneratedFile, /home/tomas1908/STM32CubeIDE/workspace_1.19.0/pdm/ej1_p5/MXTmpFiles/license.tmp_save
2025-09-28 10:58:32,680 [INFO] CodeEngine:289 - Generated code: /home/tomas1908/STM32CubeIDE/workspace_1.19.0/pdm/ej1_p5/MXTmpFiles/license.tmp
2025-09-28 10:58:32,732 [INFO] CodeEngine:265 - oldGeneratedFile, /home/tomas1908/STM32CubeIDE/workspace_1.19.0/pdm/ej1_p5/MXTmpFiles/gpio.tmp_save
2025-09-28 10:58:32,817 [INFO] CodeEngine:289 - Generated code: /home/tomas1908/STM32CubeIDE/workspace_1.19.0/pdm/ej1_p5/MXTmpFiles/gpio.tmp
2025-09-28 10:58:32,855 [INFO] CodeEngine:265 - oldGeneratedFile, /home/tomas1908/STM32CubeIDE/workspace_1.19.0/pdm/ej1_p5/Core/Src/stm32f4xx_it.c_save
2025-09-28 10:58:32,920 [INFO] CodeEngine:289 - Generated code: /home/tomas1908/STM32CubeIDE/workspace_1.19.0/pdm/ej1_p5/Core/Src/stm32f4xx_it.c
2025-09-28 10:58:32,922 [INFO] CodeEngine:265 - oldGeneratedFile, /home/tomas1908/STM32CubeIDE/workspace_1.19.0/pdm/ej1_p5/Core/Inc/stm32f4xx_it.h_save
2025-09-28 10:58:32,965 [INFO] CodeEngine:289 - Generated code: /home/tomas1908/STM32CubeIDE/workspace_1.19.0/pdm/ej1_p5/Core/Inc/stm32f4xx_it.h
2025-09-28 10:58:32,970 [INFO] CodeEngine:265 - oldGeneratedFile, /home/tomas1908/STM32CubeIDE/workspace_1.19.0/pdm/ej1_p5/Core/Src/stm32f4xx_hal_msp.c_save
2025-09-28 10:58:33,046 [INFO] CodeEngine:289 - Generated code: /home/tomas1908/STM32CubeIDE/workspace_1.19.0/pdm/ej1_p5/Core/Src/stm32f4xx_hal_msp.c
2025-09-28 10:58:33,047 [INFO] CodeEngine:265 - oldGeneratedFile, /home/tomas1908/STM32CubeIDE/workspace_1.19.0/pdm/ej1_p5/MXTmpFiles/system.tmp_save
2025-09-28 10:58:33,089 [INFO] CodeEngine:289 - Generated code: /home/tomas1908/STM32CubeIDE/workspace_1.19.0/pdm/ej1_p5/MXTmpFiles/system.tmp
2025-09-28 10:58:33,092 [INFO] CodeEngine:321 - oldGeneratedFile, /home/tomas1908/STM32CubeIDE/workspace_1.19.0/pdm/ej1_p5/Core/Inc/stm32f4xx_hal_conf.h_save
2025-09-28 10:58:33,140 [INFO] CodeEngine:345 - Generated code: /home/tomas1908/STM32CubeIDE/workspace_1.19.0/pdm/ej1_p5/Core/Inc/stm32f4xx_hal_conf.h
2025-09-28 10:58:33,159 [WARN] IPConfigManager:3238 - Warning: the RefConfig PLL2P_FOR_MCO is not available in your config.xml file
2025-09-28 10:58:33,164 [INFO] ApiDbMcu:532 - Load IP Config File for USART1
2025-09-28 10:58:33,168 [INFO] ApiDbMcu:532 - Load IP Config File for RCC
2025-09-28 10:58:33,173 [INFO] CodeEngine:265 - oldGeneratedFile, /home/tomas1908/STM32CubeIDE/workspace_1.19.0/pdm/ej1_p5/Core/Inc/main.h_save
2025-09-28 10:58:33,232 [INFO] CodeEngine:289 - Generated code: /home/tomas1908/STM32CubeIDE/workspace_1.19.0/pdm/ej1_p5/Core/Inc/main.h
2025-09-28 10:58:33,234 [INFO] CodeEngine:265 - oldGeneratedFile, /home/tomas1908/STM32CubeIDE/workspace_1.19.0/pdm/ej1_p5/Core/Src/main.c_save
2025-09-28 10:58:33,323 [INFO] CodeEngine:289 - Generated code: /home/tomas1908/STM32CubeIDE/workspace_1.19.0/pdm/ej1_p5/Core/Src/main.c
2025-09-28 10:58:33,515 [INFO] ProjectBuilder:3606 - Time for Copy HAL[1] : 29mS.
2025-09-28 10:58:33,518 [INFO] ProjectBuilder:5216 - Project Generator version: 4.7.0-B52
2025-09-28 10:58:33,573 [INFO] ConfigFileManager:1595 - The Die is : DIE421
2025-09-28 10:58:33,578 [INFO] ApiDbMcu:532 - Load IP Config File for FATFS
2025-09-28 10:58:33,581 [INFO] ApiDbMcu:532 - Load IP Config File for FREERTOS
2025-09-28 10:58:33,582 [INFO] ApiDbMcu:532 - Load IP Config File for LIBJPEG
2025-09-28 10:58:33,586 [INFO] ApiDbMcu:532 - Load IP Config File for MBEDTLS
2025-09-28 10:58:33,592 [INFO] ApiDbMcu:532 - Load IP Config File for USB_DEVICE
2025-09-28 10:58:33,594 [INFO] ApiDbMcu:532 - Load IP Config File for USB_HOST
2025-09-28 10:58:33,852 [INFO] LogOutputStream:77 - [STDOUT_REDIRECT] 
2025-09-28 10:58:34,280 [INFO] ProjectBuilder:5496 - Time for Generating toolchain IDE Files: 761mS.
2025-09-28 10:58:34,280 [INFO] ProjectBuilder:3463 - Time for Copy CMSIS : 0mS.
2025-09-28 10:58:34,281 [INFO] ProjectBuilder:3463 - Time for Copy CMSIS : 1mS.
2025-09-28 10:58:41,231 [ERROR] LogOutputStream:75 - [STDERR_REDIRECT] Sep 28, 2025 10:58:41 AM java.util.prefs.FileSystemPreferences checkLockFile0ErrorCode
2025-09-28 10:58:41,232 [ERROR] LogOutputStream:75 - [STDERR_REDIRECT] WARNING: Could not lock System prefs. Unix error code 2.
2025-09-28 10:58:41,232 [ERROR] LogOutputStream:75 - [STDERR_REDIRECT] 
2025-09-28 10:58:41,233 [ERROR] LogOutputStream:75 - [STDERR_REDIRECT] Sep 28, 2025 10:58:41 AM java.util.prefs.FileSystemPreferences syncWorld
2025-09-28 10:58:41,233 [ERROR] LogOutputStream:75 - [STDERR_REDIRECT] WARNING: Couldn't flush system prefs: java.util.prefs.BackingStoreException: Couldn't get file lock.
2025-09-28 10:58:41,234 [ERROR] LogOutputStream:75 - [STDERR_REDIRECT] 
2025-09-28 10:59:11,203 [ERROR] LogOutputStream:75 - [STDERR_REDIRECT] Sep 28, 2025 10:59:11 AM java.util.prefs.FileSystemPreferences checkLockFile0ErrorCode
2025-09-28 10:59:11,204 [ERROR] LogOutputStream:75 - [STDERR_REDIRECT] WARNING: Could not lock System prefs. Unix error code 2.
2025-09-28 10:59:11,204 [ERROR] LogOutputStream:75 - [STDERR_REDIRECT] 
2025-09-28 10:59:11,205 [ERROR] LogOutputStream:75 - [STDERR_REDIRECT] Sep 28, 2025 10:59:11 AM java.util.prefs.FileSystemPreferences syncWorld
2025-09-28 10:59:11,205 [ERROR] LogOutputStream:75 - [STDERR_REDIRECT] WARNING: Couldn't flush system prefs: java.util.prefs.BackingStoreException: Couldn't get file lock.
2025-09-28 10:59:11,206 [ERROR] LogOutputStream:75 - [STDERR_REDIRECT] 
2025-09-28 10:59:41,201 [ERROR] LogOutputStream:75 - [STDERR_REDIRECT] Sep 28, 2025 10:59:41 AM java.util.prefs.FileSystemPreferences checkLockFile0ErrorCode
2025-09-28 10:59:41,201 [ERROR] LogOutputStream:75 - [STDERR_REDIRECT] WARNING: Could not lock System prefs. Unix error code 2.
2025-09-28 10:59:41,201 [ERROR] LogOutputStream:75 - [STDERR_REDIRECT] 
2025-09-28 10:59:41,202 [ERROR] LogOutputStream:75 - [STDERR_REDIRECT] Sep 28, 2025 10:59:41 AM java.util.prefs.FileSystemPreferences syncWorld
2025-09-28 10:59:41,202 [ERROR] LogOutputStream:75 - [STDERR_REDIRECT] WARNING: Couldn't flush system prefs: java.util.prefs.BackingStoreException: Couldn't get file lock.
2025-09-28 10:59:41,202 [ERROR] LogOutputStream:75 - [STDERR_REDIRECT] 
2025-09-28 11:00:10,345 [ERROR] LogOutputStream:75 - [STDERR_REDIRECT] 
2025-09-28 11:00:16,295 [INFO] Activator:176 - 


2025-09-28 11:00:16,296 [INFO] Activator:177 - !SESSION log4j initialized
2025-09-28 11:00:19,698 [INFO] LogOutputStream:77 - [STDOUT_REDIRECT] 
2025-09-28 11:00:21,024 [INFO] ApplicationProperties:184 - Using Application install path: /opt/st/stm32cubeide_1.19.0/plugins/com.st.stm32cube.common.mx_6.15.0.202507011659
2025-09-28 11:00:21,036 [INFO] DbMcusXml:78 - Set database path to: /opt/st/stm32cubeide_1.19.0/plugins/com.st.stm32cube.common.mx_6.15.0.202507011659//db//mcu/
2025-09-28 11:00:21,036 [INFO] ApiDb:274 - Set plugin database path to: /opt/st/stm32cubeide_1.19.0/plugins/com.st.stm32cube.common.mx_6.15.0.202507011659//db//plugins/boardmanager/
2025-09-28 11:00:21,036 [WARN] ApiDb:259 - Overriding images path with different value:  => /opt/st/stm32cubeide_1.19.0/plugins/com.st.stm32cube.common.mx_6.15.0.202507011659//db//plugins/mcufinder/images/
2025-09-28 11:00:21,039 [INFO] ApiDb:250 - Set database path to: /home/tomas1908/.stmcufinder/plugins/mcufinder//mcu/
2025-09-28 11:00:21,039 [INFO] DbMcusAds:125 - Set database path to: /home/tomas1908/.stmcufinder/plugins/mcufinder//mcu/
2025-09-28 11:00:21,040 [INFO] CrossReferenceDbSqlite:203 - Set database path to: /home/tomas1908/.stmcufinder/plugins/mcufinder//mcu/cs/
2025-09-28 11:00:21,124 [INFO] RulesReader:64 - Compatibility file has been processed (317 Rules)
2025-09-28 11:00:21,162 [INFO] DbMcusXml:78 - Set database path to: /opt/st/stm32cubeide_1.19.0/plugins/com.st.stm32cube.common.mx_6.15.0.202507011659//db//mcu/
2025-09-28 11:00:21,162 [INFO] ApiDb:274 - Set plugin database path to: /opt/st/stm32cubeide_1.19.0/plugins/com.st.stm32cube.common.mx_6.15.0.202507011659//db//plugins/boardmanager/
2025-09-28 11:00:21,162 [INFO] ApiDb:261 - Set plugin images path to: /opt/st/stm32cubeide_1.19.0/plugins/com.st.stm32cube.common.mx_6.15.0.202507011659//db//plugins/mcufinder/images/
2025-09-28 11:00:21,162 [WARN] DbFile:41 - Overriding database path with different value: /home/tomas1908/.stmcufinder/plugins/mcufinder/ => /home/tomas1908/.stmcufinder/plugins/mcufinder
2025-09-28 11:00:21,162 [INFO] ApiDb:250 - Set database path to: /home/tomas1908/.stmcufinder/plugins/mcufinder//mcu/
2025-09-28 11:00:21,162 [WARN] DbFile:41 - Overriding database path with different value: /home/tomas1908/.stmcufinder/plugins/mcufinder/ => /home/tomas1908/.stmcufinder/plugins/mcufinder
2025-09-28 11:00:21,163 [INFO] DbMcusAds:125 - Set database path to: /home/tomas1908/.stmcufinder/plugins/mcufinder//mcu/
2025-09-28 11:00:21,163 [WARN] DbFile:41 - Overriding database path with different value: /home/tomas1908/.stmcufinder/plugins/mcufinder/ => /home/tomas1908/.stmcufinder/plugins/mcufinder
2025-09-28 11:00:21,163 [WARN] DbFile:41 - Overriding database path with different value: /home/tomas1908/.stmcufinder/plugins/mcufinder/ => /home/tomas1908/.stmcufinder/plugins/mcufinder
2025-09-28 11:00:21,163 [INFO] CrossReferenceDbSqlite:203 - Set database path to: /home/tomas1908/.stmcufinder/plugins/mcufinder//mcu/cs/
2025-09-28 11:00:21,198 [INFO] MainPanel:274 - HeapMemory: 268435456
2025-09-28 11:00:21,270 [INFO] DbMcusXml:78 - Set database path to: /opt/st/stm32cubeide_1.19.0/plugins/com.st.stm32cube.common.mx_6.15.0.202507011659//db//mcu/
2025-09-28 11:00:21,270 [INFO] ApiDb:274 - Set plugin database path to: /opt/st/stm32cubeide_1.19.0/plugins/com.st.stm32cube.common.mx_6.15.0.202507011659//db//plugins/boardmanager/
2025-09-28 11:00:21,270 [INFO] ApiDb:261 - Set plugin images path to: /opt/st/stm32cubeide_1.19.0/plugins/com.st.stm32cube.common.mx_6.15.0.202507011659//db//plugins/mcufinder/images/
2025-09-28 11:00:21,271 [WARN] DbFile:41 - Overriding database path with different value: /home/tomas1908/.stmcufinder/plugins/mcufinder/ => /home/tomas1908/.stmcufinder/plugins/mcufinder
2025-09-28 11:00:21,271 [INFO] ApiDb:250 - Set database path to: /home/tomas1908/.stmcufinder/plugins/mcufinder//mcu/
2025-09-28 11:00:21,271 [WARN] DbFile:41 - Overriding database path with different value: /home/tomas1908/.stmcufinder/plugins/mcufinder/ => /home/tomas1908/.stmcufinder/plugins/mcufinder
2025-09-28 11:00:21,271 [INFO] DbMcusAds:125 - Set database path to: /home/tomas1908/.stmcufinder/plugins/mcufinder//mcu/
2025-09-28 11:00:21,271 [WARN] DbFile:41 - Overriding database path with different value: /home/tomas1908/.stmcufinder/plugins/mcufinder/ => /home/tomas1908/.stmcufinder/plugins/mcufinder
2025-09-28 11:00:21,271 [WARN] DbFile:41 - Overriding database path with different value: /home/tomas1908/.stmcufinder/plugins/mcufinder/ => /home/tomas1908/.stmcufinder/plugins/mcufinder
2025-09-28 11:00:21,271 [INFO] CrossReferenceDbSqlite:203 - Set database path to: /home/tomas1908/.stmcufinder/plugins/mcufinder//mcu/cs/
2025-09-28 11:00:21,280 [INFO] ApplicationProperties:184 - Using Application install path: /opt/st/stm32cubeide_1.19.0/plugins/com.st.stm32cube.common.mx_6.15.0.202507011659
2025-09-28 11:00:21,282 [INFO] PluginManage:196 - Search for loadable plugins [exclusion list=, ]
2025-09-28 11:00:21,282 [INFO] PluginManage:310 - Check plugin analytics
2025-09-28 11:00:21,388 [INFO] AnalyticsPlugin:253 - Accepted Software Licenses: 
2025-09-28 11:00:21,389 [INFO] AnalyticsPlugin:255 - Accepted CMSIS Pack Licenses: 
2025-09-28 11:00:21,389 [INFO] AnalyticsPlugin:257 - Accepted Firmware Licenses: FW.F4.1.28.0
2025-09-28 11:00:21,391 [INFO] PluginManage:359 - Loaded plugin analytics (category:tool,tabindex:-1)
2025-09-28 11:00:21,391 [INFO] PluginManage:310 - Check plugin cadmodel
2025-09-28 11:00:21,393 [INFO] CADModel:105 - Init CAD model plugin
2025-09-28 11:00:21,393 [INFO] PluginManage:359 - Loaded plugin cadmodel (category:power,tabindex:5)
2025-09-28 11:00:21,393 [INFO] PluginManage:310 - Check plugin clock
2025-09-28 11:00:21,399 [INFO] PluginManage:359 - Loaded plugin clock (category:base,tabindex:2)
2025-09-28 11:00:21,399 [INFO] PluginManage:310 - Check plugin ddr
2025-09-28 11:00:21,400 [INFO] PluginManage:359 - Loaded plugin ddr (category:tool,tabindex:6)
2025-09-28 11:00:21,401 [INFO] PluginManage:310 - Check plugin filemanager
2025-09-28 11:00:21,492 [INFO] PluginManage:359 - Loaded plugin filemanager (category:base,tabindex:10)
2025-09-28 11:00:21,492 [INFO] PluginManage:310 - Check plugin ipmanager
2025-09-28 11:00:21,496 [INFO] PluginManage:359 - Loaded plugin ipmanager (category:base,tabindex:5)
2025-09-28 11:00:21,496 [INFO] PluginManage:310 - Check plugin lpbam
2025-09-28 11:00:21,503 [INFO] PluginManage:359 - Loaded plugin lpbam (category:base,tabindex:0)
2025-09-28 11:00:21,504 [INFO] PluginManage:310 - Check plugin memorymap
2025-09-28 11:00:21,511 [INFO] PluginManage:359 - Loaded plugin memorymap (category:base,tabindex:4)
2025-09-28 11:00:21,511 [INFO] PluginManage:310 - Check plugin pinoutandconfiguration
2025-09-28 11:00:21,515 [INFO] PluginManage:359 - Loaded plugin pinoutandconfiguration (category:base,tabindex:1)
2025-09-28 11:00:21,515 [INFO] PluginManage:310 - Check plugin pinoutconfig
2025-09-28 11:00:21,580 [WARN] SupportedApi:132 - Cannot load RTOS API schema: s4s-elt-must-match.1: The content of 'definitions' must match (annotation?, (simpleType | complexType)?, (unique | key | keyref)*)). A problem was found starting at: attribute.
2025-09-28 11:00:21,658 [INFO] PluginManage:359 - Loaded plugin pinoutconfig (category:base,tabindex:0)
2025-09-28 11:00:21,658 [INFO] PluginManage:310 - Check plugin power
2025-09-28 11:00:21,662 [INFO] PluginManage:359 - Loaded plugin power (category:power,tabindex:4)
2025-09-28 11:00:21,662 [INFO] PluginManage:310 - Check plugin projectmanager
2025-09-28 11:00:21,674 [INFO] PluginManage:359 - Loaded plugin projectmanager (category:projectmanager,tabindex:4)
2025-09-28 11:00:21,675 [INFO] PluginManage:310 - Check plugin rif
2025-09-28 11:00:21,682 [INFO] PluginManage:359 - Loaded plugin rif (category:base,tabindex:3)
2025-09-28 11:00:21,685 [INFO] PluginManage:310 - Check plugin thirdparty
2025-09-28 11:00:21,781 [INFO] PluginManage:359 - Loaded plugin thirdparty (category:base,tabindex:-1)
2025-09-28 11:00:21,781 [WARN] IntegrityCheckThread:84 - waiting for thirdparty lock release [integrity check]
2025-09-28 11:00:21,781 [INFO] PluginManage:310 - Check plugin tools
2025-09-28 11:00:21,781 [INFO] IntegrityCheckThread:86 - entering critical section [integrity check]
2025-09-28 11:00:21,781 [INFO] ThirdPartyUpdaterWithRetryManager:70 - Updater plugin not ready yet. [1/15]
2025-09-28 11:00:21,783 [INFO] PluginManage:359 - Loaded plugin tools (category:base,tabindex:7)
2025-09-28 11:00:21,783 [INFO] PluginManage:310 - Check plugin tutovideos
2025-09-28 11:00:21,907 [INFO] PluginManage:359 - Loaded plugin tutovideos (category:base,tabindex:-1)
2025-09-28 11:00:21,908 [INFO] PluginManage:310 - Check plugin updater
2025-09-28 11:00:21,923 [INFO] PluginManage:359 - Loaded plugin updater (category:base,tabindex:12)
2025-09-28 11:00:21,923 [INFO] PluginManage:310 - Check plugin userauth
2025-09-28 11:00:21,926 [INFO] UserAuth:118 - Init User Auth plugin
2025-09-28 11:00:21,927 [INFO] PluginManage:359 - Loaded plugin userauth (category:base,tabindex:14)
2025-09-28 11:00:21,927 [INFO] PluginManage:283 - PluginManage : Loaded plugins [18]
2025-09-28 11:00:22,046 [INFO] PinOutPanel:1589 - setPackage(No Configuration,No Configuration)
2025-09-28 11:00:22,084 [INFO] CADModel:165 - CPN selected for project level
2025-09-28 11:00:22,084 [INFO] CADModel:114 - Register for checkConnection events
2025-09-28 11:00:22,091 [INFO] IPUIPlugin:80 - create IPUIPlugin
2025-09-28 11:00:22,092 [INFO] PluginManager:220 - loadIPPluginJar : add i2c
2025-09-28 11:00:22,095 [INFO] IPUIPlugin:80 - create IPUIPlugin
2025-09-28 11:00:22,095 [INFO] PluginManager:220 - loadIPPluginJar : add mdma
2025-09-28 11:00:22,096 [INFO] IPUIPlugin:80 - create IPUIPlugin
2025-09-28 11:00:22,096 [INFO] PluginManager:220 - loadIPPluginJar : add aes
2025-09-28 11:00:22,097 [INFO] IPUIPlugin:80 - create IPUIPlugin
2025-09-28 11:00:22,098 [INFO] PluginManager:220 - loadIPPluginJar : add can
2025-09-28 11:00:22,100 [INFO] IPUIPlugin:80 - create IPUIPlugin
2025-09-28 11:00:22,100 [INFO] PluginManager:220 - loadIPPluginJar : add freertos
2025-09-28 11:00:22,102 [INFO] IPUIPlugin:80 - create IPUIPlugin
2025-09-28 11:00:22,102 [INFO] PluginManager:220 - loadIPPluginJar : add gtzc
2025-09-28 11:00:22,103 [INFO] IPUIPlugin:80 - create IPUIPlugin
2025-09-28 11:00:22,103 [INFO] PluginManager:220 - loadIPPluginJar : add ts
2025-09-28 11:00:22,107 [INFO] IPUIPlugin:80 - create IPUIPlugin
2025-09-28 11:00:22,108 [INFO] PluginManager:220 - loadIPPluginJar : add stm32_wpan
2025-09-28 11:00:22,108 [INFO] IPUIPlugin:80 - create IPUIPlugin
2025-09-28 11:00:22,108 [INFO] PluginManager:220 - loadIPPluginJar : add fatfs
2025-09-28 11:00:22,112 [INFO] IPUIPlugin:80 - create IPUIPlugin
2025-09-28 11:00:22,112 [INFO] PluginManager:220 - loadIPPluginJar : add dma
2025-09-28 11:00:22,114 [INFO] IPUIPlugin:80 - create IPUIPlugin
2025-09-28 11:00:22,114 [INFO] PluginManager:220 - loadIPPluginJar : add usbx
2025-09-28 11:00:22,115 [INFO] IPUIPlugin:80 - create IPUIPlugin
2025-09-28 11:00:22,115 [INFO] PluginManager:220 - loadIPPluginJar : add hash
2025-09-28 11:00:22,116 [INFO] IPUIPlugin:80 - create IPUIPlugin
2025-09-28 11:00:22,116 [INFO] PluginManager:220 - loadIPPluginJar : add cryp
2025-09-28 11:00:22,117 [INFO] IPUIPlugin:80 - create IPUIPlugin
2025-09-28 11:00:22,117 [INFO] PluginManager:220 - loadIPPluginJar : add openamp
2025-09-28 11:00:22,118 [INFO] IPUIPlugin:80 - create IPUIPlugin
2025-09-28 11:00:22,118 [INFO] PluginManager:220 - loadIPPluginJar : add genericplugin
2025-09-28 11:00:22,120 [INFO] IPUIPlugin:80 - create IPUIPlugin
2025-09-28 11:00:22,120 [INFO] PluginManager:220 - loadIPPluginJar : add ipddr
2025-09-28 11:00:22,122 [INFO] IPUIPlugin:80 - create IPUIPlugin
2025-09-28 11:00:22,122 [INFO] PluginManager:220 - loadIPPluginJar : add opamp
2025-09-28 11:00:22,122 [INFO] IPUIPlugin:80 - create IPUIPlugin
2025-09-28 11:00:22,122 [INFO] PluginManager:220 - loadIPPluginJar : add ltdc
2025-09-28 11:00:22,123 [INFO] IPUIPlugin:80 - create IPUIPlugin
2025-09-28 11:00:22,123 [INFO] PluginManager:220 - loadIPPluginJar : add dfsdm
2025-09-28 11:00:22,126 [INFO] IPUIPlugin:80 - create IPUIPlugin
2025-09-28 11:00:22,126 [INFO] PluginManager:220 - loadIPPluginJar : add gic
2025-09-28 11:00:22,128 [INFO] IPUIPlugin:80 - create IPUIPlugin
2025-09-28 11:00:22,128 [INFO] PluginManager:220 - loadIPPluginJar : add extmemmanager
2025-09-28 11:00:22,129 [INFO] IPUIPlugin:80 - create IPUIPlugin
2025-09-28 11:00:22,129 [INFO] PluginManager:220 - loadIPPluginJar : add ucpd
2025-09-28 11:00:22,130 [INFO] IPUIPlugin:80 - create IPUIPlugin
2025-09-28 11:00:22,130 [INFO] PluginManager:220 - loadIPPluginJar : add tracer_emb
2025-09-28 11:00:22,131 [INFO] IPUIPlugin:80 - create IPUIPlugin
2025-09-28 11:00:22,131 [INFO] PluginManager:220 - loadIPPluginJar : add radio
2025-09-28 11:00:22,132 [INFO] IPUIPlugin:80 - create IPUIPlugin
2025-09-28 11:00:22,132 [INFO] PluginManager:220 - loadIPPluginJar : add pdm2pcm
2025-09-28 11:00:22,133 [INFO] IPUIPlugin:80 - create IPUIPlugin
2025-09-28 11:00:22,133 [INFO] PluginManager:220 - loadIPPluginJar : add spi
2025-09-28 11:00:22,134 [INFO] IPUIPlugin:80 - create IPUIPlugin
2025-09-28 11:00:22,134 [INFO] PluginManager:220 - loadIPPluginJar : add tim
2025-09-28 11:00:22,138 [INFO] IPUIPlugin:80 - create IPUIPlugin
2025-09-28 11:00:22,139 [INFO] PluginManager:220 - loadIPPluginJar : add plateformsettings
2025-09-28 11:00:22,141 [INFO] IPUIPlugin:80 - create IPUIPlugin
2025-09-28 11:00:22,141 [INFO] PluginManager:220 - loadIPPluginJar : add touchsensing
2025-09-28 11:00:22,144 [INFO] IPUIPlugin:80 - create IPUIPlugin
2025-09-28 11:00:22,144 [INFO] PluginManager:220 - loadIPPluginJar : add gpio
2025-09-28 11:00:22,148 [INFO] IPUIPlugin:80 - create IPUIPlugin
2025-09-28 11:00:22,148 [INFO] PluginManager:220 - loadIPPluginJar : add adc
2025-09-28 11:00:22,153 [INFO] IPUIPlugin:80 - create IPUIPlugin
2025-09-28 11:00:22,153 [INFO] PluginManager:220 - loadIPPluginJar : add linkedlist
2025-09-28 11:00:22,154 [INFO] IPUIPlugin:80 - create IPUIPlugin
2025-09-28 11:00:22,154 [INFO] PluginManager:220 - loadIPPluginJar : add comp
2025-09-28 11:00:22,157 [INFO] IPUIPlugin:80 - create IPUIPlugin
2025-09-28 11:00:22,157 [INFO] PluginManager:220 - loadIPPluginJar : add fmc
2025-09-28 11:00:22,158 [INFO] IPUIPlugin:80 - create IPUIPlugin
2025-09-28 11:00:22,158 [INFO] PluginManager:220 - loadIPPluginJar : add tsc
2025-09-28 11:00:22,159 [INFO] IPUIPlugin:80 - create IPUIPlugin
2025-09-28 11:00:22,159 [INFO] PluginManager:220 - loadIPPluginJar : add sai
2025-09-28 11:00:22,160 [INFO] IPUIPlugin:80 - create IPUIPlugin
2025-09-28 11:00:22,161 [INFO] PluginManager:220 - loadIPPluginJar : add usart
2025-09-28 11:00:22,162 [INFO] IPUIPlugin:80 - create IPUIPlugin
2025-09-28 11:00:22,162 [INFO] PluginManager:220 - loadIPPluginJar : add nvic
2025-09-28 11:00:22,164 [INFO] IPUIPlugin:80 - create IPUIPlugin
2025-09-28 11:00:22,164 [INFO] PluginManager:220 - loadIPPluginJar : add resmgrutility
2025-09-28 11:00:22,165 [INFO] IPUIPlugin:80 - create IPUIPlugin
2025-09-28 11:00:22,165 [INFO] PluginManager:220 - loadIPPluginJar : add lorawan
2025-09-28 11:00:22,166 [INFO] IPUIPlugin:80 - create IPUIPlugin
2025-09-28 11:00:22,166 [INFO] PluginManager:220 - loadIPPluginJar : add gfxmmu
2025-09-28 11:00:22,167 [INFO] IPUIPlugin:80 - create IPUIPlugin
2025-09-28 11:00:22,167 [INFO] PluginManager:220 - loadIPPluginJar : add dma3
2025-09-28 11:00:22,169 [INFO] IPUIPlugin:80 - create IPUIPlugin
2025-09-28 11:00:22,169 [INFO] PluginManager:220 - loadIPPluginJar : add i3c
2025-09-28 11:00:22,169 [INFO] IPUIPlugin:80 - create IPUIPlugin
2025-09-28 11:00:22,169 [INFO] PluginManager:220 - loadIPPluginJar : add quadspi
2025-09-28 11:00:22,171 [INFO] IPUIPlugin:80 - create IPUIPlugin
2025-09-28 11:00:22,171 [INFO] PluginManager:220 - loadIPPluginJar : add ddr_ctrl_phy
2025-09-28 11:00:22,172 [INFO] IPUIPlugin:80 - create IPUIPlugin
2025-09-28 11:00:22,172 [INFO] PluginManager:220 - loadIPPluginJar : add i2s
2025-09-28 11:00:22,261 [FATAL] Updater:351 - Updater called before beeing initialized
2025-09-28 11:00:22,277 [INFO] RulesReader:64 - Compatibility file has been processed (317 Rules)
2025-09-28 11:00:22,284 [INFO] RulesReader:64 - Compatibility file has been processed (317 Rules)
2025-09-28 11:00:22,289 [INFO] CADModel:165 - CPN selected for project level
2025-09-28 11:00:22,289 [INFO] CADModel:114 - Register for checkConnection events
2025-09-28 11:00:22,289 [FATAL] Updater:351 - Updater called before beeing initialized
2025-09-28 11:00:22,289 [ERROR] CADModel:125 - Updater not yet initialized, retry later 
2025-09-28 11:00:22,376 [FATAL] Updater:351 - Updater called before beeing initialized
2025-09-28 11:00:22,378 [INFO] CADModel:165 - CPN selected for project level
2025-09-28 11:00:22,378 [INFO] CADModel:114 - Register for checkConnection events
2025-09-28 11:00:22,378 [FATAL] Updater:351 - Updater called before beeing initialized
2025-09-28 11:00:22,378 [ERROR] CADModel:125 - Updater not yet initialized, retry later 
2025-09-28 11:00:22,381 [FATAL] Updater:351 - Updater called before beeing initialized
2025-09-28 11:00:22,444 [FATAL] Updater:351 - Updater called before beeing initialized
2025-09-28 11:00:22,447 [INFO] DbMcusAds:53 - JSON generation date=Tue Jul 08 05:14:23 ART 2025 (1751962463582)
2025-09-28 11:00:22,447 [FATAL] Updater:351 - Updater called before beeing initialized
2025-09-28 11:00:22,468 [WARN] DetailPanel:346 - Failed to get advertising image, set to default
2025-09-28 11:00:22,512 [FATAL] Updater:351 - Updater called before beeing initialized
2025-09-28 11:00:22,514 [FATAL] Updater:351 - Updater called before beeing initialized
2025-09-28 11:00:22,514 [FATAL] Updater:351 - Updater called before beeing initialized
2025-09-28 11:00:22,514 [WARN] DetailPanel:346 - Failed to get advertising image, set to default
2025-09-28 11:00:22,515 [FATAL] Updater:351 - Updater called before beeing initialized
2025-09-28 11:00:22,535 [ERROR] Updater:1198 - MainUpdater not yet initialized. External WinMGr cannot be set.
2025-09-28 11:00:22,536 [INFO] Updater:1134 - Updater Version found : 6.15.0
2025-09-28 11:00:22,547 [INFO] ApplicationProperties:184 - Using Application install path: /opt/st/stm32cubeide_1.19.0/plugins/com.st.stm32cube.common.mx_6.15.0.202507011659
2025-09-28 11:00:22,555 [ERROR] LogOutputStream:75 - [STDERR_REDIRECT] Sep 28, 2025 11:00:22 AM java.util.prefs.FileSystemPreferences$2 run
2025-09-28 11:00:22,556 [ERROR] LogOutputStream:75 - [STDERR_REDIRECT] WARNING: Could not create system preferences directory. System preferences are unusable.
2025-09-28 11:00:22,556 [ERROR] LogOutputStream:75 - [STDERR_REDIRECT] 
2025-09-28 11:00:22,754 [INFO] MainUpdater:2872 - connection check result : 10
2025-09-28 11:00:22,756 [INFO] MainUpdater:289 - Updater Check For Update Now.
2025-09-28 11:00:22,756 [INFO] MicroXplorer:498 - Change Database Version : DB.6.0.150
2025-09-28 11:00:22,763 [INFO] McuFinderGlobals:63 - Set McuFinder mode to 2 (CubeIDE integrated)
2025-09-28 11:00:22,764 [INFO] UserAuth:487 - Internet connection configuration mode: 1
2025-09-28 11:00:22,789 [INFO] JxBrowserEngine:152 - Initiate JxBrowser Engine with user profile folder
2025-09-28 11:00:22,934 [INFO] CheckServerUpdateThread:120 - End of CheckServer Thread
2025-09-28 11:00:23,184 [INFO] WebApp:169 - Instantiating new browser for Auth
2025-09-28 11:00:23,565 [INFO] WebApp:463 - Apply proxy settings
2025-09-28 11:00:23,566 [INFO] WebApp:548 - Chromium requires no authentication
2025-09-28 11:00:23,571 [INFO] WebApp:491 - Direct internet connection detected
2025-09-28 11:00:23,584 [INFO] WebApp:900 - Register for checkConnection events
2025-09-28 11:00:23,584 [INFO] WebApp:463 - Apply proxy settings
2025-09-28 11:00:23,584 [INFO] WebApp:548 - Chromium requires no authentication
2025-09-28 11:00:23,584 [INFO] WebApp:491 - Direct internet connection detected
2025-09-28 11:00:23,664 [INFO] WebApp:225 - Starting web application
2025-09-28 11:00:23,665 [INFO] WebApp:593 - Web application path used /opt/st/stm32cubeide_1.19.0/plugins/com.st.stm32cube.common.mx_6.15.0.202507011659/db/plugins/mcufinder/reactClient1/index.html
2025-09-28 11:00:23,722 [INFO] UserAuth:487 - Internet connection configuration mode: 1
2025-09-28 11:00:23,786 [INFO] WebApp:191 - Connection restablished
2025-09-28 11:00:24,866 [WARN] PackLoader:240 - Cannot read IP mode file for STMicroelectronics.FP-SNS-MOTENVWB1.1.4.0
2025-09-28 11:00:24,872 [WARN] PackLoader:240 - Cannot read IP mode file for STMicroelectronics.FP-ATR-ASTRA1.2.0.2
2025-09-28 11:00:24,878 [WARN] PackLoader:240 - Cannot read IP mode file for STMicroelectronics.X-CUBE-SMBUS.2.1.0
2025-09-28 11:00:24,882 [WARN] PackLoader:240 - Cannot read IP mode file for STMicroelectronics.X-CUBE-ST60.1.0.0
2025-09-28 11:00:24,909 [WARN] PackLoader:240 - Cannot read IP mode file for STMicroelectronics.X-CUBE-AZRTOS-F7.1.1.0
2025-09-28 11:00:24,915 [WARN] PackLoader:240 - Cannot read IP mode file for Cesanta.I-CUBE-Mongoose.7.19.0
2025-09-28 11:00:24,922 [WARN] PackLoader:240 - Cannot read IP mode file for WES.I-CUBE-Cesium.1.4.0
2025-09-28 11:00:24,945 [WARN] PackLoader:240 - Cannot read IP mode file for Infineon.AIROC-Wi-Fi-Bluetooth-STM32.1.7.1
2025-09-28 11:00:24,957 [WARN] PackLoader:240 - Cannot read IP mode file for STMicroelectronics.X-CUBE-DISPLAY.3.0.0
2025-09-28 11:00:24,968 [WARN] PackLoader:240 - Cannot read IP mode file for STMicroelectronics.X-CUBE-NFC10.1.0.0
2025-09-28 11:00:24,973 [WARN] PackLoader:240 - Cannot read IP mode file for emotas.I-CUBE-CANOPEN.1.3.0
2025-09-28 11:00:24,977 [WARN] PackLoader:240 - Cannot read IP mode file for STMicroelectronics.FP-SNS-SMARTAG2.1.2.0
2025-09-28 11:00:24,980 [WARN] PackLoader:240 - Cannot read IP mode file for STMicroelectronics.FP-SNS-FLIGHT1.5.1.0
2025-09-28 11:00:24,988 [INFO] LogOutputStream:77 - [STDOUT_REDIRECT] 1 : Invalid condition id : UX_CORESTACK_Condition cause : null
2025-09-28 11:00:24,988 [INFO] LogOutputStream:77 - [STDOUT_REDIRECT] 1 : Invalid condition id : UX_CORESTACK_Condition cause : null
2025-09-28 11:00:24,988 [INFO] LogOutputStream:77 - [STDOUT_REDIRECT] 1 : Invalid condition id : UX_CORESTACK_Condition cause : null
2025-09-28 11:00:24,988 [INFO] LogOutputStream:77 - [STDOUT_REDIRECT] 1 : Invalid condition id : UX_CORESTACK_Condition cause : null
2025-09-28 11:00:24,989 [INFO] LogOutputStream:77 - [STDOUT_REDIRECT] 1 : Invalid condition id : UX_CORESTACK_Condition cause : null
2025-09-28 11:00:24,991 [WARN] PackLoader:240 - Cannot read IP mode file for STMicroelectronics.X-CUBE-AZRTOS-WL.2.0.0
2025-09-28 11:00:24,995 [WARN] PackLoader:240 - Cannot read IP mode file for STMicroelectronics.FP-SNS-MOTENV1.5.0.0
2025-09-28 11:00:25,001 [WARN] PackLoader:240 - Cannot read IP mode file for STMicroelectronics.X-CUBE-BLE2.3.3.0
2025-09-28 11:00:25,006 [WARN] PackLoader:240 - Cannot read IP mode file for STMicroelectronics.X-CUBE-NFC9.1.0.0
2025-09-28 11:00:25,011 [WARN] PackLoader:240 - Cannot read IP mode file for STMicroelectronics.X-CUBE-BLE1.7.1.0
2025-09-28 11:00:25,037 [WARN] PackLoader:240 - Cannot read IP mode file for STMicroelectronics.X-CUBE-AZRTOS-G0.1.1.0
2025-09-28 11:00:25,045 [WARN] PackLoader:240 - Cannot read IP mode file for STMicroelectronics.X-CUBE-SAFEA1.1.2.2
2025-09-28 11:00:25,049 [WARN] PackLoader:240 - Cannot read IP mode file for STMicroelectronics.X-CUBE-NFC4.3.0.0
2025-09-28 11:00:25,055 [WARN] PackLoader:240 - Cannot read IP mode file for EmbeddedOffice.I-CUBE-FS-RTOS.1.0.1
2025-09-28 11:00:25,058 [WARN] PackLoader:240 - Cannot read IP mode file for STMicroelectronics.X-CUBE-WB05N.2.0.0
2025-09-28 11:00:25,063 [WARN] PackLoader:240 - Cannot read IP mode file for STMicroelectronics.X-CUBE-TCPP.4.2.0
2025-09-28 11:00:25,067 [WARN] PackLoader:240 - Cannot read IP mode file for RealThread.X-CUBE-RT-Thread_Nano.4.1.1
2025-09-28 11:00:25,070 [WARN] PackLoader:240 - Cannot read IP mode file for STMicroelectronics.FP-ATR-SIGFOX1.3.2.0
2025-09-28 11:00:25,074 [WARN] PackLoader:240 - Cannot read IP mode file for ITTIA_DB.I-CUBE-ITTIADB.8.9.0
2025-09-28 11:00:25,079 [WARN] PackLoader:240 - Cannot read IP mode file for STMicroelectronics.X-CUBE-ST67W61.1.0.0
2025-09-28 11:00:25,123 [WARN] PackLoader:240 - Cannot read IP mode file for SEGGER.I-CUBE-embOS.1.3.1
2025-09-28 11:00:25,164 [WARN] PackLoader:240 - Cannot read IP mode file for STMicroelectronics.X-CUBE-ALGOBUILD.1.4.0
2025-09-28 11:00:25,204 [WARN] PackLoader:240 - Cannot read IP mode file for STMicroelectronics.X-CUBE-MEMS1.11.3.0
2025-09-28 11:00:25,272 [WARN] PackLoader:240 - Cannot read IP mode file for STMicroelectronics.X-CUBE-PM33A1.1.0.0
2025-09-28 11:00:25,281 [WARN] PackLoader:240 - Cannot read IP mode file for STMicroelectronics.X-CUBE-AZRTOS-F4.1.1.0
2025-09-28 11:00:25,283 [WARN] PackLoader:240 - Cannot read IP mode file for Avnet-IotConnect.X-CUBE-IoTC-DA16k-PMOD.1.0.0
2025-09-28 11:00:25,285 [WARN] PackLoader:240 - Cannot read IP mode file for STMicroelectronics.X-CUBE-ISPU.2.1.0
2025-09-28 11:00:25,293 [WARN] PackLoader:240 - Cannot read IP mode file for STMicroelectronics.X-CUBE-AZRTOS-L5.2.0.0
2025-09-28 11:00:25,298 [WARN] PackLoader:240 - Cannot read IP mode file for STMicroelectronics.X-CUBE-NFC6.3.1.0
2025-09-28 11:00:25,301 [WARN] PackLoader:240 - Cannot read IP mode file for STMicroelectronics.X-CUBE-FREERTOS.1.3.1
2025-09-28 11:00:25,304 [WARN] PackLoader:240 - Cannot read IP mode file for STMicroelectronics.X-CUBE-DPower.1.3.0
2025-09-28 11:00:25,313 [WARN] ConditionMgr:438 - getConditionDescription Invalid condition id : LAN8742 Phy interface Condition cause : null
2025-09-28 11:00:25,314 [WARN] PackLoader:240 - Cannot read IP mode file for STMicroelectronics.X-CUBE-AZRTOS-L4.2.0.0
2025-09-28 11:00:25,315 [WARN] ConditionMgr:1044 - genDependencies : Invalid condition id : LAN8742 Phy interface Condition cause : null
2025-09-28 11:00:25,315 [WARN] ConditionMgr:1044 - genDependencies : Invalid condition id : LAN8742 Phy interface Condition cause : null
2025-09-28 11:00:25,316 [WARN] ConditionMgr:1044 - genDependencies : Invalid condition id : LAN8742 Phy interface Condition cause : null
2025-09-28 11:00:25,321 [WARN] PackLoader:240 - Cannot read IP mode file for STMicroelectronics.X-CUBE-SFXS2LP1.4.0.0
2025-09-28 11:00:25,328 [WARN] ConditionMgr:438 - getConditionDescription Invalid condition id : UX DEVICE CLASS RTOS Condition cause : null
2025-09-28 11:00:25,328 [WARN] ConditionMgr:438 - getConditionDescription Invalid condition id : UX DEVICE CLASS RTOS Condition cause : null
2025-09-28 11:00:25,329 [WARN] PackLoader:240 - Cannot read IP mode file for STMicroelectronics.X-CUBE-AZRTOS-WB.2.0.0
2025-09-28 11:00:25,329 [WARN] ConditionMgr:1044 - genDependencies : Invalid condition id : UX DEVICE CLASS RTOS Condition cause : null
2025-09-28 11:00:25,329 [WARN] ConditionMgr:1044 - genDependencies : Invalid condition id : UX DEVICE CLASS RTOS Condition cause : null
2025-09-28 11:00:25,330 [WARN] ConditionMgr:1044 - genDependencies : Invalid condition id : UX DEVICE CLASS RTOS Condition cause : null
2025-09-28 11:00:25,330 [WARN] ConditionMgr:1044 - genDependencies : Invalid condition id : UX DEVICE CLASS RTOS Condition cause : null
2025-09-28 11:00:25,330 [WARN] ConditionMgr:1044 - genDependencies : Invalid condition id : UX DEVICE CLASS RTOS Condition cause : null
2025-09-28 11:00:25,333 [WARN] PackLoader:240 - Cannot read IP mode file for STMicroelectronics.X-CUBE-GNSS1.7.0.1
2025-09-28 11:00:25,336 [WARN] PackLoader:240 - Cannot read IP mode file for STMicroelectronics.X-CUBE-TOUCHGFX.4.25.0
2025-09-28 11:00:25,337 [WARN] ConditionMgr:438 - getConditionDescription Invalid condition id : Cortex-A Device cause : null
2025-09-28 11:00:25,354 [WARN] ConditionMgr:1044 - genDependencies : Invalid condition id : Cortex-A Device cause : null
2025-09-28 11:00:25,354 [WARN] ConditionMgr:1044 - genDependencies : Invalid condition id : Cortex-A Device cause : null
2025-09-28 11:00:25,354 [WARN] ConditionMgr:1044 - genDependencies : Invalid condition id : Cortex-A Device cause : null
2025-09-28 11:00:25,358 [WARN] PackLoader:240 - Cannot read IP mode file for STMicroelectronics.X-CUBE-SUBG2.5.0.0
2025-09-28 11:00:25,369 [WARN] PackLoader:240 - Cannot read IP mode file for STMicroelectronics.X-CUBE-AZRTOS-H7RS.1.1.0
2025-09-28 11:00:25,379 [WARN] PackLoader:240 - Cannot read IP mode file for STMicroelectronics.X-CUBE-AZRTOS-G4.2.0.0
2025-09-28 11:00:25,382 [WARN] PackLoader:240 - Cannot read IP mode file for wolfSSL.I-CUBE-wolfSSH.1.4.20
2025-09-28 11:00:25,384 [WARN] PackLoader:240 - Cannot read IP mode file for STMicroelectronics.X-CUBE-NFC7.2.0.0
2025-09-28 11:00:25,392 [WARN] PackLoader:240 - Cannot read IP mode file for STMicroelectronics.X-CUBE-IPS.3.1.0
2025-09-28 11:00:25,398 [WARN] PackLoader:240 - Cannot read IP mode file for STMicroelectronics.X-CUBE-ALS.1.0.2
2025-09-28 11:00:25,405 [WARN] PackLoader:240 - Cannot read IP mode file for STMicroelectronics.X-CUBE-TOF1.3.4.3
2025-09-28 11:00:25,413 [INFO] ThirdParty:978 - Integrity check success = true
2025-09-28 11:00:25,413 [INFO] IntegrityCheckThread:100 - exiting critical section [integrity check]
2025-09-28 11:00:25,413 [INFO] IntegrityCheckThread:103 - End integrity checks thread
2025-09-28 11:00:49,964 [ERROR] LogOutputStream:75 - [STDERR_REDIRECT] Sep 28, 2025 11:00:49 AM java.util.prefs.FileSystemPreferences checkLockFile0ErrorCode
2025-09-28 11:00:49,964 [ERROR] LogOutputStream:75 - [STDERR_REDIRECT] WARNING: Could not lock System prefs. Unix error code 2.
2025-09-28 11:00:49,965 [ERROR] LogOutputStream:75 - [STDERR_REDIRECT] 
2025-09-28 11:00:49,965 [ERROR] LogOutputStream:75 - [STDERR_REDIRECT] Sep 28, 2025 11:00:49 AM java.util.prefs.FileSystemPreferences syncWorld
2025-09-28 11:00:49,966 [ERROR] LogOutputStream:75 - [STDERR_REDIRECT] WARNING: Couldn't flush system prefs: java.util.prefs.BackingStoreException: Couldn't get file lock.
2025-09-28 11:00:49,966 [ERROR] LogOutputStream:75 - [STDERR_REDIRECT] 
2025-09-28 11:01:19,957 [ERROR] LogOutputStream:75 - [STDERR_REDIRECT] Sep 28, 2025 11:01:19 AM java.util.prefs.FileSystemPreferences checkLockFile0ErrorCode
2025-09-28 11:01:19,957 [ERROR] LogOutputStream:75 - [STDERR_REDIRECT] WARNING: Could not lock System prefs. Unix error code 2.
2025-09-28 11:01:19,957 [ERROR] LogOutputStream:75 - [STDERR_REDIRECT] 
2025-09-28 11:01:19,958 [ERROR] LogOutputStream:75 - [STDERR_REDIRECT] Sep 28, 2025 11:01:19 AM java.util.prefs.FileSystemPreferences syncWorld
2025-09-28 11:01:19,958 [ERROR] LogOutputStream:75 - [STDERR_REDIRECT] WARNING: Couldn't flush system prefs: java.util.prefs.BackingStoreException: Couldn't get file lock.
2025-09-28 11:01:19,958 [ERROR] LogOutputStream:75 - [STDERR_REDIRECT] 
2025-09-28 11:01:49,954 [ERROR] LogOutputStream:75 - [STDERR_REDIRECT] Sep 28, 2025 11:01:49 AM java.util.prefs.FileSystemPreferences checkLockFile0ErrorCode
2025-09-28 11:01:49,955 [ERROR] LogOutputStream:75 - [STDERR_REDIRECT] WARNING: Could not lock System prefs. Unix error code 2.
2025-09-28 11:01:49,955 [ERROR] LogOutputStream:75 - [STDERR_REDIRECT] 
2025-09-28 11:01:49,956 [ERROR] LogOutputStream:75 - [STDERR_REDIRECT] Sep 28, 2025 11:01:49 AM java.util.prefs.FileSystemPreferences syncWorld
2025-09-28 11:01:49,956 [ERROR] LogOutputStream:75 - [STDERR_REDIRECT] WARNING: Couldn't flush system prefs: java.util.prefs.BackingStoreException: Couldn't get file lock.
2025-09-28 11:01:49,956 [ERROR] LogOutputStream:75 - [STDERR_REDIRECT] 
2025-09-28 11:02:19,954 [ERROR] LogOutputStream:75 - [STDERR_REDIRECT] Sep 28, 2025 11:02:19 AM java.util.prefs.FileSystemPreferences checkLockFile0ErrorCode
2025-09-28 11:02:19,954 [ERROR] LogOutputStream:75 - [STDERR_REDIRECT] WARNING: Could not lock System prefs. Unix error code 2.
2025-09-28 11:02:19,954 [ERROR] LogOutputStream:75 - [STDERR_REDIRECT] 
2025-09-28 11:02:19,955 [ERROR] LogOutputStream:75 - [STDERR_REDIRECT] Sep 28, 2025 11:02:19 AM java.util.prefs.FileSystemPreferences syncWorld
2025-09-28 11:02:19,955 [ERROR] LogOutputStream:75 - [STDERR_REDIRECT] WARNING: Couldn't flush system prefs: java.util.prefs.BackingStoreException: Couldn't get file lock.
2025-09-28 11:02:19,956 [ERROR] LogOutputStream:75 - [STDERR_REDIRECT] 
2025-09-28 11:02:49,954 [ERROR] LogOutputStream:75 - [STDERR_REDIRECT] Sep 28, 2025 11:02:49 AM java.util.prefs.FileSystemPreferences checkLockFile0ErrorCode
2025-09-28 11:02:49,954 [ERROR] LogOutputStream:75 - [STDERR_REDIRECT] WARNING: Could not lock System prefs. Unix error code 2.
2025-09-28 11:02:49,954 [ERROR] LogOutputStream:75 - [STDERR_REDIRECT] 
2025-09-28 11:02:49,955 [ERROR] LogOutputStream:75 - [STDERR_REDIRECT] Sep 28, 2025 11:02:49 AM java.util.prefs.FileSystemPreferences syncWorld
2025-09-28 11:02:49,955 [ERROR] LogOutputStream:75 - [STDERR_REDIRECT] WARNING: Couldn't flush system prefs: java.util.prefs.BackingStoreException: Couldn't get file lock.
2025-09-28 11:02:49,956 [ERROR] LogOutputStream:75 - [STDERR_REDIRECT] 
2025-09-28 11:03:19,954 [ERROR] LogOutputStream:75 - [STDERR_REDIRECT] Sep 28, 2025 11:03:19 AM java.util.prefs.FileSystemPreferences checkLockFile0ErrorCode
2025-09-28 11:03:19,955 [ERROR] LogOutputStream:75 - [STDERR_REDIRECT] WARNING: Could not lock System prefs. Unix error code 2.
2025-09-28 11:03:19,955 [ERROR] LogOutputStream:75 - [STDERR_REDIRECT] 
2025-09-28 11:03:19,955 [ERROR] LogOutputStream:75 - [STDERR_REDIRECT] Sep 28, 2025 11:03:19 AM java.util.prefs.FileSystemPreferences syncWorld
2025-09-28 11:03:19,956 [ERROR] LogOutputStream:75 - [STDERR_REDIRECT] WARNING: Couldn't flush system prefs: java.util.prefs.BackingStoreException: Couldn't get file lock.
2025-09-28 11:03:19,956 [ERROR] LogOutputStream:75 - [STDERR_REDIRECT] 
2025-09-28 11:03:49,953 [ERROR] LogOutputStream:75 - [STDERR_REDIRECT] Sep 28, 2025 11:03:49 AM java.util.prefs.FileSystemPreferences checkLockFile0ErrorCode
2025-09-28 11:03:49,954 [ERROR] LogOutputStream:75 - [STDERR_REDIRECT] WARNING: Could not lock System prefs. Unix error code 2.
2025-09-28 11:03:49,954 [ERROR] LogOutputStream:75 - [STDERR_REDIRECT] 
2025-09-28 11:03:49,954 [ERROR] LogOutputStream:75 - [STDERR_REDIRECT] Sep 28, 2025 11:03:49 AM java.util.prefs.FileSystemPreferences syncWorld
2025-09-28 11:03:49,955 [ERROR] LogOutputStream:75 - [STDERR_REDIRECT] WARNING: Couldn't flush system prefs: java.util.prefs.BackingStoreException: Couldn't get file lock.
2025-09-28 11:03:49,955 [ERROR] LogOutputStream:75 - [STDERR_REDIRECT] 
2025-09-28 11:04:19,954 [ERROR] LogOutputStream:75 - [STDERR_REDIRECT] Sep 28, 2025 11:04:19 AM java.util.prefs.FileSystemPreferences checkLockFile0ErrorCode
2025-09-28 11:04:19,954 [ERROR] LogOutputStream:75 - [STDERR_REDIRECT] WARNING: Could not lock System prefs. Unix error code 2.
2025-09-28 11:04:19,954 [ERROR] LogOutputStream:75 - [STDERR_REDIRECT] 
2025-09-28 11:04:19,955 [ERROR] LogOutputStream:75 - [STDERR_REDIRECT] Sep 28, 2025 11:04:19 AM java.util.prefs.FileSystemPreferences syncWorld
2025-09-28 11:04:19,955 [ERROR] LogOutputStream:75 - [STDERR_REDIRECT] WARNING: Couldn't flush system prefs: java.util.prefs.BackingStoreException: Couldn't get file lock.
2025-09-28 11:04:19,955 [ERROR] LogOutputStream:75 - [STDERR_REDIRECT] 
2025-09-28 11:04:49,955 [ERROR] LogOutputStream:75 - [STDERR_REDIRECT] Sep 28, 2025 11:04:49 AM java.util.prefs.FileSystemPreferences checkLockFile0ErrorCode
2025-09-28 11:04:49,955 [ERROR] LogOutputStream:75 - [STDERR_REDIRECT] WARNING: Could not lock System prefs. Unix error code 2.
2025-09-28 11:04:49,955 [ERROR] LogOutputStream:75 - [STDERR_REDIRECT] 
2025-09-28 11:04:49,956 [ERROR] LogOutputStream:75 - [STDERR_REDIRECT] Sep 28, 2025 11:04:49 AM java.util.prefs.FileSystemPreferences syncWorld
2025-09-28 11:04:49,956 [ERROR] LogOutputStream:75 - [STDERR_REDIRECT] WARNING: Couldn't flush system prefs: java.util.prefs.BackingStoreException: Couldn't get file lock.
2025-09-28 11:04:49,956 [ERROR] LogOutputStream:75 - [STDERR_REDIRECT] 
2025-09-28 11:05:19,953 [ERROR] LogOutputStream:75 - [STDERR_REDIRECT] Sep 28, 2025 11:05:19 AM java.util.prefs.FileSystemPreferences checkLockFile0ErrorCode
2025-09-28 11:05:19,953 [ERROR] LogOutputStream:75 - [STDERR_REDIRECT] WARNING: Could not lock System prefs. Unix error code 2.
2025-09-28 11:05:19,953 [ERROR] LogOutputStream:75 - [STDERR_REDIRECT] 
2025-09-28 11:05:19,954 [ERROR] LogOutputStream:75 - [STDERR_REDIRECT] Sep 28, 2025 11:05:19 AM java.util.prefs.FileSystemPreferences syncWorld
2025-09-28 11:05:19,954 [ERROR] LogOutputStream:75 - [STDERR_REDIRECT] WARNING: Couldn't flush system prefs: java.util.prefs.BackingStoreException: Couldn't get file lock.
2025-09-28 11:05:19,955 [ERROR] LogOutputStream:75 - [STDERR_REDIRECT] 
2025-09-28 11:05:49,953 [ERROR] LogOutputStream:75 - [STDERR_REDIRECT] Sep 28, 2025 11:05:49 AM java.util.prefs.FileSystemPreferences checkLockFile0ErrorCode
2025-09-28 11:05:49,953 [ERROR] LogOutputStream:75 - [STDERR_REDIRECT] WARNING: Could not lock System prefs. Unix error code 2.
2025-09-28 11:05:49,954 [ERROR] LogOutputStream:75 - [STDERR_REDIRECT] 
2025-09-28 11:05:49,954 [ERROR] LogOutputStream:75 - [STDERR_REDIRECT] Sep 28, 2025 11:05:49 AM java.util.prefs.FileSystemPreferences syncWorld
2025-09-28 11:05:49,955 [ERROR] LogOutputStream:75 - [STDERR_REDIRECT] WARNING: Couldn't flush system prefs: java.util.prefs.BackingStoreException: Couldn't get file lock.
2025-09-28 11:05:49,955 [ERROR] LogOutputStream:75 - [STDERR_REDIRECT] 
2025-09-28 11:06:19,957 [ERROR] LogOutputStream:75 - [STDERR_REDIRECT] Sep 28, 2025 11:06:19 AM java.util.prefs.FileSystemPreferences checkLockFile0ErrorCode
2025-09-28 11:06:19,958 [ERROR] LogOutputStream:75 - [STDERR_REDIRECT] WARNING: Could not lock System prefs. Unix error code 2.
2025-09-28 11:06:19,958 [ERROR] LogOutputStream:75 - [STDERR_REDIRECT] 
2025-09-28 11:06:19,958 [ERROR] LogOutputStream:75 - [STDERR_REDIRECT] Sep 28, 2025 11:06:19 AM java.util.prefs.FileSystemPreferences syncWorld
2025-09-28 11:06:19,959 [ERROR] LogOutputStream:75 - [STDERR_REDIRECT] WARNING: Couldn't flush system prefs: java.util.prefs.BackingStoreException: Couldn't get file lock.
2025-09-28 11:06:19,959 [ERROR] LogOutputStream:75 - [STDERR_REDIRECT] 
2025-09-28 11:06:49,953 [ERROR] LogOutputStream:75 - [STDERR_REDIRECT] Sep 28, 2025 11:06:49 AM java.util.prefs.FileSystemPreferences checkLockFile0ErrorCode
2025-09-28 11:06:49,954 [ERROR] LogOutputStream:75 - [STDERR_REDIRECT] WARNING: Could not lock System prefs. Unix error code 2.
2025-09-28 11:06:49,954 [ERROR] LogOutputStream:75 - [STDERR_REDIRECT] 
2025-09-28 11:06:49,954 [ERROR] LogOutputStream:75 - [STDERR_REDIRECT] Sep 28, 2025 11:06:49 AM java.util.prefs.FileSystemPreferences syncWorld
2025-09-28 11:06:49,954 [ERROR] LogOutputStream:75 - [STDERR_REDIRECT] WARNING: Couldn't flush system prefs: java.util.prefs.BackingStoreException: Couldn't get file lock.
2025-09-28 11:06:49,954 [ERROR] LogOutputStream:75 - [STDERR_REDIRECT] 
2025-09-28 11:07:19,954 [ERROR] LogOutputStream:75 - [STDERR_REDIRECT] Sep 28, 2025 11:07:19 AM java.util.prefs.FileSystemPreferences checkLockFile0ErrorCode
2025-09-28 11:07:19,954 [ERROR] LogOutputStream:75 - [STDERR_REDIRECT] WARNING: Could not lock System prefs. Unix error code 2.
2025-09-28 11:07:19,955 [ERROR] LogOutputStream:75 - [STDERR_REDIRECT] 
2025-09-28 11:07:19,955 [ERROR] LogOutputStream:75 - [STDERR_REDIRECT] Sep 28, 2025 11:07:19 AM java.util.prefs.FileSystemPreferences syncWorld
2025-09-28 11:07:19,956 [ERROR] LogOutputStream:75 - [STDERR_REDIRECT] WARNING: Couldn't flush system prefs: java.util.prefs.BackingStoreException: Couldn't get file lock.
2025-09-28 11:07:19,956 [ERROR] LogOutputStream:75 - [STDERR_REDIRECT] 
2025-09-28 11:07:49,958 [ERROR] LogOutputStream:75 - [STDERR_REDIRECT] Sep 28, 2025 11:07:49 AM java.util.prefs.FileSystemPreferences checkLockFile0ErrorCode
2025-09-28 11:07:49,959 [ERROR] LogOutputStream:75 - [STDERR_REDIRECT] WARNING: Could not lock System prefs. Unix error code 2.
2025-09-28 11:07:49,959 [ERROR] LogOutputStream:75 - [STDERR_REDIRECT] 
2025-09-28 11:07:49,960 [ERROR] LogOutputStream:75 - [STDERR_REDIRECT] Sep 28, 2025 11:07:49 AM java.util.prefs.FileSystemPreferences syncWorld
2025-09-28 11:07:49,960 [ERROR] LogOutputStream:75 - [STDERR_REDIRECT] WARNING: Couldn't flush system prefs: java.util.prefs.BackingStoreException: Couldn't get file lock.
2025-09-28 11:07:49,960 [ERROR] LogOutputStream:75 - [STDERR_REDIRECT] 
2025-09-28 11:08:19,955 [ERROR] LogOutputStream:75 - [STDERR_REDIRECT] Sep 28, 2025 11:08:19 AM java.util.prefs.FileSystemPreferences checkLockFile0ErrorCode
2025-09-28 11:08:19,955 [ERROR] LogOutputStream:75 - [STDERR_REDIRECT] WARNING: Could not lock System prefs. Unix error code 2.
2025-09-28 11:08:19,955 [ERROR] LogOutputStream:75 - [STDERR_REDIRECT] 
2025-09-28 11:08:19,956 [ERROR] LogOutputStream:75 - [STDERR_REDIRECT] Sep 28, 2025 11:08:19 AM java.util.prefs.FileSystemPreferences syncWorld
2025-09-28 11:08:19,956 [ERROR] LogOutputStream:75 - [STDERR_REDIRECT] WARNING: Couldn't flush system prefs: java.util.prefs.BackingStoreException: Couldn't get file lock.
2025-09-28 11:08:19,956 [ERROR] LogOutputStream:75 - [STDERR_REDIRECT] 
2025-09-28 11:08:49,955 [ERROR] LogOutputStream:75 - [STDERR_REDIRECT] Sep 28, 2025 11:08:49 AM java.util.prefs.FileSystemPreferences checkLockFile0ErrorCode
2025-09-28 11:08:49,955 [ERROR] LogOutputStream:75 - [STDERR_REDIRECT] WARNING: Could not lock System prefs. Unix error code 2.
2025-09-28 11:08:49,955 [ERROR] LogOutputStream:75 - [STDERR_REDIRECT] 
2025-09-28 11:08:49,956 [ERROR] LogOutputStream:75 - [STDERR_REDIRECT] Sep 28, 2025 11:08:49 AM java.util.prefs.FileSystemPreferences syncWorld
2025-09-28 11:08:49,956 [ERROR] LogOutputStream:75 - [STDERR_REDIRECT] WARNING: Couldn't flush system prefs: java.util.prefs.BackingStoreException: Couldn't get file lock.
2025-09-28 11:08:49,956 [ERROR] LogOutputStream:75 - [STDERR_REDIRECT] 
2025-09-28 11:09:19,957 [ERROR] LogOutputStream:75 - [STDERR_REDIRECT] Sep 28, 2025 11:09:19 AM java.util.prefs.FileSystemPreferences checkLockFile0ErrorCode
2025-09-28 11:09:19,957 [ERROR] LogOutputStream:75 - [STDERR_REDIRECT] WARNING: Could not lock System prefs. Unix error code 2.
2025-09-28 11:09:19,957 [ERROR] LogOutputStream:75 - [STDERR_REDIRECT] 
2025-09-28 11:09:19,958 [ERROR] LogOutputStream:75 - [STDERR_REDIRECT] Sep 28, 2025 11:09:19 AM java.util.prefs.FileSystemPreferences syncWorld
2025-09-28 11:09:19,958 [ERROR] LogOutputStream:75 - [STDERR_REDIRECT] WARNING: Couldn't flush system prefs: java.util.prefs.BackingStoreException: Couldn't get file lock.
2025-09-28 11:09:19,958 [ERROR] LogOutputStream:75 - [STDERR_REDIRECT] 
2025-09-28 11:09:49,956 [ERROR] LogOutputStream:75 - [STDERR_REDIRECT] Sep 28, 2025 11:09:49 AM java.util.prefs.FileSystemPreferences checkLockFile0ErrorCode
2025-09-28 11:09:49,956 [ERROR] LogOutputStream:75 - [STDERR_REDIRECT] WARNING: Could not lock System prefs. Unix error code 2.
2025-09-28 11:09:49,956 [ERROR] LogOutputStream:75 - [STDERR_REDIRECT] 
2025-09-28 11:09:49,957 [ERROR] LogOutputStream:75 - [STDERR_REDIRECT] Sep 28, 2025 11:09:49 AM java.util.prefs.FileSystemPreferences syncWorld
2025-09-28 11:09:49,957 [ERROR] LogOutputStream:75 - [STDERR_REDIRECT] WARNING: Couldn't flush system prefs: java.util.prefs.BackingStoreException: Couldn't get file lock.
2025-09-28 11:09:49,958 [ERROR] LogOutputStream:75 - [STDERR_REDIRECT] 
2025-09-28 11:10:19,953 [ERROR] LogOutputStream:75 - [STDERR_REDIRECT] Sep 28, 2025 11:10:19 AM java.util.prefs.FileSystemPreferences checkLockFile0ErrorCode
2025-09-28 11:10:19,954 [ERROR] LogOutputStream:75 - [STDERR_REDIRECT] WARNING: Could not lock System prefs. Unix error code 2.
2025-09-28 11:10:19,954 [ERROR] LogOutputStream:75 - [STDERR_REDIRECT] 
2025-09-28 11:10:19,955 [ERROR] LogOutputStream:75 - [STDERR_REDIRECT] Sep 28, 2025 11:10:19 AM java.util.prefs.FileSystemPreferences syncWorld
2025-09-28 11:10:19,955 [ERROR] LogOutputStream:75 - [STDERR_REDIRECT] WARNING: Couldn't flush system prefs: java.util.prefs.BackingStoreException: Couldn't get file lock.
2025-09-28 11:10:19,956 [ERROR] LogOutputStream:75 - [STDERR_REDIRECT] 
2025-09-28 11:10:49,954 [ERROR] LogOutputStream:75 - [STDERR_REDIRECT] Sep 28, 2025 11:10:49 AM java.util.prefs.FileSystemPreferences checkLockFile0ErrorCode
2025-09-28 11:10:49,954 [ERROR] LogOutputStream:75 - [STDERR_REDIRECT] WARNING: Could not lock System prefs. Unix error code 2.
2025-09-28 11:10:49,955 [ERROR] LogOutputStream:75 - [STDERR_REDIRECT] 
2025-09-28 11:10:49,955 [ERROR] LogOutputStream:75 - [STDERR_REDIRECT] Sep 28, 2025 11:10:49 AM java.util.prefs.FileSystemPreferences syncWorld
2025-09-28 11:10:49,955 [ERROR] LogOutputStream:75 - [STDERR_REDIRECT] WARNING: Couldn't flush system prefs: java.util.prefs.BackingStoreException: Couldn't get file lock.
2025-09-28 11:10:49,956 [ERROR] LogOutputStream:75 - [STDERR_REDIRECT] 
2025-09-28 11:11:19,953 [ERROR] LogOutputStream:75 - [STDERR_REDIRECT] Sep 28, 2025 11:11:19 AM java.util.prefs.FileSystemPreferences checkLockFile0ErrorCode
2025-09-28 11:11:19,953 [ERROR] LogOutputStream:75 - [STDERR_REDIRECT] WARNING: Could not lock System prefs. Unix error code 2.
2025-09-28 11:11:19,954 [ERROR] LogOutputStream:75 - [STDERR_REDIRECT] 
2025-09-28 11:11:19,954 [ERROR] LogOutputStream:75 - [STDERR_REDIRECT] Sep 28, 2025 11:11:19 AM java.util.prefs.FileSystemPreferences syncWorld
2025-09-28 11:11:19,955 [ERROR] LogOutputStream:75 - [STDERR_REDIRECT] WARNING: Couldn't flush system prefs: java.util.prefs.BackingStoreException: Couldn't get file lock.
2025-09-28 11:11:19,955 [ERROR] LogOutputStream:75 - [STDERR_REDIRECT] 
2025-09-28 11:11:49,954 [ERROR] LogOutputStream:75 - [STDERR_REDIRECT] Sep 28, 2025 11:11:49 AM java.util.prefs.FileSystemPreferences checkLockFile0ErrorCode
2025-09-28 11:11:49,955 [ERROR] LogOutputStream:75 - [STDERR_REDIRECT] WARNING: Could not lock System prefs. Unix error code 2.
2025-09-28 11:11:49,955 [ERROR] LogOutputStream:75 - [STDERR_REDIRECT] 
2025-09-28 11:11:49,956 [ERROR] LogOutputStream:75 - [STDERR_REDIRECT] Sep 28, 2025 11:11:49 AM java.util.prefs.FileSystemPreferences syncWorld
2025-09-28 11:11:49,956 [ERROR] LogOutputStream:75 - [STDERR_REDIRECT] WARNING: Couldn't flush system prefs: java.util.prefs.BackingStoreException: Couldn't get file lock.
2025-09-28 11:11:49,956 [ERROR] LogOutputStream:75 - [STDERR_REDIRECT] 
2025-09-28 11:12:19,954 [ERROR] LogOutputStream:75 - [STDERR_REDIRECT] Sep 28, 2025 11:12:19 AM java.util.prefs.FileSystemPreferences checkLockFile0ErrorCode
2025-09-28 11:12:19,954 [ERROR] LogOutputStream:75 - [STDERR_REDIRECT] WARNING: Could not lock System prefs. Unix error code 2.
2025-09-28 11:12:19,954 [ERROR] LogOutputStream:75 - [STDERR_REDIRECT] 
2025-09-28 11:12:19,955 [ERROR] LogOutputStream:75 - [STDERR_REDIRECT] Sep 28, 2025 11:12:19 AM java.util.prefs.FileSystemPreferences syncWorld
2025-09-28 11:12:19,955 [ERROR] LogOutputStream:75 - [STDERR_REDIRECT] WARNING: Couldn't flush system prefs: java.util.prefs.BackingStoreException: Couldn't get file lock.
2025-09-28 11:12:19,955 [ERROR] LogOutputStream:75 - [STDERR_REDIRECT] 
2025-09-28 11:12:49,954 [ERROR] LogOutputStream:75 - [STDERR_REDIRECT] Sep 28, 2025 11:12:49 AM java.util.prefs.FileSystemPreferences checkLockFile0ErrorCode
2025-09-28 11:12:49,954 [ERROR] LogOutputStream:75 - [STDERR_REDIRECT] WARNING: Could not lock System prefs. Unix error code 2.
2025-09-28 11:12:49,954 [ERROR] LogOutputStream:75 - [STDERR_REDIRECT] 
2025-09-28 11:12:49,955 [ERROR] LogOutputStream:75 - [STDERR_REDIRECT] Sep 28, 2025 11:12:49 AM java.util.prefs.FileSystemPreferences syncWorld
2025-09-28 11:12:49,955 [ERROR] LogOutputStream:75 - [STDERR_REDIRECT] WARNING: Couldn't flush system prefs: java.util.prefs.BackingStoreException: Couldn't get file lock.
2025-09-28 11:12:49,955 [ERROR] LogOutputStream:75 - [STDERR_REDIRECT] 
2025-09-28 11:13:19,953 [ERROR] LogOutputStream:75 - [STDERR_REDIRECT] Sep 28, 2025 11:13:19 AM java.util.prefs.FileSystemPreferences checkLockFile0ErrorCode
2025-09-28 11:13:19,954 [ERROR] LogOutputStream:75 - [STDERR_REDIRECT] WARNING: Could not lock System prefs. Unix error code 2.
2025-09-28 11:13:19,954 [ERROR] LogOutputStream:75 - [STDERR_REDIRECT] 
2025-09-28 11:13:19,955 [ERROR] LogOutputStream:75 - [STDERR_REDIRECT] Sep 28, 2025 11:13:19 AM java.util.prefs.FileSystemPreferences syncWorld
2025-09-28 11:13:19,955 [ERROR] LogOutputStream:75 - [STDERR_REDIRECT] WARNING: Couldn't flush system prefs: java.util.prefs.BackingStoreException: Couldn't get file lock.
2025-09-28 11:13:19,955 [ERROR] LogOutputStream:75 - [STDERR_REDIRECT] 
2025-09-28 11:13:49,953 [ERROR] LogOutputStream:75 - [STDERR_REDIRECT] Sep 28, 2025 11:13:49 AM java.util.prefs.FileSystemPreferences checkLockFile0ErrorCode
2025-09-28 11:13:49,954 [ERROR] LogOutputStream:75 - [STDERR_REDIRECT] WARNING: Could not lock System prefs. Unix error code 2.
2025-09-28 11:13:49,954 [ERROR] LogOutputStream:75 - [STDERR_REDIRECT] 
2025-09-28 11:13:49,954 [ERROR] LogOutputStream:75 - [STDERR_REDIRECT] Sep 28, 2025 11:13:49 AM java.util.prefs.FileSystemPreferences syncWorld
2025-09-28 11:13:49,954 [ERROR] LogOutputStream:75 - [STDERR_REDIRECT] WARNING: Couldn't flush system prefs: java.util.prefs.BackingStoreException: Couldn't get file lock.
2025-09-28 11:13:49,954 [ERROR] LogOutputStream:75 - [STDERR_REDIRECT] 
2025-09-28 11:14:19,956 [ERROR] LogOutputStream:75 - [STDERR_REDIRECT] Sep 28, 2025 11:14:19 AM java.util.prefs.FileSystemPreferences checkLockFile0ErrorCode
2025-09-28 11:14:19,957 [ERROR] LogOutputStream:75 - [STDERR_REDIRECT] WARNING: Could not lock System prefs. Unix error code 2.
2025-09-28 11:14:19,957 [ERROR] LogOutputStream:75 - [STDERR_REDIRECT] 
2025-09-28 11:14:19,957 [ERROR] LogOutputStream:75 - [STDERR_REDIRECT] Sep 28, 2025 11:14:19 AM java.util.prefs.FileSystemPreferences syncWorld
2025-09-28 11:14:19,957 [ERROR] LogOutputStream:75 - [STDERR_REDIRECT] WARNING: Couldn't flush system prefs: java.util.prefs.BackingStoreException: Couldn't get file lock.
2025-09-28 11:14:19,958 [ERROR] LogOutputStream:75 - [STDERR_REDIRECT] 
2025-09-28 11:14:49,957 [ERROR] LogOutputStream:75 - [STDERR_REDIRECT] Sep 28, 2025 11:14:49 AM java.util.prefs.FileSystemPreferences checkLockFile0ErrorCode
2025-09-28 11:14:49,957 [ERROR] LogOutputStream:75 - [STDERR_REDIRECT] WARNING: Could not lock System prefs. Unix error code 2.
2025-09-28 11:14:49,957 [ERROR] LogOutputStream:75 - [STDERR_REDIRECT] 
2025-09-28 11:14:49,958 [ERROR] LogOutputStream:75 - [STDERR_REDIRECT] Sep 28, 2025 11:14:49 AM java.util.prefs.FileSystemPreferences syncWorld
2025-09-28 11:14:49,958 [ERROR] LogOutputStream:75 - [STDERR_REDIRECT] WARNING: Couldn't flush system prefs: java.util.prefs.BackingStoreException: Couldn't get file lock.
2025-09-28 11:14:49,958 [ERROR] LogOutputStream:75 - [STDERR_REDIRECT] 
2025-09-28 11:15:19,953 [ERROR] LogOutputStream:75 - [STDERR_REDIRECT] Sep 28, 2025 11:15:19 AM java.util.prefs.FileSystemPreferences checkLockFile0ErrorCode
2025-09-28 11:15:19,954 [ERROR] LogOutputStream:75 - [STDERR_REDIRECT] WARNING: Could not lock System prefs. Unix error code 2.
2025-09-28 11:15:19,954 [ERROR] LogOutputStream:75 - [STDERR_REDIRECT] 
2025-09-28 11:15:19,954 [ERROR] LogOutputStream:75 - [STDERR_REDIRECT] Sep 28, 2025 11:15:19 AM java.util.prefs.FileSystemPreferences syncWorld
2025-09-28 11:15:19,955 [ERROR] LogOutputStream:75 - [STDERR_REDIRECT] WARNING: Couldn't flush system prefs: java.util.prefs.BackingStoreException: Couldn't get file lock.
2025-09-28 11:15:19,955 [ERROR] LogOutputStream:75 - [STDERR_REDIRECT] 
2025-09-28 11:15:49,954 [ERROR] LogOutputStream:75 - [STDERR_REDIRECT] Sep 28, 2025 11:15:49 AM java.util.prefs.FileSystemPreferences checkLockFile0ErrorCode
2025-09-28 11:15:49,954 [ERROR] LogOutputStream:75 - [STDERR_REDIRECT] WARNING: Could not lock System prefs. Unix error code 2.
2025-09-28 11:15:49,955 [ERROR] LogOutputStream:75 - [STDERR_REDIRECT] 
2025-09-28 11:15:49,955 [ERROR] LogOutputStream:75 - [STDERR_REDIRECT] Sep 28, 2025 11:15:49 AM java.util.prefs.FileSystemPreferences syncWorld
2025-09-28 11:15:49,955 [ERROR] LogOutputStream:75 - [STDERR_REDIRECT] WARNING: Couldn't flush system prefs: java.util.prefs.BackingStoreException: Couldn't get file lock.
2025-09-28 11:15:49,955 [ERROR] LogOutputStream:75 - [STDERR_REDIRECT] 
2025-09-28 11:16:19,954 [ERROR] LogOutputStream:75 - [STDERR_REDIRECT] Sep 28, 2025 11:16:19 AM java.util.prefs.FileSystemPreferences checkLockFile0ErrorCode
2025-09-28 11:16:19,954 [ERROR] LogOutputStream:75 - [STDERR_REDIRECT] WARNING: Could not lock System prefs. Unix error code 2.
2025-09-28 11:16:19,954 [ERROR] LogOutputStream:75 - [STDERR_REDIRECT] 
2025-09-28 11:16:19,955 [ERROR] LogOutputStream:75 - [STDERR_REDIRECT] Sep 28, 2025 11:16:19 AM java.util.prefs.FileSystemPreferences syncWorld
2025-09-28 11:16:19,955 [ERROR] LogOutputStream:75 - [STDERR_REDIRECT] WARNING: Couldn't flush system prefs: java.util.prefs.BackingStoreException: Couldn't get file lock.
2025-09-28 11:16:19,955 [ERROR] LogOutputStream:75 - [STDERR_REDIRECT] 
2025-09-28 11:16:21,830 [ERROR] LogOutputStream:75 - [STDERR_REDIRECT] 
2025-09-28 11:16:21,831 [ERROR] LogOutputStream:75 - [STDERR_REDIRECT] 
