2025-09-25 19:18:13,030 [INFO] Activator:176 - 


2025-09-25 19:18:13,041 [INFO] Activator:177 - !SESSION log4j initialized
2025-09-25 19:18:25,082 [INFO] LogOutputStream:77 - [STDOUT_REDIRECT] 
2025-09-25 19:18:29,023 [INFO] ApplicationProperties:184 - Using Application install path: /opt/st/stm32cubeide_1.19.0/plugins/com.st.stm32cube.common.mx_6.15.0.202507011659
2025-09-25 19:18:29,060 [INFO] DbMcusXml:78 - Set database path to: /opt/st/stm32cubeide_1.19.0/plugins/com.st.stm32cube.common.mx_6.15.0.202507011659//db//mcu/
2025-09-25 19:18:29,061 [INFO] ApiDb:274 - Set plugin database path to: /opt/st/stm32cubeide_1.19.0/plugins/com.st.stm32cube.common.mx_6.15.0.202507011659//db//plugins/boardmanager/
2025-09-25 19:18:29,062 [WARN] ApiDb:259 - Overriding images path with different value:  => /opt/st/stm32cubeide_1.19.0/plugins/com.st.stm32cube.common.mx_6.15.0.202507011659//db//plugins/mcufinder/images/
2025-09-25 19:18:29,073 [INFO] ApiDb:250 - Set database path to: /home/tomas1908/.stmcufinder/plugins/mcufinder//mcu/
2025-09-25 19:18:29,076 [INFO] DbMcusAds:125 - Set database path to: /home/tomas1908/.stmcufinder/plugins/mcufinder//mcu/
2025-09-25 19:18:29,081 [INFO] CrossReferenceDbSqlite:203 - Set database path to: /home/tomas1908/.stmcufinder/plugins/mcufinder//mcu/cs/
2025-09-25 19:18:29,322 [INFO] RulesReader:64 - Compatibility file has been processed (317 Rules)
2025-09-25 19:18:29,464 [INFO] DbMcusXml:78 - Set database path to: /opt/st/stm32cubeide_1.19.0/plugins/com.st.stm32cube.common.mx_6.15.0.202507011659//db//mcu/
2025-09-25 19:18:29,464 [INFO] ApiDb:274 - Set plugin database path to: /opt/st/stm32cubeide_1.19.0/plugins/com.st.stm32cube.common.mx_6.15.0.202507011659//db//plugins/boardmanager/
2025-09-25 19:18:29,465 [INFO] ApiDb:261 - Set plugin images path to: /opt/st/stm32cubeide_1.19.0/plugins/com.st.stm32cube.common.mx_6.15.0.202507011659//db//plugins/mcufinder/images/
2025-09-25 19:18:29,465 [WARN] DbFile:41 - Overriding database path with different value: /home/tomas1908/.stmcufinder/plugins/mcufinder/ => /home/tomas1908/.stmcufinder/plugins/mcufinder
2025-09-25 19:18:29,466 [INFO] ApiDb:250 - Set database path to: /home/tomas1908/.stmcufinder/plugins/mcufinder//mcu/
2025-09-25 19:18:29,466 [WARN] DbFile:41 - Overriding database path with different value: /home/tomas1908/.stmcufinder/plugins/mcufinder/ => /home/tomas1908/.stmcufinder/plugins/mcufinder
2025-09-25 19:18:29,466 [INFO] DbMcusAds:125 - Set database path to: /home/tomas1908/.stmcufinder/plugins/mcufinder//mcu/
2025-09-25 19:18:29,466 [WARN] DbFile:41 - Overriding database path with different value: /home/tomas1908/.stmcufinder/plugins/mcufinder/ => /home/tomas1908/.stmcufinder/plugins/mcufinder
2025-09-25 19:18:29,466 [WARN] DbFile:41 - Overriding database path with different value: /home/tomas1908/.stmcufinder/plugins/mcufinder/ => /home/tomas1908/.stmcufinder/plugins/mcufinder
2025-09-25 19:18:29,467 [INFO] CrossReferenceDbSqlite:203 - Set database path to: /home/tomas1908/.stmcufinder/plugins/mcufinder//mcu/cs/
2025-09-25 19:18:29,626 [INFO] MainPanel:274 - HeapMemory: 268435456
2025-09-25 19:18:29,912 [INFO] DbMcusXml:78 - Set database path to: /opt/st/stm32cubeide_1.19.0/plugins/com.st.stm32cube.common.mx_6.15.0.202507011659//db//mcu/
2025-09-25 19:18:29,913 [INFO] ApiDb:274 - Set plugin database path to: /opt/st/stm32cubeide_1.19.0/plugins/com.st.stm32cube.common.mx_6.15.0.202507011659//db//plugins/boardmanager/
2025-09-25 19:18:29,913 [INFO] ApiDb:261 - Set plugin images path to: /opt/st/stm32cubeide_1.19.0/plugins/com.st.stm32cube.common.mx_6.15.0.202507011659//db//plugins/mcufinder/images/
2025-09-25 19:18:29,914 [WARN] DbFile:41 - Overriding database path with different value: /home/tomas1908/.stmcufinder/plugins/mcufinder/ => /home/tomas1908/.stmcufinder/plugins/mcufinder
2025-09-25 19:18:29,914 [INFO] ApiDb:250 - Set database path to: /home/tomas1908/.stmcufinder/plugins/mcufinder//mcu/
2025-09-25 19:18:29,914 [WARN] DbFile:41 - Overriding database path with different value: /home/tomas1908/.stmcufinder/plugins/mcufinder/ => /home/tomas1908/.stmcufinder/plugins/mcufinder
2025-09-25 19:18:29,915 [INFO] DbMcusAds:125 - Set database path to: /home/tomas1908/.stmcufinder/plugins/mcufinder//mcu/
2025-09-25 19:18:29,915 [WARN] DbFile:41 - Overriding database path with different value: /home/tomas1908/.stmcufinder/plugins/mcufinder/ => /home/tomas1908/.stmcufinder/plugins/mcufinder
2025-09-25 19:18:29,915 [WARN] DbFile:41 - Overriding database path with different value: /home/tomas1908/.stmcufinder/plugins/mcufinder/ => /home/tomas1908/.stmcufinder/plugins/mcufinder
2025-09-25 19:18:29,915 [INFO] CrossReferenceDbSqlite:203 - Set database path to: /home/tomas1908/.stmcufinder/plugins/mcufinder//mcu/cs/
2025-09-25 19:18:29,958 [INFO] ApplicationProperties:184 - Using Application install path: /opt/st/stm32cubeide_1.19.0/plugins/com.st.stm32cube.common.mx_6.15.0.202507011659
2025-09-25 19:18:29,963 [INFO] PluginManage:196 - Search for loadable plugins [exclusion list=, ]
2025-09-25 19:18:29,966 [INFO] PluginManage:310 - Check plugin analytics
2025-09-25 19:18:30,551 [INFO] AnalyticsPlugin:253 - Accepted Software Licenses: 
2025-09-25 19:18:30,551 [INFO] AnalyticsPlugin:255 - Accepted CMSIS Pack Licenses: 
2025-09-25 19:18:30,552 [INFO] AnalyticsPlugin:257 - Accepted Firmware Licenses: FW.F4.1.28.0
2025-09-25 19:18:30,563 [INFO] PluginManage:359 - Loaded plugin analytics (category:tool,tabindex:-1)
2025-09-25 19:18:30,564 [INFO] PluginManage:310 - Check plugin cadmodel
2025-09-25 19:18:30,578 [INFO] CADModel:105 - Init CAD model plugin
2025-09-25 19:18:30,579 [INFO] PluginManage:359 - Loaded plugin cadmodel (category:power,tabindex:5)
2025-09-25 19:18:30,580 [INFO] PluginManage:310 - Check plugin clock
2025-09-25 19:18:30,620 [INFO] PluginManage:359 - Loaded plugin clock (category:base,tabindex:2)
2025-09-25 19:18:30,621 [INFO] PluginManage:310 - Check plugin ddr
2025-09-25 19:18:30,635 [INFO] PluginManage:359 - Loaded plugin ddr (category:tool,tabindex:6)
2025-09-25 19:18:30,637 [INFO] PluginManage:310 - Check plugin filemanager
2025-09-25 19:18:31,083 [INFO] PluginManage:359 - Loaded plugin filemanager (category:base,tabindex:10)
2025-09-25 19:18:31,084 [INFO] PluginManage:310 - Check plugin ipmanager
2025-09-25 19:18:31,095 [INFO] PluginManage:359 - Loaded plugin ipmanager (category:base,tabindex:5)
2025-09-25 19:18:31,095 [INFO] PluginManage:310 - Check plugin lpbam
2025-09-25 19:18:31,112 [INFO] PluginManage:359 - Loaded plugin lpbam (category:base,tabindex:0)
2025-09-25 19:18:31,113 [INFO] PluginManage:310 - Check plugin memorymap
2025-09-25 19:18:31,139 [INFO] PluginManage:359 - Loaded plugin memorymap (category:base,tabindex:4)
2025-09-25 19:18:31,139 [INFO] PluginManage:310 - Check plugin pinoutandconfiguration
2025-09-25 19:18:31,154 [INFO] PluginManage:359 - Loaded plugin pinoutandconfiguration (category:base,tabindex:1)
2025-09-25 19:18:31,155 [INFO] PluginManage:310 - Check plugin pinoutconfig
2025-09-25 19:18:31,356 [WARN] SupportedApi:132 - Cannot load RTOS API schema: s4s-elt-must-match.1: The content of 'definitions' must match (annotation?, (simpleType | complexType)?, (unique | key | keyref)*)). A problem was found starting at: attribute.
2025-09-25 19:18:31,621 [INFO] PluginManage:359 - Loaded plugin pinoutconfig (category:base,tabindex:0)
2025-09-25 19:18:31,621 [INFO] PluginManage:310 - Check plugin power
2025-09-25 19:18:31,639 [INFO] PluginManage:359 - Loaded plugin power (category:power,tabindex:4)
2025-09-25 19:18:31,640 [INFO] PluginManage:310 - Check plugin projectmanager
2025-09-25 19:18:31,670 [INFO] PluginManage:359 - Loaded plugin projectmanager (category:projectmanager,tabindex:4)
2025-09-25 19:18:31,671 [INFO] PluginManage:310 - Check plugin rif
2025-09-25 19:18:31,688 [INFO] PluginManage:359 - Loaded plugin rif (category:base,tabindex:3)
2025-09-25 19:18:31,688 [INFO] PluginManage:310 - Check plugin thirdparty
2025-09-25 19:18:31,955 [INFO] PluginManage:359 - Loaded plugin thirdparty (category:base,tabindex:-1)
2025-09-25 19:18:31,955 [WARN] IntegrityCheckThread:84 - waiting for thirdparty lock release [integrity check]
2025-09-25 19:18:31,956 [INFO] IntegrityCheckThread:86 - entering critical section [integrity check]
2025-09-25 19:18:31,956 [INFO] PluginManage:310 - Check plugin tools
2025-09-25 19:18:31,957 [INFO] ThirdPartyUpdaterWithRetryManager:70 - Updater plugin not ready yet. [1/15]
2025-09-25 19:18:31,960 [INFO] PluginManage:359 - Loaded plugin tools (category:base,tabindex:7)
2025-09-25 19:18:31,960 [INFO] PluginManage:310 - Check plugin tutovideos
2025-09-25 19:18:32,351 [INFO] PluginManage:359 - Loaded plugin tutovideos (category:base,tabindex:-1)
2025-09-25 19:18:32,352 [INFO] PluginManage:310 - Check plugin updater
2025-09-25 19:18:32,394 [INFO] PluginManage:359 - Loaded plugin updater (category:base,tabindex:12)
2025-09-25 19:18:32,394 [INFO] PluginManage:310 - Check plugin userauth
2025-09-25 19:18:32,403 [INFO] UserAuth:118 - Init User Auth plugin
2025-09-25 19:18:32,406 [INFO] PluginManage:359 - Loaded plugin userauth (category:base,tabindex:14)
2025-09-25 19:18:32,407 [INFO] PluginManage:283 - PluginManage : Loaded plugins [18]
2025-09-25 19:18:32,830 [INFO] PinOutPanel:1589 - setPackage(No Configuration,No Configuration)
2025-09-25 19:18:32,991 [INFO] CADModel:165 - CPN selected for project level
2025-09-25 19:18:32,991 [INFO] CADModel:114 - Register for checkConnection events
2025-09-25 19:18:33,027 [INFO] IPUIPlugin:80 - create IPUIPlugin
2025-09-25 19:18:33,028 [INFO] PluginManager:220 - loadIPPluginJar : add i2c
2025-09-25 19:18:33,047 [INFO] IPUIPlugin:80 - create IPUIPlugin
2025-09-25 19:18:33,048 [INFO] PluginManager:220 - loadIPPluginJar : add mdma
2025-09-25 19:18:33,054 [INFO] IPUIPlugin:80 - create IPUIPlugin
2025-09-25 19:18:33,055 [INFO] PluginManager:220 - loadIPPluginJar : add aes
2025-09-25 19:18:33,062 [INFO] IPUIPlugin:80 - create IPUIPlugin
2025-09-25 19:18:33,062 [INFO] PluginManager:220 - loadIPPluginJar : add can
2025-09-25 19:18:33,078 [INFO] IPUIPlugin:80 - create IPUIPlugin
2025-09-25 19:18:33,079 [INFO] PluginManager:220 - loadIPPluginJar : add freertos
2025-09-25 19:18:33,085 [INFO] IPUIPlugin:80 - create IPUIPlugin
2025-09-25 19:18:33,085 [INFO] PluginManager:220 - loadIPPluginJar : add gtzc
2025-09-25 19:18:33,088 [INFO] IPUIPlugin:80 - create IPUIPlugin
2025-09-25 19:18:33,088 [INFO] PluginManager:220 - loadIPPluginJar : add ts
2025-09-25 19:18:33,106 [INFO] IPUIPlugin:80 - create IPUIPlugin
2025-09-25 19:18:33,107 [INFO] PluginManager:220 - loadIPPluginJar : add stm32_wpan
2025-09-25 19:18:33,109 [INFO] IPUIPlugin:80 - create IPUIPlugin
2025-09-25 19:18:33,110 [INFO] PluginManager:220 - loadIPPluginJar : add fatfs
2025-09-25 19:18:33,122 [INFO] IPUIPlugin:80 - create IPUIPlugin
2025-09-25 19:18:33,123 [INFO] PluginManager:220 - loadIPPluginJar : add dma
2025-09-25 19:18:33,130 [INFO] IPUIPlugin:80 - create IPUIPlugin
2025-09-25 19:18:33,131 [INFO] PluginManager:220 - loadIPPluginJar : add usbx
2025-09-25 19:18:33,135 [INFO] IPUIPlugin:80 - create IPUIPlugin
2025-09-25 19:18:33,135 [INFO] PluginManager:220 - loadIPPluginJar : add hash
2025-09-25 19:18:33,140 [INFO] IPUIPlugin:80 - create IPUIPlugin
2025-09-25 19:18:33,140 [INFO] PluginManager:220 - loadIPPluginJar : add cryp
2025-09-25 19:18:33,155 [INFO] IPUIPlugin:80 - create IPUIPlugin
2025-09-25 19:18:33,156 [INFO] PluginManager:220 - loadIPPluginJar : add openamp
2025-09-25 19:18:33,161 [INFO] IPUIPlugin:80 - create IPUIPlugin
2025-09-25 19:18:33,161 [INFO] PluginManager:220 - loadIPPluginJar : add genericplugin
2025-09-25 19:18:33,170 [INFO] IPUIPlugin:80 - create IPUIPlugin
2025-09-25 19:18:33,170 [INFO] PluginManager:220 - loadIPPluginJar : add ipddr
2025-09-25 19:18:33,180 [INFO] IPUIPlugin:80 - create IPUIPlugin
2025-09-25 19:18:33,180 [INFO] PluginManager:220 - loadIPPluginJar : add opamp
2025-09-25 19:18:33,183 [INFO] IPUIPlugin:80 - create IPUIPlugin
2025-09-25 19:18:33,183 [INFO] PluginManager:220 - loadIPPluginJar : add ltdc
2025-09-25 19:18:33,191 [INFO] IPUIPlugin:80 - create IPUIPlugin
2025-09-25 19:18:33,191 [INFO] PluginManager:220 - loadIPPluginJar : add dfsdm
2025-09-25 19:18:33,217 [INFO] IPUIPlugin:80 - create IPUIPlugin
2025-09-25 19:18:33,217 [INFO] PluginManager:220 - loadIPPluginJar : add gic
2025-09-25 19:18:33,236 [INFO] IPUIPlugin:80 - create IPUIPlugin
2025-09-25 19:18:33,237 [INFO] PluginManager:220 - loadIPPluginJar : add extmemmanager
2025-09-25 19:18:33,250 [INFO] IPUIPlugin:80 - create IPUIPlugin
2025-09-25 19:18:33,250 [INFO] PluginManager:220 - loadIPPluginJar : add ucpd
2025-09-25 19:18:33,271 [INFO] IPUIPlugin:80 - create IPUIPlugin
2025-09-25 19:18:33,272 [INFO] PluginManager:220 - loadIPPluginJar : add tracer_emb
2025-09-25 19:18:33,293 [INFO] IPUIPlugin:80 - create IPUIPlugin
2025-09-25 19:18:33,295 [INFO] PluginManager:220 - loadIPPluginJar : add radio
2025-09-25 19:18:33,309 [INFO] IPUIPlugin:80 - create IPUIPlugin
2025-09-25 19:18:33,310 [INFO] PluginManager:220 - loadIPPluginJar : add pdm2pcm
2025-09-25 19:18:33,323 [INFO] IPUIPlugin:80 - create IPUIPlugin
2025-09-25 19:18:33,324 [INFO] PluginManager:220 - loadIPPluginJar : add spi
2025-09-25 19:18:33,331 [INFO] IPUIPlugin:80 - create IPUIPlugin
2025-09-25 19:18:33,332 [INFO] PluginManager:220 - loadIPPluginJar : add tim
2025-09-25 19:18:33,352 [INFO] IPUIPlugin:80 - create IPUIPlugin
2025-09-25 19:18:33,367 [INFO] PluginManager:220 - loadIPPluginJar : add plateformsettings
2025-09-25 19:18:33,380 [INFO] IPUIPlugin:80 - create IPUIPlugin
2025-09-25 19:18:33,380 [INFO] PluginManager:220 - loadIPPluginJar : add touchsensing
2025-09-25 19:18:33,392 [INFO] IPUIPlugin:80 - create IPUIPlugin
2025-09-25 19:18:33,392 [INFO] PluginManager:220 - loadIPPluginJar : add gpio
2025-09-25 19:18:33,417 [INFO] IPUIPlugin:80 - create IPUIPlugin
2025-09-25 19:18:33,417 [INFO] PluginManager:220 - loadIPPluginJar : add adc
2025-09-25 19:18:33,455 [INFO] IPUIPlugin:80 - create IPUIPlugin
2025-09-25 19:18:33,455 [INFO] PluginManager:220 - loadIPPluginJar : add linkedlist
2025-09-25 19:18:33,462 [INFO] IPUIPlugin:80 - create IPUIPlugin
2025-09-25 19:18:33,469 [INFO] PluginManager:220 - loadIPPluginJar : add comp
2025-09-25 19:18:33,494 [INFO] IPUIPlugin:80 - create IPUIPlugin
2025-09-25 19:18:33,495 [INFO] PluginManager:220 - loadIPPluginJar : add fmc
2025-09-25 19:18:33,501 [INFO] IPUIPlugin:80 - create IPUIPlugin
2025-09-25 19:18:33,501 [INFO] PluginManager:220 - loadIPPluginJar : add tsc
2025-09-25 19:18:33,517 [INFO] IPUIPlugin:80 - create IPUIPlugin
2025-09-25 19:18:33,518 [INFO] PluginManager:220 - loadIPPluginJar : add sai
2025-09-25 19:18:33,525 [INFO] IPUIPlugin:80 - create IPUIPlugin
2025-09-25 19:18:33,526 [INFO] PluginManager:220 - loadIPPluginJar : add usart
2025-09-25 19:18:33,537 [INFO] IPUIPlugin:80 - create IPUIPlugin
2025-09-25 19:18:33,537 [INFO] PluginManager:220 - loadIPPluginJar : add nvic
2025-09-25 19:18:33,558 [INFO] IPUIPlugin:80 - create IPUIPlugin
2025-09-25 19:18:33,559 [INFO] PluginManager:220 - loadIPPluginJar : add resmgrutility
2025-09-25 19:18:33,564 [INFO] IPUIPlugin:80 - create IPUIPlugin
2025-09-25 19:18:33,564 [INFO] PluginManager:220 - loadIPPluginJar : add lorawan
2025-09-25 19:18:33,569 [INFO] IPUIPlugin:80 - create IPUIPlugin
2025-09-25 19:18:33,569 [INFO] PluginManager:220 - loadIPPluginJar : add gfxmmu
2025-09-25 19:18:33,574 [INFO] IPUIPlugin:80 - create IPUIPlugin
2025-09-25 19:18:33,575 [INFO] PluginManager:220 - loadIPPluginJar : add dma3
2025-09-25 19:18:33,584 [INFO] IPUIPlugin:80 - create IPUIPlugin
2025-09-25 19:18:33,584 [INFO] PluginManager:220 - loadIPPluginJar : add i3c
2025-09-25 19:18:33,588 [INFO] IPUIPlugin:80 - create IPUIPlugin
2025-09-25 19:18:33,588 [INFO] PluginManager:220 - loadIPPluginJar : add quadspi
2025-09-25 19:18:33,596 [INFO] IPUIPlugin:80 - create IPUIPlugin
2025-09-25 19:18:33,597 [INFO] PluginManager:220 - loadIPPluginJar : add ddr_ctrl_phy
2025-09-25 19:18:33,602 [INFO] IPUIPlugin:80 - create IPUIPlugin
2025-09-25 19:18:33,603 [INFO] PluginManager:220 - loadIPPluginJar : add i2s
2025-09-25 19:18:33,781 [FATAL] Updater:351 - Updater called before beeing initialized
2025-09-25 19:18:33,889 [INFO] RulesReader:64 - Compatibility file has been processed (317 Rules)
2025-09-25 19:18:33,932 [INFO] RulesReader:64 - Compatibility file has been processed (317 Rules)
2025-09-25 19:18:33,958 [INFO] CADModel:165 - CPN selected for project level
2025-09-25 19:18:33,958 [INFO] CADModel:114 - Register for checkConnection events
2025-09-25 19:18:33,959 [FATAL] Updater:351 - Updater called before beeing initialized
2025-09-25 19:18:33,959 [ERROR] CADModel:125 - Updater not yet initialized, retry later 
2025-09-25 19:18:34,343 [FATAL] Updater:351 - Updater called before beeing initialized
2025-09-25 19:18:34,348 [INFO] CADModel:165 - CPN selected for project level
2025-09-25 19:18:34,348 [INFO] CADModel:114 - Register for checkConnection events
2025-09-25 19:18:34,349 [FATAL] Updater:351 - Updater called before beeing initialized
2025-09-25 19:18:34,349 [ERROR] CADModel:125 - Updater not yet initialized, retry later 
2025-09-25 19:18:34,356 [FATAL] Updater:351 - Updater called before beeing initialized
2025-09-25 19:18:34,635 [FATAL] Updater:351 - Updater called before beeing initialized
2025-09-25 19:18:34,654 [INFO] DbMcusAds:53 - JSON generation date=Tue Jul 08 05:14:23 ART 2025 (1751962463582)
2025-09-25 19:18:34,655 [FATAL] Updater:351 - Updater called before beeing initialized
2025-09-25 19:18:34,755 [WARN] DetailPanel:346 - Failed to get advertising image, set to default
2025-09-25 19:18:34,948 [FATAL] Updater:351 - Updater called before beeing initialized
2025-09-25 19:18:34,952 [FATAL] Updater:351 - Updater called before beeing initialized
2025-09-25 19:18:34,952 [FATAL] Updater:351 - Updater called before beeing initialized
2025-09-25 19:18:34,952 [WARN] DetailPanel:346 - Failed to get advertising image, set to default
2025-09-25 19:18:34,954 [FATAL] Updater:351 - Updater called before beeing initialized
2025-09-25 19:18:34,957 [INFO] ThirdPartyUpdaterWithRetryManager:70 - Updater plugin not ready yet. [2/15]
2025-09-25 19:18:35,037 [ERROR] Updater:1198 - MainUpdater not yet initialized. External WinMGr cannot be set.
2025-09-25 19:18:35,041 [INFO] Updater:1134 - Updater Version found : 6.15.0
2025-09-25 19:18:35,088 [INFO] ApplicationProperties:184 - Using Application install path: /opt/st/stm32cubeide_1.19.0/plugins/com.st.stm32cube.common.mx_6.15.0.202507011659
2025-09-25 19:18:35,121 [ERROR] LogOutputStream:75 - [STDERR_REDIRECT] Sep 25, 2025 7:18:35 PM java.util.prefs.FileSystemPreferences$2 run
2025-09-25 19:18:35,122 [ERROR] LogOutputStream:75 - [STDERR_REDIRECT] WARNING: Could not create system preferences directory. System preferences are unusable.
2025-09-25 19:18:35,122 [ERROR] LogOutputStream:75 - [STDERR_REDIRECT] 
2025-09-25 19:18:35,795 [INFO] MainUpdater:2872 - connection check result : 10
2025-09-25 19:18:35,796 [INFO] MainUpdater:289 - Updater Check For Update Now.
2025-09-25 19:18:35,796 [INFO] MicroXplorer:498 - Change Database Version : DB.6.0.150
2025-09-25 19:18:35,807 [INFO] McuFinderGlobals:63 - Set McuFinder mode to 2 (CubeIDE integrated)
2025-09-25 19:18:35,808 [INFO] UserAuth:487 - Internet connection configuration mode: 1
2025-09-25 19:18:35,926 [INFO] JxBrowserEngine:152 - Initiate JxBrowser Engine with user profile folder
2025-09-25 19:18:36,203 [INFO] CheckServerUpdateThread:120 - End of CheckServer Thread
2025-09-25 19:18:38,171 [INFO] WebApp:169 - Instantiating new browser for Auth
2025-09-25 19:18:38,723 [WARN] PackLoader:240 - Cannot read IP mode file for STMicroelectronics.FP-SNS-MOTENVWB1.1.4.0
2025-09-25 19:18:38,778 [WARN] PackLoader:240 - Cannot read IP mode file for STMicroelectronics.FP-ATR-ASTRA1.2.0.2
2025-09-25 19:18:38,826 [WARN] PackLoader:240 - Cannot read IP mode file for STMicroelectronics.X-CUBE-SMBUS.2.1.0
2025-09-25 19:18:38,855 [WARN] PackLoader:240 - Cannot read IP mode file for STMicroelectronics.X-CUBE-ST60.1.0.0
2025-09-25 19:18:39,146 [WARN] PackLoader:240 - Cannot read IP mode file for STMicroelectronics.X-CUBE-AZRTOS-F7.1.1.0
2025-09-25 19:18:39,201 [WARN] PackLoader:240 - Cannot read IP mode file for Cesanta.I-CUBE-Mongoose.7.19.0
2025-09-25 19:18:39,243 [WARN] PackLoader:240 - Cannot read IP mode file for WES.I-CUBE-Cesium.1.4.0
2025-09-25 19:18:39,418 [WARN] PackLoader:240 - Cannot read IP mode file for Infineon.AIROC-Wi-Fi-Bluetooth-STM32.1.7.1
2025-09-25 19:18:39,510 [WARN] PackLoader:240 - Cannot read IP mode file for STMicroelectronics.X-CUBE-DISPLAY.3.0.0
2025-09-25 19:18:39,579 [WARN] PackLoader:240 - Cannot read IP mode file for STMicroelectronics.X-CUBE-NFC10.1.0.0
2025-09-25 19:18:39,624 [WARN] PackLoader:240 - Cannot read IP mode file for emotas.I-CUBE-CANOPEN.1.3.0
2025-09-25 19:18:39,638 [WARN] PackLoader:240 - Cannot read IP mode file for STMicroelectronics.FP-SNS-SMARTAG2.1.2.0
2025-09-25 19:18:39,650 [WARN] PackLoader:240 - Cannot read IP mode file for STMicroelectronics.FP-SNS-FLIGHT1.5.1.0
2025-09-25 19:18:39,675 [INFO] LogOutputStream:77 - [STDOUT_REDIRECT] 1 : Invalid condition id : UX_CORESTACK_Condition cause : null
2025-09-25 19:18:39,677 [INFO] LogOutputStream:77 - [STDOUT_REDIRECT] 1 : Invalid condition id : UX_CORESTACK_Condition cause : null
2025-09-25 19:18:39,677 [INFO] LogOutputStream:77 - [STDOUT_REDIRECT] 1 : Invalid condition id : UX_CORESTACK_Condition cause : null
2025-09-25 19:18:39,678 [INFO] LogOutputStream:77 - [STDOUT_REDIRECT] 1 : Invalid condition id : UX_CORESTACK_Condition cause : null
2025-09-25 19:18:39,679 [INFO] LogOutputStream:77 - [STDOUT_REDIRECT] 1 : Invalid condition id : UX_CORESTACK_Condition cause : null
2025-09-25 19:18:39,691 [WARN] PackLoader:240 - Cannot read IP mode file for STMicroelectronics.X-CUBE-AZRTOS-WL.2.0.0
2025-09-25 19:18:39,757 [WARN] PackLoader:240 - Cannot read IP mode file for STMicroelectronics.FP-SNS-MOTENV1.5.0.0
2025-09-25 19:18:39,809 [WARN] PackLoader:240 - Cannot read IP mode file for STMicroelectronics.X-CUBE-BLE2.3.3.0
2025-09-25 19:18:39,853 [WARN] PackLoader:240 - Cannot read IP mode file for STMicroelectronics.X-CUBE-NFC9.1.0.0
2025-09-25 19:18:39,885 [WARN] PackLoader:240 - Cannot read IP mode file for STMicroelectronics.X-CUBE-BLE1.7.1.0
2025-09-25 19:18:40,060 [WARN] PackLoader:240 - Cannot read IP mode file for STMicroelectronics.X-CUBE-AZRTOS-G0.1.1.0
2025-09-25 19:18:40,117 [WARN] PackLoader:240 - Cannot read IP mode file for STMicroelectronics.X-CUBE-SAFEA1.1.2.2
2025-09-25 19:18:40,148 [WARN] PackLoader:240 - Cannot read IP mode file for STMicroelectronics.X-CUBE-NFC4.3.0.0
2025-09-25 19:18:40,199 [WARN] PackLoader:240 - Cannot read IP mode file for EmbeddedOffice.I-CUBE-FS-RTOS.1.0.1
2025-09-25 19:18:40,218 [WARN] PackLoader:240 - Cannot read IP mode file for STMicroelectronics.X-CUBE-WB05N.2.0.0
2025-09-25 19:18:40,237 [WARN] PackLoader:240 - Cannot read IP mode file for STMicroelectronics.X-CUBE-TCPP.4.2.0
2025-09-25 19:18:40,254 [WARN] PackLoader:240 - Cannot read IP mode file for RealThread.X-CUBE-RT-Thread_Nano.4.1.1
2025-09-25 19:18:40,270 [WARN] PackLoader:240 - Cannot read IP mode file for STMicroelectronics.FP-ATR-SIGFOX1.3.2.0
2025-09-25 19:18:40,284 [WARN] PackLoader:240 - Cannot read IP mode file for ITTIA_DB.I-CUBE-ITTIADB.8.9.0
2025-09-25 19:18:40,313 [WARN] PackLoader:240 - Cannot read IP mode file for STMicroelectronics.X-CUBE-ST67W61.1.0.0
2025-09-25 19:18:40,416 [WARN] PackLoader:240 - Cannot read IP mode file for SEGGER.I-CUBE-embOS.1.3.1
2025-09-25 19:18:40,568 [WARN] PackLoader:240 - Cannot read IP mode file for STMicroelectronics.X-CUBE-ALGOBUILD.1.4.0
2025-09-25 19:18:40,780 [WARN] PackLoader:240 - Cannot read IP mode file for STMicroelectronics.X-CUBE-MEMS1.11.3.0
2025-09-25 19:18:41,166 [WARN] PackLoader:240 - Cannot read IP mode file for STMicroelectronics.X-CUBE-PM33A1.1.0.0
2025-09-25 19:18:41,237 [WARN] PackLoader:240 - Cannot read IP mode file for STMicroelectronics.X-CUBE-AZRTOS-F4.1.1.0
2025-09-25 19:18:41,251 [WARN] PackLoader:240 - Cannot read IP mode file for Avnet-IotConnect.X-CUBE-IoTC-DA16k-PMOD.1.0.0
2025-09-25 19:18:41,258 [WARN] PackLoader:240 - Cannot read IP mode file for STMicroelectronics.X-CUBE-ISPU.2.1.0
2025-09-25 19:18:41,296 [WARN] PackLoader:240 - Cannot read IP mode file for STMicroelectronics.X-CUBE-AZRTOS-L5.2.0.0
2025-09-25 19:18:41,317 [WARN] PackLoader:240 - Cannot read IP mode file for STMicroelectronics.X-CUBE-NFC6.3.1.0
2025-09-25 19:18:41,342 [WARN] PackLoader:240 - Cannot read IP mode file for STMicroelectronics.X-CUBE-FREERTOS.1.3.1
2025-09-25 19:18:41,352 [WARN] PackLoader:240 - Cannot read IP mode file for STMicroelectronics.X-CUBE-DPower.1.3.0
2025-09-25 19:18:41,407 [WARN] ConditionMgr:438 - getConditionDescription Invalid condition id : LAN8742 Phy interface Condition cause : null
2025-09-25 19:18:41,412 [WARN] PackLoader:240 - Cannot read IP mode file for STMicroelectronics.X-CUBE-AZRTOS-L4.2.0.0
2025-09-25 19:18:41,418 [WARN] ConditionMgr:1044 - genDependencies : Invalid condition id : LAN8742 Phy interface Condition cause : null
2025-09-25 19:18:41,421 [WARN] ConditionMgr:1044 - genDependencies : Invalid condition id : LAN8742 Phy interface Condition cause : null
2025-09-25 19:18:41,423 [WARN] ConditionMgr:1044 - genDependencies : Invalid condition id : LAN8742 Phy interface Condition cause : null
2025-09-25 19:18:41,459 [WARN] PackLoader:240 - Cannot read IP mode file for STMicroelectronics.X-CUBE-SFXS2LP1.4.0.0
2025-09-25 19:18:41,509 [WARN] ConditionMgr:438 - getConditionDescription Invalid condition id : UX DEVICE CLASS RTOS Condition cause : null
2025-09-25 19:18:41,510 [WARN] ConditionMgr:438 - getConditionDescription Invalid condition id : UX DEVICE CLASS RTOS Condition cause : null
2025-09-25 19:18:41,515 [WARN] PackLoader:240 - Cannot read IP mode file for STMicroelectronics.X-CUBE-AZRTOS-WB.2.0.0
2025-09-25 19:18:41,517 [WARN] ConditionMgr:1044 - genDependencies : Invalid condition id : UX DEVICE CLASS RTOS Condition cause : null
2025-09-25 19:18:41,518 [WARN] ConditionMgr:1044 - genDependencies : Invalid condition id : UX DEVICE CLASS RTOS Condition cause : null
2025-09-25 19:18:41,520 [WARN] ConditionMgr:1044 - genDependencies : Invalid condition id : UX DEVICE CLASS RTOS Condition cause : null
2025-09-25 19:18:41,521 [WARN] ConditionMgr:1044 - genDependencies : Invalid condition id : UX DEVICE CLASS RTOS Condition cause : null
2025-09-25 19:18:41,522 [WARN] ConditionMgr:1044 - genDependencies : Invalid condition id : UX DEVICE CLASS RTOS Condition cause : null
2025-09-25 19:18:41,533 [WARN] PackLoader:240 - Cannot read IP mode file for STMicroelectronics.X-CUBE-GNSS1.7.0.1
2025-09-25 19:18:41,549 [WARN] PackLoader:240 - Cannot read IP mode file for STMicroelectronics.X-CUBE-TOUCHGFX.4.25.0
2025-09-25 19:18:41,557 [WARN] ConditionMgr:438 - getConditionDescription Invalid condition id : Cortex-A Device cause : null
2025-09-25 19:18:41,593 [WARN] ConditionMgr:1044 - genDependencies : Invalid condition id : Cortex-A Device cause : null
2025-09-25 19:18:41,593 [WARN] ConditionMgr:1044 - genDependencies : Invalid condition id : Cortex-A Device cause : null
2025-09-25 19:18:41,593 [WARN] ConditionMgr:1044 - genDependencies : Invalid condition id : Cortex-A Device cause : null
2025-09-25 19:18:41,636 [WARN] PackLoader:240 - Cannot read IP mode file for STMicroelectronics.X-CUBE-SUBG2.5.0.0
2025-09-25 19:18:41,698 [WARN] PackLoader:240 - Cannot read IP mode file for STMicroelectronics.X-CUBE-AZRTOS-H7RS.1.1.0
2025-09-25 19:18:41,756 [WARN] PackLoader:240 - Cannot read IP mode file for STMicroelectronics.X-CUBE-AZRTOS-G4.2.0.0
2025-09-25 19:18:41,775 [WARN] PackLoader:240 - Cannot read IP mode file for wolfSSL.I-CUBE-wolfSSH.1.4.20
2025-09-25 19:18:41,793 [WARN] PackLoader:240 - Cannot read IP mode file for STMicroelectronics.X-CUBE-NFC7.2.0.0
2025-09-25 19:18:41,891 [WARN] PackLoader:240 - Cannot read IP mode file for STMicroelectronics.X-CUBE-IPS.3.1.0
2025-09-25 19:18:41,936 [WARN] PackLoader:240 - Cannot read IP mode file for STMicroelectronics.X-CUBE-ALS.1.0.2
2025-09-25 19:18:41,965 [WARN] PackLoader:240 - Cannot read IP mode file for STMicroelectronics.X-CUBE-TOF1.3.4.3
2025-09-25 19:18:42,072 [INFO] ThirdParty:978 - Integrity check success = true
2025-09-25 19:18:42,073 [INFO] IntegrityCheckThread:100 - exiting critical section [integrity check]
2025-09-25 19:18:42,073 [INFO] IntegrityCheckThread:103 - End integrity checks thread
2025-09-25 19:18:42,118 [INFO] WebApp:463 - Apply proxy settings
2025-09-25 19:18:42,119 [INFO] WebApp:548 - Chromium requires no authentication
2025-09-25 19:18:42,190 [INFO] WebApp:491 - Direct internet connection detected
2025-09-25 19:18:42,405 [INFO] WebApp:900 - Register for checkConnection events
2025-09-25 19:18:42,407 [INFO] WebApp:463 - Apply proxy settings
2025-09-25 19:18:42,407 [INFO] WebApp:548 - Chromium requires no authentication
2025-09-25 19:18:42,412 [INFO] WebApp:491 - Direct internet connection detected
2025-09-25 19:18:42,739 [INFO] WebApp:191 - Connection restablished
2025-09-25 19:18:43,062 [INFO] WebApp:225 - Starting web application
2025-09-25 19:18:43,063 [INFO] WebApp:593 - Web application path used /opt/st/stm32cubeide_1.19.0/plugins/com.st.stm32cube.common.mx_6.15.0.202507011659/db/plugins/mcufinder/reactClient1/index.html
2025-09-25 19:18:43,294 [INFO] UserAuth:487 - Internet connection configuration mode: 1
2025-09-25 19:18:54,925 [ERROR] LogOutputStream:75 - [STDERR_REDIRECT] Sep 25, 2025 7:18:54 PM java.util.prefs.FileSystemPreferences checkLockFile0ErrorCode
2025-09-25 19:18:54,926 [ERROR] LogOutputStream:75 - [STDERR_REDIRECT] WARNING: Could not lock System prefs. Unix error code 2.
2025-09-25 19:18:54,926 [ERROR] LogOutputStream:75 - [STDERR_REDIRECT] 
2025-09-25 19:18:54,928 [ERROR] LogOutputStream:75 - [STDERR_REDIRECT] Sep 25, 2025 7:18:54 PM java.util.prefs.FileSystemPreferences syncWorld
2025-09-25 19:18:54,928 [ERROR] LogOutputStream:75 - [STDERR_REDIRECT] WARNING: Couldn't flush system prefs: java.util.prefs.BackingStoreException: Couldn't get file lock.
2025-09-25 19:18:54,929 [ERROR] LogOutputStream:75 - [STDERR_REDIRECT] 
2025-09-25 19:19:24,897 [ERROR] LogOutputStream:75 - [STDERR_REDIRECT] Sep 25, 2025 7:19:24 PM java.util.prefs.FileSystemPreferences checkLockFile0ErrorCode
2025-09-25 19:19:24,898 [ERROR] LogOutputStream:75 - [STDERR_REDIRECT] WARNING: Could not lock System prefs. Unix error code 2.
2025-09-25 19:19:24,898 [ERROR] LogOutputStream:75 - [STDERR_REDIRECT] 
2025-09-25 19:19:24,899 [ERROR] LogOutputStream:75 - [STDERR_REDIRECT] Sep 25, 2025 7:19:24 PM java.util.prefs.FileSystemPreferences syncWorld
2025-09-25 19:19:24,899 [ERROR] LogOutputStream:75 - [STDERR_REDIRECT] WARNING: Couldn't flush system prefs: java.util.prefs.BackingStoreException: Couldn't get file lock.
2025-09-25 19:19:24,900 [ERROR] LogOutputStream:75 - [STDERR_REDIRECT] 
2025-09-25 19:19:54,892 [ERROR] LogOutputStream:75 - [STDERR_REDIRECT] Sep 25, 2025 7:19:54 PM java.util.prefs.FileSystemPreferences checkLockFile0ErrorCode
2025-09-25 19:19:54,892 [ERROR] LogOutputStream:75 - [STDERR_REDIRECT] WARNING: Could not lock System prefs. Unix error code 2.
2025-09-25 19:19:54,892 [ERROR] LogOutputStream:75 - [STDERR_REDIRECT] 
2025-09-25 19:19:54,893 [ERROR] LogOutputStream:75 - [STDERR_REDIRECT] Sep 25, 2025 7:19:54 PM java.util.prefs.FileSystemPreferences syncWorld
2025-09-25 19:19:54,893 [ERROR] LogOutputStream:75 - [STDERR_REDIRECT] WARNING: Couldn't flush system prefs: java.util.prefs.BackingStoreException: Couldn't get file lock.
2025-09-25 19:19:54,893 [ERROR] LogOutputStream:75 - [STDERR_REDIRECT] 
2025-09-25 19:20:24,941 [ERROR] LogOutputStream:75 - [STDERR_REDIRECT] Sep 25, 2025 7:20:24 PM java.util.prefs.FileSystemPreferences checkLockFile0ErrorCode
2025-09-25 19:20:24,942 [ERROR] LogOutputStream:75 - [STDERR_REDIRECT] WARNING: Could not lock System prefs. Unix error code 2.
2025-09-25 19:20:24,942 [ERROR] LogOutputStream:75 - [STDERR_REDIRECT] 
2025-09-25 19:20:24,943 [ERROR] LogOutputStream:75 - [STDERR_REDIRECT] Sep 25, 2025 7:20:24 PM java.util.prefs.FileSystemPreferences syncWorld
2025-09-25 19:20:24,945 [ERROR] LogOutputStream:75 - [STDERR_REDIRECT] WARNING: Couldn't flush system prefs: java.util.prefs.BackingStoreException: Couldn't get file lock.
2025-09-25 19:20:24,945 [ERROR] LogOutputStream:75 - [STDERR_REDIRECT] 
2025-09-25 19:20:54,892 [ERROR] LogOutputStream:75 - [STDERR_REDIRECT] Sep 25, 2025 7:20:54 PM java.util.prefs.FileSystemPreferences checkLockFile0ErrorCode
2025-09-25 19:20:54,892 [ERROR] LogOutputStream:75 - [STDERR_REDIRECT] WARNING: Could not lock System prefs. Unix error code 2.
2025-09-25 19:20:54,893 [ERROR] LogOutputStream:75 - [STDERR_REDIRECT] 
2025-09-25 19:20:54,893 [ERROR] LogOutputStream:75 - [STDERR_REDIRECT] Sep 25, 2025 7:20:54 PM java.util.prefs.FileSystemPreferences syncWorld
2025-09-25 19:20:54,894 [ERROR] LogOutputStream:75 - [STDERR_REDIRECT] WARNING: Couldn't flush system prefs: java.util.prefs.BackingStoreException: Couldn't get file lock.
2025-09-25 19:20:54,894 [ERROR] LogOutputStream:75 - [STDERR_REDIRECT] 
2025-09-25 19:21:24,891 [ERROR] LogOutputStream:75 - [STDERR_REDIRECT] Sep 25, 2025 7:21:24 PM java.util.prefs.FileSystemPreferences checkLockFile0ErrorCode
2025-09-25 19:21:24,892 [ERROR] LogOutputStream:75 - [STDERR_REDIRECT] WARNING: Could not lock System prefs. Unix error code 2.
2025-09-25 19:21:24,892 [ERROR] LogOutputStream:75 - [STDERR_REDIRECT] 
2025-09-25 19:21:24,893 [ERROR] LogOutputStream:75 - [STDERR_REDIRECT] Sep 25, 2025 7:21:24 PM java.util.prefs.FileSystemPreferences syncWorld
2025-09-25 19:21:24,894 [ERROR] LogOutputStream:75 - [STDERR_REDIRECT] WARNING: Couldn't flush system prefs: java.util.prefs.BackingStoreException: Couldn't get file lock.
2025-09-25 19:21:24,894 [ERROR] LogOutputStream:75 - [STDERR_REDIRECT] 
2025-09-25 19:21:54,892 [ERROR] LogOutputStream:75 - [STDERR_REDIRECT] Sep 25, 2025 7:21:54 PM java.util.prefs.FileSystemPreferences checkLockFile0ErrorCode
2025-09-25 19:21:54,892 [ERROR] LogOutputStream:75 - [STDERR_REDIRECT] WARNING: Could not lock System prefs. Unix error code 2.
2025-09-25 19:21:54,892 [ERROR] LogOutputStream:75 - [STDERR_REDIRECT] 
2025-09-25 19:21:54,893 [ERROR] LogOutputStream:75 - [STDERR_REDIRECT] Sep 25, 2025 7:21:54 PM java.util.prefs.FileSystemPreferences syncWorld
2025-09-25 19:21:54,893 [ERROR] LogOutputStream:75 - [STDERR_REDIRECT] WARNING: Couldn't flush system prefs: java.util.prefs.BackingStoreException: Couldn't get file lock.
2025-09-25 19:21:54,893 [ERROR] LogOutputStream:75 - [STDERR_REDIRECT] 
2025-09-25 19:22:24,891 [ERROR] LogOutputStream:75 - [STDERR_REDIRECT] Sep 25, 2025 7:22:24 PM java.util.prefs.FileSystemPreferences checkLockFile0ErrorCode
2025-09-25 19:22:24,891 [ERROR] LogOutputStream:75 - [STDERR_REDIRECT] WARNING: Could not lock System prefs. Unix error code 2.
2025-09-25 19:22:24,891 [ERROR] LogOutputStream:75 - [STDERR_REDIRECT] 
2025-09-25 19:22:24,892 [ERROR] LogOutputStream:75 - [STDERR_REDIRECT] Sep 25, 2025 7:22:24 PM java.util.prefs.FileSystemPreferences syncWorld
2025-09-25 19:22:24,892 [ERROR] LogOutputStream:75 - [STDERR_REDIRECT] WARNING: Couldn't flush system prefs: java.util.prefs.BackingStoreException: Couldn't get file lock.
2025-09-25 19:22:24,892 [ERROR] LogOutputStream:75 - [STDERR_REDIRECT] 
2025-09-25 19:22:54,892 [ERROR] LogOutputStream:75 - [STDERR_REDIRECT] Sep 25, 2025 7:22:54 PM java.util.prefs.FileSystemPreferences checkLockFile0ErrorCode
2025-09-25 19:22:54,892 [ERROR] LogOutputStream:75 - [STDERR_REDIRECT] WARNING: Could not lock System prefs. Unix error code 2.
2025-09-25 19:22:54,893 [ERROR] LogOutputStream:75 - [STDERR_REDIRECT] 
2025-09-25 19:22:54,893 [ERROR] LogOutputStream:75 - [STDERR_REDIRECT] Sep 25, 2025 7:22:54 PM java.util.prefs.FileSystemPreferences syncWorld
2025-09-25 19:22:54,894 [ERROR] LogOutputStream:75 - [STDERR_REDIRECT] WARNING: Couldn't flush system prefs: java.util.prefs.BackingStoreException: Couldn't get file lock.
2025-09-25 19:22:54,894 [ERROR] LogOutputStream:75 - [STDERR_REDIRECT] 
2025-09-25 19:23:24,892 [ERROR] LogOutputStream:75 - [STDERR_REDIRECT] Sep 25, 2025 7:23:24 PM java.util.prefs.FileSystemPreferences checkLockFile0ErrorCode
2025-09-25 19:23:24,893 [ERROR] LogOutputStream:75 - [STDERR_REDIRECT] WARNING: Could not lock System prefs. Unix error code 2.
2025-09-25 19:23:24,893 [ERROR] LogOutputStream:75 - [STDERR_REDIRECT] 
2025-09-25 19:23:24,894 [ERROR] LogOutputStream:75 - [STDERR_REDIRECT] Sep 25, 2025 7:23:24 PM java.util.prefs.FileSystemPreferences syncWorld
2025-09-25 19:23:24,894 [ERROR] LogOutputStream:75 - [STDERR_REDIRECT] WARNING: Couldn't flush system prefs: java.util.prefs.BackingStoreException: Couldn't get file lock.
2025-09-25 19:23:24,895 [ERROR] LogOutputStream:75 - [STDERR_REDIRECT] 
2025-09-25 19:23:54,892 [ERROR] LogOutputStream:75 - [STDERR_REDIRECT] Sep 25, 2025 7:23:54 PM java.util.prefs.FileSystemPreferences checkLockFile0ErrorCode
2025-09-25 19:23:54,892 [ERROR] LogOutputStream:75 - [STDERR_REDIRECT] WARNING: Could not lock System prefs. Unix error code 2.
2025-09-25 19:23:54,893 [ERROR] LogOutputStream:75 - [STDERR_REDIRECT] 
2025-09-25 19:23:54,894 [ERROR] LogOutputStream:75 - [STDERR_REDIRECT] Sep 25, 2025 7:23:54 PM java.util.prefs.FileSystemPreferences syncWorld
2025-09-25 19:23:54,894 [ERROR] LogOutputStream:75 - [STDERR_REDIRECT] WARNING: Couldn't flush system prefs: java.util.prefs.BackingStoreException: Couldn't get file lock.
2025-09-25 19:23:54,894 [ERROR] LogOutputStream:75 - [STDERR_REDIRECT] 
2025-09-25 19:24:24,895 [ERROR] LogOutputStream:75 - [STDERR_REDIRECT] Sep 25, 2025 7:24:24 PM java.util.prefs.FileSystemPreferences checkLockFile0ErrorCode
2025-09-25 19:24:24,896 [ERROR] LogOutputStream:75 - [STDERR_REDIRECT] WARNING: Could not lock System prefs. Unix error code 2.
2025-09-25 19:24:24,897 [ERROR] LogOutputStream:75 - [STDERR_REDIRECT] 
2025-09-25 19:24:24,898 [ERROR] LogOutputStream:75 - [STDERR_REDIRECT] Sep 25, 2025 7:24:24 PM java.util.prefs.FileSystemPreferences syncWorld
2025-09-25 19:24:24,898 [ERROR] LogOutputStream:75 - [STDERR_REDIRECT] WARNING: Couldn't flush system prefs: java.util.prefs.BackingStoreException: Couldn't get file lock.
2025-09-25 19:24:24,898 [ERROR] LogOutputStream:75 - [STDERR_REDIRECT] 
2025-09-25 19:24:54,891 [ERROR] LogOutputStream:75 - [STDERR_REDIRECT] Sep 25, 2025 7:24:54 PM java.util.prefs.FileSystemPreferences checkLockFile0ErrorCode
2025-09-25 19:24:54,892 [ERROR] LogOutputStream:75 - [STDERR_REDIRECT] WARNING: Could not lock System prefs. Unix error code 2.
2025-09-25 19:24:54,892 [ERROR] LogOutputStream:75 - [STDERR_REDIRECT] 
2025-09-25 19:24:54,893 [ERROR] LogOutputStream:75 - [STDERR_REDIRECT] Sep 25, 2025 7:24:54 PM java.util.prefs.FileSystemPreferences syncWorld
2025-09-25 19:24:54,893 [ERROR] LogOutputStream:75 - [STDERR_REDIRECT] WARNING: Couldn't flush system prefs: java.util.prefs.BackingStoreException: Couldn't get file lock.
2025-09-25 19:24:54,893 [ERROR] LogOutputStream:75 - [STDERR_REDIRECT] 
2025-09-25 19:25:24,892 [ERROR] LogOutputStream:75 - [STDERR_REDIRECT] Sep 25, 2025 7:25:24 PM java.util.prefs.FileSystemPreferences checkLockFile0ErrorCode
2025-09-25 19:25:24,892 [ERROR] LogOutputStream:75 - [STDERR_REDIRECT] WARNING: Could not lock System prefs. Unix error code 2.
2025-09-25 19:25:24,892 [ERROR] LogOutputStream:75 - [STDERR_REDIRECT] 
2025-09-25 19:25:24,893 [ERROR] LogOutputStream:75 - [STDERR_REDIRECT] Sep 25, 2025 7:25:24 PM java.util.prefs.FileSystemPreferences syncWorld
2025-09-25 19:25:24,893 [ERROR] LogOutputStream:75 - [STDERR_REDIRECT] WARNING: Couldn't flush system prefs: java.util.prefs.BackingStoreException: Couldn't get file lock.
2025-09-25 19:25:24,893 [ERROR] LogOutputStream:75 - [STDERR_REDIRECT] 
2025-09-25 19:25:54,892 [ERROR] LogOutputStream:75 - [STDERR_REDIRECT] Sep 25, 2025 7:25:54 PM java.util.prefs.FileSystemPreferences checkLockFile0ErrorCode
2025-09-25 19:25:54,892 [ERROR] LogOutputStream:75 - [STDERR_REDIRECT] WARNING: Could not lock System prefs. Unix error code 2.
2025-09-25 19:25:54,893 [ERROR] LogOutputStream:75 - [STDERR_REDIRECT] 
2025-09-25 19:25:54,893 [ERROR] LogOutputStream:75 - [STDERR_REDIRECT] Sep 25, 2025 7:25:54 PM java.util.prefs.FileSystemPreferences syncWorld
2025-09-25 19:25:54,894 [ERROR] LogOutputStream:75 - [STDERR_REDIRECT] WARNING: Couldn't flush system prefs: java.util.prefs.BackingStoreException: Couldn't get file lock.
2025-09-25 19:25:54,894 [ERROR] LogOutputStream:75 - [STDERR_REDIRECT] 
2025-09-25 19:26:24,892 [ERROR] LogOutputStream:75 - [STDERR_REDIRECT] Sep 25, 2025 7:26:24 PM java.util.prefs.FileSystemPreferences checkLockFile0ErrorCode
2025-09-25 19:26:24,893 [ERROR] LogOutputStream:75 - [STDERR_REDIRECT] WARNING: Could not lock System prefs. Unix error code 2.
2025-09-25 19:26:24,893 [ERROR] LogOutputStream:75 - [STDERR_REDIRECT] 
2025-09-25 19:26:24,894 [ERROR] LogOutputStream:75 - [STDERR_REDIRECT] Sep 25, 2025 7:26:24 PM java.util.prefs.FileSystemPreferences syncWorld
2025-09-25 19:26:24,894 [ERROR] LogOutputStream:75 - [STDERR_REDIRECT] WARNING: Couldn't flush system prefs: java.util.prefs.BackingStoreException: Couldn't get file lock.
2025-09-25 19:26:24,895 [ERROR] LogOutputStream:75 - [STDERR_REDIRECT] 
2025-09-25 19:26:54,893 [ERROR] LogOutputStream:75 - [STDERR_REDIRECT] Sep 25, 2025 7:26:54 PM java.util.prefs.FileSystemPreferences checkLockFile0ErrorCode
2025-09-25 19:26:54,894 [ERROR] LogOutputStream:75 - [STDERR_REDIRECT] WARNING: Could not lock System prefs. Unix error code 2.
2025-09-25 19:26:54,895 [ERROR] LogOutputStream:75 - [STDERR_REDIRECT] 
2025-09-25 19:26:54,896 [ERROR] LogOutputStream:75 - [STDERR_REDIRECT] Sep 25, 2025 7:26:54 PM java.util.prefs.FileSystemPreferences syncWorld
2025-09-25 19:26:54,896 [ERROR] LogOutputStream:75 - [STDERR_REDIRECT] WARNING: Couldn't flush system prefs: java.util.prefs.BackingStoreException: Couldn't get file lock.
2025-09-25 19:26:54,896 [ERROR] LogOutputStream:75 - [STDERR_REDIRECT] 
2025-09-25 19:27:24,893 [ERROR] LogOutputStream:75 - [STDERR_REDIRECT] Sep 25, 2025 7:27:24 PM java.util.prefs.FileSystemPreferences checkLockFile0ErrorCode
2025-09-25 19:27:24,893 [ERROR] LogOutputStream:75 - [STDERR_REDIRECT] WARNING: Could not lock System prefs. Unix error code 2.
2025-09-25 19:27:24,894 [ERROR] LogOutputStream:75 - [STDERR_REDIRECT] 
2025-09-25 19:27:24,895 [ERROR] LogOutputStream:75 - [STDERR_REDIRECT] Sep 25, 2025 7:27:24 PM java.util.prefs.FileSystemPreferences syncWorld
2025-09-25 19:27:24,895 [ERROR] LogOutputStream:75 - [STDERR_REDIRECT] WARNING: Couldn't flush system prefs: java.util.prefs.BackingStoreException: Couldn't get file lock.
2025-09-25 19:27:24,896 [ERROR] LogOutputStream:75 - [STDERR_REDIRECT] 
2025-09-25 19:27:54,893 [ERROR] LogOutputStream:75 - [STDERR_REDIRECT] Sep 25, 2025 7:27:54 PM java.util.prefs.FileSystemPreferences checkLockFile0ErrorCode
2025-09-25 19:27:54,893 [ERROR] LogOutputStream:75 - [STDERR_REDIRECT] WARNING: Could not lock System prefs. Unix error code 2.
2025-09-25 19:27:54,893 [ERROR] LogOutputStream:75 - [STDERR_REDIRECT] 
2025-09-25 19:27:54,894 [ERROR] LogOutputStream:75 - [STDERR_REDIRECT] Sep 25, 2025 7:27:54 PM java.util.prefs.FileSystemPreferences syncWorld
2025-09-25 19:27:54,894 [ERROR] LogOutputStream:75 - [STDERR_REDIRECT] WARNING: Couldn't flush system prefs: java.util.prefs.BackingStoreException: Couldn't get file lock.
2025-09-25 19:27:54,895 [ERROR] LogOutputStream:75 - [STDERR_REDIRECT] 
2025-09-25 19:28:24,892 [ERROR] LogOutputStream:75 - [STDERR_REDIRECT] Sep 25, 2025 7:28:24 PM java.util.prefs.FileSystemPreferences checkLockFile0ErrorCode
2025-09-25 19:28:24,892 [ERROR] LogOutputStream:75 - [STDERR_REDIRECT] WARNING: Could not lock System prefs. Unix error code 2.
2025-09-25 19:28:24,893 [ERROR] LogOutputStream:75 - [STDERR_REDIRECT] 
2025-09-25 19:28:24,893 [ERROR] LogOutputStream:75 - [STDERR_REDIRECT] Sep 25, 2025 7:28:24 PM java.util.prefs.FileSystemPreferences syncWorld
2025-09-25 19:28:24,894 [ERROR] LogOutputStream:75 - [STDERR_REDIRECT] WARNING: Couldn't flush system prefs: java.util.prefs.BackingStoreException: Couldn't get file lock.
2025-09-25 19:28:24,894 [ERROR] LogOutputStream:75 - [STDERR_REDIRECT] 
2025-09-25 19:28:54,892 [ERROR] LogOutputStream:75 - [STDERR_REDIRECT] Sep 25, 2025 7:28:54 PM java.util.prefs.FileSystemPreferences checkLockFile0ErrorCode
2025-09-25 19:28:54,892 [ERROR] LogOutputStream:75 - [STDERR_REDIRECT] WARNING: Could not lock System prefs. Unix error code 2.
2025-09-25 19:28:54,893 [ERROR] LogOutputStream:75 - [STDERR_REDIRECT] 
2025-09-25 19:28:54,893 [ERROR] LogOutputStream:75 - [STDERR_REDIRECT] Sep 25, 2025 7:28:54 PM java.util.prefs.FileSystemPreferences syncWorld
2025-09-25 19:28:54,893 [ERROR] LogOutputStream:75 - [STDERR_REDIRECT] WARNING: Couldn't flush system prefs: java.util.prefs.BackingStoreException: Couldn't get file lock.
2025-09-25 19:28:54,894 [ERROR] LogOutputStream:75 - [STDERR_REDIRECT] 
2025-09-25 19:29:24,892 [ERROR] LogOutputStream:75 - [STDERR_REDIRECT] Sep 25, 2025 7:29:24 PM java.util.prefs.FileSystemPreferences checkLockFile0ErrorCode
2025-09-25 19:29:24,893 [ERROR] LogOutputStream:75 - [STDERR_REDIRECT] WARNING: Could not lock System prefs. Unix error code 2.
2025-09-25 19:29:24,893 [ERROR] LogOutputStream:75 - [STDERR_REDIRECT] 
2025-09-25 19:29:24,894 [ERROR] LogOutputStream:75 - [STDERR_REDIRECT] Sep 25, 2025 7:29:24 PM java.util.prefs.FileSystemPreferences syncWorld
2025-09-25 19:29:24,894 [ERROR] LogOutputStream:75 - [STDERR_REDIRECT] WARNING: Couldn't flush system prefs: java.util.prefs.BackingStoreException: Couldn't get file lock.
2025-09-25 19:29:24,894 [ERROR] LogOutputStream:75 - [STDERR_REDIRECT] 
2025-09-25 19:29:54,894 [ERROR] LogOutputStream:75 - [STDERR_REDIRECT] Sep 25, 2025 7:29:54 PM java.util.prefs.FileSystemPreferences checkLockFile0ErrorCode
2025-09-25 19:29:54,895 [ERROR] LogOutputStream:75 - [STDERR_REDIRECT] WARNING: Could not lock System prefs. Unix error code 2.
2025-09-25 19:29:54,895 [ERROR] LogOutputStream:75 - [STDERR_REDIRECT] 
2025-09-25 19:29:54,897 [ERROR] LogOutputStream:75 - [STDERR_REDIRECT] Sep 25, 2025 7:29:54 PM java.util.prefs.FileSystemPreferences syncWorld
2025-09-25 19:29:54,897 [ERROR] LogOutputStream:75 - [STDERR_REDIRECT] WARNING: Couldn't flush system prefs: java.util.prefs.BackingStoreException: Couldn't get file lock.
2025-09-25 19:29:54,898 [ERROR] LogOutputStream:75 - [STDERR_REDIRECT] 
2025-09-25 19:30:24,892 [ERROR] LogOutputStream:75 - [STDERR_REDIRECT] Sep 25, 2025 7:30:24 PM java.util.prefs.FileSystemPreferences checkLockFile0ErrorCode
2025-09-25 19:30:24,893 [ERROR] LogOutputStream:75 - [STDERR_REDIRECT] WARNING: Could not lock System prefs. Unix error code 2.
2025-09-25 19:30:24,893 [ERROR] LogOutputStream:75 - [STDERR_REDIRECT] 
2025-09-25 19:30:24,894 [ERROR] LogOutputStream:75 - [STDERR_REDIRECT] Sep 25, 2025 7:30:24 PM java.util.prefs.FileSystemPreferences syncWorld
2025-09-25 19:30:24,894 [ERROR] LogOutputStream:75 - [STDERR_REDIRECT] WARNING: Couldn't flush system prefs: java.util.prefs.BackingStoreException: Couldn't get file lock.
2025-09-25 19:30:24,894 [ERROR] LogOutputStream:75 - [STDERR_REDIRECT] 
2025-09-25 19:30:54,893 [ERROR] LogOutputStream:75 - [STDERR_REDIRECT] Sep 25, 2025 7:30:54 PM java.util.prefs.FileSystemPreferences checkLockFile0ErrorCode
2025-09-25 19:30:54,894 [ERROR] LogOutputStream:75 - [STDERR_REDIRECT] WARNING: Could not lock System prefs. Unix error code 2.
2025-09-25 19:30:54,894 [ERROR] LogOutputStream:75 - [STDERR_REDIRECT] 
2025-09-25 19:30:54,894 [ERROR] LogOutputStream:75 - [STDERR_REDIRECT] Sep 25, 2025 7:30:54 PM java.util.prefs.FileSystemPreferences syncWorld
2025-09-25 19:30:54,895 [ERROR] LogOutputStream:75 - [STDERR_REDIRECT] WARNING: Couldn't flush system prefs: java.util.prefs.BackingStoreException: Couldn't get file lock.
2025-09-25 19:30:54,895 [ERROR] LogOutputStream:75 - [STDERR_REDIRECT] 
2025-09-25 19:31:24,894 [ERROR] LogOutputStream:75 - [STDERR_REDIRECT] Sep 25, 2025 7:31:24 PM java.util.prefs.FileSystemPreferences checkLockFile0ErrorCode
2025-09-25 19:31:24,894 [ERROR] LogOutputStream:75 - [STDERR_REDIRECT] WARNING: Could not lock System prefs. Unix error code 2.
2025-09-25 19:31:24,894 [ERROR] LogOutputStream:75 - [STDERR_REDIRECT] 
2025-09-25 19:31:24,895 [ERROR] LogOutputStream:75 - [STDERR_REDIRECT] Sep 25, 2025 7:31:24 PM java.util.prefs.FileSystemPreferences syncWorld
2025-09-25 19:31:24,897 [ERROR] LogOutputStream:75 - [STDERR_REDIRECT] WARNING: Couldn't flush system prefs: java.util.prefs.BackingStoreException: Couldn't get file lock.
2025-09-25 19:31:24,897 [ERROR] LogOutputStream:75 - [STDERR_REDIRECT] 
2025-09-25 19:31:54,894 [ERROR] LogOutputStream:75 - [STDERR_REDIRECT] Sep 25, 2025 7:31:54 PM java.util.prefs.FileSystemPreferences checkLockFile0ErrorCode
2025-09-25 19:31:54,894 [ERROR] LogOutputStream:75 - [STDERR_REDIRECT] WARNING: Could not lock System prefs. Unix error code 2.
2025-09-25 19:31:54,894 [ERROR] LogOutputStream:75 - [STDERR_REDIRECT] 
2025-09-25 19:31:54,895 [ERROR] LogOutputStream:75 - [STDERR_REDIRECT] Sep 25, 2025 7:31:54 PM java.util.prefs.FileSystemPreferences syncWorld
2025-09-25 19:31:54,895 [ERROR] LogOutputStream:75 - [STDERR_REDIRECT] WARNING: Couldn't flush system prefs: java.util.prefs.BackingStoreException: Couldn't get file lock.
2025-09-25 19:31:54,895 [ERROR] LogOutputStream:75 - [STDERR_REDIRECT] 
2025-09-25 19:32:24,894 [ERROR] LogOutputStream:75 - [STDERR_REDIRECT] Sep 25, 2025 7:32:24 PM java.util.prefs.FileSystemPreferences checkLockFile0ErrorCode
2025-09-25 19:32:24,895 [ERROR] LogOutputStream:75 - [STDERR_REDIRECT] WARNING: Could not lock System prefs. Unix error code 2.
2025-09-25 19:32:24,895 [ERROR] LogOutputStream:75 - [STDERR_REDIRECT] 
2025-09-25 19:32:24,896 [ERROR] LogOutputStream:75 - [STDERR_REDIRECT] Sep 25, 2025 7:32:24 PM java.util.prefs.FileSystemPreferences syncWorld
2025-09-25 19:32:24,896 [ERROR] LogOutputStream:75 - [STDERR_REDIRECT] WARNING: Couldn't flush system prefs: java.util.prefs.BackingStoreException: Couldn't get file lock.
2025-09-25 19:32:24,897 [ERROR] LogOutputStream:75 - [STDERR_REDIRECT] 
2025-09-25 19:32:54,893 [ERROR] LogOutputStream:75 - [STDERR_REDIRECT] Sep 25, 2025 7:32:54 PM java.util.prefs.FileSystemPreferences checkLockFile0ErrorCode
2025-09-25 19:32:54,894 [ERROR] LogOutputStream:75 - [STDERR_REDIRECT] WARNING: Could not lock System prefs. Unix error code 2.
2025-09-25 19:32:54,894 [ERROR] LogOutputStream:75 - [STDERR_REDIRECT] 
2025-09-25 19:32:54,894 [ERROR] LogOutputStream:75 - [STDERR_REDIRECT] Sep 25, 2025 7:32:54 PM java.util.prefs.FileSystemPreferences syncWorld
2025-09-25 19:32:54,894 [ERROR] LogOutputStream:75 - [STDERR_REDIRECT] WARNING: Couldn't flush system prefs: java.util.prefs.BackingStoreException: Couldn't get file lock.
2025-09-25 19:32:54,895 [ERROR] LogOutputStream:75 - [STDERR_REDIRECT] 
2025-09-25 19:33:24,893 [ERROR] LogOutputStream:75 - [STDERR_REDIRECT] Sep 25, 2025 7:33:24 PM java.util.prefs.FileSystemPreferences checkLockFile0ErrorCode
2025-09-25 19:33:24,893 [ERROR] LogOutputStream:75 - [STDERR_REDIRECT] WARNING: Could not lock System prefs. Unix error code 2.
2025-09-25 19:33:24,893 [ERROR] LogOutputStream:75 - [STDERR_REDIRECT] 
2025-09-25 19:33:24,894 [ERROR] LogOutputStream:75 - [STDERR_REDIRECT] Sep 25, 2025 7:33:24 PM java.util.prefs.FileSystemPreferences syncWorld
2025-09-25 19:33:24,894 [ERROR] LogOutputStream:75 - [STDERR_REDIRECT] WARNING: Couldn't flush system prefs: java.util.prefs.BackingStoreException: Couldn't get file lock.
2025-09-25 19:33:24,894 [ERROR] LogOutputStream:75 - [STDERR_REDIRECT] 
2025-09-25 19:33:54,894 [ERROR] LogOutputStream:75 - [STDERR_REDIRECT] Sep 25, 2025 7:33:54 PM java.util.prefs.FileSystemPreferences checkLockFile0ErrorCode
2025-09-25 19:33:54,895 [ERROR] LogOutputStream:75 - [STDERR_REDIRECT] WARNING: Could not lock System prefs. Unix error code 2.
2025-09-25 19:33:54,895 [ERROR] LogOutputStream:75 - [STDERR_REDIRECT] 
2025-09-25 19:33:54,896 [ERROR] LogOutputStream:75 - [STDERR_REDIRECT] Sep 25, 2025 7:33:54 PM java.util.prefs.FileSystemPreferences syncWorld
2025-09-25 19:33:54,896 [ERROR] LogOutputStream:75 - [STDERR_REDIRECT] WARNING: Couldn't flush system prefs: java.util.prefs.BackingStoreException: Couldn't get file lock.
2025-09-25 19:33:54,896 [ERROR] LogOutputStream:75 - [STDERR_REDIRECT] 
2025-09-25 19:34:24,894 [ERROR] LogOutputStream:75 - [STDERR_REDIRECT] Sep 25, 2025 7:34:24 PM java.util.prefs.FileSystemPreferences checkLockFile0ErrorCode
2025-09-25 19:34:24,895 [ERROR] LogOutputStream:75 - [STDERR_REDIRECT] WARNING: Could not lock System prefs. Unix error code 2.
2025-09-25 19:34:24,895 [ERROR] LogOutputStream:75 - [STDERR_REDIRECT] 
2025-09-25 19:34:24,896 [ERROR] LogOutputStream:75 - [STDERR_REDIRECT] Sep 25, 2025 7:34:24 PM java.util.prefs.FileSystemPreferences syncWorld
2025-09-25 19:34:24,897 [ERROR] LogOutputStream:75 - [STDERR_REDIRECT] WARNING: Couldn't flush system prefs: java.util.prefs.BackingStoreException: Couldn't get file lock.
2025-09-25 19:34:24,897 [ERROR] LogOutputStream:75 - [STDERR_REDIRECT] 
2025-09-25 19:34:54,893 [ERROR] LogOutputStream:75 - [STDERR_REDIRECT] Sep 25, 2025 7:34:54 PM java.util.prefs.FileSystemPreferences checkLockFile0ErrorCode
2025-09-25 19:34:54,893 [ERROR] LogOutputStream:75 - [STDERR_REDIRECT] WARNING: Could not lock System prefs. Unix error code 2.
2025-09-25 19:34:54,894 [ERROR] LogOutputStream:75 - [STDERR_REDIRECT] 
2025-09-25 19:34:54,894 [ERROR] LogOutputStream:75 - [STDERR_REDIRECT] Sep 25, 2025 7:34:54 PM java.util.prefs.FileSystemPreferences syncWorld
2025-09-25 19:34:54,894 [ERROR] LogOutputStream:75 - [STDERR_REDIRECT] WARNING: Couldn't flush system prefs: java.util.prefs.BackingStoreException: Couldn't get file lock.
2025-09-25 19:34:54,895 [ERROR] LogOutputStream:75 - [STDERR_REDIRECT] 
2025-09-25 19:35:24,893 [ERROR] LogOutputStream:75 - [STDERR_REDIRECT] Sep 25, 2025 7:35:24 PM java.util.prefs.FileSystemPreferences checkLockFile0ErrorCode
2025-09-25 19:35:24,894 [ERROR] LogOutputStream:75 - [STDERR_REDIRECT] WARNING: Could not lock System prefs. Unix error code 2.
2025-09-25 19:35:24,904 [ERROR] LogOutputStream:75 - [STDERR_REDIRECT] 
2025-09-25 19:35:24,905 [ERROR] LogOutputStream:75 - [STDERR_REDIRECT] Sep 25, 2025 7:35:24 PM java.util.prefs.FileSystemPreferences syncWorld
2025-09-25 19:35:24,906 [ERROR] LogOutputStream:75 - [STDERR_REDIRECT] WARNING: Couldn't flush system prefs: java.util.prefs.BackingStoreException: Couldn't get file lock.
2025-09-25 19:35:24,906 [ERROR] LogOutputStream:75 - [STDERR_REDIRECT] 
2025-09-25 19:35:54,893 [ERROR] LogOutputStream:75 - [STDERR_REDIRECT] Sep 25, 2025 7:35:54 PM java.util.prefs.FileSystemPreferences checkLockFile0ErrorCode
2025-09-25 19:35:54,893 [ERROR] LogOutputStream:75 - [STDERR_REDIRECT] WARNING: Could not lock System prefs. Unix error code 2.
2025-09-25 19:35:54,894 [ERROR] LogOutputStream:75 - [STDERR_REDIRECT] 
2025-09-25 19:35:54,894 [ERROR] LogOutputStream:75 - [STDERR_REDIRECT] Sep 25, 2025 7:35:54 PM java.util.prefs.FileSystemPreferences syncWorld
2025-09-25 19:35:54,894 [ERROR] LogOutputStream:75 - [STDERR_REDIRECT] WARNING: Couldn't flush system prefs: java.util.prefs.BackingStoreException: Couldn't get file lock.
2025-09-25 19:35:54,895 [ERROR] LogOutputStream:75 - [STDERR_REDIRECT] 
2025-09-25 19:36:24,893 [ERROR] LogOutputStream:75 - [STDERR_REDIRECT] Sep 25, 2025 7:36:24 PM java.util.prefs.FileSystemPreferences checkLockFile0ErrorCode
2025-09-25 19:36:24,893 [ERROR] LogOutputStream:75 - [STDERR_REDIRECT] WARNING: Could not lock System prefs. Unix error code 2.
2025-09-25 19:36:24,893 [ERROR] LogOutputStream:75 - [STDERR_REDIRECT] 
2025-09-25 19:36:24,894 [ERROR] LogOutputStream:75 - [STDERR_REDIRECT] Sep 25, 2025 7:36:24 PM java.util.prefs.FileSystemPreferences syncWorld
2025-09-25 19:36:24,894 [ERROR] LogOutputStream:75 - [STDERR_REDIRECT] WARNING: Couldn't flush system prefs: java.util.prefs.BackingStoreException: Couldn't get file lock.
2025-09-25 19:36:24,894 [ERROR] LogOutputStream:75 - [STDERR_REDIRECT] 
2025-09-25 19:36:54,893 [ERROR] LogOutputStream:75 - [STDERR_REDIRECT] Sep 25, 2025 7:36:54 PM java.util.prefs.FileSystemPreferences checkLockFile0ErrorCode
2025-09-25 19:36:54,894 [ERROR] LogOutputStream:75 - [STDERR_REDIRECT] WARNING: Could not lock System prefs. Unix error code 2.
2025-09-25 19:36:54,894 [ERROR] LogOutputStream:75 - [STDERR_REDIRECT] 
2025-09-25 19:36:54,895 [ERROR] LogOutputStream:75 - [STDERR_REDIRECT] Sep 25, 2025 7:36:54 PM java.util.prefs.FileSystemPreferences syncWorld
2025-09-25 19:36:54,895 [ERROR] LogOutputStream:75 - [STDERR_REDIRECT] WARNING: Couldn't flush system prefs: java.util.prefs.BackingStoreException: Couldn't get file lock.
2025-09-25 19:36:54,895 [ERROR] LogOutputStream:75 - [STDERR_REDIRECT] 
2025-09-25 19:37:24,895 [ERROR] LogOutputStream:75 - [STDERR_REDIRECT] Sep 25, 2025 7:37:24 PM java.util.prefs.FileSystemPreferences checkLockFile0ErrorCode
2025-09-25 19:37:24,895 [ERROR] LogOutputStream:75 - [STDERR_REDIRECT] WARNING: Could not lock System prefs. Unix error code 2.
2025-09-25 19:37:24,896 [ERROR] LogOutputStream:75 - [STDERR_REDIRECT] 
2025-09-25 19:37:24,896 [ERROR] LogOutputStream:75 - [STDERR_REDIRECT] Sep 25, 2025 7:37:24 PM java.util.prefs.FileSystemPreferences syncWorld
2025-09-25 19:37:24,897 [ERROR] LogOutputStream:75 - [STDERR_REDIRECT] WARNING: Couldn't flush system prefs: java.util.prefs.BackingStoreException: Couldn't get file lock.
2025-09-25 19:37:24,897 [ERROR] LogOutputStream:75 - [STDERR_REDIRECT] 
2025-09-25 19:37:54,895 [ERROR] LogOutputStream:75 - [STDERR_REDIRECT] Sep 25, 2025 7:37:54 PM java.util.prefs.FileSystemPreferences checkLockFile0ErrorCode
2025-09-25 19:37:54,895 [ERROR] LogOutputStream:75 - [STDERR_REDIRECT] WARNING: Could not lock System prefs. Unix error code 2.
2025-09-25 19:37:54,895 [ERROR] LogOutputStream:75 - [STDERR_REDIRECT] 
2025-09-25 19:37:54,896 [ERROR] LogOutputStream:75 - [STDERR_REDIRECT] Sep 25, 2025 7:37:54 PM java.util.prefs.FileSystemPreferences syncWorld
2025-09-25 19:37:54,897 [ERROR] LogOutputStream:75 - [STDERR_REDIRECT] WARNING: Couldn't flush system prefs: java.util.prefs.BackingStoreException: Couldn't get file lock.
2025-09-25 19:37:54,897 [ERROR] LogOutputStream:75 - [STDERR_REDIRECT] 
2025-09-25 19:38:24,895 [ERROR] LogOutputStream:75 - [STDERR_REDIRECT] Sep 25, 2025 7:38:24 PM java.util.prefs.FileSystemPreferences checkLockFile0ErrorCode
2025-09-25 19:38:24,895 [ERROR] LogOutputStream:75 - [STDERR_REDIRECT] WARNING: Could not lock System prefs. Unix error code 2.
2025-09-25 19:38:24,895 [ERROR] LogOutputStream:75 - [STDERR_REDIRECT] 
2025-09-25 19:38:24,896 [ERROR] LogOutputStream:75 - [STDERR_REDIRECT] Sep 25, 2025 7:38:24 PM java.util.prefs.FileSystemPreferences syncWorld
2025-09-25 19:38:24,896 [ERROR] LogOutputStream:75 - [STDERR_REDIRECT] WARNING: Couldn't flush system prefs: java.util.prefs.BackingStoreException: Couldn't get file lock.
2025-09-25 19:38:24,896 [ERROR] LogOutputStream:75 - [STDERR_REDIRECT] 
2025-09-25 19:38:54,894 [ERROR] LogOutputStream:75 - [STDERR_REDIRECT] Sep 25, 2025 7:38:54 PM java.util.prefs.FileSystemPreferences checkLockFile0ErrorCode
2025-09-25 19:38:54,895 [ERROR] LogOutputStream:75 - [STDERR_REDIRECT] WARNING: Could not lock System prefs. Unix error code 2.
2025-09-25 19:38:54,895 [ERROR] LogOutputStream:75 - [STDERR_REDIRECT] 
2025-09-25 19:38:54,896 [ERROR] LogOutputStream:75 - [STDERR_REDIRECT] Sep 25, 2025 7:38:54 PM java.util.prefs.FileSystemPreferences syncWorld
2025-09-25 19:38:54,896 [ERROR] LogOutputStream:75 - [STDERR_REDIRECT] WARNING: Couldn't flush system prefs: java.util.prefs.BackingStoreException: Couldn't get file lock.
2025-09-25 19:38:54,896 [ERROR] LogOutputStream:75 - [STDERR_REDIRECT] 
2025-09-25 19:39:24,894 [ERROR] LogOutputStream:75 - [STDERR_REDIRECT] Sep 25, 2025 7:39:24 PM java.util.prefs.FileSystemPreferences checkLockFile0ErrorCode
2025-09-25 19:39:24,894 [ERROR] LogOutputStream:75 - [STDERR_REDIRECT] WARNING: Could not lock System prefs. Unix error code 2.
2025-09-25 19:39:24,894 [ERROR] LogOutputStream:75 - [STDERR_REDIRECT] 
2025-09-25 19:39:24,895 [ERROR] LogOutputStream:75 - [STDERR_REDIRECT] Sep 25, 2025 7:39:24 PM java.util.prefs.FileSystemPreferences syncWorld
2025-09-25 19:39:24,895 [ERROR] LogOutputStream:75 - [STDERR_REDIRECT] WARNING: Couldn't flush system prefs: java.util.prefs.BackingStoreException: Couldn't get file lock.
2025-09-25 19:39:24,895 [ERROR] LogOutputStream:75 - [STDERR_REDIRECT] 
2025-09-25 19:39:54,894 [ERROR] LogOutputStream:75 - [STDERR_REDIRECT] Sep 25, 2025 7:39:54 PM java.util.prefs.FileSystemPreferences checkLockFile0ErrorCode
2025-09-25 19:39:54,895 [ERROR] LogOutputStream:75 - [STDERR_REDIRECT] WARNING: Could not lock System prefs. Unix error code 2.
2025-09-25 19:39:54,895 [ERROR] LogOutputStream:75 - [STDERR_REDIRECT] 
2025-09-25 19:39:54,895 [ERROR] LogOutputStream:75 - [STDERR_REDIRECT] Sep 25, 2025 7:39:54 PM java.util.prefs.FileSystemPreferences syncWorld
2025-09-25 19:39:54,895 [ERROR] LogOutputStream:75 - [STDERR_REDIRECT] WARNING: Couldn't flush system prefs: java.util.prefs.BackingStoreException: Couldn't get file lock.
2025-09-25 19:39:54,896 [ERROR] LogOutputStream:75 - [STDERR_REDIRECT] 
2025-09-25 19:40:24,894 [ERROR] LogOutputStream:75 - [STDERR_REDIRECT] Sep 25, 2025 7:40:24 PM java.util.prefs.FileSystemPreferences checkLockFile0ErrorCode
2025-09-25 19:40:24,895 [ERROR] LogOutputStream:75 - [STDERR_REDIRECT] WARNING: Could not lock System prefs. Unix error code 2.
2025-09-25 19:40:24,895 [ERROR] LogOutputStream:75 - [STDERR_REDIRECT] 
2025-09-25 19:40:24,895 [ERROR] LogOutputStream:75 - [STDERR_REDIRECT] Sep 25, 2025 7:40:24 PM java.util.prefs.FileSystemPreferences syncWorld
2025-09-25 19:40:24,896 [ERROR] LogOutputStream:75 - [STDERR_REDIRECT] WARNING: Couldn't flush system prefs: java.util.prefs.BackingStoreException: Couldn't get file lock.
2025-09-25 19:40:24,896 [ERROR] LogOutputStream:75 - [STDERR_REDIRECT] 
2025-09-25 19:40:54,894 [ERROR] LogOutputStream:75 - [STDERR_REDIRECT] Sep 25, 2025 7:40:54 PM java.util.prefs.FileSystemPreferences checkLockFile0ErrorCode
2025-09-25 19:40:54,894 [ERROR] LogOutputStream:75 - [STDERR_REDIRECT] WARNING: Could not lock System prefs. Unix error code 2.
2025-09-25 19:40:54,905 [ERROR] LogOutputStream:75 - [STDERR_REDIRECT] 
2025-09-25 19:40:54,906 [ERROR] LogOutputStream:75 - [STDERR_REDIRECT] Sep 25, 2025 7:40:54 PM java.util.prefs.FileSystemPreferences syncWorld
2025-09-25 19:40:54,906 [ERROR] LogOutputStream:75 - [STDERR_REDIRECT] WARNING: Couldn't flush system prefs: java.util.prefs.BackingStoreException: Couldn't get file lock.
2025-09-25 19:40:54,906 [ERROR] LogOutputStream:75 - [STDERR_REDIRECT] 
2025-09-25 19:41:24,895 [ERROR] LogOutputStream:75 - [STDERR_REDIRECT] Sep 25, 2025 7:41:24 PM java.util.prefs.FileSystemPreferences checkLockFile0ErrorCode
2025-09-25 19:41:24,895 [ERROR] LogOutputStream:75 - [STDERR_REDIRECT] WARNING: Could not lock System prefs. Unix error code 2.
2025-09-25 19:41:24,895 [ERROR] LogOutputStream:75 - [STDERR_REDIRECT] 
2025-09-25 19:41:24,896 [ERROR] LogOutputStream:75 - [STDERR_REDIRECT] Sep 25, 2025 7:41:24 PM java.util.prefs.FileSystemPreferences syncWorld
2025-09-25 19:41:24,896 [ERROR] LogOutputStream:75 - [STDERR_REDIRECT] WARNING: Couldn't flush system prefs: java.util.prefs.BackingStoreException: Couldn't get file lock.
2025-09-25 19:41:24,897 [ERROR] LogOutputStream:75 - [STDERR_REDIRECT] 
2025-09-25 19:41:54,895 [ERROR] LogOutputStream:75 - [STDERR_REDIRECT] Sep 25, 2025 7:41:54 PM java.util.prefs.FileSystemPreferences checkLockFile0ErrorCode
2025-09-25 19:41:54,895 [ERROR] LogOutputStream:75 - [STDERR_REDIRECT] WARNING: Could not lock System prefs. Unix error code 2.
2025-09-25 19:41:54,895 [ERROR] LogOutputStream:75 - [STDERR_REDIRECT] 
2025-09-25 19:41:54,895 [ERROR] LogOutputStream:75 - [STDERR_REDIRECT] Sep 25, 2025 7:41:54 PM java.util.prefs.FileSystemPreferences syncWorld
2025-09-25 19:41:54,896 [ERROR] LogOutputStream:75 - [STDERR_REDIRECT] WARNING: Couldn't flush system prefs: java.util.prefs.BackingStoreException: Couldn't get file lock.
2025-09-25 19:41:54,896 [ERROR] LogOutputStream:75 - [STDERR_REDIRECT] 
2025-09-25 19:42:24,895 [ERROR] LogOutputStream:75 - [STDERR_REDIRECT] Sep 25, 2025 7:42:24 PM java.util.prefs.FileSystemPreferences checkLockFile0ErrorCode
2025-09-25 19:42:24,895 [ERROR] LogOutputStream:75 - [STDERR_REDIRECT] WARNING: Could not lock System prefs. Unix error code 2.
2025-09-25 19:42:24,895 [ERROR] LogOutputStream:75 - [STDERR_REDIRECT] 
2025-09-25 19:42:24,896 [ERROR] LogOutputStream:75 - [STDERR_REDIRECT] Sep 25, 2025 7:42:24 PM java.util.prefs.FileSystemPreferences syncWorld
2025-09-25 19:42:24,896 [ERROR] LogOutputStream:75 - [STDERR_REDIRECT] WARNING: Couldn't flush system prefs: java.util.prefs.BackingStoreException: Couldn't get file lock.
2025-09-25 19:42:24,896 [ERROR] LogOutputStream:75 - [STDERR_REDIRECT] 
2025-09-25 19:42:54,900 [ERROR] LogOutputStream:75 - [STDERR_REDIRECT] Sep 25, 2025 7:42:54 PM java.util.prefs.FileSystemPreferences checkLockFile0ErrorCode
2025-09-25 19:42:54,900 [ERROR] LogOutputStream:75 - [STDERR_REDIRECT] WARNING: Could not lock System prefs. Unix error code 2.
2025-09-25 19:42:54,900 [ERROR] LogOutputStream:75 - [STDERR_REDIRECT] 
2025-09-25 19:42:54,901 [ERROR] LogOutputStream:75 - [STDERR_REDIRECT] Sep 25, 2025 7:42:54 PM java.util.prefs.FileSystemPreferences syncWorld
2025-09-25 19:42:54,901 [ERROR] LogOutputStream:75 - [STDERR_REDIRECT] WARNING: Couldn't flush system prefs: java.util.prefs.BackingStoreException: Couldn't get file lock.
2025-09-25 19:42:54,901 [ERROR] LogOutputStream:75 - [STDERR_REDIRECT] 
2025-09-25 19:43:24,895 [ERROR] LogOutputStream:75 - [STDERR_REDIRECT] Sep 25, 2025 7:43:24 PM java.util.prefs.FileSystemPreferences checkLockFile0ErrorCode
2025-09-25 19:43:24,896 [ERROR] LogOutputStream:75 - [STDERR_REDIRECT] WARNING: Could not lock System prefs. Unix error code 2.
2025-09-25 19:43:24,896 [ERROR] LogOutputStream:75 - [STDERR_REDIRECT] 
2025-09-25 19:43:24,896 [ERROR] LogOutputStream:75 - [STDERR_REDIRECT] Sep 25, 2025 7:43:24 PM java.util.prefs.FileSystemPreferences syncWorld
2025-09-25 19:43:24,897 [ERROR] LogOutputStream:75 - [STDERR_REDIRECT] WARNING: Couldn't flush system prefs: java.util.prefs.BackingStoreException: Couldn't get file lock.
2025-09-25 19:43:24,897 [ERROR] LogOutputStream:75 - [STDERR_REDIRECT] 
2025-09-25 19:43:54,895 [ERROR] LogOutputStream:75 - [STDERR_REDIRECT] Sep 25, 2025 7:43:54 PM java.util.prefs.FileSystemPreferences checkLockFile0ErrorCode
2025-09-25 19:43:54,896 [ERROR] LogOutputStream:75 - [STDERR_REDIRECT] WARNING: Could not lock System prefs. Unix error code 2.
2025-09-25 19:43:54,896 [ERROR] LogOutputStream:75 - [STDERR_REDIRECT] 
2025-09-25 19:43:54,897 [ERROR] LogOutputStream:75 - [STDERR_REDIRECT] Sep 25, 2025 7:43:54 PM java.util.prefs.FileSystemPreferences syncWorld
2025-09-25 19:43:54,897 [ERROR] LogOutputStream:75 - [STDERR_REDIRECT] WARNING: Couldn't flush system prefs: java.util.prefs.BackingStoreException: Couldn't get file lock.
2025-09-25 19:43:54,897 [ERROR] LogOutputStream:75 - [STDERR_REDIRECT] 
2025-09-25 19:44:24,895 [ERROR] LogOutputStream:75 - [STDERR_REDIRECT] Sep 25, 2025 7:44:24 PM java.util.prefs.FileSystemPreferences checkLockFile0ErrorCode
2025-09-25 19:44:24,896 [ERROR] LogOutputStream:75 - [STDERR_REDIRECT] WARNING: Could not lock System prefs. Unix error code 2.
2025-09-25 19:44:24,906 [ERROR] LogOutputStream:75 - [STDERR_REDIRECT] 
2025-09-25 19:44:24,907 [ERROR] LogOutputStream:75 - [STDERR_REDIRECT] Sep 25, 2025 7:44:24 PM java.util.prefs.FileSystemPreferences syncWorld
2025-09-25 19:44:24,907 [ERROR] LogOutputStream:75 - [STDERR_REDIRECT] WARNING: Couldn't flush system prefs: java.util.prefs.BackingStoreException: Couldn't get file lock.
2025-09-25 19:44:24,908 [ERROR] LogOutputStream:75 - [STDERR_REDIRECT] 
2025-09-25 19:44:54,895 [ERROR] LogOutputStream:75 - [STDERR_REDIRECT] Sep 25, 2025 7:44:54 PM java.util.prefs.FileSystemPreferences checkLockFile0ErrorCode
2025-09-25 19:44:54,895 [ERROR] LogOutputStream:75 - [STDERR_REDIRECT] WARNING: Could not lock System prefs. Unix error code 2.
2025-09-25 19:44:54,895 [ERROR] LogOutputStream:75 - [STDERR_REDIRECT] 
2025-09-25 19:44:54,896 [ERROR] LogOutputStream:75 - [STDERR_REDIRECT] Sep 25, 2025 7:44:54 PM java.util.prefs.FileSystemPreferences syncWorld
2025-09-25 19:44:54,896 [ERROR] LogOutputStream:75 - [STDERR_REDIRECT] WARNING: Couldn't flush system prefs: java.util.prefs.BackingStoreException: Couldn't get file lock.
2025-09-25 19:44:54,896 [ERROR] LogOutputStream:75 - [STDERR_REDIRECT] 
2025-09-25 19:45:24,896 [ERROR] LogOutputStream:75 - [STDERR_REDIRECT] Sep 25, 2025 7:45:24 PM java.util.prefs.FileSystemPreferences checkLockFile0ErrorCode
2025-09-25 19:45:24,896 [ERROR] LogOutputStream:75 - [STDERR_REDIRECT] WARNING: Could not lock System prefs. Unix error code 2.
2025-09-25 19:45:24,896 [ERROR] LogOutputStream:75 - [STDERR_REDIRECT] 
2025-09-25 19:45:24,897 [ERROR] LogOutputStream:75 - [STDERR_REDIRECT] Sep 25, 2025 7:45:24 PM java.util.prefs.FileSystemPreferences syncWorld
2025-09-25 19:45:24,897 [ERROR] LogOutputStream:75 - [STDERR_REDIRECT] WARNING: Couldn't flush system prefs: java.util.prefs.BackingStoreException: Couldn't get file lock.
2025-09-25 19:45:24,897 [ERROR] LogOutputStream:75 - [STDERR_REDIRECT] 
2025-09-25 19:45:54,896 [ERROR] LogOutputStream:75 - [STDERR_REDIRECT] Sep 25, 2025 7:45:54 PM java.util.prefs.FileSystemPreferences checkLockFile0ErrorCode
2025-09-25 19:45:54,896 [ERROR] LogOutputStream:75 - [STDERR_REDIRECT] WARNING: Could not lock System prefs. Unix error code 2.
2025-09-25 19:45:54,896 [ERROR] LogOutputStream:75 - [STDERR_REDIRECT] 
2025-09-25 19:45:54,897 [ERROR] LogOutputStream:75 - [STDERR_REDIRECT] Sep 25, 2025 7:45:54 PM java.util.prefs.FileSystemPreferences syncWorld
2025-09-25 19:45:54,897 [ERROR] LogOutputStream:75 - [STDERR_REDIRECT] WARNING: Couldn't flush system prefs: java.util.prefs.BackingStoreException: Couldn't get file lock.
2025-09-25 19:45:54,897 [ERROR] LogOutputStream:75 - [STDERR_REDIRECT] 
2025-09-25 19:46:24,897 [ERROR] LogOutputStream:75 - [STDERR_REDIRECT] Sep 25, 2025 7:46:24 PM java.util.prefs.FileSystemPreferences checkLockFile0ErrorCode
2025-09-25 19:46:24,897 [ERROR] LogOutputStream:75 - [STDERR_REDIRECT] WARNING: Could not lock System prefs. Unix error code 2.
2025-09-25 19:46:24,897 [ERROR] LogOutputStream:75 - [STDERR_REDIRECT] 
2025-09-25 19:46:24,897 [ERROR] LogOutputStream:75 - [STDERR_REDIRECT] Sep 25, 2025 7:46:24 PM java.util.prefs.FileSystemPreferences syncWorld
2025-09-25 19:46:24,898 [ERROR] LogOutputStream:75 - [STDERR_REDIRECT] WARNING: Couldn't flush system prefs: java.util.prefs.BackingStoreException: Couldn't get file lock.
2025-09-25 19:46:24,898 [ERROR] LogOutputStream:75 - [STDERR_REDIRECT] 
2025-09-25 19:46:54,896 [ERROR] LogOutputStream:75 - [STDERR_REDIRECT] Sep 25, 2025 7:46:54 PM java.util.prefs.FileSystemPreferences checkLockFile0ErrorCode
2025-09-25 19:46:54,897 [ERROR] LogOutputStream:75 - [STDERR_REDIRECT] WARNING: Could not lock System prefs. Unix error code 2.
2025-09-25 19:46:54,898 [ERROR] LogOutputStream:75 - [STDERR_REDIRECT] 
2025-09-25 19:46:54,898 [ERROR] LogOutputStream:75 - [STDERR_REDIRECT] Sep 25, 2025 7:46:54 PM java.util.prefs.FileSystemPreferences syncWorld
2025-09-25 19:46:54,899 [ERROR] LogOutputStream:75 - [STDERR_REDIRECT] WARNING: Couldn't flush system prefs: java.util.prefs.BackingStoreException: Couldn't get file lock.
2025-09-25 19:46:54,899 [ERROR] LogOutputStream:75 - [STDERR_REDIRECT] 
2025-09-25 19:47:24,896 [ERROR] LogOutputStream:75 - [STDERR_REDIRECT] Sep 25, 2025 7:47:24 PM java.util.prefs.FileSystemPreferences checkLockFile0ErrorCode
2025-09-25 19:47:24,897 [ERROR] LogOutputStream:75 - [STDERR_REDIRECT] WARNING: Could not lock System prefs. Unix error code 2.
2025-09-25 19:47:24,897 [ERROR] LogOutputStream:75 - [STDERR_REDIRECT] 
2025-09-25 19:47:24,898 [ERROR] LogOutputStream:75 - [STDERR_REDIRECT] Sep 25, 2025 7:47:24 PM java.util.prefs.FileSystemPreferences syncWorld
2025-09-25 19:47:24,898 [ERROR] LogOutputStream:75 - [STDERR_REDIRECT] WARNING: Couldn't flush system prefs: java.util.prefs.BackingStoreException: Couldn't get file lock.
2025-09-25 19:47:24,898 [ERROR] LogOutputStream:75 - [STDERR_REDIRECT] 
2025-09-25 19:47:54,896 [ERROR] LogOutputStream:75 - [STDERR_REDIRECT] Sep 25, 2025 7:47:54 PM java.util.prefs.FileSystemPreferences checkLockFile0ErrorCode
2025-09-25 19:47:54,896 [ERROR] LogOutputStream:75 - [STDERR_REDIRECT] WARNING: Could not lock System prefs. Unix error code 2.
2025-09-25 19:47:54,896 [ERROR] LogOutputStream:75 - [STDERR_REDIRECT] 
2025-09-25 19:47:54,897 [ERROR] LogOutputStream:75 - [STDERR_REDIRECT] Sep 25, 2025 7:47:54 PM java.util.prefs.FileSystemPreferences syncWorld
2025-09-25 19:47:54,897 [ERROR] LogOutputStream:75 - [STDERR_REDIRECT] WARNING: Couldn't flush system prefs: java.util.prefs.BackingStoreException: Couldn't get file lock.
2025-09-25 19:47:54,897 [ERROR] LogOutputStream:75 - [STDERR_REDIRECT] 
2025-09-25 19:48:24,897 [ERROR] LogOutputStream:75 - [STDERR_REDIRECT] Sep 25, 2025 7:48:24 PM java.util.prefs.FileSystemPreferences checkLockFile0ErrorCode
2025-09-25 19:48:24,897 [ERROR] LogOutputStream:75 - [STDERR_REDIRECT] WARNING: Could not lock System prefs. Unix error code 2.
2025-09-25 19:48:24,898 [ERROR] LogOutputStream:75 - [STDERR_REDIRECT] 
2025-09-25 19:48:24,898 [ERROR] LogOutputStream:75 - [STDERR_REDIRECT] Sep 25, 2025 7:48:24 PM java.util.prefs.FileSystemPreferences syncWorld
2025-09-25 19:48:24,898 [ERROR] LogOutputStream:75 - [STDERR_REDIRECT] WARNING: Couldn't flush system prefs: java.util.prefs.BackingStoreException: Couldn't get file lock.
2025-09-25 19:48:24,898 [ERROR] LogOutputStream:75 - [STDERR_REDIRECT] 
2025-09-25 19:48:54,897 [ERROR] LogOutputStream:75 - [STDERR_REDIRECT] Sep 25, 2025 7:48:54 PM java.util.prefs.FileSystemPreferences checkLockFile0ErrorCode
2025-09-25 19:48:54,897 [ERROR] LogOutputStream:75 - [STDERR_REDIRECT] WARNING: Could not lock System prefs. Unix error code 2.
2025-09-25 19:48:54,897 [ERROR] LogOutputStream:75 - [STDERR_REDIRECT] 
2025-09-25 19:48:54,898 [ERROR] LogOutputStream:75 - [STDERR_REDIRECT] Sep 25, 2025 7:48:54 PM java.util.prefs.FileSystemPreferences syncWorld
2025-09-25 19:48:54,898 [ERROR] LogOutputStream:75 - [STDERR_REDIRECT] WARNING: Couldn't flush system prefs: java.util.prefs.BackingStoreException: Couldn't get file lock.
2025-09-25 19:48:54,898 [ERROR] LogOutputStream:75 - [STDERR_REDIRECT] 
2025-09-25 19:49:24,897 [ERROR] LogOutputStream:75 - [STDERR_REDIRECT] Sep 25, 2025 7:49:24 PM java.util.prefs.FileSystemPreferences checkLockFile0ErrorCode
2025-09-25 19:49:24,897 [ERROR] LogOutputStream:75 - [STDERR_REDIRECT] WARNING: Could not lock System prefs. Unix error code 2.
2025-09-25 19:49:24,897 [ERROR] LogOutputStream:75 - [STDERR_REDIRECT] 
2025-09-25 19:49:24,898 [ERROR] LogOutputStream:75 - [STDERR_REDIRECT] Sep 25, 2025 7:49:24 PM java.util.prefs.FileSystemPreferences syncWorld
2025-09-25 19:49:24,898 [ERROR] LogOutputStream:75 - [STDERR_REDIRECT] WARNING: Couldn't flush system prefs: java.util.prefs.BackingStoreException: Couldn't get file lock.
2025-09-25 19:49:24,898 [ERROR] LogOutputStream:75 - [STDERR_REDIRECT] 
2025-09-25 19:49:54,898 [ERROR] LogOutputStream:75 - [STDERR_REDIRECT] Sep 25, 2025 7:49:54 PM java.util.prefs.FileSystemPreferences checkLockFile0ErrorCode
2025-09-25 19:49:54,898 [ERROR] LogOutputStream:75 - [STDERR_REDIRECT] WARNING: Could not lock System prefs. Unix error code 2.
2025-09-25 19:49:54,899 [ERROR] LogOutputStream:75 - [STDERR_REDIRECT] 
2025-09-25 19:49:54,900 [ERROR] LogOutputStream:75 - [STDERR_REDIRECT] Sep 25, 2025 7:49:54 PM java.util.prefs.FileSystemPreferences syncWorld
2025-09-25 19:49:54,900 [ERROR] LogOutputStream:75 - [STDERR_REDIRECT] WARNING: Couldn't flush system prefs: java.util.prefs.BackingStoreException: Couldn't get file lock.
2025-09-25 19:49:54,900 [ERROR] LogOutputStream:75 - [STDERR_REDIRECT] 
2025-09-25 19:50:24,898 [ERROR] LogOutputStream:75 - [STDERR_REDIRECT] Sep 25, 2025 7:50:24 PM java.util.prefs.FileSystemPreferences checkLockFile0ErrorCode
2025-09-25 19:50:24,898 [ERROR] LogOutputStream:75 - [STDERR_REDIRECT] WARNING: Could not lock System prefs. Unix error code 2.
2025-09-25 19:50:24,898 [ERROR] LogOutputStream:75 - [STDERR_REDIRECT] 
2025-09-25 19:50:24,899 [ERROR] LogOutputStream:75 - [STDERR_REDIRECT] Sep 25, 2025 7:50:24 PM java.util.prefs.FileSystemPreferences syncWorld
2025-09-25 19:50:24,899 [ERROR] LogOutputStream:75 - [STDERR_REDIRECT] WARNING: Couldn't flush system prefs: java.util.prefs.BackingStoreException: Couldn't get file lock.
2025-09-25 19:50:24,900 [ERROR] LogOutputStream:75 - [STDERR_REDIRECT] 
2025-09-25 19:50:54,897 [ERROR] LogOutputStream:75 - [STDERR_REDIRECT] Sep 25, 2025 7:50:54 PM java.util.prefs.FileSystemPreferences checkLockFile0ErrorCode
2025-09-25 19:50:54,897 [ERROR] LogOutputStream:75 - [STDERR_REDIRECT] WARNING: Could not lock System prefs. Unix error code 2.
2025-09-25 19:50:54,897 [ERROR] LogOutputStream:75 - [STDERR_REDIRECT] 
2025-09-25 19:50:54,898 [ERROR] LogOutputStream:75 - [STDERR_REDIRECT] Sep 25, 2025 7:50:54 PM java.util.prefs.FileSystemPreferences syncWorld
2025-09-25 19:50:54,898 [ERROR] LogOutputStream:75 - [STDERR_REDIRECT] WARNING: Couldn't flush system prefs: java.util.prefs.BackingStoreException: Couldn't get file lock.
2025-09-25 19:50:54,898 [ERROR] LogOutputStream:75 - [STDERR_REDIRECT] 
2025-09-25 19:51:24,898 [ERROR] LogOutputStream:75 - [STDERR_REDIRECT] Sep 25, 2025 7:51:24 PM java.util.prefs.FileSystemPreferences checkLockFile0ErrorCode
2025-09-25 19:51:24,898 [ERROR] LogOutputStream:75 - [STDERR_REDIRECT] WARNING: Could not lock System prefs. Unix error code 2.
2025-09-25 19:51:24,898 [ERROR] LogOutputStream:75 - [STDERR_REDIRECT] 
2025-09-25 19:51:24,899 [ERROR] LogOutputStream:75 - [STDERR_REDIRECT] Sep 25, 2025 7:51:24 PM java.util.prefs.FileSystemPreferences syncWorld
2025-09-25 19:51:24,899 [ERROR] LogOutputStream:75 - [STDERR_REDIRECT] WARNING: Couldn't flush system prefs: java.util.prefs.BackingStoreException: Couldn't get file lock.
2025-09-25 19:51:24,899 [ERROR] LogOutputStream:75 - [STDERR_REDIRECT] 
2025-09-25 19:51:54,898 [ERROR] LogOutputStream:75 - [STDERR_REDIRECT] Sep 25, 2025 7:51:54 PM java.util.prefs.FileSystemPreferences checkLockFile0ErrorCode
2025-09-25 19:51:54,898 [ERROR] LogOutputStream:75 - [STDERR_REDIRECT] WARNING: Could not lock System prefs. Unix error code 2.
2025-09-25 19:51:54,899 [ERROR] LogOutputStream:75 - [STDERR_REDIRECT] 
2025-09-25 19:51:54,899 [ERROR] LogOutputStream:75 - [STDERR_REDIRECT] Sep 25, 2025 7:51:54 PM java.util.prefs.FileSystemPreferences syncWorld
2025-09-25 19:51:54,900 [ERROR] LogOutputStream:75 - [STDERR_REDIRECT] WARNING: Couldn't flush system prefs: java.util.prefs.BackingStoreException: Couldn't get file lock.
2025-09-25 19:51:54,900 [ERROR] LogOutputStream:75 - [STDERR_REDIRECT] 
2025-09-25 19:52:24,898 [ERROR] LogOutputStream:75 - [STDERR_REDIRECT] Sep 25, 2025 7:52:24 PM java.util.prefs.FileSystemPreferences checkLockFile0ErrorCode
2025-09-25 19:52:24,899 [ERROR] LogOutputStream:75 - [STDERR_REDIRECT] WARNING: Could not lock System prefs. Unix error code 2.
2025-09-25 19:52:24,909 [ERROR] LogOutputStream:75 - [STDERR_REDIRECT] 
2025-09-25 19:52:24,910 [ERROR] LogOutputStream:75 - [STDERR_REDIRECT] Sep 25, 2025 7:52:24 PM java.util.prefs.FileSystemPreferences syncWorld
2025-09-25 19:52:24,910 [ERROR] LogOutputStream:75 - [STDERR_REDIRECT] WARNING: Couldn't flush system prefs: java.util.prefs.BackingStoreException: Couldn't get file lock.
2025-09-25 19:52:24,910 [ERROR] LogOutputStream:75 - [STDERR_REDIRECT] 
2025-09-25 19:52:54,898 [ERROR] LogOutputStream:75 - [STDERR_REDIRECT] Sep 25, 2025 7:52:54 PM java.util.prefs.FileSystemPreferences checkLockFile0ErrorCode
2025-09-25 19:52:54,899 [ERROR] LogOutputStream:75 - [STDERR_REDIRECT] WARNING: Could not lock System prefs. Unix error code 2.
2025-09-25 19:52:54,899 [ERROR] LogOutputStream:75 - [STDERR_REDIRECT] 
2025-09-25 19:52:54,900 [ERROR] LogOutputStream:75 - [STDERR_REDIRECT] Sep 25, 2025 7:52:54 PM java.util.prefs.FileSystemPreferences syncWorld
2025-09-25 19:52:54,900 [ERROR] LogOutputStream:75 - [STDERR_REDIRECT] WARNING: Couldn't flush system prefs: java.util.prefs.BackingStoreException: Couldn't get file lock.
2025-09-25 19:52:54,900 [ERROR] LogOutputStream:75 - [STDERR_REDIRECT] 
2025-09-25 19:53:24,898 [ERROR] LogOutputStream:75 - [STDERR_REDIRECT] Sep 25, 2025 7:53:24 PM java.util.prefs.FileSystemPreferences checkLockFile0ErrorCode
2025-09-25 19:53:24,899 [ERROR] LogOutputStream:75 - [STDERR_REDIRECT] WARNING: Could not lock System prefs. Unix error code 2.
2025-09-25 19:53:24,899 [ERROR] LogOutputStream:75 - [STDERR_REDIRECT] 
2025-09-25 19:53:24,899 [ERROR] LogOutputStream:75 - [STDERR_REDIRECT] Sep 25, 2025 7:53:24 PM java.util.prefs.FileSystemPreferences syncWorld
2025-09-25 19:53:24,899 [ERROR] LogOutputStream:75 - [STDERR_REDIRECT] WARNING: Couldn't flush system prefs: java.util.prefs.BackingStoreException: Couldn't get file lock.
2025-09-25 19:53:24,900 [ERROR] LogOutputStream:75 - [STDERR_REDIRECT] 
2025-09-25 19:53:54,898 [ERROR] LogOutputStream:75 - [STDERR_REDIRECT] Sep 25, 2025 7:53:54 PM java.util.prefs.FileSystemPreferences checkLockFile0ErrorCode
2025-09-25 19:53:54,898 [ERROR] LogOutputStream:75 - [STDERR_REDIRECT] WARNING: Could not lock System prefs. Unix error code 2.
2025-09-25 19:53:54,898 [ERROR] LogOutputStream:75 - [STDERR_REDIRECT] 
2025-09-25 19:53:54,899 [ERROR] LogOutputStream:75 - [STDERR_REDIRECT] Sep 25, 2025 7:53:54 PM java.util.prefs.FileSystemPreferences syncWorld
2025-09-25 19:53:54,899 [ERROR] LogOutputStream:75 - [STDERR_REDIRECT] WARNING: Couldn't flush system prefs: java.util.prefs.BackingStoreException: Couldn't get file lock.
2025-09-25 19:53:54,899 [ERROR] LogOutputStream:75 - [STDERR_REDIRECT] 
2025-09-25 19:54:24,898 [ERROR] LogOutputStream:75 - [STDERR_REDIRECT] Sep 25, 2025 7:54:24 PM java.util.prefs.FileSystemPreferences checkLockFile0ErrorCode
2025-09-25 19:54:24,899 [ERROR] LogOutputStream:75 - [STDERR_REDIRECT] WARNING: Could not lock System prefs. Unix error code 2.
2025-09-25 19:54:24,899 [ERROR] LogOutputStream:75 - [STDERR_REDIRECT] 
2025-09-25 19:54:24,900 [ERROR] LogOutputStream:75 - [STDERR_REDIRECT] Sep 25, 2025 7:54:24 PM java.util.prefs.FileSystemPreferences syncWorld
2025-09-25 19:54:24,900 [ERROR] LogOutputStream:75 - [STDERR_REDIRECT] WARNING: Couldn't flush system prefs: java.util.prefs.BackingStoreException: Couldn't get file lock.
2025-09-25 19:54:24,900 [ERROR] LogOutputStream:75 - [STDERR_REDIRECT] 
2025-09-25 19:54:54,898 [ERROR] LogOutputStream:75 - [STDERR_REDIRECT] Sep 25, 2025 7:54:54 PM java.util.prefs.FileSystemPreferences checkLockFile0ErrorCode
2025-09-25 19:54:54,898 [ERROR] LogOutputStream:75 - [STDERR_REDIRECT] WARNING: Could not lock System prefs. Unix error code 2.
2025-09-25 19:54:54,898 [ERROR] LogOutputStream:75 - [STDERR_REDIRECT] 
2025-09-25 19:54:54,899 [ERROR] LogOutputStream:75 - [STDERR_REDIRECT] Sep 25, 2025 7:54:54 PM java.util.prefs.FileSystemPreferences syncWorld
2025-09-25 19:54:54,899 [ERROR] LogOutputStream:75 - [STDERR_REDIRECT] WARNING: Couldn't flush system prefs: java.util.prefs.BackingStoreException: Couldn't get file lock.
2025-09-25 19:54:54,899 [ERROR] LogOutputStream:75 - [STDERR_REDIRECT] 
2025-09-25 19:55:24,899 [ERROR] LogOutputStream:75 - [STDERR_REDIRECT] Sep 25, 2025 7:55:24 PM java.util.prefs.FileSystemPreferences checkLockFile0ErrorCode
2025-09-25 19:55:24,899 [ERROR] LogOutputStream:75 - [STDERR_REDIRECT] WARNING: Could not lock System prefs. Unix error code 2.
2025-09-25 19:55:24,900 [ERROR] LogOutputStream:75 - [STDERR_REDIRECT] 
2025-09-25 19:55:24,900 [ERROR] LogOutputStream:75 - [STDERR_REDIRECT] Sep 25, 2025 7:55:24 PM java.util.prefs.FileSystemPreferences syncWorld
2025-09-25 19:55:24,900 [ERROR] LogOutputStream:75 - [STDERR_REDIRECT] WARNING: Couldn't flush system prefs: java.util.prefs.BackingStoreException: Couldn't get file lock.
2025-09-25 19:55:24,901 [ERROR] LogOutputStream:75 - [STDERR_REDIRECT] 
2025-09-25 19:55:54,899 [ERROR] LogOutputStream:75 - [STDERR_REDIRECT] Sep 25, 2025 7:55:54 PM java.util.prefs.FileSystemPreferences checkLockFile0ErrorCode
2025-09-25 19:55:54,899 [ERROR] LogOutputStream:75 - [STDERR_REDIRECT] WARNING: Could not lock System prefs. Unix error code 2.
2025-09-25 19:55:54,899 [ERROR] LogOutputStream:75 - [STDERR_REDIRECT] 
2025-09-25 19:55:54,900 [ERROR] LogOutputStream:75 - [STDERR_REDIRECT] Sep 25, 2025 7:55:54 PM java.util.prefs.FileSystemPreferences syncWorld
2025-09-25 19:55:54,900 [ERROR] LogOutputStream:75 - [STDERR_REDIRECT] WARNING: Couldn't flush system prefs: java.util.prefs.BackingStoreException: Couldn't get file lock.
2025-09-25 19:55:54,900 [ERROR] LogOutputStream:75 - [STDERR_REDIRECT] 
2025-09-25 19:56:24,899 [ERROR] LogOutputStream:75 - [STDERR_REDIRECT] Sep 25, 2025 7:56:24 PM java.util.prefs.FileSystemPreferences checkLockFile0ErrorCode
2025-09-25 19:56:24,899 [ERROR] LogOutputStream:75 - [STDERR_REDIRECT] WARNING: Could not lock System prefs. Unix error code 2.
2025-09-25 19:56:24,900 [ERROR] LogOutputStream:75 - [STDERR_REDIRECT] 
2025-09-25 19:56:24,900 [ERROR] LogOutputStream:75 - [STDERR_REDIRECT] Sep 25, 2025 7:56:24 PM java.util.prefs.FileSystemPreferences syncWorld
2025-09-25 19:56:24,900 [ERROR] LogOutputStream:75 - [STDERR_REDIRECT] WARNING: Couldn't flush system prefs: java.util.prefs.BackingStoreException: Couldn't get file lock.
2025-09-25 19:56:24,900 [ERROR] LogOutputStream:75 - [STDERR_REDIRECT] 
2025-09-25 19:56:54,900 [ERROR] LogOutputStream:75 - [STDERR_REDIRECT] Sep 25, 2025 7:56:54 PM java.util.prefs.FileSystemPreferences checkLockFile0ErrorCode
2025-09-25 19:56:54,900 [ERROR] LogOutputStream:75 - [STDERR_REDIRECT] WARNING: Could not lock System prefs. Unix error code 2.
2025-09-25 19:56:54,900 [ERROR] LogOutputStream:75 - [STDERR_REDIRECT] 
2025-09-25 19:56:54,901 [ERROR] LogOutputStream:75 - [STDERR_REDIRECT] Sep 25, 2025 7:56:54 PM java.util.prefs.FileSystemPreferences syncWorld
2025-09-25 19:56:54,901 [ERROR] LogOutputStream:75 - [STDERR_REDIRECT] WARNING: Couldn't flush system prefs: java.util.prefs.BackingStoreException: Couldn't get file lock.
2025-09-25 19:56:54,901 [ERROR] LogOutputStream:75 - [STDERR_REDIRECT] 
2025-09-25 19:57:24,899 [ERROR] LogOutputStream:75 - [STDERR_REDIRECT] Sep 25, 2025 7:57:24 PM java.util.prefs.FileSystemPreferences checkLockFile0ErrorCode
2025-09-25 19:57:24,900 [ERROR] LogOutputStream:75 - [STDERR_REDIRECT] WARNING: Could not lock System prefs. Unix error code 2.
2025-09-25 19:57:24,911 [ERROR] LogOutputStream:75 - [STDERR_REDIRECT] 
2025-09-25 19:57:24,912 [ERROR] LogOutputStream:75 - [STDERR_REDIRECT] Sep 25, 2025 7:57:24 PM java.util.prefs.FileSystemPreferences syncWorld
2025-09-25 19:57:24,912 [ERROR] LogOutputStream:75 - [STDERR_REDIRECT] WARNING: Couldn't flush system prefs: java.util.prefs.BackingStoreException: Couldn't get file lock.
2025-09-25 19:57:24,912 [ERROR] LogOutputStream:75 - [STDERR_REDIRECT] 
2025-09-25 19:57:54,900 [ERROR] LogOutputStream:75 - [STDERR_REDIRECT] Sep 25, 2025 7:57:54 PM java.util.prefs.FileSystemPreferences checkLockFile0ErrorCode
2025-09-25 19:57:54,900 [ERROR] LogOutputStream:75 - [STDERR_REDIRECT] WARNING: Could not lock System prefs. Unix error code 2.
2025-09-25 19:57:54,900 [ERROR] LogOutputStream:75 - [STDERR_REDIRECT] 
2025-09-25 19:57:54,901 [ERROR] LogOutputStream:75 - [STDERR_REDIRECT] Sep 25, 2025 7:57:54 PM java.util.prefs.FileSystemPreferences syncWorld
2025-09-25 19:57:54,901 [ERROR] LogOutputStream:75 - [STDERR_REDIRECT] WARNING: Couldn't flush system prefs: java.util.prefs.BackingStoreException: Couldn't get file lock.
2025-09-25 19:57:54,901 [ERROR] LogOutputStream:75 - [STDERR_REDIRECT] 
2025-09-25 19:58:24,899 [ERROR] LogOutputStream:75 - [STDERR_REDIRECT] Sep 25, 2025 7:58:24 PM java.util.prefs.FileSystemPreferences checkLockFile0ErrorCode
2025-09-25 19:58:24,900 [ERROR] LogOutputStream:75 - [STDERR_REDIRECT] WARNING: Could not lock System prefs. Unix error code 2.
2025-09-25 19:58:24,900 [ERROR] LogOutputStream:75 - [STDERR_REDIRECT] 
2025-09-25 19:58:24,900 [ERROR] LogOutputStream:75 - [STDERR_REDIRECT] Sep 25, 2025 7:58:24 PM java.util.prefs.FileSystemPreferences syncWorld
2025-09-25 19:58:24,900 [ERROR] LogOutputStream:75 - [STDERR_REDIRECT] WARNING: Couldn't flush system prefs: java.util.prefs.BackingStoreException: Couldn't get file lock.
2025-09-25 19:58:24,900 [ERROR] LogOutputStream:75 - [STDERR_REDIRECT] 
2025-09-25 19:58:54,900 [ERROR] LogOutputStream:75 - [STDERR_REDIRECT] Sep 25, 2025 7:58:54 PM java.util.prefs.FileSystemPreferences checkLockFile0ErrorCode
2025-09-25 19:58:54,900 [ERROR] LogOutputStream:75 - [STDERR_REDIRECT] WARNING: Could not lock System prefs. Unix error code 2.
2025-09-25 19:58:54,900 [ERROR] LogOutputStream:75 - [STDERR_REDIRECT] 
2025-09-25 19:58:54,901 [ERROR] LogOutputStream:75 - [STDERR_REDIRECT] Sep 25, 2025 7:58:54 PM java.util.prefs.FileSystemPreferences syncWorld
2025-09-25 19:58:54,901 [ERROR] LogOutputStream:75 - [STDERR_REDIRECT] WARNING: Couldn't flush system prefs: java.util.prefs.BackingStoreException: Couldn't get file lock.
2025-09-25 19:58:54,901 [ERROR] LogOutputStream:75 - [STDERR_REDIRECT] 
2025-09-25 19:59:24,900 [ERROR] LogOutputStream:75 - [STDERR_REDIRECT] Sep 25, 2025 7:59:24 PM java.util.prefs.FileSystemPreferences checkLockFile0ErrorCode
2025-09-25 19:59:24,901 [ERROR] LogOutputStream:75 - [STDERR_REDIRECT] WARNING: Could not lock System prefs. Unix error code 2.
2025-09-25 19:59:24,901 [ERROR] LogOutputStream:75 - [STDERR_REDIRECT] 
2025-09-25 19:59:24,901 [ERROR] LogOutputStream:75 - [STDERR_REDIRECT] Sep 25, 2025 7:59:24 PM java.util.prefs.FileSystemPreferences syncWorld
2025-09-25 19:59:24,902 [ERROR] LogOutputStream:75 - [STDERR_REDIRECT] WARNING: Couldn't flush system prefs: java.util.prefs.BackingStoreException: Couldn't get file lock.
2025-09-25 19:59:24,902 [ERROR] LogOutputStream:75 - [STDERR_REDIRECT] 
2025-09-25 19:59:54,901 [ERROR] LogOutputStream:75 - [STDERR_REDIRECT] Sep 25, 2025 7:59:54 PM java.util.prefs.FileSystemPreferences checkLockFile0ErrorCode
2025-09-25 19:59:54,901 [ERROR] LogOutputStream:75 - [STDERR_REDIRECT] WARNING: Could not lock System prefs. Unix error code 2.
2025-09-25 19:59:54,901 [ERROR] LogOutputStream:75 - [STDERR_REDIRECT] 
2025-09-25 19:59:54,902 [ERROR] LogOutputStream:75 - [STDERR_REDIRECT] Sep 25, 2025 7:59:54 PM java.util.prefs.FileSystemPreferences syncWorld
2025-09-25 19:59:54,902 [ERROR] LogOutputStream:75 - [STDERR_REDIRECT] WARNING: Couldn't flush system prefs: java.util.prefs.BackingStoreException: Couldn't get file lock.
2025-09-25 19:59:54,902 [ERROR] LogOutputStream:75 - [STDERR_REDIRECT] 
2025-09-25 20:00:24,901 [ERROR] LogOutputStream:75 - [STDERR_REDIRECT] Sep 25, 2025 8:00:24 PM java.util.prefs.FileSystemPreferences checkLockFile0ErrorCode
2025-09-25 20:00:24,901 [ERROR] LogOutputStream:75 - [STDERR_REDIRECT] WARNING: Could not lock System prefs. Unix error code 2.
2025-09-25 20:00:24,902 [ERROR] LogOutputStream:75 - [STDERR_REDIRECT] 
2025-09-25 20:00:24,903 [ERROR] LogOutputStream:75 - [STDERR_REDIRECT] Sep 25, 2025 8:00:24 PM java.util.prefs.FileSystemPreferences syncWorld
2025-09-25 20:00:24,903 [ERROR] LogOutputStream:75 - [STDERR_REDIRECT] WARNING: Couldn't flush system prefs: java.util.prefs.BackingStoreException: Couldn't get file lock.
2025-09-25 20:00:24,903 [ERROR] LogOutputStream:75 - [STDERR_REDIRECT] 
2025-09-25 20:00:54,902 [ERROR] LogOutputStream:75 - [STDERR_REDIRECT] Sep 25, 2025 8:00:54 PM java.util.prefs.FileSystemPreferences checkLockFile0ErrorCode
2025-09-25 20:00:54,902 [ERROR] LogOutputStream:75 - [STDERR_REDIRECT] WARNING: Could not lock System prefs. Unix error code 2.
2025-09-25 20:00:54,902 [ERROR] LogOutputStream:75 - [STDERR_REDIRECT] 
2025-09-25 20:00:54,903 [ERROR] LogOutputStream:75 - [STDERR_REDIRECT] Sep 25, 2025 8:00:54 PM java.util.prefs.FileSystemPreferences syncWorld
2025-09-25 20:00:54,903 [ERROR] LogOutputStream:75 - [STDERR_REDIRECT] WARNING: Couldn't flush system prefs: java.util.prefs.BackingStoreException: Couldn't get file lock.
2025-09-25 20:00:54,903 [ERROR] LogOutputStream:75 - [STDERR_REDIRECT] 
2025-09-25 20:01:24,902 [ERROR] LogOutputStream:75 - [STDERR_REDIRECT] Sep 25, 2025 8:01:24 PM java.util.prefs.FileSystemPreferences checkLockFile0ErrorCode
2025-09-25 20:01:24,902 [ERROR] LogOutputStream:75 - [STDERR_REDIRECT] WARNING: Could not lock System prefs. Unix error code 2.
2025-09-25 20:01:24,902 [ERROR] LogOutputStream:75 - [STDERR_REDIRECT] 
2025-09-25 20:01:24,903 [ERROR] LogOutputStream:75 - [STDERR_REDIRECT] Sep 25, 2025 8:01:24 PM java.util.prefs.FileSystemPreferences syncWorld
2025-09-25 20:01:24,903 [ERROR] LogOutputStream:75 - [STDERR_REDIRECT] WARNING: Couldn't flush system prefs: java.util.prefs.BackingStoreException: Couldn't get file lock.
2025-09-25 20:01:24,903 [ERROR] LogOutputStream:75 - [STDERR_REDIRECT] 
2025-09-25 20:01:54,901 [ERROR] LogOutputStream:75 - [STDERR_REDIRECT] Sep 25, 2025 8:01:54 PM java.util.prefs.FileSystemPreferences checkLockFile0ErrorCode
2025-09-25 20:01:54,901 [ERROR] LogOutputStream:75 - [STDERR_REDIRECT] WARNING: Could not lock System prefs. Unix error code 2.
2025-09-25 20:01:54,902 [ERROR] LogOutputStream:75 - [STDERR_REDIRECT] 
2025-09-25 20:01:54,902 [ERROR] LogOutputStream:75 - [STDERR_REDIRECT] Sep 25, 2025 8:01:54 PM java.util.prefs.FileSystemPreferences syncWorld
2025-09-25 20:01:54,902 [ERROR] LogOutputStream:75 - [STDERR_REDIRECT] WARNING: Couldn't flush system prefs: java.util.prefs.BackingStoreException: Couldn't get file lock.
2025-09-25 20:01:54,903 [ERROR] LogOutputStream:75 - [STDERR_REDIRECT] 
2025-09-25 20:02:24,901 [ERROR] LogOutputStream:75 - [STDERR_REDIRECT] Sep 25, 2025 8:02:24 PM java.util.prefs.FileSystemPreferences checkLockFile0ErrorCode
2025-09-25 20:02:24,901 [ERROR] LogOutputStream:75 - [STDERR_REDIRECT] WARNING: Could not lock System prefs. Unix error code 2.
2025-09-25 20:02:24,901 [ERROR] LogOutputStream:75 - [STDERR_REDIRECT] 
2025-09-25 20:02:24,902 [ERROR] LogOutputStream:75 - [STDERR_REDIRECT] Sep 25, 2025 8:02:24 PM java.util.prefs.FileSystemPreferences syncWorld
2025-09-25 20:02:24,902 [ERROR] LogOutputStream:75 - [STDERR_REDIRECT] WARNING: Couldn't flush system prefs: java.util.prefs.BackingStoreException: Couldn't get file lock.
2025-09-25 20:02:24,902 [ERROR] LogOutputStream:75 - [STDERR_REDIRECT] 
2025-09-25 20:02:54,901 [ERROR] LogOutputStream:75 - [STDERR_REDIRECT] Sep 25, 2025 8:02:54 PM java.util.prefs.FileSystemPreferences checkLockFile0ErrorCode
2025-09-25 20:02:54,902 [ERROR] LogOutputStream:75 - [STDERR_REDIRECT] WARNING: Could not lock System prefs. Unix error code 2.
2025-09-25 20:02:54,902 [ERROR] LogOutputStream:75 - [STDERR_REDIRECT] 
2025-09-25 20:02:54,903 [ERROR] LogOutputStream:75 - [STDERR_REDIRECT] Sep 25, 2025 8:02:54 PM java.util.prefs.FileSystemPreferences syncWorld
2025-09-25 20:02:54,903 [ERROR] LogOutputStream:75 - [STDERR_REDIRECT] WARNING: Couldn't flush system prefs: java.util.prefs.BackingStoreException: Couldn't get file lock.
2025-09-25 20:02:54,903 [ERROR] LogOutputStream:75 - [STDERR_REDIRECT] 
2025-09-25 20:03:24,902 [ERROR] LogOutputStream:75 - [STDERR_REDIRECT] Sep 25, 2025 8:03:24 PM java.util.prefs.FileSystemPreferences checkLockFile0ErrorCode
2025-09-25 20:03:24,902 [ERROR] LogOutputStream:75 - [STDERR_REDIRECT] WARNING: Could not lock System prefs. Unix error code 2.
2025-09-25 20:03:24,902 [ERROR] LogOutputStream:75 - [STDERR_REDIRECT] 
2025-09-25 20:03:24,903 [ERROR] LogOutputStream:75 - [STDERR_REDIRECT] Sep 25, 2025 8:03:24 PM java.util.prefs.FileSystemPreferences syncWorld
2025-09-25 20:03:24,903 [ERROR] LogOutputStream:75 - [STDERR_REDIRECT] WARNING: Couldn't flush system prefs: java.util.prefs.BackingStoreException: Couldn't get file lock.
2025-09-25 20:03:24,903 [ERROR] LogOutputStream:75 - [STDERR_REDIRECT] 
2025-09-25 20:03:54,901 [ERROR] LogOutputStream:75 - [STDERR_REDIRECT] Sep 25, 2025 8:03:54 PM java.util.prefs.FileSystemPreferences checkLockFile0ErrorCode
2025-09-25 20:03:54,902 [ERROR] LogOutputStream:75 - [STDERR_REDIRECT] WARNING: Could not lock System prefs. Unix error code 2.
2025-09-25 20:03:54,902 [ERROR] LogOutputStream:75 - [STDERR_REDIRECT] 
2025-09-25 20:03:54,903 [ERROR] LogOutputStream:75 - [STDERR_REDIRECT] Sep 25, 2025 8:03:54 PM java.util.prefs.FileSystemPreferences syncWorld
2025-09-25 20:03:54,903 [ERROR] LogOutputStream:75 - [STDERR_REDIRECT] WARNING: Couldn't flush system prefs: java.util.prefs.BackingStoreException: Couldn't get file lock.
2025-09-25 20:03:54,903 [ERROR] LogOutputStream:75 - [STDERR_REDIRECT] 
2025-09-25 20:04:24,902 [ERROR] LogOutputStream:75 - [STDERR_REDIRECT] Sep 25, 2025 8:04:24 PM java.util.prefs.FileSystemPreferences checkLockFile0ErrorCode
2025-09-25 20:04:24,902 [ERROR] LogOutputStream:75 - [STDERR_REDIRECT] WARNING: Could not lock System prefs. Unix error code 2.
2025-09-25 20:04:24,902 [ERROR] LogOutputStream:75 - [STDERR_REDIRECT] 
2025-09-25 20:04:24,903 [ERROR] LogOutputStream:75 - [STDERR_REDIRECT] Sep 25, 2025 8:04:24 PM java.util.prefs.FileSystemPreferences syncWorld
2025-09-25 20:04:24,903 [ERROR] LogOutputStream:75 - [STDERR_REDIRECT] WARNING: Couldn't flush system prefs: java.util.prefs.BackingStoreException: Couldn't get file lock.
2025-09-25 20:04:24,903 [ERROR] LogOutputStream:75 - [STDERR_REDIRECT] 
2025-09-25 20:04:54,902 [ERROR] LogOutputStream:75 - [STDERR_REDIRECT] Sep 25, 2025 8:04:54 PM java.util.prefs.FileSystemPreferences checkLockFile0ErrorCode
2025-09-25 20:04:54,903 [ERROR] LogOutputStream:75 - [STDERR_REDIRECT] WARNING: Could not lock System prefs. Unix error code 2.
2025-09-25 20:04:54,903 [ERROR] LogOutputStream:75 - [STDERR_REDIRECT] 
2025-09-25 20:04:54,903 [ERROR] LogOutputStream:75 - [STDERR_REDIRECT] Sep 25, 2025 8:04:54 PM java.util.prefs.FileSystemPreferences syncWorld
2025-09-25 20:04:54,904 [ERROR] LogOutputStream:75 - [STDERR_REDIRECT] WARNING: Couldn't flush system prefs: java.util.prefs.BackingStoreException: Couldn't get file lock.
2025-09-25 20:04:54,904 [ERROR] LogOutputStream:75 - [STDERR_REDIRECT] 
2025-09-25 20:05:24,902 [ERROR] LogOutputStream:75 - [STDERR_REDIRECT] Sep 25, 2025 8:05:24 PM java.util.prefs.FileSystemPreferences checkLockFile0ErrorCode
2025-09-25 20:05:24,902 [ERROR] LogOutputStream:75 - [STDERR_REDIRECT] WARNING: Could not lock System prefs. Unix error code 2.
2025-09-25 20:05:24,902 [ERROR] LogOutputStream:75 - [STDERR_REDIRECT] 
2025-09-25 20:05:24,903 [ERROR] LogOutputStream:75 - [STDERR_REDIRECT] Sep 25, 2025 8:05:24 PM java.util.prefs.FileSystemPreferences syncWorld
2025-09-25 20:05:24,904 [ERROR] LogOutputStream:75 - [STDERR_REDIRECT] WARNING: Couldn't flush system prefs: java.util.prefs.BackingStoreException: Couldn't get file lock.
2025-09-25 20:05:24,904 [ERROR] LogOutputStream:75 - [STDERR_REDIRECT] 
2025-09-25 20:05:54,902 [ERROR] LogOutputStream:75 - [STDERR_REDIRECT] Sep 25, 2025 8:05:54 PM java.util.prefs.FileSystemPreferences checkLockFile0ErrorCode
2025-09-25 20:05:54,903 [ERROR] LogOutputStream:75 - [STDERR_REDIRECT] WARNING: Could not lock System prefs. Unix error code 2.
2025-09-25 20:05:54,903 [ERROR] LogOutputStream:75 - [STDERR_REDIRECT] 
2025-09-25 20:05:54,904 [ERROR] LogOutputStream:75 - [STDERR_REDIRECT] Sep 25, 2025 8:05:54 PM java.util.prefs.FileSystemPreferences syncWorld
2025-09-25 20:05:54,904 [ERROR] LogOutputStream:75 - [STDERR_REDIRECT] WARNING: Couldn't flush system prefs: java.util.prefs.BackingStoreException: Couldn't get file lock.
2025-09-25 20:05:54,904 [ERROR] LogOutputStream:75 - [STDERR_REDIRECT] 
2025-09-25 20:06:24,902 [ERROR] LogOutputStream:75 - [STDERR_REDIRECT] Sep 25, 2025 8:06:24 PM java.util.prefs.FileSystemPreferences checkLockFile0ErrorCode
2025-09-25 20:06:24,903 [ERROR] LogOutputStream:75 - [STDERR_REDIRECT] WARNING: Could not lock System prefs. Unix error code 2.
2025-09-25 20:06:24,903 [ERROR] LogOutputStream:75 - [STDERR_REDIRECT] 
2025-09-25 20:06:24,904 [ERROR] LogOutputStream:75 - [STDERR_REDIRECT] Sep 25, 2025 8:06:24 PM java.util.prefs.FileSystemPreferences syncWorld
2025-09-25 20:06:24,904 [ERROR] LogOutputStream:75 - [STDERR_REDIRECT] WARNING: Couldn't flush system prefs: java.util.prefs.BackingStoreException: Couldn't get file lock.
2025-09-25 20:06:24,904 [ERROR] LogOutputStream:75 - [STDERR_REDIRECT] 
2025-09-25 20:06:54,902 [ERROR] LogOutputStream:75 - [STDERR_REDIRECT] Sep 25, 2025 8:06:54 PM java.util.prefs.FileSystemPreferences checkLockFile0ErrorCode
2025-09-25 20:06:54,903 [ERROR] LogOutputStream:75 - [STDERR_REDIRECT] WARNING: Could not lock System prefs. Unix error code 2.
2025-09-25 20:06:54,940 [ERROR] LogOutputStream:75 - [STDERR_REDIRECT] 
2025-09-25 20:06:54,941 [ERROR] LogOutputStream:75 - [STDERR_REDIRECT] Sep 25, 2025 8:06:54 PM java.util.prefs.FileSystemPreferences syncWorld
2025-09-25 20:06:54,942 [ERROR] LogOutputStream:75 - [STDERR_REDIRECT] WARNING: Couldn't flush system prefs: java.util.prefs.BackingStoreException: Couldn't get file lock.
2025-09-25 20:06:54,942 [ERROR] LogOutputStream:75 - [STDERR_REDIRECT] 
2025-09-25 20:07:24,902 [ERROR] LogOutputStream:75 - [STDERR_REDIRECT] Sep 25, 2025 8:07:24 PM java.util.prefs.FileSystemPreferences checkLockFile0ErrorCode
2025-09-25 20:07:24,902 [ERROR] LogOutputStream:75 - [STDERR_REDIRECT] WARNING: Could not lock System prefs. Unix error code 2.
2025-09-25 20:07:24,902 [ERROR] LogOutputStream:75 - [STDERR_REDIRECT] 
2025-09-25 20:07:24,903 [ERROR] LogOutputStream:75 - [STDERR_REDIRECT] Sep 25, 2025 8:07:24 PM java.util.prefs.FileSystemPreferences syncWorld
2025-09-25 20:07:24,903 [ERROR] LogOutputStream:75 - [STDERR_REDIRECT] WARNING: Couldn't flush system prefs: java.util.prefs.BackingStoreException: Couldn't get file lock.
2025-09-25 20:07:24,903 [ERROR] LogOutputStream:75 - [STDERR_REDIRECT] 
2025-09-25 20:07:54,902 [ERROR] LogOutputStream:75 - [STDERR_REDIRECT] Sep 25, 2025 8:07:54 PM java.util.prefs.FileSystemPreferences checkLockFile0ErrorCode
2025-09-25 20:07:54,903 [ERROR] LogOutputStream:75 - [STDERR_REDIRECT] WARNING: Could not lock System prefs. Unix error code 2.
2025-09-25 20:07:54,903 [ERROR] LogOutputStream:75 - [STDERR_REDIRECT] 
2025-09-25 20:07:54,903 [ERROR] LogOutputStream:75 - [STDERR_REDIRECT] Sep 25, 2025 8:07:54 PM java.util.prefs.FileSystemPreferences syncWorld
2025-09-25 20:07:54,903 [ERROR] LogOutputStream:75 - [STDERR_REDIRECT] WARNING: Couldn't flush system prefs: java.util.prefs.BackingStoreException: Couldn't get file lock.
2025-09-25 20:07:54,904 [ERROR] LogOutputStream:75 - [STDERR_REDIRECT] 
2025-09-25 20:08:24,903 [ERROR] LogOutputStream:75 - [STDERR_REDIRECT] Sep 25, 2025 8:08:24 PM java.util.prefs.FileSystemPreferences checkLockFile0ErrorCode
2025-09-25 20:08:24,904 [ERROR] LogOutputStream:75 - [STDERR_REDIRECT] WARNING: Could not lock System prefs. Unix error code 2.
2025-09-25 20:08:24,904 [ERROR] LogOutputStream:75 - [STDERR_REDIRECT] 
2025-09-25 20:08:24,904 [ERROR] LogOutputStream:75 - [STDERR_REDIRECT] Sep 25, 2025 8:08:24 PM java.util.prefs.FileSystemPreferences syncWorld
2025-09-25 20:08:24,905 [ERROR] LogOutputStream:75 - [STDERR_REDIRECT] WARNING: Couldn't flush system prefs: java.util.prefs.BackingStoreException: Couldn't get file lock.
2025-09-25 20:08:24,905 [ERROR] LogOutputStream:75 - [STDERR_REDIRECT] 
2025-09-25 20:08:54,903 [ERROR] LogOutputStream:75 - [STDERR_REDIRECT] Sep 25, 2025 8:08:54 PM java.util.prefs.FileSystemPreferences checkLockFile0ErrorCode
2025-09-25 20:08:54,904 [ERROR] LogOutputStream:75 - [STDERR_REDIRECT] WARNING: Could not lock System prefs. Unix error code 2.
2025-09-25 20:08:54,904 [ERROR] LogOutputStream:75 - [STDERR_REDIRECT] 
2025-09-25 20:08:54,904 [ERROR] LogOutputStream:75 - [STDERR_REDIRECT] Sep 25, 2025 8:08:54 PM java.util.prefs.FileSystemPreferences syncWorld
2025-09-25 20:08:54,904 [ERROR] LogOutputStream:75 - [STDERR_REDIRECT] WARNING: Couldn't flush system prefs: java.util.prefs.BackingStoreException: Couldn't get file lock.
2025-09-25 20:08:54,905 [ERROR] LogOutputStream:75 - [STDERR_REDIRECT] 
2025-09-25 20:09:24,903 [ERROR] LogOutputStream:75 - [STDERR_REDIRECT] Sep 25, 2025 8:09:24 PM java.util.prefs.FileSystemPreferences checkLockFile0ErrorCode
2025-09-25 20:09:24,903 [ERROR] LogOutputStream:75 - [STDERR_REDIRECT] WARNING: Could not lock System prefs. Unix error code 2.
2025-09-25 20:09:24,903 [ERROR] LogOutputStream:75 - [STDERR_REDIRECT] 
2025-09-25 20:09:24,904 [ERROR] LogOutputStream:75 - [STDERR_REDIRECT] Sep 25, 2025 8:09:24 PM java.util.prefs.FileSystemPreferences syncWorld
2025-09-25 20:09:24,904 [ERROR] LogOutputStream:75 - [STDERR_REDIRECT] WARNING: Couldn't flush system prefs: java.util.prefs.BackingStoreException: Couldn't get file lock.
2025-09-25 20:09:24,904 [ERROR] LogOutputStream:75 - [STDERR_REDIRECT] 
2025-09-25 20:09:54,905 [ERROR] LogOutputStream:75 - [STDERR_REDIRECT] Sep 25, 2025 8:09:54 PM java.util.prefs.FileSystemPreferences checkLockFile0ErrorCode
2025-09-25 20:09:54,905 [ERROR] LogOutputStream:75 - [STDERR_REDIRECT] WARNING: Could not lock System prefs. Unix error code 2.
2025-09-25 20:09:54,905 [ERROR] LogOutputStream:75 - [STDERR_REDIRECT] 
2025-09-25 20:09:54,906 [ERROR] LogOutputStream:75 - [STDERR_REDIRECT] Sep 25, 2025 8:09:54 PM java.util.prefs.FileSystemPreferences syncWorld
2025-09-25 20:09:54,906 [ERROR] LogOutputStream:75 - [STDERR_REDIRECT] WARNING: Couldn't flush system prefs: java.util.prefs.BackingStoreException: Couldn't get file lock.
2025-09-25 20:09:54,906 [ERROR] LogOutputStream:75 - [STDERR_REDIRECT] 
2025-09-25 20:10:24,904 [ERROR] LogOutputStream:75 - [STDERR_REDIRECT] Sep 25, 2025 8:10:24 PM java.util.prefs.FileSystemPreferences checkLockFile0ErrorCode
2025-09-25 20:10:24,904 [ERROR] LogOutputStream:75 - [STDERR_REDIRECT] WARNING: Could not lock System prefs. Unix error code 2.
2025-09-25 20:10:24,904 [ERROR] LogOutputStream:75 - [STDERR_REDIRECT] 
2025-09-25 20:10:24,904 [ERROR] LogOutputStream:75 - [STDERR_REDIRECT] Sep 25, 2025 8:10:24 PM java.util.prefs.FileSystemPreferences syncWorld
2025-09-25 20:10:24,905 [ERROR] LogOutputStream:75 - [STDERR_REDIRECT] WARNING: Couldn't flush system prefs: java.util.prefs.BackingStoreException: Couldn't get file lock.
2025-09-25 20:10:24,905 [ERROR] LogOutputStream:75 - [STDERR_REDIRECT] 
2025-09-25 20:10:54,904 [ERROR] LogOutputStream:75 - [STDERR_REDIRECT] Sep 25, 2025 8:10:54 PM java.util.prefs.FileSystemPreferences checkLockFile0ErrorCode
2025-09-25 20:10:54,904 [ERROR] LogOutputStream:75 - [STDERR_REDIRECT] WARNING: Could not lock System prefs. Unix error code 2.
2025-09-25 20:10:54,904 [ERROR] LogOutputStream:75 - [STDERR_REDIRECT] 
2025-09-25 20:10:54,905 [ERROR] LogOutputStream:75 - [STDERR_REDIRECT] Sep 25, 2025 8:10:54 PM java.util.prefs.FileSystemPreferences syncWorld
2025-09-25 20:10:54,906 [ERROR] LogOutputStream:75 - [STDERR_REDIRECT] WARNING: Couldn't flush system prefs: java.util.prefs.BackingStoreException: Couldn't get file lock.
2025-09-25 20:10:54,906 [ERROR] LogOutputStream:75 - [STDERR_REDIRECT] 
2025-09-25 20:11:24,904 [ERROR] LogOutputStream:75 - [STDERR_REDIRECT] Sep 25, 2025 8:11:24 PM java.util.prefs.FileSystemPreferences checkLockFile0ErrorCode
2025-09-25 20:11:24,905 [ERROR] LogOutputStream:75 - [STDERR_REDIRECT] WARNING: Could not lock System prefs. Unix error code 2.
2025-09-25 20:11:24,905 [ERROR] LogOutputStream:75 - [STDERR_REDIRECT] 
2025-09-25 20:11:24,906 [ERROR] LogOutputStream:75 - [STDERR_REDIRECT] Sep 25, 2025 8:11:24 PM java.util.prefs.FileSystemPreferences syncWorld
2025-09-25 20:11:24,906 [ERROR] LogOutputStream:75 - [STDERR_REDIRECT] WARNING: Couldn't flush system prefs: java.util.prefs.BackingStoreException: Couldn't get file lock.
2025-09-25 20:11:24,906 [ERROR] LogOutputStream:75 - [STDERR_REDIRECT] 
2025-09-25 20:11:54,904 [ERROR] LogOutputStream:75 - [STDERR_REDIRECT] Sep 25, 2025 8:11:54 PM java.util.prefs.FileSystemPreferences checkLockFile0ErrorCode
2025-09-25 20:11:54,904 [ERROR] LogOutputStream:75 - [STDERR_REDIRECT] WARNING: Could not lock System prefs. Unix error code 2.
2025-09-25 20:11:54,905 [ERROR] LogOutputStream:75 - [STDERR_REDIRECT] 
2025-09-25 20:11:54,905 [ERROR] LogOutputStream:75 - [STDERR_REDIRECT] Sep 25, 2025 8:11:54 PM java.util.prefs.FileSystemPreferences syncWorld
2025-09-25 20:11:54,905 [ERROR] LogOutputStream:75 - [STDERR_REDIRECT] WARNING: Couldn't flush system prefs: java.util.prefs.BackingStoreException: Couldn't get file lock.
2025-09-25 20:11:54,905 [ERROR] LogOutputStream:75 - [STDERR_REDIRECT] 
2025-09-25 20:12:24,904 [ERROR] LogOutputStream:75 - [STDERR_REDIRECT] Sep 25, 2025 8:12:24 PM java.util.prefs.FileSystemPreferences checkLockFile0ErrorCode
2025-09-25 20:12:24,905 [ERROR] LogOutputStream:75 - [STDERR_REDIRECT] WARNING: Could not lock System prefs. Unix error code 2.
2025-09-25 20:12:24,905 [ERROR] LogOutputStream:75 - [STDERR_REDIRECT] 
2025-09-25 20:12:24,905 [ERROR] LogOutputStream:75 - [STDERR_REDIRECT] Sep 25, 2025 8:12:24 PM java.util.prefs.FileSystemPreferences syncWorld
2025-09-25 20:12:24,905 [ERROR] LogOutputStream:75 - [STDERR_REDIRECT] WARNING: Couldn't flush system prefs: java.util.prefs.BackingStoreException: Couldn't get file lock.
2025-09-25 20:12:24,905 [ERROR] LogOutputStream:75 - [STDERR_REDIRECT] 
2025-09-25 20:12:54,904 [ERROR] LogOutputStream:75 - [STDERR_REDIRECT] Sep 25, 2025 8:12:54 PM java.util.prefs.FileSystemPreferences checkLockFile0ErrorCode
2025-09-25 20:12:54,905 [ERROR] LogOutputStream:75 - [STDERR_REDIRECT] WARNING: Could not lock System prefs. Unix error code 2.
2025-09-25 20:12:54,905 [ERROR] LogOutputStream:75 - [STDERR_REDIRECT] 
2025-09-25 20:12:54,905 [ERROR] LogOutputStream:75 - [STDERR_REDIRECT] Sep 25, 2025 8:12:54 PM java.util.prefs.FileSystemPreferences syncWorld
2025-09-25 20:12:54,906 [ERROR] LogOutputStream:75 - [STDERR_REDIRECT] WARNING: Couldn't flush system prefs: java.util.prefs.BackingStoreException: Couldn't get file lock.
2025-09-25 20:12:54,906 [ERROR] LogOutputStream:75 - [STDERR_REDIRECT] 
2025-09-25 20:13:24,905 [ERROR] LogOutputStream:75 - [STDERR_REDIRECT] Sep 25, 2025 8:13:24 PM java.util.prefs.FileSystemPreferences checkLockFile0ErrorCode
2025-09-25 20:13:24,905 [ERROR] LogOutputStream:75 - [STDERR_REDIRECT] WARNING: Could not lock System prefs. Unix error code 2.
2025-09-25 20:13:24,905 [ERROR] LogOutputStream:75 - [STDERR_REDIRECT] 
2025-09-25 20:13:24,906 [ERROR] LogOutputStream:75 - [STDERR_REDIRECT] Sep 25, 2025 8:13:24 PM java.util.prefs.FileSystemPreferences syncWorld
2025-09-25 20:13:24,906 [ERROR] LogOutputStream:75 - [STDERR_REDIRECT] WARNING: Couldn't flush system prefs: java.util.prefs.BackingStoreException: Couldn't get file lock.
2025-09-25 20:13:24,906 [ERROR] LogOutputStream:75 - [STDERR_REDIRECT] 
2025-09-25 20:13:54,905 [ERROR] LogOutputStream:75 - [STDERR_REDIRECT] Sep 25, 2025 8:13:54 PM java.util.prefs.FileSystemPreferences checkLockFile0ErrorCode
2025-09-25 20:13:54,905 [ERROR] LogOutputStream:75 - [STDERR_REDIRECT] WARNING: Could not lock System prefs. Unix error code 2.
2025-09-25 20:13:54,906 [ERROR] LogOutputStream:75 - [STDERR_REDIRECT] 
2025-09-25 20:13:54,906 [ERROR] LogOutputStream:75 - [STDERR_REDIRECT] Sep 25, 2025 8:13:54 PM java.util.prefs.FileSystemPreferences syncWorld
2025-09-25 20:13:54,906 [ERROR] LogOutputStream:75 - [STDERR_REDIRECT] WARNING: Couldn't flush system prefs: java.util.prefs.BackingStoreException: Couldn't get file lock.
2025-09-25 20:13:54,906 [ERROR] LogOutputStream:75 - [STDERR_REDIRECT] 
2025-09-25 20:14:24,908 [ERROR] LogOutputStream:75 - [STDERR_REDIRECT] Sep 25, 2025 8:14:24 PM java.util.prefs.FileSystemPreferences checkLockFile0ErrorCode
2025-09-25 20:14:24,909 [ERROR] LogOutputStream:75 - [STDERR_REDIRECT] WARNING: Could not lock System prefs. Unix error code 2.
2025-09-25 20:14:24,909 [ERROR] LogOutputStream:75 - [STDERR_REDIRECT] 
2025-09-25 20:14:24,909 [ERROR] LogOutputStream:75 - [STDERR_REDIRECT] Sep 25, 2025 8:14:24 PM java.util.prefs.FileSystemPreferences syncWorld
2025-09-25 20:14:24,910 [ERROR] LogOutputStream:75 - [STDERR_REDIRECT] WARNING: Couldn't flush system prefs: java.util.prefs.BackingStoreException: Couldn't get file lock.
2025-09-25 20:14:24,910 [ERROR] LogOutputStream:75 - [STDERR_REDIRECT] 
2025-09-25 20:14:54,905 [ERROR] LogOutputStream:75 - [STDERR_REDIRECT] Sep 25, 2025 8:14:54 PM java.util.prefs.FileSystemPreferences checkLockFile0ErrorCode
2025-09-25 20:14:54,906 [ERROR] LogOutputStream:75 - [STDERR_REDIRECT] WARNING: Could not lock System prefs. Unix error code 2.
2025-09-25 20:14:54,906 [ERROR] LogOutputStream:75 - [STDERR_REDIRECT] 
2025-09-25 20:14:54,907 [ERROR] LogOutputStream:75 - [STDERR_REDIRECT] Sep 25, 2025 8:14:54 PM java.util.prefs.FileSystemPreferences syncWorld
2025-09-25 20:14:54,907 [ERROR] LogOutputStream:75 - [STDERR_REDIRECT] WARNING: Couldn't flush system prefs: java.util.prefs.BackingStoreException: Couldn't get file lock.
2025-09-25 20:14:54,907 [ERROR] LogOutputStream:75 - [STDERR_REDIRECT] 
2025-09-25 20:15:03,657 [ERROR] LogOutputStream:75 - [STDERR_REDIRECT] 
2025-09-25 20:40:20,430 [INFO] Activator:176 - 


2025-09-25 20:40:20,434 [INFO] Activator:177 - !SESSION log4j initialized
2025-09-25 20:40:28,413 [INFO] LogOutputStream:77 - [STDOUT_REDIRECT] 
2025-09-25 20:40:30,227 [INFO] ApplicationProperties:184 - Using Application install path: /opt/st/stm32cubeide_1.19.0/plugins/com.st.stm32cube.common.mx_6.15.0.202507011659
2025-09-25 20:40:30,260 [INFO] DbMcusXml:78 - Set database path to: /opt/st/stm32cubeide_1.19.0/plugins/com.st.stm32cube.common.mx_6.15.0.202507011659//db//mcu/
2025-09-25 20:40:30,260 [INFO] ApiDb:274 - Set plugin database path to: /opt/st/stm32cubeide_1.19.0/plugins/com.st.stm32cube.common.mx_6.15.0.202507011659//db//plugins/boardmanager/
2025-09-25 20:40:30,261 [WARN] ApiDb:259 - Overriding images path with different value:  => /opt/st/stm32cubeide_1.19.0/plugins/com.st.stm32cube.common.mx_6.15.0.202507011659//db//plugins/mcufinder/images/
2025-09-25 20:40:30,268 [INFO] ApiDb:250 - Set database path to: /home/tomas1908/.stmcufinder/plugins/mcufinder//mcu/
2025-09-25 20:40:30,270 [INFO] DbMcusAds:125 - Set database path to: /home/tomas1908/.stmcufinder/plugins/mcufinder//mcu/
2025-09-25 20:40:30,274 [INFO] CrossReferenceDbSqlite:203 - Set database path to: /home/tomas1908/.stmcufinder/plugins/mcufinder//mcu/cs/
2025-09-25 20:40:30,525 [INFO] RulesReader:64 - Compatibility file has been processed (317 Rules)
2025-09-25 20:40:30,642 [INFO] DbMcusXml:78 - Set database path to: /opt/st/stm32cubeide_1.19.0/plugins/com.st.stm32cube.common.mx_6.15.0.202507011659//db//mcu/
2025-09-25 20:40:30,643 [INFO] ApiDb:274 - Set plugin database path to: /opt/st/stm32cubeide_1.19.0/plugins/com.st.stm32cube.common.mx_6.15.0.202507011659//db//plugins/boardmanager/
2025-09-25 20:40:30,643 [INFO] ApiDb:261 - Set plugin images path to: /opt/st/stm32cubeide_1.19.0/plugins/com.st.stm32cube.common.mx_6.15.0.202507011659//db//plugins/mcufinder/images/
2025-09-25 20:40:30,643 [WARN] DbFile:41 - Overriding database path with different value: /home/tomas1908/.stmcufinder/plugins/mcufinder/ => /home/tomas1908/.stmcufinder/plugins/mcufinder
2025-09-25 20:40:30,644 [INFO] ApiDb:250 - Set database path to: /home/tomas1908/.stmcufinder/plugins/mcufinder//mcu/
2025-09-25 20:40:30,644 [WARN] DbFile:41 - Overriding database path with different value: /home/tomas1908/.stmcufinder/plugins/mcufinder/ => /home/tomas1908/.stmcufinder/plugins/mcufinder
2025-09-25 20:40:30,644 [INFO] DbMcusAds:125 - Set database path to: /home/tomas1908/.stmcufinder/plugins/mcufinder//mcu/
2025-09-25 20:40:30,644 [WARN] DbFile:41 - Overriding database path with different value: /home/tomas1908/.stmcufinder/plugins/mcufinder/ => /home/tomas1908/.stmcufinder/plugins/mcufinder
2025-09-25 20:40:30,644 [WARN] DbFile:41 - Overriding database path with different value: /home/tomas1908/.stmcufinder/plugins/mcufinder/ => /home/tomas1908/.stmcufinder/plugins/mcufinder
2025-09-25 20:40:30,645 [INFO] CrossReferenceDbSqlite:203 - Set database path to: /home/tomas1908/.stmcufinder/plugins/mcufinder//mcu/cs/
2025-09-25 20:40:30,769 [INFO] MainPanel:274 - HeapMemory: 268435456
2025-09-25 20:40:30,974 [INFO] DbMcusXml:78 - Set database path to: /opt/st/stm32cubeide_1.19.0/plugins/com.st.stm32cube.common.mx_6.15.0.202507011659//db//mcu/
2025-09-25 20:40:30,975 [INFO] ApiDb:274 - Set plugin database path to: /opt/st/stm32cubeide_1.19.0/plugins/com.st.stm32cube.common.mx_6.15.0.202507011659//db//plugins/boardmanager/
2025-09-25 20:40:30,975 [INFO] ApiDb:261 - Set plugin images path to: /opt/st/stm32cubeide_1.19.0/plugins/com.st.stm32cube.common.mx_6.15.0.202507011659//db//plugins/mcufinder/images/
2025-09-25 20:40:30,976 [WARN] DbFile:41 - Overriding database path with different value: /home/tomas1908/.stmcufinder/plugins/mcufinder/ => /home/tomas1908/.stmcufinder/plugins/mcufinder
2025-09-25 20:40:30,976 [INFO] ApiDb:250 - Set database path to: /home/tomas1908/.stmcufinder/plugins/mcufinder//mcu/
2025-09-25 20:40:30,976 [WARN] DbFile:41 - Overriding database path with different value: /home/tomas1908/.stmcufinder/plugins/mcufinder/ => /home/tomas1908/.stmcufinder/plugins/mcufinder
2025-09-25 20:40:30,976 [INFO] DbMcusAds:125 - Set database path to: /home/tomas1908/.stmcufinder/plugins/mcufinder//mcu/
2025-09-25 20:40:30,976 [WARN] DbFile:41 - Overriding database path with different value: /home/tomas1908/.stmcufinder/plugins/mcufinder/ => /home/tomas1908/.stmcufinder/plugins/mcufinder
2025-09-25 20:40:30,977 [WARN] DbFile:41 - Overriding database path with different value: /home/tomas1908/.stmcufinder/plugins/mcufinder/ => /home/tomas1908/.stmcufinder/plugins/mcufinder
2025-09-25 20:40:30,977 [INFO] CrossReferenceDbSqlite:203 - Set database path to: /home/tomas1908/.stmcufinder/plugins/mcufinder//mcu/cs/
2025-09-25 20:40:31,018 [INFO] ApplicationProperties:184 - Using Application install path: /opt/st/stm32cubeide_1.19.0/plugins/com.st.stm32cube.common.mx_6.15.0.202507011659
2025-09-25 20:40:31,022 [INFO] PluginManage:196 - Search for loadable plugins [exclusion list=, ]
2025-09-25 20:40:31,024 [INFO] PluginManage:310 - Check plugin analytics
2025-09-25 20:40:31,366 [INFO] AnalyticsPlugin:253 - Accepted Software Licenses: 
2025-09-25 20:40:31,367 [INFO] AnalyticsPlugin:255 - Accepted CMSIS Pack Licenses: 
2025-09-25 20:40:31,367 [INFO] AnalyticsPlugin:257 - Accepted Firmware Licenses: FW.F4.1.28.0
2025-09-25 20:40:31,373 [INFO] PluginManage:359 - Loaded plugin analytics (category:tool,tabindex:-1)
2025-09-25 20:40:31,374 [INFO] PluginManage:310 - Check plugin cadmodel
2025-09-25 20:40:31,381 [INFO] CADModel:105 - Init CAD model plugin
2025-09-25 20:40:31,381 [INFO] PluginManage:359 - Loaded plugin cadmodel (category:power,tabindex:5)
2025-09-25 20:40:31,382 [INFO] PluginManage:310 - Check plugin clock
2025-09-25 20:40:31,398 [INFO] PluginManage:359 - Loaded plugin clock (category:base,tabindex:2)
2025-09-25 20:40:31,398 [INFO] PluginManage:310 - Check plugin ddr
2025-09-25 20:40:31,402 [INFO] PluginManage:359 - Loaded plugin ddr (category:tool,tabindex:6)
2025-09-25 20:40:31,402 [INFO] PluginManage:310 - Check plugin filemanager
2025-09-25 20:40:31,707 [INFO] PluginManage:359 - Loaded plugin filemanager (category:base,tabindex:10)
2025-09-25 20:40:31,707 [INFO] PluginManage:310 - Check plugin ipmanager
2025-09-25 20:40:31,716 [INFO] PluginManage:359 - Loaded plugin ipmanager (category:base,tabindex:5)
2025-09-25 20:40:31,716 [INFO] PluginManage:310 - Check plugin lpbam
2025-09-25 20:40:31,734 [INFO] PluginManage:359 - Loaded plugin lpbam (category:base,tabindex:0)
2025-09-25 20:40:31,734 [INFO] PluginManage:310 - Check plugin memorymap
2025-09-25 20:40:31,755 [INFO] PluginManage:359 - Loaded plugin memorymap (category:base,tabindex:4)
2025-09-25 20:40:31,755 [INFO] PluginManage:310 - Check plugin pinoutandconfiguration
2025-09-25 20:40:31,771 [INFO] PluginManage:359 - Loaded plugin pinoutandconfiguration (category:base,tabindex:1)
2025-09-25 20:40:31,771 [INFO] PluginManage:310 - Check plugin pinoutconfig
2025-09-25 20:40:31,926 [WARN] SupportedApi:132 - Cannot load RTOS API schema: s4s-elt-must-match.1: The content of 'definitions' must match (annotation?, (simpleType | complexType)?, (unique | key | keyref)*)). A problem was found starting at: attribute.
2025-09-25 20:40:32,167 [INFO] PluginManage:359 - Loaded plugin pinoutconfig (category:base,tabindex:0)
2025-09-25 20:40:32,167 [INFO] PluginManage:310 - Check plugin power
2025-09-25 20:40:32,184 [INFO] PluginManage:359 - Loaded plugin power (category:power,tabindex:4)
2025-09-25 20:40:32,185 [INFO] PluginManage:310 - Check plugin projectmanager
2025-09-25 20:40:32,218 [INFO] PluginManage:359 - Loaded plugin projectmanager (category:projectmanager,tabindex:4)
2025-09-25 20:40:32,219 [INFO] PluginManage:310 - Check plugin rif
2025-09-25 20:40:32,239 [INFO] PluginManage:359 - Loaded plugin rif (category:base,tabindex:3)
2025-09-25 20:40:32,239 [INFO] PluginManage:310 - Check plugin thirdparty
2025-09-25 20:40:32,463 [INFO] PluginManage:359 - Loaded plugin thirdparty (category:base,tabindex:-1)
2025-09-25 20:40:32,463 [WARN] IntegrityCheckThread:84 - waiting for thirdparty lock release [integrity check]
2025-09-25 20:40:32,463 [INFO] PluginManage:310 - Check plugin tools
2025-09-25 20:40:32,463 [INFO] IntegrityCheckThread:86 - entering critical section [integrity check]
2025-09-25 20:40:32,464 [INFO] ThirdPartyUpdaterWithRetryManager:70 - Updater plugin not ready yet. [1/15]
2025-09-25 20:40:32,467 [INFO] PluginManage:359 - Loaded plugin tools (category:base,tabindex:7)
2025-09-25 20:40:32,467 [INFO] PluginManage:310 - Check plugin tutovideos
2025-09-25 20:40:32,934 [INFO] PluginManage:359 - Loaded plugin tutovideos (category:base,tabindex:-1)
2025-09-25 20:40:32,935 [INFO] PluginManage:310 - Check plugin updater
2025-09-25 20:40:32,990 [INFO] PluginManage:359 - Loaded plugin updater (category:base,tabindex:12)
2025-09-25 20:40:32,990 [INFO] PluginManage:310 - Check plugin userauth
2025-09-25 20:40:32,999 [INFO] UserAuth:118 - Init User Auth plugin
2025-09-25 20:40:33,003 [INFO] PluginManage:359 - Loaded plugin userauth (category:base,tabindex:14)
2025-09-25 20:40:33,004 [INFO] PluginManage:283 - PluginManage : Loaded plugins [18]
2025-09-25 20:40:33,333 [INFO] PinOutPanel:1589 - setPackage(No Configuration,No Configuration)
2025-09-25 20:40:33,455 [INFO] CADModel:165 - CPN selected for project level
2025-09-25 20:40:33,456 [INFO] CADModel:114 - Register for checkConnection events
2025-09-25 20:40:33,477 [INFO] IPUIPlugin:80 - create IPUIPlugin
2025-09-25 20:40:33,478 [INFO] PluginManager:220 - loadIPPluginJar : add i2c
2025-09-25 20:40:33,491 [INFO] IPUIPlugin:80 - create IPUIPlugin
2025-09-25 20:40:33,492 [INFO] PluginManager:220 - loadIPPluginJar : add mdma
2025-09-25 20:40:33,497 [INFO] IPUIPlugin:80 - create IPUIPlugin
2025-09-25 20:40:33,498 [INFO] PluginManager:220 - loadIPPluginJar : add aes
2025-09-25 20:40:33,503 [INFO] IPUIPlugin:80 - create IPUIPlugin
2025-09-25 20:40:33,503 [INFO] PluginManager:220 - loadIPPluginJar : add can
2025-09-25 20:40:33,513 [INFO] IPUIPlugin:80 - create IPUIPlugin
2025-09-25 20:40:33,513 [INFO] PluginManager:220 - loadIPPluginJar : add freertos
2025-09-25 20:40:33,517 [INFO] IPUIPlugin:80 - create IPUIPlugin
2025-09-25 20:40:33,518 [INFO] PluginManager:220 - loadIPPluginJar : add gtzc
2025-09-25 20:40:33,521 [INFO] IPUIPlugin:80 - create IPUIPlugin
2025-09-25 20:40:33,521 [INFO] PluginManager:220 - loadIPPluginJar : add ts
2025-09-25 20:40:33,536 [INFO] IPUIPlugin:80 - create IPUIPlugin
2025-09-25 20:40:33,536 [INFO] PluginManager:220 - loadIPPluginJar : add stm32_wpan
2025-09-25 20:40:33,538 [INFO] IPUIPlugin:80 - create IPUIPlugin
2025-09-25 20:40:33,539 [INFO] PluginManager:220 - loadIPPluginJar : add fatfs
2025-09-25 20:40:33,549 [INFO] IPUIPlugin:80 - create IPUIPlugin
2025-09-25 20:40:33,550 [INFO] PluginManager:220 - loadIPPluginJar : add dma
2025-09-25 20:40:33,556 [INFO] IPUIPlugin:80 - create IPUIPlugin
2025-09-25 20:40:33,556 [INFO] PluginManager:220 - loadIPPluginJar : add usbx
2025-09-25 20:40:33,560 [INFO] IPUIPlugin:80 - create IPUIPlugin
2025-09-25 20:40:33,560 [INFO] PluginManager:220 - loadIPPluginJar : add hash
2025-09-25 20:40:33,564 [INFO] IPUIPlugin:80 - create IPUIPlugin
2025-09-25 20:40:33,564 [INFO] PluginManager:220 - loadIPPluginJar : add cryp
2025-09-25 20:40:33,569 [INFO] IPUIPlugin:80 - create IPUIPlugin
2025-09-25 20:40:33,570 [INFO] PluginManager:220 - loadIPPluginJar : add openamp
2025-09-25 20:40:33,572 [INFO] IPUIPlugin:80 - create IPUIPlugin
2025-09-25 20:40:33,572 [INFO] PluginManager:220 - loadIPPluginJar : add genericplugin
2025-09-25 20:40:33,578 [INFO] IPUIPlugin:80 - create IPUIPlugin
2025-09-25 20:40:33,579 [INFO] PluginManager:220 - loadIPPluginJar : add ipddr
2025-09-25 20:40:33,584 [INFO] IPUIPlugin:80 - create IPUIPlugin
2025-09-25 20:40:33,584 [INFO] PluginManager:220 - loadIPPluginJar : add opamp
2025-09-25 20:40:33,586 [INFO] IPUIPlugin:80 - create IPUIPlugin
2025-09-25 20:40:33,586 [INFO] PluginManager:220 - loadIPPluginJar : add ltdc
2025-09-25 20:40:33,589 [INFO] IPUIPlugin:80 - create IPUIPlugin
2025-09-25 20:40:33,589 [INFO] PluginManager:220 - loadIPPluginJar : add dfsdm
2025-09-25 20:40:33,598 [INFO] IPUIPlugin:80 - create IPUIPlugin
2025-09-25 20:40:33,599 [INFO] PluginManager:220 - loadIPPluginJar : add gic
2025-09-25 20:40:33,603 [INFO] IPUIPlugin:80 - create IPUIPlugin
2025-09-25 20:40:33,603 [INFO] PluginManager:220 - loadIPPluginJar : add extmemmanager
2025-09-25 20:40:33,606 [INFO] IPUIPlugin:80 - create IPUIPlugin
2025-09-25 20:40:33,606 [INFO] PluginManager:220 - loadIPPluginJar : add ucpd
2025-09-25 20:40:33,609 [INFO] IPUIPlugin:80 - create IPUIPlugin
2025-09-25 20:40:33,609 [INFO] PluginManager:220 - loadIPPluginJar : add tracer_emb
2025-09-25 20:40:33,612 [INFO] IPUIPlugin:80 - create IPUIPlugin
2025-09-25 20:40:33,613 [INFO] PluginManager:220 - loadIPPluginJar : add radio
2025-09-25 20:40:33,618 [INFO] IPUIPlugin:80 - create IPUIPlugin
2025-09-25 20:40:33,618 [INFO] PluginManager:220 - loadIPPluginJar : add pdm2pcm
2025-09-25 20:40:33,620 [INFO] IPUIPlugin:80 - create IPUIPlugin
2025-09-25 20:40:33,621 [INFO] PluginManager:220 - loadIPPluginJar : add spi
2025-09-25 20:40:33,623 [INFO] IPUIPlugin:80 - create IPUIPlugin
2025-09-25 20:40:33,623 [INFO] PluginManager:220 - loadIPPluginJar : add tim
2025-09-25 20:40:33,633 [INFO] IPUIPlugin:80 - create IPUIPlugin
2025-09-25 20:40:33,638 [INFO] PluginManager:220 - loadIPPluginJar : add plateformsettings
2025-09-25 20:40:33,644 [INFO] IPUIPlugin:80 - create IPUIPlugin
2025-09-25 20:40:33,644 [INFO] PluginManager:220 - loadIPPluginJar : add touchsensing
2025-09-25 20:40:33,651 [INFO] IPUIPlugin:80 - create IPUIPlugin
2025-09-25 20:40:33,651 [INFO] PluginManager:220 - loadIPPluginJar : add gpio
2025-09-25 20:40:33,662 [INFO] IPUIPlugin:80 - create IPUIPlugin
2025-09-25 20:40:33,663 [INFO] PluginManager:220 - loadIPPluginJar : add adc
2025-09-25 20:40:33,675 [INFO] IPUIPlugin:80 - create IPUIPlugin
2025-09-25 20:40:33,676 [INFO] PluginManager:220 - loadIPPluginJar : add linkedlist
2025-09-25 20:40:33,678 [INFO] IPUIPlugin:80 - create IPUIPlugin
2025-09-25 20:40:33,679 [INFO] PluginManager:220 - loadIPPluginJar : add comp
2025-09-25 20:40:33,686 [INFO] IPUIPlugin:80 - create IPUIPlugin
2025-09-25 20:40:33,687 [INFO] PluginManager:220 - loadIPPluginJar : add fmc
2025-09-25 20:40:33,689 [INFO] IPUIPlugin:80 - create IPUIPlugin
2025-09-25 20:40:33,690 [INFO] PluginManager:220 - loadIPPluginJar : add tsc
2025-09-25 20:40:33,694 [INFO] IPUIPlugin:80 - create IPUIPlugin
2025-09-25 20:40:33,694 [INFO] PluginManager:220 - loadIPPluginJar : add sai
2025-09-25 20:40:33,699 [INFO] IPUIPlugin:80 - create IPUIPlugin
2025-09-25 20:40:33,699 [INFO] PluginManager:220 - loadIPPluginJar : add usart
2025-09-25 20:40:33,704 [INFO] IPUIPlugin:80 - create IPUIPlugin
2025-09-25 20:40:33,704 [INFO] PluginManager:220 - loadIPPluginJar : add nvic
2025-09-25 20:40:33,709 [INFO] IPUIPlugin:80 - create IPUIPlugin
2025-09-25 20:40:33,709 [INFO] PluginManager:220 - loadIPPluginJar : add resmgrutility
2025-09-25 20:40:33,714 [INFO] IPUIPlugin:80 - create IPUIPlugin
2025-09-25 20:40:33,714 [INFO] PluginManager:220 - loadIPPluginJar : add lorawan
2025-09-25 20:40:33,717 [INFO] IPUIPlugin:80 - create IPUIPlugin
2025-09-25 20:40:33,718 [INFO] PluginManager:220 - loadIPPluginJar : add gfxmmu
2025-09-25 20:40:33,721 [INFO] IPUIPlugin:80 - create IPUIPlugin
2025-09-25 20:40:33,722 [INFO] PluginManager:220 - loadIPPluginJar : add dma3
2025-09-25 20:40:33,727 [INFO] IPUIPlugin:80 - create IPUIPlugin
2025-09-25 20:40:33,727 [INFO] PluginManager:220 - loadIPPluginJar : add i3c
2025-09-25 20:40:33,730 [INFO] IPUIPlugin:80 - create IPUIPlugin
2025-09-25 20:40:33,730 [INFO] PluginManager:220 - loadIPPluginJar : add quadspi
2025-09-25 20:40:33,734 [INFO] IPUIPlugin:80 - create IPUIPlugin
2025-09-25 20:40:33,735 [INFO] PluginManager:220 - loadIPPluginJar : add ddr_ctrl_phy
2025-09-25 20:40:33,739 [INFO] IPUIPlugin:80 - create IPUIPlugin
2025-09-25 20:40:33,739 [INFO] PluginManager:220 - loadIPPluginJar : add i2s
2025-09-25 20:40:33,872 [FATAL] Updater:351 - Updater called before beeing initialized
2025-09-25 20:40:33,929 [INFO] RulesReader:64 - Compatibility file has been processed (317 Rules)
2025-09-25 20:40:33,964 [INFO] RulesReader:64 - Compatibility file has been processed (317 Rules)
2025-09-25 20:40:33,981 [INFO] CADModel:165 - CPN selected for project level
2025-09-25 20:40:33,982 [INFO] CADModel:114 - Register for checkConnection events
2025-09-25 20:40:33,982 [FATAL] Updater:351 - Updater called before beeing initialized
2025-09-25 20:40:33,982 [ERROR] CADModel:125 - Updater not yet initialized, retry later 
2025-09-25 20:40:34,261 [FATAL] Updater:351 - Updater called before beeing initialized
2025-09-25 20:40:34,265 [INFO] CADModel:165 - CPN selected for project level
2025-09-25 20:40:34,265 [INFO] CADModel:114 - Register for checkConnection events
2025-09-25 20:40:34,265 [FATAL] Updater:351 - Updater called before beeing initialized
2025-09-25 20:40:34,265 [ERROR] CADModel:125 - Updater not yet initialized, retry later 
2025-09-25 20:40:34,273 [FATAL] Updater:351 - Updater called before beeing initialized
2025-09-25 20:40:34,454 [FATAL] Updater:351 - Updater called before beeing initialized
2025-09-25 20:40:34,462 [INFO] DbMcusAds:53 - JSON generation date=Tue Jul 08 05:14:23 ART 2025 (1751962463582)
2025-09-25 20:40:34,463 [FATAL] Updater:351 - Updater called before beeing initialized
2025-09-25 20:40:34,539 [WARN] DetailPanel:346 - Failed to get advertising image, set to default
2025-09-25 20:40:34,704 [FATAL] Updater:351 - Updater called before beeing initialized
2025-09-25 20:40:34,707 [FATAL] Updater:351 - Updater called before beeing initialized
2025-09-25 20:40:34,708 [FATAL] Updater:351 - Updater called before beeing initialized
2025-09-25 20:40:34,708 [WARN] DetailPanel:346 - Failed to get advertising image, set to default
2025-09-25 20:40:34,710 [FATAL] Updater:351 - Updater called before beeing initialized
2025-09-25 20:40:34,776 [ERROR] Updater:1198 - MainUpdater not yet initialized. External WinMGr cannot be set.
2025-09-25 20:40:34,779 [INFO] Updater:1134 - Updater Version found : 6.15.0
2025-09-25 20:40:34,814 [INFO] ApplicationProperties:184 - Using Application install path: /opt/st/stm32cubeide_1.19.0/plugins/com.st.stm32cube.common.mx_6.15.0.202507011659
2025-09-25 20:40:34,840 [ERROR] LogOutputStream:75 - [STDERR_REDIRECT] Sep 25, 2025 8:40:34 PM java.util.prefs.FileSystemPreferences$2 run
2025-09-25 20:40:34,840 [ERROR] LogOutputStream:75 - [STDERR_REDIRECT] WARNING: Could not create system preferences directory. System preferences are unusable.
2025-09-25 20:40:34,841 [ERROR] LogOutputStream:75 - [STDERR_REDIRECT] 
2025-09-25 20:40:35,276 [INFO] MainUpdater:2872 - connection check result : 10
2025-09-25 20:40:35,277 [INFO] MainUpdater:289 - Updater Check For Update Now.
2025-09-25 20:40:35,278 [INFO] MicroXplorer:498 - Change Database Version : DB.6.0.150
2025-09-25 20:40:35,288 [INFO] McuFinderGlobals:63 - Set McuFinder mode to 2 (CubeIDE integrated)
2025-09-25 20:40:35,289 [INFO] UserAuth:487 - Internet connection configuration mode: 1
2025-09-25 20:40:35,321 [INFO] JxBrowserEngine:152 - Initiate JxBrowser Engine with user profile folder
2025-09-25 20:40:35,465 [WARN] MainUpdater:1193 - Updater busy. Cannot search thirdparties
2025-09-25 20:40:35,465 [INFO] ThirdPartyUpdaterWithRetryManager:96 - Updater plugin is busy. [1/15]
2025-09-25 20:40:35,580 [INFO] CheckServerUpdateThread:120 - End of CheckServer Thread
2025-09-25 20:40:36,506 [INFO] WebApp:169 - Instantiating new browser for Auth
2025-09-25 20:40:37,818 [INFO] WebApp:463 - Apply proxy settings
2025-09-25 20:40:37,819 [INFO] WebApp:548 - Chromium requires no authentication
2025-09-25 20:40:37,832 [INFO] WebApp:491 - Direct internet connection detected
2025-09-25 20:40:37,873 [INFO] WebApp:900 - Register for checkConnection events
2025-09-25 20:40:37,873 [INFO] WebApp:463 - Apply proxy settings
2025-09-25 20:40:37,873 [INFO] WebApp:548 - Chromium requires no authentication
2025-09-25 20:40:37,874 [INFO] WebApp:491 - Direct internet connection detected
2025-09-25 20:40:38,081 [INFO] WebApp:191 - Connection restablished
2025-09-25 20:40:38,222 [INFO] WebApp:225 - Starting web application
2025-09-25 20:40:38,222 [INFO] WebApp:593 - Web application path used /opt/st/stm32cubeide_1.19.0/plugins/com.st.stm32cube.common.mx_6.15.0.202507011659/db/plugins/mcufinder/reactClient1/index.html
2025-09-25 20:40:38,509 [INFO] UserAuth:487 - Internet connection configuration mode: 1
2025-09-25 20:40:38,873 [WARN] PackLoader:240 - Cannot read IP mode file for STMicroelectronics.FP-SNS-MOTENVWB1.1.4.0
2025-09-25 20:40:38,893 [WARN] PackLoader:240 - Cannot read IP mode file for STMicroelectronics.FP-ATR-ASTRA1.2.0.2
2025-09-25 20:40:38,920 [WARN] PackLoader:240 - Cannot read IP mode file for STMicroelectronics.X-CUBE-SMBUS.2.1.0
2025-09-25 20:40:38,933 [WARN] PackLoader:240 - Cannot read IP mode file for STMicroelectronics.X-CUBE-ST60.1.0.0
2025-09-25 20:40:39,049 [WARN] PackLoader:240 - Cannot read IP mode file for STMicroelectronics.X-CUBE-AZRTOS-F7.1.1.0
2025-09-25 20:40:39,081 [WARN] PackLoader:240 - Cannot read IP mode file for Cesanta.I-CUBE-Mongoose.7.19.0
2025-09-25 20:40:39,115 [WARN] PackLoader:240 - Cannot read IP mode file for WES.I-CUBE-Cesium.1.4.0
2025-09-25 20:40:39,212 [WARN] PackLoader:240 - Cannot read IP mode file for Infineon.AIROC-Wi-Fi-Bluetooth-STM32.1.7.1
2025-09-25 20:40:39,260 [WARN] PackLoader:240 - Cannot read IP mode file for STMicroelectronics.X-CUBE-DISPLAY.3.0.0
2025-09-25 20:40:39,298 [WARN] PackLoader:240 - Cannot read IP mode file for STMicroelectronics.X-CUBE-NFC10.1.0.0
2025-09-25 20:40:39,318 [WARN] PackLoader:240 - Cannot read IP mode file for emotas.I-CUBE-CANOPEN.1.3.0
2025-09-25 20:40:39,328 [WARN] PackLoader:240 - Cannot read IP mode file for STMicroelectronics.FP-SNS-SMARTAG2.1.2.0
2025-09-25 20:40:39,337 [WARN] PackLoader:240 - Cannot read IP mode file for STMicroelectronics.FP-SNS-FLIGHT1.5.1.0
2025-09-25 20:40:39,360 [INFO] LogOutputStream:77 - [STDOUT_REDIRECT] 1 : Invalid condition id : UX_CORESTACK_Condition cause : null
2025-09-25 20:40:39,361 [INFO] LogOutputStream:77 - [STDOUT_REDIRECT] 1 : Invalid condition id : UX_CORESTACK_Condition cause : null
2025-09-25 20:40:39,363 [INFO] LogOutputStream:77 - [STDOUT_REDIRECT] 1 : Invalid condition id : UX_CORESTACK_Condition cause : null
2025-09-25 20:40:39,363 [INFO] LogOutputStream:77 - [STDOUT_REDIRECT] 1 : Invalid condition id : UX_CORESTACK_Condition cause : null
2025-09-25 20:40:39,364 [INFO] LogOutputStream:77 - [STDOUT_REDIRECT] 1 : Invalid condition id : UX_CORESTACK_Condition cause : null
2025-09-25 20:40:39,378 [WARN] PackLoader:240 - Cannot read IP mode file for STMicroelectronics.X-CUBE-AZRTOS-WL.2.0.0
2025-09-25 20:40:39,392 [WARN] PackLoader:240 - Cannot read IP mode file for STMicroelectronics.FP-SNS-MOTENV1.5.0.0
2025-09-25 20:40:39,412 [WARN] PackLoader:240 - Cannot read IP mode file for STMicroelectronics.X-CUBE-BLE2.3.3.0
2025-09-25 20:40:39,436 [WARN] PackLoader:240 - Cannot read IP mode file for STMicroelectronics.X-CUBE-NFC9.1.0.0
2025-09-25 20:40:39,450 [WARN] PackLoader:240 - Cannot read IP mode file for STMicroelectronics.X-CUBE-BLE1.7.1.0
2025-09-25 20:40:39,551 [WARN] PackLoader:240 - Cannot read IP mode file for STMicroelectronics.X-CUBE-AZRTOS-G0.1.1.0
2025-09-25 20:40:39,623 [WARN] PackLoader:240 - Cannot read IP mode file for STMicroelectronics.X-CUBE-SAFEA1.1.2.2
2025-09-25 20:40:39,691 [WARN] PackLoader:240 - Cannot read IP mode file for STMicroelectronics.X-CUBE-NFC4.3.0.0
2025-09-25 20:40:39,784 [WARN] PackLoader:240 - Cannot read IP mode file for EmbeddedOffice.I-CUBE-FS-RTOS.1.0.1
2025-09-25 20:40:39,810 [WARN] PackLoader:240 - Cannot read IP mode file for STMicroelectronics.X-CUBE-WB05N.2.0.0
2025-09-25 20:40:39,839 [WARN] PackLoader:240 - Cannot read IP mode file for STMicroelectronics.X-CUBE-TCPP.4.2.0
2025-09-25 20:40:39,853 [WARN] PackLoader:240 - Cannot read IP mode file for RealThread.X-CUBE-RT-Thread_Nano.4.1.1
2025-09-25 20:40:39,860 [WARN] PackLoader:240 - Cannot read IP mode file for STMicroelectronics.FP-ATR-SIGFOX1.3.2.0
2025-09-25 20:40:39,878 [WARN] PackLoader:240 - Cannot read IP mode file for ITTIA_DB.I-CUBE-ITTIADB.8.9.0
2025-09-25 20:40:39,897 [WARN] PackLoader:240 - Cannot read IP mode file for STMicroelectronics.X-CUBE-ST67W61.1.0.0
2025-09-25 20:40:40,032 [WARN] PackLoader:240 - Cannot read IP mode file for SEGGER.I-CUBE-embOS.1.3.1
2025-09-25 20:40:40,167 [WARN] PackLoader:240 - Cannot read IP mode file for STMicroelectronics.X-CUBE-ALGOBUILD.1.4.0
2025-09-25 20:40:40,282 [WARN] PackLoader:240 - Cannot read IP mode file for STMicroelectronics.X-CUBE-MEMS1.11.3.0
2025-09-25 20:40:40,642 [WARN] PackLoader:240 - Cannot read IP mode file for STMicroelectronics.X-CUBE-PM33A1.1.0.0
2025-09-25 20:40:40,684 [WARN] PackLoader:240 - Cannot read IP mode file for STMicroelectronics.X-CUBE-AZRTOS-F4.1.1.0
2025-09-25 20:40:40,696 [WARN] PackLoader:240 - Cannot read IP mode file for Avnet-IotConnect.X-CUBE-IoTC-DA16k-PMOD.1.0.0
2025-09-25 20:40:40,702 [WARN] PackLoader:240 - Cannot read IP mode file for STMicroelectronics.X-CUBE-ISPU.2.1.0
2025-09-25 20:40:40,740 [WARN] PackLoader:240 - Cannot read IP mode file for STMicroelectronics.X-CUBE-AZRTOS-L5.2.0.0
2025-09-25 20:40:40,760 [WARN] PackLoader:240 - Cannot read IP mode file for STMicroelectronics.X-CUBE-NFC6.3.1.0
2025-09-25 20:40:40,774 [WARN] PackLoader:240 - Cannot read IP mode file for STMicroelectronics.X-CUBE-FREERTOS.1.3.1
2025-09-25 20:40:40,784 [WARN] PackLoader:240 - Cannot read IP mode file for STMicroelectronics.X-CUBE-DPower.1.3.0
2025-09-25 20:40:40,824 [WARN] ConditionMgr:438 - getConditionDescription Invalid condition id : LAN8742 Phy interface Condition cause : null
2025-09-25 20:40:40,826 [WARN] PackLoader:240 - Cannot read IP mode file for STMicroelectronics.X-CUBE-AZRTOS-L4.2.0.0
2025-09-25 20:40:40,829 [WARN] ConditionMgr:1044 - genDependencies : Invalid condition id : LAN8742 Phy interface Condition cause : null
2025-09-25 20:40:40,830 [WARN] ConditionMgr:1044 - genDependencies : Invalid condition id : LAN8742 Phy interface Condition cause : null
2025-09-25 20:40:40,831 [WARN] ConditionMgr:1044 - genDependencies : Invalid condition id : LAN8742 Phy interface Condition cause : null
2025-09-25 20:40:40,861 [WARN] PackLoader:240 - Cannot read IP mode file for STMicroelectronics.X-CUBE-SFXS2LP1.4.0.0
2025-09-25 20:40:40,882 [WARN] ConditionMgr:438 - getConditionDescription Invalid condition id : UX DEVICE CLASS RTOS Condition cause : null
2025-09-25 20:40:40,882 [WARN] ConditionMgr:438 - getConditionDescription Invalid condition id : UX DEVICE CLASS RTOS Condition cause : null
2025-09-25 20:40:40,886 [WARN] PackLoader:240 - Cannot read IP mode file for STMicroelectronics.X-CUBE-AZRTOS-WB.2.0.0
2025-09-25 20:40:40,887 [WARN] ConditionMgr:1044 - genDependencies : Invalid condition id : UX DEVICE CLASS RTOS Condition cause : null
2025-09-25 20:40:40,888 [WARN] ConditionMgr:1044 - genDependencies : Invalid condition id : UX DEVICE CLASS RTOS Condition cause : null
2025-09-25 20:40:40,888 [WARN] ConditionMgr:1044 - genDependencies : Invalid condition id : UX DEVICE CLASS RTOS Condition cause : null
2025-09-25 20:40:40,889 [WARN] ConditionMgr:1044 - genDependencies : Invalid condition id : UX DEVICE CLASS RTOS Condition cause : null
2025-09-25 20:40:40,889 [WARN] ConditionMgr:1044 - genDependencies : Invalid condition id : UX DEVICE CLASS RTOS Condition cause : null
2025-09-25 20:40:40,896 [WARN] PackLoader:240 - Cannot read IP mode file for STMicroelectronics.X-CUBE-GNSS1.7.0.1
2025-09-25 20:40:40,903 [WARN] PackLoader:240 - Cannot read IP mode file for STMicroelectronics.X-CUBE-TOUCHGFX.4.25.0
2025-09-25 20:40:40,906 [WARN] ConditionMgr:438 - getConditionDescription Invalid condition id : Cortex-A Device cause : null
2025-09-25 20:40:40,927 [WARN] ConditionMgr:1044 - genDependencies : Invalid condition id : Cortex-A Device cause : null
2025-09-25 20:40:40,927 [WARN] ConditionMgr:1044 - genDependencies : Invalid condition id : Cortex-A Device cause : null
2025-09-25 20:40:40,927 [WARN] ConditionMgr:1044 - genDependencies : Invalid condition id : Cortex-A Device cause : null
2025-09-25 20:40:40,941 [WARN] PackLoader:240 - Cannot read IP mode file for STMicroelectronics.X-CUBE-SUBG2.5.0.0
2025-09-25 20:40:40,977 [WARN] PackLoader:240 - Cannot read IP mode file for STMicroelectronics.X-CUBE-AZRTOS-H7RS.1.1.0
2025-09-25 20:40:41,003 [WARN] PackLoader:240 - Cannot read IP mode file for STMicroelectronics.X-CUBE-AZRTOS-G4.2.0.0
2025-09-25 20:40:41,011 [WARN] PackLoader:240 - Cannot read IP mode file for wolfSSL.I-CUBE-wolfSSH.1.4.20
2025-09-25 20:40:41,018 [WARN] PackLoader:240 - Cannot read IP mode file for STMicroelectronics.X-CUBE-NFC7.2.0.0
2025-09-25 20:40:41,043 [WARN] PackLoader:240 - Cannot read IP mode file for STMicroelectronics.X-CUBE-IPS.3.1.0
2025-09-25 20:40:41,057 [WARN] PackLoader:240 - Cannot read IP mode file for STMicroelectronics.X-CUBE-ALS.1.0.2
2025-09-25 20:40:41,077 [WARN] PackLoader:240 - Cannot read IP mode file for STMicroelectronics.X-CUBE-TOF1.3.4.3
2025-09-25 20:40:41,097 [INFO] ThirdParty:978 - Integrity check success = true
2025-09-25 20:40:41,097 [INFO] IntegrityCheckThread:100 - exiting critical section [integrity check]
2025-09-25 20:40:41,097 [INFO] IntegrityCheckThread:103 - End integrity checks thread
2025-09-25 20:40:52,953 [ERROR] LogOutputStream:75 - [STDERR_REDIRECT] 
2025-09-25 20:40:52,954 [ERROR] LogOutputStream:75 - [STDERR_REDIRECT] 
2025-09-25 21:01:25,636 [INFO] Activator:176 - 


2025-09-25 21:01:25,639 [INFO] Activator:177 - !SESSION log4j initialized
2025-09-25 21:01:34,611 [INFO] LogOutputStream:77 - [STDOUT_REDIRECT] 
2025-09-25 21:01:36,994 [INFO] ApplicationProperties:184 - Using Application install path: /opt/st/stm32cubeide_1.19.0/plugins/com.st.stm32cube.common.mx_6.15.0.202507011659
2025-09-25 21:01:37,029 [INFO] DbMcusXml:78 - Set database path to: /opt/st/stm32cubeide_1.19.0/plugins/com.st.stm32cube.common.mx_6.15.0.202507011659//db//mcu/
2025-09-25 21:01:37,029 [INFO] ApiDb:274 - Set plugin database path to: /opt/st/stm32cubeide_1.19.0/plugins/com.st.stm32cube.common.mx_6.15.0.202507011659//db//plugins/boardmanager/
2025-09-25 21:01:37,030 [WARN] ApiDb:259 - Overriding images path with different value:  => /opt/st/stm32cubeide_1.19.0/plugins/com.st.stm32cube.common.mx_6.15.0.202507011659//db//plugins/mcufinder/images/
2025-09-25 21:01:37,037 [INFO] ApiDb:250 - Set database path to: /home/tomas1908/.stmcufinder/plugins/mcufinder//mcu/
2025-09-25 21:01:37,039 [INFO] DbMcusAds:125 - Set database path to: /home/tomas1908/.stmcufinder/plugins/mcufinder//mcu/
2025-09-25 21:01:37,044 [INFO] CrossReferenceDbSqlite:203 - Set database path to: /home/tomas1908/.stmcufinder/plugins/mcufinder//mcu/cs/
2025-09-25 21:01:37,299 [INFO] RulesReader:64 - Compatibility file has been processed (317 Rules)
2025-09-25 21:01:37,426 [INFO] DbMcusXml:78 - Set database path to: /opt/st/stm32cubeide_1.19.0/plugins/com.st.stm32cube.common.mx_6.15.0.202507011659//db//mcu/
2025-09-25 21:01:37,426 [INFO] ApiDb:274 - Set plugin database path to: /opt/st/stm32cubeide_1.19.0/plugins/com.st.stm32cube.common.mx_6.15.0.202507011659//db//plugins/boardmanager/
2025-09-25 21:01:37,426 [INFO] ApiDb:261 - Set plugin images path to: /opt/st/stm32cubeide_1.19.0/plugins/com.st.stm32cube.common.mx_6.15.0.202507011659//db//plugins/mcufinder/images/
2025-09-25 21:01:37,427 [WARN] DbFile:41 - Overriding database path with different value: /home/tomas1908/.stmcufinder/plugins/mcufinder/ => /home/tomas1908/.stmcufinder/plugins/mcufinder
2025-09-25 21:01:37,427 [INFO] ApiDb:250 - Set database path to: /home/tomas1908/.stmcufinder/plugins/mcufinder//mcu/
2025-09-25 21:01:37,427 [WARN] DbFile:41 - Overriding database path with different value: /home/tomas1908/.stmcufinder/plugins/mcufinder/ => /home/tomas1908/.stmcufinder/plugins/mcufinder
2025-09-25 21:01:37,427 [INFO] DbMcusAds:125 - Set database path to: /home/tomas1908/.stmcufinder/plugins/mcufinder//mcu/
2025-09-25 21:01:37,428 [WARN] DbFile:41 - Overriding database path with different value: /home/tomas1908/.stmcufinder/plugins/mcufinder/ => /home/tomas1908/.stmcufinder/plugins/mcufinder
2025-09-25 21:01:37,428 [WARN] DbFile:41 - Overriding database path with different value: /home/tomas1908/.stmcufinder/plugins/mcufinder/ => /home/tomas1908/.stmcufinder/plugins/mcufinder
2025-09-25 21:01:37,428 [INFO] CrossReferenceDbSqlite:203 - Set database path to: /home/tomas1908/.stmcufinder/plugins/mcufinder//mcu/cs/
2025-09-25 21:01:37,550 [INFO] MainPanel:274 - HeapMemory: 268435456
2025-09-25 21:01:37,810 [INFO] DbMcusXml:78 - Set database path to: /opt/st/stm32cubeide_1.19.0/plugins/com.st.stm32cube.common.mx_6.15.0.202507011659//db//mcu/
2025-09-25 21:01:37,811 [INFO] ApiDb:274 - Set plugin database path to: /opt/st/stm32cubeide_1.19.0/plugins/com.st.stm32cube.common.mx_6.15.0.202507011659//db//plugins/boardmanager/
2025-09-25 21:01:37,811 [INFO] ApiDb:261 - Set plugin images path to: /opt/st/stm32cubeide_1.19.0/plugins/com.st.stm32cube.common.mx_6.15.0.202507011659//db//plugins/mcufinder/images/
2025-09-25 21:01:37,812 [WARN] DbFile:41 - Overriding database path with different value: /home/tomas1908/.stmcufinder/plugins/mcufinder/ => /home/tomas1908/.stmcufinder/plugins/mcufinder
2025-09-25 21:01:37,812 [INFO] ApiDb:250 - Set database path to: /home/tomas1908/.stmcufinder/plugins/mcufinder//mcu/
2025-09-25 21:01:37,812 [WARN] DbFile:41 - Overriding database path with different value: /home/tomas1908/.stmcufinder/plugins/mcufinder/ => /home/tomas1908/.stmcufinder/plugins/mcufinder
2025-09-25 21:01:37,813 [INFO] DbMcusAds:125 - Set database path to: /home/tomas1908/.stmcufinder/plugins/mcufinder//mcu/
2025-09-25 21:01:37,813 [WARN] DbFile:41 - Overriding database path with different value: /home/tomas1908/.stmcufinder/plugins/mcufinder/ => /home/tomas1908/.stmcufinder/plugins/mcufinder
2025-09-25 21:01:37,813 [WARN] DbFile:41 - Overriding database path with different value: /home/tomas1908/.stmcufinder/plugins/mcufinder/ => /home/tomas1908/.stmcufinder/plugins/mcufinder
2025-09-25 21:01:37,813 [INFO] CrossReferenceDbSqlite:203 - Set database path to: /home/tomas1908/.stmcufinder/plugins/mcufinder//mcu/cs/
2025-09-25 21:01:37,848 [INFO] ApplicationProperties:184 - Using Application install path: /opt/st/stm32cubeide_1.19.0/plugins/com.st.stm32cube.common.mx_6.15.0.202507011659
2025-09-25 21:01:37,852 [INFO] PluginManage:196 - Search for loadable plugins [exclusion list=, ]
2025-09-25 21:01:37,854 [INFO] PluginManage:310 - Check plugin analytics
2025-09-25 21:01:38,257 [INFO] AnalyticsPlugin:253 - Accepted Software Licenses: 
2025-09-25 21:01:38,257 [INFO] AnalyticsPlugin:255 - Accepted CMSIS Pack Licenses: 
2025-09-25 21:01:38,258 [INFO] AnalyticsPlugin:257 - Accepted Firmware Licenses: FW.F4.1.28.0
2025-09-25 21:01:38,263 [INFO] PluginManage:359 - Loaded plugin analytics (category:tool,tabindex:-1)
2025-09-25 21:01:38,264 [INFO] PluginManage:310 - Check plugin cadmodel
2025-09-25 21:01:38,270 [INFO] CADModel:105 - Init CAD model plugin
2025-09-25 21:01:38,271 [INFO] PluginManage:359 - Loaded plugin cadmodel (category:power,tabindex:5)
2025-09-25 21:01:38,271 [INFO] PluginManage:310 - Check plugin clock
2025-09-25 21:01:38,287 [INFO] PluginManage:359 - Loaded plugin clock (category:base,tabindex:2)
2025-09-25 21:01:38,288 [INFO] PluginManage:310 - Check plugin ddr
2025-09-25 21:01:38,292 [INFO] PluginManage:359 - Loaded plugin ddr (category:tool,tabindex:6)
2025-09-25 21:01:38,293 [INFO] PluginManage:310 - Check plugin filemanager
2025-09-25 21:01:38,633 [INFO] PluginManage:359 - Loaded plugin filemanager (category:base,tabindex:10)
2025-09-25 21:01:38,633 [INFO] PluginManage:310 - Check plugin ipmanager
2025-09-25 21:01:38,642 [INFO] PluginManage:359 - Loaded plugin ipmanager (category:base,tabindex:5)
2025-09-25 21:01:38,643 [INFO] PluginManage:310 - Check plugin lpbam
2025-09-25 21:01:38,662 [INFO] PluginManage:359 - Loaded plugin lpbam (category:base,tabindex:0)
2025-09-25 21:01:38,662 [INFO] PluginManage:310 - Check plugin memorymap
2025-09-25 21:01:38,683 [INFO] PluginManage:359 - Loaded plugin memorymap (category:base,tabindex:4)
2025-09-25 21:01:38,684 [INFO] PluginManage:310 - Check plugin pinoutandconfiguration
2025-09-25 21:01:38,697 [INFO] PluginManage:359 - Loaded plugin pinoutandconfiguration (category:base,tabindex:1)
2025-09-25 21:01:38,697 [INFO] PluginManage:310 - Check plugin pinoutconfig
2025-09-25 21:01:38,870 [WARN] SupportedApi:132 - Cannot load RTOS API schema: s4s-elt-must-match.1: The content of 'definitions' must match (annotation?, (simpleType | complexType)?, (unique | key | keyref)*)). A problem was found starting at: attribute.
2025-09-25 21:01:39,112 [INFO] PluginManage:359 - Loaded plugin pinoutconfig (category:base,tabindex:0)
2025-09-25 21:01:39,113 [INFO] PluginManage:310 - Check plugin power
2025-09-25 21:01:39,128 [INFO] PluginManage:359 - Loaded plugin power (category:power,tabindex:4)
2025-09-25 21:01:39,129 [INFO] PluginManage:310 - Check plugin projectmanager
2025-09-25 21:01:39,158 [INFO] PluginManage:359 - Loaded plugin projectmanager (category:projectmanager,tabindex:4)
2025-09-25 21:01:39,159 [INFO] PluginManage:310 - Check plugin rif
2025-09-25 21:01:39,174 [INFO] PluginManage:359 - Loaded plugin rif (category:base,tabindex:3)
2025-09-25 21:01:39,174 [INFO] PluginManage:310 - Check plugin thirdparty
2025-09-25 21:01:39,411 [WARN] IntegrityCheckThread:84 - waiting for thirdparty lock release [integrity check]
2025-09-25 21:01:39,412 [INFO] PluginManage:359 - Loaded plugin thirdparty (category:base,tabindex:-1)
2025-09-25 21:01:39,412 [INFO] IntegrityCheckThread:86 - entering critical section [integrity check]
2025-09-25 21:01:39,412 [INFO] PluginManage:310 - Check plugin tools
2025-09-25 21:01:39,413 [INFO] ThirdPartyUpdaterWithRetryManager:70 - Updater plugin not ready yet. [1/15]
2025-09-25 21:01:39,417 [INFO] PluginManage:359 - Loaded plugin tools (category:base,tabindex:7)
2025-09-25 21:01:39,417 [INFO] PluginManage:310 - Check plugin tutovideos
2025-09-25 21:01:39,895 [INFO] PluginManage:359 - Loaded plugin tutovideos (category:base,tabindex:-1)
2025-09-25 21:01:39,895 [INFO] PluginManage:310 - Check plugin updater
2025-09-25 21:01:39,942 [INFO] PluginManage:359 - Loaded plugin updater (category:base,tabindex:12)
2025-09-25 21:01:39,942 [INFO] PluginManage:310 - Check plugin userauth
2025-09-25 21:01:39,949 [INFO] UserAuth:118 - Init User Auth plugin
2025-09-25 21:01:39,951 [INFO] PluginManage:359 - Loaded plugin userauth (category:base,tabindex:14)
2025-09-25 21:01:39,952 [INFO] PluginManage:283 - PluginManage : Loaded plugins [18]
2025-09-25 21:01:40,273 [INFO] PinOutPanel:1589 - setPackage(No Configuration,No Configuration)
2025-09-25 21:01:40,415 [INFO] CADModel:165 - CPN selected for project level
2025-09-25 21:01:40,416 [INFO] CADModel:114 - Register for checkConnection events
2025-09-25 21:01:40,441 [INFO] IPUIPlugin:80 - create IPUIPlugin
2025-09-25 21:01:40,441 [INFO] PluginManager:220 - loadIPPluginJar : add i2c
2025-09-25 21:01:40,452 [INFO] IPUIPlugin:80 - create IPUIPlugin
2025-09-25 21:01:40,453 [INFO] PluginManager:220 - loadIPPluginJar : add mdma
2025-09-25 21:01:40,457 [INFO] IPUIPlugin:80 - create IPUIPlugin
2025-09-25 21:01:40,457 [INFO] PluginManager:220 - loadIPPluginJar : add aes
2025-09-25 21:01:40,461 [INFO] IPUIPlugin:80 - create IPUIPlugin
2025-09-25 21:01:40,462 [INFO] PluginManager:220 - loadIPPluginJar : add can
2025-09-25 21:01:40,471 [INFO] IPUIPlugin:80 - create IPUIPlugin
2025-09-25 21:01:40,471 [INFO] PluginManager:220 - loadIPPluginJar : add freertos
2025-09-25 21:01:40,475 [INFO] IPUIPlugin:80 - create IPUIPlugin
2025-09-25 21:01:40,475 [INFO] PluginManager:220 - loadIPPluginJar : add gtzc
2025-09-25 21:01:40,478 [INFO] IPUIPlugin:80 - create IPUIPlugin
2025-09-25 21:01:40,478 [INFO] PluginManager:220 - loadIPPluginJar : add ts
2025-09-25 21:01:40,492 [INFO] IPUIPlugin:80 - create IPUIPlugin
2025-09-25 21:01:40,492 [INFO] PluginManager:220 - loadIPPluginJar : add stm32_wpan
2025-09-25 21:01:40,494 [INFO] IPUIPlugin:80 - create IPUIPlugin
2025-09-25 21:01:40,495 [INFO] PluginManager:220 - loadIPPluginJar : add fatfs
2025-09-25 21:01:40,504 [INFO] IPUIPlugin:80 - create IPUIPlugin
2025-09-25 21:01:40,505 [INFO] PluginManager:220 - loadIPPluginJar : add dma
2025-09-25 21:01:40,509 [INFO] IPUIPlugin:80 - create IPUIPlugin
2025-09-25 21:01:40,510 [INFO] PluginManager:220 - loadIPPluginJar : add usbx
2025-09-25 21:01:40,513 [INFO] IPUIPlugin:80 - create IPUIPlugin
2025-09-25 21:01:40,513 [INFO] PluginManager:220 - loadIPPluginJar : add hash
2025-09-25 21:01:40,516 [INFO] IPUIPlugin:80 - create IPUIPlugin
2025-09-25 21:01:40,517 [INFO] PluginManager:220 - loadIPPluginJar : add cryp
2025-09-25 21:01:40,520 [INFO] IPUIPlugin:80 - create IPUIPlugin
2025-09-25 21:01:40,521 [INFO] PluginManager:220 - loadIPPluginJar : add openamp
2025-09-25 21:01:40,523 [INFO] IPUIPlugin:80 - create IPUIPlugin
2025-09-25 21:01:40,523 [INFO] PluginManager:220 - loadIPPluginJar : add genericplugin
2025-09-25 21:01:40,528 [INFO] IPUIPlugin:80 - create IPUIPlugin
2025-09-25 21:01:40,528 [INFO] PluginManager:220 - loadIPPluginJar : add ipddr
2025-09-25 21:01:40,533 [INFO] IPUIPlugin:80 - create IPUIPlugin
2025-09-25 21:01:40,533 [INFO] PluginManager:220 - loadIPPluginJar : add opamp
2025-09-25 21:01:40,535 [INFO] IPUIPlugin:80 - create IPUIPlugin
2025-09-25 21:01:40,535 [INFO] PluginManager:220 - loadIPPluginJar : add ltdc
2025-09-25 21:01:40,538 [INFO] IPUIPlugin:80 - create IPUIPlugin
2025-09-25 21:01:40,538 [INFO] PluginManager:220 - loadIPPluginJar : add dfsdm
2025-09-25 21:01:40,547 [INFO] IPUIPlugin:80 - create IPUIPlugin
2025-09-25 21:01:40,547 [INFO] PluginManager:220 - loadIPPluginJar : add gic
2025-09-25 21:01:40,551 [INFO] IPUIPlugin:80 - create IPUIPlugin
2025-09-25 21:01:40,552 [INFO] PluginManager:220 - loadIPPluginJar : add extmemmanager
2025-09-25 21:01:40,555 [INFO] IPUIPlugin:80 - create IPUIPlugin
2025-09-25 21:01:40,555 [INFO] PluginManager:220 - loadIPPluginJar : add ucpd
2025-09-25 21:01:40,558 [INFO] IPUIPlugin:80 - create IPUIPlugin
2025-09-25 21:01:40,558 [INFO] PluginManager:220 - loadIPPluginJar : add tracer_emb
2025-09-25 21:01:40,561 [INFO] IPUIPlugin:80 - create IPUIPlugin
2025-09-25 21:01:40,562 [INFO] PluginManager:220 - loadIPPluginJar : add radio
2025-09-25 21:01:40,567 [INFO] IPUIPlugin:80 - create IPUIPlugin
2025-09-25 21:01:40,568 [INFO] PluginManager:220 - loadIPPluginJar : add pdm2pcm
2025-09-25 21:01:40,571 [INFO] IPUIPlugin:80 - create IPUIPlugin
2025-09-25 21:01:40,571 [INFO] PluginManager:220 - loadIPPluginJar : add spi
2025-09-25 21:01:40,573 [INFO] IPUIPlugin:80 - create IPUIPlugin
2025-09-25 21:01:40,573 [INFO] PluginManager:220 - loadIPPluginJar : add tim
2025-09-25 21:01:40,582 [INFO] IPUIPlugin:80 - create IPUIPlugin
2025-09-25 21:01:40,587 [INFO] PluginManager:220 - loadIPPluginJar : add plateformsettings
2025-09-25 21:01:40,591 [INFO] IPUIPlugin:80 - create IPUIPlugin
2025-09-25 21:01:40,592 [INFO] PluginManager:220 - loadIPPluginJar : add touchsensing
2025-09-25 21:01:40,598 [INFO] IPUIPlugin:80 - create IPUIPlugin
2025-09-25 21:01:40,598 [INFO] PluginManager:220 - loadIPPluginJar : add gpio
2025-09-25 21:01:40,609 [INFO] IPUIPlugin:80 - create IPUIPlugin
2025-09-25 21:01:40,609 [INFO] PluginManager:220 - loadIPPluginJar : add adc
2025-09-25 21:01:40,623 [INFO] IPUIPlugin:80 - create IPUIPlugin
2025-09-25 21:01:40,623 [INFO] PluginManager:220 - loadIPPluginJar : add linkedlist
2025-09-25 21:01:40,625 [INFO] IPUIPlugin:80 - create IPUIPlugin
2025-09-25 21:01:40,625 [INFO] PluginManager:220 - loadIPPluginJar : add comp
2025-09-25 21:01:40,632 [INFO] IPUIPlugin:80 - create IPUIPlugin
2025-09-25 21:01:40,633 [INFO] PluginManager:220 - loadIPPluginJar : add fmc
2025-09-25 21:01:40,635 [INFO] IPUIPlugin:80 - create IPUIPlugin
2025-09-25 21:01:40,635 [INFO] PluginManager:220 - loadIPPluginJar : add tsc
2025-09-25 21:01:40,640 [INFO] IPUIPlugin:80 - create IPUIPlugin
2025-09-25 21:01:40,640 [INFO] PluginManager:220 - loadIPPluginJar : add sai
2025-09-25 21:01:40,644 [INFO] IPUIPlugin:80 - create IPUIPlugin
2025-09-25 21:01:40,644 [INFO] PluginManager:220 - loadIPPluginJar : add usart
2025-09-25 21:01:40,650 [INFO] IPUIPlugin:80 - create IPUIPlugin
2025-09-25 21:01:40,650 [INFO] PluginManager:220 - loadIPPluginJar : add nvic
2025-09-25 21:01:40,656 [INFO] IPUIPlugin:80 - create IPUIPlugin
2025-09-25 21:01:40,656 [INFO] PluginManager:220 - loadIPPluginJar : add resmgrutility
2025-09-25 21:01:40,660 [INFO] IPUIPlugin:80 - create IPUIPlugin
2025-09-25 21:01:40,660 [INFO] PluginManager:220 - loadIPPluginJar : add lorawan
2025-09-25 21:01:40,663 [INFO] IPUIPlugin:80 - create IPUIPlugin
2025-09-25 21:01:40,663 [INFO] PluginManager:220 - loadIPPluginJar : add gfxmmu
2025-09-25 21:01:40,667 [INFO] IPUIPlugin:80 - create IPUIPlugin
2025-09-25 21:01:40,667 [INFO] PluginManager:220 - loadIPPluginJar : add dma3
2025-09-25 21:01:40,671 [INFO] IPUIPlugin:80 - create IPUIPlugin
2025-09-25 21:01:40,671 [INFO] PluginManager:220 - loadIPPluginJar : add i3c
2025-09-25 21:01:40,674 [INFO] IPUIPlugin:80 - create IPUIPlugin
2025-09-25 21:01:40,674 [INFO] PluginManager:220 - loadIPPluginJar : add quadspi
2025-09-25 21:01:40,678 [INFO] IPUIPlugin:80 - create IPUIPlugin
2025-09-25 21:01:40,678 [INFO] PluginManager:220 - loadIPPluginJar : add ddr_ctrl_phy
2025-09-25 21:01:40,681 [INFO] IPUIPlugin:80 - create IPUIPlugin
2025-09-25 21:01:40,681 [INFO] PluginManager:220 - loadIPPluginJar : add i2s
2025-09-25 21:01:40,816 [FATAL] Updater:351 - Updater called before beeing initialized
2025-09-25 21:01:40,875 [INFO] RulesReader:64 - Compatibility file has been processed (317 Rules)
2025-09-25 21:01:40,914 [INFO] RulesReader:64 - Compatibility file has been processed (317 Rules)
2025-09-25 21:01:40,930 [INFO] CADModel:165 - CPN selected for project level
2025-09-25 21:01:40,931 [INFO] CADModel:114 - Register for checkConnection events
2025-09-25 21:01:40,931 [FATAL] Updater:351 - Updater called before beeing initialized
2025-09-25 21:01:40,931 [ERROR] CADModel:125 - Updater not yet initialized, retry later 
2025-09-25 21:01:41,202 [FATAL] Updater:351 - Updater called before beeing initialized
2025-09-25 21:01:41,205 [INFO] CADModel:165 - CPN selected for project level
2025-09-25 21:01:41,206 [INFO] CADModel:114 - Register for checkConnection events
2025-09-25 21:01:41,206 [FATAL] Updater:351 - Updater called before beeing initialized
2025-09-25 21:01:41,206 [ERROR] CADModel:125 - Updater not yet initialized, retry later 
2025-09-25 21:01:41,213 [FATAL] Updater:351 - Updater called before beeing initialized
2025-09-25 21:01:41,395 [FATAL] Updater:351 - Updater called before beeing initialized
2025-09-25 21:01:41,405 [INFO] DbMcusAds:53 - JSON generation date=Tue Jul 08 05:14:23 ART 2025 (1751962463582)
2025-09-25 21:01:41,406 [FATAL] Updater:351 - Updater called before beeing initialized
2025-09-25 21:01:41,479 [WARN] DetailPanel:346 - Failed to get advertising image, set to default
2025-09-25 21:01:41,647 [FATAL] Updater:351 - Updater called before beeing initialized
2025-09-25 21:01:41,650 [FATAL] Updater:351 - Updater called before beeing initialized
2025-09-25 21:01:41,650 [FATAL] Updater:351 - Updater called before beeing initialized
2025-09-25 21:01:41,650 [WARN] DetailPanel:346 - Failed to get advertising image, set to default
2025-09-25 21:01:41,652 [FATAL] Updater:351 - Updater called before beeing initialized
2025-09-25 21:01:41,719 [ERROR] Updater:1198 - MainUpdater not yet initialized. External WinMGr cannot be set.
2025-09-25 21:01:41,722 [INFO] Updater:1134 - Updater Version found : 6.15.0
2025-09-25 21:01:41,757 [INFO] ApplicationProperties:184 - Using Application install path: /opt/st/stm32cubeide_1.19.0/plugins/com.st.stm32cube.common.mx_6.15.0.202507011659
2025-09-25 21:01:41,790 [ERROR] LogOutputStream:75 - [STDERR_REDIRECT] Sep 25, 2025 9:01:41 PM java.util.prefs.FileSystemPreferences$2 run
2025-09-25 21:01:41,791 [ERROR] LogOutputStream:75 - [STDERR_REDIRECT] WARNING: Could not create system preferences directory. System preferences are unusable.
2025-09-25 21:01:41,792 [ERROR] LogOutputStream:75 - [STDERR_REDIRECT] 
2025-09-25 21:01:42,268 [INFO] MainUpdater:2872 - connection check result : 10
2025-09-25 21:01:42,270 [INFO] MainUpdater:289 - Updater Check For Update Now.
2025-09-25 21:01:42,270 [INFO] MicroXplorer:498 - Change Database Version : DB.6.0.150
2025-09-25 21:01:42,280 [INFO] McuFinderGlobals:63 - Set McuFinder mode to 2 (CubeIDE integrated)
2025-09-25 21:01:42,281 [INFO] UserAuth:487 - Internet connection configuration mode: 1
2025-09-25 21:01:42,313 [INFO] JxBrowserEngine:152 - Initiate JxBrowser Engine with user profile folder
2025-09-25 21:01:42,414 [WARN] MainUpdater:1193 - Updater busy. Cannot search thirdparties
2025-09-25 21:01:42,414 [INFO] ThirdPartyUpdaterWithRetryManager:96 - Updater plugin is busy. [1/15]
2025-09-25 21:01:42,588 [INFO] CheckServerUpdateThread:120 - End of CheckServer Thread
2025-09-25 21:01:43,542 [INFO] WebApp:169 - Instantiating new browser for Auth
2025-09-25 21:01:44,786 [INFO] WebApp:463 - Apply proxy settings
2025-09-25 21:01:44,787 [INFO] WebApp:548 - Chromium requires no authentication
2025-09-25 21:01:44,800 [INFO] WebApp:491 - Direct internet connection detected
2025-09-25 21:01:44,834 [INFO] WebApp:900 - Register for checkConnection events
2025-09-25 21:01:44,834 [INFO] WebApp:463 - Apply proxy settings
2025-09-25 21:01:44,834 [INFO] WebApp:548 - Chromium requires no authentication
2025-09-25 21:01:44,835 [INFO] WebApp:491 - Direct internet connection detected
2025-09-25 21:01:45,065 [INFO] WebApp:191 - Connection restablished
2025-09-25 21:01:45,155 [INFO] WebApp:225 - Starting web application
2025-09-25 21:01:45,156 [INFO] WebApp:593 - Web application path used /opt/st/stm32cubeide_1.19.0/plugins/com.st.stm32cube.common.mx_6.15.0.202507011659/db/plugins/mcufinder/reactClient1/index.html
2025-09-25 21:01:45,408 [INFO] UserAuth:487 - Internet connection configuration mode: 1
2025-09-25 21:01:45,877 [WARN] PackLoader:240 - Cannot read IP mode file for STMicroelectronics.FP-SNS-MOTENVWB1.1.4.0
2025-09-25 21:01:45,896 [WARN] PackLoader:240 - Cannot read IP mode file for STMicroelectronics.FP-ATR-ASTRA1.2.0.2
2025-09-25 21:01:45,913 [WARN] PackLoader:240 - Cannot read IP mode file for STMicroelectronics.X-CUBE-SMBUS.2.1.0
2025-09-25 21:01:45,927 [WARN] PackLoader:240 - Cannot read IP mode file for STMicroelectronics.X-CUBE-ST60.1.0.0
2025-09-25 21:01:46,067 [WARN] PackLoader:240 - Cannot read IP mode file for STMicroelectronics.X-CUBE-AZRTOS-F7.1.1.0
2025-09-25 21:01:46,097 [WARN] PackLoader:240 - Cannot read IP mode file for Cesanta.I-CUBE-Mongoose.7.19.0
2025-09-25 21:01:46,138 [WARN] PackLoader:240 - Cannot read IP mode file for WES.I-CUBE-Cesium.1.4.0
2025-09-25 21:01:46,217 [WARN] PackLoader:240 - Cannot read IP mode file for Infineon.AIROC-Wi-Fi-Bluetooth-STM32.1.7.1
2025-09-25 21:01:46,260 [WARN] PackLoader:240 - Cannot read IP mode file for STMicroelectronics.X-CUBE-DISPLAY.3.0.0
2025-09-25 21:01:46,292 [WARN] PackLoader:240 - Cannot read IP mode file for STMicroelectronics.X-CUBE-NFC10.1.0.0
2025-09-25 21:01:46,305 [WARN] PackLoader:240 - Cannot read IP mode file for emotas.I-CUBE-CANOPEN.1.3.0
2025-09-25 21:01:46,315 [WARN] PackLoader:240 - Cannot read IP mode file for STMicroelectronics.FP-SNS-SMARTAG2.1.2.0
2025-09-25 21:01:46,323 [WARN] PackLoader:240 - Cannot read IP mode file for STMicroelectronics.FP-SNS-FLIGHT1.5.1.0
2025-09-25 21:01:46,399 [INFO] LogOutputStream:77 - [STDOUT_REDIRECT] 1 : Invalid condition id : UX_CORESTACK_Condition cause : null
2025-09-25 21:01:46,405 [INFO] LogOutputStream:77 - [STDOUT_REDIRECT] 1 : Invalid condition id : UX_CORESTACK_Condition cause : null
2025-09-25 21:01:46,407 [INFO] LogOutputStream:77 - [STDOUT_REDIRECT] 1 : Invalid condition id : UX_CORESTACK_Condition cause : null
2025-09-25 21:01:46,409 [INFO] LogOutputStream:77 - [STDOUT_REDIRECT] 1 : Invalid condition id : UX_CORESTACK_Condition cause : null
2025-09-25 21:01:46,410 [INFO] LogOutputStream:77 - [STDOUT_REDIRECT] 1 : Invalid condition id : UX_CORESTACK_Condition cause : null
2025-09-25 21:01:46,435 [WARN] PackLoader:240 - Cannot read IP mode file for STMicroelectronics.X-CUBE-AZRTOS-WL.2.0.0
2025-09-25 21:01:46,466 [WARN] PackLoader:240 - Cannot read IP mode file for STMicroelectronics.FP-SNS-MOTENV1.5.0.0
2025-09-25 21:01:46,485 [WARN] PackLoader:240 - Cannot read IP mode file for STMicroelectronics.X-CUBE-BLE2.3.3.0
2025-09-25 21:01:46,508 [WARN] PackLoader:240 - Cannot read IP mode file for STMicroelectronics.X-CUBE-NFC9.1.0.0
2025-09-25 21:01:46,528 [WARN] PackLoader:240 - Cannot read IP mode file for STMicroelectronics.X-CUBE-BLE1.7.1.0
2025-09-25 21:01:46,584 [WARN] PackLoader:240 - Cannot read IP mode file for STMicroelectronics.X-CUBE-AZRTOS-G0.1.1.0
2025-09-25 21:01:46,608 [WARN] PackLoader:240 - Cannot read IP mode file for STMicroelectronics.X-CUBE-SAFEA1.1.2.2
2025-09-25 21:01:46,631 [WARN] PackLoader:240 - Cannot read IP mode file for STMicroelectronics.X-CUBE-NFC4.3.0.0
2025-09-25 21:01:46,664 [WARN] PackLoader:240 - Cannot read IP mode file for EmbeddedOffice.I-CUBE-FS-RTOS.1.0.1
2025-09-25 21:01:46,678 [WARN] PackLoader:240 - Cannot read IP mode file for STMicroelectronics.X-CUBE-WB05N.2.0.0
2025-09-25 21:01:46,692 [WARN] PackLoader:240 - Cannot read IP mode file for STMicroelectronics.X-CUBE-TCPP.4.2.0
2025-09-25 21:01:46,705 [WARN] PackLoader:240 - Cannot read IP mode file for RealThread.X-CUBE-RT-Thread_Nano.4.1.1
2025-09-25 21:01:46,713 [WARN] PackLoader:240 - Cannot read IP mode file for STMicroelectronics.FP-ATR-SIGFOX1.3.2.0
2025-09-25 21:01:46,731 [WARN] PackLoader:240 - Cannot read IP mode file for ITTIA_DB.I-CUBE-ITTIADB.8.9.0
2025-09-25 21:01:46,751 [WARN] PackLoader:240 - Cannot read IP mode file for STMicroelectronics.X-CUBE-ST67W61.1.0.0
2025-09-25 21:01:46,871 [WARN] PackLoader:240 - Cannot read IP mode file for SEGGER.I-CUBE-embOS.1.3.1
2025-09-25 21:01:47,089 [WARN] PackLoader:240 - Cannot read IP mode file for STMicroelectronics.X-CUBE-ALGOBUILD.1.4.0
2025-09-25 21:01:47,247 [WARN] PackLoader:240 - Cannot read IP mode file for STMicroelectronics.X-CUBE-MEMS1.11.3.0
2025-09-25 21:01:47,604 [WARN] PackLoader:240 - Cannot read IP mode file for STMicroelectronics.X-CUBE-PM33A1.1.0.0
2025-09-25 21:01:47,666 [WARN] PackLoader:240 - Cannot read IP mode file for STMicroelectronics.X-CUBE-AZRTOS-F4.1.1.0
2025-09-25 21:01:47,703 [WARN] PackLoader:240 - Cannot read IP mode file for Avnet-IotConnect.X-CUBE-IoTC-DA16k-PMOD.1.0.0
2025-09-25 21:01:47,711 [WARN] PackLoader:240 - Cannot read IP mode file for STMicroelectronics.X-CUBE-ISPU.2.1.0
2025-09-25 21:01:47,771 [WARN] PackLoader:240 - Cannot read IP mode file for STMicroelectronics.X-CUBE-AZRTOS-L5.2.0.0
2025-09-25 21:01:47,791 [WARN] PackLoader:240 - Cannot read IP mode file for STMicroelectronics.X-CUBE-NFC6.3.1.0
2025-09-25 21:01:47,805 [WARN] PackLoader:240 - Cannot read IP mode file for STMicroelectronics.X-CUBE-FREERTOS.1.3.1
2025-09-25 21:01:47,815 [WARN] PackLoader:240 - Cannot read IP mode file for STMicroelectronics.X-CUBE-DPower.1.3.0
2025-09-25 21:01:47,858 [WARN] ConditionMgr:438 - getConditionDescription Invalid condition id : LAN8742 Phy interface Condition cause : null
2025-09-25 21:01:47,860 [WARN] PackLoader:240 - Cannot read IP mode file for STMicroelectronics.X-CUBE-AZRTOS-L4.2.0.0
2025-09-25 21:01:47,863 [WARN] ConditionMgr:1044 - genDependencies : Invalid condition id : LAN8742 Phy interface Condition cause : null
2025-09-25 21:01:47,864 [WARN] ConditionMgr:1044 - genDependencies : Invalid condition id : LAN8742 Phy interface Condition cause : null
2025-09-25 21:01:47,865 [WARN] ConditionMgr:1044 - genDependencies : Invalid condition id : LAN8742 Phy interface Condition cause : null
2025-09-25 21:01:47,882 [WARN] PackLoader:240 - Cannot read IP mode file for STMicroelectronics.X-CUBE-SFXS2LP1.4.0.0
2025-09-25 21:01:47,912 [WARN] ConditionMgr:438 - getConditionDescription Invalid condition id : UX DEVICE CLASS RTOS Condition cause : null
2025-09-25 21:01:47,912 [WARN] ConditionMgr:438 - getConditionDescription Invalid condition id : UX DEVICE CLASS RTOS Condition cause : null
2025-09-25 21:01:47,918 [WARN] PackLoader:240 - Cannot read IP mode file for STMicroelectronics.X-CUBE-AZRTOS-WB.2.0.0
2025-09-25 21:01:47,919 [WARN] ConditionMgr:1044 - genDependencies : Invalid condition id : UX DEVICE CLASS RTOS Condition cause : null
2025-09-25 21:01:47,920 [WARN] ConditionMgr:1044 - genDependencies : Invalid condition id : UX DEVICE CLASS RTOS Condition cause : null
2025-09-25 21:01:47,921 [WARN] ConditionMgr:1044 - genDependencies : Invalid condition id : UX DEVICE CLASS RTOS Condition cause : null
2025-09-25 21:01:47,921 [WARN] ConditionMgr:1044 - genDependencies : Invalid condition id : UX DEVICE CLASS RTOS Condition cause : null
2025-09-25 21:01:47,921 [WARN] ConditionMgr:1044 - genDependencies : Invalid condition id : UX DEVICE CLASS RTOS Condition cause : null
2025-09-25 21:01:47,943 [WARN] PackLoader:240 - Cannot read IP mode file for STMicroelectronics.X-CUBE-GNSS1.7.0.1
2025-09-25 21:01:47,970 [WARN] PackLoader:240 - Cannot read IP mode file for STMicroelectronics.X-CUBE-TOUCHGFX.4.25.0
2025-09-25 21:01:47,976 [WARN] ConditionMgr:438 - getConditionDescription Invalid condition id : Cortex-A Device cause : null
2025-09-25 21:01:48,011 [WARN] ConditionMgr:1044 - genDependencies : Invalid condition id : Cortex-A Device cause : null
2025-09-25 21:01:48,011 [WARN] ConditionMgr:1044 - genDependencies : Invalid condition id : Cortex-A Device cause : null
2025-09-25 21:01:48,011 [WARN] ConditionMgr:1044 - genDependencies : Invalid condition id : Cortex-A Device cause : null
2025-09-25 21:01:48,080 [WARN] PackLoader:240 - Cannot read IP mode file for STMicroelectronics.X-CUBE-SUBG2.5.0.0
2025-09-25 21:01:48,144 [WARN] PackLoader:240 - Cannot read IP mode file for STMicroelectronics.X-CUBE-AZRTOS-H7RS.1.1.0
2025-09-25 21:01:48,189 [WARN] PackLoader:240 - Cannot read IP mode file for STMicroelectronics.X-CUBE-AZRTOS-G4.2.0.0
2025-09-25 21:01:48,203 [WARN] PackLoader:240 - Cannot read IP mode file for wolfSSL.I-CUBE-wolfSSH.1.4.20
2025-09-25 21:01:48,212 [WARN] PackLoader:240 - Cannot read IP mode file for STMicroelectronics.X-CUBE-NFC7.2.0.0
2025-09-25 21:01:48,243 [WARN] PackLoader:240 - Cannot read IP mode file for STMicroelectronics.X-CUBE-IPS.3.1.0
2025-09-25 21:01:48,262 [WARN] PackLoader:240 - Cannot read IP mode file for STMicroelectronics.X-CUBE-ALS.1.0.2
2025-09-25 21:01:48,295 [WARN] PackLoader:240 - Cannot read IP mode file for STMicroelectronics.X-CUBE-TOF1.3.4.3
2025-09-25 21:01:48,321 [INFO] ThirdParty:978 - Integrity check success = true
2025-09-25 21:01:48,322 [INFO] IntegrityCheckThread:100 - exiting critical section [integrity check]
2025-09-25 21:01:48,322 [INFO] IntegrityCheckThread:103 - End integrity checks thread
2025-09-25 21:02:05,000 [ERROR] LogOutputStream:75 - [STDERR_REDIRECT] Sep 25, 2025 9:02:04 PM java.util.prefs.FileSystemPreferences checkLockFile0ErrorCode
2025-09-25 21:02:05,001 [ERROR] LogOutputStream:75 - [STDERR_REDIRECT] WARNING: Could not lock System prefs. Unix error code 2.
2025-09-25 21:02:05,001 [ERROR] LogOutputStream:75 - [STDERR_REDIRECT] 
2025-09-25 21:02:05,002 [ERROR] LogOutputStream:75 - [STDERR_REDIRECT] Sep 25, 2025 9:02:05 PM java.util.prefs.FileSystemPreferences syncWorld
2025-09-25 21:02:05,003 [ERROR] LogOutputStream:75 - [STDERR_REDIRECT] WARNING: Couldn't flush system prefs: java.util.prefs.BackingStoreException: Couldn't get file lock.
2025-09-25 21:02:05,003 [ERROR] LogOutputStream:75 - [STDERR_REDIRECT] 
2025-09-25 21:02:34,988 [ERROR] LogOutputStream:75 - [STDERR_REDIRECT] Sep 25, 2025 9:02:34 PM java.util.prefs.FileSystemPreferences checkLockFile0ErrorCode
2025-09-25 21:02:34,988 [ERROR] LogOutputStream:75 - [STDERR_REDIRECT] WARNING: Could not lock System prefs. Unix error code 2.
2025-09-25 21:02:34,989 [ERROR] LogOutputStream:75 - [STDERR_REDIRECT] 
2025-09-25 21:02:34,989 [ERROR] LogOutputStream:75 - [STDERR_REDIRECT] Sep 25, 2025 9:02:34 PM java.util.prefs.FileSystemPreferences syncWorld
2025-09-25 21:02:34,989 [ERROR] LogOutputStream:75 - [STDERR_REDIRECT] WARNING: Couldn't flush system prefs: java.util.prefs.BackingStoreException: Couldn't get file lock.
2025-09-25 21:02:34,990 [ERROR] LogOutputStream:75 - [STDERR_REDIRECT] 
2025-09-25 21:03:04,987 [ERROR] LogOutputStream:75 - [STDERR_REDIRECT] Sep 25, 2025 9:03:04 PM java.util.prefs.FileSystemPreferences checkLockFile0ErrorCode
2025-09-25 21:03:04,988 [ERROR] LogOutputStream:75 - [STDERR_REDIRECT] WARNING: Could not lock System prefs. Unix error code 2.
2025-09-25 21:03:04,988 [ERROR] LogOutputStream:75 - [STDERR_REDIRECT] 
2025-09-25 21:03:04,989 [ERROR] LogOutputStream:75 - [STDERR_REDIRECT] Sep 25, 2025 9:03:04 PM java.util.prefs.FileSystemPreferences syncWorld
2025-09-25 21:03:04,989 [ERROR] LogOutputStream:75 - [STDERR_REDIRECT] WARNING: Couldn't flush system prefs: java.util.prefs.BackingStoreException: Couldn't get file lock.
2025-09-25 21:03:04,989 [ERROR] LogOutputStream:75 - [STDERR_REDIRECT] 
2025-09-25 21:03:34,987 [ERROR] LogOutputStream:75 - [STDERR_REDIRECT] Sep 25, 2025 9:03:34 PM java.util.prefs.FileSystemPreferences checkLockFile0ErrorCode
2025-09-25 21:03:34,987 [ERROR] LogOutputStream:75 - [STDERR_REDIRECT] WARNING: Could not lock System prefs. Unix error code 2.
2025-09-25 21:03:34,987 [ERROR] LogOutputStream:75 - [STDERR_REDIRECT] 
2025-09-25 21:03:34,988 [ERROR] LogOutputStream:75 - [STDERR_REDIRECT] Sep 25, 2025 9:03:34 PM java.util.prefs.FileSystemPreferences syncWorld
2025-09-25 21:03:34,988 [ERROR] LogOutputStream:75 - [STDERR_REDIRECT] WARNING: Couldn't flush system prefs: java.util.prefs.BackingStoreException: Couldn't get file lock.
2025-09-25 21:03:34,988 [ERROR] LogOutputStream:75 - [STDERR_REDIRECT] 
2025-09-25 21:04:04,986 [ERROR] LogOutputStream:75 - [STDERR_REDIRECT] Sep 25, 2025 9:04:04 PM java.util.prefs.FileSystemPreferences checkLockFile0ErrorCode
2025-09-25 21:04:04,987 [ERROR] LogOutputStream:75 - [STDERR_REDIRECT] WARNING: Could not lock System prefs. Unix error code 2.
2025-09-25 21:04:04,987 [ERROR] LogOutputStream:75 - [STDERR_REDIRECT] 
2025-09-25 21:04:04,988 [ERROR] LogOutputStream:75 - [STDERR_REDIRECT] Sep 25, 2025 9:04:04 PM java.util.prefs.FileSystemPreferences syncWorld
2025-09-25 21:04:04,988 [ERROR] LogOutputStream:75 - [STDERR_REDIRECT] WARNING: Couldn't flush system prefs: java.util.prefs.BackingStoreException: Couldn't get file lock.
2025-09-25 21:04:04,989 [ERROR] LogOutputStream:75 - [STDERR_REDIRECT] 
2025-09-25 21:04:34,986 [ERROR] LogOutputStream:75 - [STDERR_REDIRECT] Sep 25, 2025 9:04:34 PM java.util.prefs.FileSystemPreferences checkLockFile0ErrorCode
2025-09-25 21:04:34,987 [ERROR] LogOutputStream:75 - [STDERR_REDIRECT] WARNING: Could not lock System prefs. Unix error code 2.
2025-09-25 21:04:34,987 [ERROR] LogOutputStream:75 - [STDERR_REDIRECT] 
2025-09-25 21:04:34,989 [ERROR] LogOutputStream:75 - [STDERR_REDIRECT] Sep 25, 2025 9:04:34 PM java.util.prefs.FileSystemPreferences syncWorld
2025-09-25 21:04:34,989 [ERROR] LogOutputStream:75 - [STDERR_REDIRECT] WARNING: Couldn't flush system prefs: java.util.prefs.BackingStoreException: Couldn't get file lock.
2025-09-25 21:04:34,989 [ERROR] LogOutputStream:75 - [STDERR_REDIRECT] 
2025-09-25 21:05:04,986 [ERROR] LogOutputStream:75 - [STDERR_REDIRECT] Sep 25, 2025 9:05:04 PM java.util.prefs.FileSystemPreferences checkLockFile0ErrorCode
2025-09-25 21:05:04,986 [ERROR] LogOutputStream:75 - [STDERR_REDIRECT] WARNING: Could not lock System prefs. Unix error code 2.
2025-09-25 21:05:04,987 [ERROR] LogOutputStream:75 - [STDERR_REDIRECT] 
2025-09-25 21:05:04,987 [ERROR] LogOutputStream:75 - [STDERR_REDIRECT] Sep 25, 2025 9:05:04 PM java.util.prefs.FileSystemPreferences syncWorld
2025-09-25 21:05:04,987 [ERROR] LogOutputStream:75 - [STDERR_REDIRECT] WARNING: Couldn't flush system prefs: java.util.prefs.BackingStoreException: Couldn't get file lock.
2025-09-25 21:05:04,988 [ERROR] LogOutputStream:75 - [STDERR_REDIRECT] 
2025-09-25 21:05:34,986 [ERROR] LogOutputStream:75 - [STDERR_REDIRECT] Sep 25, 2025 9:05:34 PM java.util.prefs.FileSystemPreferences checkLockFile0ErrorCode
2025-09-25 21:05:34,986 [ERROR] LogOutputStream:75 - [STDERR_REDIRECT] WARNING: Could not lock System prefs. Unix error code 2.
2025-09-25 21:05:34,987 [ERROR] LogOutputStream:75 - [STDERR_REDIRECT] 
2025-09-25 21:05:34,987 [ERROR] LogOutputStream:75 - [STDERR_REDIRECT] Sep 25, 2025 9:05:34 PM java.util.prefs.FileSystemPreferences syncWorld
2025-09-25 21:05:34,988 [ERROR] LogOutputStream:75 - [STDERR_REDIRECT] WARNING: Couldn't flush system prefs: java.util.prefs.BackingStoreException: Couldn't get file lock.
2025-09-25 21:05:34,988 [ERROR] LogOutputStream:75 - [STDERR_REDIRECT] 
2025-09-25 21:06:04,987 [ERROR] LogOutputStream:75 - [STDERR_REDIRECT] Sep 25, 2025 9:06:04 PM java.util.prefs.FileSystemPreferences checkLockFile0ErrorCode
2025-09-25 21:06:04,987 [ERROR] LogOutputStream:75 - [STDERR_REDIRECT] WARNING: Could not lock System prefs. Unix error code 2.
2025-09-25 21:06:04,988 [ERROR] LogOutputStream:75 - [STDERR_REDIRECT] 
2025-09-25 21:06:04,988 [ERROR] LogOutputStream:75 - [STDERR_REDIRECT] Sep 25, 2025 9:06:04 PM java.util.prefs.FileSystemPreferences syncWorld
2025-09-25 21:06:04,988 [ERROR] LogOutputStream:75 - [STDERR_REDIRECT] WARNING: Couldn't flush system prefs: java.util.prefs.BackingStoreException: Couldn't get file lock.
2025-09-25 21:06:04,989 [ERROR] LogOutputStream:75 - [STDERR_REDIRECT] 
2025-09-25 21:06:34,986 [ERROR] LogOutputStream:75 - [STDERR_REDIRECT] Sep 25, 2025 9:06:34 PM java.util.prefs.FileSystemPreferences checkLockFile0ErrorCode
2025-09-25 21:06:34,987 [ERROR] LogOutputStream:75 - [STDERR_REDIRECT] WARNING: Could not lock System prefs. Unix error code 2.
2025-09-25 21:06:34,987 [ERROR] LogOutputStream:75 - [STDERR_REDIRECT] 
2025-09-25 21:06:34,988 [ERROR] LogOutputStream:75 - [STDERR_REDIRECT] Sep 25, 2025 9:06:34 PM java.util.prefs.FileSystemPreferences syncWorld
2025-09-25 21:06:34,989 [ERROR] LogOutputStream:75 - [STDERR_REDIRECT] WARNING: Couldn't flush system prefs: java.util.prefs.BackingStoreException: Couldn't get file lock.
2025-09-25 21:06:34,989 [ERROR] LogOutputStream:75 - [STDERR_REDIRECT] 
2025-09-25 21:07:04,986 [ERROR] LogOutputStream:75 - [STDERR_REDIRECT] Sep 25, 2025 9:07:04 PM java.util.prefs.FileSystemPreferences checkLockFile0ErrorCode
2025-09-25 21:07:04,987 [ERROR] LogOutputStream:75 - [STDERR_REDIRECT] WARNING: Could not lock System prefs. Unix error code 2.
2025-09-25 21:07:04,987 [ERROR] LogOutputStream:75 - [STDERR_REDIRECT] 
2025-09-25 21:07:04,988 [ERROR] LogOutputStream:75 - [STDERR_REDIRECT] Sep 25, 2025 9:07:04 PM java.util.prefs.FileSystemPreferences syncWorld
2025-09-25 21:07:04,988 [ERROR] LogOutputStream:75 - [STDERR_REDIRECT] WARNING: Couldn't flush system prefs: java.util.prefs.BackingStoreException: Couldn't get file lock.
2025-09-25 21:07:04,989 [ERROR] LogOutputStream:75 - [STDERR_REDIRECT] 
2025-09-25 21:07:34,986 [ERROR] LogOutputStream:75 - [STDERR_REDIRECT] Sep 25, 2025 9:07:34 PM java.util.prefs.FileSystemPreferences checkLockFile0ErrorCode
2025-09-25 21:07:34,986 [ERROR] LogOutputStream:75 - [STDERR_REDIRECT] WARNING: Could not lock System prefs. Unix error code 2.
2025-09-25 21:07:34,987 [ERROR] LogOutputStream:75 - [STDERR_REDIRECT] 
2025-09-25 21:07:34,987 [ERROR] LogOutputStream:75 - [STDERR_REDIRECT] Sep 25, 2025 9:07:34 PM java.util.prefs.FileSystemPreferences syncWorld
2025-09-25 21:07:34,987 [ERROR] LogOutputStream:75 - [STDERR_REDIRECT] WARNING: Couldn't flush system prefs: java.util.prefs.BackingStoreException: Couldn't get file lock.
2025-09-25 21:07:34,988 [ERROR] LogOutputStream:75 - [STDERR_REDIRECT] 
2025-09-25 21:08:04,986 [ERROR] LogOutputStream:75 - [STDERR_REDIRECT] Sep 25, 2025 9:08:04 PM java.util.prefs.FileSystemPreferences checkLockFile0ErrorCode
2025-09-25 21:08:04,986 [ERROR] LogOutputStream:75 - [STDERR_REDIRECT] WARNING: Could not lock System prefs. Unix error code 2.
2025-09-25 21:08:04,987 [ERROR] LogOutputStream:75 - [STDERR_REDIRECT] 
2025-09-25 21:08:04,987 [ERROR] LogOutputStream:75 - [STDERR_REDIRECT] Sep 25, 2025 9:08:04 PM java.util.prefs.FileSystemPreferences syncWorld
2025-09-25 21:08:04,988 [ERROR] LogOutputStream:75 - [STDERR_REDIRECT] WARNING: Couldn't flush system prefs: java.util.prefs.BackingStoreException: Couldn't get file lock.
2025-09-25 21:08:04,988 [ERROR] LogOutputStream:75 - [STDERR_REDIRECT] 
2025-09-25 21:08:34,987 [ERROR] LogOutputStream:75 - [STDERR_REDIRECT] Sep 25, 2025 9:08:34 PM java.util.prefs.FileSystemPreferences checkLockFile0ErrorCode
2025-09-25 21:08:34,988 [ERROR] LogOutputStream:75 - [STDERR_REDIRECT] WARNING: Could not lock System prefs. Unix error code 2.
2025-09-25 21:08:34,988 [ERROR] LogOutputStream:75 - [STDERR_REDIRECT] 
2025-09-25 21:08:34,989 [ERROR] LogOutputStream:75 - [STDERR_REDIRECT] Sep 25, 2025 9:08:34 PM java.util.prefs.FileSystemPreferences syncWorld
2025-09-25 21:08:34,989 [ERROR] LogOutputStream:75 - [STDERR_REDIRECT] WARNING: Couldn't flush system prefs: java.util.prefs.BackingStoreException: Couldn't get file lock.
2025-09-25 21:08:34,990 [ERROR] LogOutputStream:75 - [STDERR_REDIRECT] 
2025-09-25 21:09:04,987 [ERROR] LogOutputStream:75 - [STDERR_REDIRECT] Sep 25, 2025 9:09:04 PM java.util.prefs.FileSystemPreferences checkLockFile0ErrorCode
2025-09-25 21:09:04,988 [ERROR] LogOutputStream:75 - [STDERR_REDIRECT] WARNING: Could not lock System prefs. Unix error code 2.
2025-09-25 21:09:04,999 [ERROR] LogOutputStream:75 - [STDERR_REDIRECT] 
2025-09-25 21:09:05,000 [ERROR] LogOutputStream:75 - [STDERR_REDIRECT] Sep 25, 2025 9:09:04 PM java.util.prefs.FileSystemPreferences syncWorld
2025-09-25 21:09:05,000 [ERROR] LogOutputStream:75 - [STDERR_REDIRECT] WARNING: Couldn't flush system prefs: java.util.prefs.BackingStoreException: Couldn't get file lock.
2025-09-25 21:09:05,000 [ERROR] LogOutputStream:75 - [STDERR_REDIRECT] 
2025-09-25 21:09:34,987 [ERROR] LogOutputStream:75 - [STDERR_REDIRECT] Sep 25, 2025 9:09:34 PM java.util.prefs.FileSystemPreferences checkLockFile0ErrorCode
2025-09-25 21:09:34,988 [ERROR] LogOutputStream:75 - [STDERR_REDIRECT] WARNING: Could not lock System prefs. Unix error code 2.
2025-09-25 21:09:34,988 [ERROR] LogOutputStream:75 - [STDERR_REDIRECT] 
2025-09-25 21:09:34,989 [ERROR] LogOutputStream:75 - [STDERR_REDIRECT] Sep 25, 2025 9:09:34 PM java.util.prefs.FileSystemPreferences syncWorld
2025-09-25 21:09:34,989 [ERROR] LogOutputStream:75 - [STDERR_REDIRECT] WARNING: Couldn't flush system prefs: java.util.prefs.BackingStoreException: Couldn't get file lock.
2025-09-25 21:09:34,989 [ERROR] LogOutputStream:75 - [STDERR_REDIRECT] 
2025-09-25 21:10:04,988 [ERROR] LogOutputStream:75 - [STDERR_REDIRECT] Sep 25, 2025 9:10:04 PM java.util.prefs.FileSystemPreferences checkLockFile0ErrorCode
2025-09-25 21:10:04,989 [ERROR] LogOutputStream:75 - [STDERR_REDIRECT] WARNING: Could not lock System prefs. Unix error code 2.
2025-09-25 21:10:04,989 [ERROR] LogOutputStream:75 - [STDERR_REDIRECT] 
2025-09-25 21:10:04,990 [ERROR] LogOutputStream:75 - [STDERR_REDIRECT] Sep 25, 2025 9:10:04 PM java.util.prefs.FileSystemPreferences syncWorld
2025-09-25 21:10:04,990 [ERROR] LogOutputStream:75 - [STDERR_REDIRECT] WARNING: Couldn't flush system prefs: java.util.prefs.BackingStoreException: Couldn't get file lock.
2025-09-25 21:10:04,990 [ERROR] LogOutputStream:75 - [STDERR_REDIRECT] 
2025-09-25 21:10:34,989 [ERROR] LogOutputStream:75 - [STDERR_REDIRECT] Sep 25, 2025 9:10:34 PM java.util.prefs.FileSystemPreferences checkLockFile0ErrorCode
2025-09-25 21:10:34,990 [ERROR] LogOutputStream:75 - [STDERR_REDIRECT] WARNING: Could not lock System prefs. Unix error code 2.
2025-09-25 21:10:34,990 [ERROR] LogOutputStream:75 - [STDERR_REDIRECT] 
2025-09-25 21:10:34,991 [ERROR] LogOutputStream:75 - [STDERR_REDIRECT] Sep 25, 2025 9:10:34 PM java.util.prefs.FileSystemPreferences syncWorld
2025-09-25 21:10:34,991 [ERROR] LogOutputStream:75 - [STDERR_REDIRECT] WARNING: Couldn't flush system prefs: java.util.prefs.BackingStoreException: Couldn't get file lock.
2025-09-25 21:10:34,991 [ERROR] LogOutputStream:75 - [STDERR_REDIRECT] 
2025-09-25 21:11:04,989 [ERROR] LogOutputStream:75 - [STDERR_REDIRECT] Sep 25, 2025 9:11:04 PM java.util.prefs.FileSystemPreferences checkLockFile0ErrorCode
2025-09-25 21:11:04,989 [ERROR] LogOutputStream:75 - [STDERR_REDIRECT] WARNING: Could not lock System prefs. Unix error code 2.
2025-09-25 21:11:04,990 [ERROR] LogOutputStream:75 - [STDERR_REDIRECT] 
2025-09-25 21:11:04,990 [ERROR] LogOutputStream:75 - [STDERR_REDIRECT] Sep 25, 2025 9:11:04 PM java.util.prefs.FileSystemPreferences syncWorld
2025-09-25 21:11:04,991 [ERROR] LogOutputStream:75 - [STDERR_REDIRECT] WARNING: Couldn't flush system prefs: java.util.prefs.BackingStoreException: Couldn't get file lock.
2025-09-25 21:11:04,991 [ERROR] LogOutputStream:75 - [STDERR_REDIRECT] 
2025-09-25 21:11:34,990 [ERROR] LogOutputStream:75 - [STDERR_REDIRECT] Sep 25, 2025 9:11:34 PM java.util.prefs.FileSystemPreferences checkLockFile0ErrorCode
2025-09-25 21:11:34,990 [ERROR] LogOutputStream:75 - [STDERR_REDIRECT] WARNING: Could not lock System prefs. Unix error code 2.
2025-09-25 21:11:34,990 [ERROR] LogOutputStream:75 - [STDERR_REDIRECT] 
2025-09-25 21:11:34,991 [ERROR] LogOutputStream:75 - [STDERR_REDIRECT] Sep 25, 2025 9:11:34 PM java.util.prefs.FileSystemPreferences syncWorld
2025-09-25 21:11:34,992 [ERROR] LogOutputStream:75 - [STDERR_REDIRECT] WARNING: Couldn't flush system prefs: java.util.prefs.BackingStoreException: Couldn't get file lock.
2025-09-25 21:11:34,992 [ERROR] LogOutputStream:75 - [STDERR_REDIRECT] 
2025-09-25 21:12:04,991 [ERROR] LogOutputStream:75 - [STDERR_REDIRECT] Sep 25, 2025 9:12:04 PM java.util.prefs.FileSystemPreferences checkLockFile0ErrorCode
2025-09-25 21:12:04,992 [ERROR] LogOutputStream:75 - [STDERR_REDIRECT] WARNING: Could not lock System prefs. Unix error code 2.
2025-09-25 21:12:05,029 [ERROR] LogOutputStream:75 - [STDERR_REDIRECT] 
2025-09-25 21:12:05,030 [ERROR] LogOutputStream:75 - [STDERR_REDIRECT] Sep 25, 2025 9:12:05 PM java.util.prefs.FileSystemPreferences syncWorld
2025-09-25 21:12:05,031 [ERROR] LogOutputStream:75 - [STDERR_REDIRECT] WARNING: Couldn't flush system prefs: java.util.prefs.BackingStoreException: Couldn't get file lock.
2025-09-25 21:12:05,031 [ERROR] LogOutputStream:75 - [STDERR_REDIRECT] 
2025-09-25 21:12:34,990 [ERROR] LogOutputStream:75 - [STDERR_REDIRECT] Sep 25, 2025 9:12:34 PM java.util.prefs.FileSystemPreferences checkLockFile0ErrorCode
2025-09-25 21:12:34,990 [ERROR] LogOutputStream:75 - [STDERR_REDIRECT] WARNING: Could not lock System prefs. Unix error code 2.
2025-09-25 21:12:34,991 [ERROR] LogOutputStream:75 - [STDERR_REDIRECT] 
2025-09-25 21:12:34,992 [ERROR] LogOutputStream:75 - [STDERR_REDIRECT] Sep 25, 2025 9:12:34 PM java.util.prefs.FileSystemPreferences syncWorld
2025-09-25 21:12:34,993 [ERROR] LogOutputStream:75 - [STDERR_REDIRECT] WARNING: Couldn't flush system prefs: java.util.prefs.BackingStoreException: Couldn't get file lock.
2025-09-25 21:12:34,993 [ERROR] LogOutputStream:75 - [STDERR_REDIRECT] 
2025-09-25 21:13:04,990 [ERROR] LogOutputStream:75 - [STDERR_REDIRECT] Sep 25, 2025 9:13:04 PM java.util.prefs.FileSystemPreferences checkLockFile0ErrorCode
2025-09-25 21:13:04,990 [ERROR] LogOutputStream:75 - [STDERR_REDIRECT] WARNING: Could not lock System prefs. Unix error code 2.
2025-09-25 21:13:04,990 [ERROR] LogOutputStream:75 - [STDERR_REDIRECT] 
2025-09-25 21:13:04,991 [ERROR] LogOutputStream:75 - [STDERR_REDIRECT] Sep 25, 2025 9:13:04 PM java.util.prefs.FileSystemPreferences syncWorld
2025-09-25 21:13:04,991 [ERROR] LogOutputStream:75 - [STDERR_REDIRECT] WARNING: Couldn't flush system prefs: java.util.prefs.BackingStoreException: Couldn't get file lock.
2025-09-25 21:13:04,991 [ERROR] LogOutputStream:75 - [STDERR_REDIRECT] 
2025-09-25 21:13:34,991 [ERROR] LogOutputStream:75 - [STDERR_REDIRECT] Sep 25, 2025 9:13:34 PM java.util.prefs.FileSystemPreferences checkLockFile0ErrorCode
2025-09-25 21:13:34,991 [ERROR] LogOutputStream:75 - [STDERR_REDIRECT] WARNING: Could not lock System prefs. Unix error code 2.
2025-09-25 21:13:34,991 [ERROR] LogOutputStream:75 - [STDERR_REDIRECT] 
2025-09-25 21:13:34,992 [ERROR] LogOutputStream:75 - [STDERR_REDIRECT] Sep 25, 2025 9:13:34 PM java.util.prefs.FileSystemPreferences syncWorld
2025-09-25 21:13:34,992 [ERROR] LogOutputStream:75 - [STDERR_REDIRECT] WARNING: Couldn't flush system prefs: java.util.prefs.BackingStoreException: Couldn't get file lock.
2025-09-25 21:13:34,992 [ERROR] LogOutputStream:75 - [STDERR_REDIRECT] 
2025-09-25 21:14:04,993 [ERROR] LogOutputStream:75 - [STDERR_REDIRECT] Sep 25, 2025 9:14:04 PM java.util.prefs.FileSystemPreferences checkLockFile0ErrorCode
2025-09-25 21:14:04,993 [ERROR] LogOutputStream:75 - [STDERR_REDIRECT] WARNING: Could not lock System prefs. Unix error code 2.
2025-09-25 21:14:04,995 [ERROR] LogOutputStream:75 - [STDERR_REDIRECT] 
2025-09-25 21:14:04,997 [ERROR] LogOutputStream:75 - [STDERR_REDIRECT] Sep 25, 2025 9:14:04 PM java.util.prefs.FileSystemPreferences syncWorld
2025-09-25 21:14:04,998 [ERROR] LogOutputStream:75 - [STDERR_REDIRECT] WARNING: Couldn't flush system prefs: java.util.prefs.BackingStoreException: Couldn't get file lock.
2025-09-25 21:14:04,998 [ERROR] LogOutputStream:75 - [STDERR_REDIRECT] 
2025-09-25 21:14:34,990 [ERROR] LogOutputStream:75 - [STDERR_REDIRECT] Sep 25, 2025 9:14:34 PM java.util.prefs.FileSystemPreferences checkLockFile0ErrorCode
2025-09-25 21:14:34,991 [ERROR] LogOutputStream:75 - [STDERR_REDIRECT] WARNING: Could not lock System prefs. Unix error code 2.
2025-09-25 21:14:34,991 [ERROR] LogOutputStream:75 - [STDERR_REDIRECT] 
2025-09-25 21:14:34,992 [ERROR] LogOutputStream:75 - [STDERR_REDIRECT] Sep 25, 2025 9:14:34 PM java.util.prefs.FileSystemPreferences syncWorld
2025-09-25 21:14:34,992 [ERROR] LogOutputStream:75 - [STDERR_REDIRECT] WARNING: Couldn't flush system prefs: java.util.prefs.BackingStoreException: Couldn't get file lock.
2025-09-25 21:14:34,992 [ERROR] LogOutputStream:75 - [STDERR_REDIRECT] 
2025-09-25 21:15:04,992 [ERROR] LogOutputStream:75 - [STDERR_REDIRECT] Sep 25, 2025 9:15:04 PM java.util.prefs.FileSystemPreferences checkLockFile0ErrorCode
2025-09-25 21:15:04,993 [ERROR] LogOutputStream:75 - [STDERR_REDIRECT] WARNING: Could not lock System prefs. Unix error code 2.
2025-09-25 21:15:04,993 [ERROR] LogOutputStream:75 - [STDERR_REDIRECT] 
2025-09-25 21:15:04,994 [ERROR] LogOutputStream:75 - [STDERR_REDIRECT] Sep 25, 2025 9:15:04 PM java.util.prefs.FileSystemPreferences syncWorld
2025-09-25 21:15:04,994 [ERROR] LogOutputStream:75 - [STDERR_REDIRECT] WARNING: Couldn't flush system prefs: java.util.prefs.BackingStoreException: Couldn't get file lock.
2025-09-25 21:15:04,994 [ERROR] LogOutputStream:75 - [STDERR_REDIRECT] 
2025-09-25 21:15:35,004 [ERROR] LogOutputStream:75 - [STDERR_REDIRECT] Sep 25, 2025 9:15:35 PM java.util.prefs.FileSystemPreferences checkLockFile0ErrorCode
2025-09-25 21:15:35,005 [ERROR] LogOutputStream:75 - [STDERR_REDIRECT] WARNING: Could not lock System prefs. Unix error code 2.
2025-09-25 21:15:35,006 [ERROR] LogOutputStream:75 - [STDERR_REDIRECT] 
2025-09-25 21:15:35,011 [ERROR] LogOutputStream:75 - [STDERR_REDIRECT] Sep 25, 2025 9:15:35 PM java.util.prefs.FileSystemPreferences syncWorld
2025-09-25 21:15:35,012 [ERROR] LogOutputStream:75 - [STDERR_REDIRECT] WARNING: Couldn't flush system prefs: java.util.prefs.BackingStoreException: Couldn't get file lock.
2025-09-25 21:15:35,012 [ERROR] LogOutputStream:75 - [STDERR_REDIRECT] 
2025-09-25 21:15:58,032 [INFO] McuFinderGlobals:63 - Set McuFinder mode to 2 (CubeIDE integrated)
2025-09-25 21:15:58,043 [INFO] MainUpdater:2872 - connection check result : 10
2025-09-25 21:15:58,050 [INFO] MainUpdater:2872 - connection check result : 10
2025-09-25 21:15:58,108 [INFO] MicroXplorer:468 - Change Database Path : 
2025-09-25 21:15:58,109 [INFO] MicroXplorer:498 - Change Database Version : DB.6.0.150
2025-09-25 21:15:58,134 [WARN] ThirdParty:871 - waiting for thirdparty lock release [close project]
2025-09-25 21:15:58,134 [INFO] ThirdParty:873 - entering critical section [close project]
2025-09-25 21:15:58,137 [INFO] ThirdParty:883 - exiting critical section [close project]
2025-09-25 21:15:58,142 [INFO] PinOutPanel:1589 - setPackage(No Configuration,No Configuration)
2025-09-25 21:15:58,147 [INFO] UtilMem:75 - Begin LoadConfig() Used Memory: 568435648 Bytes (1009778688)
2025-09-25 21:15:58,155 [INFO] MicroXplorer:468 - Change Database Path : 
2025-09-25 21:15:58,156 [INFO] MicroXplorer:498 - Change Database Version : DB.6.0.150
2025-09-25 21:15:58,156 [INFO] OpenFileManager:355 - Change cursor
2025-09-25 21:15:58,296 [INFO] Mcu:2029 - Initializing MCU STM32F446R(C-E)Tx STM32F446RETx STM32F446RET6
2025-09-25 21:16:02,678 [INFO] Context:786 - Trying to add GPIOservice into a context  which must be forbidden
2025-09-25 21:16:04,180 [INFO] ImportTextPane:234 - (OptionalMessage_ERROR) Pin9 (VP_RIF_VS_RIF1) cannot be retrieved for this MCU
2025-09-25 21:16:04,470 [INFO] RtosManager:558 - Registered RTOS mode: class=CMSIS, group=RTOS, mode=CMSIS_V1, owner=FREERTOS
2025-09-25 21:16:04,471 [INFO] RtosManager:558 - Registered RTOS mode: class=CMSIS, group=RTOS2, mode=CMSIS_V2, owner=FREERTOS
2025-09-25 21:16:04,471 [INFO] RtosManager:558 - Registered RTOS mode: class=RTOS, group=Core, mode=CMSIS_V1, owner=FREERTOS
2025-09-25 21:16:04,471 [INFO] RtosManager:558 - Registered RTOS mode: class=RTOS, group=Core, mode=CMSIS_V2, owner=FREERTOS
2025-09-25 21:16:04,471 [WARN] ModelIntegratedComponent:184 - Missing modes for component STMicroelectronics:FreeRTOS:0.0.1:STMicroelectronics:RTOS:FreeRTOS:Core:::10.2.0:
2025-09-25 21:16:04,542 [WARN] ModelIntegratedComponent:63 - No mode defined for component null
2025-09-25 21:16:04,542 [WARN] ModelIntegratedComponent:63 - No mode defined for component null
2025-09-25 21:16:04,543 [WARN] ModelIntegratedComponent:63 - No mode defined for component null
2025-09-25 21:16:04,543 [WARN] ModelIntegratedComponent:63 - No mode defined for component null
2025-09-25 21:16:04,543 [WARN] ModelIntegratedComponent:63 - No mode defined for component null
2025-09-25 21:16:04,543 [WARN] ModelIntegratedComponent:63 - No mode defined for component null
2025-09-25 21:16:04,543 [WARN] ModelIntegratedComponent:63 - No mode defined for component null
2025-09-25 21:16:04,543 [WARN] ModelIntegratedComponent:63 - No mode defined for component null
2025-09-25 21:16:04,543 [WARN] ModelIntegratedComponent:63 - No mode defined for component null
2025-09-25 21:16:04,543 [WARN] ModelIntegratedComponent:63 - No mode defined for component null
2025-09-25 21:16:04,544 [WARN] ModelIntegratedComponent:63 - No mode defined for component null
2025-09-25 21:16:04,544 [WARN] ModelIntegratedComponent:63 - No mode defined for component null
2025-09-25 21:16:04,544 [WARN] ModelIntegratedComponent:63 - No mode defined for component null
2025-09-25 21:16:04,544 [WARN] ModelIntegratedComponent:63 - No mode defined for component null
2025-09-25 21:16:04,544 [WARN] ModelIntegratedComponent:63 - No mode defined for component null
2025-09-25 21:16:04,544 [WARN] ModelIntegratedComponent:63 - No mode defined for component null
2025-09-25 21:16:04,544 [WARN] ModelIntegratedComponent:63 - No mode defined for component null
2025-09-25 21:16:04,544 [WARN] ModelIntegratedComponent:63 - No mode defined for component null
2025-09-25 21:16:04,544 [WARN] ModelIntegratedComponent:63 - No mode defined for component null
2025-09-25 21:16:04,544 [WARN] ModelIntegratedComponent:63 - No mode defined for component null
2025-09-25 21:16:04,545 [WARN] ModelIntegratedComponent:63 - No mode defined for component null
2025-09-25 21:16:04,545 [WARN] ModelIntegratedComponent:63 - No mode defined for component null
2025-09-25 21:16:04,547 [WARN] ModelIntegratedComponent:63 - No mode defined for component null
2025-09-25 21:16:04,548 [WARN] ModelIntegratedComponent:63 - No mode defined for component null
2025-09-25 21:16:04,549 [WARN] ModelIntegratedComponent:63 - No mode defined for component null
2025-09-25 21:16:04,549 [WARN] ModelIntegratedComponent:63 - No mode defined for component null
2025-09-25 21:16:04,549 [WARN] ModelIntegratedComponent:63 - No mode defined for component null
2025-09-25 21:16:04,549 [WARN] ModelIntegratedComponent:63 - No mode defined for component null
2025-09-25 21:16:04,549 [WARN] ModelIntegratedComponent:63 - No mode defined for component null
2025-09-25 21:16:04,549 [WARN] ModelIntegratedComponent:63 - No mode defined for component null
2025-09-25 21:16:04,550 [WARN] ModelIntegratedComponent:63 - No mode defined for component null
2025-09-25 21:16:04,550 [WARN] ModelIntegratedComponent:63 - No mode defined for component null
2025-09-25 21:16:04,550 [WARN] ModelIntegratedComponent:63 - No mode defined for component null
2025-09-25 21:16:04,550 [WARN] ModelIntegratedComponent:63 - No mode defined for component null
2025-09-25 21:16:04,550 [WARN] ModelIntegratedComponent:63 - No mode defined for component null
2025-09-25 21:16:04,551 [WARN] ModelPack:524 - Component already loaded: STMicroelectronics:HAL Drivers:0.0.0:STMicroelectronics:Device:STMicro_Driver:XSPI:HAL::0.0.1:HAL_XSPI
2025-09-25 21:16:04,810 [INFO] ThirdPartyModel:298 - Start build external matchings
2025-09-25 21:16:04,996 [ERROR] LogOutputStream:75 - [STDERR_REDIRECT] Sep 25, 2025 9:16:04 PM java.util.prefs.FileSystemPreferences checkLockFile0ErrorCode
2025-09-25 21:16:04,997 [ERROR] LogOutputStream:75 - [STDERR_REDIRECT] WARNING: Could not lock System prefs. Unix error code 2.
2025-09-25 21:16:04,997 [ERROR] LogOutputStream:75 - [STDERR_REDIRECT] 
2025-09-25 21:16:04,998 [ERROR] LogOutputStream:75 - [STDERR_REDIRECT] Sep 25, 2025 9:16:04 PM java.util.prefs.FileSystemPreferences syncWorld
2025-09-25 21:16:04,998 [ERROR] LogOutputStream:75 - [STDERR_REDIRECT] WARNING: Couldn't flush system prefs: java.util.prefs.BackingStoreException: Couldn't get file lock.
2025-09-25 21:16:04,998 [ERROR] LogOutputStream:75 - [STDERR_REDIRECT] 
2025-09-25 21:16:05,506 [INFO] ThirdPartyModel:316 - End build external matchings
2025-09-25 21:16:05,543 [INFO] ImportTextPane:234 - (OptionalMessage_ERROR) IP (RCC) : Invalid parameter (FamilyName)
2025-09-25 21:16:05,547 [INFO] ImportTextPane:234 - (OptionalMessage_ERROR) IP (RCC) : Parameter (SDIOFreq_Value) has invalid value (84000000)
2025-09-25 21:16:05,547 [INFO] ImportTextPane:234 - (OptionalMessage_ERROR) IP (RCC) : Parameter (USBFreq_Value) has invalid value (84000000)
2025-09-25 21:16:06,250 [INFO] ApiDb:581 - Connected to CubeFinder SQLite database (/home/tomas1908/.stmcufinder/plugins/mcufinder/mcu/cube-finder-db.db)
2025-09-25 21:16:06,377 [INFO] ApiDb:668 - CubeFinder database Data Model version=2.1
2025-09-25 21:16:06,377 [INFO] ApiDb:669 - CubeFinder database Configuration version=3.0.39
2025-09-25 21:16:06,377 [INFO] ApiDb:670 - CubeFinder database generation date=2025-07-24 (1753349077)
2025-09-25 21:16:06,377 [INFO] ApiDb:671 - CubeFinder database FW Pack versions=[FP-ATR-ASTRA1_V2.0.0, FP-SNS-FLIGHT1_V5.1.0, FP-SNS-MOTENV1_V5.0.0, FP-SNS-MOTENVWB1_V1.4.0, FP-SNS-SMARTAG2_V1.2.0, FP-SNS-STBOX1_V2.0.0, STM32Cube_FW_C0_V1.4.0, STM32Cube_FW_F4_V1.28.2, STM32Cube_FW_F7_V1.17.3, STM32Cube_FW_G0_V1.6.2, STM32Cube_FW_G4_V1.6.1, STM32Cube_FW_H5_V1.5.0, STM32Cube_FW_H7RS_V1.2.0, STM32Cube_FW_H7_V1.12.1, STM32Cube_FW_L0_V1.12.2, STM32Cube_FW_L4_V1.18.1, STM32Cube_FW_L5_V1.5.1, STM32Cube_FW_N6_V1.2.0, STM32Cube_FW_U0_V1.3.0, STM32Cube_FW_U3_V1.2.0, STM32Cube_FW_U5_V1.8.0, STM32Cube_FW_WB0_V1.3.0, STM32Cube_FW_WBA_V1.7.0, STM32Cube_FW_WB_V1.23.0, STM32Cube_FW_WL3_V1.2.0, STM32Cube_FW_WL_V1.3.1, X-CUBE-ALGOBUILD_V1.4.0, X-CUBE-ALS_V1.0.2, X-CUBE-AZRTOS-F4_V1.1.0, X-CUBE-AZRTOS-F7_V1.1.0, X-CUBE-AZRTOS-G0_V1.1.0, X-CUBE-AZRTOS-G4_V2.0.0, X-CUBE-AZRTOS-H7RS_V1.1.0, X-CUBE-AZRTOS-H7_V3.4.0, X-CUBE-AZRTOS-L4_V2.0.0, X-CUBE-AZRTOS-L5_V2.0.0, X-CUBE-AZRTOS-WB_V2.0.0, X-CUBE-AZRTOS-WL_V2.0.0, X-CUBE-BLE1_V7.1.0, X-CUBE-BLE2_V3.3.0, X-CUBE-BLEMGR_V4.1.0, X-CUBE-EEPRMA1_V5.2.0, X-CUBE-FREERTOS_V1.3.1, X-CUBE-GNSS1_V6.0.0, X-CUBE-MEMS1_V11.3.0, X-CUBE-NFC4_V3.0.0, X-CUBE-NFC7_V2.0.0, X-CUBE-SFXS2LP1_V4.0.0, X-CUBE-ST67W61_V1.0.0, X-CUBE-SUBG2_V5.0.0, X-CUBE-TOF1_V3.4.3]
2025-09-25 21:16:06,543 [INFO] DbBoardsSqlite:226 - include board P-NUCLEO-WB55-NUCLEO as a kit item of type 'Nucleo-64'
2025-09-25 21:16:06,544 [INFO] DbBoardsSqlite:226 - include board P-NUCLEO-WB55-USBDONGLE as a kit item of type 'Nucleo USB Dongle'
2025-09-25 21:16:06,546 [INFO] DbBoardsSqlite:226 - include board STEVAL-IDP005V1 as a kit item of type 'Evaluation Board'
2025-09-25 21:16:06,546 [INFO] DbBoardsSqlite:226 - include board STEVAL-IDP005V2 as a kit item of type 'Evaluation Board'
2025-09-25 21:16:06,704 [INFO] ApiDb:240 - Found 880 in-development CPN: [B-G473E-ZEST1S, B-WB1M-WPAN1, B-WBA5M-WPAN, B-WL5M-SUBG1, NUCLEO-C031C6, NUCLEO-C051C8, NUCLEO-C071RB, NUCLEO-C092RC, NUCLEO-H503RB, NUCLEO-H533RE, NUCLEO-H563ZI, NUCLEO-H7S3L8, NUCLEO-N657X0-Q, NUCLEO-U031R8, NUCLEO-U083RC, NUCLEO-U385RG-Q, NUCLEO-U545RE-Q, NUCLEO-U5A5ZJ-Q, NUCLEO-WB05KZ, NUCLEO-WB07CC, NUCLEO-WB09KE, NUCLEO-WBA52CG, NUCLEO-WBA55CG, NUCLEO-WL33CC1, NUCLEO-WL33CC2, STEVAL-PROTEUS1, STEVAL-SMARTAG2, STEVAL-STWINBX1, STM320518-EVAL, STM32C0116-DK, STM32C011D6Y3TR, STM32C011D6Y6TR, STM32C011F4P3, STM32C011F4P6, STM32C011F4U3, STM32C011F4U6TR, STM32C011F6P3, STM32C011F6P6, STM32C011F6U3, STM32C011F6U6TR, STM32C011J4M3, STM32C011J4M6, STM32C011J6M3, STM32C011J6M6, STM32C0316-DK, STM32C031C4T3, STM32C031C4T6, STM32C031C4U3, STM32C031C4U6, STM32C031C6T3, STM32C031C6T6, STM32C031C6U3, STM32C031C6U6, STM32C031F4P3, STM32C031F4P6, STM32C031F6P3, STM32C031F6P6, STM32C031G4U3, STM32C031G4U6, STM32C031G6U3, STM32C031G6U6, STM32C031K4T3, STM32C031K4T6, STM32C031K4U3, STM32C031K4U6, STM32C031K6T3, STM32C031K6T6, STM32C031K6U3, STM32C031K6U6, STM32C051C6T6, STM32C051C6U6, STM32C051C8T6, STM32C051C8U6, STM32C051D8Y6TR, STM32C051F6P6, STM32C051F8P6, STM32C051G6U6, STM32C051G8U6, STM32C051K6T6, STM32C051K6U6, STM32C051K8T6, STM32C071C8T6, STM32C071C8T6N, STM32C071C8U6, STM32C071C8U6N, STM32C071CBT6, STM32C071CBT6N, STM32C071CBU6, STM32C071CBU6N, STM32C071F8P6, STM32C071F8P6N, STM32C071FBP6, STM32C071FBP6N, STM32C071FBY6TR, STM32C071G8U6, STM32C071G8U6N, STM32C071GBU6, STM32C071GBU6N, STM32C071K8T6, STM32C071K8T6N, STM32C071K8U6, STM32C071K8U6N, STM32C071KBT6, STM32C071KBT6N, STM32C071KBU6, STM32C071KBU6N, STM32C071R8T6, STM32C071R8T6N, STM32C071RBI6N, STM32C071RBT6, STM32C071RBT6N, STM32C091CBT6, STM32C091CBU6, STM32C091CCT6, STM32C091CCU6, STM32C091ECY6TR, STM32C091FBP6, STM32C091FCP6, STM32C091GBU6, STM32C091GCU6, STM32C091KBT6, STM32C091KBU6, STM32C091KCT6, STM32C091KCU6, STM32C091RBT6, STM32C091RCI6, STM32C091RCT6, STM32C092CBT6, STM32C092CBU6, STM32C092CCT6, STM32C092CCU6, STM32C092ECY6TR, STM32C092FBP6, STM32C092FCP6, STM32C092GBU6, STM32C092GCU6, STM32C092KBT6, STM32C092KBU6, STM32C092KCT6, STM32C092KCU6, STM32C092RBT6, STM32C092RCI6, STM32C092RCT6, STM32G071K8TXN, STM32G071K8UXN, STM32G081GBU6N, STM32G081KBT6N, STM32G081KBUXN, STM32G0B1CCT6N, STM32G0B1KCT6, STM32G0B1NEY6TR, STM32G0B1RCT6N, STM32G0C1CCT6, STM32G0C1CCT6N, STM32G0C1CCU6N, STM32G0C1CET6N, STM32G0C1CEU6N, STM32G0C1KCT6, STM32G0C1NEY6TR, STM32G0C1RCI6N, STM32G0C1RCT6N, STM32G0C1REI6N, STM32G0C1RET6N, STM32G0C1VCI6, STM32G0C1VEI6, STM32G411C6T3, STM32G411C6T6, STM32G411C6U3, STM32G411C6U6, STM32G411C8T3, STM32G411C8T6, STM32G411C8U3, STM32G411C8U6, STM32G411CBT3, STM32G411CBT6, STM32G411CBU3, STM32G411CBU6, STM32G411K6T3, STM32G411K6T6, STM32G411K6U3, STM32G411K6U6, STM32G411K8T3, STM32G411K8T6, STM32G411K8U3, STM32G411K8U6, STM32G411KBT3, STM32G411KBT6, STM32G411KBU3, STM32G411KBU6, STM32G411M6T3, STM32G411M6T6, STM32G411M8T3, STM32G411M8T6, STM32G411MBT3, STM32G411MBT6, STM32G411R6T3, STM32G411R6T6, STM32G411R8T3, STM32G411R8T6, STM32G411RBT3, STM32G411RBT6, STM32G414CBT3, STM32G414CBT6, STM32G414CBU3, STM32G414CBU6, STM32G414CCT3, STM32G414CCT6, STM32G414CCU3, STM32G414CCU6, STM32G414MBT3, STM32G414MBT6, STM32G414MCT3, STM32G414MCT6, STM32G414RBT3, STM32G414RBT6, STM32G414RCT3, STM32G414RCT6, STM32G414VBT3, STM32G414VBT6, STM32G414VCT3, STM32G414VCT6, STM32G431CBT3Z, STM32G431RBT3Z, STM32G471CCT6, STM32G471CCU6, STM32G471CET3, STM32G471CET6, STM32G471CEU3, STM32G471CEU6, STM32G471MCT6, STM32G471MET3, STM32G471MET6, STM32G471MEY6TR, STM32G471QCT6, STM32G471QET3, STM32G471RCT6, STM32G471RET3, STM32G471RET6, STM32G471VCH6, STM32G471VCI6, STM32G471VCT6, STM32G471VEH3, STM32G471VEH6, STM32G471VEI3, STM32G471VEI6, STM32G471VET3, STM32G471VET6, STM32G473QET3Z, STM32G473RET3Z, STM32G474CCT6, STM32G491RET3Z, STM32H503CBT6, STM32H503CBU6, STM32H503EBY6TR, STM32H503KBU6, STM32H503RBT6, STM32H523CCT6, STM32H523CCU6, STM32H523CET6, STM32H523CEU6, STM32H523HEY6TR, STM32H523RCT6, STM32H523RET6, STM32H523VCI6, STM32H523VCT6, STM32H523VEI6, STM32H523VET6, STM32H523ZCJ6, STM32H523ZCT6, STM32H523ZEJ6, STM32H523ZET6, STM32H533CET6, STM32H533CEU6, STM32H533HEY6TR, STM32H533RET6, STM32H533VEI6, STM32H533VET6, STM32H533ZEJ6, STM32H533ZET6, STM32H562AGI6, STM32H562AII6, STM32H562IGK6, STM32H562IGT6, STM32H562IIK6, STM32H562IIT6, STM32H562RGT6, STM32H562RGV6, STM32H562RIT6, STM32H562RIV6, STM32H562VGT6, STM32H562VIT6, STM32H562ZGT6, STM32H562ZIT6, STM32H563AGI6, STM32H563AII3Q, STM32H563AII6, STM32H563IGK6, STM32H563IGT6, STM32H563IIK3Q, STM32H563IIK6, STM32H563IIT3Q, STM32H563IIT6, STM32H563MIY3QTR, STM32H563RGT6, STM32H563RGV6, STM32H563RIT6, STM32H563RIV6, STM32H563VGT6, STM32H563VIT3Q, STM32H563VIT6, STM32H563ZGT6, STM32H563ZIT3Q, STM32H563ZIT6, STM32H573AII3Q, STM32H573AII6, STM32H573I-DK, STM32H573IIK3Q, STM32H573IIK6, STM32H573IIT3Q, STM32H573IIT6, STM32H573MIY3QTR, STM32H573RIT6, STM32H573RIV6, STM32H573VIT3Q, STM32H573VIT6, STM32H573ZIT3Q, STM32H573ZIT6, STM32H7R3A8I6, STM32H7R3I8K6, STM32H7R3I8T6, STM32H7R3L8H6, STM32H7R3L8H6H, STM32H7R3R8V6, STM32H7R3V8H6, STM32H7R3V8T6, STM32H7R3V8Y6TR, STM32H7R3Z8J6, STM32H7R3Z8T6, STM32H7R7A8I6, STM32H7R7I8K6, STM32H7R7I8T6, STM32H7R7L8H6, STM32H7R7L8H6H, STM32H7R7Z8J6, STM32H7S3A8I6, STM32H7S3I8K6, STM32H7S3I8T6, STM32H7S3L8H6, STM32H7S3L8H6H, STM32H7S3R8V6, STM32H7S3V8H6, STM32H7S3V8T6, STM32H7S3V8Y6TR, STM32H7S3Z8J6, STM32H7S3Z8T6, STM32H7S78-DK, STM32H7S7A8I6, STM32H7S7I8K6, STM32H7S7I8T6, STM32H7S7L8H6, STM32H7S7L8H6H, STM32H7S7Z8J6, STM32L4R5QGI6STR, STM32MP131AAE3, STM32MP131AAF3, STM32MP131AAG3, STM32MP131CAE3, STM32MP131CAF3, STM32MP131CAG3, STM32MP131DAE7, STM32MP131DAF7, STM32MP131DAG7, STM32MP131FAE7, STM32MP131FAF7, STM32MP131FAG7, STM32MP133AAE3, STM32MP133AAF3, STM32MP133AAG3, STM32MP133CAE3, STM32MP133CAF3, STM32MP133CAG3, STM32MP133DAE7, STM32MP133DAF7, STM32MP133DAG7, STM32MP133FAE7, STM32MP133FAF7, STM32MP133FAG7, STM32MP135AAE3, STM32MP135AAF3, STM32MP135AAG3, STM32MP135CAE3, STM32MP135CAF3, STM32MP135CAG3, STM32MP135DAE7, STM32MP135DAF7, STM32MP135DAG7, STM32MP135F-DK, STM32MP135FAE7, STM32MP135FAF7, STM32MP135FAF7T, STM32MP135FAF7U, STM32MP135FAG7, STM32MP211AAL3, STM32MP211AAM3, STM32MP211AAN3, STM32MP211AAO3, STM32MP211CAL3, STM32MP211CAM3, STM32MP211CAN3, STM32MP211CAO3, STM32MP211DAL3, STM32MP211DAM3, STM32MP211DAN3, STM32MP211DAO3, STM32MP211FAL3, STM32MP211FAM3, STM32MP211FAN3, STM32MP211FAO3, STM32MP213AAL3, STM32MP213AAM3, STM32MP213AAN3, STM32MP213AAO3, STM32MP213CAL3, STM32MP213CAM3, STM32MP213CAN3, STM32MP213CAO3, STM32MP213DAL3, STM32MP213DAM3, STM32MP213DAN3, STM32MP213DAO3, STM32MP213FAL3, STM32MP213FAM3, STM32MP213FAN3, STM32MP213FAO3, STM32MP215AAL3, STM32MP215AAM3, STM32MP215AAN3, STM32MP215AAO3, STM32MP215CAL3, STM32MP215CAM3, STM32MP215CAN3, STM32MP215CAO3, STM32MP215DAL3, STM32MP215DAM3, STM32MP215DAN3, STM32MP215DAO3, STM32MP215F-DK, STM32MP215FAL3, STM32MP215FAM3, STM32MP215FAN3, STM32MP215FAO3, STM32MP231AAJ3, STM32MP231AAK3, STM32MP231AAL3, STM32MP231CAJ3, STM32MP231CAK3, STM32MP231CAL3, STM32MP231DAJ3, STM32MP231DAK3, STM32MP231DAL3, STM32MP231FAJ3, STM32MP231FAK3, STM32MP231FAL3, STM32MP233AAJ3, STM32MP233AAK3, STM32MP233AAL3, STM32MP233CAJ3, STM32MP233CAK3, STM32MP233CAL3, STM32MP233DAJ3, STM32MP233DAK3, STM32MP233DAL3, STM32MP233FAJ3, STM32MP233FAK3, STM32MP233FAL3, STM32MP235AAJ3, STM32MP235AAK3, STM32MP235AAL3, STM32MP235CAJ3, STM32MP235CAK3, STM32MP235CAL3, STM32MP235DAJ3, STM32MP235DAK3, STM32MP235DAL3, STM32MP235FAJ3, STM32MP235FAK3, STM32MP235FAL3, STM32MP251AAI3, STM32MP251AAK3, STM32MP251AAL3, STM32MP251CAI3, STM32MP251CAK3, STM32MP251CAL3, STM32MP251DAI3, STM32MP251DAK3, STM32MP251DAL3, STM32MP251FAI3, STM32MP251FAK3, STM32MP251FAL3, STM32MP253AAI3, STM32MP253AAK3, STM32MP253AAL3, STM32MP253CAI3, STM32MP253CAK3, STM32MP253CAL3, STM32MP253DAI3, STM32MP253DAK3, STM32MP253DAL3, STM32MP253FAI3, STM32MP253FAK3, STM32MP253FAL3, STM32MP255AAI3, STM32MP255AAK3, STM32MP255AAL3, STM32MP255CAI3, STM32MP255CAK3, STM32MP255CAL3, STM32MP255DAI3, STM32MP255DAK3, STM32MP255DAL3, STM32MP255FAI3, STM32MP255FAK3, STM32MP255FAL3, STM32MP257AAI3, STM32MP257AAK3, STM32MP257AAL3, STM32MP257CAI3, STM32MP257CAK3, STM32MP257CAL3, STM32MP257DAI3, STM32MP257DAK3, STM32MP257DAL3, STM32MP257F-DK, STM32MP257F-EV1, STM32MP257FAI3, STM32MP257FAK3, STM32MP257FAL3, STM32N645A0H3Q, STM32N645B0H3Q, STM32N645I0H3Q, STM32N645L0H3Q, STM32N645X0H3Q, STM32N645Z0H3Q, STM32N647A0H3Q, STM32N647B0H3Q, STM32N647I0H3Q, STM32N647L0H3Q, STM32N647X0H3Q, STM32N647Z0H3Q, STM32N655A0H3Q, STM32N655B0H3Q, STM32N655I0H3Q, STM32N655L0H3Q, STM32N655X0H3Q, STM32N655Z0H3Q, STM32N6570-DK, STM32N657A0H3Q, STM32N657B0H3Q, STM32N657I0H3Q, STM32N657L0H3Q, STM32N657X0H3Q, STM32N657Z0H3Q, STM32U031C6T6, STM32U031C6U6, STM32U031C8T6, STM32U031C8U6, STM32U031F4P6, STM32U031F6P6, STM32U031F8P6, STM32U031G6Y6TR, STM32U031G8Y6TR, STM32U031K4U6, STM32U031K6U6, STM32U031K8U6, STM32U031R6I6, STM32U031R6T6, STM32U031R8I6, STM32U031R8T6, STM32U073C8T6, STM32U073C8U6, STM32U073CBT6, STM32U073CBU6, STM32U073CCT6, STM32U073CCU6, STM32U073H8Y6TR, STM32U073HBY6TR, STM32U073HCY6TR, STM32U073K8U6, STM32U073KBU6, STM32U073KCU6, STM32U073M8I6, STM32U073M8T6, STM32U073MBI6, STM32U073MBT6, STM32U073MCI6, STM32U073MCT6, STM32U073R8I6, STM32U073R8T6, STM32U073RBI6, STM32U073RBT6, STM32U073RCI6, STM32U073RCT6, STM32U083C-DK, STM32U083CCT6, STM32U083CCU6, STM32U083HCY6TR, STM32U083KCU6, STM32U083MCI6, STM32U083MCT6, STM32U083RCI6, STM32U083RCT6, STM32U375CET6, STM32U375CET6Q, STM32U375CEU6, STM32U375CEU6Q, STM32U375CEY6QTR, STM32U375CGT6, STM32U375CGT6Q, STM32U375CGU6, STM32U375CGU6Q, STM32U375CGY6QTR, STM32U375KEU6, STM32U375KGU6, STM32U375REI6, STM32U375REI6Q, STM32U375RET6, STM32U375RET6Q, STM32U375REY6GTR, STM32U375REY6QTR, STM32U375RGI6, STM32U375RGI6Q, STM32U375RGT6, STM32U375RGT6Q, STM32U375RGY6GTR, STM32U375RGY6QTR, STM32U375VEI6, STM32U375VEI6Q, STM32U375VET6, STM32U375VET6Q, STM32U375VGI6, STM32U375VGI6Q, STM32U375VGT6, STM32U375VGT6Q, STM32U385CGT6, STM32U385CGT6Q, STM32U385CGU6, STM32U385CGU6Q, STM32U385CGY6QTR, STM32U385KGU6, STM32U385RGI6, STM32U385RGI6Q, STM32U385RGT6, STM32U385RGT6Q, STM32U385RGY6GTR, STM32U385RGY6QTR, STM32U385VGI6, STM32U385VGI6Q, STM32U385VGT6, STM32U385VGT6Q, STM32U535CBT6, STM32U535CBT6Q, STM32U535CBU6, STM32U535CBU6Q, STM32U535CCT6, STM32U535CCT6Q, STM32U535CCU6, STM32U535CCU6Q, STM32U535CET6, STM32U535CET6Q, STM32U535CEU6, STM32U535CEU6Q, STM32U535JEY6QTR, STM32U535NCY6QTR, STM32U535NEY6QTR, STM32U535RBI6, STM32U535RBI6Q, STM32U535RBT6, STM32U535RBT6Q, STM32U535RCI6, STM32U535RCI6Q, STM32U535RCT6, STM32U535RCT6Q, STM32U535REI6, STM32U535REI6Q, STM32U535RET6, STM32U535RET6Q, STM32U535VCI6, STM32U535VCI6Q, STM32U535VCT6, STM32U535VCT6Q, STM32U535VEI6, STM32U535VEI6Q, STM32U535VET6, STM32U535VET6Q, STM32U545CET6, STM32U545CET6Q, STM32U545CEU6, STM32U545CEU6Q, STM32U545JEY6QTR, STM32U545NEY6QTR, STM32U545REI6, STM32U545REI6Q, STM32U545RET6, STM32U545RET6Q, STM32U545VEI6, STM32U545VEI6Q, STM32U545VET6, STM32U545VET6Q, STM32U595AIH6, STM32U595AIH6Q, STM32U595AJH6, STM32U595AJH6Q, STM32U595QII6, STM32U595QII6Q, STM32U595QJI6, STM32U595QJI6Q, STM32U595RIT6, STM32U595RIT6Q, STM32U595RJT6, STM32U595RJT6Q, STM32U595VIT6, STM32U595VIT6Q, STM32U595VJT6, STM32U595VJT6Q, STM32U595ZIT6, STM32U595ZIT6Q, STM32U595ZIY6QTR, STM32U595ZJT6, STM32U595ZJT6Q, STM32U595ZJY6QTR, STM32U599BJY6QTR, STM32U599NIH6Q, STM32U599NJH6Q, STM32U599VIT6Q, STM32U599VJT6, STM32U599VJT6Q, STM32U599ZIT6Q, STM32U599ZIY6QTR, STM32U599ZJT6Q, STM32U599ZJY6QTR, STM32U5A5AJH6, STM32U5A5AJH6Q, STM32U5A5QII3Q , STM32U5A5QJI6, STM32U5A5QJI6Q, STM32U5A5RJT6, STM32U5A5RJT6Q, STM32U5A5VJT6, STM32U5A5VJT6Q, STM32U5A5ZJT6, STM32U5A5ZJT6Q, STM32U5A5ZJY6QTR, STM32U5A9BJY6QTR, STM32U5A9J-DK, STM32U5A9NJH6Q, STM32U5A9VJT6Q, STM32U5A9ZJT6Q, STM32U5A9ZJY6QTR, STM32U5F7VIT6, STM32U5F7VIT6Q, STM32U5F7VJT6, STM32U5F7VJT6Q, STM32U5F9BJY6QTR, STM32U5F9NJH6Q, STM32U5F9VIT6Q, STM32U5F9VJT6Q, STM32U5F9ZIJ6QTR, STM32U5F9ZIT6Q, STM32U5F9ZJJ6QTR, STM32U5F9ZJT6Q, STM32U5G7VJT6, STM32U5G7VJT6Q, STM32U5G9BJY6QTR, STM32U5G9J-DK1, STM32U5G9J-DK2, STM32U5G9NJH6Q, STM32U5G9VJT6Q, STM32U5G9ZJJ6QTR, STM32U5G9ZJT6Q, STM32WB05KZV6TR, STM32WB05KZV7TR, STM32WB05TZF6TR, STM32WB05TZF7TR, STM32WB06CCF6TR, STM32WB06CCF7TR, STM32WB06CCV6TR, STM32WB06CCV7TR, STM32WB06KCV6TR, STM32WB06KCV7TR, STM32WB07CCF6TR, STM32WB07CCF7TR, STM32WB07CCV6TR, STM32WB07CCV7TR, STM32WB07KCV6TR, STM32WB07KCV7TR, STM32WB09KEV6TR, STM32WB09KEV7TR, STM32WB09TEF6TR, STM32WB09TEF7TR, STM32WB1MMCH6, STM32WBA50KGU6, STM32WBA50KGU6TR, STM32WBA52CEU6, STM32WBA52CEU6TR, STM32WBA52CEU7, STM32WBA52CEU7TR, STM32WBA52CGU6, STM32WBA52CGU6TR, STM32WBA52CGU6U, STM32WBA52CGU7, STM32WBA52CGU7TR, STM32WBA52KEU6, STM32WBA52KEU6TR, STM32WBA52KGU6, STM32WBA52KGU6TR, STM32WBA54CEU6, STM32WBA54CEU6TR, STM32WBA54CEU7, STM32WBA54CEU7TR, STM32WBA54CGU6, STM32WBA54CGU6TR, STM32WBA54CGU7, STM32WBA54CGU7TR, STM32WBA54KEU6, STM32WBA54KEU6TR, STM32WBA54KEU7, STM32WBA54KEU7TR, STM32WBA54KGU6, STM32WBA54KGU6TR, STM32WBA54KGU7, STM32WBA54KGU7TR, STM32WBA55CEU6, STM32WBA55CEU6TR, STM32WBA55CEU7, STM32WBA55CEU7TR, STM32WBA55CGU6, STM32WBA55CGU6TR, STM32WBA55CGU6U, STM32WBA55CGU7, STM32WBA55CGU7TR, STM32WBA55G-DK1, STM32WBA55HEF6, STM32WBA55HEF7, STM32WBA55HGF6, STM32WBA55HGF7, STM32WBA55UEI6, STM32WBA55UEI6TR, STM32WBA55UEI7, STM32WBA55UEI7TR, STM32WBA55UGI6, STM32WBA55UGI6TR, STM32WBA55UGI7, STM32WBA55UGI7TR, STM32WBA5MMGH6TR, STM32WBA62MGF6, STM32WBA62MIF6, STM32WBA65MGF7, STM32WBA65MIF6, STM32WBA65MIF7, STM32WL30K8V6, STM32WL30KBV6, STM32WL31C8V6, STM32WL31CBV6, STM32WL31K8V6, STM32WL31KBV6, STM32WL33C8V6, STM32WL33C8V6X, STM32WL33CBV6, STM32WL33CBV6X, STM32WL33CCV6, STM32WL33CCV6A, STM32WL33CCV6X, STM32WL33K8V7, STM32WL33K8V7X, STM32WL33KBV7 , STM32WL33KBV7X, STM32WL33KCV7, STM32WL33KCV7X, STM32WL5MOCH6, STM32WL5MOCH6TR]
2025-09-25 21:16:06,956 [INFO] BoardInfo:889 - No configuration file found for board P-NUCLEO-WB55
2025-09-25 21:16:06,957 [INFO] DbBoards:161 - Kit is not supported: P-NUCLEO-WB55
2025-09-25 21:16:06,965 [INFO] BoardInfo:889 - No configuration file found for board STEVAL-BFA001V1B
2025-09-25 21:16:06,966 [INFO] DbBoards:161 - Kit is not supported: STEVAL-BFA001V1B
2025-09-25 21:16:06,968 [INFO] BoardInfo:889 - No configuration file found for board STEVAL-BFA001V2B
2025-09-25 21:16:06,969 [INFO] DbBoards:161 - Kit is not supported: STEVAL-BFA001V2B
2025-09-25 21:16:07,258 [INFO] DbBoards:168 - Found 212 boards, 209 are supported
2025-09-25 21:16:07,258 [INFO] DbBoards:169 - Found 212 boards, 43 of them is supported for  Bsp
2025-09-25 21:16:07,269 [INFO] ApiDb:668 - CubeFinder database Data Model version=2.1
2025-09-25 21:16:07,269 [INFO] ApiDb:669 - CubeFinder database Configuration version=3.0.39
2025-09-25 21:16:07,270 [INFO] ApiDb:670 - CubeFinder database generation date=2025-07-24 (1753349077)
2025-09-25 21:16:07,270 [INFO] ApiDb:671 - CubeFinder database FW Pack versions=[FP-ATR-ASTRA1_V2.0.0, FP-SNS-FLIGHT1_V5.1.0, FP-SNS-MOTENV1_V5.0.0, FP-SNS-MOTENVWB1_V1.4.0, FP-SNS-SMARTAG2_V1.2.0, FP-SNS-STBOX1_V2.0.0, STM32Cube_FW_C0_V1.4.0, STM32Cube_FW_F4_V1.28.2, STM32Cube_FW_F7_V1.17.3, STM32Cube_FW_G0_V1.6.2, STM32Cube_FW_G4_V1.6.1, STM32Cube_FW_H5_V1.5.0, STM32Cube_FW_H7RS_V1.2.0, STM32Cube_FW_H7_V1.12.1, STM32Cube_FW_L0_V1.12.2, STM32Cube_FW_L4_V1.18.1, STM32Cube_FW_L5_V1.5.1, STM32Cube_FW_N6_V1.2.0, STM32Cube_FW_U0_V1.3.0, STM32Cube_FW_U3_V1.2.0, STM32Cube_FW_U5_V1.8.0, STM32Cube_FW_WB0_V1.3.0, STM32Cube_FW_WBA_V1.7.0, STM32Cube_FW_WB_V1.23.0, STM32Cube_FW_WL3_V1.2.0, STM32Cube_FW_WL_V1.3.1, X-CUBE-ALGOBUILD_V1.4.0, X-CUBE-ALS_V1.0.2, X-CUBE-AZRTOS-F4_V1.1.0, X-CUBE-AZRTOS-F7_V1.1.0, X-CUBE-AZRTOS-G0_V1.1.0, X-CUBE-AZRTOS-G4_V2.0.0, X-CUBE-AZRTOS-H7RS_V1.1.0, X-CUBE-AZRTOS-H7_V3.4.0, X-CUBE-AZRTOS-L4_V2.0.0, X-CUBE-AZRTOS-L5_V2.0.0, X-CUBE-AZRTOS-WB_V2.0.0, X-CUBE-AZRTOS-WL_V2.0.0, X-CUBE-BLE1_V7.1.0, X-CUBE-BLE2_V3.3.0, X-CUBE-BLEMGR_V4.1.0, X-CUBE-EEPRMA1_V5.2.0, X-CUBE-FREERTOS_V1.3.1, X-CUBE-GNSS1_V6.0.0, X-CUBE-MEMS1_V11.3.0, X-CUBE-NFC4_V3.0.0, X-CUBE-NFC7_V2.0.0, X-CUBE-SFXS2LP1_V4.0.0, X-CUBE-ST67W61_V1.0.0, X-CUBE-SUBG2_V5.0.0, X-CUBE-TOF1_V3.4.3]
2025-09-25 21:16:14,039 [INFO] ApiDb:240 - Found 880 in-development CPN: [B-G473E-ZEST1S, B-WB1M-WPAN1, B-WBA5M-WPAN, B-WL5M-SUBG1, NUCLEO-C031C6, NUCLEO-C051C8, NUCLEO-C071RB, NUCLEO-C092RC, NUCLEO-H503RB, NUCLEO-H533RE, NUCLEO-H563ZI, NUCLEO-H7S3L8, NUCLEO-N657X0-Q, NUCLEO-U031R8, NUCLEO-U083RC, NUCLEO-U385RG-Q, NUCLEO-U545RE-Q, NUCLEO-U5A5ZJ-Q, NUCLEO-WB05KZ, NUCLEO-WB07CC, NUCLEO-WB09KE, NUCLEO-WBA52CG, NUCLEO-WBA55CG, NUCLEO-WL33CC1, NUCLEO-WL33CC2, STEVAL-PROTEUS1, STEVAL-SMARTAG2, STEVAL-STWINBX1, STM320518-EVAL, STM32C0116-DK, STM32C011D6Y3TR, STM32C011D6Y6TR, STM32C011F4P3, STM32C011F4P6, STM32C011F4U3, STM32C011F4U6TR, STM32C011F6P3, STM32C011F6P6, STM32C011F6U3, STM32C011F6U6TR, STM32C011J4M3, STM32C011J4M6, STM32C011J6M3, STM32C011J6M6, STM32C0316-DK, STM32C031C4T3, STM32C031C4T6, STM32C031C4U3, STM32C031C4U6, STM32C031C6T3, STM32C031C6T6, STM32C031C6U3, STM32C031C6U6, STM32C031F4P3, STM32C031F4P6, STM32C031F6P3, STM32C031F6P6, STM32C031G4U3, STM32C031G4U6, STM32C031G6U3, STM32C031G6U6, STM32C031K4T3, STM32C031K4T6, STM32C031K4U3, STM32C031K4U6, STM32C031K6T3, STM32C031K6T6, STM32C031K6U3, STM32C031K6U6, STM32C051C6T6, STM32C051C6U6, STM32C051C8T6, STM32C051C8U6, STM32C051D8Y6TR, STM32C051F6P6, STM32C051F8P6, STM32C051G6U6, STM32C051G8U6, STM32C051K6T6, STM32C051K6U6, STM32C051K8T6, STM32C071C8T6, STM32C071C8T6N, STM32C071C8U6, STM32C071C8U6N, STM32C071CBT6, STM32C071CBT6N, STM32C071CBU6, STM32C071CBU6N, STM32C071F8P6, STM32C071F8P6N, STM32C071FBP6, STM32C071FBP6N, STM32C071FBY6TR, STM32C071G8U6, STM32C071G8U6N, STM32C071GBU6, STM32C071GBU6N, STM32C071K8T6, STM32C071K8T6N, STM32C071K8U6, STM32C071K8U6N, STM32C071KBT6, STM32C071KBT6N, STM32C071KBU6, STM32C071KBU6N, STM32C071R8T6, STM32C071R8T6N, STM32C071RBI6N, STM32C071RBT6, STM32C071RBT6N, STM32C091CBT6, STM32C091CBU6, STM32C091CCT6, STM32C091CCU6, STM32C091ECY6TR, STM32C091FBP6, STM32C091FCP6, STM32C091GBU6, STM32C091GCU6, STM32C091KBT6, STM32C091KBU6, STM32C091KCT6, STM32C091KCU6, STM32C091RBT6, STM32C091RCI6, STM32C091RCT6, STM32C092CBT6, STM32C092CBU6, STM32C092CCT6, STM32C092CCU6, STM32C092ECY6TR, STM32C092FBP6, STM32C092FCP6, STM32C092GBU6, STM32C092GCU6, STM32C092KBT6, STM32C092KBU6, STM32C092KCT6, STM32C092KCU6, STM32C092RBT6, STM32C092RCI6, STM32C092RCT6, STM32G071K8TXN, STM32G071K8UXN, STM32G081GBU6N, STM32G081KBT6N, STM32G081KBUXN, STM32G0B1CCT6N, STM32G0B1KCT6, STM32G0B1NEY6TR, STM32G0B1RCT6N, STM32G0C1CCT6, STM32G0C1CCT6N, STM32G0C1CCU6N, STM32G0C1CET6N, STM32G0C1CEU6N, STM32G0C1KCT6, STM32G0C1NEY6TR, STM32G0C1RCI6N, STM32G0C1RCT6N, STM32G0C1REI6N, STM32G0C1RET6N, STM32G0C1VCI6, STM32G0C1VEI6, STM32G411C6T3, STM32G411C6T6, STM32G411C6U3, STM32G411C6U6, STM32G411C8T3, STM32G411C8T6, STM32G411C8U3, STM32G411C8U6, STM32G411CBT3, STM32G411CBT6, STM32G411CBU3, STM32G411CBU6, STM32G411K6T3, STM32G411K6T6, STM32G411K6U3, STM32G411K6U6, STM32G411K8T3, STM32G411K8T6, STM32G411K8U3, STM32G411K8U6, STM32G411KBT3, STM32G411KBT6, STM32G411KBU3, STM32G411KBU6, STM32G411M6T3, STM32G411M6T6, STM32G411M8T3, STM32G411M8T6, STM32G411MBT3, STM32G411MBT6, STM32G411R6T3, STM32G411R6T6, STM32G411R8T3, STM32G411R8T6, STM32G411RBT3, STM32G411RBT6, STM32G414CBT3, STM32G414CBT6, STM32G414CBU3, STM32G414CBU6, STM32G414CCT3, STM32G414CCT6, STM32G414CCU3, STM32G414CCU6, STM32G414MBT3, STM32G414MBT6, STM32G414MCT3, STM32G414MCT6, STM32G414RBT3, STM32G414RBT6, STM32G414RCT3, STM32G414RCT6, STM32G414VBT3, STM32G414VBT6, STM32G414VCT3, STM32G414VCT6, STM32G431CBT3Z, STM32G431RBT3Z, STM32G471CCT6, STM32G471CCU6, STM32G471CET3, STM32G471CET6, STM32G471CEU3, STM32G471CEU6, STM32G471MCT6, STM32G471MET3, STM32G471MET6, STM32G471MEY6TR, STM32G471QCT6, STM32G471QET3, STM32G471RCT6, STM32G471RET3, STM32G471RET6, STM32G471VCH6, STM32G471VCI6, STM32G471VCT6, STM32G471VEH3, STM32G471VEH6, STM32G471VEI3, STM32G471VEI6, STM32G471VET3, STM32G471VET6, STM32G473QET3Z, STM32G473RET3Z, STM32G474CCT6, STM32G491RET3Z, STM32H503CBT6, STM32H503CBU6, STM32H503EBY6TR, STM32H503KBU6, STM32H503RBT6, STM32H523CCT6, STM32H523CCU6, STM32H523CET6, STM32H523CEU6, STM32H523HEY6TR, STM32H523RCT6, STM32H523RET6, STM32H523VCI6, STM32H523VCT6, STM32H523VEI6, STM32H523VET6, STM32H523ZCJ6, STM32H523ZCT6, STM32H523ZEJ6, STM32H523ZET6, STM32H533CET6, STM32H533CEU6, STM32H533HEY6TR, STM32H533RET6, STM32H533VEI6, STM32H533VET6, STM32H533ZEJ6, STM32H533ZET6, STM32H562AGI6, STM32H562AII6, STM32H562IGK6, STM32H562IGT6, STM32H562IIK6, STM32H562IIT6, STM32H562RGT6, STM32H562RGV6, STM32H562RIT6, STM32H562RIV6, STM32H562VGT6, STM32H562VIT6, STM32H562ZGT6, STM32H562ZIT6, STM32H563AGI6, STM32H563AII3Q, STM32H563AII6, STM32H563IGK6, STM32H563IGT6, STM32H563IIK3Q, STM32H563IIK6, STM32H563IIT3Q, STM32H563IIT6, STM32H563MIY3QTR, STM32H563RGT6, STM32H563RGV6, STM32H563RIT6, STM32H563RIV6, STM32H563VGT6, STM32H563VIT3Q, STM32H563VIT6, STM32H563ZGT6, STM32H563ZIT3Q, STM32H563ZIT6, STM32H573AII3Q, STM32H573AII6, STM32H573I-DK, STM32H573IIK3Q, STM32H573IIK6, STM32H573IIT3Q, STM32H573IIT6, STM32H573MIY3QTR, STM32H573RIT6, STM32H573RIV6, STM32H573VIT3Q, STM32H573VIT6, STM32H573ZIT3Q, STM32H573ZIT6, STM32H7R3A8I6, STM32H7R3I8K6, STM32H7R3I8T6, STM32H7R3L8H6, STM32H7R3L8H6H, STM32H7R3R8V6, STM32H7R3V8H6, STM32H7R3V8T6, STM32H7R3V8Y6TR, STM32H7R3Z8J6, STM32H7R3Z8T6, STM32H7R7A8I6, STM32H7R7I8K6, STM32H7R7I8T6, STM32H7R7L8H6, STM32H7R7L8H6H, STM32H7R7Z8J6, STM32H7S3A8I6, STM32H7S3I8K6, STM32H7S3I8T6, STM32H7S3L8H6, STM32H7S3L8H6H, STM32H7S3R8V6, STM32H7S3V8H6, STM32H7S3V8T6, STM32H7S3V8Y6TR, STM32H7S3Z8J6, STM32H7S3Z8T6, STM32H7S78-DK, STM32H7S7A8I6, STM32H7S7I8K6, STM32H7S7I8T6, STM32H7S7L8H6, STM32H7S7L8H6H, STM32H7S7Z8J6, STM32L4R5QGI6STR, STM32MP131AAE3, STM32MP131AAF3, STM32MP131AAG3, STM32MP131CAE3, STM32MP131CAF3, STM32MP131CAG3, STM32MP131DAE7, STM32MP131DAF7, STM32MP131DAG7, STM32MP131FAE7, STM32MP131FAF7, STM32MP131FAG7, STM32MP133AAE3, STM32MP133AAF3, STM32MP133AAG3, STM32MP133CAE3, STM32MP133CAF3, STM32MP133CAG3, STM32MP133DAE7, STM32MP133DAF7, STM32MP133DAG7, STM32MP133FAE7, STM32MP133FAF7, STM32MP133FAG7, STM32MP135AAE3, STM32MP135AAF3, STM32MP135AAG3, STM32MP135CAE3, STM32MP135CAF3, STM32MP135CAG3, STM32MP135DAE7, STM32MP135DAF7, STM32MP135DAG7, STM32MP135F-DK, STM32MP135FAE7, STM32MP135FAF7, STM32MP135FAF7T, STM32MP135FAF7U, STM32MP135FAG7, STM32MP211AAL3, STM32MP211AAM3, STM32MP211AAN3, STM32MP211AAO3, STM32MP211CAL3, STM32MP211CAM3, STM32MP211CAN3, STM32MP211CAO3, STM32MP211DAL3, STM32MP211DAM3, STM32MP211DAN3, STM32MP211DAO3, STM32MP211FAL3, STM32MP211FAM3, STM32MP211FAN3, STM32MP211FAO3, STM32MP213AAL3, STM32MP213AAM3, STM32MP213AAN3, STM32MP213AAO3, STM32MP213CAL3, STM32MP213CAM3, STM32MP213CAN3, STM32MP213CAO3, STM32MP213DAL3, STM32MP213DAM3, STM32MP213DAN3, STM32MP213DAO3, STM32MP213FAL3, STM32MP213FAM3, STM32MP213FAN3, STM32MP213FAO3, STM32MP215AAL3, STM32MP215AAM3, STM32MP215AAN3, STM32MP215AAO3, STM32MP215CAL3, STM32MP215CAM3, STM32MP215CAN3, STM32MP215CAO3, STM32MP215DAL3, STM32MP215DAM3, STM32MP215DAN3, STM32MP215DAO3, STM32MP215F-DK, STM32MP215FAL3, STM32MP215FAM3, STM32MP215FAN3, STM32MP215FAO3, STM32MP231AAJ3, STM32MP231AAK3, STM32MP231AAL3, STM32MP231CAJ3, STM32MP231CAK3, STM32MP231CAL3, STM32MP231DAJ3, STM32MP231DAK3, STM32MP231DAL3, STM32MP231FAJ3, STM32MP231FAK3, STM32MP231FAL3, STM32MP233AAJ3, STM32MP233AAK3, STM32MP233AAL3, STM32MP233CAJ3, STM32MP233CAK3, STM32MP233CAL3, STM32MP233DAJ3, STM32MP233DAK3, STM32MP233DAL3, STM32MP233FAJ3, STM32MP233FAK3, STM32MP233FAL3, STM32MP235AAJ3, STM32MP235AAK3, STM32MP235AAL3, STM32MP235CAJ3, STM32MP235CAK3, STM32MP235CAL3, STM32MP235DAJ3, STM32MP235DAK3, STM32MP235DAL3, STM32MP235FAJ3, STM32MP235FAK3, STM32MP235FAL3, STM32MP251AAI3, STM32MP251AAK3, STM32MP251AAL3, STM32MP251CAI3, STM32MP251CAK3, STM32MP251CAL3, STM32MP251DAI3, STM32MP251DAK3, STM32MP251DAL3, STM32MP251FAI3, STM32MP251FAK3, STM32MP251FAL3, STM32MP253AAI3, STM32MP253AAK3, STM32MP253AAL3, STM32MP253CAI3, STM32MP253CAK3, STM32MP253CAL3, STM32MP253DAI3, STM32MP253DAK3, STM32MP253DAL3, STM32MP253FAI3, STM32MP253FAK3, STM32MP253FAL3, STM32MP255AAI3, STM32MP255AAK3, STM32MP255AAL3, STM32MP255CAI3, STM32MP255CAK3, STM32MP255CAL3, STM32MP255DAI3, STM32MP255DAK3, STM32MP255DAL3, STM32MP255FAI3, STM32MP255FAK3, STM32MP255FAL3, STM32MP257AAI3, STM32MP257AAK3, STM32MP257AAL3, STM32MP257CAI3, STM32MP257CAK3, STM32MP257CAL3, STM32MP257DAI3, STM32MP257DAK3, STM32MP257DAL3, STM32MP257F-DK, STM32MP257F-EV1, STM32MP257FAI3, STM32MP257FAK3, STM32MP257FAL3, STM32N645A0H3Q, STM32N645B0H3Q, STM32N645I0H3Q, STM32N645L0H3Q, STM32N645X0H3Q, STM32N645Z0H3Q, STM32N647A0H3Q, STM32N647B0H3Q, STM32N647I0H3Q, STM32N647L0H3Q, STM32N647X0H3Q, STM32N647Z0H3Q, STM32N655A0H3Q, STM32N655B0H3Q, STM32N655I0H3Q, STM32N655L0H3Q, STM32N655X0H3Q, STM32N655Z0H3Q, STM32N6570-DK, STM32N657A0H3Q, STM32N657B0H3Q, STM32N657I0H3Q, STM32N657L0H3Q, STM32N657X0H3Q, STM32N657Z0H3Q, STM32U031C6T6, STM32U031C6U6, STM32U031C8T6, STM32U031C8U6, STM32U031F4P6, STM32U031F6P6, STM32U031F8P6, STM32U031G6Y6TR, STM32U031G8Y6TR, STM32U031K4U6, STM32U031K6U6, STM32U031K8U6, STM32U031R6I6, STM32U031R6T6, STM32U031R8I6, STM32U031R8T6, STM32U073C8T6, STM32U073C8U6, STM32U073CBT6, STM32U073CBU6, STM32U073CCT6, STM32U073CCU6, STM32U073H8Y6TR, STM32U073HBY6TR, STM32U073HCY6TR, STM32U073K8U6, STM32U073KBU6, STM32U073KCU6, STM32U073M8I6, STM32U073M8T6, STM32U073MBI6, STM32U073MBT6, STM32U073MCI6, STM32U073MCT6, STM32U073R8I6, STM32U073R8T6, STM32U073RBI6, STM32U073RBT6, STM32U073RCI6, STM32U073RCT6, STM32U083C-DK, STM32U083CCT6, STM32U083CCU6, STM32U083HCY6TR, STM32U083KCU6, STM32U083MCI6, STM32U083MCT6, STM32U083RCI6, STM32U083RCT6, STM32U375CET6, STM32U375CET6Q, STM32U375CEU6, STM32U375CEU6Q, STM32U375CEY6QTR, STM32U375CGT6, STM32U375CGT6Q, STM32U375CGU6, STM32U375CGU6Q, STM32U375CGY6QTR, STM32U375KEU6, STM32U375KGU6, STM32U375REI6, STM32U375REI6Q, STM32U375RET6, STM32U375RET6Q, STM32U375REY6GTR, STM32U375REY6QTR, STM32U375RGI6, STM32U375RGI6Q, STM32U375RGT6, STM32U375RGT6Q, STM32U375RGY6GTR, STM32U375RGY6QTR, STM32U375VEI6, STM32U375VEI6Q, STM32U375VET6, STM32U375VET6Q, STM32U375VGI6, STM32U375VGI6Q, STM32U375VGT6, STM32U375VGT6Q, STM32U385CGT6, STM32U385CGT6Q, STM32U385CGU6, STM32U385CGU6Q, STM32U385CGY6QTR, STM32U385KGU6, STM32U385RGI6, STM32U385RGI6Q, STM32U385RGT6, STM32U385RGT6Q, STM32U385RGY6GTR, STM32U385RGY6QTR, STM32U385VGI6, STM32U385VGI6Q, STM32U385VGT6, STM32U385VGT6Q, STM32U535CBT6, STM32U535CBT6Q, STM32U535CBU6, STM32U535CBU6Q, STM32U535CCT6, STM32U535CCT6Q, STM32U535CCU6, STM32U535CCU6Q, STM32U535CET6, STM32U535CET6Q, STM32U535CEU6, STM32U535CEU6Q, STM32U535JEY6QTR, STM32U535NCY6QTR, STM32U535NEY6QTR, STM32U535RBI6, STM32U535RBI6Q, STM32U535RBT6, STM32U535RBT6Q, STM32U535RCI6, STM32U535RCI6Q, STM32U535RCT6, STM32U535RCT6Q, STM32U535REI6, STM32U535REI6Q, STM32U535RET6, STM32U535RET6Q, STM32U535VCI6, STM32U535VCI6Q, STM32U535VCT6, STM32U535VCT6Q, STM32U535VEI6, STM32U535VEI6Q, STM32U535VET6, STM32U535VET6Q, STM32U545CET6, STM32U545CET6Q, STM32U545CEU6, STM32U545CEU6Q, STM32U545JEY6QTR, STM32U545NEY6QTR, STM32U545REI6, STM32U545REI6Q, STM32U545RET6, STM32U545RET6Q, STM32U545VEI6, STM32U545VEI6Q, STM32U545VET6, STM32U545VET6Q, STM32U595AIH6, STM32U595AIH6Q, STM32U595AJH6, STM32U595AJH6Q, STM32U595QII6, STM32U595QII6Q, STM32U595QJI6, STM32U595QJI6Q, STM32U595RIT6, STM32U595RIT6Q, STM32U595RJT6, STM32U595RJT6Q, STM32U595VIT6, STM32U595VIT6Q, STM32U595VJT6, STM32U595VJT6Q, STM32U595ZIT6, STM32U595ZIT6Q, STM32U595ZIY6QTR, STM32U595ZJT6, STM32U595ZJT6Q, STM32U595ZJY6QTR, STM32U599BJY6QTR, STM32U599NIH6Q, STM32U599NJH6Q, STM32U599VIT6Q, STM32U599VJT6, STM32U599VJT6Q, STM32U599ZIT6Q, STM32U599ZIY6QTR, STM32U599ZJT6Q, STM32U599ZJY6QTR, STM32U5A5AJH6, STM32U5A5AJH6Q, STM32U5A5QII3Q , STM32U5A5QJI6, STM32U5A5QJI6Q, STM32U5A5RJT6, STM32U5A5RJT6Q, STM32U5A5VJT6, STM32U5A5VJT6Q, STM32U5A5ZJT6, STM32U5A5ZJT6Q, STM32U5A5ZJY6QTR, STM32U5A9BJY6QTR, STM32U5A9J-DK, STM32U5A9NJH6Q, STM32U5A9VJT6Q, STM32U5A9ZJT6Q, STM32U5A9ZJY6QTR, STM32U5F7VIT6, STM32U5F7VIT6Q, STM32U5F7VJT6, STM32U5F7VJT6Q, STM32U5F9BJY6QTR, STM32U5F9NJH6Q, STM32U5F9VIT6Q, STM32U5F9VJT6Q, STM32U5F9ZIJ6QTR, STM32U5F9ZIT6Q, STM32U5F9ZJJ6QTR, STM32U5F9ZJT6Q, STM32U5G7VJT6, STM32U5G7VJT6Q, STM32U5G9BJY6QTR, STM32U5G9J-DK1, STM32U5G9J-DK2, STM32U5G9NJH6Q, STM32U5G9VJT6Q, STM32U5G9ZJJ6QTR, STM32U5G9ZJT6Q, STM32WB05KZV6TR, STM32WB05KZV7TR, STM32WB05TZF6TR, STM32WB05TZF7TR, STM32WB06CCF6TR, STM32WB06CCF7TR, STM32WB06CCV6TR, STM32WB06CCV7TR, STM32WB06KCV6TR, STM32WB06KCV7TR, STM32WB07CCF6TR, STM32WB07CCF7TR, STM32WB07CCV6TR, STM32WB07CCV7TR, STM32WB07KCV6TR, STM32WB07KCV7TR, STM32WB09KEV6TR, STM32WB09KEV7TR, STM32WB09TEF6TR, STM32WB09TEF7TR, STM32WB1MMCH6, STM32WBA50KGU6, STM32WBA50KGU6TR, STM32WBA52CEU6, STM32WBA52CEU6TR, STM32WBA52CEU7, STM32WBA52CEU7TR, STM32WBA52CGU6, STM32WBA52CGU6TR, STM32WBA52CGU6U, STM32WBA52CGU7, STM32WBA52CGU7TR, STM32WBA52KEU6, STM32WBA52KEU6TR, STM32WBA52KGU6, STM32WBA52KGU6TR, STM32WBA54CEU6, STM32WBA54CEU6TR, STM32WBA54CEU7, STM32WBA54CEU7TR, STM32WBA54CGU6, STM32WBA54CGU6TR, STM32WBA54CGU7, STM32WBA54CGU7TR, STM32WBA54KEU6, STM32WBA54KEU6TR, STM32WBA54KEU7, STM32WBA54KEU7TR, STM32WBA54KGU6, STM32WBA54KGU6TR, STM32WBA54KGU7, STM32WBA54KGU7TR, STM32WBA55CEU6, STM32WBA55CEU6TR, STM32WBA55CEU7, STM32WBA55CEU7TR, STM32WBA55CGU6, STM32WBA55CGU6TR, STM32WBA55CGU6U, STM32WBA55CGU7, STM32WBA55CGU7TR, STM32WBA55G-DK1, STM32WBA55HEF6, STM32WBA55HEF7, STM32WBA55HGF6, STM32WBA55HGF7, STM32WBA55UEI6, STM32WBA55UEI6TR, STM32WBA55UEI7, STM32WBA55UEI7TR, STM32WBA55UGI6, STM32WBA55UGI6TR, STM32WBA55UGI7, STM32WBA55UGI7TR, STM32WBA5MMGH6TR, STM32WBA62MGF6, STM32WBA62MIF6, STM32WBA65MGF7, STM32WBA65MIF6, STM32WBA65MIF7, STM32WL30K8V6, STM32WL30KBV6, STM32WL31C8V6, STM32WL31CBV6, STM32WL31K8V6, STM32WL31KBV6, STM32WL33C8V6, STM32WL33C8V6X, STM32WL33CBV6, STM32WL33CBV6X, STM32WL33CCV6, STM32WL33CCV6A, STM32WL33CCV6X, STM32WL33K8V7, STM32WL33K8V7X, STM32WL33KBV7 , STM32WL33KBV7X, STM32WL33KCV7, STM32WL33KCV7X, STM32WL5MOCH6, STM32WL5MOCH6TR]
2025-09-25 21:16:14,050 [INFO] DbMcus:218 - Found 4801 MCUs, 4801 are supported
2025-09-25 21:16:14,062 [INFO] ApiDb:423 - Load user favorites file /home/tomas1908/.stm32cubeide/favorites.mcus.txt: 2 item(s)
2025-09-25 21:16:14,063 [INFO] ApiDb:427 - User favorites MCUs=[STM32F103C8T6, STM32F446RET6]
2025-09-25 21:16:14,063 [INFO] DbMcus:224 - Set 2 / 2 favorites MCUs
2025-09-25 21:16:15,556 [INFO] ApiDb:414 - User favorites file not found: /home/tomas1908/.stm32cubeide/favorites.boards.txt
2025-09-25 21:16:15,556 [INFO] DbBoards:198 - Set 0 / 0 favorites Boards
2025-09-25 21:16:15,620 [INFO] UtilMem:75 - End LoadConfig() Used Memory: 583418472 Bytes (1009778688)
2025-09-25 21:16:15,977 [WARN] ThirdParty:833 - waiting for thirdparty lock release [change project]
2025-09-25 21:16:15,978 [INFO] ThirdParty:835 - entering critical section [change project]
2025-09-25 21:16:15,978 [INFO] ThirdParty:1030 - CMSIS Pack Vendor :STMicroelectronics X-CUBE-PM33A1 1.0.0
2025-09-25 21:16:15,978 [INFO] ThirdParty:1030 - CMSIS Pack Vendor :STMicroelectronics USBPD 4.1
2025-09-25 21:16:15,979 [INFO] ThirdParty:1030 - CMSIS Pack Vendor :STMicroelectronics X-CUBE-NFC9 1.0.0
2025-09-25 21:16:15,979 [INFO] ThirdParty:1030 - CMSIS Pack Vendor :STMicroelectronics USB_HOST 2.0.0
2025-09-25 21:16:15,979 [INFO] ThirdParty:1030 - CMSIS Pack Vendor :STMicroelectronics FP-SNS-MOTENVWB1 1.4.0
2025-09-25 21:16:15,979 [INFO] ThirdParty:1030 - CMSIS Pack Vendor :STMicroelectronics X-CUBE-AZRTOS-F4 1.1.0
2025-09-25 21:16:15,979 [INFO] ThirdParty:1030 - CMSIS Pack Vendor :STMicroelectronics LIBJPEG 8.0.0
2025-09-25 21:16:15,979 [INFO] ThirdParty:1030 - CMSIS Pack Vendor :STMicroelectronics FP-ATR-ASTRA1 2.0.2
2025-09-25 21:16:15,979 [INFO] ThirdParty:1030 - CMSIS Pack Vendor :STMicroelectronics X-CUBE-BLE1 7.1.0
2025-09-25 21:16:15,979 [INFO] ThirdParty:1030 - CMSIS Pack Vendor :Avnet-IotConnect X-CUBE-IoTC-DA16k-PMOD 1.0.0
2025-09-25 21:16:15,980 [INFO] ThirdParty:1030 - CMSIS Pack Vendor :STMicroelectronics X-CUBE-SMBUS 2.1.0
2025-09-25 21:16:15,980 [INFO] ThirdParty:1030 - CMSIS Pack Vendor :STMicroelectronics USB_DEVICE 3.0.0
2025-09-25 21:16:15,980 [INFO] ThirdParty:1030 - CMSIS Pack Vendor :STMicroelectronics X-CUBE-ISPU 2.1.0
2025-09-25 21:16:15,980 [INFO] ThirdParty:1030 - CMSIS Pack Vendor :STMicroelectronics X-CUBE-AZRTOS-WB 2.0.0
2025-09-25 21:16:15,980 [INFO] ThirdParty:1030 - CMSIS Pack Vendor :STMicroelectronics X-CUBE-ST60 1.0.0
2025-09-25 21:16:15,980 [INFO] ThirdParty:1030 - CMSIS Pack Vendor :STMicroelectronics X-CUBE-GNSS1 7.0.1
2025-09-25 21:16:15,980 [INFO] ThirdParty:1030 - CMSIS Pack Vendor :STMicroelectronics X-CUBE-AZRTOS-F7 1.1.0
2025-09-25 21:16:15,980 [INFO] ThirdParty:1030 - CMSIS Pack Vendor :STMicroelectronics X-CUBE-AZRTOS-L5 2.0.0
2025-09-25 21:16:15,980 [INFO] ThirdParty:1030 - CMSIS Pack Vendor :STMicroelectronics X-CUBE-TOUCHGFX 4.25.0
2025-09-25 21:16:15,981 [INFO] ThirdParty:1030 - CMSIS Pack Vendor :STMicroelectronics USB_DEVICE 2.0.0
2025-09-25 21:16:15,981 [INFO] ThirdParty:1030 - CMSIS Pack Vendor :STMicroelectronics X-CUBE-NFC6 3.1.0
2025-09-25 21:16:15,981 [INFO] ThirdParty:1030 - CMSIS Pack Vendor :Cesanta I-CUBE-Mongoose 7.19.0
2025-09-25 21:16:15,981 [INFO] ThirdParty:1030 - CMSIS Pack Vendor :quantropi X-CUBE-qispace-sdk-base 2.1.0
2025-09-25 21:16:15,981 [INFO] ThirdParty:1030 - CMSIS Pack Vendor :STMicroelectronics FreeRTOS 0.0.1
2025-09-25 21:16:15,981 [INFO] ThirdParty:1030 - CMSIS Pack Vendor :STMicroelectronics X-CUBE-AZRTOS-G0 1.1.0
2025-09-25 21:16:15,981 [INFO] ThirdParty:1030 - CMSIS Pack Vendor :STMicroelectronics X-CUBE-SAFEA1 1.2.2
2025-09-25 21:16:15,981 [INFO] ThirdParty:1030 - CMSIS Pack Vendor :STMicroelectronics X-CUBE-NFC4 3.0.0
2025-09-25 21:16:15,982 [INFO] ThirdParty:1030 - CMSIS Pack Vendor :STMicroelectronics X-CUBE-SUBG2 5.0.0
2025-09-25 21:16:15,982 [INFO] ThirdParty:1030 - CMSIS Pack Vendor :STMicroelectronics X-CUBE-AZRTOS-H7RS 1.1.0
2025-09-25 21:16:15,982 [INFO] ThirdParty:1030 - CMSIS Pack Vendor :STMicroelectronics STM32_WPAN 1.0.0
2025-09-25 21:16:15,982 [INFO] ThirdParty:1030 - CMSIS Pack Vendor :EmbeddedOffice I-CUBE-FS-RTOS 1.0.1
2025-09-25 21:16:15,982 [INFO] ThirdParty:1030 - CMSIS Pack Vendor :STMicroelectronics lwIP 2.0.3
2025-09-25 21:16:15,982 [INFO] ThirdParty:1030 - CMSIS Pack Vendor :WES I-CUBE-Cesium 1.4.0
2025-09-25 21:16:15,983 [INFO] ThirdParty:1030 - CMSIS Pack Vendor :STMicroelectronics USB_HOST 1.0.0
2025-09-25 21:16:15,983 [INFO] ThirdParty:1030 - CMSIS Pack Vendor :Infineon AIROC-Wi-Fi-Bluetooth-STM32 1.7.1
2025-09-25 21:16:15,983 [INFO] ThirdParty:1030 - CMSIS Pack Vendor :STMicroelectronics X-CUBE-AZRTOS-G4 2.0.0
2025-09-25 21:16:15,983 [INFO] ThirdParty:1030 - CMSIS Pack Vendor :STMicroelectronics X-CUBE-WB05N 2.0.0
2025-09-25 21:16:15,983 [INFO] ThirdParty:1030 - CMSIS Pack Vendor :STMicroelectronics PDM2PCM 3.1.0
2025-09-25 21:16:15,983 [INFO] ThirdParty:1030 - CMSIS Pack Vendor :STMicroelectronics PDM2PCM 3.3.0
2025-09-25 21:16:15,983 [INFO] ThirdParty:1030 - CMSIS Pack Vendor :STMicroelectronics X-CUBE-DISPLAY 3.0.0
2025-09-25 21:16:15,983 [INFO] ThirdParty:1030 - CMSIS Pack Vendor :wolfSSL I-CUBE-wolfSSH 1.4.20
2025-09-25 21:16:15,983 [INFO] ThirdParty:1030 - CMSIS Pack Vendor :STMicroelectronics X-CUBE-NFC7 2.0.0
2025-09-25 21:16:15,984 [INFO] ThirdParty:1030 - CMSIS Pack Vendor :STMicroelectronics X-CUBE-TCPP 4.2.0
2025-09-25 21:16:15,984 [INFO] ThirdParty:1030 - CMSIS Pack Vendor :RealThread X-CUBE-RT-Thread_Nano 4.1.1
2025-09-25 21:16:15,984 [INFO] ThirdParty:1030 - CMSIS Pack Vendor :STMicroelectronics FP-ATR-SIGFOX1 3.2.0
2025-09-25 21:16:15,984 [INFO] ThirdParty:1030 - CMSIS Pack Vendor :STMicroelectronics X-CUBE-NFC10 1.0.0
2025-09-25 21:16:15,984 [INFO] ThirdParty:1030 - CMSIS Pack Vendor :STMicroelectronics X-CUBE-FREERTOS 1.3.1
2025-09-25 21:16:15,984 [INFO] ThirdParty:1030 - CMSIS Pack Vendor :STMicroelectronics HAL Drivers 0.0.0
2025-09-25 21:16:15,984 [INFO] ThirdParty:1030 - CMSIS Pack Vendor :STMicroelectronics MBEDTLS 2.16.2
2025-09-25 21:16:15,984 [INFO] ThirdParty:1030 - CMSIS Pack Vendor :STMicroelectronics X-CUBE-IPS 3.1.0
2025-09-25 21:16:15,984 [INFO] ThirdParty:1030 - CMSIS Pack Vendor :STMicroelectronics X-CUBE-ALS 1.0.2
2025-09-25 21:16:15,984 [INFO] ThirdParty:1030 - CMSIS Pack Vendor :emotas I-CUBE-CANOPEN 1.3.0
2025-09-25 21:16:15,985 [INFO] ThirdParty:1030 - CMSIS Pack Vendor :STMicroelectronics MBEDTLS 2.14.1
2025-09-25 21:16:15,985 [INFO] ThirdParty:1030 - CMSIS Pack Vendor :ITTIA_DB I-CUBE-ITTIADB 8.9.0
2025-09-25 21:16:15,985 [INFO] ThirdParty:1030 - CMSIS Pack Vendor :STMicroelectronics X-CUBE-ST67W61 1.0.0
2025-09-25 21:16:15,985 [INFO] ThirdParty:1030 - CMSIS Pack Vendor :STMicroelectronics ThreadX 1.0.0
2025-09-25 21:16:15,985 [INFO] ThirdParty:1030 - CMSIS Pack Vendor :STMicroelectronics FP-SNS-SMARTAG2 1.2.0
2025-09-25 21:16:15,985 [INFO] ThirdParty:1030 - CMSIS Pack Vendor :STMicroelectronics FP-SNS-FLIGHT1 5.1.0
2025-09-25 21:16:15,985 [INFO] ThirdParty:1030 - CMSIS Pack Vendor :STMicroelectronics X-CUBE-AZRTOS-WL 2.0.0
2025-09-25 21:16:15,985 [INFO] ThirdParty:1030 - CMSIS Pack Vendor :SEGGER I-CUBE-embOS 1.3.1
2025-09-25 21:16:15,985 [INFO] ThirdParty:1030 - CMSIS Pack Vendor :STMicroelectronics X-CUBE-ALGOBUILD 1.4.0
2025-09-25 21:16:15,986 [INFO] ThirdParty:1030 - CMSIS Pack Vendor :STMicroelectronics X-CUBE-DPower 1.3.0
2025-09-25 21:16:15,986 [INFO] ThirdParty:1030 - CMSIS Pack Vendor :STMicroelectronics X-CUBE-MEMS1 11.3.0
2025-09-25 21:16:15,986 [INFO] ThirdParty:1030 - CMSIS Pack Vendor :STMicroelectronics FP-SNS-MOTENV1 5.0.0
2025-09-25 21:16:15,986 [INFO] ThirdParty:1030 - CMSIS Pack Vendor :STMicroelectronics USB_DEVICE 1.0.0
2025-09-25 21:16:15,986 [INFO] ThirdParty:1030 - CMSIS Pack Vendor :STMicroelectronics X-CUBE-AZRTOS-L4 2.0.0
2025-09-25 21:16:15,986 [INFO] ThirdParty:1030 - CMSIS Pack Vendor :STMicroelectronics ThreadX 0.0.2
2025-09-25 21:16:15,986 [INFO] ThirdParty:1030 - CMSIS Pack Vendor :STMicroelectronics lwIP 2.1.2
2025-09-25 21:16:15,986 [INFO] ThirdParty:1030 - CMSIS Pack Vendor :STMicroelectronics X-CUBE-SFXS2LP1 4.0.0
2025-09-25 21:16:15,986 [INFO] ThirdParty:1030 - CMSIS Pack Vendor :STMicroelectronics X-CUBE-BLE2 3.3.0
2025-09-25 21:16:15,986 [INFO] ThirdParty:1030 - CMSIS Pack Vendor :STMicroelectronics X-CUBE-TOF1 3.4.3
2025-09-25 21:16:15,987 [INFO] ThirdParty:1030 - CMSIS Pack Vendor :STMicroelectronics PDM2PCM 3.2.0
2025-09-25 21:16:15,987 [INFO] ThirdParty:841 - exiting critical section [change project]
2025-09-25 21:16:17,508 [INFO] PinOutPanel:1589 - setPackage(No Configuration,No Configuration)
2025-09-25 21:16:17,511 [INFO] PinOutPanel:1589 - setPackage(STM32F446RETx,LQFP64)
2025-09-25 21:16:19,377 [INFO] UtilMem:75 - Before build in PCC Used Memory: 303941184 Bytes (775946240)
2025-09-25 21:16:21,289 [INFO] UtilMem:75 - After build in PCC Used Memory: 432641968 Bytes (775946240)
2025-09-25 21:16:21,420 [INFO] IPUIPlugin:80 - create IPUIPlugin
2025-09-25 21:16:21,420 [INFO] IPUIPlugin:80 - create IPUIPlugin
2025-09-25 21:16:21,421 [INFO] IPUIPlugin:80 - create IPUIPlugin
2025-09-25 21:16:21,421 [INFO] IPUIPlugin:80 - create IPUIPlugin
2025-09-25 21:16:21,421 [INFO] IPUIPlugin:80 - create IPUIPlugin
2025-09-25 21:16:21,422 [INFO] IPUIPlugin:80 - create IPUIPlugin
2025-09-25 21:16:21,423 [INFO] IPUIPlugin:80 - create IPUIPlugin
2025-09-25 21:16:21,423 [INFO] IPUIPlugin:80 - create IPUIPlugin
2025-09-25 21:16:21,423 [INFO] IPUIPlugin:80 - create IPUIPlugin
2025-09-25 21:16:21,424 [INFO] IPUIPlugin:80 - create IPUIPlugin
2025-09-25 21:16:21,424 [INFO] IPUIPlugin:80 - create IPUIPlugin
2025-09-25 21:16:21,424 [INFO] IPUIPlugin:80 - create IPUIPlugin
2025-09-25 21:16:21,425 [INFO] IPUIPlugin:80 - create IPUIPlugin
2025-09-25 21:16:21,425 [INFO] IPUIPlugin:80 - create IPUIPlugin
2025-09-25 21:16:21,425 [INFO] IPUIPlugin:80 - create IPUIPlugin
2025-09-25 21:16:21,425 [INFO] IPUIPlugin:80 - create IPUIPlugin
2025-09-25 21:16:21,426 [INFO] IPUIPlugin:80 - create IPUIPlugin
2025-09-25 21:16:21,426 [INFO] IPUIPlugin:80 - create IPUIPlugin
2025-09-25 21:16:21,427 [INFO] IPUIPlugin:80 - create IPUIPlugin
2025-09-25 21:16:21,428 [INFO] IPUIPlugin:80 - create IPUIPlugin
2025-09-25 21:16:21,429 [INFO] IPUIPlugin:80 - create IPUIPlugin
2025-09-25 21:16:21,430 [INFO] IPUIPlugin:80 - create IPUIPlugin
2025-09-25 21:16:21,430 [INFO] IPUIPlugin:80 - create IPUIPlugin
2025-09-25 21:16:21,431 [INFO] IPUIPlugin:80 - create IPUIPlugin
2025-09-25 21:16:21,432 [INFO] IPUIPlugin:80 - create IPUIPlugin
2025-09-25 21:16:21,432 [INFO] IPUIPlugin:80 - create IPUIPlugin
2025-09-25 21:16:21,433 [INFO] IPUIPlugin:80 - create IPUIPlugin
2025-09-25 21:16:21,434 [INFO] IPUIPlugin:80 - create IPUIPlugin
2025-09-25 21:16:21,434 [INFO] IPUIPlugin:80 - create IPUIPlugin
2025-09-25 21:16:21,435 [INFO] IPUIPlugin:80 - create IPUIPlugin
2025-09-25 21:16:21,436 [INFO] IPUIPlugin:80 - create IPUIPlugin
2025-09-25 21:16:21,437 [INFO] IPUIPlugin:80 - create IPUIPlugin
2025-09-25 21:16:21,437 [INFO] IPUIPlugin:80 - create IPUIPlugin
2025-09-25 21:16:21,438 [INFO] IPUIPlugin:80 - create IPUIPlugin
2025-09-25 21:16:21,438 [INFO] IPUIPlugin:80 - create IPUIPlugin
2025-09-25 21:16:21,439 [INFO] IPUIPlugin:80 - create IPUIPlugin
2025-09-25 21:16:21,439 [INFO] IPUIPlugin:80 - create IPUIPlugin
2025-09-25 21:16:21,440 [INFO] IPUIPlugin:80 - create IPUIPlugin
2025-09-25 21:16:21,441 [INFO] IPUIPlugin:80 - create IPUIPlugin
2025-09-25 21:16:21,441 [INFO] IPUIPlugin:80 - create IPUIPlugin
2025-09-25 21:16:21,442 [INFO] IPUIPlugin:80 - create IPUIPlugin
2025-09-25 21:16:21,443 [INFO] IPUIPlugin:80 - create IPUIPlugin
2025-09-25 21:16:21,443 [INFO] IPUIPlugin:80 - create IPUIPlugin
2025-09-25 21:16:21,444 [INFO] IPUIPlugin:80 - create IPUIPlugin
2025-09-25 21:16:21,444 [INFO] IPUIPlugin:80 - create IPUIPlugin
2025-09-25 21:16:21,445 [INFO] IPUIPlugin:80 - create IPUIPlugin
2025-09-25 21:16:21,446 [INFO] IPUIPlugin:80 - create IPUIPlugin
2025-09-25 21:16:21,446 [INFO] IPUIPlugin:80 - create IPUIPlugin
2025-09-25 21:16:21,447 [INFO] IPUIPlugin:80 - create IPUIPlugin
2025-09-25 21:16:21,448 [INFO] IPUIPlugin:80 - create IPUIPlugin
2025-09-25 21:16:21,449 [INFO] IPUIPlugin:80 - create IPUIPlugin
2025-09-25 21:16:21,450 [INFO] IPUIPlugin:80 - create IPUIPlugin
2025-09-25 21:16:21,451 [INFO] IPUIPlugin:80 - create IPUIPlugin
2025-09-25 21:16:21,453 [INFO] IPUIPlugin:80 - create IPUIPlugin
2025-09-25 21:16:21,454 [INFO] IPUIPlugin:80 - create IPUIPlugin
2025-09-25 21:16:21,455 [INFO] IPUIPlugin:80 - create IPUIPlugin
2025-09-25 21:16:21,456 [INFO] IPUIPlugin:80 - create IPUIPlugin
2025-09-25 21:16:21,458 [INFO] IPUIPlugin:80 - create IPUIPlugin
2025-09-25 21:16:21,459 [INFO] IPUIPlugin:80 - create IPUIPlugin
2025-09-25 21:16:21,460 [INFO] IPUIPlugin:80 - create IPUIPlugin
2025-09-25 21:16:21,540 [INFO] ApiDbMcu:532 - Load IP Config File for PDM2PCM
2025-09-25 21:16:21,914 [INFO] CADModel:165 - CPN selected for project levelSTM32F446RET6
2025-09-25 21:16:21,915 [INFO] CADModel:114 - Register for checkConnection events
2025-09-25 21:16:21,969 [INFO] OpenFileManager:386 - Restore cursor
2025-09-25 21:16:35,005 [ERROR] LogOutputStream:75 - [STDERR_REDIRECT] Sep 25, 2025 9:16:35 PM java.util.prefs.FileSystemPreferences checkLockFile0ErrorCode
2025-09-25 21:16:35,006 [ERROR] LogOutputStream:75 - [STDERR_REDIRECT] WARNING: Could not lock System prefs. Unix error code 2.
2025-09-25 21:16:35,006 [ERROR] LogOutputStream:75 - [STDERR_REDIRECT] 
2025-09-25 21:16:35,006 [ERROR] LogOutputStream:75 - [STDERR_REDIRECT] Sep 25, 2025 9:16:35 PM java.util.prefs.FileSystemPreferences syncWorld
2025-09-25 21:16:35,007 [ERROR] LogOutputStream:75 - [STDERR_REDIRECT] WARNING: Couldn't flush system prefs: java.util.prefs.BackingStoreException: Couldn't get file lock.
2025-09-25 21:16:35,007 [ERROR] LogOutputStream:75 - [STDERR_REDIRECT] 
2025-09-25 21:17:04,995 [ERROR] LogOutputStream:75 - [STDERR_REDIRECT] Sep 25, 2025 9:17:04 PM java.util.prefs.FileSystemPreferences checkLockFile0ErrorCode
2025-09-25 21:17:04,996 [ERROR] LogOutputStream:75 - [STDERR_REDIRECT] WARNING: Could not lock System prefs. Unix error code 2.
2025-09-25 21:17:05,007 [ERROR] LogOutputStream:75 - [STDERR_REDIRECT] 
2025-09-25 21:17:05,008 [ERROR] LogOutputStream:75 - [STDERR_REDIRECT] Sep 25, 2025 9:17:05 PM java.util.prefs.FileSystemPreferences syncWorld
2025-09-25 21:17:05,008 [ERROR] LogOutputStream:75 - [STDERR_REDIRECT] WARNING: Couldn't flush system prefs: java.util.prefs.BackingStoreException: Couldn't get file lock.
2025-09-25 21:17:05,008 [ERROR] LogOutputStream:75 - [STDERR_REDIRECT] 
2025-09-25 21:17:13,710 [INFO] UtilMem:75 - End SaveConfig() Used Memory: 250852664 Bytes (775946240)
2025-09-25 21:17:14,128 [INFO] UtilMem:75 - End SaveConfig() Used Memory: 273399096 Bytes (775946240)
2025-09-25 21:17:16,604 [INFO] UtilMem:75 - End SaveConfig() Used Memory: 430159160 Bytes (775946240)
2025-09-25 21:17:19,359 [INFO] BlockDiagram:2775 - set Specific Code input for plugin: SYS
2025-09-25 21:17:19,359 [INFO] BlockDiagram:2775 - set Specific Code input for plugin: RCC
2025-09-25 21:17:19,360 [INFO] BlockDiagram:2775 - set Specific Code input for plugin: NVIC
2025-09-25 21:17:19,360 [INFO] BlockDiagram:2775 - set Specific Code input for plugin: USART
2025-09-25 21:17:19,361 [INFO] BlockDiagram:2775 - set Specific Code input for plugin: GPIO
2025-09-25 21:17:19,367 [INFO] CodeGenerator:892 - code generatio: config db path: /opt/st/stm32cubeide_1.19.0/plugins/com.st.stm32cube.common.mx_6.15.0.202507011659//db/
2025-09-25 21:17:20,180 [INFO] CodeEngine:265 - oldGeneratedFile, /home/tomas1908/STM32CubeIDE/workspace_1.19.0/pdm/ej1_p5/MXTmpFiles/license.tmp_save
2025-09-25 21:17:21,457 [INFO] CodeEngine:289 - Generated code: /home/tomas1908/STM32CubeIDE/workspace_1.19.0/pdm/ej1_p5/MXTmpFiles/license.tmp
2025-09-25 21:17:21,787 [INFO] CodeEngine:265 - oldGeneratedFile, /home/tomas1908/STM32CubeIDE/workspace_1.19.0/pdm/ej1_p5/MXTmpFiles/gpio.tmp_save
2025-09-25 21:17:22,206 [INFO] CodeEngine:289 - Generated code: /home/tomas1908/STM32CubeIDE/workspace_1.19.0/pdm/ej1_p5/MXTmpFiles/gpio.tmp
2025-09-25 21:17:22,435 [INFO] CodeEngine:265 - oldGeneratedFile, /home/tomas1908/STM32CubeIDE/workspace_1.19.0/pdm/ej1_p5/Core/Src/stm32f4xx_it.c_save
2025-09-25 21:17:23,007 [INFO] CodeEngine:289 - Generated code: /home/tomas1908/STM32CubeIDE/workspace_1.19.0/pdm/ej1_p5/Core/Src/stm32f4xx_it.c
2025-09-25 21:17:23,016 [INFO] CodeEngine:265 - oldGeneratedFile, /home/tomas1908/STM32CubeIDE/workspace_1.19.0/pdm/ej1_p5/Core/Inc/stm32f4xx_it.h_save
2025-09-25 21:17:23,283 [INFO] CodeEngine:289 - Generated code: /home/tomas1908/STM32CubeIDE/workspace_1.19.0/pdm/ej1_p5/Core/Inc/stm32f4xx_it.h
2025-09-25 21:17:23,320 [INFO] CodeEngine:265 - oldGeneratedFile, /home/tomas1908/STM32CubeIDE/workspace_1.19.0/pdm/ej1_p5/Core/Src/stm32f4xx_hal_msp.c_save
2025-09-25 21:17:23,958 [INFO] CodeEngine:289 - Generated code: /home/tomas1908/STM32CubeIDE/workspace_1.19.0/pdm/ej1_p5/Core/Src/stm32f4xx_hal_msp.c
2025-09-25 21:17:23,962 [INFO] CodeEngine:265 - oldGeneratedFile, /home/tomas1908/STM32CubeIDE/workspace_1.19.0/pdm/ej1_p5/MXTmpFiles/system.tmp_save
2025-09-25 21:17:24,184 [INFO] CodeEngine:289 - Generated code: /home/tomas1908/STM32CubeIDE/workspace_1.19.0/pdm/ej1_p5/MXTmpFiles/system.tmp
2025-09-25 21:17:24,216 [INFO] CodeEngine:321 - oldGeneratedFile, /home/tomas1908/STM32CubeIDE/workspace_1.19.0/pdm/ej1_p5/Core/Inc/stm32f4xx_hal_conf.h_save
2025-09-25 21:17:24,561 [INFO] CodeEngine:345 - Generated code: /home/tomas1908/STM32CubeIDE/workspace_1.19.0/pdm/ej1_p5/Core/Inc/stm32f4xx_hal_conf.h
2025-09-25 21:17:24,670 [WARN] IPConfigManager:3238 - Warning: the RefConfig PLL2P_FOR_MCO is not available in your config.xml file
2025-09-25 21:17:24,702 [INFO] ApiDbMcu:532 - Load IP Config File for USART1
2025-09-25 21:17:24,716 [INFO] ApiDbMcu:532 - Load IP Config File for RCC
2025-09-25 21:17:24,746 [INFO] CodeEngine:265 - oldGeneratedFile, /home/tomas1908/STM32CubeIDE/workspace_1.19.0/pdm/ej1_p5/Core/Inc/main.h_save
2025-09-25 21:17:25,033 [INFO] CodeEngine:289 - Generated code: /home/tomas1908/STM32CubeIDE/workspace_1.19.0/pdm/ej1_p5/Core/Inc/main.h
2025-09-25 21:17:25,039 [INFO] CodeEngine:265 - oldGeneratedFile, /home/tomas1908/STM32CubeIDE/workspace_1.19.0/pdm/ej1_p5/Core/Src/main.c_save
2025-09-25 21:17:25,655 [INFO] CodeEngine:289 - Generated code: /home/tomas1908/STM32CubeIDE/workspace_1.19.0/pdm/ej1_p5/Core/Src/main.c
2025-09-25 21:17:26,279 [INFO] ProjectBuilder:3606 - Time for Copy HAL[1] : 90mS.
2025-09-25 21:17:26,289 [INFO] ProjectBuilder:5216 - Project Generator version: 4.7.0-B52
2025-09-25 21:17:26,548 [INFO] ConfigFileManager:1595 - The Die is : DIE421
2025-09-25 21:17:26,572 [INFO] ApiDbMcu:532 - Load IP Config File for FATFS
2025-09-25 21:17:26,584 [INFO] ApiDbMcu:532 - Load IP Config File for FREERTOS
2025-09-25 21:17:26,590 [INFO] ApiDbMcu:532 - Load IP Config File for LIBJPEG
2025-09-25 21:17:26,606 [INFO] ApiDbMcu:532 - Load IP Config File for MBEDTLS
2025-09-25 21:17:26,631 [INFO] ApiDbMcu:532 - Load IP Config File for USB_DEVICE
2025-09-25 21:17:26,642 [INFO] ApiDbMcu:532 - Load IP Config File for USB_HOST
2025-09-25 21:17:27,604 [INFO] LogOutputStream:77 - [STDOUT_REDIRECT] 
2025-09-25 21:17:31,340 [INFO] ProjectBuilder:5496 - Time for Generating toolchain IDE Files: 5051mS.
2025-09-25 21:17:31,347 [INFO] ProjectBuilder:3463 - Time for Copy CMSIS : 1mS.
2025-09-25 21:17:31,354 [INFO] ProjectBuilder:3463 - Time for Copy CMSIS : 0mS.
2025-09-25 21:17:35,013 [ERROR] LogOutputStream:75 - [STDERR_REDIRECT] Sep 25, 2025 9:17:35 PM java.util.prefs.FileSystemPreferences checkLockFile0ErrorCode
2025-09-25 21:17:35,019 [ERROR] LogOutputStream:75 - [STDERR_REDIRECT] WARNING: Could not lock System prefs. Unix error code 2.
2025-09-25 21:17:35,020 [ERROR] LogOutputStream:75 - [STDERR_REDIRECT] 
2025-09-25 21:17:35,027 [ERROR] LogOutputStream:75 - [STDERR_REDIRECT] Sep 25, 2025 9:17:35 PM java.util.prefs.FileSystemPreferences syncWorld
2025-09-25 21:17:35,028 [ERROR] LogOutputStream:75 - [STDERR_REDIRECT] WARNING: Couldn't flush system prefs: java.util.prefs.BackingStoreException: Couldn't get file lock.
2025-09-25 21:17:35,035 [ERROR] LogOutputStream:75 - [STDERR_REDIRECT] 
2025-09-25 21:18:04,994 [ERROR] LogOutputStream:75 - [STDERR_REDIRECT] Sep 25, 2025 9:18:04 PM java.util.prefs.FileSystemPreferences checkLockFile0ErrorCode
2025-09-25 21:18:04,995 [ERROR] LogOutputStream:75 - [STDERR_REDIRECT] WARNING: Could not lock System prefs. Unix error code 2.
2025-09-25 21:18:04,995 [ERROR] LogOutputStream:75 - [STDERR_REDIRECT] 
2025-09-25 21:18:04,996 [ERROR] LogOutputStream:75 - [STDERR_REDIRECT] Sep 25, 2025 9:18:04 PM java.util.prefs.FileSystemPreferences syncWorld
2025-09-25 21:18:04,996 [ERROR] LogOutputStream:75 - [STDERR_REDIRECT] WARNING: Couldn't flush system prefs: java.util.prefs.BackingStoreException: Couldn't get file lock.
2025-09-25 21:18:04,996 [ERROR] LogOutputStream:75 - [STDERR_REDIRECT] 
2025-09-25 21:18:34,995 [ERROR] LogOutputStream:75 - [STDERR_REDIRECT] Sep 25, 2025 9:18:34 PM java.util.prefs.FileSystemPreferences checkLockFile0ErrorCode
2025-09-25 21:18:34,995 [ERROR] LogOutputStream:75 - [STDERR_REDIRECT] WARNING: Could not lock System prefs. Unix error code 2.
2025-09-25 21:18:34,995 [ERROR] LogOutputStream:75 - [STDERR_REDIRECT] 
2025-09-25 21:18:34,996 [ERROR] LogOutputStream:75 - [STDERR_REDIRECT] Sep 25, 2025 9:18:34 PM java.util.prefs.FileSystemPreferences syncWorld
2025-09-25 21:18:34,996 [ERROR] LogOutputStream:75 - [STDERR_REDIRECT] WARNING: Couldn't flush system prefs: java.util.prefs.BackingStoreException: Couldn't get file lock.
2025-09-25 21:18:34,996 [ERROR] LogOutputStream:75 - [STDERR_REDIRECT] 
2025-09-25 21:19:04,996 [ERROR] LogOutputStream:75 - [STDERR_REDIRECT] Sep 25, 2025 9:19:04 PM java.util.prefs.FileSystemPreferences checkLockFile0ErrorCode
2025-09-25 21:19:04,997 [ERROR] LogOutputStream:75 - [STDERR_REDIRECT] WARNING: Could not lock System prefs. Unix error code 2.
2025-09-25 21:19:04,997 [ERROR] LogOutputStream:75 - [STDERR_REDIRECT] 
2025-09-25 21:19:04,997 [ERROR] LogOutputStream:75 - [STDERR_REDIRECT] Sep 25, 2025 9:19:04 PM java.util.prefs.FileSystemPreferences syncWorld
2025-09-25 21:19:04,998 [ERROR] LogOutputStream:75 - [STDERR_REDIRECT] WARNING: Couldn't flush system prefs: java.util.prefs.BackingStoreException: Couldn't get file lock.
2025-09-25 21:19:04,998 [ERROR] LogOutputStream:75 - [STDERR_REDIRECT] 
2025-09-25 21:19:34,996 [ERROR] LogOutputStream:75 - [STDERR_REDIRECT] Sep 25, 2025 9:19:34 PM java.util.prefs.FileSystemPreferences checkLockFile0ErrorCode
2025-09-25 21:19:34,996 [ERROR] LogOutputStream:75 - [STDERR_REDIRECT] WARNING: Could not lock System prefs. Unix error code 2.
2025-09-25 21:19:35,008 [ERROR] LogOutputStream:75 - [STDERR_REDIRECT] 
2025-09-25 21:19:35,011 [ERROR] LogOutputStream:75 - [STDERR_REDIRECT] Sep 25, 2025 9:19:35 PM java.util.prefs.FileSystemPreferences syncWorld
2025-09-25 21:19:35,011 [ERROR] LogOutputStream:75 - [STDERR_REDIRECT] WARNING: Couldn't flush system prefs: java.util.prefs.BackingStoreException: Couldn't get file lock.
2025-09-25 21:19:35,012 [ERROR] LogOutputStream:75 - [STDERR_REDIRECT] 
2025-09-25 21:20:04,997 [ERROR] LogOutputStream:75 - [STDERR_REDIRECT] Sep 25, 2025 9:20:04 PM java.util.prefs.FileSystemPreferences checkLockFile0ErrorCode
2025-09-25 21:20:04,998 [ERROR] LogOutputStream:75 - [STDERR_REDIRECT] WARNING: Could not lock System prefs. Unix error code 2.
2025-09-25 21:20:04,998 [ERROR] LogOutputStream:75 - [STDERR_REDIRECT] 
2025-09-25 21:20:04,999 [ERROR] LogOutputStream:75 - [STDERR_REDIRECT] Sep 25, 2025 9:20:04 PM java.util.prefs.FileSystemPreferences syncWorld
2025-09-25 21:20:04,999 [ERROR] LogOutputStream:75 - [STDERR_REDIRECT] WARNING: Couldn't flush system prefs: java.util.prefs.BackingStoreException: Couldn't get file lock.
2025-09-25 21:20:04,999 [ERROR] LogOutputStream:75 - [STDERR_REDIRECT] 
2025-09-25 21:20:34,996 [ERROR] LogOutputStream:75 - [STDERR_REDIRECT] Sep 25, 2025 9:20:34 PM java.util.prefs.FileSystemPreferences checkLockFile0ErrorCode
2025-09-25 21:20:34,997 [ERROR] LogOutputStream:75 - [STDERR_REDIRECT] WARNING: Could not lock System prefs. Unix error code 2.
2025-09-25 21:20:34,997 [ERROR] LogOutputStream:75 - [STDERR_REDIRECT] 
2025-09-25 21:20:34,998 [ERROR] LogOutputStream:75 - [STDERR_REDIRECT] Sep 25, 2025 9:20:34 PM java.util.prefs.FileSystemPreferences syncWorld
2025-09-25 21:20:34,998 [ERROR] LogOutputStream:75 - [STDERR_REDIRECT] WARNING: Couldn't flush system prefs: java.util.prefs.BackingStoreException: Couldn't get file lock.
2025-09-25 21:20:34,998 [ERROR] LogOutputStream:75 - [STDERR_REDIRECT] 
2025-09-25 21:21:04,996 [ERROR] LogOutputStream:75 - [STDERR_REDIRECT] Sep 25, 2025 9:21:04 PM java.util.prefs.FileSystemPreferences checkLockFile0ErrorCode
2025-09-25 21:21:04,997 [ERROR] LogOutputStream:75 - [STDERR_REDIRECT] WARNING: Could not lock System prefs. Unix error code 2.
2025-09-25 21:21:04,997 [ERROR] LogOutputStream:75 - [STDERR_REDIRECT] 
2025-09-25 21:21:04,998 [ERROR] LogOutputStream:75 - [STDERR_REDIRECT] Sep 25, 2025 9:21:04 PM java.util.prefs.FileSystemPreferences syncWorld
2025-09-25 21:21:04,998 [ERROR] LogOutputStream:75 - [STDERR_REDIRECT] WARNING: Couldn't flush system prefs: java.util.prefs.BackingStoreException: Couldn't get file lock.
2025-09-25 21:21:04,998 [ERROR] LogOutputStream:75 - [STDERR_REDIRECT] 
2025-09-25 21:21:34,997 [ERROR] LogOutputStream:75 - [STDERR_REDIRECT] Sep 25, 2025 9:21:34 PM java.util.prefs.FileSystemPreferences checkLockFile0ErrorCode
2025-09-25 21:21:34,998 [ERROR] LogOutputStream:75 - [STDERR_REDIRECT] WARNING: Could not lock System prefs. Unix error code 2.
2025-09-25 21:21:34,999 [ERROR] LogOutputStream:75 - [STDERR_REDIRECT] 
2025-09-25 21:21:35,000 [ERROR] LogOutputStream:75 - [STDERR_REDIRECT] Sep 25, 2025 9:21:34 PM java.util.prefs.FileSystemPreferences syncWorld
2025-09-25 21:21:35,001 [ERROR] LogOutputStream:75 - [STDERR_REDIRECT] WARNING: Couldn't flush system prefs: java.util.prefs.BackingStoreException: Couldn't get file lock.
2025-09-25 21:21:35,001 [ERROR] LogOutputStream:75 - [STDERR_REDIRECT] 
2025-09-25 21:22:04,996 [ERROR] LogOutputStream:75 - [STDERR_REDIRECT] Sep 25, 2025 9:22:04 PM java.util.prefs.FileSystemPreferences checkLockFile0ErrorCode
2025-09-25 21:22:04,997 [ERROR] LogOutputStream:75 - [STDERR_REDIRECT] WARNING: Could not lock System prefs. Unix error code 2.
2025-09-25 21:22:04,997 [ERROR] LogOutputStream:75 - [STDERR_REDIRECT] 
2025-09-25 21:22:04,998 [ERROR] LogOutputStream:75 - [STDERR_REDIRECT] Sep 25, 2025 9:22:04 PM java.util.prefs.FileSystemPreferences syncWorld
2025-09-25 21:22:04,998 [ERROR] LogOutputStream:75 - [STDERR_REDIRECT] WARNING: Couldn't flush system prefs: java.util.prefs.BackingStoreException: Couldn't get file lock.
2025-09-25 21:22:04,998 [ERROR] LogOutputStream:75 - [STDERR_REDIRECT] 
2025-09-25 21:22:34,997 [ERROR] LogOutputStream:75 - [STDERR_REDIRECT] Sep 25, 2025 9:22:34 PM java.util.prefs.FileSystemPreferences checkLockFile0ErrorCode
2025-09-25 21:22:34,998 [ERROR] LogOutputStream:75 - [STDERR_REDIRECT] WARNING: Could not lock System prefs. Unix error code 2.
2025-09-25 21:22:34,998 [ERROR] LogOutputStream:75 - [STDERR_REDIRECT] 
2025-09-25 21:22:35,000 [ERROR] LogOutputStream:75 - [STDERR_REDIRECT] Sep 25, 2025 9:22:34 PM java.util.prefs.FileSystemPreferences syncWorld
2025-09-25 21:22:35,000 [ERROR] LogOutputStream:75 - [STDERR_REDIRECT] WARNING: Couldn't flush system prefs: java.util.prefs.BackingStoreException: Couldn't get file lock.
2025-09-25 21:22:35,001 [ERROR] LogOutputStream:75 - [STDERR_REDIRECT] 
2025-09-25 21:23:04,998 [ERROR] LogOutputStream:75 - [STDERR_REDIRECT] Sep 25, 2025 9:23:04 PM java.util.prefs.FileSystemPreferences checkLockFile0ErrorCode
2025-09-25 21:23:04,999 [ERROR] LogOutputStream:75 - [STDERR_REDIRECT] WARNING: Could not lock System prefs. Unix error code 2.
2025-09-25 21:23:04,999 [ERROR] LogOutputStream:75 - [STDERR_REDIRECT] 
2025-09-25 21:23:04,999 [ERROR] LogOutputStream:75 - [STDERR_REDIRECT] Sep 25, 2025 9:23:04 PM java.util.prefs.FileSystemPreferences syncWorld
2025-09-25 21:23:05,000 [ERROR] LogOutputStream:75 - [STDERR_REDIRECT] WARNING: Couldn't flush system prefs: java.util.prefs.BackingStoreException: Couldn't get file lock.
2025-09-25 21:23:05,000 [ERROR] LogOutputStream:75 - [STDERR_REDIRECT] 
2025-09-25 21:23:35,005 [ERROR] LogOutputStream:75 - [STDERR_REDIRECT] Sep 25, 2025 9:23:35 PM java.util.prefs.FileSystemPreferences checkLockFile0ErrorCode
2025-09-25 21:23:35,005 [ERROR] LogOutputStream:75 - [STDERR_REDIRECT] WARNING: Could not lock System prefs. Unix error code 2.
2025-09-25 21:23:35,016 [ERROR] LogOutputStream:75 - [STDERR_REDIRECT] 
2025-09-25 21:23:35,017 [ERROR] LogOutputStream:75 - [STDERR_REDIRECT] Sep 25, 2025 9:23:35 PM java.util.prefs.FileSystemPreferences syncWorld
2025-09-25 21:23:35,018 [ERROR] LogOutputStream:75 - [STDERR_REDIRECT] WARNING: Couldn't flush system prefs: java.util.prefs.BackingStoreException: Couldn't get file lock.
2025-09-25 21:23:35,018 [ERROR] LogOutputStream:75 - [STDERR_REDIRECT] 
2025-09-25 21:24:04,997 [ERROR] LogOutputStream:75 - [STDERR_REDIRECT] Sep 25, 2025 9:24:04 PM java.util.prefs.FileSystemPreferences checkLockFile0ErrorCode
2025-09-25 21:24:04,998 [ERROR] LogOutputStream:75 - [STDERR_REDIRECT] WARNING: Could not lock System prefs. Unix error code 2.
2025-09-25 21:24:04,998 [ERROR] LogOutputStream:75 - [STDERR_REDIRECT] 
2025-09-25 21:24:04,998 [ERROR] LogOutputStream:75 - [STDERR_REDIRECT] Sep 25, 2025 9:24:04 PM java.util.prefs.FileSystemPreferences syncWorld
2025-09-25 21:24:04,999 [ERROR] LogOutputStream:75 - [STDERR_REDIRECT] WARNING: Couldn't flush system prefs: java.util.prefs.BackingStoreException: Couldn't get file lock.
2025-09-25 21:24:04,999 [ERROR] LogOutputStream:75 - [STDERR_REDIRECT] 
2025-09-25 21:24:34,999 [ERROR] LogOutputStream:75 - [STDERR_REDIRECT] Sep 25, 2025 9:24:34 PM java.util.prefs.FileSystemPreferences checkLockFile0ErrorCode
2025-09-25 21:24:35,000 [ERROR] LogOutputStream:75 - [STDERR_REDIRECT] WARNING: Could not lock System prefs. Unix error code 2.
2025-09-25 21:24:35,001 [ERROR] LogOutputStream:75 - [STDERR_REDIRECT] 
2025-09-25 21:24:35,001 [ERROR] LogOutputStream:75 - [STDERR_REDIRECT] Sep 25, 2025 9:24:35 PM java.util.prefs.FileSystemPreferences syncWorld
2025-09-25 21:24:35,002 [ERROR] LogOutputStream:75 - [STDERR_REDIRECT] WARNING: Couldn't flush system prefs: java.util.prefs.BackingStoreException: Couldn't get file lock.
2025-09-25 21:24:35,002 [ERROR] LogOutputStream:75 - [STDERR_REDIRECT] 
2025-09-25 21:25:05,028 [ERROR] LogOutputStream:75 - [STDERR_REDIRECT] Sep 25, 2025 9:25:05 PM java.util.prefs.FileSystemPreferences checkLockFile0ErrorCode
2025-09-25 21:25:05,028 [ERROR] LogOutputStream:75 - [STDERR_REDIRECT] WARNING: Could not lock System prefs. Unix error code 2.
2025-09-25 21:25:05,029 [ERROR] LogOutputStream:75 - [STDERR_REDIRECT] 
2025-09-25 21:25:05,031 [ERROR] LogOutputStream:75 - [STDERR_REDIRECT] Sep 25, 2025 9:25:05 PM java.util.prefs.FileSystemPreferences syncWorld
2025-09-25 21:25:05,032 [ERROR] LogOutputStream:75 - [STDERR_REDIRECT] WARNING: Couldn't flush system prefs: java.util.prefs.BackingStoreException: Couldn't get file lock.
2025-09-25 21:25:05,032 [ERROR] LogOutputStream:75 - [STDERR_REDIRECT] 
2025-09-25 21:25:35,002 [ERROR] LogOutputStream:75 - [STDERR_REDIRECT] Sep 25, 2025 9:25:35 PM java.util.prefs.FileSystemPreferences checkLockFile0ErrorCode
2025-09-25 21:25:35,002 [ERROR] LogOutputStream:75 - [STDERR_REDIRECT] WARNING: Could not lock System prefs. Unix error code 2.
2025-09-25 21:25:35,003 [ERROR] LogOutputStream:75 - [STDERR_REDIRECT] 
2025-09-25 21:25:35,003 [ERROR] LogOutputStream:75 - [STDERR_REDIRECT] Sep 25, 2025 9:25:35 PM java.util.prefs.FileSystemPreferences syncWorld
2025-09-25 21:25:35,004 [ERROR] LogOutputStream:75 - [STDERR_REDIRECT] WARNING: Couldn't flush system prefs: java.util.prefs.BackingStoreException: Couldn't get file lock.
2025-09-25 21:25:35,004 [ERROR] LogOutputStream:75 - [STDERR_REDIRECT] 
2025-09-25 21:26:05,036 [ERROR] LogOutputStream:75 - [STDERR_REDIRECT] Sep 25, 2025 9:26:05 PM java.util.prefs.FileSystemPreferences checkLockFile0ErrorCode
2025-09-25 21:26:05,036 [ERROR] LogOutputStream:75 - [STDERR_REDIRECT] WARNING: Could not lock System prefs. Unix error code 2.
2025-09-25 21:26:05,037 [ERROR] LogOutputStream:75 - [STDERR_REDIRECT] 
2025-09-25 21:26:05,037 [ERROR] LogOutputStream:75 - [STDERR_REDIRECT] Sep 25, 2025 9:26:05 PM java.util.prefs.FileSystemPreferences syncWorld
2025-09-25 21:26:05,037 [ERROR] LogOutputStream:75 - [STDERR_REDIRECT] WARNING: Couldn't flush system prefs: java.util.prefs.BackingStoreException: Couldn't get file lock.
2025-09-25 21:26:05,038 [ERROR] LogOutputStream:75 - [STDERR_REDIRECT] 
2025-09-25 21:26:34,997 [ERROR] LogOutputStream:75 - [STDERR_REDIRECT] Sep 25, 2025 9:26:34 PM java.util.prefs.FileSystemPreferences checkLockFile0ErrorCode
2025-09-25 21:26:34,997 [ERROR] LogOutputStream:75 - [STDERR_REDIRECT] WARNING: Could not lock System prefs. Unix error code 2.
2025-09-25 21:26:34,998 [ERROR] LogOutputStream:75 - [STDERR_REDIRECT] 
2025-09-25 21:26:34,998 [ERROR] LogOutputStream:75 - [STDERR_REDIRECT] Sep 25, 2025 9:26:34 PM java.util.prefs.FileSystemPreferences syncWorld
2025-09-25 21:26:34,998 [ERROR] LogOutputStream:75 - [STDERR_REDIRECT] WARNING: Couldn't flush system prefs: java.util.prefs.BackingStoreException: Couldn't get file lock.
2025-09-25 21:26:34,998 [ERROR] LogOutputStream:75 - [STDERR_REDIRECT] 
2025-09-25 21:27:04,999 [ERROR] LogOutputStream:75 - [STDERR_REDIRECT] Sep 25, 2025 9:27:04 PM java.util.prefs.FileSystemPreferences checkLockFile0ErrorCode
2025-09-25 21:27:04,999 [ERROR] LogOutputStream:75 - [STDERR_REDIRECT] WARNING: Could not lock System prefs. Unix error code 2.
2025-09-25 21:27:04,999 [ERROR] LogOutputStream:75 - [STDERR_REDIRECT] 
2025-09-25 21:27:05,000 [ERROR] LogOutputStream:75 - [STDERR_REDIRECT] Sep 25, 2025 9:27:05 PM java.util.prefs.FileSystemPreferences syncWorld
2025-09-25 21:27:05,000 [ERROR] LogOutputStream:75 - [STDERR_REDIRECT] WARNING: Couldn't flush system prefs: java.util.prefs.BackingStoreException: Couldn't get file lock.
2025-09-25 21:27:05,001 [ERROR] LogOutputStream:75 - [STDERR_REDIRECT] 
2025-09-25 21:27:35,002 [ERROR] LogOutputStream:75 - [STDERR_REDIRECT] Sep 25, 2025 9:27:35 PM java.util.prefs.FileSystemPreferences checkLockFile0ErrorCode
2025-09-25 21:27:35,002 [ERROR] LogOutputStream:75 - [STDERR_REDIRECT] WARNING: Could not lock System prefs. Unix error code 2.
2025-09-25 21:27:35,002 [ERROR] LogOutputStream:75 - [STDERR_REDIRECT] 
2025-09-25 21:27:35,003 [ERROR] LogOutputStream:75 - [STDERR_REDIRECT] Sep 25, 2025 9:27:35 PM java.util.prefs.FileSystemPreferences syncWorld
2025-09-25 21:27:35,003 [ERROR] LogOutputStream:75 - [STDERR_REDIRECT] WARNING: Couldn't flush system prefs: java.util.prefs.BackingStoreException: Couldn't get file lock.
2025-09-25 21:27:35,004 [ERROR] LogOutputStream:75 - [STDERR_REDIRECT] 
2025-09-25 21:28:05,000 [ERROR] LogOutputStream:75 - [STDERR_REDIRECT] Sep 25, 2025 9:28:04 PM java.util.prefs.FileSystemPreferences checkLockFile0ErrorCode
2025-09-25 21:28:05,000 [ERROR] LogOutputStream:75 - [STDERR_REDIRECT] WARNING: Could not lock System prefs. Unix error code 2.
2025-09-25 21:28:05,001 [ERROR] LogOutputStream:75 - [STDERR_REDIRECT] 
2025-09-25 21:28:05,001 [ERROR] LogOutputStream:75 - [STDERR_REDIRECT] Sep 25, 2025 9:28:05 PM java.util.prefs.FileSystemPreferences syncWorld
2025-09-25 21:28:05,001 [ERROR] LogOutputStream:75 - [STDERR_REDIRECT] WARNING: Couldn't flush system prefs: java.util.prefs.BackingStoreException: Couldn't get file lock.
2025-09-25 21:28:05,002 [ERROR] LogOutputStream:75 - [STDERR_REDIRECT] 
2025-09-25 21:28:34,999 [ERROR] LogOutputStream:75 - [STDERR_REDIRECT] Sep 25, 2025 9:28:34 PM java.util.prefs.FileSystemPreferences checkLockFile0ErrorCode
2025-09-25 21:28:35,000 [ERROR] LogOutputStream:75 - [STDERR_REDIRECT] WARNING: Could not lock System prefs. Unix error code 2.
2025-09-25 21:28:35,010 [ERROR] LogOutputStream:75 - [STDERR_REDIRECT] 
2025-09-25 21:28:35,011 [ERROR] LogOutputStream:75 - [STDERR_REDIRECT] Sep 25, 2025 9:28:35 PM java.util.prefs.FileSystemPreferences syncWorld
2025-09-25 21:28:35,012 [ERROR] LogOutputStream:75 - [STDERR_REDIRECT] WARNING: Couldn't flush system prefs: java.util.prefs.BackingStoreException: Couldn't get file lock.
2025-09-25 21:28:35,012 [ERROR] LogOutputStream:75 - [STDERR_REDIRECT] 
2025-09-25 21:29:05,000 [ERROR] LogOutputStream:75 - [STDERR_REDIRECT] Sep 25, 2025 9:29:04 PM java.util.prefs.FileSystemPreferences checkLockFile0ErrorCode
2025-09-25 21:29:05,000 [ERROR] LogOutputStream:75 - [STDERR_REDIRECT] WARNING: Could not lock System prefs. Unix error code 2.
2025-09-25 21:29:05,001 [ERROR] LogOutputStream:75 - [STDERR_REDIRECT] 
2025-09-25 21:29:05,001 [ERROR] LogOutputStream:75 - [STDERR_REDIRECT] Sep 25, 2025 9:29:05 PM java.util.prefs.FileSystemPreferences syncWorld
2025-09-25 21:29:05,001 [ERROR] LogOutputStream:75 - [STDERR_REDIRECT] WARNING: Couldn't flush system prefs: java.util.prefs.BackingStoreException: Couldn't get file lock.
2025-09-25 21:29:05,002 [ERROR] LogOutputStream:75 - [STDERR_REDIRECT] 
2025-09-25 21:29:35,004 [ERROR] LogOutputStream:75 - [STDERR_REDIRECT] Sep 25, 2025 9:29:35 PM java.util.prefs.FileSystemPreferences checkLockFile0ErrorCode
2025-09-25 21:29:35,005 [ERROR] LogOutputStream:75 - [STDERR_REDIRECT] WARNING: Could not lock System prefs. Unix error code 2.
2025-09-25 21:29:35,005 [ERROR] LogOutputStream:75 - [STDERR_REDIRECT] 
2025-09-25 21:29:35,006 [ERROR] LogOutputStream:75 - [STDERR_REDIRECT] Sep 25, 2025 9:29:35 PM java.util.prefs.FileSystemPreferences syncWorld
2025-09-25 21:29:35,006 [ERROR] LogOutputStream:75 - [STDERR_REDIRECT] WARNING: Couldn't flush system prefs: java.util.prefs.BackingStoreException: Couldn't get file lock.
2025-09-25 21:29:35,006 [ERROR] LogOutputStream:75 - [STDERR_REDIRECT] 
2025-09-25 21:30:05,002 [ERROR] LogOutputStream:75 - [STDERR_REDIRECT] Sep 25, 2025 9:30:05 PM java.util.prefs.FileSystemPreferences checkLockFile0ErrorCode
2025-09-25 21:30:05,002 [ERROR] LogOutputStream:75 - [STDERR_REDIRECT] WARNING: Could not lock System prefs. Unix error code 2.
2025-09-25 21:30:05,002 [ERROR] LogOutputStream:75 - [STDERR_REDIRECT] 
2025-09-25 21:30:05,003 [ERROR] LogOutputStream:75 - [STDERR_REDIRECT] Sep 25, 2025 9:30:05 PM java.util.prefs.FileSystemPreferences syncWorld
2025-09-25 21:30:05,003 [ERROR] LogOutputStream:75 - [STDERR_REDIRECT] WARNING: Couldn't flush system prefs: java.util.prefs.BackingStoreException: Couldn't get file lock.
2025-09-25 21:30:05,003 [ERROR] LogOutputStream:75 - [STDERR_REDIRECT] 
2025-09-25 21:30:35,006 [ERROR] LogOutputStream:75 - [STDERR_REDIRECT] Sep 25, 2025 9:30:35 PM java.util.prefs.FileSystemPreferences checkLockFile0ErrorCode
2025-09-25 21:30:35,006 [ERROR] LogOutputStream:75 - [STDERR_REDIRECT] WARNING: Could not lock System prefs. Unix error code 2.
2025-09-25 21:30:35,006 [ERROR] LogOutputStream:75 - [STDERR_REDIRECT] 
2025-09-25 21:30:35,007 [ERROR] LogOutputStream:75 - [STDERR_REDIRECT] Sep 25, 2025 9:30:35 PM java.util.prefs.FileSystemPreferences syncWorld
2025-09-25 21:30:35,008 [ERROR] LogOutputStream:75 - [STDERR_REDIRECT] WARNING: Couldn't flush system prefs: java.util.prefs.BackingStoreException: Couldn't get file lock.
2025-09-25 21:30:35,008 [ERROR] LogOutputStream:75 - [STDERR_REDIRECT] 
2025-09-25 21:31:05,001 [ERROR] LogOutputStream:75 - [STDERR_REDIRECT] Sep 25, 2025 9:31:05 PM java.util.prefs.FileSystemPreferences checkLockFile0ErrorCode
2025-09-25 21:31:05,001 [ERROR] LogOutputStream:75 - [STDERR_REDIRECT] WARNING: Could not lock System prefs. Unix error code 2.
2025-09-25 21:31:05,001 [ERROR] LogOutputStream:75 - [STDERR_REDIRECT] 
2025-09-25 21:31:05,002 [ERROR] LogOutputStream:75 - [STDERR_REDIRECT] Sep 25, 2025 9:31:05 PM java.util.prefs.FileSystemPreferences syncWorld
2025-09-25 21:31:05,002 [ERROR] LogOutputStream:75 - [STDERR_REDIRECT] WARNING: Couldn't flush system prefs: java.util.prefs.BackingStoreException: Couldn't get file lock.
2025-09-25 21:31:05,002 [ERROR] LogOutputStream:75 - [STDERR_REDIRECT] 
2025-09-25 21:31:35,004 [ERROR] LogOutputStream:75 - [STDERR_REDIRECT] Sep 25, 2025 9:31:35 PM java.util.prefs.FileSystemPreferences checkLockFile0ErrorCode
2025-09-25 21:31:35,004 [ERROR] LogOutputStream:75 - [STDERR_REDIRECT] WARNING: Could not lock System prefs. Unix error code 2.
2025-09-25 21:31:35,005 [ERROR] LogOutputStream:75 - [STDERR_REDIRECT] 
2025-09-25 21:31:35,005 [ERROR] LogOutputStream:75 - [STDERR_REDIRECT] Sep 25, 2025 9:31:35 PM java.util.prefs.FileSystemPreferences syncWorld
2025-09-25 21:31:35,006 [ERROR] LogOutputStream:75 - [STDERR_REDIRECT] WARNING: Couldn't flush system prefs: java.util.prefs.BackingStoreException: Couldn't get file lock.
2025-09-25 21:31:35,006 [ERROR] LogOutputStream:75 - [STDERR_REDIRECT] 
2025-09-25 21:32:05,004 [ERROR] LogOutputStream:75 - [STDERR_REDIRECT] Sep 25, 2025 9:32:05 PM java.util.prefs.FileSystemPreferences checkLockFile0ErrorCode
2025-09-25 21:32:05,004 [ERROR] LogOutputStream:75 - [STDERR_REDIRECT] WARNING: Could not lock System prefs. Unix error code 2.
2025-09-25 21:32:05,005 [ERROR] LogOutputStream:75 - [STDERR_REDIRECT] 
2025-09-25 21:32:05,005 [ERROR] LogOutputStream:75 - [STDERR_REDIRECT] Sep 25, 2025 9:32:05 PM java.util.prefs.FileSystemPreferences syncWorld
2025-09-25 21:32:05,006 [ERROR] LogOutputStream:75 - [STDERR_REDIRECT] WARNING: Couldn't flush system prefs: java.util.prefs.BackingStoreException: Couldn't get file lock.
2025-09-25 21:32:05,006 [ERROR] LogOutputStream:75 - [STDERR_REDIRECT] 
2025-09-25 21:32:35,001 [ERROR] LogOutputStream:75 - [STDERR_REDIRECT] Sep 25, 2025 9:32:35 PM java.util.prefs.FileSystemPreferences checkLockFile0ErrorCode
2025-09-25 21:32:35,002 [ERROR] LogOutputStream:75 - [STDERR_REDIRECT] WARNING: Could not lock System prefs. Unix error code 2.
2025-09-25 21:32:35,002 [ERROR] LogOutputStream:75 - [STDERR_REDIRECT] 
2025-09-25 21:32:35,002 [ERROR] LogOutputStream:75 - [STDERR_REDIRECT] Sep 25, 2025 9:32:35 PM java.util.prefs.FileSystemPreferences syncWorld
2025-09-25 21:32:35,003 [ERROR] LogOutputStream:75 - [STDERR_REDIRECT] WARNING: Couldn't flush system prefs: java.util.prefs.BackingStoreException: Couldn't get file lock.
2025-09-25 21:32:35,003 [ERROR] LogOutputStream:75 - [STDERR_REDIRECT] 
2025-09-25 21:33:05,007 [ERROR] LogOutputStream:75 - [STDERR_REDIRECT] Sep 25, 2025 9:33:05 PM java.util.prefs.FileSystemPreferences checkLockFile0ErrorCode
2025-09-25 21:33:05,008 [ERROR] LogOutputStream:75 - [STDERR_REDIRECT] WARNING: Could not lock System prefs. Unix error code 2.
2025-09-25 21:33:05,008 [ERROR] LogOutputStream:75 - [STDERR_REDIRECT] 
2025-09-25 21:33:05,009 [ERROR] LogOutputStream:75 - [STDERR_REDIRECT] Sep 25, 2025 9:33:05 PM java.util.prefs.FileSystemPreferences syncWorld
2025-09-25 21:33:05,009 [ERROR] LogOutputStream:75 - [STDERR_REDIRECT] WARNING: Couldn't flush system prefs: java.util.prefs.BackingStoreException: Couldn't get file lock.
2025-09-25 21:33:05,010 [ERROR] LogOutputStream:75 - [STDERR_REDIRECT] 
2025-09-25 21:33:35,003 [ERROR] LogOutputStream:75 - [STDERR_REDIRECT] Sep 25, 2025 9:33:35 PM java.util.prefs.FileSystemPreferences checkLockFile0ErrorCode
2025-09-25 21:33:35,004 [ERROR] LogOutputStream:75 - [STDERR_REDIRECT] WARNING: Could not lock System prefs. Unix error code 2.
2025-09-25 21:33:35,041 [ERROR] LogOutputStream:75 - [STDERR_REDIRECT] 
2025-09-25 21:33:35,042 [ERROR] LogOutputStream:75 - [STDERR_REDIRECT] Sep 25, 2025 9:33:35 PM java.util.prefs.FileSystemPreferences syncWorld
2025-09-25 21:33:35,042 [ERROR] LogOutputStream:75 - [STDERR_REDIRECT] WARNING: Couldn't flush system prefs: java.util.prefs.BackingStoreException: Couldn't get file lock.
2025-09-25 21:33:35,042 [ERROR] LogOutputStream:75 - [STDERR_REDIRECT] 
2025-09-25 21:34:05,004 [ERROR] LogOutputStream:75 - [STDERR_REDIRECT] Sep 25, 2025 9:34:05 PM java.util.prefs.FileSystemPreferences checkLockFile0ErrorCode
2025-09-25 21:34:05,004 [ERROR] LogOutputStream:75 - [STDERR_REDIRECT] WARNING: Could not lock System prefs. Unix error code 2.
2025-09-25 21:34:05,005 [ERROR] LogOutputStream:75 - [STDERR_REDIRECT] 
2025-09-25 21:34:05,005 [ERROR] LogOutputStream:75 - [STDERR_REDIRECT] Sep 25, 2025 9:34:05 PM java.util.prefs.FileSystemPreferences syncWorld
2025-09-25 21:34:05,005 [ERROR] LogOutputStream:75 - [STDERR_REDIRECT] WARNING: Couldn't flush system prefs: java.util.prefs.BackingStoreException: Couldn't get file lock.
2025-09-25 21:34:05,006 [ERROR] LogOutputStream:75 - [STDERR_REDIRECT] 
2025-09-25 21:34:35,002 [ERROR] LogOutputStream:75 - [STDERR_REDIRECT] Sep 25, 2025 9:34:35 PM java.util.prefs.FileSystemPreferences checkLockFile0ErrorCode
2025-09-25 21:34:35,002 [ERROR] LogOutputStream:75 - [STDERR_REDIRECT] WARNING: Could not lock System prefs. Unix error code 2.
2025-09-25 21:34:35,002 [ERROR] LogOutputStream:75 - [STDERR_REDIRECT] 
2025-09-25 21:34:35,004 [ERROR] LogOutputStream:75 - [STDERR_REDIRECT] Sep 25, 2025 9:34:35 PM java.util.prefs.FileSystemPreferences syncWorld
2025-09-25 21:34:35,004 [ERROR] LogOutputStream:75 - [STDERR_REDIRECT] WARNING: Couldn't flush system prefs: java.util.prefs.BackingStoreException: Couldn't get file lock.
2025-09-25 21:34:35,004 [ERROR] LogOutputStream:75 - [STDERR_REDIRECT] 
2025-09-25 21:35:05,003 [ERROR] LogOutputStream:75 - [STDERR_REDIRECT] Sep 25, 2025 9:35:05 PM java.util.prefs.FileSystemPreferences checkLockFile0ErrorCode
2025-09-25 21:35:05,003 [ERROR] LogOutputStream:75 - [STDERR_REDIRECT] WARNING: Could not lock System prefs. Unix error code 2.
2025-09-25 21:35:05,003 [ERROR] LogOutputStream:75 - [STDERR_REDIRECT] 
2025-09-25 21:35:05,004 [ERROR] LogOutputStream:75 - [STDERR_REDIRECT] Sep 25, 2025 9:35:05 PM java.util.prefs.FileSystemPreferences syncWorld
2025-09-25 21:35:05,004 [ERROR] LogOutputStream:75 - [STDERR_REDIRECT] WARNING: Couldn't flush system prefs: java.util.prefs.BackingStoreException: Couldn't get file lock.
2025-09-25 21:35:05,004 [ERROR] LogOutputStream:75 - [STDERR_REDIRECT] 
2025-09-25 21:35:35,007 [ERROR] LogOutputStream:75 - [STDERR_REDIRECT] Sep 25, 2025 9:35:35 PM java.util.prefs.FileSystemPreferences checkLockFile0ErrorCode
2025-09-25 21:35:35,008 [ERROR] LogOutputStream:75 - [STDERR_REDIRECT] WARNING: Could not lock System prefs. Unix error code 2.
2025-09-25 21:35:35,008 [ERROR] LogOutputStream:75 - [STDERR_REDIRECT] 
2025-09-25 21:35:35,009 [ERROR] LogOutputStream:75 - [STDERR_REDIRECT] Sep 25, 2025 9:35:35 PM java.util.prefs.FileSystemPreferences syncWorld
2025-09-25 21:35:35,009 [ERROR] LogOutputStream:75 - [STDERR_REDIRECT] WARNING: Couldn't flush system prefs: java.util.prefs.BackingStoreException: Couldn't get file lock.
2025-09-25 21:35:35,009 [ERROR] LogOutputStream:75 - [STDERR_REDIRECT] 
2025-09-25 21:36:05,004 [ERROR] LogOutputStream:75 - [STDERR_REDIRECT] Sep 25, 2025 9:36:05 PM java.util.prefs.FileSystemPreferences checkLockFile0ErrorCode
2025-09-25 21:36:05,004 [ERROR] LogOutputStream:75 - [STDERR_REDIRECT] WARNING: Could not lock System prefs. Unix error code 2.
2025-09-25 21:36:05,005 [ERROR] LogOutputStream:75 - [STDERR_REDIRECT] 
2025-09-25 21:36:05,005 [ERROR] LogOutputStream:75 - [STDERR_REDIRECT] Sep 25, 2025 9:36:05 PM java.util.prefs.FileSystemPreferences syncWorld
2025-09-25 21:36:05,005 [ERROR] LogOutputStream:75 - [STDERR_REDIRECT] WARNING: Couldn't flush system prefs: java.util.prefs.BackingStoreException: Couldn't get file lock.
2025-09-25 21:36:05,005 [ERROR] LogOutputStream:75 - [STDERR_REDIRECT] 
2025-09-25 21:36:35,004 [ERROR] LogOutputStream:75 - [STDERR_REDIRECT] Sep 25, 2025 9:36:35 PM java.util.prefs.FileSystemPreferences checkLockFile0ErrorCode
2025-09-25 21:36:35,004 [ERROR] LogOutputStream:75 - [STDERR_REDIRECT] WARNING: Could not lock System prefs. Unix error code 2.
2025-09-25 21:36:35,004 [ERROR] LogOutputStream:75 - [STDERR_REDIRECT] 
2025-09-25 21:36:35,005 [ERROR] LogOutputStream:75 - [STDERR_REDIRECT] Sep 25, 2025 9:36:35 PM java.util.prefs.FileSystemPreferences syncWorld
2025-09-25 21:36:35,005 [ERROR] LogOutputStream:75 - [STDERR_REDIRECT] WARNING: Couldn't flush system prefs: java.util.prefs.BackingStoreException: Couldn't get file lock.
2025-09-25 21:36:35,005 [ERROR] LogOutputStream:75 - [STDERR_REDIRECT] 
2025-09-25 21:37:05,012 [ERROR] LogOutputStream:75 - [STDERR_REDIRECT] Sep 25, 2025 9:37:05 PM java.util.prefs.FileSystemPreferences checkLockFile0ErrorCode
2025-09-25 21:37:05,023 [ERROR] LogOutputStream:75 - [STDERR_REDIRECT] WARNING: Could not lock System prefs. Unix error code 2.
2025-09-25 21:37:05,024 [ERROR] LogOutputStream:75 - [STDERR_REDIRECT] 
2025-09-25 21:37:05,025 [ERROR] LogOutputStream:75 - [STDERR_REDIRECT] Sep 25, 2025 9:37:05 PM java.util.prefs.FileSystemPreferences syncWorld
2025-09-25 21:37:05,025 [ERROR] LogOutputStream:75 - [STDERR_REDIRECT] WARNING: Couldn't flush system prefs: java.util.prefs.BackingStoreException: Couldn't get file lock.
2025-09-25 21:37:05,025 [ERROR] LogOutputStream:75 - [STDERR_REDIRECT] 
2025-09-25 21:37:35,004 [ERROR] LogOutputStream:75 - [STDERR_REDIRECT] Sep 25, 2025 9:37:35 PM java.util.prefs.FileSystemPreferences checkLockFile0ErrorCode
2025-09-25 21:37:35,005 [ERROR] LogOutputStream:75 - [STDERR_REDIRECT] WARNING: Could not lock System prefs. Unix error code 2.
2025-09-25 21:37:35,005 [ERROR] LogOutputStream:75 - [STDERR_REDIRECT] 
2025-09-25 21:37:35,005 [ERROR] LogOutputStream:75 - [STDERR_REDIRECT] Sep 25, 2025 9:37:35 PM java.util.prefs.FileSystemPreferences syncWorld
2025-09-25 21:37:35,006 [ERROR] LogOutputStream:75 - [STDERR_REDIRECT] WARNING: Couldn't flush system prefs: java.util.prefs.BackingStoreException: Couldn't get file lock.
2025-09-25 21:37:35,006 [ERROR] LogOutputStream:75 - [STDERR_REDIRECT] 
2025-09-25 21:38:05,004 [ERROR] LogOutputStream:75 - [STDERR_REDIRECT] Sep 25, 2025 9:38:05 PM java.util.prefs.FileSystemPreferences checkLockFile0ErrorCode
2025-09-25 21:38:05,005 [ERROR] LogOutputStream:75 - [STDERR_REDIRECT] WARNING: Could not lock System prefs. Unix error code 2.
2025-09-25 21:38:05,042 [ERROR] LogOutputStream:75 - [STDERR_REDIRECT] 
2025-09-25 21:38:05,043 [ERROR] LogOutputStream:75 - [STDERR_REDIRECT] Sep 25, 2025 9:38:05 PM java.util.prefs.FileSystemPreferences syncWorld
2025-09-25 21:38:05,043 [ERROR] LogOutputStream:75 - [STDERR_REDIRECT] WARNING: Couldn't flush system prefs: java.util.prefs.BackingStoreException: Couldn't get file lock.
2025-09-25 21:38:05,044 [ERROR] LogOutputStream:75 - [STDERR_REDIRECT] 
2025-09-25 21:38:35,004 [ERROR] LogOutputStream:75 - [STDERR_REDIRECT] Sep 25, 2025 9:38:35 PM java.util.prefs.FileSystemPreferences checkLockFile0ErrorCode
2025-09-25 21:38:35,005 [ERROR] LogOutputStream:75 - [STDERR_REDIRECT] WARNING: Could not lock System prefs. Unix error code 2.
2025-09-25 21:38:35,042 [ERROR] LogOutputStream:75 - [STDERR_REDIRECT] 
2025-09-25 21:38:35,043 [ERROR] LogOutputStream:75 - [STDERR_REDIRECT] Sep 25, 2025 9:38:35 PM java.util.prefs.FileSystemPreferences syncWorld
2025-09-25 21:38:35,044 [ERROR] LogOutputStream:75 - [STDERR_REDIRECT] WARNING: Couldn't flush system prefs: java.util.prefs.BackingStoreException: Couldn't get file lock.
2025-09-25 21:38:35,044 [ERROR] LogOutputStream:75 - [STDERR_REDIRECT] 
2025-09-25 21:39:05,008 [ERROR] LogOutputStream:75 - [STDERR_REDIRECT] Sep 25, 2025 9:39:05 PM java.util.prefs.FileSystemPreferences checkLockFile0ErrorCode
2025-09-25 21:39:05,009 [ERROR] LogOutputStream:75 - [STDERR_REDIRECT] WARNING: Could not lock System prefs. Unix error code 2.
2025-09-25 21:39:05,009 [ERROR] LogOutputStream:75 - [STDERR_REDIRECT] 
2025-09-25 21:39:05,010 [ERROR] LogOutputStream:75 - [STDERR_REDIRECT] Sep 25, 2025 9:39:05 PM java.util.prefs.FileSystemPreferences syncWorld
2025-09-25 21:39:05,010 [ERROR] LogOutputStream:75 - [STDERR_REDIRECT] WARNING: Couldn't flush system prefs: java.util.prefs.BackingStoreException: Couldn't get file lock.
2025-09-25 21:39:05,010 [ERROR] LogOutputStream:75 - [STDERR_REDIRECT] 
2025-09-25 21:39:35,009 [ERROR] LogOutputStream:75 - [STDERR_REDIRECT] Sep 25, 2025 9:39:35 PM java.util.prefs.FileSystemPreferences checkLockFile0ErrorCode
2025-09-25 21:39:35,009 [ERROR] LogOutputStream:75 - [STDERR_REDIRECT] WARNING: Could not lock System prefs. Unix error code 2.
2025-09-25 21:39:35,010 [ERROR] LogOutputStream:75 - [STDERR_REDIRECT] 
2025-09-25 21:39:35,010 [ERROR] LogOutputStream:75 - [STDERR_REDIRECT] Sep 25, 2025 9:39:35 PM java.util.prefs.FileSystemPreferences syncWorld
2025-09-25 21:39:35,010 [ERROR] LogOutputStream:75 - [STDERR_REDIRECT] WARNING: Couldn't flush system prefs: java.util.prefs.BackingStoreException: Couldn't get file lock.
2025-09-25 21:39:35,010 [ERROR] LogOutputStream:75 - [STDERR_REDIRECT] 
2025-09-25 21:40:05,011 [ERROR] LogOutputStream:75 - [STDERR_REDIRECT] Sep 25, 2025 9:40:05 PM java.util.prefs.FileSystemPreferences checkLockFile0ErrorCode
2025-09-25 21:40:05,011 [ERROR] LogOutputStream:75 - [STDERR_REDIRECT] WARNING: Could not lock System prefs. Unix error code 2.
2025-09-25 21:40:05,012 [ERROR] LogOutputStream:75 - [STDERR_REDIRECT] 
2025-09-25 21:40:05,012 [ERROR] LogOutputStream:75 - [STDERR_REDIRECT] Sep 25, 2025 9:40:05 PM java.util.prefs.FileSystemPreferences syncWorld
2025-09-25 21:40:05,013 [ERROR] LogOutputStream:75 - [STDERR_REDIRECT] WARNING: Couldn't flush system prefs: java.util.prefs.BackingStoreException: Couldn't get file lock.
2025-09-25 21:40:05,013 [ERROR] LogOutputStream:75 - [STDERR_REDIRECT] 
2025-09-25 21:40:35,010 [ERROR] LogOutputStream:75 - [STDERR_REDIRECT] Sep 25, 2025 9:40:35 PM java.util.prefs.FileSystemPreferences checkLockFile0ErrorCode
2025-09-25 21:40:35,010 [ERROR] LogOutputStream:75 - [STDERR_REDIRECT] WARNING: Could not lock System prefs. Unix error code 2.
2025-09-25 21:40:35,011 [ERROR] LogOutputStream:75 - [STDERR_REDIRECT] 
2025-09-25 21:40:35,011 [ERROR] LogOutputStream:75 - [STDERR_REDIRECT] Sep 25, 2025 9:40:35 PM java.util.prefs.FileSystemPreferences syncWorld
2025-09-25 21:40:35,011 [ERROR] LogOutputStream:75 - [STDERR_REDIRECT] WARNING: Couldn't flush system prefs: java.util.prefs.BackingStoreException: Couldn't get file lock.
2025-09-25 21:40:35,013 [ERROR] LogOutputStream:75 - [STDERR_REDIRECT] 
2025-09-25 21:41:05,010 [ERROR] LogOutputStream:75 - [STDERR_REDIRECT] Sep 25, 2025 9:41:05 PM java.util.prefs.FileSystemPreferences checkLockFile0ErrorCode
2025-09-25 21:41:05,011 [ERROR] LogOutputStream:75 - [STDERR_REDIRECT] WARNING: Could not lock System prefs. Unix error code 2.
2025-09-25 21:41:05,011 [ERROR] LogOutputStream:75 - [STDERR_REDIRECT] 
2025-09-25 21:41:05,012 [ERROR] LogOutputStream:75 - [STDERR_REDIRECT] Sep 25, 2025 9:41:05 PM java.util.prefs.FileSystemPreferences syncWorld
2025-09-25 21:41:05,013 [ERROR] LogOutputStream:75 - [STDERR_REDIRECT] WARNING: Couldn't flush system prefs: java.util.prefs.BackingStoreException: Couldn't get file lock.
2025-09-25 21:41:05,013 [ERROR] LogOutputStream:75 - [STDERR_REDIRECT] 
2025-09-25 21:41:35,009 [ERROR] LogOutputStream:75 - [STDERR_REDIRECT] Sep 25, 2025 9:41:35 PM java.util.prefs.FileSystemPreferences checkLockFile0ErrorCode
2025-09-25 21:41:35,009 [ERROR] LogOutputStream:75 - [STDERR_REDIRECT] WARNING: Could not lock System prefs. Unix error code 2.
2025-09-25 21:41:35,009 [ERROR] LogOutputStream:75 - [STDERR_REDIRECT] 
2025-09-25 21:41:35,010 [ERROR] LogOutputStream:75 - [STDERR_REDIRECT] Sep 25, 2025 9:41:35 PM java.util.prefs.FileSystemPreferences syncWorld
2025-09-25 21:41:35,010 [ERROR] LogOutputStream:75 - [STDERR_REDIRECT] WARNING: Couldn't flush system prefs: java.util.prefs.BackingStoreException: Couldn't get file lock.
2025-09-25 21:41:35,010 [ERROR] LogOutputStream:75 - [STDERR_REDIRECT] 
2025-09-25 21:42:05,008 [ERROR] LogOutputStream:75 - [STDERR_REDIRECT] Sep 25, 2025 9:42:05 PM java.util.prefs.FileSystemPreferences checkLockFile0ErrorCode
2025-09-25 21:42:05,008 [ERROR] LogOutputStream:75 - [STDERR_REDIRECT] WARNING: Could not lock System prefs. Unix error code 2.
2025-09-25 21:42:05,008 [ERROR] LogOutputStream:75 - [STDERR_REDIRECT] 
2025-09-25 21:42:05,009 [ERROR] LogOutputStream:75 - [STDERR_REDIRECT] Sep 25, 2025 9:42:05 PM java.util.prefs.FileSystemPreferences syncWorld
2025-09-25 21:42:05,009 [ERROR] LogOutputStream:75 - [STDERR_REDIRECT] WARNING: Couldn't flush system prefs: java.util.prefs.BackingStoreException: Couldn't get file lock.
2025-09-25 21:42:05,009 [ERROR] LogOutputStream:75 - [STDERR_REDIRECT] 
2025-09-25 21:42:35,008 [ERROR] LogOutputStream:75 - [STDERR_REDIRECT] Sep 25, 2025 9:42:35 PM java.util.prefs.FileSystemPreferences checkLockFile0ErrorCode
2025-09-25 21:42:35,008 [ERROR] LogOutputStream:75 - [STDERR_REDIRECT] WARNING: Could not lock System prefs. Unix error code 2.
2025-09-25 21:42:35,009 [ERROR] LogOutputStream:75 - [STDERR_REDIRECT] 
2025-09-25 21:42:35,009 [ERROR] LogOutputStream:75 - [STDERR_REDIRECT] Sep 25, 2025 9:42:35 PM java.util.prefs.FileSystemPreferences syncWorld
2025-09-25 21:42:35,010 [ERROR] LogOutputStream:75 - [STDERR_REDIRECT] WARNING: Couldn't flush system prefs: java.util.prefs.BackingStoreException: Couldn't get file lock.
2025-09-25 21:42:35,010 [ERROR] LogOutputStream:75 - [STDERR_REDIRECT] 
2025-09-25 21:43:05,010 [ERROR] LogOutputStream:75 - [STDERR_REDIRECT] Sep 25, 2025 9:43:05 PM java.util.prefs.FileSystemPreferences checkLockFile0ErrorCode
2025-09-25 21:43:05,010 [ERROR] LogOutputStream:75 - [STDERR_REDIRECT] WARNING: Could not lock System prefs. Unix error code 2.
2025-09-25 21:43:05,010 [ERROR] LogOutputStream:75 - [STDERR_REDIRECT] 
2025-09-25 21:43:05,011 [ERROR] LogOutputStream:75 - [STDERR_REDIRECT] Sep 25, 2025 9:43:05 PM java.util.prefs.FileSystemPreferences syncWorld
2025-09-25 21:43:05,011 [ERROR] LogOutputStream:75 - [STDERR_REDIRECT] WARNING: Couldn't flush system prefs: java.util.prefs.BackingStoreException: Couldn't get file lock.
2025-09-25 21:43:05,011 [ERROR] LogOutputStream:75 - [STDERR_REDIRECT] 
2025-09-25 21:43:35,007 [ERROR] LogOutputStream:75 - [STDERR_REDIRECT] Sep 25, 2025 9:43:35 PM java.util.prefs.FileSystemPreferences checkLockFile0ErrorCode
2025-09-25 21:43:35,008 [ERROR] LogOutputStream:75 - [STDERR_REDIRECT] WARNING: Could not lock System prefs. Unix error code 2.
2025-09-25 21:43:35,009 [ERROR] LogOutputStream:75 - [STDERR_REDIRECT] 
2025-09-25 21:43:35,009 [ERROR] LogOutputStream:75 - [STDERR_REDIRECT] Sep 25, 2025 9:43:35 PM java.util.prefs.FileSystemPreferences syncWorld
2025-09-25 21:43:35,009 [ERROR] LogOutputStream:75 - [STDERR_REDIRECT] WARNING: Couldn't flush system prefs: java.util.prefs.BackingStoreException: Couldn't get file lock.
2025-09-25 21:43:35,010 [ERROR] LogOutputStream:75 - [STDERR_REDIRECT] 
2025-09-25 21:44:05,011 [ERROR] LogOutputStream:75 - [STDERR_REDIRECT] Sep 25, 2025 9:44:05 PM java.util.prefs.FileSystemPreferences checkLockFile0ErrorCode
2025-09-25 21:44:05,012 [ERROR] LogOutputStream:75 - [STDERR_REDIRECT] WARNING: Could not lock System prefs. Unix error code 2.
2025-09-25 21:44:05,012 [ERROR] LogOutputStream:75 - [STDERR_REDIRECT] 
2025-09-25 21:44:05,013 [ERROR] LogOutputStream:75 - [STDERR_REDIRECT] Sep 25, 2025 9:44:05 PM java.util.prefs.FileSystemPreferences syncWorld
2025-09-25 21:44:05,013 [ERROR] LogOutputStream:75 - [STDERR_REDIRECT] WARNING: Couldn't flush system prefs: java.util.prefs.BackingStoreException: Couldn't get file lock.
2025-09-25 21:44:05,014 [ERROR] LogOutputStream:75 - [STDERR_REDIRECT] 
2025-09-25 21:44:35,007 [ERROR] LogOutputStream:75 - [STDERR_REDIRECT] Sep 25, 2025 9:44:35 PM java.util.prefs.FileSystemPreferences checkLockFile0ErrorCode
2025-09-25 21:44:35,008 [ERROR] LogOutputStream:75 - [STDERR_REDIRECT] WARNING: Could not lock System prefs. Unix error code 2.
2025-09-25 21:44:35,008 [ERROR] LogOutputStream:75 - [STDERR_REDIRECT] 
2025-09-25 21:44:35,008 [ERROR] LogOutputStream:75 - [STDERR_REDIRECT] Sep 25, 2025 9:44:35 PM java.util.prefs.FileSystemPreferences syncWorld
2025-09-25 21:44:35,008 [ERROR] LogOutputStream:75 - [STDERR_REDIRECT] WARNING: Couldn't flush system prefs: java.util.prefs.BackingStoreException: Couldn't get file lock.
2025-09-25 21:44:35,009 [ERROR] LogOutputStream:75 - [STDERR_REDIRECT] 
2025-09-25 21:45:05,012 [ERROR] LogOutputStream:75 - [STDERR_REDIRECT] Sep 25, 2025 9:45:05 PM java.util.prefs.FileSystemPreferences checkLockFile0ErrorCode
2025-09-25 21:45:05,013 [ERROR] LogOutputStream:75 - [STDERR_REDIRECT] WARNING: Could not lock System prefs. Unix error code 2.
2025-09-25 21:45:05,013 [ERROR] LogOutputStream:75 - [STDERR_REDIRECT] 
2025-09-25 21:45:05,014 [ERROR] LogOutputStream:75 - [STDERR_REDIRECT] Sep 25, 2025 9:45:05 PM java.util.prefs.FileSystemPreferences syncWorld
2025-09-25 21:45:05,014 [ERROR] LogOutputStream:75 - [STDERR_REDIRECT] WARNING: Couldn't flush system prefs: java.util.prefs.BackingStoreException: Couldn't get file lock.
2025-09-25 21:45:05,014 [ERROR] LogOutputStream:75 - [STDERR_REDIRECT] 
2025-09-25 21:45:35,012 [ERROR] LogOutputStream:75 - [STDERR_REDIRECT] Sep 25, 2025 9:45:35 PM java.util.prefs.FileSystemPreferences checkLockFile0ErrorCode
2025-09-25 21:45:35,012 [ERROR] LogOutputStream:75 - [STDERR_REDIRECT] WARNING: Could not lock System prefs. Unix error code 2.
2025-09-25 21:45:35,012 [ERROR] LogOutputStream:75 - [STDERR_REDIRECT] 
2025-09-25 21:45:35,013 [ERROR] LogOutputStream:75 - [STDERR_REDIRECT] Sep 25, 2025 9:45:35 PM java.util.prefs.FileSystemPreferences syncWorld
2025-09-25 21:45:35,014 [ERROR] LogOutputStream:75 - [STDERR_REDIRECT] WARNING: Couldn't flush system prefs: java.util.prefs.BackingStoreException: Couldn't get file lock.
2025-09-25 21:45:35,014 [ERROR] LogOutputStream:75 - [STDERR_REDIRECT] 
2025-09-25 21:46:05,008 [ERROR] LogOutputStream:75 - [STDERR_REDIRECT] Sep 25, 2025 9:46:05 PM java.util.prefs.FileSystemPreferences checkLockFile0ErrorCode
2025-09-25 21:46:05,008 [ERROR] LogOutputStream:75 - [STDERR_REDIRECT] WARNING: Could not lock System prefs. Unix error code 2.
2025-09-25 21:46:05,009 [ERROR] LogOutputStream:75 - [STDERR_REDIRECT] 
2025-09-25 21:46:05,009 [ERROR] LogOutputStream:75 - [STDERR_REDIRECT] Sep 25, 2025 9:46:05 PM java.util.prefs.FileSystemPreferences syncWorld
2025-09-25 21:46:05,009 [ERROR] LogOutputStream:75 - [STDERR_REDIRECT] WARNING: Couldn't flush system prefs: java.util.prefs.BackingStoreException: Couldn't get file lock.
2025-09-25 21:46:05,009 [ERROR] LogOutputStream:75 - [STDERR_REDIRECT] 
2025-09-25 21:46:13,098 [INFO] MainUpdater:2872 - connection check result : 10
2025-09-25 21:46:13,099 [INFO] MainUpdater:2872 - connection check result : 10
2025-09-25 21:46:13,375 [INFO] MicroXplorer:468 - Change Database Path : 
2025-09-25 21:46:13,376 [INFO] MicroXplorer:498 - Change Database Version : DB.6.0.150
2025-09-25 21:46:13,639 [ERROR] ProjectManagerView:395 - 
java.lang.NullPointerException: Cannot invoke "javax.swing.JTextField.getText()" because the return value of "java.util.List.get(int)" is null
	at com.st.microxplorer.plugins.projectmanager.gui.ProjectChoiceTab$9.caretUpdate(ProjectChoiceTab.java:2706) ~[filemanager.jar:?]
	at javax.swing.text.JTextComponent.fireCaretUpdate(JTextComponent.java:408) ~[?:?]
	at javax.swing.text.JTextComponent$MutableCaretEvent.fire(JTextComponent.java:4484) ~[?:?]
	at javax.swing.text.JTextComponent$MutableCaretEvent.stateChanged(JTextComponent.java:4506) ~[?:?]
	at javax.swing.text.DefaultCaret.fireStateChanged(DefaultCaret.java:857) ~[?:?]
	at javax.swing.text.DefaultCaret.changeCaretPosition(DefaultCaret.java:1343) ~[?:?]
	at javax.swing.text.DefaultCaret.handleSetDot(DefaultCaret.java:1242) ~[?:?]
	at javax.swing.text.DefaultCaret.setDot(DefaultCaret.java:1223) ~[?:?]
	at javax.swing.text.DefaultCaret$Handler.insertUpdate(DefaultCaret.java:1819) ~[?:?]
	at javax.swing.text.AbstractDocument.fireInsertUpdate(AbstractDocument.java:227) ~[?:?]
	at javax.swing.text.AbstractDocument.handleInsertString(AbstractDocument.java:781) ~[?:?]
	at javax.swing.text.AbstractDocument.insertString(AbstractDocument.java:740) ~[?:?]
	at javax.swing.text.PlainDocument.insertString(PlainDocument.java:131) ~[?:?]
	at javax.swing.text.AbstractDocument.replace(AbstractDocument.java:699) ~[?:?]
	at javax.swing.text.JTextComponent.setText(JTextComponent.java:1725) ~[?:?]
	at com.st.microxplorer.plugins.projectmanager.gui.ProjectChoiceTab.createHeapStackFields(ProjectChoiceTab.java:993) ~[filemanager.jar:?]
	at com.st.microxplorer.plugins.projectmanager.gui.ProjectChoiceTab.buildLinkSettingsPanel(ProjectChoiceTab.java:3813) ~[filemanager.jar:?]
	at com.st.microxplorer.plugins.projectmanager.gui.ProjectChoiceTab.defineWindowsFields(ProjectChoiceTab.java:1987) ~[filemanager.jar:?]
	at com.st.microxplorer.plugins.projectmanager.gui.ProjectChoiceTab.updateSettings(ProjectChoiceTab.java:558) ~[filemanager.jar:?]
	at com.st.microxplorer.plugins.projectmanager.gui.ProjectSettingsPanel.UpdateDialog(ProjectSettingsPanel.java:247) ~[filemanager.jar:?]
	at com.st.microxplorer.plugins.projectmanager.ProjectManagerView.propertyChange(ProjectManagerView.java:392) ~[filemanager.jar:?]
	at java.beans.PropertyChangeSupport.fire(PropertyChangeSupport.java:343) ~[?:?]
	at java.beans.PropertyChangeSupport.firePropertyChange(PropertyChangeSupport.java:335) ~[?:?]
	at java.beans.PropertyChangeSupport.firePropertyChange(PropertyChangeSupport.java:268) ~[?:?]
	at com.st.microxplorer.util.MXPropertyChangeSupport.firePropertyChange(MXPropertyChangeSupport.java:54) ~[STM32CubeMX.jar:?]
	at com.st.microxplorer.mxsystem.MxSystem.closeConfig(MxSystem.java:899) ~[STM32CubeMX.jar:?]
	at com.st.microxplorer.maingui.MainPanel.closeConfig(MainPanel.java:792) ~[STM32CubeMX.jar:?]
	at com.st.microxplorer.plugins.filemanager.engine.OpenFileManager.loadConfigurationFile(OpenFileManager.java:288) ~[filemanager.jar:?]
	at com.st.microxplorer.plugins.filemanager.engine.MainFileManager.userLoadConfig(MainFileManager.java:364) ~[filemanager.jar:?]
	at com.st.microxplorer.plugins.filemanager.engine.MainFileManager.userLoadConfig(MainFileManager.java:342) ~[filemanager.jar:?]
	at com.st.microxplorer.plugins.filemanager.FileManagerView.getSpecificTask(FileManagerView.java:264) ~[filemanager.jar:?]
	at com.st.stm32cube.common.mx.editor.CubeMxEditor.getMxTabbedPaneInstance(CubeMxEditor.java:1198) ~[com.st.stm32cube.common.mx_6.15.0.202507011659/:?]
	at com.st.stm32cube.common.mx.editor.CubeMxEditor$12$1.createSwingComponent(CubeMxEditor.java:1068) ~[com.st.stm32cube.common.mx_6.15.0.202507011659/:?]
	at com.st.stm32cube.common.mx.oss.core.awtswtbridge.EmbeddedSwingComposite.doComponentCreation(EmbeddedSwingComposite.java:492) ~[com.st.stm32cube.common.mx.oss_6.15.0.202507011659/:?]
	at com.st.stm32cube.common.mx.oss.core.awtswtbridge.EmbeddedSwingComposite$4.run(EmbeddedSwingComposite.java:291) ~[com.st.stm32cube.common.mx.oss_6.15.0.202507011659/:?]
	at com.st.stm32cube.common.mx.oss.core.awtswtbridge.AwtEnvironment$2.run(AwtEnvironment.java:166) ~[com.st.stm32cube.common.mx.oss_6.15.0.202507011659/:?]
	at java.awt.event.InvocationEvent.dispatch(InvocationEvent.java:318) ~[?:?]
	at java.awt.EventQueue.dispatchEventImpl(EventQueue.java:773) ~[?:?]
	at java.awt.EventQueue$4.run(EventQueue.java:720) ~[?:?]
	at java.awt.EventQueue$4.run(EventQueue.java:714) ~[?:?]
	at java.security.AccessController.doPrivileged(AccessController.java:400) ~[?:?]
	at java.security.ProtectionDomain$JavaSecurityAccessImpl.doIntersectionPrivilege(ProtectionDomain.java:87) ~[?:?]
	at java.awt.EventQueue.dispatchEvent(EventQueue.java:742) ~[?:?]
	at java.awt.EventDispatchThread.pumpOneEventForFilters(EventDispatchThread.java:203) ~[?:?]
	at java.awt.EventDispatchThread.pumpEventsForFilter(EventDispatchThread.java:124) ~[?:?]
	at java.awt.EventDispatchThread.pumpEventsForHierarchy(EventDispatchThread.java:113) ~[?:?]
	at java.awt.EventDispatchThread.pumpEvents(EventDispatchThread.java:109) ~[?:?]
	at java.awt.EventDispatchThread.pumpEvents(EventDispatchThread.java:101) ~[?:?]
	at java.awt.EventDispatchThread.run(EventDispatchThread.java:90) ~[?:?]
2025-09-25 21:46:13,722 [WARN] ThirdParty:871 - waiting for thirdparty lock release [close project]
2025-09-25 21:46:13,722 [INFO] ThirdParty:873 - entering critical section [close project]
2025-09-25 21:46:13,722 [INFO] ThirdParty:883 - exiting critical section [close project]
2025-09-25 21:46:13,750 [INFO] PinOutPanel:1589 - setPackage(No Configuration,No Configuration)
2025-09-25 21:46:13,835 [WARN] IpParametersView:155 - Warning: This peripheral hasn't parameters
2025-09-25 21:46:13,896 [WARN] MainPanel:289 - <html><b><center>Warning: This peripheral has no parameters to be configured<br></b></html>
2025-09-25 21:46:13,914 [INFO] UtilMem:75 - Begin LoadConfig() Used Memory: 443926920 Bytes (787480576)
2025-09-25 21:46:13,916 [INFO] MicroXplorer:468 - Change Database Path : 
2025-09-25 21:46:13,917 [INFO] MicroXplorer:498 - Change Database Version : DB.6.0.150
2025-09-25 21:46:13,917 [INFO] OpenFileManager:355 - Change cursor
2025-09-25 21:46:14,052 [INFO] RulesReader:64 - Compatibility file has been processed (317 Rules)
2025-09-25 21:46:14,095 [INFO] Mcu:2029 - Initializing MCU STM32F446R(C-E)Tx STM32F446RETx STM32F446RET6
2025-09-25 21:46:19,142 [INFO] Context:786 - Trying to add GPIOservice into a context  which must be forbidden
2025-09-25 21:46:21,408 [INFO] ImportTextPane:234 - (OptionalMessage_ERROR) Pin11 (VP_RIF_VS_RIF1) cannot be retrieved for this MCU
2025-09-25 21:46:21,545 [INFO] RtosManager:558 - Registered RTOS mode: class=CMSIS, group=RTOS, mode=CMSIS_V1, owner=FREERTOS
2025-09-25 21:46:21,548 [INFO] RtosManager:558 - Registered RTOS mode: class=CMSIS, group=RTOS2, mode=CMSIS_V2, owner=FREERTOS
2025-09-25 21:46:21,548 [INFO] RtosManager:558 - Registered RTOS mode: class=RTOS, group=Core, mode=CMSIS_V1, owner=FREERTOS
2025-09-25 21:46:21,548 [INFO] RtosManager:558 - Registered RTOS mode: class=RTOS, group=Core, mode=CMSIS_V2, owner=FREERTOS
2025-09-25 21:46:21,548 [WARN] ModelIntegratedComponent:184 - Missing modes for component STMicroelectronics:FreeRTOS:0.0.1:STMicroelectronics:RTOS:FreeRTOS:Core:::10.2.0:
2025-09-25 21:46:21,629 [WARN] ModelIntegratedComponent:63 - No mode defined for component null
2025-09-25 21:46:21,629 [WARN] ModelIntegratedComponent:63 - No mode defined for component null
2025-09-25 21:46:21,629 [WARN] ModelIntegratedComponent:63 - No mode defined for component null
2025-09-25 21:46:21,629 [WARN] ModelIntegratedComponent:63 - No mode defined for component null
2025-09-25 21:46:21,630 [WARN] ModelIntegratedComponent:63 - No mode defined for component null
2025-09-25 21:46:21,630 [WARN] ModelIntegratedComponent:63 - No mode defined for component null
2025-09-25 21:46:21,630 [WARN] ModelIntegratedComponent:63 - No mode defined for component null
2025-09-25 21:46:21,630 [WARN] ModelIntegratedComponent:63 - No mode defined for component null
2025-09-25 21:46:21,630 [WARN] ModelIntegratedComponent:63 - No mode defined for component null
2025-09-25 21:46:21,630 [WARN] ModelIntegratedComponent:63 - No mode defined for component null
2025-09-25 21:46:21,630 [WARN] ModelIntegratedComponent:63 - No mode defined for component null
2025-09-25 21:46:21,630 [WARN] ModelIntegratedComponent:63 - No mode defined for component null
2025-09-25 21:46:21,630 [WARN] ModelIntegratedComponent:63 - No mode defined for component null
2025-09-25 21:46:21,631 [WARN] ModelIntegratedComponent:63 - No mode defined for component null
2025-09-25 21:46:21,631 [WARN] ModelIntegratedComponent:63 - No mode defined for component null
2025-09-25 21:46:21,631 [WARN] ModelIntegratedComponent:63 - No mode defined for component null
2025-09-25 21:46:21,631 [WARN] ModelIntegratedComponent:63 - No mode defined for component null
2025-09-25 21:46:21,631 [WARN] ModelIntegratedComponent:63 - No mode defined for component null
2025-09-25 21:46:21,632 [WARN] ModelIntegratedComponent:63 - No mode defined for component null
2025-09-25 21:46:21,632 [WARN] ModelIntegratedComponent:63 - No mode defined for component null
2025-09-25 21:46:21,633 [WARN] ModelIntegratedComponent:63 - No mode defined for component null
2025-09-25 21:46:21,633 [WARN] ModelIntegratedComponent:63 - No mode defined for component null
2025-09-25 21:46:21,633 [WARN] ModelIntegratedComponent:63 - No mode defined for component null
2025-09-25 21:46:21,633 [WARN] ModelIntegratedComponent:63 - No mode defined for component null
2025-09-25 21:46:21,633 [WARN] ModelIntegratedComponent:63 - No mode defined for component null
2025-09-25 21:46:21,633 [WARN] ModelIntegratedComponent:63 - No mode defined for component null
2025-09-25 21:46:21,633 [WARN] ModelIntegratedComponent:63 - No mode defined for component null
2025-09-25 21:46:21,633 [WARN] ModelIntegratedComponent:63 - No mode defined for component null
2025-09-25 21:46:21,634 [WARN] ModelIntegratedComponent:63 - No mode defined for component null
2025-09-25 21:46:21,634 [WARN] ModelIntegratedComponent:63 - No mode defined for component null
2025-09-25 21:46:21,634 [WARN] ModelIntegratedComponent:63 - No mode defined for component null
2025-09-25 21:46:21,634 [WARN] ModelIntegratedComponent:63 - No mode defined for component null
2025-09-25 21:46:21,634 [WARN] ModelIntegratedComponent:63 - No mode defined for component null
2025-09-25 21:46:21,634 [WARN] ModelIntegratedComponent:63 - No mode defined for component null
2025-09-25 21:46:21,634 [WARN] ModelIntegratedComponent:63 - No mode defined for component null
2025-09-25 21:46:21,635 [WARN] ModelPack:524 - Component already loaded: STMicroelectronics:HAL Drivers:0.0.0:STMicroelectronics:Device:STMicro_Driver:XSPI:HAL::0.0.1:HAL_XSPI
2025-09-25 21:46:21,918 [INFO] ThirdPartyModel:298 - Start build external matchings
2025-09-25 21:46:22,578 [INFO] ThirdPartyModel:316 - End build external matchings
2025-09-25 21:46:22,607 [INFO] ImportTextPane:234 - (OptionalMessage_ERROR) IP (RCC) : Invalid parameter (FamilyName)
2025-09-25 21:46:22,609 [INFO] ImportTextPane:234 - (OptionalMessage_ERROR) IP (RCC) : Parameter (SDIOFreq_Value) has invalid value (84000000)
2025-09-25 21:46:22,609 [INFO] ImportTextPane:234 - (OptionalMessage_ERROR) IP (RCC) : Parameter (USBFreq_Value) has invalid value (84000000)
2025-09-25 21:46:23,636 [INFO] UtilMem:75 - End LoadConfig() Used Memory: 480028192 Bytes (787480576)
2025-09-25 21:46:23,688 [WARN] ThirdParty:833 - waiting for thirdparty lock release [change project]
2025-09-25 21:46:23,689 [INFO] ThirdParty:835 - entering critical section [change project]
2025-09-25 21:46:23,689 [INFO] ThirdParty:1030 - CMSIS Pack Vendor :STMicroelectronics X-CUBE-PM33A1 1.0.0
2025-09-25 21:46:23,689 [INFO] ThirdParty:1030 - CMSIS Pack Vendor :STMicroelectronics USBPD 4.1
2025-09-25 21:46:23,689 [INFO] ThirdParty:1030 - CMSIS Pack Vendor :STMicroelectronics X-CUBE-NFC9 1.0.0
2025-09-25 21:46:23,690 [INFO] ThirdParty:1030 - CMSIS Pack Vendor :STMicroelectronics USB_HOST 2.0.0
2025-09-25 21:46:23,690 [INFO] ThirdParty:1030 - CMSIS Pack Vendor :STMicroelectronics FP-SNS-MOTENVWB1 1.4.0
2025-09-25 21:46:23,690 [INFO] ThirdParty:1030 - CMSIS Pack Vendor :STMicroelectronics X-CUBE-AZRTOS-F4 1.1.0
2025-09-25 21:46:23,690 [INFO] ThirdParty:1030 - CMSIS Pack Vendor :STMicroelectronics LIBJPEG 8.0.0
2025-09-25 21:46:23,690 [INFO] ThirdParty:1030 - CMSIS Pack Vendor :STMicroelectronics FP-ATR-ASTRA1 2.0.2
2025-09-25 21:46:23,690 [INFO] ThirdParty:1030 - CMSIS Pack Vendor :STMicroelectronics X-CUBE-BLE1 7.1.0
2025-09-25 21:46:23,690 [INFO] ThirdParty:1030 - CMSIS Pack Vendor :Avnet-IotConnect X-CUBE-IoTC-DA16k-PMOD 1.0.0
2025-09-25 21:46:23,691 [INFO] ThirdParty:1030 - CMSIS Pack Vendor :STMicroelectronics X-CUBE-SMBUS 2.1.0
2025-09-25 21:46:23,691 [INFO] ThirdParty:1030 - CMSIS Pack Vendor :STMicroelectronics USB_DEVICE 3.0.0
2025-09-25 21:46:23,702 [INFO] ThirdParty:1030 - CMSIS Pack Vendor :STMicroelectronics X-CUBE-ISPU 2.1.0
2025-09-25 21:46:23,702 [INFO] ThirdParty:1030 - CMSIS Pack Vendor :STMicroelectronics X-CUBE-AZRTOS-WB 2.0.0
2025-09-25 21:46:23,703 [INFO] ThirdParty:1030 - CMSIS Pack Vendor :STMicroelectronics X-CUBE-ST60 1.0.0
2025-09-25 21:46:23,703 [INFO] ThirdParty:1030 - CMSIS Pack Vendor :STMicroelectronics X-CUBE-GNSS1 7.0.1
2025-09-25 21:46:23,703 [INFO] ThirdParty:1030 - CMSIS Pack Vendor :STMicroelectronics X-CUBE-AZRTOS-F7 1.1.0
2025-09-25 21:46:23,703 [INFO] ThirdParty:1030 - CMSIS Pack Vendor :STMicroelectronics X-CUBE-AZRTOS-L5 2.0.0
2025-09-25 21:46:23,703 [INFO] ThirdParty:1030 - CMSIS Pack Vendor :STMicroelectronics X-CUBE-TOUCHGFX 4.25.0
2025-09-25 21:46:23,703 [INFO] ThirdParty:1030 - CMSIS Pack Vendor :STMicroelectronics USB_DEVICE 2.0.0
2025-09-25 21:46:23,703 [INFO] ThirdParty:1030 - CMSIS Pack Vendor :STMicroelectronics X-CUBE-NFC6 3.1.0
2025-09-25 21:46:23,703 [INFO] ThirdParty:1030 - CMSIS Pack Vendor :Cesanta I-CUBE-Mongoose 7.19.0
2025-09-25 21:46:23,703 [INFO] ThirdParty:1030 - CMSIS Pack Vendor :quantropi X-CUBE-qispace-sdk-base 2.1.0
2025-09-25 21:46:23,703 [INFO] ThirdParty:1030 - CMSIS Pack Vendor :STMicroelectronics FreeRTOS 0.0.1
2025-09-25 21:46:23,704 [INFO] ThirdParty:1030 - CMSIS Pack Vendor :STMicroelectronics X-CUBE-AZRTOS-G0 1.1.0
2025-09-25 21:46:23,704 [INFO] ThirdParty:1030 - CMSIS Pack Vendor :STMicroelectronics X-CUBE-SAFEA1 1.2.2
2025-09-25 21:46:23,704 [INFO] ThirdParty:1030 - CMSIS Pack Vendor :STMicroelectronics X-CUBE-NFC4 3.0.0
2025-09-25 21:46:23,704 [INFO] ThirdParty:1030 - CMSIS Pack Vendor :STMicroelectronics X-CUBE-SUBG2 5.0.0
2025-09-25 21:46:23,704 [INFO] ThirdParty:1030 - CMSIS Pack Vendor :STMicroelectronics X-CUBE-AZRTOS-H7RS 1.1.0
2025-09-25 21:46:23,704 [INFO] ThirdParty:1030 - CMSIS Pack Vendor :STMicroelectronics STM32_WPAN 1.0.0
2025-09-25 21:46:23,704 [INFO] ThirdParty:1030 - CMSIS Pack Vendor :EmbeddedOffice I-CUBE-FS-RTOS 1.0.1
2025-09-25 21:46:23,704 [INFO] ThirdParty:1030 - CMSIS Pack Vendor :STMicroelectronics lwIP 2.0.3
2025-09-25 21:46:23,710 [INFO] ThirdParty:1030 - CMSIS Pack Vendor :WES I-CUBE-Cesium 1.4.0
2025-09-25 21:46:23,710 [INFO] ThirdParty:1030 - CMSIS Pack Vendor :STMicroelectronics USB_HOST 1.0.0
2025-09-25 21:46:23,711 [INFO] ThirdParty:1030 - CMSIS Pack Vendor :Infineon AIROC-Wi-Fi-Bluetooth-STM32 1.7.1
2025-09-25 21:46:23,711 [INFO] ThirdParty:1030 - CMSIS Pack Vendor :STMicroelectronics X-CUBE-AZRTOS-G4 2.0.0
2025-09-25 21:46:23,714 [INFO] ThirdParty:1030 - CMSIS Pack Vendor :STMicroelectronics X-CUBE-WB05N 2.0.0
2025-09-25 21:46:23,715 [INFO] ThirdParty:1030 - CMSIS Pack Vendor :STMicroelectronics PDM2PCM 3.1.0
2025-09-25 21:46:23,715 [INFO] ThirdParty:1030 - CMSIS Pack Vendor :STMicroelectronics PDM2PCM 3.3.0
2025-09-25 21:46:23,715 [INFO] ThirdParty:1030 - CMSIS Pack Vendor :STMicroelectronics X-CUBE-DISPLAY 3.0.0
2025-09-25 21:46:23,715 [INFO] ThirdParty:1030 - CMSIS Pack Vendor :wolfSSL I-CUBE-wolfSSH 1.4.20
2025-09-25 21:46:23,715 [INFO] ThirdParty:1030 - CMSIS Pack Vendor :STMicroelectronics X-CUBE-NFC7 2.0.0
2025-09-25 21:46:23,715 [INFO] ThirdParty:1030 - CMSIS Pack Vendor :STMicroelectronics X-CUBE-TCPP 4.2.0
2025-09-25 21:46:23,715 [INFO] ThirdParty:1030 - CMSIS Pack Vendor :RealThread X-CUBE-RT-Thread_Nano 4.1.1
2025-09-25 21:46:23,716 [INFO] ThirdParty:1030 - CMSIS Pack Vendor :STMicroelectronics FP-ATR-SIGFOX1 3.2.0
2025-09-25 21:46:23,716 [INFO] ThirdParty:1030 - CMSIS Pack Vendor :STMicroelectronics X-CUBE-NFC10 1.0.0
2025-09-25 21:46:23,716 [INFO] ThirdParty:1030 - CMSIS Pack Vendor :STMicroelectronics X-CUBE-FREERTOS 1.3.1
2025-09-25 21:46:23,716 [INFO] ThirdParty:1030 - CMSIS Pack Vendor :STMicroelectronics HAL Drivers 0.0.0
2025-09-25 21:46:23,716 [INFO] ThirdParty:1030 - CMSIS Pack Vendor :STMicroelectronics MBEDTLS 2.16.2
2025-09-25 21:46:23,716 [INFO] ThirdParty:1030 - CMSIS Pack Vendor :STMicroelectronics X-CUBE-IPS 3.1.0
2025-09-25 21:46:23,716 [INFO] ThirdParty:1030 - CMSIS Pack Vendor :STMicroelectronics X-CUBE-ALS 1.0.2
2025-09-25 21:46:23,716 [INFO] ThirdParty:1030 - CMSIS Pack Vendor :emotas I-CUBE-CANOPEN 1.3.0
2025-09-25 21:46:23,716 [INFO] ThirdParty:1030 - CMSIS Pack Vendor :STMicroelectronics MBEDTLS 2.14.1
2025-09-25 21:46:23,716 [INFO] ThirdParty:1030 - CMSIS Pack Vendor :ITTIA_DB I-CUBE-ITTIADB 8.9.0
2025-09-25 21:46:23,717 [INFO] ThirdParty:1030 - CMSIS Pack Vendor :STMicroelectronics X-CUBE-ST67W61 1.0.0
2025-09-25 21:46:23,717 [INFO] ThirdParty:1030 - CMSIS Pack Vendor :STMicroelectronics ThreadX 1.0.0
2025-09-25 21:46:23,717 [INFO] ThirdParty:1030 - CMSIS Pack Vendor :STMicroelectronics FP-SNS-SMARTAG2 1.2.0
2025-09-25 21:46:23,717 [INFO] ThirdParty:1030 - CMSIS Pack Vendor :STMicroelectronics FP-SNS-FLIGHT1 5.1.0
2025-09-25 21:46:23,717 [INFO] ThirdParty:1030 - CMSIS Pack Vendor :STMicroelectronics X-CUBE-AZRTOS-WL 2.0.0
2025-09-25 21:46:23,717 [INFO] ThirdParty:1030 - CMSIS Pack Vendor :SEGGER I-CUBE-embOS 1.3.1
2025-09-25 21:46:23,717 [INFO] ThirdParty:1030 - CMSIS Pack Vendor :STMicroelectronics X-CUBE-ALGOBUILD 1.4.0
2025-09-25 21:46:23,717 [INFO] ThirdParty:1030 - CMSIS Pack Vendor :STMicroelectronics X-CUBE-DPower 1.3.0
2025-09-25 21:46:23,717 [INFO] ThirdParty:1030 - CMSIS Pack Vendor :STMicroelectronics X-CUBE-MEMS1 11.3.0
2025-09-25 21:46:23,718 [INFO] ThirdParty:1030 - CMSIS Pack Vendor :STMicroelectronics FP-SNS-MOTENV1 5.0.0
2025-09-25 21:46:23,718 [INFO] ThirdParty:1030 - CMSIS Pack Vendor :STMicroelectronics USB_DEVICE 1.0.0
2025-09-25 21:46:23,718 [INFO] ThirdParty:1030 - CMSIS Pack Vendor :STMicroelectronics X-CUBE-AZRTOS-L4 2.0.0
2025-09-25 21:46:23,722 [INFO] ThirdParty:1030 - CMSIS Pack Vendor :STMicroelectronics ThreadX 0.0.2
2025-09-25 21:46:23,722 [INFO] ThirdParty:1030 - CMSIS Pack Vendor :STMicroelectronics lwIP 2.1.2
2025-09-25 21:46:23,722 [INFO] ThirdParty:1030 - CMSIS Pack Vendor :STMicroelectronics X-CUBE-SFXS2LP1 4.0.0
2025-09-25 21:46:23,722 [INFO] ThirdParty:1030 - CMSIS Pack Vendor :STMicroelectronics X-CUBE-BLE2 3.3.0
2025-09-25 21:46:23,723 [INFO] ThirdParty:1030 - CMSIS Pack Vendor :STMicroelectronics X-CUBE-TOF1 3.4.3
2025-09-25 21:46:23,723 [INFO] ThirdParty:1030 - CMSIS Pack Vendor :STMicroelectronics PDM2PCM 3.2.0
2025-09-25 21:46:23,723 [INFO] ThirdParty:841 - exiting critical section [change project]
2025-09-25 21:46:25,208 [INFO] PinOutPanel:1589 - setPackage(No Configuration,No Configuration)
2025-09-25 21:46:25,210 [INFO] PinOutPanel:1589 - setPackage(STM32F446RETx,LQFP64)
2025-09-25 21:46:26,578 [INFO] UtilMem:75 - Before build in PCC Used Memory: 286109248 Bytes (787480576)
2025-09-25 21:46:27,463 [INFO] UtilMem:75 - After build in PCC Used Memory: 336967232 Bytes (787480576)
2025-09-25 21:46:27,534 [INFO] IPUIPlugin:80 - create IPUIPlugin
2025-09-25 21:46:27,535 [INFO] IPUIPlugin:80 - create IPUIPlugin
2025-09-25 21:46:27,535 [INFO] IPUIPlugin:80 - create IPUIPlugin
2025-09-25 21:46:27,535 [INFO] IPUIPlugin:80 - create IPUIPlugin
2025-09-25 21:46:27,535 [INFO] IPUIPlugin:80 - create IPUIPlugin
2025-09-25 21:46:27,536 [INFO] IPUIPlugin:80 - create IPUIPlugin
2025-09-25 21:46:27,537 [INFO] IPUIPlugin:80 - create IPUIPlugin
2025-09-25 21:46:27,537 [INFO] IPUIPlugin:80 - create IPUIPlugin
2025-09-25 21:46:27,537 [INFO] IPUIPlugin:80 - create IPUIPlugin
2025-09-25 21:46:27,538 [INFO] IPUIPlugin:80 - create IPUIPlugin
2025-09-25 21:46:27,538 [INFO] IPUIPlugin:80 - create IPUIPlugin
2025-09-25 21:46:27,538 [INFO] IPUIPlugin:80 - create IPUIPlugin
2025-09-25 21:46:27,539 [INFO] IPUIPlugin:80 - create IPUIPlugin
2025-09-25 21:46:27,539 [INFO] IPUIPlugin:80 - create IPUIPlugin
2025-09-25 21:46:27,540 [INFO] IPUIPlugin:80 - create IPUIPlugin
2025-09-25 21:46:27,540 [INFO] IPUIPlugin:80 - create IPUIPlugin
2025-09-25 21:46:27,540 [INFO] IPUIPlugin:80 - create IPUIPlugin
2025-09-25 21:46:27,541 [INFO] IPUIPlugin:80 - create IPUIPlugin
2025-09-25 21:46:27,541 [INFO] IPUIPlugin:80 - create IPUIPlugin
2025-09-25 21:46:27,542 [INFO] IPUIPlugin:80 - create IPUIPlugin
2025-09-25 21:46:27,542 [INFO] IPUIPlugin:80 - create IPUIPlugin
2025-09-25 21:46:27,543 [INFO] IPUIPlugin:80 - create IPUIPlugin
2025-09-25 21:46:27,544 [INFO] IPUIPlugin:80 - create IPUIPlugin
2025-09-25 21:46:27,545 [INFO] IPUIPlugin:80 - create IPUIPlugin
2025-09-25 21:46:27,545 [INFO] IPUIPlugin:80 - create IPUIPlugin
2025-09-25 21:46:27,546 [INFO] IPUIPlugin:80 - create IPUIPlugin
2025-09-25 21:46:27,546 [INFO] IPUIPlugin:80 - create IPUIPlugin
2025-09-25 21:46:27,547 [INFO] IPUIPlugin:80 - create IPUIPlugin
2025-09-25 21:46:27,548 [INFO] IPUIPlugin:80 - create IPUIPlugin
2025-09-25 21:46:27,548 [INFO] IPUIPlugin:80 - create IPUIPlugin
2025-09-25 21:46:27,549 [INFO] IPUIPlugin:80 - create IPUIPlugin
2025-09-25 21:46:27,550 [INFO] IPUIPlugin:80 - create IPUIPlugin
2025-09-25 21:46:27,550 [INFO] IPUIPlugin:80 - create IPUIPlugin
2025-09-25 21:46:27,551 [INFO] IPUIPlugin:80 - create IPUIPlugin
2025-09-25 21:46:27,551 [INFO] IPUIPlugin:80 - create IPUIPlugin
2025-09-25 21:46:27,552 [INFO] IPUIPlugin:80 - create IPUIPlugin
2025-09-25 21:46:27,552 [INFO] IPUIPlugin:80 - create IPUIPlugin
2025-09-25 21:46:27,553 [INFO] IPUIPlugin:80 - create IPUIPlugin
2025-09-25 21:46:27,553 [INFO] IPUIPlugin:80 - create IPUIPlugin
2025-09-25 21:46:27,554 [INFO] IPUIPlugin:80 - create IPUIPlugin
2025-09-25 21:46:27,554 [INFO] IPUIPlugin:80 - create IPUIPlugin
2025-09-25 21:46:27,555 [INFO] IPUIPlugin:80 - create IPUIPlugin
2025-09-25 21:46:27,556 [INFO] IPUIPlugin:80 - create IPUIPlugin
2025-09-25 21:46:27,556 [INFO] IPUIPlugin:80 - create IPUIPlugin
2025-09-25 21:46:27,557 [INFO] IPUIPlugin:80 - create IPUIPlugin
2025-09-25 21:46:27,557 [INFO] IPUIPlugin:80 - create IPUIPlugin
2025-09-25 21:46:27,558 [INFO] IPUIPlugin:80 - create IPUIPlugin
2025-09-25 21:46:27,558 [INFO] IPUIPlugin:80 - create IPUIPlugin
2025-09-25 21:46:27,559 [INFO] IPUIPlugin:80 - create IPUIPlugin
2025-09-25 21:46:27,560 [INFO] IPUIPlugin:80 - create IPUIPlugin
2025-09-25 21:46:27,561 [INFO] IPUIPlugin:80 - create IPUIPlugin
2025-09-25 21:46:27,561 [INFO] IPUIPlugin:80 - create IPUIPlugin
2025-09-25 21:46:27,562 [INFO] IPUIPlugin:80 - create IPUIPlugin
2025-09-25 21:46:27,563 [INFO] IPUIPlugin:80 - create IPUIPlugin
2025-09-25 21:46:27,564 [INFO] IPUIPlugin:80 - create IPUIPlugin
2025-09-25 21:46:27,565 [INFO] IPUIPlugin:80 - create IPUIPlugin
2025-09-25 21:46:27,566 [INFO] IPUIPlugin:80 - create IPUIPlugin
2025-09-25 21:46:27,568 [INFO] IPUIPlugin:80 - create IPUIPlugin
2025-09-25 21:46:27,569 [INFO] IPUIPlugin:80 - create IPUIPlugin
2025-09-25 21:46:27,578 [INFO] IPUIPlugin:80 - create IPUIPlugin
2025-09-25 21:46:27,592 [INFO] ApiDbMcu:532 - Load IP Config File for PDM2PCM
2025-09-25 21:46:27,754 [INFO] CADModel:165 - CPN selected for project levelSTM32F446RET6
2025-09-25 21:46:27,754 [INFO] CADModel:114 - Register for checkConnection events
2025-09-25 21:46:27,816 [INFO] OpenFileManager:386 - Restore cursor
2025-09-25 21:46:35,016 [ERROR] LogOutputStream:75 - [STDERR_REDIRECT] Sep 25, 2025 9:46:35 PM java.util.prefs.FileSystemPreferences checkLockFile0ErrorCode
2025-09-25 21:46:35,017 [ERROR] LogOutputStream:75 - [STDERR_REDIRECT] WARNING: Could not lock System prefs. Unix error code 2.
2025-09-25 21:46:35,017 [ERROR] LogOutputStream:75 - [STDERR_REDIRECT] 
2025-09-25 21:46:35,026 [ERROR] LogOutputStream:75 - [STDERR_REDIRECT] Sep 25, 2025 9:46:35 PM java.util.prefs.FileSystemPreferences syncWorld
2025-09-25 21:46:35,026 [ERROR] LogOutputStream:75 - [STDERR_REDIRECT] WARNING: Couldn't flush system prefs: java.util.prefs.BackingStoreException: Couldn't get file lock.
2025-09-25 21:46:35,026 [ERROR] LogOutputStream:75 - [STDERR_REDIRECT] 
2025-09-25 21:47:05,010 [ERROR] LogOutputStream:75 - [STDERR_REDIRECT] Sep 25, 2025 9:47:05 PM java.util.prefs.FileSystemPreferences checkLockFile0ErrorCode
2025-09-25 21:47:05,011 [ERROR] LogOutputStream:75 - [STDERR_REDIRECT] WARNING: Could not lock System prefs. Unix error code 2.
2025-09-25 21:47:05,011 [ERROR] LogOutputStream:75 - [STDERR_REDIRECT] 
2025-09-25 21:47:05,012 [ERROR] LogOutputStream:75 - [STDERR_REDIRECT] Sep 25, 2025 9:47:05 PM java.util.prefs.FileSystemPreferences syncWorld
2025-09-25 21:47:05,012 [ERROR] LogOutputStream:75 - [STDERR_REDIRECT] WARNING: Couldn't flush system prefs: java.util.prefs.BackingStoreException: Couldn't get file lock.
2025-09-25 21:47:05,012 [ERROR] LogOutputStream:75 - [STDERR_REDIRECT] 
2025-09-25 21:47:35,010 [ERROR] LogOutputStream:75 - [STDERR_REDIRECT] Sep 25, 2025 9:47:35 PM java.util.prefs.FileSystemPreferences checkLockFile0ErrorCode
2025-09-25 21:47:35,010 [ERROR] LogOutputStream:75 - [STDERR_REDIRECT] WARNING: Could not lock System prefs. Unix error code 2.
2025-09-25 21:47:35,010 [ERROR] LogOutputStream:75 - [STDERR_REDIRECT] 
2025-09-25 21:47:35,011 [ERROR] LogOutputStream:75 - [STDERR_REDIRECT] Sep 25, 2025 9:47:35 PM java.util.prefs.FileSystemPreferences syncWorld
2025-09-25 21:47:35,011 [ERROR] LogOutputStream:75 - [STDERR_REDIRECT] WARNING: Couldn't flush system prefs: java.util.prefs.BackingStoreException: Couldn't get file lock.
2025-09-25 21:47:35,012 [ERROR] LogOutputStream:75 - [STDERR_REDIRECT] 
2025-09-25 21:48:05,009 [ERROR] LogOutputStream:75 - [STDERR_REDIRECT] Sep 25, 2025 9:48:05 PM java.util.prefs.FileSystemPreferences checkLockFile0ErrorCode
2025-09-25 21:48:05,009 [ERROR] LogOutputStream:75 - [STDERR_REDIRECT] WARNING: Could not lock System prefs. Unix error code 2.
2025-09-25 21:48:05,009 [ERROR] LogOutputStream:75 - [STDERR_REDIRECT] 
2025-09-25 21:48:05,010 [ERROR] LogOutputStream:75 - [STDERR_REDIRECT] Sep 25, 2025 9:48:05 PM java.util.prefs.FileSystemPreferences syncWorld
2025-09-25 21:48:05,010 [ERROR] LogOutputStream:75 - [STDERR_REDIRECT] WARNING: Couldn't flush system prefs: java.util.prefs.BackingStoreException: Couldn't get file lock.
2025-09-25 21:48:05,010 [ERROR] LogOutputStream:75 - [STDERR_REDIRECT] 
2025-09-25 21:48:35,010 [ERROR] LogOutputStream:75 - [STDERR_REDIRECT] Sep 25, 2025 9:48:35 PM java.util.prefs.FileSystemPreferences checkLockFile0ErrorCode
2025-09-25 21:48:35,010 [ERROR] LogOutputStream:75 - [STDERR_REDIRECT] WARNING: Could not lock System prefs. Unix error code 2.
2025-09-25 21:48:35,010 [ERROR] LogOutputStream:75 - [STDERR_REDIRECT] 
2025-09-25 21:48:35,011 [ERROR] LogOutputStream:75 - [STDERR_REDIRECT] Sep 25, 2025 9:48:35 PM java.util.prefs.FileSystemPreferences syncWorld
2025-09-25 21:48:35,011 [ERROR] LogOutputStream:75 - [STDERR_REDIRECT] WARNING: Couldn't flush system prefs: java.util.prefs.BackingStoreException: Couldn't get file lock.
2025-09-25 21:48:35,011 [ERROR] LogOutputStream:75 - [STDERR_REDIRECT] 
2025-09-25 21:49:05,015 [ERROR] LogOutputStream:75 - [STDERR_REDIRECT] Sep 25, 2025 9:49:05 PM java.util.prefs.FileSystemPreferences checkLockFile0ErrorCode
2025-09-25 21:49:05,023 [ERROR] LogOutputStream:75 - [STDERR_REDIRECT] WARNING: Could not lock System prefs. Unix error code 2.
2025-09-25 21:49:05,024 [ERROR] LogOutputStream:75 - [STDERR_REDIRECT] 
2025-09-25 21:49:05,030 [ERROR] LogOutputStream:75 - [STDERR_REDIRECT] Sep 25, 2025 9:49:05 PM java.util.prefs.FileSystemPreferences syncWorld
2025-09-25 21:49:05,031 [ERROR] LogOutputStream:75 - [STDERR_REDIRECT] WARNING: Couldn't flush system prefs: java.util.prefs.BackingStoreException: Couldn't get file lock.
2025-09-25 21:49:05,032 [ERROR] LogOutputStream:75 - [STDERR_REDIRECT] 
2025-09-25 21:49:35,013 [ERROR] LogOutputStream:75 - [STDERR_REDIRECT] Sep 25, 2025 9:49:35 PM java.util.prefs.FileSystemPreferences checkLockFile0ErrorCode
2025-09-25 21:49:35,013 [ERROR] LogOutputStream:75 - [STDERR_REDIRECT] WARNING: Could not lock System prefs. Unix error code 2.
2025-09-25 21:49:35,013 [ERROR] LogOutputStream:75 - [STDERR_REDIRECT] 
2025-09-25 21:49:35,014 [ERROR] LogOutputStream:75 - [STDERR_REDIRECT] Sep 25, 2025 9:49:35 PM java.util.prefs.FileSystemPreferences syncWorld
2025-09-25 21:49:35,014 [ERROR] LogOutputStream:75 - [STDERR_REDIRECT] WARNING: Couldn't flush system prefs: java.util.prefs.BackingStoreException: Couldn't get file lock.
2025-09-25 21:49:35,014 [ERROR] LogOutputStream:75 - [STDERR_REDIRECT] 
2025-09-25 21:50:05,011 [ERROR] LogOutputStream:75 - [STDERR_REDIRECT] Sep 25, 2025 9:50:05 PM java.util.prefs.FileSystemPreferences checkLockFile0ErrorCode
2025-09-25 21:50:05,011 [ERROR] LogOutputStream:75 - [STDERR_REDIRECT] WARNING: Could not lock System prefs. Unix error code 2.
2025-09-25 21:50:05,012 [ERROR] LogOutputStream:75 - [STDERR_REDIRECT] 
2025-09-25 21:50:05,012 [ERROR] LogOutputStream:75 - [STDERR_REDIRECT] Sep 25, 2025 9:50:05 PM java.util.prefs.FileSystemPreferences syncWorld
2025-09-25 21:50:05,013 [ERROR] LogOutputStream:75 - [STDERR_REDIRECT] WARNING: Couldn't flush system prefs: java.util.prefs.BackingStoreException: Couldn't get file lock.
2025-09-25 21:50:05,013 [ERROR] LogOutputStream:75 - [STDERR_REDIRECT] 
2025-09-25 21:50:35,010 [ERROR] LogOutputStream:75 - [STDERR_REDIRECT] Sep 25, 2025 9:50:35 PM java.util.prefs.FileSystemPreferences checkLockFile0ErrorCode
2025-09-25 21:50:35,011 [ERROR] LogOutputStream:75 - [STDERR_REDIRECT] WARNING: Could not lock System prefs. Unix error code 2.
2025-09-25 21:50:35,011 [ERROR] LogOutputStream:75 - [STDERR_REDIRECT] 
2025-09-25 21:50:35,012 [ERROR] LogOutputStream:75 - [STDERR_REDIRECT] Sep 25, 2025 9:50:35 PM java.util.prefs.FileSystemPreferences syncWorld
2025-09-25 21:50:35,012 [ERROR] LogOutputStream:75 - [STDERR_REDIRECT] WARNING: Couldn't flush system prefs: java.util.prefs.BackingStoreException: Couldn't get file lock.
2025-09-25 21:50:35,012 [ERROR] LogOutputStream:75 - [STDERR_REDIRECT] 
2025-09-25 21:51:05,010 [ERROR] LogOutputStream:75 - [STDERR_REDIRECT] Sep 25, 2025 9:51:05 PM java.util.prefs.FileSystemPreferences checkLockFile0ErrorCode
2025-09-25 21:51:05,011 [ERROR] LogOutputStream:75 - [STDERR_REDIRECT] WARNING: Could not lock System prefs. Unix error code 2.
2025-09-25 21:51:05,011 [ERROR] LogOutputStream:75 - [STDERR_REDIRECT] 
2025-09-25 21:51:05,011 [ERROR] LogOutputStream:75 - [STDERR_REDIRECT] Sep 25, 2025 9:51:05 PM java.util.prefs.FileSystemPreferences syncWorld
2025-09-25 21:51:05,012 [ERROR] LogOutputStream:75 - [STDERR_REDIRECT] WARNING: Couldn't flush system prefs: java.util.prefs.BackingStoreException: Couldn't get file lock.
2025-09-25 21:51:05,012 [ERROR] LogOutputStream:75 - [STDERR_REDIRECT] 
2025-09-25 21:51:35,011 [ERROR] LogOutputStream:75 - [STDERR_REDIRECT] Sep 25, 2025 9:51:35 PM java.util.prefs.FileSystemPreferences checkLockFile0ErrorCode
2025-09-25 21:51:35,012 [ERROR] LogOutputStream:75 - [STDERR_REDIRECT] WARNING: Could not lock System prefs. Unix error code 2.
2025-09-25 21:51:35,012 [ERROR] LogOutputStream:75 - [STDERR_REDIRECT] 
2025-09-25 21:51:35,012 [ERROR] LogOutputStream:75 - [STDERR_REDIRECT] Sep 25, 2025 9:51:35 PM java.util.prefs.FileSystemPreferences syncWorld
2025-09-25 21:51:35,013 [ERROR] LogOutputStream:75 - [STDERR_REDIRECT] WARNING: Couldn't flush system prefs: java.util.prefs.BackingStoreException: Couldn't get file lock.
2025-09-25 21:51:35,013 [ERROR] LogOutputStream:75 - [STDERR_REDIRECT] 
2025-09-25 21:52:05,010 [ERROR] LogOutputStream:75 - [STDERR_REDIRECT] Sep 25, 2025 9:52:05 PM java.util.prefs.FileSystemPreferences checkLockFile0ErrorCode
2025-09-25 21:52:05,011 [ERROR] LogOutputStream:75 - [STDERR_REDIRECT] WARNING: Could not lock System prefs. Unix error code 2.
2025-09-25 21:52:05,011 [ERROR] LogOutputStream:75 - [STDERR_REDIRECT] 
2025-09-25 21:52:05,012 [ERROR] LogOutputStream:75 - [STDERR_REDIRECT] Sep 25, 2025 9:52:05 PM java.util.prefs.FileSystemPreferences syncWorld
2025-09-25 21:52:05,012 [ERROR] LogOutputStream:75 - [STDERR_REDIRECT] WARNING: Couldn't flush system prefs: java.util.prefs.BackingStoreException: Couldn't get file lock.
2025-09-25 21:52:05,012 [ERROR] LogOutputStream:75 - [STDERR_REDIRECT] 
2025-09-25 21:52:35,011 [ERROR] LogOutputStream:75 - [STDERR_REDIRECT] Sep 25, 2025 9:52:35 PM java.util.prefs.FileSystemPreferences checkLockFile0ErrorCode
2025-09-25 21:52:35,011 [ERROR] LogOutputStream:75 - [STDERR_REDIRECT] WARNING: Could not lock System prefs. Unix error code 2.
2025-09-25 21:52:35,012 [ERROR] LogOutputStream:75 - [STDERR_REDIRECT] 
2025-09-25 21:52:35,012 [ERROR] LogOutputStream:75 - [STDERR_REDIRECT] Sep 25, 2025 9:52:35 PM java.util.prefs.FileSystemPreferences syncWorld
2025-09-25 21:52:35,012 [ERROR] LogOutputStream:75 - [STDERR_REDIRECT] WARNING: Couldn't flush system prefs: java.util.prefs.BackingStoreException: Couldn't get file lock.
2025-09-25 21:52:35,013 [ERROR] LogOutputStream:75 - [STDERR_REDIRECT] 
2025-09-25 21:53:05,013 [ERROR] LogOutputStream:75 - [STDERR_REDIRECT] Sep 25, 2025 9:53:05 PM java.util.prefs.FileSystemPreferences checkLockFile0ErrorCode
2025-09-25 21:53:05,014 [ERROR] LogOutputStream:75 - [STDERR_REDIRECT] WARNING: Could not lock System prefs. Unix error code 2.
2025-09-25 21:53:05,014 [ERROR] LogOutputStream:75 - [STDERR_REDIRECT] 
2025-09-25 21:53:05,015 [ERROR] LogOutputStream:75 - [STDERR_REDIRECT] Sep 25, 2025 9:53:05 PM java.util.prefs.FileSystemPreferences syncWorld
2025-09-25 21:53:05,015 [ERROR] LogOutputStream:75 - [STDERR_REDIRECT] WARNING: Couldn't flush system prefs: java.util.prefs.BackingStoreException: Couldn't get file lock.
2025-09-25 21:53:05,015 [ERROR] LogOutputStream:75 - [STDERR_REDIRECT] 
2025-09-25 21:53:35,011 [ERROR] LogOutputStream:75 - [STDERR_REDIRECT] Sep 25, 2025 9:53:35 PM java.util.prefs.FileSystemPreferences checkLockFile0ErrorCode
2025-09-25 21:53:35,011 [ERROR] LogOutputStream:75 - [STDERR_REDIRECT] WARNING: Could not lock System prefs. Unix error code 2.
2025-09-25 21:53:35,011 [ERROR] LogOutputStream:75 - [STDERR_REDIRECT] 
2025-09-25 21:53:35,012 [ERROR] LogOutputStream:75 - [STDERR_REDIRECT] Sep 25, 2025 9:53:35 PM java.util.prefs.FileSystemPreferences syncWorld
2025-09-25 21:53:35,012 [ERROR] LogOutputStream:75 - [STDERR_REDIRECT] WARNING: Couldn't flush system prefs: java.util.prefs.BackingStoreException: Couldn't get file lock.
2025-09-25 21:53:35,013 [ERROR] LogOutputStream:75 - [STDERR_REDIRECT] 
2025-09-25 21:54:05,011 [ERROR] LogOutputStream:75 - [STDERR_REDIRECT] Sep 25, 2025 9:54:05 PM java.util.prefs.FileSystemPreferences checkLockFile0ErrorCode
2025-09-25 21:54:05,011 [ERROR] LogOutputStream:75 - [STDERR_REDIRECT] WARNING: Could not lock System prefs. Unix error code 2.
2025-09-25 21:54:05,012 [ERROR] LogOutputStream:75 - [STDERR_REDIRECT] 
2025-09-25 21:54:05,012 [ERROR] LogOutputStream:75 - [STDERR_REDIRECT] Sep 25, 2025 9:54:05 PM java.util.prefs.FileSystemPreferences syncWorld
2025-09-25 21:54:05,013 [ERROR] LogOutputStream:75 - [STDERR_REDIRECT] WARNING: Couldn't flush system prefs: java.util.prefs.BackingStoreException: Couldn't get file lock.
2025-09-25 21:54:05,013 [ERROR] LogOutputStream:75 - [STDERR_REDIRECT] 
2025-09-25 21:54:35,012 [ERROR] LogOutputStream:75 - [STDERR_REDIRECT] Sep 25, 2025 9:54:35 PM java.util.prefs.FileSystemPreferences checkLockFile0ErrorCode
2025-09-25 21:54:35,012 [ERROR] LogOutputStream:75 - [STDERR_REDIRECT] WARNING: Could not lock System prefs. Unix error code 2.
2025-09-25 21:54:35,012 [ERROR] LogOutputStream:75 - [STDERR_REDIRECT] 
2025-09-25 21:54:35,013 [ERROR] LogOutputStream:75 - [STDERR_REDIRECT] Sep 25, 2025 9:54:35 PM java.util.prefs.FileSystemPreferences syncWorld
2025-09-25 21:54:35,013 [ERROR] LogOutputStream:75 - [STDERR_REDIRECT] WARNING: Couldn't flush system prefs: java.util.prefs.BackingStoreException: Couldn't get file lock.
2025-09-25 21:54:35,013 [ERROR] LogOutputStream:75 - [STDERR_REDIRECT] 
2025-09-25 21:55:05,012 [ERROR] LogOutputStream:75 - [STDERR_REDIRECT] Sep 25, 2025 9:55:05 PM java.util.prefs.FileSystemPreferences checkLockFile0ErrorCode
2025-09-25 21:55:05,012 [ERROR] LogOutputStream:75 - [STDERR_REDIRECT] WARNING: Could not lock System prefs. Unix error code 2.
2025-09-25 21:55:05,012 [ERROR] LogOutputStream:75 - [STDERR_REDIRECT] 
2025-09-25 21:55:05,013 [ERROR] LogOutputStream:75 - [STDERR_REDIRECT] Sep 25, 2025 9:55:05 PM java.util.prefs.FileSystemPreferences syncWorld
2025-09-25 21:55:05,013 [ERROR] LogOutputStream:75 - [STDERR_REDIRECT] WARNING: Couldn't flush system prefs: java.util.prefs.BackingStoreException: Couldn't get file lock.
2025-09-25 21:55:05,013 [ERROR] LogOutputStream:75 - [STDERR_REDIRECT] 
2025-09-25 21:55:35,016 [ERROR] LogOutputStream:75 - [STDERR_REDIRECT] Sep 25, 2025 9:55:35 PM java.util.prefs.FileSystemPreferences checkLockFile0ErrorCode
2025-09-25 21:55:35,016 [ERROR] LogOutputStream:75 - [STDERR_REDIRECT] WARNING: Could not lock System prefs. Unix error code 2.
2025-09-25 21:55:35,016 [ERROR] LogOutputStream:75 - [STDERR_REDIRECT] 
2025-09-25 21:55:35,017 [ERROR] LogOutputStream:75 - [STDERR_REDIRECT] Sep 25, 2025 9:55:35 PM java.util.prefs.FileSystemPreferences syncWorld
2025-09-25 21:55:35,017 [ERROR] LogOutputStream:75 - [STDERR_REDIRECT] WARNING: Couldn't flush system prefs: java.util.prefs.BackingStoreException: Couldn't get file lock.
2025-09-25 21:55:35,017 [ERROR] LogOutputStream:75 - [STDERR_REDIRECT] 
2025-09-25 21:56:05,014 [ERROR] LogOutputStream:75 - [STDERR_REDIRECT] Sep 25, 2025 9:56:05 PM java.util.prefs.FileSystemPreferences checkLockFile0ErrorCode
2025-09-25 21:56:05,014 [ERROR] LogOutputStream:75 - [STDERR_REDIRECT] WARNING: Could not lock System prefs. Unix error code 2.
2025-09-25 21:56:05,015 [ERROR] LogOutputStream:75 - [STDERR_REDIRECT] 
2025-09-25 21:56:05,015 [ERROR] LogOutputStream:75 - [STDERR_REDIRECT] Sep 25, 2025 9:56:05 PM java.util.prefs.FileSystemPreferences syncWorld
2025-09-25 21:56:05,015 [ERROR] LogOutputStream:75 - [STDERR_REDIRECT] WARNING: Couldn't flush system prefs: java.util.prefs.BackingStoreException: Couldn't get file lock.
2025-09-25 21:56:05,015 [ERROR] LogOutputStream:75 - [STDERR_REDIRECT] 
2025-09-25 21:56:35,014 [ERROR] LogOutputStream:75 - [STDERR_REDIRECT] Sep 25, 2025 9:56:35 PM java.util.prefs.FileSystemPreferences checkLockFile0ErrorCode
2025-09-25 21:56:35,015 [ERROR] LogOutputStream:75 - [STDERR_REDIRECT] WARNING: Could not lock System prefs. Unix error code 2.
2025-09-25 21:56:35,015 [ERROR] LogOutputStream:75 - [STDERR_REDIRECT] 
2025-09-25 21:56:35,016 [ERROR] LogOutputStream:75 - [STDERR_REDIRECT] Sep 25, 2025 9:56:35 PM java.util.prefs.FileSystemPreferences syncWorld
2025-09-25 21:56:35,016 [ERROR] LogOutputStream:75 - [STDERR_REDIRECT] WARNING: Couldn't flush system prefs: java.util.prefs.BackingStoreException: Couldn't get file lock.
2025-09-25 21:56:35,016 [ERROR] LogOutputStream:75 - [STDERR_REDIRECT] 
2025-09-25 21:57:05,013 [ERROR] LogOutputStream:75 - [STDERR_REDIRECT] Sep 25, 2025 9:57:05 PM java.util.prefs.FileSystemPreferences checkLockFile0ErrorCode
2025-09-25 21:57:05,013 [ERROR] LogOutputStream:75 - [STDERR_REDIRECT] WARNING: Could not lock System prefs. Unix error code 2.
2025-09-25 21:57:05,013 [ERROR] LogOutputStream:75 - [STDERR_REDIRECT] 
2025-09-25 21:57:05,014 [ERROR] LogOutputStream:75 - [STDERR_REDIRECT] Sep 25, 2025 9:57:05 PM java.util.prefs.FileSystemPreferences syncWorld
2025-09-25 21:57:05,014 [ERROR] LogOutputStream:75 - [STDERR_REDIRECT] WARNING: Couldn't flush system prefs: java.util.prefs.BackingStoreException: Couldn't get file lock.
2025-09-25 21:57:05,014 [ERROR] LogOutputStream:75 - [STDERR_REDIRECT] 
2025-09-25 21:57:35,013 [ERROR] LogOutputStream:75 - [STDERR_REDIRECT] Sep 25, 2025 9:57:35 PM java.util.prefs.FileSystemPreferences checkLockFile0ErrorCode
2025-09-25 21:57:35,013 [ERROR] LogOutputStream:75 - [STDERR_REDIRECT] WARNING: Could not lock System prefs. Unix error code 2.
2025-09-25 21:57:35,014 [ERROR] LogOutputStream:75 - [STDERR_REDIRECT] 
2025-09-25 21:57:35,014 [ERROR] LogOutputStream:75 - [STDERR_REDIRECT] Sep 25, 2025 9:57:35 PM java.util.prefs.FileSystemPreferences syncWorld
2025-09-25 21:57:35,014 [ERROR] LogOutputStream:75 - [STDERR_REDIRECT] WARNING: Couldn't flush system prefs: java.util.prefs.BackingStoreException: Couldn't get file lock.
2025-09-25 21:57:35,014 [ERROR] LogOutputStream:75 - [STDERR_REDIRECT] 
2025-09-25 21:58:05,013 [ERROR] LogOutputStream:75 - [STDERR_REDIRECT] Sep 25, 2025 9:58:05 PM java.util.prefs.FileSystemPreferences checkLockFile0ErrorCode
2025-09-25 21:58:05,014 [ERROR] LogOutputStream:75 - [STDERR_REDIRECT] WARNING: Could not lock System prefs. Unix error code 2.
2025-09-25 21:58:05,014 [ERROR] LogOutputStream:75 - [STDERR_REDIRECT] 
2025-09-25 21:58:05,014 [ERROR] LogOutputStream:75 - [STDERR_REDIRECT] Sep 25, 2025 9:58:05 PM java.util.prefs.FileSystemPreferences syncWorld
2025-09-25 21:58:05,014 [ERROR] LogOutputStream:75 - [STDERR_REDIRECT] WARNING: Couldn't flush system prefs: java.util.prefs.BackingStoreException: Couldn't get file lock.
2025-09-25 21:58:05,015 [ERROR] LogOutputStream:75 - [STDERR_REDIRECT] 
2025-09-25 21:58:35,012 [ERROR] LogOutputStream:75 - [STDERR_REDIRECT] Sep 25, 2025 9:58:35 PM java.util.prefs.FileSystemPreferences checkLockFile0ErrorCode
2025-09-25 21:58:35,013 [ERROR] LogOutputStream:75 - [STDERR_REDIRECT] WARNING: Could not lock System prefs. Unix error code 2.
2025-09-25 21:58:35,013 [ERROR] LogOutputStream:75 - [STDERR_REDIRECT] 
2025-09-25 21:58:35,013 [ERROR] LogOutputStream:75 - [STDERR_REDIRECT] Sep 25, 2025 9:58:35 PM java.util.prefs.FileSystemPreferences syncWorld
2025-09-25 21:58:35,013 [ERROR] LogOutputStream:75 - [STDERR_REDIRECT] WARNING: Couldn't flush system prefs: java.util.prefs.BackingStoreException: Couldn't get file lock.
2025-09-25 21:58:35,013 [ERROR] LogOutputStream:75 - [STDERR_REDIRECT] 
2025-09-25 21:59:05,013 [ERROR] LogOutputStream:75 - [STDERR_REDIRECT] Sep 25, 2025 9:59:05 PM java.util.prefs.FileSystemPreferences checkLockFile0ErrorCode
2025-09-25 21:59:05,014 [ERROR] LogOutputStream:75 - [STDERR_REDIRECT] WARNING: Could not lock System prefs. Unix error code 2.
2025-09-25 21:59:05,014 [ERROR] LogOutputStream:75 - [STDERR_REDIRECT] 
2025-09-25 21:59:05,014 [ERROR] LogOutputStream:75 - [STDERR_REDIRECT] Sep 25, 2025 9:59:05 PM java.util.prefs.FileSystemPreferences syncWorld
2025-09-25 21:59:05,014 [ERROR] LogOutputStream:75 - [STDERR_REDIRECT] WARNING: Couldn't flush system prefs: java.util.prefs.BackingStoreException: Couldn't get file lock.
2025-09-25 21:59:05,015 [ERROR] LogOutputStream:75 - [STDERR_REDIRECT] 
2025-09-25 21:59:35,020 [ERROR] LogOutputStream:75 - [STDERR_REDIRECT] Sep 25, 2025 9:59:35 PM java.util.prefs.FileSystemPreferences checkLockFile0ErrorCode
2025-09-25 21:59:35,020 [ERROR] LogOutputStream:75 - [STDERR_REDIRECT] WARNING: Could not lock System prefs. Unix error code 2.
2025-09-25 21:59:35,021 [ERROR] LogOutputStream:75 - [STDERR_REDIRECT] 
2025-09-25 21:59:35,021 [ERROR] LogOutputStream:75 - [STDERR_REDIRECT] Sep 25, 2025 9:59:35 PM java.util.prefs.FileSystemPreferences syncWorld
2025-09-25 21:59:35,021 [ERROR] LogOutputStream:75 - [STDERR_REDIRECT] WARNING: Couldn't flush system prefs: java.util.prefs.BackingStoreException: Couldn't get file lock.
2025-09-25 21:59:35,021 [ERROR] LogOutputStream:75 - [STDERR_REDIRECT] 
2025-09-25 22:00:05,014 [ERROR] LogOutputStream:75 - [STDERR_REDIRECT] Sep 25, 2025 10:00:05 PM java.util.prefs.FileSystemPreferences checkLockFile0ErrorCode
2025-09-25 22:00:05,014 [ERROR] LogOutputStream:75 - [STDERR_REDIRECT] WARNING: Could not lock System prefs. Unix error code 2.
2025-09-25 22:00:05,015 [ERROR] LogOutputStream:75 - [STDERR_REDIRECT] 
2025-09-25 22:00:05,015 [ERROR] LogOutputStream:75 - [STDERR_REDIRECT] Sep 25, 2025 10:00:05 PM java.util.prefs.FileSystemPreferences syncWorld
2025-09-25 22:00:05,015 [ERROR] LogOutputStream:75 - [STDERR_REDIRECT] WARNING: Couldn't flush system prefs: java.util.prefs.BackingStoreException: Couldn't get file lock.
2025-09-25 22:00:05,016 [ERROR] LogOutputStream:75 - [STDERR_REDIRECT] 
2025-09-25 22:00:35,014 [ERROR] LogOutputStream:75 - [STDERR_REDIRECT] Sep 25, 2025 10:00:35 PM java.util.prefs.FileSystemPreferences checkLockFile0ErrorCode
2025-09-25 22:00:35,014 [ERROR] LogOutputStream:75 - [STDERR_REDIRECT] WARNING: Could not lock System prefs. Unix error code 2.
2025-09-25 22:00:35,015 [ERROR] LogOutputStream:75 - [STDERR_REDIRECT] 
2025-09-25 22:00:35,015 [ERROR] LogOutputStream:75 - [STDERR_REDIRECT] Sep 25, 2025 10:00:35 PM java.util.prefs.FileSystemPreferences syncWorld
2025-09-25 22:00:35,016 [ERROR] LogOutputStream:75 - [STDERR_REDIRECT] WARNING: Couldn't flush system prefs: java.util.prefs.BackingStoreException: Couldn't get file lock.
2025-09-25 22:00:35,016 [ERROR] LogOutputStream:75 - [STDERR_REDIRECT] 
2025-09-25 22:01:05,017 [ERROR] LogOutputStream:75 - [STDERR_REDIRECT] Sep 25, 2025 10:01:05 PM java.util.prefs.FileSystemPreferences checkLockFile0ErrorCode
2025-09-25 22:01:05,017 [ERROR] LogOutputStream:75 - [STDERR_REDIRECT] WARNING: Could not lock System prefs. Unix error code 2.
2025-09-25 22:01:05,018 [ERROR] LogOutputStream:75 - [STDERR_REDIRECT] 
2025-09-25 22:01:05,018 [ERROR] LogOutputStream:75 - [STDERR_REDIRECT] Sep 25, 2025 10:01:05 PM java.util.prefs.FileSystemPreferences syncWorld
2025-09-25 22:01:05,018 [ERROR] LogOutputStream:75 - [STDERR_REDIRECT] WARNING: Couldn't flush system prefs: java.util.prefs.BackingStoreException: Couldn't get file lock.
2025-09-25 22:01:05,018 [ERROR] LogOutputStream:75 - [STDERR_REDIRECT] 
2025-09-25 22:01:35,014 [ERROR] LogOutputStream:75 - [STDERR_REDIRECT] Sep 25, 2025 10:01:35 PM java.util.prefs.FileSystemPreferences checkLockFile0ErrorCode
2025-09-25 22:01:35,014 [ERROR] LogOutputStream:75 - [STDERR_REDIRECT] WARNING: Could not lock System prefs. Unix error code 2.
2025-09-25 22:01:35,014 [ERROR] LogOutputStream:75 - [STDERR_REDIRECT] 
2025-09-25 22:01:35,015 [ERROR] LogOutputStream:75 - [STDERR_REDIRECT] Sep 25, 2025 10:01:35 PM java.util.prefs.FileSystemPreferences syncWorld
2025-09-25 22:01:35,015 [ERROR] LogOutputStream:75 - [STDERR_REDIRECT] WARNING: Couldn't flush system prefs: java.util.prefs.BackingStoreException: Couldn't get file lock.
2025-09-25 22:01:35,015 [ERROR] LogOutputStream:75 - [STDERR_REDIRECT] 
2025-09-25 22:02:05,016 [ERROR] LogOutputStream:75 - [STDERR_REDIRECT] Sep 25, 2025 10:02:05 PM java.util.prefs.FileSystemPreferences checkLockFile0ErrorCode
2025-09-25 22:02:05,016 [ERROR] LogOutputStream:75 - [STDERR_REDIRECT] WARNING: Could not lock System prefs. Unix error code 2.
2025-09-25 22:02:05,016 [ERROR] LogOutputStream:75 - [STDERR_REDIRECT] 
2025-09-25 22:02:05,017 [ERROR] LogOutputStream:75 - [STDERR_REDIRECT] Sep 25, 2025 10:02:05 PM java.util.prefs.FileSystemPreferences syncWorld
2025-09-25 22:02:05,017 [ERROR] LogOutputStream:75 - [STDERR_REDIRECT] WARNING: Couldn't flush system prefs: java.util.prefs.BackingStoreException: Couldn't get file lock.
2025-09-25 22:02:05,017 [ERROR] LogOutputStream:75 - [STDERR_REDIRECT] 
2025-09-25 22:02:35,015 [ERROR] LogOutputStream:75 - [STDERR_REDIRECT] Sep 25, 2025 10:02:35 PM java.util.prefs.FileSystemPreferences checkLockFile0ErrorCode
2025-09-25 22:02:35,015 [ERROR] LogOutputStream:75 - [STDERR_REDIRECT] WARNING: Could not lock System prefs. Unix error code 2.
2025-09-25 22:02:35,015 [ERROR] LogOutputStream:75 - [STDERR_REDIRECT] 
2025-09-25 22:02:35,016 [ERROR] LogOutputStream:75 - [STDERR_REDIRECT] Sep 25, 2025 10:02:35 PM java.util.prefs.FileSystemPreferences syncWorld
2025-09-25 22:02:35,016 [ERROR] LogOutputStream:75 - [STDERR_REDIRECT] WARNING: Couldn't flush system prefs: java.util.prefs.BackingStoreException: Couldn't get file lock.
2025-09-25 22:02:35,016 [ERROR] LogOutputStream:75 - [STDERR_REDIRECT] 
2025-09-25 22:03:05,015 [ERROR] LogOutputStream:75 - [STDERR_REDIRECT] Sep 25, 2025 10:03:05 PM java.util.prefs.FileSystemPreferences checkLockFile0ErrorCode
2025-09-25 22:03:05,016 [ERROR] LogOutputStream:75 - [STDERR_REDIRECT] WARNING: Could not lock System prefs. Unix error code 2.
2025-09-25 22:03:05,053 [ERROR] LogOutputStream:75 - [STDERR_REDIRECT] 
2025-09-25 22:03:05,054 [ERROR] LogOutputStream:75 - [STDERR_REDIRECT] Sep 25, 2025 10:03:05 PM java.util.prefs.FileSystemPreferences syncWorld
2025-09-25 22:03:05,054 [ERROR] LogOutputStream:75 - [STDERR_REDIRECT] WARNING: Couldn't flush system prefs: java.util.prefs.BackingStoreException: Couldn't get file lock.
2025-09-25 22:03:05,054 [ERROR] LogOutputStream:75 - [STDERR_REDIRECT] 
2025-09-25 22:03:35,016 [ERROR] LogOutputStream:75 - [STDERR_REDIRECT] Sep 25, 2025 10:03:35 PM java.util.prefs.FileSystemPreferences checkLockFile0ErrorCode
2025-09-25 22:03:35,016 [ERROR] LogOutputStream:75 - [STDERR_REDIRECT] WARNING: Could not lock System prefs. Unix error code 2.
2025-09-25 22:03:35,016 [ERROR] LogOutputStream:75 - [STDERR_REDIRECT] 
2025-09-25 22:03:35,017 [ERROR] LogOutputStream:75 - [STDERR_REDIRECT] Sep 25, 2025 10:03:35 PM java.util.prefs.FileSystemPreferences syncWorld
2025-09-25 22:03:35,017 [ERROR] LogOutputStream:75 - [STDERR_REDIRECT] WARNING: Couldn't flush system prefs: java.util.prefs.BackingStoreException: Couldn't get file lock.
2025-09-25 22:03:35,017 [ERROR] LogOutputStream:75 - [STDERR_REDIRECT] 
2025-09-25 22:04:05,016 [ERROR] LogOutputStream:75 - [STDERR_REDIRECT] Sep 25, 2025 10:04:05 PM java.util.prefs.FileSystemPreferences checkLockFile0ErrorCode
2025-09-25 22:04:05,016 [ERROR] LogOutputStream:75 - [STDERR_REDIRECT] WARNING: Could not lock System prefs. Unix error code 2.
2025-09-25 22:04:05,017 [ERROR] LogOutputStream:75 - [STDERR_REDIRECT] 
2025-09-25 22:04:05,017 [ERROR] LogOutputStream:75 - [STDERR_REDIRECT] Sep 25, 2025 10:04:05 PM java.util.prefs.FileSystemPreferences syncWorld
2025-09-25 22:04:05,017 [ERROR] LogOutputStream:75 - [STDERR_REDIRECT] WARNING: Couldn't flush system prefs: java.util.prefs.BackingStoreException: Couldn't get file lock.
2025-09-25 22:04:05,017 [ERROR] LogOutputStream:75 - [STDERR_REDIRECT] 
2025-09-25 22:04:35,016 [ERROR] LogOutputStream:75 - [STDERR_REDIRECT] Sep 25, 2025 10:04:35 PM java.util.prefs.FileSystemPreferences checkLockFile0ErrorCode
2025-09-25 22:04:35,016 [ERROR] LogOutputStream:75 - [STDERR_REDIRECT] WARNING: Could not lock System prefs. Unix error code 2.
2025-09-25 22:04:35,016 [ERROR] LogOutputStream:75 - [STDERR_REDIRECT] 
2025-09-25 22:04:35,017 [ERROR] LogOutputStream:75 - [STDERR_REDIRECT] Sep 25, 2025 10:04:35 PM java.util.prefs.FileSystemPreferences syncWorld
2025-09-25 22:04:35,017 [ERROR] LogOutputStream:75 - [STDERR_REDIRECT] WARNING: Couldn't flush system prefs: java.util.prefs.BackingStoreException: Couldn't get file lock.
2025-09-25 22:04:35,017 [ERROR] LogOutputStream:75 - [STDERR_REDIRECT] 
2025-09-25 22:05:05,016 [ERROR] LogOutputStream:75 - [STDERR_REDIRECT] Sep 25, 2025 10:05:05 PM java.util.prefs.FileSystemPreferences checkLockFile0ErrorCode
2025-09-25 22:05:05,017 [ERROR] LogOutputStream:75 - [STDERR_REDIRECT] WARNING: Could not lock System prefs. Unix error code 2.
2025-09-25 22:05:05,017 [ERROR] LogOutputStream:75 - [STDERR_REDIRECT] 
2025-09-25 22:05:05,017 [ERROR] LogOutputStream:75 - [STDERR_REDIRECT] Sep 25, 2025 10:05:05 PM java.util.prefs.FileSystemPreferences syncWorld
2025-09-25 22:05:05,017 [ERROR] LogOutputStream:75 - [STDERR_REDIRECT] WARNING: Couldn't flush system prefs: java.util.prefs.BackingStoreException: Couldn't get file lock.
2025-09-25 22:05:05,018 [ERROR] LogOutputStream:75 - [STDERR_REDIRECT] 
2025-09-25 22:05:35,017 [ERROR] LogOutputStream:75 - [STDERR_REDIRECT] Sep 25, 2025 10:05:35 PM java.util.prefs.FileSystemPreferences checkLockFile0ErrorCode
2025-09-25 22:05:35,017 [ERROR] LogOutputStream:75 - [STDERR_REDIRECT] WARNING: Could not lock System prefs. Unix error code 2.
2025-09-25 22:05:35,017 [ERROR] LogOutputStream:75 - [STDERR_REDIRECT] 
2025-09-25 22:05:35,017 [ERROR] LogOutputStream:75 - [STDERR_REDIRECT] Sep 25, 2025 10:05:35 PM java.util.prefs.FileSystemPreferences syncWorld
2025-09-25 22:05:35,018 [ERROR] LogOutputStream:75 - [STDERR_REDIRECT] WARNING: Couldn't flush system prefs: java.util.prefs.BackingStoreException: Couldn't get file lock.
2025-09-25 22:05:35,018 [ERROR] LogOutputStream:75 - [STDERR_REDIRECT] 
2025-09-25 22:06:05,017 [ERROR] LogOutputStream:75 - [STDERR_REDIRECT] Sep 25, 2025 10:06:05 PM java.util.prefs.FileSystemPreferences checkLockFile0ErrorCode
2025-09-25 22:06:05,017 [ERROR] LogOutputStream:75 - [STDERR_REDIRECT] WARNING: Could not lock System prefs. Unix error code 2.
2025-09-25 22:06:05,017 [ERROR] LogOutputStream:75 - [STDERR_REDIRECT] 
2025-09-25 22:06:05,018 [ERROR] LogOutputStream:75 - [STDERR_REDIRECT] Sep 25, 2025 10:06:05 PM java.util.prefs.FileSystemPreferences syncWorld
2025-09-25 22:06:05,018 [ERROR] LogOutputStream:75 - [STDERR_REDIRECT] WARNING: Couldn't flush system prefs: java.util.prefs.BackingStoreException: Couldn't get file lock.
2025-09-25 22:06:05,018 [ERROR] LogOutputStream:75 - [STDERR_REDIRECT] 
2025-09-25 22:06:35,017 [ERROR] LogOutputStream:75 - [STDERR_REDIRECT] Sep 25, 2025 10:06:35 PM java.util.prefs.FileSystemPreferences checkLockFile0ErrorCode
2025-09-25 22:06:35,017 [ERROR] LogOutputStream:75 - [STDERR_REDIRECT] WARNING: Could not lock System prefs. Unix error code 2.
2025-09-25 22:06:35,017 [ERROR] LogOutputStream:75 - [STDERR_REDIRECT] 
2025-09-25 22:06:35,018 [ERROR] LogOutputStream:75 - [STDERR_REDIRECT] Sep 25, 2025 10:06:35 PM java.util.prefs.FileSystemPreferences syncWorld
2025-09-25 22:06:35,018 [ERROR] LogOutputStream:75 - [STDERR_REDIRECT] WARNING: Couldn't flush system prefs: java.util.prefs.BackingStoreException: Couldn't get file lock.
2025-09-25 22:06:35,018 [ERROR] LogOutputStream:75 - [STDERR_REDIRECT] 
2025-09-25 22:07:05,017 [ERROR] LogOutputStream:75 - [STDERR_REDIRECT] Sep 25, 2025 10:07:05 PM java.util.prefs.FileSystemPreferences checkLockFile0ErrorCode
2025-09-25 22:07:05,017 [ERROR] LogOutputStream:75 - [STDERR_REDIRECT] WARNING: Could not lock System prefs. Unix error code 2.
2025-09-25 22:07:05,017 [ERROR] LogOutputStream:75 - [STDERR_REDIRECT] 
2025-09-25 22:07:05,018 [ERROR] LogOutputStream:75 - [STDERR_REDIRECT] Sep 25, 2025 10:07:05 PM java.util.prefs.FileSystemPreferences syncWorld
2025-09-25 22:07:05,018 [ERROR] LogOutputStream:75 - [STDERR_REDIRECT] WARNING: Couldn't flush system prefs: java.util.prefs.BackingStoreException: Couldn't get file lock.
2025-09-25 22:07:05,018 [ERROR] LogOutputStream:75 - [STDERR_REDIRECT] 
2025-09-25 22:07:14,212 [ERROR] LogOutputStream:75 - [STDERR_REDIRECT] 
2025-09-25 22:07:14,213 [ERROR] LogOutputStream:75 - [STDERR_REDIRECT] 
