2025-09-26 06:36:30,543 [INFO] Activator:176 - 


2025-09-26 06:36:30,551 [INFO] Activator:177 - !SESSION log4j initialized
2025-09-26 06:36:38,416 [INFO] LogOutputStream:77 - [STDOUT_REDIRECT] 
2025-09-26 06:36:40,525 [INFO] ApplicationProperties:184 - Using Application install path: /opt/st/stm32cubeide_1.19.0/plugins/com.st.stm32cube.common.mx_6.15.0.202507011659
2025-09-26 06:36:40,556 [INFO] DbMcusXml:78 - Set database path to: /opt/st/stm32cubeide_1.19.0/plugins/com.st.stm32cube.common.mx_6.15.0.202507011659//db//mcu/
2025-09-26 06:36:40,556 [INFO] ApiDb:274 - Set plugin database path to: /opt/st/stm32cubeide_1.19.0/plugins/com.st.stm32cube.common.mx_6.15.0.202507011659//db//plugins/boardmanager/
2025-09-26 06:36:40,557 [WARN] ApiDb:259 - Overriding images path with different value:  => /opt/st/stm32cubeide_1.19.0/plugins/com.st.stm32cube.common.mx_6.15.0.202507011659//db//plugins/mcufinder/images/
2025-09-26 06:36:40,567 [INFO] ApiDb:250 - Set database path to: /home/tomas1908/.stmcufinder/plugins/mcufinder//mcu/
2025-09-26 06:36:40,569 [INFO] DbMcusAds:125 - Set database path to: /home/tomas1908/.stmcufinder/plugins/mcufinder//mcu/
2025-09-26 06:36:40,572 [INFO] CrossReferenceDbSqlite:203 - Set database path to: /home/tomas1908/.stmcufinder/plugins/mcufinder//mcu/cs/
2025-09-26 06:36:40,810 [INFO] RulesReader:64 - Compatibility file has been processed (317 Rules)
2025-09-26 06:36:40,917 [INFO] DbMcusXml:78 - Set database path to: /opt/st/stm32cubeide_1.19.0/plugins/com.st.stm32cube.common.mx_6.15.0.202507011659//db//mcu/
2025-09-26 06:36:40,917 [INFO] ApiDb:274 - Set plugin database path to: /opt/st/stm32cubeide_1.19.0/plugins/com.st.stm32cube.common.mx_6.15.0.202507011659//db//plugins/boardmanager/
2025-09-26 06:36:40,918 [INFO] ApiDb:261 - Set plugin images path to: /opt/st/stm32cubeide_1.19.0/plugins/com.st.stm32cube.common.mx_6.15.0.202507011659//db//plugins/mcufinder/images/
2025-09-26 06:36:40,918 [WARN] DbFile:41 - Overriding database path with different value: /home/tomas1908/.stmcufinder/plugins/mcufinder/ => /home/tomas1908/.stmcufinder/plugins/mcufinder
2025-09-26 06:36:40,918 [INFO] ApiDb:250 - Set database path to: /home/tomas1908/.stmcufinder/plugins/mcufinder//mcu/
2025-09-26 06:36:40,918 [WARN] DbFile:41 - Overriding database path with different value: /home/tomas1908/.stmcufinder/plugins/mcufinder/ => /home/tomas1908/.stmcufinder/plugins/mcufinder
2025-09-26 06:36:40,919 [INFO] DbMcusAds:125 - Set database path to: /home/tomas1908/.stmcufinder/plugins/mcufinder//mcu/
2025-09-26 06:36:40,919 [WARN] DbFile:41 - Overriding database path with different value: /home/tomas1908/.stmcufinder/plugins/mcufinder/ => /home/tomas1908/.stmcufinder/plugins/mcufinder
2025-09-26 06:36:40,919 [WARN] DbFile:41 - Overriding database path with different value: /home/tomas1908/.stmcufinder/plugins/mcufinder/ => /home/tomas1908/.stmcufinder/plugins/mcufinder
2025-09-26 06:36:40,919 [INFO] CrossReferenceDbSqlite:203 - Set database path to: /home/tomas1908/.stmcufinder/plugins/mcufinder//mcu/cs/
2025-09-26 06:36:41,023 [INFO] MainPanel:274 - HeapMemory: 268435456
2025-09-26 06:36:41,230 [INFO] DbMcusXml:78 - Set database path to: /opt/st/stm32cubeide_1.19.0/plugins/com.st.stm32cube.common.mx_6.15.0.202507011659//db//mcu/
2025-09-26 06:36:41,230 [INFO] ApiDb:274 - Set plugin database path to: /opt/st/stm32cubeide_1.19.0/plugins/com.st.stm32cube.common.mx_6.15.0.202507011659//db//plugins/boardmanager/
2025-09-26 06:36:41,230 [INFO] ApiDb:261 - Set plugin images path to: /opt/st/stm32cubeide_1.19.0/plugins/com.st.stm32cube.common.mx_6.15.0.202507011659//db//plugins/mcufinder/images/
2025-09-26 06:36:41,231 [WARN] DbFile:41 - Overriding database path with different value: /home/tomas1908/.stmcufinder/plugins/mcufinder/ => /home/tomas1908/.stmcufinder/plugins/mcufinder
2025-09-26 06:36:41,231 [INFO] ApiDb:250 - Set database path to: /home/tomas1908/.stmcufinder/plugins/mcufinder//mcu/
2025-09-26 06:36:41,232 [WARN] DbFile:41 - Overriding database path with different value: /home/tomas1908/.stmcufinder/plugins/mcufinder/ => /home/tomas1908/.stmcufinder/plugins/mcufinder
2025-09-26 06:36:41,232 [INFO] DbMcusAds:125 - Set database path to: /home/tomas1908/.stmcufinder/plugins/mcufinder//mcu/
2025-09-26 06:36:41,232 [WARN] DbFile:41 - Overriding database path with different value: /home/tomas1908/.stmcufinder/plugins/mcufinder/ => /home/tomas1908/.stmcufinder/plugins/mcufinder
2025-09-26 06:36:41,232 [WARN] DbFile:41 - Overriding database path with different value: /home/tomas1908/.stmcufinder/plugins/mcufinder/ => /home/tomas1908/.stmcufinder/plugins/mcufinder
2025-09-26 06:36:41,233 [INFO] CrossReferenceDbSqlite:203 - Set database path to: /home/tomas1908/.stmcufinder/plugins/mcufinder//mcu/cs/
2025-09-26 06:36:41,261 [INFO] ApplicationProperties:184 - Using Application install path: /opt/st/stm32cubeide_1.19.0/plugins/com.st.stm32cube.common.mx_6.15.0.202507011659
2025-09-26 06:36:41,264 [INFO] PluginManage:196 - Search for loadable plugins [exclusion list=, ]
2025-09-26 06:36:41,266 [INFO] PluginManage:310 - Check plugin analytics
2025-09-26 06:36:41,570 [INFO] AnalyticsPlugin:253 - Accepted Software Licenses: 
2025-09-26 06:36:41,570 [INFO] AnalyticsPlugin:255 - Accepted CMSIS Pack Licenses: 
2025-09-26 06:36:41,570 [INFO] AnalyticsPlugin:257 - Accepted Firmware Licenses: FW.F4.1.28.0
2025-09-26 06:36:41,574 [INFO] PluginManage:359 - Loaded plugin analytics (category:tool,tabindex:-1)
2025-09-26 06:36:41,575 [INFO] PluginManage:310 - Check plugin cadmodel
2025-09-26 06:36:41,582 [INFO] CADModel:105 - Init CAD model plugin
2025-09-26 06:36:41,582 [INFO] PluginManage:359 - Loaded plugin cadmodel (category:power,tabindex:5)
2025-09-26 06:36:41,582 [INFO] PluginManage:310 - Check plugin clock
2025-09-26 06:36:41,597 [INFO] PluginManage:359 - Loaded plugin clock (category:base,tabindex:2)
2025-09-26 06:36:41,597 [INFO] PluginManage:310 - Check plugin ddr
2025-09-26 06:36:41,601 [INFO] PluginManage:359 - Loaded plugin ddr (category:tool,tabindex:6)
2025-09-26 06:36:41,601 [INFO] PluginManage:310 - Check plugin filemanager
2025-09-26 06:36:41,842 [INFO] PluginManage:359 - Loaded plugin filemanager (category:base,tabindex:10)
2025-09-26 06:36:41,842 [INFO] PluginManage:310 - Check plugin ipmanager
2025-09-26 06:36:41,850 [INFO] PluginManage:359 - Loaded plugin ipmanager (category:base,tabindex:5)
2025-09-26 06:36:41,850 [INFO] PluginManage:310 - Check plugin lpbam
2025-09-26 06:36:41,864 [INFO] PluginManage:359 - Loaded plugin lpbam (category:base,tabindex:0)
2025-09-26 06:36:41,864 [INFO] PluginManage:310 - Check plugin memorymap
2025-09-26 06:36:41,882 [INFO] PluginManage:359 - Loaded plugin memorymap (category:base,tabindex:4)
2025-09-26 06:36:41,883 [INFO] PluginManage:310 - Check plugin pinoutandconfiguration
2025-09-26 06:36:41,895 [INFO] PluginManage:359 - Loaded plugin pinoutandconfiguration (category:base,tabindex:1)
2025-09-26 06:36:41,895 [INFO] PluginManage:310 - Check plugin pinoutconfig
2025-09-26 06:36:42,040 [WARN] SupportedApi:132 - Cannot load RTOS API schema: s4s-elt-must-match.1: The content of 'definitions' must match (annotation?, (simpleType | complexType)?, (unique | key | keyref)*)). A problem was found starting at: attribute.
2025-09-26 06:36:42,240 [INFO] PluginManage:359 - Loaded plugin pinoutconfig (category:base,tabindex:0)
2025-09-26 06:36:42,241 [INFO] PluginManage:310 - Check plugin power
2025-09-26 06:36:42,254 [INFO] PluginManage:359 - Loaded plugin power (category:power,tabindex:4)
2025-09-26 06:36:42,254 [INFO] PluginManage:310 - Check plugin projectmanager
2025-09-26 06:36:42,278 [INFO] PluginManage:359 - Loaded plugin projectmanager (category:projectmanager,tabindex:4)
2025-09-26 06:36:42,279 [INFO] PluginManage:310 - Check plugin rif
2025-09-26 06:36:42,293 [INFO] PluginManage:359 - Loaded plugin rif (category:base,tabindex:3)
2025-09-26 06:36:42,293 [INFO] PluginManage:310 - Check plugin thirdparty
2025-09-26 06:36:42,508 [INFO] PluginManage:359 - Loaded plugin thirdparty (category:base,tabindex:-1)
2025-09-26 06:36:42,508 [WARN] IntegrityCheckThread:84 - waiting for thirdparty lock release [integrity check]
2025-09-26 06:36:42,508 [INFO] PluginManage:310 - Check plugin tools
2025-09-26 06:36:42,508 [INFO] IntegrityCheckThread:86 - entering critical section [integrity check]
2025-09-26 06:36:42,509 [INFO] ThirdPartyUpdaterWithRetryManager:70 - Updater plugin not ready yet. [1/15]
2025-09-26 06:36:42,512 [INFO] PluginManage:359 - Loaded plugin tools (category:base,tabindex:7)
2025-09-26 06:36:42,512 [INFO] PluginManage:310 - Check plugin tutovideos
2025-09-26 06:36:42,846 [INFO] PluginManage:359 - Loaded plugin tutovideos (category:base,tabindex:-1)
2025-09-26 06:36:42,846 [INFO] PluginManage:310 - Check plugin updater
2025-09-26 06:36:42,887 [INFO] PluginManage:359 - Loaded plugin updater (category:base,tabindex:12)
2025-09-26 06:36:42,888 [INFO] PluginManage:310 - Check plugin userauth
2025-09-26 06:36:42,893 [INFO] UserAuth:118 - Init User Auth plugin
2025-09-26 06:36:42,894 [INFO] PluginManage:359 - Loaded plugin userauth (category:base,tabindex:14)
2025-09-26 06:36:42,895 [INFO] PluginManage:283 - PluginManage : Loaded plugins [18]
2025-09-26 06:36:43,164 [INFO] PinOutPanel:1589 - setPackage(No Configuration,No Configuration)
2025-09-26 06:36:43,272 [INFO] CADModel:165 - CPN selected for project level
2025-09-26 06:36:43,272 [INFO] CADModel:114 - Register for checkConnection events
2025-09-26 06:36:43,292 [INFO] IPUIPlugin:80 - create IPUIPlugin
2025-09-26 06:36:43,292 [INFO] PluginManager:220 - loadIPPluginJar : add i2c
2025-09-26 06:36:43,301 [INFO] IPUIPlugin:80 - create IPUIPlugin
2025-09-26 06:36:43,302 [INFO] PluginManager:220 - loadIPPluginJar : add mdma
2025-09-26 06:36:43,305 [INFO] IPUIPlugin:80 - create IPUIPlugin
2025-09-26 06:36:43,305 [INFO] PluginManager:220 - loadIPPluginJar : add aes
2025-09-26 06:36:43,308 [INFO] IPUIPlugin:80 - create IPUIPlugin
2025-09-26 06:36:43,309 [INFO] PluginManager:220 - loadIPPluginJar : add can
2025-09-26 06:36:43,317 [INFO] IPUIPlugin:80 - create IPUIPlugin
2025-09-26 06:36:43,317 [INFO] PluginManager:220 - loadIPPluginJar : add freertos
2025-09-26 06:36:43,321 [INFO] IPUIPlugin:80 - create IPUIPlugin
2025-09-26 06:36:43,321 [INFO] PluginManager:220 - loadIPPluginJar : add gtzc
2025-09-26 06:36:43,323 [INFO] IPUIPlugin:80 - create IPUIPlugin
2025-09-26 06:36:43,324 [INFO] PluginManager:220 - loadIPPluginJar : add ts
2025-09-26 06:36:43,335 [INFO] IPUIPlugin:80 - create IPUIPlugin
2025-09-26 06:36:43,335 [INFO] PluginManager:220 - loadIPPluginJar : add stm32_wpan
2025-09-26 06:36:43,337 [INFO] IPUIPlugin:80 - create IPUIPlugin
2025-09-26 06:36:43,337 [INFO] PluginManager:220 - loadIPPluginJar : add fatfs
2025-09-26 06:36:43,345 [INFO] IPUIPlugin:80 - create IPUIPlugin
2025-09-26 06:36:43,346 [INFO] PluginManager:220 - loadIPPluginJar : add dma
2025-09-26 06:36:43,349 [INFO] IPUIPlugin:80 - create IPUIPlugin
2025-09-26 06:36:43,350 [INFO] PluginManager:220 - loadIPPluginJar : add usbx
2025-09-26 06:36:43,352 [INFO] IPUIPlugin:80 - create IPUIPlugin
2025-09-26 06:36:43,353 [INFO] PluginManager:220 - loadIPPluginJar : add hash
2025-09-26 06:36:43,355 [INFO] IPUIPlugin:80 - create IPUIPlugin
2025-09-26 06:36:43,356 [INFO] PluginManager:220 - loadIPPluginJar : add cryp
2025-09-26 06:36:43,359 [INFO] IPUIPlugin:80 - create IPUIPlugin
2025-09-26 06:36:43,359 [INFO] PluginManager:220 - loadIPPluginJar : add openamp
2025-09-26 06:36:43,361 [INFO] IPUIPlugin:80 - create IPUIPlugin
2025-09-26 06:36:43,361 [INFO] PluginManager:220 - loadIPPluginJar : add genericplugin
2025-09-26 06:36:43,366 [INFO] IPUIPlugin:80 - create IPUIPlugin
2025-09-26 06:36:43,366 [INFO] PluginManager:220 - loadIPPluginJar : add ipddr
2025-09-26 06:36:43,370 [INFO] IPUIPlugin:80 - create IPUIPlugin
2025-09-26 06:36:43,370 [INFO] PluginManager:220 - loadIPPluginJar : add opamp
2025-09-26 06:36:43,371 [INFO] IPUIPlugin:80 - create IPUIPlugin
2025-09-26 06:36:43,371 [INFO] PluginManager:220 - loadIPPluginJar : add ltdc
2025-09-26 06:36:43,374 [INFO] IPUIPlugin:80 - create IPUIPlugin
2025-09-26 06:36:43,374 [INFO] PluginManager:220 - loadIPPluginJar : add dfsdm
2025-09-26 06:36:43,381 [INFO] IPUIPlugin:80 - create IPUIPlugin
2025-09-26 06:36:43,382 [INFO] PluginManager:220 - loadIPPluginJar : add gic
2025-09-26 06:36:43,385 [INFO] IPUIPlugin:80 - create IPUIPlugin
2025-09-26 06:36:43,385 [INFO] PluginManager:220 - loadIPPluginJar : add extmemmanager
2025-09-26 06:36:43,387 [INFO] IPUIPlugin:80 - create IPUIPlugin
2025-09-26 06:36:43,388 [INFO] PluginManager:220 - loadIPPluginJar : add ucpd
2025-09-26 06:36:43,390 [INFO] IPUIPlugin:80 - create IPUIPlugin
2025-09-26 06:36:43,390 [INFO] PluginManager:220 - loadIPPluginJar : add tracer_emb
2025-09-26 06:36:43,392 [INFO] IPUIPlugin:80 - create IPUIPlugin
2025-09-26 06:36:43,393 [INFO] PluginManager:220 - loadIPPluginJar : add radio
2025-09-26 06:36:43,396 [INFO] IPUIPlugin:80 - create IPUIPlugin
2025-09-26 06:36:43,396 [INFO] PluginManager:220 - loadIPPluginJar : add pdm2pcm
2025-09-26 06:36:43,399 [INFO] IPUIPlugin:80 - create IPUIPlugin
2025-09-26 06:36:43,399 [INFO] PluginManager:220 - loadIPPluginJar : add spi
2025-09-26 06:36:43,401 [INFO] IPUIPlugin:80 - create IPUIPlugin
2025-09-26 06:36:43,401 [INFO] PluginManager:220 - loadIPPluginJar : add tim
2025-09-26 06:36:43,410 [INFO] IPUIPlugin:80 - create IPUIPlugin
2025-09-26 06:36:43,414 [INFO] PluginManager:220 - loadIPPluginJar : add plateformsettings
2025-09-26 06:36:43,418 [INFO] IPUIPlugin:80 - create IPUIPlugin
2025-09-26 06:36:43,418 [INFO] PluginManager:220 - loadIPPluginJar : add touchsensing
2025-09-26 06:36:43,424 [INFO] IPUIPlugin:80 - create IPUIPlugin
2025-09-26 06:36:43,424 [INFO] PluginManager:220 - loadIPPluginJar : add gpio
2025-09-26 06:36:43,433 [INFO] IPUIPlugin:80 - create IPUIPlugin
2025-09-26 06:36:43,433 [INFO] PluginManager:220 - loadIPPluginJar : add adc
2025-09-26 06:36:43,443 [INFO] IPUIPlugin:80 - create IPUIPlugin
2025-09-26 06:36:43,444 [INFO] PluginManager:220 - loadIPPluginJar : add linkedlist
2025-09-26 06:36:43,446 [INFO] IPUIPlugin:80 - create IPUIPlugin
2025-09-26 06:36:43,446 [INFO] PluginManager:220 - loadIPPluginJar : add comp
2025-09-26 06:36:43,452 [INFO] IPUIPlugin:80 - create IPUIPlugin
2025-09-26 06:36:43,452 [INFO] PluginManager:220 - loadIPPluginJar : add fmc
2025-09-26 06:36:43,454 [INFO] IPUIPlugin:80 - create IPUIPlugin
2025-09-26 06:36:43,454 [INFO] PluginManager:220 - loadIPPluginJar : add tsc
2025-09-26 06:36:43,458 [INFO] IPUIPlugin:80 - create IPUIPlugin
2025-09-26 06:36:43,458 [INFO] PluginManager:220 - loadIPPluginJar : add sai
2025-09-26 06:36:43,461 [INFO] IPUIPlugin:80 - create IPUIPlugin
2025-09-26 06:36:43,461 [INFO] PluginManager:220 - loadIPPluginJar : add usart
2025-09-26 06:36:43,465 [INFO] IPUIPlugin:80 - create IPUIPlugin
2025-09-26 06:36:43,466 [INFO] PluginManager:220 - loadIPPluginJar : add nvic
2025-09-26 06:36:43,470 [INFO] IPUIPlugin:80 - create IPUIPlugin
2025-09-26 06:36:43,470 [INFO] PluginManager:220 - loadIPPluginJar : add resmgrutility
2025-09-26 06:36:43,473 [INFO] IPUIPlugin:80 - create IPUIPlugin
2025-09-26 06:36:43,473 [INFO] PluginManager:220 - loadIPPluginJar : add lorawan
2025-09-26 06:36:43,476 [INFO] IPUIPlugin:80 - create IPUIPlugin
2025-09-26 06:36:43,476 [INFO] PluginManager:220 - loadIPPluginJar : add gfxmmu
2025-09-26 06:36:43,478 [INFO] IPUIPlugin:80 - create IPUIPlugin
2025-09-26 06:36:43,479 [INFO] PluginManager:220 - loadIPPluginJar : add dma3
2025-09-26 06:36:43,482 [INFO] IPUIPlugin:80 - create IPUIPlugin
2025-09-26 06:36:43,482 [INFO] PluginManager:220 - loadIPPluginJar : add i3c
2025-09-26 06:36:43,484 [INFO] IPUIPlugin:80 - create IPUIPlugin
2025-09-26 06:36:43,484 [INFO] PluginManager:220 - loadIPPluginJar : add quadspi
2025-09-26 06:36:43,487 [INFO] IPUIPlugin:80 - create IPUIPlugin
2025-09-26 06:36:43,487 [INFO] PluginManager:220 - loadIPPluginJar : add ddr_ctrl_phy
2025-09-26 06:36:43,490 [INFO] IPUIPlugin:80 - create IPUIPlugin
2025-09-26 06:36:43,490 [INFO] PluginManager:220 - loadIPPluginJar : add i2s
2025-09-26 06:36:43,610 [FATAL] Updater:351 - Updater called before beeing initialized
2025-09-26 06:36:43,654 [INFO] RulesReader:64 - Compatibility file has been processed (317 Rules)
2025-09-26 06:36:43,675 [INFO] RulesReader:64 - Compatibility file has been processed (317 Rules)
2025-09-26 06:36:43,685 [INFO] CADModel:165 - CPN selected for project level
2025-09-26 06:36:43,685 [INFO] CADModel:114 - Register for checkConnection events
2025-09-26 06:36:43,685 [FATAL] Updater:351 - Updater called before beeing initialized
2025-09-26 06:36:43,686 [ERROR] CADModel:125 - Updater not yet initialized, retry later 
2025-09-26 06:36:43,872 [FATAL] Updater:351 - Updater called before beeing initialized
2025-09-26 06:36:43,874 [INFO] CADModel:165 - CPN selected for project level
2025-09-26 06:36:43,874 [INFO] CADModel:114 - Register for checkConnection events
2025-09-26 06:36:43,875 [FATAL] Updater:351 - Updater called before beeing initialized
2025-09-26 06:36:43,875 [ERROR] CADModel:125 - Updater not yet initialized, retry later 
2025-09-26 06:36:43,880 [FATAL] Updater:351 - Updater called before beeing initialized
2025-09-26 06:36:44,008 [FATAL] Updater:351 - Updater called before beeing initialized
2025-09-26 06:36:44,015 [INFO] DbMcusAds:53 - JSON generation date=Tue Jul 08 05:14:23 ART 2025 (1751962463582)
2025-09-26 06:36:44,015 [FATAL] Updater:351 - Updater called before beeing initialized
2025-09-26 06:36:44,075 [WARN] DetailPanel:346 - Failed to get advertising image, set to default
2025-09-26 06:36:44,207 [FATAL] Updater:351 - Updater called before beeing initialized
2025-09-26 06:36:44,210 [FATAL] Updater:351 - Updater called before beeing initialized
2025-09-26 06:36:44,210 [FATAL] Updater:351 - Updater called before beeing initialized
2025-09-26 06:36:44,211 [WARN] DetailPanel:346 - Failed to get advertising image, set to default
2025-09-26 06:36:44,212 [FATAL] Updater:351 - Updater called before beeing initialized
2025-09-26 06:36:44,260 [ERROR] Updater:1198 - MainUpdater not yet initialized. External WinMGr cannot be set.
2025-09-26 06:36:44,263 [INFO] Updater:1134 - Updater Version found : 6.15.0
2025-09-26 06:36:44,293 [INFO] ApplicationProperties:184 - Using Application install path: /opt/st/stm32cubeide_1.19.0/plugins/com.st.stm32cube.common.mx_6.15.0.202507011659
2025-09-26 06:36:44,313 [ERROR] LogOutputStream:75 - [STDERR_REDIRECT] Sep 26, 2025 6:36:44 AM java.util.prefs.FileSystemPreferences$2 run
2025-09-26 06:36:44,313 [ERROR] LogOutputStream:75 - [STDERR_REDIRECT] WARNING: Could not create system preferences directory. System preferences are unusable.
2025-09-26 06:36:44,313 [ERROR] LogOutputStream:75 - [STDERR_REDIRECT] 
2025-09-26 06:36:44,686 [INFO] MainUpdater:2872 - connection check result : 10
2025-09-26 06:36:44,687 [INFO] MainUpdater:289 - Updater Check For Update Now.
2025-09-26 06:36:44,687 [INFO] MicroXplorer:498 - Change Database Version : DB.6.0.150
2025-09-26 06:36:44,693 [INFO] McuFinderGlobals:63 - Set McuFinder mode to 2 (CubeIDE integrated)
2025-09-26 06:36:44,694 [INFO] UserAuth:487 - Internet connection configuration mode: 1
2025-09-26 06:36:44,720 [INFO] JxBrowserEngine:152 - Initiate JxBrowser Engine with user profile folder
2025-09-26 06:36:44,970 [INFO] CheckServerUpdateThread:120 - End of CheckServer Thread
2025-09-26 06:36:45,795 [WARN] PackLoader:240 - Cannot read IP mode file for STMicroelectronics.FP-SNS-MOTENVWB1.1.4.0
2025-09-26 06:36:45,820 [WARN] PackLoader:240 - Cannot read IP mode file for STMicroelectronics.FP-ATR-ASTRA1.2.0.2
2025-09-26 06:36:45,836 [WARN] PackLoader:240 - Cannot read IP mode file for STMicroelectronics.X-CUBE-SMBUS.2.1.0
2025-09-26 06:36:45,844 [WARN] PackLoader:240 - Cannot read IP mode file for STMicroelectronics.X-CUBE-ST60.1.0.0
2025-09-26 06:36:45,916 [WARN] PackLoader:240 - Cannot read IP mode file for STMicroelectronics.X-CUBE-AZRTOS-F7.1.1.0
2025-09-26 06:36:45,935 [WARN] PackLoader:240 - Cannot read IP mode file for Cesanta.I-CUBE-Mongoose.7.19.0
2025-09-26 06:36:45,957 [WARN] PackLoader:240 - Cannot read IP mode file for WES.I-CUBE-Cesium.1.4.0
2025-09-26 06:36:46,025 [WARN] PackLoader:240 - Cannot read IP mode file for Infineon.AIROC-Wi-Fi-Bluetooth-STM32.1.7.1
2025-09-26 06:36:46,056 [WARN] PackLoader:240 - Cannot read IP mode file for STMicroelectronics.X-CUBE-DISPLAY.3.0.0
2025-09-26 06:36:46,085 [WARN] PackLoader:240 - Cannot read IP mode file for STMicroelectronics.X-CUBE-NFC10.1.0.0
2025-09-26 06:36:46,095 [INFO] WebApp:169 - Instantiating new browser for Auth
2025-09-26 06:36:46,095 [WARN] PackLoader:240 - Cannot read IP mode file for emotas.I-CUBE-CANOPEN.1.3.0
2025-09-26 06:36:46,102 [WARN] PackLoader:240 - Cannot read IP mode file for STMicroelectronics.FP-SNS-SMARTAG2.1.2.0
2025-09-26 06:36:46,107 [WARN] PackLoader:240 - Cannot read IP mode file for STMicroelectronics.FP-SNS-FLIGHT1.5.1.0
2025-09-26 06:36:46,127 [INFO] LogOutputStream:77 - [STDOUT_REDIRECT] 1 : Invalid condition id : UX_CORESTACK_Condition cause : null
2025-09-26 06:36:46,128 [INFO] LogOutputStream:77 - [STDOUT_REDIRECT] 1 : Invalid condition id : UX_CORESTACK_Condition cause : null
2025-09-26 06:36:46,128 [INFO] LogOutputStream:77 - [STDOUT_REDIRECT] 1 : Invalid condition id : UX_CORESTACK_Condition cause : null
2025-09-26 06:36:46,130 [INFO] LogOutputStream:77 - [STDOUT_REDIRECT] 1 : Invalid condition id : UX_CORESTACK_Condition cause : null
2025-09-26 06:36:46,130 [INFO] LogOutputStream:77 - [STDOUT_REDIRECT] 1 : Invalid condition id : UX_CORESTACK_Condition cause : null
2025-09-26 06:36:46,141 [WARN] PackLoader:240 - Cannot read IP mode file for STMicroelectronics.X-CUBE-AZRTOS-WL.2.0.0
2025-09-26 06:36:46,152 [WARN] PackLoader:240 - Cannot read IP mode file for STMicroelectronics.FP-SNS-MOTENV1.5.0.0
2025-09-26 06:36:46,163 [WARN] PackLoader:240 - Cannot read IP mode file for STMicroelectronics.X-CUBE-BLE2.3.3.0
2025-09-26 06:36:46,177 [WARN] PackLoader:240 - Cannot read IP mode file for STMicroelectronics.X-CUBE-NFC9.1.0.0
2025-09-26 06:36:46,187 [WARN] PackLoader:240 - Cannot read IP mode file for STMicroelectronics.X-CUBE-BLE1.7.1.0
2025-09-26 06:36:46,214 [WARN] PackLoader:240 - Cannot read IP mode file for STMicroelectronics.X-CUBE-AZRTOS-G0.1.1.0
2025-09-26 06:36:46,230 [WARN] PackLoader:240 - Cannot read IP mode file for STMicroelectronics.X-CUBE-SAFEA1.1.2.2
2025-09-26 06:36:46,241 [WARN] PackLoader:240 - Cannot read IP mode file for STMicroelectronics.X-CUBE-NFC4.3.0.0
2025-09-26 06:36:46,258 [WARN] PackLoader:240 - Cannot read IP mode file for EmbeddedOffice.I-CUBE-FS-RTOS.1.0.1
2025-09-26 06:36:46,269 [WARN] PackLoader:240 - Cannot read IP mode file for STMicroelectronics.X-CUBE-WB05N.2.0.0
2025-09-26 06:36:46,281 [WARN] PackLoader:240 - Cannot read IP mode file for STMicroelectronics.X-CUBE-TCPP.4.2.0
2025-09-26 06:36:46,289 [WARN] PackLoader:240 - Cannot read IP mode file for RealThread.X-CUBE-RT-Thread_Nano.4.1.1
2025-09-26 06:36:46,294 [WARN] PackLoader:240 - Cannot read IP mode file for STMicroelectronics.FP-ATR-SIGFOX1.3.2.0
2025-09-26 06:36:46,302 [WARN] PackLoader:240 - Cannot read IP mode file for ITTIA_DB.I-CUBE-ITTIADB.8.9.0
2025-09-26 06:36:46,312 [WARN] PackLoader:240 - Cannot read IP mode file for STMicroelectronics.X-CUBE-ST67W61.1.0.0
2025-09-26 06:36:46,381 [WARN] PackLoader:240 - Cannot read IP mode file for SEGGER.I-CUBE-embOS.1.3.1
2025-09-26 06:36:46,509 [WARN] PackLoader:240 - Cannot read IP mode file for STMicroelectronics.X-CUBE-ALGOBUILD.1.4.0
2025-09-26 06:36:46,700 [WARN] PackLoader:240 - Cannot read IP mode file for STMicroelectronics.X-CUBE-MEMS1.11.3.0
2025-09-26 06:36:46,939 [WARN] PackLoader:240 - Cannot read IP mode file for STMicroelectronics.X-CUBE-PM33A1.1.0.0
2025-09-26 06:36:46,959 [WARN] PackLoader:240 - Cannot read IP mode file for STMicroelectronics.X-CUBE-AZRTOS-F4.1.1.0
2025-09-26 06:36:46,965 [WARN] PackLoader:240 - Cannot read IP mode file for Avnet-IotConnect.X-CUBE-IoTC-DA16k-PMOD.1.0.0
2025-09-26 06:36:46,969 [WARN] PackLoader:240 - Cannot read IP mode file for STMicroelectronics.X-CUBE-ISPU.2.1.0
2025-09-26 06:36:46,989 [WARN] PackLoader:240 - Cannot read IP mode file for STMicroelectronics.X-CUBE-AZRTOS-L5.2.0.0
2025-09-26 06:36:47,001 [WARN] PackLoader:240 - Cannot read IP mode file for STMicroelectronics.X-CUBE-NFC6.3.1.0
2025-09-26 06:36:47,011 [WARN] PackLoader:240 - Cannot read IP mode file for STMicroelectronics.X-CUBE-FREERTOS.1.3.1
2025-09-26 06:36:47,019 [WARN] PackLoader:240 - Cannot read IP mode file for STMicroelectronics.X-CUBE-DPower.1.3.0
2025-09-26 06:36:47,048 [WARN] ConditionMgr:438 - getConditionDescription Invalid condition id : LAN8742 Phy interface Condition cause : null
2025-09-26 06:36:47,050 [WARN] PackLoader:240 - Cannot read IP mode file for STMicroelectronics.X-CUBE-AZRTOS-L4.2.0.0
2025-09-26 06:36:47,052 [WARN] ConditionMgr:1044 - genDependencies : Invalid condition id : LAN8742 Phy interface Condition cause : null
2025-09-26 06:36:47,052 [WARN] ConditionMgr:1044 - genDependencies : Invalid condition id : LAN8742 Phy interface Condition cause : null
2025-09-26 06:36:47,053 [WARN] ConditionMgr:1044 - genDependencies : Invalid condition id : LAN8742 Phy interface Condition cause : null
2025-09-26 06:36:47,065 [WARN] PackLoader:240 - Cannot read IP mode file for STMicroelectronics.X-CUBE-SFXS2LP1.4.0.0
2025-09-26 06:36:47,081 [WARN] ConditionMgr:438 - getConditionDescription Invalid condition id : UX DEVICE CLASS RTOS Condition cause : null
2025-09-26 06:36:47,082 [WARN] ConditionMgr:438 - getConditionDescription Invalid condition id : UX DEVICE CLASS RTOS Condition cause : null
2025-09-26 06:36:47,085 [WARN] PackLoader:240 - Cannot read IP mode file for STMicroelectronics.X-CUBE-AZRTOS-WB.2.0.0
2025-09-26 06:36:47,086 [WARN] ConditionMgr:1044 - genDependencies : Invalid condition id : UX DEVICE CLASS RTOS Condition cause : null
2025-09-26 06:36:47,086 [WARN] ConditionMgr:1044 - genDependencies : Invalid condition id : UX DEVICE CLASS RTOS Condition cause : null
2025-09-26 06:36:47,086 [WARN] ConditionMgr:1044 - genDependencies : Invalid condition id : UX DEVICE CLASS RTOS Condition cause : null
2025-09-26 06:36:47,087 [WARN] ConditionMgr:1044 - genDependencies : Invalid condition id : UX DEVICE CLASS RTOS Condition cause : null
2025-09-26 06:36:47,087 [WARN] ConditionMgr:1044 - genDependencies : Invalid condition id : UX DEVICE CLASS RTOS Condition cause : null
2025-09-26 06:36:47,094 [WARN] PackLoader:240 - Cannot read IP mode file for STMicroelectronics.X-CUBE-GNSS1.7.0.1
2025-09-26 06:36:47,100 [WARN] PackLoader:240 - Cannot read IP mode file for STMicroelectronics.X-CUBE-TOUCHGFX.4.25.0
2025-09-26 06:36:47,105 [WARN] ConditionMgr:438 - getConditionDescription Invalid condition id : Cortex-A Device cause : null
2025-09-26 06:36:47,125 [WARN] ConditionMgr:1044 - genDependencies : Invalid condition id : Cortex-A Device cause : null
2025-09-26 06:36:47,125 [WARN] ConditionMgr:1044 - genDependencies : Invalid condition id : Cortex-A Device cause : null
2025-09-26 06:36:47,126 [WARN] ConditionMgr:1044 - genDependencies : Invalid condition id : Cortex-A Device cause : null
2025-09-26 06:36:47,142 [WARN] PackLoader:240 - Cannot read IP mode file for STMicroelectronics.X-CUBE-SUBG2.5.0.0
2025-09-26 06:36:47,176 [WARN] PackLoader:240 - Cannot read IP mode file for STMicroelectronics.X-CUBE-AZRTOS-H7RS.1.1.0
2025-09-26 06:36:47,224 [WARN] PackLoader:240 - Cannot read IP mode file for STMicroelectronics.X-CUBE-AZRTOS-G4.2.0.0
2025-09-26 06:36:47,233 [WARN] PackLoader:240 - Cannot read IP mode file for wolfSSL.I-CUBE-wolfSSH.1.4.20
2025-09-26 06:36:47,240 [WARN] PackLoader:240 - Cannot read IP mode file for STMicroelectronics.X-CUBE-NFC7.2.0.0
2025-09-26 06:36:47,269 [WARN] PackLoader:240 - Cannot read IP mode file for STMicroelectronics.X-CUBE-IPS.3.1.0
2025-09-26 06:36:47,289 [WARN] PackLoader:240 - Cannot read IP mode file for STMicroelectronics.X-CUBE-ALS.1.0.2
2025-09-26 06:36:47,313 [WARN] PackLoader:240 - Cannot read IP mode file for STMicroelectronics.X-CUBE-TOF1.3.4.3
2025-09-26 06:36:47,342 [INFO] ThirdParty:978 - Integrity check success = true
2025-09-26 06:36:47,343 [INFO] IntegrityCheckThread:100 - exiting critical section [integrity check]
2025-09-26 06:36:47,343 [INFO] IntegrityCheckThread:103 - End integrity checks thread
2025-09-26 06:36:47,727 [INFO] WebApp:463 - Apply proxy settings
2025-09-26 06:36:47,727 [INFO] WebApp:548 - Chromium requires no authentication
2025-09-26 06:36:47,739 [INFO] WebApp:491 - Direct internet connection detected
2025-09-26 06:36:47,771 [INFO] WebApp:900 - Register for checkConnection events
2025-09-26 06:36:47,771 [INFO] WebApp:463 - Apply proxy settings
2025-09-26 06:36:47,771 [INFO] WebApp:548 - Chromium requires no authentication
2025-09-26 06:36:47,772 [INFO] WebApp:491 - Direct internet connection detected
2025-09-26 06:36:47,998 [INFO] WebApp:225 - Starting web application
2025-09-26 06:36:47,998 [INFO] WebApp:593 - Web application path used /opt/st/stm32cubeide_1.19.0/plugins/com.st.stm32cube.common.mx_6.15.0.202507011659/db/plugins/mcufinder/reactClient1/index.html
2025-09-26 06:36:48,156 [INFO] UserAuth:487 - Internet connection configuration mode: 1
2025-09-26 06:36:48,258 [INFO] WebApp:191 - Connection restablished
2025-09-26 06:37:08,250 [ERROR] LogOutputStream:75 - [STDERR_REDIRECT] Sep 26, 2025 6:37:08 AM java.util.prefs.FileSystemPreferences checkLockFile0ErrorCode
2025-09-26 06:37:08,251 [ERROR] LogOutputStream:75 - [STDERR_REDIRECT] WARNING: Could not lock System prefs. Unix error code 2.
2025-09-26 06:37:08,251 [ERROR] LogOutputStream:75 - [STDERR_REDIRECT] 
2025-09-26 06:37:08,252 [ERROR] LogOutputStream:75 - [STDERR_REDIRECT] Sep 26, 2025 6:37:08 AM java.util.prefs.FileSystemPreferences syncWorld
2025-09-26 06:37:08,252 [ERROR] LogOutputStream:75 - [STDERR_REDIRECT] WARNING: Couldn't flush system prefs: java.util.prefs.BackingStoreException: Couldn't get file lock.
2025-09-26 06:37:08,252 [ERROR] LogOutputStream:75 - [STDERR_REDIRECT] 
2025-09-26 06:37:38,240 [ERROR] LogOutputStream:75 - [STDERR_REDIRECT] Sep 26, 2025 6:37:38 AM java.util.prefs.FileSystemPreferences checkLockFile0ErrorCode
2025-09-26 06:37:38,241 [ERROR] LogOutputStream:75 - [STDERR_REDIRECT] WARNING: Could not lock System prefs. Unix error code 2.
2025-09-26 06:37:38,241 [ERROR] LogOutputStream:75 - [STDERR_REDIRECT] 
2025-09-26 06:37:38,241 [ERROR] LogOutputStream:75 - [STDERR_REDIRECT] Sep 26, 2025 6:37:38 AM java.util.prefs.FileSystemPreferences syncWorld
2025-09-26 06:37:38,242 [ERROR] LogOutputStream:75 - [STDERR_REDIRECT] WARNING: Couldn't flush system prefs: java.util.prefs.BackingStoreException: Couldn't get file lock.
2025-09-26 06:37:38,242 [ERROR] LogOutputStream:75 - [STDERR_REDIRECT] 
2025-09-26 06:38:08,247 [ERROR] LogOutputStream:75 - [STDERR_REDIRECT] Sep 26, 2025 6:38:08 AM java.util.prefs.FileSystemPreferences checkLockFile0ErrorCode
2025-09-26 06:38:08,247 [ERROR] LogOutputStream:75 - [STDERR_REDIRECT] WARNING: Could not lock System prefs. Unix error code 2.
2025-09-26 06:38:08,247 [ERROR] LogOutputStream:75 - [STDERR_REDIRECT] 
2025-09-26 06:38:08,248 [ERROR] LogOutputStream:75 - [STDERR_REDIRECT] Sep 26, 2025 6:38:08 AM java.util.prefs.FileSystemPreferences syncWorld
2025-09-26 06:38:08,248 [ERROR] LogOutputStream:75 - [STDERR_REDIRECT] WARNING: Couldn't flush system prefs: java.util.prefs.BackingStoreException: Couldn't get file lock.
2025-09-26 06:38:08,248 [ERROR] LogOutputStream:75 - [STDERR_REDIRECT] 
2025-09-26 06:38:38,240 [ERROR] LogOutputStream:75 - [STDERR_REDIRECT] Sep 26, 2025 6:38:38 AM java.util.prefs.FileSystemPreferences checkLockFile0ErrorCode
2025-09-26 06:38:38,241 [ERROR] LogOutputStream:75 - [STDERR_REDIRECT] WARNING: Could not lock System prefs. Unix error code 2.
2025-09-26 06:38:38,251 [ERROR] LogOutputStream:75 - [STDERR_REDIRECT] 
2025-09-26 06:38:38,252 [ERROR] LogOutputStream:75 - [STDERR_REDIRECT] Sep 26, 2025 6:38:38 AM java.util.prefs.FileSystemPreferences syncWorld
2025-09-26 06:38:38,252 [ERROR] LogOutputStream:75 - [STDERR_REDIRECT] WARNING: Couldn't flush system prefs: java.util.prefs.BackingStoreException: Couldn't get file lock.
2025-09-26 06:38:38,253 [ERROR] LogOutputStream:75 - [STDERR_REDIRECT] 
2025-09-26 06:39:08,241 [ERROR] LogOutputStream:75 - [STDERR_REDIRECT] Sep 26, 2025 6:39:08 AM java.util.prefs.FileSystemPreferences checkLockFile0ErrorCode
2025-09-26 06:39:08,241 [ERROR] LogOutputStream:75 - [STDERR_REDIRECT] WARNING: Could not lock System prefs. Unix error code 2.
2025-09-26 06:39:08,242 [ERROR] LogOutputStream:75 - [STDERR_REDIRECT] 
2025-09-26 06:39:08,242 [ERROR] LogOutputStream:75 - [STDERR_REDIRECT] Sep 26, 2025 6:39:08 AM java.util.prefs.FileSystemPreferences syncWorld
2025-09-26 06:39:08,242 [ERROR] LogOutputStream:75 - [STDERR_REDIRECT] WARNING: Couldn't flush system prefs: java.util.prefs.BackingStoreException: Couldn't get file lock.
2025-09-26 06:39:08,243 [ERROR] LogOutputStream:75 - [STDERR_REDIRECT] 
2025-09-26 06:39:38,239 [ERROR] LogOutputStream:75 - [STDERR_REDIRECT] Sep 26, 2025 6:39:38 AM java.util.prefs.FileSystemPreferences checkLockFile0ErrorCode
2025-09-26 06:39:38,240 [ERROR] LogOutputStream:75 - [STDERR_REDIRECT] WARNING: Could not lock System prefs. Unix error code 2.
2025-09-26 06:39:38,240 [ERROR] LogOutputStream:75 - [STDERR_REDIRECT] 
2025-09-26 06:39:38,241 [ERROR] LogOutputStream:75 - [STDERR_REDIRECT] Sep 26, 2025 6:39:38 AM java.util.prefs.FileSystemPreferences syncWorld
2025-09-26 06:39:38,241 [ERROR] LogOutputStream:75 - [STDERR_REDIRECT] WARNING: Couldn't flush system prefs: java.util.prefs.BackingStoreException: Couldn't get file lock.
2025-09-26 06:39:38,242 [ERROR] LogOutputStream:75 - [STDERR_REDIRECT] 
2025-09-26 06:39:44,071 [INFO] McuFinderGlobals:63 - Set McuFinder mode to 2 (CubeIDE integrated)
2025-09-26 06:39:44,079 [INFO] MainUpdater:2872 - connection check result : 10
2025-09-26 06:39:44,080 [INFO] MainUpdater:2872 - connection check result : 10
2025-09-26 06:39:44,131 [INFO] MicroXplorer:468 - Change Database Path : 
2025-09-26 06:39:44,132 [INFO] MicroXplorer:498 - Change Database Version : DB.6.0.150
2025-09-26 06:39:44,140 [WARN] ThirdParty:871 - waiting for thirdparty lock release [close project]
2025-09-26 06:39:44,141 [INFO] ThirdParty:873 - entering critical section [close project]
2025-09-26 06:39:44,143 [INFO] ThirdParty:883 - exiting critical section [close project]
2025-09-26 06:39:44,146 [INFO] PinOutPanel:1589 - setPackage(No Configuration,No Configuration)
2025-09-26 06:39:44,149 [INFO] UtilMem:75 - Begin LoadConfig() Used Memory: 747753600 Bytes (982515712)
2025-09-26 06:39:44,151 [INFO] MicroXplorer:468 - Change Database Path : 
2025-09-26 06:39:44,152 [INFO] MicroXplorer:498 - Change Database Version : DB.6.0.150
2025-09-26 06:39:44,152 [INFO] OpenFileManager:355 - Change cursor
2025-09-26 06:39:44,199 [INFO] Mcu:2029 - Initializing MCU STM32F446R(C-E)Tx STM32F446RETx STM32F446RET6
2025-09-26 06:39:46,973 [INFO] Context:786 - Trying to add GPIOservice into a context  which must be forbidden
2025-09-26 06:39:48,280 [INFO] ImportTextPane:234 - (OptionalMessage_ERROR) Pin12 (VP_RIF_VS_RIF1) cannot be retrieved for this MCU
2025-09-26 06:39:48,415 [INFO] RtosManager:558 - Registered RTOS mode: class=CMSIS, group=RTOS, mode=CMSIS_V1, owner=FREERTOS
2025-09-26 06:39:48,416 [INFO] RtosManager:558 - Registered RTOS mode: class=CMSIS, group=RTOS2, mode=CMSIS_V2, owner=FREERTOS
2025-09-26 06:39:48,416 [INFO] RtosManager:558 - Registered RTOS mode: class=RTOS, group=Core, mode=CMSIS_V1, owner=FREERTOS
2025-09-26 06:39:48,416 [INFO] RtosManager:558 - Registered RTOS mode: class=RTOS, group=Core, mode=CMSIS_V2, owner=FREERTOS
2025-09-26 06:39:48,416 [WARN] ModelIntegratedComponent:184 - Missing modes for component STMicroelectronics:FreeRTOS:0.0.1:STMicroelectronics:RTOS:FreeRTOS:Core:::10.2.0:
2025-09-26 06:39:48,445 [WARN] ModelIntegratedComponent:63 - No mode defined for component null
2025-09-26 06:39:48,445 [WARN] ModelIntegratedComponent:63 - No mode defined for component null
2025-09-26 06:39:48,445 [WARN] ModelIntegratedComponent:63 - No mode defined for component null
2025-09-26 06:39:48,445 [WARN] ModelIntegratedComponent:63 - No mode defined for component null
2025-09-26 06:39:48,446 [WARN] ModelIntegratedComponent:63 - No mode defined for component null
2025-09-26 06:39:48,446 [WARN] ModelIntegratedComponent:63 - No mode defined for component null
2025-09-26 06:39:48,446 [WARN] ModelIntegratedComponent:63 - No mode defined for component null
2025-09-26 06:39:48,446 [WARN] ModelIntegratedComponent:63 - No mode defined for component null
2025-09-26 06:39:48,446 [WARN] ModelIntegratedComponent:63 - No mode defined for component null
2025-09-26 06:39:48,446 [WARN] ModelIntegratedComponent:63 - No mode defined for component null
2025-09-26 06:39:48,446 [WARN] ModelIntegratedComponent:63 - No mode defined for component null
2025-09-26 06:39:48,446 [WARN] ModelIntegratedComponent:63 - No mode defined for component null
2025-09-26 06:39:48,446 [WARN] ModelIntegratedComponent:63 - No mode defined for component null
2025-09-26 06:39:48,446 [WARN] ModelIntegratedComponent:63 - No mode defined for component null
2025-09-26 06:39:48,446 [WARN] ModelIntegratedComponent:63 - No mode defined for component null
2025-09-26 06:39:48,446 [WARN] ModelIntegratedComponent:63 - No mode defined for component null
2025-09-26 06:39:48,447 [WARN] ModelIntegratedComponent:63 - No mode defined for component null
2025-09-26 06:39:48,447 [WARN] ModelIntegratedComponent:63 - No mode defined for component null
2025-09-26 06:39:48,447 [WARN] ModelIntegratedComponent:63 - No mode defined for component null
2025-09-26 06:39:48,447 [WARN] ModelIntegratedComponent:63 - No mode defined for component null
2025-09-26 06:39:48,447 [WARN] ModelIntegratedComponent:63 - No mode defined for component null
2025-09-26 06:39:48,447 [WARN] ModelIntegratedComponent:63 - No mode defined for component null
2025-09-26 06:39:48,447 [WARN] ModelIntegratedComponent:63 - No mode defined for component null
2025-09-26 06:39:48,447 [WARN] ModelIntegratedComponent:63 - No mode defined for component null
2025-09-26 06:39:48,447 [WARN] ModelIntegratedComponent:63 - No mode defined for component null
2025-09-26 06:39:48,447 [WARN] ModelIntegratedComponent:63 - No mode defined for component null
2025-09-26 06:39:48,447 [WARN] ModelIntegratedComponent:63 - No mode defined for component null
2025-09-26 06:39:48,447 [WARN] ModelIntegratedComponent:63 - No mode defined for component null
2025-09-26 06:39:48,447 [WARN] ModelIntegratedComponent:63 - No mode defined for component null
2025-09-26 06:39:48,448 [WARN] ModelIntegratedComponent:63 - No mode defined for component null
2025-09-26 06:39:48,448 [WARN] ModelIntegratedComponent:63 - No mode defined for component null
2025-09-26 06:39:48,448 [WARN] ModelIntegratedComponent:63 - No mode defined for component null
2025-09-26 06:39:48,448 [WARN] ModelIntegratedComponent:63 - No mode defined for component null
2025-09-26 06:39:48,448 [WARN] ModelIntegratedComponent:63 - No mode defined for component null
2025-09-26 06:39:48,448 [WARN] ModelIntegratedComponent:63 - No mode defined for component null
2025-09-26 06:39:48,448 [WARN] ModelPack:524 - Component already loaded: STMicroelectronics:HAL Drivers:0.0.0:STMicroelectronics:Device:STMicro_Driver:XSPI:HAL::0.0.1:HAL_XSPI
2025-09-26 06:39:48,621 [INFO] ThirdPartyModel:298 - Start build external matchings
2025-09-26 06:39:49,073 [INFO] ThirdPartyModel:316 - End build external matchings
2025-09-26 06:39:49,101 [INFO] ImportTextPane:234 - (OptionalMessage_ERROR) IP (RCC) : Invalid parameter (FamilyName)
2025-09-26 06:39:49,102 [INFO] ImportTextPane:234 - (OptionalMessage_ERROR) IP (RCC) : Parameter (SDIOFreq_Value) has invalid value (84000000)
2025-09-26 06:39:49,102 [INFO] ImportTextPane:234 - (OptionalMessage_ERROR) IP (RCC) : Parameter (USBFreq_Value) has invalid value (84000000)
2025-09-26 06:39:49,663 [INFO] ApiDb:581 - Connected to CubeFinder SQLite database (/home/tomas1908/.stmcufinder/plugins/mcufinder/mcu/cube-finder-db.db)
2025-09-26 06:39:49,756 [INFO] ApiDb:668 - CubeFinder database Data Model version=2.1
2025-09-26 06:39:49,756 [INFO] ApiDb:669 - CubeFinder database Configuration version=3.0.39
2025-09-26 06:39:49,757 [INFO] ApiDb:670 - CubeFinder database generation date=2025-07-24 (1753349077)
2025-09-26 06:39:49,757 [INFO] ApiDb:671 - CubeFinder database FW Pack versions=[FP-ATR-ASTRA1_V2.0.0, FP-SNS-FLIGHT1_V5.1.0, FP-SNS-MOTENV1_V5.0.0, FP-SNS-MOTENVWB1_V1.4.0, FP-SNS-SMARTAG2_V1.2.0, FP-SNS-STBOX1_V2.0.0, STM32Cube_FW_C0_V1.4.0, STM32Cube_FW_F4_V1.28.2, STM32Cube_FW_F7_V1.17.3, STM32Cube_FW_G0_V1.6.2, STM32Cube_FW_G4_V1.6.1, STM32Cube_FW_H5_V1.5.0, STM32Cube_FW_H7RS_V1.2.0, STM32Cube_FW_H7_V1.12.1, STM32Cube_FW_L0_V1.12.2, STM32Cube_FW_L4_V1.18.1, STM32Cube_FW_L5_V1.5.1, STM32Cube_FW_N6_V1.2.0, STM32Cube_FW_U0_V1.3.0, STM32Cube_FW_U3_V1.2.0, STM32Cube_FW_U5_V1.8.0, STM32Cube_FW_WB0_V1.3.0, STM32Cube_FW_WBA_V1.7.0, STM32Cube_FW_WB_V1.23.0, STM32Cube_FW_WL3_V1.2.0, STM32Cube_FW_WL_V1.3.1, X-CUBE-ALGOBUILD_V1.4.0, X-CUBE-ALS_V1.0.2, X-CUBE-AZRTOS-F4_V1.1.0, X-CUBE-AZRTOS-F7_V1.1.0, X-CUBE-AZRTOS-G0_V1.1.0, X-CUBE-AZRTOS-G4_V2.0.0, X-CUBE-AZRTOS-H7RS_V1.1.0, X-CUBE-AZRTOS-H7_V3.4.0, X-CUBE-AZRTOS-L4_V2.0.0, X-CUBE-AZRTOS-L5_V2.0.0, X-CUBE-AZRTOS-WB_V2.0.0, X-CUBE-AZRTOS-WL_V2.0.0, X-CUBE-BLE1_V7.1.0, X-CUBE-BLE2_V3.3.0, X-CUBE-BLEMGR_V4.1.0, X-CUBE-EEPRMA1_V5.2.0, X-CUBE-FREERTOS_V1.3.1, X-CUBE-GNSS1_V6.0.0, X-CUBE-MEMS1_V11.3.0, X-CUBE-NFC4_V3.0.0, X-CUBE-NFC7_V2.0.0, X-CUBE-SFXS2LP1_V4.0.0, X-CUBE-ST67W61_V1.0.0, X-CUBE-SUBG2_V5.0.0, X-CUBE-TOF1_V3.4.3]
2025-09-26 06:39:49,891 [INFO] DbBoardsSqlite:226 - include board P-NUCLEO-WB55-NUCLEO as a kit item of type 'Nucleo-64'
2025-09-26 06:39:49,892 [INFO] DbBoardsSqlite:226 - include board P-NUCLEO-WB55-USBDONGLE as a kit item of type 'Nucleo USB Dongle'
2025-09-26 06:39:49,893 [INFO] DbBoardsSqlite:226 - include board STEVAL-IDP005V1 as a kit item of type 'Evaluation Board'
2025-09-26 06:39:49,893 [INFO] DbBoardsSqlite:226 - include board STEVAL-IDP005V2 as a kit item of type 'Evaluation Board'
2025-09-26 06:39:50,018 [INFO] ApiDb:240 - Found 880 in-development CPN: [B-G473E-ZEST1S, B-WB1M-WPAN1, B-WBA5M-WPAN, B-WL5M-SUBG1, NUCLEO-C031C6, NUCLEO-C051C8, NUCLEO-C071RB, NUCLEO-C092RC, NUCLEO-H503RB, NUCLEO-H533RE, NUCLEO-H563ZI, NUCLEO-H7S3L8, NUCLEO-N657X0-Q, NUCLEO-U031R8, NUCLEO-U083RC, NUCLEO-U385RG-Q, NUCLEO-U545RE-Q, NUCLEO-U5A5ZJ-Q, NUCLEO-WB05KZ, NUCLEO-WB07CC, NUCLEO-WB09KE, NUCLEO-WBA52CG, NUCLEO-WBA55CG, NUCLEO-WL33CC1, NUCLEO-WL33CC2, STEVAL-PROTEUS1, STEVAL-SMARTAG2, STEVAL-STWINBX1, STM320518-EVAL, STM32C0116-DK, STM32C011D6Y3TR, STM32C011D6Y6TR, STM32C011F4P3, STM32C011F4P6, STM32C011F4U3, STM32C011F4U6TR, STM32C011F6P3, STM32C011F6P6, STM32C011F6U3, STM32C011F6U6TR, STM32C011J4M3, STM32C011J4M6, STM32C011J6M3, STM32C011J6M6, STM32C0316-DK, STM32C031C4T3, STM32C031C4T6, STM32C031C4U3, STM32C031C4U6, STM32C031C6T3, STM32C031C6T6, STM32C031C6U3, STM32C031C6U6, STM32C031F4P3, STM32C031F4P6, STM32C031F6P3, STM32C031F6P6, STM32C031G4U3, STM32C031G4U6, STM32C031G6U3, STM32C031G6U6, STM32C031K4T3, STM32C031K4T6, STM32C031K4U3, STM32C031K4U6, STM32C031K6T3, STM32C031K6T6, STM32C031K6U3, STM32C031K6U6, STM32C051C6T6, STM32C051C6U6, STM32C051C8T6, STM32C051C8U6, STM32C051D8Y6TR, STM32C051F6P6, STM32C051F8P6, STM32C051G6U6, STM32C051G8U6, STM32C051K6T6, STM32C051K6U6, STM32C051K8T6, STM32C071C8T6, STM32C071C8T6N, STM32C071C8U6, STM32C071C8U6N, STM32C071CBT6, STM32C071CBT6N, STM32C071CBU6, STM32C071CBU6N, STM32C071F8P6, STM32C071F8P6N, STM32C071FBP6, STM32C071FBP6N, STM32C071FBY6TR, STM32C071G8U6, STM32C071G8U6N, STM32C071GBU6, STM32C071GBU6N, STM32C071K8T6, STM32C071K8T6N, STM32C071K8U6, STM32C071K8U6N, STM32C071KBT6, STM32C071KBT6N, STM32C071KBU6, STM32C071KBU6N, STM32C071R8T6, STM32C071R8T6N, STM32C071RBI6N, STM32C071RBT6, STM32C071RBT6N, STM32C091CBT6, STM32C091CBU6, STM32C091CCT6, STM32C091CCU6, STM32C091ECY6TR, STM32C091FBP6, STM32C091FCP6, STM32C091GBU6, STM32C091GCU6, STM32C091KBT6, STM32C091KBU6, STM32C091KCT6, STM32C091KCU6, STM32C091RBT6, STM32C091RCI6, STM32C091RCT6, STM32C092CBT6, STM32C092CBU6, STM32C092CCT6, STM32C092CCU6, STM32C092ECY6TR, STM32C092FBP6, STM32C092FCP6, STM32C092GBU6, STM32C092GCU6, STM32C092KBT6, STM32C092KBU6, STM32C092KCT6, STM32C092KCU6, STM32C092RBT6, STM32C092RCI6, STM32C092RCT6, STM32G071K8TXN, STM32G071K8UXN, STM32G081GBU6N, STM32G081KBT6N, STM32G081KBUXN, STM32G0B1CCT6N, STM32G0B1KCT6, STM32G0B1NEY6TR, STM32G0B1RCT6N, STM32G0C1CCT6, STM32G0C1CCT6N, STM32G0C1CCU6N, STM32G0C1CET6N, STM32G0C1CEU6N, STM32G0C1KCT6, STM32G0C1NEY6TR, STM32G0C1RCI6N, STM32G0C1RCT6N, STM32G0C1REI6N, STM32G0C1RET6N, STM32G0C1VCI6, STM32G0C1VEI6, STM32G411C6T3, STM32G411C6T6, STM32G411C6U3, STM32G411C6U6, STM32G411C8T3, STM32G411C8T6, STM32G411C8U3, STM32G411C8U6, STM32G411CBT3, STM32G411CBT6, STM32G411CBU3, STM32G411CBU6, STM32G411K6T3, STM32G411K6T6, STM32G411K6U3, STM32G411K6U6, STM32G411K8T3, STM32G411K8T6, STM32G411K8U3, STM32G411K8U6, STM32G411KBT3, STM32G411KBT6, STM32G411KBU3, STM32G411KBU6, STM32G411M6T3, STM32G411M6T6, STM32G411M8T3, STM32G411M8T6, STM32G411MBT3, STM32G411MBT6, STM32G411R6T3, STM32G411R6T6, STM32G411R8T3, STM32G411R8T6, STM32G411RBT3, STM32G411RBT6, STM32G414CBT3, STM32G414CBT6, STM32G414CBU3, STM32G414CBU6, STM32G414CCT3, STM32G414CCT6, STM32G414CCU3, STM32G414CCU6, STM32G414MBT3, STM32G414MBT6, STM32G414MCT3, STM32G414MCT6, STM32G414RBT3, STM32G414RBT6, STM32G414RCT3, STM32G414RCT6, STM32G414VBT3, STM32G414VBT6, STM32G414VCT3, STM32G414VCT6, STM32G431CBT3Z, STM32G431RBT3Z, STM32G471CCT6, STM32G471CCU6, STM32G471CET3, STM32G471CET6, STM32G471CEU3, STM32G471CEU6, STM32G471MCT6, STM32G471MET3, STM32G471MET6, STM32G471MEY6TR, STM32G471QCT6, STM32G471QET3, STM32G471RCT6, STM32G471RET3, STM32G471RET6, STM32G471VCH6, STM32G471VCI6, STM32G471VCT6, STM32G471VEH3, STM32G471VEH6, STM32G471VEI3, STM32G471VEI6, STM32G471VET3, STM32G471VET6, STM32G473QET3Z, STM32G473RET3Z, STM32G474CCT6, STM32G491RET3Z, STM32H503CBT6, STM32H503CBU6, STM32H503EBY6TR, STM32H503KBU6, STM32H503RBT6, STM32H523CCT6, STM32H523CCU6, STM32H523CET6, STM32H523CEU6, STM32H523HEY6TR, STM32H523RCT6, STM32H523RET6, STM32H523VCI6, STM32H523VCT6, STM32H523VEI6, STM32H523VET6, STM32H523ZCJ6, STM32H523ZCT6, STM32H523ZEJ6, STM32H523ZET6, STM32H533CET6, STM32H533CEU6, STM32H533HEY6TR, STM32H533RET6, STM32H533VEI6, STM32H533VET6, STM32H533ZEJ6, STM32H533ZET6, STM32H562AGI6, STM32H562AII6, STM32H562IGK6, STM32H562IGT6, STM32H562IIK6, STM32H562IIT6, STM32H562RGT6, STM32H562RGV6, STM32H562RIT6, STM32H562RIV6, STM32H562VGT6, STM32H562VIT6, STM32H562ZGT6, STM32H562ZIT6, STM32H563AGI6, STM32H563AII3Q, STM32H563AII6, STM32H563IGK6, STM32H563IGT6, STM32H563IIK3Q, STM32H563IIK6, STM32H563IIT3Q, STM32H563IIT6, STM32H563MIY3QTR, STM32H563RGT6, STM32H563RGV6, STM32H563RIT6, STM32H563RIV6, STM32H563VGT6, STM32H563VIT3Q, STM32H563VIT6, STM32H563ZGT6, STM32H563ZIT3Q, STM32H563ZIT6, STM32H573AII3Q, STM32H573AII6, STM32H573I-DK, STM32H573IIK3Q, STM32H573IIK6, STM32H573IIT3Q, STM32H573IIT6, STM32H573MIY3QTR, STM32H573RIT6, STM32H573RIV6, STM32H573VIT3Q, STM32H573VIT6, STM32H573ZIT3Q, STM32H573ZIT6, STM32H7R3A8I6, STM32H7R3I8K6, STM32H7R3I8T6, STM32H7R3L8H6, STM32H7R3L8H6H, STM32H7R3R8V6, STM32H7R3V8H6, STM32H7R3V8T6, STM32H7R3V8Y6TR, STM32H7R3Z8J6, STM32H7R3Z8T6, STM32H7R7A8I6, STM32H7R7I8K6, STM32H7R7I8T6, STM32H7R7L8H6, STM32H7R7L8H6H, STM32H7R7Z8J6, STM32H7S3A8I6, STM32H7S3I8K6, STM32H7S3I8T6, STM32H7S3L8H6, STM32H7S3L8H6H, STM32H7S3R8V6, STM32H7S3V8H6, STM32H7S3V8T6, STM32H7S3V8Y6TR, STM32H7S3Z8J6, STM32H7S3Z8T6, STM32H7S78-DK, STM32H7S7A8I6, STM32H7S7I8K6, STM32H7S7I8T6, STM32H7S7L8H6, STM32H7S7L8H6H, STM32H7S7Z8J6, STM32L4R5QGI6STR, STM32MP131AAE3, STM32MP131AAF3, STM32MP131AAG3, STM32MP131CAE3, STM32MP131CAF3, STM32MP131CAG3, STM32MP131DAE7, STM32MP131DAF7, STM32MP131DAG7, STM32MP131FAE7, STM32MP131FAF7, STM32MP131FAG7, STM32MP133AAE3, STM32MP133AAF3, STM32MP133AAG3, STM32MP133CAE3, STM32MP133CAF3, STM32MP133CAG3, STM32MP133DAE7, STM32MP133DAF7, STM32MP133DAG7, STM32MP133FAE7, STM32MP133FAF7, STM32MP133FAG7, STM32MP135AAE3, STM32MP135AAF3, STM32MP135AAG3, STM32MP135CAE3, STM32MP135CAF3, STM32MP135CAG3, STM32MP135DAE7, STM32MP135DAF7, STM32MP135DAG7, STM32MP135F-DK, STM32MP135FAE7, STM32MP135FAF7, STM32MP135FAF7T, STM32MP135FAF7U, STM32MP135FAG7, STM32MP211AAL3, STM32MP211AAM3, STM32MP211AAN3, STM32MP211AAO3, STM32MP211CAL3, STM32MP211CAM3, STM32MP211CAN3, STM32MP211CAO3, STM32MP211DAL3, STM32MP211DAM3, STM32MP211DAN3, STM32MP211DAO3, STM32MP211FAL3, STM32MP211FAM3, STM32MP211FAN3, STM32MP211FAO3, STM32MP213AAL3, STM32MP213AAM3, STM32MP213AAN3, STM32MP213AAO3, STM32MP213CAL3, STM32MP213CAM3, STM32MP213CAN3, STM32MP213CAO3, STM32MP213DAL3, STM32MP213DAM3, STM32MP213DAN3, STM32MP213DAO3, STM32MP213FAL3, STM32MP213FAM3, STM32MP213FAN3, STM32MP213FAO3, STM32MP215AAL3, STM32MP215AAM3, STM32MP215AAN3, STM32MP215AAO3, STM32MP215CAL3, STM32MP215CAM3, STM32MP215CAN3, STM32MP215CAO3, STM32MP215DAL3, STM32MP215DAM3, STM32MP215DAN3, STM32MP215DAO3, STM32MP215F-DK, STM32MP215FAL3, STM32MP215FAM3, STM32MP215FAN3, STM32MP215FAO3, STM32MP231AAJ3, STM32MP231AAK3, STM32MP231AAL3, STM32MP231CAJ3, STM32MP231CAK3, STM32MP231CAL3, STM32MP231DAJ3, STM32MP231DAK3, STM32MP231DAL3, STM32MP231FAJ3, STM32MP231FAK3, STM32MP231FAL3, STM32MP233AAJ3, STM32MP233AAK3, STM32MP233AAL3, STM32MP233CAJ3, STM32MP233CAK3, STM32MP233CAL3, STM32MP233DAJ3, STM32MP233DAK3, STM32MP233DAL3, STM32MP233FAJ3, STM32MP233FAK3, STM32MP233FAL3, STM32MP235AAJ3, STM32MP235AAK3, STM32MP235AAL3, STM32MP235CAJ3, STM32MP235CAK3, STM32MP235CAL3, STM32MP235DAJ3, STM32MP235DAK3, STM32MP235DAL3, STM32MP235FAJ3, STM32MP235FAK3, STM32MP235FAL3, STM32MP251AAI3, STM32MP251AAK3, STM32MP251AAL3, STM32MP251CAI3, STM32MP251CAK3, STM32MP251CAL3, STM32MP251DAI3, STM32MP251DAK3, STM32MP251DAL3, STM32MP251FAI3, STM32MP251FAK3, STM32MP251FAL3, STM32MP253AAI3, STM32MP253AAK3, STM32MP253AAL3, STM32MP253CAI3, STM32MP253CAK3, STM32MP253CAL3, STM32MP253DAI3, STM32MP253DAK3, STM32MP253DAL3, STM32MP253FAI3, STM32MP253FAK3, STM32MP253FAL3, STM32MP255AAI3, STM32MP255AAK3, STM32MP255AAL3, STM32MP255CAI3, STM32MP255CAK3, STM32MP255CAL3, STM32MP255DAI3, STM32MP255DAK3, STM32MP255DAL3, STM32MP255FAI3, STM32MP255FAK3, STM32MP255FAL3, STM32MP257AAI3, STM32MP257AAK3, STM32MP257AAL3, STM32MP257CAI3, STM32MP257CAK3, STM32MP257CAL3, STM32MP257DAI3, STM32MP257DAK3, STM32MP257DAL3, STM32MP257F-DK, STM32MP257F-EV1, STM32MP257FAI3, STM32MP257FAK3, STM32MP257FAL3, STM32N645A0H3Q, STM32N645B0H3Q, STM32N645I0H3Q, STM32N645L0H3Q, STM32N645X0H3Q, STM32N645Z0H3Q, STM32N647A0H3Q, STM32N647B0H3Q, STM32N647I0H3Q, STM32N647L0H3Q, STM32N647X0H3Q, STM32N647Z0H3Q, STM32N655A0H3Q, STM32N655B0H3Q, STM32N655I0H3Q, STM32N655L0H3Q, STM32N655X0H3Q, STM32N655Z0H3Q, STM32N6570-DK, STM32N657A0H3Q, STM32N657B0H3Q, STM32N657I0H3Q, STM32N657L0H3Q, STM32N657X0H3Q, STM32N657Z0H3Q, STM32U031C6T6, STM32U031C6U6, STM32U031C8T6, STM32U031C8U6, STM32U031F4P6, STM32U031F6P6, STM32U031F8P6, STM32U031G6Y6TR, STM32U031G8Y6TR, STM32U031K4U6, STM32U031K6U6, STM32U031K8U6, STM32U031R6I6, STM32U031R6T6, STM32U031R8I6, STM32U031R8T6, STM32U073C8T6, STM32U073C8U6, STM32U073CBT6, STM32U073CBU6, STM32U073CCT6, STM32U073CCU6, STM32U073H8Y6TR, STM32U073HBY6TR, STM32U073HCY6TR, STM32U073K8U6, STM32U073KBU6, STM32U073KCU6, STM32U073M8I6, STM32U073M8T6, STM32U073MBI6, STM32U073MBT6, STM32U073MCI6, STM32U073MCT6, STM32U073R8I6, STM32U073R8T6, STM32U073RBI6, STM32U073RBT6, STM32U073RCI6, STM32U073RCT6, STM32U083C-DK, STM32U083CCT6, STM32U083CCU6, STM32U083HCY6TR, STM32U083KCU6, STM32U083MCI6, STM32U083MCT6, STM32U083RCI6, STM32U083RCT6, STM32U375CET6, STM32U375CET6Q, STM32U375CEU6, STM32U375CEU6Q, STM32U375CEY6QTR, STM32U375CGT6, STM32U375CGT6Q, STM32U375CGU6, STM32U375CGU6Q, STM32U375CGY6QTR, STM32U375KEU6, STM32U375KGU6, STM32U375REI6, STM32U375REI6Q, STM32U375RET6, STM32U375RET6Q, STM32U375REY6GTR, STM32U375REY6QTR, STM32U375RGI6, STM32U375RGI6Q, STM32U375RGT6, STM32U375RGT6Q, STM32U375RGY6GTR, STM32U375RGY6QTR, STM32U375VEI6, STM32U375VEI6Q, STM32U375VET6, STM32U375VET6Q, STM32U375VGI6, STM32U375VGI6Q, STM32U375VGT6, STM32U375VGT6Q, STM32U385CGT6, STM32U385CGT6Q, STM32U385CGU6, STM32U385CGU6Q, STM32U385CGY6QTR, STM32U385KGU6, STM32U385RGI6, STM32U385RGI6Q, STM32U385RGT6, STM32U385RGT6Q, STM32U385RGY6GTR, STM32U385RGY6QTR, STM32U385VGI6, STM32U385VGI6Q, STM32U385VGT6, STM32U385VGT6Q, STM32U535CBT6, STM32U535CBT6Q, STM32U535CBU6, STM32U535CBU6Q, STM32U535CCT6, STM32U535CCT6Q, STM32U535CCU6, STM32U535CCU6Q, STM32U535CET6, STM32U535CET6Q, STM32U535CEU6, STM32U535CEU6Q, STM32U535JEY6QTR, STM32U535NCY6QTR, STM32U535NEY6QTR, STM32U535RBI6, STM32U535RBI6Q, STM32U535RBT6, STM32U535RBT6Q, STM32U535RCI6, STM32U535RCI6Q, STM32U535RCT6, STM32U535RCT6Q, STM32U535REI6, STM32U535REI6Q, STM32U535RET6, STM32U535RET6Q, STM32U535VCI6, STM32U535VCI6Q, STM32U535VCT6, STM32U535VCT6Q, STM32U535VEI6, STM32U535VEI6Q, STM32U535VET6, STM32U535VET6Q, STM32U545CET6, STM32U545CET6Q, STM32U545CEU6, STM32U545CEU6Q, STM32U545JEY6QTR, STM32U545NEY6QTR, STM32U545REI6, STM32U545REI6Q, STM32U545RET6, STM32U545RET6Q, STM32U545VEI6, STM32U545VEI6Q, STM32U545VET6, STM32U545VET6Q, STM32U595AIH6, STM32U595AIH6Q, STM32U595AJH6, STM32U595AJH6Q, STM32U595QII6, STM32U595QII6Q, STM32U595QJI6, STM32U595QJI6Q, STM32U595RIT6, STM32U595RIT6Q, STM32U595RJT6, STM32U595RJT6Q, STM32U595VIT6, STM32U595VIT6Q, STM32U595VJT6, STM32U595VJT6Q, STM32U595ZIT6, STM32U595ZIT6Q, STM32U595ZIY6QTR, STM32U595ZJT6, STM32U595ZJT6Q, STM32U595ZJY6QTR, STM32U599BJY6QTR, STM32U599NIH6Q, STM32U599NJH6Q, STM32U599VIT6Q, STM32U599VJT6, STM32U599VJT6Q, STM32U599ZIT6Q, STM32U599ZIY6QTR, STM32U599ZJT6Q, STM32U599ZJY6QTR, STM32U5A5AJH6, STM32U5A5AJH6Q, STM32U5A5QII3Q , STM32U5A5QJI6, STM32U5A5QJI6Q, STM32U5A5RJT6, STM32U5A5RJT6Q, STM32U5A5VJT6, STM32U5A5VJT6Q, STM32U5A5ZJT6, STM32U5A5ZJT6Q, STM32U5A5ZJY6QTR, STM32U5A9BJY6QTR, STM32U5A9J-DK, STM32U5A9NJH6Q, STM32U5A9VJT6Q, STM32U5A9ZJT6Q, STM32U5A9ZJY6QTR, STM32U5F7VIT6, STM32U5F7VIT6Q, STM32U5F7VJT6, STM32U5F7VJT6Q, STM32U5F9BJY6QTR, STM32U5F9NJH6Q, STM32U5F9VIT6Q, STM32U5F9VJT6Q, STM32U5F9ZIJ6QTR, STM32U5F9ZIT6Q, STM32U5F9ZJJ6QTR, STM32U5F9ZJT6Q, STM32U5G7VJT6, STM32U5G7VJT6Q, STM32U5G9BJY6QTR, STM32U5G9J-DK1, STM32U5G9J-DK2, STM32U5G9NJH6Q, STM32U5G9VJT6Q, STM32U5G9ZJJ6QTR, STM32U5G9ZJT6Q, STM32WB05KZV6TR, STM32WB05KZV7TR, STM32WB05TZF6TR, STM32WB05TZF7TR, STM32WB06CCF6TR, STM32WB06CCF7TR, STM32WB06CCV6TR, STM32WB06CCV7TR, STM32WB06KCV6TR, STM32WB06KCV7TR, STM32WB07CCF6TR, STM32WB07CCF7TR, STM32WB07CCV6TR, STM32WB07CCV7TR, STM32WB07KCV6TR, STM32WB07KCV7TR, STM32WB09KEV6TR, STM32WB09KEV7TR, STM32WB09TEF6TR, STM32WB09TEF7TR, STM32WB1MMCH6, STM32WBA50KGU6, STM32WBA50KGU6TR, STM32WBA52CEU6, STM32WBA52CEU6TR, STM32WBA52CEU7, STM32WBA52CEU7TR, STM32WBA52CGU6, STM32WBA52CGU6TR, STM32WBA52CGU6U, STM32WBA52CGU7, STM32WBA52CGU7TR, STM32WBA52KEU6, STM32WBA52KEU6TR, STM32WBA52KGU6, STM32WBA52KGU6TR, STM32WBA54CEU6, STM32WBA54CEU6TR, STM32WBA54CEU7, STM32WBA54CEU7TR, STM32WBA54CGU6, STM32WBA54CGU6TR, STM32WBA54CGU7, STM32WBA54CGU7TR, STM32WBA54KEU6, STM32WBA54KEU6TR, STM32WBA54KEU7, STM32WBA54KEU7TR, STM32WBA54KGU6, STM32WBA54KGU6TR, STM32WBA54KGU7, STM32WBA54KGU7TR, STM32WBA55CEU6, STM32WBA55CEU6TR, STM32WBA55CEU7, STM32WBA55CEU7TR, STM32WBA55CGU6, STM32WBA55CGU6TR, STM32WBA55CGU6U, STM32WBA55CGU7, STM32WBA55CGU7TR, STM32WBA55G-DK1, STM32WBA55HEF6, STM32WBA55HEF7, STM32WBA55HGF6, STM32WBA55HGF7, STM32WBA55UEI6, STM32WBA55UEI6TR, STM32WBA55UEI7, STM32WBA55UEI7TR, STM32WBA55UGI6, STM32WBA55UGI6TR, STM32WBA55UGI7, STM32WBA55UGI7TR, STM32WBA5MMGH6TR, STM32WBA62MGF6, STM32WBA62MIF6, STM32WBA65MGF7, STM32WBA65MIF6, STM32WBA65MIF7, STM32WL30K8V6, STM32WL30KBV6, STM32WL31C8V6, STM32WL31CBV6, STM32WL31K8V6, STM32WL31KBV6, STM32WL33C8V6, STM32WL33C8V6X, STM32WL33CBV6, STM32WL33CBV6X, STM32WL33CCV6, STM32WL33CCV6A, STM32WL33CCV6X, STM32WL33K8V7, STM32WL33K8V7X, STM32WL33KBV7 , STM32WL33KBV7X, STM32WL33KCV7, STM32WL33KCV7X, STM32WL5MOCH6, STM32WL5MOCH6TR]
2025-09-26 06:39:50,206 [INFO] BoardInfo:889 - No configuration file found for board P-NUCLEO-WB55
2025-09-26 06:39:50,207 [INFO] DbBoards:161 - Kit is not supported: P-NUCLEO-WB55
2025-09-26 06:39:50,214 [INFO] BoardInfo:889 - No configuration file found for board STEVAL-BFA001V1B
2025-09-26 06:39:50,214 [INFO] DbBoards:161 - Kit is not supported: STEVAL-BFA001V1B
2025-09-26 06:39:50,216 [INFO] BoardInfo:889 - No configuration file found for board STEVAL-BFA001V2B
2025-09-26 06:39:50,216 [INFO] DbBoards:161 - Kit is not supported: STEVAL-BFA001V2B
2025-09-26 06:39:50,456 [INFO] DbBoards:168 - Found 212 boards, 209 are supported
2025-09-26 06:39:50,456 [INFO] DbBoards:169 - Found 212 boards, 43 of them is supported for  Bsp
2025-09-26 06:39:50,463 [INFO] ApiDb:668 - CubeFinder database Data Model version=2.1
2025-09-26 06:39:50,463 [INFO] ApiDb:669 - CubeFinder database Configuration version=3.0.39
2025-09-26 06:39:50,463 [INFO] ApiDb:670 - CubeFinder database generation date=2025-07-24 (1753349077)
2025-09-26 06:39:50,463 [INFO] ApiDb:671 - CubeFinder database FW Pack versions=[FP-ATR-ASTRA1_V2.0.0, FP-SNS-FLIGHT1_V5.1.0, FP-SNS-MOTENV1_V5.0.0, FP-SNS-MOTENVWB1_V1.4.0, FP-SNS-SMARTAG2_V1.2.0, FP-SNS-STBOX1_V2.0.0, STM32Cube_FW_C0_V1.4.0, STM32Cube_FW_F4_V1.28.2, STM32Cube_FW_F7_V1.17.3, STM32Cube_FW_G0_V1.6.2, STM32Cube_FW_G4_V1.6.1, STM32Cube_FW_H5_V1.5.0, STM32Cube_FW_H7RS_V1.2.0, STM32Cube_FW_H7_V1.12.1, STM32Cube_FW_L0_V1.12.2, STM32Cube_FW_L4_V1.18.1, STM32Cube_FW_L5_V1.5.1, STM32Cube_FW_N6_V1.2.0, STM32Cube_FW_U0_V1.3.0, STM32Cube_FW_U3_V1.2.0, STM32Cube_FW_U5_V1.8.0, STM32Cube_FW_WB0_V1.3.0, STM32Cube_FW_WBA_V1.7.0, STM32Cube_FW_WB_V1.23.0, STM32Cube_FW_WL3_V1.2.0, STM32Cube_FW_WL_V1.3.1, X-CUBE-ALGOBUILD_V1.4.0, X-CUBE-ALS_V1.0.2, X-CUBE-AZRTOS-F4_V1.1.0, X-CUBE-AZRTOS-F7_V1.1.0, X-CUBE-AZRTOS-G0_V1.1.0, X-CUBE-AZRTOS-G4_V2.0.0, X-CUBE-AZRTOS-H7RS_V1.1.0, X-CUBE-AZRTOS-H7_V3.4.0, X-CUBE-AZRTOS-L4_V2.0.0, X-CUBE-AZRTOS-L5_V2.0.0, X-CUBE-AZRTOS-WB_V2.0.0, X-CUBE-AZRTOS-WL_V2.0.0, X-CUBE-BLE1_V7.1.0, X-CUBE-BLE2_V3.3.0, X-CUBE-BLEMGR_V4.1.0, X-CUBE-EEPRMA1_V5.2.0, X-CUBE-FREERTOS_V1.3.1, X-CUBE-GNSS1_V6.0.0, X-CUBE-MEMS1_V11.3.0, X-CUBE-NFC4_V3.0.0, X-CUBE-NFC7_V2.0.0, X-CUBE-SFXS2LP1_V4.0.0, X-CUBE-ST67W61_V1.0.0, X-CUBE-SUBG2_V5.0.0, X-CUBE-TOF1_V3.4.3]
2025-09-26 06:39:55,653 [INFO] ApiDb:240 - Found 880 in-development CPN: [B-G473E-ZEST1S, B-WB1M-WPAN1, B-WBA5M-WPAN, B-WL5M-SUBG1, NUCLEO-C031C6, NUCLEO-C051C8, NUCLEO-C071RB, NUCLEO-C092RC, NUCLEO-H503RB, NUCLEO-H533RE, NUCLEO-H563ZI, NUCLEO-H7S3L8, NUCLEO-N657X0-Q, NUCLEO-U031R8, NUCLEO-U083RC, NUCLEO-U385RG-Q, NUCLEO-U545RE-Q, NUCLEO-U5A5ZJ-Q, NUCLEO-WB05KZ, NUCLEO-WB07CC, NUCLEO-WB09KE, NUCLEO-WBA52CG, NUCLEO-WBA55CG, NUCLEO-WL33CC1, NUCLEO-WL33CC2, STEVAL-PROTEUS1, STEVAL-SMARTAG2, STEVAL-STWINBX1, STM320518-EVAL, STM32C0116-DK, STM32C011D6Y3TR, STM32C011D6Y6TR, STM32C011F4P3, STM32C011F4P6, STM32C011F4U3, STM32C011F4U6TR, STM32C011F6P3, STM32C011F6P6, STM32C011F6U3, STM32C011F6U6TR, STM32C011J4M3, STM32C011J4M6, STM32C011J6M3, STM32C011J6M6, STM32C0316-DK, STM32C031C4T3, STM32C031C4T6, STM32C031C4U3, STM32C031C4U6, STM32C031C6T3, STM32C031C6T6, STM32C031C6U3, STM32C031C6U6, STM32C031F4P3, STM32C031F4P6, STM32C031F6P3, STM32C031F6P6, STM32C031G4U3, STM32C031G4U6, STM32C031G6U3, STM32C031G6U6, STM32C031K4T3, STM32C031K4T6, STM32C031K4U3, STM32C031K4U6, STM32C031K6T3, STM32C031K6T6, STM32C031K6U3, STM32C031K6U6, STM32C051C6T6, STM32C051C6U6, STM32C051C8T6, STM32C051C8U6, STM32C051D8Y6TR, STM32C051F6P6, STM32C051F8P6, STM32C051G6U6, STM32C051G8U6, STM32C051K6T6, STM32C051K6U6, STM32C051K8T6, STM32C071C8T6, STM32C071C8T6N, STM32C071C8U6, STM32C071C8U6N, STM32C071CBT6, STM32C071CBT6N, STM32C071CBU6, STM32C071CBU6N, STM32C071F8P6, STM32C071F8P6N, STM32C071FBP6, STM32C071FBP6N, STM32C071FBY6TR, STM32C071G8U6, STM32C071G8U6N, STM32C071GBU6, STM32C071GBU6N, STM32C071K8T6, STM32C071K8T6N, STM32C071K8U6, STM32C071K8U6N, STM32C071KBT6, STM32C071KBT6N, STM32C071KBU6, STM32C071KBU6N, STM32C071R8T6, STM32C071R8T6N, STM32C071RBI6N, STM32C071RBT6, STM32C071RBT6N, STM32C091CBT6, STM32C091CBU6, STM32C091CCT6, STM32C091CCU6, STM32C091ECY6TR, STM32C091FBP6, STM32C091FCP6, STM32C091GBU6, STM32C091GCU6, STM32C091KBT6, STM32C091KBU6, STM32C091KCT6, STM32C091KCU6, STM32C091RBT6, STM32C091RCI6, STM32C091RCT6, STM32C092CBT6, STM32C092CBU6, STM32C092CCT6, STM32C092CCU6, STM32C092ECY6TR, STM32C092FBP6, STM32C092FCP6, STM32C092GBU6, STM32C092GCU6, STM32C092KBT6, STM32C092KBU6, STM32C092KCT6, STM32C092KCU6, STM32C092RBT6, STM32C092RCI6, STM32C092RCT6, STM32G071K8TXN, STM32G071K8UXN, STM32G081GBU6N, STM32G081KBT6N, STM32G081KBUXN, STM32G0B1CCT6N, STM32G0B1KCT6, STM32G0B1NEY6TR, STM32G0B1RCT6N, STM32G0C1CCT6, STM32G0C1CCT6N, STM32G0C1CCU6N, STM32G0C1CET6N, STM32G0C1CEU6N, STM32G0C1KCT6, STM32G0C1NEY6TR, STM32G0C1RCI6N, STM32G0C1RCT6N, STM32G0C1REI6N, STM32G0C1RET6N, STM32G0C1VCI6, STM32G0C1VEI6, STM32G411C6T3, STM32G411C6T6, STM32G411C6U3, STM32G411C6U6, STM32G411C8T3, STM32G411C8T6, STM32G411C8U3, STM32G411C8U6, STM32G411CBT3, STM32G411CBT6, STM32G411CBU3, STM32G411CBU6, STM32G411K6T3, STM32G411K6T6, STM32G411K6U3, STM32G411K6U6, STM32G411K8T3, STM32G411K8T6, STM32G411K8U3, STM32G411K8U6, STM32G411KBT3, STM32G411KBT6, STM32G411KBU3, STM32G411KBU6, STM32G411M6T3, STM32G411M6T6, STM32G411M8T3, STM32G411M8T6, STM32G411MBT3, STM32G411MBT6, STM32G411R6T3, STM32G411R6T6, STM32G411R8T3, STM32G411R8T6, STM32G411RBT3, STM32G411RBT6, STM32G414CBT3, STM32G414CBT6, STM32G414CBU3, STM32G414CBU6, STM32G414CCT3, STM32G414CCT6, STM32G414CCU3, STM32G414CCU6, STM32G414MBT3, STM32G414MBT6, STM32G414MCT3, STM32G414MCT6, STM32G414RBT3, STM32G414RBT6, STM32G414RCT3, STM32G414RCT6, STM32G414VBT3, STM32G414VBT6, STM32G414VCT3, STM32G414VCT6, STM32G431CBT3Z, STM32G431RBT3Z, STM32G471CCT6, STM32G471CCU6, STM32G471CET3, STM32G471CET6, STM32G471CEU3, STM32G471CEU6, STM32G471MCT6, STM32G471MET3, STM32G471MET6, STM32G471MEY6TR, STM32G471QCT6, STM32G471QET3, STM32G471RCT6, STM32G471RET3, STM32G471RET6, STM32G471VCH6, STM32G471VCI6, STM32G471VCT6, STM32G471VEH3, STM32G471VEH6, STM32G471VEI3, STM32G471VEI6, STM32G471VET3, STM32G471VET6, STM32G473QET3Z, STM32G473RET3Z, STM32G474CCT6, STM32G491RET3Z, STM32H503CBT6, STM32H503CBU6, STM32H503EBY6TR, STM32H503KBU6, STM32H503RBT6, STM32H523CCT6, STM32H523CCU6, STM32H523CET6, STM32H523CEU6, STM32H523HEY6TR, STM32H523RCT6, STM32H523RET6, STM32H523VCI6, STM32H523VCT6, STM32H523VEI6, STM32H523VET6, STM32H523ZCJ6, STM32H523ZCT6, STM32H523ZEJ6, STM32H523ZET6, STM32H533CET6, STM32H533CEU6, STM32H533HEY6TR, STM32H533RET6, STM32H533VEI6, STM32H533VET6, STM32H533ZEJ6, STM32H533ZET6, STM32H562AGI6, STM32H562AII6, STM32H562IGK6, STM32H562IGT6, STM32H562IIK6, STM32H562IIT6, STM32H562RGT6, STM32H562RGV6, STM32H562RIT6, STM32H562RIV6, STM32H562VGT6, STM32H562VIT6, STM32H562ZGT6, STM32H562ZIT6, STM32H563AGI6, STM32H563AII3Q, STM32H563AII6, STM32H563IGK6, STM32H563IGT6, STM32H563IIK3Q, STM32H563IIK6, STM32H563IIT3Q, STM32H563IIT6, STM32H563MIY3QTR, STM32H563RGT6, STM32H563RGV6, STM32H563RIT6, STM32H563RIV6, STM32H563VGT6, STM32H563VIT3Q, STM32H563VIT6, STM32H563ZGT6, STM32H563ZIT3Q, STM32H563ZIT6, STM32H573AII3Q, STM32H573AII6, STM32H573I-DK, STM32H573IIK3Q, STM32H573IIK6, STM32H573IIT3Q, STM32H573IIT6, STM32H573MIY3QTR, STM32H573RIT6, STM32H573RIV6, STM32H573VIT3Q, STM32H573VIT6, STM32H573ZIT3Q, STM32H573ZIT6, STM32H7R3A8I6, STM32H7R3I8K6, STM32H7R3I8T6, STM32H7R3L8H6, STM32H7R3L8H6H, STM32H7R3R8V6, STM32H7R3V8H6, STM32H7R3V8T6, STM32H7R3V8Y6TR, STM32H7R3Z8J6, STM32H7R3Z8T6, STM32H7R7A8I6, STM32H7R7I8K6, STM32H7R7I8T6, STM32H7R7L8H6, STM32H7R7L8H6H, STM32H7R7Z8J6, STM32H7S3A8I6, STM32H7S3I8K6, STM32H7S3I8T6, STM32H7S3L8H6, STM32H7S3L8H6H, STM32H7S3R8V6, STM32H7S3V8H6, STM32H7S3V8T6, STM32H7S3V8Y6TR, STM32H7S3Z8J6, STM32H7S3Z8T6, STM32H7S78-DK, STM32H7S7A8I6, STM32H7S7I8K6, STM32H7S7I8T6, STM32H7S7L8H6, STM32H7S7L8H6H, STM32H7S7Z8J6, STM32L4R5QGI6STR, STM32MP131AAE3, STM32MP131AAF3, STM32MP131AAG3, STM32MP131CAE3, STM32MP131CAF3, STM32MP131CAG3, STM32MP131DAE7, STM32MP131DAF7, STM32MP131DAG7, STM32MP131FAE7, STM32MP131FAF7, STM32MP131FAG7, STM32MP133AAE3, STM32MP133AAF3, STM32MP133AAG3, STM32MP133CAE3, STM32MP133CAF3, STM32MP133CAG3, STM32MP133DAE7, STM32MP133DAF7, STM32MP133DAG7, STM32MP133FAE7, STM32MP133FAF7, STM32MP133FAG7, STM32MP135AAE3, STM32MP135AAF3, STM32MP135AAG3, STM32MP135CAE3, STM32MP135CAF3, STM32MP135CAG3, STM32MP135DAE7, STM32MP135DAF7, STM32MP135DAG7, STM32MP135F-DK, STM32MP135FAE7, STM32MP135FAF7, STM32MP135FAF7T, STM32MP135FAF7U, STM32MP135FAG7, STM32MP211AAL3, STM32MP211AAM3, STM32MP211AAN3, STM32MP211AAO3, STM32MP211CAL3, STM32MP211CAM3, STM32MP211CAN3, STM32MP211CAO3, STM32MP211DAL3, STM32MP211DAM3, STM32MP211DAN3, STM32MP211DAO3, STM32MP211FAL3, STM32MP211FAM3, STM32MP211FAN3, STM32MP211FAO3, STM32MP213AAL3, STM32MP213AAM3, STM32MP213AAN3, STM32MP213AAO3, STM32MP213CAL3, STM32MP213CAM3, STM32MP213CAN3, STM32MP213CAO3, STM32MP213DAL3, STM32MP213DAM3, STM32MP213DAN3, STM32MP213DAO3, STM32MP213FAL3, STM32MP213FAM3, STM32MP213FAN3, STM32MP213FAO3, STM32MP215AAL3, STM32MP215AAM3, STM32MP215AAN3, STM32MP215AAO3, STM32MP215CAL3, STM32MP215CAM3, STM32MP215CAN3, STM32MP215CAO3, STM32MP215DAL3, STM32MP215DAM3, STM32MP215DAN3, STM32MP215DAO3, STM32MP215F-DK, STM32MP215FAL3, STM32MP215FAM3, STM32MP215FAN3, STM32MP215FAO3, STM32MP231AAJ3, STM32MP231AAK3, STM32MP231AAL3, STM32MP231CAJ3, STM32MP231CAK3, STM32MP231CAL3, STM32MP231DAJ3, STM32MP231DAK3, STM32MP231DAL3, STM32MP231FAJ3, STM32MP231FAK3, STM32MP231FAL3, STM32MP233AAJ3, STM32MP233AAK3, STM32MP233AAL3, STM32MP233CAJ3, STM32MP233CAK3, STM32MP233CAL3, STM32MP233DAJ3, STM32MP233DAK3, STM32MP233DAL3, STM32MP233FAJ3, STM32MP233FAK3, STM32MP233FAL3, STM32MP235AAJ3, STM32MP235AAK3, STM32MP235AAL3, STM32MP235CAJ3, STM32MP235CAK3, STM32MP235CAL3, STM32MP235DAJ3, STM32MP235DAK3, STM32MP235DAL3, STM32MP235FAJ3, STM32MP235FAK3, STM32MP235FAL3, STM32MP251AAI3, STM32MP251AAK3, STM32MP251AAL3, STM32MP251CAI3, STM32MP251CAK3, STM32MP251CAL3, STM32MP251DAI3, STM32MP251DAK3, STM32MP251DAL3, STM32MP251FAI3, STM32MP251FAK3, STM32MP251FAL3, STM32MP253AAI3, STM32MP253AAK3, STM32MP253AAL3, STM32MP253CAI3, STM32MP253CAK3, STM32MP253CAL3, STM32MP253DAI3, STM32MP253DAK3, STM32MP253DAL3, STM32MP253FAI3, STM32MP253FAK3, STM32MP253FAL3, STM32MP255AAI3, STM32MP255AAK3, STM32MP255AAL3, STM32MP255CAI3, STM32MP255CAK3, STM32MP255CAL3, STM32MP255DAI3, STM32MP255DAK3, STM32MP255DAL3, STM32MP255FAI3, STM32MP255FAK3, STM32MP255FAL3, STM32MP257AAI3, STM32MP257AAK3, STM32MP257AAL3, STM32MP257CAI3, STM32MP257CAK3, STM32MP257CAL3, STM32MP257DAI3, STM32MP257DAK3, STM32MP257DAL3, STM32MP257F-DK, STM32MP257F-EV1, STM32MP257FAI3, STM32MP257FAK3, STM32MP257FAL3, STM32N645A0H3Q, STM32N645B0H3Q, STM32N645I0H3Q, STM32N645L0H3Q, STM32N645X0H3Q, STM32N645Z0H3Q, STM32N647A0H3Q, STM32N647B0H3Q, STM32N647I0H3Q, STM32N647L0H3Q, STM32N647X0H3Q, STM32N647Z0H3Q, STM32N655A0H3Q, STM32N655B0H3Q, STM32N655I0H3Q, STM32N655L0H3Q, STM32N655X0H3Q, STM32N655Z0H3Q, STM32N6570-DK, STM32N657A0H3Q, STM32N657B0H3Q, STM32N657I0H3Q, STM32N657L0H3Q, STM32N657X0H3Q, STM32N657Z0H3Q, STM32U031C6T6, STM32U031C6U6, STM32U031C8T6, STM32U031C8U6, STM32U031F4P6, STM32U031F6P6, STM32U031F8P6, STM32U031G6Y6TR, STM32U031G8Y6TR, STM32U031K4U6, STM32U031K6U6, STM32U031K8U6, STM32U031R6I6, STM32U031R6T6, STM32U031R8I6, STM32U031R8T6, STM32U073C8T6, STM32U073C8U6, STM32U073CBT6, STM32U073CBU6, STM32U073CCT6, STM32U073CCU6, STM32U073H8Y6TR, STM32U073HBY6TR, STM32U073HCY6TR, STM32U073K8U6, STM32U073KBU6, STM32U073KCU6, STM32U073M8I6, STM32U073M8T6, STM32U073MBI6, STM32U073MBT6, STM32U073MCI6, STM32U073MCT6, STM32U073R8I6, STM32U073R8T6, STM32U073RBI6, STM32U073RBT6, STM32U073RCI6, STM32U073RCT6, STM32U083C-DK, STM32U083CCT6, STM32U083CCU6, STM32U083HCY6TR, STM32U083KCU6, STM32U083MCI6, STM32U083MCT6, STM32U083RCI6, STM32U083RCT6, STM32U375CET6, STM32U375CET6Q, STM32U375CEU6, STM32U375CEU6Q, STM32U375CEY6QTR, STM32U375CGT6, STM32U375CGT6Q, STM32U375CGU6, STM32U375CGU6Q, STM32U375CGY6QTR, STM32U375KEU6, STM32U375KGU6, STM32U375REI6, STM32U375REI6Q, STM32U375RET6, STM32U375RET6Q, STM32U375REY6GTR, STM32U375REY6QTR, STM32U375RGI6, STM32U375RGI6Q, STM32U375RGT6, STM32U375RGT6Q, STM32U375RGY6GTR, STM32U375RGY6QTR, STM32U375VEI6, STM32U375VEI6Q, STM32U375VET6, STM32U375VET6Q, STM32U375VGI6, STM32U375VGI6Q, STM32U375VGT6, STM32U375VGT6Q, STM32U385CGT6, STM32U385CGT6Q, STM32U385CGU6, STM32U385CGU6Q, STM32U385CGY6QTR, STM32U385KGU6, STM32U385RGI6, STM32U385RGI6Q, STM32U385RGT6, STM32U385RGT6Q, STM32U385RGY6GTR, STM32U385RGY6QTR, STM32U385VGI6, STM32U385VGI6Q, STM32U385VGT6, STM32U385VGT6Q, STM32U535CBT6, STM32U535CBT6Q, STM32U535CBU6, STM32U535CBU6Q, STM32U535CCT6, STM32U535CCT6Q, STM32U535CCU6, STM32U535CCU6Q, STM32U535CET6, STM32U535CET6Q, STM32U535CEU6, STM32U535CEU6Q, STM32U535JEY6QTR, STM32U535NCY6QTR, STM32U535NEY6QTR, STM32U535RBI6, STM32U535RBI6Q, STM32U535RBT6, STM32U535RBT6Q, STM32U535RCI6, STM32U535RCI6Q, STM32U535RCT6, STM32U535RCT6Q, STM32U535REI6, STM32U535REI6Q, STM32U535RET6, STM32U535RET6Q, STM32U535VCI6, STM32U535VCI6Q, STM32U535VCT6, STM32U535VCT6Q, STM32U535VEI6, STM32U535VEI6Q, STM32U535VET6, STM32U535VET6Q, STM32U545CET6, STM32U545CET6Q, STM32U545CEU6, STM32U545CEU6Q, STM32U545JEY6QTR, STM32U545NEY6QTR, STM32U545REI6, STM32U545REI6Q, STM32U545RET6, STM32U545RET6Q, STM32U545VEI6, STM32U545VEI6Q, STM32U545VET6, STM32U545VET6Q, STM32U595AIH6, STM32U595AIH6Q, STM32U595AJH6, STM32U595AJH6Q, STM32U595QII6, STM32U595QII6Q, STM32U595QJI6, STM32U595QJI6Q, STM32U595RIT6, STM32U595RIT6Q, STM32U595RJT6, STM32U595RJT6Q, STM32U595VIT6, STM32U595VIT6Q, STM32U595VJT6, STM32U595VJT6Q, STM32U595ZIT6, STM32U595ZIT6Q, STM32U595ZIY6QTR, STM32U595ZJT6, STM32U595ZJT6Q, STM32U595ZJY6QTR, STM32U599BJY6QTR, STM32U599NIH6Q, STM32U599NJH6Q, STM32U599VIT6Q, STM32U599VJT6, STM32U599VJT6Q, STM32U599ZIT6Q, STM32U599ZIY6QTR, STM32U599ZJT6Q, STM32U599ZJY6QTR, STM32U5A5AJH6, STM32U5A5AJH6Q, STM32U5A5QII3Q , STM32U5A5QJI6, STM32U5A5QJI6Q, STM32U5A5RJT6, STM32U5A5RJT6Q, STM32U5A5VJT6, STM32U5A5VJT6Q, STM32U5A5ZJT6, STM32U5A5ZJT6Q, STM32U5A5ZJY6QTR, STM32U5A9BJY6QTR, STM32U5A9J-DK, STM32U5A9NJH6Q, STM32U5A9VJT6Q, STM32U5A9ZJT6Q, STM32U5A9ZJY6QTR, STM32U5F7VIT6, STM32U5F7VIT6Q, STM32U5F7VJT6, STM32U5F7VJT6Q, STM32U5F9BJY6QTR, STM32U5F9NJH6Q, STM32U5F9VIT6Q, STM32U5F9VJT6Q, STM32U5F9ZIJ6QTR, STM32U5F9ZIT6Q, STM32U5F9ZJJ6QTR, STM32U5F9ZJT6Q, STM32U5G7VJT6, STM32U5G7VJT6Q, STM32U5G9BJY6QTR, STM32U5G9J-DK1, STM32U5G9J-DK2, STM32U5G9NJH6Q, STM32U5G9VJT6Q, STM32U5G9ZJJ6QTR, STM32U5G9ZJT6Q, STM32WB05KZV6TR, STM32WB05KZV7TR, STM32WB05TZF6TR, STM32WB05TZF7TR, STM32WB06CCF6TR, STM32WB06CCF7TR, STM32WB06CCV6TR, STM32WB06CCV7TR, STM32WB06KCV6TR, STM32WB06KCV7TR, STM32WB07CCF6TR, STM32WB07CCF7TR, STM32WB07CCV6TR, STM32WB07CCV7TR, STM32WB07KCV6TR, STM32WB07KCV7TR, STM32WB09KEV6TR, STM32WB09KEV7TR, STM32WB09TEF6TR, STM32WB09TEF7TR, STM32WB1MMCH6, STM32WBA50KGU6, STM32WBA50KGU6TR, STM32WBA52CEU6, STM32WBA52CEU6TR, STM32WBA52CEU7, STM32WBA52CEU7TR, STM32WBA52CGU6, STM32WBA52CGU6TR, STM32WBA52CGU6U, STM32WBA52CGU7, STM32WBA52CGU7TR, STM32WBA52KEU6, STM32WBA52KEU6TR, STM32WBA52KGU6, STM32WBA52KGU6TR, STM32WBA54CEU6, STM32WBA54CEU6TR, STM32WBA54CEU7, STM32WBA54CEU7TR, STM32WBA54CGU6, STM32WBA54CGU6TR, STM32WBA54CGU7, STM32WBA54CGU7TR, STM32WBA54KEU6, STM32WBA54KEU6TR, STM32WBA54KEU7, STM32WBA54KEU7TR, STM32WBA54KGU6, STM32WBA54KGU6TR, STM32WBA54KGU7, STM32WBA54KGU7TR, STM32WBA55CEU6, STM32WBA55CEU6TR, STM32WBA55CEU7, STM32WBA55CEU7TR, STM32WBA55CGU6, STM32WBA55CGU6TR, STM32WBA55CGU6U, STM32WBA55CGU7, STM32WBA55CGU7TR, STM32WBA55G-DK1, STM32WBA55HEF6, STM32WBA55HEF7, STM32WBA55HGF6, STM32WBA55HGF7, STM32WBA55UEI6, STM32WBA55UEI6TR, STM32WBA55UEI7, STM32WBA55UEI7TR, STM32WBA55UGI6, STM32WBA55UGI6TR, STM32WBA55UGI7, STM32WBA55UGI7TR, STM32WBA5MMGH6TR, STM32WBA62MGF6, STM32WBA62MIF6, STM32WBA65MGF7, STM32WBA65MIF6, STM32WBA65MIF7, STM32WL30K8V6, STM32WL30KBV6, STM32WL31C8V6, STM32WL31CBV6, STM32WL31K8V6, STM32WL31KBV6, STM32WL33C8V6, STM32WL33C8V6X, STM32WL33CBV6, STM32WL33CBV6X, STM32WL33CCV6, STM32WL33CCV6A, STM32WL33CCV6X, STM32WL33K8V7, STM32WL33K8V7X, STM32WL33KBV7 , STM32WL33KBV7X, STM32WL33KCV7, STM32WL33KCV7X, STM32WL5MOCH6, STM32WL5MOCH6TR]
2025-09-26 06:39:55,662 [INFO] DbMcus:218 - Found 4801 MCUs, 4801 are supported
2025-09-26 06:39:55,674 [INFO] ApiDb:423 - Load user favorites file /home/tomas1908/.stm32cubeide/favorites.mcus.txt: 2 item(s)
2025-09-26 06:39:55,674 [INFO] ApiDb:427 - User favorites MCUs=[STM32F103C8T6, STM32F446RET6]
2025-09-26 06:39:55,674 [INFO] DbMcus:224 - Set 2 / 2 favorites MCUs
2025-09-26 06:39:56,563 [INFO] ApiDb:414 - User favorites file not found: /home/tomas1908/.stm32cubeide/favorites.boards.txt
2025-09-26 06:39:56,564 [INFO] DbBoards:198 - Set 0 / 0 favorites Boards
2025-09-26 06:39:56,628 [INFO] UtilMem:75 - End LoadConfig() Used Memory: 726523160 Bytes (1073741824)
2025-09-26 06:39:56,872 [WARN] ThirdParty:833 - waiting for thirdparty lock release [change project]
2025-09-26 06:39:56,873 [INFO] ThirdParty:835 - entering critical section [change project]
2025-09-26 06:39:56,873 [INFO] ThirdParty:1030 - CMSIS Pack Vendor :STMicroelectronics X-CUBE-PM33A1 1.0.0
2025-09-26 06:39:56,874 [INFO] ThirdParty:1030 - CMSIS Pack Vendor :STMicroelectronics USBPD 4.1
2025-09-26 06:39:56,874 [INFO] ThirdParty:1030 - CMSIS Pack Vendor :STMicroelectronics X-CUBE-NFC9 1.0.0
2025-09-26 06:39:56,874 [INFO] ThirdParty:1030 - CMSIS Pack Vendor :STMicroelectronics USB_HOST 2.0.0
2025-09-26 06:39:56,874 [INFO] ThirdParty:1030 - CMSIS Pack Vendor :STMicroelectronics FP-SNS-MOTENVWB1 1.4.0
2025-09-26 06:39:56,874 [INFO] ThirdParty:1030 - CMSIS Pack Vendor :STMicroelectronics X-CUBE-AZRTOS-F4 1.1.0
2025-09-26 06:39:56,874 [INFO] ThirdParty:1030 - CMSIS Pack Vendor :STMicroelectronics LIBJPEG 8.0.0
2025-09-26 06:39:56,875 [INFO] ThirdParty:1030 - CMSIS Pack Vendor :STMicroelectronics FP-ATR-ASTRA1 2.0.2
2025-09-26 06:39:56,875 [INFO] ThirdParty:1030 - CMSIS Pack Vendor :STMicroelectronics X-CUBE-BLE1 7.1.0
2025-09-26 06:39:56,875 [INFO] ThirdParty:1030 - CMSIS Pack Vendor :Avnet-IotConnect X-CUBE-IoTC-DA16k-PMOD 1.0.0
2025-09-26 06:39:56,875 [INFO] ThirdParty:1030 - CMSIS Pack Vendor :STMicroelectronics X-CUBE-SMBUS 2.1.0
2025-09-26 06:39:56,875 [INFO] ThirdParty:1030 - CMSIS Pack Vendor :STMicroelectronics USB_DEVICE 3.0.0
2025-09-26 06:39:56,875 [INFO] ThirdParty:1030 - CMSIS Pack Vendor :STMicroelectronics X-CUBE-ISPU 2.1.0
2025-09-26 06:39:56,875 [INFO] ThirdParty:1030 - CMSIS Pack Vendor :STMicroelectronics X-CUBE-AZRTOS-WB 2.0.0
2025-09-26 06:39:56,875 [INFO] ThirdParty:1030 - CMSIS Pack Vendor :STMicroelectronics X-CUBE-ST60 1.0.0
2025-09-26 06:39:56,875 [INFO] ThirdParty:1030 - CMSIS Pack Vendor :STMicroelectronics X-CUBE-GNSS1 7.0.1
2025-09-26 06:39:56,875 [INFO] ThirdParty:1030 - CMSIS Pack Vendor :STMicroelectronics X-CUBE-AZRTOS-F7 1.1.0
2025-09-26 06:39:56,875 [INFO] ThirdParty:1030 - CMSIS Pack Vendor :STMicroelectronics X-CUBE-AZRTOS-L5 2.0.0
2025-09-26 06:39:56,875 [INFO] ThirdParty:1030 - CMSIS Pack Vendor :STMicroelectronics X-CUBE-TOUCHGFX 4.25.0
2025-09-26 06:39:56,875 [INFO] ThirdParty:1030 - CMSIS Pack Vendor :STMicroelectronics USB_DEVICE 2.0.0
2025-09-26 06:39:56,876 [INFO] ThirdParty:1030 - CMSIS Pack Vendor :STMicroelectronics X-CUBE-NFC6 3.1.0
2025-09-26 06:39:56,876 [INFO] ThirdParty:1030 - CMSIS Pack Vendor :Cesanta I-CUBE-Mongoose 7.19.0
2025-09-26 06:39:56,876 [INFO] ThirdParty:1030 - CMSIS Pack Vendor :quantropi X-CUBE-qispace-sdk-base 2.1.0
2025-09-26 06:39:56,876 [INFO] ThirdParty:1030 - CMSIS Pack Vendor :STMicroelectronics FreeRTOS 0.0.1
2025-09-26 06:39:56,876 [INFO] ThirdParty:1030 - CMSIS Pack Vendor :STMicroelectronics X-CUBE-AZRTOS-G0 1.1.0
2025-09-26 06:39:56,876 [INFO] ThirdParty:1030 - CMSIS Pack Vendor :STMicroelectronics X-CUBE-SAFEA1 1.2.2
2025-09-26 06:39:56,876 [INFO] ThirdParty:1030 - CMSIS Pack Vendor :STMicroelectronics X-CUBE-NFC4 3.0.0
2025-09-26 06:39:56,876 [INFO] ThirdParty:1030 - CMSIS Pack Vendor :STMicroelectronics X-CUBE-SUBG2 5.0.0
2025-09-26 06:39:56,876 [INFO] ThirdParty:1030 - CMSIS Pack Vendor :STMicroelectronics X-CUBE-AZRTOS-H7RS 1.1.0
2025-09-26 06:39:56,876 [INFO] ThirdParty:1030 - CMSIS Pack Vendor :STMicroelectronics STM32_WPAN 1.0.0
2025-09-26 06:39:56,876 [INFO] ThirdParty:1030 - CMSIS Pack Vendor :EmbeddedOffice I-CUBE-FS-RTOS 1.0.1
2025-09-26 06:39:56,876 [INFO] ThirdParty:1030 - CMSIS Pack Vendor :STMicroelectronics lwIP 2.0.3
2025-09-26 06:39:56,876 [INFO] ThirdParty:1030 - CMSIS Pack Vendor :WES I-CUBE-Cesium 1.4.0
2025-09-26 06:39:56,876 [INFO] ThirdParty:1030 - CMSIS Pack Vendor :STMicroelectronics USB_HOST 1.0.0
2025-09-26 06:39:56,876 [INFO] ThirdParty:1030 - CMSIS Pack Vendor :Infineon AIROC-Wi-Fi-Bluetooth-STM32 1.7.1
2025-09-26 06:39:56,877 [INFO] ThirdParty:1030 - CMSIS Pack Vendor :STMicroelectronics X-CUBE-AZRTOS-G4 2.0.0
2025-09-26 06:39:56,877 [INFO] ThirdParty:1030 - CMSIS Pack Vendor :STMicroelectronics X-CUBE-WB05N 2.0.0
2025-09-26 06:39:56,877 [INFO] ThirdParty:1030 - CMSIS Pack Vendor :STMicroelectronics PDM2PCM 3.1.0
2025-09-26 06:39:56,877 [INFO] ThirdParty:1030 - CMSIS Pack Vendor :STMicroelectronics PDM2PCM 3.3.0
2025-09-26 06:39:56,877 [INFO] ThirdParty:1030 - CMSIS Pack Vendor :STMicroelectronics X-CUBE-DISPLAY 3.0.0
2025-09-26 06:39:56,877 [INFO] ThirdParty:1030 - CMSIS Pack Vendor :wolfSSL I-CUBE-wolfSSH 1.4.20
2025-09-26 06:39:56,877 [INFO] ThirdParty:1030 - CMSIS Pack Vendor :STMicroelectronics X-CUBE-NFC7 2.0.0
2025-09-26 06:39:56,877 [INFO] ThirdParty:1030 - CMSIS Pack Vendor :STMicroelectronics X-CUBE-TCPP 4.2.0
2025-09-26 06:39:56,877 [INFO] ThirdParty:1030 - CMSIS Pack Vendor :RealThread X-CUBE-RT-Thread_Nano 4.1.1
2025-09-26 06:39:56,877 [INFO] ThirdParty:1030 - CMSIS Pack Vendor :STMicroelectronics FP-ATR-SIGFOX1 3.2.0
2025-09-26 06:39:56,877 [INFO] ThirdParty:1030 - CMSIS Pack Vendor :STMicroelectronics X-CUBE-NFC10 1.0.0
2025-09-26 06:39:56,877 [INFO] ThirdParty:1030 - CMSIS Pack Vendor :STMicroelectronics X-CUBE-FREERTOS 1.3.1
2025-09-26 06:39:56,877 [INFO] ThirdParty:1030 - CMSIS Pack Vendor :STMicroelectronics HAL Drivers 0.0.0
2025-09-26 06:39:56,877 [INFO] ThirdParty:1030 - CMSIS Pack Vendor :STMicroelectronics MBEDTLS 2.16.2
2025-09-26 06:39:56,878 [INFO] ThirdParty:1030 - CMSIS Pack Vendor :STMicroelectronics X-CUBE-IPS 3.1.0
2025-09-26 06:39:56,878 [INFO] ThirdParty:1030 - CMSIS Pack Vendor :STMicroelectronics X-CUBE-ALS 1.0.2
2025-09-26 06:39:56,878 [INFO] ThirdParty:1030 - CMSIS Pack Vendor :emotas I-CUBE-CANOPEN 1.3.0
2025-09-26 06:39:56,878 [INFO] ThirdParty:1030 - CMSIS Pack Vendor :STMicroelectronics MBEDTLS 2.14.1
2025-09-26 06:39:56,878 [INFO] ThirdParty:1030 - CMSIS Pack Vendor :ITTIA_DB I-CUBE-ITTIADB 8.9.0
2025-09-26 06:39:56,878 [INFO] ThirdParty:1030 - CMSIS Pack Vendor :STMicroelectronics X-CUBE-ST67W61 1.0.0
2025-09-26 06:39:56,878 [INFO] ThirdParty:1030 - CMSIS Pack Vendor :STMicroelectronics ThreadX 1.0.0
2025-09-26 06:39:56,878 [INFO] ThirdParty:1030 - CMSIS Pack Vendor :STMicroelectronics FP-SNS-SMARTAG2 1.2.0
2025-09-26 06:39:56,878 [INFO] ThirdParty:1030 - CMSIS Pack Vendor :STMicroelectronics FP-SNS-FLIGHT1 5.1.0
2025-09-26 06:39:56,878 [INFO] ThirdParty:1030 - CMSIS Pack Vendor :STMicroelectronics X-CUBE-AZRTOS-WL 2.0.0
2025-09-26 06:39:56,878 [INFO] ThirdParty:1030 - CMSIS Pack Vendor :SEGGER I-CUBE-embOS 1.3.1
2025-09-26 06:39:56,878 [INFO] ThirdParty:1030 - CMSIS Pack Vendor :STMicroelectronics X-CUBE-ALGOBUILD 1.4.0
2025-09-26 06:39:56,878 [INFO] ThirdParty:1030 - CMSIS Pack Vendor :STMicroelectronics X-CUBE-DPower 1.3.0
2025-09-26 06:39:56,878 [INFO] ThirdParty:1030 - CMSIS Pack Vendor :STMicroelectronics X-CUBE-MEMS1 11.3.0
2025-09-26 06:39:56,879 [INFO] ThirdParty:1030 - CMSIS Pack Vendor :STMicroelectronics FP-SNS-MOTENV1 5.0.0
2025-09-26 06:39:56,879 [INFO] ThirdParty:1030 - CMSIS Pack Vendor :STMicroelectronics USB_DEVICE 1.0.0
2025-09-26 06:39:56,879 [INFO] ThirdParty:1030 - CMSIS Pack Vendor :STMicroelectronics X-CUBE-AZRTOS-L4 2.0.0
2025-09-26 06:39:56,879 [INFO] ThirdParty:1030 - CMSIS Pack Vendor :STMicroelectronics ThreadX 0.0.2
2025-09-26 06:39:56,879 [INFO] ThirdParty:1030 - CMSIS Pack Vendor :STMicroelectronics lwIP 2.1.2
2025-09-26 06:39:56,879 [INFO] ThirdParty:1030 - CMSIS Pack Vendor :STMicroelectronics X-CUBE-SFXS2LP1 4.0.0
2025-09-26 06:39:56,879 [INFO] ThirdParty:1030 - CMSIS Pack Vendor :STMicroelectronics X-CUBE-BLE2 3.3.0
2025-09-26 06:39:56,879 [INFO] ThirdParty:1030 - CMSIS Pack Vendor :STMicroelectronics X-CUBE-TOF1 3.4.3
2025-09-26 06:39:56,879 [INFO] ThirdParty:1030 - CMSIS Pack Vendor :STMicroelectronics PDM2PCM 3.2.0
2025-09-26 06:39:56,879 [INFO] ThirdParty:841 - exiting critical section [change project]
2025-09-26 06:39:57,695 [INFO] PinOutPanel:1589 - setPackage(No Configuration,No Configuration)
2025-09-26 06:39:57,697 [INFO] PinOutPanel:1589 - setPackage(STM32F446RETx,LQFP64)
2025-09-26 06:39:58,539 [INFO] UtilMem:75 - Before build in PCC Used Memory: 983878064 Bytes (1073741824)
2025-09-26 06:39:59,662 [INFO] UtilMem:75 - After build in PCC Used Memory: 688095776 Bytes (1073741824)
2025-09-26 06:39:59,726 [INFO] IPUIPlugin:80 - create IPUIPlugin
2025-09-26 06:39:59,726 [INFO] IPUIPlugin:80 - create IPUIPlugin
2025-09-26 06:39:59,726 [INFO] IPUIPlugin:80 - create IPUIPlugin
2025-09-26 06:39:59,726 [INFO] IPUIPlugin:80 - create IPUIPlugin
2025-09-26 06:39:59,726 [INFO] IPUIPlugin:80 - create IPUIPlugin
2025-09-26 06:39:59,727 [INFO] IPUIPlugin:80 - create IPUIPlugin
2025-09-26 06:39:59,727 [INFO] IPUIPlugin:80 - create IPUIPlugin
2025-09-26 06:39:59,727 [INFO] IPUIPlugin:80 - create IPUIPlugin
2025-09-26 06:39:59,727 [INFO] IPUIPlugin:80 - create IPUIPlugin
2025-09-26 06:39:59,727 [INFO] IPUIPlugin:80 - create IPUIPlugin
2025-09-26 06:39:59,727 [INFO] IPUIPlugin:80 - create IPUIPlugin
2025-09-26 06:39:59,728 [INFO] IPUIPlugin:80 - create IPUIPlugin
2025-09-26 06:39:59,728 [INFO] IPUIPlugin:80 - create IPUIPlugin
2025-09-26 06:39:59,728 [INFO] IPUIPlugin:80 - create IPUIPlugin
2025-09-26 06:39:59,728 [INFO] IPUIPlugin:80 - create IPUIPlugin
2025-09-26 06:39:59,728 [INFO] IPUIPlugin:80 - create IPUIPlugin
2025-09-26 06:39:59,728 [INFO] IPUIPlugin:80 - create IPUIPlugin
2025-09-26 06:39:59,729 [INFO] IPUIPlugin:80 - create IPUIPlugin
2025-09-26 06:39:59,729 [INFO] IPUIPlugin:80 - create IPUIPlugin
2025-09-26 06:39:59,729 [INFO] IPUIPlugin:80 - create IPUIPlugin
2025-09-26 06:39:59,730 [INFO] IPUIPlugin:80 - create IPUIPlugin
2025-09-26 06:39:59,730 [INFO] IPUIPlugin:80 - create IPUIPlugin
2025-09-26 06:39:59,730 [INFO] IPUIPlugin:80 - create IPUIPlugin
2025-09-26 06:39:59,731 [INFO] IPUIPlugin:80 - create IPUIPlugin
2025-09-26 06:39:59,731 [INFO] IPUIPlugin:80 - create IPUIPlugin
2025-09-26 06:39:59,732 [INFO] IPUIPlugin:80 - create IPUIPlugin
2025-09-26 06:39:59,733 [INFO] IPUIPlugin:80 - create IPUIPlugin
2025-09-26 06:39:59,733 [INFO] IPUIPlugin:80 - create IPUIPlugin
2025-09-26 06:39:59,734 [INFO] IPUIPlugin:80 - create IPUIPlugin
2025-09-26 06:39:59,734 [INFO] IPUIPlugin:80 - create IPUIPlugin
2025-09-26 06:39:59,734 [INFO] IPUIPlugin:80 - create IPUIPlugin
2025-09-26 06:39:59,735 [INFO] IPUIPlugin:80 - create IPUIPlugin
2025-09-26 06:39:59,735 [INFO] IPUIPlugin:80 - create IPUIPlugin
2025-09-26 06:39:59,735 [INFO] IPUIPlugin:80 - create IPUIPlugin
2025-09-26 06:39:59,736 [INFO] IPUIPlugin:80 - create IPUIPlugin
2025-09-26 06:39:59,736 [INFO] IPUIPlugin:80 - create IPUIPlugin
2025-09-26 06:39:59,736 [INFO] IPUIPlugin:80 - create IPUIPlugin
2025-09-26 06:39:59,736 [INFO] IPUIPlugin:80 - create IPUIPlugin
2025-09-26 06:39:59,737 [INFO] IPUIPlugin:80 - create IPUIPlugin
2025-09-26 06:39:59,737 [INFO] IPUIPlugin:80 - create IPUIPlugin
2025-09-26 06:39:59,737 [INFO] IPUIPlugin:80 - create IPUIPlugin
2025-09-26 06:39:59,738 [INFO] IPUIPlugin:80 - create IPUIPlugin
2025-09-26 06:39:59,738 [INFO] IPUIPlugin:80 - create IPUIPlugin
2025-09-26 06:39:59,738 [INFO] IPUIPlugin:80 - create IPUIPlugin
2025-09-26 06:39:59,738 [INFO] IPUIPlugin:80 - create IPUIPlugin
2025-09-26 06:39:59,739 [INFO] IPUIPlugin:80 - create IPUIPlugin
2025-09-26 06:39:59,739 [INFO] IPUIPlugin:80 - create IPUIPlugin
2025-09-26 06:39:59,739 [INFO] IPUIPlugin:80 - create IPUIPlugin
2025-09-26 06:39:59,740 [INFO] IPUIPlugin:80 - create IPUIPlugin
2025-09-26 06:39:59,740 [INFO] IPUIPlugin:80 - create IPUIPlugin
2025-09-26 06:39:59,740 [INFO] IPUIPlugin:80 - create IPUIPlugin
2025-09-26 06:39:59,741 [INFO] IPUIPlugin:80 - create IPUIPlugin
2025-09-26 06:39:59,741 [INFO] IPUIPlugin:80 - create IPUIPlugin
2025-09-26 06:39:59,742 [INFO] IPUIPlugin:80 - create IPUIPlugin
2025-09-26 06:39:59,742 [INFO] IPUIPlugin:80 - create IPUIPlugin
2025-09-26 06:39:59,743 [INFO] IPUIPlugin:80 - create IPUIPlugin
2025-09-26 06:39:59,744 [INFO] IPUIPlugin:80 - create IPUIPlugin
2025-09-26 06:39:59,745 [INFO] IPUIPlugin:80 - create IPUIPlugin
2025-09-26 06:39:59,745 [INFO] IPUIPlugin:80 - create IPUIPlugin
2025-09-26 06:39:59,746 [INFO] IPUIPlugin:80 - create IPUIPlugin
2025-09-26 06:39:59,815 [INFO] ApiDbMcu:532 - Load IP Config File for PDM2PCM
2025-09-26 06:40:00,161 [INFO] CADModel:165 - CPN selected for project levelSTM32F446RET6
2025-09-26 06:40:00,162 [INFO] CADModel:114 - Register for checkConnection events
2025-09-26 06:40:00,206 [INFO] OpenFileManager:386 - Restore cursor
2025-09-26 06:40:08,243 [ERROR] LogOutputStream:75 - [STDERR_REDIRECT] Sep 26, 2025 6:40:08 AM java.util.prefs.FileSystemPreferences checkLockFile0ErrorCode
2025-09-26 06:40:08,243 [ERROR] LogOutputStream:75 - [STDERR_REDIRECT] WARNING: Could not lock System prefs. Unix error code 2.
2025-09-26 06:40:08,244 [ERROR] LogOutputStream:75 - [STDERR_REDIRECT] 
2025-09-26 06:40:08,244 [ERROR] LogOutputStream:75 - [STDERR_REDIRECT] Sep 26, 2025 6:40:08 AM java.util.prefs.FileSystemPreferences syncWorld
2025-09-26 06:40:08,245 [ERROR] LogOutputStream:75 - [STDERR_REDIRECT] WARNING: Couldn't flush system prefs: java.util.prefs.BackingStoreException: Couldn't get file lock.
2025-09-26 06:40:08,245 [ERROR] LogOutputStream:75 - [STDERR_REDIRECT] 
2025-09-26 06:40:38,240 [ERROR] LogOutputStream:75 - [STDERR_REDIRECT] Sep 26, 2025 6:40:38 AM java.util.prefs.FileSystemPreferences checkLockFile0ErrorCode
2025-09-26 06:40:38,240 [ERROR] LogOutputStream:75 - [STDERR_REDIRECT] WARNING: Could not lock System prefs. Unix error code 2.
2025-09-26 06:40:38,241 [ERROR] LogOutputStream:75 - [STDERR_REDIRECT] 
2025-09-26 06:40:38,241 [ERROR] LogOutputStream:75 - [STDERR_REDIRECT] Sep 26, 2025 6:40:38 AM java.util.prefs.FileSystemPreferences syncWorld
2025-09-26 06:40:38,242 [ERROR] LogOutputStream:75 - [STDERR_REDIRECT] WARNING: Couldn't flush system prefs: java.util.prefs.BackingStoreException: Couldn't get file lock.
2025-09-26 06:40:38,242 [ERROR] LogOutputStream:75 - [STDERR_REDIRECT] 
2025-09-26 06:41:08,240 [ERROR] LogOutputStream:75 - [STDERR_REDIRECT] Sep 26, 2025 6:41:08 AM java.util.prefs.FileSystemPreferences checkLockFile0ErrorCode
2025-09-26 06:41:08,240 [ERROR] LogOutputStream:75 - [STDERR_REDIRECT] WARNING: Could not lock System prefs. Unix error code 2.
2025-09-26 06:41:08,241 [ERROR] LogOutputStream:75 - [STDERR_REDIRECT] 
2025-09-26 06:41:08,241 [ERROR] LogOutputStream:75 - [STDERR_REDIRECT] Sep 26, 2025 6:41:08 AM java.util.prefs.FileSystemPreferences syncWorld
2025-09-26 06:41:08,242 [ERROR] LogOutputStream:75 - [STDERR_REDIRECT] WARNING: Couldn't flush system prefs: java.util.prefs.BackingStoreException: Couldn't get file lock.
2025-09-26 06:41:08,242 [ERROR] LogOutputStream:75 - [STDERR_REDIRECT] 
2025-09-26 06:41:38,239 [ERROR] LogOutputStream:75 - [STDERR_REDIRECT] Sep 26, 2025 6:41:38 AM java.util.prefs.FileSystemPreferences checkLockFile0ErrorCode
2025-09-26 06:41:38,240 [ERROR] LogOutputStream:75 - [STDERR_REDIRECT] WARNING: Could not lock System prefs. Unix error code 2.
2025-09-26 06:41:38,240 [ERROR] LogOutputStream:75 - [STDERR_REDIRECT] 
2025-09-26 06:41:38,241 [ERROR] LogOutputStream:75 - [STDERR_REDIRECT] Sep 26, 2025 6:41:38 AM java.util.prefs.FileSystemPreferences syncWorld
2025-09-26 06:41:38,241 [ERROR] LogOutputStream:75 - [STDERR_REDIRECT] WARNING: Couldn't flush system prefs: java.util.prefs.BackingStoreException: Couldn't get file lock.
2025-09-26 06:41:38,241 [ERROR] LogOutputStream:75 - [STDERR_REDIRECT] 
2025-09-26 06:42:08,240 [ERROR] LogOutputStream:75 - [STDERR_REDIRECT] Sep 26, 2025 6:42:08 AM java.util.prefs.FileSystemPreferences checkLockFile0ErrorCode
2025-09-26 06:42:08,240 [ERROR] LogOutputStream:75 - [STDERR_REDIRECT] WARNING: Could not lock System prefs. Unix error code 2.
2025-09-26 06:42:08,240 [ERROR] LogOutputStream:75 - [STDERR_REDIRECT] 
2025-09-26 06:42:08,241 [ERROR] LogOutputStream:75 - [STDERR_REDIRECT] Sep 26, 2025 6:42:08 AM java.util.prefs.FileSystemPreferences syncWorld
2025-09-26 06:42:08,241 [ERROR] LogOutputStream:75 - [STDERR_REDIRECT] WARNING: Couldn't flush system prefs: java.util.prefs.BackingStoreException: Couldn't get file lock.
2025-09-26 06:42:08,241 [ERROR] LogOutputStream:75 - [STDERR_REDIRECT] 
2025-09-26 06:42:38,240 [ERROR] LogOutputStream:75 - [STDERR_REDIRECT] Sep 26, 2025 6:42:38 AM java.util.prefs.FileSystemPreferences checkLockFile0ErrorCode
2025-09-26 06:42:38,240 [ERROR] LogOutputStream:75 - [STDERR_REDIRECT] WARNING: Could not lock System prefs. Unix error code 2.
2025-09-26 06:42:38,240 [ERROR] LogOutputStream:75 - [STDERR_REDIRECT] 
2025-09-26 06:42:38,241 [ERROR] LogOutputStream:75 - [STDERR_REDIRECT] Sep 26, 2025 6:42:38 AM java.util.prefs.FileSystemPreferences syncWorld
2025-09-26 06:42:38,241 [ERROR] LogOutputStream:75 - [STDERR_REDIRECT] WARNING: Couldn't flush system prefs: java.util.prefs.BackingStoreException: Couldn't get file lock.
2025-09-26 06:42:38,241 [ERROR] LogOutputStream:75 - [STDERR_REDIRECT] 
2025-09-26 06:43:08,240 [ERROR] LogOutputStream:75 - [STDERR_REDIRECT] Sep 26, 2025 6:43:08 AM java.util.prefs.FileSystemPreferences checkLockFile0ErrorCode
2025-09-26 06:43:08,241 [ERROR] LogOutputStream:75 - [STDERR_REDIRECT] WARNING: Could not lock System prefs. Unix error code 2.
2025-09-26 06:43:08,241 [ERROR] LogOutputStream:75 - [STDERR_REDIRECT] 
2025-09-26 06:43:08,242 [ERROR] LogOutputStream:75 - [STDERR_REDIRECT] Sep 26, 2025 6:43:08 AM java.util.prefs.FileSystemPreferences syncWorld
2025-09-26 06:43:08,242 [ERROR] LogOutputStream:75 - [STDERR_REDIRECT] WARNING: Couldn't flush system prefs: java.util.prefs.BackingStoreException: Couldn't get file lock.
2025-09-26 06:43:08,242 [ERROR] LogOutputStream:75 - [STDERR_REDIRECT] 
2025-09-26 06:43:38,240 [ERROR] LogOutputStream:75 - [STDERR_REDIRECT] Sep 26, 2025 6:43:38 AM java.util.prefs.FileSystemPreferences checkLockFile0ErrorCode
2025-09-26 06:43:38,241 [ERROR] LogOutputStream:75 - [STDERR_REDIRECT] WARNING: Could not lock System prefs. Unix error code 2.
2025-09-26 06:43:38,241 [ERROR] LogOutputStream:75 - [STDERR_REDIRECT] 
2025-09-26 06:43:38,242 [ERROR] LogOutputStream:75 - [STDERR_REDIRECT] Sep 26, 2025 6:43:38 AM java.util.prefs.FileSystemPreferences syncWorld
2025-09-26 06:43:38,242 [ERROR] LogOutputStream:75 - [STDERR_REDIRECT] WARNING: Couldn't flush system prefs: java.util.prefs.BackingStoreException: Couldn't get file lock.
2025-09-26 06:43:38,243 [ERROR] LogOutputStream:75 - [STDERR_REDIRECT] 
2025-09-26 06:44:02,498 [ERROR] LogOutputStream:75 - [STDERR_REDIRECT] 
2025-09-26 06:44:02,500 [ERROR] LogOutputStream:75 - [STDERR_REDIRECT] 
2025-09-26 06:44:15,199 [INFO] Activator:176 - 


2025-09-26 06:44:15,202 [INFO] Activator:177 - !SESSION log4j initialized
2025-09-26 06:44:23,242 [INFO] LogOutputStream:77 - [STDOUT_REDIRECT] 
2025-09-26 06:44:26,397 [INFO] ApplicationProperties:184 - Using Application install path: /opt/st/stm32cubeide_1.19.0/plugins/com.st.stm32cube.common.mx_6.15.0.202507011659
2025-09-26 06:44:26,426 [INFO] DbMcusXml:78 - Set database path to: /opt/st/stm32cubeide_1.19.0/plugins/com.st.stm32cube.common.mx_6.15.0.202507011659//db//mcu/
2025-09-26 06:44:26,427 [INFO] ApiDb:274 - Set plugin database path to: /opt/st/stm32cubeide_1.19.0/plugins/com.st.stm32cube.common.mx_6.15.0.202507011659//db//plugins/boardmanager/
2025-09-26 06:44:26,427 [WARN] ApiDb:259 - Overriding images path with different value:  => /opt/st/stm32cubeide_1.19.0/plugins/com.st.stm32cube.common.mx_6.15.0.202507011659//db//plugins/mcufinder/images/
2025-09-26 06:44:26,433 [INFO] ApiDb:250 - Set database path to: /home/tomas1908/.stmcufinder/plugins/mcufinder//mcu/
2025-09-26 06:44:26,434 [INFO] DbMcusAds:125 - Set database path to: /home/tomas1908/.stmcufinder/plugins/mcufinder//mcu/
2025-09-26 06:44:26,438 [INFO] CrossReferenceDbSqlite:203 - Set database path to: /home/tomas1908/.stmcufinder/plugins/mcufinder//mcu/cs/
2025-09-26 06:44:26,656 [INFO] RulesReader:64 - Compatibility file has been processed (317 Rules)
2025-09-26 06:44:26,757 [INFO] DbMcusXml:78 - Set database path to: /opt/st/stm32cubeide_1.19.0/plugins/com.st.stm32cube.common.mx_6.15.0.202507011659//db//mcu/
2025-09-26 06:44:26,757 [INFO] ApiDb:274 - Set plugin database path to: /opt/st/stm32cubeide_1.19.0/plugins/com.st.stm32cube.common.mx_6.15.0.202507011659//db//plugins/boardmanager/
2025-09-26 06:44:26,758 [INFO] ApiDb:261 - Set plugin images path to: /opt/st/stm32cubeide_1.19.0/plugins/com.st.stm32cube.common.mx_6.15.0.202507011659//db//plugins/mcufinder/images/
2025-09-26 06:44:26,758 [WARN] DbFile:41 - Overriding database path with different value: /home/tomas1908/.stmcufinder/plugins/mcufinder/ => /home/tomas1908/.stmcufinder/plugins/mcufinder
2025-09-26 06:44:26,758 [INFO] ApiDb:250 - Set database path to: /home/tomas1908/.stmcufinder/plugins/mcufinder//mcu/
2025-09-26 06:44:26,759 [WARN] DbFile:41 - Overriding database path with different value: /home/tomas1908/.stmcufinder/plugins/mcufinder/ => /home/tomas1908/.stmcufinder/plugins/mcufinder
2025-09-26 06:44:26,759 [INFO] DbMcusAds:125 - Set database path to: /home/tomas1908/.stmcufinder/plugins/mcufinder//mcu/
2025-09-26 06:44:26,759 [WARN] DbFile:41 - Overriding database path with different value: /home/tomas1908/.stmcufinder/plugins/mcufinder/ => /home/tomas1908/.stmcufinder/plugins/mcufinder
2025-09-26 06:44:26,759 [WARN] DbFile:41 - Overriding database path with different value: /home/tomas1908/.stmcufinder/plugins/mcufinder/ => /home/tomas1908/.stmcufinder/plugins/mcufinder
2025-09-26 06:44:26,759 [INFO] CrossReferenceDbSqlite:203 - Set database path to: /home/tomas1908/.stmcufinder/plugins/mcufinder//mcu/cs/
2025-09-26 06:44:26,868 [INFO] MainPanel:274 - HeapMemory: 268435456
2025-09-26 06:44:27,054 [INFO] DbMcusXml:78 - Set database path to: /opt/st/stm32cubeide_1.19.0/plugins/com.st.stm32cube.common.mx_6.15.0.202507011659//db//mcu/
2025-09-26 06:44:27,055 [INFO] ApiDb:274 - Set plugin database path to: /opt/st/stm32cubeide_1.19.0/plugins/com.st.stm32cube.common.mx_6.15.0.202507011659//db//plugins/boardmanager/
2025-09-26 06:44:27,055 [INFO] ApiDb:261 - Set plugin images path to: /opt/st/stm32cubeide_1.19.0/plugins/com.st.stm32cube.common.mx_6.15.0.202507011659//db//plugins/mcufinder/images/
2025-09-26 06:44:27,055 [WARN] DbFile:41 - Overriding database path with different value: /home/tomas1908/.stmcufinder/plugins/mcufinder/ => /home/tomas1908/.stmcufinder/plugins/mcufinder
2025-09-26 06:44:27,056 [INFO] ApiDb:250 - Set database path to: /home/tomas1908/.stmcufinder/plugins/mcufinder//mcu/
2025-09-26 06:44:27,056 [WARN] DbFile:41 - Overriding database path with different value: /home/tomas1908/.stmcufinder/plugins/mcufinder/ => /home/tomas1908/.stmcufinder/plugins/mcufinder
2025-09-26 06:44:27,056 [INFO] DbMcusAds:125 - Set database path to: /home/tomas1908/.stmcufinder/plugins/mcufinder//mcu/
2025-09-26 06:44:27,056 [WARN] DbFile:41 - Overriding database path with different value: /home/tomas1908/.stmcufinder/plugins/mcufinder/ => /home/tomas1908/.stmcufinder/plugins/mcufinder
2025-09-26 06:44:27,056 [WARN] DbFile:41 - Overriding database path with different value: /home/tomas1908/.stmcufinder/plugins/mcufinder/ => /home/tomas1908/.stmcufinder/plugins/mcufinder
2025-09-26 06:44:27,056 [INFO] CrossReferenceDbSqlite:203 - Set database path to: /home/tomas1908/.stmcufinder/plugins/mcufinder//mcu/cs/
2025-09-26 06:44:27,083 [INFO] ApplicationProperties:184 - Using Application install path: /opt/st/stm32cubeide_1.19.0/plugins/com.st.stm32cube.common.mx_6.15.0.202507011659
2025-09-26 06:44:27,085 [INFO] PluginManage:196 - Search for loadable plugins [exclusion list=, ]
2025-09-26 06:44:27,087 [INFO] PluginManage:310 - Check plugin analytics
2025-09-26 06:44:27,376 [INFO] AnalyticsPlugin:253 - Accepted Software Licenses: 
2025-09-26 06:44:27,376 [INFO] AnalyticsPlugin:255 - Accepted CMSIS Pack Licenses: 
2025-09-26 06:44:27,376 [INFO] AnalyticsPlugin:257 - Accepted Firmware Licenses: FW.F4.1.28.0
2025-09-26 06:44:27,381 [INFO] PluginManage:359 - Loaded plugin analytics (category:tool,tabindex:-1)
2025-09-26 06:44:27,381 [INFO] PluginManage:310 - Check plugin cadmodel
2025-09-26 06:44:27,388 [INFO] CADModel:105 - Init CAD model plugin
2025-09-26 06:44:27,389 [INFO] PluginManage:359 - Loaded plugin cadmodel (category:power,tabindex:5)
2025-09-26 06:44:27,390 [INFO] PluginManage:310 - Check plugin clock
2025-09-26 06:44:27,405 [INFO] PluginManage:359 - Loaded plugin clock (category:base,tabindex:2)
2025-09-26 06:44:27,406 [INFO] PluginManage:310 - Check plugin ddr
2025-09-26 06:44:27,408 [INFO] PluginManage:359 - Loaded plugin ddr (category:tool,tabindex:6)
2025-09-26 06:44:27,409 [INFO] PluginManage:310 - Check plugin filemanager
2025-09-26 06:44:27,678 [INFO] PluginManage:359 - Loaded plugin filemanager (category:base,tabindex:10)
2025-09-26 06:44:27,678 [INFO] PluginManage:310 - Check plugin ipmanager
2025-09-26 06:44:27,686 [INFO] PluginManage:359 - Loaded plugin ipmanager (category:base,tabindex:5)
2025-09-26 06:44:27,686 [INFO] PluginManage:310 - Check plugin lpbam
2025-09-26 06:44:27,700 [INFO] PluginManage:359 - Loaded plugin lpbam (category:base,tabindex:0)
2025-09-26 06:44:27,701 [INFO] PluginManage:310 - Check plugin memorymap
2025-09-26 06:44:27,718 [INFO] PluginManage:359 - Loaded plugin memorymap (category:base,tabindex:4)
2025-09-26 06:44:27,719 [INFO] PluginManage:310 - Check plugin pinoutandconfiguration
2025-09-26 06:44:27,730 [INFO] PluginManage:359 - Loaded plugin pinoutandconfiguration (category:base,tabindex:1)
2025-09-26 06:44:27,731 [INFO] PluginManage:310 - Check plugin pinoutconfig
2025-09-26 06:44:27,867 [WARN] SupportedApi:132 - Cannot load RTOS API schema: s4s-elt-must-match.1: The content of 'definitions' must match (annotation?, (simpleType | complexType)?, (unique | key | keyref)*)). A problem was found starting at: attribute.
2025-09-26 06:44:28,122 [INFO] PluginManage:359 - Loaded plugin pinoutconfig (category:base,tabindex:0)
2025-09-26 06:44:28,123 [INFO] PluginManage:310 - Check plugin power
2025-09-26 06:44:28,138 [INFO] PluginManage:359 - Loaded plugin power (category:power,tabindex:4)
2025-09-26 06:44:28,139 [INFO] PluginManage:310 - Check plugin projectmanager
2025-09-26 06:44:28,172 [INFO] PluginManage:359 - Loaded plugin projectmanager (category:projectmanager,tabindex:4)
2025-09-26 06:44:28,172 [INFO] PluginManage:310 - Check plugin rif
2025-09-26 06:44:28,189 [INFO] PluginManage:359 - Loaded plugin rif (category:base,tabindex:3)
2025-09-26 06:44:28,189 [INFO] PluginManage:310 - Check plugin thirdparty
2025-09-26 06:44:28,419 [INFO] PluginManage:359 - Loaded plugin thirdparty (category:base,tabindex:-1)
2025-09-26 06:44:28,419 [WARN] IntegrityCheckThread:84 - waiting for thirdparty lock release [integrity check]
2025-09-26 06:44:28,420 [INFO] PluginManage:310 - Check plugin tools
2025-09-26 06:44:28,420 [INFO] IntegrityCheckThread:86 - entering critical section [integrity check]
2025-09-26 06:44:28,421 [INFO] ThirdPartyUpdaterWithRetryManager:70 - Updater plugin not ready yet. [1/15]
2025-09-26 06:44:28,423 [INFO] PluginManage:359 - Loaded plugin tools (category:base,tabindex:7)
2025-09-26 06:44:28,423 [INFO] PluginManage:310 - Check plugin tutovideos
2025-09-26 06:44:28,786 [INFO] PluginManage:359 - Loaded plugin tutovideos (category:base,tabindex:-1)
2025-09-26 06:44:28,787 [INFO] PluginManage:310 - Check plugin updater
2025-09-26 06:44:28,829 [INFO] PluginManage:359 - Loaded plugin updater (category:base,tabindex:12)
2025-09-26 06:44:28,829 [INFO] PluginManage:310 - Check plugin userauth
2025-09-26 06:44:28,836 [INFO] UserAuth:118 - Init User Auth plugin
2025-09-26 06:44:28,838 [INFO] PluginManage:359 - Loaded plugin userauth (category:base,tabindex:14)
2025-09-26 06:44:28,839 [INFO] PluginManage:283 - PluginManage : Loaded plugins [18]
2025-09-26 06:44:29,113 [INFO] PinOutPanel:1589 - setPackage(No Configuration,No Configuration)
2025-09-26 06:44:29,234 [INFO] CADModel:165 - CPN selected for project level
2025-09-26 06:44:29,234 [INFO] CADModel:114 - Register for checkConnection events
2025-09-26 06:44:29,251 [INFO] IPUIPlugin:80 - create IPUIPlugin
2025-09-26 06:44:29,251 [INFO] PluginManager:220 - loadIPPluginJar : add i2c
2025-09-26 06:44:29,260 [INFO] IPUIPlugin:80 - create IPUIPlugin
2025-09-26 06:44:29,260 [INFO] PluginManager:220 - loadIPPluginJar : add mdma
2025-09-26 06:44:29,263 [INFO] IPUIPlugin:80 - create IPUIPlugin
2025-09-26 06:44:29,264 [INFO] PluginManager:220 - loadIPPluginJar : add aes
2025-09-26 06:44:29,266 [INFO] IPUIPlugin:80 - create IPUIPlugin
2025-09-26 06:44:29,267 [INFO] PluginManager:220 - loadIPPluginJar : add can
2025-09-26 06:44:29,274 [INFO] IPUIPlugin:80 - create IPUIPlugin
2025-09-26 06:44:29,274 [INFO] PluginManager:220 - loadIPPluginJar : add freertos
2025-09-26 06:44:29,277 [INFO] IPUIPlugin:80 - create IPUIPlugin
2025-09-26 06:44:29,277 [INFO] PluginManager:220 - loadIPPluginJar : add gtzc
2025-09-26 06:44:29,279 [INFO] IPUIPlugin:80 - create IPUIPlugin
2025-09-26 06:44:29,279 [INFO] PluginManager:220 - loadIPPluginJar : add ts
2025-09-26 06:44:29,290 [INFO] IPUIPlugin:80 - create IPUIPlugin
2025-09-26 06:44:29,290 [INFO] PluginManager:220 - loadIPPluginJar : add stm32_wpan
2025-09-26 06:44:29,292 [INFO] IPUIPlugin:80 - create IPUIPlugin
2025-09-26 06:44:29,292 [INFO] PluginManager:220 - loadIPPluginJar : add fatfs
2025-09-26 06:44:29,300 [INFO] IPUIPlugin:80 - create IPUIPlugin
2025-09-26 06:44:29,300 [INFO] PluginManager:220 - loadIPPluginJar : add dma
2025-09-26 06:44:29,304 [INFO] IPUIPlugin:80 - create IPUIPlugin
2025-09-26 06:44:29,304 [INFO] PluginManager:220 - loadIPPluginJar : add usbx
2025-09-26 06:44:29,306 [INFO] IPUIPlugin:80 - create IPUIPlugin
2025-09-26 06:44:29,307 [INFO] PluginManager:220 - loadIPPluginJar : add hash
2025-09-26 06:44:29,309 [INFO] IPUIPlugin:80 - create IPUIPlugin
2025-09-26 06:44:29,309 [INFO] PluginManager:220 - loadIPPluginJar : add cryp
2025-09-26 06:44:29,312 [INFO] IPUIPlugin:80 - create IPUIPlugin
2025-09-26 06:44:29,312 [INFO] PluginManager:220 - loadIPPluginJar : add openamp
2025-09-26 06:44:29,314 [INFO] IPUIPlugin:80 - create IPUIPlugin
2025-09-26 06:44:29,315 [INFO] PluginManager:220 - loadIPPluginJar : add genericplugin
2025-09-26 06:44:29,320 [INFO] IPUIPlugin:80 - create IPUIPlugin
2025-09-26 06:44:29,321 [INFO] PluginManager:220 - loadIPPluginJar : add ipddr
2025-09-26 06:44:29,325 [INFO] IPUIPlugin:80 - create IPUIPlugin
2025-09-26 06:44:29,326 [INFO] PluginManager:220 - loadIPPluginJar : add opamp
2025-09-26 06:44:29,327 [INFO] IPUIPlugin:80 - create IPUIPlugin
2025-09-26 06:44:29,328 [INFO] PluginManager:220 - loadIPPluginJar : add ltdc
2025-09-26 06:44:29,331 [INFO] IPUIPlugin:80 - create IPUIPlugin
2025-09-26 06:44:29,331 [INFO] PluginManager:220 - loadIPPluginJar : add dfsdm
2025-09-26 06:44:29,341 [INFO] IPUIPlugin:80 - create IPUIPlugin
2025-09-26 06:44:29,341 [INFO] PluginManager:220 - loadIPPluginJar : add gic
2025-09-26 06:44:29,345 [INFO] IPUIPlugin:80 - create IPUIPlugin
2025-09-26 06:44:29,346 [INFO] PluginManager:220 - loadIPPluginJar : add extmemmanager
2025-09-26 06:44:29,348 [INFO] IPUIPlugin:80 - create IPUIPlugin
2025-09-26 06:44:29,349 [INFO] PluginManager:220 - loadIPPluginJar : add ucpd
2025-09-26 06:44:29,351 [INFO] IPUIPlugin:80 - create IPUIPlugin
2025-09-26 06:44:29,352 [INFO] PluginManager:220 - loadIPPluginJar : add tracer_emb
2025-09-26 06:44:29,354 [INFO] IPUIPlugin:80 - create IPUIPlugin
2025-09-26 06:44:29,355 [INFO] PluginManager:220 - loadIPPluginJar : add radio
2025-09-26 06:44:29,360 [INFO] IPUIPlugin:80 - create IPUIPlugin
2025-09-26 06:44:29,360 [INFO] PluginManager:220 - loadIPPluginJar : add pdm2pcm
2025-09-26 06:44:29,363 [INFO] IPUIPlugin:80 - create IPUIPlugin
2025-09-26 06:44:29,363 [INFO] PluginManager:220 - loadIPPluginJar : add spi
2025-09-26 06:44:29,366 [INFO] IPUIPlugin:80 - create IPUIPlugin
2025-09-26 06:44:29,366 [INFO] PluginManager:220 - loadIPPluginJar : add tim
2025-09-26 06:44:29,376 [INFO] IPUIPlugin:80 - create IPUIPlugin
2025-09-26 06:44:29,382 [INFO] PluginManager:220 - loadIPPluginJar : add plateformsettings
2025-09-26 06:44:29,387 [INFO] IPUIPlugin:80 - create IPUIPlugin
2025-09-26 06:44:29,388 [INFO] PluginManager:220 - loadIPPluginJar : add touchsensing
2025-09-26 06:44:29,394 [INFO] IPUIPlugin:80 - create IPUIPlugin
2025-09-26 06:44:29,395 [INFO] PluginManager:220 - loadIPPluginJar : add gpio
2025-09-26 06:44:29,403 [INFO] IPUIPlugin:80 - create IPUIPlugin
2025-09-26 06:44:29,404 [INFO] PluginManager:220 - loadIPPluginJar : add adc
2025-09-26 06:44:29,414 [INFO] IPUIPlugin:80 - create IPUIPlugin
2025-09-26 06:44:29,414 [INFO] PluginManager:220 - loadIPPluginJar : add linkedlist
2025-09-26 06:44:29,416 [INFO] IPUIPlugin:80 - create IPUIPlugin
2025-09-26 06:44:29,416 [INFO] PluginManager:220 - loadIPPluginJar : add comp
2025-09-26 06:44:29,422 [INFO] IPUIPlugin:80 - create IPUIPlugin
2025-09-26 06:44:29,422 [INFO] PluginManager:220 - loadIPPluginJar : add fmc
2025-09-26 06:44:29,424 [INFO] IPUIPlugin:80 - create IPUIPlugin
2025-09-26 06:44:29,424 [INFO] PluginManager:220 - loadIPPluginJar : add tsc
2025-09-26 06:44:29,428 [INFO] IPUIPlugin:80 - create IPUIPlugin
2025-09-26 06:44:29,428 [INFO] PluginManager:220 - loadIPPluginJar : add sai
2025-09-26 06:44:29,431 [INFO] IPUIPlugin:80 - create IPUIPlugin
2025-09-26 06:44:29,431 [INFO] PluginManager:220 - loadIPPluginJar : add usart
2025-09-26 06:44:29,435 [INFO] IPUIPlugin:80 - create IPUIPlugin
2025-09-26 06:44:29,435 [INFO] PluginManager:220 - loadIPPluginJar : add nvic
2025-09-26 06:44:29,440 [INFO] IPUIPlugin:80 - create IPUIPlugin
2025-09-26 06:44:29,440 [INFO] PluginManager:220 - loadIPPluginJar : add resmgrutility
2025-09-26 06:44:29,444 [INFO] IPUIPlugin:80 - create IPUIPlugin
2025-09-26 06:44:29,444 [INFO] PluginManager:220 - loadIPPluginJar : add lorawan
2025-09-26 06:44:29,446 [INFO] IPUIPlugin:80 - create IPUIPlugin
2025-09-26 06:44:29,446 [INFO] PluginManager:220 - loadIPPluginJar : add gfxmmu
2025-09-26 06:44:29,448 [INFO] IPUIPlugin:80 - create IPUIPlugin
2025-09-26 06:44:29,449 [INFO] PluginManager:220 - loadIPPluginJar : add dma3
2025-09-26 06:44:29,453 [INFO] IPUIPlugin:80 - create IPUIPlugin
2025-09-26 06:44:29,453 [INFO] PluginManager:220 - loadIPPluginJar : add i3c
2025-09-26 06:44:29,455 [INFO] IPUIPlugin:80 - create IPUIPlugin
2025-09-26 06:44:29,456 [INFO] PluginManager:220 - loadIPPluginJar : add quadspi
2025-09-26 06:44:29,459 [INFO] IPUIPlugin:80 - create IPUIPlugin
2025-09-26 06:44:29,460 [INFO] PluginManager:220 - loadIPPluginJar : add ddr_ctrl_phy
2025-09-26 06:44:29,463 [INFO] IPUIPlugin:80 - create IPUIPlugin
2025-09-26 06:44:29,463 [INFO] PluginManager:220 - loadIPPluginJar : add i2s
2025-09-26 06:44:29,591 [FATAL] Updater:351 - Updater called before beeing initialized
2025-09-26 06:44:29,646 [INFO] RulesReader:64 - Compatibility file has been processed (317 Rules)
2025-09-26 06:44:29,666 [INFO] RulesReader:64 - Compatibility file has been processed (317 Rules)
2025-09-26 06:44:29,679 [INFO] CADModel:165 - CPN selected for project level
2025-09-26 06:44:29,679 [INFO] CADModel:114 - Register for checkConnection events
2025-09-26 06:44:29,679 [FATAL] Updater:351 - Updater called before beeing initialized
2025-09-26 06:44:29,679 [ERROR] CADModel:125 - Updater not yet initialized, retry later 
2025-09-26 06:44:29,901 [FATAL] Updater:351 - Updater called before beeing initialized
2025-09-26 06:44:29,904 [INFO] CADModel:165 - CPN selected for project level
2025-09-26 06:44:29,904 [INFO] CADModel:114 - Register for checkConnection events
2025-09-26 06:44:29,904 [FATAL] Updater:351 - Updater called before beeing initialized
2025-09-26 06:44:29,904 [ERROR] CADModel:125 - Updater not yet initialized, retry later 
2025-09-26 06:44:29,910 [FATAL] Updater:351 - Updater called before beeing initialized
2025-09-26 06:44:30,041 [FATAL] Updater:351 - Updater called before beeing initialized
2025-09-26 06:44:30,047 [INFO] DbMcusAds:53 - JSON generation date=Tue Jul 08 05:14:23 ART 2025 (1751962463582)
2025-09-26 06:44:30,047 [FATAL] Updater:351 - Updater called before beeing initialized
2025-09-26 06:44:30,106 [WARN] DetailPanel:346 - Failed to get advertising image, set to default
2025-09-26 06:44:30,246 [FATAL] Updater:351 - Updater called before beeing initialized
2025-09-26 06:44:30,249 [FATAL] Updater:351 - Updater called before beeing initialized
2025-09-26 06:44:30,249 [FATAL] Updater:351 - Updater called before beeing initialized
2025-09-26 06:44:30,250 [WARN] DetailPanel:346 - Failed to get advertising image, set to default
2025-09-26 06:44:30,251 [FATAL] Updater:351 - Updater called before beeing initialized
2025-09-26 06:44:30,310 [ERROR] Updater:1198 - MainUpdater not yet initialized. External WinMGr cannot be set.
2025-09-26 06:44:30,312 [INFO] Updater:1134 - Updater Version found : 6.15.0
2025-09-26 06:44:30,342 [INFO] ApplicationProperties:184 - Using Application install path: /opt/st/stm32cubeide_1.19.0/plugins/com.st.stm32cube.common.mx_6.15.0.202507011659
2025-09-26 06:44:30,362 [ERROR] LogOutputStream:75 - [STDERR_REDIRECT] Sep 26, 2025 6:44:30 AM java.util.prefs.FileSystemPreferences$2 run
2025-09-26 06:44:30,362 [ERROR] LogOutputStream:75 - [STDERR_REDIRECT] WARNING: Could not create system preferences directory. System preferences are unusable.
2025-09-26 06:44:30,363 [ERROR] LogOutputStream:75 - [STDERR_REDIRECT] 
2025-09-26 06:44:30,740 [INFO] MainUpdater:2872 - connection check result : 10
2025-09-26 06:44:30,741 [INFO] MainUpdater:289 - Updater Check For Update Now.
2025-09-26 06:44:30,741 [INFO] MicroXplorer:498 - Change Database Version : DB.6.0.150
2025-09-26 06:44:30,750 [INFO] McuFinderGlobals:63 - Set McuFinder mode to 2 (CubeIDE integrated)
2025-09-26 06:44:30,751 [INFO] UserAuth:487 - Internet connection configuration mode: 1
2025-09-26 06:44:30,779 [INFO] JxBrowserEngine:152 - Initiate JxBrowser Engine with user profile folder
2025-09-26 06:44:31,033 [INFO] CheckServerUpdateThread:120 - End of CheckServer Thread
2025-09-26 06:44:31,770 [WARN] PackLoader:240 - Cannot read IP mode file for STMicroelectronics.FP-SNS-MOTENVWB1.1.4.0
2025-09-26 06:44:31,789 [WARN] PackLoader:240 - Cannot read IP mode file for STMicroelectronics.FP-ATR-ASTRA1.2.0.2
2025-09-26 06:44:31,803 [WARN] PackLoader:240 - Cannot read IP mode file for STMicroelectronics.X-CUBE-SMBUS.2.1.0
2025-09-26 06:44:31,816 [WARN] PackLoader:240 - Cannot read IP mode file for STMicroelectronics.X-CUBE-ST60.1.0.0
2025-09-26 06:44:31,913 [WARN] PackLoader:240 - Cannot read IP mode file for STMicroelectronics.X-CUBE-AZRTOS-F7.1.1.0
2025-09-26 06:44:31,930 [WARN] PackLoader:240 - Cannot read IP mode file for Cesanta.I-CUBE-Mongoose.7.19.0
2025-09-26 06:44:31,950 [WARN] PackLoader:240 - Cannot read IP mode file for WES.I-CUBE-Cesium.1.4.0
2025-09-26 06:44:31,998 [INFO] WebApp:169 - Instantiating new browser for Auth
2025-09-26 06:44:32,013 [WARN] PackLoader:240 - Cannot read IP mode file for Infineon.AIROC-Wi-Fi-Bluetooth-STM32.1.7.1
2025-09-26 06:44:32,044 [WARN] PackLoader:240 - Cannot read IP mode file for STMicroelectronics.X-CUBE-DISPLAY.3.0.0
2025-09-26 06:44:32,077 [WARN] PackLoader:240 - Cannot read IP mode file for STMicroelectronics.X-CUBE-NFC10.1.0.0
2025-09-26 06:44:32,090 [WARN] PackLoader:240 - Cannot read IP mode file for emotas.I-CUBE-CANOPEN.1.3.0
2025-09-26 06:44:32,101 [WARN] PackLoader:240 - Cannot read IP mode file for STMicroelectronics.FP-SNS-SMARTAG2.1.2.0
2025-09-26 06:44:32,107 [WARN] PackLoader:240 - Cannot read IP mode file for STMicroelectronics.FP-SNS-FLIGHT1.5.1.0
2025-09-26 06:44:32,122 [INFO] LogOutputStream:77 - [STDOUT_REDIRECT] 1 : Invalid condition id : UX_CORESTACK_Condition cause : null
2025-09-26 06:44:32,123 [INFO] LogOutputStream:77 - [STDOUT_REDIRECT] 1 : Invalid condition id : UX_CORESTACK_Condition cause : null
2025-09-26 06:44:32,124 [INFO] LogOutputStream:77 - [STDOUT_REDIRECT] 1 : Invalid condition id : UX_CORESTACK_Condition cause : null
2025-09-26 06:44:32,125 [INFO] LogOutputStream:77 - [STDOUT_REDIRECT] 1 : Invalid condition id : UX_CORESTACK_Condition cause : null
2025-09-26 06:44:32,126 [INFO] LogOutputStream:77 - [STDOUT_REDIRECT] 1 : Invalid condition id : UX_CORESTACK_Condition cause : null
2025-09-26 06:44:32,136 [WARN] PackLoader:240 - Cannot read IP mode file for STMicroelectronics.X-CUBE-AZRTOS-WL.2.0.0
2025-09-26 06:44:32,149 [WARN] PackLoader:240 - Cannot read IP mode file for STMicroelectronics.FP-SNS-MOTENV1.5.0.0
2025-09-26 06:44:32,162 [WARN] PackLoader:240 - Cannot read IP mode file for STMicroelectronics.X-CUBE-BLE2.3.3.0
2025-09-26 06:44:32,175 [WARN] PackLoader:240 - Cannot read IP mode file for STMicroelectronics.X-CUBE-NFC9.1.0.0
2025-09-26 06:44:32,186 [WARN] PackLoader:240 - Cannot read IP mode file for STMicroelectronics.X-CUBE-BLE1.7.1.0
2025-09-26 06:44:32,220 [WARN] PackLoader:240 - Cannot read IP mode file for STMicroelectronics.X-CUBE-AZRTOS-G0.1.1.0
2025-09-26 06:44:32,238 [WARN] PackLoader:240 - Cannot read IP mode file for STMicroelectronics.X-CUBE-SAFEA1.1.2.2
2025-09-26 06:44:32,247 [WARN] PackLoader:240 - Cannot read IP mode file for STMicroelectronics.X-CUBE-NFC4.3.0.0
2025-09-26 06:44:32,266 [WARN] PackLoader:240 - Cannot read IP mode file for EmbeddedOffice.I-CUBE-FS-RTOS.1.0.1
2025-09-26 06:44:32,277 [WARN] PackLoader:240 - Cannot read IP mode file for STMicroelectronics.X-CUBE-WB05N.2.0.0
2025-09-26 06:44:32,289 [WARN] PackLoader:240 - Cannot read IP mode file for STMicroelectronics.X-CUBE-TCPP.4.2.0
2025-09-26 06:44:32,300 [WARN] PackLoader:240 - Cannot read IP mode file for RealThread.X-CUBE-RT-Thread_Nano.4.1.1
2025-09-26 06:44:32,306 [WARN] PackLoader:240 - Cannot read IP mode file for STMicroelectronics.FP-ATR-SIGFOX1.3.2.0
2025-09-26 06:44:32,315 [WARN] PackLoader:240 - Cannot read IP mode file for ITTIA_DB.I-CUBE-ITTIADB.8.9.0
2025-09-26 06:44:32,324 [WARN] PackLoader:240 - Cannot read IP mode file for STMicroelectronics.X-CUBE-ST67W61.1.0.0
2025-09-26 06:44:32,395 [WARN] PackLoader:240 - Cannot read IP mode file for SEGGER.I-CUBE-embOS.1.3.1
2025-09-26 06:44:32,525 [WARN] PackLoader:240 - Cannot read IP mode file for STMicroelectronics.X-CUBE-ALGOBUILD.1.4.0
2025-09-26 06:44:32,711 [WARN] PackLoader:240 - Cannot read IP mode file for STMicroelectronics.X-CUBE-MEMS1.11.3.0
2025-09-26 06:44:33,082 [WARN] PackLoader:240 - Cannot read IP mode file for STMicroelectronics.X-CUBE-PM33A1.1.0.0
2025-09-26 06:44:33,108 [WARN] PackLoader:240 - Cannot read IP mode file for STMicroelectronics.X-CUBE-AZRTOS-F4.1.1.0
2025-09-26 06:44:33,116 [WARN] PackLoader:240 - Cannot read IP mode file for Avnet-IotConnect.X-CUBE-IoTC-DA16k-PMOD.1.0.0
2025-09-26 06:44:33,120 [WARN] PackLoader:240 - Cannot read IP mode file for STMicroelectronics.X-CUBE-ISPU.2.1.0
2025-09-26 06:44:33,141 [WARN] PackLoader:240 - Cannot read IP mode file for STMicroelectronics.X-CUBE-AZRTOS-L5.2.0.0
2025-09-26 06:44:33,153 [WARN] PackLoader:240 - Cannot read IP mode file for STMicroelectronics.X-CUBE-NFC6.3.1.0
2025-09-26 06:44:33,162 [WARN] PackLoader:240 - Cannot read IP mode file for STMicroelectronics.X-CUBE-FREERTOS.1.3.1
2025-09-26 06:44:33,168 [WARN] PackLoader:240 - Cannot read IP mode file for STMicroelectronics.X-CUBE-DPower.1.3.0
2025-09-26 06:44:33,194 [WARN] ConditionMgr:438 - getConditionDescription Invalid condition id : LAN8742 Phy interface Condition cause : null
2025-09-26 06:44:33,196 [WARN] PackLoader:240 - Cannot read IP mode file for STMicroelectronics.X-CUBE-AZRTOS-L4.2.0.0
2025-09-26 06:44:33,198 [WARN] ConditionMgr:1044 - genDependencies : Invalid condition id : LAN8742 Phy interface Condition cause : null
2025-09-26 06:44:33,198 [WARN] ConditionMgr:1044 - genDependencies : Invalid condition id : LAN8742 Phy interface Condition cause : null
2025-09-26 06:44:33,199 [WARN] ConditionMgr:1044 - genDependencies : Invalid condition id : LAN8742 Phy interface Condition cause : null
2025-09-26 06:44:33,210 [WARN] PackLoader:240 - Cannot read IP mode file for STMicroelectronics.X-CUBE-SFXS2LP1.4.0.0
2025-09-26 06:44:33,228 [WARN] ConditionMgr:438 - getConditionDescription Invalid condition id : UX DEVICE CLASS RTOS Condition cause : null
2025-09-26 06:44:33,228 [WARN] ConditionMgr:438 - getConditionDescription Invalid condition id : UX DEVICE CLASS RTOS Condition cause : null
2025-09-26 06:44:33,231 [WARN] PackLoader:240 - Cannot read IP mode file for STMicroelectronics.X-CUBE-AZRTOS-WB.2.0.0
2025-09-26 06:44:33,232 [WARN] ConditionMgr:1044 - genDependencies : Invalid condition id : UX DEVICE CLASS RTOS Condition cause : null
2025-09-26 06:44:33,233 [WARN] ConditionMgr:1044 - genDependencies : Invalid condition id : UX DEVICE CLASS RTOS Condition cause : null
2025-09-26 06:44:33,234 [WARN] ConditionMgr:1044 - genDependencies : Invalid condition id : UX DEVICE CLASS RTOS Condition cause : null
2025-09-26 06:44:33,234 [WARN] ConditionMgr:1044 - genDependencies : Invalid condition id : UX DEVICE CLASS RTOS Condition cause : null
2025-09-26 06:44:33,235 [WARN] ConditionMgr:1044 - genDependencies : Invalid condition id : UX DEVICE CLASS RTOS Condition cause : null
2025-09-26 06:44:33,244 [WARN] PackLoader:240 - Cannot read IP mode file for STMicroelectronics.X-CUBE-GNSS1.7.0.1
2025-09-26 06:44:33,251 [WARN] PackLoader:240 - Cannot read IP mode file for STMicroelectronics.X-CUBE-TOUCHGFX.4.25.0
2025-09-26 06:44:33,255 [WARN] ConditionMgr:438 - getConditionDescription Invalid condition id : Cortex-A Device cause : null
2025-09-26 06:44:33,272 [WARN] ConditionMgr:1044 - genDependencies : Invalid condition id : Cortex-A Device cause : null
2025-09-26 06:44:33,272 [WARN] ConditionMgr:1044 - genDependencies : Invalid condition id : Cortex-A Device cause : null
2025-09-26 06:44:33,272 [WARN] ConditionMgr:1044 - genDependencies : Invalid condition id : Cortex-A Device cause : null
2025-09-26 06:44:33,292 [WARN] PackLoader:240 - Cannot read IP mode file for STMicroelectronics.X-CUBE-SUBG2.5.0.0
2025-09-26 06:44:33,345 [WARN] PackLoader:240 - Cannot read IP mode file for STMicroelectronics.X-CUBE-AZRTOS-H7RS.1.1.0
2025-09-26 06:44:33,419 [WARN] PackLoader:240 - Cannot read IP mode file for STMicroelectronics.X-CUBE-AZRTOS-G4.2.0.0
2025-09-26 06:44:33,429 [WARN] PackLoader:240 - Cannot read IP mode file for wolfSSL.I-CUBE-wolfSSH.1.4.20
2025-09-26 06:44:33,436 [WARN] PackLoader:240 - Cannot read IP mode file for STMicroelectronics.X-CUBE-NFC7.2.0.0
2025-09-26 06:44:33,465 [WARN] PackLoader:240 - Cannot read IP mode file for STMicroelectronics.X-CUBE-IPS.3.1.0
2025-09-26 06:44:33,486 [WARN] PackLoader:240 - Cannot read IP mode file for STMicroelectronics.X-CUBE-ALS.1.0.2
2025-09-26 06:44:33,505 [WARN] PackLoader:240 - Cannot read IP mode file for STMicroelectronics.X-CUBE-TOF1.3.4.3
2025-09-26 06:44:33,531 [INFO] ThirdParty:978 - Integrity check success = true
2025-09-26 06:44:33,531 [INFO] IntegrityCheckThread:100 - exiting critical section [integrity check]
2025-09-26 06:44:33,531 [INFO] IntegrityCheckThread:103 - End integrity checks thread
2025-09-26 06:44:33,656 [INFO] WebApp:463 - Apply proxy settings
2025-09-26 06:44:33,657 [INFO] WebApp:548 - Chromium requires no authentication
2025-09-26 06:44:33,669 [INFO] WebApp:491 - Direct internet connection detected
2025-09-26 06:44:33,702 [INFO] WebApp:900 - Register for checkConnection events
2025-09-26 06:44:33,703 [INFO] WebApp:463 - Apply proxy settings
2025-09-26 06:44:33,703 [INFO] WebApp:548 - Chromium requires no authentication
2025-09-26 06:44:33,704 [INFO] WebApp:491 - Direct internet connection detected
2025-09-26 06:44:33,936 [INFO] WebApp:191 - Connection restablished
2025-09-26 06:44:34,073 [INFO] WebApp:225 - Starting web application
2025-09-26 06:44:34,073 [INFO] WebApp:593 - Web application path used /opt/st/stm32cubeide_1.19.0/plugins/com.st.stm32cube.common.mx_6.15.0.202507011659/db/plugins/mcufinder/reactClient1/index.html
2025-09-26 06:44:34,300 [INFO] UserAuth:487 - Internet connection configuration mode: 1
2025-09-26 06:44:52,801 [ERROR] LogOutputStream:75 - [STDERR_REDIRECT] Sep 26, 2025 6:44:52 AM java.util.prefs.FileSystemPreferences checkLockFile0ErrorCode
2025-09-26 06:44:52,802 [ERROR] LogOutputStream:75 - [STDERR_REDIRECT] WARNING: Could not lock System prefs. Unix error code 2.
2025-09-26 06:44:52,802 [ERROR] LogOutputStream:75 - [STDERR_REDIRECT] 
2025-09-26 06:44:52,803 [ERROR] LogOutputStream:75 - [STDERR_REDIRECT] Sep 26, 2025 6:44:52 AM java.util.prefs.FileSystemPreferences syncWorld
2025-09-26 06:44:52,803 [ERROR] LogOutputStream:75 - [STDERR_REDIRECT] WARNING: Couldn't flush system prefs: java.util.prefs.BackingStoreException: Couldn't get file lock.
2025-09-26 06:44:52,804 [ERROR] LogOutputStream:75 - [STDERR_REDIRECT] 
2025-09-26 06:45:22,791 [ERROR] LogOutputStream:75 - [STDERR_REDIRECT] Sep 26, 2025 6:45:22 AM java.util.prefs.FileSystemPreferences checkLockFile0ErrorCode
2025-09-26 06:45:22,791 [ERROR] LogOutputStream:75 - [STDERR_REDIRECT] WARNING: Could not lock System prefs. Unix error code 2.
2025-09-26 06:45:22,792 [ERROR] LogOutputStream:75 - [STDERR_REDIRECT] 
2025-09-26 06:45:22,793 [ERROR] LogOutputStream:75 - [STDERR_REDIRECT] Sep 26, 2025 6:45:22 AM java.util.prefs.FileSystemPreferences syncWorld
2025-09-26 06:45:22,793 [ERROR] LogOutputStream:75 - [STDERR_REDIRECT] WARNING: Couldn't flush system prefs: java.util.prefs.BackingStoreException: Couldn't get file lock.
2025-09-26 06:45:22,793 [ERROR] LogOutputStream:75 - [STDERR_REDIRECT] 
2025-09-26 06:45:52,791 [ERROR] LogOutputStream:75 - [STDERR_REDIRECT] Sep 26, 2025 6:45:52 AM java.util.prefs.FileSystemPreferences checkLockFile0ErrorCode
2025-09-26 06:45:52,791 [ERROR] LogOutputStream:75 - [STDERR_REDIRECT] WARNING: Could not lock System prefs. Unix error code 2.
2025-09-26 06:45:52,792 [ERROR] LogOutputStream:75 - [STDERR_REDIRECT] 
2025-09-26 06:45:52,792 [ERROR] LogOutputStream:75 - [STDERR_REDIRECT] Sep 26, 2025 6:45:52 AM java.util.prefs.FileSystemPreferences syncWorld
2025-09-26 06:45:52,793 [ERROR] LogOutputStream:75 - [STDERR_REDIRECT] WARNING: Couldn't flush system prefs: java.util.prefs.BackingStoreException: Couldn't get file lock.
2025-09-26 06:45:52,793 [ERROR] LogOutputStream:75 - [STDERR_REDIRECT] 
2025-09-26 06:46:22,790 [ERROR] LogOutputStream:75 - [STDERR_REDIRECT] Sep 26, 2025 6:46:22 AM java.util.prefs.FileSystemPreferences checkLockFile0ErrorCode
2025-09-26 06:46:22,791 [ERROR] LogOutputStream:75 - [STDERR_REDIRECT] WARNING: Could not lock System prefs. Unix error code 2.
2025-09-26 06:46:22,791 [ERROR] LogOutputStream:75 - [STDERR_REDIRECT] 
2025-09-26 06:46:22,791 [ERROR] LogOutputStream:75 - [STDERR_REDIRECT] Sep 26, 2025 6:46:22 AM java.util.prefs.FileSystemPreferences syncWorld
2025-09-26 06:46:22,792 [ERROR] LogOutputStream:75 - [STDERR_REDIRECT] WARNING: Couldn't flush system prefs: java.util.prefs.BackingStoreException: Couldn't get file lock.
2025-09-26 06:46:22,792 [ERROR] LogOutputStream:75 - [STDERR_REDIRECT] 
2025-09-26 06:46:52,791 [ERROR] LogOutputStream:75 - [STDERR_REDIRECT] Sep 26, 2025 6:46:52 AM java.util.prefs.FileSystemPreferences checkLockFile0ErrorCode
2025-09-26 06:46:52,791 [ERROR] LogOutputStream:75 - [STDERR_REDIRECT] WARNING: Could not lock System prefs. Unix error code 2.
2025-09-26 06:46:52,792 [ERROR] LogOutputStream:75 - [STDERR_REDIRECT] 
2025-09-26 06:46:52,792 [ERROR] LogOutputStream:75 - [STDERR_REDIRECT] Sep 26, 2025 6:46:52 AM java.util.prefs.FileSystemPreferences syncWorld
2025-09-26 06:46:52,792 [ERROR] LogOutputStream:75 - [STDERR_REDIRECT] WARNING: Couldn't flush system prefs: java.util.prefs.BackingStoreException: Couldn't get file lock.
2025-09-26 06:46:52,793 [ERROR] LogOutputStream:75 - [STDERR_REDIRECT] 
2025-09-26 06:47:22,814 [ERROR] LogOutputStream:75 - [STDERR_REDIRECT] Sep 26, 2025 6:47:22 AM java.util.prefs.FileSystemPreferences checkLockFile0ErrorCode
2025-09-26 06:47:22,815 [ERROR] LogOutputStream:75 - [STDERR_REDIRECT] WARNING: Could not lock System prefs. Unix error code 2.
2025-09-26 06:47:22,815 [ERROR] LogOutputStream:75 - [STDERR_REDIRECT] 
2025-09-26 06:47:22,816 [ERROR] LogOutputStream:75 - [STDERR_REDIRECT] Sep 26, 2025 6:47:22 AM java.util.prefs.FileSystemPreferences syncWorld
2025-09-26 06:47:22,816 [ERROR] LogOutputStream:75 - [STDERR_REDIRECT] WARNING: Couldn't flush system prefs: java.util.prefs.BackingStoreException: Couldn't get file lock.
2025-09-26 06:47:22,816 [ERROR] LogOutputStream:75 - [STDERR_REDIRECT] 
2025-09-26 06:47:52,791 [ERROR] LogOutputStream:75 - [STDERR_REDIRECT] Sep 26, 2025 6:47:52 AM java.util.prefs.FileSystemPreferences checkLockFile0ErrorCode
2025-09-26 06:47:52,791 [ERROR] LogOutputStream:75 - [STDERR_REDIRECT] WARNING: Could not lock System prefs. Unix error code 2.
2025-09-26 06:47:52,791 [ERROR] LogOutputStream:75 - [STDERR_REDIRECT] 
2025-09-26 06:47:52,792 [ERROR] LogOutputStream:75 - [STDERR_REDIRECT] Sep 26, 2025 6:47:52 AM java.util.prefs.FileSystemPreferences syncWorld
2025-09-26 06:47:52,792 [ERROR] LogOutputStream:75 - [STDERR_REDIRECT] WARNING: Couldn't flush system prefs: java.util.prefs.BackingStoreException: Couldn't get file lock.
2025-09-26 06:47:52,792 [ERROR] LogOutputStream:75 - [STDERR_REDIRECT] 
2025-09-26 06:48:22,790 [ERROR] LogOutputStream:75 - [STDERR_REDIRECT] Sep 26, 2025 6:48:22 AM java.util.prefs.FileSystemPreferences checkLockFile0ErrorCode
2025-09-26 06:48:22,790 [ERROR] LogOutputStream:75 - [STDERR_REDIRECT] WARNING: Could not lock System prefs. Unix error code 2.
2025-09-26 06:48:22,790 [ERROR] LogOutputStream:75 - [STDERR_REDIRECT] 
2025-09-26 06:48:22,791 [ERROR] LogOutputStream:75 - [STDERR_REDIRECT] Sep 26, 2025 6:48:22 AM java.util.prefs.FileSystemPreferences syncWorld
2025-09-26 06:48:22,791 [ERROR] LogOutputStream:75 - [STDERR_REDIRECT] WARNING: Couldn't flush system prefs: java.util.prefs.BackingStoreException: Couldn't get file lock.
2025-09-26 06:48:22,791 [ERROR] LogOutputStream:75 - [STDERR_REDIRECT] 
2025-09-26 06:48:52,791 [ERROR] LogOutputStream:75 - [STDERR_REDIRECT] Sep 26, 2025 6:48:52 AM java.util.prefs.FileSystemPreferences checkLockFile0ErrorCode
2025-09-26 06:48:52,791 [ERROR] LogOutputStream:75 - [STDERR_REDIRECT] WARNING: Could not lock System prefs. Unix error code 2.
2025-09-26 06:48:52,791 [ERROR] LogOutputStream:75 - [STDERR_REDIRECT] 
2025-09-26 06:48:52,792 [ERROR] LogOutputStream:75 - [STDERR_REDIRECT] Sep 26, 2025 6:48:52 AM java.util.prefs.FileSystemPreferences syncWorld
2025-09-26 06:48:52,792 [ERROR] LogOutputStream:75 - [STDERR_REDIRECT] WARNING: Couldn't flush system prefs: java.util.prefs.BackingStoreException: Couldn't get file lock.
2025-09-26 06:48:52,792 [ERROR] LogOutputStream:75 - [STDERR_REDIRECT] 
2025-09-26 06:49:22,792 [ERROR] LogOutputStream:75 - [STDERR_REDIRECT] Sep 26, 2025 6:49:22 AM java.util.prefs.FileSystemPreferences checkLockFile0ErrorCode
2025-09-26 06:49:22,792 [ERROR] LogOutputStream:75 - [STDERR_REDIRECT] WARNING: Could not lock System prefs. Unix error code 2.
2025-09-26 06:49:22,793 [ERROR] LogOutputStream:75 - [STDERR_REDIRECT] 
2025-09-26 06:49:22,793 [ERROR] LogOutputStream:75 - [STDERR_REDIRECT] Sep 26, 2025 6:49:22 AM java.util.prefs.FileSystemPreferences syncWorld
2025-09-26 06:49:22,793 [ERROR] LogOutputStream:75 - [STDERR_REDIRECT] WARNING: Couldn't flush system prefs: java.util.prefs.BackingStoreException: Couldn't get file lock.
2025-09-26 06:49:22,794 [ERROR] LogOutputStream:75 - [STDERR_REDIRECT] 
2025-09-26 06:49:52,793 [ERROR] LogOutputStream:75 - [STDERR_REDIRECT] Sep 26, 2025 6:49:52 AM java.util.prefs.FileSystemPreferences checkLockFile0ErrorCode
2025-09-26 06:49:52,793 [ERROR] LogOutputStream:75 - [STDERR_REDIRECT] WARNING: Could not lock System prefs. Unix error code 2.
2025-09-26 06:49:52,793 [ERROR] LogOutputStream:75 - [STDERR_REDIRECT] 
2025-09-26 06:49:52,794 [ERROR] LogOutputStream:75 - [STDERR_REDIRECT] Sep 26, 2025 6:49:52 AM java.util.prefs.FileSystemPreferences syncWorld
2025-09-26 06:49:52,795 [ERROR] LogOutputStream:75 - [STDERR_REDIRECT] WARNING: Couldn't flush system prefs: java.util.prefs.BackingStoreException: Couldn't get file lock.
2025-09-26 06:49:52,795 [ERROR] LogOutputStream:75 - [STDERR_REDIRECT] 
2025-09-26 06:50:22,796 [ERROR] LogOutputStream:75 - [STDERR_REDIRECT] Sep 26, 2025 6:50:22 AM java.util.prefs.FileSystemPreferences checkLockFile0ErrorCode
2025-09-26 06:50:22,797 [ERROR] LogOutputStream:75 - [STDERR_REDIRECT] WARNING: Could not lock System prefs. Unix error code 2.
2025-09-26 06:50:22,797 [ERROR] LogOutputStream:75 - [STDERR_REDIRECT] 
2025-09-26 06:50:22,798 [ERROR] LogOutputStream:75 - [STDERR_REDIRECT] Sep 26, 2025 6:50:22 AM java.util.prefs.FileSystemPreferences syncWorld
2025-09-26 06:50:22,798 [ERROR] LogOutputStream:75 - [STDERR_REDIRECT] WARNING: Couldn't flush system prefs: java.util.prefs.BackingStoreException: Couldn't get file lock.
2025-09-26 06:50:22,798 [ERROR] LogOutputStream:75 - [STDERR_REDIRECT] 
2025-09-26 06:50:52,792 [ERROR] LogOutputStream:75 - [STDERR_REDIRECT] Sep 26, 2025 6:50:52 AM java.util.prefs.FileSystemPreferences checkLockFile0ErrorCode
2025-09-26 06:50:52,793 [ERROR] LogOutputStream:75 - [STDERR_REDIRECT] WARNING: Could not lock System prefs. Unix error code 2.
2025-09-26 06:50:52,793 [ERROR] LogOutputStream:75 - [STDERR_REDIRECT] 
2025-09-26 06:50:52,794 [ERROR] LogOutputStream:75 - [STDERR_REDIRECT] Sep 26, 2025 6:50:52 AM java.util.prefs.FileSystemPreferences syncWorld
2025-09-26 06:50:52,794 [ERROR] LogOutputStream:75 - [STDERR_REDIRECT] WARNING: Couldn't flush system prefs: java.util.prefs.BackingStoreException: Couldn't get file lock.
2025-09-26 06:50:52,794 [ERROR] LogOutputStream:75 - [STDERR_REDIRECT] 
2025-09-26 06:51:22,793 [ERROR] LogOutputStream:75 - [STDERR_REDIRECT] Sep 26, 2025 6:51:22 AM java.util.prefs.FileSystemPreferences checkLockFile0ErrorCode
2025-09-26 06:51:22,793 [ERROR] LogOutputStream:75 - [STDERR_REDIRECT] WARNING: Could not lock System prefs. Unix error code 2.
2025-09-26 06:51:22,794 [ERROR] LogOutputStream:75 - [STDERR_REDIRECT] 
2025-09-26 06:51:22,794 [ERROR] LogOutputStream:75 - [STDERR_REDIRECT] Sep 26, 2025 6:51:22 AM java.util.prefs.FileSystemPreferences syncWorld
2025-09-26 06:51:22,794 [ERROR] LogOutputStream:75 - [STDERR_REDIRECT] WARNING: Couldn't flush system prefs: java.util.prefs.BackingStoreException: Couldn't get file lock.
2025-09-26 06:51:22,795 [ERROR] LogOutputStream:75 - [STDERR_REDIRECT] 
2025-09-26 06:51:52,794 [ERROR] LogOutputStream:75 - [STDERR_REDIRECT] Sep 26, 2025 6:51:52 AM java.util.prefs.FileSystemPreferences checkLockFile0ErrorCode
2025-09-26 06:51:52,794 [ERROR] LogOutputStream:75 - [STDERR_REDIRECT] WARNING: Could not lock System prefs. Unix error code 2.
2025-09-26 06:51:52,795 [ERROR] LogOutputStream:75 - [STDERR_REDIRECT] 
2025-09-26 06:51:52,796 [ERROR] LogOutputStream:75 - [STDERR_REDIRECT] Sep 26, 2025 6:51:52 AM java.util.prefs.FileSystemPreferences syncWorld
2025-09-26 06:51:52,796 [ERROR] LogOutputStream:75 - [STDERR_REDIRECT] WARNING: Couldn't flush system prefs: java.util.prefs.BackingStoreException: Couldn't get file lock.
2025-09-26 06:51:52,796 [ERROR] LogOutputStream:75 - [STDERR_REDIRECT] 
2025-09-26 06:52:22,794 [ERROR] LogOutputStream:75 - [STDERR_REDIRECT] Sep 26, 2025 6:52:22 AM java.util.prefs.FileSystemPreferences checkLockFile0ErrorCode
2025-09-26 06:52:22,794 [ERROR] LogOutputStream:75 - [STDERR_REDIRECT] WARNING: Could not lock System prefs. Unix error code 2.
2025-09-26 06:52:22,795 [ERROR] LogOutputStream:75 - [STDERR_REDIRECT] 
2025-09-26 06:52:22,795 [ERROR] LogOutputStream:75 - [STDERR_REDIRECT] Sep 26, 2025 6:52:22 AM java.util.prefs.FileSystemPreferences syncWorld
2025-09-26 06:52:22,795 [ERROR] LogOutputStream:75 - [STDERR_REDIRECT] WARNING: Couldn't flush system prefs: java.util.prefs.BackingStoreException: Couldn't get file lock.
2025-09-26 06:52:22,796 [ERROR] LogOutputStream:75 - [STDERR_REDIRECT] 
2025-09-26 06:52:52,795 [ERROR] LogOutputStream:75 - [STDERR_REDIRECT] Sep 26, 2025 6:52:52 AM java.util.prefs.FileSystemPreferences checkLockFile0ErrorCode
2025-09-26 06:52:52,796 [ERROR] LogOutputStream:75 - [STDERR_REDIRECT] WARNING: Could not lock System prefs. Unix error code 2.
2025-09-26 06:52:52,796 [ERROR] LogOutputStream:75 - [STDERR_REDIRECT] 
2025-09-26 06:52:52,797 [ERROR] LogOutputStream:75 - [STDERR_REDIRECT] Sep 26, 2025 6:52:52 AM java.util.prefs.FileSystemPreferences syncWorld
2025-09-26 06:52:52,797 [ERROR] LogOutputStream:75 - [STDERR_REDIRECT] WARNING: Couldn't flush system prefs: java.util.prefs.BackingStoreException: Couldn't get file lock.
2025-09-26 06:52:52,797 [ERROR] LogOutputStream:75 - [STDERR_REDIRECT] 
2025-09-26 06:53:22,795 [ERROR] LogOutputStream:75 - [STDERR_REDIRECT] Sep 26, 2025 6:53:22 AM java.util.prefs.FileSystemPreferences checkLockFile0ErrorCode
2025-09-26 06:53:22,795 [ERROR] LogOutputStream:75 - [STDERR_REDIRECT] WARNING: Could not lock System prefs. Unix error code 2.
2025-09-26 06:53:22,795 [ERROR] LogOutputStream:75 - [STDERR_REDIRECT] 
2025-09-26 06:53:22,796 [ERROR] LogOutputStream:75 - [STDERR_REDIRECT] Sep 26, 2025 6:53:22 AM java.util.prefs.FileSystemPreferences syncWorld
2025-09-26 06:53:22,796 [ERROR] LogOutputStream:75 - [STDERR_REDIRECT] WARNING: Couldn't flush system prefs: java.util.prefs.BackingStoreException: Couldn't get file lock.
2025-09-26 06:53:22,796 [ERROR] LogOutputStream:75 - [STDERR_REDIRECT] 
2025-09-26 06:53:52,795 [ERROR] LogOutputStream:75 - [STDERR_REDIRECT] Sep 26, 2025 6:53:52 AM java.util.prefs.FileSystemPreferences checkLockFile0ErrorCode
2025-09-26 06:53:52,795 [ERROR] LogOutputStream:75 - [STDERR_REDIRECT] WARNING: Could not lock System prefs. Unix error code 2.
2025-09-26 06:53:52,796 [ERROR] LogOutputStream:75 - [STDERR_REDIRECT] 
2025-09-26 06:53:52,796 [ERROR] LogOutputStream:75 - [STDERR_REDIRECT] Sep 26, 2025 6:53:52 AM java.util.prefs.FileSystemPreferences syncWorld
2025-09-26 06:53:52,796 [ERROR] LogOutputStream:75 - [STDERR_REDIRECT] WARNING: Couldn't flush system prefs: java.util.prefs.BackingStoreException: Couldn't get file lock.
2025-09-26 06:53:52,797 [ERROR] LogOutputStream:75 - [STDERR_REDIRECT] 
2025-09-26 06:54:22,795 [ERROR] LogOutputStream:75 - [STDERR_REDIRECT] Sep 26, 2025 6:54:22 AM java.util.prefs.FileSystemPreferences checkLockFile0ErrorCode
2025-09-26 06:54:22,796 [ERROR] LogOutputStream:75 - [STDERR_REDIRECT] WARNING: Could not lock System prefs. Unix error code 2.
2025-09-26 06:54:22,796 [ERROR] LogOutputStream:75 - [STDERR_REDIRECT] 
2025-09-26 06:54:22,797 [ERROR] LogOutputStream:75 - [STDERR_REDIRECT] Sep 26, 2025 6:54:22 AM java.util.prefs.FileSystemPreferences syncWorld
2025-09-26 06:54:22,798 [ERROR] LogOutputStream:75 - [STDERR_REDIRECT] WARNING: Couldn't flush system prefs: java.util.prefs.BackingStoreException: Couldn't get file lock.
2025-09-26 06:54:22,798 [ERROR] LogOutputStream:75 - [STDERR_REDIRECT] 
2025-09-26 06:54:52,795 [ERROR] LogOutputStream:75 - [STDERR_REDIRECT] Sep 26, 2025 6:54:52 AM java.util.prefs.FileSystemPreferences checkLockFile0ErrorCode
2025-09-26 06:54:52,796 [ERROR] LogOutputStream:75 - [STDERR_REDIRECT] WARNING: Could not lock System prefs. Unix error code 2.
2025-09-26 06:54:52,796 [ERROR] LogOutputStream:75 - [STDERR_REDIRECT] 
2025-09-26 06:54:52,797 [ERROR] LogOutputStream:75 - [STDERR_REDIRECT] Sep 26, 2025 6:54:52 AM java.util.prefs.FileSystemPreferences syncWorld
2025-09-26 06:54:52,797 [ERROR] LogOutputStream:75 - [STDERR_REDIRECT] WARNING: Couldn't flush system prefs: java.util.prefs.BackingStoreException: Couldn't get file lock.
2025-09-26 06:54:52,797 [ERROR] LogOutputStream:75 - [STDERR_REDIRECT] 
2025-09-26 06:55:22,795 [ERROR] LogOutputStream:75 - [STDERR_REDIRECT] Sep 26, 2025 6:55:22 AM java.util.prefs.FileSystemPreferences checkLockFile0ErrorCode
2025-09-26 06:55:22,796 [ERROR] LogOutputStream:75 - [STDERR_REDIRECT] WARNING: Could not lock System prefs. Unix error code 2.
2025-09-26 06:55:22,796 [ERROR] LogOutputStream:75 - [STDERR_REDIRECT] 
2025-09-26 06:55:22,797 [ERROR] LogOutputStream:75 - [STDERR_REDIRECT] Sep 26, 2025 6:55:22 AM java.util.prefs.FileSystemPreferences syncWorld
2025-09-26 06:55:22,797 [ERROR] LogOutputStream:75 - [STDERR_REDIRECT] WARNING: Couldn't flush system prefs: java.util.prefs.BackingStoreException: Couldn't get file lock.
2025-09-26 06:55:22,797 [ERROR] LogOutputStream:75 - [STDERR_REDIRECT] 
2025-09-26 06:55:52,795 [ERROR] LogOutputStream:75 - [STDERR_REDIRECT] Sep 26, 2025 6:55:52 AM java.util.prefs.FileSystemPreferences checkLockFile0ErrorCode
2025-09-26 06:55:52,796 [ERROR] LogOutputStream:75 - [STDERR_REDIRECT] WARNING: Could not lock System prefs. Unix error code 2.
2025-09-26 06:55:52,796 [ERROR] LogOutputStream:75 - [STDERR_REDIRECT] 
2025-09-26 06:55:52,797 [ERROR] LogOutputStream:75 - [STDERR_REDIRECT] Sep 26, 2025 6:55:52 AM java.util.prefs.FileSystemPreferences syncWorld
2025-09-26 06:55:52,797 [ERROR] LogOutputStream:75 - [STDERR_REDIRECT] WARNING: Couldn't flush system prefs: java.util.prefs.BackingStoreException: Couldn't get file lock.
2025-09-26 06:55:52,797 [ERROR] LogOutputStream:75 - [STDERR_REDIRECT] 
2025-09-26 06:56:22,796 [ERROR] LogOutputStream:75 - [STDERR_REDIRECT] Sep 26, 2025 6:56:22 AM java.util.prefs.FileSystemPreferences checkLockFile0ErrorCode
2025-09-26 06:56:22,796 [ERROR] LogOutputStream:75 - [STDERR_REDIRECT] WARNING: Could not lock System prefs. Unix error code 2.
2025-09-26 06:56:22,796 [ERROR] LogOutputStream:75 - [STDERR_REDIRECT] 
2025-09-26 06:56:22,797 [ERROR] LogOutputStream:75 - [STDERR_REDIRECT] Sep 26, 2025 6:56:22 AM java.util.prefs.FileSystemPreferences syncWorld
2025-09-26 06:56:22,797 [ERROR] LogOutputStream:75 - [STDERR_REDIRECT] WARNING: Couldn't flush system prefs: java.util.prefs.BackingStoreException: Couldn't get file lock.
2025-09-26 06:56:22,797 [ERROR] LogOutputStream:75 - [STDERR_REDIRECT] 
2025-09-26 06:56:52,826 [ERROR] LogOutputStream:75 - [STDERR_REDIRECT] Sep 26, 2025 6:56:52 AM java.util.prefs.FileSystemPreferences checkLockFile0ErrorCode
2025-09-26 06:56:52,826 [ERROR] LogOutputStream:75 - [STDERR_REDIRECT] WARNING: Could not lock System prefs. Unix error code 2.
2025-09-26 06:56:52,827 [ERROR] LogOutputStream:75 - [STDERR_REDIRECT] 
2025-09-26 06:56:52,827 [ERROR] LogOutputStream:75 - [STDERR_REDIRECT] Sep 26, 2025 6:56:52 AM java.util.prefs.FileSystemPreferences syncWorld
2025-09-26 06:56:52,827 [ERROR] LogOutputStream:75 - [STDERR_REDIRECT] WARNING: Couldn't flush system prefs: java.util.prefs.BackingStoreException: Couldn't get file lock.
2025-09-26 06:56:52,827 [ERROR] LogOutputStream:75 - [STDERR_REDIRECT] 
2025-09-26 06:57:22,798 [ERROR] LogOutputStream:75 - [STDERR_REDIRECT] Sep 26, 2025 6:57:22 AM java.util.prefs.FileSystemPreferences checkLockFile0ErrorCode
2025-09-26 06:57:22,799 [ERROR] LogOutputStream:75 - [STDERR_REDIRECT] WARNING: Could not lock System prefs. Unix error code 2.
2025-09-26 06:57:22,799 [ERROR] LogOutputStream:75 - [STDERR_REDIRECT] 
2025-09-26 06:57:22,800 [ERROR] LogOutputStream:75 - [STDERR_REDIRECT] Sep 26, 2025 6:57:22 AM java.util.prefs.FileSystemPreferences syncWorld
2025-09-26 06:57:22,800 [ERROR] LogOutputStream:75 - [STDERR_REDIRECT] WARNING: Couldn't flush system prefs: java.util.prefs.BackingStoreException: Couldn't get file lock.
2025-09-26 06:57:22,800 [ERROR] LogOutputStream:75 - [STDERR_REDIRECT] 
2025-09-26 06:57:52,796 [ERROR] LogOutputStream:75 - [STDERR_REDIRECT] Sep 26, 2025 6:57:52 AM java.util.prefs.FileSystemPreferences checkLockFile0ErrorCode
2025-09-26 06:57:52,797 [ERROR] LogOutputStream:75 - [STDERR_REDIRECT] WARNING: Could not lock System prefs. Unix error code 2.
2025-09-26 06:57:52,797 [ERROR] LogOutputStream:75 - [STDERR_REDIRECT] 
2025-09-26 06:57:52,797 [ERROR] LogOutputStream:75 - [STDERR_REDIRECT] Sep 26, 2025 6:57:52 AM java.util.prefs.FileSystemPreferences syncWorld
2025-09-26 06:57:52,798 [ERROR] LogOutputStream:75 - [STDERR_REDIRECT] WARNING: Couldn't flush system prefs: java.util.prefs.BackingStoreException: Couldn't get file lock.
2025-09-26 06:57:52,798 [ERROR] LogOutputStream:75 - [STDERR_REDIRECT] 
2025-09-26 06:58:22,797 [ERROR] LogOutputStream:75 - [STDERR_REDIRECT] Sep 26, 2025 6:58:22 AM java.util.prefs.FileSystemPreferences checkLockFile0ErrorCode
2025-09-26 06:58:22,798 [ERROR] LogOutputStream:75 - [STDERR_REDIRECT] WARNING: Could not lock System prefs. Unix error code 2.
2025-09-26 06:58:22,798 [ERROR] LogOutputStream:75 - [STDERR_REDIRECT] 
2025-09-26 06:58:22,798 [ERROR] LogOutputStream:75 - [STDERR_REDIRECT] Sep 26, 2025 6:58:22 AM java.util.prefs.FileSystemPreferences syncWorld
2025-09-26 06:58:22,799 [ERROR] LogOutputStream:75 - [STDERR_REDIRECT] WARNING: Couldn't flush system prefs: java.util.prefs.BackingStoreException: Couldn't get file lock.
2025-09-26 06:58:22,799 [ERROR] LogOutputStream:75 - [STDERR_REDIRECT] 
2025-09-26 06:58:52,800 [ERROR] LogOutputStream:75 - [STDERR_REDIRECT] Sep 26, 2025 6:58:52 AM java.util.prefs.FileSystemPreferences checkLockFile0ErrorCode
2025-09-26 06:58:52,801 [ERROR] LogOutputStream:75 - [STDERR_REDIRECT] WARNING: Could not lock System prefs. Unix error code 2.
2025-09-26 06:58:52,801 [ERROR] LogOutputStream:75 - [STDERR_REDIRECT] 
2025-09-26 06:58:52,802 [ERROR] LogOutputStream:75 - [STDERR_REDIRECT] Sep 26, 2025 6:58:52 AM java.util.prefs.FileSystemPreferences syncWorld
2025-09-26 06:58:52,802 [ERROR] LogOutputStream:75 - [STDERR_REDIRECT] WARNING: Couldn't flush system prefs: java.util.prefs.BackingStoreException: Couldn't get file lock.
2025-09-26 06:58:52,802 [ERROR] LogOutputStream:75 - [STDERR_REDIRECT] 
2025-09-26 06:59:22,798 [ERROR] LogOutputStream:75 - [STDERR_REDIRECT] Sep 26, 2025 6:59:22 AM java.util.prefs.FileSystemPreferences checkLockFile0ErrorCode
2025-09-26 06:59:22,799 [ERROR] LogOutputStream:75 - [STDERR_REDIRECT] WARNING: Could not lock System prefs. Unix error code 2.
2025-09-26 06:59:22,799 [ERROR] LogOutputStream:75 - [STDERR_REDIRECT] 
2025-09-26 06:59:22,799 [ERROR] LogOutputStream:75 - [STDERR_REDIRECT] Sep 26, 2025 6:59:22 AM java.util.prefs.FileSystemPreferences syncWorld
2025-09-26 06:59:22,800 [ERROR] LogOutputStream:75 - [STDERR_REDIRECT] WARNING: Couldn't flush system prefs: java.util.prefs.BackingStoreException: Couldn't get file lock.
2025-09-26 06:59:22,800 [ERROR] LogOutputStream:75 - [STDERR_REDIRECT] 
2025-09-26 06:59:52,800 [ERROR] LogOutputStream:75 - [STDERR_REDIRECT] Sep 26, 2025 6:59:52 AM java.util.prefs.FileSystemPreferences checkLockFile0ErrorCode
2025-09-26 06:59:52,801 [ERROR] LogOutputStream:75 - [STDERR_REDIRECT] WARNING: Could not lock System prefs. Unix error code 2.
2025-09-26 06:59:52,801 [ERROR] LogOutputStream:75 - [STDERR_REDIRECT] 
2025-09-26 06:59:52,802 [ERROR] LogOutputStream:75 - [STDERR_REDIRECT] Sep 26, 2025 6:59:52 AM java.util.prefs.FileSystemPreferences syncWorld
2025-09-26 06:59:52,802 [ERROR] LogOutputStream:75 - [STDERR_REDIRECT] WARNING: Couldn't flush system prefs: java.util.prefs.BackingStoreException: Couldn't get file lock.
2025-09-26 06:59:52,802 [ERROR] LogOutputStream:75 - [STDERR_REDIRECT] 
2025-09-26 07:00:22,799 [ERROR] LogOutputStream:75 - [STDERR_REDIRECT] Sep 26, 2025 7:00:22 AM java.util.prefs.FileSystemPreferences checkLockFile0ErrorCode
2025-09-26 07:00:22,799 [ERROR] LogOutputStream:75 - [STDERR_REDIRECT] WARNING: Could not lock System prefs. Unix error code 2.
2025-09-26 07:00:22,800 [ERROR] LogOutputStream:75 - [STDERR_REDIRECT] 
2025-09-26 07:00:22,800 [ERROR] LogOutputStream:75 - [STDERR_REDIRECT] Sep 26, 2025 7:00:22 AM java.util.prefs.FileSystemPreferences syncWorld
2025-09-26 07:00:22,801 [ERROR] LogOutputStream:75 - [STDERR_REDIRECT] WARNING: Couldn't flush system prefs: java.util.prefs.BackingStoreException: Couldn't get file lock.
2025-09-26 07:00:22,801 [ERROR] LogOutputStream:75 - [STDERR_REDIRECT] 
2025-09-26 07:00:52,799 [ERROR] LogOutputStream:75 - [STDERR_REDIRECT] Sep 26, 2025 7:00:52 AM java.util.prefs.FileSystemPreferences checkLockFile0ErrorCode
2025-09-26 07:00:52,799 [ERROR] LogOutputStream:75 - [STDERR_REDIRECT] WARNING: Could not lock System prefs. Unix error code 2.
2025-09-26 07:00:52,799 [ERROR] LogOutputStream:75 - [STDERR_REDIRECT] 
2025-09-26 07:00:52,800 [ERROR] LogOutputStream:75 - [STDERR_REDIRECT] Sep 26, 2025 7:00:52 AM java.util.prefs.FileSystemPreferences syncWorld
2025-09-26 07:00:52,800 [ERROR] LogOutputStream:75 - [STDERR_REDIRECT] WARNING: Couldn't flush system prefs: java.util.prefs.BackingStoreException: Couldn't get file lock.
2025-09-26 07:00:52,800 [ERROR] LogOutputStream:75 - [STDERR_REDIRECT] 
2025-09-26 07:01:22,798 [ERROR] LogOutputStream:75 - [STDERR_REDIRECT] Sep 26, 2025 7:01:22 AM java.util.prefs.FileSystemPreferences checkLockFile0ErrorCode
2025-09-26 07:01:22,799 [ERROR] LogOutputStream:75 - [STDERR_REDIRECT] WARNING: Could not lock System prefs. Unix error code 2.
2025-09-26 07:01:22,799 [ERROR] LogOutputStream:75 - [STDERR_REDIRECT] 
2025-09-26 07:01:22,799 [ERROR] LogOutputStream:75 - [STDERR_REDIRECT] Sep 26, 2025 7:01:22 AM java.util.prefs.FileSystemPreferences syncWorld
2025-09-26 07:01:22,799 [ERROR] LogOutputStream:75 - [STDERR_REDIRECT] WARNING: Couldn't flush system prefs: java.util.prefs.BackingStoreException: Couldn't get file lock.
2025-09-26 07:01:22,800 [ERROR] LogOutputStream:75 - [STDERR_REDIRECT] 
2025-09-26 07:01:52,799 [ERROR] LogOutputStream:75 - [STDERR_REDIRECT] Sep 26, 2025 7:01:52 AM java.util.prefs.FileSystemPreferences checkLockFile0ErrorCode
2025-09-26 07:01:52,799 [ERROR] LogOutputStream:75 - [STDERR_REDIRECT] WARNING: Could not lock System prefs. Unix error code 2.
2025-09-26 07:01:52,799 [ERROR] LogOutputStream:75 - [STDERR_REDIRECT] 
2025-09-26 07:01:52,800 [ERROR] LogOutputStream:75 - [STDERR_REDIRECT] Sep 26, 2025 7:01:52 AM java.util.prefs.FileSystemPreferences syncWorld
2025-09-26 07:01:52,800 [ERROR] LogOutputStream:75 - [STDERR_REDIRECT] WARNING: Couldn't flush system prefs: java.util.prefs.BackingStoreException: Couldn't get file lock.
2025-09-26 07:01:52,800 [ERROR] LogOutputStream:75 - [STDERR_REDIRECT] 
2025-09-26 07:02:22,802 [ERROR] LogOutputStream:75 - [STDERR_REDIRECT] Sep 26, 2025 7:02:22 AM java.util.prefs.FileSystemPreferences checkLockFile0ErrorCode
2025-09-26 07:02:22,802 [ERROR] LogOutputStream:75 - [STDERR_REDIRECT] WARNING: Could not lock System prefs. Unix error code 2.
2025-09-26 07:02:22,802 [ERROR] LogOutputStream:75 - [STDERR_REDIRECT] 
2025-09-26 07:02:22,803 [ERROR] LogOutputStream:75 - [STDERR_REDIRECT] Sep 26, 2025 7:02:22 AM java.util.prefs.FileSystemPreferences syncWorld
2025-09-26 07:02:22,803 [ERROR] LogOutputStream:75 - [STDERR_REDIRECT] WARNING: Couldn't flush system prefs: java.util.prefs.BackingStoreException: Couldn't get file lock.
2025-09-26 07:02:22,803 [ERROR] LogOutputStream:75 - [STDERR_REDIRECT] 
2025-09-26 07:02:52,803 [ERROR] LogOutputStream:75 - [STDERR_REDIRECT] Sep 26, 2025 7:02:52 AM java.util.prefs.FileSystemPreferences checkLockFile0ErrorCode
2025-09-26 07:02:52,804 [ERROR] LogOutputStream:75 - [STDERR_REDIRECT] WARNING: Could not lock System prefs. Unix error code 2.
2025-09-26 07:02:52,804 [ERROR] LogOutputStream:75 - [STDERR_REDIRECT] 
2025-09-26 07:02:52,804 [ERROR] LogOutputStream:75 - [STDERR_REDIRECT] Sep 26, 2025 7:02:52 AM java.util.prefs.FileSystemPreferences syncWorld
2025-09-26 07:02:52,804 [ERROR] LogOutputStream:75 - [STDERR_REDIRECT] WARNING: Couldn't flush system prefs: java.util.prefs.BackingStoreException: Couldn't get file lock.
2025-09-26 07:02:52,805 [ERROR] LogOutputStream:75 - [STDERR_REDIRECT] 
2025-09-26 07:03:22,800 [ERROR] LogOutputStream:75 - [STDERR_REDIRECT] Sep 26, 2025 7:03:22 AM java.util.prefs.FileSystemPreferences checkLockFile0ErrorCode
2025-09-26 07:03:22,800 [ERROR] LogOutputStream:75 - [STDERR_REDIRECT] WARNING: Could not lock System prefs. Unix error code 2.
2025-09-26 07:03:22,800 [ERROR] LogOutputStream:75 - [STDERR_REDIRECT] 
2025-09-26 07:03:22,801 [ERROR] LogOutputStream:75 - [STDERR_REDIRECT] Sep 26, 2025 7:03:22 AM java.util.prefs.FileSystemPreferences syncWorld
2025-09-26 07:03:22,801 [ERROR] LogOutputStream:75 - [STDERR_REDIRECT] WARNING: Couldn't flush system prefs: java.util.prefs.BackingStoreException: Couldn't get file lock.
2025-09-26 07:03:22,801 [ERROR] LogOutputStream:75 - [STDERR_REDIRECT] 
2025-09-26 07:03:52,800 [ERROR] LogOutputStream:75 - [STDERR_REDIRECT] Sep 26, 2025 7:03:52 AM java.util.prefs.FileSystemPreferences checkLockFile0ErrorCode
2025-09-26 07:03:52,800 [ERROR] LogOutputStream:75 - [STDERR_REDIRECT] WARNING: Could not lock System prefs. Unix error code 2.
2025-09-26 07:03:52,800 [ERROR] LogOutputStream:75 - [STDERR_REDIRECT] 
2025-09-26 07:03:52,801 [ERROR] LogOutputStream:75 - [STDERR_REDIRECT] Sep 26, 2025 7:03:52 AM java.util.prefs.FileSystemPreferences syncWorld
2025-09-26 07:03:52,801 [ERROR] LogOutputStream:75 - [STDERR_REDIRECT] WARNING: Couldn't flush system prefs: java.util.prefs.BackingStoreException: Couldn't get file lock.
2025-09-26 07:03:52,801 [ERROR] LogOutputStream:75 - [STDERR_REDIRECT] 
2025-09-26 07:04:22,801 [ERROR] LogOutputStream:75 - [STDERR_REDIRECT] Sep 26, 2025 7:04:22 AM java.util.prefs.FileSystemPreferences checkLockFile0ErrorCode
2025-09-26 07:04:22,801 [ERROR] LogOutputStream:75 - [STDERR_REDIRECT] WARNING: Could not lock System prefs. Unix error code 2.
2025-09-26 07:04:22,801 [ERROR] LogOutputStream:75 - [STDERR_REDIRECT] 
2025-09-26 07:04:22,802 [ERROR] LogOutputStream:75 - [STDERR_REDIRECT] Sep 26, 2025 7:04:22 AM java.util.prefs.FileSystemPreferences syncWorld
2025-09-26 07:04:22,802 [ERROR] LogOutputStream:75 - [STDERR_REDIRECT] WARNING: Couldn't flush system prefs: java.util.prefs.BackingStoreException: Couldn't get file lock.
2025-09-26 07:04:22,802 [ERROR] LogOutputStream:75 - [STDERR_REDIRECT] 
2025-09-26 07:04:52,801 [ERROR] LogOutputStream:75 - [STDERR_REDIRECT] Sep 26, 2025 7:04:52 AM java.util.prefs.FileSystemPreferences checkLockFile0ErrorCode
2025-09-26 07:04:52,801 [ERROR] LogOutputStream:75 - [STDERR_REDIRECT] WARNING: Could not lock System prefs. Unix error code 2.
2025-09-26 07:04:52,802 [ERROR] LogOutputStream:75 - [STDERR_REDIRECT] 
2025-09-26 07:04:52,802 [ERROR] LogOutputStream:75 - [STDERR_REDIRECT] Sep 26, 2025 7:04:52 AM java.util.prefs.FileSystemPreferences syncWorld
2025-09-26 07:04:52,803 [ERROR] LogOutputStream:75 - [STDERR_REDIRECT] WARNING: Couldn't flush system prefs: java.util.prefs.BackingStoreException: Couldn't get file lock.
2025-09-26 07:04:52,803 [ERROR] LogOutputStream:75 - [STDERR_REDIRECT] 
2025-09-26 07:05:22,803 [ERROR] LogOutputStream:75 - [STDERR_REDIRECT] Sep 26, 2025 7:05:22 AM java.util.prefs.FileSystemPreferences checkLockFile0ErrorCode
2025-09-26 07:05:22,804 [ERROR] LogOutputStream:75 - [STDERR_REDIRECT] WARNING: Could not lock System prefs. Unix error code 2.
2025-09-26 07:05:22,804 [ERROR] LogOutputStream:75 - [STDERR_REDIRECT] 
2025-09-26 07:05:22,805 [ERROR] LogOutputStream:75 - [STDERR_REDIRECT] Sep 26, 2025 7:05:22 AM java.util.prefs.FileSystemPreferences syncWorld
2025-09-26 07:05:22,805 [ERROR] LogOutputStream:75 - [STDERR_REDIRECT] WARNING: Couldn't flush system prefs: java.util.prefs.BackingStoreException: Couldn't get file lock.
2025-09-26 07:05:22,806 [ERROR] LogOutputStream:75 - [STDERR_REDIRECT] 
2025-09-26 07:05:52,803 [ERROR] LogOutputStream:75 - [STDERR_REDIRECT] Sep 26, 2025 7:05:52 AM java.util.prefs.FileSystemPreferences checkLockFile0ErrorCode
2025-09-26 07:05:52,804 [ERROR] LogOutputStream:75 - [STDERR_REDIRECT] WARNING: Could not lock System prefs. Unix error code 2.
2025-09-26 07:05:52,804 [ERROR] LogOutputStream:75 - [STDERR_REDIRECT] 
2025-09-26 07:05:52,804 [ERROR] LogOutputStream:75 - [STDERR_REDIRECT] Sep 26, 2025 7:05:52 AM java.util.prefs.FileSystemPreferences syncWorld
2025-09-26 07:05:52,805 [ERROR] LogOutputStream:75 - [STDERR_REDIRECT] WARNING: Couldn't flush system prefs: java.util.prefs.BackingStoreException: Couldn't get file lock.
2025-09-26 07:05:52,805 [ERROR] LogOutputStream:75 - [STDERR_REDIRECT] 
2025-09-26 07:06:22,801 [ERROR] LogOutputStream:75 - [STDERR_REDIRECT] Sep 26, 2025 7:06:22 AM java.util.prefs.FileSystemPreferences checkLockFile0ErrorCode
2025-09-26 07:06:22,801 [ERROR] LogOutputStream:75 - [STDERR_REDIRECT] WARNING: Could not lock System prefs. Unix error code 2.
2025-09-26 07:06:22,802 [ERROR] LogOutputStream:75 - [STDERR_REDIRECT] 
2025-09-26 07:06:22,802 [ERROR] LogOutputStream:75 - [STDERR_REDIRECT] Sep 26, 2025 7:06:22 AM java.util.prefs.FileSystemPreferences syncWorld
2025-09-26 07:06:22,803 [ERROR] LogOutputStream:75 - [STDERR_REDIRECT] WARNING: Couldn't flush system prefs: java.util.prefs.BackingStoreException: Couldn't get file lock.
2025-09-26 07:06:22,803 [ERROR] LogOutputStream:75 - [STDERR_REDIRECT] 
2025-09-26 07:06:52,802 [ERROR] LogOutputStream:75 - [STDERR_REDIRECT] Sep 26, 2025 7:06:52 AM java.util.prefs.FileSystemPreferences checkLockFile0ErrorCode
2025-09-26 07:06:52,802 [ERROR] LogOutputStream:75 - [STDERR_REDIRECT] WARNING: Could not lock System prefs. Unix error code 2.
2025-09-26 07:06:52,803 [ERROR] LogOutputStream:75 - [STDERR_REDIRECT] 
2025-09-26 07:06:52,803 [ERROR] LogOutputStream:75 - [STDERR_REDIRECT] Sep 26, 2025 7:06:52 AM java.util.prefs.FileSystemPreferences syncWorld
2025-09-26 07:06:52,803 [ERROR] LogOutputStream:75 - [STDERR_REDIRECT] WARNING: Couldn't flush system prefs: java.util.prefs.BackingStoreException: Couldn't get file lock.
2025-09-26 07:06:52,804 [ERROR] LogOutputStream:75 - [STDERR_REDIRECT] 
2025-09-26 07:07:22,824 [ERROR] LogOutputStream:75 - [STDERR_REDIRECT] Sep 26, 2025 7:07:22 AM java.util.prefs.FileSystemPreferences checkLockFile0ErrorCode
2025-09-26 07:07:22,824 [ERROR] LogOutputStream:75 - [STDERR_REDIRECT] WARNING: Could not lock System prefs. Unix error code 2.
2025-09-26 07:07:22,824 [ERROR] LogOutputStream:75 - [STDERR_REDIRECT] 
2025-09-26 07:07:22,825 [ERROR] LogOutputStream:75 - [STDERR_REDIRECT] Sep 26, 2025 7:07:22 AM java.util.prefs.FileSystemPreferences syncWorld
2025-09-26 07:07:22,825 [ERROR] LogOutputStream:75 - [STDERR_REDIRECT] WARNING: Couldn't flush system prefs: java.util.prefs.BackingStoreException: Couldn't get file lock.
2025-09-26 07:07:22,825 [ERROR] LogOutputStream:75 - [STDERR_REDIRECT] 
2025-09-26 07:07:52,821 [ERROR] LogOutputStream:75 - [STDERR_REDIRECT] Sep 26, 2025 7:07:52 AM java.util.prefs.FileSystemPreferences checkLockFile0ErrorCode
2025-09-26 07:07:52,822 [ERROR] LogOutputStream:75 - [STDERR_REDIRECT] WARNING: Could not lock System prefs. Unix error code 2.
2025-09-26 07:07:52,822 [ERROR] LogOutputStream:75 - [STDERR_REDIRECT] 
2025-09-26 07:07:52,822 [ERROR] LogOutputStream:75 - [STDERR_REDIRECT] Sep 26, 2025 7:07:52 AM java.util.prefs.FileSystemPreferences syncWorld
2025-09-26 07:07:52,823 [ERROR] LogOutputStream:75 - [STDERR_REDIRECT] WARNING: Couldn't flush system prefs: java.util.prefs.BackingStoreException: Couldn't get file lock.
2025-09-26 07:07:52,823 [ERROR] LogOutputStream:75 - [STDERR_REDIRECT] 
2025-09-26 07:08:22,821 [ERROR] LogOutputStream:75 - [STDERR_REDIRECT] Sep 26, 2025 7:08:22 AM java.util.prefs.FileSystemPreferences checkLockFile0ErrorCode
2025-09-26 07:08:22,822 [ERROR] LogOutputStream:75 - [STDERR_REDIRECT] WARNING: Could not lock System prefs. Unix error code 2.
2025-09-26 07:08:22,822 [ERROR] LogOutputStream:75 - [STDERR_REDIRECT] 
2025-09-26 07:08:22,823 [ERROR] LogOutputStream:75 - [STDERR_REDIRECT] Sep 26, 2025 7:08:22 AM java.util.prefs.FileSystemPreferences syncWorld
2025-09-26 07:08:22,823 [ERROR] LogOutputStream:75 - [STDERR_REDIRECT] WARNING: Couldn't flush system prefs: java.util.prefs.BackingStoreException: Couldn't get file lock.
2025-09-26 07:08:22,823 [ERROR] LogOutputStream:75 - [STDERR_REDIRECT] 
2025-09-26 07:08:52,821 [ERROR] LogOutputStream:75 - [STDERR_REDIRECT] Sep 26, 2025 7:08:52 AM java.util.prefs.FileSystemPreferences checkLockFile0ErrorCode
2025-09-26 07:08:52,821 [ERROR] LogOutputStream:75 - [STDERR_REDIRECT] WARNING: Could not lock System prefs. Unix error code 2.
2025-09-26 07:08:52,822 [ERROR] LogOutputStream:75 - [STDERR_REDIRECT] 
2025-09-26 07:08:52,822 [ERROR] LogOutputStream:75 - [STDERR_REDIRECT] Sep 26, 2025 7:08:52 AM java.util.prefs.FileSystemPreferences syncWorld
2025-09-26 07:08:52,822 [ERROR] LogOutputStream:75 - [STDERR_REDIRECT] WARNING: Couldn't flush system prefs: java.util.prefs.BackingStoreException: Couldn't get file lock.
2025-09-26 07:08:52,822 [ERROR] LogOutputStream:75 - [STDERR_REDIRECT] 
2025-09-26 07:09:22,823 [ERROR] LogOutputStream:75 - [STDERR_REDIRECT] Sep 26, 2025 7:09:22 AM java.util.prefs.FileSystemPreferences checkLockFile0ErrorCode
2025-09-26 07:09:22,823 [ERROR] LogOutputStream:75 - [STDERR_REDIRECT] WARNING: Could not lock System prefs. Unix error code 2.
2025-09-26 07:09:22,823 [ERROR] LogOutputStream:75 - [STDERR_REDIRECT] 
2025-09-26 07:09:22,824 [ERROR] LogOutputStream:75 - [STDERR_REDIRECT] Sep 26, 2025 7:09:22 AM java.util.prefs.FileSystemPreferences syncWorld
2025-09-26 07:09:22,824 [ERROR] LogOutputStream:75 - [STDERR_REDIRECT] WARNING: Couldn't flush system prefs: java.util.prefs.BackingStoreException: Couldn't get file lock.
2025-09-26 07:09:22,824 [ERROR] LogOutputStream:75 - [STDERR_REDIRECT] 
2025-09-26 07:09:52,819 [ERROR] LogOutputStream:75 - [STDERR_REDIRECT] Sep 26, 2025 7:09:52 AM java.util.prefs.FileSystemPreferences checkLockFile0ErrorCode
2025-09-26 07:09:52,819 [ERROR] LogOutputStream:75 - [STDERR_REDIRECT] WARNING: Could not lock System prefs. Unix error code 2.
2025-09-26 07:09:52,820 [ERROR] LogOutputStream:75 - [STDERR_REDIRECT] 
2025-09-26 07:09:52,820 [ERROR] LogOutputStream:75 - [STDERR_REDIRECT] Sep 26, 2025 7:09:52 AM java.util.prefs.FileSystemPreferences syncWorld
2025-09-26 07:09:52,820 [ERROR] LogOutputStream:75 - [STDERR_REDIRECT] WARNING: Couldn't flush system prefs: java.util.prefs.BackingStoreException: Couldn't get file lock.
2025-09-26 07:09:52,821 [ERROR] LogOutputStream:75 - [STDERR_REDIRECT] 
2025-09-26 07:10:22,820 [ERROR] LogOutputStream:75 - [STDERR_REDIRECT] Sep 26, 2025 7:10:22 AM java.util.prefs.FileSystemPreferences checkLockFile0ErrorCode
2025-09-26 07:10:22,820 [ERROR] LogOutputStream:75 - [STDERR_REDIRECT] WARNING: Could not lock System prefs. Unix error code 2.
2025-09-26 07:10:22,820 [ERROR] LogOutputStream:75 - [STDERR_REDIRECT] 
2025-09-26 07:10:22,821 [ERROR] LogOutputStream:75 - [STDERR_REDIRECT] Sep 26, 2025 7:10:22 AM java.util.prefs.FileSystemPreferences syncWorld
2025-09-26 07:10:22,821 [ERROR] LogOutputStream:75 - [STDERR_REDIRECT] WARNING: Couldn't flush system prefs: java.util.prefs.BackingStoreException: Couldn't get file lock.
2025-09-26 07:10:22,821 [ERROR] LogOutputStream:75 - [STDERR_REDIRECT] 
2025-09-26 07:10:52,820 [ERROR] LogOutputStream:75 - [STDERR_REDIRECT] Sep 26, 2025 7:10:52 AM java.util.prefs.FileSystemPreferences checkLockFile0ErrorCode
2025-09-26 07:10:52,820 [ERROR] LogOutputStream:75 - [STDERR_REDIRECT] WARNING: Could not lock System prefs. Unix error code 2.
2025-09-26 07:10:52,820 [ERROR] LogOutputStream:75 - [STDERR_REDIRECT] 
2025-09-26 07:10:52,821 [ERROR] LogOutputStream:75 - [STDERR_REDIRECT] Sep 26, 2025 7:10:52 AM java.util.prefs.FileSystemPreferences syncWorld
2025-09-26 07:10:52,821 [ERROR] LogOutputStream:75 - [STDERR_REDIRECT] WARNING: Couldn't flush system prefs: java.util.prefs.BackingStoreException: Couldn't get file lock.
2025-09-26 07:10:52,821 [ERROR] LogOutputStream:75 - [STDERR_REDIRECT] 
2025-09-26 07:11:22,823 [ERROR] LogOutputStream:75 - [STDERR_REDIRECT] Sep 26, 2025 7:11:22 AM java.util.prefs.FileSystemPreferences checkLockFile0ErrorCode
2025-09-26 07:11:22,823 [ERROR] LogOutputStream:75 - [STDERR_REDIRECT] WARNING: Could not lock System prefs. Unix error code 2.
2025-09-26 07:11:22,823 [ERROR] LogOutputStream:75 - [STDERR_REDIRECT] 
2025-09-26 07:11:22,824 [ERROR] LogOutputStream:75 - [STDERR_REDIRECT] Sep 26, 2025 7:11:22 AM java.util.prefs.FileSystemPreferences syncWorld
2025-09-26 07:11:22,824 [ERROR] LogOutputStream:75 - [STDERR_REDIRECT] WARNING: Couldn't flush system prefs: java.util.prefs.BackingStoreException: Couldn't get file lock.
2025-09-26 07:11:22,824 [ERROR] LogOutputStream:75 - [STDERR_REDIRECT] 
2025-09-26 07:11:52,821 [ERROR] LogOutputStream:75 - [STDERR_REDIRECT] Sep 26, 2025 7:11:52 AM java.util.prefs.FileSystemPreferences checkLockFile0ErrorCode
2025-09-26 07:11:52,822 [ERROR] LogOutputStream:75 - [STDERR_REDIRECT] WARNING: Could not lock System prefs. Unix error code 2.
2025-09-26 07:11:52,822 [ERROR] LogOutputStream:75 - [STDERR_REDIRECT] 
2025-09-26 07:11:52,822 [ERROR] LogOutputStream:75 - [STDERR_REDIRECT] Sep 26, 2025 7:11:52 AM java.util.prefs.FileSystemPreferences syncWorld
2025-09-26 07:11:52,823 [ERROR] LogOutputStream:75 - [STDERR_REDIRECT] WARNING: Couldn't flush system prefs: java.util.prefs.BackingStoreException: Couldn't get file lock.
2025-09-26 07:11:52,823 [ERROR] LogOutputStream:75 - [STDERR_REDIRECT] 
2025-09-26 07:12:22,821 [ERROR] LogOutputStream:75 - [STDERR_REDIRECT] Sep 26, 2025 7:12:22 AM java.util.prefs.FileSystemPreferences checkLockFile0ErrorCode
2025-09-26 07:12:22,821 [ERROR] LogOutputStream:75 - [STDERR_REDIRECT] WARNING: Could not lock System prefs. Unix error code 2.
2025-09-26 07:12:22,821 [ERROR] LogOutputStream:75 - [STDERR_REDIRECT] 
2025-09-26 07:12:22,822 [ERROR] LogOutputStream:75 - [STDERR_REDIRECT] Sep 26, 2025 7:12:22 AM java.util.prefs.FileSystemPreferences syncWorld
2025-09-26 07:12:22,822 [ERROR] LogOutputStream:75 - [STDERR_REDIRECT] WARNING: Couldn't flush system prefs: java.util.prefs.BackingStoreException: Couldn't get file lock.
2025-09-26 07:12:22,822 [ERROR] LogOutputStream:75 - [STDERR_REDIRECT] 
2025-09-26 07:12:52,821 [ERROR] LogOutputStream:75 - [STDERR_REDIRECT] Sep 26, 2025 7:12:52 AM java.util.prefs.FileSystemPreferences checkLockFile0ErrorCode
2025-09-26 07:12:52,822 [ERROR] LogOutputStream:75 - [STDERR_REDIRECT] WARNING: Could not lock System prefs. Unix error code 2.
2025-09-26 07:12:52,822 [ERROR] LogOutputStream:75 - [STDERR_REDIRECT] 
2025-09-26 07:12:52,822 [ERROR] LogOutputStream:75 - [STDERR_REDIRECT] Sep 26, 2025 7:12:52 AM java.util.prefs.FileSystemPreferences syncWorld
2025-09-26 07:12:52,823 [ERROR] LogOutputStream:75 - [STDERR_REDIRECT] WARNING: Couldn't flush system prefs: java.util.prefs.BackingStoreException: Couldn't get file lock.
2025-09-26 07:12:52,823 [ERROR] LogOutputStream:75 - [STDERR_REDIRECT] 
2025-09-26 07:13:22,821 [ERROR] LogOutputStream:75 - [STDERR_REDIRECT] Sep 26, 2025 7:13:22 AM java.util.prefs.FileSystemPreferences checkLockFile0ErrorCode
2025-09-26 07:13:22,821 [ERROR] LogOutputStream:75 - [STDERR_REDIRECT] WARNING: Could not lock System prefs. Unix error code 2.
2025-09-26 07:13:22,821 [ERROR] LogOutputStream:75 - [STDERR_REDIRECT] 
2025-09-26 07:13:22,822 [ERROR] LogOutputStream:75 - [STDERR_REDIRECT] Sep 26, 2025 7:13:22 AM java.util.prefs.FileSystemPreferences syncWorld
2025-09-26 07:13:22,822 [ERROR] LogOutputStream:75 - [STDERR_REDIRECT] WARNING: Couldn't flush system prefs: java.util.prefs.BackingStoreException: Couldn't get file lock.
2025-09-26 07:13:22,822 [ERROR] LogOutputStream:75 - [STDERR_REDIRECT] 
2025-09-26 07:13:52,822 [ERROR] LogOutputStream:75 - [STDERR_REDIRECT] Sep 26, 2025 7:13:52 AM java.util.prefs.FileSystemPreferences checkLockFile0ErrorCode
2025-09-26 07:13:52,822 [ERROR] LogOutputStream:75 - [STDERR_REDIRECT] WARNING: Could not lock System prefs. Unix error code 2.
2025-09-26 07:13:52,822 [ERROR] LogOutputStream:75 - [STDERR_REDIRECT] 
2025-09-26 07:13:52,822 [ERROR] LogOutputStream:75 - [STDERR_REDIRECT] Sep 26, 2025 7:13:52 AM java.util.prefs.FileSystemPreferences syncWorld
2025-09-26 07:13:52,823 [ERROR] LogOutputStream:75 - [STDERR_REDIRECT] WARNING: Couldn't flush system prefs: java.util.prefs.BackingStoreException: Couldn't get file lock.
2025-09-26 07:13:52,823 [ERROR] LogOutputStream:75 - [STDERR_REDIRECT] 
2025-09-26 07:14:22,822 [ERROR] LogOutputStream:75 - [STDERR_REDIRECT] Sep 26, 2025 7:14:22 AM java.util.prefs.FileSystemPreferences checkLockFile0ErrorCode
2025-09-26 07:14:22,822 [ERROR] LogOutputStream:75 - [STDERR_REDIRECT] WARNING: Could not lock System prefs. Unix error code 2.
2025-09-26 07:14:22,823 [ERROR] LogOutputStream:75 - [STDERR_REDIRECT] 
2025-09-26 07:14:22,823 [ERROR] LogOutputStream:75 - [STDERR_REDIRECT] Sep 26, 2025 7:14:22 AM java.util.prefs.FileSystemPreferences syncWorld
2025-09-26 07:14:22,823 [ERROR] LogOutputStream:75 - [STDERR_REDIRECT] WARNING: Couldn't flush system prefs: java.util.prefs.BackingStoreException: Couldn't get file lock.
2025-09-26 07:14:22,824 [ERROR] LogOutputStream:75 - [STDERR_REDIRECT] 
2025-09-26 07:14:52,822 [ERROR] LogOutputStream:75 - [STDERR_REDIRECT] Sep 26, 2025 7:14:52 AM java.util.prefs.FileSystemPreferences checkLockFile0ErrorCode
2025-09-26 07:14:52,822 [ERROR] LogOutputStream:75 - [STDERR_REDIRECT] WARNING: Could not lock System prefs. Unix error code 2.
2025-09-26 07:14:52,822 [ERROR] LogOutputStream:75 - [STDERR_REDIRECT] 
2025-09-26 07:14:52,823 [ERROR] LogOutputStream:75 - [STDERR_REDIRECT] Sep 26, 2025 7:14:52 AM java.util.prefs.FileSystemPreferences syncWorld
2025-09-26 07:14:52,823 [ERROR] LogOutputStream:75 - [STDERR_REDIRECT] WARNING: Couldn't flush system prefs: java.util.prefs.BackingStoreException: Couldn't get file lock.
2025-09-26 07:14:52,823 [ERROR] LogOutputStream:75 - [STDERR_REDIRECT] 
2025-09-26 07:15:22,822 [ERROR] LogOutputStream:75 - [STDERR_REDIRECT] Sep 26, 2025 7:15:22 AM java.util.prefs.FileSystemPreferences checkLockFile0ErrorCode
2025-09-26 07:15:22,822 [ERROR] LogOutputStream:75 - [STDERR_REDIRECT] WARNING: Could not lock System prefs. Unix error code 2.
2025-09-26 07:15:22,822 [ERROR] LogOutputStream:75 - [STDERR_REDIRECT] 
2025-09-26 07:15:22,823 [ERROR] LogOutputStream:75 - [STDERR_REDIRECT] Sep 26, 2025 7:15:22 AM java.util.prefs.FileSystemPreferences syncWorld
2025-09-26 07:15:22,823 [ERROR] LogOutputStream:75 - [STDERR_REDIRECT] WARNING: Couldn't flush system prefs: java.util.prefs.BackingStoreException: Couldn't get file lock.
2025-09-26 07:15:22,824 [ERROR] LogOutputStream:75 - [STDERR_REDIRECT] 
2025-09-26 07:15:52,822 [ERROR] LogOutputStream:75 - [STDERR_REDIRECT] Sep 26, 2025 7:15:52 AM java.util.prefs.FileSystemPreferences checkLockFile0ErrorCode
2025-09-26 07:15:52,822 [ERROR] LogOutputStream:75 - [STDERR_REDIRECT] WARNING: Could not lock System prefs. Unix error code 2.
2025-09-26 07:15:52,822 [ERROR] LogOutputStream:75 - [STDERR_REDIRECT] 
2025-09-26 07:15:52,823 [ERROR] LogOutputStream:75 - [STDERR_REDIRECT] Sep 26, 2025 7:15:52 AM java.util.prefs.FileSystemPreferences syncWorld
2025-09-26 07:15:52,823 [ERROR] LogOutputStream:75 - [STDERR_REDIRECT] WARNING: Couldn't flush system prefs: java.util.prefs.BackingStoreException: Couldn't get file lock.
2025-09-26 07:15:52,823 [ERROR] LogOutputStream:75 - [STDERR_REDIRECT] 
2025-09-26 14:34:26,695 [INFO] WebApp:194 - Connection lost
2025-09-26 14:34:29,057 [ERROR] LogOutputStream:75 - [STDERR_REDIRECT] Sep 26, 2025 2:34:29 PM java.util.prefs.FileSystemPreferences checkLockFile0ErrorCode
2025-09-26 14:34:29,057 [ERROR] LogOutputStream:75 - [STDERR_REDIRECT] WARNING: Could not lock System prefs. Unix error code 2.
2025-09-26 14:34:29,057 [ERROR] LogOutputStream:75 - [STDERR_REDIRECT] 
2025-09-26 14:34:29,058 [ERROR] LogOutputStream:75 - [STDERR_REDIRECT] Sep 26, 2025 2:34:29 PM java.util.prefs.FileSystemPreferences syncWorld
2025-09-26 14:34:29,058 [ERROR] LogOutputStream:75 - [STDERR_REDIRECT] WARNING: Couldn't flush system prefs: java.util.prefs.BackingStoreException: Couldn't get file lock.
2025-09-26 14:34:29,058 [ERROR] LogOutputStream:75 - [STDERR_REDIRECT] 
2025-09-26 14:34:37,488 [ERROR] ConfigurationRetriever:142 - IOException on connection: sw-center.st.com
2025-09-26 14:34:37,489 [ERROR] ConfigurationRetriever:142 - IOException on connection: sw-center.st.com
2025-09-26 14:34:37,489 [ERROR] ConfigurationRetriever:142 - IOException on connection: sw-center.st.com
2025-09-26 14:34:38,688 [ERROR] LogOutputStream:75 - [STDERR_REDIRECT] 
2025-09-26 14:34:38,689 [ERROR] LogOutputStream:75 - [STDERR_REDIRECT] 
