2025-09-19 19:51:09,126 [INFO] Activator:176 - 


2025-09-19 19:51:09,134 [INFO] Activator:177 - !SESSION log4j initialized
2025-09-19 19:51:22,192 [INFO] LogOutputStream:77 - [STDOUT_REDIRECT] 
2025-09-19 19:51:26,672 [INFO] ApplicationProperties:184 - Using Application install path: /opt/st/stm32cubeide_1.19.0/plugins/com.st.stm32cube.common.mx_6.15.0.202507011659
2025-09-19 19:51:26,703 [INFO] DbMcusXml:78 - Set database path to: /opt/st/stm32cubeide_1.19.0/plugins/com.st.stm32cube.common.mx_6.15.0.202507011659//db//mcu/
2025-09-19 19:51:26,704 [INFO] ApiDb:274 - Set plugin database path to: /opt/st/stm32cubeide_1.19.0/plugins/com.st.stm32cube.common.mx_6.15.0.202507011659//db//plugins/boardmanager/
2025-09-19 19:51:26,704 [WARN] ApiDb:259 - Overriding images path with different value:  => /opt/st/stm32cubeide_1.19.0/plugins/com.st.stm32cube.common.mx_6.15.0.202507011659//db//plugins/mcufinder/images/
2025-09-19 19:51:26,715 [INFO] ApiDb:250 - Set database path to: /home/tomas1908/.stmcufinder/plugins/mcufinder//mcu/
2025-09-19 19:51:26,718 [INFO] DbMcusAds:125 - Set database path to: /home/tomas1908/.stmcufinder/plugins/mcufinder//mcu/
2025-09-19 19:51:26,721 [INFO] CrossReferenceDbSqlite:203 - Set database path to: /home/tomas1908/.stmcufinder/plugins/mcufinder//mcu/cs/
2025-09-19 19:51:26,970 [INFO] RulesReader:64 - Compatibility file has been processed (317 Rules)
2025-09-19 19:51:27,079 [INFO] DbMcusXml:78 - Set database path to: /opt/st/stm32cubeide_1.19.0/plugins/com.st.stm32cube.common.mx_6.15.0.202507011659//db//mcu/
2025-09-19 19:51:27,080 [INFO] ApiDb:274 - Set plugin database path to: /opt/st/stm32cubeide_1.19.0/plugins/com.st.stm32cube.common.mx_6.15.0.202507011659//db//plugins/boardmanager/
2025-09-19 19:51:27,080 [INFO] ApiDb:261 - Set plugin images path to: /opt/st/stm32cubeide_1.19.0/plugins/com.st.stm32cube.common.mx_6.15.0.202507011659//db//plugins/mcufinder/images/
2025-09-19 19:51:27,080 [WARN] DbFile:41 - Overriding database path with different value: /home/tomas1908/.stmcufinder/plugins/mcufinder/ => /home/tomas1908/.stmcufinder/plugins/mcufinder
2025-09-19 19:51:27,081 [INFO] ApiDb:250 - Set database path to: /home/tomas1908/.stmcufinder/plugins/mcufinder//mcu/
2025-09-19 19:51:27,081 [WARN] DbFile:41 - Overriding database path with different value: /home/tomas1908/.stmcufinder/plugins/mcufinder/ => /home/tomas1908/.stmcufinder/plugins/mcufinder
2025-09-19 19:51:27,081 [INFO] DbMcusAds:125 - Set database path to: /home/tomas1908/.stmcufinder/plugins/mcufinder//mcu/
2025-09-19 19:51:27,081 [WARN] DbFile:41 - Overriding database path with different value: /home/tomas1908/.stmcufinder/plugins/mcufinder/ => /home/tomas1908/.stmcufinder/plugins/mcufinder
2025-09-19 19:51:27,081 [WARN] DbFile:41 - Overriding database path with different value: /home/tomas1908/.stmcufinder/plugins/mcufinder/ => /home/tomas1908/.stmcufinder/plugins/mcufinder
2025-09-19 19:51:27,081 [INFO] CrossReferenceDbSqlite:203 - Set database path to: /home/tomas1908/.stmcufinder/plugins/mcufinder//mcu/cs/
2025-09-19 19:51:27,200 [INFO] MainPanel:274 - HeapMemory: 268435456
2025-09-19 19:51:27,418 [INFO] DbMcusXml:78 - Set database path to: /opt/st/stm32cubeide_1.19.0/plugins/com.st.stm32cube.common.mx_6.15.0.202507011659//db//mcu/
2025-09-19 19:51:27,418 [INFO] ApiDb:274 - Set plugin database path to: /opt/st/stm32cubeide_1.19.0/plugins/com.st.stm32cube.common.mx_6.15.0.202507011659//db//plugins/boardmanager/
2025-09-19 19:51:27,418 [INFO] ApiDb:261 - Set plugin images path to: /opt/st/stm32cubeide_1.19.0/plugins/com.st.stm32cube.common.mx_6.15.0.202507011659//db//plugins/mcufinder/images/
2025-09-19 19:51:27,419 [WARN] DbFile:41 - Overriding database path with different value: /home/tomas1908/.stmcufinder/plugins/mcufinder/ => /home/tomas1908/.stmcufinder/plugins/mcufinder
2025-09-19 19:51:27,419 [INFO] ApiDb:250 - Set database path to: /home/tomas1908/.stmcufinder/plugins/mcufinder//mcu/
2025-09-19 19:51:27,419 [WARN] DbFile:41 - Overriding database path with different value: /home/tomas1908/.stmcufinder/plugins/mcufinder/ => /home/tomas1908/.stmcufinder/plugins/mcufinder
2025-09-19 19:51:27,420 [INFO] DbMcusAds:125 - Set database path to: /home/tomas1908/.stmcufinder/plugins/mcufinder//mcu/
2025-09-19 19:51:27,420 [WARN] DbFile:41 - Overriding database path with different value: /home/tomas1908/.stmcufinder/plugins/mcufinder/ => /home/tomas1908/.stmcufinder/plugins/mcufinder
2025-09-19 19:51:27,420 [WARN] DbFile:41 - Overriding database path with different value: /home/tomas1908/.stmcufinder/plugins/mcufinder/ => /home/tomas1908/.stmcufinder/plugins/mcufinder
2025-09-19 19:51:27,420 [INFO] CrossReferenceDbSqlite:203 - Set database path to: /home/tomas1908/.stmcufinder/plugins/mcufinder//mcu/cs/
2025-09-19 19:51:27,445 [INFO] ApplicationProperties:184 - Using Application install path: /opt/st/stm32cubeide_1.19.0/plugins/com.st.stm32cube.common.mx_6.15.0.202507011659
2025-09-19 19:51:27,449 [INFO] PluginManage:196 - Search for loadable plugins [exclusion list=, ]
2025-09-19 19:51:27,451 [INFO] PluginManage:310 - Check plugin analytics
2025-09-19 19:51:27,716 [INFO] AnalyticsPlugin:253 - Accepted Software Licenses: 
2025-09-19 19:51:27,717 [INFO] AnalyticsPlugin:255 - Accepted CMSIS Pack Licenses: 
2025-09-19 19:51:27,717 [INFO] AnalyticsPlugin:257 - Accepted Firmware Licenses: FW.F4.1.28.0
2025-09-19 19:51:27,721 [INFO] PluginManage:359 - Loaded plugin analytics (category:tool,tabindex:-1)
2025-09-19 19:51:27,721 [INFO] PluginManage:310 - Check plugin cadmodel
2025-09-19 19:51:27,727 [INFO] CADModel:105 - Init CAD model plugin
2025-09-19 19:51:27,727 [INFO] PluginManage:359 - Loaded plugin cadmodel (category:power,tabindex:5)
2025-09-19 19:51:27,728 [INFO] PluginManage:310 - Check plugin clock
2025-09-19 19:51:27,741 [INFO] PluginManage:359 - Loaded plugin clock (category:base,tabindex:2)
2025-09-19 19:51:27,741 [INFO] PluginManage:310 - Check plugin ddr
2025-09-19 19:51:27,744 [INFO] PluginManage:359 - Loaded plugin ddr (category:tool,tabindex:6)
2025-09-19 19:51:27,745 [INFO] PluginManage:310 - Check plugin filemanager
2025-09-19 19:51:27,976 [INFO] PluginManage:359 - Loaded plugin filemanager (category:base,tabindex:10)
2025-09-19 19:51:27,976 [INFO] PluginManage:310 - Check plugin ipmanager
2025-09-19 19:51:27,983 [INFO] PluginManage:359 - Loaded plugin ipmanager (category:base,tabindex:5)
2025-09-19 19:51:27,983 [INFO] PluginManage:310 - Check plugin lpbam
2025-09-19 19:51:27,998 [INFO] PluginManage:359 - Loaded plugin lpbam (category:base,tabindex:0)
2025-09-19 19:51:27,998 [INFO] PluginManage:310 - Check plugin memorymap
2025-09-19 19:51:28,016 [INFO] PluginManage:359 - Loaded plugin memorymap (category:base,tabindex:4)
2025-09-19 19:51:28,016 [INFO] PluginManage:310 - Check plugin pinoutandconfiguration
2025-09-19 19:51:28,029 [INFO] PluginManage:359 - Loaded plugin pinoutandconfiguration (category:base,tabindex:1)
2025-09-19 19:51:28,030 [INFO] PluginManage:310 - Check plugin pinoutconfig
2025-09-19 19:51:28,177 [WARN] SupportedApi:132 - Cannot load RTOS API schema: s4s-elt-must-match.1: The content of 'definitions' must match (annotation?, (simpleType | complexType)?, (unique | key | keyref)*)). A problem was found starting at: attribute.
2025-09-19 19:51:28,420 [INFO] PluginManage:359 - Loaded plugin pinoutconfig (category:base,tabindex:0)
2025-09-19 19:51:28,420 [INFO] PluginManage:310 - Check plugin power
2025-09-19 19:51:28,434 [INFO] PluginManage:359 - Loaded plugin power (category:power,tabindex:4)
2025-09-19 19:51:28,435 [INFO] PluginManage:310 - Check plugin projectmanager
2025-09-19 19:51:28,460 [INFO] PluginManage:359 - Loaded plugin projectmanager (category:projectmanager,tabindex:4)
2025-09-19 19:51:28,460 [INFO] PluginManage:310 - Check plugin rif
2025-09-19 19:51:28,475 [INFO] PluginManage:359 - Loaded plugin rif (category:base,tabindex:3)
2025-09-19 19:51:28,476 [INFO] PluginManage:310 - Check plugin thirdparty
2025-09-19 19:51:28,708 [INFO] PluginManage:359 - Loaded plugin thirdparty (category:base,tabindex:-1)
2025-09-19 19:51:28,708 [WARN] IntegrityCheckThread:84 - waiting for thirdparty lock release [integrity check]
2025-09-19 19:51:28,708 [INFO] PluginManage:310 - Check plugin tools
2025-09-19 19:51:28,708 [INFO] IntegrityCheckThread:86 - entering critical section [integrity check]
2025-09-19 19:51:28,709 [INFO] ThirdPartyUpdaterWithRetryManager:70 - Updater plugin not ready yet. [1/15]
2025-09-19 19:51:28,713 [INFO] PluginManage:359 - Loaded plugin tools (category:base,tabindex:7)
2025-09-19 19:51:28,713 [INFO] PluginManage:310 - Check plugin tutovideos
2025-09-19 19:51:29,058 [INFO] PluginManage:359 - Loaded plugin tutovideos (category:base,tabindex:-1)
2025-09-19 19:51:29,059 [INFO] PluginManage:310 - Check plugin updater
2025-09-19 19:51:29,103 [INFO] PluginManage:359 - Loaded plugin updater (category:base,tabindex:12)
2025-09-19 19:51:29,103 [INFO] PluginManage:310 - Check plugin userauth
2025-09-19 19:51:29,108 [INFO] UserAuth:118 - Init User Auth plugin
2025-09-19 19:51:29,110 [INFO] PluginManage:359 - Loaded plugin userauth (category:base,tabindex:14)
2025-09-19 19:51:29,110 [INFO] PluginManage:283 - PluginManage : Loaded plugins [18]
2025-09-19 19:51:29,420 [INFO] PinOutPanel:1589 - setPackage(No Configuration,No Configuration)
2025-09-19 19:51:29,545 [INFO] CADModel:165 - CPN selected for project level
2025-09-19 19:51:29,546 [INFO] CADModel:114 - Register for checkConnection events
2025-09-19 19:51:29,566 [INFO] IPUIPlugin:80 - create IPUIPlugin
2025-09-19 19:51:29,566 [INFO] PluginManager:220 - loadIPPluginJar : add i2c
2025-09-19 19:51:29,577 [INFO] IPUIPlugin:80 - create IPUIPlugin
2025-09-19 19:51:29,578 [INFO] PluginManager:220 - loadIPPluginJar : add mdma
2025-09-19 19:51:29,581 [INFO] IPUIPlugin:80 - create IPUIPlugin
2025-09-19 19:51:29,581 [INFO] PluginManager:220 - loadIPPluginJar : add aes
2025-09-19 19:51:29,585 [INFO] IPUIPlugin:80 - create IPUIPlugin
2025-09-19 19:51:29,586 [INFO] PluginManager:220 - loadIPPluginJar : add can
2025-09-19 19:51:29,595 [INFO] IPUIPlugin:80 - create IPUIPlugin
2025-09-19 19:51:29,596 [INFO] PluginManager:220 - loadIPPluginJar : add freertos
2025-09-19 19:51:29,600 [INFO] IPUIPlugin:80 - create IPUIPlugin
2025-09-19 19:51:29,600 [INFO] PluginManager:220 - loadIPPluginJar : add gtzc
2025-09-19 19:51:29,603 [INFO] IPUIPlugin:80 - create IPUIPlugin
2025-09-19 19:51:29,603 [INFO] PluginManager:220 - loadIPPluginJar : add ts
2025-09-19 19:51:29,616 [INFO] IPUIPlugin:80 - create IPUIPlugin
2025-09-19 19:51:29,617 [INFO] PluginManager:220 - loadIPPluginJar : add stm32_wpan
2025-09-19 19:51:29,619 [INFO] IPUIPlugin:80 - create IPUIPlugin
2025-09-19 19:51:29,619 [INFO] PluginManager:220 - loadIPPluginJar : add fatfs
2025-09-19 19:51:29,629 [INFO] IPUIPlugin:80 - create IPUIPlugin
2025-09-19 19:51:29,629 [INFO] PluginManager:220 - loadIPPluginJar : add dma
2025-09-19 19:51:29,633 [INFO] IPUIPlugin:80 - create IPUIPlugin
2025-09-19 19:51:29,634 [INFO] PluginManager:220 - loadIPPluginJar : add usbx
2025-09-19 19:51:29,637 [INFO] IPUIPlugin:80 - create IPUIPlugin
2025-09-19 19:51:29,637 [INFO] PluginManager:220 - loadIPPluginJar : add hash
2025-09-19 19:51:29,640 [INFO] IPUIPlugin:80 - create IPUIPlugin
2025-09-19 19:51:29,640 [INFO] PluginManager:220 - loadIPPluginJar : add cryp
2025-09-19 19:51:29,644 [INFO] IPUIPlugin:80 - create IPUIPlugin
2025-09-19 19:51:29,644 [INFO] PluginManager:220 - loadIPPluginJar : add openamp
2025-09-19 19:51:29,646 [INFO] IPUIPlugin:80 - create IPUIPlugin
2025-09-19 19:51:29,646 [INFO] PluginManager:220 - loadIPPluginJar : add genericplugin
2025-09-19 19:51:29,651 [INFO] IPUIPlugin:80 - create IPUIPlugin
2025-09-19 19:51:29,651 [INFO] PluginManager:220 - loadIPPluginJar : add ipddr
2025-09-19 19:51:29,655 [INFO] IPUIPlugin:80 - create IPUIPlugin
2025-09-19 19:51:29,655 [INFO] PluginManager:220 - loadIPPluginJar : add opamp
2025-09-19 19:51:29,657 [INFO] IPUIPlugin:80 - create IPUIPlugin
2025-09-19 19:51:29,658 [INFO] PluginManager:220 - loadIPPluginJar : add ltdc
2025-09-19 19:51:29,661 [INFO] IPUIPlugin:80 - create IPUIPlugin
2025-09-19 19:51:29,661 [INFO] PluginManager:220 - loadIPPluginJar : add dfsdm
2025-09-19 19:51:29,669 [INFO] IPUIPlugin:80 - create IPUIPlugin
2025-09-19 19:51:29,669 [INFO] PluginManager:220 - loadIPPluginJar : add gic
2025-09-19 19:51:29,674 [INFO] IPUIPlugin:80 - create IPUIPlugin
2025-09-19 19:51:29,675 [INFO] PluginManager:220 - loadIPPluginJar : add extmemmanager
2025-09-19 19:51:29,677 [INFO] IPUIPlugin:80 - create IPUIPlugin
2025-09-19 19:51:29,678 [INFO] PluginManager:220 - loadIPPluginJar : add ucpd
2025-09-19 19:51:29,681 [INFO] IPUIPlugin:80 - create IPUIPlugin
2025-09-19 19:51:29,681 [INFO] PluginManager:220 - loadIPPluginJar : add tracer_emb
2025-09-19 19:51:29,683 [INFO] IPUIPlugin:80 - create IPUIPlugin
2025-09-19 19:51:29,684 [INFO] PluginManager:220 - loadIPPluginJar : add radio
2025-09-19 19:51:29,688 [INFO] IPUIPlugin:80 - create IPUIPlugin
2025-09-19 19:51:29,688 [INFO] PluginManager:220 - loadIPPluginJar : add pdm2pcm
2025-09-19 19:51:29,692 [INFO] IPUIPlugin:80 - create IPUIPlugin
2025-09-19 19:51:29,692 [INFO] PluginManager:220 - loadIPPluginJar : add spi
2025-09-19 19:51:29,695 [INFO] IPUIPlugin:80 - create IPUIPlugin
2025-09-19 19:51:29,695 [INFO] PluginManager:220 - loadIPPluginJar : add tim
2025-09-19 19:51:29,705 [INFO] IPUIPlugin:80 - create IPUIPlugin
2025-09-19 19:51:29,710 [INFO] PluginManager:220 - loadIPPluginJar : add plateformsettings
2025-09-19 19:51:29,715 [INFO] IPUIPlugin:80 - create IPUIPlugin
2025-09-19 19:51:29,715 [INFO] PluginManager:220 - loadIPPluginJar : add touchsensing
2025-09-19 19:51:29,722 [INFO] IPUIPlugin:80 - create IPUIPlugin
2025-09-19 19:51:29,722 [INFO] PluginManager:220 - loadIPPluginJar : add gpio
2025-09-19 19:51:29,733 [INFO] IPUIPlugin:80 - create IPUIPlugin
2025-09-19 19:51:29,733 [INFO] PluginManager:220 - loadIPPluginJar : add adc
2025-09-19 19:51:29,745 [INFO] IPUIPlugin:80 - create IPUIPlugin
2025-09-19 19:51:29,745 [INFO] PluginManager:220 - loadIPPluginJar : add linkedlist
2025-09-19 19:51:29,747 [INFO] IPUIPlugin:80 - create IPUIPlugin
2025-09-19 19:51:29,747 [INFO] PluginManager:220 - loadIPPluginJar : add comp
2025-09-19 19:51:29,754 [INFO] IPUIPlugin:80 - create IPUIPlugin
2025-09-19 19:51:29,754 [INFO] PluginManager:220 - loadIPPluginJar : add fmc
2025-09-19 19:51:29,756 [INFO] IPUIPlugin:80 - create IPUIPlugin
2025-09-19 19:51:29,756 [INFO] PluginManager:220 - loadIPPluginJar : add tsc
2025-09-19 19:51:29,760 [INFO] IPUIPlugin:80 - create IPUIPlugin
2025-09-19 19:51:29,761 [INFO] PluginManager:220 - loadIPPluginJar : add sai
2025-09-19 19:51:29,764 [INFO] IPUIPlugin:80 - create IPUIPlugin
2025-09-19 19:51:29,764 [INFO] PluginManager:220 - loadIPPluginJar : add usart
2025-09-19 19:51:29,769 [INFO] IPUIPlugin:80 - create IPUIPlugin
2025-09-19 19:51:29,770 [INFO] PluginManager:220 - loadIPPluginJar : add nvic
2025-09-19 19:51:29,775 [INFO] IPUIPlugin:80 - create IPUIPlugin
2025-09-19 19:51:29,775 [INFO] PluginManager:220 - loadIPPluginJar : add resmgrutility
2025-09-19 19:51:29,778 [INFO] IPUIPlugin:80 - create IPUIPlugin
2025-09-19 19:51:29,778 [INFO] PluginManager:220 - loadIPPluginJar : add lorawan
2025-09-19 19:51:29,781 [INFO] IPUIPlugin:80 - create IPUIPlugin
2025-09-19 19:51:29,781 [INFO] PluginManager:220 - loadIPPluginJar : add gfxmmu
2025-09-19 19:51:29,784 [INFO] IPUIPlugin:80 - create IPUIPlugin
2025-09-19 19:51:29,784 [INFO] PluginManager:220 - loadIPPluginJar : add dma3
2025-09-19 19:51:29,788 [INFO] IPUIPlugin:80 - create IPUIPlugin
2025-09-19 19:51:29,788 [INFO] PluginManager:220 - loadIPPluginJar : add i3c
2025-09-19 19:51:29,790 [INFO] IPUIPlugin:80 - create IPUIPlugin
2025-09-19 19:51:29,790 [INFO] PluginManager:220 - loadIPPluginJar : add quadspi
2025-09-19 19:51:29,794 [INFO] IPUIPlugin:80 - create IPUIPlugin
2025-09-19 19:51:29,794 [INFO] PluginManager:220 - loadIPPluginJar : add ddr_ctrl_phy
2025-09-19 19:51:29,797 [INFO] IPUIPlugin:80 - create IPUIPlugin
2025-09-19 19:51:29,798 [INFO] PluginManager:220 - loadIPPluginJar : add i2s
2025-09-19 19:51:29,928 [FATAL] Updater:351 - Updater called before beeing initialized
2025-09-19 19:51:29,976 [INFO] RulesReader:64 - Compatibility file has been processed (317 Rules)
2025-09-19 19:51:29,998 [INFO] RulesReader:64 - Compatibility file has been processed (317 Rules)
2025-09-19 19:51:30,009 [INFO] CADModel:165 - CPN selected for project level
2025-09-19 19:51:30,010 [INFO] CADModel:114 - Register for checkConnection events
2025-09-19 19:51:30,010 [FATAL] Updater:351 - Updater called before beeing initialized
2025-09-19 19:51:30,010 [ERROR] CADModel:125 - Updater not yet initialized, retry later 
2025-09-19 19:51:30,207 [FATAL] Updater:351 - Updater called before beeing initialized
2025-09-19 19:51:30,210 [INFO] CADModel:165 - CPN selected for project level
2025-09-19 19:51:30,210 [INFO] CADModel:114 - Register for checkConnection events
2025-09-19 19:51:30,210 [FATAL] Updater:351 - Updater called before beeing initialized
2025-09-19 19:51:30,211 [ERROR] CADModel:125 - Updater not yet initialized, retry later 
2025-09-19 19:51:30,217 [FATAL] Updater:351 - Updater called before beeing initialized
2025-09-19 19:51:30,356 [FATAL] Updater:351 - Updater called before beeing initialized
2025-09-19 19:51:30,363 [INFO] DbMcusAds:53 - JSON generation date=Tue Jul 08 05:14:23 ART 2025 (1751962463582)
2025-09-19 19:51:30,363 [FATAL] Updater:351 - Updater called before beeing initialized
2025-09-19 19:51:30,426 [WARN] DetailPanel:346 - Failed to get advertising image, set to default
2025-09-19 19:51:30,559 [FATAL] Updater:351 - Updater called before beeing initialized
2025-09-19 19:51:30,562 [FATAL] Updater:351 - Updater called before beeing initialized
2025-09-19 19:51:30,562 [FATAL] Updater:351 - Updater called before beeing initialized
2025-09-19 19:51:30,562 [WARN] DetailPanel:346 - Failed to get advertising image, set to default
2025-09-19 19:51:30,564 [FATAL] Updater:351 - Updater called before beeing initialized
2025-09-19 19:51:30,617 [ERROR] Updater:1198 - MainUpdater not yet initialized. External WinMGr cannot be set.
2025-09-19 19:51:30,620 [INFO] Updater:1134 - Updater Version found : 6.15.0
2025-09-19 19:51:30,653 [INFO] ApplicationProperties:184 - Using Application install path: /opt/st/stm32cubeide_1.19.0/plugins/com.st.stm32cube.common.mx_6.15.0.202507011659
2025-09-19 19:51:30,675 [ERROR] LogOutputStream:75 - [STDERR_REDIRECT] Sep 19, 2025 7:51:30 PM java.util.prefs.FileSystemPreferences$2 run
2025-09-19 19:51:30,676 [ERROR] LogOutputStream:75 - [STDERR_REDIRECT] WARNING: Could not create system preferences directory. System preferences are unusable.
2025-09-19 19:51:30,676 [ERROR] LogOutputStream:75 - [STDERR_REDIRECT] 
2025-09-19 19:51:31,070 [INFO] MainUpdater:2872 - connection check result : 10
2025-09-19 19:51:31,072 [INFO] MainUpdater:289 - Updater Check For Update Now.
2025-09-19 19:51:31,072 [INFO] MicroXplorer:498 - Change Database Version : DB.6.0.150
2025-09-19 19:51:31,080 [INFO] McuFinderGlobals:63 - Set McuFinder mode to 2 (CubeIDE integrated)
2025-09-19 19:51:31,081 [INFO] UserAuth:487 - Internet connection configuration mode: 1
2025-09-19 19:51:31,115 [INFO] JxBrowserEngine:152 - Initiate JxBrowser Engine with user profile folder
2025-09-19 19:51:31,388 [INFO] CheckServerUpdateThread:120 - End of CheckServer Thread
2025-09-19 19:51:31,941 [WARN] PackLoader:240 - Cannot read IP mode file for STMicroelectronics.FP-SNS-MOTENVWB1.1.4.0
2025-09-19 19:51:31,958 [WARN] PackLoader:240 - Cannot read IP mode file for STMicroelectronics.FP-ATR-ASTRA1.2.0.2
2025-09-19 19:51:31,973 [WARN] PackLoader:240 - Cannot read IP mode file for STMicroelectronics.X-CUBE-SMBUS.2.1.0
2025-09-19 19:51:31,983 [WARN] PackLoader:240 - Cannot read IP mode file for STMicroelectronics.X-CUBE-ST60.1.0.0
2025-09-19 19:51:32,064 [WARN] PackLoader:240 - Cannot read IP mode file for STMicroelectronics.X-CUBE-AZRTOS-F7.1.1.0
2025-09-19 19:51:32,082 [WARN] PackLoader:240 - Cannot read IP mode file for Cesanta.I-CUBE-Mongoose.7.19.0
2025-09-19 19:51:32,103 [WARN] PackLoader:240 - Cannot read IP mode file for WES.I-CUBE-Cesium.1.4.0
2025-09-19 19:51:32,176 [WARN] PackLoader:240 - Cannot read IP mode file for Infineon.AIROC-Wi-Fi-Bluetooth-STM32.1.7.1
2025-09-19 19:51:32,207 [WARN] PackLoader:240 - Cannot read IP mode file for STMicroelectronics.X-CUBE-DISPLAY.3.0.0
2025-09-19 19:51:32,234 [WARN] PackLoader:240 - Cannot read IP mode file for STMicroelectronics.X-CUBE-NFC10.1.0.0
2025-09-19 19:51:32,262 [WARN] PackLoader:240 - Cannot read IP mode file for emotas.I-CUBE-CANOPEN.1.3.0
2025-09-19 19:51:32,278 [WARN] PackLoader:240 - Cannot read IP mode file for STMicroelectronics.FP-SNS-SMARTAG2.1.2.0
2025-09-19 19:51:32,287 [WARN] PackLoader:240 - Cannot read IP mode file for STMicroelectronics.FP-SNS-FLIGHT1.5.1.0
2025-09-19 19:51:32,309 [INFO] LogOutputStream:77 - [STDOUT_REDIRECT] 1 : Invalid condition id : UX_CORESTACK_Condition cause : null
2025-09-19 19:51:32,310 [INFO] LogOutputStream:77 - [STDOUT_REDIRECT] 1 : Invalid condition id : UX_CORESTACK_Condition cause : null
2025-09-19 19:51:32,311 [INFO] LogOutputStream:77 - [STDOUT_REDIRECT] 1 : Invalid condition id : UX_CORESTACK_Condition cause : null
2025-09-19 19:51:32,311 [INFO] LogOutputStream:77 - [STDOUT_REDIRECT] 1 : Invalid condition id : UX_CORESTACK_Condition cause : null
2025-09-19 19:51:32,312 [INFO] LogOutputStream:77 - [STDOUT_REDIRECT] 1 : Invalid condition id : UX_CORESTACK_Condition cause : null
2025-09-19 19:51:32,322 [WARN] PackLoader:240 - Cannot read IP mode file for STMicroelectronics.X-CUBE-AZRTOS-WL.2.0.0
2025-09-19 19:51:32,334 [WARN] PackLoader:240 - Cannot read IP mode file for STMicroelectronics.FP-SNS-MOTENV1.5.0.0
2025-09-19 19:51:32,345 [WARN] PackLoader:240 - Cannot read IP mode file for STMicroelectronics.X-CUBE-BLE2.3.3.0
2025-09-19 19:51:32,357 [WARN] PackLoader:240 - Cannot read IP mode file for STMicroelectronics.X-CUBE-NFC9.1.0.0
2025-09-19 19:51:32,373 [WARN] PackLoader:240 - Cannot read IP mode file for STMicroelectronics.X-CUBE-BLE1.7.1.0
2025-09-19 19:51:32,407 [WARN] PackLoader:240 - Cannot read IP mode file for STMicroelectronics.X-CUBE-AZRTOS-G0.1.1.0
2025-09-19 19:51:32,420 [WARN] PackLoader:240 - Cannot read IP mode file for STMicroelectronics.X-CUBE-SAFEA1.1.2.2
2025-09-19 19:51:32,428 [WARN] PackLoader:240 - Cannot read IP mode file for STMicroelectronics.X-CUBE-NFC4.3.0.0
2025-09-19 19:51:32,464 [WARN] PackLoader:240 - Cannot read IP mode file for EmbeddedOffice.I-CUBE-FS-RTOS.1.0.1
2025-09-19 19:51:32,482 [WARN] PackLoader:240 - Cannot read IP mode file for STMicroelectronics.X-CUBE-WB05N.2.0.0
2025-09-19 19:51:32,496 [WARN] PackLoader:240 - Cannot read IP mode file for STMicroelectronics.X-CUBE-TCPP.4.2.0
2025-09-19 19:51:32,509 [WARN] PackLoader:240 - Cannot read IP mode file for RealThread.X-CUBE-RT-Thread_Nano.4.1.1
2025-09-19 19:51:32,525 [WARN] PackLoader:240 - Cannot read IP mode file for STMicroelectronics.FP-ATR-SIGFOX1.3.2.0
2025-09-19 19:51:32,549 [WARN] PackLoader:240 - Cannot read IP mode file for ITTIA_DB.I-CUBE-ITTIADB.8.9.0
2025-09-19 19:51:32,578 [WARN] PackLoader:240 - Cannot read IP mode file for STMicroelectronics.X-CUBE-ST67W61.1.0.0
2025-09-19 19:51:32,656 [WARN] PackLoader:240 - Cannot read IP mode file for SEGGER.I-CUBE-embOS.1.3.1
2025-09-19 19:51:32,812 [WARN] PackLoader:240 - Cannot read IP mode file for STMicroelectronics.X-CUBE-ALGOBUILD.1.4.0
2025-09-19 19:51:32,926 [INFO] WebApp:169 - Instantiating new browser for Auth
2025-09-19 19:51:32,939 [WARN] PackLoader:240 - Cannot read IP mode file for STMicroelectronics.X-CUBE-MEMS1.11.3.0
2025-09-19 19:51:33,238 [WARN] PackLoader:240 - Cannot read IP mode file for STMicroelectronics.X-CUBE-PM33A1.1.0.0
2025-09-19 19:51:33,273 [WARN] PackLoader:240 - Cannot read IP mode file for STMicroelectronics.X-CUBE-AZRTOS-F4.1.1.0
2025-09-19 19:51:33,283 [WARN] PackLoader:240 - Cannot read IP mode file for Avnet-IotConnect.X-CUBE-IoTC-DA16k-PMOD.1.0.0
2025-09-19 19:51:33,288 [WARN] PackLoader:240 - Cannot read IP mode file for STMicroelectronics.X-CUBE-ISPU.2.1.0
2025-09-19 19:51:33,318 [WARN] PackLoader:240 - Cannot read IP mode file for STMicroelectronics.X-CUBE-AZRTOS-L5.2.0.0
2025-09-19 19:51:33,334 [WARN] PackLoader:240 - Cannot read IP mode file for STMicroelectronics.X-CUBE-NFC6.3.1.0
2025-09-19 19:51:33,346 [WARN] PackLoader:240 - Cannot read IP mode file for STMicroelectronics.X-CUBE-FREERTOS.1.3.1
2025-09-19 19:51:33,353 [WARN] PackLoader:240 - Cannot read IP mode file for STMicroelectronics.X-CUBE-DPower.1.3.0
2025-09-19 19:51:33,380 [WARN] ConditionMgr:438 - getConditionDescription Invalid condition id : LAN8742 Phy interface Condition cause : null
2025-09-19 19:51:33,382 [WARN] PackLoader:240 - Cannot read IP mode file for STMicroelectronics.X-CUBE-AZRTOS-L4.2.0.0
2025-09-19 19:51:33,384 [WARN] ConditionMgr:1044 - genDependencies : Invalid condition id : LAN8742 Phy interface Condition cause : null
2025-09-19 19:51:33,398 [WARN] ConditionMgr:1044 - genDependencies : Invalid condition id : LAN8742 Phy interface Condition cause : null
2025-09-19 19:51:33,400 [WARN] ConditionMgr:1044 - genDependencies : Invalid condition id : LAN8742 Phy interface Condition cause : null
2025-09-19 19:51:33,416 [WARN] PackLoader:240 - Cannot read IP mode file for STMicroelectronics.X-CUBE-SFXS2LP1.4.0.0
2025-09-19 19:51:33,441 [WARN] ConditionMgr:438 - getConditionDescription Invalid condition id : UX DEVICE CLASS RTOS Condition cause : null
2025-09-19 19:51:33,441 [WARN] ConditionMgr:438 - getConditionDescription Invalid condition id : UX DEVICE CLASS RTOS Condition cause : null
2025-09-19 19:51:33,446 [WARN] PackLoader:240 - Cannot read IP mode file for STMicroelectronics.X-CUBE-AZRTOS-WB.2.0.0
2025-09-19 19:51:33,448 [WARN] ConditionMgr:1044 - genDependencies : Invalid condition id : UX DEVICE CLASS RTOS Condition cause : null
2025-09-19 19:51:33,448 [WARN] ConditionMgr:1044 - genDependencies : Invalid condition id : UX DEVICE CLASS RTOS Condition cause : null
2025-09-19 19:51:33,449 [WARN] ConditionMgr:1044 - genDependencies : Invalid condition id : UX DEVICE CLASS RTOS Condition cause : null
2025-09-19 19:51:33,450 [WARN] ConditionMgr:1044 - genDependencies : Invalid condition id : UX DEVICE CLASS RTOS Condition cause : null
2025-09-19 19:51:33,450 [WARN] ConditionMgr:1044 - genDependencies : Invalid condition id : UX DEVICE CLASS RTOS Condition cause : null
2025-09-19 19:51:33,461 [WARN] PackLoader:240 - Cannot read IP mode file for STMicroelectronics.X-CUBE-GNSS1.7.0.1
2025-09-19 19:51:33,468 [WARN] PackLoader:240 - Cannot read IP mode file for STMicroelectronics.X-CUBE-TOUCHGFX.4.25.0
2025-09-19 19:51:33,472 [WARN] ConditionMgr:438 - getConditionDescription Invalid condition id : Cortex-A Device cause : null
2025-09-19 19:51:33,492 [WARN] ConditionMgr:1044 - genDependencies : Invalid condition id : Cortex-A Device cause : null
2025-09-19 19:51:33,492 [WARN] ConditionMgr:1044 - genDependencies : Invalid condition id : Cortex-A Device cause : null
2025-09-19 19:51:33,492 [WARN] ConditionMgr:1044 - genDependencies : Invalid condition id : Cortex-A Device cause : null
2025-09-19 19:51:33,505 [WARN] PackLoader:240 - Cannot read IP mode file for STMicroelectronics.X-CUBE-SUBG2.5.0.0
2025-09-19 19:51:33,541 [WARN] PackLoader:240 - Cannot read IP mode file for STMicroelectronics.X-CUBE-AZRTOS-H7RS.1.1.0
2025-09-19 19:51:33,571 [WARN] PackLoader:240 - Cannot read IP mode file for STMicroelectronics.X-CUBE-AZRTOS-G4.2.0.0
2025-09-19 19:51:33,578 [WARN] PackLoader:240 - Cannot read IP mode file for wolfSSL.I-CUBE-wolfSSH.1.4.20
2025-09-19 19:51:33,584 [WARN] PackLoader:240 - Cannot read IP mode file for STMicroelectronics.X-CUBE-NFC7.2.0.0
2025-09-19 19:51:33,611 [WARN] PackLoader:240 - Cannot read IP mode file for STMicroelectronics.X-CUBE-IPS.3.1.0
2025-09-19 19:51:33,628 [WARN] PackLoader:240 - Cannot read IP mode file for STMicroelectronics.X-CUBE-ALS.1.0.2
2025-09-19 19:51:33,643 [WARN] PackLoader:240 - Cannot read IP mode file for STMicroelectronics.X-CUBE-TOF1.3.4.3
2025-09-19 19:51:33,664 [INFO] ThirdParty:978 - Integrity check success = true
2025-09-19 19:51:33,664 [INFO] IntegrityCheckThread:100 - exiting critical section [integrity check]
2025-09-19 19:51:33,664 [INFO] IntegrityCheckThread:103 - End integrity checks thread
2025-09-19 19:51:34,401 [INFO] WebApp:463 - Apply proxy settings
2025-09-19 19:51:34,402 [INFO] WebApp:548 - Chromium requires no authentication
2025-09-19 19:51:34,417 [INFO] WebApp:491 - Direct internet connection detected
2025-09-19 19:51:34,452 [INFO] WebApp:900 - Register for checkConnection events
2025-09-19 19:51:34,453 [INFO] WebApp:463 - Apply proxy settings
2025-09-19 19:51:34,453 [INFO] WebApp:548 - Chromium requires no authentication
2025-09-19 19:51:34,454 [INFO] WebApp:491 - Direct internet connection detected
2025-09-19 19:51:34,681 [INFO] WebApp:191 - Connection restablished
2025-09-19 19:51:34,726 [INFO] WebApp:225 - Starting web application
2025-09-19 19:51:34,727 [INFO] WebApp:593 - Web application path used /opt/st/stm32cubeide_1.19.0/plugins/com.st.stm32cube.common.mx_6.15.0.202507011659/db/plugins/mcufinder/reactClient1/index.html
2025-09-19 19:51:34,916 [INFO] UserAuth:487 - Internet connection configuration mode: 1
2025-09-19 19:51:46,938 [ERROR] LogOutputStream:75 - [STDERR_REDIRECT] Sep 19, 2025 7:51:46 PM java.util.prefs.FileSystemPreferences checkLockFile0ErrorCode
2025-09-19 19:51:46,940 [ERROR] LogOutputStream:75 - [STDERR_REDIRECT] WARNING: Could not lock System prefs. Unix error code 2.
2025-09-19 19:51:46,940 [ERROR] LogOutputStream:75 - [STDERR_REDIRECT] 
2025-09-19 19:51:46,941 [ERROR] LogOutputStream:75 - [STDERR_REDIRECT] Sep 19, 2025 7:51:46 PM java.util.prefs.FileSystemPreferences syncWorld
2025-09-19 19:51:46,942 [ERROR] LogOutputStream:75 - [STDERR_REDIRECT] WARNING: Couldn't flush system prefs: java.util.prefs.BackingStoreException: Couldn't get file lock.
2025-09-19 19:51:46,942 [ERROR] LogOutputStream:75 - [STDERR_REDIRECT] 
2025-09-19 19:52:14,077 [INFO] McuFinderGlobals:63 - Set McuFinder mode to 2 (CubeIDE integrated)
2025-09-19 19:52:14,084 [INFO] MainUpdater:2872 - connection check result : 10
2025-09-19 19:52:14,085 [INFO] MainUpdater:2872 - connection check result : 10
2025-09-19 19:52:14,136 [INFO] MicroXplorer:468 - Change Database Path : 
2025-09-19 19:52:14,137 [INFO] MicroXplorer:498 - Change Database Version : DB.6.0.150
2025-09-19 19:52:14,146 [WARN] ThirdParty:871 - waiting for thirdparty lock release [close project]
2025-09-19 19:52:14,147 [INFO] ThirdParty:873 - entering critical section [close project]
2025-09-19 19:52:14,149 [INFO] ThirdParty:883 - exiting critical section [close project]
2025-09-19 19:52:14,152 [INFO] PinOutPanel:1589 - setPackage(No Configuration,No Configuration)
2025-09-19 19:52:14,155 [INFO] UtilMem:75 - Begin LoadConfig() Used Memory: 436867728 Bytes (495976448)
2025-09-19 19:52:14,158 [INFO] MicroXplorer:468 - Change Database Path : 
2025-09-19 19:52:14,158 [INFO] MicroXplorer:498 - Change Database Version : DB.6.0.150
2025-09-19 19:52:14,158 [INFO] OpenFileManager:355 - Change cursor
2025-09-19 19:52:14,197 [INFO] Mcu:2029 - Initializing MCU STM32F446R(C-E)Tx STM32F446RETx STM32F446RET6
2025-09-19 19:52:16,944 [ERROR] LogOutputStream:75 - [STDERR_REDIRECT] Sep 19, 2025 7:52:16 PM java.util.prefs.FileSystemPreferences checkLockFile0ErrorCode
2025-09-19 19:52:16,945 [ERROR] LogOutputStream:75 - [STDERR_REDIRECT] WARNING: Could not lock System prefs. Unix error code 2.
2025-09-19 19:52:16,945 [ERROR] LogOutputStream:75 - [STDERR_REDIRECT] 
2025-09-19 19:52:16,946 [ERROR] LogOutputStream:75 - [STDERR_REDIRECT] Sep 19, 2025 7:52:16 PM java.util.prefs.FileSystemPreferences syncWorld
2025-09-19 19:52:16,946 [ERROR] LogOutputStream:75 - [STDERR_REDIRECT] WARNING: Couldn't flush system prefs: java.util.prefs.BackingStoreException: Couldn't get file lock.
2025-09-19 19:52:16,946 [ERROR] LogOutputStream:75 - [STDERR_REDIRECT] 
2025-09-19 19:52:16,989 [INFO] Context:786 - Trying to add GPIOservice into a context  which must be forbidden
2025-09-19 19:52:18,178 [INFO] ImportTextPane:234 - (OptionalMessage_ERROR) Pin11 (VP_RIF_VS_RIF1) cannot be retrieved for this MCU
2025-09-19 19:52:18,365 [INFO] RtosManager:558 - Registered RTOS mode: class=CMSIS, group=RTOS, mode=CMSIS_V1, owner=FREERTOS
2025-09-19 19:52:18,365 [INFO] RtosManager:558 - Registered RTOS mode: class=CMSIS, group=RTOS2, mode=CMSIS_V2, owner=FREERTOS
2025-09-19 19:52:18,366 [INFO] RtosManager:558 - Registered RTOS mode: class=RTOS, group=Core, mode=CMSIS_V1, owner=FREERTOS
2025-09-19 19:52:18,366 [INFO] RtosManager:558 - Registered RTOS mode: class=RTOS, group=Core, mode=CMSIS_V2, owner=FREERTOS
2025-09-19 19:52:18,366 [WARN] ModelIntegratedComponent:184 - Missing modes for component STMicroelectronics:FreeRTOS:0.0.1:STMicroelectronics:RTOS:FreeRTOS:Core:::10.2.0:
2025-09-19 19:52:18,418 [WARN] ModelIntegratedComponent:63 - No mode defined for component null
2025-09-19 19:52:18,419 [WARN] ModelIntegratedComponent:63 - No mode defined for component null
2025-09-19 19:52:18,419 [WARN] ModelIntegratedComponent:63 - No mode defined for component null
2025-09-19 19:52:18,419 [WARN] ModelIntegratedComponent:63 - No mode defined for component null
2025-09-19 19:52:18,419 [WARN] ModelIntegratedComponent:63 - No mode defined for component null
2025-09-19 19:52:18,419 [WARN] ModelIntegratedComponent:63 - No mode defined for component null
2025-09-19 19:52:18,419 [WARN] ModelIntegratedComponent:63 - No mode defined for component null
2025-09-19 19:52:18,420 [WARN] ModelIntegratedComponent:63 - No mode defined for component null
2025-09-19 19:52:18,420 [WARN] ModelIntegratedComponent:63 - No mode defined for component null
2025-09-19 19:52:18,420 [WARN] ModelIntegratedComponent:63 - No mode defined for component null
2025-09-19 19:52:18,420 [WARN] ModelIntegratedComponent:63 - No mode defined for component null
2025-09-19 19:52:18,420 [WARN] ModelIntegratedComponent:63 - No mode defined for component null
2025-09-19 19:52:18,420 [WARN] ModelIntegratedComponent:63 - No mode defined for component null
2025-09-19 19:52:18,420 [WARN] ModelIntegratedComponent:63 - No mode defined for component null
2025-09-19 19:52:18,420 [WARN] ModelIntegratedComponent:63 - No mode defined for component null
2025-09-19 19:52:18,421 [WARN] ModelIntegratedComponent:63 - No mode defined for component null
2025-09-19 19:52:18,421 [WARN] ModelIntegratedComponent:63 - No mode defined for component null
2025-09-19 19:52:18,421 [WARN] ModelIntegratedComponent:63 - No mode defined for component null
2025-09-19 19:52:18,421 [WARN] ModelIntegratedComponent:63 - No mode defined for component null
2025-09-19 19:52:18,421 [WARN] ModelIntegratedComponent:63 - No mode defined for component null
2025-09-19 19:52:18,421 [WARN] ModelIntegratedComponent:63 - No mode defined for component null
2025-09-19 19:52:18,421 [WARN] ModelIntegratedComponent:63 - No mode defined for component null
2025-09-19 19:52:18,421 [WARN] ModelIntegratedComponent:63 - No mode defined for component null
2025-09-19 19:52:18,422 [WARN] ModelIntegratedComponent:63 - No mode defined for component null
2025-09-19 19:52:18,422 [WARN] ModelIntegratedComponent:63 - No mode defined for component null
2025-09-19 19:52:18,422 [WARN] ModelIntegratedComponent:63 - No mode defined for component null
2025-09-19 19:52:18,422 [WARN] ModelIntegratedComponent:63 - No mode defined for component null
2025-09-19 19:52:18,422 [WARN] ModelIntegratedComponent:63 - No mode defined for component null
2025-09-19 19:52:18,422 [WARN] ModelIntegratedComponent:63 - No mode defined for component null
2025-09-19 19:52:18,422 [WARN] ModelIntegratedComponent:63 - No mode defined for component null
2025-09-19 19:52:18,423 [WARN] ModelIntegratedComponent:63 - No mode defined for component null
2025-09-19 19:52:18,423 [WARN] ModelIntegratedComponent:63 - No mode defined for component null
2025-09-19 19:52:18,423 [WARN] ModelIntegratedComponent:63 - No mode defined for component null
2025-09-19 19:52:18,423 [WARN] ModelIntegratedComponent:63 - No mode defined for component null
2025-09-19 19:52:18,423 [WARN] ModelIntegratedComponent:63 - No mode defined for component null
2025-09-19 19:52:18,424 [WARN] ModelPack:524 - Component already loaded: STMicroelectronics:HAL Drivers:0.0.0:STMicroelectronics:Device:STMicro_Driver:XSPI:HAL::0.0.1:HAL_XSPI
2025-09-19 19:52:18,712 [INFO] ThirdPartyModel:298 - Start build external matchings
2025-09-19 19:52:19,326 [INFO] ThirdPartyModel:316 - End build external matchings
2025-09-19 19:52:19,370 [INFO] ImportTextPane:234 - (OptionalMessage_ERROR) IP (RCC) : Invalid parameter (FamilyName)
2025-09-19 19:52:19,372 [INFO] ImportTextPane:234 - (OptionalMessage_ERROR) IP (RCC) : Parameter (SDIOFreq_Value) has invalid value (84000000)
2025-09-19 19:52:19,372 [INFO] ImportTextPane:234 - (OptionalMessage_ERROR) IP (RCC) : Parameter (USBFreq_Value) has invalid value (84000000)
2025-09-19 19:52:20,070 [INFO] ApiDb:581 - Connected to CubeFinder SQLite database (/home/tomas1908/.stmcufinder/plugins/mcufinder/mcu/cube-finder-db.db)
2025-09-19 19:52:20,174 [INFO] ApiDb:668 - CubeFinder database Data Model version=2.1
2025-09-19 19:52:20,175 [INFO] ApiDb:669 - CubeFinder database Configuration version=3.0.39
2025-09-19 19:52:20,175 [INFO] ApiDb:670 - CubeFinder database generation date=2025-07-24 (1753349077)
2025-09-19 19:52:20,175 [INFO] ApiDb:671 - CubeFinder database FW Pack versions=[FP-ATR-ASTRA1_V2.0.0, FP-SNS-FLIGHT1_V5.1.0, FP-SNS-MOTENV1_V5.0.0, FP-SNS-MOTENVWB1_V1.4.0, FP-SNS-SMARTAG2_V1.2.0, FP-SNS-STBOX1_V2.0.0, STM32Cube_FW_C0_V1.4.0, STM32Cube_FW_F4_V1.28.2, STM32Cube_FW_F7_V1.17.3, STM32Cube_FW_G0_V1.6.2, STM32Cube_FW_G4_V1.6.1, STM32Cube_FW_H5_V1.5.0, STM32Cube_FW_H7RS_V1.2.0, STM32Cube_FW_H7_V1.12.1, STM32Cube_FW_L0_V1.12.2, STM32Cube_FW_L4_V1.18.1, STM32Cube_FW_L5_V1.5.1, STM32Cube_FW_N6_V1.2.0, STM32Cube_FW_U0_V1.3.0, STM32Cube_FW_U3_V1.2.0, STM32Cube_FW_U5_V1.8.0, STM32Cube_FW_WB0_V1.3.0, STM32Cube_FW_WBA_V1.7.0, STM32Cube_FW_WB_V1.23.0, STM32Cube_FW_WL3_V1.2.0, STM32Cube_FW_WL_V1.3.1, X-CUBE-ALGOBUILD_V1.4.0, X-CUBE-ALS_V1.0.2, X-CUBE-AZRTOS-F4_V1.1.0, X-CUBE-AZRTOS-F7_V1.1.0, X-CUBE-AZRTOS-G0_V1.1.0, X-CUBE-AZRTOS-G4_V2.0.0, X-CUBE-AZRTOS-H7RS_V1.1.0, X-CUBE-AZRTOS-H7_V3.4.0, X-CUBE-AZRTOS-L4_V2.0.0, X-CUBE-AZRTOS-L5_V2.0.0, X-CUBE-AZRTOS-WB_V2.0.0, X-CUBE-AZRTOS-WL_V2.0.0, X-CUBE-BLE1_V7.1.0, X-CUBE-BLE2_V3.3.0, X-CUBE-BLEMGR_V4.1.0, X-CUBE-EEPRMA1_V5.2.0, X-CUBE-FREERTOS_V1.3.1, X-CUBE-GNSS1_V6.0.0, X-CUBE-MEMS1_V11.3.0, X-CUBE-NFC4_V3.0.0, X-CUBE-NFC7_V2.0.0, X-CUBE-SFXS2LP1_V4.0.0, X-CUBE-ST67W61_V1.0.0, X-CUBE-SUBG2_V5.0.0, X-CUBE-TOF1_V3.4.3]
2025-09-19 19:52:20,307 [INFO] DbBoardsSqlite:226 - include board P-NUCLEO-WB55-NUCLEO as a kit item of type 'Nucleo-64'
2025-09-19 19:52:20,308 [INFO] DbBoardsSqlite:226 - include board P-NUCLEO-WB55-USBDONGLE as a kit item of type 'Nucleo USB Dongle'
2025-09-19 19:52:20,309 [INFO] DbBoardsSqlite:226 - include board STEVAL-IDP005V1 as a kit item of type 'Evaluation Board'
2025-09-19 19:52:20,309 [INFO] DbBoardsSqlite:226 - include board STEVAL-IDP005V2 as a kit item of type 'Evaluation Board'
2025-09-19 19:52:20,440 [INFO] ApiDb:240 - Found 880 in-development CPN: [B-G473E-ZEST1S, B-WB1M-WPAN1, B-WBA5M-WPAN, B-WL5M-SUBG1, NUCLEO-C031C6, NUCLEO-C051C8, NUCLEO-C071RB, NUCLEO-C092RC, NUCLEO-H503RB, NUCLEO-H533RE, NUCLEO-H563ZI, NUCLEO-H7S3L8, NUCLEO-N657X0-Q, NUCLEO-U031R8, NUCLEO-U083RC, NUCLEO-U385RG-Q, NUCLEO-U545RE-Q, NUCLEO-U5A5ZJ-Q, NUCLEO-WB05KZ, NUCLEO-WB07CC, NUCLEO-WB09KE, NUCLEO-WBA52CG, NUCLEO-WBA55CG, NUCLEO-WL33CC1, NUCLEO-WL33CC2, STEVAL-PROTEUS1, STEVAL-SMARTAG2, STEVAL-STWINBX1, STM320518-EVAL, STM32C0116-DK, STM32C011D6Y3TR, STM32C011D6Y6TR, STM32C011F4P3, STM32C011F4P6, STM32C011F4U3, STM32C011F4U6TR, STM32C011F6P3, STM32C011F6P6, STM32C011F6U3, STM32C011F6U6TR, STM32C011J4M3, STM32C011J4M6, STM32C011J6M3, STM32C011J6M6, STM32C0316-DK, STM32C031C4T3, STM32C031C4T6, STM32C031C4U3, STM32C031C4U6, STM32C031C6T3, STM32C031C6T6, STM32C031C6U3, STM32C031C6U6, STM32C031F4P3, STM32C031F4P6, STM32C031F6P3, STM32C031F6P6, STM32C031G4U3, STM32C031G4U6, STM32C031G6U3, STM32C031G6U6, STM32C031K4T3, STM32C031K4T6, STM32C031K4U3, STM32C031K4U6, STM32C031K6T3, STM32C031K6T6, STM32C031K6U3, STM32C031K6U6, STM32C051C6T6, STM32C051C6U6, STM32C051C8T6, STM32C051C8U6, STM32C051D8Y6TR, STM32C051F6P6, STM32C051F8P6, STM32C051G6U6, STM32C051G8U6, STM32C051K6T6, STM32C051K6U6, STM32C051K8T6, STM32C071C8T6, STM32C071C8T6N, STM32C071C8U6, STM32C071C8U6N, STM32C071CBT6, STM32C071CBT6N, STM32C071CBU6, STM32C071CBU6N, STM32C071F8P6, STM32C071F8P6N, STM32C071FBP6, STM32C071FBP6N, STM32C071FBY6TR, STM32C071G8U6, STM32C071G8U6N, STM32C071GBU6, STM32C071GBU6N, STM32C071K8T6, STM32C071K8T6N, STM32C071K8U6, STM32C071K8U6N, STM32C071KBT6, STM32C071KBT6N, STM32C071KBU6, STM32C071KBU6N, STM32C071R8T6, STM32C071R8T6N, STM32C071RBI6N, STM32C071RBT6, STM32C071RBT6N, STM32C091CBT6, STM32C091CBU6, STM32C091CCT6, STM32C091CCU6, STM32C091ECY6TR, STM32C091FBP6, STM32C091FCP6, STM32C091GBU6, STM32C091GCU6, STM32C091KBT6, STM32C091KBU6, STM32C091KCT6, STM32C091KCU6, STM32C091RBT6, STM32C091RCI6, STM32C091RCT6, STM32C092CBT6, STM32C092CBU6, STM32C092CCT6, STM32C092CCU6, STM32C092ECY6TR, STM32C092FBP6, STM32C092FCP6, STM32C092GBU6, STM32C092GCU6, STM32C092KBT6, STM32C092KBU6, STM32C092KCT6, STM32C092KCU6, STM32C092RBT6, STM32C092RCI6, STM32C092RCT6, STM32G071K8TXN, STM32G071K8UXN, STM32G081GBU6N, STM32G081KBT6N, STM32G081KBUXN, STM32G0B1CCT6N, STM32G0B1KCT6, STM32G0B1NEY6TR, STM32G0B1RCT6N, STM32G0C1CCT6, STM32G0C1CCT6N, STM32G0C1CCU6N, STM32G0C1CET6N, STM32G0C1CEU6N, STM32G0C1KCT6, STM32G0C1NEY6TR, STM32G0C1RCI6N, STM32G0C1RCT6N, STM32G0C1REI6N, STM32G0C1RET6N, STM32G0C1VCI6, STM32G0C1VEI6, STM32G411C6T3, STM32G411C6T6, STM32G411C6U3, STM32G411C6U6, STM32G411C8T3, STM32G411C8T6, STM32G411C8U3, STM32G411C8U6, STM32G411CBT3, STM32G411CBT6, STM32G411CBU3, STM32G411CBU6, STM32G411K6T3, STM32G411K6T6, STM32G411K6U3, STM32G411K6U6, STM32G411K8T3, STM32G411K8T6, STM32G411K8U3, STM32G411K8U6, STM32G411KBT3, STM32G411KBT6, STM32G411KBU3, STM32G411KBU6, STM32G411M6T3, STM32G411M6T6, STM32G411M8T3, STM32G411M8T6, STM32G411MBT3, STM32G411MBT6, STM32G411R6T3, STM32G411R6T6, STM32G411R8T3, STM32G411R8T6, STM32G411RBT3, STM32G411RBT6, STM32G414CBT3, STM32G414CBT6, STM32G414CBU3, STM32G414CBU6, STM32G414CCT3, STM32G414CCT6, STM32G414CCU3, STM32G414CCU6, STM32G414MBT3, STM32G414MBT6, STM32G414MCT3, STM32G414MCT6, STM32G414RBT3, STM32G414RBT6, STM32G414RCT3, STM32G414RCT6, STM32G414VBT3, STM32G414VBT6, STM32G414VCT3, STM32G414VCT6, STM32G431CBT3Z, STM32G431RBT3Z, STM32G471CCT6, STM32G471CCU6, STM32G471CET3, STM32G471CET6, STM32G471CEU3, STM32G471CEU6, STM32G471MCT6, STM32G471MET3, STM32G471MET6, STM32G471MEY6TR, STM32G471QCT6, STM32G471QET3, STM32G471RCT6, STM32G471RET3, STM32G471RET6, STM32G471VCH6, STM32G471VCI6, STM32G471VCT6, STM32G471VEH3, STM32G471VEH6, STM32G471VEI3, STM32G471VEI6, STM32G471VET3, STM32G471VET6, STM32G473QET3Z, STM32G473RET3Z, STM32G474CCT6, STM32G491RET3Z, STM32H503CBT6, STM32H503CBU6, STM32H503EBY6TR, STM32H503KBU6, STM32H503RBT6, STM32H523CCT6, STM32H523CCU6, STM32H523CET6, STM32H523CEU6, STM32H523HEY6TR, STM32H523RCT6, STM32H523RET6, STM32H523VCI6, STM32H523VCT6, STM32H523VEI6, STM32H523VET6, STM32H523ZCJ6, STM32H523ZCT6, STM32H523ZEJ6, STM32H523ZET6, STM32H533CET6, STM32H533CEU6, STM32H533HEY6TR, STM32H533RET6, STM32H533VEI6, STM32H533VET6, STM32H533ZEJ6, STM32H533ZET6, STM32H562AGI6, STM32H562AII6, STM32H562IGK6, STM32H562IGT6, STM32H562IIK6, STM32H562IIT6, STM32H562RGT6, STM32H562RGV6, STM32H562RIT6, STM32H562RIV6, STM32H562VGT6, STM32H562VIT6, STM32H562ZGT6, STM32H562ZIT6, STM32H563AGI6, STM32H563AII3Q, STM32H563AII6, STM32H563IGK6, STM32H563IGT6, STM32H563IIK3Q, STM32H563IIK6, STM32H563IIT3Q, STM32H563IIT6, STM32H563MIY3QTR, STM32H563RGT6, STM32H563RGV6, STM32H563RIT6, STM32H563RIV6, STM32H563VGT6, STM32H563VIT3Q, STM32H563VIT6, STM32H563ZGT6, STM32H563ZIT3Q, STM32H563ZIT6, STM32H573AII3Q, STM32H573AII6, STM32H573I-DK, STM32H573IIK3Q, STM32H573IIK6, STM32H573IIT3Q, STM32H573IIT6, STM32H573MIY3QTR, STM32H573RIT6, STM32H573RIV6, STM32H573VIT3Q, STM32H573VIT6, STM32H573ZIT3Q, STM32H573ZIT6, STM32H7R3A8I6, STM32H7R3I8K6, STM32H7R3I8T6, STM32H7R3L8H6, STM32H7R3L8H6H, STM32H7R3R8V6, STM32H7R3V8H6, STM32H7R3V8T6, STM32H7R3V8Y6TR, STM32H7R3Z8J6, STM32H7R3Z8T6, STM32H7R7A8I6, STM32H7R7I8K6, STM32H7R7I8T6, STM32H7R7L8H6, STM32H7R7L8H6H, STM32H7R7Z8J6, STM32H7S3A8I6, STM32H7S3I8K6, STM32H7S3I8T6, STM32H7S3L8H6, STM32H7S3L8H6H, STM32H7S3R8V6, STM32H7S3V8H6, STM32H7S3V8T6, STM32H7S3V8Y6TR, STM32H7S3Z8J6, STM32H7S3Z8T6, STM32H7S78-DK, STM32H7S7A8I6, STM32H7S7I8K6, STM32H7S7I8T6, STM32H7S7L8H6, STM32H7S7L8H6H, STM32H7S7Z8J6, STM32L4R5QGI6STR, STM32MP131AAE3, STM32MP131AAF3, STM32MP131AAG3, STM32MP131CAE3, STM32MP131CAF3, STM32MP131CAG3, STM32MP131DAE7, STM32MP131DAF7, STM32MP131DAG7, STM32MP131FAE7, STM32MP131FAF7, STM32MP131FAG7, STM32MP133AAE3, STM32MP133AAF3, STM32MP133AAG3, STM32MP133CAE3, STM32MP133CAF3, STM32MP133CAG3, STM32MP133DAE7, STM32MP133DAF7, STM32MP133DAG7, STM32MP133FAE7, STM32MP133FAF7, STM32MP133FAG7, STM32MP135AAE3, STM32MP135AAF3, STM32MP135AAG3, STM32MP135CAE3, STM32MP135CAF3, STM32MP135CAG3, STM32MP135DAE7, STM32MP135DAF7, STM32MP135DAG7, STM32MP135F-DK, STM32MP135FAE7, STM32MP135FAF7, STM32MP135FAF7T, STM32MP135FAF7U, STM32MP135FAG7, STM32MP211AAL3, STM32MP211AAM3, STM32MP211AAN3, STM32MP211AAO3, STM32MP211CAL3, STM32MP211CAM3, STM32MP211CAN3, STM32MP211CAO3, STM32MP211DAL3, STM32MP211DAM3, STM32MP211DAN3, STM32MP211DAO3, STM32MP211FAL3, STM32MP211FAM3, STM32MP211FAN3, STM32MP211FAO3, STM32MP213AAL3, STM32MP213AAM3, STM32MP213AAN3, STM32MP213AAO3, STM32MP213CAL3, STM32MP213CAM3, STM32MP213CAN3, STM32MP213CAO3, STM32MP213DAL3, STM32MP213DAM3, STM32MP213DAN3, STM32MP213DAO3, STM32MP213FAL3, STM32MP213FAM3, STM32MP213FAN3, STM32MP213FAO3, STM32MP215AAL3, STM32MP215AAM3, STM32MP215AAN3, STM32MP215AAO3, STM32MP215CAL3, STM32MP215CAM3, STM32MP215CAN3, STM32MP215CAO3, STM32MP215DAL3, STM32MP215DAM3, STM32MP215DAN3, STM32MP215DAO3, STM32MP215F-DK, STM32MP215FAL3, STM32MP215FAM3, STM32MP215FAN3, STM32MP215FAO3, STM32MP231AAJ3, STM32MP231AAK3, STM32MP231AAL3, STM32MP231CAJ3, STM32MP231CAK3, STM32MP231CAL3, STM32MP231DAJ3, STM32MP231DAK3, STM32MP231DAL3, STM32MP231FAJ3, STM32MP231FAK3, STM32MP231FAL3, STM32MP233AAJ3, STM32MP233AAK3, STM32MP233AAL3, STM32MP233CAJ3, STM32MP233CAK3, STM32MP233CAL3, STM32MP233DAJ3, STM32MP233DAK3, STM32MP233DAL3, STM32MP233FAJ3, STM32MP233FAK3, STM32MP233FAL3, STM32MP235AAJ3, STM32MP235AAK3, STM32MP235AAL3, STM32MP235CAJ3, STM32MP235CAK3, STM32MP235CAL3, STM32MP235DAJ3, STM32MP235DAK3, STM32MP235DAL3, STM32MP235FAJ3, STM32MP235FAK3, STM32MP235FAL3, STM32MP251AAI3, STM32MP251AAK3, STM32MP251AAL3, STM32MP251CAI3, STM32MP251CAK3, STM32MP251CAL3, STM32MP251DAI3, STM32MP251DAK3, STM32MP251DAL3, STM32MP251FAI3, STM32MP251FAK3, STM32MP251FAL3, STM32MP253AAI3, STM32MP253AAK3, STM32MP253AAL3, STM32MP253CAI3, STM32MP253CAK3, STM32MP253CAL3, STM32MP253DAI3, STM32MP253DAK3, STM32MP253DAL3, STM32MP253FAI3, STM32MP253FAK3, STM32MP253FAL3, STM32MP255AAI3, STM32MP255AAK3, STM32MP255AAL3, STM32MP255CAI3, STM32MP255CAK3, STM32MP255CAL3, STM32MP255DAI3, STM32MP255DAK3, STM32MP255DAL3, STM32MP255FAI3, STM32MP255FAK3, STM32MP255FAL3, STM32MP257AAI3, STM32MP257AAK3, STM32MP257AAL3, STM32MP257CAI3, STM32MP257CAK3, STM32MP257CAL3, STM32MP257DAI3, STM32MP257DAK3, STM32MP257DAL3, STM32MP257F-DK, STM32MP257F-EV1, STM32MP257FAI3, STM32MP257FAK3, STM32MP257FAL3, STM32N645A0H3Q, STM32N645B0H3Q, STM32N645I0H3Q, STM32N645L0H3Q, STM32N645X0H3Q, STM32N645Z0H3Q, STM32N647A0H3Q, STM32N647B0H3Q, STM32N647I0H3Q, STM32N647L0H3Q, STM32N647X0H3Q, STM32N647Z0H3Q, STM32N655A0H3Q, STM32N655B0H3Q, STM32N655I0H3Q, STM32N655L0H3Q, STM32N655X0H3Q, STM32N655Z0H3Q, STM32N6570-DK, STM32N657A0H3Q, STM32N657B0H3Q, STM32N657I0H3Q, STM32N657L0H3Q, STM32N657X0H3Q, STM32N657Z0H3Q, STM32U031C6T6, STM32U031C6U6, STM32U031C8T6, STM32U031C8U6, STM32U031F4P6, STM32U031F6P6, STM32U031F8P6, STM32U031G6Y6TR, STM32U031G8Y6TR, STM32U031K4U6, STM32U031K6U6, STM32U031K8U6, STM32U031R6I6, STM32U031R6T6, STM32U031R8I6, STM32U031R8T6, STM32U073C8T6, STM32U073C8U6, STM32U073CBT6, STM32U073CBU6, STM32U073CCT6, STM32U073CCU6, STM32U073H8Y6TR, STM32U073HBY6TR, STM32U073HCY6TR, STM32U073K8U6, STM32U073KBU6, STM32U073KCU6, STM32U073M8I6, STM32U073M8T6, STM32U073MBI6, STM32U073MBT6, STM32U073MCI6, STM32U073MCT6, STM32U073R8I6, STM32U073R8T6, STM32U073RBI6, STM32U073RBT6, STM32U073RCI6, STM32U073RCT6, STM32U083C-DK, STM32U083CCT6, STM32U083CCU6, STM32U083HCY6TR, STM32U083KCU6, STM32U083MCI6, STM32U083MCT6, STM32U083RCI6, STM32U083RCT6, STM32U375CET6, STM32U375CET6Q, STM32U375CEU6, STM32U375CEU6Q, STM32U375CEY6QTR, STM32U375CGT6, STM32U375CGT6Q, STM32U375CGU6, STM32U375CGU6Q, STM32U375CGY6QTR, STM32U375KEU6, STM32U375KGU6, STM32U375REI6, STM32U375REI6Q, STM32U375RET6, STM32U375RET6Q, STM32U375REY6GTR, STM32U375REY6QTR, STM32U375RGI6, STM32U375RGI6Q, STM32U375RGT6, STM32U375RGT6Q, STM32U375RGY6GTR, STM32U375RGY6QTR, STM32U375VEI6, STM32U375VEI6Q, STM32U375VET6, STM32U375VET6Q, STM32U375VGI6, STM32U375VGI6Q, STM32U375VGT6, STM32U375VGT6Q, STM32U385CGT6, STM32U385CGT6Q, STM32U385CGU6, STM32U385CGU6Q, STM32U385CGY6QTR, STM32U385KGU6, STM32U385RGI6, STM32U385RGI6Q, STM32U385RGT6, STM32U385RGT6Q, STM32U385RGY6GTR, STM32U385RGY6QTR, STM32U385VGI6, STM32U385VGI6Q, STM32U385VGT6, STM32U385VGT6Q, STM32U535CBT6, STM32U535CBT6Q, STM32U535CBU6, STM32U535CBU6Q, STM32U535CCT6, STM32U535CCT6Q, STM32U535CCU6, STM32U535CCU6Q, STM32U535CET6, STM32U535CET6Q, STM32U535CEU6, STM32U535CEU6Q, STM32U535JEY6QTR, STM32U535NCY6QTR, STM32U535NEY6QTR, STM32U535RBI6, STM32U535RBI6Q, STM32U535RBT6, STM32U535RBT6Q, STM32U535RCI6, STM32U535RCI6Q, STM32U535RCT6, STM32U535RCT6Q, STM32U535REI6, STM32U535REI6Q, STM32U535RET6, STM32U535RET6Q, STM32U535VCI6, STM32U535VCI6Q, STM32U535VCT6, STM32U535VCT6Q, STM32U535VEI6, STM32U535VEI6Q, STM32U535VET6, STM32U535VET6Q, STM32U545CET6, STM32U545CET6Q, STM32U545CEU6, STM32U545CEU6Q, STM32U545JEY6QTR, STM32U545NEY6QTR, STM32U545REI6, STM32U545REI6Q, STM32U545RET6, STM32U545RET6Q, STM32U545VEI6, STM32U545VEI6Q, STM32U545VET6, STM32U545VET6Q, STM32U595AIH6, STM32U595AIH6Q, STM32U595AJH6, STM32U595AJH6Q, STM32U595QII6, STM32U595QII6Q, STM32U595QJI6, STM32U595QJI6Q, STM32U595RIT6, STM32U595RIT6Q, STM32U595RJT6, STM32U595RJT6Q, STM32U595VIT6, STM32U595VIT6Q, STM32U595VJT6, STM32U595VJT6Q, STM32U595ZIT6, STM32U595ZIT6Q, STM32U595ZIY6QTR, STM32U595ZJT6, STM32U595ZJT6Q, STM32U595ZJY6QTR, STM32U599BJY6QTR, STM32U599NIH6Q, STM32U599NJH6Q, STM32U599VIT6Q, STM32U599VJT6, STM32U599VJT6Q, STM32U599ZIT6Q, STM32U599ZIY6QTR, STM32U599ZJT6Q, STM32U599ZJY6QTR, STM32U5A5AJH6, STM32U5A5AJH6Q, STM32U5A5QII3Q , STM32U5A5QJI6, STM32U5A5QJI6Q, STM32U5A5RJT6, STM32U5A5RJT6Q, STM32U5A5VJT6, STM32U5A5VJT6Q, STM32U5A5ZJT6, STM32U5A5ZJT6Q, STM32U5A5ZJY6QTR, STM32U5A9BJY6QTR, STM32U5A9J-DK, STM32U5A9NJH6Q, STM32U5A9VJT6Q, STM32U5A9ZJT6Q, STM32U5A9ZJY6QTR, STM32U5F7VIT6, STM32U5F7VIT6Q, STM32U5F7VJT6, STM32U5F7VJT6Q, STM32U5F9BJY6QTR, STM32U5F9NJH6Q, STM32U5F9VIT6Q, STM32U5F9VJT6Q, STM32U5F9ZIJ6QTR, STM32U5F9ZIT6Q, STM32U5F9ZJJ6QTR, STM32U5F9ZJT6Q, STM32U5G7VJT6, STM32U5G7VJT6Q, STM32U5G9BJY6QTR, STM32U5G9J-DK1, STM32U5G9J-DK2, STM32U5G9NJH6Q, STM32U5G9VJT6Q, STM32U5G9ZJJ6QTR, STM32U5G9ZJT6Q, STM32WB05KZV6TR, STM32WB05KZV7TR, STM32WB05TZF6TR, STM32WB05TZF7TR, STM32WB06CCF6TR, STM32WB06CCF7TR, STM32WB06CCV6TR, STM32WB06CCV7TR, STM32WB06KCV6TR, STM32WB06KCV7TR, STM32WB07CCF6TR, STM32WB07CCF7TR, STM32WB07CCV6TR, STM32WB07CCV7TR, STM32WB07KCV6TR, STM32WB07KCV7TR, STM32WB09KEV6TR, STM32WB09KEV7TR, STM32WB09TEF6TR, STM32WB09TEF7TR, STM32WB1MMCH6, STM32WBA50KGU6, STM32WBA50KGU6TR, STM32WBA52CEU6, STM32WBA52CEU6TR, STM32WBA52CEU7, STM32WBA52CEU7TR, STM32WBA52CGU6, STM32WBA52CGU6TR, STM32WBA52CGU6U, STM32WBA52CGU7, STM32WBA52CGU7TR, STM32WBA52KEU6, STM32WBA52KEU6TR, STM32WBA52KGU6, STM32WBA52KGU6TR, STM32WBA54CEU6, STM32WBA54CEU6TR, STM32WBA54CEU7, STM32WBA54CEU7TR, STM32WBA54CGU6, STM32WBA54CGU6TR, STM32WBA54CGU7, STM32WBA54CGU7TR, STM32WBA54KEU6, STM32WBA54KEU6TR, STM32WBA54KEU7, STM32WBA54KEU7TR, STM32WBA54KGU6, STM32WBA54KGU6TR, STM32WBA54KGU7, STM32WBA54KGU7TR, STM32WBA55CEU6, STM32WBA55CEU6TR, STM32WBA55CEU7, STM32WBA55CEU7TR, STM32WBA55CGU6, STM32WBA55CGU6TR, STM32WBA55CGU6U, STM32WBA55CGU7, STM32WBA55CGU7TR, STM32WBA55G-DK1, STM32WBA55HEF6, STM32WBA55HEF7, STM32WBA55HGF6, STM32WBA55HGF7, STM32WBA55UEI6, STM32WBA55UEI6TR, STM32WBA55UEI7, STM32WBA55UEI7TR, STM32WBA55UGI6, STM32WBA55UGI6TR, STM32WBA55UGI7, STM32WBA55UGI7TR, STM32WBA5MMGH6TR, STM32WBA62MGF6, STM32WBA62MIF6, STM32WBA65MGF7, STM32WBA65MIF6, STM32WBA65MIF7, STM32WL30K8V6, STM32WL30KBV6, STM32WL31C8V6, STM32WL31CBV6, STM32WL31K8V6, STM32WL31KBV6, STM32WL33C8V6, STM32WL33C8V6X, STM32WL33CBV6, STM32WL33CBV6X, STM32WL33CCV6, STM32WL33CCV6A, STM32WL33CCV6X, STM32WL33K8V7, STM32WL33K8V7X, STM32WL33KBV7 , STM32WL33KBV7X, STM32WL33KCV7, STM32WL33KCV7X, STM32WL5MOCH6, STM32WL5MOCH6TR]
2025-09-19 19:52:20,682 [INFO] BoardInfo:889 - No configuration file found for board P-NUCLEO-WB55
2025-09-19 19:52:20,682 [INFO] DbBoards:161 - Kit is not supported: P-NUCLEO-WB55
2025-09-19 19:52:20,689 [INFO] BoardInfo:889 - No configuration file found for board STEVAL-BFA001V1B
2025-09-19 19:52:20,690 [INFO] DbBoards:161 - Kit is not supported: STEVAL-BFA001V1B
2025-09-19 19:52:20,691 [INFO] BoardInfo:889 - No configuration file found for board STEVAL-BFA001V2B
2025-09-19 19:52:20,692 [INFO] DbBoards:161 - Kit is not supported: STEVAL-BFA001V2B
2025-09-19 19:52:20,878 [INFO] DbBoards:168 - Found 212 boards, 209 are supported
2025-09-19 19:52:20,879 [INFO] DbBoards:169 - Found 212 boards, 43 of them is supported for  Bsp
2025-09-19 19:52:20,885 [INFO] ApiDb:668 - CubeFinder database Data Model version=2.1
2025-09-19 19:52:20,885 [INFO] ApiDb:669 - CubeFinder database Configuration version=3.0.39
2025-09-19 19:52:20,885 [INFO] ApiDb:670 - CubeFinder database generation date=2025-07-24 (1753349077)
2025-09-19 19:52:20,885 [INFO] ApiDb:671 - CubeFinder database FW Pack versions=[FP-ATR-ASTRA1_V2.0.0, FP-SNS-FLIGHT1_V5.1.0, FP-SNS-MOTENV1_V5.0.0, FP-SNS-MOTENVWB1_V1.4.0, FP-SNS-SMARTAG2_V1.2.0, FP-SNS-STBOX1_V2.0.0, STM32Cube_FW_C0_V1.4.0, STM32Cube_FW_F4_V1.28.2, STM32Cube_FW_F7_V1.17.3, STM32Cube_FW_G0_V1.6.2, STM32Cube_FW_G4_V1.6.1, STM32Cube_FW_H5_V1.5.0, STM32Cube_FW_H7RS_V1.2.0, STM32Cube_FW_H7_V1.12.1, STM32Cube_FW_L0_V1.12.2, STM32Cube_FW_L4_V1.18.1, STM32Cube_FW_L5_V1.5.1, STM32Cube_FW_N6_V1.2.0, STM32Cube_FW_U0_V1.3.0, STM32Cube_FW_U3_V1.2.0, STM32Cube_FW_U5_V1.8.0, STM32Cube_FW_WB0_V1.3.0, STM32Cube_FW_WBA_V1.7.0, STM32Cube_FW_WB_V1.23.0, STM32Cube_FW_WL3_V1.2.0, STM32Cube_FW_WL_V1.3.1, X-CUBE-ALGOBUILD_V1.4.0, X-CUBE-ALS_V1.0.2, X-CUBE-AZRTOS-F4_V1.1.0, X-CUBE-AZRTOS-F7_V1.1.0, X-CUBE-AZRTOS-G0_V1.1.0, X-CUBE-AZRTOS-G4_V2.0.0, X-CUBE-AZRTOS-H7RS_V1.1.0, X-CUBE-AZRTOS-H7_V3.4.0, X-CUBE-AZRTOS-L4_V2.0.0, X-CUBE-AZRTOS-L5_V2.0.0, X-CUBE-AZRTOS-WB_V2.0.0, X-CUBE-AZRTOS-WL_V2.0.0, X-CUBE-BLE1_V7.1.0, X-CUBE-BLE2_V3.3.0, X-CUBE-BLEMGR_V4.1.0, X-CUBE-EEPRMA1_V5.2.0, X-CUBE-FREERTOS_V1.3.1, X-CUBE-GNSS1_V6.0.0, X-CUBE-MEMS1_V11.3.0, X-CUBE-NFC4_V3.0.0, X-CUBE-NFC7_V2.0.0, X-CUBE-SFXS2LP1_V4.0.0, X-CUBE-ST67W61_V1.0.0, X-CUBE-SUBG2_V5.0.0, X-CUBE-TOF1_V3.4.3]
2025-09-19 19:52:26,343 [INFO] ApiDb:240 - Found 880 in-development CPN: [B-G473E-ZEST1S, B-WB1M-WPAN1, B-WBA5M-WPAN, B-WL5M-SUBG1, NUCLEO-C031C6, NUCLEO-C051C8, NUCLEO-C071RB, NUCLEO-C092RC, NUCLEO-H503RB, NUCLEO-H533RE, NUCLEO-H563ZI, NUCLEO-H7S3L8, NUCLEO-N657X0-Q, NUCLEO-U031R8, NUCLEO-U083RC, NUCLEO-U385RG-Q, NUCLEO-U545RE-Q, NUCLEO-U5A5ZJ-Q, NUCLEO-WB05KZ, NUCLEO-WB07CC, NUCLEO-WB09KE, NUCLEO-WBA52CG, NUCLEO-WBA55CG, NUCLEO-WL33CC1, NUCLEO-WL33CC2, STEVAL-PROTEUS1, STEVAL-SMARTAG2, STEVAL-STWINBX1, STM320518-EVAL, STM32C0116-DK, STM32C011D6Y3TR, STM32C011D6Y6TR, STM32C011F4P3, STM32C011F4P6, STM32C011F4U3, STM32C011F4U6TR, STM32C011F6P3, STM32C011F6P6, STM32C011F6U3, STM32C011F6U6TR, STM32C011J4M3, STM32C011J4M6, STM32C011J6M3, STM32C011J6M6, STM32C0316-DK, STM32C031C4T3, STM32C031C4T6, STM32C031C4U3, STM32C031C4U6, STM32C031C6T3, STM32C031C6T6, STM32C031C6U3, STM32C031C6U6, STM32C031F4P3, STM32C031F4P6, STM32C031F6P3, STM32C031F6P6, STM32C031G4U3, STM32C031G4U6, STM32C031G6U3, STM32C031G6U6, STM32C031K4T3, STM32C031K4T6, STM32C031K4U3, STM32C031K4U6, STM32C031K6T3, STM32C031K6T6, STM32C031K6U3, STM32C031K6U6, STM32C051C6T6, STM32C051C6U6, STM32C051C8T6, STM32C051C8U6, STM32C051D8Y6TR, STM32C051F6P6, STM32C051F8P6, STM32C051G6U6, STM32C051G8U6, STM32C051K6T6, STM32C051K6U6, STM32C051K8T6, STM32C071C8T6, STM32C071C8T6N, STM32C071C8U6, STM32C071C8U6N, STM32C071CBT6, STM32C071CBT6N, STM32C071CBU6, STM32C071CBU6N, STM32C071F8P6, STM32C071F8P6N, STM32C071FBP6, STM32C071FBP6N, STM32C071FBY6TR, STM32C071G8U6, STM32C071G8U6N, STM32C071GBU6, STM32C071GBU6N, STM32C071K8T6, STM32C071K8T6N, STM32C071K8U6, STM32C071K8U6N, STM32C071KBT6, STM32C071KBT6N, STM32C071KBU6, STM32C071KBU6N, STM32C071R8T6, STM32C071R8T6N, STM32C071RBI6N, STM32C071RBT6, STM32C071RBT6N, STM32C091CBT6, STM32C091CBU6, STM32C091CCT6, STM32C091CCU6, STM32C091ECY6TR, STM32C091FBP6, STM32C091FCP6, STM32C091GBU6, STM32C091GCU6, STM32C091KBT6, STM32C091KBU6, STM32C091KCT6, STM32C091KCU6, STM32C091RBT6, STM32C091RCI6, STM32C091RCT6, STM32C092CBT6, STM32C092CBU6, STM32C092CCT6, STM32C092CCU6, STM32C092ECY6TR, STM32C092FBP6, STM32C092FCP6, STM32C092GBU6, STM32C092GCU6, STM32C092KBT6, STM32C092KBU6, STM32C092KCT6, STM32C092KCU6, STM32C092RBT6, STM32C092RCI6, STM32C092RCT6, STM32G071K8TXN, STM32G071K8UXN, STM32G081GBU6N, STM32G081KBT6N, STM32G081KBUXN, STM32G0B1CCT6N, STM32G0B1KCT6, STM32G0B1NEY6TR, STM32G0B1RCT6N, STM32G0C1CCT6, STM32G0C1CCT6N, STM32G0C1CCU6N, STM32G0C1CET6N, STM32G0C1CEU6N, STM32G0C1KCT6, STM32G0C1NEY6TR, STM32G0C1RCI6N, STM32G0C1RCT6N, STM32G0C1REI6N, STM32G0C1RET6N, STM32G0C1VCI6, STM32G0C1VEI6, STM32G411C6T3, STM32G411C6T6, STM32G411C6U3, STM32G411C6U6, STM32G411C8T3, STM32G411C8T6, STM32G411C8U3, STM32G411C8U6, STM32G411CBT3, STM32G411CBT6, STM32G411CBU3, STM32G411CBU6, STM32G411K6T3, STM32G411K6T6, STM32G411K6U3, STM32G411K6U6, STM32G411K8T3, STM32G411K8T6, STM32G411K8U3, STM32G411K8U6, STM32G411KBT3, STM32G411KBT6, STM32G411KBU3, STM32G411KBU6, STM32G411M6T3, STM32G411M6T6, STM32G411M8T3, STM32G411M8T6, STM32G411MBT3, STM32G411MBT6, STM32G411R6T3, STM32G411R6T6, STM32G411R8T3, STM32G411R8T6, STM32G411RBT3, STM32G411RBT6, STM32G414CBT3, STM32G414CBT6, STM32G414CBU3, STM32G414CBU6, STM32G414CCT3, STM32G414CCT6, STM32G414CCU3, STM32G414CCU6, STM32G414MBT3, STM32G414MBT6, STM32G414MCT3, STM32G414MCT6, STM32G414RBT3, STM32G414RBT6, STM32G414RCT3, STM32G414RCT6, STM32G414VBT3, STM32G414VBT6, STM32G414VCT3, STM32G414VCT6, STM32G431CBT3Z, STM32G431RBT3Z, STM32G471CCT6, STM32G471CCU6, STM32G471CET3, STM32G471CET6, STM32G471CEU3, STM32G471CEU6, STM32G471MCT6, STM32G471MET3, STM32G471MET6, STM32G471MEY6TR, STM32G471QCT6, STM32G471QET3, STM32G471RCT6, STM32G471RET3, STM32G471RET6, STM32G471VCH6, STM32G471VCI6, STM32G471VCT6, STM32G471VEH3, STM32G471VEH6, STM32G471VEI3, STM32G471VEI6, STM32G471VET3, STM32G471VET6, STM32G473QET3Z, STM32G473RET3Z, STM32G474CCT6, STM32G491RET3Z, STM32H503CBT6, STM32H503CBU6, STM32H503EBY6TR, STM32H503KBU6, STM32H503RBT6, STM32H523CCT6, STM32H523CCU6, STM32H523CET6, STM32H523CEU6, STM32H523HEY6TR, STM32H523RCT6, STM32H523RET6, STM32H523VCI6, STM32H523VCT6, STM32H523VEI6, STM32H523VET6, STM32H523ZCJ6, STM32H523ZCT6, STM32H523ZEJ6, STM32H523ZET6, STM32H533CET6, STM32H533CEU6, STM32H533HEY6TR, STM32H533RET6, STM32H533VEI6, STM32H533VET6, STM32H533ZEJ6, STM32H533ZET6, STM32H562AGI6, STM32H562AII6, STM32H562IGK6, STM32H562IGT6, STM32H562IIK6, STM32H562IIT6, STM32H562RGT6, STM32H562RGV6, STM32H562RIT6, STM32H562RIV6, STM32H562VGT6, STM32H562VIT6, STM32H562ZGT6, STM32H562ZIT6, STM32H563AGI6, STM32H563AII3Q, STM32H563AII6, STM32H563IGK6, STM32H563IGT6, STM32H563IIK3Q, STM32H563IIK6, STM32H563IIT3Q, STM32H563IIT6, STM32H563MIY3QTR, STM32H563RGT6, STM32H563RGV6, STM32H563RIT6, STM32H563RIV6, STM32H563VGT6, STM32H563VIT3Q, STM32H563VIT6, STM32H563ZGT6, STM32H563ZIT3Q, STM32H563ZIT6, STM32H573AII3Q, STM32H573AII6, STM32H573I-DK, STM32H573IIK3Q, STM32H573IIK6, STM32H573IIT3Q, STM32H573IIT6, STM32H573MIY3QTR, STM32H573RIT6, STM32H573RIV6, STM32H573VIT3Q, STM32H573VIT6, STM32H573ZIT3Q, STM32H573ZIT6, STM32H7R3A8I6, STM32H7R3I8K6, STM32H7R3I8T6, STM32H7R3L8H6, STM32H7R3L8H6H, STM32H7R3R8V6, STM32H7R3V8H6, STM32H7R3V8T6, STM32H7R3V8Y6TR, STM32H7R3Z8J6, STM32H7R3Z8T6, STM32H7R7A8I6, STM32H7R7I8K6, STM32H7R7I8T6, STM32H7R7L8H6, STM32H7R7L8H6H, STM32H7R7Z8J6, STM32H7S3A8I6, STM32H7S3I8K6, STM32H7S3I8T6, STM32H7S3L8H6, STM32H7S3L8H6H, STM32H7S3R8V6, STM32H7S3V8H6, STM32H7S3V8T6, STM32H7S3V8Y6TR, STM32H7S3Z8J6, STM32H7S3Z8T6, STM32H7S78-DK, STM32H7S7A8I6, STM32H7S7I8K6, STM32H7S7I8T6, STM32H7S7L8H6, STM32H7S7L8H6H, STM32H7S7Z8J6, STM32L4R5QGI6STR, STM32MP131AAE3, STM32MP131AAF3, STM32MP131AAG3, STM32MP131CAE3, STM32MP131CAF3, STM32MP131CAG3, STM32MP131DAE7, STM32MP131DAF7, STM32MP131DAG7, STM32MP131FAE7, STM32MP131FAF7, STM32MP131FAG7, STM32MP133AAE3, STM32MP133AAF3, STM32MP133AAG3, STM32MP133CAE3, STM32MP133CAF3, STM32MP133CAG3, STM32MP133DAE7, STM32MP133DAF7, STM32MP133DAG7, STM32MP133FAE7, STM32MP133FAF7, STM32MP133FAG7, STM32MP135AAE3, STM32MP135AAF3, STM32MP135AAG3, STM32MP135CAE3, STM32MP135CAF3, STM32MP135CAG3, STM32MP135DAE7, STM32MP135DAF7, STM32MP135DAG7, STM32MP135F-DK, STM32MP135FAE7, STM32MP135FAF7, STM32MP135FAF7T, STM32MP135FAF7U, STM32MP135FAG7, STM32MP211AAL3, STM32MP211AAM3, STM32MP211AAN3, STM32MP211AAO3, STM32MP211CAL3, STM32MP211CAM3, STM32MP211CAN3, STM32MP211CAO3, STM32MP211DAL3, STM32MP211DAM3, STM32MP211DAN3, STM32MP211DAO3, STM32MP211FAL3, STM32MP211FAM3, STM32MP211FAN3, STM32MP211FAO3, STM32MP213AAL3, STM32MP213AAM3, STM32MP213AAN3, STM32MP213AAO3, STM32MP213CAL3, STM32MP213CAM3, STM32MP213CAN3, STM32MP213CAO3, STM32MP213DAL3, STM32MP213DAM3, STM32MP213DAN3, STM32MP213DAO3, STM32MP213FAL3, STM32MP213FAM3, STM32MP213FAN3, STM32MP213FAO3, STM32MP215AAL3, STM32MP215AAM3, STM32MP215AAN3, STM32MP215AAO3, STM32MP215CAL3, STM32MP215CAM3, STM32MP215CAN3, STM32MP215CAO3, STM32MP215DAL3, STM32MP215DAM3, STM32MP215DAN3, STM32MP215DAO3, STM32MP215F-DK, STM32MP215FAL3, STM32MP215FAM3, STM32MP215FAN3, STM32MP215FAO3, STM32MP231AAJ3, STM32MP231AAK3, STM32MP231AAL3, STM32MP231CAJ3, STM32MP231CAK3, STM32MP231CAL3, STM32MP231DAJ3, STM32MP231DAK3, STM32MP231DAL3, STM32MP231FAJ3, STM32MP231FAK3, STM32MP231FAL3, STM32MP233AAJ3, STM32MP233AAK3, STM32MP233AAL3, STM32MP233CAJ3, STM32MP233CAK3, STM32MP233CAL3, STM32MP233DAJ3, STM32MP233DAK3, STM32MP233DAL3, STM32MP233FAJ3, STM32MP233FAK3, STM32MP233FAL3, STM32MP235AAJ3, STM32MP235AAK3, STM32MP235AAL3, STM32MP235CAJ3, STM32MP235CAK3, STM32MP235CAL3, STM32MP235DAJ3, STM32MP235DAK3, STM32MP235DAL3, STM32MP235FAJ3, STM32MP235FAK3, STM32MP235FAL3, STM32MP251AAI3, STM32MP251AAK3, STM32MP251AAL3, STM32MP251CAI3, STM32MP251CAK3, STM32MP251CAL3, STM32MP251DAI3, STM32MP251DAK3, STM32MP251DAL3, STM32MP251FAI3, STM32MP251FAK3, STM32MP251FAL3, STM32MP253AAI3, STM32MP253AAK3, STM32MP253AAL3, STM32MP253CAI3, STM32MP253CAK3, STM32MP253CAL3, STM32MP253DAI3, STM32MP253DAK3, STM32MP253DAL3, STM32MP253FAI3, STM32MP253FAK3, STM32MP253FAL3, STM32MP255AAI3, STM32MP255AAK3, STM32MP255AAL3, STM32MP255CAI3, STM32MP255CAK3, STM32MP255CAL3, STM32MP255DAI3, STM32MP255DAK3, STM32MP255DAL3, STM32MP255FAI3, STM32MP255FAK3, STM32MP255FAL3, STM32MP257AAI3, STM32MP257AAK3, STM32MP257AAL3, STM32MP257CAI3, STM32MP257CAK3, STM32MP257CAL3, STM32MP257DAI3, STM32MP257DAK3, STM32MP257DAL3, STM32MP257F-DK, STM32MP257F-EV1, STM32MP257FAI3, STM32MP257FAK3, STM32MP257FAL3, STM32N645A0H3Q, STM32N645B0H3Q, STM32N645I0H3Q, STM32N645L0H3Q, STM32N645X0H3Q, STM32N645Z0H3Q, STM32N647A0H3Q, STM32N647B0H3Q, STM32N647I0H3Q, STM32N647L0H3Q, STM32N647X0H3Q, STM32N647Z0H3Q, STM32N655A0H3Q, STM32N655B0H3Q, STM32N655I0H3Q, STM32N655L0H3Q, STM32N655X0H3Q, STM32N655Z0H3Q, STM32N6570-DK, STM32N657A0H3Q, STM32N657B0H3Q, STM32N657I0H3Q, STM32N657L0H3Q, STM32N657X0H3Q, STM32N657Z0H3Q, STM32U031C6T6, STM32U031C6U6, STM32U031C8T6, STM32U031C8U6, STM32U031F4P6, STM32U031F6P6, STM32U031F8P6, STM32U031G6Y6TR, STM32U031G8Y6TR, STM32U031K4U6, STM32U031K6U6, STM32U031K8U6, STM32U031R6I6, STM32U031R6T6, STM32U031R8I6, STM32U031R8T6, STM32U073C8T6, STM32U073C8U6, STM32U073CBT6, STM32U073CBU6, STM32U073CCT6, STM32U073CCU6, STM32U073H8Y6TR, STM32U073HBY6TR, STM32U073HCY6TR, STM32U073K8U6, STM32U073KBU6, STM32U073KCU6, STM32U073M8I6, STM32U073M8T6, STM32U073MBI6, STM32U073MBT6, STM32U073MCI6, STM32U073MCT6, STM32U073R8I6, STM32U073R8T6, STM32U073RBI6, STM32U073RBT6, STM32U073RCI6, STM32U073RCT6, STM32U083C-DK, STM32U083CCT6, STM32U083CCU6, STM32U083HCY6TR, STM32U083KCU6, STM32U083MCI6, STM32U083MCT6, STM32U083RCI6, STM32U083RCT6, STM32U375CET6, STM32U375CET6Q, STM32U375CEU6, STM32U375CEU6Q, STM32U375CEY6QTR, STM32U375CGT6, STM32U375CGT6Q, STM32U375CGU6, STM32U375CGU6Q, STM32U375CGY6QTR, STM32U375KEU6, STM32U375KGU6, STM32U375REI6, STM32U375REI6Q, STM32U375RET6, STM32U375RET6Q, STM32U375REY6GTR, STM32U375REY6QTR, STM32U375RGI6, STM32U375RGI6Q, STM32U375RGT6, STM32U375RGT6Q, STM32U375RGY6GTR, STM32U375RGY6QTR, STM32U375VEI6, STM32U375VEI6Q, STM32U375VET6, STM32U375VET6Q, STM32U375VGI6, STM32U375VGI6Q, STM32U375VGT6, STM32U375VGT6Q, STM32U385CGT6, STM32U385CGT6Q, STM32U385CGU6, STM32U385CGU6Q, STM32U385CGY6QTR, STM32U385KGU6, STM32U385RGI6, STM32U385RGI6Q, STM32U385RGT6, STM32U385RGT6Q, STM32U385RGY6GTR, STM32U385RGY6QTR, STM32U385VGI6, STM32U385VGI6Q, STM32U385VGT6, STM32U385VGT6Q, STM32U535CBT6, STM32U535CBT6Q, STM32U535CBU6, STM32U535CBU6Q, STM32U535CCT6, STM32U535CCT6Q, STM32U535CCU6, STM32U535CCU6Q, STM32U535CET6, STM32U535CET6Q, STM32U535CEU6, STM32U535CEU6Q, STM32U535JEY6QTR, STM32U535NCY6QTR, STM32U535NEY6QTR, STM32U535RBI6, STM32U535RBI6Q, STM32U535RBT6, STM32U535RBT6Q, STM32U535RCI6, STM32U535RCI6Q, STM32U535RCT6, STM32U535RCT6Q, STM32U535REI6, STM32U535REI6Q, STM32U535RET6, STM32U535RET6Q, STM32U535VCI6, STM32U535VCI6Q, STM32U535VCT6, STM32U535VCT6Q, STM32U535VEI6, STM32U535VEI6Q, STM32U535VET6, STM32U535VET6Q, STM32U545CET6, STM32U545CET6Q, STM32U545CEU6, STM32U545CEU6Q, STM32U545JEY6QTR, STM32U545NEY6QTR, STM32U545REI6, STM32U545REI6Q, STM32U545RET6, STM32U545RET6Q, STM32U545VEI6, STM32U545VEI6Q, STM32U545VET6, STM32U545VET6Q, STM32U595AIH6, STM32U595AIH6Q, STM32U595AJH6, STM32U595AJH6Q, STM32U595QII6, STM32U595QII6Q, STM32U595QJI6, STM32U595QJI6Q, STM32U595RIT6, STM32U595RIT6Q, STM32U595RJT6, STM32U595RJT6Q, STM32U595VIT6, STM32U595VIT6Q, STM32U595VJT6, STM32U595VJT6Q, STM32U595ZIT6, STM32U595ZIT6Q, STM32U595ZIY6QTR, STM32U595ZJT6, STM32U595ZJT6Q, STM32U595ZJY6QTR, STM32U599BJY6QTR, STM32U599NIH6Q, STM32U599NJH6Q, STM32U599VIT6Q, STM32U599VJT6, STM32U599VJT6Q, STM32U599ZIT6Q, STM32U599ZIY6QTR, STM32U599ZJT6Q, STM32U599ZJY6QTR, STM32U5A5AJH6, STM32U5A5AJH6Q, STM32U5A5QII3Q , STM32U5A5QJI6, STM32U5A5QJI6Q, STM32U5A5RJT6, STM32U5A5RJT6Q, STM32U5A5VJT6, STM32U5A5VJT6Q, STM32U5A5ZJT6, STM32U5A5ZJT6Q, STM32U5A5ZJY6QTR, STM32U5A9BJY6QTR, STM32U5A9J-DK, STM32U5A9NJH6Q, STM32U5A9VJT6Q, STM32U5A9ZJT6Q, STM32U5A9ZJY6QTR, STM32U5F7VIT6, STM32U5F7VIT6Q, STM32U5F7VJT6, STM32U5F7VJT6Q, STM32U5F9BJY6QTR, STM32U5F9NJH6Q, STM32U5F9VIT6Q, STM32U5F9VJT6Q, STM32U5F9ZIJ6QTR, STM32U5F9ZIT6Q, STM32U5F9ZJJ6QTR, STM32U5F9ZJT6Q, STM32U5G7VJT6, STM32U5G7VJT6Q, STM32U5G9BJY6QTR, STM32U5G9J-DK1, STM32U5G9J-DK2, STM32U5G9NJH6Q, STM32U5G9VJT6Q, STM32U5G9ZJJ6QTR, STM32U5G9ZJT6Q, STM32WB05KZV6TR, STM32WB05KZV7TR, STM32WB05TZF6TR, STM32WB05TZF7TR, STM32WB06CCF6TR, STM32WB06CCF7TR, STM32WB06CCV6TR, STM32WB06CCV7TR, STM32WB06KCV6TR, STM32WB06KCV7TR, STM32WB07CCF6TR, STM32WB07CCF7TR, STM32WB07CCV6TR, STM32WB07CCV7TR, STM32WB07KCV6TR, STM32WB07KCV7TR, STM32WB09KEV6TR, STM32WB09KEV7TR, STM32WB09TEF6TR, STM32WB09TEF7TR, STM32WB1MMCH6, STM32WBA50KGU6, STM32WBA50KGU6TR, STM32WBA52CEU6, STM32WBA52CEU6TR, STM32WBA52CEU7, STM32WBA52CEU7TR, STM32WBA52CGU6, STM32WBA52CGU6TR, STM32WBA52CGU6U, STM32WBA52CGU7, STM32WBA52CGU7TR, STM32WBA52KEU6, STM32WBA52KEU6TR, STM32WBA52KGU6, STM32WBA52KGU6TR, STM32WBA54CEU6, STM32WBA54CEU6TR, STM32WBA54CEU7, STM32WBA54CEU7TR, STM32WBA54CGU6, STM32WBA54CGU6TR, STM32WBA54CGU7, STM32WBA54CGU7TR, STM32WBA54KEU6, STM32WBA54KEU6TR, STM32WBA54KEU7, STM32WBA54KEU7TR, STM32WBA54KGU6, STM32WBA54KGU6TR, STM32WBA54KGU7, STM32WBA54KGU7TR, STM32WBA55CEU6, STM32WBA55CEU6TR, STM32WBA55CEU7, STM32WBA55CEU7TR, STM32WBA55CGU6, STM32WBA55CGU6TR, STM32WBA55CGU6U, STM32WBA55CGU7, STM32WBA55CGU7TR, STM32WBA55G-DK1, STM32WBA55HEF6, STM32WBA55HEF7, STM32WBA55HGF6, STM32WBA55HGF7, STM32WBA55UEI6, STM32WBA55UEI6TR, STM32WBA55UEI7, STM32WBA55UEI7TR, STM32WBA55UGI6, STM32WBA55UGI6TR, STM32WBA55UGI7, STM32WBA55UGI7TR, STM32WBA5MMGH6TR, STM32WBA62MGF6, STM32WBA62MIF6, STM32WBA65MGF7, STM32WBA65MIF6, STM32WBA65MIF7, STM32WL30K8V6, STM32WL30KBV6, STM32WL31C8V6, STM32WL31CBV6, STM32WL31K8V6, STM32WL31KBV6, STM32WL33C8V6, STM32WL33C8V6X, STM32WL33CBV6, STM32WL33CBV6X, STM32WL33CCV6, STM32WL33CCV6A, STM32WL33CCV6X, STM32WL33K8V7, STM32WL33K8V7X, STM32WL33KBV7 , STM32WL33KBV7X, STM32WL33KCV7, STM32WL33KCV7X, STM32WL5MOCH6, STM32WL5MOCH6TR]
2025-09-19 19:52:26,352 [INFO] DbMcus:218 - Found 4801 MCUs, 4801 are supported
2025-09-19 19:52:26,353 [INFO] ApiDb:423 - Load user favorites file /home/tomas1908/.stm32cubeide/favorites.mcus.txt: 2 item(s)
2025-09-19 19:52:26,354 [INFO] ApiDb:427 - User favorites MCUs=[STM32F103C8T6, STM32F446RET6]
2025-09-19 19:52:26,354 [INFO] DbMcus:224 - Set 2 / 2 favorites MCUs
2025-09-19 19:52:27,240 [INFO] ApiDb:414 - User favorites file not found: /home/tomas1908/.stm32cubeide/favorites.boards.txt
2025-09-19 19:52:27,241 [INFO] DbBoards:198 - Set 0 / 0 favorites Boards
2025-09-19 19:52:27,305 [INFO] UtilMem:75 - End LoadConfig() Used Memory: 541402520 Bytes (639631360)
2025-09-19 19:52:27,567 [WARN] ThirdParty:833 - waiting for thirdparty lock release [change project]
2025-09-19 19:52:27,568 [INFO] ThirdParty:835 - entering critical section [change project]
2025-09-19 19:52:27,568 [INFO] ThirdParty:1030 - CMSIS Pack Vendor :STMicroelectronics X-CUBE-PM33A1 1.0.0
2025-09-19 19:52:27,568 [INFO] ThirdParty:1030 - CMSIS Pack Vendor :STMicroelectronics USBPD 4.1
2025-09-19 19:52:27,568 [INFO] ThirdParty:1030 - CMSIS Pack Vendor :STMicroelectronics X-CUBE-NFC9 1.0.0
2025-09-19 19:52:27,569 [INFO] ThirdParty:1030 - CMSIS Pack Vendor :STMicroelectronics USB_HOST 2.0.0
2025-09-19 19:52:27,569 [INFO] ThirdParty:1030 - CMSIS Pack Vendor :STMicroelectronics FP-SNS-MOTENVWB1 1.4.0
2025-09-19 19:52:27,569 [INFO] ThirdParty:1030 - CMSIS Pack Vendor :STMicroelectronics X-CUBE-AZRTOS-F4 1.1.0
2025-09-19 19:52:27,569 [INFO] ThirdParty:1030 - CMSIS Pack Vendor :STMicroelectronics LIBJPEG 8.0.0
2025-09-19 19:52:27,569 [INFO] ThirdParty:1030 - CMSIS Pack Vendor :STMicroelectronics FP-ATR-ASTRA1 2.0.2
2025-09-19 19:52:27,569 [INFO] ThirdParty:1030 - CMSIS Pack Vendor :STMicroelectronics X-CUBE-BLE1 7.1.0
2025-09-19 19:52:27,569 [INFO] ThirdParty:1030 - CMSIS Pack Vendor :Avnet-IotConnect X-CUBE-IoTC-DA16k-PMOD 1.0.0
2025-09-19 19:52:27,570 [INFO] ThirdParty:1030 - CMSIS Pack Vendor :STMicroelectronics X-CUBE-SMBUS 2.1.0
2025-09-19 19:52:27,570 [INFO] ThirdParty:1030 - CMSIS Pack Vendor :STMicroelectronics USB_DEVICE 3.0.0
2025-09-19 19:52:27,570 [INFO] ThirdParty:1030 - CMSIS Pack Vendor :STMicroelectronics X-CUBE-ISPU 2.1.0
2025-09-19 19:52:27,570 [INFO] ThirdParty:1030 - CMSIS Pack Vendor :STMicroelectronics X-CUBE-AZRTOS-WB 2.0.0
2025-09-19 19:52:27,570 [INFO] ThirdParty:1030 - CMSIS Pack Vendor :STMicroelectronics X-CUBE-ST60 1.0.0
2025-09-19 19:52:27,570 [INFO] ThirdParty:1030 - CMSIS Pack Vendor :STMicroelectronics X-CUBE-GNSS1 7.0.1
2025-09-19 19:52:27,570 [INFO] ThirdParty:1030 - CMSIS Pack Vendor :STMicroelectronics X-CUBE-AZRTOS-F7 1.1.0
2025-09-19 19:52:27,570 [INFO] ThirdParty:1030 - CMSIS Pack Vendor :STMicroelectronics X-CUBE-AZRTOS-L5 2.0.0
2025-09-19 19:52:27,570 [INFO] ThirdParty:1030 - CMSIS Pack Vendor :STMicroelectronics X-CUBE-TOUCHGFX 4.25.0
2025-09-19 19:52:27,571 [INFO] ThirdParty:1030 - CMSIS Pack Vendor :STMicroelectronics USB_DEVICE 2.0.0
2025-09-19 19:52:27,571 [INFO] ThirdParty:1030 - CMSIS Pack Vendor :STMicroelectronics X-CUBE-NFC6 3.1.0
2025-09-19 19:52:27,571 [INFO] ThirdParty:1030 - CMSIS Pack Vendor :Cesanta I-CUBE-Mongoose 7.19.0
2025-09-19 19:52:27,571 [INFO] ThirdParty:1030 - CMSIS Pack Vendor :quantropi X-CUBE-qispace-sdk-base 2.1.0
2025-09-19 19:52:27,571 [INFO] ThirdParty:1030 - CMSIS Pack Vendor :STMicroelectronics FreeRTOS 0.0.1
2025-09-19 19:52:27,571 [INFO] ThirdParty:1030 - CMSIS Pack Vendor :STMicroelectronics X-CUBE-AZRTOS-G0 1.1.0
2025-09-19 19:52:27,571 [INFO] ThirdParty:1030 - CMSIS Pack Vendor :STMicroelectronics X-CUBE-SAFEA1 1.2.2
2025-09-19 19:52:27,571 [INFO] ThirdParty:1030 - CMSIS Pack Vendor :STMicroelectronics X-CUBE-NFC4 3.0.0
2025-09-19 19:52:27,572 [INFO] ThirdParty:1030 - CMSIS Pack Vendor :STMicroelectronics X-CUBE-SUBG2 5.0.0
2025-09-19 19:52:27,572 [INFO] ThirdParty:1030 - CMSIS Pack Vendor :STMicroelectronics X-CUBE-AZRTOS-H7RS 1.1.0
2025-09-19 19:52:27,572 [INFO] ThirdParty:1030 - CMSIS Pack Vendor :STMicroelectronics STM32_WPAN 1.0.0
2025-09-19 19:52:27,572 [INFO] ThirdParty:1030 - CMSIS Pack Vendor :EmbeddedOffice I-CUBE-FS-RTOS 1.0.1
2025-09-19 19:52:27,572 [INFO] ThirdParty:1030 - CMSIS Pack Vendor :STMicroelectronics lwIP 2.0.3
2025-09-19 19:52:27,572 [INFO] ThirdParty:1030 - CMSIS Pack Vendor :WES I-CUBE-Cesium 1.4.0
2025-09-19 19:52:27,572 [INFO] ThirdParty:1030 - CMSIS Pack Vendor :STMicroelectronics USB_HOST 1.0.0
2025-09-19 19:52:27,572 [INFO] ThirdParty:1030 - CMSIS Pack Vendor :Infineon AIROC-Wi-Fi-Bluetooth-STM32 1.7.1
2025-09-19 19:52:27,572 [INFO] ThirdParty:1030 - CMSIS Pack Vendor :STMicroelectronics X-CUBE-AZRTOS-G4 2.0.0
2025-09-19 19:52:27,573 [INFO] ThirdParty:1030 - CMSIS Pack Vendor :STMicroelectronics X-CUBE-WB05N 2.0.0
2025-09-19 19:52:27,573 [INFO] ThirdParty:1030 - CMSIS Pack Vendor :STMicroelectronics PDM2PCM 3.1.0
2025-09-19 19:52:27,573 [INFO] ThirdParty:1030 - CMSIS Pack Vendor :STMicroelectronics PDM2PCM 3.3.0
2025-09-19 19:52:27,573 [INFO] ThirdParty:1030 - CMSIS Pack Vendor :STMicroelectronics X-CUBE-DISPLAY 3.0.0
2025-09-19 19:52:27,573 [INFO] ThirdParty:1030 - CMSIS Pack Vendor :wolfSSL I-CUBE-wolfSSH 1.4.20
2025-09-19 19:52:27,573 [INFO] ThirdParty:1030 - CMSIS Pack Vendor :STMicroelectronics X-CUBE-NFC7 2.0.0
2025-09-19 19:52:27,573 [INFO] ThirdParty:1030 - CMSIS Pack Vendor :STMicroelectronics X-CUBE-TCPP 4.2.0
2025-09-19 19:52:27,573 [INFO] ThirdParty:1030 - CMSIS Pack Vendor :RealThread X-CUBE-RT-Thread_Nano 4.1.1
2025-09-19 19:52:27,573 [INFO] ThirdParty:1030 - CMSIS Pack Vendor :STMicroelectronics FP-ATR-SIGFOX1 3.2.0
2025-09-19 19:52:27,574 [INFO] ThirdParty:1030 - CMSIS Pack Vendor :STMicroelectronics X-CUBE-NFC10 1.0.0
2025-09-19 19:52:27,574 [INFO] ThirdParty:1030 - CMSIS Pack Vendor :STMicroelectronics X-CUBE-FREERTOS 1.3.1
2025-09-19 19:52:27,574 [INFO] ThirdParty:1030 - CMSIS Pack Vendor :STMicroelectronics HAL Drivers 0.0.0
2025-09-19 19:52:27,574 [INFO] ThirdParty:1030 - CMSIS Pack Vendor :STMicroelectronics MBEDTLS 2.16.2
2025-09-19 19:52:27,574 [INFO] ThirdParty:1030 - CMSIS Pack Vendor :STMicroelectronics X-CUBE-IPS 3.1.0
2025-09-19 19:52:27,574 [INFO] ThirdParty:1030 - CMSIS Pack Vendor :STMicroelectronics X-CUBE-ALS 1.0.2
2025-09-19 19:52:27,574 [INFO] ThirdParty:1030 - CMSIS Pack Vendor :emotas I-CUBE-CANOPEN 1.3.0
2025-09-19 19:52:27,574 [INFO] ThirdParty:1030 - CMSIS Pack Vendor :STMicroelectronics MBEDTLS 2.14.1
2025-09-19 19:52:27,574 [INFO] ThirdParty:1030 - CMSIS Pack Vendor :ITTIA_DB I-CUBE-ITTIADB 8.9.0
2025-09-19 19:52:27,574 [INFO] ThirdParty:1030 - CMSIS Pack Vendor :STMicroelectronics X-CUBE-ST67W61 1.0.0
2025-09-19 19:52:27,574 [INFO] ThirdParty:1030 - CMSIS Pack Vendor :STMicroelectronics ThreadX 1.0.0
2025-09-19 19:52:27,574 [INFO] ThirdParty:1030 - CMSIS Pack Vendor :STMicroelectronics FP-SNS-SMARTAG2 1.2.0
2025-09-19 19:52:27,574 [INFO] ThirdParty:1030 - CMSIS Pack Vendor :STMicroelectronics FP-SNS-FLIGHT1 5.1.0
2025-09-19 19:52:27,575 [INFO] ThirdParty:1030 - CMSIS Pack Vendor :STMicroelectronics X-CUBE-AZRTOS-WL 2.0.0
2025-09-19 19:52:27,575 [INFO] ThirdParty:1030 - CMSIS Pack Vendor :SEGGER I-CUBE-embOS 1.3.1
2025-09-19 19:52:27,575 [INFO] ThirdParty:1030 - CMSIS Pack Vendor :STMicroelectronics X-CUBE-ALGOBUILD 1.4.0
2025-09-19 19:52:27,575 [INFO] ThirdParty:1030 - CMSIS Pack Vendor :STMicroelectronics X-CUBE-DPower 1.3.0
2025-09-19 19:52:27,575 [INFO] ThirdParty:1030 - CMSIS Pack Vendor :STMicroelectronics X-CUBE-MEMS1 11.3.0
2025-09-19 19:52:27,575 [INFO] ThirdParty:1030 - CMSIS Pack Vendor :STMicroelectronics FP-SNS-MOTENV1 5.0.0
2025-09-19 19:52:27,575 [INFO] ThirdParty:1030 - CMSIS Pack Vendor :STMicroelectronics USB_DEVICE 1.0.0
2025-09-19 19:52:27,575 [INFO] ThirdParty:1030 - CMSIS Pack Vendor :STMicroelectronics X-CUBE-AZRTOS-L4 2.0.0
2025-09-19 19:52:27,575 [INFO] ThirdParty:1030 - CMSIS Pack Vendor :STMicroelectronics ThreadX 0.0.2
2025-09-19 19:52:27,575 [INFO] ThirdParty:1030 - CMSIS Pack Vendor :STMicroelectronics lwIP 2.1.2
2025-09-19 19:52:27,575 [INFO] ThirdParty:1030 - CMSIS Pack Vendor :STMicroelectronics X-CUBE-SFXS2LP1 4.0.0
2025-09-19 19:52:27,575 [INFO] ThirdParty:1030 - CMSIS Pack Vendor :STMicroelectronics X-CUBE-BLE2 3.3.0
2025-09-19 19:52:27,575 [INFO] ThirdParty:1030 - CMSIS Pack Vendor :STMicroelectronics X-CUBE-TOF1 3.4.3
2025-09-19 19:52:27,575 [INFO] ThirdParty:1030 - CMSIS Pack Vendor :STMicroelectronics PDM2PCM 3.2.0
2025-09-19 19:52:27,576 [INFO] ThirdParty:841 - exiting critical section [change project]
2025-09-19 19:52:28,536 [INFO] PinOutPanel:1589 - setPackage(No Configuration,No Configuration)
2025-09-19 19:52:28,538 [INFO] PinOutPanel:1589 - setPackage(STM32F446RETx,LQFP64)
2025-09-19 19:52:29,489 [INFO] UtilMem:75 - Before build in PCC Used Memory: 346032128 Bytes (639631360)
2025-09-19 19:52:30,642 [INFO] UtilMem:75 - After build in PCC Used Memory: 548201496 Bytes (639631360)
2025-09-19 19:52:30,715 [INFO] IPUIPlugin:80 - create IPUIPlugin
2025-09-19 19:52:30,716 [INFO] IPUIPlugin:80 - create IPUIPlugin
2025-09-19 19:52:30,716 [INFO] IPUIPlugin:80 - create IPUIPlugin
2025-09-19 19:52:30,716 [INFO] IPUIPlugin:80 - create IPUIPlugin
2025-09-19 19:52:30,716 [INFO] IPUIPlugin:80 - create IPUIPlugin
2025-09-19 19:52:30,718 [INFO] IPUIPlugin:80 - create IPUIPlugin
2025-09-19 19:52:30,718 [INFO] IPUIPlugin:80 - create IPUIPlugin
2025-09-19 19:52:30,719 [INFO] IPUIPlugin:80 - create IPUIPlugin
2025-09-19 19:52:30,719 [INFO] IPUIPlugin:80 - create IPUIPlugin
2025-09-19 19:52:30,719 [INFO] IPUIPlugin:80 - create IPUIPlugin
2025-09-19 19:52:30,720 [INFO] IPUIPlugin:80 - create IPUIPlugin
2025-09-19 19:52:30,720 [INFO] IPUIPlugin:80 - create IPUIPlugin
2025-09-19 19:52:30,720 [INFO] IPUIPlugin:80 - create IPUIPlugin
2025-09-19 19:52:30,720 [INFO] IPUIPlugin:80 - create IPUIPlugin
2025-09-19 19:52:30,720 [INFO] IPUIPlugin:80 - create IPUIPlugin
2025-09-19 19:52:30,721 [INFO] IPUIPlugin:80 - create IPUIPlugin
2025-09-19 19:52:30,721 [INFO] IPUIPlugin:80 - create IPUIPlugin
2025-09-19 19:52:30,721 [INFO] IPUIPlugin:80 - create IPUIPlugin
2025-09-19 19:52:30,721 [INFO] IPUIPlugin:80 - create IPUIPlugin
2025-09-19 19:52:30,722 [INFO] IPUIPlugin:80 - create IPUIPlugin
2025-09-19 19:52:30,722 [INFO] IPUIPlugin:80 - create IPUIPlugin
2025-09-19 19:52:30,722 [INFO] IPUIPlugin:80 - create IPUIPlugin
2025-09-19 19:52:30,723 [INFO] IPUIPlugin:80 - create IPUIPlugin
2025-09-19 19:52:30,723 [INFO] IPUIPlugin:80 - create IPUIPlugin
2025-09-19 19:52:30,724 [INFO] IPUIPlugin:80 - create IPUIPlugin
2025-09-19 19:52:30,724 [INFO] IPUIPlugin:80 - create IPUIPlugin
2025-09-19 19:52:30,724 [INFO] IPUIPlugin:80 - create IPUIPlugin
2025-09-19 19:52:30,725 [INFO] IPUIPlugin:80 - create IPUIPlugin
2025-09-19 19:52:30,725 [INFO] IPUIPlugin:80 - create IPUIPlugin
2025-09-19 19:52:30,726 [INFO] IPUIPlugin:80 - create IPUIPlugin
2025-09-19 19:52:30,726 [INFO] IPUIPlugin:80 - create IPUIPlugin
2025-09-19 19:52:30,726 [INFO] IPUIPlugin:80 - create IPUIPlugin
2025-09-19 19:52:30,727 [INFO] IPUIPlugin:80 - create IPUIPlugin
2025-09-19 19:52:30,727 [INFO] IPUIPlugin:80 - create IPUIPlugin
2025-09-19 19:52:30,728 [INFO] IPUIPlugin:80 - create IPUIPlugin
2025-09-19 19:52:30,728 [INFO] IPUIPlugin:80 - create IPUIPlugin
2025-09-19 19:52:30,728 [INFO] IPUIPlugin:80 - create IPUIPlugin
2025-09-19 19:52:30,728 [INFO] IPUIPlugin:80 - create IPUIPlugin
2025-09-19 19:52:30,729 [INFO] IPUIPlugin:80 - create IPUIPlugin
2025-09-19 19:52:30,729 [INFO] IPUIPlugin:80 - create IPUIPlugin
2025-09-19 19:52:30,765 [INFO] IPUIPlugin:80 - create IPUIPlugin
2025-09-19 19:52:30,766 [INFO] IPUIPlugin:80 - create IPUIPlugin
2025-09-19 19:52:30,767 [INFO] IPUIPlugin:80 - create IPUIPlugin
2025-09-19 19:52:30,767 [INFO] IPUIPlugin:80 - create IPUIPlugin
2025-09-19 19:52:30,768 [INFO] IPUIPlugin:80 - create IPUIPlugin
2025-09-19 19:52:30,768 [INFO] IPUIPlugin:80 - create IPUIPlugin
2025-09-19 19:52:30,769 [INFO] IPUIPlugin:80 - create IPUIPlugin
2025-09-19 19:52:30,769 [INFO] IPUIPlugin:80 - create IPUIPlugin
2025-09-19 19:52:30,770 [INFO] IPUIPlugin:80 - create IPUIPlugin
2025-09-19 19:52:30,771 [INFO] IPUIPlugin:80 - create IPUIPlugin
2025-09-19 19:52:30,772 [INFO] IPUIPlugin:80 - create IPUIPlugin
2025-09-19 19:52:30,773 [INFO] IPUIPlugin:80 - create IPUIPlugin
2025-09-19 19:52:30,773 [INFO] IPUIPlugin:80 - create IPUIPlugin
2025-09-19 19:52:30,774 [INFO] IPUIPlugin:80 - create IPUIPlugin
2025-09-19 19:52:30,776 [INFO] IPUIPlugin:80 - create IPUIPlugin
2025-09-19 19:52:30,778 [INFO] IPUIPlugin:80 - create IPUIPlugin
2025-09-19 19:52:30,780 [INFO] IPUIPlugin:80 - create IPUIPlugin
2025-09-19 19:52:30,787 [INFO] IPUIPlugin:80 - create IPUIPlugin
2025-09-19 19:52:30,789 [INFO] IPUIPlugin:80 - create IPUIPlugin
2025-09-19 19:52:30,791 [INFO] IPUIPlugin:80 - create IPUIPlugin
2025-09-19 19:52:30,865 [INFO] ApiDbMcu:532 - Load IP Config File for PDM2PCM
2025-09-19 19:52:31,388 [INFO] CADModel:165 - CPN selected for project levelSTM32F446RET6
2025-09-19 19:52:31,389 [INFO] CADModel:114 - Register for checkConnection events
2025-09-19 19:52:31,444 [INFO] OpenFileManager:386 - Restore cursor
2025-09-19 19:52:44,025 [INFO] Gpio:278 - dependency for GPIO [ADC1, RCC, SYS, TIM3]
2025-09-19 19:52:46,918 [ERROR] LogOutputStream:75 - [STDERR_REDIRECT] Sep 19, 2025 7:52:46 PM java.util.prefs.FileSystemPreferences checkLockFile0ErrorCode
2025-09-19 19:52:46,919 [ERROR] LogOutputStream:75 - [STDERR_REDIRECT] WARNING: Could not lock System prefs. Unix error code 2.
2025-09-19 19:52:46,919 [ERROR] LogOutputStream:75 - [STDERR_REDIRECT] 
2025-09-19 19:52:46,919 [ERROR] LogOutputStream:75 - [STDERR_REDIRECT] Sep 19, 2025 7:52:46 PM java.util.prefs.FileSystemPreferences syncWorld
2025-09-19 19:52:46,920 [ERROR] LogOutputStream:75 - [STDERR_REDIRECT] WARNING: Couldn't flush system prefs: java.util.prefs.BackingStoreException: Couldn't get file lock.
2025-09-19 19:52:46,920 [ERROR] LogOutputStream:75 - [STDERR_REDIRECT] 
2025-09-19 19:53:04,686 [INFO] UtilMem:75 - End SaveConfig() Used Memory: 768606208 Bytes (945815552)
2025-09-19 19:53:04,870 [INFO] UtilMem:75 - End SaveConfig() Used Memory: 791674880 Bytes (945815552)
2025-09-19 19:53:05,558 [INFO] UtilMem:75 - End SaveConfig() Used Memory: 835217152 Bytes (945815552)
2025-09-19 19:53:06,717 [INFO] BlockDiagram:2775 - set Specific Code input for plugin: TIM1_8
2025-09-19 19:53:06,717 [INFO] BlockDiagram:2775 - set Specific Code input for plugin: SYS
2025-09-19 19:53:06,717 [INFO] BlockDiagram:2775 - set Specific Code input for plugin: ADC
2025-09-19 19:53:06,717 [INFO] BlockDiagram:2775 - set Specific Code input for plugin: RCC
2025-09-19 19:53:06,717 [INFO] BlockDiagram:2775 - set Specific Code input for plugin: NVIC
2025-09-19 19:53:06,718 [INFO] BlockDiagram:2775 - set Specific Code input for plugin: GPIO
2025-09-19 19:53:06,720 [INFO] CodeGenerator:892 - code generatio: config db path: /opt/st/stm32cubeide_1.19.0/plugins/com.st.stm32cube.common.mx_6.15.0.202507011659//db/
2025-09-19 19:53:07,110 [INFO] CodeEngine:265 - oldGeneratedFile, /home/tomas1908/STM32CubeIDE/workspace_1.19.0/pdm/Trabajo_final_PdM/MXTmpFiles/license.tmp_save
2025-09-19 19:53:07,823 [INFO] CodeEngine:289 - Generated code: /home/tomas1908/STM32CubeIDE/workspace_1.19.0/pdm/Trabajo_final_PdM/MXTmpFiles/license.tmp
2025-09-19 19:53:07,967 [INFO] CodeEngine:265 - oldGeneratedFile, /home/tomas1908/STM32CubeIDE/workspace_1.19.0/pdm/Trabajo_final_PdM/MXTmpFiles/gpio.tmp_save
2025-09-19 19:53:08,361 [INFO] CodeEngine:289 - Generated code: /home/tomas1908/STM32CubeIDE/workspace_1.19.0/pdm/Trabajo_final_PdM/MXTmpFiles/gpio.tmp
2025-09-19 19:53:08,636 [INFO] CodeEngine:265 - oldGeneratedFile, /home/tomas1908/STM32CubeIDE/workspace_1.19.0/pdm/Trabajo_final_PdM/Core/Src/stm32f4xx_it.c_save
2025-09-19 19:53:08,864 [INFO] CodeEngine:289 - Generated code: /home/tomas1908/STM32CubeIDE/workspace_1.19.0/pdm/Trabajo_final_PdM/Core/Src/stm32f4xx_it.c
2025-09-19 19:53:08,867 [INFO] CodeEngine:265 - oldGeneratedFile, /home/tomas1908/STM32CubeIDE/workspace_1.19.0/pdm/Trabajo_final_PdM/Core/Inc/stm32f4xx_it.h_save
2025-09-19 19:53:09,026 [INFO] CodeEngine:289 - Generated code: /home/tomas1908/STM32CubeIDE/workspace_1.19.0/pdm/Trabajo_final_PdM/Core/Inc/stm32f4xx_it.h
2025-09-19 19:53:09,042 [INFO] CodeEngine:265 - oldGeneratedFile, /home/tomas1908/STM32CubeIDE/workspace_1.19.0/pdm/Trabajo_final_PdM/Core/Src/stm32f4xx_hal_msp.c_save
2025-09-19 19:53:09,360 [INFO] CodeEngine:289 - Generated code: /home/tomas1908/STM32CubeIDE/workspace_1.19.0/pdm/Trabajo_final_PdM/Core/Src/stm32f4xx_hal_msp.c
2025-09-19 19:53:09,363 [INFO] CodeEngine:265 - oldGeneratedFile, /home/tomas1908/STM32CubeIDE/workspace_1.19.0/pdm/Trabajo_final_PdM/MXTmpFiles/system.tmp_save
2025-09-19 19:53:09,555 [INFO] CodeEngine:289 - Generated code: /home/tomas1908/STM32CubeIDE/workspace_1.19.0/pdm/Trabajo_final_PdM/MXTmpFiles/system.tmp
2025-09-19 19:53:09,575 [INFO] CodeEngine:321 - oldGeneratedFile, /home/tomas1908/STM32CubeIDE/workspace_1.19.0/pdm/Trabajo_final_PdM/Core/Inc/stm32f4xx_hal_conf.h_save
2025-09-19 19:53:09,769 [INFO] CodeEngine:345 - Generated code: /home/tomas1908/STM32CubeIDE/workspace_1.19.0/pdm/Trabajo_final_PdM/Core/Inc/stm32f4xx_hal_conf.h
2025-09-19 19:53:09,814 [WARN] IPConfigManager:3238 - Warning: the RefConfig PLL2P_FOR_MCO is not available in your config.xml file
2025-09-19 19:53:09,826 [INFO] ApiDbMcu:532 - Load IP Config File for ADC1
2025-09-19 19:53:09,852 [INFO] ApiDbMcu:532 - Load IP Config File for TIM3
2025-09-19 19:53:09,858 [INFO] ApiDbMcu:532 - Load IP Config File for RCC
2025-09-19 19:53:09,863 [WARN] IPConfigManager:3811 - IP not found : TIM
2025-09-19 19:53:09,864 [WARN] CodeGenerator:4259 - IP not found : null
2025-09-19 19:53:09,868 [INFO] CodeEngine:265 - oldGeneratedFile, /home/tomas1908/STM32CubeIDE/workspace_1.19.0/pdm/Trabajo_final_PdM/Core/Inc/main.h_save
2025-09-19 19:53:10,046 [INFO] CodeEngine:289 - Generated code: /home/tomas1908/STM32CubeIDE/workspace_1.19.0/pdm/Trabajo_final_PdM/Core/Inc/main.h
2025-09-19 19:53:10,049 [INFO] CodeEngine:265 - oldGeneratedFile, /home/tomas1908/STM32CubeIDE/workspace_1.19.0/pdm/Trabajo_final_PdM/Core/Src/main.c_save
2025-09-19 19:53:10,353 [INFO] CodeEngine:289 - Generated code: /home/tomas1908/STM32CubeIDE/workspace_1.19.0/pdm/Trabajo_final_PdM/Core/Src/main.c
2025-09-19 19:53:11,171 [INFO] ProjectBuilder:3606 - Time for Copy HAL[1] : 80mS.
2025-09-19 19:53:11,180 [INFO] ProjectBuilder:5216 - Project Generator version: 4.7.0-B52
2025-09-19 19:53:11,479 [INFO] ConfigFileManager:1595 - The Die is : DIE421
2025-09-19 19:53:11,505 [INFO] ApiDbMcu:532 - Load IP Config File for FATFS
2025-09-19 19:53:11,517 [INFO] ApiDbMcu:532 - Load IP Config File for FREERTOS
2025-09-19 19:53:11,522 [INFO] ApiDbMcu:532 - Load IP Config File for LIBJPEG
2025-09-19 19:53:11,537 [INFO] ApiDbMcu:532 - Load IP Config File for MBEDTLS
2025-09-19 19:53:11,551 [INFO] ApiDbMcu:532 - Load IP Config File for USB_DEVICE
2025-09-19 19:53:11,558 [INFO] ApiDbMcu:532 - Load IP Config File for USB_HOST
2025-09-19 19:53:12,213 [INFO] LogOutputStream:77 - [STDOUT_REDIRECT] 
2025-09-19 19:53:13,780 [INFO] ProjectBuilder:5496 - Time for Generating toolchain IDE Files: 2600mS.
2025-09-19 19:53:13,781 [INFO] ProjectBuilder:3463 - Time for Copy CMSIS : 1mS.
2025-09-19 19:53:13,782 [INFO] ProjectBuilder:3463 - Time for Copy CMSIS : 0mS.
2025-09-19 19:53:16,925 [ERROR] LogOutputStream:75 - [STDERR_REDIRECT] Sep 19, 2025 7:53:16 PM java.util.prefs.FileSystemPreferences checkLockFile0ErrorCode
2025-09-19 19:53:16,925 [ERROR] LogOutputStream:75 - [STDERR_REDIRECT] WARNING: Could not lock System prefs. Unix error code 2.
2025-09-19 19:53:16,925 [ERROR] LogOutputStream:75 - [STDERR_REDIRECT] 
2025-09-19 19:53:16,926 [ERROR] LogOutputStream:75 - [STDERR_REDIRECT] Sep 19, 2025 7:53:16 PM java.util.prefs.FileSystemPreferences syncWorld
2025-09-19 19:53:16,926 [ERROR] LogOutputStream:75 - [STDERR_REDIRECT] WARNING: Couldn't flush system prefs: java.util.prefs.BackingStoreException: Couldn't get file lock.
2025-09-19 19:53:16,927 [ERROR] LogOutputStream:75 - [STDERR_REDIRECT] 
2025-09-19 19:53:46,915 [ERROR] LogOutputStream:75 - [STDERR_REDIRECT] Sep 19, 2025 7:53:46 PM java.util.prefs.FileSystemPreferences checkLockFile0ErrorCode
2025-09-19 19:53:46,916 [ERROR] LogOutputStream:75 - [STDERR_REDIRECT] WARNING: Could not lock System prefs. Unix error code 2.
2025-09-19 19:53:46,916 [ERROR] LogOutputStream:75 - [STDERR_REDIRECT] 
2025-09-19 19:53:46,916 [ERROR] LogOutputStream:75 - [STDERR_REDIRECT] Sep 19, 2025 7:53:46 PM java.util.prefs.FileSystemPreferences syncWorld
2025-09-19 19:53:46,917 [ERROR] LogOutputStream:75 - [STDERR_REDIRECT] WARNING: Couldn't flush system prefs: java.util.prefs.BackingStoreException: Couldn't get file lock.
2025-09-19 19:53:46,917 [ERROR] LogOutputStream:75 - [STDERR_REDIRECT] 
2025-09-19 19:54:16,915 [ERROR] LogOutputStream:75 - [STDERR_REDIRECT] Sep 19, 2025 7:54:16 PM java.util.prefs.FileSystemPreferences checkLockFile0ErrorCode
2025-09-19 19:54:16,916 [ERROR] LogOutputStream:75 - [STDERR_REDIRECT] WARNING: Could not lock System prefs. Unix error code 2.
2025-09-19 19:54:16,916 [ERROR] LogOutputStream:75 - [STDERR_REDIRECT] 
2025-09-19 19:54:16,916 [ERROR] LogOutputStream:75 - [STDERR_REDIRECT] Sep 19, 2025 7:54:16 PM java.util.prefs.FileSystemPreferences syncWorld
2025-09-19 19:54:16,916 [ERROR] LogOutputStream:75 - [STDERR_REDIRECT] WARNING: Couldn't flush system prefs: java.util.prefs.BackingStoreException: Couldn't get file lock.
2025-09-19 19:54:16,917 [ERROR] LogOutputStream:75 - [STDERR_REDIRECT] 
2025-09-19 19:54:46,916 [ERROR] LogOutputStream:75 - [STDERR_REDIRECT] Sep 19, 2025 7:54:46 PM java.util.prefs.FileSystemPreferences checkLockFile0ErrorCode
2025-09-19 19:54:46,916 [ERROR] LogOutputStream:75 - [STDERR_REDIRECT] WARNING: Could not lock System prefs. Unix error code 2.
2025-09-19 19:54:46,916 [ERROR] LogOutputStream:75 - [STDERR_REDIRECT] 
2025-09-19 19:54:46,917 [ERROR] LogOutputStream:75 - [STDERR_REDIRECT] Sep 19, 2025 7:54:46 PM java.util.prefs.FileSystemPreferences syncWorld
2025-09-19 19:54:46,917 [ERROR] LogOutputStream:75 - [STDERR_REDIRECT] WARNING: Couldn't flush system prefs: java.util.prefs.BackingStoreException: Couldn't get file lock.
2025-09-19 19:54:46,917 [ERROR] LogOutputStream:75 - [STDERR_REDIRECT] 
2025-09-19 19:55:16,916 [ERROR] LogOutputStream:75 - [STDERR_REDIRECT] Sep 19, 2025 7:55:16 PM java.util.prefs.FileSystemPreferences checkLockFile0ErrorCode
2025-09-19 19:55:16,916 [ERROR] LogOutputStream:75 - [STDERR_REDIRECT] WARNING: Could not lock System prefs. Unix error code 2.
2025-09-19 19:55:16,916 [ERROR] LogOutputStream:75 - [STDERR_REDIRECT] 
2025-09-19 19:55:16,917 [ERROR] LogOutputStream:75 - [STDERR_REDIRECT] Sep 19, 2025 7:55:16 PM java.util.prefs.FileSystemPreferences syncWorld
2025-09-19 19:55:16,917 [ERROR] LogOutputStream:75 - [STDERR_REDIRECT] WARNING: Couldn't flush system prefs: java.util.prefs.BackingStoreException: Couldn't get file lock.
2025-09-19 19:55:16,917 [ERROR] LogOutputStream:75 - [STDERR_REDIRECT] 
2025-09-19 19:55:46,916 [ERROR] LogOutputStream:75 - [STDERR_REDIRECT] Sep 19, 2025 7:55:46 PM java.util.prefs.FileSystemPreferences checkLockFile0ErrorCode
2025-09-19 19:55:46,917 [ERROR] LogOutputStream:75 - [STDERR_REDIRECT] WARNING: Could not lock System prefs. Unix error code 2.
2025-09-19 19:55:46,917 [ERROR] LogOutputStream:75 - [STDERR_REDIRECT] 
2025-09-19 19:55:46,918 [ERROR] LogOutputStream:75 - [STDERR_REDIRECT] Sep 19, 2025 7:55:46 PM java.util.prefs.FileSystemPreferences syncWorld
2025-09-19 19:55:46,918 [ERROR] LogOutputStream:75 - [STDERR_REDIRECT] WARNING: Couldn't flush system prefs: java.util.prefs.BackingStoreException: Couldn't get file lock.
2025-09-19 19:55:46,918 [ERROR] LogOutputStream:75 - [STDERR_REDIRECT] 
2025-09-19 19:56:16,916 [ERROR] LogOutputStream:75 - [STDERR_REDIRECT] Sep 19, 2025 7:56:16 PM java.util.prefs.FileSystemPreferences checkLockFile0ErrorCode
2025-09-19 19:56:16,917 [ERROR] LogOutputStream:75 - [STDERR_REDIRECT] WARNING: Could not lock System prefs. Unix error code 2.
2025-09-19 19:56:16,917 [ERROR] LogOutputStream:75 - [STDERR_REDIRECT] 
2025-09-19 19:56:16,917 [ERROR] LogOutputStream:75 - [STDERR_REDIRECT] Sep 19, 2025 7:56:16 PM java.util.prefs.FileSystemPreferences syncWorld
2025-09-19 19:56:16,918 [ERROR] LogOutputStream:75 - [STDERR_REDIRECT] WARNING: Couldn't flush system prefs: java.util.prefs.BackingStoreException: Couldn't get file lock.
2025-09-19 19:56:16,918 [ERROR] LogOutputStream:75 - [STDERR_REDIRECT] 
2025-09-19 19:56:46,915 [ERROR] LogOutputStream:75 - [STDERR_REDIRECT] Sep 19, 2025 7:56:46 PM java.util.prefs.FileSystemPreferences checkLockFile0ErrorCode
2025-09-19 19:56:46,916 [ERROR] LogOutputStream:75 - [STDERR_REDIRECT] WARNING: Could not lock System prefs. Unix error code 2.
2025-09-19 19:56:46,916 [ERROR] LogOutputStream:75 - [STDERR_REDIRECT] 
2025-09-19 19:56:46,916 [ERROR] LogOutputStream:75 - [STDERR_REDIRECT] Sep 19, 2025 7:56:46 PM java.util.prefs.FileSystemPreferences syncWorld
2025-09-19 19:56:46,916 [ERROR] LogOutputStream:75 - [STDERR_REDIRECT] WARNING: Couldn't flush system prefs: java.util.prefs.BackingStoreException: Couldn't get file lock.
2025-09-19 19:56:46,917 [ERROR] LogOutputStream:75 - [STDERR_REDIRECT] 
2025-09-19 19:57:16,915 [ERROR] LogOutputStream:75 - [STDERR_REDIRECT] Sep 19, 2025 7:57:16 PM java.util.prefs.FileSystemPreferences checkLockFile0ErrorCode
2025-09-19 19:57:16,915 [ERROR] LogOutputStream:75 - [STDERR_REDIRECT] WARNING: Could not lock System prefs. Unix error code 2.
2025-09-19 19:57:16,915 [ERROR] LogOutputStream:75 - [STDERR_REDIRECT] 
2025-09-19 19:57:16,916 [ERROR] LogOutputStream:75 - [STDERR_REDIRECT] Sep 19, 2025 7:57:16 PM java.util.prefs.FileSystemPreferences syncWorld
2025-09-19 19:57:16,916 [ERROR] LogOutputStream:75 - [STDERR_REDIRECT] WARNING: Couldn't flush system prefs: java.util.prefs.BackingStoreException: Couldn't get file lock.
2025-09-19 19:57:16,916 [ERROR] LogOutputStream:75 - [STDERR_REDIRECT] 
2025-09-19 19:57:46,916 [ERROR] LogOutputStream:75 - [STDERR_REDIRECT] Sep 19, 2025 7:57:46 PM java.util.prefs.FileSystemPreferences checkLockFile0ErrorCode
2025-09-19 19:57:46,916 [ERROR] LogOutputStream:75 - [STDERR_REDIRECT] WARNING: Could not lock System prefs. Unix error code 2.
2025-09-19 19:57:46,916 [ERROR] LogOutputStream:75 - [STDERR_REDIRECT] 
2025-09-19 19:57:46,917 [ERROR] LogOutputStream:75 - [STDERR_REDIRECT] Sep 19, 2025 7:57:46 PM java.util.prefs.FileSystemPreferences syncWorld
2025-09-19 19:57:46,917 [ERROR] LogOutputStream:75 - [STDERR_REDIRECT] WARNING: Couldn't flush system prefs: java.util.prefs.BackingStoreException: Couldn't get file lock.
2025-09-19 19:57:46,917 [ERROR] LogOutputStream:75 - [STDERR_REDIRECT] 
2025-09-19 19:58:16,916 [ERROR] LogOutputStream:75 - [STDERR_REDIRECT] Sep 19, 2025 7:58:16 PM java.util.prefs.FileSystemPreferences checkLockFile0ErrorCode
2025-09-19 19:58:16,917 [ERROR] LogOutputStream:75 - [STDERR_REDIRECT] WARNING: Could not lock System prefs. Unix error code 2.
2025-09-19 19:58:16,954 [ERROR] LogOutputStream:75 - [STDERR_REDIRECT] 
2025-09-19 19:58:16,955 [ERROR] LogOutputStream:75 - [STDERR_REDIRECT] Sep 19, 2025 7:58:16 PM java.util.prefs.FileSystemPreferences syncWorld
2025-09-19 19:58:16,955 [ERROR] LogOutputStream:75 - [STDERR_REDIRECT] WARNING: Couldn't flush system prefs: java.util.prefs.BackingStoreException: Couldn't get file lock.
2025-09-19 19:58:16,956 [ERROR] LogOutputStream:75 - [STDERR_REDIRECT] 
2025-09-19 19:58:46,915 [ERROR] LogOutputStream:75 - [STDERR_REDIRECT] Sep 19, 2025 7:58:46 PM java.util.prefs.FileSystemPreferences checkLockFile0ErrorCode
2025-09-19 19:58:46,916 [ERROR] LogOutputStream:75 - [STDERR_REDIRECT] WARNING: Could not lock System prefs. Unix error code 2.
2025-09-19 19:58:46,916 [ERROR] LogOutputStream:75 - [STDERR_REDIRECT] 
2025-09-19 19:58:46,916 [ERROR] LogOutputStream:75 - [STDERR_REDIRECT] Sep 19, 2025 7:58:46 PM java.util.prefs.FileSystemPreferences syncWorld
2025-09-19 19:58:46,916 [ERROR] LogOutputStream:75 - [STDERR_REDIRECT] WARNING: Couldn't flush system prefs: java.util.prefs.BackingStoreException: Couldn't get file lock.
2025-09-19 19:58:46,916 [ERROR] LogOutputStream:75 - [STDERR_REDIRECT] 
2025-09-19 19:59:16,916 [ERROR] LogOutputStream:75 - [STDERR_REDIRECT] Sep 19, 2025 7:59:16 PM java.util.prefs.FileSystemPreferences checkLockFile0ErrorCode
2025-09-19 19:59:16,916 [ERROR] LogOutputStream:75 - [STDERR_REDIRECT] WARNING: Could not lock System prefs. Unix error code 2.
2025-09-19 19:59:16,916 [ERROR] LogOutputStream:75 - [STDERR_REDIRECT] 
2025-09-19 19:59:16,917 [ERROR] LogOutputStream:75 - [STDERR_REDIRECT] Sep 19, 2025 7:59:16 PM java.util.prefs.FileSystemPreferences syncWorld
2025-09-19 19:59:16,917 [ERROR] LogOutputStream:75 - [STDERR_REDIRECT] WARNING: Couldn't flush system prefs: java.util.prefs.BackingStoreException: Couldn't get file lock.
2025-09-19 19:59:16,917 [ERROR] LogOutputStream:75 - [STDERR_REDIRECT] 
2025-09-19 19:59:46,916 [ERROR] LogOutputStream:75 - [STDERR_REDIRECT] Sep 19, 2025 7:59:46 PM java.util.prefs.FileSystemPreferences checkLockFile0ErrorCode
2025-09-19 19:59:46,917 [ERROR] LogOutputStream:75 - [STDERR_REDIRECT] WARNING: Could not lock System prefs. Unix error code 2.
2025-09-19 19:59:46,917 [ERROR] LogOutputStream:75 - [STDERR_REDIRECT] 
2025-09-19 19:59:46,917 [ERROR] LogOutputStream:75 - [STDERR_REDIRECT] Sep 19, 2025 7:59:46 PM java.util.prefs.FileSystemPreferences syncWorld
2025-09-19 19:59:46,917 [ERROR] LogOutputStream:75 - [STDERR_REDIRECT] WARNING: Couldn't flush system prefs: java.util.prefs.BackingStoreException: Couldn't get file lock.
2025-09-19 19:59:46,918 [ERROR] LogOutputStream:75 - [STDERR_REDIRECT] 
2025-09-19 20:00:16,920 [ERROR] LogOutputStream:75 - [STDERR_REDIRECT] Sep 19, 2025 8:00:16 PM java.util.prefs.FileSystemPreferences checkLockFile0ErrorCode
2025-09-19 20:00:16,920 [ERROR] LogOutputStream:75 - [STDERR_REDIRECT] WARNING: Could not lock System prefs. Unix error code 2.
2025-09-19 20:00:16,921 [ERROR] LogOutputStream:75 - [STDERR_REDIRECT] 
2025-09-19 20:00:16,921 [ERROR] LogOutputStream:75 - [STDERR_REDIRECT] Sep 19, 2025 8:00:16 PM java.util.prefs.FileSystemPreferences syncWorld
2025-09-19 20:00:16,921 [ERROR] LogOutputStream:75 - [STDERR_REDIRECT] WARNING: Couldn't flush system prefs: java.util.prefs.BackingStoreException: Couldn't get file lock.
2025-09-19 20:00:16,921 [ERROR] LogOutputStream:75 - [STDERR_REDIRECT] 
2025-09-19 20:03:29,590 [INFO] WebApp:194 - Connection lost
2025-09-19 20:03:36,525 [INFO] WebApp:191 - Connection restablished
2025-09-19 20:03:44,689 [ERROR] LogOutputStream:75 - [STDERR_REDIRECT] Sep 19, 2025 8:03:44 PM java.util.prefs.FileSystemPreferences checkLockFile0ErrorCode
2025-09-19 20:03:44,689 [ERROR] LogOutputStream:75 - [STDERR_REDIRECT] WARNING: Could not lock System prefs. Unix error code 2.
2025-09-19 20:03:44,700 [ERROR] LogOutputStream:75 - [STDERR_REDIRECT] 
2025-09-19 20:03:44,701 [ERROR] LogOutputStream:75 - [STDERR_REDIRECT] Sep 19, 2025 8:03:44 PM java.util.prefs.FileSystemPreferences syncWorld
2025-09-19 20:03:44,701 [ERROR] LogOutputStream:75 - [STDERR_REDIRECT] WARNING: Couldn't flush system prefs: java.util.prefs.BackingStoreException: Couldn't get file lock.
2025-09-19 20:03:44,701 [ERROR] LogOutputStream:75 - [STDERR_REDIRECT] 
2025-09-19 20:04:14,689 [ERROR] LogOutputStream:75 - [STDERR_REDIRECT] Sep 19, 2025 8:04:14 PM java.util.prefs.FileSystemPreferences checkLockFile0ErrorCode
2025-09-19 20:04:14,690 [ERROR] LogOutputStream:75 - [STDERR_REDIRECT] WARNING: Could not lock System prefs. Unix error code 2.
2025-09-19 20:04:14,727 [ERROR] LogOutputStream:75 - [STDERR_REDIRECT] 
2025-09-19 20:04:14,728 [ERROR] LogOutputStream:75 - [STDERR_REDIRECT] Sep 19, 2025 8:04:14 PM java.util.prefs.FileSystemPreferences syncWorld
2025-09-19 20:04:14,728 [ERROR] LogOutputStream:75 - [STDERR_REDIRECT] WARNING: Couldn't flush system prefs: java.util.prefs.BackingStoreException: Couldn't get file lock.
2025-09-19 20:04:14,728 [ERROR] LogOutputStream:75 - [STDERR_REDIRECT] 
2025-09-19 20:04:44,692 [ERROR] LogOutputStream:75 - [STDERR_REDIRECT] Sep 19, 2025 8:04:44 PM java.util.prefs.FileSystemPreferences checkLockFile0ErrorCode
2025-09-19 20:04:44,693 [ERROR] LogOutputStream:75 - [STDERR_REDIRECT] WARNING: Could not lock System prefs. Unix error code 2.
2025-09-19 20:04:44,693 [ERROR] LogOutputStream:75 - [STDERR_REDIRECT] 
2025-09-19 20:04:44,694 [ERROR] LogOutputStream:75 - [STDERR_REDIRECT] Sep 19, 2025 8:04:44 PM java.util.prefs.FileSystemPreferences syncWorld
2025-09-19 20:04:44,694 [ERROR] LogOutputStream:75 - [STDERR_REDIRECT] WARNING: Couldn't flush system prefs: java.util.prefs.BackingStoreException: Couldn't get file lock.
2025-09-19 20:04:44,694 [ERROR] LogOutputStream:75 - [STDERR_REDIRECT] 
2025-09-19 20:05:14,690 [ERROR] LogOutputStream:75 - [STDERR_REDIRECT] Sep 19, 2025 8:05:14 PM java.util.prefs.FileSystemPreferences checkLockFile0ErrorCode
2025-09-19 20:05:14,690 [ERROR] LogOutputStream:75 - [STDERR_REDIRECT] WARNING: Could not lock System prefs. Unix error code 2.
2025-09-19 20:05:14,691 [ERROR] LogOutputStream:75 - [STDERR_REDIRECT] 
2025-09-19 20:05:14,691 [ERROR] LogOutputStream:75 - [STDERR_REDIRECT] Sep 19, 2025 8:05:14 PM java.util.prefs.FileSystemPreferences syncWorld
2025-09-19 20:05:14,691 [ERROR] LogOutputStream:75 - [STDERR_REDIRECT] WARNING: Couldn't flush system prefs: java.util.prefs.BackingStoreException: Couldn't get file lock.
2025-09-19 20:05:14,691 [ERROR] LogOutputStream:75 - [STDERR_REDIRECT] 
2025-09-19 20:05:44,691 [ERROR] LogOutputStream:75 - [STDERR_REDIRECT] Sep 19, 2025 8:05:44 PM java.util.prefs.FileSystemPreferences checkLockFile0ErrorCode
2025-09-19 20:05:44,691 [ERROR] LogOutputStream:75 - [STDERR_REDIRECT] WARNING: Could not lock System prefs. Unix error code 2.
2025-09-19 20:05:44,691 [ERROR] LogOutputStream:75 - [STDERR_REDIRECT] 
2025-09-19 20:05:44,692 [ERROR] LogOutputStream:75 - [STDERR_REDIRECT] Sep 19, 2025 8:05:44 PM java.util.prefs.FileSystemPreferences syncWorld
2025-09-19 20:05:44,692 [ERROR] LogOutputStream:75 - [STDERR_REDIRECT] WARNING: Couldn't flush system prefs: java.util.prefs.BackingStoreException: Couldn't get file lock.
2025-09-19 20:05:44,692 [ERROR] LogOutputStream:75 - [STDERR_REDIRECT] 
2025-09-19 20:06:14,691 [ERROR] LogOutputStream:75 - [STDERR_REDIRECT] Sep 19, 2025 8:06:14 PM java.util.prefs.FileSystemPreferences checkLockFile0ErrorCode
2025-09-19 20:06:14,692 [ERROR] LogOutputStream:75 - [STDERR_REDIRECT] WARNING: Could not lock System prefs. Unix error code 2.
2025-09-19 20:06:14,692 [ERROR] LogOutputStream:75 - [STDERR_REDIRECT] 
2025-09-19 20:06:14,692 [ERROR] LogOutputStream:75 - [STDERR_REDIRECT] Sep 19, 2025 8:06:14 PM java.util.prefs.FileSystemPreferences syncWorld
2025-09-19 20:06:14,692 [ERROR] LogOutputStream:75 - [STDERR_REDIRECT] WARNING: Couldn't flush system prefs: java.util.prefs.BackingStoreException: Couldn't get file lock.
2025-09-19 20:06:14,693 [ERROR] LogOutputStream:75 - [STDERR_REDIRECT] 
2025-09-19 20:06:44,692 [ERROR] LogOutputStream:75 - [STDERR_REDIRECT] Sep 19, 2025 8:06:44 PM java.util.prefs.FileSystemPreferences checkLockFile0ErrorCode
2025-09-19 20:06:44,692 [ERROR] LogOutputStream:75 - [STDERR_REDIRECT] WARNING: Could not lock System prefs. Unix error code 2.
2025-09-19 20:06:44,692 [ERROR] LogOutputStream:75 - [STDERR_REDIRECT] 
2025-09-19 20:06:44,693 [ERROR] LogOutputStream:75 - [STDERR_REDIRECT] Sep 19, 2025 8:06:44 PM java.util.prefs.FileSystemPreferences syncWorld
2025-09-19 20:06:44,693 [ERROR] LogOutputStream:75 - [STDERR_REDIRECT] WARNING: Couldn't flush system prefs: java.util.prefs.BackingStoreException: Couldn't get file lock.
2025-09-19 20:06:44,693 [ERROR] LogOutputStream:75 - [STDERR_REDIRECT] 
2025-09-19 20:07:14,692 [ERROR] LogOutputStream:75 - [STDERR_REDIRECT] Sep 19, 2025 8:07:14 PM java.util.prefs.FileSystemPreferences checkLockFile0ErrorCode
2025-09-19 20:07:14,692 [ERROR] LogOutputStream:75 - [STDERR_REDIRECT] WARNING: Could not lock System prefs. Unix error code 2.
2025-09-19 20:07:14,692 [ERROR] LogOutputStream:75 - [STDERR_REDIRECT] 
2025-09-19 20:07:14,693 [ERROR] LogOutputStream:75 - [STDERR_REDIRECT] Sep 19, 2025 8:07:14 PM java.util.prefs.FileSystemPreferences syncWorld
2025-09-19 20:07:14,693 [ERROR] LogOutputStream:75 - [STDERR_REDIRECT] WARNING: Couldn't flush system prefs: java.util.prefs.BackingStoreException: Couldn't get file lock.
2025-09-19 20:07:14,693 [ERROR] LogOutputStream:75 - [STDERR_REDIRECT] 
2025-09-19 20:07:44,692 [ERROR] LogOutputStream:75 - [STDERR_REDIRECT] Sep 19, 2025 8:07:44 PM java.util.prefs.FileSystemPreferences checkLockFile0ErrorCode
2025-09-19 20:07:44,692 [ERROR] LogOutputStream:75 - [STDERR_REDIRECT] WARNING: Could not lock System prefs. Unix error code 2.
2025-09-19 20:07:44,692 [ERROR] LogOutputStream:75 - [STDERR_REDIRECT] 
2025-09-19 20:07:44,693 [ERROR] LogOutputStream:75 - [STDERR_REDIRECT] Sep 19, 2025 8:07:44 PM java.util.prefs.FileSystemPreferences syncWorld
2025-09-19 20:07:44,693 [ERROR] LogOutputStream:75 - [STDERR_REDIRECT] WARNING: Couldn't flush system prefs: java.util.prefs.BackingStoreException: Couldn't get file lock.
2025-09-19 20:07:44,693 [ERROR] LogOutputStream:75 - [STDERR_REDIRECT] 
2025-09-19 20:08:14,692 [ERROR] LogOutputStream:75 - [STDERR_REDIRECT] Sep 19, 2025 8:08:14 PM java.util.prefs.FileSystemPreferences checkLockFile0ErrorCode
2025-09-19 20:08:14,692 [ERROR] LogOutputStream:75 - [STDERR_REDIRECT] WARNING: Could not lock System prefs. Unix error code 2.
2025-09-19 20:08:14,693 [ERROR] LogOutputStream:75 - [STDERR_REDIRECT] 
2025-09-19 20:08:14,693 [ERROR] LogOutputStream:75 - [STDERR_REDIRECT] Sep 19, 2025 8:08:14 PM java.util.prefs.FileSystemPreferences syncWorld
2025-09-19 20:08:14,693 [ERROR] LogOutputStream:75 - [STDERR_REDIRECT] WARNING: Couldn't flush system prefs: java.util.prefs.BackingStoreException: Couldn't get file lock.
2025-09-19 20:08:14,693 [ERROR] LogOutputStream:75 - [STDERR_REDIRECT] 
2025-09-19 20:58:02,661 [INFO] WebApp:194 - Connection lost
2025-09-19 20:58:09,721 [INFO] WebApp:191 - Connection restablished
2025-09-19 20:58:24,929 [ERROR] LogOutputStream:75 - [STDERR_REDIRECT] Sep 19, 2025 8:58:24 PM java.util.prefs.FileSystemPreferences checkLockFile0ErrorCode
2025-09-19 20:58:24,930 [ERROR] LogOutputStream:75 - [STDERR_REDIRECT] WARNING: Could not lock System prefs. Unix error code 2.
2025-09-19 20:58:24,930 [ERROR] LogOutputStream:75 - [STDERR_REDIRECT] 
2025-09-19 20:58:24,930 [ERROR] LogOutputStream:75 - [STDERR_REDIRECT] Sep 19, 2025 8:58:24 PM java.util.prefs.FileSystemPreferences syncWorld
2025-09-19 20:58:24,931 [ERROR] LogOutputStream:75 - [STDERR_REDIRECT] WARNING: Couldn't flush system prefs: java.util.prefs.BackingStoreException: Couldn't get file lock.
2025-09-19 20:58:24,931 [ERROR] LogOutputStream:75 - [STDERR_REDIRECT] 
2025-09-19 21:04:06,642 [INFO] WebApp:194 - Connection lost
2025-09-19 21:04:11,759 [INFO] WebApp:191 - Connection restablished
2025-09-19 21:04:13,952 [INFO] WebApp:194 - Connection lost
2025-09-19 21:04:14,177 [INFO] WebApp:191 - Connection restablished
2025-09-19 21:04:17,777 [ERROR] LogOutputStream:75 - [STDERR_REDIRECT] Sep 19, 2025 9:04:17 PM java.util.prefs.FileSystemPreferences checkLockFile0ErrorCode
2025-09-19 21:04:17,777 [ERROR] LogOutputStream:75 - [STDERR_REDIRECT] WARNING: Could not lock System prefs. Unix error code 2.
2025-09-19 21:04:17,778 [ERROR] LogOutputStream:75 - [STDERR_REDIRECT] 
2025-09-19 21:04:17,778 [ERROR] LogOutputStream:75 - [STDERR_REDIRECT] Sep 19, 2025 9:04:17 PM java.util.prefs.FileSystemPreferences syncWorld
2025-09-19 21:04:17,778 [ERROR] LogOutputStream:75 - [STDERR_REDIRECT] WARNING: Couldn't flush system prefs: java.util.prefs.BackingStoreException: Couldn't get file lock.
2025-09-19 21:04:17,778 [ERROR] LogOutputStream:75 - [STDERR_REDIRECT] 
2025-09-19 21:04:47,777 [ERROR] LogOutputStream:75 - [STDERR_REDIRECT] Sep 19, 2025 9:04:47 PM java.util.prefs.FileSystemPreferences checkLockFile0ErrorCode
2025-09-19 21:04:47,778 [ERROR] LogOutputStream:75 - [STDERR_REDIRECT] WARNING: Could not lock System prefs. Unix error code 2.
2025-09-19 21:04:47,778 [ERROR] LogOutputStream:75 - [STDERR_REDIRECT] 
2025-09-19 21:04:47,778 [ERROR] LogOutputStream:75 - [STDERR_REDIRECT] Sep 19, 2025 9:04:47 PM java.util.prefs.FileSystemPreferences syncWorld
2025-09-19 21:04:47,779 [ERROR] LogOutputStream:75 - [STDERR_REDIRECT] WARNING: Couldn't flush system prefs: java.util.prefs.BackingStoreException: Couldn't get file lock.
2025-09-19 21:04:47,779 [ERROR] LogOutputStream:75 - [STDERR_REDIRECT] 
2025-09-19 21:05:17,777 [ERROR] LogOutputStream:75 - [STDERR_REDIRECT] Sep 19, 2025 9:05:17 PM java.util.prefs.FileSystemPreferences checkLockFile0ErrorCode
2025-09-19 21:05:17,777 [ERROR] LogOutputStream:75 - [STDERR_REDIRECT] WARNING: Could not lock System prefs. Unix error code 2.
2025-09-19 21:05:17,815 [ERROR] LogOutputStream:75 - [STDERR_REDIRECT] 
2025-09-19 21:05:17,816 [ERROR] LogOutputStream:75 - [STDERR_REDIRECT] Sep 19, 2025 9:05:17 PM java.util.prefs.FileSystemPreferences syncWorld
2025-09-19 21:05:17,816 [ERROR] LogOutputStream:75 - [STDERR_REDIRECT] WARNING: Couldn't flush system prefs: java.util.prefs.BackingStoreException: Couldn't get file lock.
2025-09-19 21:05:17,816 [ERROR] LogOutputStream:75 - [STDERR_REDIRECT] 
2025-09-19 21:05:47,777 [ERROR] LogOutputStream:75 - [STDERR_REDIRECT] Sep 19, 2025 9:05:47 PM java.util.prefs.FileSystemPreferences checkLockFile0ErrorCode
2025-09-19 21:05:47,778 [ERROR] LogOutputStream:75 - [STDERR_REDIRECT] WARNING: Could not lock System prefs. Unix error code 2.
2025-09-19 21:05:47,778 [ERROR] LogOutputStream:75 - [STDERR_REDIRECT] 
2025-09-19 21:05:47,778 [ERROR] LogOutputStream:75 - [STDERR_REDIRECT] Sep 19, 2025 9:05:47 PM java.util.prefs.FileSystemPreferences syncWorld
2025-09-19 21:05:47,778 [ERROR] LogOutputStream:75 - [STDERR_REDIRECT] WARNING: Couldn't flush system prefs: java.util.prefs.BackingStoreException: Couldn't get file lock.
2025-09-19 21:05:47,778 [ERROR] LogOutputStream:75 - [STDERR_REDIRECT] 
2025-09-19 21:06:17,777 [ERROR] LogOutputStream:75 - [STDERR_REDIRECT] Sep 19, 2025 9:06:17 PM java.util.prefs.FileSystemPreferences checkLockFile0ErrorCode
2025-09-19 21:06:17,777 [ERROR] LogOutputStream:75 - [STDERR_REDIRECT] WARNING: Could not lock System prefs. Unix error code 2.
2025-09-19 21:06:17,815 [ERROR] LogOutputStream:75 - [STDERR_REDIRECT] 
2025-09-19 21:06:17,816 [ERROR] LogOutputStream:75 - [STDERR_REDIRECT] Sep 19, 2025 9:06:17 PM java.util.prefs.FileSystemPreferences syncWorld
2025-09-19 21:06:17,816 [ERROR] LogOutputStream:75 - [STDERR_REDIRECT] WARNING: Couldn't flush system prefs: java.util.prefs.BackingStoreException: Couldn't get file lock.
2025-09-19 21:06:17,816 [ERROR] LogOutputStream:75 - [STDERR_REDIRECT] 
2025-09-19 21:06:47,778 [ERROR] LogOutputStream:75 - [STDERR_REDIRECT] Sep 19, 2025 9:06:47 PM java.util.prefs.FileSystemPreferences checkLockFile0ErrorCode
2025-09-19 21:06:47,779 [ERROR] LogOutputStream:75 - [STDERR_REDIRECT] WARNING: Could not lock System prefs. Unix error code 2.
2025-09-19 21:06:47,816 [ERROR] LogOutputStream:75 - [STDERR_REDIRECT] 
2025-09-19 21:06:47,816 [ERROR] LogOutputStream:75 - [STDERR_REDIRECT] Sep 19, 2025 9:06:47 PM java.util.prefs.FileSystemPreferences syncWorld
2025-09-19 21:06:47,817 [ERROR] LogOutputStream:75 - [STDERR_REDIRECT] WARNING: Couldn't flush system prefs: java.util.prefs.BackingStoreException: Couldn't get file lock.
2025-09-19 21:06:47,817 [ERROR] LogOutputStream:75 - [STDERR_REDIRECT] 
2025-09-19 21:07:17,777 [ERROR] LogOutputStream:75 - [STDERR_REDIRECT] Sep 19, 2025 9:07:17 PM java.util.prefs.FileSystemPreferences checkLockFile0ErrorCode
2025-09-19 21:07:17,777 [ERROR] LogOutputStream:75 - [STDERR_REDIRECT] WARNING: Could not lock System prefs. Unix error code 2.
2025-09-19 21:07:17,788 [ERROR] LogOutputStream:75 - [STDERR_REDIRECT] 
2025-09-19 21:07:17,788 [ERROR] LogOutputStream:75 - [STDERR_REDIRECT] Sep 19, 2025 9:07:17 PM java.util.prefs.FileSystemPreferences syncWorld
2025-09-19 21:07:17,789 [ERROR] LogOutputStream:75 - [STDERR_REDIRECT] WARNING: Couldn't flush system prefs: java.util.prefs.BackingStoreException: Couldn't get file lock.
2025-09-19 21:07:17,789 [ERROR] LogOutputStream:75 - [STDERR_REDIRECT] 
2025-09-19 21:07:47,777 [ERROR] LogOutputStream:75 - [STDERR_REDIRECT] Sep 19, 2025 9:07:47 PM java.util.prefs.FileSystemPreferences checkLockFile0ErrorCode
2025-09-19 21:07:47,777 [ERROR] LogOutputStream:75 - [STDERR_REDIRECT] WARNING: Could not lock System prefs. Unix error code 2.
2025-09-19 21:07:47,814 [ERROR] LogOutputStream:75 - [STDERR_REDIRECT] 
2025-09-19 21:07:47,815 [ERROR] LogOutputStream:75 - [STDERR_REDIRECT] Sep 19, 2025 9:07:47 PM java.util.prefs.FileSystemPreferences syncWorld
2025-09-19 21:07:47,815 [ERROR] LogOutputStream:75 - [STDERR_REDIRECT] WARNING: Couldn't flush system prefs: java.util.prefs.BackingStoreException: Couldn't get file lock.
2025-09-19 21:07:47,815 [ERROR] LogOutputStream:75 - [STDERR_REDIRECT] 
2025-09-19 21:08:17,777 [ERROR] LogOutputStream:75 - [STDERR_REDIRECT] Sep 19, 2025 9:08:17 PM java.util.prefs.FileSystemPreferences checkLockFile0ErrorCode
2025-09-19 21:08:17,778 [ERROR] LogOutputStream:75 - [STDERR_REDIRECT] WARNING: Could not lock System prefs. Unix error code 2.
2025-09-19 21:08:17,788 [ERROR] LogOutputStream:75 - [STDERR_REDIRECT] 
2025-09-19 21:08:17,789 [ERROR] LogOutputStream:75 - [STDERR_REDIRECT] Sep 19, 2025 9:08:17 PM java.util.prefs.FileSystemPreferences syncWorld
2025-09-19 21:08:17,789 [ERROR] LogOutputStream:75 - [STDERR_REDIRECT] WARNING: Couldn't flush system prefs: java.util.prefs.BackingStoreException: Couldn't get file lock.
2025-09-19 21:08:17,789 [ERROR] LogOutputStream:75 - [STDERR_REDIRECT] 
2025-09-19 21:08:47,778 [ERROR] LogOutputStream:75 - [STDERR_REDIRECT] Sep 19, 2025 9:08:47 PM java.util.prefs.FileSystemPreferences checkLockFile0ErrorCode
2025-09-19 21:08:47,779 [ERROR] LogOutputStream:75 - [STDERR_REDIRECT] WARNING: Could not lock System prefs. Unix error code 2.
2025-09-19 21:08:47,779 [ERROR] LogOutputStream:75 - [STDERR_REDIRECT] 
2025-09-19 21:08:47,780 [ERROR] LogOutputStream:75 - [STDERR_REDIRECT] Sep 19, 2025 9:08:47 PM java.util.prefs.FileSystemPreferences syncWorld
2025-09-19 21:08:47,780 [ERROR] LogOutputStream:75 - [STDERR_REDIRECT] WARNING: Couldn't flush system prefs: java.util.prefs.BackingStoreException: Couldn't get file lock.
2025-09-19 21:08:47,780 [ERROR] LogOutputStream:75 - [STDERR_REDIRECT] 
2025-09-19 21:09:17,777 [ERROR] LogOutputStream:75 - [STDERR_REDIRECT] Sep 19, 2025 9:09:17 PM java.util.prefs.FileSystemPreferences checkLockFile0ErrorCode
2025-09-19 21:09:17,778 [ERROR] LogOutputStream:75 - [STDERR_REDIRECT] WARNING: Could not lock System prefs. Unix error code 2.
2025-09-19 21:09:17,778 [ERROR] LogOutputStream:75 - [STDERR_REDIRECT] 
2025-09-19 21:09:17,778 [ERROR] LogOutputStream:75 - [STDERR_REDIRECT] Sep 19, 2025 9:09:17 PM java.util.prefs.FileSystemPreferences syncWorld
2025-09-19 21:09:17,778 [ERROR] LogOutputStream:75 - [STDERR_REDIRECT] WARNING: Couldn't flush system prefs: java.util.prefs.BackingStoreException: Couldn't get file lock.
2025-09-19 21:09:17,779 [ERROR] LogOutputStream:75 - [STDERR_REDIRECT] 
2025-09-19 21:09:47,776 [ERROR] LogOutputStream:75 - [STDERR_REDIRECT] Sep 19, 2025 9:09:47 PM java.util.prefs.FileSystemPreferences checkLockFile0ErrorCode
2025-09-19 21:09:47,777 [ERROR] LogOutputStream:75 - [STDERR_REDIRECT] WARNING: Could not lock System prefs. Unix error code 2.
2025-09-19 21:09:47,777 [ERROR] LogOutputStream:75 - [STDERR_REDIRECT] 
2025-09-19 21:09:47,778 [ERROR] LogOutputStream:75 - [STDERR_REDIRECT] Sep 19, 2025 9:09:47 PM java.util.prefs.FileSystemPreferences syncWorld
2025-09-19 21:09:47,778 [ERROR] LogOutputStream:75 - [STDERR_REDIRECT] WARNING: Couldn't flush system prefs: java.util.prefs.BackingStoreException: Couldn't get file lock.
2025-09-19 21:09:47,778 [ERROR] LogOutputStream:75 - [STDERR_REDIRECT] 
2025-09-19 21:10:17,777 [ERROR] LogOutputStream:75 - [STDERR_REDIRECT] Sep 19, 2025 9:10:17 PM java.util.prefs.FileSystemPreferences checkLockFile0ErrorCode
2025-09-19 21:10:17,778 [ERROR] LogOutputStream:75 - [STDERR_REDIRECT] WARNING: Could not lock System prefs. Unix error code 2.
2025-09-19 21:10:17,778 [ERROR] LogOutputStream:75 - [STDERR_REDIRECT] 
2025-09-19 21:10:17,778 [ERROR] LogOutputStream:75 - [STDERR_REDIRECT] Sep 19, 2025 9:10:17 PM java.util.prefs.FileSystemPreferences syncWorld
2025-09-19 21:10:17,778 [ERROR] LogOutputStream:75 - [STDERR_REDIRECT] WARNING: Couldn't flush system prefs: java.util.prefs.BackingStoreException: Couldn't get file lock.
2025-09-19 21:10:17,779 [ERROR] LogOutputStream:75 - [STDERR_REDIRECT] 
2025-09-19 21:10:47,777 [ERROR] LogOutputStream:75 - [STDERR_REDIRECT] Sep 19, 2025 9:10:47 PM java.util.prefs.FileSystemPreferences checkLockFile0ErrorCode
2025-09-19 21:10:47,777 [ERROR] LogOutputStream:75 - [STDERR_REDIRECT] WARNING: Could not lock System prefs. Unix error code 2.
2025-09-19 21:10:47,788 [ERROR] LogOutputStream:75 - [STDERR_REDIRECT] 
2025-09-19 21:10:47,788 [ERROR] LogOutputStream:75 - [STDERR_REDIRECT] Sep 19, 2025 9:10:47 PM java.util.prefs.FileSystemPreferences syncWorld
2025-09-19 21:10:47,789 [ERROR] LogOutputStream:75 - [STDERR_REDIRECT] WARNING: Couldn't flush system prefs: java.util.prefs.BackingStoreException: Couldn't get file lock.
2025-09-19 21:10:47,789 [ERROR] LogOutputStream:75 - [STDERR_REDIRECT] 
2025-09-19 21:11:17,777 [ERROR] LogOutputStream:75 - [STDERR_REDIRECT] Sep 19, 2025 9:11:17 PM java.util.prefs.FileSystemPreferences checkLockFile0ErrorCode
2025-09-19 21:11:17,778 [ERROR] LogOutputStream:75 - [STDERR_REDIRECT] WARNING: Could not lock System prefs. Unix error code 2.
2025-09-19 21:11:17,778 [ERROR] LogOutputStream:75 - [STDERR_REDIRECT] 
2025-09-19 21:11:17,778 [ERROR] LogOutputStream:75 - [STDERR_REDIRECT] Sep 19, 2025 9:11:17 PM java.util.prefs.FileSystemPreferences syncWorld
2025-09-19 21:11:17,779 [ERROR] LogOutputStream:75 - [STDERR_REDIRECT] WARNING: Couldn't flush system prefs: java.util.prefs.BackingStoreException: Couldn't get file lock.
2025-09-19 21:11:17,779 [ERROR] LogOutputStream:75 - [STDERR_REDIRECT] 
2025-09-19 21:11:47,777 [ERROR] LogOutputStream:75 - [STDERR_REDIRECT] Sep 19, 2025 9:11:47 PM java.util.prefs.FileSystemPreferences checkLockFile0ErrorCode
2025-09-19 21:11:47,778 [ERROR] LogOutputStream:75 - [STDERR_REDIRECT] WARNING: Could not lock System prefs. Unix error code 2.
2025-09-19 21:11:47,788 [ERROR] LogOutputStream:75 - [STDERR_REDIRECT] 
2025-09-19 21:11:47,789 [ERROR] LogOutputStream:75 - [STDERR_REDIRECT] Sep 19, 2025 9:11:47 PM java.util.prefs.FileSystemPreferences syncWorld
2025-09-19 21:11:47,789 [ERROR] LogOutputStream:75 - [STDERR_REDIRECT] WARNING: Couldn't flush system prefs: java.util.prefs.BackingStoreException: Couldn't get file lock.
2025-09-19 21:11:47,789 [ERROR] LogOutputStream:75 - [STDERR_REDIRECT] 
2025-09-19 21:12:17,778 [ERROR] LogOutputStream:75 - [STDERR_REDIRECT] Sep 19, 2025 9:12:17 PM java.util.prefs.FileSystemPreferences checkLockFile0ErrorCode
2025-09-19 21:12:17,778 [ERROR] LogOutputStream:75 - [STDERR_REDIRECT] WARNING: Could not lock System prefs. Unix error code 2.
2025-09-19 21:12:17,778 [ERROR] LogOutputStream:75 - [STDERR_REDIRECT] 
2025-09-19 21:12:17,779 [ERROR] LogOutputStream:75 - [STDERR_REDIRECT] Sep 19, 2025 9:12:17 PM java.util.prefs.FileSystemPreferences syncWorld
2025-09-19 21:12:17,779 [ERROR] LogOutputStream:75 - [STDERR_REDIRECT] WARNING: Couldn't flush system prefs: java.util.prefs.BackingStoreException: Couldn't get file lock.
2025-09-19 21:12:17,779 [ERROR] LogOutputStream:75 - [STDERR_REDIRECT] 
2025-09-19 21:12:47,778 [ERROR] LogOutputStream:75 - [STDERR_REDIRECT] Sep 19, 2025 9:12:47 PM java.util.prefs.FileSystemPreferences checkLockFile0ErrorCode
2025-09-19 21:12:47,778 [ERROR] LogOutputStream:75 - [STDERR_REDIRECT] WARNING: Could not lock System prefs. Unix error code 2.
2025-09-19 21:12:47,779 [ERROR] LogOutputStream:75 - [STDERR_REDIRECT] 
2025-09-19 21:12:47,779 [ERROR] LogOutputStream:75 - [STDERR_REDIRECT] Sep 19, 2025 9:12:47 PM java.util.prefs.FileSystemPreferences syncWorld
2025-09-19 21:12:47,779 [ERROR] LogOutputStream:75 - [STDERR_REDIRECT] WARNING: Couldn't flush system prefs: java.util.prefs.BackingStoreException: Couldn't get file lock.
2025-09-19 21:12:47,779 [ERROR] LogOutputStream:75 - [STDERR_REDIRECT] 
2025-09-19 21:13:17,778 [ERROR] LogOutputStream:75 - [STDERR_REDIRECT] Sep 19, 2025 9:13:17 PM java.util.prefs.FileSystemPreferences checkLockFile0ErrorCode
2025-09-19 21:13:17,779 [ERROR] LogOutputStream:75 - [STDERR_REDIRECT] WARNING: Could not lock System prefs. Unix error code 2.
2025-09-19 21:13:17,779 [ERROR] LogOutputStream:75 - [STDERR_REDIRECT] 
2025-09-19 21:13:17,780 [ERROR] LogOutputStream:75 - [STDERR_REDIRECT] Sep 19, 2025 9:13:17 PM java.util.prefs.FileSystemPreferences syncWorld
2025-09-19 21:13:17,780 [ERROR] LogOutputStream:75 - [STDERR_REDIRECT] WARNING: Couldn't flush system prefs: java.util.prefs.BackingStoreException: Couldn't get file lock.
2025-09-19 21:13:17,780 [ERROR] LogOutputStream:75 - [STDERR_REDIRECT] 
2025-09-19 21:13:47,777 [ERROR] LogOutputStream:75 - [STDERR_REDIRECT] Sep 19, 2025 9:13:47 PM java.util.prefs.FileSystemPreferences checkLockFile0ErrorCode
2025-09-19 21:13:47,778 [ERROR] LogOutputStream:75 - [STDERR_REDIRECT] WARNING: Could not lock System prefs. Unix error code 2.
2025-09-19 21:13:47,778 [ERROR] LogOutputStream:75 - [STDERR_REDIRECT] 
2025-09-19 21:13:47,778 [ERROR] LogOutputStream:75 - [STDERR_REDIRECT] Sep 19, 2025 9:13:47 PM java.util.prefs.FileSystemPreferences syncWorld
2025-09-19 21:13:47,778 [ERROR] LogOutputStream:75 - [STDERR_REDIRECT] WARNING: Couldn't flush system prefs: java.util.prefs.BackingStoreException: Couldn't get file lock.
2025-09-19 21:13:47,778 [ERROR] LogOutputStream:75 - [STDERR_REDIRECT] 
2025-09-19 21:14:17,777 [ERROR] LogOutputStream:75 - [STDERR_REDIRECT] Sep 19, 2025 9:14:17 PM java.util.prefs.FileSystemPreferences checkLockFile0ErrorCode
2025-09-19 21:14:17,778 [ERROR] LogOutputStream:75 - [STDERR_REDIRECT] WARNING: Could not lock System prefs. Unix error code 2.
2025-09-19 21:14:17,778 [ERROR] LogOutputStream:75 - [STDERR_REDIRECT] 
2025-09-19 21:14:17,778 [ERROR] LogOutputStream:75 - [STDERR_REDIRECT] Sep 19, 2025 9:14:17 PM java.util.prefs.FileSystemPreferences syncWorld
2025-09-19 21:14:17,779 [ERROR] LogOutputStream:75 - [STDERR_REDIRECT] WARNING: Couldn't flush system prefs: java.util.prefs.BackingStoreException: Couldn't get file lock.
2025-09-19 21:14:17,779 [ERROR] LogOutputStream:75 - [STDERR_REDIRECT] 
2025-09-19 21:14:47,781 [ERROR] LogOutputStream:75 - [STDERR_REDIRECT] Sep 19, 2025 9:14:47 PM java.util.prefs.FileSystemPreferences checkLockFile0ErrorCode
2025-09-19 21:14:47,782 [ERROR] LogOutputStream:75 - [STDERR_REDIRECT] WARNING: Could not lock System prefs. Unix error code 2.
2025-09-19 21:14:47,782 [ERROR] LogOutputStream:75 - [STDERR_REDIRECT] 
2025-09-19 21:14:47,782 [ERROR] LogOutputStream:75 - [STDERR_REDIRECT] Sep 19, 2025 9:14:47 PM java.util.prefs.FileSystemPreferences syncWorld
2025-09-19 21:14:47,783 [ERROR] LogOutputStream:75 - [STDERR_REDIRECT] WARNING: Couldn't flush system prefs: java.util.prefs.BackingStoreException: Couldn't get file lock.
2025-09-19 21:14:47,783 [ERROR] LogOutputStream:75 - [STDERR_REDIRECT] 
2025-09-19 21:15:17,778 [ERROR] LogOutputStream:75 - [STDERR_REDIRECT] Sep 19, 2025 9:15:17 PM java.util.prefs.FileSystemPreferences checkLockFile0ErrorCode
2025-09-19 21:15:17,778 [ERROR] LogOutputStream:75 - [STDERR_REDIRECT] WARNING: Could not lock System prefs. Unix error code 2.
2025-09-19 21:15:17,778 [ERROR] LogOutputStream:75 - [STDERR_REDIRECT] 
2025-09-19 21:15:17,779 [ERROR] LogOutputStream:75 - [STDERR_REDIRECT] Sep 19, 2025 9:15:17 PM java.util.prefs.FileSystemPreferences syncWorld
2025-09-19 21:15:17,779 [ERROR] LogOutputStream:75 - [STDERR_REDIRECT] WARNING: Couldn't flush system prefs: java.util.prefs.BackingStoreException: Couldn't get file lock.
2025-09-19 21:15:17,779 [ERROR] LogOutputStream:75 - [STDERR_REDIRECT] 
2025-09-19 21:15:47,779 [ERROR] LogOutputStream:75 - [STDERR_REDIRECT] Sep 19, 2025 9:15:47 PM java.util.prefs.FileSystemPreferences checkLockFile0ErrorCode
2025-09-19 21:15:47,779 [ERROR] LogOutputStream:75 - [STDERR_REDIRECT] WARNING: Could not lock System prefs. Unix error code 2.
2025-09-19 21:15:47,816 [ERROR] LogOutputStream:75 - [STDERR_REDIRECT] 
2025-09-19 21:15:47,817 [ERROR] LogOutputStream:75 - [STDERR_REDIRECT] Sep 19, 2025 9:15:47 PM java.util.prefs.FileSystemPreferences syncWorld
2025-09-19 21:15:47,817 [ERROR] LogOutputStream:75 - [STDERR_REDIRECT] WARNING: Couldn't flush system prefs: java.util.prefs.BackingStoreException: Couldn't get file lock.
2025-09-19 21:15:47,817 [ERROR] LogOutputStream:75 - [STDERR_REDIRECT] 
2025-09-19 21:16:17,778 [ERROR] LogOutputStream:75 - [STDERR_REDIRECT] Sep 19, 2025 9:16:17 PM java.util.prefs.FileSystemPreferences checkLockFile0ErrorCode
2025-09-19 21:16:17,779 [ERROR] LogOutputStream:75 - [STDERR_REDIRECT] WARNING: Could not lock System prefs. Unix error code 2.
2025-09-19 21:16:17,779 [ERROR] LogOutputStream:75 - [STDERR_REDIRECT] 
2025-09-19 21:16:17,779 [ERROR] LogOutputStream:75 - [STDERR_REDIRECT] Sep 19, 2025 9:16:17 PM java.util.prefs.FileSystemPreferences syncWorld
2025-09-19 21:16:17,780 [ERROR] LogOutputStream:75 - [STDERR_REDIRECT] WARNING: Couldn't flush system prefs: java.util.prefs.BackingStoreException: Couldn't get file lock.
2025-09-19 21:16:17,780 [ERROR] LogOutputStream:75 - [STDERR_REDIRECT] 
2025-09-19 21:16:47,779 [ERROR] LogOutputStream:75 - [STDERR_REDIRECT] Sep 19, 2025 9:16:47 PM java.util.prefs.FileSystemPreferences checkLockFile0ErrorCode
2025-09-19 21:16:47,779 [ERROR] LogOutputStream:75 - [STDERR_REDIRECT] WARNING: Could not lock System prefs. Unix error code 2.
2025-09-19 21:16:47,790 [ERROR] LogOutputStream:75 - [STDERR_REDIRECT] 
2025-09-19 21:16:47,790 [ERROR] LogOutputStream:75 - [STDERR_REDIRECT] Sep 19, 2025 9:16:47 PM java.util.prefs.FileSystemPreferences syncWorld
2025-09-19 21:16:47,791 [ERROR] LogOutputStream:75 - [STDERR_REDIRECT] WARNING: Couldn't flush system prefs: java.util.prefs.BackingStoreException: Couldn't get file lock.
2025-09-19 21:16:47,791 [ERROR] LogOutputStream:75 - [STDERR_REDIRECT] 
2025-09-19 21:17:17,782 [ERROR] LogOutputStream:75 - [STDERR_REDIRECT] Sep 19, 2025 9:17:17 PM java.util.prefs.FileSystemPreferences checkLockFile0ErrorCode
2025-09-19 21:17:17,783 [ERROR] LogOutputStream:75 - [STDERR_REDIRECT] WARNING: Could not lock System prefs. Unix error code 2.
2025-09-19 21:17:17,793 [ERROR] LogOutputStream:75 - [STDERR_REDIRECT] 
2025-09-19 21:17:17,794 [ERROR] LogOutputStream:75 - [STDERR_REDIRECT] Sep 19, 2025 9:17:17 PM java.util.prefs.FileSystemPreferences syncWorld
2025-09-19 21:17:17,794 [ERROR] LogOutputStream:75 - [STDERR_REDIRECT] WARNING: Couldn't flush system prefs: java.util.prefs.BackingStoreException: Couldn't get file lock.
2025-09-19 21:17:17,795 [ERROR] LogOutputStream:75 - [STDERR_REDIRECT] 
2025-09-19 21:17:47,779 [ERROR] LogOutputStream:75 - [STDERR_REDIRECT] Sep 19, 2025 9:17:47 PM java.util.prefs.FileSystemPreferences checkLockFile0ErrorCode
2025-09-19 21:17:47,779 [ERROR] LogOutputStream:75 - [STDERR_REDIRECT] WARNING: Could not lock System prefs. Unix error code 2.
2025-09-19 21:17:47,789 [ERROR] LogOutputStream:75 - [STDERR_REDIRECT] 
2025-09-19 21:17:47,790 [ERROR] LogOutputStream:75 - [STDERR_REDIRECT] Sep 19, 2025 9:17:47 PM java.util.prefs.FileSystemPreferences syncWorld
2025-09-19 21:17:47,790 [ERROR] LogOutputStream:75 - [STDERR_REDIRECT] WARNING: Couldn't flush system prefs: java.util.prefs.BackingStoreException: Couldn't get file lock.
2025-09-19 21:17:47,790 [ERROR] LogOutputStream:75 - [STDERR_REDIRECT] 
2025-09-19 21:18:17,778 [ERROR] LogOutputStream:75 - [STDERR_REDIRECT] Sep 19, 2025 9:18:17 PM java.util.prefs.FileSystemPreferences checkLockFile0ErrorCode
2025-09-19 21:18:17,779 [ERROR] LogOutputStream:75 - [STDERR_REDIRECT] WARNING: Could not lock System prefs. Unix error code 2.
2025-09-19 21:18:17,779 [ERROR] LogOutputStream:75 - [STDERR_REDIRECT] 
2025-09-19 21:18:17,780 [ERROR] LogOutputStream:75 - [STDERR_REDIRECT] Sep 19, 2025 9:18:17 PM java.util.prefs.FileSystemPreferences syncWorld
2025-09-19 21:18:17,780 [ERROR] LogOutputStream:75 - [STDERR_REDIRECT] WARNING: Couldn't flush system prefs: java.util.prefs.BackingStoreException: Couldn't get file lock.
2025-09-19 21:18:17,780 [ERROR] LogOutputStream:75 - [STDERR_REDIRECT] 
2025-09-19 21:18:47,779 [ERROR] LogOutputStream:75 - [STDERR_REDIRECT] Sep 19, 2025 9:18:47 PM java.util.prefs.FileSystemPreferences checkLockFile0ErrorCode
2025-09-19 21:18:47,779 [ERROR] LogOutputStream:75 - [STDERR_REDIRECT] WARNING: Could not lock System prefs. Unix error code 2.
2025-09-19 21:18:47,790 [ERROR] LogOutputStream:75 - [STDERR_REDIRECT] 
2025-09-19 21:18:47,791 [ERROR] LogOutputStream:75 - [STDERR_REDIRECT] Sep 19, 2025 9:18:47 PM java.util.prefs.FileSystemPreferences syncWorld
2025-09-19 21:18:47,791 [ERROR] LogOutputStream:75 - [STDERR_REDIRECT] WARNING: Couldn't flush system prefs: java.util.prefs.BackingStoreException: Couldn't get file lock.
2025-09-19 21:18:47,791 [ERROR] LogOutputStream:75 - [STDERR_REDIRECT] 
2025-09-19 21:19:17,779 [ERROR] LogOutputStream:75 - [STDERR_REDIRECT] Sep 19, 2025 9:19:17 PM java.util.prefs.FileSystemPreferences checkLockFile0ErrorCode
2025-09-19 21:19:17,780 [ERROR] LogOutputStream:75 - [STDERR_REDIRECT] WARNING: Could not lock System prefs. Unix error code 2.
2025-09-19 21:19:17,790 [ERROR] LogOutputStream:75 - [STDERR_REDIRECT] 
2025-09-19 21:19:17,791 [ERROR] LogOutputStream:75 - [STDERR_REDIRECT] Sep 19, 2025 9:19:17 PM java.util.prefs.FileSystemPreferences syncWorld
2025-09-19 21:19:17,791 [ERROR] LogOutputStream:75 - [STDERR_REDIRECT] WARNING: Couldn't flush system prefs: java.util.prefs.BackingStoreException: Couldn't get file lock.
2025-09-19 21:19:17,791 [ERROR] LogOutputStream:75 - [STDERR_REDIRECT] 
2025-09-19 21:19:47,781 [ERROR] LogOutputStream:75 - [STDERR_REDIRECT] Sep 19, 2025 9:19:47 PM java.util.prefs.FileSystemPreferences checkLockFile0ErrorCode
2025-09-19 21:19:47,782 [ERROR] LogOutputStream:75 - [STDERR_REDIRECT] WARNING: Could not lock System prefs. Unix error code 2.
2025-09-19 21:19:47,782 [ERROR] LogOutputStream:75 - [STDERR_REDIRECT] 
2025-09-19 21:19:47,782 [ERROR] LogOutputStream:75 - [STDERR_REDIRECT] Sep 19, 2025 9:19:47 PM java.util.prefs.FileSystemPreferences syncWorld
2025-09-19 21:19:47,783 [ERROR] LogOutputStream:75 - [STDERR_REDIRECT] WARNING: Couldn't flush system prefs: java.util.prefs.BackingStoreException: Couldn't get file lock.
2025-09-19 21:19:47,783 [ERROR] LogOutputStream:75 - [STDERR_REDIRECT] 
2025-09-19 21:20:17,780 [ERROR] LogOutputStream:75 - [STDERR_REDIRECT] Sep 19, 2025 9:20:17 PM java.util.prefs.FileSystemPreferences checkLockFile0ErrorCode
2025-09-19 21:20:17,780 [ERROR] LogOutputStream:75 - [STDERR_REDIRECT] WARNING: Could not lock System prefs. Unix error code 2.
2025-09-19 21:20:17,791 [ERROR] LogOutputStream:75 - [STDERR_REDIRECT] 
2025-09-19 21:20:17,792 [ERROR] LogOutputStream:75 - [STDERR_REDIRECT] Sep 19, 2025 9:20:17 PM java.util.prefs.FileSystemPreferences syncWorld
2025-09-19 21:20:17,792 [ERROR] LogOutputStream:75 - [STDERR_REDIRECT] WARNING: Couldn't flush system prefs: java.util.prefs.BackingStoreException: Couldn't get file lock.
2025-09-19 21:20:17,792 [ERROR] LogOutputStream:75 - [STDERR_REDIRECT] 
2025-09-19 21:20:47,780 [ERROR] LogOutputStream:75 - [STDERR_REDIRECT] Sep 19, 2025 9:20:47 PM java.util.prefs.FileSystemPreferences checkLockFile0ErrorCode
2025-09-19 21:20:47,780 [ERROR] LogOutputStream:75 - [STDERR_REDIRECT] WARNING: Could not lock System prefs. Unix error code 2.
2025-09-19 21:20:47,791 [ERROR] LogOutputStream:75 - [STDERR_REDIRECT] 
2025-09-19 21:20:47,792 [ERROR] LogOutputStream:75 - [STDERR_REDIRECT] Sep 19, 2025 9:20:47 PM java.util.prefs.FileSystemPreferences syncWorld
2025-09-19 21:20:47,792 [ERROR] LogOutputStream:75 - [STDERR_REDIRECT] WARNING: Couldn't flush system prefs: java.util.prefs.BackingStoreException: Couldn't get file lock.
2025-09-19 21:20:47,792 [ERROR] LogOutputStream:75 - [STDERR_REDIRECT] 
2025-09-19 21:21:17,780 [ERROR] LogOutputStream:75 - [STDERR_REDIRECT] Sep 19, 2025 9:21:17 PM java.util.prefs.FileSystemPreferences checkLockFile0ErrorCode
2025-09-19 21:21:17,780 [ERROR] LogOutputStream:75 - [STDERR_REDIRECT] WARNING: Could not lock System prefs. Unix error code 2.
2025-09-19 21:21:17,791 [ERROR] LogOutputStream:75 - [STDERR_REDIRECT] 
2025-09-19 21:21:17,791 [ERROR] LogOutputStream:75 - [STDERR_REDIRECT] Sep 19, 2025 9:21:17 PM java.util.prefs.FileSystemPreferences syncWorld
2025-09-19 21:21:17,792 [ERROR] LogOutputStream:75 - [STDERR_REDIRECT] WARNING: Couldn't flush system prefs: java.util.prefs.BackingStoreException: Couldn't get file lock.
2025-09-19 21:21:17,792 [ERROR] LogOutputStream:75 - [STDERR_REDIRECT] 
2025-09-19 21:21:47,779 [ERROR] LogOutputStream:75 - [STDERR_REDIRECT] Sep 19, 2025 9:21:47 PM java.util.prefs.FileSystemPreferences checkLockFile0ErrorCode
2025-09-19 21:21:47,780 [ERROR] LogOutputStream:75 - [STDERR_REDIRECT] WARNING: Could not lock System prefs. Unix error code 2.
2025-09-19 21:21:47,790 [ERROR] LogOutputStream:75 - [STDERR_REDIRECT] 
2025-09-19 21:21:47,791 [ERROR] LogOutputStream:75 - [STDERR_REDIRECT] Sep 19, 2025 9:21:47 PM java.util.prefs.FileSystemPreferences syncWorld
2025-09-19 21:21:47,791 [ERROR] LogOutputStream:75 - [STDERR_REDIRECT] WARNING: Couldn't flush system prefs: java.util.prefs.BackingStoreException: Couldn't get file lock.
2025-09-19 21:21:47,791 [ERROR] LogOutputStream:75 - [STDERR_REDIRECT] 
2025-09-19 21:22:17,780 [ERROR] LogOutputStream:75 - [STDERR_REDIRECT] Sep 19, 2025 9:22:17 PM java.util.prefs.FileSystemPreferences checkLockFile0ErrorCode
2025-09-19 21:22:17,780 [ERROR] LogOutputStream:75 - [STDERR_REDIRECT] WARNING: Could not lock System prefs. Unix error code 2.
2025-09-19 21:22:17,791 [ERROR] LogOutputStream:75 - [STDERR_REDIRECT] 
2025-09-19 21:22:17,791 [ERROR] LogOutputStream:75 - [STDERR_REDIRECT] Sep 19, 2025 9:22:17 PM java.util.prefs.FileSystemPreferences syncWorld
2025-09-19 21:22:17,792 [ERROR] LogOutputStream:75 - [STDERR_REDIRECT] WARNING: Couldn't flush system prefs: java.util.prefs.BackingStoreException: Couldn't get file lock.
2025-09-19 21:22:17,792 [ERROR] LogOutputStream:75 - [STDERR_REDIRECT] 
2025-09-19 21:22:47,781 [ERROR] LogOutputStream:75 - [STDERR_REDIRECT] Sep 19, 2025 9:22:47 PM java.util.prefs.FileSystemPreferences checkLockFile0ErrorCode
2025-09-19 21:22:47,782 [ERROR] LogOutputStream:75 - [STDERR_REDIRECT] WARNING: Could not lock System prefs. Unix error code 2.
2025-09-19 21:22:47,792 [ERROR] LogOutputStream:75 - [STDERR_REDIRECT] 
2025-09-19 21:22:47,792 [ERROR] LogOutputStream:75 - [STDERR_REDIRECT] Sep 19, 2025 9:22:47 PM java.util.prefs.FileSystemPreferences syncWorld
2025-09-19 21:22:47,792 [ERROR] LogOutputStream:75 - [STDERR_REDIRECT] WARNING: Couldn't flush system prefs: java.util.prefs.BackingStoreException: Couldn't get file lock.
2025-09-19 21:22:47,792 [ERROR] LogOutputStream:75 - [STDERR_REDIRECT] 
2025-09-19 21:23:17,780 [ERROR] LogOutputStream:75 - [STDERR_REDIRECT] Sep 19, 2025 9:23:17 PM java.util.prefs.FileSystemPreferences checkLockFile0ErrorCode
2025-09-19 21:23:17,780 [ERROR] LogOutputStream:75 - [STDERR_REDIRECT] WARNING: Could not lock System prefs. Unix error code 2.
2025-09-19 21:23:17,818 [ERROR] LogOutputStream:75 - [STDERR_REDIRECT] 
2025-09-19 21:23:17,818 [ERROR] LogOutputStream:75 - [STDERR_REDIRECT] Sep 19, 2025 9:23:17 PM java.util.prefs.FileSystemPreferences syncWorld
2025-09-19 21:23:17,819 [ERROR] LogOutputStream:75 - [STDERR_REDIRECT] WARNING: Couldn't flush system prefs: java.util.prefs.BackingStoreException: Couldn't get file lock.
2025-09-19 21:23:17,819 [ERROR] LogOutputStream:75 - [STDERR_REDIRECT] 
2025-09-19 21:23:47,781 [ERROR] LogOutputStream:75 - [STDERR_REDIRECT] Sep 19, 2025 9:23:47 PM java.util.prefs.FileSystemPreferences checkLockFile0ErrorCode
2025-09-19 21:23:47,782 [ERROR] LogOutputStream:75 - [STDERR_REDIRECT] WARNING: Could not lock System prefs. Unix error code 2.
2025-09-19 21:23:47,792 [ERROR] LogOutputStream:75 - [STDERR_REDIRECT] 
2025-09-19 21:23:47,793 [ERROR] LogOutputStream:75 - [STDERR_REDIRECT] Sep 19, 2025 9:23:47 PM java.util.prefs.FileSystemPreferences syncWorld
2025-09-19 21:23:47,793 [ERROR] LogOutputStream:75 - [STDERR_REDIRECT] WARNING: Couldn't flush system prefs: java.util.prefs.BackingStoreException: Couldn't get file lock.
2025-09-19 21:23:47,793 [ERROR] LogOutputStream:75 - [STDERR_REDIRECT] 
2025-09-19 21:24:17,780 [ERROR] LogOutputStream:75 - [STDERR_REDIRECT] Sep 19, 2025 9:24:17 PM java.util.prefs.FileSystemPreferences checkLockFile0ErrorCode
2025-09-19 21:24:17,780 [ERROR] LogOutputStream:75 - [STDERR_REDIRECT] WARNING: Could not lock System prefs. Unix error code 2.
2025-09-19 21:24:17,780 [ERROR] LogOutputStream:75 - [STDERR_REDIRECT] 
2025-09-19 21:24:17,781 [ERROR] LogOutputStream:75 - [STDERR_REDIRECT] Sep 19, 2025 9:24:17 PM java.util.prefs.FileSystemPreferences syncWorld
2025-09-19 21:24:17,781 [ERROR] LogOutputStream:75 - [STDERR_REDIRECT] WARNING: Couldn't flush system prefs: java.util.prefs.BackingStoreException: Couldn't get file lock.
2025-09-19 21:24:17,782 [ERROR] LogOutputStream:75 - [STDERR_REDIRECT] 
2025-09-19 21:24:47,781 [ERROR] LogOutputStream:75 - [STDERR_REDIRECT] Sep 19, 2025 9:24:47 PM java.util.prefs.FileSystemPreferences checkLockFile0ErrorCode
2025-09-19 21:24:47,781 [ERROR] LogOutputStream:75 - [STDERR_REDIRECT] WARNING: Could not lock System prefs. Unix error code 2.
2025-09-19 21:24:47,782 [ERROR] LogOutputStream:75 - [STDERR_REDIRECT] 
2025-09-19 21:24:47,782 [ERROR] LogOutputStream:75 - [STDERR_REDIRECT] Sep 19, 2025 9:24:47 PM java.util.prefs.FileSystemPreferences syncWorld
2025-09-19 21:24:47,782 [ERROR] LogOutputStream:75 - [STDERR_REDIRECT] WARNING: Couldn't flush system prefs: java.util.prefs.BackingStoreException: Couldn't get file lock.
2025-09-19 21:24:47,782 [ERROR] LogOutputStream:75 - [STDERR_REDIRECT] 
2025-09-19 21:25:17,779 [ERROR] LogOutputStream:75 - [STDERR_REDIRECT] Sep 19, 2025 9:25:17 PM java.util.prefs.FileSystemPreferences checkLockFile0ErrorCode
2025-09-19 21:25:17,780 [ERROR] LogOutputStream:75 - [STDERR_REDIRECT] WARNING: Could not lock System prefs. Unix error code 2.
2025-09-19 21:25:17,790 [ERROR] LogOutputStream:75 - [STDERR_REDIRECT] 
2025-09-19 21:25:17,791 [ERROR] LogOutputStream:75 - [STDERR_REDIRECT] Sep 19, 2025 9:25:17 PM java.util.prefs.FileSystemPreferences syncWorld
2025-09-19 21:25:17,792 [ERROR] LogOutputStream:75 - [STDERR_REDIRECT] WARNING: Couldn't flush system prefs: java.util.prefs.BackingStoreException: Couldn't get file lock.
2025-09-19 21:25:17,792 [ERROR] LogOutputStream:75 - [STDERR_REDIRECT] 
2025-09-19 21:25:47,781 [ERROR] LogOutputStream:75 - [STDERR_REDIRECT] Sep 19, 2025 9:25:47 PM java.util.prefs.FileSystemPreferences checkLockFile0ErrorCode
2025-09-19 21:25:47,781 [ERROR] LogOutputStream:75 - [STDERR_REDIRECT] WARNING: Could not lock System prefs. Unix error code 2.
2025-09-19 21:25:47,792 [ERROR] LogOutputStream:75 - [STDERR_REDIRECT] 
2025-09-19 21:25:47,792 [ERROR] LogOutputStream:75 - [STDERR_REDIRECT] Sep 19, 2025 9:25:47 PM java.util.prefs.FileSystemPreferences syncWorld
2025-09-19 21:25:47,792 [ERROR] LogOutputStream:75 - [STDERR_REDIRECT] WARNING: Couldn't flush system prefs: java.util.prefs.BackingStoreException: Couldn't get file lock.
2025-09-19 21:25:47,793 [ERROR] LogOutputStream:75 - [STDERR_REDIRECT] 
2025-09-19 21:26:17,782 [ERROR] LogOutputStream:75 - [STDERR_REDIRECT] Sep 19, 2025 9:26:17 PM java.util.prefs.FileSystemPreferences checkLockFile0ErrorCode
2025-09-19 21:26:17,782 [ERROR] LogOutputStream:75 - [STDERR_REDIRECT] WARNING: Could not lock System prefs. Unix error code 2.
2025-09-19 21:26:17,793 [ERROR] LogOutputStream:75 - [STDERR_REDIRECT] 
2025-09-19 21:26:17,794 [ERROR] LogOutputStream:75 - [STDERR_REDIRECT] Sep 19, 2025 9:26:17 PM java.util.prefs.FileSystemPreferences syncWorld
2025-09-19 21:26:17,794 [ERROR] LogOutputStream:75 - [STDERR_REDIRECT] WARNING: Couldn't flush system prefs: java.util.prefs.BackingStoreException: Couldn't get file lock.
2025-09-19 21:26:17,794 [ERROR] LogOutputStream:75 - [STDERR_REDIRECT] 
2025-09-19 21:26:47,780 [ERROR] LogOutputStream:75 - [STDERR_REDIRECT] Sep 19, 2025 9:26:47 PM java.util.prefs.FileSystemPreferences checkLockFile0ErrorCode
2025-09-19 21:26:47,781 [ERROR] LogOutputStream:75 - [STDERR_REDIRECT] WARNING: Could not lock System prefs. Unix error code 2.
2025-09-19 21:26:47,781 [ERROR] LogOutputStream:75 - [STDERR_REDIRECT] 
2025-09-19 21:26:47,781 [ERROR] LogOutputStream:75 - [STDERR_REDIRECT] Sep 19, 2025 9:26:47 PM java.util.prefs.FileSystemPreferences syncWorld
2025-09-19 21:26:47,781 [ERROR] LogOutputStream:75 - [STDERR_REDIRECT] WARNING: Couldn't flush system prefs: java.util.prefs.BackingStoreException: Couldn't get file lock.
2025-09-19 21:26:47,782 [ERROR] LogOutputStream:75 - [STDERR_REDIRECT] 
2025-09-19 21:27:17,780 [ERROR] LogOutputStream:75 - [STDERR_REDIRECT] Sep 19, 2025 9:27:17 PM java.util.prefs.FileSystemPreferences checkLockFile0ErrorCode
2025-09-19 21:27:17,780 [ERROR] LogOutputStream:75 - [STDERR_REDIRECT] WARNING: Could not lock System prefs. Unix error code 2.
2025-09-19 21:27:17,791 [ERROR] LogOutputStream:75 - [STDERR_REDIRECT] 
2025-09-19 21:27:17,791 [ERROR] LogOutputStream:75 - [STDERR_REDIRECT] Sep 19, 2025 9:27:17 PM java.util.prefs.FileSystemPreferences syncWorld
2025-09-19 21:27:17,791 [ERROR] LogOutputStream:75 - [STDERR_REDIRECT] WARNING: Couldn't flush system prefs: java.util.prefs.BackingStoreException: Couldn't get file lock.
2025-09-19 21:27:17,792 [ERROR] LogOutputStream:75 - [STDERR_REDIRECT] 
2025-09-19 21:27:47,779 [ERROR] LogOutputStream:75 - [STDERR_REDIRECT] Sep 19, 2025 9:27:47 PM java.util.prefs.FileSystemPreferences checkLockFile0ErrorCode
2025-09-19 21:27:47,780 [ERROR] LogOutputStream:75 - [STDERR_REDIRECT] WARNING: Could not lock System prefs. Unix error code 2.
2025-09-19 21:27:47,780 [ERROR] LogOutputStream:75 - [STDERR_REDIRECT] 
2025-09-19 21:27:47,781 [ERROR] LogOutputStream:75 - [STDERR_REDIRECT] Sep 19, 2025 9:27:47 PM java.util.prefs.FileSystemPreferences syncWorld
2025-09-19 21:27:47,781 [ERROR] LogOutputStream:75 - [STDERR_REDIRECT] WARNING: Couldn't flush system prefs: java.util.prefs.BackingStoreException: Couldn't get file lock.
2025-09-19 21:27:47,781 [ERROR] LogOutputStream:75 - [STDERR_REDIRECT] 
2025-09-19 21:28:17,781 [ERROR] LogOutputStream:75 - [STDERR_REDIRECT] Sep 19, 2025 9:28:17 PM java.util.prefs.FileSystemPreferences checkLockFile0ErrorCode
2025-09-19 21:28:17,782 [ERROR] LogOutputStream:75 - [STDERR_REDIRECT] WARNING: Could not lock System prefs. Unix error code 2.
2025-09-19 21:28:17,793 [ERROR] LogOutputStream:75 - [STDERR_REDIRECT] 
2025-09-19 21:28:17,793 [ERROR] LogOutputStream:75 - [STDERR_REDIRECT] Sep 19, 2025 9:28:17 PM java.util.prefs.FileSystemPreferences syncWorld
2025-09-19 21:28:17,793 [ERROR] LogOutputStream:75 - [STDERR_REDIRECT] WARNING: Couldn't flush system prefs: java.util.prefs.BackingStoreException: Couldn't get file lock.
2025-09-19 21:28:17,793 [ERROR] LogOutputStream:75 - [STDERR_REDIRECT] 
2025-09-19 21:28:47,783 [ERROR] LogOutputStream:75 - [STDERR_REDIRECT] Sep 19, 2025 9:28:47 PM java.util.prefs.FileSystemPreferences checkLockFile0ErrorCode
2025-09-19 21:28:47,784 [ERROR] LogOutputStream:75 - [STDERR_REDIRECT] WARNING: Could not lock System prefs. Unix error code 2.
2025-09-19 21:28:47,794 [ERROR] LogOutputStream:75 - [STDERR_REDIRECT] 
2025-09-19 21:28:47,795 [ERROR] LogOutputStream:75 - [STDERR_REDIRECT] Sep 19, 2025 9:28:47 PM java.util.prefs.FileSystemPreferences syncWorld
2025-09-19 21:28:47,795 [ERROR] LogOutputStream:75 - [STDERR_REDIRECT] WARNING: Couldn't flush system prefs: java.util.prefs.BackingStoreException: Couldn't get file lock.
2025-09-19 21:28:47,795 [ERROR] LogOutputStream:75 - [STDERR_REDIRECT] 
2025-09-19 21:29:00,567 [ERROR] LogOutputStream:75 - [STDERR_REDIRECT] 
2025-09-19 21:29:00,569 [ERROR] LogOutputStream:75 - [STDERR_REDIRECT] 
