2025-09-22 06:45:14,504 [INFO] Activator:176 - 


2025-09-22 06:45:14,511 [INFO] Activator:177 - !SESSION log4j initialized
2025-09-22 06:45:20,365 [INFO] LogOutputStream:77 - [STDOUT_REDIRECT] 
2025-09-22 06:45:20,947 [ERROR] ConfigurationRetriever:142 - IOException on connection: sw-center.st.com
2025-09-22 06:45:20,948 [ERROR] ConfigurationRetriever:142 - IOException on connection: sw-center.st.com
2025-09-22 06:45:20,949 [ERROR] ConfigurationRetriever:142 - IOException on connection: sw-center.st.com
2025-09-22 06:45:21,545 [INFO] ApplicationProperties:184 - Using Application install path: /opt/st/stm32cubeide_1.19.0/plugins/com.st.stm32cube.common.mx_6.15.0.202507011659
2025-09-22 06:45:21,585 [INFO] DbMcusXml:78 - Set database path to: /opt/st/stm32cubeide_1.19.0/plugins/com.st.stm32cube.common.mx_6.15.0.202507011659//db//mcu/
2025-09-22 06:45:21,585 [INFO] ApiDb:274 - Set plugin database path to: /opt/st/stm32cubeide_1.19.0/plugins/com.st.stm32cube.common.mx_6.15.0.202507011659//db//plugins/boardmanager/
2025-09-22 06:45:21,586 [WARN] ApiDb:259 - Overriding images path with different value:  => /opt/st/stm32cubeide_1.19.0/plugins/com.st.stm32cube.common.mx_6.15.0.202507011659//db//plugins/mcufinder/images/
2025-09-22 06:45:21,598 [INFO] ApiDb:250 - Set database path to: /home/tomas1908/.stmcufinder/plugins/mcufinder//mcu/
2025-09-22 06:45:21,601 [INFO] DbMcusAds:125 - Set database path to: /home/tomas1908/.stmcufinder/plugins/mcufinder//mcu/
2025-09-22 06:45:21,607 [INFO] CrossReferenceDbSqlite:203 - Set database path to: /home/tomas1908/.stmcufinder/plugins/mcufinder//mcu/cs/
2025-09-22 06:45:21,874 [INFO] RulesReader:64 - Compatibility file has been processed (317 Rules)
2025-09-22 06:45:21,977 [INFO] DbMcusXml:78 - Set database path to: /opt/st/stm32cubeide_1.19.0/plugins/com.st.stm32cube.common.mx_6.15.0.202507011659//db//mcu/
2025-09-22 06:45:21,977 [INFO] ApiDb:274 - Set plugin database path to: /opt/st/stm32cubeide_1.19.0/plugins/com.st.stm32cube.common.mx_6.15.0.202507011659//db//plugins/boardmanager/
2025-09-22 06:45:21,978 [INFO] ApiDb:261 - Set plugin images path to: /opt/st/stm32cubeide_1.19.0/plugins/com.st.stm32cube.common.mx_6.15.0.202507011659//db//plugins/mcufinder/images/
2025-09-22 06:45:21,978 [WARN] DbFile:41 - Overriding database path with different value: /home/tomas1908/.stmcufinder/plugins/mcufinder/ => /home/tomas1908/.stmcufinder/plugins/mcufinder
2025-09-22 06:45:21,978 [INFO] ApiDb:250 - Set database path to: /home/tomas1908/.stmcufinder/plugins/mcufinder//mcu/
2025-09-22 06:45:21,978 [WARN] DbFile:41 - Overriding database path with different value: /home/tomas1908/.stmcufinder/plugins/mcufinder/ => /home/tomas1908/.stmcufinder/plugins/mcufinder
2025-09-22 06:45:21,979 [INFO] DbMcusAds:125 - Set database path to: /home/tomas1908/.stmcufinder/plugins/mcufinder//mcu/
2025-09-22 06:45:21,979 [WARN] DbFile:41 - Overriding database path with different value: /home/tomas1908/.stmcufinder/plugins/mcufinder/ => /home/tomas1908/.stmcufinder/plugins/mcufinder
2025-09-22 06:45:21,979 [WARN] DbFile:41 - Overriding database path with different value: /home/tomas1908/.stmcufinder/plugins/mcufinder/ => /home/tomas1908/.stmcufinder/plugins/mcufinder
2025-09-22 06:45:21,979 [INFO] CrossReferenceDbSqlite:203 - Set database path to: /home/tomas1908/.stmcufinder/plugins/mcufinder//mcu/cs/
2025-09-22 06:45:22,113 [INFO] MainPanel:274 - HeapMemory: 268435456
2025-09-22 06:45:22,354 [INFO] DbMcusXml:78 - Set database path to: /opt/st/stm32cubeide_1.19.0/plugins/com.st.stm32cube.common.mx_6.15.0.202507011659//db//mcu/
2025-09-22 06:45:22,354 [INFO] ApiDb:274 - Set plugin database path to: /opt/st/stm32cubeide_1.19.0/plugins/com.st.stm32cube.common.mx_6.15.0.202507011659//db//plugins/boardmanager/
2025-09-22 06:45:22,354 [INFO] ApiDb:261 - Set plugin images path to: /opt/st/stm32cubeide_1.19.0/plugins/com.st.stm32cube.common.mx_6.15.0.202507011659//db//plugins/mcufinder/images/
2025-09-22 06:45:22,355 [WARN] DbFile:41 - Overriding database path with different value: /home/tomas1908/.stmcufinder/plugins/mcufinder/ => /home/tomas1908/.stmcufinder/plugins/mcufinder
2025-09-22 06:45:22,355 [INFO] ApiDb:250 - Set database path to: /home/tomas1908/.stmcufinder/plugins/mcufinder//mcu/
2025-09-22 06:45:22,355 [WARN] DbFile:41 - Overriding database path with different value: /home/tomas1908/.stmcufinder/plugins/mcufinder/ => /home/tomas1908/.stmcufinder/plugins/mcufinder
2025-09-22 06:45:22,356 [INFO] DbMcusAds:125 - Set database path to: /home/tomas1908/.stmcufinder/plugins/mcufinder//mcu/
2025-09-22 06:45:22,356 [WARN] DbFile:41 - Overriding database path with different value: /home/tomas1908/.stmcufinder/plugins/mcufinder/ => /home/tomas1908/.stmcufinder/plugins/mcufinder
2025-09-22 06:45:22,356 [WARN] DbFile:41 - Overriding database path with different value: /home/tomas1908/.stmcufinder/plugins/mcufinder/ => /home/tomas1908/.stmcufinder/plugins/mcufinder
2025-09-22 06:45:22,356 [INFO] CrossReferenceDbSqlite:203 - Set database path to: /home/tomas1908/.stmcufinder/plugins/mcufinder//mcu/cs/
2025-09-22 06:45:22,389 [INFO] ApplicationProperties:184 - Using Application install path: /opt/st/stm32cubeide_1.19.0/plugins/com.st.stm32cube.common.mx_6.15.0.202507011659
2025-09-22 06:45:22,393 [INFO] PluginManage:196 - Search for loadable plugins [exclusion list=, ]
2025-09-22 06:45:22,396 [INFO] PluginManage:310 - Check plugin analytics
2025-09-22 06:45:22,760 [INFO] AnalyticsPlugin:253 - Accepted Software Licenses: 
2025-09-22 06:45:22,761 [INFO] AnalyticsPlugin:255 - Accepted CMSIS Pack Licenses: 
2025-09-22 06:45:22,761 [INFO] AnalyticsPlugin:257 - Accepted Firmware Licenses: FW.F4.1.28.0
2025-09-22 06:45:22,767 [INFO] PluginManage:359 - Loaded plugin analytics (category:tool,tabindex:-1)
2025-09-22 06:45:22,767 [ERROR] ConfigurationRetriever:142 - IOException on connection: sw-center.st.com
2025-09-22 06:45:22,768 [INFO] PluginManage:310 - Check plugin cadmodel
2025-09-22 06:45:22,768 [ERROR] ConfigurationRetriever:142 - IOException on connection: sw-center.st.com
2025-09-22 06:45:22,769 [ERROR] ConfigurationRetriever:142 - IOException on connection: sw-center.st.com
2025-09-22 06:45:22,777 [INFO] CADModel:105 - Init CAD model plugin
2025-09-22 06:45:22,778 [INFO] PluginManage:359 - Loaded plugin cadmodel (category:power,tabindex:5)
2025-09-22 06:45:22,779 [INFO] PluginManage:310 - Check plugin clock
2025-09-22 06:45:22,798 [INFO] PluginManage:359 - Loaded plugin clock (category:base,tabindex:2)
2025-09-22 06:45:22,798 [INFO] PluginManage:310 - Check plugin ddr
2025-09-22 06:45:22,803 [INFO] PluginManage:359 - Loaded plugin ddr (category:tool,tabindex:6)
2025-09-22 06:45:22,803 [INFO] PluginManage:310 - Check plugin filemanager
2025-09-22 06:45:23,079 [INFO] PluginManage:359 - Loaded plugin filemanager (category:base,tabindex:10)
2025-09-22 06:45:23,080 [INFO] PluginManage:310 - Check plugin ipmanager
2025-09-22 06:45:23,087 [INFO] PluginManage:359 - Loaded plugin ipmanager (category:base,tabindex:5)
2025-09-22 06:45:23,087 [INFO] PluginManage:310 - Check plugin lpbam
2025-09-22 06:45:23,101 [INFO] PluginManage:359 - Loaded plugin lpbam (category:base,tabindex:0)
2025-09-22 06:45:23,101 [INFO] PluginManage:310 - Check plugin memorymap
2025-09-22 06:45:23,119 [INFO] PluginManage:359 - Loaded plugin memorymap (category:base,tabindex:4)
2025-09-22 06:45:23,119 [INFO] PluginManage:310 - Check plugin pinoutandconfiguration
2025-09-22 06:45:23,132 [INFO] PluginManage:359 - Loaded plugin pinoutandconfiguration (category:base,tabindex:1)
2025-09-22 06:45:23,132 [INFO] PluginManage:310 - Check plugin pinoutconfig
2025-09-22 06:45:23,270 [WARN] SupportedApi:132 - Cannot load RTOS API schema: s4s-elt-must-match.1: The content of 'definitions' must match (annotation?, (simpleType | complexType)?, (unique | key | keyref)*)). A problem was found starting at: attribute.
2025-09-22 06:45:23,494 [INFO] PluginManage:359 - Loaded plugin pinoutconfig (category:base,tabindex:0)
2025-09-22 06:45:23,494 [INFO] PluginManage:310 - Check plugin power
2025-09-22 06:45:23,507 [INFO] PluginManage:359 - Loaded plugin power (category:power,tabindex:4)
2025-09-22 06:45:23,508 [INFO] PluginManage:310 - Check plugin projectmanager
2025-09-22 06:45:23,539 [INFO] PluginManage:359 - Loaded plugin projectmanager (category:projectmanager,tabindex:4)
2025-09-22 06:45:23,539 [INFO] PluginManage:310 - Check plugin rif
2025-09-22 06:45:23,554 [INFO] PluginManage:359 - Loaded plugin rif (category:base,tabindex:3)
2025-09-22 06:45:23,554 [INFO] PluginManage:310 - Check plugin thirdparty
2025-09-22 06:45:23,758 [INFO] PluginManage:359 - Loaded plugin thirdparty (category:base,tabindex:-1)
2025-09-22 06:45:23,758 [WARN] IntegrityCheckThread:84 - waiting for thirdparty lock release [integrity check]
2025-09-22 06:45:23,758 [INFO] PluginManage:310 - Check plugin tools
2025-09-22 06:45:23,758 [INFO] IntegrityCheckThread:86 - entering critical section [integrity check]
2025-09-22 06:45:23,759 [INFO] ThirdPartyUpdaterWithRetryManager:70 - Updater plugin not ready yet. [1/15]
2025-09-22 06:45:23,762 [INFO] PluginManage:359 - Loaded plugin tools (category:base,tabindex:7)
2025-09-22 06:45:23,762 [INFO] PluginManage:310 - Check plugin tutovideos
2025-09-22 06:45:24,116 [INFO] PluginManage:359 - Loaded plugin tutovideos (category:base,tabindex:-1)
2025-09-22 06:45:24,116 [INFO] PluginManage:310 - Check plugin updater
2025-09-22 06:45:24,157 [INFO] PluginManage:359 - Loaded plugin updater (category:base,tabindex:12)
2025-09-22 06:45:24,157 [INFO] PluginManage:310 - Check plugin userauth
2025-09-22 06:45:24,165 [INFO] UserAuth:118 - Init User Auth plugin
2025-09-22 06:45:24,167 [INFO] PluginManage:359 - Loaded plugin userauth (category:base,tabindex:14)
2025-09-22 06:45:24,168 [INFO] PluginManage:283 - PluginManage : Loaded plugins [18]
2025-09-22 06:45:24,504 [INFO] PinOutPanel:1589 - setPackage(No Configuration,No Configuration)
2025-09-22 06:45:24,625 [INFO] CADModel:165 - CPN selected for project level
2025-09-22 06:45:24,626 [INFO] CADModel:114 - Register for checkConnection events
2025-09-22 06:45:24,647 [INFO] IPUIPlugin:80 - create IPUIPlugin
2025-09-22 06:45:24,648 [INFO] PluginManager:220 - loadIPPluginJar : add i2c
2025-09-22 06:45:24,657 [INFO] IPUIPlugin:80 - create IPUIPlugin
2025-09-22 06:45:24,659 [INFO] PluginManager:220 - loadIPPluginJar : add mdma
2025-09-22 06:45:24,662 [INFO] IPUIPlugin:80 - create IPUIPlugin
2025-09-22 06:45:24,663 [INFO] PluginManager:220 - loadIPPluginJar : add aes
2025-09-22 06:45:24,666 [INFO] IPUIPlugin:80 - create IPUIPlugin
2025-09-22 06:45:24,666 [INFO] PluginManager:220 - loadIPPluginJar : add can
2025-09-22 06:45:24,675 [INFO] IPUIPlugin:80 - create IPUIPlugin
2025-09-22 06:45:24,676 [INFO] PluginManager:220 - loadIPPluginJar : add freertos
2025-09-22 06:45:24,680 [INFO] IPUIPlugin:80 - create IPUIPlugin
2025-09-22 06:45:24,680 [INFO] PluginManager:220 - loadIPPluginJar : add gtzc
2025-09-22 06:45:24,682 [INFO] IPUIPlugin:80 - create IPUIPlugin
2025-09-22 06:45:24,683 [INFO] PluginManager:220 - loadIPPluginJar : add ts
2025-09-22 06:45:24,695 [INFO] IPUIPlugin:80 - create IPUIPlugin
2025-09-22 06:45:24,696 [INFO] PluginManager:220 - loadIPPluginJar : add stm32_wpan
2025-09-22 06:45:24,698 [INFO] IPUIPlugin:80 - create IPUIPlugin
2025-09-22 06:45:24,698 [INFO] PluginManager:220 - loadIPPluginJar : add fatfs
2025-09-22 06:45:24,707 [INFO] IPUIPlugin:80 - create IPUIPlugin
2025-09-22 06:45:24,708 [INFO] PluginManager:220 - loadIPPluginJar : add dma
2025-09-22 06:45:24,712 [INFO] IPUIPlugin:80 - create IPUIPlugin
2025-09-22 06:45:24,712 [INFO] PluginManager:220 - loadIPPluginJar : add usbx
2025-09-22 06:45:24,715 [INFO] IPUIPlugin:80 - create IPUIPlugin
2025-09-22 06:45:24,715 [INFO] PluginManager:220 - loadIPPluginJar : add hash
2025-09-22 06:45:24,718 [INFO] IPUIPlugin:80 - create IPUIPlugin
2025-09-22 06:45:24,718 [INFO] PluginManager:220 - loadIPPluginJar : add cryp
2025-09-22 06:45:24,722 [INFO] IPUIPlugin:80 - create IPUIPlugin
2025-09-22 06:45:24,722 [INFO] PluginManager:220 - loadIPPluginJar : add openamp
2025-09-22 06:45:24,724 [INFO] IPUIPlugin:80 - create IPUIPlugin
2025-09-22 06:45:24,725 [INFO] PluginManager:220 - loadIPPluginJar : add genericplugin
2025-09-22 06:45:24,729 [INFO] IPUIPlugin:80 - create IPUIPlugin
2025-09-22 06:45:24,729 [INFO] PluginManager:220 - loadIPPluginJar : add ipddr
2025-09-22 06:45:24,733 [INFO] IPUIPlugin:80 - create IPUIPlugin
2025-09-22 06:45:24,734 [INFO] PluginManager:220 - loadIPPluginJar : add opamp
2025-09-22 06:45:24,736 [INFO] IPUIPlugin:80 - create IPUIPlugin
2025-09-22 06:45:24,736 [INFO] PluginManager:220 - loadIPPluginJar : add ltdc
2025-09-22 06:45:24,739 [INFO] IPUIPlugin:80 - create IPUIPlugin
2025-09-22 06:45:24,740 [INFO] PluginManager:220 - loadIPPluginJar : add dfsdm
2025-09-22 06:45:24,748 [INFO] IPUIPlugin:80 - create IPUIPlugin
2025-09-22 06:45:24,748 [INFO] PluginManager:220 - loadIPPluginJar : add gic
2025-09-22 06:45:24,753 [INFO] IPUIPlugin:80 - create IPUIPlugin
2025-09-22 06:45:24,753 [INFO] PluginManager:220 - loadIPPluginJar : add extmemmanager
2025-09-22 06:45:24,756 [INFO] IPUIPlugin:80 - create IPUIPlugin
2025-09-22 06:45:24,756 [INFO] PluginManager:220 - loadIPPluginJar : add ucpd
2025-09-22 06:45:24,759 [INFO] IPUIPlugin:80 - create IPUIPlugin
2025-09-22 06:45:24,759 [INFO] PluginManager:220 - loadIPPluginJar : add tracer_emb
2025-09-22 06:45:24,762 [INFO] IPUIPlugin:80 - create IPUIPlugin
2025-09-22 06:45:24,763 [INFO] PluginManager:220 - loadIPPluginJar : add radio
2025-09-22 06:45:24,766 [INFO] IPUIPlugin:80 - create IPUIPlugin
2025-09-22 06:45:24,766 [INFO] PluginManager:220 - loadIPPluginJar : add pdm2pcm
2025-09-22 06:45:24,769 [INFO] IPUIPlugin:80 - create IPUIPlugin
2025-09-22 06:45:24,770 [INFO] PluginManager:220 - loadIPPluginJar : add spi
2025-09-22 06:45:24,772 [INFO] IPUIPlugin:80 - create IPUIPlugin
2025-09-22 06:45:24,772 [INFO] PluginManager:220 - loadIPPluginJar : add tim
2025-09-22 06:45:24,784 [INFO] IPUIPlugin:80 - create IPUIPlugin
2025-09-22 06:45:24,790 [INFO] PluginManager:220 - loadIPPluginJar : add plateformsettings
2025-09-22 06:45:24,796 [INFO] IPUIPlugin:80 - create IPUIPlugin
2025-09-22 06:45:24,797 [INFO] PluginManager:220 - loadIPPluginJar : add touchsensing
2025-09-22 06:45:24,803 [INFO] IPUIPlugin:80 - create IPUIPlugin
2025-09-22 06:45:24,804 [INFO] PluginManager:220 - loadIPPluginJar : add gpio
2025-09-22 06:45:24,814 [INFO] IPUIPlugin:80 - create IPUIPlugin
2025-09-22 06:45:24,814 [INFO] PluginManager:220 - loadIPPluginJar : add adc
2025-09-22 06:45:24,829 [INFO] IPUIPlugin:80 - create IPUIPlugin
2025-09-22 06:45:24,829 [INFO] PluginManager:220 - loadIPPluginJar : add linkedlist
2025-09-22 06:45:24,832 [INFO] IPUIPlugin:80 - create IPUIPlugin
2025-09-22 06:45:24,833 [INFO] PluginManager:220 - loadIPPluginJar : add comp
2025-09-22 06:45:24,841 [INFO] IPUIPlugin:80 - create IPUIPlugin
2025-09-22 06:45:24,842 [INFO] PluginManager:220 - loadIPPluginJar : add fmc
2025-09-22 06:45:24,844 [INFO] IPUIPlugin:80 - create IPUIPlugin
2025-09-22 06:45:24,845 [INFO] PluginManager:220 - loadIPPluginJar : add tsc
2025-09-22 06:45:24,850 [INFO] IPUIPlugin:80 - create IPUIPlugin
2025-09-22 06:45:24,851 [INFO] PluginManager:220 - loadIPPluginJar : add sai
2025-09-22 06:45:24,856 [INFO] IPUIPlugin:80 - create IPUIPlugin
2025-09-22 06:45:24,856 [INFO] PluginManager:220 - loadIPPluginJar : add usart
2025-09-22 06:45:24,863 [INFO] IPUIPlugin:80 - create IPUIPlugin
2025-09-22 06:45:24,863 [INFO] PluginManager:220 - loadIPPluginJar : add nvic
2025-09-22 06:45:24,869 [INFO] IPUIPlugin:80 - create IPUIPlugin
2025-09-22 06:45:24,869 [INFO] PluginManager:220 - loadIPPluginJar : add resmgrutility
2025-09-22 06:45:24,873 [INFO] IPUIPlugin:80 - create IPUIPlugin
2025-09-22 06:45:24,873 [INFO] PluginManager:220 - loadIPPluginJar : add lorawan
2025-09-22 06:45:24,876 [INFO] IPUIPlugin:80 - create IPUIPlugin
2025-09-22 06:45:24,876 [INFO] PluginManager:220 - loadIPPluginJar : add gfxmmu
2025-09-22 06:45:24,879 [INFO] IPUIPlugin:80 - create IPUIPlugin
2025-09-22 06:45:24,879 [INFO] PluginManager:220 - loadIPPluginJar : add dma3
2025-09-22 06:45:24,882 [INFO] IPUIPlugin:80 - create IPUIPlugin
2025-09-22 06:45:24,882 [INFO] PluginManager:220 - loadIPPluginJar : add i3c
2025-09-22 06:45:24,885 [INFO] IPUIPlugin:80 - create IPUIPlugin
2025-09-22 06:45:24,885 [INFO] PluginManager:220 - loadIPPluginJar : add quadspi
2025-09-22 06:45:24,890 [INFO] IPUIPlugin:80 - create IPUIPlugin
2025-09-22 06:45:24,890 [INFO] PluginManager:220 - loadIPPluginJar : add ddr_ctrl_phy
2025-09-22 06:45:24,894 [INFO] IPUIPlugin:80 - create IPUIPlugin
2025-09-22 06:45:24,894 [INFO] PluginManager:220 - loadIPPluginJar : add i2s
2025-09-22 06:45:25,021 [FATAL] Updater:351 - Updater called before beeing initialized
2025-09-22 06:45:25,067 [INFO] RulesReader:64 - Compatibility file has been processed (317 Rules)
2025-09-22 06:45:25,090 [INFO] RulesReader:64 - Compatibility file has been processed (317 Rules)
2025-09-22 06:45:25,101 [INFO] CADModel:165 - CPN selected for project level
2025-09-22 06:45:25,101 [INFO] CADModel:114 - Register for checkConnection events
2025-09-22 06:45:25,102 [FATAL] Updater:351 - Updater called before beeing initialized
2025-09-22 06:45:25,102 [ERROR] CADModel:125 - Updater not yet initialized, retry later 
2025-09-22 06:45:25,326 [FATAL] Updater:351 - Updater called before beeing initialized
2025-09-22 06:45:25,329 [INFO] CADModel:165 - CPN selected for project level
2025-09-22 06:45:25,329 [INFO] CADModel:114 - Register for checkConnection events
2025-09-22 06:45:25,330 [FATAL] Updater:351 - Updater called before beeing initialized
2025-09-22 06:45:25,330 [ERROR] CADModel:125 - Updater not yet initialized, retry later 
2025-09-22 06:45:25,337 [FATAL] Updater:351 - Updater called before beeing initialized
2025-09-22 06:45:25,506 [FATAL] Updater:351 - Updater called before beeing initialized
2025-09-22 06:45:25,512 [INFO] DbMcusAds:53 - JSON generation date=Tue Jul 08 05:14:23 ART 2025 (1751962463582)
2025-09-22 06:45:25,513 [FATAL] Updater:351 - Updater called before beeing initialized
2025-09-22 06:45:25,573 [WARN] DetailPanel:346 - Failed to get advertising image, set to default
2025-09-22 06:45:25,704 [FATAL] Updater:351 - Updater called before beeing initialized
2025-09-22 06:45:25,707 [FATAL] Updater:351 - Updater called before beeing initialized
2025-09-22 06:45:25,707 [FATAL] Updater:351 - Updater called before beeing initialized
2025-09-22 06:45:25,707 [WARN] DetailPanel:346 - Failed to get advertising image, set to default
2025-09-22 06:45:25,708 [FATAL] Updater:351 - Updater called before beeing initialized
2025-09-22 06:45:25,757 [ERROR] Updater:1198 - MainUpdater not yet initialized. External WinMGr cannot be set.
2025-09-22 06:45:25,759 [INFO] Updater:1134 - Updater Version found : 6.15.0
2025-09-22 06:45:25,790 [INFO] ApplicationProperties:184 - Using Application install path: /opt/st/stm32cubeide_1.19.0/plugins/com.st.stm32cube.common.mx_6.15.0.202507011659
2025-09-22 06:45:25,812 [ERROR] LogOutputStream:75 - [STDERR_REDIRECT] Sep 22, 2025 6:45:25 AM java.util.prefs.FileSystemPreferences$2 run
2025-09-22 06:45:25,813 [ERROR] LogOutputStream:75 - [STDERR_REDIRECT] WARNING: Could not create system preferences directory. System preferences are unusable.
2025-09-22 06:45:25,813 [ERROR] LogOutputStream:75 - [STDERR_REDIRECT] 
2025-09-22 06:45:26,098 [INFO] MainUpdater:2872 - connection check result : 22
2025-09-22 06:45:26,099 [INFO] MainUpdater:289 - Updater Check For Update Now.
2025-09-22 06:45:26,099 [INFO] MicroXplorer:498 - Change Database Version : DB.6.0.150
2025-09-22 06:45:26,108 [INFO] McuFinderGlobals:63 - Set McuFinder mode to 2 (CubeIDE integrated)
2025-09-22 06:45:26,109 [INFO] UserAuth:487 - Internet connection configuration mode: 2
2025-09-22 06:45:26,120 [INFO] UserAuth:487 - Internet connection configuration mode: 2
2025-09-22 06:45:26,369 [INFO] CheckServerUpdateThread:120 - End of CheckServer Thread
2025-09-22 06:45:27,031 [WARN] PackLoader:240 - Cannot read IP mode file for STMicroelectronics.FP-SNS-MOTENVWB1.1.4.0
2025-09-22 06:45:27,044 [WARN] PackLoader:240 - Cannot read IP mode file for STMicroelectronics.FP-ATR-ASTRA1.2.0.2
2025-09-22 06:45:27,056 [WARN] PackLoader:240 - Cannot read IP mode file for STMicroelectronics.X-CUBE-SMBUS.2.1.0
2025-09-22 06:45:27,063 [WARN] PackLoader:240 - Cannot read IP mode file for STMicroelectronics.X-CUBE-ST60.1.0.0
2025-09-22 06:45:27,122 [WARN] PackLoader:240 - Cannot read IP mode file for STMicroelectronics.X-CUBE-AZRTOS-F7.1.1.0
2025-09-22 06:45:27,137 [WARN] PackLoader:240 - Cannot read IP mode file for Cesanta.I-CUBE-Mongoose.7.19.0
2025-09-22 06:45:27,155 [WARN] PackLoader:240 - Cannot read IP mode file for WES.I-CUBE-Cesium.1.4.0
2025-09-22 06:45:27,247 [WARN] PackLoader:240 - Cannot read IP mode file for Infineon.AIROC-Wi-Fi-Bluetooth-STM32.1.7.1
2025-09-22 06:45:27,278 [WARN] PackLoader:240 - Cannot read IP mode file for STMicroelectronics.X-CUBE-DISPLAY.3.0.0
2025-09-22 06:45:27,306 [WARN] PackLoader:240 - Cannot read IP mode file for STMicroelectronics.X-CUBE-NFC10.1.0.0
2025-09-22 06:45:27,317 [WARN] PackLoader:240 - Cannot read IP mode file for emotas.I-CUBE-CANOPEN.1.3.0
2025-09-22 06:45:27,325 [WARN] PackLoader:240 - Cannot read IP mode file for STMicroelectronics.FP-SNS-SMARTAG2.1.2.0
2025-09-22 06:45:27,334 [WARN] PackLoader:240 - Cannot read IP mode file for STMicroelectronics.FP-SNS-FLIGHT1.5.1.0
2025-09-22 06:45:27,357 [INFO] LogOutputStream:77 - [STDOUT_REDIRECT] 1 : Invalid condition id : UX_CORESTACK_Condition cause : null
2025-09-22 06:45:27,358 [INFO] LogOutputStream:77 - [STDOUT_REDIRECT] 1 : Invalid condition id : UX_CORESTACK_Condition cause : null
2025-09-22 06:45:27,359 [INFO] LogOutputStream:77 - [STDOUT_REDIRECT] 1 : Invalid condition id : UX_CORESTACK_Condition cause : null
2025-09-22 06:45:27,359 [INFO] LogOutputStream:77 - [STDOUT_REDIRECT] 1 : Invalid condition id : UX_CORESTACK_Condition cause : null
2025-09-22 06:45:27,360 [INFO] LogOutputStream:77 - [STDOUT_REDIRECT] 1 : Invalid condition id : UX_CORESTACK_Condition cause : null
2025-09-22 06:45:27,371 [WARN] PackLoader:240 - Cannot read IP mode file for STMicroelectronics.X-CUBE-AZRTOS-WL.2.0.0
2025-09-22 06:45:27,384 [WARN] PackLoader:240 - Cannot read IP mode file for STMicroelectronics.FP-SNS-MOTENV1.5.0.0
2025-09-22 06:45:27,399 [WARN] PackLoader:240 - Cannot read IP mode file for STMicroelectronics.X-CUBE-BLE2.3.3.0
2025-09-22 06:45:27,411 [WARN] PackLoader:240 - Cannot read IP mode file for STMicroelectronics.X-CUBE-NFC9.1.0.0
2025-09-22 06:45:27,420 [WARN] PackLoader:240 - Cannot read IP mode file for STMicroelectronics.X-CUBE-BLE1.7.1.0
2025-09-22 06:45:27,451 [WARN] PackLoader:240 - Cannot read IP mode file for STMicroelectronics.X-CUBE-AZRTOS-G0.1.1.0
2025-09-22 06:45:27,466 [WARN] PackLoader:240 - Cannot read IP mode file for STMicroelectronics.X-CUBE-SAFEA1.1.2.2
2025-09-22 06:45:27,476 [WARN] PackLoader:240 - Cannot read IP mode file for STMicroelectronics.X-CUBE-NFC4.3.0.0
2025-09-22 06:45:27,493 [WARN] PackLoader:240 - Cannot read IP mode file for EmbeddedOffice.I-CUBE-FS-RTOS.1.0.1
2025-09-22 06:45:27,502 [WARN] PackLoader:240 - Cannot read IP mode file for STMicroelectronics.X-CUBE-WB05N.2.0.0
2025-09-22 06:45:27,511 [WARN] PackLoader:240 - Cannot read IP mode file for STMicroelectronics.X-CUBE-TCPP.4.2.0
2025-09-22 06:45:27,520 [WARN] PackLoader:240 - Cannot read IP mode file for RealThread.X-CUBE-RT-Thread_Nano.4.1.1
2025-09-22 06:45:27,525 [WARN] PackLoader:240 - Cannot read IP mode file for STMicroelectronics.FP-ATR-SIGFOX1.3.2.0
2025-09-22 06:45:27,533 [WARN] PackLoader:240 - Cannot read IP mode file for ITTIA_DB.I-CUBE-ITTIADB.8.9.0
2025-09-22 06:45:27,540 [WARN] PackLoader:240 - Cannot read IP mode file for STMicroelectronics.X-CUBE-ST67W61.1.0.0
2025-09-22 06:45:27,586 [WARN] PackLoader:240 - Cannot read IP mode file for SEGGER.I-CUBE-embOS.1.3.1
2025-09-22 06:45:27,745 [WARN] PackLoader:240 - Cannot read IP mode file for STMicroelectronics.X-CUBE-ALGOBUILD.1.4.0
2025-09-22 06:45:27,865 [WARN] PackLoader:240 - Cannot read IP mode file for STMicroelectronics.X-CUBE-MEMS1.11.3.0
2025-09-22 06:45:28,198 [WARN] PackLoader:240 - Cannot read IP mode file for STMicroelectronics.X-CUBE-PM33A1.1.0.0
2025-09-22 06:45:28,226 [WARN] PackLoader:240 - Cannot read IP mode file for STMicroelectronics.X-CUBE-AZRTOS-F4.1.1.0
2025-09-22 06:45:28,235 [WARN] PackLoader:240 - Cannot read IP mode file for Avnet-IotConnect.X-CUBE-IoTC-DA16k-PMOD.1.0.0
2025-09-22 06:45:28,241 [WARN] PackLoader:240 - Cannot read IP mode file for STMicroelectronics.X-CUBE-ISPU.2.1.0
2025-09-22 06:45:28,276 [WARN] PackLoader:240 - Cannot read IP mode file for STMicroelectronics.X-CUBE-AZRTOS-L5.2.0.0
2025-09-22 06:45:28,292 [WARN] PackLoader:240 - Cannot read IP mode file for STMicroelectronics.X-CUBE-NFC6.3.1.0
2025-09-22 06:45:28,305 [WARN] PackLoader:240 - Cannot read IP mode file for STMicroelectronics.X-CUBE-FREERTOS.1.3.1
2025-09-22 06:45:28,314 [WARN] PackLoader:240 - Cannot read IP mode file for STMicroelectronics.X-CUBE-DPower.1.3.0
2025-09-22 06:45:28,349 [WARN] ConditionMgr:438 - getConditionDescription Invalid condition id : LAN8742 Phy interface Condition cause : null
2025-09-22 06:45:28,350 [WARN] PackLoader:240 - Cannot read IP mode file for STMicroelectronics.X-CUBE-AZRTOS-L4.2.0.0
2025-09-22 06:45:28,352 [WARN] ConditionMgr:1044 - genDependencies : Invalid condition id : LAN8742 Phy interface Condition cause : null
2025-09-22 06:45:28,352 [WARN] ConditionMgr:1044 - genDependencies : Invalid condition id : LAN8742 Phy interface Condition cause : null
2025-09-22 06:45:28,353 [WARN] ConditionMgr:1044 - genDependencies : Invalid condition id : LAN8742 Phy interface Condition cause : null
2025-09-22 06:45:28,362 [WARN] PackLoader:240 - Cannot read IP mode file for STMicroelectronics.X-CUBE-SFXS2LP1.4.0.0
2025-09-22 06:45:28,379 [WARN] ConditionMgr:438 - getConditionDescription Invalid condition id : UX DEVICE CLASS RTOS Condition cause : null
2025-09-22 06:45:28,379 [WARN] ConditionMgr:438 - getConditionDescription Invalid condition id : UX DEVICE CLASS RTOS Condition cause : null
2025-09-22 06:45:28,382 [WARN] PackLoader:240 - Cannot read IP mode file for STMicroelectronics.X-CUBE-AZRTOS-WB.2.0.0
2025-09-22 06:45:28,383 [WARN] ConditionMgr:1044 - genDependencies : Invalid condition id : UX DEVICE CLASS RTOS Condition cause : null
2025-09-22 06:45:28,383 [WARN] ConditionMgr:1044 - genDependencies : Invalid condition id : UX DEVICE CLASS RTOS Condition cause : null
2025-09-22 06:45:28,383 [WARN] ConditionMgr:1044 - genDependencies : Invalid condition id : UX DEVICE CLASS RTOS Condition cause : null
2025-09-22 06:45:28,384 [WARN] ConditionMgr:1044 - genDependencies : Invalid condition id : UX DEVICE CLASS RTOS Condition cause : null
2025-09-22 06:45:28,384 [WARN] ConditionMgr:1044 - genDependencies : Invalid condition id : UX DEVICE CLASS RTOS Condition cause : null
2025-09-22 06:45:28,390 [WARN] PackLoader:240 - Cannot read IP mode file for STMicroelectronics.X-CUBE-GNSS1.7.0.1
2025-09-22 06:45:28,396 [WARN] PackLoader:240 - Cannot read IP mode file for STMicroelectronics.X-CUBE-TOUCHGFX.4.25.0
2025-09-22 06:45:28,399 [WARN] ConditionMgr:438 - getConditionDescription Invalid condition id : Cortex-A Device cause : null
2025-09-22 06:45:28,414 [WARN] ConditionMgr:1044 - genDependencies : Invalid condition id : Cortex-A Device cause : null
2025-09-22 06:45:28,414 [WARN] ConditionMgr:1044 - genDependencies : Invalid condition id : Cortex-A Device cause : null
2025-09-22 06:45:28,414 [WARN] ConditionMgr:1044 - genDependencies : Invalid condition id : Cortex-A Device cause : null
2025-09-22 06:45:28,425 [WARN] PackLoader:240 - Cannot read IP mode file for STMicroelectronics.X-CUBE-SUBG2.5.0.0
2025-09-22 06:45:28,451 [WARN] PackLoader:240 - Cannot read IP mode file for STMicroelectronics.X-CUBE-AZRTOS-H7RS.1.1.0
2025-09-22 06:45:28,469 [WARN] PackLoader:240 - Cannot read IP mode file for STMicroelectronics.X-CUBE-AZRTOS-G4.2.0.0
2025-09-22 06:45:28,475 [WARN] PackLoader:240 - Cannot read IP mode file for wolfSSL.I-CUBE-wolfSSH.1.4.20
2025-09-22 06:45:28,479 [WARN] PackLoader:240 - Cannot read IP mode file for STMicroelectronics.X-CUBE-NFC7.2.0.0
2025-09-22 06:45:28,497 [WARN] PackLoader:240 - Cannot read IP mode file for STMicroelectronics.X-CUBE-IPS.3.1.0
2025-09-22 06:45:28,508 [WARN] PackLoader:240 - Cannot read IP mode file for STMicroelectronics.X-CUBE-ALS.1.0.2
2025-09-22 06:45:28,521 [WARN] PackLoader:240 - Cannot read IP mode file for STMicroelectronics.X-CUBE-TOF1.3.4.3
2025-09-22 06:45:28,535 [INFO] ThirdParty:978 - Integrity check success = true
2025-09-22 06:45:28,535 [INFO] IntegrityCheckThread:100 - exiting critical section [integrity check]
2025-09-22 06:45:28,535 [INFO] IntegrityCheckThread:103 - End integrity checks thread
2025-09-22 06:45:52,035 [ERROR] LogOutputStream:75 - [STDERR_REDIRECT] Sep 22, 2025 6:45:52 AM java.util.prefs.FileSystemPreferences checkLockFile0ErrorCode
2025-09-22 06:45:52,036 [ERROR] LogOutputStream:75 - [STDERR_REDIRECT] WARNING: Could not lock System prefs. Unix error code 2.
2025-09-22 06:45:52,036 [ERROR] LogOutputStream:75 - [STDERR_REDIRECT] 
2025-09-22 06:45:52,037 [ERROR] LogOutputStream:75 - [STDERR_REDIRECT] Sep 22, 2025 6:45:52 AM java.util.prefs.FileSystemPreferences syncWorld
2025-09-22 06:45:52,037 [ERROR] LogOutputStream:75 - [STDERR_REDIRECT] WARNING: Couldn't flush system prefs: java.util.prefs.BackingStoreException: Couldn't get file lock.
2025-09-22 06:45:52,038 [ERROR] LogOutputStream:75 - [STDERR_REDIRECT] 
2025-09-22 06:46:22,011 [ERROR] LogOutputStream:75 - [STDERR_REDIRECT] Sep 22, 2025 6:46:22 AM java.util.prefs.FileSystemPreferences checkLockFile0ErrorCode
2025-09-22 06:46:22,012 [ERROR] LogOutputStream:75 - [STDERR_REDIRECT] WARNING: Could not lock System prefs. Unix error code 2.
2025-09-22 06:46:22,012 [ERROR] LogOutputStream:75 - [STDERR_REDIRECT] 
2025-09-22 06:46:22,013 [ERROR] LogOutputStream:75 - [STDERR_REDIRECT] Sep 22, 2025 6:46:22 AM java.util.prefs.FileSystemPreferences syncWorld
2025-09-22 06:46:22,013 [ERROR] LogOutputStream:75 - [STDERR_REDIRECT] WARNING: Couldn't flush system prefs: java.util.prefs.BackingStoreException: Couldn't get file lock.
2025-09-22 06:46:22,013 [ERROR] LogOutputStream:75 - [STDERR_REDIRECT] 
2025-09-22 06:46:52,011 [ERROR] LogOutputStream:75 - [STDERR_REDIRECT] Sep 22, 2025 6:46:52 AM java.util.prefs.FileSystemPreferences checkLockFile0ErrorCode
2025-09-22 06:46:52,011 [ERROR] LogOutputStream:75 - [STDERR_REDIRECT] WARNING: Could not lock System prefs. Unix error code 2.
2025-09-22 06:46:52,011 [ERROR] LogOutputStream:75 - [STDERR_REDIRECT] 
2025-09-22 06:46:52,012 [ERROR] LogOutputStream:75 - [STDERR_REDIRECT] Sep 22, 2025 6:46:52 AM java.util.prefs.FileSystemPreferences syncWorld
2025-09-22 06:46:52,012 [ERROR] LogOutputStream:75 - [STDERR_REDIRECT] WARNING: Couldn't flush system prefs: java.util.prefs.BackingStoreException: Couldn't get file lock.
2025-09-22 06:46:52,013 [ERROR] LogOutputStream:75 - [STDERR_REDIRECT] 
2025-09-22 06:47:22,011 [ERROR] LogOutputStream:75 - [STDERR_REDIRECT] Sep 22, 2025 6:47:22 AM java.util.prefs.FileSystemPreferences checkLockFile0ErrorCode
2025-09-22 06:47:22,012 [ERROR] LogOutputStream:75 - [STDERR_REDIRECT] WARNING: Could not lock System prefs. Unix error code 2.
2025-09-22 06:47:22,012 [ERROR] LogOutputStream:75 - [STDERR_REDIRECT] 
2025-09-22 06:47:22,013 [ERROR] LogOutputStream:75 - [STDERR_REDIRECT] Sep 22, 2025 6:47:22 AM java.util.prefs.FileSystemPreferences syncWorld
2025-09-22 06:47:22,013 [ERROR] LogOutputStream:75 - [STDERR_REDIRECT] WARNING: Couldn't flush system prefs: java.util.prefs.BackingStoreException: Couldn't get file lock.
2025-09-22 06:47:22,014 [ERROR] LogOutputStream:75 - [STDERR_REDIRECT] 
2025-09-22 06:47:52,011 [ERROR] LogOutputStream:75 - [STDERR_REDIRECT] Sep 22, 2025 6:47:52 AM java.util.prefs.FileSystemPreferences checkLockFile0ErrorCode
2025-09-22 06:47:52,011 [ERROR] LogOutputStream:75 - [STDERR_REDIRECT] WARNING: Could not lock System prefs. Unix error code 2.
2025-09-22 06:47:52,012 [ERROR] LogOutputStream:75 - [STDERR_REDIRECT] 
2025-09-22 06:47:52,013 [ERROR] LogOutputStream:75 - [STDERR_REDIRECT] Sep 22, 2025 6:47:52 AM java.util.prefs.FileSystemPreferences syncWorld
2025-09-22 06:47:52,013 [ERROR] LogOutputStream:75 - [STDERR_REDIRECT] WARNING: Couldn't flush system prefs: java.util.prefs.BackingStoreException: Couldn't get file lock.
2025-09-22 06:47:52,013 [ERROR] LogOutputStream:75 - [STDERR_REDIRECT] 
2025-09-22 06:48:22,011 [ERROR] LogOutputStream:75 - [STDERR_REDIRECT] Sep 22, 2025 6:48:22 AM java.util.prefs.FileSystemPreferences checkLockFile0ErrorCode
2025-09-22 06:48:22,012 [ERROR] LogOutputStream:75 - [STDERR_REDIRECT] WARNING: Could not lock System prefs. Unix error code 2.
2025-09-22 06:48:22,012 [ERROR] LogOutputStream:75 - [STDERR_REDIRECT] 
2025-09-22 06:48:22,013 [ERROR] LogOutputStream:75 - [STDERR_REDIRECT] Sep 22, 2025 6:48:22 AM java.util.prefs.FileSystemPreferences syncWorld
2025-09-22 06:48:22,014 [ERROR] LogOutputStream:75 - [STDERR_REDIRECT] WARNING: Couldn't flush system prefs: java.util.prefs.BackingStoreException: Couldn't get file lock.
2025-09-22 06:48:22,014 [ERROR] LogOutputStream:75 - [STDERR_REDIRECT] 
2025-09-22 06:48:52,011 [ERROR] LogOutputStream:75 - [STDERR_REDIRECT] Sep 22, 2025 6:48:52 AM java.util.prefs.FileSystemPreferences checkLockFile0ErrorCode
2025-09-22 06:48:52,012 [ERROR] LogOutputStream:75 - [STDERR_REDIRECT] WARNING: Could not lock System prefs. Unix error code 2.
2025-09-22 06:48:52,012 [ERROR] LogOutputStream:75 - [STDERR_REDIRECT] 
2025-09-22 06:48:52,013 [ERROR] LogOutputStream:75 - [STDERR_REDIRECT] Sep 22, 2025 6:48:52 AM java.util.prefs.FileSystemPreferences syncWorld
2025-09-22 06:48:52,013 [ERROR] LogOutputStream:75 - [STDERR_REDIRECT] WARNING: Couldn't flush system prefs: java.util.prefs.BackingStoreException: Couldn't get file lock.
2025-09-22 06:48:52,013 [ERROR] LogOutputStream:75 - [STDERR_REDIRECT] 
2025-09-22 06:49:22,011 [ERROR] LogOutputStream:75 - [STDERR_REDIRECT] Sep 22, 2025 6:49:22 AM java.util.prefs.FileSystemPreferences checkLockFile0ErrorCode
2025-09-22 06:49:22,011 [ERROR] LogOutputStream:75 - [STDERR_REDIRECT] WARNING: Could not lock System prefs. Unix error code 2.
2025-09-22 06:49:22,012 [ERROR] LogOutputStream:75 - [STDERR_REDIRECT] 
2025-09-22 06:49:22,012 [ERROR] LogOutputStream:75 - [STDERR_REDIRECT] Sep 22, 2025 6:49:22 AM java.util.prefs.FileSystemPreferences syncWorld
2025-09-22 06:49:22,012 [ERROR] LogOutputStream:75 - [STDERR_REDIRECT] WARNING: Couldn't flush system prefs: java.util.prefs.BackingStoreException: Couldn't get file lock.
2025-09-22 06:49:22,013 [ERROR] LogOutputStream:75 - [STDERR_REDIRECT] 
2025-09-22 06:49:52,010 [ERROR] LogOutputStream:75 - [STDERR_REDIRECT] Sep 22, 2025 6:49:52 AM java.util.prefs.FileSystemPreferences checkLockFile0ErrorCode
2025-09-22 06:49:52,011 [ERROR] LogOutputStream:75 - [STDERR_REDIRECT] WARNING: Could not lock System prefs. Unix error code 2.
2025-09-22 06:49:52,011 [ERROR] LogOutputStream:75 - [STDERR_REDIRECT] 
2025-09-22 06:49:52,011 [ERROR] LogOutputStream:75 - [STDERR_REDIRECT] Sep 22, 2025 6:49:52 AM java.util.prefs.FileSystemPreferences syncWorld
2025-09-22 06:49:52,012 [ERROR] LogOutputStream:75 - [STDERR_REDIRECT] WARNING: Couldn't flush system prefs: java.util.prefs.BackingStoreException: Couldn't get file lock.
2025-09-22 06:49:52,012 [ERROR] LogOutputStream:75 - [STDERR_REDIRECT] 
2025-09-22 06:50:22,012 [ERROR] LogOutputStream:75 - [STDERR_REDIRECT] Sep 22, 2025 6:50:22 AM java.util.prefs.FileSystemPreferences checkLockFile0ErrorCode
2025-09-22 06:50:22,012 [ERROR] LogOutputStream:75 - [STDERR_REDIRECT] WARNING: Could not lock System prefs. Unix error code 2.
2025-09-22 06:50:22,013 [ERROR] LogOutputStream:75 - [STDERR_REDIRECT] 
2025-09-22 06:50:22,014 [ERROR] LogOutputStream:75 - [STDERR_REDIRECT] Sep 22, 2025 6:50:22 AM java.util.prefs.FileSystemPreferences syncWorld
2025-09-22 06:50:22,014 [ERROR] LogOutputStream:75 - [STDERR_REDIRECT] WARNING: Couldn't flush system prefs: java.util.prefs.BackingStoreException: Couldn't get file lock.
2025-09-22 06:50:22,015 [ERROR] LogOutputStream:75 - [STDERR_REDIRECT] 
2025-09-22 06:50:52,011 [ERROR] LogOutputStream:75 - [STDERR_REDIRECT] Sep 22, 2025 6:50:52 AM java.util.prefs.FileSystemPreferences checkLockFile0ErrorCode
2025-09-22 06:50:52,011 [ERROR] LogOutputStream:75 - [STDERR_REDIRECT] WARNING: Could not lock System prefs. Unix error code 2.
2025-09-22 06:50:52,011 [ERROR] LogOutputStream:75 - [STDERR_REDIRECT] 
2025-09-22 06:50:52,012 [ERROR] LogOutputStream:75 - [STDERR_REDIRECT] Sep 22, 2025 6:50:52 AM java.util.prefs.FileSystemPreferences syncWorld
2025-09-22 06:50:52,012 [ERROR] LogOutputStream:75 - [STDERR_REDIRECT] WARNING: Couldn't flush system prefs: java.util.prefs.BackingStoreException: Couldn't get file lock.
2025-09-22 06:50:52,012 [ERROR] LogOutputStream:75 - [STDERR_REDIRECT] 
2025-09-22 06:51:22,011 [ERROR] LogOutputStream:75 - [STDERR_REDIRECT] Sep 22, 2025 6:51:22 AM java.util.prefs.FileSystemPreferences checkLockFile0ErrorCode
2025-09-22 06:51:22,012 [ERROR] LogOutputStream:75 - [STDERR_REDIRECT] WARNING: Could not lock System prefs. Unix error code 2.
2025-09-22 06:51:22,012 [ERROR] LogOutputStream:75 - [STDERR_REDIRECT] 
2025-09-22 06:51:22,013 [ERROR] LogOutputStream:75 - [STDERR_REDIRECT] Sep 22, 2025 6:51:22 AM java.util.prefs.FileSystemPreferences syncWorld
2025-09-22 06:51:22,013 [ERROR] LogOutputStream:75 - [STDERR_REDIRECT] WARNING: Couldn't flush system prefs: java.util.prefs.BackingStoreException: Couldn't get file lock.
2025-09-22 06:51:22,014 [ERROR] LogOutputStream:75 - [STDERR_REDIRECT] 
2025-09-22 06:51:52,012 [ERROR] LogOutputStream:75 - [STDERR_REDIRECT] Sep 22, 2025 6:51:52 AM java.util.prefs.FileSystemPreferences checkLockFile0ErrorCode
2025-09-22 06:51:52,012 [ERROR] LogOutputStream:75 - [STDERR_REDIRECT] WARNING: Could not lock System prefs. Unix error code 2.
2025-09-22 06:51:52,012 [ERROR] LogOutputStream:75 - [STDERR_REDIRECT] 
2025-09-22 06:51:52,013 [ERROR] LogOutputStream:75 - [STDERR_REDIRECT] Sep 22, 2025 6:51:52 AM java.util.prefs.FileSystemPreferences syncWorld
2025-09-22 06:51:52,013 [ERROR] LogOutputStream:75 - [STDERR_REDIRECT] WARNING: Couldn't flush system prefs: java.util.prefs.BackingStoreException: Couldn't get file lock.
2025-09-22 06:51:52,013 [ERROR] LogOutputStream:75 - [STDERR_REDIRECT] 
2025-09-22 06:52:21,621 [INFO] McuFinderGlobals:63 - Set McuFinder mode to 2 (CubeIDE integrated)
2025-09-22 06:52:21,631 [INFO] MainUpdater:2872 - connection check result : 22
2025-09-22 06:52:21,635 [INFO] MainUpdater:2872 - connection check result : 22
2025-09-22 06:52:22,011 [ERROR] LogOutputStream:75 - [STDERR_REDIRECT] Sep 22, 2025 6:52:22 AM java.util.prefs.FileSystemPreferences checkLockFile0ErrorCode
2025-09-22 06:52:22,011 [ERROR] LogOutputStream:75 - [STDERR_REDIRECT] WARNING: Could not lock System prefs. Unix error code 2.
2025-09-22 06:52:22,011 [ERROR] LogOutputStream:75 - [STDERR_REDIRECT] 
2025-09-22 06:52:22,012 [ERROR] LogOutputStream:75 - [STDERR_REDIRECT] Sep 22, 2025 6:52:22 AM java.util.prefs.FileSystemPreferences syncWorld
2025-09-22 06:52:22,012 [ERROR] LogOutputStream:75 - [STDERR_REDIRECT] WARNING: Couldn't flush system prefs: java.util.prefs.BackingStoreException: Couldn't get file lock.
2025-09-22 06:52:22,012 [ERROR] LogOutputStream:75 - [STDERR_REDIRECT] 
2025-09-22 06:52:27,660 [INFO] MicroXplorer:468 - Change Database Path : 
2025-09-22 06:52:27,660 [INFO] MicroXplorer:498 - Change Database Version : DB.6.0.150
2025-09-22 06:52:27,672 [WARN] ThirdParty:871 - waiting for thirdparty lock release [close project]
2025-09-22 06:52:27,672 [INFO] ThirdParty:873 - entering critical section [close project]
2025-09-22 06:52:27,674 [INFO] ThirdParty:883 - exiting critical section [close project]
2025-09-22 06:52:27,679 [INFO] PinOutPanel:1589 - setPackage(No Configuration,No Configuration)
2025-09-22 06:52:27,683 [INFO] UtilMem:75 - Begin LoadConfig() Used Memory: 212192056 Bytes (309329920)
2025-09-22 06:52:27,685 [INFO] MicroXplorer:468 - Change Database Path : 
2025-09-22 06:52:27,686 [INFO] MicroXplorer:498 - Change Database Version : DB.6.0.150
2025-09-22 06:52:27,686 [INFO] OpenFileManager:355 - Change cursor
2025-09-22 06:52:27,777 [INFO] Mcu:2029 - Initializing MCU STM32F446R(C-E)Tx STM32F446RETx STM32F446RET6
2025-09-22 06:52:29,894 [INFO] Context:786 - Trying to add GPIOservice into a context  which must be forbidden
2025-09-22 06:52:30,937 [INFO] ImportTextPane:234 - (OptionalMessage_ERROR) Pin9 (VP_RIF_VS_RIF1) cannot be retrieved for this MCU
2025-09-22 06:52:31,062 [INFO] RtosManager:558 - Registered RTOS mode: class=CMSIS, group=RTOS, mode=CMSIS_V1, owner=FREERTOS
2025-09-22 06:52:31,063 [INFO] RtosManager:558 - Registered RTOS mode: class=CMSIS, group=RTOS2, mode=CMSIS_V2, owner=FREERTOS
2025-09-22 06:52:31,063 [INFO] RtosManager:558 - Registered RTOS mode: class=RTOS, group=Core, mode=CMSIS_V1, owner=FREERTOS
2025-09-22 06:52:31,063 [INFO] RtosManager:558 - Registered RTOS mode: class=RTOS, group=Core, mode=CMSIS_V2, owner=FREERTOS
2025-09-22 06:52:31,063 [WARN] ModelIntegratedComponent:184 - Missing modes for component STMicroelectronics:FreeRTOS:0.0.1:STMicroelectronics:RTOS:FreeRTOS:Core:::10.2.0:
2025-09-22 06:52:31,091 [WARN] ModelIntegratedComponent:63 - No mode defined for component null
2025-09-22 06:52:31,091 [WARN] ModelIntegratedComponent:63 - No mode defined for component null
2025-09-22 06:52:31,092 [WARN] ModelIntegratedComponent:63 - No mode defined for component null
2025-09-22 06:52:31,092 [WARN] ModelIntegratedComponent:63 - No mode defined for component null
2025-09-22 06:52:31,092 [WARN] ModelIntegratedComponent:63 - No mode defined for component null
2025-09-22 06:52:31,092 [WARN] ModelIntegratedComponent:63 - No mode defined for component null
2025-09-22 06:52:31,092 [WARN] ModelIntegratedComponent:63 - No mode defined for component null
2025-09-22 06:52:31,092 [WARN] ModelIntegratedComponent:63 - No mode defined for component null
2025-09-22 06:52:31,092 [WARN] ModelIntegratedComponent:63 - No mode defined for component null
2025-09-22 06:52:31,092 [WARN] ModelIntegratedComponent:63 - No mode defined for component null
2025-09-22 06:52:31,092 [WARN] ModelIntegratedComponent:63 - No mode defined for component null
2025-09-22 06:52:31,092 [WARN] ModelIntegratedComponent:63 - No mode defined for component null
2025-09-22 06:52:31,092 [WARN] ModelIntegratedComponent:63 - No mode defined for component null
2025-09-22 06:52:31,092 [WARN] ModelIntegratedComponent:63 - No mode defined for component null
2025-09-22 06:52:31,093 [WARN] ModelIntegratedComponent:63 - No mode defined for component null
2025-09-22 06:52:31,093 [WARN] ModelIntegratedComponent:63 - No mode defined for component null
2025-09-22 06:52:31,093 [WARN] ModelIntegratedComponent:63 - No mode defined for component null
2025-09-22 06:52:31,093 [WARN] ModelIntegratedComponent:63 - No mode defined for component null
2025-09-22 06:52:31,093 [WARN] ModelIntegratedComponent:63 - No mode defined for component null
2025-09-22 06:52:31,093 [WARN] ModelIntegratedComponent:63 - No mode defined for component null
2025-09-22 06:52:31,093 [WARN] ModelIntegratedComponent:63 - No mode defined for component null
2025-09-22 06:52:31,093 [WARN] ModelIntegratedComponent:63 - No mode defined for component null
2025-09-22 06:52:31,093 [WARN] ModelIntegratedComponent:63 - No mode defined for component null
2025-09-22 06:52:31,093 [WARN] ModelIntegratedComponent:63 - No mode defined for component null
2025-09-22 06:52:31,093 [WARN] ModelIntegratedComponent:63 - No mode defined for component null
2025-09-22 06:52:31,093 [WARN] ModelIntegratedComponent:63 - No mode defined for component null
2025-09-22 06:52:31,094 [WARN] ModelIntegratedComponent:63 - No mode defined for component null
2025-09-22 06:52:31,094 [WARN] ModelIntegratedComponent:63 - No mode defined for component null
2025-09-22 06:52:31,094 [WARN] ModelIntegratedComponent:63 - No mode defined for component null
2025-09-22 06:52:31,094 [WARN] ModelIntegratedComponent:63 - No mode defined for component null
2025-09-22 06:52:31,094 [WARN] ModelIntegratedComponent:63 - No mode defined for component null
2025-09-22 06:52:31,094 [WARN] ModelIntegratedComponent:63 - No mode defined for component null
2025-09-22 06:52:31,094 [WARN] ModelIntegratedComponent:63 - No mode defined for component null
2025-09-22 06:52:31,094 [WARN] ModelIntegratedComponent:63 - No mode defined for component null
2025-09-22 06:52:31,094 [WARN] ModelIntegratedComponent:63 - No mode defined for component null
2025-09-22 06:52:31,094 [WARN] ModelPack:524 - Component already loaded: STMicroelectronics:HAL Drivers:0.0.0:STMicroelectronics:Device:STMicro_Driver:XSPI:HAL::0.0.1:HAL_XSPI
2025-09-22 06:52:31,271 [INFO] ThirdPartyModel:298 - Start build external matchings
2025-09-22 06:52:31,703 [INFO] ThirdPartyModel:316 - End build external matchings
2025-09-22 06:52:31,728 [INFO] ImportTextPane:234 - (OptionalMessage_ERROR) IP (RCC) : Invalid parameter (FamilyName)
2025-09-22 06:52:31,729 [INFO] ImportTextPane:234 - (OptionalMessage_ERROR) IP (RCC) : Parameter (SDIOFreq_Value) has invalid value (84000000)
2025-09-22 06:52:31,730 [INFO] ImportTextPane:234 - (OptionalMessage_ERROR) IP (RCC) : Parameter (USBFreq_Value) has invalid value (84000000)
2025-09-22 06:52:32,193 [INFO] ApiDb:581 - Connected to CubeFinder SQLite database (/home/tomas1908/.stmcufinder/plugins/mcufinder/mcu/cube-finder-db.db)
2025-09-22 06:52:32,283 [INFO] ApiDb:668 - CubeFinder database Data Model version=2.1
2025-09-22 06:52:32,283 [INFO] ApiDb:669 - CubeFinder database Configuration version=3.0.39
2025-09-22 06:52:32,283 [INFO] ApiDb:670 - CubeFinder database generation date=2025-07-24 (1753349077)
2025-09-22 06:52:32,284 [INFO] ApiDb:671 - CubeFinder database FW Pack versions=[FP-ATR-ASTRA1_V2.0.0, FP-SNS-FLIGHT1_V5.1.0, FP-SNS-MOTENV1_V5.0.0, FP-SNS-MOTENVWB1_V1.4.0, FP-SNS-SMARTAG2_V1.2.0, FP-SNS-STBOX1_V2.0.0, STM32Cube_FW_C0_V1.4.0, STM32Cube_FW_F4_V1.28.2, STM32Cube_FW_F7_V1.17.3, STM32Cube_FW_G0_V1.6.2, STM32Cube_FW_G4_V1.6.1, STM32Cube_FW_H5_V1.5.0, STM32Cube_FW_H7RS_V1.2.0, STM32Cube_FW_H7_V1.12.1, STM32Cube_FW_L0_V1.12.2, STM32Cube_FW_L4_V1.18.1, STM32Cube_FW_L5_V1.5.1, STM32Cube_FW_N6_V1.2.0, STM32Cube_FW_U0_V1.3.0, STM32Cube_FW_U3_V1.2.0, STM32Cube_FW_U5_V1.8.0, STM32Cube_FW_WB0_V1.3.0, STM32Cube_FW_WBA_V1.7.0, STM32Cube_FW_WB_V1.23.0, STM32Cube_FW_WL3_V1.2.0, STM32Cube_FW_WL_V1.3.1, X-CUBE-ALGOBUILD_V1.4.0, X-CUBE-ALS_V1.0.2, X-CUBE-AZRTOS-F4_V1.1.0, X-CUBE-AZRTOS-F7_V1.1.0, X-CUBE-AZRTOS-G0_V1.1.0, X-CUBE-AZRTOS-G4_V2.0.0, X-CUBE-AZRTOS-H7RS_V1.1.0, X-CUBE-AZRTOS-H7_V3.4.0, X-CUBE-AZRTOS-L4_V2.0.0, X-CUBE-AZRTOS-L5_V2.0.0, X-CUBE-AZRTOS-WB_V2.0.0, X-CUBE-AZRTOS-WL_V2.0.0, X-CUBE-BLE1_V7.1.0, X-CUBE-BLE2_V3.3.0, X-CUBE-BLEMGR_V4.1.0, X-CUBE-EEPRMA1_V5.2.0, X-CUBE-FREERTOS_V1.3.1, X-CUBE-GNSS1_V6.0.0, X-CUBE-MEMS1_V11.3.0, X-CUBE-NFC4_V3.0.0, X-CUBE-NFC7_V2.0.0, X-CUBE-SFXS2LP1_V4.0.0, X-CUBE-ST67W61_V1.0.0, X-CUBE-SUBG2_V5.0.0, X-CUBE-TOF1_V3.4.3]
2025-09-22 06:52:32,413 [INFO] DbBoardsSqlite:226 - include board P-NUCLEO-WB55-NUCLEO as a kit item of type 'Nucleo-64'
2025-09-22 06:52:32,414 [INFO] DbBoardsSqlite:226 - include board P-NUCLEO-WB55-USBDONGLE as a kit item of type 'Nucleo USB Dongle'
2025-09-22 06:52:32,415 [INFO] DbBoardsSqlite:226 - include board STEVAL-IDP005V1 as a kit item of type 'Evaluation Board'
2025-09-22 06:52:32,416 [INFO] DbBoardsSqlite:226 - include board STEVAL-IDP005V2 as a kit item of type 'Evaluation Board'
2025-09-22 06:52:32,545 [INFO] ApiDb:240 - Found 880 in-development CPN: [B-G473E-ZEST1S, B-WB1M-WPAN1, B-WBA5M-WPAN, B-WL5M-SUBG1, NUCLEO-C031C6, NUCLEO-C051C8, NUCLEO-C071RB, NUCLEO-C092RC, NUCLEO-H503RB, NUCLEO-H533RE, NUCLEO-H563ZI, NUCLEO-H7S3L8, NUCLEO-N657X0-Q, NUCLEO-U031R8, NUCLEO-U083RC, NUCLEO-U385RG-Q, NUCLEO-U545RE-Q, NUCLEO-U5A5ZJ-Q, NUCLEO-WB05KZ, NUCLEO-WB07CC, NUCLEO-WB09KE, NUCLEO-WBA52CG, NUCLEO-WBA55CG, NUCLEO-WL33CC1, NUCLEO-WL33CC2, STEVAL-PROTEUS1, STEVAL-SMARTAG2, STEVAL-STWINBX1, STM320518-EVAL, STM32C0116-DK, STM32C011D6Y3TR, STM32C011D6Y6TR, STM32C011F4P3, STM32C011F4P6, STM32C011F4U3, STM32C011F4U6TR, STM32C011F6P3, STM32C011F6P6, STM32C011F6U3, STM32C011F6U6TR, STM32C011J4M3, STM32C011J4M6, STM32C011J6M3, STM32C011J6M6, STM32C0316-DK, STM32C031C4T3, STM32C031C4T6, STM32C031C4U3, STM32C031C4U6, STM32C031C6T3, STM32C031C6T6, STM32C031C6U3, STM32C031C6U6, STM32C031F4P3, STM32C031F4P6, STM32C031F6P3, STM32C031F6P6, STM32C031G4U3, STM32C031G4U6, STM32C031G6U3, STM32C031G6U6, STM32C031K4T3, STM32C031K4T6, STM32C031K4U3, STM32C031K4U6, STM32C031K6T3, STM32C031K6T6, STM32C031K6U3, STM32C031K6U6, STM32C051C6T6, STM32C051C6U6, STM32C051C8T6, STM32C051C8U6, STM32C051D8Y6TR, STM32C051F6P6, STM32C051F8P6, STM32C051G6U6, STM32C051G8U6, STM32C051K6T6, STM32C051K6U6, STM32C051K8T6, STM32C071C8T6, STM32C071C8T6N, STM32C071C8U6, STM32C071C8U6N, STM32C071CBT6, STM32C071CBT6N, STM32C071CBU6, STM32C071CBU6N, STM32C071F8P6, STM32C071F8P6N, STM32C071FBP6, STM32C071FBP6N, STM32C071FBY6TR, STM32C071G8U6, STM32C071G8U6N, STM32C071GBU6, STM32C071GBU6N, STM32C071K8T6, STM32C071K8T6N, STM32C071K8U6, STM32C071K8U6N, STM32C071KBT6, STM32C071KBT6N, STM32C071KBU6, STM32C071KBU6N, STM32C071R8T6, STM32C071R8T6N, STM32C071RBI6N, STM32C071RBT6, STM32C071RBT6N, STM32C091CBT6, STM32C091CBU6, STM32C091CCT6, STM32C091CCU6, STM32C091ECY6TR, STM32C091FBP6, STM32C091FCP6, STM32C091GBU6, STM32C091GCU6, STM32C091KBT6, STM32C091KBU6, STM32C091KCT6, STM32C091KCU6, STM32C091RBT6, STM32C091RCI6, STM32C091RCT6, STM32C092CBT6, STM32C092CBU6, STM32C092CCT6, STM32C092CCU6, STM32C092ECY6TR, STM32C092FBP6, STM32C092FCP6, STM32C092GBU6, STM32C092GCU6, STM32C092KBT6, STM32C092KBU6, STM32C092KCT6, STM32C092KCU6, STM32C092RBT6, STM32C092RCI6, STM32C092RCT6, STM32G071K8TXN, STM32G071K8UXN, STM32G081GBU6N, STM32G081KBT6N, STM32G081KBUXN, STM32G0B1CCT6N, STM32G0B1KCT6, STM32G0B1NEY6TR, STM32G0B1RCT6N, STM32G0C1CCT6, STM32G0C1CCT6N, STM32G0C1CCU6N, STM32G0C1CET6N, STM32G0C1CEU6N, STM32G0C1KCT6, STM32G0C1NEY6TR, STM32G0C1RCI6N, STM32G0C1RCT6N, STM32G0C1REI6N, STM32G0C1RET6N, STM32G0C1VCI6, STM32G0C1VEI6, STM32G411C6T3, STM32G411C6T6, STM32G411C6U3, STM32G411C6U6, STM32G411C8T3, STM32G411C8T6, STM32G411C8U3, STM32G411C8U6, STM32G411CBT3, STM32G411CBT6, STM32G411CBU3, STM32G411CBU6, STM32G411K6T3, STM32G411K6T6, STM32G411K6U3, STM32G411K6U6, STM32G411K8T3, STM32G411K8T6, STM32G411K8U3, STM32G411K8U6, STM32G411KBT3, STM32G411KBT6, STM32G411KBU3, STM32G411KBU6, STM32G411M6T3, STM32G411M6T6, STM32G411M8T3, STM32G411M8T6, STM32G411MBT3, STM32G411MBT6, STM32G411R6T3, STM32G411R6T6, STM32G411R8T3, STM32G411R8T6, STM32G411RBT3, STM32G411RBT6, STM32G414CBT3, STM32G414CBT6, STM32G414CBU3, STM32G414CBU6, STM32G414CCT3, STM32G414CCT6, STM32G414CCU3, STM32G414CCU6, STM32G414MBT3, STM32G414MBT6, STM32G414MCT3, STM32G414MCT6, STM32G414RBT3, STM32G414RBT6, STM32G414RCT3, STM32G414RCT6, STM32G414VBT3, STM32G414VBT6, STM32G414VCT3, STM32G414VCT6, STM32G431CBT3Z, STM32G431RBT3Z, STM32G471CCT6, STM32G471CCU6, STM32G471CET3, STM32G471CET6, STM32G471CEU3, STM32G471CEU6, STM32G471MCT6, STM32G471MET3, STM32G471MET6, STM32G471MEY6TR, STM32G471QCT6, STM32G471QET3, STM32G471RCT6, STM32G471RET3, STM32G471RET6, STM32G471VCH6, STM32G471VCI6, STM32G471VCT6, STM32G471VEH3, STM32G471VEH6, STM32G471VEI3, STM32G471VEI6, STM32G471VET3, STM32G471VET6, STM32G473QET3Z, STM32G473RET3Z, STM32G474CCT6, STM32G491RET3Z, STM32H503CBT6, STM32H503CBU6, STM32H503EBY6TR, STM32H503KBU6, STM32H503RBT6, STM32H523CCT6, STM32H523CCU6, STM32H523CET6, STM32H523CEU6, STM32H523HEY6TR, STM32H523RCT6, STM32H523RET6, STM32H523VCI6, STM32H523VCT6, STM32H523VEI6, STM32H523VET6, STM32H523ZCJ6, STM32H523ZCT6, STM32H523ZEJ6, STM32H523ZET6, STM32H533CET6, STM32H533CEU6, STM32H533HEY6TR, STM32H533RET6, STM32H533VEI6, STM32H533VET6, STM32H533ZEJ6, STM32H533ZET6, STM32H562AGI6, STM32H562AII6, STM32H562IGK6, STM32H562IGT6, STM32H562IIK6, STM32H562IIT6, STM32H562RGT6, STM32H562RGV6, STM32H562RIT6, STM32H562RIV6, STM32H562VGT6, STM32H562VIT6, STM32H562ZGT6, STM32H562ZIT6, STM32H563AGI6, STM32H563AII3Q, STM32H563AII6, STM32H563IGK6, STM32H563IGT6, STM32H563IIK3Q, STM32H563IIK6, STM32H563IIT3Q, STM32H563IIT6, STM32H563MIY3QTR, STM32H563RGT6, STM32H563RGV6, STM32H563RIT6, STM32H563RIV6, STM32H563VGT6, STM32H563VIT3Q, STM32H563VIT6, STM32H563ZGT6, STM32H563ZIT3Q, STM32H563ZIT6, STM32H573AII3Q, STM32H573AII6, STM32H573I-DK, STM32H573IIK3Q, STM32H573IIK6, STM32H573IIT3Q, STM32H573IIT6, STM32H573MIY3QTR, STM32H573RIT6, STM32H573RIV6, STM32H573VIT3Q, STM32H573VIT6, STM32H573ZIT3Q, STM32H573ZIT6, STM32H7R3A8I6, STM32H7R3I8K6, STM32H7R3I8T6, STM32H7R3L8H6, STM32H7R3L8H6H, STM32H7R3R8V6, STM32H7R3V8H6, STM32H7R3V8T6, STM32H7R3V8Y6TR, STM32H7R3Z8J6, STM32H7R3Z8T6, STM32H7R7A8I6, STM32H7R7I8K6, STM32H7R7I8T6, STM32H7R7L8H6, STM32H7R7L8H6H, STM32H7R7Z8J6, STM32H7S3A8I6, STM32H7S3I8K6, STM32H7S3I8T6, STM32H7S3L8H6, STM32H7S3L8H6H, STM32H7S3R8V6, STM32H7S3V8H6, STM32H7S3V8T6, STM32H7S3V8Y6TR, STM32H7S3Z8J6, STM32H7S3Z8T6, STM32H7S78-DK, STM32H7S7A8I6, STM32H7S7I8K6, STM32H7S7I8T6, STM32H7S7L8H6, STM32H7S7L8H6H, STM32H7S7Z8J6, STM32L4R5QGI6STR, STM32MP131AAE3, STM32MP131AAF3, STM32MP131AAG3, STM32MP131CAE3, STM32MP131CAF3, STM32MP131CAG3, STM32MP131DAE7, STM32MP131DAF7, STM32MP131DAG7, STM32MP131FAE7, STM32MP131FAF7, STM32MP131FAG7, STM32MP133AAE3, STM32MP133AAF3, STM32MP133AAG3, STM32MP133CAE3, STM32MP133CAF3, STM32MP133CAG3, STM32MP133DAE7, STM32MP133DAF7, STM32MP133DAG7, STM32MP133FAE7, STM32MP133FAF7, STM32MP133FAG7, STM32MP135AAE3, STM32MP135AAF3, STM32MP135AAG3, STM32MP135CAE3, STM32MP135CAF3, STM32MP135CAG3, STM32MP135DAE7, STM32MP135DAF7, STM32MP135DAG7, STM32MP135F-DK, STM32MP135FAE7, STM32MP135FAF7, STM32MP135FAF7T, STM32MP135FAF7U, STM32MP135FAG7, STM32MP211AAL3, STM32MP211AAM3, STM32MP211AAN3, STM32MP211AAO3, STM32MP211CAL3, STM32MP211CAM3, STM32MP211CAN3, STM32MP211CAO3, STM32MP211DAL3, STM32MP211DAM3, STM32MP211DAN3, STM32MP211DAO3, STM32MP211FAL3, STM32MP211FAM3, STM32MP211FAN3, STM32MP211FAO3, STM32MP213AAL3, STM32MP213AAM3, STM32MP213AAN3, STM32MP213AAO3, STM32MP213CAL3, STM32MP213CAM3, STM32MP213CAN3, STM32MP213CAO3, STM32MP213DAL3, STM32MP213DAM3, STM32MP213DAN3, STM32MP213DAO3, STM32MP213FAL3, STM32MP213FAM3, STM32MP213FAN3, STM32MP213FAO3, STM32MP215AAL3, STM32MP215AAM3, STM32MP215AAN3, STM32MP215AAO3, STM32MP215CAL3, STM32MP215CAM3, STM32MP215CAN3, STM32MP215CAO3, STM32MP215DAL3, STM32MP215DAM3, STM32MP215DAN3, STM32MP215DAO3, STM32MP215F-DK, STM32MP215FAL3, STM32MP215FAM3, STM32MP215FAN3, STM32MP215FAO3, STM32MP231AAJ3, STM32MP231AAK3, STM32MP231AAL3, STM32MP231CAJ3, STM32MP231CAK3, STM32MP231CAL3, STM32MP231DAJ3, STM32MP231DAK3, STM32MP231DAL3, STM32MP231FAJ3, STM32MP231FAK3, STM32MP231FAL3, STM32MP233AAJ3, STM32MP233AAK3, STM32MP233AAL3, STM32MP233CAJ3, STM32MP233CAK3, STM32MP233CAL3, STM32MP233DAJ3, STM32MP233DAK3, STM32MP233DAL3, STM32MP233FAJ3, STM32MP233FAK3, STM32MP233FAL3, STM32MP235AAJ3, STM32MP235AAK3, STM32MP235AAL3, STM32MP235CAJ3, STM32MP235CAK3, STM32MP235CAL3, STM32MP235DAJ3, STM32MP235DAK3, STM32MP235DAL3, STM32MP235FAJ3, STM32MP235FAK3, STM32MP235FAL3, STM32MP251AAI3, STM32MP251AAK3, STM32MP251AAL3, STM32MP251CAI3, STM32MP251CAK3, STM32MP251CAL3, STM32MP251DAI3, STM32MP251DAK3, STM32MP251DAL3, STM32MP251FAI3, STM32MP251FAK3, STM32MP251FAL3, STM32MP253AAI3, STM32MP253AAK3, STM32MP253AAL3, STM32MP253CAI3, STM32MP253CAK3, STM32MP253CAL3, STM32MP253DAI3, STM32MP253DAK3, STM32MP253DAL3, STM32MP253FAI3, STM32MP253FAK3, STM32MP253FAL3, STM32MP255AAI3, STM32MP255AAK3, STM32MP255AAL3, STM32MP255CAI3, STM32MP255CAK3, STM32MP255CAL3, STM32MP255DAI3, STM32MP255DAK3, STM32MP255DAL3, STM32MP255FAI3, STM32MP255FAK3, STM32MP255FAL3, STM32MP257AAI3, STM32MP257AAK3, STM32MP257AAL3, STM32MP257CAI3, STM32MP257CAK3, STM32MP257CAL3, STM32MP257DAI3, STM32MP257DAK3, STM32MP257DAL3, STM32MP257F-DK, STM32MP257F-EV1, STM32MP257FAI3, STM32MP257FAK3, STM32MP257FAL3, STM32N645A0H3Q, STM32N645B0H3Q, STM32N645I0H3Q, STM32N645L0H3Q, STM32N645X0H3Q, STM32N645Z0H3Q, STM32N647A0H3Q, STM32N647B0H3Q, STM32N647I0H3Q, STM32N647L0H3Q, STM32N647X0H3Q, STM32N647Z0H3Q, STM32N655A0H3Q, STM32N655B0H3Q, STM32N655I0H3Q, STM32N655L0H3Q, STM32N655X0H3Q, STM32N655Z0H3Q, STM32N6570-DK, STM32N657A0H3Q, STM32N657B0H3Q, STM32N657I0H3Q, STM32N657L0H3Q, STM32N657X0H3Q, STM32N657Z0H3Q, STM32U031C6T6, STM32U031C6U6, STM32U031C8T6, STM32U031C8U6, STM32U031F4P6, STM32U031F6P6, STM32U031F8P6, STM32U031G6Y6TR, STM32U031G8Y6TR, STM32U031K4U6, STM32U031K6U6, STM32U031K8U6, STM32U031R6I6, STM32U031R6T6, STM32U031R8I6, STM32U031R8T6, STM32U073C8T6, STM32U073C8U6, STM32U073CBT6, STM32U073CBU6, STM32U073CCT6, STM32U073CCU6, STM32U073H8Y6TR, STM32U073HBY6TR, STM32U073HCY6TR, STM32U073K8U6, STM32U073KBU6, STM32U073KCU6, STM32U073M8I6, STM32U073M8T6, STM32U073MBI6, STM32U073MBT6, STM32U073MCI6, STM32U073MCT6, STM32U073R8I6, STM32U073R8T6, STM32U073RBI6, STM32U073RBT6, STM32U073RCI6, STM32U073RCT6, STM32U083C-DK, STM32U083CCT6, STM32U083CCU6, STM32U083HCY6TR, STM32U083KCU6, STM32U083MCI6, STM32U083MCT6, STM32U083RCI6, STM32U083RCT6, STM32U375CET6, STM32U375CET6Q, STM32U375CEU6, STM32U375CEU6Q, STM32U375CEY6QTR, STM32U375CGT6, STM32U375CGT6Q, STM32U375CGU6, STM32U375CGU6Q, STM32U375CGY6QTR, STM32U375KEU6, STM32U375KGU6, STM32U375REI6, STM32U375REI6Q, STM32U375RET6, STM32U375RET6Q, STM32U375REY6GTR, STM32U375REY6QTR, STM32U375RGI6, STM32U375RGI6Q, STM32U375RGT6, STM32U375RGT6Q, STM32U375RGY6GTR, STM32U375RGY6QTR, STM32U375VEI6, STM32U375VEI6Q, STM32U375VET6, STM32U375VET6Q, STM32U375VGI6, STM32U375VGI6Q, STM32U375VGT6, STM32U375VGT6Q, STM32U385CGT6, STM32U385CGT6Q, STM32U385CGU6, STM32U385CGU6Q, STM32U385CGY6QTR, STM32U385KGU6, STM32U385RGI6, STM32U385RGI6Q, STM32U385RGT6, STM32U385RGT6Q, STM32U385RGY6GTR, STM32U385RGY6QTR, STM32U385VGI6, STM32U385VGI6Q, STM32U385VGT6, STM32U385VGT6Q, STM32U535CBT6, STM32U535CBT6Q, STM32U535CBU6, STM32U535CBU6Q, STM32U535CCT6, STM32U535CCT6Q, STM32U535CCU6, STM32U535CCU6Q, STM32U535CET6, STM32U535CET6Q, STM32U535CEU6, STM32U535CEU6Q, STM32U535JEY6QTR, STM32U535NCY6QTR, STM32U535NEY6QTR, STM32U535RBI6, STM32U535RBI6Q, STM32U535RBT6, STM32U535RBT6Q, STM32U535RCI6, STM32U535RCI6Q, STM32U535RCT6, STM32U535RCT6Q, STM32U535REI6, STM32U535REI6Q, STM32U535RET6, STM32U535RET6Q, STM32U535VCI6, STM32U535VCI6Q, STM32U535VCT6, STM32U535VCT6Q, STM32U535VEI6, STM32U535VEI6Q, STM32U535VET6, STM32U535VET6Q, STM32U545CET6, STM32U545CET6Q, STM32U545CEU6, STM32U545CEU6Q, STM32U545JEY6QTR, STM32U545NEY6QTR, STM32U545REI6, STM32U545REI6Q, STM32U545RET6, STM32U545RET6Q, STM32U545VEI6, STM32U545VEI6Q, STM32U545VET6, STM32U545VET6Q, STM32U595AIH6, STM32U595AIH6Q, STM32U595AJH6, STM32U595AJH6Q, STM32U595QII6, STM32U595QII6Q, STM32U595QJI6, STM32U595QJI6Q, STM32U595RIT6, STM32U595RIT6Q, STM32U595RJT6, STM32U595RJT6Q, STM32U595VIT6, STM32U595VIT6Q, STM32U595VJT6, STM32U595VJT6Q, STM32U595ZIT6, STM32U595ZIT6Q, STM32U595ZIY6QTR, STM32U595ZJT6, STM32U595ZJT6Q, STM32U595ZJY6QTR, STM32U599BJY6QTR, STM32U599NIH6Q, STM32U599NJH6Q, STM32U599VIT6Q, STM32U599VJT6, STM32U599VJT6Q, STM32U599ZIT6Q, STM32U599ZIY6QTR, STM32U599ZJT6Q, STM32U599ZJY6QTR, STM32U5A5AJH6, STM32U5A5AJH6Q, STM32U5A5QII3Q , STM32U5A5QJI6, STM32U5A5QJI6Q, STM32U5A5RJT6, STM32U5A5RJT6Q, STM32U5A5VJT6, STM32U5A5VJT6Q, STM32U5A5ZJT6, STM32U5A5ZJT6Q, STM32U5A5ZJY6QTR, STM32U5A9BJY6QTR, STM32U5A9J-DK, STM32U5A9NJH6Q, STM32U5A9VJT6Q, STM32U5A9ZJT6Q, STM32U5A9ZJY6QTR, STM32U5F7VIT6, STM32U5F7VIT6Q, STM32U5F7VJT6, STM32U5F7VJT6Q, STM32U5F9BJY6QTR, STM32U5F9NJH6Q, STM32U5F9VIT6Q, STM32U5F9VJT6Q, STM32U5F9ZIJ6QTR, STM32U5F9ZIT6Q, STM32U5F9ZJJ6QTR, STM32U5F9ZJT6Q, STM32U5G7VJT6, STM32U5G7VJT6Q, STM32U5G9BJY6QTR, STM32U5G9J-DK1, STM32U5G9J-DK2, STM32U5G9NJH6Q, STM32U5G9VJT6Q, STM32U5G9ZJJ6QTR, STM32U5G9ZJT6Q, STM32WB05KZV6TR, STM32WB05KZV7TR, STM32WB05TZF6TR, STM32WB05TZF7TR, STM32WB06CCF6TR, STM32WB06CCF7TR, STM32WB06CCV6TR, STM32WB06CCV7TR, STM32WB06KCV6TR, STM32WB06KCV7TR, STM32WB07CCF6TR, STM32WB07CCF7TR, STM32WB07CCV6TR, STM32WB07CCV7TR, STM32WB07KCV6TR, STM32WB07KCV7TR, STM32WB09KEV6TR, STM32WB09KEV7TR, STM32WB09TEF6TR, STM32WB09TEF7TR, STM32WB1MMCH6, STM32WBA50KGU6, STM32WBA50KGU6TR, STM32WBA52CEU6, STM32WBA52CEU6TR, STM32WBA52CEU7, STM32WBA52CEU7TR, STM32WBA52CGU6, STM32WBA52CGU6TR, STM32WBA52CGU6U, STM32WBA52CGU7, STM32WBA52CGU7TR, STM32WBA52KEU6, STM32WBA52KEU6TR, STM32WBA52KGU6, STM32WBA52KGU6TR, STM32WBA54CEU6, STM32WBA54CEU6TR, STM32WBA54CEU7, STM32WBA54CEU7TR, STM32WBA54CGU6, STM32WBA54CGU6TR, STM32WBA54CGU7, STM32WBA54CGU7TR, STM32WBA54KEU6, STM32WBA54KEU6TR, STM32WBA54KEU7, STM32WBA54KEU7TR, STM32WBA54KGU6, STM32WBA54KGU6TR, STM32WBA54KGU7, STM32WBA54KGU7TR, STM32WBA55CEU6, STM32WBA55CEU6TR, STM32WBA55CEU7, STM32WBA55CEU7TR, STM32WBA55CGU6, STM32WBA55CGU6TR, STM32WBA55CGU6U, STM32WBA55CGU7, STM32WBA55CGU7TR, STM32WBA55G-DK1, STM32WBA55HEF6, STM32WBA55HEF7, STM32WBA55HGF6, STM32WBA55HGF7, STM32WBA55UEI6, STM32WBA55UEI6TR, STM32WBA55UEI7, STM32WBA55UEI7TR, STM32WBA55UGI6, STM32WBA55UGI6TR, STM32WBA55UGI7, STM32WBA55UGI7TR, STM32WBA5MMGH6TR, STM32WBA62MGF6, STM32WBA62MIF6, STM32WBA65MGF7, STM32WBA65MIF6, STM32WBA65MIF7, STM32WL30K8V6, STM32WL30KBV6, STM32WL31C8V6, STM32WL31CBV6, STM32WL31K8V6, STM32WL31KBV6, STM32WL33C8V6, STM32WL33C8V6X, STM32WL33CBV6, STM32WL33CBV6X, STM32WL33CCV6, STM32WL33CCV6A, STM32WL33CCV6X, STM32WL33K8V7, STM32WL33K8V7X, STM32WL33KBV7 , STM32WL33KBV7X, STM32WL33KCV7, STM32WL33KCV7X, STM32WL5MOCH6, STM32WL5MOCH6TR]
2025-09-22 06:52:32,750 [INFO] BoardInfo:889 - No configuration file found for board P-NUCLEO-WB55
2025-09-22 06:52:32,750 [INFO] DbBoards:161 - Kit is not supported: P-NUCLEO-WB55
2025-09-22 06:52:32,757 [INFO] BoardInfo:889 - No configuration file found for board STEVAL-BFA001V1B
2025-09-22 06:52:32,761 [INFO] DbBoards:161 - Kit is not supported: STEVAL-BFA001V1B
2025-09-22 06:52:32,763 [INFO] BoardInfo:889 - No configuration file found for board STEVAL-BFA001V2B
2025-09-22 06:52:32,763 [INFO] DbBoards:161 - Kit is not supported: STEVAL-BFA001V2B
2025-09-22 06:52:32,940 [INFO] DbBoards:168 - Found 212 boards, 209 are supported
2025-09-22 06:52:32,940 [INFO] DbBoards:169 - Found 212 boards, 43 of them is supported for  Bsp
2025-09-22 06:52:32,947 [INFO] ApiDb:668 - CubeFinder database Data Model version=2.1
2025-09-22 06:52:32,947 [INFO] ApiDb:669 - CubeFinder database Configuration version=3.0.39
2025-09-22 06:52:32,947 [INFO] ApiDb:670 - CubeFinder database generation date=2025-07-24 (1753349077)
2025-09-22 06:52:32,947 [INFO] ApiDb:671 - CubeFinder database FW Pack versions=[FP-ATR-ASTRA1_V2.0.0, FP-SNS-FLIGHT1_V5.1.0, FP-SNS-MOTENV1_V5.0.0, FP-SNS-MOTENVWB1_V1.4.0, FP-SNS-SMARTAG2_V1.2.0, FP-SNS-STBOX1_V2.0.0, STM32Cube_FW_C0_V1.4.0, STM32Cube_FW_F4_V1.28.2, STM32Cube_FW_F7_V1.17.3, STM32Cube_FW_G0_V1.6.2, STM32Cube_FW_G4_V1.6.1, STM32Cube_FW_H5_V1.5.0, STM32Cube_FW_H7RS_V1.2.0, STM32Cube_FW_H7_V1.12.1, STM32Cube_FW_L0_V1.12.2, STM32Cube_FW_L4_V1.18.1, STM32Cube_FW_L5_V1.5.1, STM32Cube_FW_N6_V1.2.0, STM32Cube_FW_U0_V1.3.0, STM32Cube_FW_U3_V1.2.0, STM32Cube_FW_U5_V1.8.0, STM32Cube_FW_WB0_V1.3.0, STM32Cube_FW_WBA_V1.7.0, STM32Cube_FW_WB_V1.23.0, STM32Cube_FW_WL3_V1.2.0, STM32Cube_FW_WL_V1.3.1, X-CUBE-ALGOBUILD_V1.4.0, X-CUBE-ALS_V1.0.2, X-CUBE-AZRTOS-F4_V1.1.0, X-CUBE-AZRTOS-F7_V1.1.0, X-CUBE-AZRTOS-G0_V1.1.0, X-CUBE-AZRTOS-G4_V2.0.0, X-CUBE-AZRTOS-H7RS_V1.1.0, X-CUBE-AZRTOS-H7_V3.4.0, X-CUBE-AZRTOS-L4_V2.0.0, X-CUBE-AZRTOS-L5_V2.0.0, X-CUBE-AZRTOS-WB_V2.0.0, X-CUBE-AZRTOS-WL_V2.0.0, X-CUBE-BLE1_V7.1.0, X-CUBE-BLE2_V3.3.0, X-CUBE-BLEMGR_V4.1.0, X-CUBE-EEPRMA1_V5.2.0, X-CUBE-FREERTOS_V1.3.1, X-CUBE-GNSS1_V6.0.0, X-CUBE-MEMS1_V11.3.0, X-CUBE-NFC4_V3.0.0, X-CUBE-NFC7_V2.0.0, X-CUBE-SFXS2LP1_V4.0.0, X-CUBE-ST67W61_V1.0.0, X-CUBE-SUBG2_V5.0.0, X-CUBE-TOF1_V3.4.3]
2025-09-22 06:52:38,113 [INFO] ApiDb:240 - Found 880 in-development CPN: [B-G473E-ZEST1S, B-WB1M-WPAN1, B-WBA5M-WPAN, B-WL5M-SUBG1, NUCLEO-C031C6, NUCLEO-C051C8, NUCLEO-C071RB, NUCLEO-C092RC, NUCLEO-H503RB, NUCLEO-H533RE, NUCLEO-H563ZI, NUCLEO-H7S3L8, NUCLEO-N657X0-Q, NUCLEO-U031R8, NUCLEO-U083RC, NUCLEO-U385RG-Q, NUCLEO-U545RE-Q, NUCLEO-U5A5ZJ-Q, NUCLEO-WB05KZ, NUCLEO-WB07CC, NUCLEO-WB09KE, NUCLEO-WBA52CG, NUCLEO-WBA55CG, NUCLEO-WL33CC1, NUCLEO-WL33CC2, STEVAL-PROTEUS1, STEVAL-SMARTAG2, STEVAL-STWINBX1, STM320518-EVAL, STM32C0116-DK, STM32C011D6Y3TR, STM32C011D6Y6TR, STM32C011F4P3, STM32C011F4P6, STM32C011F4U3, STM32C011F4U6TR, STM32C011F6P3, STM32C011F6P6, STM32C011F6U3, STM32C011F6U6TR, STM32C011J4M3, STM32C011J4M6, STM32C011J6M3, STM32C011J6M6, STM32C0316-DK, STM32C031C4T3, STM32C031C4T6, STM32C031C4U3, STM32C031C4U6, STM32C031C6T3, STM32C031C6T6, STM32C031C6U3, STM32C031C6U6, STM32C031F4P3, STM32C031F4P6, STM32C031F6P3, STM32C031F6P6, STM32C031G4U3, STM32C031G4U6, STM32C031G6U3, STM32C031G6U6, STM32C031K4T3, STM32C031K4T6, STM32C031K4U3, STM32C031K4U6, STM32C031K6T3, STM32C031K6T6, STM32C031K6U3, STM32C031K6U6, STM32C051C6T6, STM32C051C6U6, STM32C051C8T6, STM32C051C8U6, STM32C051D8Y6TR, STM32C051F6P6, STM32C051F8P6, STM32C051G6U6, STM32C051G8U6, STM32C051K6T6, STM32C051K6U6, STM32C051K8T6, STM32C071C8T6, STM32C071C8T6N, STM32C071C8U6, STM32C071C8U6N, STM32C071CBT6, STM32C071CBT6N, STM32C071CBU6, STM32C071CBU6N, STM32C071F8P6, STM32C071F8P6N, STM32C071FBP6, STM32C071FBP6N, STM32C071FBY6TR, STM32C071G8U6, STM32C071G8U6N, STM32C071GBU6, STM32C071GBU6N, STM32C071K8T6, STM32C071K8T6N, STM32C071K8U6, STM32C071K8U6N, STM32C071KBT6, STM32C071KBT6N, STM32C071KBU6, STM32C071KBU6N, STM32C071R8T6, STM32C071R8T6N, STM32C071RBI6N, STM32C071RBT6, STM32C071RBT6N, STM32C091CBT6, STM32C091CBU6, STM32C091CCT6, STM32C091CCU6, STM32C091ECY6TR, STM32C091FBP6, STM32C091FCP6, STM32C091GBU6, STM32C091GCU6, STM32C091KBT6, STM32C091KBU6, STM32C091KCT6, STM32C091KCU6, STM32C091RBT6, STM32C091RCI6, STM32C091RCT6, STM32C092CBT6, STM32C092CBU6, STM32C092CCT6, STM32C092CCU6, STM32C092ECY6TR, STM32C092FBP6, STM32C092FCP6, STM32C092GBU6, STM32C092GCU6, STM32C092KBT6, STM32C092KBU6, STM32C092KCT6, STM32C092KCU6, STM32C092RBT6, STM32C092RCI6, STM32C092RCT6, STM32G071K8TXN, STM32G071K8UXN, STM32G081GBU6N, STM32G081KBT6N, STM32G081KBUXN, STM32G0B1CCT6N, STM32G0B1KCT6, STM32G0B1NEY6TR, STM32G0B1RCT6N, STM32G0C1CCT6, STM32G0C1CCT6N, STM32G0C1CCU6N, STM32G0C1CET6N, STM32G0C1CEU6N, STM32G0C1KCT6, STM32G0C1NEY6TR, STM32G0C1RCI6N, STM32G0C1RCT6N, STM32G0C1REI6N, STM32G0C1RET6N, STM32G0C1VCI6, STM32G0C1VEI6, STM32G411C6T3, STM32G411C6T6, STM32G411C6U3, STM32G411C6U6, STM32G411C8T3, STM32G411C8T6, STM32G411C8U3, STM32G411C8U6, STM32G411CBT3, STM32G411CBT6, STM32G411CBU3, STM32G411CBU6, STM32G411K6T3, STM32G411K6T6, STM32G411K6U3, STM32G411K6U6, STM32G411K8T3, STM32G411K8T6, STM32G411K8U3, STM32G411K8U6, STM32G411KBT3, STM32G411KBT6, STM32G411KBU3, STM32G411KBU6, STM32G411M6T3, STM32G411M6T6, STM32G411M8T3, STM32G411M8T6, STM32G411MBT3, STM32G411MBT6, STM32G411R6T3, STM32G411R6T6, STM32G411R8T3, STM32G411R8T6, STM32G411RBT3, STM32G411RBT6, STM32G414CBT3, STM32G414CBT6, STM32G414CBU3, STM32G414CBU6, STM32G414CCT3, STM32G414CCT6, STM32G414CCU3, STM32G414CCU6, STM32G414MBT3, STM32G414MBT6, STM32G414MCT3, STM32G414MCT6, STM32G414RBT3, STM32G414RBT6, STM32G414RCT3, STM32G414RCT6, STM32G414VBT3, STM32G414VBT6, STM32G414VCT3, STM32G414VCT6, STM32G431CBT3Z, STM32G431RBT3Z, STM32G471CCT6, STM32G471CCU6, STM32G471CET3, STM32G471CET6, STM32G471CEU3, STM32G471CEU6, STM32G471MCT6, STM32G471MET3, STM32G471MET6, STM32G471MEY6TR, STM32G471QCT6, STM32G471QET3, STM32G471RCT6, STM32G471RET3, STM32G471RET6, STM32G471VCH6, STM32G471VCI6, STM32G471VCT6, STM32G471VEH3, STM32G471VEH6, STM32G471VEI3, STM32G471VEI6, STM32G471VET3, STM32G471VET6, STM32G473QET3Z, STM32G473RET3Z, STM32G474CCT6, STM32G491RET3Z, STM32H503CBT6, STM32H503CBU6, STM32H503EBY6TR, STM32H503KBU6, STM32H503RBT6, STM32H523CCT6, STM32H523CCU6, STM32H523CET6, STM32H523CEU6, STM32H523HEY6TR, STM32H523RCT6, STM32H523RET6, STM32H523VCI6, STM32H523VCT6, STM32H523VEI6, STM32H523VET6, STM32H523ZCJ6, STM32H523ZCT6, STM32H523ZEJ6, STM32H523ZET6, STM32H533CET6, STM32H533CEU6, STM32H533HEY6TR, STM32H533RET6, STM32H533VEI6, STM32H533VET6, STM32H533ZEJ6, STM32H533ZET6, STM32H562AGI6, STM32H562AII6, STM32H562IGK6, STM32H562IGT6, STM32H562IIK6, STM32H562IIT6, STM32H562RGT6, STM32H562RGV6, STM32H562RIT6, STM32H562RIV6, STM32H562VGT6, STM32H562VIT6, STM32H562ZGT6, STM32H562ZIT6, STM32H563AGI6, STM32H563AII3Q, STM32H563AII6, STM32H563IGK6, STM32H563IGT6, STM32H563IIK3Q, STM32H563IIK6, STM32H563IIT3Q, STM32H563IIT6, STM32H563MIY3QTR, STM32H563RGT6, STM32H563RGV6, STM32H563RIT6, STM32H563RIV6, STM32H563VGT6, STM32H563VIT3Q, STM32H563VIT6, STM32H563ZGT6, STM32H563ZIT3Q, STM32H563ZIT6, STM32H573AII3Q, STM32H573AII6, STM32H573I-DK, STM32H573IIK3Q, STM32H573IIK6, STM32H573IIT3Q, STM32H573IIT6, STM32H573MIY3QTR, STM32H573RIT6, STM32H573RIV6, STM32H573VIT3Q, STM32H573VIT6, STM32H573ZIT3Q, STM32H573ZIT6, STM32H7R3A8I6, STM32H7R3I8K6, STM32H7R3I8T6, STM32H7R3L8H6, STM32H7R3L8H6H, STM32H7R3R8V6, STM32H7R3V8H6, STM32H7R3V8T6, STM32H7R3V8Y6TR, STM32H7R3Z8J6, STM32H7R3Z8T6, STM32H7R7A8I6, STM32H7R7I8K6, STM32H7R7I8T6, STM32H7R7L8H6, STM32H7R7L8H6H, STM32H7R7Z8J6, STM32H7S3A8I6, STM32H7S3I8K6, STM32H7S3I8T6, STM32H7S3L8H6, STM32H7S3L8H6H, STM32H7S3R8V6, STM32H7S3V8H6, STM32H7S3V8T6, STM32H7S3V8Y6TR, STM32H7S3Z8J6, STM32H7S3Z8T6, STM32H7S78-DK, STM32H7S7A8I6, STM32H7S7I8K6, STM32H7S7I8T6, STM32H7S7L8H6, STM32H7S7L8H6H, STM32H7S7Z8J6, STM32L4R5QGI6STR, STM32MP131AAE3, STM32MP131AAF3, STM32MP131AAG3, STM32MP131CAE3, STM32MP131CAF3, STM32MP131CAG3, STM32MP131DAE7, STM32MP131DAF7, STM32MP131DAG7, STM32MP131FAE7, STM32MP131FAF7, STM32MP131FAG7, STM32MP133AAE3, STM32MP133AAF3, STM32MP133AAG3, STM32MP133CAE3, STM32MP133CAF3, STM32MP133CAG3, STM32MP133DAE7, STM32MP133DAF7, STM32MP133DAG7, STM32MP133FAE7, STM32MP133FAF7, STM32MP133FAG7, STM32MP135AAE3, STM32MP135AAF3, STM32MP135AAG3, STM32MP135CAE3, STM32MP135CAF3, STM32MP135CAG3, STM32MP135DAE7, STM32MP135DAF7, STM32MP135DAG7, STM32MP135F-DK, STM32MP135FAE7, STM32MP135FAF7, STM32MP135FAF7T, STM32MP135FAF7U, STM32MP135FAG7, STM32MP211AAL3, STM32MP211AAM3, STM32MP211AAN3, STM32MP211AAO3, STM32MP211CAL3, STM32MP211CAM3, STM32MP211CAN3, STM32MP211CAO3, STM32MP211DAL3, STM32MP211DAM3, STM32MP211DAN3, STM32MP211DAO3, STM32MP211FAL3, STM32MP211FAM3, STM32MP211FAN3, STM32MP211FAO3, STM32MP213AAL3, STM32MP213AAM3, STM32MP213AAN3, STM32MP213AAO3, STM32MP213CAL3, STM32MP213CAM3, STM32MP213CAN3, STM32MP213CAO3, STM32MP213DAL3, STM32MP213DAM3, STM32MP213DAN3, STM32MP213DAO3, STM32MP213FAL3, STM32MP213FAM3, STM32MP213FAN3, STM32MP213FAO3, STM32MP215AAL3, STM32MP215AAM3, STM32MP215AAN3, STM32MP215AAO3, STM32MP215CAL3, STM32MP215CAM3, STM32MP215CAN3, STM32MP215CAO3, STM32MP215DAL3, STM32MP215DAM3, STM32MP215DAN3, STM32MP215DAO3, STM32MP215F-DK, STM32MP215FAL3, STM32MP215FAM3, STM32MP215FAN3, STM32MP215FAO3, STM32MP231AAJ3, STM32MP231AAK3, STM32MP231AAL3, STM32MP231CAJ3, STM32MP231CAK3, STM32MP231CAL3, STM32MP231DAJ3, STM32MP231DAK3, STM32MP231DAL3, STM32MP231FAJ3, STM32MP231FAK3, STM32MP231FAL3, STM32MP233AAJ3, STM32MP233AAK3, STM32MP233AAL3, STM32MP233CAJ3, STM32MP233CAK3, STM32MP233CAL3, STM32MP233DAJ3, STM32MP233DAK3, STM32MP233DAL3, STM32MP233FAJ3, STM32MP233FAK3, STM32MP233FAL3, STM32MP235AAJ3, STM32MP235AAK3, STM32MP235AAL3, STM32MP235CAJ3, STM32MP235CAK3, STM32MP235CAL3, STM32MP235DAJ3, STM32MP235DAK3, STM32MP235DAL3, STM32MP235FAJ3, STM32MP235FAK3, STM32MP235FAL3, STM32MP251AAI3, STM32MP251AAK3, STM32MP251AAL3, STM32MP251CAI3, STM32MP251CAK3, STM32MP251CAL3, STM32MP251DAI3, STM32MP251DAK3, STM32MP251DAL3, STM32MP251FAI3, STM32MP251FAK3, STM32MP251FAL3, STM32MP253AAI3, STM32MP253AAK3, STM32MP253AAL3, STM32MP253CAI3, STM32MP253CAK3, STM32MP253CAL3, STM32MP253DAI3, STM32MP253DAK3, STM32MP253DAL3, STM32MP253FAI3, STM32MP253FAK3, STM32MP253FAL3, STM32MP255AAI3, STM32MP255AAK3, STM32MP255AAL3, STM32MP255CAI3, STM32MP255CAK3, STM32MP255CAL3, STM32MP255DAI3, STM32MP255DAK3, STM32MP255DAL3, STM32MP255FAI3, STM32MP255FAK3, STM32MP255FAL3, STM32MP257AAI3, STM32MP257AAK3, STM32MP257AAL3, STM32MP257CAI3, STM32MP257CAK3, STM32MP257CAL3, STM32MP257DAI3, STM32MP257DAK3, STM32MP257DAL3, STM32MP257F-DK, STM32MP257F-EV1, STM32MP257FAI3, STM32MP257FAK3, STM32MP257FAL3, STM32N645A0H3Q, STM32N645B0H3Q, STM32N645I0H3Q, STM32N645L0H3Q, STM32N645X0H3Q, STM32N645Z0H3Q, STM32N647A0H3Q, STM32N647B0H3Q, STM32N647I0H3Q, STM32N647L0H3Q, STM32N647X0H3Q, STM32N647Z0H3Q, STM32N655A0H3Q, STM32N655B0H3Q, STM32N655I0H3Q, STM32N655L0H3Q, STM32N655X0H3Q, STM32N655Z0H3Q, STM32N6570-DK, STM32N657A0H3Q, STM32N657B0H3Q, STM32N657I0H3Q, STM32N657L0H3Q, STM32N657X0H3Q, STM32N657Z0H3Q, STM32U031C6T6, STM32U031C6U6, STM32U031C8T6, STM32U031C8U6, STM32U031F4P6, STM32U031F6P6, STM32U031F8P6, STM32U031G6Y6TR, STM32U031G8Y6TR, STM32U031K4U6, STM32U031K6U6, STM32U031K8U6, STM32U031R6I6, STM32U031R6T6, STM32U031R8I6, STM32U031R8T6, STM32U073C8T6, STM32U073C8U6, STM32U073CBT6, STM32U073CBU6, STM32U073CCT6, STM32U073CCU6, STM32U073H8Y6TR, STM32U073HBY6TR, STM32U073HCY6TR, STM32U073K8U6, STM32U073KBU6, STM32U073KCU6, STM32U073M8I6, STM32U073M8T6, STM32U073MBI6, STM32U073MBT6, STM32U073MCI6, STM32U073MCT6, STM32U073R8I6, STM32U073R8T6, STM32U073RBI6, STM32U073RBT6, STM32U073RCI6, STM32U073RCT6, STM32U083C-DK, STM32U083CCT6, STM32U083CCU6, STM32U083HCY6TR, STM32U083KCU6, STM32U083MCI6, STM32U083MCT6, STM32U083RCI6, STM32U083RCT6, STM32U375CET6, STM32U375CET6Q, STM32U375CEU6, STM32U375CEU6Q, STM32U375CEY6QTR, STM32U375CGT6, STM32U375CGT6Q, STM32U375CGU6, STM32U375CGU6Q, STM32U375CGY6QTR, STM32U375KEU6, STM32U375KGU6, STM32U375REI6, STM32U375REI6Q, STM32U375RET6, STM32U375RET6Q, STM32U375REY6GTR, STM32U375REY6QTR, STM32U375RGI6, STM32U375RGI6Q, STM32U375RGT6, STM32U375RGT6Q, STM32U375RGY6GTR, STM32U375RGY6QTR, STM32U375VEI6, STM32U375VEI6Q, STM32U375VET6, STM32U375VET6Q, STM32U375VGI6, STM32U375VGI6Q, STM32U375VGT6, STM32U375VGT6Q, STM32U385CGT6, STM32U385CGT6Q, STM32U385CGU6, STM32U385CGU6Q, STM32U385CGY6QTR, STM32U385KGU6, STM32U385RGI6, STM32U385RGI6Q, STM32U385RGT6, STM32U385RGT6Q, STM32U385RGY6GTR, STM32U385RGY6QTR, STM32U385VGI6, STM32U385VGI6Q, STM32U385VGT6, STM32U385VGT6Q, STM32U535CBT6, STM32U535CBT6Q, STM32U535CBU6, STM32U535CBU6Q, STM32U535CCT6, STM32U535CCT6Q, STM32U535CCU6, STM32U535CCU6Q, STM32U535CET6, STM32U535CET6Q, STM32U535CEU6, STM32U535CEU6Q, STM32U535JEY6QTR, STM32U535NCY6QTR, STM32U535NEY6QTR, STM32U535RBI6, STM32U535RBI6Q, STM32U535RBT6, STM32U535RBT6Q, STM32U535RCI6, STM32U535RCI6Q, STM32U535RCT6, STM32U535RCT6Q, STM32U535REI6, STM32U535REI6Q, STM32U535RET6, STM32U535RET6Q, STM32U535VCI6, STM32U535VCI6Q, STM32U535VCT6, STM32U535VCT6Q, STM32U535VEI6, STM32U535VEI6Q, STM32U535VET6, STM32U535VET6Q, STM32U545CET6, STM32U545CET6Q, STM32U545CEU6, STM32U545CEU6Q, STM32U545JEY6QTR, STM32U545NEY6QTR, STM32U545REI6, STM32U545REI6Q, STM32U545RET6, STM32U545RET6Q, STM32U545VEI6, STM32U545VEI6Q, STM32U545VET6, STM32U545VET6Q, STM32U595AIH6, STM32U595AIH6Q, STM32U595AJH6, STM32U595AJH6Q, STM32U595QII6, STM32U595QII6Q, STM32U595QJI6, STM32U595QJI6Q, STM32U595RIT6, STM32U595RIT6Q, STM32U595RJT6, STM32U595RJT6Q, STM32U595VIT6, STM32U595VIT6Q, STM32U595VJT6, STM32U595VJT6Q, STM32U595ZIT6, STM32U595ZIT6Q, STM32U595ZIY6QTR, STM32U595ZJT6, STM32U595ZJT6Q, STM32U595ZJY6QTR, STM32U599BJY6QTR, STM32U599NIH6Q, STM32U599NJH6Q, STM32U599VIT6Q, STM32U599VJT6, STM32U599VJT6Q, STM32U599ZIT6Q, STM32U599ZIY6QTR, STM32U599ZJT6Q, STM32U599ZJY6QTR, STM32U5A5AJH6, STM32U5A5AJH6Q, STM32U5A5QII3Q , STM32U5A5QJI6, STM32U5A5QJI6Q, STM32U5A5RJT6, STM32U5A5RJT6Q, STM32U5A5VJT6, STM32U5A5VJT6Q, STM32U5A5ZJT6, STM32U5A5ZJT6Q, STM32U5A5ZJY6QTR, STM32U5A9BJY6QTR, STM32U5A9J-DK, STM32U5A9NJH6Q, STM32U5A9VJT6Q, STM32U5A9ZJT6Q, STM32U5A9ZJY6QTR, STM32U5F7VIT6, STM32U5F7VIT6Q, STM32U5F7VJT6, STM32U5F7VJT6Q, STM32U5F9BJY6QTR, STM32U5F9NJH6Q, STM32U5F9VIT6Q, STM32U5F9VJT6Q, STM32U5F9ZIJ6QTR, STM32U5F9ZIT6Q, STM32U5F9ZJJ6QTR, STM32U5F9ZJT6Q, STM32U5G7VJT6, STM32U5G7VJT6Q, STM32U5G9BJY6QTR, STM32U5G9J-DK1, STM32U5G9J-DK2, STM32U5G9NJH6Q, STM32U5G9VJT6Q, STM32U5G9ZJJ6QTR, STM32U5G9ZJT6Q, STM32WB05KZV6TR, STM32WB05KZV7TR, STM32WB05TZF6TR, STM32WB05TZF7TR, STM32WB06CCF6TR, STM32WB06CCF7TR, STM32WB06CCV6TR, STM32WB06CCV7TR, STM32WB06KCV6TR, STM32WB06KCV7TR, STM32WB07CCF6TR, STM32WB07CCF7TR, STM32WB07CCV6TR, STM32WB07CCV7TR, STM32WB07KCV6TR, STM32WB07KCV7TR, STM32WB09KEV6TR, STM32WB09KEV7TR, STM32WB09TEF6TR, STM32WB09TEF7TR, STM32WB1MMCH6, STM32WBA50KGU6, STM32WBA50KGU6TR, STM32WBA52CEU6, STM32WBA52CEU6TR, STM32WBA52CEU7, STM32WBA52CEU7TR, STM32WBA52CGU6, STM32WBA52CGU6TR, STM32WBA52CGU6U, STM32WBA52CGU7, STM32WBA52CGU7TR, STM32WBA52KEU6, STM32WBA52KEU6TR, STM32WBA52KGU6, STM32WBA52KGU6TR, STM32WBA54CEU6, STM32WBA54CEU6TR, STM32WBA54CEU7, STM32WBA54CEU7TR, STM32WBA54CGU6, STM32WBA54CGU6TR, STM32WBA54CGU7, STM32WBA54CGU7TR, STM32WBA54KEU6, STM32WBA54KEU6TR, STM32WBA54KEU7, STM32WBA54KEU7TR, STM32WBA54KGU6, STM32WBA54KGU6TR, STM32WBA54KGU7, STM32WBA54KGU7TR, STM32WBA55CEU6, STM32WBA55CEU6TR, STM32WBA55CEU7, STM32WBA55CEU7TR, STM32WBA55CGU6, STM32WBA55CGU6TR, STM32WBA55CGU6U, STM32WBA55CGU7, STM32WBA55CGU7TR, STM32WBA55G-DK1, STM32WBA55HEF6, STM32WBA55HEF7, STM32WBA55HGF6, STM32WBA55HGF7, STM32WBA55UEI6, STM32WBA55UEI6TR, STM32WBA55UEI7, STM32WBA55UEI7TR, STM32WBA55UGI6, STM32WBA55UGI6TR, STM32WBA55UGI7, STM32WBA55UGI7TR, STM32WBA5MMGH6TR, STM32WBA62MGF6, STM32WBA62MIF6, STM32WBA65MGF7, STM32WBA65MIF6, STM32WBA65MIF7, STM32WL30K8V6, STM32WL30KBV6, STM32WL31C8V6, STM32WL31CBV6, STM32WL31K8V6, STM32WL31KBV6, STM32WL33C8V6, STM32WL33C8V6X, STM32WL33CBV6, STM32WL33CBV6X, STM32WL33CCV6, STM32WL33CCV6A, STM32WL33CCV6X, STM32WL33K8V7, STM32WL33K8V7X, STM32WL33KBV7 , STM32WL33KBV7X, STM32WL33KCV7, STM32WL33KCV7X, STM32WL5MOCH6, STM32WL5MOCH6TR]
2025-09-22 06:52:38,125 [INFO] DbMcus:218 - Found 4801 MCUs, 4801 are supported
2025-09-22 06:52:38,137 [INFO] ApiDb:423 - Load user favorites file /home/tomas1908/.stm32cubeide/favorites.mcus.txt: 2 item(s)
2025-09-22 06:52:38,137 [INFO] ApiDb:427 - User favorites MCUs=[STM32F103C8T6, STM32F446RET6]
2025-09-22 06:52:38,138 [INFO] DbMcus:224 - Set 2 / 2 favorites MCUs
2025-09-22 06:52:38,947 [INFO] ApiDb:414 - User favorites file not found: /home/tomas1908/.stm32cubeide/favorites.boards.txt
2025-09-22 06:52:38,948 [INFO] DbBoards:198 - Set 0 / 0 favorites Boards
2025-09-22 06:52:39,012 [INFO] UtilMem:75 - End LoadConfig() Used Memory: 307021560 Bytes (397410304)
2025-09-22 06:52:39,251 [WARN] ThirdParty:833 - waiting for thirdparty lock release [change project]
2025-09-22 06:52:39,252 [INFO] ThirdParty:835 - entering critical section [change project]
2025-09-22 06:52:39,252 [INFO] ThirdParty:1030 - CMSIS Pack Vendor :STMicroelectronics X-CUBE-PM33A1 1.0.0
2025-09-22 06:52:39,253 [INFO] ThirdParty:1030 - CMSIS Pack Vendor :STMicroelectronics USBPD 4.1
2025-09-22 06:52:39,253 [INFO] ThirdParty:1030 - CMSIS Pack Vendor :STMicroelectronics X-CUBE-NFC9 1.0.0
2025-09-22 06:52:39,253 [INFO] ThirdParty:1030 - CMSIS Pack Vendor :STMicroelectronics USB_HOST 2.0.0
2025-09-22 06:52:39,253 [INFO] ThirdParty:1030 - CMSIS Pack Vendor :STMicroelectronics FP-SNS-MOTENVWB1 1.4.0
2025-09-22 06:52:39,253 [INFO] ThirdParty:1030 - CMSIS Pack Vendor :STMicroelectronics X-CUBE-AZRTOS-F4 1.1.0
2025-09-22 06:52:39,253 [INFO] ThirdParty:1030 - CMSIS Pack Vendor :STMicroelectronics LIBJPEG 8.0.0
2025-09-22 06:52:39,253 [INFO] ThirdParty:1030 - CMSIS Pack Vendor :STMicroelectronics FP-ATR-ASTRA1 2.0.2
2025-09-22 06:52:39,253 [INFO] ThirdParty:1030 - CMSIS Pack Vendor :STMicroelectronics X-CUBE-BLE1 7.1.0
2025-09-22 06:52:39,254 [INFO] ThirdParty:1030 - CMSIS Pack Vendor :Avnet-IotConnect X-CUBE-IoTC-DA16k-PMOD 1.0.0
2025-09-22 06:52:39,254 [INFO] ThirdParty:1030 - CMSIS Pack Vendor :STMicroelectronics X-CUBE-SMBUS 2.1.0
2025-09-22 06:52:39,254 [INFO] ThirdParty:1030 - CMSIS Pack Vendor :STMicroelectronics USB_DEVICE 3.0.0
2025-09-22 06:52:39,254 [INFO] ThirdParty:1030 - CMSIS Pack Vendor :STMicroelectronics X-CUBE-ISPU 2.1.0
2025-09-22 06:52:39,254 [INFO] ThirdParty:1030 - CMSIS Pack Vendor :STMicroelectronics X-CUBE-AZRTOS-WB 2.0.0
2025-09-22 06:52:39,254 [INFO] ThirdParty:1030 - CMSIS Pack Vendor :STMicroelectronics X-CUBE-ST60 1.0.0
2025-09-22 06:52:39,254 [INFO] ThirdParty:1030 - CMSIS Pack Vendor :STMicroelectronics X-CUBE-GNSS1 7.0.1
2025-09-22 06:52:39,255 [INFO] ThirdParty:1030 - CMSIS Pack Vendor :STMicroelectronics X-CUBE-AZRTOS-F7 1.1.0
2025-09-22 06:52:39,255 [INFO] ThirdParty:1030 - CMSIS Pack Vendor :STMicroelectronics X-CUBE-AZRTOS-L5 2.0.0
2025-09-22 06:52:39,255 [INFO] ThirdParty:1030 - CMSIS Pack Vendor :STMicroelectronics X-CUBE-TOUCHGFX 4.25.0
2025-09-22 06:52:39,255 [INFO] ThirdParty:1030 - CMSIS Pack Vendor :STMicroelectronics USB_DEVICE 2.0.0
2025-09-22 06:52:39,255 [INFO] ThirdParty:1030 - CMSIS Pack Vendor :STMicroelectronics X-CUBE-NFC6 3.1.0
2025-09-22 06:52:39,255 [INFO] ThirdParty:1030 - CMSIS Pack Vendor :Cesanta I-CUBE-Mongoose 7.19.0
2025-09-22 06:52:39,255 [INFO] ThirdParty:1030 - CMSIS Pack Vendor :quantropi X-CUBE-qispace-sdk-base 2.1.0
2025-09-22 06:52:39,255 [INFO] ThirdParty:1030 - CMSIS Pack Vendor :STMicroelectronics FreeRTOS 0.0.1
2025-09-22 06:52:39,256 [INFO] ThirdParty:1030 - CMSIS Pack Vendor :STMicroelectronics X-CUBE-AZRTOS-G0 1.1.0
2025-09-22 06:52:39,256 [INFO] ThirdParty:1030 - CMSIS Pack Vendor :STMicroelectronics X-CUBE-SAFEA1 1.2.2
2025-09-22 06:52:39,256 [INFO] ThirdParty:1030 - CMSIS Pack Vendor :STMicroelectronics X-CUBE-NFC4 3.0.0
2025-09-22 06:52:39,256 [INFO] ThirdParty:1030 - CMSIS Pack Vendor :STMicroelectronics X-CUBE-SUBG2 5.0.0
2025-09-22 06:52:39,256 [INFO] ThirdParty:1030 - CMSIS Pack Vendor :STMicroelectronics X-CUBE-AZRTOS-H7RS 1.1.0
2025-09-22 06:52:39,256 [INFO] ThirdParty:1030 - CMSIS Pack Vendor :STMicroelectronics STM32_WPAN 1.0.0
2025-09-22 06:52:39,256 [INFO] ThirdParty:1030 - CMSIS Pack Vendor :EmbeddedOffice I-CUBE-FS-RTOS 1.0.1
2025-09-22 06:52:39,256 [INFO] ThirdParty:1030 - CMSIS Pack Vendor :STMicroelectronics lwIP 2.0.3
2025-09-22 06:52:39,257 [INFO] ThirdParty:1030 - CMSIS Pack Vendor :WES I-CUBE-Cesium 1.4.0
2025-09-22 06:52:39,257 [INFO] ThirdParty:1030 - CMSIS Pack Vendor :STMicroelectronics USB_HOST 1.0.0
2025-09-22 06:52:39,257 [INFO] ThirdParty:1030 - CMSIS Pack Vendor :Infineon AIROC-Wi-Fi-Bluetooth-STM32 1.7.1
2025-09-22 06:52:39,257 [INFO] ThirdParty:1030 - CMSIS Pack Vendor :STMicroelectronics X-CUBE-AZRTOS-G4 2.0.0
2025-09-22 06:52:39,257 [INFO] ThirdParty:1030 - CMSIS Pack Vendor :STMicroelectronics X-CUBE-WB05N 2.0.0
2025-09-22 06:52:39,257 [INFO] ThirdParty:1030 - CMSIS Pack Vendor :STMicroelectronics PDM2PCM 3.1.0
2025-09-22 06:52:39,257 [INFO] ThirdParty:1030 - CMSIS Pack Vendor :STMicroelectronics PDM2PCM 3.3.0
2025-09-22 06:52:39,258 [INFO] ThirdParty:1030 - CMSIS Pack Vendor :STMicroelectronics X-CUBE-DISPLAY 3.0.0
2025-09-22 06:52:39,258 [INFO] ThirdParty:1030 - CMSIS Pack Vendor :wolfSSL I-CUBE-wolfSSH 1.4.20
2025-09-22 06:52:39,258 [INFO] ThirdParty:1030 - CMSIS Pack Vendor :STMicroelectronics X-CUBE-NFC7 2.0.0
2025-09-22 06:52:39,258 [INFO] ThirdParty:1030 - CMSIS Pack Vendor :STMicroelectronics X-CUBE-TCPP 4.2.0
2025-09-22 06:52:39,258 [INFO] ThirdParty:1030 - CMSIS Pack Vendor :RealThread X-CUBE-RT-Thread_Nano 4.1.1
2025-09-22 06:52:39,258 [INFO] ThirdParty:1030 - CMSIS Pack Vendor :STMicroelectronics FP-ATR-SIGFOX1 3.2.0
2025-09-22 06:52:39,258 [INFO] ThirdParty:1030 - CMSIS Pack Vendor :STMicroelectronics X-CUBE-NFC10 1.0.0
2025-09-22 06:52:39,258 [INFO] ThirdParty:1030 - CMSIS Pack Vendor :STMicroelectronics X-CUBE-FREERTOS 1.3.1
2025-09-22 06:52:39,259 [INFO] ThirdParty:1030 - CMSIS Pack Vendor :STMicroelectronics HAL Drivers 0.0.0
2025-09-22 06:52:39,259 [INFO] ThirdParty:1030 - CMSIS Pack Vendor :STMicroelectronics MBEDTLS 2.16.2
2025-09-22 06:52:39,259 [INFO] ThirdParty:1030 - CMSIS Pack Vendor :STMicroelectronics X-CUBE-IPS 3.1.0
2025-09-22 06:52:39,259 [INFO] ThirdParty:1030 - CMSIS Pack Vendor :STMicroelectronics X-CUBE-ALS 1.0.2
2025-09-22 06:52:39,259 [INFO] ThirdParty:1030 - CMSIS Pack Vendor :emotas I-CUBE-CANOPEN 1.3.0
2025-09-22 06:52:39,259 [INFO] ThirdParty:1030 - CMSIS Pack Vendor :STMicroelectronics MBEDTLS 2.14.1
2025-09-22 06:52:39,259 [INFO] ThirdParty:1030 - CMSIS Pack Vendor :ITTIA_DB I-CUBE-ITTIADB 8.9.0
2025-09-22 06:52:39,259 [INFO] ThirdParty:1030 - CMSIS Pack Vendor :STMicroelectronics X-CUBE-ST67W61 1.0.0
2025-09-22 06:52:39,259 [INFO] ThirdParty:1030 - CMSIS Pack Vendor :STMicroelectronics ThreadX 1.0.0
2025-09-22 06:52:39,259 [INFO] ThirdParty:1030 - CMSIS Pack Vendor :STMicroelectronics FP-SNS-SMARTAG2 1.2.0
2025-09-22 06:52:39,260 [INFO] ThirdParty:1030 - CMSIS Pack Vendor :STMicroelectronics FP-SNS-FLIGHT1 5.1.0
2025-09-22 06:52:39,260 [INFO] ThirdParty:1030 - CMSIS Pack Vendor :STMicroelectronics X-CUBE-AZRTOS-WL 2.0.0
2025-09-22 06:52:39,260 [INFO] ThirdParty:1030 - CMSIS Pack Vendor :SEGGER I-CUBE-embOS 1.3.1
2025-09-22 06:52:39,260 [INFO] ThirdParty:1030 - CMSIS Pack Vendor :STMicroelectronics X-CUBE-ALGOBUILD 1.4.0
2025-09-22 06:52:39,260 [INFO] ThirdParty:1030 - CMSIS Pack Vendor :STMicroelectronics X-CUBE-DPower 1.3.0
2025-09-22 06:52:39,260 [INFO] ThirdParty:1030 - CMSIS Pack Vendor :STMicroelectronics X-CUBE-MEMS1 11.3.0
2025-09-22 06:52:39,260 [INFO] ThirdParty:1030 - CMSIS Pack Vendor :STMicroelectronics FP-SNS-MOTENV1 5.0.0
2025-09-22 06:52:39,260 [INFO] ThirdParty:1030 - CMSIS Pack Vendor :STMicroelectronics USB_DEVICE 1.0.0
2025-09-22 06:52:39,260 [INFO] ThirdParty:1030 - CMSIS Pack Vendor :STMicroelectronics X-CUBE-AZRTOS-L4 2.0.0
2025-09-22 06:52:39,261 [INFO] ThirdParty:1030 - CMSIS Pack Vendor :STMicroelectronics ThreadX 0.0.2
2025-09-22 06:52:39,261 [INFO] ThirdParty:1030 - CMSIS Pack Vendor :STMicroelectronics lwIP 2.1.2
2025-09-22 06:52:39,261 [INFO] ThirdParty:1030 - CMSIS Pack Vendor :STMicroelectronics X-CUBE-SFXS2LP1 4.0.0
2025-09-22 06:52:39,261 [INFO] ThirdParty:1030 - CMSIS Pack Vendor :STMicroelectronics X-CUBE-BLE2 3.3.0
2025-09-22 06:52:39,261 [INFO] ThirdParty:1030 - CMSIS Pack Vendor :STMicroelectronics X-CUBE-TOF1 3.4.3
2025-09-22 06:52:39,261 [INFO] ThirdParty:1030 - CMSIS Pack Vendor :STMicroelectronics PDM2PCM 3.2.0
2025-09-22 06:52:39,261 [INFO] ThirdParty:841 - exiting critical section [change project]
2025-09-22 06:52:40,174 [INFO] PinOutPanel:1589 - setPackage(No Configuration,No Configuration)
2025-09-22 06:52:40,176 [INFO] PinOutPanel:1589 - setPackage(STM32F446RETx,LQFP64)
2025-09-22 06:52:41,000 [INFO] UtilMem:75 - Before build in PCC Used Memory: 235053768 Bytes (397410304)
2025-09-22 06:52:42,008 [INFO] UtilMem:75 - After build in PCC Used Memory: 339852944 Bytes (403701760)
2025-09-22 06:52:42,099 [INFO] IPUIPlugin:80 - create IPUIPlugin
2025-09-22 06:52:42,099 [INFO] IPUIPlugin:80 - create IPUIPlugin
2025-09-22 06:52:42,099 [INFO] IPUIPlugin:80 - create IPUIPlugin
2025-09-22 06:52:42,100 [INFO] IPUIPlugin:80 - create IPUIPlugin
2025-09-22 06:52:42,100 [INFO] IPUIPlugin:80 - create IPUIPlugin
2025-09-22 06:52:42,100 [INFO] IPUIPlugin:80 - create IPUIPlugin
2025-09-22 06:52:42,101 [INFO] IPUIPlugin:80 - create IPUIPlugin
2025-09-22 06:52:42,101 [INFO] IPUIPlugin:80 - create IPUIPlugin
2025-09-22 06:52:42,101 [INFO] IPUIPlugin:80 - create IPUIPlugin
2025-09-22 06:52:42,101 [INFO] IPUIPlugin:80 - create IPUIPlugin
2025-09-22 06:52:42,102 [INFO] IPUIPlugin:80 - create IPUIPlugin
2025-09-22 06:52:42,102 [INFO] IPUIPlugin:80 - create IPUIPlugin
2025-09-22 06:52:42,102 [INFO] IPUIPlugin:80 - create IPUIPlugin
2025-09-22 06:52:42,103 [INFO] IPUIPlugin:80 - create IPUIPlugin
2025-09-22 06:52:42,103 [INFO] IPUIPlugin:80 - create IPUIPlugin
2025-09-22 06:52:42,103 [INFO] IPUIPlugin:80 - create IPUIPlugin
2025-09-22 06:52:42,103 [INFO] IPUIPlugin:80 - create IPUIPlugin
2025-09-22 06:52:42,104 [INFO] IPUIPlugin:80 - create IPUIPlugin
2025-09-22 06:52:42,104 [INFO] IPUIPlugin:80 - create IPUIPlugin
2025-09-22 06:52:42,105 [INFO] IPUIPlugin:80 - create IPUIPlugin
2025-09-22 06:52:42,105 [INFO] IPUIPlugin:80 - create IPUIPlugin
2025-09-22 06:52:42,106 [INFO] IPUIPlugin:80 - create IPUIPlugin
2025-09-22 06:52:42,107 [INFO] IPUIPlugin:80 - create IPUIPlugin
2025-09-22 06:52:42,107 [INFO] IPUIPlugin:80 - create IPUIPlugin
2025-09-22 06:52:42,108 [INFO] IPUIPlugin:80 - create IPUIPlugin
2025-09-22 06:52:42,108 [INFO] IPUIPlugin:80 - create IPUIPlugin
2025-09-22 06:52:42,109 [INFO] IPUIPlugin:80 - create IPUIPlugin
2025-09-22 06:52:42,110 [INFO] IPUIPlugin:80 - create IPUIPlugin
2025-09-22 06:52:42,110 [INFO] IPUIPlugin:80 - create IPUIPlugin
2025-09-22 06:52:42,111 [INFO] IPUIPlugin:80 - create IPUIPlugin
2025-09-22 06:52:42,111 [INFO] IPUIPlugin:80 - create IPUIPlugin
2025-09-22 06:52:42,112 [INFO] IPUIPlugin:80 - create IPUIPlugin
2025-09-22 06:52:42,112 [INFO] IPUIPlugin:80 - create IPUIPlugin
2025-09-22 06:52:42,113 [INFO] IPUIPlugin:80 - create IPUIPlugin
2025-09-22 06:52:42,113 [INFO] IPUIPlugin:80 - create IPUIPlugin
2025-09-22 06:52:42,114 [INFO] IPUIPlugin:80 - create IPUIPlugin
2025-09-22 06:52:42,114 [INFO] IPUIPlugin:80 - create IPUIPlugin
2025-09-22 06:52:42,115 [INFO] IPUIPlugin:80 - create IPUIPlugin
2025-09-22 06:52:42,115 [INFO] IPUIPlugin:80 - create IPUIPlugin
2025-09-22 06:52:42,115 [INFO] IPUIPlugin:80 - create IPUIPlugin
2025-09-22 06:52:42,116 [INFO] IPUIPlugin:80 - create IPUIPlugin
2025-09-22 06:52:42,116 [INFO] IPUIPlugin:80 - create IPUIPlugin
2025-09-22 06:52:42,117 [INFO] IPUIPlugin:80 - create IPUIPlugin
2025-09-22 06:52:42,117 [INFO] IPUIPlugin:80 - create IPUIPlugin
2025-09-22 06:52:42,118 [INFO] IPUIPlugin:80 - create IPUIPlugin
2025-09-22 06:52:42,118 [INFO] IPUIPlugin:80 - create IPUIPlugin
2025-09-22 06:52:42,119 [INFO] IPUIPlugin:80 - create IPUIPlugin
2025-09-22 06:52:42,120 [INFO] IPUIPlugin:80 - create IPUIPlugin
2025-09-22 06:52:42,120 [INFO] IPUIPlugin:80 - create IPUIPlugin
2025-09-22 06:52:42,121 [INFO] IPUIPlugin:80 - create IPUIPlugin
2025-09-22 06:52:42,122 [INFO] IPUIPlugin:80 - create IPUIPlugin
2025-09-22 06:52:42,122 [INFO] IPUIPlugin:80 - create IPUIPlugin
2025-09-22 06:52:42,123 [INFO] IPUIPlugin:80 - create IPUIPlugin
2025-09-22 06:52:42,124 [INFO] IPUIPlugin:80 - create IPUIPlugin
2025-09-22 06:52:42,135 [INFO] IPUIPlugin:80 - create IPUIPlugin
2025-09-22 06:52:42,136 [INFO] IPUIPlugin:80 - create IPUIPlugin
2025-09-22 06:52:42,136 [INFO] IPUIPlugin:80 - create IPUIPlugin
2025-09-22 06:52:42,137 [INFO] IPUIPlugin:80 - create IPUIPlugin
2025-09-22 06:52:42,138 [INFO] IPUIPlugin:80 - create IPUIPlugin
2025-09-22 06:52:42,138 [INFO] IPUIPlugin:80 - create IPUIPlugin
2025-09-22 06:52:42,199 [INFO] ApiDbMcu:532 - Load IP Config File for PDM2PCM
2025-09-22 06:52:42,411 [INFO] CADModel:165 - CPN selected for project levelSTM32F446RET6
2025-09-22 06:52:42,411 [INFO] CADModel:114 - Register for checkConnection events
2025-09-22 06:52:42,456 [INFO] OpenFileManager:386 - Restore cursor
2025-09-22 06:52:52,019 [ERROR] LogOutputStream:75 - [STDERR_REDIRECT] Sep 22, 2025 6:52:52 AM java.util.prefs.FileSystemPreferences checkLockFile0ErrorCode
2025-09-22 06:52:52,019 [ERROR] LogOutputStream:75 - [STDERR_REDIRECT] WARNING: Could not lock System prefs. Unix error code 2.
2025-09-22 06:52:52,019 [ERROR] LogOutputStream:75 - [STDERR_REDIRECT] 
2025-09-22 06:52:52,020 [ERROR] LogOutputStream:75 - [STDERR_REDIRECT] Sep 22, 2025 6:52:52 AM java.util.prefs.FileSystemPreferences syncWorld
2025-09-22 06:52:52,020 [ERROR] LogOutputStream:75 - [STDERR_REDIRECT] WARNING: Couldn't flush system prefs: java.util.prefs.BackingStoreException: Couldn't get file lock.
2025-09-22 06:52:52,020 [ERROR] LogOutputStream:75 - [STDERR_REDIRECT] 
2025-09-22 06:53:07,890 [ERROR] ConfigurationRetriever:142 - IOException on connection: sw-center.st.com
2025-09-22 06:53:07,891 [ERROR] ConfigurationRetriever:142 - IOException on connection: sw-center.st.com
2025-09-22 06:53:07,891 [ERROR] ConfigurationRetriever:142 - IOException on connection: sw-center.st.com
2025-09-22 06:53:08,919 [ERROR] LogOutputStream:75 - [STDERR_REDIRECT] 
2025-09-22 06:53:20,889 [INFO] Activator:176 - 


2025-09-22 06:53:20,892 [INFO] Activator:177 - !SESSION log4j initialized
2025-09-22 06:53:26,485 [INFO] LogOutputStream:77 - [STDOUT_REDIRECT] 
2025-09-22 06:53:27,053 [ERROR] ConfigurationRetriever:142 - IOException on connection: sw-center.st.com
2025-09-22 06:53:27,054 [ERROR] ConfigurationRetriever:142 - IOException on connection: sw-center.st.com
2025-09-22 06:53:27,055 [ERROR] ConfigurationRetriever:142 - IOException on connection: sw-center.st.com
2025-09-22 06:53:27,561 [INFO] ApplicationProperties:184 - Using Application install path: /opt/st/stm32cubeide_1.19.0/plugins/com.st.stm32cube.common.mx_6.15.0.202507011659
2025-09-22 06:53:27,604 [INFO] DbMcusXml:78 - Set database path to: /opt/st/stm32cubeide_1.19.0/plugins/com.st.stm32cube.common.mx_6.15.0.202507011659//db//mcu/
2025-09-22 06:53:27,605 [INFO] ApiDb:274 - Set plugin database path to: /opt/st/stm32cubeide_1.19.0/plugins/com.st.stm32cube.common.mx_6.15.0.202507011659//db//plugins/boardmanager/
2025-09-22 06:53:27,606 [WARN] ApiDb:259 - Overriding images path with different value:  => /opt/st/stm32cubeide_1.19.0/plugins/com.st.stm32cube.common.mx_6.15.0.202507011659//db//plugins/mcufinder/images/
2025-09-22 06:53:27,614 [INFO] ApiDb:250 - Set database path to: /home/tomas1908/.stmcufinder/plugins/mcufinder//mcu/
2025-09-22 06:53:27,616 [INFO] DbMcusAds:125 - Set database path to: /home/tomas1908/.stmcufinder/plugins/mcufinder//mcu/
2025-09-22 06:53:27,620 [INFO] CrossReferenceDbSqlite:203 - Set database path to: /home/tomas1908/.stmcufinder/plugins/mcufinder//mcu/cs/
2025-09-22 06:53:27,913 [INFO] RulesReader:64 - Compatibility file has been processed (317 Rules)
2025-09-22 06:53:28,015 [INFO] DbMcusXml:78 - Set database path to: /opt/st/stm32cubeide_1.19.0/plugins/com.st.stm32cube.common.mx_6.15.0.202507011659//db//mcu/
2025-09-22 06:53:28,015 [INFO] ApiDb:274 - Set plugin database path to: /opt/st/stm32cubeide_1.19.0/plugins/com.st.stm32cube.common.mx_6.15.0.202507011659//db//plugins/boardmanager/
2025-09-22 06:53:28,015 [INFO] ApiDb:261 - Set plugin images path to: /opt/st/stm32cubeide_1.19.0/plugins/com.st.stm32cube.common.mx_6.15.0.202507011659//db//plugins/mcufinder/images/
2025-09-22 06:53:28,016 [WARN] DbFile:41 - Overriding database path with different value: /home/tomas1908/.stmcufinder/plugins/mcufinder/ => /home/tomas1908/.stmcufinder/plugins/mcufinder
2025-09-22 06:53:28,016 [INFO] ApiDb:250 - Set database path to: /home/tomas1908/.stmcufinder/plugins/mcufinder//mcu/
2025-09-22 06:53:28,016 [WARN] DbFile:41 - Overriding database path with different value: /home/tomas1908/.stmcufinder/plugins/mcufinder/ => /home/tomas1908/.stmcufinder/plugins/mcufinder
2025-09-22 06:53:28,016 [INFO] DbMcusAds:125 - Set database path to: /home/tomas1908/.stmcufinder/plugins/mcufinder//mcu/
2025-09-22 06:53:28,016 [WARN] DbFile:41 - Overriding database path with different value: /home/tomas1908/.stmcufinder/plugins/mcufinder/ => /home/tomas1908/.stmcufinder/plugins/mcufinder
2025-09-22 06:53:28,016 [WARN] DbFile:41 - Overriding database path with different value: /home/tomas1908/.stmcufinder/plugins/mcufinder/ => /home/tomas1908/.stmcufinder/plugins/mcufinder
2025-09-22 06:53:28,017 [INFO] CrossReferenceDbSqlite:203 - Set database path to: /home/tomas1908/.stmcufinder/plugins/mcufinder//mcu/cs/
2025-09-22 06:53:28,136 [INFO] MainPanel:274 - HeapMemory: 268435456
2025-09-22 06:53:28,342 [INFO] DbMcusXml:78 - Set database path to: /opt/st/stm32cubeide_1.19.0/plugins/com.st.stm32cube.common.mx_6.15.0.202507011659//db//mcu/
2025-09-22 06:53:28,343 [INFO] ApiDb:274 - Set plugin database path to: /opt/st/stm32cubeide_1.19.0/plugins/com.st.stm32cube.common.mx_6.15.0.202507011659//db//plugins/boardmanager/
2025-09-22 06:53:28,343 [INFO] ApiDb:261 - Set plugin images path to: /opt/st/stm32cubeide_1.19.0/plugins/com.st.stm32cube.common.mx_6.15.0.202507011659//db//plugins/mcufinder/images/
2025-09-22 06:53:28,344 [WARN] DbFile:41 - Overriding database path with different value: /home/tomas1908/.stmcufinder/plugins/mcufinder/ => /home/tomas1908/.stmcufinder/plugins/mcufinder
2025-09-22 06:53:28,344 [INFO] ApiDb:250 - Set database path to: /home/tomas1908/.stmcufinder/plugins/mcufinder//mcu/
2025-09-22 06:53:28,344 [WARN] DbFile:41 - Overriding database path with different value: /home/tomas1908/.stmcufinder/plugins/mcufinder/ => /home/tomas1908/.stmcufinder/plugins/mcufinder
2025-09-22 06:53:28,344 [INFO] DbMcusAds:125 - Set database path to: /home/tomas1908/.stmcufinder/plugins/mcufinder//mcu/
2025-09-22 06:53:28,345 [WARN] DbFile:41 - Overriding database path with different value: /home/tomas1908/.stmcufinder/plugins/mcufinder/ => /home/tomas1908/.stmcufinder/plugins/mcufinder
2025-09-22 06:53:28,345 [WARN] DbFile:41 - Overriding database path with different value: /home/tomas1908/.stmcufinder/plugins/mcufinder/ => /home/tomas1908/.stmcufinder/plugins/mcufinder
2025-09-22 06:53:28,345 [INFO] CrossReferenceDbSqlite:203 - Set database path to: /home/tomas1908/.stmcufinder/plugins/mcufinder//mcu/cs/
2025-09-22 06:53:28,377 [INFO] ApplicationProperties:184 - Using Application install path: /opt/st/stm32cubeide_1.19.0/plugins/com.st.stm32cube.common.mx_6.15.0.202507011659
2025-09-22 06:53:28,381 [INFO] PluginManage:196 - Search for loadable plugins [exclusion list=, ]
2025-09-22 06:53:28,383 [INFO] PluginManage:310 - Check plugin analytics
2025-09-22 06:53:28,719 [INFO] AnalyticsPlugin:253 - Accepted Software Licenses: 
2025-09-22 06:53:28,720 [INFO] AnalyticsPlugin:255 - Accepted CMSIS Pack Licenses: 
2025-09-22 06:53:28,720 [INFO] AnalyticsPlugin:257 - Accepted Firmware Licenses: FW.F4.1.28.0
2025-09-22 06:53:28,725 [INFO] PluginManage:359 - Loaded plugin analytics (category:tool,tabindex:-1)
2025-09-22 06:53:28,726 [INFO] PluginManage:310 - Check plugin cadmodel
2025-09-22 06:53:28,726 [ERROR] ConfigurationRetriever:142 - IOException on connection: sw-center.st.com
2025-09-22 06:53:28,727 [ERROR] ConfigurationRetriever:142 - IOException on connection: sw-center.st.com
2025-09-22 06:53:28,728 [ERROR] ConfigurationRetriever:142 - IOException on connection: sw-center.st.com
2025-09-22 06:53:28,732 [INFO] CADModel:105 - Init CAD model plugin
2025-09-22 06:53:28,732 [INFO] PluginManage:359 - Loaded plugin cadmodel (category:power,tabindex:5)
2025-09-22 06:53:28,732 [INFO] PluginManage:310 - Check plugin clock
2025-09-22 06:53:28,747 [INFO] PluginManage:359 - Loaded plugin clock (category:base,tabindex:2)
2025-09-22 06:53:28,747 [INFO] PluginManage:310 - Check plugin ddr
2025-09-22 06:53:28,750 [INFO] PluginManage:359 - Loaded plugin ddr (category:tool,tabindex:6)
2025-09-22 06:53:28,751 [INFO] PluginManage:310 - Check plugin filemanager
2025-09-22 06:53:29,071 [INFO] PluginManage:359 - Loaded plugin filemanager (category:base,tabindex:10)
2025-09-22 06:53:29,071 [INFO] PluginManage:310 - Check plugin ipmanager
2025-09-22 06:53:29,080 [INFO] PluginManage:359 - Loaded plugin ipmanager (category:base,tabindex:5)
2025-09-22 06:53:29,080 [INFO] PluginManage:310 - Check plugin lpbam
2025-09-22 06:53:29,093 [INFO] PluginManage:359 - Loaded plugin lpbam (category:base,tabindex:0)
2025-09-22 06:53:29,093 [INFO] PluginManage:310 - Check plugin memorymap
2025-09-22 06:53:29,112 [INFO] PluginManage:359 - Loaded plugin memorymap (category:base,tabindex:4)
2025-09-22 06:53:29,112 [INFO] PluginManage:310 - Check plugin pinoutandconfiguration
2025-09-22 06:53:29,125 [INFO] PluginManage:359 - Loaded plugin pinoutandconfiguration (category:base,tabindex:1)
2025-09-22 06:53:29,125 [INFO] PluginManage:310 - Check plugin pinoutconfig
2025-09-22 06:53:29,293 [WARN] SupportedApi:132 - Cannot load RTOS API schema: s4s-elt-must-match.1: The content of 'definitions' must match (annotation?, (simpleType | complexType)?, (unique | key | keyref)*)). A problem was found starting at: attribute.
2025-09-22 06:53:29,494 [INFO] PluginManage:359 - Loaded plugin pinoutconfig (category:base,tabindex:0)
2025-09-22 06:53:29,494 [INFO] PluginManage:310 - Check plugin power
2025-09-22 06:53:29,505 [INFO] PluginManage:359 - Loaded plugin power (category:power,tabindex:4)
2025-09-22 06:53:29,505 [INFO] PluginManage:310 - Check plugin projectmanager
2025-09-22 06:53:29,529 [INFO] PluginManage:359 - Loaded plugin projectmanager (category:projectmanager,tabindex:4)
2025-09-22 06:53:29,530 [INFO] PluginManage:310 - Check plugin rif
2025-09-22 06:53:29,543 [INFO] PluginManage:359 - Loaded plugin rif (category:base,tabindex:3)
2025-09-22 06:53:29,543 [INFO] PluginManage:310 - Check plugin thirdparty
2025-09-22 06:53:29,748 [INFO] PluginManage:359 - Loaded plugin thirdparty (category:base,tabindex:-1)
2025-09-22 06:53:29,748 [WARN] IntegrityCheckThread:84 - waiting for thirdparty lock release [integrity check]
2025-09-22 06:53:29,749 [INFO] PluginManage:310 - Check plugin tools
2025-09-22 06:53:29,749 [INFO] IntegrityCheckThread:86 - entering critical section [integrity check]
2025-09-22 06:53:29,749 [INFO] ThirdPartyUpdaterWithRetryManager:70 - Updater plugin not ready yet. [1/15]
2025-09-22 06:53:29,753 [INFO] PluginManage:359 - Loaded plugin tools (category:base,tabindex:7)
2025-09-22 06:53:29,753 [INFO] PluginManage:310 - Check plugin tutovideos
2025-09-22 06:53:30,075 [INFO] PluginManage:359 - Loaded plugin tutovideos (category:base,tabindex:-1)
2025-09-22 06:53:30,076 [INFO] PluginManage:310 - Check plugin updater
2025-09-22 06:53:30,116 [INFO] PluginManage:359 - Loaded plugin updater (category:base,tabindex:12)
2025-09-22 06:53:30,117 [INFO] PluginManage:310 - Check plugin userauth
2025-09-22 06:53:30,123 [INFO] UserAuth:118 - Init User Auth plugin
2025-09-22 06:53:30,125 [INFO] PluginManage:359 - Loaded plugin userauth (category:base,tabindex:14)
2025-09-22 06:53:30,126 [INFO] PluginManage:283 - PluginManage : Loaded plugins [18]
2025-09-22 06:53:30,377 [INFO] PinOutPanel:1589 - setPackage(No Configuration,No Configuration)
2025-09-22 06:53:30,474 [INFO] CADModel:165 - CPN selected for project level
2025-09-22 06:53:30,474 [INFO] CADModel:114 - Register for checkConnection events
2025-09-22 06:53:30,491 [INFO] IPUIPlugin:80 - create IPUIPlugin
2025-09-22 06:53:30,491 [INFO] PluginManager:220 - loadIPPluginJar : add i2c
2025-09-22 06:53:30,500 [INFO] IPUIPlugin:80 - create IPUIPlugin
2025-09-22 06:53:30,500 [INFO] PluginManager:220 - loadIPPluginJar : add mdma
2025-09-22 06:53:30,503 [INFO] IPUIPlugin:80 - create IPUIPlugin
2025-09-22 06:53:30,504 [INFO] PluginManager:220 - loadIPPluginJar : add aes
2025-09-22 06:53:30,506 [INFO] IPUIPlugin:80 - create IPUIPlugin
2025-09-22 06:53:30,507 [INFO] PluginManager:220 - loadIPPluginJar : add can
2025-09-22 06:53:30,514 [INFO] IPUIPlugin:80 - create IPUIPlugin
2025-09-22 06:53:30,514 [INFO] PluginManager:220 - loadIPPluginJar : add freertos
2025-09-22 06:53:30,517 [INFO] IPUIPlugin:80 - create IPUIPlugin
2025-09-22 06:53:30,517 [INFO] PluginManager:220 - loadIPPluginJar : add gtzc
2025-09-22 06:53:30,519 [INFO] IPUIPlugin:80 - create IPUIPlugin
2025-09-22 06:53:30,519 [INFO] PluginManager:220 - loadIPPluginJar : add ts
2025-09-22 06:53:30,530 [INFO] IPUIPlugin:80 - create IPUIPlugin
2025-09-22 06:53:30,530 [INFO] PluginManager:220 - loadIPPluginJar : add stm32_wpan
2025-09-22 06:53:30,532 [INFO] IPUIPlugin:80 - create IPUIPlugin
2025-09-22 06:53:30,532 [INFO] PluginManager:220 - loadIPPluginJar : add fatfs
2025-09-22 06:53:30,540 [INFO] IPUIPlugin:80 - create IPUIPlugin
2025-09-22 06:53:30,540 [INFO] PluginManager:220 - loadIPPluginJar : add dma
2025-09-22 06:53:30,544 [INFO] IPUIPlugin:80 - create IPUIPlugin
2025-09-22 06:53:30,544 [INFO] PluginManager:220 - loadIPPluginJar : add usbx
2025-09-22 06:53:30,547 [INFO] IPUIPlugin:80 - create IPUIPlugin
2025-09-22 06:53:30,547 [INFO] PluginManager:220 - loadIPPluginJar : add hash
2025-09-22 06:53:30,549 [INFO] IPUIPlugin:80 - create IPUIPlugin
2025-09-22 06:53:30,549 [INFO] PluginManager:220 - loadIPPluginJar : add cryp
2025-09-22 06:53:30,552 [INFO] IPUIPlugin:80 - create IPUIPlugin
2025-09-22 06:53:30,553 [INFO] PluginManager:220 - loadIPPluginJar : add openamp
2025-09-22 06:53:30,554 [INFO] IPUIPlugin:80 - create IPUIPlugin
2025-09-22 06:53:30,554 [INFO] PluginManager:220 - loadIPPluginJar : add genericplugin
2025-09-22 06:53:30,558 [INFO] IPUIPlugin:80 - create IPUIPlugin
2025-09-22 06:53:30,558 [INFO] PluginManager:220 - loadIPPluginJar : add ipddr
2025-09-22 06:53:30,562 [INFO] IPUIPlugin:80 - create IPUIPlugin
2025-09-22 06:53:30,562 [INFO] PluginManager:220 - loadIPPluginJar : add opamp
2025-09-22 06:53:30,563 [INFO] IPUIPlugin:80 - create IPUIPlugin
2025-09-22 06:53:30,563 [INFO] PluginManager:220 - loadIPPluginJar : add ltdc
2025-09-22 06:53:30,566 [INFO] IPUIPlugin:80 - create IPUIPlugin
2025-09-22 06:53:30,566 [INFO] PluginManager:220 - loadIPPluginJar : add dfsdm
2025-09-22 06:53:30,572 [INFO] IPUIPlugin:80 - create IPUIPlugin
2025-09-22 06:53:30,573 [INFO] PluginManager:220 - loadIPPluginJar : add gic
2025-09-22 06:53:30,576 [INFO] IPUIPlugin:80 - create IPUIPlugin
2025-09-22 06:53:30,576 [INFO] PluginManager:220 - loadIPPluginJar : add extmemmanager
2025-09-22 06:53:30,578 [INFO] IPUIPlugin:80 - create IPUIPlugin
2025-09-22 06:53:30,578 [INFO] PluginManager:220 - loadIPPluginJar : add ucpd
2025-09-22 06:53:30,580 [INFO] IPUIPlugin:80 - create IPUIPlugin
2025-09-22 06:53:30,580 [INFO] PluginManager:220 - loadIPPluginJar : add tracer_emb
2025-09-22 06:53:30,582 [INFO] IPUIPlugin:80 - create IPUIPlugin
2025-09-22 06:53:30,583 [INFO] PluginManager:220 - loadIPPluginJar : add radio
2025-09-22 06:53:30,585 [INFO] IPUIPlugin:80 - create IPUIPlugin
2025-09-22 06:53:30,586 [INFO] PluginManager:220 - loadIPPluginJar : add pdm2pcm
2025-09-22 06:53:30,588 [INFO] IPUIPlugin:80 - create IPUIPlugin
2025-09-22 06:53:30,588 [INFO] PluginManager:220 - loadIPPluginJar : add spi
2025-09-22 06:53:30,590 [INFO] IPUIPlugin:80 - create IPUIPlugin
2025-09-22 06:53:30,590 [INFO] PluginManager:220 - loadIPPluginJar : add tim
2025-09-22 06:53:30,599 [INFO] IPUIPlugin:80 - create IPUIPlugin
2025-09-22 06:53:30,603 [INFO] PluginManager:220 - loadIPPluginJar : add plateformsettings
2025-09-22 06:53:30,607 [INFO] IPUIPlugin:80 - create IPUIPlugin
2025-09-22 06:53:30,607 [INFO] PluginManager:220 - loadIPPluginJar : add touchsensing
2025-09-22 06:53:30,613 [INFO] IPUIPlugin:80 - create IPUIPlugin
2025-09-22 06:53:30,613 [INFO] PluginManager:220 - loadIPPluginJar : add gpio
2025-09-22 06:53:30,622 [INFO] IPUIPlugin:80 - create IPUIPlugin
2025-09-22 06:53:30,622 [INFO] PluginManager:220 - loadIPPluginJar : add adc
2025-09-22 06:53:30,632 [INFO] IPUIPlugin:80 - create IPUIPlugin
2025-09-22 06:53:30,633 [INFO] PluginManager:220 - loadIPPluginJar : add linkedlist
2025-09-22 06:53:30,635 [INFO] IPUIPlugin:80 - create IPUIPlugin
2025-09-22 06:53:30,635 [INFO] PluginManager:220 - loadIPPluginJar : add comp
2025-09-22 06:53:30,641 [INFO] IPUIPlugin:80 - create IPUIPlugin
2025-09-22 06:53:30,641 [INFO] PluginManager:220 - loadIPPluginJar : add fmc
2025-09-22 06:53:30,643 [INFO] IPUIPlugin:80 - create IPUIPlugin
2025-09-22 06:53:30,643 [INFO] PluginManager:220 - loadIPPluginJar : add tsc
2025-09-22 06:53:30,647 [INFO] IPUIPlugin:80 - create IPUIPlugin
2025-09-22 06:53:30,647 [INFO] PluginManager:220 - loadIPPluginJar : add sai
2025-09-22 06:53:30,650 [INFO] IPUIPlugin:80 - create IPUIPlugin
2025-09-22 06:53:30,651 [INFO] PluginManager:220 - loadIPPluginJar : add usart
2025-09-22 06:53:30,655 [INFO] IPUIPlugin:80 - create IPUIPlugin
2025-09-22 06:53:30,655 [INFO] PluginManager:220 - loadIPPluginJar : add nvic
2025-09-22 06:53:30,659 [INFO] IPUIPlugin:80 - create IPUIPlugin
2025-09-22 06:53:30,660 [INFO] PluginManager:220 - loadIPPluginJar : add resmgrutility
2025-09-22 06:53:30,662 [INFO] IPUIPlugin:80 - create IPUIPlugin
2025-09-22 06:53:30,663 [INFO] PluginManager:220 - loadIPPluginJar : add lorawan
2025-09-22 06:53:30,665 [INFO] IPUIPlugin:80 - create IPUIPlugin
2025-09-22 06:53:30,665 [INFO] PluginManager:220 - loadIPPluginJar : add gfxmmu
2025-09-22 06:53:30,667 [INFO] IPUIPlugin:80 - create IPUIPlugin
2025-09-22 06:53:30,667 [INFO] PluginManager:220 - loadIPPluginJar : add dma3
2025-09-22 06:53:30,670 [INFO] IPUIPlugin:80 - create IPUIPlugin
2025-09-22 06:53:30,671 [INFO] PluginManager:220 - loadIPPluginJar : add i3c
2025-09-22 06:53:30,672 [INFO] IPUIPlugin:80 - create IPUIPlugin
2025-09-22 06:53:30,672 [INFO] PluginManager:220 - loadIPPluginJar : add quadspi
2025-09-22 06:53:30,676 [INFO] IPUIPlugin:80 - create IPUIPlugin
2025-09-22 06:53:30,676 [INFO] PluginManager:220 - loadIPPluginJar : add ddr_ctrl_phy
2025-09-22 06:53:30,679 [INFO] IPUIPlugin:80 - create IPUIPlugin
2025-09-22 06:53:30,679 [INFO] PluginManager:220 - loadIPPluginJar : add i2s
2025-09-22 06:53:30,802 [FATAL] Updater:351 - Updater called before beeing initialized
2025-09-22 06:53:30,853 [INFO] RulesReader:64 - Compatibility file has been processed (317 Rules)
2025-09-22 06:53:30,874 [INFO] RulesReader:64 - Compatibility file has been processed (317 Rules)
2025-09-22 06:53:30,885 [INFO] CADModel:165 - CPN selected for project level
2025-09-22 06:53:30,886 [INFO] CADModel:114 - Register for checkConnection events
2025-09-22 06:53:30,886 [FATAL] Updater:351 - Updater called before beeing initialized
2025-09-22 06:53:30,886 [ERROR] CADModel:125 - Updater not yet initialized, retry later 
2025-09-22 06:53:31,130 [FATAL] Updater:351 - Updater called before beeing initialized
2025-09-22 06:53:31,134 [INFO] CADModel:165 - CPN selected for project level
2025-09-22 06:53:31,134 [INFO] CADModel:114 - Register for checkConnection events
2025-09-22 06:53:31,134 [FATAL] Updater:351 - Updater called before beeing initialized
2025-09-22 06:53:31,134 [ERROR] CADModel:125 - Updater not yet initialized, retry later 
2025-09-22 06:53:31,140 [FATAL] Updater:351 - Updater called before beeing initialized
2025-09-22 06:53:31,306 [FATAL] Updater:351 - Updater called before beeing initialized
2025-09-22 06:53:31,315 [INFO] DbMcusAds:53 - JSON generation date=Tue Jul 08 05:14:23 ART 2025 (1751962463582)
2025-09-22 06:53:31,316 [FATAL] Updater:351 - Updater called before beeing initialized
2025-09-22 06:53:31,376 [WARN] DetailPanel:346 - Failed to get advertising image, set to default
2025-09-22 06:53:31,538 [FATAL] Updater:351 - Updater called before beeing initialized
2025-09-22 06:53:31,541 [FATAL] Updater:351 - Updater called before beeing initialized
2025-09-22 06:53:31,541 [FATAL] Updater:351 - Updater called before beeing initialized
2025-09-22 06:53:31,541 [WARN] DetailPanel:346 - Failed to get advertising image, set to default
2025-09-22 06:53:31,543 [FATAL] Updater:351 - Updater called before beeing initialized
2025-09-22 06:53:31,603 [ERROR] Updater:1198 - MainUpdater not yet initialized. External WinMGr cannot be set.
2025-09-22 06:53:31,605 [INFO] Updater:1134 - Updater Version found : 6.15.0
2025-09-22 06:53:31,633 [INFO] ApplicationProperties:184 - Using Application install path: /opt/st/stm32cubeide_1.19.0/plugins/com.st.stm32cube.common.mx_6.15.0.202507011659
2025-09-22 06:53:31,654 [ERROR] LogOutputStream:75 - [STDERR_REDIRECT] Sep 22, 2025 6:53:31 AM java.util.prefs.FileSystemPreferences$2 run
2025-09-22 06:53:31,654 [ERROR] LogOutputStream:75 - [STDERR_REDIRECT] WARNING: Could not create system preferences directory. System preferences are unusable.
2025-09-22 06:53:31,654 [ERROR] LogOutputStream:75 - [STDERR_REDIRECT] 
2025-09-22 06:53:31,924 [INFO] MainUpdater:2872 - connection check result : 22
2025-09-22 06:53:31,925 [INFO] MainUpdater:289 - Updater Check For Update Now.
2025-09-22 06:53:31,926 [INFO] MicroXplorer:498 - Change Database Version : DB.6.0.150
2025-09-22 06:53:31,932 [INFO] McuFinderGlobals:63 - Set McuFinder mode to 2 (CubeIDE integrated)
2025-09-22 06:53:31,932 [INFO] UserAuth:487 - Internet connection configuration mode: 2
2025-09-22 06:53:31,940 [INFO] UserAuth:487 - Internet connection configuration mode: 2
2025-09-22 06:53:32,209 [INFO] CheckServerUpdateThread:120 - End of CheckServer Thread
2025-09-22 06:53:32,904 [WARN] PackLoader:240 - Cannot read IP mode file for STMicroelectronics.FP-SNS-MOTENVWB1.1.4.0
2025-09-22 06:53:32,915 [WARN] PackLoader:240 - Cannot read IP mode file for STMicroelectronics.FP-ATR-ASTRA1.2.0.2
2025-09-22 06:53:32,924 [WARN] PackLoader:240 - Cannot read IP mode file for STMicroelectronics.X-CUBE-SMBUS.2.1.0
2025-09-22 06:53:32,930 [WARN] PackLoader:240 - Cannot read IP mode file for STMicroelectronics.X-CUBE-ST60.1.0.0
2025-09-22 06:53:32,983 [WARN] PackLoader:240 - Cannot read IP mode file for STMicroelectronics.X-CUBE-AZRTOS-F7.1.1.0
2025-09-22 06:53:32,995 [WARN] PackLoader:240 - Cannot read IP mode file for Cesanta.I-CUBE-Mongoose.7.19.0
2025-09-22 06:53:33,008 [WARN] PackLoader:240 - Cannot read IP mode file for WES.I-CUBE-Cesium.1.4.0
2025-09-22 06:53:33,059 [WARN] PackLoader:240 - Cannot read IP mode file for Infineon.AIROC-Wi-Fi-Bluetooth-STM32.1.7.1
2025-09-22 06:53:33,080 [WARN] PackLoader:240 - Cannot read IP mode file for STMicroelectronics.X-CUBE-DISPLAY.3.0.0
2025-09-22 06:53:33,102 [WARN] PackLoader:240 - Cannot read IP mode file for STMicroelectronics.X-CUBE-NFC10.1.0.0
2025-09-22 06:53:33,112 [WARN] PackLoader:240 - Cannot read IP mode file for emotas.I-CUBE-CANOPEN.1.3.0
2025-09-22 06:53:33,118 [WARN] PackLoader:240 - Cannot read IP mode file for STMicroelectronics.FP-SNS-SMARTAG2.1.2.0
2025-09-22 06:53:33,123 [WARN] PackLoader:240 - Cannot read IP mode file for STMicroelectronics.FP-SNS-FLIGHT1.5.1.0
2025-09-22 06:53:33,136 [INFO] LogOutputStream:77 - [STDOUT_REDIRECT] 1 : Invalid condition id : UX_CORESTACK_Condition cause : null
2025-09-22 06:53:33,137 [INFO] LogOutputStream:77 - [STDOUT_REDIRECT] 1 : Invalid condition id : UX_CORESTACK_Condition cause : null
2025-09-22 06:53:33,137 [INFO] LogOutputStream:77 - [STDOUT_REDIRECT] 1 : Invalid condition id : UX_CORESTACK_Condition cause : null
2025-09-22 06:53:33,137 [INFO] LogOutputStream:77 - [STDOUT_REDIRECT] 1 : Invalid condition id : UX_CORESTACK_Condition cause : null
2025-09-22 06:53:33,138 [INFO] LogOutputStream:77 - [STDOUT_REDIRECT] 1 : Invalid condition id : UX_CORESTACK_Condition cause : null
2025-09-22 06:53:33,144 [WARN] PackLoader:240 - Cannot read IP mode file for STMicroelectronics.X-CUBE-AZRTOS-WL.2.0.0
2025-09-22 06:53:33,151 [WARN] PackLoader:240 - Cannot read IP mode file for STMicroelectronics.FP-SNS-MOTENV1.5.0.0
2025-09-22 06:53:33,162 [WARN] PackLoader:240 - Cannot read IP mode file for STMicroelectronics.X-CUBE-BLE2.3.3.0
2025-09-22 06:53:33,170 [WARN] PackLoader:240 - Cannot read IP mode file for STMicroelectronics.X-CUBE-NFC9.1.0.0
2025-09-22 06:53:33,201 [WARN] PackLoader:240 - Cannot read IP mode file for STMicroelectronics.X-CUBE-BLE1.7.1.0
2025-09-22 06:53:33,243 [WARN] PackLoader:240 - Cannot read IP mode file for STMicroelectronics.X-CUBE-AZRTOS-G0.1.1.0
2025-09-22 06:53:33,256 [WARN] PackLoader:240 - Cannot read IP mode file for STMicroelectronics.X-CUBE-SAFEA1.1.2.2
2025-09-22 06:53:33,263 [WARN] PackLoader:240 - Cannot read IP mode file for STMicroelectronics.X-CUBE-NFC4.3.0.0
2025-09-22 06:53:33,275 [WARN] PackLoader:240 - Cannot read IP mode file for EmbeddedOffice.I-CUBE-FS-RTOS.1.0.1
2025-09-22 06:53:33,282 [WARN] PackLoader:240 - Cannot read IP mode file for STMicroelectronics.X-CUBE-WB05N.2.0.0
2025-09-22 06:53:33,289 [WARN] PackLoader:240 - Cannot read IP mode file for STMicroelectronics.X-CUBE-TCPP.4.2.0
2025-09-22 06:53:33,296 [WARN] PackLoader:240 - Cannot read IP mode file for RealThread.X-CUBE-RT-Thread_Nano.4.1.1
2025-09-22 06:53:33,300 [WARN] PackLoader:240 - Cannot read IP mode file for STMicroelectronics.FP-ATR-SIGFOX1.3.2.0
2025-09-22 06:53:33,306 [WARN] PackLoader:240 - Cannot read IP mode file for ITTIA_DB.I-CUBE-ITTIADB.8.9.0
2025-09-22 06:53:33,313 [WARN] PackLoader:240 - Cannot read IP mode file for STMicroelectronics.X-CUBE-ST67W61.1.0.0
2025-09-22 06:53:33,351 [WARN] PackLoader:240 - Cannot read IP mode file for SEGGER.I-CUBE-embOS.1.3.1
2025-09-22 06:53:33,413 [WARN] PackLoader:240 - Cannot read IP mode file for STMicroelectronics.X-CUBE-ALGOBUILD.1.4.0
2025-09-22 06:53:33,488 [WARN] PackLoader:240 - Cannot read IP mode file for STMicroelectronics.X-CUBE-MEMS1.11.3.0
2025-09-22 06:53:33,786 [WARN] PackLoader:240 - Cannot read IP mode file for STMicroelectronics.X-CUBE-PM33A1.1.0.0
2025-09-22 06:53:33,824 [WARN] PackLoader:240 - Cannot read IP mode file for STMicroelectronics.X-CUBE-AZRTOS-F4.1.1.0
2025-09-22 06:53:33,832 [WARN] PackLoader:240 - Cannot read IP mode file for Avnet-IotConnect.X-CUBE-IoTC-DA16k-PMOD.1.0.0
2025-09-22 06:53:33,835 [WARN] PackLoader:240 - Cannot read IP mode file for STMicroelectronics.X-CUBE-ISPU.2.1.0
2025-09-22 06:53:33,860 [WARN] PackLoader:240 - Cannot read IP mode file for STMicroelectronics.X-CUBE-AZRTOS-L5.2.0.0
2025-09-22 06:53:33,873 [WARN] PackLoader:240 - Cannot read IP mode file for STMicroelectronics.X-CUBE-NFC6.3.1.0
2025-09-22 06:53:33,893 [WARN] PackLoader:240 - Cannot read IP mode file for STMicroelectronics.X-CUBE-FREERTOS.1.3.1
2025-09-22 06:53:33,901 [WARN] PackLoader:240 - Cannot read IP mode file for STMicroelectronics.X-CUBE-DPower.1.3.0
2025-09-22 06:53:33,927 [WARN] ConditionMgr:438 - getConditionDescription Invalid condition id : LAN8742 Phy interface Condition cause : null
2025-09-22 06:53:33,927 [WARN] PackLoader:240 - Cannot read IP mode file for STMicroelectronics.X-CUBE-AZRTOS-L4.2.0.0
2025-09-22 06:53:33,929 [WARN] ConditionMgr:1044 - genDependencies : Invalid condition id : LAN8742 Phy interface Condition cause : null
2025-09-22 06:53:33,929 [WARN] ConditionMgr:1044 - genDependencies : Invalid condition id : LAN8742 Phy interface Condition cause : null
2025-09-22 06:53:33,930 [WARN] ConditionMgr:1044 - genDependencies : Invalid condition id : LAN8742 Phy interface Condition cause : null
2025-09-22 06:53:33,939 [WARN] PackLoader:240 - Cannot read IP mode file for STMicroelectronics.X-CUBE-SFXS2LP1.4.0.0
2025-09-22 06:53:33,956 [WARN] ConditionMgr:438 - getConditionDescription Invalid condition id : UX DEVICE CLASS RTOS Condition cause : null
2025-09-22 06:53:33,956 [WARN] ConditionMgr:438 - getConditionDescription Invalid condition id : UX DEVICE CLASS RTOS Condition cause : null
2025-09-22 06:53:33,961 [WARN] PackLoader:240 - Cannot read IP mode file for STMicroelectronics.X-CUBE-AZRTOS-WB.2.0.0
2025-09-22 06:53:33,963 [WARN] ConditionMgr:1044 - genDependencies : Invalid condition id : UX DEVICE CLASS RTOS Condition cause : null
2025-09-22 06:53:33,963 [WARN] ConditionMgr:1044 - genDependencies : Invalid condition id : UX DEVICE CLASS RTOS Condition cause : null
2025-09-22 06:53:33,964 [WARN] ConditionMgr:1044 - genDependencies : Invalid condition id : UX DEVICE CLASS RTOS Condition cause : null
2025-09-22 06:53:33,964 [WARN] ConditionMgr:1044 - genDependencies : Invalid condition id : UX DEVICE CLASS RTOS Condition cause : null
2025-09-22 06:53:33,964 [WARN] ConditionMgr:1044 - genDependencies : Invalid condition id : UX DEVICE CLASS RTOS Condition cause : null
2025-09-22 06:53:33,974 [WARN] PackLoader:240 - Cannot read IP mode file for STMicroelectronics.X-CUBE-GNSS1.7.0.1
2025-09-22 06:53:33,981 [WARN] PackLoader:240 - Cannot read IP mode file for STMicroelectronics.X-CUBE-TOUCHGFX.4.25.0
2025-09-22 06:53:33,985 [WARN] ConditionMgr:438 - getConditionDescription Invalid condition id : Cortex-A Device cause : null
2025-09-22 06:53:34,003 [WARN] ConditionMgr:1044 - genDependencies : Invalid condition id : Cortex-A Device cause : null
2025-09-22 06:53:34,003 [WARN] ConditionMgr:1044 - genDependencies : Invalid condition id : Cortex-A Device cause : null
2025-09-22 06:53:34,004 [WARN] ConditionMgr:1044 - genDependencies : Invalid condition id : Cortex-A Device cause : null
2025-09-22 06:53:34,021 [WARN] PackLoader:240 - Cannot read IP mode file for STMicroelectronics.X-CUBE-SUBG2.5.0.0
2025-09-22 06:53:34,058 [WARN] PackLoader:240 - Cannot read IP mode file for STMicroelectronics.X-CUBE-AZRTOS-H7RS.1.1.0
2025-09-22 06:53:34,078 [WARN] PackLoader:240 - Cannot read IP mode file for STMicroelectronics.X-CUBE-AZRTOS-G4.2.0.0
2025-09-22 06:53:34,084 [WARN] PackLoader:240 - Cannot read IP mode file for wolfSSL.I-CUBE-wolfSSH.1.4.20
2025-09-22 06:53:34,089 [WARN] PackLoader:240 - Cannot read IP mode file for STMicroelectronics.X-CUBE-NFC7.2.0.0
2025-09-22 06:53:34,106 [WARN] PackLoader:240 - Cannot read IP mode file for STMicroelectronics.X-CUBE-IPS.3.1.0
2025-09-22 06:53:34,117 [WARN] PackLoader:240 - Cannot read IP mode file for STMicroelectronics.X-CUBE-ALS.1.0.2
2025-09-22 06:53:34,131 [WARN] PackLoader:240 - Cannot read IP mode file for STMicroelectronics.X-CUBE-TOF1.3.4.3
2025-09-22 06:53:34,147 [INFO] ThirdParty:978 - Integrity check success = true
2025-09-22 06:53:34,147 [INFO] IntegrityCheckThread:100 - exiting critical section [integrity check]
2025-09-22 06:53:34,147 [INFO] IntegrityCheckThread:103 - End integrity checks thread
2025-09-22 06:53:43,427 [ERROR] ConfigurationRetriever:142 - IOException on connection: sw-center.st.com
2025-09-22 06:53:43,429 [ERROR] ConfigurationRetriever:142 - IOException on connection: sw-center.st.com
2025-09-22 06:53:43,429 [ERROR] ConfigurationRetriever:142 - IOException on connection: sw-center.st.com
2025-09-22 06:53:58,184 [ERROR] LogOutputStream:75 - [STDERR_REDIRECT] Sep 22, 2025 6:53:58 AM java.util.prefs.FileSystemPreferences checkLockFile0ErrorCode
2025-09-22 06:53:58,184 [ERROR] LogOutputStream:75 - [STDERR_REDIRECT] WARNING: Could not lock System prefs. Unix error code 2.
2025-09-22 06:53:58,195 [ERROR] LogOutputStream:75 - [STDERR_REDIRECT] 
2025-09-22 06:53:58,196 [ERROR] LogOutputStream:75 - [STDERR_REDIRECT] Sep 22, 2025 6:53:58 AM java.util.prefs.FileSystemPreferences syncWorld
2025-09-22 06:53:58,197 [ERROR] LogOutputStream:75 - [STDERR_REDIRECT] WARNING: Couldn't flush system prefs: java.util.prefs.BackingStoreException: Couldn't get file lock.
2025-09-22 06:53:58,197 [ERROR] LogOutputStream:75 - [STDERR_REDIRECT] 
2025-09-22 06:54:21,472 [ERROR] ConfigurationRetriever:142 - IOException on connection: sw-center.st.com
2025-09-22 06:54:21,473 [ERROR] ConfigurationRetriever:142 - IOException on connection: sw-center.st.com
2025-09-22 06:54:21,474 [ERROR] ConfigurationRetriever:142 - IOException on connection: sw-center.st.com
2025-09-22 06:54:28,186 [ERROR] LogOutputStream:75 - [STDERR_REDIRECT] Sep 22, 2025 6:54:28 AM java.util.prefs.FileSystemPreferences checkLockFile0ErrorCode
2025-09-22 06:54:28,187 [ERROR] LogOutputStream:75 - [STDERR_REDIRECT] WARNING: Could not lock System prefs. Unix error code 2.
2025-09-22 06:54:28,187 [ERROR] LogOutputStream:75 - [STDERR_REDIRECT] 
2025-09-22 06:54:28,188 [ERROR] LogOutputStream:75 - [STDERR_REDIRECT] Sep 22, 2025 6:54:28 AM java.util.prefs.FileSystemPreferences syncWorld
2025-09-22 06:54:28,188 [ERROR] LogOutputStream:75 - [STDERR_REDIRECT] WARNING: Couldn't flush system prefs: java.util.prefs.BackingStoreException: Couldn't get file lock.
2025-09-22 06:54:28,188 [ERROR] LogOutputStream:75 - [STDERR_REDIRECT] 
2025-09-22 06:54:58,174 [ERROR] LogOutputStream:75 - [STDERR_REDIRECT] Sep 22, 2025 6:54:58 AM java.util.prefs.FileSystemPreferences checkLockFile0ErrorCode
2025-09-22 06:54:58,175 [ERROR] LogOutputStream:75 - [STDERR_REDIRECT] WARNING: Could not lock System prefs. Unix error code 2.
2025-09-22 06:54:58,175 [ERROR] LogOutputStream:75 - [STDERR_REDIRECT] 
2025-09-22 06:54:58,176 [ERROR] LogOutputStream:75 - [STDERR_REDIRECT] Sep 22, 2025 6:54:58 AM java.util.prefs.FileSystemPreferences syncWorld
2025-09-22 06:54:58,176 [ERROR] LogOutputStream:75 - [STDERR_REDIRECT] WARNING: Couldn't flush system prefs: java.util.prefs.BackingStoreException: Couldn't get file lock.
2025-09-22 06:54:58,176 [ERROR] LogOutputStream:75 - [STDERR_REDIRECT] 
2025-09-22 06:55:28,175 [ERROR] LogOutputStream:75 - [STDERR_REDIRECT] Sep 22, 2025 6:55:28 AM java.util.prefs.FileSystemPreferences checkLockFile0ErrorCode
2025-09-22 06:55:28,175 [ERROR] LogOutputStream:75 - [STDERR_REDIRECT] WARNING: Could not lock System prefs. Unix error code 2.
2025-09-22 06:55:28,176 [ERROR] LogOutputStream:75 - [STDERR_REDIRECT] 
2025-09-22 06:55:28,176 [ERROR] LogOutputStream:75 - [STDERR_REDIRECT] Sep 22, 2025 6:55:28 AM java.util.prefs.FileSystemPreferences syncWorld
2025-09-22 06:55:28,177 [ERROR] LogOutputStream:75 - [STDERR_REDIRECT] WARNING: Couldn't flush system prefs: java.util.prefs.BackingStoreException: Couldn't get file lock.
2025-09-22 06:55:28,177 [ERROR] LogOutputStream:75 - [STDERR_REDIRECT] 
2025-09-22 06:55:58,175 [ERROR] LogOutputStream:75 - [STDERR_REDIRECT] Sep 22, 2025 6:55:58 AM java.util.prefs.FileSystemPreferences checkLockFile0ErrorCode
2025-09-22 06:55:58,176 [ERROR] LogOutputStream:75 - [STDERR_REDIRECT] WARNING: Could not lock System prefs. Unix error code 2.
2025-09-22 06:55:58,176 [ERROR] LogOutputStream:75 - [STDERR_REDIRECT] 
2025-09-22 06:55:58,177 [ERROR] LogOutputStream:75 - [STDERR_REDIRECT] Sep 22, 2025 6:55:58 AM java.util.prefs.FileSystemPreferences syncWorld
2025-09-22 06:55:58,177 [ERROR] LogOutputStream:75 - [STDERR_REDIRECT] WARNING: Couldn't flush system prefs: java.util.prefs.BackingStoreException: Couldn't get file lock.
2025-09-22 06:55:58,178 [ERROR] LogOutputStream:75 - [STDERR_REDIRECT] 
2025-09-22 06:56:28,175 [ERROR] LogOutputStream:75 - [STDERR_REDIRECT] Sep 22, 2025 6:56:28 AM java.util.prefs.FileSystemPreferences checkLockFile0ErrorCode
2025-09-22 06:56:28,175 [ERROR] LogOutputStream:75 - [STDERR_REDIRECT] WARNING: Could not lock System prefs. Unix error code 2.
2025-09-22 06:56:28,175 [ERROR] LogOutputStream:75 - [STDERR_REDIRECT] 
2025-09-22 06:56:28,176 [ERROR] LogOutputStream:75 - [STDERR_REDIRECT] Sep 22, 2025 6:56:28 AM java.util.prefs.FileSystemPreferences syncWorld
2025-09-22 06:56:28,176 [ERROR] LogOutputStream:75 - [STDERR_REDIRECT] WARNING: Couldn't flush system prefs: java.util.prefs.BackingStoreException: Couldn't get file lock.
2025-09-22 06:56:28,176 [ERROR] LogOutputStream:75 - [STDERR_REDIRECT] 
2025-09-22 06:56:58,175 [ERROR] LogOutputStream:75 - [STDERR_REDIRECT] Sep 22, 2025 6:56:58 AM java.util.prefs.FileSystemPreferences checkLockFile0ErrorCode
2025-09-22 06:56:58,176 [ERROR] LogOutputStream:75 - [STDERR_REDIRECT] WARNING: Could not lock System prefs. Unix error code 2.
2025-09-22 06:56:58,176 [ERROR] LogOutputStream:75 - [STDERR_REDIRECT] 
2025-09-22 06:56:58,176 [ERROR] LogOutputStream:75 - [STDERR_REDIRECT] Sep 22, 2025 6:56:58 AM java.util.prefs.FileSystemPreferences syncWorld
2025-09-22 06:56:58,177 [ERROR] LogOutputStream:75 - [STDERR_REDIRECT] WARNING: Couldn't flush system prefs: java.util.prefs.BackingStoreException: Couldn't get file lock.
2025-09-22 06:56:58,177 [ERROR] LogOutputStream:75 - [STDERR_REDIRECT] 
2025-09-22 06:57:28,175 [ERROR] LogOutputStream:75 - [STDERR_REDIRECT] Sep 22, 2025 6:57:28 AM java.util.prefs.FileSystemPreferences checkLockFile0ErrorCode
2025-09-22 06:57:28,175 [ERROR] LogOutputStream:75 - [STDERR_REDIRECT] WARNING: Could not lock System prefs. Unix error code 2.
2025-09-22 06:57:28,176 [ERROR] LogOutputStream:75 - [STDERR_REDIRECT] 
2025-09-22 06:57:28,176 [ERROR] LogOutputStream:75 - [STDERR_REDIRECT] Sep 22, 2025 6:57:28 AM java.util.prefs.FileSystemPreferences syncWorld
2025-09-22 06:57:28,177 [ERROR] LogOutputStream:75 - [STDERR_REDIRECT] WARNING: Couldn't flush system prefs: java.util.prefs.BackingStoreException: Couldn't get file lock.
2025-09-22 06:57:28,177 [ERROR] LogOutputStream:75 - [STDERR_REDIRECT] 
2025-09-22 06:57:58,174 [ERROR] LogOutputStream:75 - [STDERR_REDIRECT] Sep 22, 2025 6:57:58 AM java.util.prefs.FileSystemPreferences checkLockFile0ErrorCode
2025-09-22 06:57:58,174 [ERROR] LogOutputStream:75 - [STDERR_REDIRECT] WARNING: Could not lock System prefs. Unix error code 2.
2025-09-22 06:57:58,175 [ERROR] LogOutputStream:75 - [STDERR_REDIRECT] 
2025-09-22 06:57:58,176 [ERROR] LogOutputStream:75 - [STDERR_REDIRECT] Sep 22, 2025 6:57:58 AM java.util.prefs.FileSystemPreferences syncWorld
2025-09-22 06:57:58,176 [ERROR] LogOutputStream:75 - [STDERR_REDIRECT] WARNING: Couldn't flush system prefs: java.util.prefs.BackingStoreException: Couldn't get file lock.
2025-09-22 06:57:58,176 [ERROR] LogOutputStream:75 - [STDERR_REDIRECT] 
2025-09-22 06:58:28,175 [ERROR] LogOutputStream:75 - [STDERR_REDIRECT] Sep 22, 2025 6:58:28 AM java.util.prefs.FileSystemPreferences checkLockFile0ErrorCode
2025-09-22 06:58:28,176 [ERROR] LogOutputStream:75 - [STDERR_REDIRECT] WARNING: Could not lock System prefs. Unix error code 2.
2025-09-22 06:58:28,176 [ERROR] LogOutputStream:75 - [STDERR_REDIRECT] 
2025-09-22 06:58:28,177 [ERROR] LogOutputStream:75 - [STDERR_REDIRECT] Sep 22, 2025 6:58:28 AM java.util.prefs.FileSystemPreferences syncWorld
2025-09-22 06:58:28,178 [ERROR] LogOutputStream:75 - [STDERR_REDIRECT] WARNING: Couldn't flush system prefs: java.util.prefs.BackingStoreException: Couldn't get file lock.
2025-09-22 06:58:28,178 [ERROR] LogOutputStream:75 - [STDERR_REDIRECT] 
2025-09-22 06:58:58,175 [ERROR] LogOutputStream:75 - [STDERR_REDIRECT] Sep 22, 2025 6:58:58 AM java.util.prefs.FileSystemPreferences checkLockFile0ErrorCode
2025-09-22 06:58:58,175 [ERROR] LogOutputStream:75 - [STDERR_REDIRECT] WARNING: Could not lock System prefs. Unix error code 2.
2025-09-22 06:58:58,175 [ERROR] LogOutputStream:75 - [STDERR_REDIRECT] 
2025-09-22 06:58:58,176 [ERROR] LogOutputStream:75 - [STDERR_REDIRECT] Sep 22, 2025 6:58:58 AM java.util.prefs.FileSystemPreferences syncWorld
2025-09-22 06:58:58,176 [ERROR] LogOutputStream:75 - [STDERR_REDIRECT] WARNING: Couldn't flush system prefs: java.util.prefs.BackingStoreException: Couldn't get file lock.
2025-09-22 06:58:58,176 [ERROR] LogOutputStream:75 - [STDERR_REDIRECT] 
2025-09-22 06:59:28,176 [ERROR] LogOutputStream:75 - [STDERR_REDIRECT] Sep 22, 2025 6:59:28 AM java.util.prefs.FileSystemPreferences checkLockFile0ErrorCode
2025-09-22 06:59:28,176 [ERROR] LogOutputStream:75 - [STDERR_REDIRECT] WARNING: Could not lock System prefs. Unix error code 2.
2025-09-22 06:59:28,177 [ERROR] LogOutputStream:75 - [STDERR_REDIRECT] 
2025-09-22 06:59:28,177 [ERROR] LogOutputStream:75 - [STDERR_REDIRECT] Sep 22, 2025 6:59:28 AM java.util.prefs.FileSystemPreferences syncWorld
2025-09-22 06:59:28,177 [ERROR] LogOutputStream:75 - [STDERR_REDIRECT] WARNING: Couldn't flush system prefs: java.util.prefs.BackingStoreException: Couldn't get file lock.
2025-09-22 06:59:28,178 [ERROR] LogOutputStream:75 - [STDERR_REDIRECT] 
2025-09-22 06:59:33,742 [ERROR] ConfigurationRetriever:142 - IOException on connection: sw-center.st.com
2025-09-22 06:59:33,743 [ERROR] ConfigurationRetriever:142 - IOException on connection: sw-center.st.com
2025-09-22 06:59:33,744 [ERROR] ConfigurationRetriever:142 - IOException on connection: sw-center.st.com
2025-09-22 06:59:33,914 [ERROR] ConfigurationRetriever:142 - IOException on connection: sw-center.st.com
2025-09-22 06:59:33,916 [ERROR] ConfigurationRetriever:142 - IOException on connection: sw-center.st.com
2025-09-22 06:59:33,916 [ERROR] ConfigurationRetriever:142 - IOException on connection: sw-center.st.com
2025-09-22 06:59:58,177 [ERROR] LogOutputStream:75 - [STDERR_REDIRECT] Sep 22, 2025 6:59:58 AM java.util.prefs.FileSystemPreferences checkLockFile0ErrorCode
2025-09-22 06:59:58,178 [ERROR] LogOutputStream:75 - [STDERR_REDIRECT] WARNING: Could not lock System prefs. Unix error code 2.
2025-09-22 06:59:58,178 [ERROR] LogOutputStream:75 - [STDERR_REDIRECT] 
2025-09-22 06:59:58,188 [ERROR] LogOutputStream:75 - [STDERR_REDIRECT] Sep 22, 2025 6:59:58 AM java.util.prefs.FileSystemPreferences syncWorld
2025-09-22 06:59:58,189 [ERROR] LogOutputStream:75 - [STDERR_REDIRECT] WARNING: Couldn't flush system prefs: java.util.prefs.BackingStoreException: Couldn't get file lock.
2025-09-22 06:59:58,189 [ERROR] LogOutputStream:75 - [STDERR_REDIRECT] 
2025-09-22 07:00:28,174 [ERROR] LogOutputStream:75 - [STDERR_REDIRECT] Sep 22, 2025 7:00:28 AM java.util.prefs.FileSystemPreferences checkLockFile0ErrorCode
2025-09-22 07:00:28,175 [ERROR] LogOutputStream:75 - [STDERR_REDIRECT] WARNING: Could not lock System prefs. Unix error code 2.
2025-09-22 07:00:28,175 [ERROR] LogOutputStream:75 - [STDERR_REDIRECT] 
2025-09-22 07:00:28,176 [ERROR] LogOutputStream:75 - [STDERR_REDIRECT] Sep 22, 2025 7:00:28 AM java.util.prefs.FileSystemPreferences syncWorld
2025-09-22 07:00:28,177 [ERROR] LogOutputStream:75 - [STDERR_REDIRECT] WARNING: Couldn't flush system prefs: java.util.prefs.BackingStoreException: Couldn't get file lock.
2025-09-22 07:00:28,177 [ERROR] LogOutputStream:75 - [STDERR_REDIRECT] 
2025-09-22 07:00:58,175 [ERROR] LogOutputStream:75 - [STDERR_REDIRECT] Sep 22, 2025 7:00:58 AM java.util.prefs.FileSystemPreferences checkLockFile0ErrorCode
2025-09-22 07:00:58,176 [ERROR] LogOutputStream:75 - [STDERR_REDIRECT] WARNING: Could not lock System prefs. Unix error code 2.
2025-09-22 07:00:58,213 [ERROR] LogOutputStream:75 - [STDERR_REDIRECT] 
2025-09-22 07:00:58,214 [ERROR] LogOutputStream:75 - [STDERR_REDIRECT] Sep 22, 2025 7:00:58 AM java.util.prefs.FileSystemPreferences syncWorld
2025-09-22 07:00:58,215 [ERROR] LogOutputStream:75 - [STDERR_REDIRECT] WARNING: Couldn't flush system prefs: java.util.prefs.BackingStoreException: Couldn't get file lock.
2025-09-22 07:00:58,215 [ERROR] LogOutputStream:75 - [STDERR_REDIRECT] 
2025-09-22 07:01:28,175 [ERROR] LogOutputStream:75 - [STDERR_REDIRECT] Sep 22, 2025 7:01:28 AM java.util.prefs.FileSystemPreferences checkLockFile0ErrorCode
2025-09-22 07:01:28,175 [ERROR] LogOutputStream:75 - [STDERR_REDIRECT] WARNING: Could not lock System prefs. Unix error code 2.
2025-09-22 07:01:28,176 [ERROR] LogOutputStream:75 - [STDERR_REDIRECT] 
2025-09-22 07:01:28,176 [ERROR] LogOutputStream:75 - [STDERR_REDIRECT] Sep 22, 2025 7:01:28 AM java.util.prefs.FileSystemPreferences syncWorld
2025-09-22 07:01:28,177 [ERROR] LogOutputStream:75 - [STDERR_REDIRECT] WARNING: Couldn't flush system prefs: java.util.prefs.BackingStoreException: Couldn't get file lock.
2025-09-22 07:01:28,177 [ERROR] LogOutputStream:75 - [STDERR_REDIRECT] 
2025-09-22 07:01:58,176 [ERROR] LogOutputStream:75 - [STDERR_REDIRECT] Sep 22, 2025 7:01:58 AM java.util.prefs.FileSystemPreferences checkLockFile0ErrorCode
2025-09-22 07:01:58,177 [ERROR] LogOutputStream:75 - [STDERR_REDIRECT] WARNING: Could not lock System prefs. Unix error code 2.
2025-09-22 07:01:58,177 [ERROR] LogOutputStream:75 - [STDERR_REDIRECT] 
2025-09-22 07:01:58,178 [ERROR] LogOutputStream:75 - [STDERR_REDIRECT] Sep 22, 2025 7:01:58 AM java.util.prefs.FileSystemPreferences syncWorld
2025-09-22 07:01:58,178 [ERROR] LogOutputStream:75 - [STDERR_REDIRECT] WARNING: Couldn't flush system prefs: java.util.prefs.BackingStoreException: Couldn't get file lock.
2025-09-22 07:01:58,178 [ERROR] LogOutputStream:75 - [STDERR_REDIRECT] 
2025-09-22 07:02:28,176 [ERROR] LogOutputStream:75 - [STDERR_REDIRECT] Sep 22, 2025 7:02:28 AM java.util.prefs.FileSystemPreferences checkLockFile0ErrorCode
2025-09-22 07:02:28,177 [ERROR] LogOutputStream:75 - [STDERR_REDIRECT] WARNING: Could not lock System prefs. Unix error code 2.
2025-09-22 07:02:28,177 [ERROR] LogOutputStream:75 - [STDERR_REDIRECT] 
2025-09-22 07:02:28,178 [ERROR] LogOutputStream:75 - [STDERR_REDIRECT] Sep 22, 2025 7:02:28 AM java.util.prefs.FileSystemPreferences syncWorld
2025-09-22 07:02:28,178 [ERROR] LogOutputStream:75 - [STDERR_REDIRECT] WARNING: Couldn't flush system prefs: java.util.prefs.BackingStoreException: Couldn't get file lock.
2025-09-22 07:02:28,178 [ERROR] LogOutputStream:75 - [STDERR_REDIRECT] 
2025-09-22 07:02:58,177 [ERROR] LogOutputStream:75 - [STDERR_REDIRECT] Sep 22, 2025 7:02:58 AM java.util.prefs.FileSystemPreferences checkLockFile0ErrorCode
2025-09-22 07:02:58,177 [ERROR] LogOutputStream:75 - [STDERR_REDIRECT] WARNING: Could not lock System prefs. Unix error code 2.
2025-09-22 07:02:58,177 [ERROR] LogOutputStream:75 - [STDERR_REDIRECT] 
2025-09-22 07:02:58,178 [ERROR] LogOutputStream:75 - [STDERR_REDIRECT] Sep 22, 2025 7:02:58 AM java.util.prefs.FileSystemPreferences syncWorld
2025-09-22 07:02:58,178 [ERROR] LogOutputStream:75 - [STDERR_REDIRECT] WARNING: Couldn't flush system prefs: java.util.prefs.BackingStoreException: Couldn't get file lock.
2025-09-22 07:02:58,178 [ERROR] LogOutputStream:75 - [STDERR_REDIRECT] 
2025-09-22 07:03:28,178 [ERROR] LogOutputStream:75 - [STDERR_REDIRECT] Sep 22, 2025 7:03:28 AM java.util.prefs.FileSystemPreferences checkLockFile0ErrorCode
2025-09-22 07:03:28,178 [ERROR] LogOutputStream:75 - [STDERR_REDIRECT] WARNING: Could not lock System prefs. Unix error code 2.
2025-09-22 07:03:28,178 [ERROR] LogOutputStream:75 - [STDERR_REDIRECT] 
2025-09-22 07:03:28,179 [ERROR] LogOutputStream:75 - [STDERR_REDIRECT] Sep 22, 2025 7:03:28 AM java.util.prefs.FileSystemPreferences syncWorld
2025-09-22 07:03:28,179 [ERROR] LogOutputStream:75 - [STDERR_REDIRECT] WARNING: Couldn't flush system prefs: java.util.prefs.BackingStoreException: Couldn't get file lock.
2025-09-22 07:03:28,179 [ERROR] LogOutputStream:75 - [STDERR_REDIRECT] 
2025-09-22 07:03:58,178 [ERROR] LogOutputStream:75 - [STDERR_REDIRECT] Sep 22, 2025 7:03:58 AM java.util.prefs.FileSystemPreferences checkLockFile0ErrorCode
2025-09-22 07:03:58,178 [ERROR] LogOutputStream:75 - [STDERR_REDIRECT] WARNING: Could not lock System prefs. Unix error code 2.
2025-09-22 07:03:58,178 [ERROR] LogOutputStream:75 - [STDERR_REDIRECT] 
2025-09-22 07:03:58,179 [ERROR] LogOutputStream:75 - [STDERR_REDIRECT] Sep 22, 2025 7:03:58 AM java.util.prefs.FileSystemPreferences syncWorld
2025-09-22 07:03:58,179 [ERROR] LogOutputStream:75 - [STDERR_REDIRECT] WARNING: Couldn't flush system prefs: java.util.prefs.BackingStoreException: Couldn't get file lock.
2025-09-22 07:03:58,179 [ERROR] LogOutputStream:75 - [STDERR_REDIRECT] 
2025-09-22 07:04:28,179 [ERROR] LogOutputStream:75 - [STDERR_REDIRECT] Sep 22, 2025 7:04:28 AM java.util.prefs.FileSystemPreferences checkLockFile0ErrorCode
2025-09-22 07:04:28,179 [ERROR] LogOutputStream:75 - [STDERR_REDIRECT] WARNING: Could not lock System prefs. Unix error code 2.
2025-09-22 07:04:28,179 [ERROR] LogOutputStream:75 - [STDERR_REDIRECT] 
2025-09-22 07:04:28,180 [ERROR] LogOutputStream:75 - [STDERR_REDIRECT] Sep 22, 2025 7:04:28 AM java.util.prefs.FileSystemPreferences syncWorld
2025-09-22 07:04:28,180 [ERROR] LogOutputStream:75 - [STDERR_REDIRECT] WARNING: Couldn't flush system prefs: java.util.prefs.BackingStoreException: Couldn't get file lock.
2025-09-22 07:04:28,180 [ERROR] LogOutputStream:75 - [STDERR_REDIRECT] 
2025-09-22 07:04:58,180 [ERROR] LogOutputStream:75 - [STDERR_REDIRECT] Sep 22, 2025 7:04:58 AM java.util.prefs.FileSystemPreferences checkLockFile0ErrorCode
2025-09-22 07:04:58,180 [ERROR] LogOutputStream:75 - [STDERR_REDIRECT] WARNING: Could not lock System prefs. Unix error code 2.
2025-09-22 07:04:58,180 [ERROR] LogOutputStream:75 - [STDERR_REDIRECT] 
2025-09-22 07:04:58,181 [ERROR] LogOutputStream:75 - [STDERR_REDIRECT] Sep 22, 2025 7:04:58 AM java.util.prefs.FileSystemPreferences syncWorld
2025-09-22 07:04:58,181 [ERROR] LogOutputStream:75 - [STDERR_REDIRECT] WARNING: Couldn't flush system prefs: java.util.prefs.BackingStoreException: Couldn't get file lock.
2025-09-22 07:04:58,181 [ERROR] LogOutputStream:75 - [STDERR_REDIRECT] 
2025-09-22 07:05:28,180 [ERROR] LogOutputStream:75 - [STDERR_REDIRECT] Sep 22, 2025 7:05:28 AM java.util.prefs.FileSystemPreferences checkLockFile0ErrorCode
2025-09-22 07:05:28,180 [ERROR] LogOutputStream:75 - [STDERR_REDIRECT] WARNING: Could not lock System prefs. Unix error code 2.
2025-09-22 07:05:28,181 [ERROR] LogOutputStream:75 - [STDERR_REDIRECT] 
2025-09-22 07:05:28,181 [ERROR] LogOutputStream:75 - [STDERR_REDIRECT] Sep 22, 2025 7:05:28 AM java.util.prefs.FileSystemPreferences syncWorld
2025-09-22 07:05:28,181 [ERROR] LogOutputStream:75 - [STDERR_REDIRECT] WARNING: Couldn't flush system prefs: java.util.prefs.BackingStoreException: Couldn't get file lock.
2025-09-22 07:05:28,181 [ERROR] LogOutputStream:75 - [STDERR_REDIRECT] 
2025-09-22 07:05:58,180 [ERROR] LogOutputStream:75 - [STDERR_REDIRECT] Sep 22, 2025 7:05:58 AM java.util.prefs.FileSystemPreferences checkLockFile0ErrorCode
2025-09-22 07:05:58,180 [ERROR] LogOutputStream:75 - [STDERR_REDIRECT] WARNING: Could not lock System prefs. Unix error code 2.
2025-09-22 07:05:58,180 [ERROR] LogOutputStream:75 - [STDERR_REDIRECT] 
2025-09-22 07:05:58,181 [ERROR] LogOutputStream:75 - [STDERR_REDIRECT] Sep 22, 2025 7:05:58 AM java.util.prefs.FileSystemPreferences syncWorld
2025-09-22 07:05:58,181 [ERROR] LogOutputStream:75 - [STDERR_REDIRECT] WARNING: Couldn't flush system prefs: java.util.prefs.BackingStoreException: Couldn't get file lock.
2025-09-22 07:05:58,181 [ERROR] LogOutputStream:75 - [STDERR_REDIRECT] 
2025-09-22 07:06:28,181 [ERROR] LogOutputStream:75 - [STDERR_REDIRECT] Sep 22, 2025 7:06:28 AM java.util.prefs.FileSystemPreferences checkLockFile0ErrorCode
2025-09-22 07:06:28,181 [ERROR] LogOutputStream:75 - [STDERR_REDIRECT] WARNING: Could not lock System prefs. Unix error code 2.
2025-09-22 07:06:28,182 [ERROR] LogOutputStream:75 - [STDERR_REDIRECT] 
2025-09-22 07:06:28,182 [ERROR] LogOutputStream:75 - [STDERR_REDIRECT] Sep 22, 2025 7:06:28 AM java.util.prefs.FileSystemPreferences syncWorld
2025-09-22 07:06:28,183 [ERROR] LogOutputStream:75 - [STDERR_REDIRECT] WARNING: Couldn't flush system prefs: java.util.prefs.BackingStoreException: Couldn't get file lock.
2025-09-22 07:06:28,183 [ERROR] LogOutputStream:75 - [STDERR_REDIRECT] 
2025-09-22 07:06:58,181 [ERROR] LogOutputStream:75 - [STDERR_REDIRECT] Sep 22, 2025 7:06:58 AM java.util.prefs.FileSystemPreferences checkLockFile0ErrorCode
2025-09-22 07:06:58,182 [ERROR] LogOutputStream:75 - [STDERR_REDIRECT] WARNING: Could not lock System prefs. Unix error code 2.
2025-09-22 07:06:58,182 [ERROR] LogOutputStream:75 - [STDERR_REDIRECT] 
2025-09-22 07:06:58,183 [ERROR] LogOutputStream:75 - [STDERR_REDIRECT] Sep 22, 2025 7:06:58 AM java.util.prefs.FileSystemPreferences syncWorld
2025-09-22 07:06:58,183 [ERROR] LogOutputStream:75 - [STDERR_REDIRECT] WARNING: Couldn't flush system prefs: java.util.prefs.BackingStoreException: Couldn't get file lock.
2025-09-22 07:06:58,183 [ERROR] LogOutputStream:75 - [STDERR_REDIRECT] 
2025-09-22 07:07:28,181 [ERROR] LogOutputStream:75 - [STDERR_REDIRECT] Sep 22, 2025 7:07:28 AM java.util.prefs.FileSystemPreferences checkLockFile0ErrorCode
2025-09-22 07:07:28,181 [ERROR] LogOutputStream:75 - [STDERR_REDIRECT] WARNING: Could not lock System prefs. Unix error code 2.
2025-09-22 07:07:28,181 [ERROR] LogOutputStream:75 - [STDERR_REDIRECT] 
2025-09-22 07:07:28,182 [ERROR] LogOutputStream:75 - [STDERR_REDIRECT] Sep 22, 2025 7:07:28 AM java.util.prefs.FileSystemPreferences syncWorld
2025-09-22 07:07:28,182 [ERROR] LogOutputStream:75 - [STDERR_REDIRECT] WARNING: Couldn't flush system prefs: java.util.prefs.BackingStoreException: Couldn't get file lock.
2025-09-22 07:07:28,182 [ERROR] LogOutputStream:75 - [STDERR_REDIRECT] 
2025-09-22 07:07:58,180 [ERROR] LogOutputStream:75 - [STDERR_REDIRECT] Sep 22, 2025 7:07:58 AM java.util.prefs.FileSystemPreferences checkLockFile0ErrorCode
2025-09-22 07:07:58,181 [ERROR] LogOutputStream:75 - [STDERR_REDIRECT] WARNING: Could not lock System prefs. Unix error code 2.
2025-09-22 07:07:58,181 [ERROR] LogOutputStream:75 - [STDERR_REDIRECT] 
2025-09-22 07:07:58,182 [ERROR] LogOutputStream:75 - [STDERR_REDIRECT] Sep 22, 2025 7:07:58 AM java.util.prefs.FileSystemPreferences syncWorld
2025-09-22 07:07:58,182 [ERROR] LogOutputStream:75 - [STDERR_REDIRECT] WARNING: Couldn't flush system prefs: java.util.prefs.BackingStoreException: Couldn't get file lock.
2025-09-22 07:07:58,182 [ERROR] LogOutputStream:75 - [STDERR_REDIRECT] 
2025-09-22 07:08:28,181 [ERROR] LogOutputStream:75 - [STDERR_REDIRECT] Sep 22, 2025 7:08:28 AM java.util.prefs.FileSystemPreferences checkLockFile0ErrorCode
2025-09-22 07:08:28,182 [ERROR] LogOutputStream:75 - [STDERR_REDIRECT] WARNING: Could not lock System prefs. Unix error code 2.
2025-09-22 07:08:28,182 [ERROR] LogOutputStream:75 - [STDERR_REDIRECT] 
2025-09-22 07:08:28,183 [ERROR] LogOutputStream:75 - [STDERR_REDIRECT] Sep 22, 2025 7:08:28 AM java.util.prefs.FileSystemPreferences syncWorld
2025-09-22 07:08:28,183 [ERROR] LogOutputStream:75 - [STDERR_REDIRECT] WARNING: Couldn't flush system prefs: java.util.prefs.BackingStoreException: Couldn't get file lock.
2025-09-22 07:08:28,183 [ERROR] LogOutputStream:75 - [STDERR_REDIRECT] 
2025-09-22 07:08:58,182 [ERROR] LogOutputStream:75 - [STDERR_REDIRECT] Sep 22, 2025 7:08:58 AM java.util.prefs.FileSystemPreferences checkLockFile0ErrorCode
2025-09-22 07:08:58,183 [ERROR] LogOutputStream:75 - [STDERR_REDIRECT] WARNING: Could not lock System prefs. Unix error code 2.
2025-09-22 07:08:58,183 [ERROR] LogOutputStream:75 - [STDERR_REDIRECT] 
2025-09-22 07:08:58,183 [ERROR] LogOutputStream:75 - [STDERR_REDIRECT] Sep 22, 2025 7:08:58 AM java.util.prefs.FileSystemPreferences syncWorld
2025-09-22 07:08:58,184 [ERROR] LogOutputStream:75 - [STDERR_REDIRECT] WARNING: Couldn't flush system prefs: java.util.prefs.BackingStoreException: Couldn't get file lock.
2025-09-22 07:08:58,184 [ERROR] LogOutputStream:75 - [STDERR_REDIRECT] 
2025-09-22 07:09:28,181 [ERROR] LogOutputStream:75 - [STDERR_REDIRECT] Sep 22, 2025 7:09:28 AM java.util.prefs.FileSystemPreferences checkLockFile0ErrorCode
2025-09-22 07:09:28,181 [ERROR] LogOutputStream:75 - [STDERR_REDIRECT] WARNING: Could not lock System prefs. Unix error code 2.
2025-09-22 07:09:28,182 [ERROR] LogOutputStream:75 - [STDERR_REDIRECT] 
2025-09-22 07:09:28,182 [ERROR] LogOutputStream:75 - [STDERR_REDIRECT] Sep 22, 2025 7:09:28 AM java.util.prefs.FileSystemPreferences syncWorld
2025-09-22 07:09:28,182 [ERROR] LogOutputStream:75 - [STDERR_REDIRECT] WARNING: Couldn't flush system prefs: java.util.prefs.BackingStoreException: Couldn't get file lock.
2025-09-22 07:09:28,182 [ERROR] LogOutputStream:75 - [STDERR_REDIRECT] 
2025-09-22 07:09:58,184 [ERROR] LogOutputStream:75 - [STDERR_REDIRECT] Sep 22, 2025 7:09:58 AM java.util.prefs.FileSystemPreferences checkLockFile0ErrorCode
2025-09-22 07:09:58,184 [ERROR] LogOutputStream:75 - [STDERR_REDIRECT] WARNING: Could not lock System prefs. Unix error code 2.
2025-09-22 07:09:58,221 [ERROR] LogOutputStream:75 - [STDERR_REDIRECT] 
2025-09-22 07:09:58,221 [ERROR] LogOutputStream:75 - [STDERR_REDIRECT] Sep 22, 2025 7:09:58 AM java.util.prefs.FileSystemPreferences syncWorld
2025-09-22 07:09:58,222 [ERROR] LogOutputStream:75 - [STDERR_REDIRECT] WARNING: Couldn't flush system prefs: java.util.prefs.BackingStoreException: Couldn't get file lock.
2025-09-22 07:09:58,222 [ERROR] LogOutputStream:75 - [STDERR_REDIRECT] 
2025-09-22 07:10:28,182 [ERROR] LogOutputStream:75 - [STDERR_REDIRECT] Sep 22, 2025 7:10:28 AM java.util.prefs.FileSystemPreferences checkLockFile0ErrorCode
2025-09-22 07:10:28,183 [ERROR] LogOutputStream:75 - [STDERR_REDIRECT] WARNING: Could not lock System prefs. Unix error code 2.
2025-09-22 07:10:28,183 [ERROR] LogOutputStream:75 - [STDERR_REDIRECT] 
2025-09-22 07:10:28,183 [ERROR] LogOutputStream:75 - [STDERR_REDIRECT] Sep 22, 2025 7:10:28 AM java.util.prefs.FileSystemPreferences syncWorld
2025-09-22 07:10:28,183 [ERROR] LogOutputStream:75 - [STDERR_REDIRECT] WARNING: Couldn't flush system prefs: java.util.prefs.BackingStoreException: Couldn't get file lock.
2025-09-22 07:10:28,184 [ERROR] LogOutputStream:75 - [STDERR_REDIRECT] 
2025-09-22 07:10:58,182 [ERROR] LogOutputStream:75 - [STDERR_REDIRECT] Sep 22, 2025 7:10:58 AM java.util.prefs.FileSystemPreferences checkLockFile0ErrorCode
2025-09-22 07:10:58,182 [ERROR] LogOutputStream:75 - [STDERR_REDIRECT] WARNING: Could not lock System prefs. Unix error code 2.
2025-09-22 07:10:58,182 [ERROR] LogOutputStream:75 - [STDERR_REDIRECT] 
2025-09-22 07:10:58,183 [ERROR] LogOutputStream:75 - [STDERR_REDIRECT] Sep 22, 2025 7:10:58 AM java.util.prefs.FileSystemPreferences syncWorld
2025-09-22 07:10:58,183 [ERROR] LogOutputStream:75 - [STDERR_REDIRECT] WARNING: Couldn't flush system prefs: java.util.prefs.BackingStoreException: Couldn't get file lock.
2025-09-22 07:10:58,183 [ERROR] LogOutputStream:75 - [STDERR_REDIRECT] 
2025-09-22 07:11:28,183 [ERROR] LogOutputStream:75 - [STDERR_REDIRECT] Sep 22, 2025 7:11:28 AM java.util.prefs.FileSystemPreferences checkLockFile0ErrorCode
2025-09-22 07:11:28,184 [ERROR] LogOutputStream:75 - [STDERR_REDIRECT] WARNING: Could not lock System prefs. Unix error code 2.
2025-09-22 07:11:28,184 [ERROR] LogOutputStream:75 - [STDERR_REDIRECT] 
2025-09-22 07:11:28,184 [ERROR] LogOutputStream:75 - [STDERR_REDIRECT] Sep 22, 2025 7:11:28 AM java.util.prefs.FileSystemPreferences syncWorld
2025-09-22 07:11:28,184 [ERROR] LogOutputStream:75 - [STDERR_REDIRECT] WARNING: Couldn't flush system prefs: java.util.prefs.BackingStoreException: Couldn't get file lock.
2025-09-22 07:11:28,185 [ERROR] LogOutputStream:75 - [STDERR_REDIRECT] 
2025-09-22 07:11:58,183 [ERROR] LogOutputStream:75 - [STDERR_REDIRECT] Sep 22, 2025 7:11:58 AM java.util.prefs.FileSystemPreferences checkLockFile0ErrorCode
2025-09-22 07:11:58,183 [ERROR] LogOutputStream:75 - [STDERR_REDIRECT] WARNING: Could not lock System prefs. Unix error code 2.
2025-09-22 07:11:58,184 [ERROR] LogOutputStream:75 - [STDERR_REDIRECT] 
2025-09-22 07:11:58,184 [ERROR] LogOutputStream:75 - [STDERR_REDIRECT] Sep 22, 2025 7:11:58 AM java.util.prefs.FileSystemPreferences syncWorld
2025-09-22 07:11:58,184 [ERROR] LogOutputStream:75 - [STDERR_REDIRECT] WARNING: Couldn't flush system prefs: java.util.prefs.BackingStoreException: Couldn't get file lock.
2025-09-22 07:11:58,185 [ERROR] LogOutputStream:75 - [STDERR_REDIRECT] 
2025-09-22 07:12:28,183 [ERROR] LogOutputStream:75 - [STDERR_REDIRECT] Sep 22, 2025 7:12:28 AM java.util.prefs.FileSystemPreferences checkLockFile0ErrorCode
2025-09-22 07:12:28,183 [ERROR] LogOutputStream:75 - [STDERR_REDIRECT] WARNING: Could not lock System prefs. Unix error code 2.
2025-09-22 07:12:28,184 [ERROR] LogOutputStream:75 - [STDERR_REDIRECT] 
2025-09-22 07:12:28,184 [ERROR] LogOutputStream:75 - [STDERR_REDIRECT] Sep 22, 2025 7:12:28 AM java.util.prefs.FileSystemPreferences syncWorld
2025-09-22 07:12:28,184 [ERROR] LogOutputStream:75 - [STDERR_REDIRECT] WARNING: Couldn't flush system prefs: java.util.prefs.BackingStoreException: Couldn't get file lock.
2025-09-22 07:12:28,184 [ERROR] LogOutputStream:75 - [STDERR_REDIRECT] 
2025-09-22 07:12:58,184 [ERROR] LogOutputStream:75 - [STDERR_REDIRECT] Sep 22, 2025 7:12:58 AM java.util.prefs.FileSystemPreferences checkLockFile0ErrorCode
2025-09-22 07:12:58,184 [ERROR] LogOutputStream:75 - [STDERR_REDIRECT] WARNING: Could not lock System prefs. Unix error code 2.
2025-09-22 07:12:58,185 [ERROR] LogOutputStream:75 - [STDERR_REDIRECT] 
2025-09-22 07:12:58,185 [ERROR] LogOutputStream:75 - [STDERR_REDIRECT] Sep 22, 2025 7:12:58 AM java.util.prefs.FileSystemPreferences syncWorld
2025-09-22 07:12:58,185 [ERROR] LogOutputStream:75 - [STDERR_REDIRECT] WARNING: Couldn't flush system prefs: java.util.prefs.BackingStoreException: Couldn't get file lock.
2025-09-22 07:12:58,185 [ERROR] LogOutputStream:75 - [STDERR_REDIRECT] 
2025-09-22 07:13:28,184 [ERROR] LogOutputStream:75 - [STDERR_REDIRECT] Sep 22, 2025 7:13:28 AM java.util.prefs.FileSystemPreferences checkLockFile0ErrorCode
2025-09-22 07:13:28,184 [ERROR] LogOutputStream:75 - [STDERR_REDIRECT] WARNING: Could not lock System prefs. Unix error code 2.
2025-09-22 07:13:28,185 [ERROR] LogOutputStream:75 - [STDERR_REDIRECT] 
2025-09-22 07:13:28,185 [ERROR] LogOutputStream:75 - [STDERR_REDIRECT] Sep 22, 2025 7:13:28 AM java.util.prefs.FileSystemPreferences syncWorld
2025-09-22 07:13:28,186 [ERROR] LogOutputStream:75 - [STDERR_REDIRECT] WARNING: Couldn't flush system prefs: java.util.prefs.BackingStoreException: Couldn't get file lock.
2025-09-22 07:13:28,186 [ERROR] LogOutputStream:75 - [STDERR_REDIRECT] 
2025-09-22 07:13:58,186 [ERROR] LogOutputStream:75 - [STDERR_REDIRECT] Sep 22, 2025 7:13:58 AM java.util.prefs.FileSystemPreferences checkLockFile0ErrorCode
2025-09-22 07:13:58,186 [ERROR] LogOutputStream:75 - [STDERR_REDIRECT] WARNING: Could not lock System prefs. Unix error code 2.
2025-09-22 07:13:58,187 [ERROR] LogOutputStream:75 - [STDERR_REDIRECT] 
2025-09-22 07:13:58,187 [ERROR] LogOutputStream:75 - [STDERR_REDIRECT] Sep 22, 2025 7:13:58 AM java.util.prefs.FileSystemPreferences syncWorld
2025-09-22 07:13:58,187 [ERROR] LogOutputStream:75 - [STDERR_REDIRECT] WARNING: Couldn't flush system prefs: java.util.prefs.BackingStoreException: Couldn't get file lock.
2025-09-22 07:13:58,188 [ERROR] LogOutputStream:75 - [STDERR_REDIRECT] 
2025-09-22 07:14:28,185 [ERROR] LogOutputStream:75 - [STDERR_REDIRECT] Sep 22, 2025 7:14:28 AM java.util.prefs.FileSystemPreferences checkLockFile0ErrorCode
2025-09-22 07:14:28,186 [ERROR] LogOutputStream:75 - [STDERR_REDIRECT] WARNING: Could not lock System prefs. Unix error code 2.
2025-09-22 07:14:28,186 [ERROR] LogOutputStream:75 - [STDERR_REDIRECT] 
2025-09-22 07:14:28,186 [ERROR] LogOutputStream:75 - [STDERR_REDIRECT] Sep 22, 2025 7:14:28 AM java.util.prefs.FileSystemPreferences syncWorld
2025-09-22 07:14:28,187 [ERROR] LogOutputStream:75 - [STDERR_REDIRECT] WARNING: Couldn't flush system prefs: java.util.prefs.BackingStoreException: Couldn't get file lock.
2025-09-22 07:14:28,187 [ERROR] LogOutputStream:75 - [STDERR_REDIRECT] 
2025-09-22 07:14:58,186 [ERROR] LogOutputStream:75 - [STDERR_REDIRECT] Sep 22, 2025 7:14:58 AM java.util.prefs.FileSystemPreferences checkLockFile0ErrorCode
2025-09-22 07:14:58,187 [ERROR] LogOutputStream:75 - [STDERR_REDIRECT] WARNING: Could not lock System prefs. Unix error code 2.
2025-09-22 07:14:58,187 [ERROR] LogOutputStream:75 - [STDERR_REDIRECT] 
2025-09-22 07:14:58,187 [ERROR] LogOutputStream:75 - [STDERR_REDIRECT] Sep 22, 2025 7:14:58 AM java.util.prefs.FileSystemPreferences syncWorld
2025-09-22 07:14:58,187 [ERROR] LogOutputStream:75 - [STDERR_REDIRECT] WARNING: Couldn't flush system prefs: java.util.prefs.BackingStoreException: Couldn't get file lock.
2025-09-22 07:14:58,188 [ERROR] LogOutputStream:75 - [STDERR_REDIRECT] 
2025-09-22 07:15:28,184 [ERROR] LogOutputStream:75 - [STDERR_REDIRECT] Sep 22, 2025 7:15:28 AM java.util.prefs.FileSystemPreferences checkLockFile0ErrorCode
2025-09-22 07:15:28,185 [ERROR] LogOutputStream:75 - [STDERR_REDIRECT] WARNING: Could not lock System prefs. Unix error code 2.
2025-09-22 07:15:28,185 [ERROR] LogOutputStream:75 - [STDERR_REDIRECT] 
2025-09-22 07:15:28,186 [ERROR] LogOutputStream:75 - [STDERR_REDIRECT] Sep 22, 2025 7:15:28 AM java.util.prefs.FileSystemPreferences syncWorld
2025-09-22 07:15:28,186 [ERROR] LogOutputStream:75 - [STDERR_REDIRECT] WARNING: Couldn't flush system prefs: java.util.prefs.BackingStoreException: Couldn't get file lock.
2025-09-22 07:15:28,186 [ERROR] LogOutputStream:75 - [STDERR_REDIRECT] 
2025-09-22 07:15:58,185 [ERROR] LogOutputStream:75 - [STDERR_REDIRECT] Sep 22, 2025 7:15:58 AM java.util.prefs.FileSystemPreferences checkLockFile0ErrorCode
2025-09-22 07:15:58,186 [ERROR] LogOutputStream:75 - [STDERR_REDIRECT] WARNING: Could not lock System prefs. Unix error code 2.
2025-09-22 07:15:58,186 [ERROR] LogOutputStream:75 - [STDERR_REDIRECT] 
2025-09-22 07:15:58,186 [ERROR] LogOutputStream:75 - [STDERR_REDIRECT] Sep 22, 2025 7:15:58 AM java.util.prefs.FileSystemPreferences syncWorld
2025-09-22 07:15:58,186 [ERROR] LogOutputStream:75 - [STDERR_REDIRECT] WARNING: Couldn't flush system prefs: java.util.prefs.BackingStoreException: Couldn't get file lock.
2025-09-22 07:15:58,187 [ERROR] LogOutputStream:75 - [STDERR_REDIRECT] 
2025-09-22 07:16:28,184 [ERROR] LogOutputStream:75 - [STDERR_REDIRECT] Sep 22, 2025 7:16:28 AM java.util.prefs.FileSystemPreferences checkLockFile0ErrorCode
2025-09-22 07:16:28,185 [ERROR] LogOutputStream:75 - [STDERR_REDIRECT] WARNING: Could not lock System prefs. Unix error code 2.
2025-09-22 07:16:28,185 [ERROR] LogOutputStream:75 - [STDERR_REDIRECT] 
2025-09-22 07:16:28,186 [ERROR] LogOutputStream:75 - [STDERR_REDIRECT] Sep 22, 2025 7:16:28 AM java.util.prefs.FileSystemPreferences syncWorld
2025-09-22 07:16:28,186 [ERROR] LogOutputStream:75 - [STDERR_REDIRECT] WARNING: Couldn't flush system prefs: java.util.prefs.BackingStoreException: Couldn't get file lock.
2025-09-22 07:16:28,186 [ERROR] LogOutputStream:75 - [STDERR_REDIRECT] 
2025-09-22 07:16:58,186 [ERROR] LogOutputStream:75 - [STDERR_REDIRECT] Sep 22, 2025 7:16:58 AM java.util.prefs.FileSystemPreferences checkLockFile0ErrorCode
2025-09-22 07:16:58,187 [ERROR] LogOutputStream:75 - [STDERR_REDIRECT] WARNING: Could not lock System prefs. Unix error code 2.
2025-09-22 07:16:58,187 [ERROR] LogOutputStream:75 - [STDERR_REDIRECT] 
2025-09-22 07:16:58,188 [ERROR] LogOutputStream:75 - [STDERR_REDIRECT] Sep 22, 2025 7:16:58 AM java.util.prefs.FileSystemPreferences syncWorld
2025-09-22 07:16:58,188 [ERROR] LogOutputStream:75 - [STDERR_REDIRECT] WARNING: Couldn't flush system prefs: java.util.prefs.BackingStoreException: Couldn't get file lock.
2025-09-22 07:16:58,188 [ERROR] LogOutputStream:75 - [STDERR_REDIRECT] 
2025-09-22 07:17:28,186 [ERROR] LogOutputStream:75 - [STDERR_REDIRECT] Sep 22, 2025 7:17:28 AM java.util.prefs.FileSystemPreferences checkLockFile0ErrorCode
2025-09-22 07:17:28,186 [ERROR] LogOutputStream:75 - [STDERR_REDIRECT] WARNING: Could not lock System prefs. Unix error code 2.
2025-09-22 07:17:28,186 [ERROR] LogOutputStream:75 - [STDERR_REDIRECT] 
2025-09-22 07:17:28,187 [ERROR] LogOutputStream:75 - [STDERR_REDIRECT] Sep 22, 2025 7:17:28 AM java.util.prefs.FileSystemPreferences syncWorld
2025-09-22 07:17:28,188 [ERROR] LogOutputStream:75 - [STDERR_REDIRECT] WARNING: Couldn't flush system prefs: java.util.prefs.BackingStoreException: Couldn't get file lock.
2025-09-22 07:17:28,188 [ERROR] LogOutputStream:75 - [STDERR_REDIRECT] 
2025-09-22 07:17:58,186 [ERROR] LogOutputStream:75 - [STDERR_REDIRECT] Sep 22, 2025 7:17:58 AM java.util.prefs.FileSystemPreferences checkLockFile0ErrorCode
2025-09-22 07:17:58,187 [ERROR] LogOutputStream:75 - [STDERR_REDIRECT] WARNING: Could not lock System prefs. Unix error code 2.
2025-09-22 07:17:58,187 [ERROR] LogOutputStream:75 - [STDERR_REDIRECT] 
2025-09-22 07:17:58,187 [ERROR] LogOutputStream:75 - [STDERR_REDIRECT] Sep 22, 2025 7:17:58 AM java.util.prefs.FileSystemPreferences syncWorld
2025-09-22 07:17:58,188 [ERROR] LogOutputStream:75 - [STDERR_REDIRECT] WARNING: Couldn't flush system prefs: java.util.prefs.BackingStoreException: Couldn't get file lock.
2025-09-22 07:17:58,188 [ERROR] LogOutputStream:75 - [STDERR_REDIRECT] 
2025-09-22 07:18:28,185 [ERROR] LogOutputStream:75 - [STDERR_REDIRECT] Sep 22, 2025 7:18:28 AM java.util.prefs.FileSystemPreferences checkLockFile0ErrorCode
2025-09-22 07:18:28,185 [ERROR] LogOutputStream:75 - [STDERR_REDIRECT] WARNING: Could not lock System prefs. Unix error code 2.
2025-09-22 07:18:28,186 [ERROR] LogOutputStream:75 - [STDERR_REDIRECT] 
2025-09-22 07:18:28,186 [ERROR] LogOutputStream:75 - [STDERR_REDIRECT] Sep 22, 2025 7:18:28 AM java.util.prefs.FileSystemPreferences syncWorld
2025-09-22 07:18:28,186 [ERROR] LogOutputStream:75 - [STDERR_REDIRECT] WARNING: Couldn't flush system prefs: java.util.prefs.BackingStoreException: Couldn't get file lock.
2025-09-22 07:18:28,187 [ERROR] LogOutputStream:75 - [STDERR_REDIRECT] 
2025-09-22 07:18:38,899 [ERROR] ConfigurationRetriever:142 - IOException on connection: sw-center.st.com
2025-09-22 07:18:38,904 [ERROR] ConfigurationRetriever:142 - IOException on connection: sw-center.st.com
2025-09-22 07:18:38,905 [ERROR] ConfigurationRetriever:142 - IOException on connection: sw-center.st.com
2025-09-22 07:18:54,406 [ERROR] ConfigurationRetriever:142 - IOException on connection: sw-center.st.com
2025-09-22 07:18:54,407 [ERROR] ConfigurationRetriever:142 - IOException on connection: sw-center.st.com
2025-09-22 07:18:54,408 [ERROR] ConfigurationRetriever:142 - IOException on connection: sw-center.st.com
2025-09-22 07:18:58,194 [ERROR] LogOutputStream:75 - [STDERR_REDIRECT] Sep 22, 2025 7:18:58 AM java.util.prefs.FileSystemPreferences checkLockFile0ErrorCode
2025-09-22 07:18:58,195 [ERROR] LogOutputStream:75 - [STDERR_REDIRECT] WARNING: Could not lock System prefs. Unix error code 2.
2025-09-22 07:18:58,195 [ERROR] LogOutputStream:75 - [STDERR_REDIRECT] 
2025-09-22 07:18:58,195 [ERROR] LogOutputStream:75 - [STDERR_REDIRECT] Sep 22, 2025 7:18:58 AM java.util.prefs.FileSystemPreferences syncWorld
2025-09-22 07:18:58,195 [ERROR] LogOutputStream:75 - [STDERR_REDIRECT] WARNING: Couldn't flush system prefs: java.util.prefs.BackingStoreException: Couldn't get file lock.
2025-09-22 07:18:58,196 [ERROR] LogOutputStream:75 - [STDERR_REDIRECT] 
2025-09-22 07:19:28,184 [ERROR] LogOutputStream:75 - [STDERR_REDIRECT] Sep 22, 2025 7:19:28 AM java.util.prefs.FileSystemPreferences checkLockFile0ErrorCode
2025-09-22 07:19:28,184 [ERROR] LogOutputStream:75 - [STDERR_REDIRECT] WARNING: Could not lock System prefs. Unix error code 2.
2025-09-22 07:19:28,185 [ERROR] LogOutputStream:75 - [STDERR_REDIRECT] 
2025-09-22 07:19:28,185 [ERROR] LogOutputStream:75 - [STDERR_REDIRECT] Sep 22, 2025 7:19:28 AM java.util.prefs.FileSystemPreferences syncWorld
2025-09-22 07:19:28,185 [ERROR] LogOutputStream:75 - [STDERR_REDIRECT] WARNING: Couldn't flush system prefs: java.util.prefs.BackingStoreException: Couldn't get file lock.
2025-09-22 07:19:28,185 [ERROR] LogOutputStream:75 - [STDERR_REDIRECT] 
2025-09-22 07:19:58,184 [ERROR] LogOutputStream:75 - [STDERR_REDIRECT] Sep 22, 2025 7:19:58 AM java.util.prefs.FileSystemPreferences checkLockFile0ErrorCode
2025-09-22 07:19:58,185 [ERROR] LogOutputStream:75 - [STDERR_REDIRECT] WARNING: Could not lock System prefs. Unix error code 2.
2025-09-22 07:19:58,185 [ERROR] LogOutputStream:75 - [STDERR_REDIRECT] 
2025-09-22 07:19:58,185 [ERROR] LogOutputStream:75 - [STDERR_REDIRECT] Sep 22, 2025 7:19:58 AM java.util.prefs.FileSystemPreferences syncWorld
2025-09-22 07:19:58,186 [ERROR] LogOutputStream:75 - [STDERR_REDIRECT] WARNING: Couldn't flush system prefs: java.util.prefs.BackingStoreException: Couldn't get file lock.
2025-09-22 07:19:58,186 [ERROR] LogOutputStream:75 - [STDERR_REDIRECT] 
2025-09-22 07:20:28,185 [ERROR] LogOutputStream:75 - [STDERR_REDIRECT] Sep 22, 2025 7:20:28 AM java.util.prefs.FileSystemPreferences checkLockFile0ErrorCode
2025-09-22 07:20:28,186 [ERROR] LogOutputStream:75 - [STDERR_REDIRECT] WARNING: Could not lock System prefs. Unix error code 2.
2025-09-22 07:20:28,186 [ERROR] LogOutputStream:75 - [STDERR_REDIRECT] 
2025-09-22 07:20:28,186 [ERROR] LogOutputStream:75 - [STDERR_REDIRECT] Sep 22, 2025 7:20:28 AM java.util.prefs.FileSystemPreferences syncWorld
2025-09-22 07:20:28,186 [ERROR] LogOutputStream:75 - [STDERR_REDIRECT] WARNING: Couldn't flush system prefs: java.util.prefs.BackingStoreException: Couldn't get file lock.
2025-09-22 07:20:28,186 [ERROR] LogOutputStream:75 - [STDERR_REDIRECT] 
2025-09-22 07:20:58,184 [ERROR] LogOutputStream:75 - [STDERR_REDIRECT] Sep 22, 2025 7:20:58 AM java.util.prefs.FileSystemPreferences checkLockFile0ErrorCode
2025-09-22 07:20:58,185 [ERROR] LogOutputStream:75 - [STDERR_REDIRECT] WARNING: Could not lock System prefs. Unix error code 2.
2025-09-22 07:20:58,185 [ERROR] LogOutputStream:75 - [STDERR_REDIRECT] 
2025-09-22 07:20:58,186 [ERROR] LogOutputStream:75 - [STDERR_REDIRECT] Sep 22, 2025 7:20:58 AM java.util.prefs.FileSystemPreferences syncWorld
2025-09-22 07:20:58,186 [ERROR] LogOutputStream:75 - [STDERR_REDIRECT] WARNING: Couldn't flush system prefs: java.util.prefs.BackingStoreException: Couldn't get file lock.
2025-09-22 07:20:58,186 [ERROR] LogOutputStream:75 - [STDERR_REDIRECT] 
2025-09-22 07:21:28,185 [ERROR] LogOutputStream:75 - [STDERR_REDIRECT] Sep 22, 2025 7:21:28 AM java.util.prefs.FileSystemPreferences checkLockFile0ErrorCode
2025-09-22 07:21:28,186 [ERROR] LogOutputStream:75 - [STDERR_REDIRECT] WARNING: Could not lock System prefs. Unix error code 2.
2025-09-22 07:21:28,186 [ERROR] LogOutputStream:75 - [STDERR_REDIRECT] 
2025-09-22 07:21:28,186 [ERROR] LogOutputStream:75 - [STDERR_REDIRECT] Sep 22, 2025 7:21:28 AM java.util.prefs.FileSystemPreferences syncWorld
2025-09-22 07:21:28,186 [ERROR] LogOutputStream:75 - [STDERR_REDIRECT] WARNING: Couldn't flush system prefs: java.util.prefs.BackingStoreException: Couldn't get file lock.
2025-09-22 07:21:28,186 [ERROR] LogOutputStream:75 - [STDERR_REDIRECT] 
2025-09-22 07:21:58,186 [ERROR] LogOutputStream:75 - [STDERR_REDIRECT] Sep 22, 2025 7:21:58 AM java.util.prefs.FileSystemPreferences checkLockFile0ErrorCode
2025-09-22 07:21:58,187 [ERROR] LogOutputStream:75 - [STDERR_REDIRECT] WARNING: Could not lock System prefs. Unix error code 2.
2025-09-22 07:21:58,187 [ERROR] LogOutputStream:75 - [STDERR_REDIRECT] 
2025-09-22 07:21:58,187 [ERROR] LogOutputStream:75 - [STDERR_REDIRECT] Sep 22, 2025 7:21:58 AM java.util.prefs.FileSystemPreferences syncWorld
2025-09-22 07:21:58,188 [ERROR] LogOutputStream:75 - [STDERR_REDIRECT] WARNING: Couldn't flush system prefs: java.util.prefs.BackingStoreException: Couldn't get file lock.
2025-09-22 07:21:58,188 [ERROR] LogOutputStream:75 - [STDERR_REDIRECT] 
2025-09-22 07:22:28,186 [ERROR] LogOutputStream:75 - [STDERR_REDIRECT] Sep 22, 2025 7:22:28 AM java.util.prefs.FileSystemPreferences checkLockFile0ErrorCode
2025-09-22 07:22:28,186 [ERROR] LogOutputStream:75 - [STDERR_REDIRECT] WARNING: Could not lock System prefs. Unix error code 2.
2025-09-22 07:22:28,186 [ERROR] LogOutputStream:75 - [STDERR_REDIRECT] 
2025-09-22 07:22:28,187 [ERROR] LogOutputStream:75 - [STDERR_REDIRECT] Sep 22, 2025 7:22:28 AM java.util.prefs.FileSystemPreferences syncWorld
2025-09-22 07:22:28,187 [ERROR] LogOutputStream:75 - [STDERR_REDIRECT] WARNING: Couldn't flush system prefs: java.util.prefs.BackingStoreException: Couldn't get file lock.
2025-09-22 07:22:28,187 [ERROR] LogOutputStream:75 - [STDERR_REDIRECT] 
2025-09-22 07:22:58,186 [ERROR] LogOutputStream:75 - [STDERR_REDIRECT] Sep 22, 2025 7:22:58 AM java.util.prefs.FileSystemPreferences checkLockFile0ErrorCode
2025-09-22 07:22:58,186 [ERROR] LogOutputStream:75 - [STDERR_REDIRECT] WARNING: Could not lock System prefs. Unix error code 2.
2025-09-22 07:22:58,187 [ERROR] LogOutputStream:75 - [STDERR_REDIRECT] 
2025-09-22 07:22:58,187 [ERROR] LogOutputStream:75 - [STDERR_REDIRECT] Sep 22, 2025 7:22:58 AM java.util.prefs.FileSystemPreferences syncWorld
2025-09-22 07:22:58,187 [ERROR] LogOutputStream:75 - [STDERR_REDIRECT] WARNING: Couldn't flush system prefs: java.util.prefs.BackingStoreException: Couldn't get file lock.
2025-09-22 07:22:58,188 [ERROR] LogOutputStream:75 - [STDERR_REDIRECT] 
2025-09-22 07:23:28,186 [ERROR] LogOutputStream:75 - [STDERR_REDIRECT] Sep 22, 2025 7:23:28 AM java.util.prefs.FileSystemPreferences checkLockFile0ErrorCode
2025-09-22 07:23:28,186 [ERROR] LogOutputStream:75 - [STDERR_REDIRECT] WARNING: Could not lock System prefs. Unix error code 2.
2025-09-22 07:23:28,186 [ERROR] LogOutputStream:75 - [STDERR_REDIRECT] 
2025-09-22 07:23:28,187 [ERROR] LogOutputStream:75 - [STDERR_REDIRECT] Sep 22, 2025 7:23:28 AM java.util.prefs.FileSystemPreferences syncWorld
2025-09-22 07:23:28,187 [ERROR] LogOutputStream:75 - [STDERR_REDIRECT] WARNING: Couldn't flush system prefs: java.util.prefs.BackingStoreException: Couldn't get file lock.
2025-09-22 07:23:28,187 [ERROR] LogOutputStream:75 - [STDERR_REDIRECT] 
2025-09-22 07:23:58,186 [ERROR] LogOutputStream:75 - [STDERR_REDIRECT] Sep 22, 2025 7:23:58 AM java.util.prefs.FileSystemPreferences checkLockFile0ErrorCode
2025-09-22 07:23:58,186 [ERROR] LogOutputStream:75 - [STDERR_REDIRECT] WARNING: Could not lock System prefs. Unix error code 2.
2025-09-22 07:23:58,187 [ERROR] LogOutputStream:75 - [STDERR_REDIRECT] 
2025-09-22 07:23:58,187 [ERROR] LogOutputStream:75 - [STDERR_REDIRECT] Sep 22, 2025 7:23:58 AM java.util.prefs.FileSystemPreferences syncWorld
2025-09-22 07:23:58,187 [ERROR] LogOutputStream:75 - [STDERR_REDIRECT] WARNING: Couldn't flush system prefs: java.util.prefs.BackingStoreException: Couldn't get file lock.
2025-09-22 07:23:58,188 [ERROR] LogOutputStream:75 - [STDERR_REDIRECT] 
2025-09-22 07:24:28,186 [ERROR] LogOutputStream:75 - [STDERR_REDIRECT] Sep 22, 2025 7:24:28 AM java.util.prefs.FileSystemPreferences checkLockFile0ErrorCode
2025-09-22 07:24:28,187 [ERROR] LogOutputStream:75 - [STDERR_REDIRECT] WARNING: Could not lock System prefs. Unix error code 2.
2025-09-22 07:24:28,187 [ERROR] LogOutputStream:75 - [STDERR_REDIRECT] 
2025-09-22 07:24:28,187 [ERROR] LogOutputStream:75 - [STDERR_REDIRECT] Sep 22, 2025 7:24:28 AM java.util.prefs.FileSystemPreferences syncWorld
2025-09-22 07:24:28,188 [ERROR] LogOutputStream:75 - [STDERR_REDIRECT] WARNING: Couldn't flush system prefs: java.util.prefs.BackingStoreException: Couldn't get file lock.
2025-09-22 07:24:28,188 [ERROR] LogOutputStream:75 - [STDERR_REDIRECT] 
2025-09-22 07:24:58,186 [ERROR] LogOutputStream:75 - [STDERR_REDIRECT] Sep 22, 2025 7:24:58 AM java.util.prefs.FileSystemPreferences checkLockFile0ErrorCode
2025-09-22 07:24:58,186 [ERROR] LogOutputStream:75 - [STDERR_REDIRECT] WARNING: Could not lock System prefs. Unix error code 2.
2025-09-22 07:24:58,186 [ERROR] LogOutputStream:75 - [STDERR_REDIRECT] 
2025-09-22 07:24:58,187 [ERROR] LogOutputStream:75 - [STDERR_REDIRECT] Sep 22, 2025 7:24:58 AM java.util.prefs.FileSystemPreferences syncWorld
2025-09-22 07:24:58,187 [ERROR] LogOutputStream:75 - [STDERR_REDIRECT] WARNING: Couldn't flush system prefs: java.util.prefs.BackingStoreException: Couldn't get file lock.
2025-09-22 07:24:58,187 [ERROR] LogOutputStream:75 - [STDERR_REDIRECT] 
2025-09-22 07:25:28,187 [ERROR] LogOutputStream:75 - [STDERR_REDIRECT] Sep 22, 2025 7:25:28 AM java.util.prefs.FileSystemPreferences checkLockFile0ErrorCode
2025-09-22 07:25:28,187 [ERROR] LogOutputStream:75 - [STDERR_REDIRECT] WARNING: Could not lock System prefs. Unix error code 2.
2025-09-22 07:25:28,188 [ERROR] LogOutputStream:75 - [STDERR_REDIRECT] 
2025-09-22 07:25:28,188 [ERROR] LogOutputStream:75 - [STDERR_REDIRECT] Sep 22, 2025 7:25:28 AM java.util.prefs.FileSystemPreferences syncWorld
2025-09-22 07:25:28,188 [ERROR] LogOutputStream:75 - [STDERR_REDIRECT] WARNING: Couldn't flush system prefs: java.util.prefs.BackingStoreException: Couldn't get file lock.
2025-09-22 07:25:28,188 [ERROR] LogOutputStream:75 - [STDERR_REDIRECT] 
2025-09-22 07:25:58,187 [ERROR] LogOutputStream:75 - [STDERR_REDIRECT] Sep 22, 2025 7:25:58 AM java.util.prefs.FileSystemPreferences checkLockFile0ErrorCode
2025-09-22 07:25:58,187 [ERROR] LogOutputStream:75 - [STDERR_REDIRECT] WARNING: Could not lock System prefs. Unix error code 2.
2025-09-22 07:25:58,188 [ERROR] LogOutputStream:75 - [STDERR_REDIRECT] 
2025-09-22 07:25:58,188 [ERROR] LogOutputStream:75 - [STDERR_REDIRECT] Sep 22, 2025 7:25:58 AM java.util.prefs.FileSystemPreferences syncWorld
2025-09-22 07:25:58,189 [ERROR] LogOutputStream:75 - [STDERR_REDIRECT] WARNING: Couldn't flush system prefs: java.util.prefs.BackingStoreException: Couldn't get file lock.
2025-09-22 07:25:58,189 [ERROR] LogOutputStream:75 - [STDERR_REDIRECT] 
2025-09-22 07:26:28,186 [ERROR] LogOutputStream:75 - [STDERR_REDIRECT] Sep 22, 2025 7:26:28 AM java.util.prefs.FileSystemPreferences checkLockFile0ErrorCode
2025-09-22 07:26:28,186 [ERROR] LogOutputStream:75 - [STDERR_REDIRECT] WARNING: Could not lock System prefs. Unix error code 2.
2025-09-22 07:26:28,186 [ERROR] LogOutputStream:75 - [STDERR_REDIRECT] 
2025-09-22 07:26:28,187 [ERROR] LogOutputStream:75 - [STDERR_REDIRECT] Sep 22, 2025 7:26:28 AM java.util.prefs.FileSystemPreferences syncWorld
2025-09-22 07:26:28,187 [ERROR] LogOutputStream:75 - [STDERR_REDIRECT] WARNING: Couldn't flush system prefs: java.util.prefs.BackingStoreException: Couldn't get file lock.
2025-09-22 07:26:28,187 [ERROR] LogOutputStream:75 - [STDERR_REDIRECT] 
2025-09-22 07:26:30,369 [ERROR] ConfigurationRetriever:142 - IOException on connection: sw-center.st.com
2025-09-22 07:26:30,370 [ERROR] ConfigurationRetriever:142 - IOException on connection: sw-center.st.com
2025-09-22 07:26:30,371 [ERROR] ConfigurationRetriever:142 - IOException on connection: sw-center.st.com
2025-09-22 07:26:36,634 [ERROR] ConfigurationRetriever:142 - IOException on connection: sw-center.st.com
2025-09-22 07:26:36,635 [ERROR] ConfigurationRetriever:142 - IOException on connection: sw-center.st.com
2025-09-22 07:26:36,636 [ERROR] ConfigurationRetriever:142 - IOException on connection: sw-center.st.com
2025-09-22 07:26:58,188 [ERROR] LogOutputStream:75 - [STDERR_REDIRECT] Sep 22, 2025 7:26:58 AM java.util.prefs.FileSystemPreferences checkLockFile0ErrorCode
2025-09-22 07:26:58,188 [ERROR] LogOutputStream:75 - [STDERR_REDIRECT] WARNING: Could not lock System prefs. Unix error code 2.
2025-09-22 07:26:58,188 [ERROR] LogOutputStream:75 - [STDERR_REDIRECT] 
2025-09-22 07:26:58,188 [ERROR] LogOutputStream:75 - [STDERR_REDIRECT] Sep 22, 2025 7:26:58 AM java.util.prefs.FileSystemPreferences syncWorld
2025-09-22 07:26:58,189 [ERROR] LogOutputStream:75 - [STDERR_REDIRECT] WARNING: Couldn't flush system prefs: java.util.prefs.BackingStoreException: Couldn't get file lock.
2025-09-22 07:26:58,189 [ERROR] LogOutputStream:75 - [STDERR_REDIRECT] 
2025-09-22 07:27:28,186 [ERROR] LogOutputStream:75 - [STDERR_REDIRECT] Sep 22, 2025 7:27:28 AM java.util.prefs.FileSystemPreferences checkLockFile0ErrorCode
2025-09-22 07:27:28,186 [ERROR] LogOutputStream:75 - [STDERR_REDIRECT] WARNING: Could not lock System prefs. Unix error code 2.
2025-09-22 07:27:28,186 [ERROR] LogOutputStream:75 - [STDERR_REDIRECT] 
2025-09-22 07:27:28,187 [ERROR] LogOutputStream:75 - [STDERR_REDIRECT] Sep 22, 2025 7:27:28 AM java.util.prefs.FileSystemPreferences syncWorld
2025-09-22 07:27:28,187 [ERROR] LogOutputStream:75 - [STDERR_REDIRECT] WARNING: Couldn't flush system prefs: java.util.prefs.BackingStoreException: Couldn't get file lock.
2025-09-22 07:27:28,187 [ERROR] LogOutputStream:75 - [STDERR_REDIRECT] 
2025-09-22 07:27:50,169 [ERROR] ConfigurationRetriever:142 - IOException on connection: sw-center.st.com
2025-09-22 07:27:50,170 [ERROR] ConfigurationRetriever:142 - IOException on connection: sw-center.st.com
2025-09-22 07:27:50,171 [ERROR] ConfigurationRetriever:142 - IOException on connection: sw-center.st.com
2025-09-22 07:27:58,190 [ERROR] LogOutputStream:75 - [STDERR_REDIRECT] Sep 22, 2025 7:27:58 AM java.util.prefs.FileSystemPreferences checkLockFile0ErrorCode
2025-09-22 07:27:58,190 [ERROR] LogOutputStream:75 - [STDERR_REDIRECT] WARNING: Could not lock System prefs. Unix error code 2.
2025-09-22 07:27:58,201 [ERROR] LogOutputStream:75 - [STDERR_REDIRECT] 
2025-09-22 07:27:58,201 [ERROR] LogOutputStream:75 - [STDERR_REDIRECT] Sep 22, 2025 7:27:58 AM java.util.prefs.FileSystemPreferences syncWorld
2025-09-22 07:27:58,202 [ERROR] LogOutputStream:75 - [STDERR_REDIRECT] WARNING: Couldn't flush system prefs: java.util.prefs.BackingStoreException: Couldn't get file lock.
2025-09-22 07:27:58,202 [ERROR] LogOutputStream:75 - [STDERR_REDIRECT] 
2025-09-22 07:28:15,177 [ERROR] ConfigurationRetriever:142 - IOException on connection: sw-center.st.com
2025-09-22 07:28:15,178 [ERROR] ConfigurationRetriever:142 - IOException on connection: sw-center.st.com
2025-09-22 07:28:15,179 [ERROR] ConfigurationRetriever:142 - IOException on connection: sw-center.st.com
2025-09-22 07:28:28,187 [ERROR] LogOutputStream:75 - [STDERR_REDIRECT] Sep 22, 2025 7:28:28 AM java.util.prefs.FileSystemPreferences checkLockFile0ErrorCode
2025-09-22 07:28:28,187 [ERROR] LogOutputStream:75 - [STDERR_REDIRECT] WARNING: Could not lock System prefs. Unix error code 2.
2025-09-22 07:28:28,187 [ERROR] LogOutputStream:75 - [STDERR_REDIRECT] 
2025-09-22 07:28:28,188 [ERROR] LogOutputStream:75 - [STDERR_REDIRECT] Sep 22, 2025 7:28:28 AM java.util.prefs.FileSystemPreferences syncWorld
2025-09-22 07:28:28,188 [ERROR] LogOutputStream:75 - [STDERR_REDIRECT] WARNING: Couldn't flush system prefs: java.util.prefs.BackingStoreException: Couldn't get file lock.
2025-09-22 07:28:28,188 [ERROR] LogOutputStream:75 - [STDERR_REDIRECT] 
2025-09-22 07:28:37,989 [ERROR] ConfigurationRetriever:142 - IOException on connection: sw-center.st.com
2025-09-22 07:28:37,991 [ERROR] ConfigurationRetriever:142 - IOException on connection: sw-center.st.com
2025-09-22 07:28:37,992 [ERROR] ConfigurationRetriever:142 - IOException on connection: sw-center.st.com
2025-09-22 07:28:38,201 [ERROR] ConfigurationRetriever:142 - IOException on connection: sw-center.st.com
2025-09-22 07:28:38,202 [ERROR] ConfigurationRetriever:142 - IOException on connection: sw-center.st.com
2025-09-22 07:28:38,202 [ERROR] ConfigurationRetriever:142 - IOException on connection: sw-center.st.com
2025-09-22 07:28:58,188 [ERROR] LogOutputStream:75 - [STDERR_REDIRECT] Sep 22, 2025 7:28:58 AM java.util.prefs.FileSystemPreferences checkLockFile0ErrorCode
2025-09-22 07:28:58,189 [ERROR] LogOutputStream:75 - [STDERR_REDIRECT] WARNING: Could not lock System prefs. Unix error code 2.
2025-09-22 07:28:58,189 [ERROR] LogOutputStream:75 - [STDERR_REDIRECT] 
2025-09-22 07:28:58,190 [ERROR] LogOutputStream:75 - [STDERR_REDIRECT] Sep 22, 2025 7:28:58 AM java.util.prefs.FileSystemPreferences syncWorld
2025-09-22 07:28:58,190 [ERROR] LogOutputStream:75 - [STDERR_REDIRECT] WARNING: Couldn't flush system prefs: java.util.prefs.BackingStoreException: Couldn't get file lock.
2025-09-22 07:28:58,190 [ERROR] LogOutputStream:75 - [STDERR_REDIRECT] 
2025-09-22 07:29:22,041 [ERROR] ConfigurationRetriever:142 - IOException on connection: sw-center.st.com
2025-09-22 07:29:22,043 [ERROR] ConfigurationRetriever:142 - IOException on connection: sw-center.st.com
2025-09-22 07:29:22,044 [ERROR] ConfigurationRetriever:142 - IOException on connection: sw-center.st.com
2025-09-22 07:29:28,189 [ERROR] LogOutputStream:75 - [STDERR_REDIRECT] Sep 22, 2025 7:29:28 AM java.util.prefs.FileSystemPreferences checkLockFile0ErrorCode
2025-09-22 07:29:28,189 [ERROR] LogOutputStream:75 - [STDERR_REDIRECT] WARNING: Could not lock System prefs. Unix error code 2.
2025-09-22 07:29:28,189 [ERROR] LogOutputStream:75 - [STDERR_REDIRECT] 
2025-09-22 07:29:28,190 [ERROR] LogOutputStream:75 - [STDERR_REDIRECT] Sep 22, 2025 7:29:28 AM java.util.prefs.FileSystemPreferences syncWorld
2025-09-22 07:29:28,190 [ERROR] LogOutputStream:75 - [STDERR_REDIRECT] WARNING: Couldn't flush system prefs: java.util.prefs.BackingStoreException: Couldn't get file lock.
2025-09-22 07:29:28,190 [ERROR] LogOutputStream:75 - [STDERR_REDIRECT] 
2025-09-22 07:29:32,109 [ERROR] ConfigurationRetriever:142 - IOException on connection: sw-center.st.com
2025-09-22 07:29:32,111 [ERROR] ConfigurationRetriever:142 - IOException on connection: sw-center.st.com
2025-09-22 07:29:32,140 [ERROR] ConfigurationRetriever:142 - IOException on connection: sw-center.st.com
2025-09-22 07:29:58,188 [ERROR] LogOutputStream:75 - [STDERR_REDIRECT] Sep 22, 2025 7:29:58 AM java.util.prefs.FileSystemPreferences checkLockFile0ErrorCode
2025-09-22 07:29:58,189 [ERROR] LogOutputStream:75 - [STDERR_REDIRECT] WARNING: Could not lock System prefs. Unix error code 2.
2025-09-22 07:29:58,189 [ERROR] LogOutputStream:75 - [STDERR_REDIRECT] 
2025-09-22 07:29:58,190 [ERROR] LogOutputStream:75 - [STDERR_REDIRECT] Sep 22, 2025 7:29:58 AM java.util.prefs.FileSystemPreferences syncWorld
2025-09-22 07:29:58,190 [ERROR] LogOutputStream:75 - [STDERR_REDIRECT] WARNING: Couldn't flush system prefs: java.util.prefs.BackingStoreException: Couldn't get file lock.
2025-09-22 07:29:58,190 [ERROR] LogOutputStream:75 - [STDERR_REDIRECT] 
2025-09-22 07:30:08,449 [ERROR] ConfigurationRetriever:142 - IOException on connection: sw-center.st.com
2025-09-22 07:30:08,454 [ERROR] ConfigurationRetriever:142 - IOException on connection: sw-center.st.com
2025-09-22 07:30:08,455 [ERROR] ConfigurationRetriever:142 - IOException on connection: sw-center.st.com
2025-09-22 07:30:28,190 [ERROR] LogOutputStream:75 - [STDERR_REDIRECT] Sep 22, 2025 7:30:28 AM java.util.prefs.FileSystemPreferences checkLockFile0ErrorCode
2025-09-22 07:30:28,190 [ERROR] LogOutputStream:75 - [STDERR_REDIRECT] WARNING: Could not lock System prefs. Unix error code 2.
2025-09-22 07:30:28,191 [ERROR] LogOutputStream:75 - [STDERR_REDIRECT] 
2025-09-22 07:30:28,191 [ERROR] LogOutputStream:75 - [STDERR_REDIRECT] Sep 22, 2025 7:30:28 AM java.util.prefs.FileSystemPreferences syncWorld
2025-09-22 07:30:28,191 [ERROR] LogOutputStream:75 - [STDERR_REDIRECT] WARNING: Couldn't flush system prefs: java.util.prefs.BackingStoreException: Couldn't get file lock.
2025-09-22 07:30:28,192 [ERROR] LogOutputStream:75 - [STDERR_REDIRECT] 
2025-09-22 07:30:58,186 [ERROR] LogOutputStream:75 - [STDERR_REDIRECT] Sep 22, 2025 7:30:58 AM java.util.prefs.FileSystemPreferences checkLockFile0ErrorCode
2025-09-22 07:30:58,187 [ERROR] LogOutputStream:75 - [STDERR_REDIRECT] WARNING: Could not lock System prefs. Unix error code 2.
2025-09-22 07:30:58,187 [ERROR] LogOutputStream:75 - [STDERR_REDIRECT] 
2025-09-22 07:30:58,188 [ERROR] LogOutputStream:75 - [STDERR_REDIRECT] Sep 22, 2025 7:30:58 AM java.util.prefs.FileSystemPreferences syncWorld
2025-09-22 07:30:58,188 [ERROR] LogOutputStream:75 - [STDERR_REDIRECT] WARNING: Couldn't flush system prefs: java.util.prefs.BackingStoreException: Couldn't get file lock.
2025-09-22 07:30:58,188 [ERROR] LogOutputStream:75 - [STDERR_REDIRECT] 
2025-09-22 07:31:06,222 [ERROR] ConfigurationRetriever:142 - IOException on connection: sw-center.st.com
2025-09-22 07:31:06,223 [ERROR] ConfigurationRetriever:142 - IOException on connection: sw-center.st.com
2025-09-22 07:31:06,223 [ERROR] ConfigurationRetriever:142 - IOException on connection: sw-center.st.com
2025-09-22 07:31:08,808 [ERROR] ConfigurationRetriever:142 - IOException on connection: sw-center.st.com
2025-09-22 07:31:08,810 [ERROR] ConfigurationRetriever:142 - IOException on connection: sw-center.st.com
2025-09-22 07:31:08,810 [ERROR] ConfigurationRetriever:142 - IOException on connection: sw-center.st.com
2025-09-22 07:31:28,190 [ERROR] LogOutputStream:75 - [STDERR_REDIRECT] Sep 22, 2025 7:31:28 AM java.util.prefs.FileSystemPreferences checkLockFile0ErrorCode
2025-09-22 07:31:28,190 [ERROR] LogOutputStream:75 - [STDERR_REDIRECT] WARNING: Could not lock System prefs. Unix error code 2.
2025-09-22 07:31:28,190 [ERROR] LogOutputStream:75 - [STDERR_REDIRECT] 
2025-09-22 07:31:28,191 [ERROR] LogOutputStream:75 - [STDERR_REDIRECT] Sep 22, 2025 7:31:28 AM java.util.prefs.FileSystemPreferences syncWorld
2025-09-22 07:31:28,191 [ERROR] LogOutputStream:75 - [STDERR_REDIRECT] WARNING: Couldn't flush system prefs: java.util.prefs.BackingStoreException: Couldn't get file lock.
2025-09-22 07:31:28,191 [ERROR] LogOutputStream:75 - [STDERR_REDIRECT] 
2025-09-22 07:31:51,164 [ERROR] ConfigurationRetriever:142 - IOException on connection: sw-center.st.com
2025-09-22 07:31:51,165 [ERROR] ConfigurationRetriever:142 - IOException on connection: sw-center.st.com
2025-09-22 07:31:51,175 [ERROR] ConfigurationRetriever:142 - IOException on connection: sw-center.st.com
2025-09-22 07:31:51,951 [ERROR] LogOutputStream:75 - [STDERR_REDIRECT] 
2025-09-22 16:17:05,603 [INFO] Activator:176 - 


2025-09-22 16:17:05,606 [INFO] Activator:177 - !SESSION log4j initialized
2025-09-22 16:17:07,772 [INFO] LogOutputStream:77 - [STDOUT_REDIRECT] 
2025-09-22 16:17:08,187 [ERROR] ConfigurationRetriever:142 - IOException on connection: sw-center.st.com
2025-09-22 16:17:08,189 [ERROR] ConfigurationRetriever:142 - IOException on connection: sw-center.st.com
2025-09-22 16:17:08,190 [ERROR] ConfigurationRetriever:142 - IOException on connection: sw-center.st.com
2025-09-22 16:17:11,570 [INFO] ApplicationProperties:184 - Using Application install path: /opt/st/stm32cubeide_1.19.0/plugins/com.st.stm32cube.common.mx_6.15.0.202507011659
2025-09-22 16:17:11,600 [INFO] DbMcusXml:78 - Set database path to: /opt/st/stm32cubeide_1.19.0/plugins/com.st.stm32cube.common.mx_6.15.0.202507011659//db//mcu/
2025-09-22 16:17:11,601 [INFO] ApiDb:274 - Set plugin database path to: /opt/st/stm32cubeide_1.19.0/plugins/com.st.stm32cube.common.mx_6.15.0.202507011659//db//plugins/boardmanager/
2025-09-22 16:17:11,601 [WARN] ApiDb:259 - Overriding images path with different value:  => /opt/st/stm32cubeide_1.19.0/plugins/com.st.stm32cube.common.mx_6.15.0.202507011659//db//plugins/mcufinder/images/
2025-09-22 16:17:11,613 [INFO] ApiDb:250 - Set database path to: /home/tomas1908/.stmcufinder/plugins/mcufinder//mcu/
2025-09-22 16:17:11,616 [INFO] DbMcusAds:125 - Set database path to: /home/tomas1908/.stmcufinder/plugins/mcufinder//mcu/
2025-09-22 16:17:11,620 [INFO] CrossReferenceDbSqlite:203 - Set database path to: /home/tomas1908/.stmcufinder/plugins/mcufinder//mcu/cs/
2025-09-22 16:17:11,833 [INFO] RulesReader:64 - Compatibility file has been processed (317 Rules)
2025-09-22 16:17:11,930 [INFO] DbMcusXml:78 - Set database path to: /opt/st/stm32cubeide_1.19.0/plugins/com.st.stm32cube.common.mx_6.15.0.202507011659//db//mcu/
2025-09-22 16:17:11,930 [INFO] ApiDb:274 - Set plugin database path to: /opt/st/stm32cubeide_1.19.0/plugins/com.st.stm32cube.common.mx_6.15.0.202507011659//db//plugins/boardmanager/
2025-09-22 16:17:11,931 [INFO] ApiDb:261 - Set plugin images path to: /opt/st/stm32cubeide_1.19.0/plugins/com.st.stm32cube.common.mx_6.15.0.202507011659//db//plugins/mcufinder/images/
2025-09-22 16:17:11,931 [WARN] DbFile:41 - Overriding database path with different value: /home/tomas1908/.stmcufinder/plugins/mcufinder/ => /home/tomas1908/.stmcufinder/plugins/mcufinder
2025-09-22 16:17:11,931 [INFO] ApiDb:250 - Set database path to: /home/tomas1908/.stmcufinder/plugins/mcufinder//mcu/
2025-09-22 16:17:11,932 [WARN] DbFile:41 - Overriding database path with different value: /home/tomas1908/.stmcufinder/plugins/mcufinder/ => /home/tomas1908/.stmcufinder/plugins/mcufinder
2025-09-22 16:17:11,932 [INFO] DbMcusAds:125 - Set database path to: /home/tomas1908/.stmcufinder/plugins/mcufinder//mcu/
2025-09-22 16:17:11,932 [WARN] DbFile:41 - Overriding database path with different value: /home/tomas1908/.stmcufinder/plugins/mcufinder/ => /home/tomas1908/.stmcufinder/plugins/mcufinder
2025-09-22 16:17:11,932 [WARN] DbFile:41 - Overriding database path with different value: /home/tomas1908/.stmcufinder/plugins/mcufinder/ => /home/tomas1908/.stmcufinder/plugins/mcufinder
2025-09-22 16:17:11,932 [INFO] CrossReferenceDbSqlite:203 - Set database path to: /home/tomas1908/.stmcufinder/plugins/mcufinder//mcu/cs/
2025-09-22 16:17:12,050 [INFO] MainPanel:274 - HeapMemory: 268435456
2025-09-22 16:17:12,261 [INFO] DbMcusXml:78 - Set database path to: /opt/st/stm32cubeide_1.19.0/plugins/com.st.stm32cube.common.mx_6.15.0.202507011659//db//mcu/
2025-09-22 16:17:12,261 [INFO] ApiDb:274 - Set plugin database path to: /opt/st/stm32cubeide_1.19.0/plugins/com.st.stm32cube.common.mx_6.15.0.202507011659//db//plugins/boardmanager/
2025-09-22 16:17:12,262 [INFO] ApiDb:261 - Set plugin images path to: /opt/st/stm32cubeide_1.19.0/plugins/com.st.stm32cube.common.mx_6.15.0.202507011659//db//plugins/mcufinder/images/
2025-09-22 16:17:12,262 [WARN] DbFile:41 - Overriding database path with different value: /home/tomas1908/.stmcufinder/plugins/mcufinder/ => /home/tomas1908/.stmcufinder/plugins/mcufinder
2025-09-22 16:17:12,262 [INFO] ApiDb:250 - Set database path to: /home/tomas1908/.stmcufinder/plugins/mcufinder//mcu/
2025-09-22 16:17:12,263 [WARN] DbFile:41 - Overriding database path with different value: /home/tomas1908/.stmcufinder/plugins/mcufinder/ => /home/tomas1908/.stmcufinder/plugins/mcufinder
2025-09-22 16:17:12,263 [INFO] DbMcusAds:125 - Set database path to: /home/tomas1908/.stmcufinder/plugins/mcufinder//mcu/
2025-09-22 16:17:12,263 [WARN] DbFile:41 - Overriding database path with different value: /home/tomas1908/.stmcufinder/plugins/mcufinder/ => /home/tomas1908/.stmcufinder/plugins/mcufinder
2025-09-22 16:17:12,263 [WARN] DbFile:41 - Overriding database path with different value: /home/tomas1908/.stmcufinder/plugins/mcufinder/ => /home/tomas1908/.stmcufinder/plugins/mcufinder
2025-09-22 16:17:12,263 [INFO] CrossReferenceDbSqlite:203 - Set database path to: /home/tomas1908/.stmcufinder/plugins/mcufinder//mcu/cs/
2025-09-22 16:17:12,289 [INFO] ApplicationProperties:184 - Using Application install path: /opt/st/stm32cubeide_1.19.0/plugins/com.st.stm32cube.common.mx_6.15.0.202507011659
2025-09-22 16:17:12,291 [INFO] PluginManage:196 - Search for loadable plugins [exclusion list=, ]
2025-09-22 16:17:12,293 [INFO] PluginManage:310 - Check plugin analytics
2025-09-22 16:17:12,571 [INFO] AnalyticsPlugin:253 - Accepted Software Licenses: 
2025-09-22 16:17:12,571 [INFO] AnalyticsPlugin:255 - Accepted CMSIS Pack Licenses: 
2025-09-22 16:17:12,571 [INFO] AnalyticsPlugin:257 - Accepted Firmware Licenses: FW.F4.1.28.0
2025-09-22 16:17:12,575 [INFO] PluginManage:359 - Loaded plugin analytics (category:tool,tabindex:-1)
2025-09-22 16:17:12,575 [INFO] PluginManage:310 - Check plugin cadmodel
2025-09-22 16:17:12,577 [ERROR] ConfigurationRetriever:142 - IOException on connection: sw-center.st.com
2025-09-22 16:17:12,578 [ERROR] ConfigurationRetriever:142 - IOException on connection: sw-center.st.com
2025-09-22 16:17:12,579 [ERROR] ConfigurationRetriever:142 - IOException on connection: sw-center.st.com
2025-09-22 16:17:12,581 [INFO] CADModel:105 - Init CAD model plugin
2025-09-22 16:17:12,582 [INFO] PluginManage:359 - Loaded plugin cadmodel (category:power,tabindex:5)
2025-09-22 16:17:12,582 [INFO] PluginManage:310 - Check plugin clock
2025-09-22 16:17:12,595 [INFO] PluginManage:359 - Loaded plugin clock (category:base,tabindex:2)
2025-09-22 16:17:12,595 [INFO] PluginManage:310 - Check plugin ddr
2025-09-22 16:17:12,598 [INFO] PluginManage:359 - Loaded plugin ddr (category:tool,tabindex:6)
2025-09-22 16:17:12,598 [INFO] PluginManage:310 - Check plugin filemanager
2025-09-22 16:17:12,821 [INFO] PluginManage:359 - Loaded plugin filemanager (category:base,tabindex:10)
2025-09-22 16:17:12,822 [INFO] PluginManage:310 - Check plugin ipmanager
2025-09-22 16:17:12,829 [INFO] PluginManage:359 - Loaded plugin ipmanager (category:base,tabindex:5)
2025-09-22 16:17:12,830 [INFO] PluginManage:310 - Check plugin lpbam
2025-09-22 16:17:12,843 [INFO] PluginManage:359 - Loaded plugin lpbam (category:base,tabindex:0)
2025-09-22 16:17:12,843 [INFO] PluginManage:310 - Check plugin memorymap
2025-09-22 16:17:12,861 [INFO] PluginManage:359 - Loaded plugin memorymap (category:base,tabindex:4)
2025-09-22 16:17:12,861 [INFO] PluginManage:310 - Check plugin pinoutandconfiguration
2025-09-22 16:17:12,874 [INFO] PluginManage:359 - Loaded plugin pinoutandconfiguration (category:base,tabindex:1)
2025-09-22 16:17:12,874 [INFO] PluginManage:310 - Check plugin pinoutconfig
2025-09-22 16:17:13,006 [WARN] SupportedApi:132 - Cannot load RTOS API schema: s4s-elt-must-match.1: The content of 'definitions' must match (annotation?, (simpleType | complexType)?, (unique | key | keyref)*)). A problem was found starting at: attribute.
2025-09-22 16:17:13,358 [INFO] PluginManage:359 - Loaded plugin pinoutconfig (category:base,tabindex:0)
2025-09-22 16:17:13,358 [INFO] PluginManage:310 - Check plugin power
2025-09-22 16:17:13,378 [INFO] PluginManage:359 - Loaded plugin power (category:power,tabindex:4)
2025-09-22 16:17:13,378 [INFO] PluginManage:310 - Check plugin projectmanager
2025-09-22 16:17:13,412 [INFO] PluginManage:359 - Loaded plugin projectmanager (category:projectmanager,tabindex:4)
2025-09-22 16:17:13,412 [INFO] PluginManage:310 - Check plugin rif
2025-09-22 16:17:13,429 [INFO] PluginManage:359 - Loaded plugin rif (category:base,tabindex:3)
2025-09-22 16:17:13,430 [INFO] PluginManage:310 - Check plugin thirdparty
2025-09-22 16:17:13,677 [INFO] PluginManage:359 - Loaded plugin thirdparty (category:base,tabindex:-1)
2025-09-22 16:17:13,678 [INFO] PluginManage:310 - Check plugin tools
2025-09-22 16:17:13,679 [WARN] IntegrityCheckThread:84 - waiting for thirdparty lock release [integrity check]
2025-09-22 16:17:13,679 [INFO] IntegrityCheckThread:86 - entering critical section [integrity check]
2025-09-22 16:17:13,680 [INFO] ThirdPartyUpdaterWithRetryManager:70 - Updater plugin not ready yet. [1/15]
2025-09-22 16:17:13,686 [INFO] PluginManage:359 - Loaded plugin tools (category:base,tabindex:7)
2025-09-22 16:17:13,686 [INFO] PluginManage:310 - Check plugin tutovideos
2025-09-22 16:17:14,142 [INFO] PluginManage:359 - Loaded plugin tutovideos (category:base,tabindex:-1)
2025-09-22 16:17:14,143 [INFO] PluginManage:310 - Check plugin updater
2025-09-22 16:17:14,191 [INFO] PluginManage:359 - Loaded plugin updater (category:base,tabindex:12)
2025-09-22 16:17:14,192 [INFO] PluginManage:310 - Check plugin userauth
2025-09-22 16:17:14,199 [INFO] UserAuth:118 - Init User Auth plugin
2025-09-22 16:17:14,200 [INFO] PluginManage:359 - Loaded plugin userauth (category:base,tabindex:14)
2025-09-22 16:17:14,201 [INFO] PluginManage:283 - PluginManage : Loaded plugins [18]
2025-09-22 16:17:14,477 [INFO] PinOutPanel:1589 - setPackage(No Configuration,No Configuration)
2025-09-22 16:17:14,624 [INFO] CADModel:165 - CPN selected for project level
2025-09-22 16:17:14,624 [INFO] CADModel:114 - Register for checkConnection events
2025-09-22 16:17:14,652 [INFO] IPUIPlugin:80 - create IPUIPlugin
2025-09-22 16:17:14,656 [INFO] PluginManager:220 - loadIPPluginJar : add i2c
2025-09-22 16:17:14,669 [INFO] IPUIPlugin:80 - create IPUIPlugin
2025-09-22 16:17:14,671 [INFO] PluginManager:220 - loadIPPluginJar : add mdma
2025-09-22 16:17:14,675 [INFO] IPUIPlugin:80 - create IPUIPlugin
2025-09-22 16:17:14,676 [INFO] PluginManager:220 - loadIPPluginJar : add aes
2025-09-22 16:17:14,680 [INFO] IPUIPlugin:80 - create IPUIPlugin
2025-09-22 16:17:14,680 [INFO] PluginManager:220 - loadIPPluginJar : add can
2025-09-22 16:17:14,689 [INFO] IPUIPlugin:80 - create IPUIPlugin
2025-09-22 16:17:14,690 [INFO] PluginManager:220 - loadIPPluginJar : add freertos
2025-09-22 16:17:14,694 [INFO] IPUIPlugin:80 - create IPUIPlugin
2025-09-22 16:17:14,695 [INFO] PluginManager:220 - loadIPPluginJar : add gtzc
2025-09-22 16:17:14,697 [INFO] IPUIPlugin:80 - create IPUIPlugin
2025-09-22 16:17:14,698 [INFO] PluginManager:220 - loadIPPluginJar : add ts
2025-09-22 16:17:14,714 [INFO] IPUIPlugin:80 - create IPUIPlugin
2025-09-22 16:17:14,714 [INFO] PluginManager:220 - loadIPPluginJar : add stm32_wpan
2025-09-22 16:17:14,717 [INFO] IPUIPlugin:80 - create IPUIPlugin
2025-09-22 16:17:14,718 [INFO] PluginManager:220 - loadIPPluginJar : add fatfs
2025-09-22 16:17:14,729 [INFO] IPUIPlugin:80 - create IPUIPlugin
2025-09-22 16:17:14,729 [INFO] PluginManager:220 - loadIPPluginJar : add dma
2025-09-22 16:17:14,735 [INFO] IPUIPlugin:80 - create IPUIPlugin
2025-09-22 16:17:14,736 [INFO] PluginManager:220 - loadIPPluginJar : add usbx
2025-09-22 16:17:14,739 [INFO] IPUIPlugin:80 - create IPUIPlugin
2025-09-22 16:17:14,739 [INFO] PluginManager:220 - loadIPPluginJar : add hash
2025-09-22 16:17:14,742 [INFO] IPUIPlugin:80 - create IPUIPlugin
2025-09-22 16:17:14,743 [INFO] PluginManager:220 - loadIPPluginJar : add cryp
2025-09-22 16:17:14,747 [INFO] IPUIPlugin:80 - create IPUIPlugin
2025-09-22 16:17:14,747 [INFO] PluginManager:220 - loadIPPluginJar : add openamp
2025-09-22 16:17:14,750 [INFO] IPUIPlugin:80 - create IPUIPlugin
2025-09-22 16:17:14,750 [INFO] PluginManager:220 - loadIPPluginJar : add genericplugin
2025-09-22 16:17:14,756 [INFO] IPUIPlugin:80 - create IPUIPlugin
2025-09-22 16:17:14,756 [INFO] PluginManager:220 - loadIPPluginJar : add ipddr
2025-09-22 16:17:14,761 [INFO] IPUIPlugin:80 - create IPUIPlugin
2025-09-22 16:17:14,761 [INFO] PluginManager:220 - loadIPPluginJar : add opamp
2025-09-22 16:17:14,763 [INFO] IPUIPlugin:80 - create IPUIPlugin
2025-09-22 16:17:14,764 [INFO] PluginManager:220 - loadIPPluginJar : add ltdc
2025-09-22 16:17:14,767 [INFO] IPUIPlugin:80 - create IPUIPlugin
2025-09-22 16:17:14,768 [INFO] PluginManager:220 - loadIPPluginJar : add dfsdm
2025-09-22 16:17:14,776 [INFO] IPUIPlugin:80 - create IPUIPlugin
2025-09-22 16:17:14,777 [INFO] PluginManager:220 - loadIPPluginJar : add gic
2025-09-22 16:17:14,782 [INFO] IPUIPlugin:80 - create IPUIPlugin
2025-09-22 16:17:14,782 [INFO] PluginManager:220 - loadIPPluginJar : add extmemmanager
2025-09-22 16:17:14,785 [INFO] IPUIPlugin:80 - create IPUIPlugin
2025-09-22 16:17:14,786 [INFO] PluginManager:220 - loadIPPluginJar : add ucpd
2025-09-22 16:17:14,788 [INFO] IPUIPlugin:80 - create IPUIPlugin
2025-09-22 16:17:14,789 [INFO] PluginManager:220 - loadIPPluginJar : add tracer_emb
2025-09-22 16:17:14,791 [INFO] IPUIPlugin:80 - create IPUIPlugin
2025-09-22 16:17:14,792 [INFO] PluginManager:220 - loadIPPluginJar : add radio
2025-09-22 16:17:14,795 [INFO] IPUIPlugin:80 - create IPUIPlugin
2025-09-22 16:17:14,796 [INFO] PluginManager:220 - loadIPPluginJar : add pdm2pcm
2025-09-22 16:17:14,801 [INFO] IPUIPlugin:80 - create IPUIPlugin
2025-09-22 16:17:14,802 [INFO] PluginManager:220 - loadIPPluginJar : add spi
2025-09-22 16:17:14,804 [INFO] IPUIPlugin:80 - create IPUIPlugin
2025-09-22 16:17:14,805 [INFO] PluginManager:220 - loadIPPluginJar : add tim
2025-09-22 16:17:14,820 [INFO] IPUIPlugin:80 - create IPUIPlugin
2025-09-22 16:17:14,832 [INFO] PluginManager:220 - loadIPPluginJar : add plateformsettings
2025-09-22 16:17:14,839 [INFO] IPUIPlugin:80 - create IPUIPlugin
2025-09-22 16:17:14,839 [INFO] PluginManager:220 - loadIPPluginJar : add touchsensing
2025-09-22 16:17:14,848 [INFO] IPUIPlugin:80 - create IPUIPlugin
2025-09-22 16:17:14,848 [INFO] PluginManager:220 - loadIPPluginJar : add gpio
2025-09-22 16:17:14,860 [INFO] IPUIPlugin:80 - create IPUIPlugin
2025-09-22 16:17:14,860 [INFO] PluginManager:220 - loadIPPluginJar : add adc
2025-09-22 16:17:14,874 [INFO] IPUIPlugin:80 - create IPUIPlugin
2025-09-22 16:17:14,875 [INFO] PluginManager:220 - loadIPPluginJar : add linkedlist
2025-09-22 16:17:14,878 [INFO] IPUIPlugin:80 - create IPUIPlugin
2025-09-22 16:17:14,878 [INFO] PluginManager:220 - loadIPPluginJar : add comp
2025-09-22 16:17:14,887 [INFO] IPUIPlugin:80 - create IPUIPlugin
2025-09-22 16:17:14,887 [INFO] PluginManager:220 - loadIPPluginJar : add fmc
2025-09-22 16:17:14,891 [INFO] IPUIPlugin:80 - create IPUIPlugin
2025-09-22 16:17:14,891 [INFO] PluginManager:220 - loadIPPluginJar : add tsc
2025-09-22 16:17:14,898 [INFO] IPUIPlugin:80 - create IPUIPlugin
2025-09-22 16:17:14,899 [INFO] PluginManager:220 - loadIPPluginJar : add sai
2025-09-22 16:17:14,904 [INFO] IPUIPlugin:80 - create IPUIPlugin
2025-09-22 16:17:14,904 [INFO] PluginManager:220 - loadIPPluginJar : add usart
2025-09-22 16:17:14,913 [INFO] IPUIPlugin:80 - create IPUIPlugin
2025-09-22 16:17:14,913 [INFO] PluginManager:220 - loadIPPluginJar : add nvic
2025-09-22 16:17:14,920 [INFO] IPUIPlugin:80 - create IPUIPlugin
2025-09-22 16:17:14,920 [INFO] PluginManager:220 - loadIPPluginJar : add resmgrutility
2025-09-22 16:17:14,950 [INFO] IPUIPlugin:80 - create IPUIPlugin
2025-09-22 16:17:14,951 [INFO] PluginManager:220 - loadIPPluginJar : add lorawan
2025-09-22 16:17:14,959 [INFO] IPUIPlugin:80 - create IPUIPlugin
2025-09-22 16:17:14,960 [INFO] PluginManager:220 - loadIPPluginJar : add gfxmmu
2025-09-22 16:17:14,966 [INFO] IPUIPlugin:80 - create IPUIPlugin
2025-09-22 16:17:14,967 [INFO] PluginManager:220 - loadIPPluginJar : add dma3
2025-09-22 16:17:14,972 [INFO] IPUIPlugin:80 - create IPUIPlugin
2025-09-22 16:17:14,972 [INFO] PluginManager:220 - loadIPPluginJar : add i3c
2025-09-22 16:17:14,974 [INFO] IPUIPlugin:80 - create IPUIPlugin
2025-09-22 16:17:14,975 [INFO] PluginManager:220 - loadIPPluginJar : add quadspi
2025-09-22 16:17:14,979 [INFO] IPUIPlugin:80 - create IPUIPlugin
2025-09-22 16:17:14,980 [INFO] PluginManager:220 - loadIPPluginJar : add ddr_ctrl_phy
2025-09-22 16:17:14,985 [INFO] IPUIPlugin:80 - create IPUIPlugin
2025-09-22 16:17:14,985 [INFO] PluginManager:220 - loadIPPluginJar : add i2s
2025-09-22 16:17:15,010 [ERROR] ConfigurationRetriever:142 - IOException on connection: sw-center.st.com
2025-09-22 16:17:15,011 [ERROR] ConfigurationRetriever:142 - IOException on connection: sw-center.st.com
2025-09-22 16:17:15,012 [ERROR] ConfigurationRetriever:142 - IOException on connection: sw-center.st.com
2025-09-22 16:17:15,143 [FATAL] Updater:351 - Updater called before beeing initialized
2025-09-22 16:17:15,196 [INFO] RulesReader:64 - Compatibility file has been processed (317 Rules)
2025-09-22 16:17:15,221 [INFO] RulesReader:64 - Compatibility file has been processed (317 Rules)
2025-09-22 16:17:15,235 [INFO] CADModel:165 - CPN selected for project level
2025-09-22 16:17:15,235 [INFO] CADModel:114 - Register for checkConnection events
2025-09-22 16:17:15,235 [FATAL] Updater:351 - Updater called before beeing initialized
2025-09-22 16:17:15,236 [ERROR] CADModel:125 - Updater not yet initialized, retry later 
2025-09-22 16:17:15,490 [FATAL] Updater:351 - Updater called before beeing initialized
2025-09-22 16:17:15,493 [INFO] CADModel:165 - CPN selected for project level
2025-09-22 16:17:15,493 [INFO] CADModel:114 - Register for checkConnection events
2025-09-22 16:17:15,493 [FATAL] Updater:351 - Updater called before beeing initialized
2025-09-22 16:17:15,493 [ERROR] CADModel:125 - Updater not yet initialized, retry later 
2025-09-22 16:17:15,498 [FATAL] Updater:351 - Updater called before beeing initialized
2025-09-22 16:17:15,637 [FATAL] Updater:351 - Updater called before beeing initialized
2025-09-22 16:17:15,644 [INFO] DbMcusAds:53 - JSON generation date=Tue Jul 08 05:14:23 ART 2025 (1751962463582)
2025-09-22 16:17:15,644 [FATAL] Updater:351 - Updater called before beeing initialized
2025-09-22 16:17:15,708 [WARN] DetailPanel:346 - Failed to get advertising image, set to default
2025-09-22 16:17:15,869 [FATAL] Updater:351 - Updater called before beeing initialized
2025-09-22 16:17:15,872 [FATAL] Updater:351 - Updater called before beeing initialized
2025-09-22 16:17:15,872 [FATAL] Updater:351 - Updater called before beeing initialized
2025-09-22 16:17:15,872 [WARN] DetailPanel:346 - Failed to get advertising image, set to default
2025-09-22 16:17:15,874 [FATAL] Updater:351 - Updater called before beeing initialized
2025-09-22 16:17:15,942 [ERROR] Updater:1198 - MainUpdater not yet initialized. External WinMGr cannot be set.
2025-09-22 16:17:15,946 [INFO] Updater:1134 - Updater Version found : 6.15.0
2025-09-22 16:17:15,980 [INFO] ApplicationProperties:184 - Using Application install path: /opt/st/stm32cubeide_1.19.0/plugins/com.st.stm32cube.common.mx_6.15.0.202507011659
2025-09-22 16:17:16,019 [ERROR] LogOutputStream:75 - [STDERR_REDIRECT] Sep 22, 2025 4:17:16 PM java.util.prefs.FileSystemPreferences$2 run
2025-09-22 16:17:16,020 [ERROR] LogOutputStream:75 - [STDERR_REDIRECT] WARNING: Could not create system preferences directory. System preferences are unusable.
2025-09-22 16:17:16,021 [ERROR] LogOutputStream:75 - [STDERR_REDIRECT] 
2025-09-22 16:17:16,372 [INFO] MainUpdater:2872 - connection check result : 22
2025-09-22 16:17:16,373 [INFO] MainUpdater:289 - Updater Check For Update Now.
2025-09-22 16:17:16,374 [INFO] MicroXplorer:498 - Change Database Version : DB.6.0.150
2025-09-22 16:17:16,383 [INFO] McuFinderGlobals:63 - Set McuFinder mode to 2 (CubeIDE integrated)
2025-09-22 16:17:16,384 [INFO] UserAuth:487 - Internet connection configuration mode: 2
2025-09-22 16:17:16,394 [INFO] UserAuth:487 - Internet connection configuration mode: 2
2025-09-22 16:17:16,677 [INFO] CheckServerUpdateThread:120 - End of CheckServer Thread
2025-09-22 16:17:16,923 [WARN] PackLoader:240 - Cannot read IP mode file for STMicroelectronics.FP-SNS-MOTENVWB1.1.4.0
2025-09-22 16:17:16,939 [WARN] PackLoader:240 - Cannot read IP mode file for STMicroelectronics.FP-ATR-ASTRA1.2.0.2
2025-09-22 16:17:16,953 [WARN] PackLoader:240 - Cannot read IP mode file for STMicroelectronics.X-CUBE-SMBUS.2.1.0
2025-09-22 16:17:16,962 [WARN] PackLoader:240 - Cannot read IP mode file for STMicroelectronics.X-CUBE-ST60.1.0.0
2025-09-22 16:17:17,030 [WARN] PackLoader:240 - Cannot read IP mode file for STMicroelectronics.X-CUBE-AZRTOS-F7.1.1.0
2025-09-22 16:17:17,047 [WARN] PackLoader:240 - Cannot read IP mode file for Cesanta.I-CUBE-Mongoose.7.19.0
2025-09-22 16:17:17,067 [WARN] PackLoader:240 - Cannot read IP mode file for WES.I-CUBE-Cesium.1.4.0
2025-09-22 16:17:17,130 [WARN] PackLoader:240 - Cannot read IP mode file for Infineon.AIROC-Wi-Fi-Bluetooth-STM32.1.7.1
2025-09-22 16:17:17,159 [WARN] PackLoader:240 - Cannot read IP mode file for STMicroelectronics.X-CUBE-DISPLAY.3.0.0
2025-09-22 16:17:17,184 [WARN] PackLoader:240 - Cannot read IP mode file for STMicroelectronics.X-CUBE-NFC10.1.0.0
2025-09-22 16:17:17,196 [WARN] PackLoader:240 - Cannot read IP mode file for emotas.I-CUBE-CANOPEN.1.3.0
2025-09-22 16:17:17,205 [WARN] PackLoader:240 - Cannot read IP mode file for STMicroelectronics.FP-SNS-SMARTAG2.1.2.0
2025-09-22 16:17:17,210 [WARN] PackLoader:240 - Cannot read IP mode file for STMicroelectronics.FP-SNS-FLIGHT1.5.1.0
2025-09-22 16:17:17,229 [INFO] LogOutputStream:77 - [STDOUT_REDIRECT] 1 : Invalid condition id : UX_CORESTACK_Condition cause : null
2025-09-22 16:17:17,230 [INFO] LogOutputStream:77 - [STDOUT_REDIRECT] 1 : Invalid condition id : UX_CORESTACK_Condition cause : null
2025-09-22 16:17:17,230 [INFO] LogOutputStream:77 - [STDOUT_REDIRECT] 1 : Invalid condition id : UX_CORESTACK_Condition cause : null
2025-09-22 16:17:17,231 [INFO] LogOutputStream:77 - [STDOUT_REDIRECT] 1 : Invalid condition id : UX_CORESTACK_Condition cause : null
2025-09-22 16:17:17,231 [INFO] LogOutputStream:77 - [STDOUT_REDIRECT] 1 : Invalid condition id : UX_CORESTACK_Condition cause : null
2025-09-22 16:17:17,241 [WARN] PackLoader:240 - Cannot read IP mode file for STMicroelectronics.X-CUBE-AZRTOS-WL.2.0.0
2025-09-22 16:17:17,253 [WARN] PackLoader:240 - Cannot read IP mode file for STMicroelectronics.FP-SNS-MOTENV1.5.0.0
2025-09-22 16:17:17,267 [WARN] PackLoader:240 - Cannot read IP mode file for STMicroelectronics.X-CUBE-BLE2.3.3.0
2025-09-22 16:17:17,280 [WARN] PackLoader:240 - Cannot read IP mode file for STMicroelectronics.X-CUBE-NFC9.1.0.0
2025-09-22 16:17:17,293 [WARN] PackLoader:240 - Cannot read IP mode file for STMicroelectronics.X-CUBE-BLE1.7.1.0
2025-09-22 16:17:17,363 [WARN] PackLoader:240 - Cannot read IP mode file for STMicroelectronics.X-CUBE-AZRTOS-G0.1.1.0
2025-09-22 16:17:17,378 [WARN] PackLoader:240 - Cannot read IP mode file for STMicroelectronics.X-CUBE-SAFEA1.1.2.2
2025-09-22 16:17:17,386 [WARN] PackLoader:240 - Cannot read IP mode file for STMicroelectronics.X-CUBE-NFC4.3.0.0
2025-09-22 16:17:17,401 [WARN] PackLoader:240 - Cannot read IP mode file for EmbeddedOffice.I-CUBE-FS-RTOS.1.0.1
2025-09-22 16:17:17,409 [WARN] PackLoader:240 - Cannot read IP mode file for STMicroelectronics.X-CUBE-WB05N.2.0.0
2025-09-22 16:17:17,417 [WARN] PackLoader:240 - Cannot read IP mode file for STMicroelectronics.X-CUBE-TCPP.4.2.0
2025-09-22 16:17:17,428 [WARN] PackLoader:240 - Cannot read IP mode file for RealThread.X-CUBE-RT-Thread_Nano.4.1.1
2025-09-22 16:17:17,434 [WARN] PackLoader:240 - Cannot read IP mode file for STMicroelectronics.FP-ATR-SIGFOX1.3.2.0
2025-09-22 16:17:17,441 [WARN] PackLoader:240 - Cannot read IP mode file for ITTIA_DB.I-CUBE-ITTIADB.8.9.0
2025-09-22 16:17:17,450 [WARN] PackLoader:240 - Cannot read IP mode file for STMicroelectronics.X-CUBE-ST67W61.1.0.0
2025-09-22 16:17:17,508 [WARN] PackLoader:240 - Cannot read IP mode file for SEGGER.I-CUBE-embOS.1.3.1
2025-09-22 16:17:17,595 [WARN] PackLoader:240 - Cannot read IP mode file for STMicroelectronics.X-CUBE-ALGOBUILD.1.4.0
2025-09-22 16:17:17,696 [WARN] PackLoader:240 - Cannot read IP mode file for STMicroelectronics.X-CUBE-MEMS1.11.3.0
2025-09-22 16:17:18,072 [WARN] PackLoader:240 - Cannot read IP mode file for STMicroelectronics.X-CUBE-PM33A1.1.0.0
2025-09-22 16:17:18,094 [WARN] PackLoader:240 - Cannot read IP mode file for STMicroelectronics.X-CUBE-AZRTOS-F4.1.1.0
2025-09-22 16:17:18,100 [WARN] PackLoader:240 - Cannot read IP mode file for Avnet-IotConnect.X-CUBE-IoTC-DA16k-PMOD.1.0.0
2025-09-22 16:17:18,104 [WARN] PackLoader:240 - Cannot read IP mode file for STMicroelectronics.X-CUBE-ISPU.2.1.0
2025-09-22 16:17:18,129 [WARN] PackLoader:240 - Cannot read IP mode file for STMicroelectronics.X-CUBE-AZRTOS-L5.2.0.0
2025-09-22 16:17:18,142 [WARN] PackLoader:240 - Cannot read IP mode file for STMicroelectronics.X-CUBE-NFC6.3.1.0
2025-09-22 16:17:18,152 [WARN] PackLoader:240 - Cannot read IP mode file for STMicroelectronics.X-CUBE-FREERTOS.1.3.1
2025-09-22 16:17:18,158 [WARN] PackLoader:240 - Cannot read IP mode file for STMicroelectronics.X-CUBE-DPower.1.3.0
2025-09-22 16:17:18,182 [WARN] ConditionMgr:438 - getConditionDescription Invalid condition id : LAN8742 Phy interface Condition cause : null
2025-09-22 16:17:18,183 [WARN] PackLoader:240 - Cannot read IP mode file for STMicroelectronics.X-CUBE-AZRTOS-L4.2.0.0
2025-09-22 16:17:18,184 [WARN] ConditionMgr:1044 - genDependencies : Invalid condition id : LAN8742 Phy interface Condition cause : null
2025-09-22 16:17:18,185 [WARN] ConditionMgr:1044 - genDependencies : Invalid condition id : LAN8742 Phy interface Condition cause : null
2025-09-22 16:17:18,186 [WARN] ConditionMgr:1044 - genDependencies : Invalid condition id : LAN8742 Phy interface Condition cause : null
2025-09-22 16:17:18,197 [WARN] PackLoader:240 - Cannot read IP mode file for STMicroelectronics.X-CUBE-SFXS2LP1.4.0.0
2025-09-22 16:17:18,213 [WARN] ConditionMgr:438 - getConditionDescription Invalid condition id : UX DEVICE CLASS RTOS Condition cause : null
2025-09-22 16:17:18,213 [WARN] ConditionMgr:438 - getConditionDescription Invalid condition id : UX DEVICE CLASS RTOS Condition cause : null
2025-09-22 16:17:18,234 [WARN] PackLoader:240 - Cannot read IP mode file for STMicroelectronics.X-CUBE-AZRTOS-WB.2.0.0
2025-09-22 16:17:18,236 [WARN] ConditionMgr:1044 - genDependencies : Invalid condition id : UX DEVICE CLASS RTOS Condition cause : null
2025-09-22 16:17:18,236 [WARN] ConditionMgr:1044 - genDependencies : Invalid condition id : UX DEVICE CLASS RTOS Condition cause : null
2025-09-22 16:17:18,237 [WARN] ConditionMgr:1044 - genDependencies : Invalid condition id : UX DEVICE CLASS RTOS Condition cause : null
2025-09-22 16:17:18,238 [WARN] ConditionMgr:1044 - genDependencies : Invalid condition id : UX DEVICE CLASS RTOS Condition cause : null
2025-09-22 16:17:18,238 [WARN] ConditionMgr:1044 - genDependencies : Invalid condition id : UX DEVICE CLASS RTOS Condition cause : null
2025-09-22 16:17:18,248 [WARN] PackLoader:240 - Cannot read IP mode file for STMicroelectronics.X-CUBE-GNSS1.7.0.1
2025-09-22 16:17:18,256 [WARN] PackLoader:240 - Cannot read IP mode file for STMicroelectronics.X-CUBE-TOUCHGFX.4.25.0
2025-09-22 16:17:18,261 [WARN] ConditionMgr:438 - getConditionDescription Invalid condition id : Cortex-A Device cause : null
2025-09-22 16:17:18,279 [WARN] ConditionMgr:1044 - genDependencies : Invalid condition id : Cortex-A Device cause : null
2025-09-22 16:17:18,279 [WARN] ConditionMgr:1044 - genDependencies : Invalid condition id : Cortex-A Device cause : null
2025-09-22 16:17:18,279 [WARN] ConditionMgr:1044 - genDependencies : Invalid condition id : Cortex-A Device cause : null
2025-09-22 16:17:18,297 [WARN] PackLoader:240 - Cannot read IP mode file for STMicroelectronics.X-CUBE-SUBG2.5.0.0
2025-09-22 16:17:18,350 [WARN] PackLoader:240 - Cannot read IP mode file for STMicroelectronics.X-CUBE-AZRTOS-H7RS.1.1.0
2025-09-22 16:17:18,386 [WARN] PackLoader:240 - Cannot read IP mode file for STMicroelectronics.X-CUBE-AZRTOS-G4.2.0.0
2025-09-22 16:17:18,395 [WARN] PackLoader:240 - Cannot read IP mode file for wolfSSL.I-CUBE-wolfSSH.1.4.20
2025-09-22 16:17:18,403 [WARN] PackLoader:240 - Cannot read IP mode file for STMicroelectronics.X-CUBE-NFC7.2.0.0
2025-09-22 16:17:18,428 [WARN] PackLoader:240 - Cannot read IP mode file for STMicroelectronics.X-CUBE-IPS.3.1.0
2025-09-22 16:17:18,446 [WARN] PackLoader:240 - Cannot read IP mode file for STMicroelectronics.X-CUBE-ALS.1.0.2
2025-09-22 16:17:18,470 [WARN] PackLoader:240 - Cannot read IP mode file for STMicroelectronics.X-CUBE-TOF1.3.4.3
2025-09-22 16:17:18,497 [INFO] ThirdParty:978 - Integrity check success = true
2025-09-22 16:17:18,497 [INFO] IntegrityCheckThread:100 - exiting critical section [integrity check]
2025-09-22 16:17:18,497 [INFO] IntegrityCheckThread:103 - End integrity checks thread
2025-09-22 16:17:39,510 [ERROR] LogOutputStream:75 - [STDERR_REDIRECT] Sep 22, 2025 4:17:39 PM java.util.prefs.FileSystemPreferences checkLockFile0ErrorCode
2025-09-22 16:17:39,511 [ERROR] LogOutputStream:75 - [STDERR_REDIRECT] WARNING: Could not lock System prefs. Unix error code 2.
2025-09-22 16:17:39,511 [ERROR] LogOutputStream:75 - [STDERR_REDIRECT] 
2025-09-22 16:17:39,512 [ERROR] LogOutputStream:75 - [STDERR_REDIRECT] Sep 22, 2025 4:17:39 PM java.util.prefs.FileSystemPreferences syncWorld
2025-09-22 16:17:39,513 [ERROR] LogOutputStream:75 - [STDERR_REDIRECT] WARNING: Couldn't flush system prefs: java.util.prefs.BackingStoreException: Couldn't get file lock.
2025-09-22 16:17:39,513 [ERROR] LogOutputStream:75 - [STDERR_REDIRECT] 
2025-09-22 16:18:09,483 [ERROR] LogOutputStream:75 - [STDERR_REDIRECT] Sep 22, 2025 4:18:09 PM java.util.prefs.FileSystemPreferences checkLockFile0ErrorCode
2025-09-22 16:18:09,483 [ERROR] LogOutputStream:75 - [STDERR_REDIRECT] WARNING: Could not lock System prefs. Unix error code 2.
2025-09-22 16:18:09,484 [ERROR] LogOutputStream:75 - [STDERR_REDIRECT] 
2025-09-22 16:18:09,484 [ERROR] LogOutputStream:75 - [STDERR_REDIRECT] Sep 22, 2025 4:18:09 PM java.util.prefs.FileSystemPreferences syncWorld
2025-09-22 16:18:09,485 [ERROR] LogOutputStream:75 - [STDERR_REDIRECT] WARNING: Couldn't flush system prefs: java.util.prefs.BackingStoreException: Couldn't get file lock.
2025-09-22 16:18:09,485 [ERROR] LogOutputStream:75 - [STDERR_REDIRECT] 
2025-09-22 16:18:39,484 [ERROR] LogOutputStream:75 - [STDERR_REDIRECT] Sep 22, 2025 4:18:39 PM java.util.prefs.FileSystemPreferences checkLockFile0ErrorCode
2025-09-22 16:18:39,484 [ERROR] LogOutputStream:75 - [STDERR_REDIRECT] WARNING: Could not lock System prefs. Unix error code 2.
2025-09-22 16:18:39,484 [ERROR] LogOutputStream:75 - [STDERR_REDIRECT] 
2025-09-22 16:18:39,485 [ERROR] LogOutputStream:75 - [STDERR_REDIRECT] Sep 22, 2025 4:18:39 PM java.util.prefs.FileSystemPreferences syncWorld
2025-09-22 16:18:39,485 [ERROR] LogOutputStream:75 - [STDERR_REDIRECT] WARNING: Couldn't flush system prefs: java.util.prefs.BackingStoreException: Couldn't get file lock.
2025-09-22 16:18:39,485 [ERROR] LogOutputStream:75 - [STDERR_REDIRECT] 
2025-09-22 16:19:09,484 [ERROR] LogOutputStream:75 - [STDERR_REDIRECT] Sep 22, 2025 4:19:09 PM java.util.prefs.FileSystemPreferences checkLockFile0ErrorCode
2025-09-22 16:19:09,485 [ERROR] LogOutputStream:75 - [STDERR_REDIRECT] WARNING: Could not lock System prefs. Unix error code 2.
2025-09-22 16:19:09,485 [ERROR] LogOutputStream:75 - [STDERR_REDIRECT] 
2025-09-22 16:19:09,486 [ERROR] LogOutputStream:75 - [STDERR_REDIRECT] Sep 22, 2025 4:19:09 PM java.util.prefs.FileSystemPreferences syncWorld
2025-09-22 16:19:09,486 [ERROR] LogOutputStream:75 - [STDERR_REDIRECT] WARNING: Couldn't flush system prefs: java.util.prefs.BackingStoreException: Couldn't get file lock.
2025-09-22 16:19:09,486 [ERROR] LogOutputStream:75 - [STDERR_REDIRECT] 
2025-09-22 16:19:39,484 [ERROR] LogOutputStream:75 - [STDERR_REDIRECT] Sep 22, 2025 4:19:39 PM java.util.prefs.FileSystemPreferences checkLockFile0ErrorCode
2025-09-22 16:19:39,485 [ERROR] LogOutputStream:75 - [STDERR_REDIRECT] WARNING: Could not lock System prefs. Unix error code 2.
2025-09-22 16:19:39,485 [ERROR] LogOutputStream:75 - [STDERR_REDIRECT] 
2025-09-22 16:19:39,485 [ERROR] LogOutputStream:75 - [STDERR_REDIRECT] Sep 22, 2025 4:19:39 PM java.util.prefs.FileSystemPreferences syncWorld
2025-09-22 16:19:39,486 [ERROR] LogOutputStream:75 - [STDERR_REDIRECT] WARNING: Couldn't flush system prefs: java.util.prefs.BackingStoreException: Couldn't get file lock.
2025-09-22 16:19:39,486 [ERROR] LogOutputStream:75 - [STDERR_REDIRECT] 
2025-09-22 16:20:09,486 [ERROR] LogOutputStream:75 - [STDERR_REDIRECT] Sep 22, 2025 4:20:09 PM java.util.prefs.FileSystemPreferences checkLockFile0ErrorCode
2025-09-22 16:20:09,486 [ERROR] LogOutputStream:75 - [STDERR_REDIRECT] WARNING: Could not lock System prefs. Unix error code 2.
2025-09-22 16:20:09,486 [ERROR] LogOutputStream:75 - [STDERR_REDIRECT] 
2025-09-22 16:20:09,487 [ERROR] LogOutputStream:75 - [STDERR_REDIRECT] Sep 22, 2025 4:20:09 PM java.util.prefs.FileSystemPreferences syncWorld
2025-09-22 16:20:09,487 [ERROR] LogOutputStream:75 - [STDERR_REDIRECT] WARNING: Couldn't flush system prefs: java.util.prefs.BackingStoreException: Couldn't get file lock.
2025-09-22 16:20:09,487 [ERROR] LogOutputStream:75 - [STDERR_REDIRECT] 
2025-09-22 16:20:39,485 [ERROR] LogOutputStream:75 - [STDERR_REDIRECT] Sep 22, 2025 4:20:39 PM java.util.prefs.FileSystemPreferences checkLockFile0ErrorCode
2025-09-22 16:20:39,486 [ERROR] LogOutputStream:75 - [STDERR_REDIRECT] WARNING: Could not lock System prefs. Unix error code 2.
2025-09-22 16:20:39,486 [ERROR] LogOutputStream:75 - [STDERR_REDIRECT] 
2025-09-22 16:20:39,487 [ERROR] LogOutputStream:75 - [STDERR_REDIRECT] Sep 22, 2025 4:20:39 PM java.util.prefs.FileSystemPreferences syncWorld
2025-09-22 16:20:39,487 [ERROR] LogOutputStream:75 - [STDERR_REDIRECT] WARNING: Couldn't flush system prefs: java.util.prefs.BackingStoreException: Couldn't get file lock.
2025-09-22 16:20:39,487 [ERROR] LogOutputStream:75 - [STDERR_REDIRECT] 
2025-09-22 16:21:09,488 [ERROR] LogOutputStream:75 - [STDERR_REDIRECT] Sep 22, 2025 4:21:09 PM java.util.prefs.FileSystemPreferences checkLockFile0ErrorCode
2025-09-22 16:21:09,488 [ERROR] LogOutputStream:75 - [STDERR_REDIRECT] WARNING: Could not lock System prefs. Unix error code 2.
2025-09-22 16:21:09,488 [ERROR] LogOutputStream:75 - [STDERR_REDIRECT] 
2025-09-22 16:21:09,489 [ERROR] LogOutputStream:75 - [STDERR_REDIRECT] Sep 22, 2025 4:21:09 PM java.util.prefs.FileSystemPreferences syncWorld
2025-09-22 16:21:09,489 [ERROR] LogOutputStream:75 - [STDERR_REDIRECT] WARNING: Couldn't flush system prefs: java.util.prefs.BackingStoreException: Couldn't get file lock.
2025-09-22 16:21:09,489 [ERROR] LogOutputStream:75 - [STDERR_REDIRECT] 
2025-09-22 16:21:39,488 [ERROR] LogOutputStream:75 - [STDERR_REDIRECT] Sep 22, 2025 4:21:39 PM java.util.prefs.FileSystemPreferences checkLockFile0ErrorCode
2025-09-22 16:21:39,488 [ERROR] LogOutputStream:75 - [STDERR_REDIRECT] WARNING: Could not lock System prefs. Unix error code 2.
2025-09-22 16:21:39,488 [ERROR] LogOutputStream:75 - [STDERR_REDIRECT] 
2025-09-22 16:21:39,489 [ERROR] LogOutputStream:75 - [STDERR_REDIRECT] Sep 22, 2025 4:21:39 PM java.util.prefs.FileSystemPreferences syncWorld
2025-09-22 16:21:39,489 [ERROR] LogOutputStream:75 - [STDERR_REDIRECT] WARNING: Couldn't flush system prefs: java.util.prefs.BackingStoreException: Couldn't get file lock.
2025-09-22 16:21:39,489 [ERROR] LogOutputStream:75 - [STDERR_REDIRECT] 
2025-09-22 16:22:09,488 [ERROR] LogOutputStream:75 - [STDERR_REDIRECT] Sep 22, 2025 4:22:09 PM java.util.prefs.FileSystemPreferences checkLockFile0ErrorCode
2025-09-22 16:22:09,488 [ERROR] LogOutputStream:75 - [STDERR_REDIRECT] WARNING: Could not lock System prefs. Unix error code 2.
2025-09-22 16:22:09,488 [ERROR] LogOutputStream:75 - [STDERR_REDIRECT] 
2025-09-22 16:22:09,489 [ERROR] LogOutputStream:75 - [STDERR_REDIRECT] Sep 22, 2025 4:22:09 PM java.util.prefs.FileSystemPreferences syncWorld
2025-09-22 16:22:09,489 [ERROR] LogOutputStream:75 - [STDERR_REDIRECT] WARNING: Couldn't flush system prefs: java.util.prefs.BackingStoreException: Couldn't get file lock.
2025-09-22 16:22:09,489 [ERROR] LogOutputStream:75 - [STDERR_REDIRECT] 
2025-09-22 16:22:39,488 [ERROR] LogOutputStream:75 - [STDERR_REDIRECT] Sep 22, 2025 4:22:39 PM java.util.prefs.FileSystemPreferences checkLockFile0ErrorCode
2025-09-22 16:22:39,489 [ERROR] LogOutputStream:75 - [STDERR_REDIRECT] WARNING: Could not lock System prefs. Unix error code 2.
2025-09-22 16:22:39,489 [ERROR] LogOutputStream:75 - [STDERR_REDIRECT] 
2025-09-22 16:22:39,490 [ERROR] LogOutputStream:75 - [STDERR_REDIRECT] Sep 22, 2025 4:22:39 PM java.util.prefs.FileSystemPreferences syncWorld
2025-09-22 16:22:39,490 [ERROR] LogOutputStream:75 - [STDERR_REDIRECT] WARNING: Couldn't flush system prefs: java.util.prefs.BackingStoreException: Couldn't get file lock.
2025-09-22 16:22:39,490 [ERROR] LogOutputStream:75 - [STDERR_REDIRECT] 
2025-09-22 16:23:09,488 [ERROR] LogOutputStream:75 - [STDERR_REDIRECT] Sep 22, 2025 4:23:09 PM java.util.prefs.FileSystemPreferences checkLockFile0ErrorCode
2025-09-22 16:23:09,489 [ERROR] LogOutputStream:75 - [STDERR_REDIRECT] WARNING: Could not lock System prefs. Unix error code 2.
2025-09-22 16:23:09,489 [ERROR] LogOutputStream:75 - [STDERR_REDIRECT] 
2025-09-22 16:23:09,489 [ERROR] LogOutputStream:75 - [STDERR_REDIRECT] Sep 22, 2025 4:23:09 PM java.util.prefs.FileSystemPreferences syncWorld
2025-09-22 16:23:09,490 [ERROR] LogOutputStream:75 - [STDERR_REDIRECT] WARNING: Couldn't flush system prefs: java.util.prefs.BackingStoreException: Couldn't get file lock.
2025-09-22 16:23:09,490 [ERROR] LogOutputStream:75 - [STDERR_REDIRECT] 
2025-09-22 16:23:39,489 [ERROR] LogOutputStream:75 - [STDERR_REDIRECT] Sep 22, 2025 4:23:39 PM java.util.prefs.FileSystemPreferences checkLockFile0ErrorCode
2025-09-22 16:23:39,489 [ERROR] LogOutputStream:75 - [STDERR_REDIRECT] WARNING: Could not lock System prefs. Unix error code 2.
2025-09-22 16:23:39,489 [ERROR] LogOutputStream:75 - [STDERR_REDIRECT] 
2025-09-22 16:23:39,490 [ERROR] LogOutputStream:75 - [STDERR_REDIRECT] Sep 22, 2025 4:23:39 PM java.util.prefs.FileSystemPreferences syncWorld
2025-09-22 16:23:39,490 [ERROR] LogOutputStream:75 - [STDERR_REDIRECT] WARNING: Couldn't flush system prefs: java.util.prefs.BackingStoreException: Couldn't get file lock.
2025-09-22 16:23:39,490 [ERROR] LogOutputStream:75 - [STDERR_REDIRECT] 
2025-09-22 16:24:09,489 [ERROR] LogOutputStream:75 - [STDERR_REDIRECT] Sep 22, 2025 4:24:09 PM java.util.prefs.FileSystemPreferences checkLockFile0ErrorCode
2025-09-22 16:24:09,490 [ERROR] LogOutputStream:75 - [STDERR_REDIRECT] WARNING: Could not lock System prefs. Unix error code 2.
2025-09-22 16:24:09,490 [ERROR] LogOutputStream:75 - [STDERR_REDIRECT] 
2025-09-22 16:24:09,491 [ERROR] LogOutputStream:75 - [STDERR_REDIRECT] Sep 22, 2025 4:24:09 PM java.util.prefs.FileSystemPreferences syncWorld
2025-09-22 16:24:09,491 [ERROR] LogOutputStream:75 - [STDERR_REDIRECT] WARNING: Couldn't flush system prefs: java.util.prefs.BackingStoreException: Couldn't get file lock.
2025-09-22 16:24:09,491 [ERROR] LogOutputStream:75 - [STDERR_REDIRECT] 
2025-09-22 16:24:39,490 [ERROR] LogOutputStream:75 - [STDERR_REDIRECT] Sep 22, 2025 4:24:39 PM java.util.prefs.FileSystemPreferences checkLockFile0ErrorCode
2025-09-22 16:24:39,490 [ERROR] LogOutputStream:75 - [STDERR_REDIRECT] WARNING: Could not lock System prefs. Unix error code 2.
2025-09-22 16:24:39,491 [ERROR] LogOutputStream:75 - [STDERR_REDIRECT] 
2025-09-22 16:24:39,491 [ERROR] LogOutputStream:75 - [STDERR_REDIRECT] Sep 22, 2025 4:24:39 PM java.util.prefs.FileSystemPreferences syncWorld
2025-09-22 16:24:39,491 [ERROR] LogOutputStream:75 - [STDERR_REDIRECT] WARNING: Couldn't flush system prefs: java.util.prefs.BackingStoreException: Couldn't get file lock.
2025-09-22 16:24:39,492 [ERROR] LogOutputStream:75 - [STDERR_REDIRECT] 
2025-09-22 16:25:01,441 [ERROR] ConfigurationRetriever:142 - IOException on connection: sw-center.st.com
2025-09-22 16:25:01,442 [ERROR] ConfigurationRetriever:142 - IOException on connection: sw-center.st.com
2025-09-22 16:25:01,443 [ERROR] ConfigurationRetriever:142 - IOException on connection: sw-center.st.com
2025-09-22 16:25:09,492 [ERROR] LogOutputStream:75 - [STDERR_REDIRECT] Sep 22, 2025 4:25:09 PM java.util.prefs.FileSystemPreferences checkLockFile0ErrorCode
2025-09-22 16:25:09,492 [ERROR] LogOutputStream:75 - [STDERR_REDIRECT] WARNING: Could not lock System prefs. Unix error code 2.
2025-09-22 16:25:09,492 [ERROR] LogOutputStream:75 - [STDERR_REDIRECT] 
2025-09-22 16:25:09,493 [ERROR] LogOutputStream:75 - [STDERR_REDIRECT] Sep 22, 2025 4:25:09 PM java.util.prefs.FileSystemPreferences syncWorld
2025-09-22 16:25:09,493 [ERROR] LogOutputStream:75 - [STDERR_REDIRECT] WARNING: Couldn't flush system prefs: java.util.prefs.BackingStoreException: Couldn't get file lock.
2025-09-22 16:25:09,493 [ERROR] LogOutputStream:75 - [STDERR_REDIRECT] 
2025-09-22 16:25:34,446 [INFO] McuFinderGlobals:63 - Set McuFinder mode to 2 (CubeIDE integrated)
2025-09-22 16:25:34,458 [INFO] MainUpdater:2872 - connection check result : 22
2025-09-22 16:25:34,463 [INFO] MainUpdater:2872 - connection check result : 22
2025-09-22 16:25:38,699 [INFO] MainUpdater:2872 - connection check result : 22
2025-09-22 16:25:39,488 [ERROR] LogOutputStream:75 - [STDERR_REDIRECT] Sep 22, 2025 4:25:39 PM java.util.prefs.FileSystemPreferences checkLockFile0ErrorCode
2025-09-22 16:25:39,489 [ERROR] LogOutputStream:75 - [STDERR_REDIRECT] WARNING: Could not lock System prefs. Unix error code 2.
2025-09-22 16:25:39,500 [ERROR] LogOutputStream:75 - [STDERR_REDIRECT] 
2025-09-22 16:25:39,500 [ERROR] LogOutputStream:75 - [STDERR_REDIRECT] Sep 22, 2025 4:25:39 PM java.util.prefs.FileSystemPreferences syncWorld
2025-09-22 16:25:39,501 [ERROR] LogOutputStream:75 - [STDERR_REDIRECT] WARNING: Couldn't flush system prefs: java.util.prefs.BackingStoreException: Couldn't get file lock.
2025-09-22 16:25:39,501 [ERROR] LogOutputStream:75 - [STDERR_REDIRECT] 
2025-09-22 16:25:53,127 [INFO] MicroXplorer:468 - Change Database Path : 
2025-09-22 16:25:53,128 [INFO] MicroXplorer:498 - Change Database Version : DB.6.0.150
2025-09-22 16:25:53,138 [WARN] ThirdParty:871 - waiting for thirdparty lock release [close project]
2025-09-22 16:25:53,138 [INFO] ThirdParty:873 - entering critical section [close project]
2025-09-22 16:25:53,140 [INFO] ThirdParty:883 - exiting critical section [close project]
2025-09-22 16:25:53,145 [INFO] PinOutPanel:1589 - setPackage(No Configuration,No Configuration)
2025-09-22 16:25:53,149 [INFO] UtilMem:75 - Begin LoadConfig() Used Memory: 231961064 Bytes (347078656)
2025-09-22 16:25:53,152 [INFO] MicroXplorer:468 - Change Database Path : 
2025-09-22 16:25:53,152 [INFO] MicroXplorer:498 - Change Database Version : DB.6.0.150
2025-09-22 16:25:53,152 [INFO] OpenFileManager:355 - Change cursor
2025-09-22 16:25:53,243 [INFO] Mcu:2029 - Initializing MCU STM32F446R(C-E)Tx STM32F446RETx STM32F446RET6
2025-09-22 16:25:55,466 [INFO] Context:786 - Trying to add GPIOservice into a context  which must be forbidden
2025-09-22 16:25:56,418 [INFO] ImportTextPane:234 - (OptionalMessage_ERROR) Pin13 (VP_RIF_VS_RIF1) cannot be retrieved for this MCU
2025-09-22 16:25:56,578 [INFO] RtosManager:558 - Registered RTOS mode: class=CMSIS, group=RTOS, mode=CMSIS_V1, owner=FREERTOS
2025-09-22 16:25:56,579 [INFO] RtosManager:558 - Registered RTOS mode: class=CMSIS, group=RTOS2, mode=CMSIS_V2, owner=FREERTOS
2025-09-22 16:25:56,579 [INFO] RtosManager:558 - Registered RTOS mode: class=RTOS, group=Core, mode=CMSIS_V1, owner=FREERTOS
2025-09-22 16:25:56,579 [INFO] RtosManager:558 - Registered RTOS mode: class=RTOS, group=Core, mode=CMSIS_V2, owner=FREERTOS
2025-09-22 16:25:56,579 [WARN] ModelIntegratedComponent:184 - Missing modes for component STMicroelectronics:FreeRTOS:0.0.1:STMicroelectronics:RTOS:FreeRTOS:Core:::10.2.0:
2025-09-22 16:25:56,609 [WARN] ModelIntegratedComponent:63 - No mode defined for component null
2025-09-22 16:25:56,609 [WARN] ModelIntegratedComponent:63 - No mode defined for component null
2025-09-22 16:25:56,609 [WARN] ModelIntegratedComponent:63 - No mode defined for component null
2025-09-22 16:25:56,609 [WARN] ModelIntegratedComponent:63 - No mode defined for component null
2025-09-22 16:25:56,609 [WARN] ModelIntegratedComponent:63 - No mode defined for component null
2025-09-22 16:25:56,609 [WARN] ModelIntegratedComponent:63 - No mode defined for component null
2025-09-22 16:25:56,609 [WARN] ModelIntegratedComponent:63 - No mode defined for component null
2025-09-22 16:25:56,609 [WARN] ModelIntegratedComponent:63 - No mode defined for component null
2025-09-22 16:25:56,609 [WARN] ModelIntegratedComponent:63 - No mode defined for component null
2025-09-22 16:25:56,609 [WARN] ModelIntegratedComponent:63 - No mode defined for component null
2025-09-22 16:25:56,610 [WARN] ModelIntegratedComponent:63 - No mode defined for component null
2025-09-22 16:25:56,610 [WARN] ModelIntegratedComponent:63 - No mode defined for component null
2025-09-22 16:25:56,610 [WARN] ModelIntegratedComponent:63 - No mode defined for component null
2025-09-22 16:25:56,610 [WARN] ModelIntegratedComponent:63 - No mode defined for component null
2025-09-22 16:25:56,610 [WARN] ModelIntegratedComponent:63 - No mode defined for component null
2025-09-22 16:25:56,610 [WARN] ModelIntegratedComponent:63 - No mode defined for component null
2025-09-22 16:25:56,610 [WARN] ModelIntegratedComponent:63 - No mode defined for component null
2025-09-22 16:25:56,610 [WARN] ModelIntegratedComponent:63 - No mode defined for component null
2025-09-22 16:25:56,610 [WARN] ModelIntegratedComponent:63 - No mode defined for component null
2025-09-22 16:25:56,610 [WARN] ModelIntegratedComponent:63 - No mode defined for component null
2025-09-22 16:25:56,610 [WARN] ModelIntegratedComponent:63 - No mode defined for component null
2025-09-22 16:25:56,611 [WARN] ModelIntegratedComponent:63 - No mode defined for component null
2025-09-22 16:25:56,611 [WARN] ModelIntegratedComponent:63 - No mode defined for component null
2025-09-22 16:25:56,611 [WARN] ModelIntegratedComponent:63 - No mode defined for component null
2025-09-22 16:25:56,611 [WARN] ModelIntegratedComponent:63 - No mode defined for component null
2025-09-22 16:25:56,611 [WARN] ModelIntegratedComponent:63 - No mode defined for component null
2025-09-22 16:25:56,611 [WARN] ModelIntegratedComponent:63 - No mode defined for component null
2025-09-22 16:25:56,611 [WARN] ModelIntegratedComponent:63 - No mode defined for component null
2025-09-22 16:25:56,611 [WARN] ModelIntegratedComponent:63 - No mode defined for component null
2025-09-22 16:25:56,611 [WARN] ModelIntegratedComponent:63 - No mode defined for component null
2025-09-22 16:25:56,611 [WARN] ModelIntegratedComponent:63 - No mode defined for component null
2025-09-22 16:25:56,611 [WARN] ModelIntegratedComponent:63 - No mode defined for component null
2025-09-22 16:25:56,611 [WARN] ModelIntegratedComponent:63 - No mode defined for component null
2025-09-22 16:25:56,611 [WARN] ModelIntegratedComponent:63 - No mode defined for component null
2025-09-22 16:25:56,612 [WARN] ModelIntegratedComponent:63 - No mode defined for component null
2025-09-22 16:25:56,612 [WARN] ModelPack:524 - Component already loaded: STMicroelectronics:HAL Drivers:0.0.0:STMicroelectronics:Device:STMicro_Driver:XSPI:HAL::0.0.1:HAL_XSPI
2025-09-22 16:25:56,786 [INFO] ThirdPartyModel:298 - Start build external matchings
2025-09-22 16:25:57,245 [INFO] ThirdPartyModel:316 - End build external matchings
2025-09-22 16:25:57,270 [INFO] ImportTextPane:234 - (OptionalMessage_ERROR) IP (RCC) : Invalid parameter (FamilyName)
2025-09-22 16:25:57,271 [INFO] ImportTextPane:234 - (OptionalMessage_ERROR) IP (RCC) : Parameter (SDIOFreq_Value) has invalid value (84000000)
2025-09-22 16:25:57,272 [INFO] ImportTextPane:234 - (OptionalMessage_ERROR) IP (RCC) : Parameter (USBFreq_Value) has invalid value (84000000)
2025-09-22 16:25:57,798 [INFO] ApiDb:581 - Connected to CubeFinder SQLite database (/home/tomas1908/.stmcufinder/plugins/mcufinder/mcu/cube-finder-db.db)
2025-09-22 16:25:57,886 [INFO] ApiDb:668 - CubeFinder database Data Model version=2.1
2025-09-22 16:25:57,886 [INFO] ApiDb:669 - CubeFinder database Configuration version=3.0.39
2025-09-22 16:25:57,887 [INFO] ApiDb:670 - CubeFinder database generation date=2025-07-24 (1753349077)
2025-09-22 16:25:57,887 [INFO] ApiDb:671 - CubeFinder database FW Pack versions=[FP-ATR-ASTRA1_V2.0.0, FP-SNS-FLIGHT1_V5.1.0, FP-SNS-MOTENV1_V5.0.0, FP-SNS-MOTENVWB1_V1.4.0, FP-SNS-SMARTAG2_V1.2.0, FP-SNS-STBOX1_V2.0.0, STM32Cube_FW_C0_V1.4.0, STM32Cube_FW_F4_V1.28.2, STM32Cube_FW_F7_V1.17.3, STM32Cube_FW_G0_V1.6.2, STM32Cube_FW_G4_V1.6.1, STM32Cube_FW_H5_V1.5.0, STM32Cube_FW_H7RS_V1.2.0, STM32Cube_FW_H7_V1.12.1, STM32Cube_FW_L0_V1.12.2, STM32Cube_FW_L4_V1.18.1, STM32Cube_FW_L5_V1.5.1, STM32Cube_FW_N6_V1.2.0, STM32Cube_FW_U0_V1.3.0, STM32Cube_FW_U3_V1.2.0, STM32Cube_FW_U5_V1.8.0, STM32Cube_FW_WB0_V1.3.0, STM32Cube_FW_WBA_V1.7.0, STM32Cube_FW_WB_V1.23.0, STM32Cube_FW_WL3_V1.2.0, STM32Cube_FW_WL_V1.3.1, X-CUBE-ALGOBUILD_V1.4.0, X-CUBE-ALS_V1.0.2, X-CUBE-AZRTOS-F4_V1.1.0, X-CUBE-AZRTOS-F7_V1.1.0, X-CUBE-AZRTOS-G0_V1.1.0, X-CUBE-AZRTOS-G4_V2.0.0, X-CUBE-AZRTOS-H7RS_V1.1.0, X-CUBE-AZRTOS-H7_V3.4.0, X-CUBE-AZRTOS-L4_V2.0.0, X-CUBE-AZRTOS-L5_V2.0.0, X-CUBE-AZRTOS-WB_V2.0.0, X-CUBE-AZRTOS-WL_V2.0.0, X-CUBE-BLE1_V7.1.0, X-CUBE-BLE2_V3.3.0, X-CUBE-BLEMGR_V4.1.0, X-CUBE-EEPRMA1_V5.2.0, X-CUBE-FREERTOS_V1.3.1, X-CUBE-GNSS1_V6.0.0, X-CUBE-MEMS1_V11.3.0, X-CUBE-NFC4_V3.0.0, X-CUBE-NFC7_V2.0.0, X-CUBE-SFXS2LP1_V4.0.0, X-CUBE-ST67W61_V1.0.0, X-CUBE-SUBG2_V5.0.0, X-CUBE-TOF1_V3.4.3]
2025-09-22 16:25:58,035 [INFO] DbBoardsSqlite:226 - include board P-NUCLEO-WB55-NUCLEO as a kit item of type 'Nucleo-64'
2025-09-22 16:25:58,036 [INFO] DbBoardsSqlite:226 - include board P-NUCLEO-WB55-USBDONGLE as a kit item of type 'Nucleo USB Dongle'
2025-09-22 16:25:58,037 [INFO] DbBoardsSqlite:226 - include board STEVAL-IDP005V1 as a kit item of type 'Evaluation Board'
2025-09-22 16:25:58,038 [INFO] DbBoardsSqlite:226 - include board STEVAL-IDP005V2 as a kit item of type 'Evaluation Board'
2025-09-22 16:25:58,163 [INFO] ApiDb:240 - Found 880 in-development CPN: [B-G473E-ZEST1S, B-WB1M-WPAN1, B-WBA5M-WPAN, B-WL5M-SUBG1, NUCLEO-C031C6, NUCLEO-C051C8, NUCLEO-C071RB, NUCLEO-C092RC, NUCLEO-H503RB, NUCLEO-H533RE, NUCLEO-H563ZI, NUCLEO-H7S3L8, NUCLEO-N657X0-Q, NUCLEO-U031R8, NUCLEO-U083RC, NUCLEO-U385RG-Q, NUCLEO-U545RE-Q, NUCLEO-U5A5ZJ-Q, NUCLEO-WB05KZ, NUCLEO-WB07CC, NUCLEO-WB09KE, NUCLEO-WBA52CG, NUCLEO-WBA55CG, NUCLEO-WL33CC1, NUCLEO-WL33CC2, STEVAL-PROTEUS1, STEVAL-SMARTAG2, STEVAL-STWINBX1, STM320518-EVAL, STM32C0116-DK, STM32C011D6Y3TR, STM32C011D6Y6TR, STM32C011F4P3, STM32C011F4P6, STM32C011F4U3, STM32C011F4U6TR, STM32C011F6P3, STM32C011F6P6, STM32C011F6U3, STM32C011F6U6TR, STM32C011J4M3, STM32C011J4M6, STM32C011J6M3, STM32C011J6M6, STM32C0316-DK, STM32C031C4T3, STM32C031C4T6, STM32C031C4U3, STM32C031C4U6, STM32C031C6T3, STM32C031C6T6, STM32C031C6U3, STM32C031C6U6, STM32C031F4P3, STM32C031F4P6, STM32C031F6P3, STM32C031F6P6, STM32C031G4U3, STM32C031G4U6, STM32C031G6U3, STM32C031G6U6, STM32C031K4T3, STM32C031K4T6, STM32C031K4U3, STM32C031K4U6, STM32C031K6T3, STM32C031K6T6, STM32C031K6U3, STM32C031K6U6, STM32C051C6T6, STM32C051C6U6, STM32C051C8T6, STM32C051C8U6, STM32C051D8Y6TR, STM32C051F6P6, STM32C051F8P6, STM32C051G6U6, STM32C051G8U6, STM32C051K6T6, STM32C051K6U6, STM32C051K8T6, STM32C071C8T6, STM32C071C8T6N, STM32C071C8U6, STM32C071C8U6N, STM32C071CBT6, STM32C071CBT6N, STM32C071CBU6, STM32C071CBU6N, STM32C071F8P6, STM32C071F8P6N, STM32C071FBP6, STM32C071FBP6N, STM32C071FBY6TR, STM32C071G8U6, STM32C071G8U6N, STM32C071GBU6, STM32C071GBU6N, STM32C071K8T6, STM32C071K8T6N, STM32C071K8U6, STM32C071K8U6N, STM32C071KBT6, STM32C071KBT6N, STM32C071KBU6, STM32C071KBU6N, STM32C071R8T6, STM32C071R8T6N, STM32C071RBI6N, STM32C071RBT6, STM32C071RBT6N, STM32C091CBT6, STM32C091CBU6, STM32C091CCT6, STM32C091CCU6, STM32C091ECY6TR, STM32C091FBP6, STM32C091FCP6, STM32C091GBU6, STM32C091GCU6, STM32C091KBT6, STM32C091KBU6, STM32C091KCT6, STM32C091KCU6, STM32C091RBT6, STM32C091RCI6, STM32C091RCT6, STM32C092CBT6, STM32C092CBU6, STM32C092CCT6, STM32C092CCU6, STM32C092ECY6TR, STM32C092FBP6, STM32C092FCP6, STM32C092GBU6, STM32C092GCU6, STM32C092KBT6, STM32C092KBU6, STM32C092KCT6, STM32C092KCU6, STM32C092RBT6, STM32C092RCI6, STM32C092RCT6, STM32G071K8TXN, STM32G071K8UXN, STM32G081GBU6N, STM32G081KBT6N, STM32G081KBUXN, STM32G0B1CCT6N, STM32G0B1KCT6, STM32G0B1NEY6TR, STM32G0B1RCT6N, STM32G0C1CCT6, STM32G0C1CCT6N, STM32G0C1CCU6N, STM32G0C1CET6N, STM32G0C1CEU6N, STM32G0C1KCT6, STM32G0C1NEY6TR, STM32G0C1RCI6N, STM32G0C1RCT6N, STM32G0C1REI6N, STM32G0C1RET6N, STM32G0C1VCI6, STM32G0C1VEI6, STM32G411C6T3, STM32G411C6T6, STM32G411C6U3, STM32G411C6U6, STM32G411C8T3, STM32G411C8T6, STM32G411C8U3, STM32G411C8U6, STM32G411CBT3, STM32G411CBT6, STM32G411CBU3, STM32G411CBU6, STM32G411K6T3, STM32G411K6T6, STM32G411K6U3, STM32G411K6U6, STM32G411K8T3, STM32G411K8T6, STM32G411K8U3, STM32G411K8U6, STM32G411KBT3, STM32G411KBT6, STM32G411KBU3, STM32G411KBU6, STM32G411M6T3, STM32G411M6T6, STM32G411M8T3, STM32G411M8T6, STM32G411MBT3, STM32G411MBT6, STM32G411R6T3, STM32G411R6T6, STM32G411R8T3, STM32G411R8T6, STM32G411RBT3, STM32G411RBT6, STM32G414CBT3, STM32G414CBT6, STM32G414CBU3, STM32G414CBU6, STM32G414CCT3, STM32G414CCT6, STM32G414CCU3, STM32G414CCU6, STM32G414MBT3, STM32G414MBT6, STM32G414MCT3, STM32G414MCT6, STM32G414RBT3, STM32G414RBT6, STM32G414RCT3, STM32G414RCT6, STM32G414VBT3, STM32G414VBT6, STM32G414VCT3, STM32G414VCT6, STM32G431CBT3Z, STM32G431RBT3Z, STM32G471CCT6, STM32G471CCU6, STM32G471CET3, STM32G471CET6, STM32G471CEU3, STM32G471CEU6, STM32G471MCT6, STM32G471MET3, STM32G471MET6, STM32G471MEY6TR, STM32G471QCT6, STM32G471QET3, STM32G471RCT6, STM32G471RET3, STM32G471RET6, STM32G471VCH6, STM32G471VCI6, STM32G471VCT6, STM32G471VEH3, STM32G471VEH6, STM32G471VEI3, STM32G471VEI6, STM32G471VET3, STM32G471VET6, STM32G473QET3Z, STM32G473RET3Z, STM32G474CCT6, STM32G491RET3Z, STM32H503CBT6, STM32H503CBU6, STM32H503EBY6TR, STM32H503KBU6, STM32H503RBT6, STM32H523CCT6, STM32H523CCU6, STM32H523CET6, STM32H523CEU6, STM32H523HEY6TR, STM32H523RCT6, STM32H523RET6, STM32H523VCI6, STM32H523VCT6, STM32H523VEI6, STM32H523VET6, STM32H523ZCJ6, STM32H523ZCT6, STM32H523ZEJ6, STM32H523ZET6, STM32H533CET6, STM32H533CEU6, STM32H533HEY6TR, STM32H533RET6, STM32H533VEI6, STM32H533VET6, STM32H533ZEJ6, STM32H533ZET6, STM32H562AGI6, STM32H562AII6, STM32H562IGK6, STM32H562IGT6, STM32H562IIK6, STM32H562IIT6, STM32H562RGT6, STM32H562RGV6, STM32H562RIT6, STM32H562RIV6, STM32H562VGT6, STM32H562VIT6, STM32H562ZGT6, STM32H562ZIT6, STM32H563AGI6, STM32H563AII3Q, STM32H563AII6, STM32H563IGK6, STM32H563IGT6, STM32H563IIK3Q, STM32H563IIK6, STM32H563IIT3Q, STM32H563IIT6, STM32H563MIY3QTR, STM32H563RGT6, STM32H563RGV6, STM32H563RIT6, STM32H563RIV6, STM32H563VGT6, STM32H563VIT3Q, STM32H563VIT6, STM32H563ZGT6, STM32H563ZIT3Q, STM32H563ZIT6, STM32H573AII3Q, STM32H573AII6, STM32H573I-DK, STM32H573IIK3Q, STM32H573IIK6, STM32H573IIT3Q, STM32H573IIT6, STM32H573MIY3QTR, STM32H573RIT6, STM32H573RIV6, STM32H573VIT3Q, STM32H573VIT6, STM32H573ZIT3Q, STM32H573ZIT6, STM32H7R3A8I6, STM32H7R3I8K6, STM32H7R3I8T6, STM32H7R3L8H6, STM32H7R3L8H6H, STM32H7R3R8V6, STM32H7R3V8H6, STM32H7R3V8T6, STM32H7R3V8Y6TR, STM32H7R3Z8J6, STM32H7R3Z8T6, STM32H7R7A8I6, STM32H7R7I8K6, STM32H7R7I8T6, STM32H7R7L8H6, STM32H7R7L8H6H, STM32H7R7Z8J6, STM32H7S3A8I6, STM32H7S3I8K6, STM32H7S3I8T6, STM32H7S3L8H6, STM32H7S3L8H6H, STM32H7S3R8V6, STM32H7S3V8H6, STM32H7S3V8T6, STM32H7S3V8Y6TR, STM32H7S3Z8J6, STM32H7S3Z8T6, STM32H7S78-DK, STM32H7S7A8I6, STM32H7S7I8K6, STM32H7S7I8T6, STM32H7S7L8H6, STM32H7S7L8H6H, STM32H7S7Z8J6, STM32L4R5QGI6STR, STM32MP131AAE3, STM32MP131AAF3, STM32MP131AAG3, STM32MP131CAE3, STM32MP131CAF3, STM32MP131CAG3, STM32MP131DAE7, STM32MP131DAF7, STM32MP131DAG7, STM32MP131FAE7, STM32MP131FAF7, STM32MP131FAG7, STM32MP133AAE3, STM32MP133AAF3, STM32MP133AAG3, STM32MP133CAE3, STM32MP133CAF3, STM32MP133CAG3, STM32MP133DAE7, STM32MP133DAF7, STM32MP133DAG7, STM32MP133FAE7, STM32MP133FAF7, STM32MP133FAG7, STM32MP135AAE3, STM32MP135AAF3, STM32MP135AAG3, STM32MP135CAE3, STM32MP135CAF3, STM32MP135CAG3, STM32MP135DAE7, STM32MP135DAF7, STM32MP135DAG7, STM32MP135F-DK, STM32MP135FAE7, STM32MP135FAF7, STM32MP135FAF7T, STM32MP135FAF7U, STM32MP135FAG7, STM32MP211AAL3, STM32MP211AAM3, STM32MP211AAN3, STM32MP211AAO3, STM32MP211CAL3, STM32MP211CAM3, STM32MP211CAN3, STM32MP211CAO3, STM32MP211DAL3, STM32MP211DAM3, STM32MP211DAN3, STM32MP211DAO3, STM32MP211FAL3, STM32MP211FAM3, STM32MP211FAN3, STM32MP211FAO3, STM32MP213AAL3, STM32MP213AAM3, STM32MP213AAN3, STM32MP213AAO3, STM32MP213CAL3, STM32MP213CAM3, STM32MP213CAN3, STM32MP213CAO3, STM32MP213DAL3, STM32MP213DAM3, STM32MP213DAN3, STM32MP213DAO3, STM32MP213FAL3, STM32MP213FAM3, STM32MP213FAN3, STM32MP213FAO3, STM32MP215AAL3, STM32MP215AAM3, STM32MP215AAN3, STM32MP215AAO3, STM32MP215CAL3, STM32MP215CAM3, STM32MP215CAN3, STM32MP215CAO3, STM32MP215DAL3, STM32MP215DAM3, STM32MP215DAN3, STM32MP215DAO3, STM32MP215F-DK, STM32MP215FAL3, STM32MP215FAM3, STM32MP215FAN3, STM32MP215FAO3, STM32MP231AAJ3, STM32MP231AAK3, STM32MP231AAL3, STM32MP231CAJ3, STM32MP231CAK3, STM32MP231CAL3, STM32MP231DAJ3, STM32MP231DAK3, STM32MP231DAL3, STM32MP231FAJ3, STM32MP231FAK3, STM32MP231FAL3, STM32MP233AAJ3, STM32MP233AAK3, STM32MP233AAL3, STM32MP233CAJ3, STM32MP233CAK3, STM32MP233CAL3, STM32MP233DAJ3, STM32MP233DAK3, STM32MP233DAL3, STM32MP233FAJ3, STM32MP233FAK3, STM32MP233FAL3, STM32MP235AAJ3, STM32MP235AAK3, STM32MP235AAL3, STM32MP235CAJ3, STM32MP235CAK3, STM32MP235CAL3, STM32MP235DAJ3, STM32MP235DAK3, STM32MP235DAL3, STM32MP235FAJ3, STM32MP235FAK3, STM32MP235FAL3, STM32MP251AAI3, STM32MP251AAK3, STM32MP251AAL3, STM32MP251CAI3, STM32MP251CAK3, STM32MP251CAL3, STM32MP251DAI3, STM32MP251DAK3, STM32MP251DAL3, STM32MP251FAI3, STM32MP251FAK3, STM32MP251FAL3, STM32MP253AAI3, STM32MP253AAK3, STM32MP253AAL3, STM32MP253CAI3, STM32MP253CAK3, STM32MP253CAL3, STM32MP253DAI3, STM32MP253DAK3, STM32MP253DAL3, STM32MP253FAI3, STM32MP253FAK3, STM32MP253FAL3, STM32MP255AAI3, STM32MP255AAK3, STM32MP255AAL3, STM32MP255CAI3, STM32MP255CAK3, STM32MP255CAL3, STM32MP255DAI3, STM32MP255DAK3, STM32MP255DAL3, STM32MP255FAI3, STM32MP255FAK3, STM32MP255FAL3, STM32MP257AAI3, STM32MP257AAK3, STM32MP257AAL3, STM32MP257CAI3, STM32MP257CAK3, STM32MP257CAL3, STM32MP257DAI3, STM32MP257DAK3, STM32MP257DAL3, STM32MP257F-DK, STM32MP257F-EV1, STM32MP257FAI3, STM32MP257FAK3, STM32MP257FAL3, STM32N645A0H3Q, STM32N645B0H3Q, STM32N645I0H3Q, STM32N645L0H3Q, STM32N645X0H3Q, STM32N645Z0H3Q, STM32N647A0H3Q, STM32N647B0H3Q, STM32N647I0H3Q, STM32N647L0H3Q, STM32N647X0H3Q, STM32N647Z0H3Q, STM32N655A0H3Q, STM32N655B0H3Q, STM32N655I0H3Q, STM32N655L0H3Q, STM32N655X0H3Q, STM32N655Z0H3Q, STM32N6570-DK, STM32N657A0H3Q, STM32N657B0H3Q, STM32N657I0H3Q, STM32N657L0H3Q, STM32N657X0H3Q, STM32N657Z0H3Q, STM32U031C6T6, STM32U031C6U6, STM32U031C8T6, STM32U031C8U6, STM32U031F4P6, STM32U031F6P6, STM32U031F8P6, STM32U031G6Y6TR, STM32U031G8Y6TR, STM32U031K4U6, STM32U031K6U6, STM32U031K8U6, STM32U031R6I6, STM32U031R6T6, STM32U031R8I6, STM32U031R8T6, STM32U073C8T6, STM32U073C8U6, STM32U073CBT6, STM32U073CBU6, STM32U073CCT6, STM32U073CCU6, STM32U073H8Y6TR, STM32U073HBY6TR, STM32U073HCY6TR, STM32U073K8U6, STM32U073KBU6, STM32U073KCU6, STM32U073M8I6, STM32U073M8T6, STM32U073MBI6, STM32U073MBT6, STM32U073MCI6, STM32U073MCT6, STM32U073R8I6, STM32U073R8T6, STM32U073RBI6, STM32U073RBT6, STM32U073RCI6, STM32U073RCT6, STM32U083C-DK, STM32U083CCT6, STM32U083CCU6, STM32U083HCY6TR, STM32U083KCU6, STM32U083MCI6, STM32U083MCT6, STM32U083RCI6, STM32U083RCT6, STM32U375CET6, STM32U375CET6Q, STM32U375CEU6, STM32U375CEU6Q, STM32U375CEY6QTR, STM32U375CGT6, STM32U375CGT6Q, STM32U375CGU6, STM32U375CGU6Q, STM32U375CGY6QTR, STM32U375KEU6, STM32U375KGU6, STM32U375REI6, STM32U375REI6Q, STM32U375RET6, STM32U375RET6Q, STM32U375REY6GTR, STM32U375REY6QTR, STM32U375RGI6, STM32U375RGI6Q, STM32U375RGT6, STM32U375RGT6Q, STM32U375RGY6GTR, STM32U375RGY6QTR, STM32U375VEI6, STM32U375VEI6Q, STM32U375VET6, STM32U375VET6Q, STM32U375VGI6, STM32U375VGI6Q, STM32U375VGT6, STM32U375VGT6Q, STM32U385CGT6, STM32U385CGT6Q, STM32U385CGU6, STM32U385CGU6Q, STM32U385CGY6QTR, STM32U385KGU6, STM32U385RGI6, STM32U385RGI6Q, STM32U385RGT6, STM32U385RGT6Q, STM32U385RGY6GTR, STM32U385RGY6QTR, STM32U385VGI6, STM32U385VGI6Q, STM32U385VGT6, STM32U385VGT6Q, STM32U535CBT6, STM32U535CBT6Q, STM32U535CBU6, STM32U535CBU6Q, STM32U535CCT6, STM32U535CCT6Q, STM32U535CCU6, STM32U535CCU6Q, STM32U535CET6, STM32U535CET6Q, STM32U535CEU6, STM32U535CEU6Q, STM32U535JEY6QTR, STM32U535NCY6QTR, STM32U535NEY6QTR, STM32U535RBI6, STM32U535RBI6Q, STM32U535RBT6, STM32U535RBT6Q, STM32U535RCI6, STM32U535RCI6Q, STM32U535RCT6, STM32U535RCT6Q, STM32U535REI6, STM32U535REI6Q, STM32U535RET6, STM32U535RET6Q, STM32U535VCI6, STM32U535VCI6Q, STM32U535VCT6, STM32U535VCT6Q, STM32U535VEI6, STM32U535VEI6Q, STM32U535VET6, STM32U535VET6Q, STM32U545CET6, STM32U545CET6Q, STM32U545CEU6, STM32U545CEU6Q, STM32U545JEY6QTR, STM32U545NEY6QTR, STM32U545REI6, STM32U545REI6Q, STM32U545RET6, STM32U545RET6Q, STM32U545VEI6, STM32U545VEI6Q, STM32U545VET6, STM32U545VET6Q, STM32U595AIH6, STM32U595AIH6Q, STM32U595AJH6, STM32U595AJH6Q, STM32U595QII6, STM32U595QII6Q, STM32U595QJI6, STM32U595QJI6Q, STM32U595RIT6, STM32U595RIT6Q, STM32U595RJT6, STM32U595RJT6Q, STM32U595VIT6, STM32U595VIT6Q, STM32U595VJT6, STM32U595VJT6Q, STM32U595ZIT6, STM32U595ZIT6Q, STM32U595ZIY6QTR, STM32U595ZJT6, STM32U595ZJT6Q, STM32U595ZJY6QTR, STM32U599BJY6QTR, STM32U599NIH6Q, STM32U599NJH6Q, STM32U599VIT6Q, STM32U599VJT6, STM32U599VJT6Q, STM32U599ZIT6Q, STM32U599ZIY6QTR, STM32U599ZJT6Q, STM32U599ZJY6QTR, STM32U5A5AJH6, STM32U5A5AJH6Q, STM32U5A5QII3Q , STM32U5A5QJI6, STM32U5A5QJI6Q, STM32U5A5RJT6, STM32U5A5RJT6Q, STM32U5A5VJT6, STM32U5A5VJT6Q, STM32U5A5ZJT6, STM32U5A5ZJT6Q, STM32U5A5ZJY6QTR, STM32U5A9BJY6QTR, STM32U5A9J-DK, STM32U5A9NJH6Q, STM32U5A9VJT6Q, STM32U5A9ZJT6Q, STM32U5A9ZJY6QTR, STM32U5F7VIT6, STM32U5F7VIT6Q, STM32U5F7VJT6, STM32U5F7VJT6Q, STM32U5F9BJY6QTR, STM32U5F9NJH6Q, STM32U5F9VIT6Q, STM32U5F9VJT6Q, STM32U5F9ZIJ6QTR, STM32U5F9ZIT6Q, STM32U5F9ZJJ6QTR, STM32U5F9ZJT6Q, STM32U5G7VJT6, STM32U5G7VJT6Q, STM32U5G9BJY6QTR, STM32U5G9J-DK1, STM32U5G9J-DK2, STM32U5G9NJH6Q, STM32U5G9VJT6Q, STM32U5G9ZJJ6QTR, STM32U5G9ZJT6Q, STM32WB05KZV6TR, STM32WB05KZV7TR, STM32WB05TZF6TR, STM32WB05TZF7TR, STM32WB06CCF6TR, STM32WB06CCF7TR, STM32WB06CCV6TR, STM32WB06CCV7TR, STM32WB06KCV6TR, STM32WB06KCV7TR, STM32WB07CCF6TR, STM32WB07CCF7TR, STM32WB07CCV6TR, STM32WB07CCV7TR, STM32WB07KCV6TR, STM32WB07KCV7TR, STM32WB09KEV6TR, STM32WB09KEV7TR, STM32WB09TEF6TR, STM32WB09TEF7TR, STM32WB1MMCH6, STM32WBA50KGU6, STM32WBA50KGU6TR, STM32WBA52CEU6, STM32WBA52CEU6TR, STM32WBA52CEU7, STM32WBA52CEU7TR, STM32WBA52CGU6, STM32WBA52CGU6TR, STM32WBA52CGU6U, STM32WBA52CGU7, STM32WBA52CGU7TR, STM32WBA52KEU6, STM32WBA52KEU6TR, STM32WBA52KGU6, STM32WBA52KGU6TR, STM32WBA54CEU6, STM32WBA54CEU6TR, STM32WBA54CEU7, STM32WBA54CEU7TR, STM32WBA54CGU6, STM32WBA54CGU6TR, STM32WBA54CGU7, STM32WBA54CGU7TR, STM32WBA54KEU6, STM32WBA54KEU6TR, STM32WBA54KEU7, STM32WBA54KEU7TR, STM32WBA54KGU6, STM32WBA54KGU6TR, STM32WBA54KGU7, STM32WBA54KGU7TR, STM32WBA55CEU6, STM32WBA55CEU6TR, STM32WBA55CEU7, STM32WBA55CEU7TR, STM32WBA55CGU6, STM32WBA55CGU6TR, STM32WBA55CGU6U, STM32WBA55CGU7, STM32WBA55CGU7TR, STM32WBA55G-DK1, STM32WBA55HEF6, STM32WBA55HEF7, STM32WBA55HGF6, STM32WBA55HGF7, STM32WBA55UEI6, STM32WBA55UEI6TR, STM32WBA55UEI7, STM32WBA55UEI7TR, STM32WBA55UGI6, STM32WBA55UGI6TR, STM32WBA55UGI7, STM32WBA55UGI7TR, STM32WBA5MMGH6TR, STM32WBA62MGF6, STM32WBA62MIF6, STM32WBA65MGF7, STM32WBA65MIF6, STM32WBA65MIF7, STM32WL30K8V6, STM32WL30KBV6, STM32WL31C8V6, STM32WL31CBV6, STM32WL31K8V6, STM32WL31KBV6, STM32WL33C8V6, STM32WL33C8V6X, STM32WL33CBV6, STM32WL33CBV6X, STM32WL33CCV6, STM32WL33CCV6A, STM32WL33CCV6X, STM32WL33K8V7, STM32WL33K8V7X, STM32WL33KBV7 , STM32WL33KBV7X, STM32WL33KCV7, STM32WL33KCV7X, STM32WL5MOCH6, STM32WL5MOCH6TR]
2025-09-22 16:25:58,357 [INFO] BoardInfo:889 - No configuration file found for board P-NUCLEO-WB55
2025-09-22 16:25:58,358 [INFO] DbBoards:161 - Kit is not supported: P-NUCLEO-WB55
2025-09-22 16:25:58,364 [INFO] BoardInfo:889 - No configuration file found for board STEVAL-BFA001V1B
2025-09-22 16:25:58,365 [INFO] DbBoards:161 - Kit is not supported: STEVAL-BFA001V1B
2025-09-22 16:25:58,366 [INFO] BoardInfo:889 - No configuration file found for board STEVAL-BFA001V2B
2025-09-22 16:25:58,367 [INFO] DbBoards:161 - Kit is not supported: STEVAL-BFA001V2B
2025-09-22 16:25:58,568 [INFO] DbBoards:168 - Found 212 boards, 209 are supported
2025-09-22 16:25:58,568 [INFO] DbBoards:169 - Found 212 boards, 43 of them is supported for  Bsp
2025-09-22 16:25:58,574 [INFO] ApiDb:668 - CubeFinder database Data Model version=2.1
2025-09-22 16:25:58,574 [INFO] ApiDb:669 - CubeFinder database Configuration version=3.0.39
2025-09-22 16:25:58,574 [INFO] ApiDb:670 - CubeFinder database generation date=2025-07-24 (1753349077)
2025-09-22 16:25:58,574 [INFO] ApiDb:671 - CubeFinder database FW Pack versions=[FP-ATR-ASTRA1_V2.0.0, FP-SNS-FLIGHT1_V5.1.0, FP-SNS-MOTENV1_V5.0.0, FP-SNS-MOTENVWB1_V1.4.0, FP-SNS-SMARTAG2_V1.2.0, FP-SNS-STBOX1_V2.0.0, STM32Cube_FW_C0_V1.4.0, STM32Cube_FW_F4_V1.28.2, STM32Cube_FW_F7_V1.17.3, STM32Cube_FW_G0_V1.6.2, STM32Cube_FW_G4_V1.6.1, STM32Cube_FW_H5_V1.5.0, STM32Cube_FW_H7RS_V1.2.0, STM32Cube_FW_H7_V1.12.1, STM32Cube_FW_L0_V1.12.2, STM32Cube_FW_L4_V1.18.1, STM32Cube_FW_L5_V1.5.1, STM32Cube_FW_N6_V1.2.0, STM32Cube_FW_U0_V1.3.0, STM32Cube_FW_U3_V1.2.0, STM32Cube_FW_U5_V1.8.0, STM32Cube_FW_WB0_V1.3.0, STM32Cube_FW_WBA_V1.7.0, STM32Cube_FW_WB_V1.23.0, STM32Cube_FW_WL3_V1.2.0, STM32Cube_FW_WL_V1.3.1, X-CUBE-ALGOBUILD_V1.4.0, X-CUBE-ALS_V1.0.2, X-CUBE-AZRTOS-F4_V1.1.0, X-CUBE-AZRTOS-F7_V1.1.0, X-CUBE-AZRTOS-G0_V1.1.0, X-CUBE-AZRTOS-G4_V2.0.0, X-CUBE-AZRTOS-H7RS_V1.1.0, X-CUBE-AZRTOS-H7_V3.4.0, X-CUBE-AZRTOS-L4_V2.0.0, X-CUBE-AZRTOS-L5_V2.0.0, X-CUBE-AZRTOS-WB_V2.0.0, X-CUBE-AZRTOS-WL_V2.0.0, X-CUBE-BLE1_V7.1.0, X-CUBE-BLE2_V3.3.0, X-CUBE-BLEMGR_V4.1.0, X-CUBE-EEPRMA1_V5.2.0, X-CUBE-FREERTOS_V1.3.1, X-CUBE-GNSS1_V6.0.0, X-CUBE-MEMS1_V11.3.0, X-CUBE-NFC4_V3.0.0, X-CUBE-NFC7_V2.0.0, X-CUBE-SFXS2LP1_V4.0.0, X-CUBE-ST67W61_V1.0.0, X-CUBE-SUBG2_V5.0.0, X-CUBE-TOF1_V3.4.3]
2025-09-22 16:26:03,547 [INFO] ApiDb:240 - Found 880 in-development CPN: [B-G473E-ZEST1S, B-WB1M-WPAN1, B-WBA5M-WPAN, B-WL5M-SUBG1, NUCLEO-C031C6, NUCLEO-C051C8, NUCLEO-C071RB, NUCLEO-C092RC, NUCLEO-H503RB, NUCLEO-H533RE, NUCLEO-H563ZI, NUCLEO-H7S3L8, NUCLEO-N657X0-Q, NUCLEO-U031R8, NUCLEO-U083RC, NUCLEO-U385RG-Q, NUCLEO-U545RE-Q, NUCLEO-U5A5ZJ-Q, NUCLEO-WB05KZ, NUCLEO-WB07CC, NUCLEO-WB09KE, NUCLEO-WBA52CG, NUCLEO-WBA55CG, NUCLEO-WL33CC1, NUCLEO-WL33CC2, STEVAL-PROTEUS1, STEVAL-SMARTAG2, STEVAL-STWINBX1, STM320518-EVAL, STM32C0116-DK, STM32C011D6Y3TR, STM32C011D6Y6TR, STM32C011F4P3, STM32C011F4P6, STM32C011F4U3, STM32C011F4U6TR, STM32C011F6P3, STM32C011F6P6, STM32C011F6U3, STM32C011F6U6TR, STM32C011J4M3, STM32C011J4M6, STM32C011J6M3, STM32C011J6M6, STM32C0316-DK, STM32C031C4T3, STM32C031C4T6, STM32C031C4U3, STM32C031C4U6, STM32C031C6T3, STM32C031C6T6, STM32C031C6U3, STM32C031C6U6, STM32C031F4P3, STM32C031F4P6, STM32C031F6P3, STM32C031F6P6, STM32C031G4U3, STM32C031G4U6, STM32C031G6U3, STM32C031G6U6, STM32C031K4T3, STM32C031K4T6, STM32C031K4U3, STM32C031K4U6, STM32C031K6T3, STM32C031K6T6, STM32C031K6U3, STM32C031K6U6, STM32C051C6T6, STM32C051C6U6, STM32C051C8T6, STM32C051C8U6, STM32C051D8Y6TR, STM32C051F6P6, STM32C051F8P6, STM32C051G6U6, STM32C051G8U6, STM32C051K6T6, STM32C051K6U6, STM32C051K8T6, STM32C071C8T6, STM32C071C8T6N, STM32C071C8U6, STM32C071C8U6N, STM32C071CBT6, STM32C071CBT6N, STM32C071CBU6, STM32C071CBU6N, STM32C071F8P6, STM32C071F8P6N, STM32C071FBP6, STM32C071FBP6N, STM32C071FBY6TR, STM32C071G8U6, STM32C071G8U6N, STM32C071GBU6, STM32C071GBU6N, STM32C071K8T6, STM32C071K8T6N, STM32C071K8U6, STM32C071K8U6N, STM32C071KBT6, STM32C071KBT6N, STM32C071KBU6, STM32C071KBU6N, STM32C071R8T6, STM32C071R8T6N, STM32C071RBI6N, STM32C071RBT6, STM32C071RBT6N, STM32C091CBT6, STM32C091CBU6, STM32C091CCT6, STM32C091CCU6, STM32C091ECY6TR, STM32C091FBP6, STM32C091FCP6, STM32C091GBU6, STM32C091GCU6, STM32C091KBT6, STM32C091KBU6, STM32C091KCT6, STM32C091KCU6, STM32C091RBT6, STM32C091RCI6, STM32C091RCT6, STM32C092CBT6, STM32C092CBU6, STM32C092CCT6, STM32C092CCU6, STM32C092ECY6TR, STM32C092FBP6, STM32C092FCP6, STM32C092GBU6, STM32C092GCU6, STM32C092KBT6, STM32C092KBU6, STM32C092KCT6, STM32C092KCU6, STM32C092RBT6, STM32C092RCI6, STM32C092RCT6, STM32G071K8TXN, STM32G071K8UXN, STM32G081GBU6N, STM32G081KBT6N, STM32G081KBUXN, STM32G0B1CCT6N, STM32G0B1KCT6, STM32G0B1NEY6TR, STM32G0B1RCT6N, STM32G0C1CCT6, STM32G0C1CCT6N, STM32G0C1CCU6N, STM32G0C1CET6N, STM32G0C1CEU6N, STM32G0C1KCT6, STM32G0C1NEY6TR, STM32G0C1RCI6N, STM32G0C1RCT6N, STM32G0C1REI6N, STM32G0C1RET6N, STM32G0C1VCI6, STM32G0C1VEI6, STM32G411C6T3, STM32G411C6T6, STM32G411C6U3, STM32G411C6U6, STM32G411C8T3, STM32G411C8T6, STM32G411C8U3, STM32G411C8U6, STM32G411CBT3, STM32G411CBT6, STM32G411CBU3, STM32G411CBU6, STM32G411K6T3, STM32G411K6T6, STM32G411K6U3, STM32G411K6U6, STM32G411K8T3, STM32G411K8T6, STM32G411K8U3, STM32G411K8U6, STM32G411KBT3, STM32G411KBT6, STM32G411KBU3, STM32G411KBU6, STM32G411M6T3, STM32G411M6T6, STM32G411M8T3, STM32G411M8T6, STM32G411MBT3, STM32G411MBT6, STM32G411R6T3, STM32G411R6T6, STM32G411R8T3, STM32G411R8T6, STM32G411RBT3, STM32G411RBT6, STM32G414CBT3, STM32G414CBT6, STM32G414CBU3, STM32G414CBU6, STM32G414CCT3, STM32G414CCT6, STM32G414CCU3, STM32G414CCU6, STM32G414MBT3, STM32G414MBT6, STM32G414MCT3, STM32G414MCT6, STM32G414RBT3, STM32G414RBT6, STM32G414RCT3, STM32G414RCT6, STM32G414VBT3, STM32G414VBT6, STM32G414VCT3, STM32G414VCT6, STM32G431CBT3Z, STM32G431RBT3Z, STM32G471CCT6, STM32G471CCU6, STM32G471CET3, STM32G471CET6, STM32G471CEU3, STM32G471CEU6, STM32G471MCT6, STM32G471MET3, STM32G471MET6, STM32G471MEY6TR, STM32G471QCT6, STM32G471QET3, STM32G471RCT6, STM32G471RET3, STM32G471RET6, STM32G471VCH6, STM32G471VCI6, STM32G471VCT6, STM32G471VEH3, STM32G471VEH6, STM32G471VEI3, STM32G471VEI6, STM32G471VET3, STM32G471VET6, STM32G473QET3Z, STM32G473RET3Z, STM32G474CCT6, STM32G491RET3Z, STM32H503CBT6, STM32H503CBU6, STM32H503EBY6TR, STM32H503KBU6, STM32H503RBT6, STM32H523CCT6, STM32H523CCU6, STM32H523CET6, STM32H523CEU6, STM32H523HEY6TR, STM32H523RCT6, STM32H523RET6, STM32H523VCI6, STM32H523VCT6, STM32H523VEI6, STM32H523VET6, STM32H523ZCJ6, STM32H523ZCT6, STM32H523ZEJ6, STM32H523ZET6, STM32H533CET6, STM32H533CEU6, STM32H533HEY6TR, STM32H533RET6, STM32H533VEI6, STM32H533VET6, STM32H533ZEJ6, STM32H533ZET6, STM32H562AGI6, STM32H562AII6, STM32H562IGK6, STM32H562IGT6, STM32H562IIK6, STM32H562IIT6, STM32H562RGT6, STM32H562RGV6, STM32H562RIT6, STM32H562RIV6, STM32H562VGT6, STM32H562VIT6, STM32H562ZGT6, STM32H562ZIT6, STM32H563AGI6, STM32H563AII3Q, STM32H563AII6, STM32H563IGK6, STM32H563IGT6, STM32H563IIK3Q, STM32H563IIK6, STM32H563IIT3Q, STM32H563IIT6, STM32H563MIY3QTR, STM32H563RGT6, STM32H563RGV6, STM32H563RIT6, STM32H563RIV6, STM32H563VGT6, STM32H563VIT3Q, STM32H563VIT6, STM32H563ZGT6, STM32H563ZIT3Q, STM32H563ZIT6, STM32H573AII3Q, STM32H573AII6, STM32H573I-DK, STM32H573IIK3Q, STM32H573IIK6, STM32H573IIT3Q, STM32H573IIT6, STM32H573MIY3QTR, STM32H573RIT6, STM32H573RIV6, STM32H573VIT3Q, STM32H573VIT6, STM32H573ZIT3Q, STM32H573ZIT6, STM32H7R3A8I6, STM32H7R3I8K6, STM32H7R3I8T6, STM32H7R3L8H6, STM32H7R3L8H6H, STM32H7R3R8V6, STM32H7R3V8H6, STM32H7R3V8T6, STM32H7R3V8Y6TR, STM32H7R3Z8J6, STM32H7R3Z8T6, STM32H7R7A8I6, STM32H7R7I8K6, STM32H7R7I8T6, STM32H7R7L8H6, STM32H7R7L8H6H, STM32H7R7Z8J6, STM32H7S3A8I6, STM32H7S3I8K6, STM32H7S3I8T6, STM32H7S3L8H6, STM32H7S3L8H6H, STM32H7S3R8V6, STM32H7S3V8H6, STM32H7S3V8T6, STM32H7S3V8Y6TR, STM32H7S3Z8J6, STM32H7S3Z8T6, STM32H7S78-DK, STM32H7S7A8I6, STM32H7S7I8K6, STM32H7S7I8T6, STM32H7S7L8H6, STM32H7S7L8H6H, STM32H7S7Z8J6, STM32L4R5QGI6STR, STM32MP131AAE3, STM32MP131AAF3, STM32MP131AAG3, STM32MP131CAE3, STM32MP131CAF3, STM32MP131CAG3, STM32MP131DAE7, STM32MP131DAF7, STM32MP131DAG7, STM32MP131FAE7, STM32MP131FAF7, STM32MP131FAG7, STM32MP133AAE3, STM32MP133AAF3, STM32MP133AAG3, STM32MP133CAE3, STM32MP133CAF3, STM32MP133CAG3, STM32MP133DAE7, STM32MP133DAF7, STM32MP133DAG7, STM32MP133FAE7, STM32MP133FAF7, STM32MP133FAG7, STM32MP135AAE3, STM32MP135AAF3, STM32MP135AAG3, STM32MP135CAE3, STM32MP135CAF3, STM32MP135CAG3, STM32MP135DAE7, STM32MP135DAF7, STM32MP135DAG7, STM32MP135F-DK, STM32MP135FAE7, STM32MP135FAF7, STM32MP135FAF7T, STM32MP135FAF7U, STM32MP135FAG7, STM32MP211AAL3, STM32MP211AAM3, STM32MP211AAN3, STM32MP211AAO3, STM32MP211CAL3, STM32MP211CAM3, STM32MP211CAN3, STM32MP211CAO3, STM32MP211DAL3, STM32MP211DAM3, STM32MP211DAN3, STM32MP211DAO3, STM32MP211FAL3, STM32MP211FAM3, STM32MP211FAN3, STM32MP211FAO3, STM32MP213AAL3, STM32MP213AAM3, STM32MP213AAN3, STM32MP213AAO3, STM32MP213CAL3, STM32MP213CAM3, STM32MP213CAN3, STM32MP213CAO3, STM32MP213DAL3, STM32MP213DAM3, STM32MP213DAN3, STM32MP213DAO3, STM32MP213FAL3, STM32MP213FAM3, STM32MP213FAN3, STM32MP213FAO3, STM32MP215AAL3, STM32MP215AAM3, STM32MP215AAN3, STM32MP215AAO3, STM32MP215CAL3, STM32MP215CAM3, STM32MP215CAN3, STM32MP215CAO3, STM32MP215DAL3, STM32MP215DAM3, STM32MP215DAN3, STM32MP215DAO3, STM32MP215F-DK, STM32MP215FAL3, STM32MP215FAM3, STM32MP215FAN3, STM32MP215FAO3, STM32MP231AAJ3, STM32MP231AAK3, STM32MP231AAL3, STM32MP231CAJ3, STM32MP231CAK3, STM32MP231CAL3, STM32MP231DAJ3, STM32MP231DAK3, STM32MP231DAL3, STM32MP231FAJ3, STM32MP231FAK3, STM32MP231FAL3, STM32MP233AAJ3, STM32MP233AAK3, STM32MP233AAL3, STM32MP233CAJ3, STM32MP233CAK3, STM32MP233CAL3, STM32MP233DAJ3, STM32MP233DAK3, STM32MP233DAL3, STM32MP233FAJ3, STM32MP233FAK3, STM32MP233FAL3, STM32MP235AAJ3, STM32MP235AAK3, STM32MP235AAL3, STM32MP235CAJ3, STM32MP235CAK3, STM32MP235CAL3, STM32MP235DAJ3, STM32MP235DAK3, STM32MP235DAL3, STM32MP235FAJ3, STM32MP235FAK3, STM32MP235FAL3, STM32MP251AAI3, STM32MP251AAK3, STM32MP251AAL3, STM32MP251CAI3, STM32MP251CAK3, STM32MP251CAL3, STM32MP251DAI3, STM32MP251DAK3, STM32MP251DAL3, STM32MP251FAI3, STM32MP251FAK3, STM32MP251FAL3, STM32MP253AAI3, STM32MP253AAK3, STM32MP253AAL3, STM32MP253CAI3, STM32MP253CAK3, STM32MP253CAL3, STM32MP253DAI3, STM32MP253DAK3, STM32MP253DAL3, STM32MP253FAI3, STM32MP253FAK3, STM32MP253FAL3, STM32MP255AAI3, STM32MP255AAK3, STM32MP255AAL3, STM32MP255CAI3, STM32MP255CAK3, STM32MP255CAL3, STM32MP255DAI3, STM32MP255DAK3, STM32MP255DAL3, STM32MP255FAI3, STM32MP255FAK3, STM32MP255FAL3, STM32MP257AAI3, STM32MP257AAK3, STM32MP257AAL3, STM32MP257CAI3, STM32MP257CAK3, STM32MP257CAL3, STM32MP257DAI3, STM32MP257DAK3, STM32MP257DAL3, STM32MP257F-DK, STM32MP257F-EV1, STM32MP257FAI3, STM32MP257FAK3, STM32MP257FAL3, STM32N645A0H3Q, STM32N645B0H3Q, STM32N645I0H3Q, STM32N645L0H3Q, STM32N645X0H3Q, STM32N645Z0H3Q, STM32N647A0H3Q, STM32N647B0H3Q, STM32N647I0H3Q, STM32N647L0H3Q, STM32N647X0H3Q, STM32N647Z0H3Q, STM32N655A0H3Q, STM32N655B0H3Q, STM32N655I0H3Q, STM32N655L0H3Q, STM32N655X0H3Q, STM32N655Z0H3Q, STM32N6570-DK, STM32N657A0H3Q, STM32N657B0H3Q, STM32N657I0H3Q, STM32N657L0H3Q, STM32N657X0H3Q, STM32N657Z0H3Q, STM32U031C6T6, STM32U031C6U6, STM32U031C8T6, STM32U031C8U6, STM32U031F4P6, STM32U031F6P6, STM32U031F8P6, STM32U031G6Y6TR, STM32U031G8Y6TR, STM32U031K4U6, STM32U031K6U6, STM32U031K8U6, STM32U031R6I6, STM32U031R6T6, STM32U031R8I6, STM32U031R8T6, STM32U073C8T6, STM32U073C8U6, STM32U073CBT6, STM32U073CBU6, STM32U073CCT6, STM32U073CCU6, STM32U073H8Y6TR, STM32U073HBY6TR, STM32U073HCY6TR, STM32U073K8U6, STM32U073KBU6, STM32U073KCU6, STM32U073M8I6, STM32U073M8T6, STM32U073MBI6, STM32U073MBT6, STM32U073MCI6, STM32U073MCT6, STM32U073R8I6, STM32U073R8T6, STM32U073RBI6, STM32U073RBT6, STM32U073RCI6, STM32U073RCT6, STM32U083C-DK, STM32U083CCT6, STM32U083CCU6, STM32U083HCY6TR, STM32U083KCU6, STM32U083MCI6, STM32U083MCT6, STM32U083RCI6, STM32U083RCT6, STM32U375CET6, STM32U375CET6Q, STM32U375CEU6, STM32U375CEU6Q, STM32U375CEY6QTR, STM32U375CGT6, STM32U375CGT6Q, STM32U375CGU6, STM32U375CGU6Q, STM32U375CGY6QTR, STM32U375KEU6, STM32U375KGU6, STM32U375REI6, STM32U375REI6Q, STM32U375RET6, STM32U375RET6Q, STM32U375REY6GTR, STM32U375REY6QTR, STM32U375RGI6, STM32U375RGI6Q, STM32U375RGT6, STM32U375RGT6Q, STM32U375RGY6GTR, STM32U375RGY6QTR, STM32U375VEI6, STM32U375VEI6Q, STM32U375VET6, STM32U375VET6Q, STM32U375VGI6, STM32U375VGI6Q, STM32U375VGT6, STM32U375VGT6Q, STM32U385CGT6, STM32U385CGT6Q, STM32U385CGU6, STM32U385CGU6Q, STM32U385CGY6QTR, STM32U385KGU6, STM32U385RGI6, STM32U385RGI6Q, STM32U385RGT6, STM32U385RGT6Q, STM32U385RGY6GTR, STM32U385RGY6QTR, STM32U385VGI6, STM32U385VGI6Q, STM32U385VGT6, STM32U385VGT6Q, STM32U535CBT6, STM32U535CBT6Q, STM32U535CBU6, STM32U535CBU6Q, STM32U535CCT6, STM32U535CCT6Q, STM32U535CCU6, STM32U535CCU6Q, STM32U535CET6, STM32U535CET6Q, STM32U535CEU6, STM32U535CEU6Q, STM32U535JEY6QTR, STM32U535NCY6QTR, STM32U535NEY6QTR, STM32U535RBI6, STM32U535RBI6Q, STM32U535RBT6, STM32U535RBT6Q, STM32U535RCI6, STM32U535RCI6Q, STM32U535RCT6, STM32U535RCT6Q, STM32U535REI6, STM32U535REI6Q, STM32U535RET6, STM32U535RET6Q, STM32U535VCI6, STM32U535VCI6Q, STM32U535VCT6, STM32U535VCT6Q, STM32U535VEI6, STM32U535VEI6Q, STM32U535VET6, STM32U535VET6Q, STM32U545CET6, STM32U545CET6Q, STM32U545CEU6, STM32U545CEU6Q, STM32U545JEY6QTR, STM32U545NEY6QTR, STM32U545REI6, STM32U545REI6Q, STM32U545RET6, STM32U545RET6Q, STM32U545VEI6, STM32U545VEI6Q, STM32U545VET6, STM32U545VET6Q, STM32U595AIH6, STM32U595AIH6Q, STM32U595AJH6, STM32U595AJH6Q, STM32U595QII6, STM32U595QII6Q, STM32U595QJI6, STM32U595QJI6Q, STM32U595RIT6, STM32U595RIT6Q, STM32U595RJT6, STM32U595RJT6Q, STM32U595VIT6, STM32U595VIT6Q, STM32U595VJT6, STM32U595VJT6Q, STM32U595ZIT6, STM32U595ZIT6Q, STM32U595ZIY6QTR, STM32U595ZJT6, STM32U595ZJT6Q, STM32U595ZJY6QTR, STM32U599BJY6QTR, STM32U599NIH6Q, STM32U599NJH6Q, STM32U599VIT6Q, STM32U599VJT6, STM32U599VJT6Q, STM32U599ZIT6Q, STM32U599ZIY6QTR, STM32U599ZJT6Q, STM32U599ZJY6QTR, STM32U5A5AJH6, STM32U5A5AJH6Q, STM32U5A5QII3Q , STM32U5A5QJI6, STM32U5A5QJI6Q, STM32U5A5RJT6, STM32U5A5RJT6Q, STM32U5A5VJT6, STM32U5A5VJT6Q, STM32U5A5ZJT6, STM32U5A5ZJT6Q, STM32U5A5ZJY6QTR, STM32U5A9BJY6QTR, STM32U5A9J-DK, STM32U5A9NJH6Q, STM32U5A9VJT6Q, STM32U5A9ZJT6Q, STM32U5A9ZJY6QTR, STM32U5F7VIT6, STM32U5F7VIT6Q, STM32U5F7VJT6, STM32U5F7VJT6Q, STM32U5F9BJY6QTR, STM32U5F9NJH6Q, STM32U5F9VIT6Q, STM32U5F9VJT6Q, STM32U5F9ZIJ6QTR, STM32U5F9ZIT6Q, STM32U5F9ZJJ6QTR, STM32U5F9ZJT6Q, STM32U5G7VJT6, STM32U5G7VJT6Q, STM32U5G9BJY6QTR, STM32U5G9J-DK1, STM32U5G9J-DK2, STM32U5G9NJH6Q, STM32U5G9VJT6Q, STM32U5G9ZJJ6QTR, STM32U5G9ZJT6Q, STM32WB05KZV6TR, STM32WB05KZV7TR, STM32WB05TZF6TR, STM32WB05TZF7TR, STM32WB06CCF6TR, STM32WB06CCF7TR, STM32WB06CCV6TR, STM32WB06CCV7TR, STM32WB06KCV6TR, STM32WB06KCV7TR, STM32WB07CCF6TR, STM32WB07CCF7TR, STM32WB07CCV6TR, STM32WB07CCV7TR, STM32WB07KCV6TR, STM32WB07KCV7TR, STM32WB09KEV6TR, STM32WB09KEV7TR, STM32WB09TEF6TR, STM32WB09TEF7TR, STM32WB1MMCH6, STM32WBA50KGU6, STM32WBA50KGU6TR, STM32WBA52CEU6, STM32WBA52CEU6TR, STM32WBA52CEU7, STM32WBA52CEU7TR, STM32WBA52CGU6, STM32WBA52CGU6TR, STM32WBA52CGU6U, STM32WBA52CGU7, STM32WBA52CGU7TR, STM32WBA52KEU6, STM32WBA52KEU6TR, STM32WBA52KGU6, STM32WBA52KGU6TR, STM32WBA54CEU6, STM32WBA54CEU6TR, STM32WBA54CEU7, STM32WBA54CEU7TR, STM32WBA54CGU6, STM32WBA54CGU6TR, STM32WBA54CGU7, STM32WBA54CGU7TR, STM32WBA54KEU6, STM32WBA54KEU6TR, STM32WBA54KEU7, STM32WBA54KEU7TR, STM32WBA54KGU6, STM32WBA54KGU6TR, STM32WBA54KGU7, STM32WBA54KGU7TR, STM32WBA55CEU6, STM32WBA55CEU6TR, STM32WBA55CEU7, STM32WBA55CEU7TR, STM32WBA55CGU6, STM32WBA55CGU6TR, STM32WBA55CGU6U, STM32WBA55CGU7, STM32WBA55CGU7TR, STM32WBA55G-DK1, STM32WBA55HEF6, STM32WBA55HEF7, STM32WBA55HGF6, STM32WBA55HGF7, STM32WBA55UEI6, STM32WBA55UEI6TR, STM32WBA55UEI7, STM32WBA55UEI7TR, STM32WBA55UGI6, STM32WBA55UGI6TR, STM32WBA55UGI7, STM32WBA55UGI7TR, STM32WBA5MMGH6TR, STM32WBA62MGF6, STM32WBA62MIF6, STM32WBA65MGF7, STM32WBA65MIF6, STM32WBA65MIF7, STM32WL30K8V6, STM32WL30KBV6, STM32WL31C8V6, STM32WL31CBV6, STM32WL31K8V6, STM32WL31KBV6, STM32WL33C8V6, STM32WL33C8V6X, STM32WL33CBV6, STM32WL33CBV6X, STM32WL33CCV6, STM32WL33CCV6A, STM32WL33CCV6X, STM32WL33K8V7, STM32WL33K8V7X, STM32WL33KBV7 , STM32WL33KBV7X, STM32WL33KCV7, STM32WL33KCV7X, STM32WL5MOCH6, STM32WL5MOCH6TR]
2025-09-22 16:26:03,553 [INFO] DbMcus:218 - Found 4801 MCUs, 4801 are supported
2025-09-22 16:26:03,565 [INFO] ApiDb:423 - Load user favorites file /home/tomas1908/.stm32cubeide/favorites.mcus.txt: 2 item(s)
2025-09-22 16:26:03,565 [INFO] ApiDb:427 - User favorites MCUs=[STM32F103C8T6, STM32F446RET6]
2025-09-22 16:26:03,565 [INFO] DbMcus:224 - Set 2 / 2 favorites MCUs
2025-09-22 16:26:04,414 [INFO] ApiDb:414 - User favorites file not found: /home/tomas1908/.stm32cubeide/favorites.boards.txt
2025-09-22 16:26:04,414 [INFO] DbBoards:198 - Set 0 / 0 favorites Boards
2025-09-22 16:26:04,476 [INFO] UtilMem:75 - End LoadConfig() Used Memory: 366008040 Bytes (440401920)
2025-09-22 16:26:04,722 [WARN] ThirdParty:833 - waiting for thirdparty lock release [change project]
2025-09-22 16:26:04,723 [INFO] ThirdParty:835 - entering critical section [change project]
2025-09-22 16:26:04,723 [INFO] ThirdParty:1030 - CMSIS Pack Vendor :STMicroelectronics X-CUBE-PM33A1 1.0.0
2025-09-22 16:26:04,723 [INFO] ThirdParty:1030 - CMSIS Pack Vendor :STMicroelectronics USBPD 4.1
2025-09-22 16:26:04,723 [INFO] ThirdParty:1030 - CMSIS Pack Vendor :STMicroelectronics X-CUBE-NFC9 1.0.0
2025-09-22 16:26:04,724 [INFO] ThirdParty:1030 - CMSIS Pack Vendor :STMicroelectronics USB_HOST 2.0.0
2025-09-22 16:26:04,724 [INFO] ThirdParty:1030 - CMSIS Pack Vendor :STMicroelectronics FP-SNS-MOTENVWB1 1.4.0
2025-09-22 16:26:04,724 [INFO] ThirdParty:1030 - CMSIS Pack Vendor :STMicroelectronics X-CUBE-AZRTOS-F4 1.1.0
2025-09-22 16:26:04,724 [INFO] ThirdParty:1030 - CMSIS Pack Vendor :STMicroelectronics LIBJPEG 8.0.0
2025-09-22 16:26:04,724 [INFO] ThirdParty:1030 - CMSIS Pack Vendor :STMicroelectronics FP-ATR-ASTRA1 2.0.2
2025-09-22 16:26:04,724 [INFO] ThirdParty:1030 - CMSIS Pack Vendor :STMicroelectronics X-CUBE-BLE1 7.1.0
2025-09-22 16:26:04,724 [INFO] ThirdParty:1030 - CMSIS Pack Vendor :Avnet-IotConnect X-CUBE-IoTC-DA16k-PMOD 1.0.0
2025-09-22 16:26:04,724 [INFO] ThirdParty:1030 - CMSIS Pack Vendor :STMicroelectronics X-CUBE-SMBUS 2.1.0
2025-09-22 16:26:04,724 [INFO] ThirdParty:1030 - CMSIS Pack Vendor :STMicroelectronics USB_DEVICE 3.0.0
2025-09-22 16:26:04,724 [INFO] ThirdParty:1030 - CMSIS Pack Vendor :STMicroelectronics X-CUBE-ISPU 2.1.0
2025-09-22 16:26:04,724 [INFO] ThirdParty:1030 - CMSIS Pack Vendor :STMicroelectronics X-CUBE-AZRTOS-WB 2.0.0
2025-09-22 16:26:04,724 [INFO] ThirdParty:1030 - CMSIS Pack Vendor :STMicroelectronics X-CUBE-ST60 1.0.0
2025-09-22 16:26:04,725 [INFO] ThirdParty:1030 - CMSIS Pack Vendor :STMicroelectronics X-CUBE-GNSS1 7.0.1
2025-09-22 16:26:04,725 [INFO] ThirdParty:1030 - CMSIS Pack Vendor :STMicroelectronics X-CUBE-AZRTOS-F7 1.1.0
2025-09-22 16:26:04,725 [INFO] ThirdParty:1030 - CMSIS Pack Vendor :STMicroelectronics X-CUBE-AZRTOS-L5 2.0.0
2025-09-22 16:26:04,725 [INFO] ThirdParty:1030 - CMSIS Pack Vendor :STMicroelectronics X-CUBE-TOUCHGFX 4.25.0
2025-09-22 16:26:04,725 [INFO] ThirdParty:1030 - CMSIS Pack Vendor :STMicroelectronics USB_DEVICE 2.0.0
2025-09-22 16:26:04,725 [INFO] ThirdParty:1030 - CMSIS Pack Vendor :STMicroelectronics X-CUBE-NFC6 3.1.0
2025-09-22 16:26:04,725 [INFO] ThirdParty:1030 - CMSIS Pack Vendor :Cesanta I-CUBE-Mongoose 7.19.0
2025-09-22 16:26:04,725 [INFO] ThirdParty:1030 - CMSIS Pack Vendor :quantropi X-CUBE-qispace-sdk-base 2.1.0
2025-09-22 16:26:04,725 [INFO] ThirdParty:1030 - CMSIS Pack Vendor :STMicroelectronics FreeRTOS 0.0.1
2025-09-22 16:26:04,725 [INFO] ThirdParty:1030 - CMSIS Pack Vendor :STMicroelectronics X-CUBE-AZRTOS-G0 1.1.0
2025-09-22 16:26:04,725 [INFO] ThirdParty:1030 - CMSIS Pack Vendor :STMicroelectronics X-CUBE-SAFEA1 1.2.2
2025-09-22 16:26:04,725 [INFO] ThirdParty:1030 - CMSIS Pack Vendor :STMicroelectronics X-CUBE-NFC4 3.0.0
2025-09-22 16:26:04,725 [INFO] ThirdParty:1030 - CMSIS Pack Vendor :STMicroelectronics X-CUBE-SUBG2 5.0.0
2025-09-22 16:26:04,725 [INFO] ThirdParty:1030 - CMSIS Pack Vendor :STMicroelectronics X-CUBE-AZRTOS-H7RS 1.1.0
2025-09-22 16:26:04,725 [INFO] ThirdParty:1030 - CMSIS Pack Vendor :STMicroelectronics STM32_WPAN 1.0.0
2025-09-22 16:26:04,726 [INFO] ThirdParty:1030 - CMSIS Pack Vendor :EmbeddedOffice I-CUBE-FS-RTOS 1.0.1
2025-09-22 16:26:04,726 [INFO] ThirdParty:1030 - CMSIS Pack Vendor :STMicroelectronics lwIP 2.0.3
2025-09-22 16:26:04,726 [INFO] ThirdParty:1030 - CMSIS Pack Vendor :WES I-CUBE-Cesium 1.4.0
2025-09-22 16:26:04,726 [INFO] ThirdParty:1030 - CMSIS Pack Vendor :STMicroelectronics USB_HOST 1.0.0
2025-09-22 16:26:04,726 [INFO] ThirdParty:1030 - CMSIS Pack Vendor :Infineon AIROC-Wi-Fi-Bluetooth-STM32 1.7.1
2025-09-22 16:26:04,726 [INFO] ThirdParty:1030 - CMSIS Pack Vendor :STMicroelectronics X-CUBE-AZRTOS-G4 2.0.0
2025-09-22 16:26:04,726 [INFO] ThirdParty:1030 - CMSIS Pack Vendor :STMicroelectronics X-CUBE-WB05N 2.0.0
2025-09-22 16:26:04,726 [INFO] ThirdParty:1030 - CMSIS Pack Vendor :STMicroelectronics PDM2PCM 3.1.0
2025-09-22 16:26:04,726 [INFO] ThirdParty:1030 - CMSIS Pack Vendor :STMicroelectronics PDM2PCM 3.3.0
2025-09-22 16:26:04,726 [INFO] ThirdParty:1030 - CMSIS Pack Vendor :STMicroelectronics X-CUBE-DISPLAY 3.0.0
2025-09-22 16:26:04,726 [INFO] ThirdParty:1030 - CMSIS Pack Vendor :wolfSSL I-CUBE-wolfSSH 1.4.20
2025-09-22 16:26:04,726 [INFO] ThirdParty:1030 - CMSIS Pack Vendor :STMicroelectronics X-CUBE-NFC7 2.0.0
2025-09-22 16:26:04,726 [INFO] ThirdParty:1030 - CMSIS Pack Vendor :STMicroelectronics X-CUBE-TCPP 4.2.0
2025-09-22 16:26:04,726 [INFO] ThirdParty:1030 - CMSIS Pack Vendor :RealThread X-CUBE-RT-Thread_Nano 4.1.1
2025-09-22 16:26:04,727 [INFO] ThirdParty:1030 - CMSIS Pack Vendor :STMicroelectronics FP-ATR-SIGFOX1 3.2.0
2025-09-22 16:26:04,727 [INFO] ThirdParty:1030 - CMSIS Pack Vendor :STMicroelectronics X-CUBE-NFC10 1.0.0
2025-09-22 16:26:04,727 [INFO] ThirdParty:1030 - CMSIS Pack Vendor :STMicroelectronics X-CUBE-FREERTOS 1.3.1
2025-09-22 16:26:04,727 [INFO] ThirdParty:1030 - CMSIS Pack Vendor :STMicroelectronics HAL Drivers 0.0.0
2025-09-22 16:26:04,727 [INFO] ThirdParty:1030 - CMSIS Pack Vendor :STMicroelectronics MBEDTLS 2.16.2
2025-09-22 16:26:04,727 [INFO] ThirdParty:1030 - CMSIS Pack Vendor :STMicroelectronics X-CUBE-IPS 3.1.0
2025-09-22 16:26:04,727 [INFO] ThirdParty:1030 - CMSIS Pack Vendor :STMicroelectronics X-CUBE-ALS 1.0.2
2025-09-22 16:26:04,727 [INFO] ThirdParty:1030 - CMSIS Pack Vendor :emotas I-CUBE-CANOPEN 1.3.0
2025-09-22 16:26:04,727 [INFO] ThirdParty:1030 - CMSIS Pack Vendor :STMicroelectronics MBEDTLS 2.14.1
2025-09-22 16:26:04,727 [INFO] ThirdParty:1030 - CMSIS Pack Vendor :ITTIA_DB I-CUBE-ITTIADB 8.9.0
2025-09-22 16:26:04,727 [INFO] ThirdParty:1030 - CMSIS Pack Vendor :STMicroelectronics X-CUBE-ST67W61 1.0.0
2025-09-22 16:26:04,727 [INFO] ThirdParty:1030 - CMSIS Pack Vendor :STMicroelectronics ThreadX 1.0.0
2025-09-22 16:26:04,727 [INFO] ThirdParty:1030 - CMSIS Pack Vendor :STMicroelectronics FP-SNS-SMARTAG2 1.2.0
2025-09-22 16:26:04,727 [INFO] ThirdParty:1030 - CMSIS Pack Vendor :STMicroelectronics FP-SNS-FLIGHT1 5.1.0
2025-09-22 16:26:04,727 [INFO] ThirdParty:1030 - CMSIS Pack Vendor :STMicroelectronics X-CUBE-AZRTOS-WL 2.0.0
2025-09-22 16:26:04,728 [INFO] ThirdParty:1030 - CMSIS Pack Vendor :SEGGER I-CUBE-embOS 1.3.1
2025-09-22 16:26:04,728 [INFO] ThirdParty:1030 - CMSIS Pack Vendor :STMicroelectronics X-CUBE-ALGOBUILD 1.4.0
2025-09-22 16:26:04,728 [INFO] ThirdParty:1030 - CMSIS Pack Vendor :STMicroelectronics X-CUBE-DPower 1.3.0
2025-09-22 16:26:04,728 [INFO] ThirdParty:1030 - CMSIS Pack Vendor :STMicroelectronics X-CUBE-MEMS1 11.3.0
2025-09-22 16:26:04,728 [INFO] ThirdParty:1030 - CMSIS Pack Vendor :STMicroelectronics FP-SNS-MOTENV1 5.0.0
2025-09-22 16:26:04,728 [INFO] ThirdParty:1030 - CMSIS Pack Vendor :STMicroelectronics USB_DEVICE 1.0.0
2025-09-22 16:26:04,728 [INFO] ThirdParty:1030 - CMSIS Pack Vendor :STMicroelectronics X-CUBE-AZRTOS-L4 2.0.0
2025-09-22 16:26:04,728 [INFO] ThirdParty:1030 - CMSIS Pack Vendor :STMicroelectronics ThreadX 0.0.2
2025-09-22 16:26:04,728 [INFO] ThirdParty:1030 - CMSIS Pack Vendor :STMicroelectronics lwIP 2.1.2
2025-09-22 16:26:04,728 [INFO] ThirdParty:1030 - CMSIS Pack Vendor :STMicroelectronics X-CUBE-SFXS2LP1 4.0.0
2025-09-22 16:26:04,728 [INFO] ThirdParty:1030 - CMSIS Pack Vendor :STMicroelectronics X-CUBE-BLE2 3.3.0
2025-09-22 16:26:04,728 [INFO] ThirdParty:1030 - CMSIS Pack Vendor :STMicroelectronics X-CUBE-TOF1 3.4.3
2025-09-22 16:26:04,728 [INFO] ThirdParty:1030 - CMSIS Pack Vendor :STMicroelectronics PDM2PCM 3.2.0
2025-09-22 16:26:04,729 [INFO] ThirdParty:841 - exiting critical section [change project]
2025-09-22 16:26:05,520 [INFO] PinOutPanel:1589 - setPackage(No Configuration,No Configuration)
2025-09-22 16:26:05,522 [INFO] PinOutPanel:1589 - setPackage(STM32F446RETx,LQFP64)
2025-09-22 16:26:06,411 [INFO] UtilMem:75 - Before build in PCC Used Memory: 231267528 Bytes (440401920)
2025-09-22 16:26:07,550 [INFO] UtilMem:75 - After build in PCC Used Memory: 362492416 Bytes (440401920)
2025-09-22 16:26:07,647 [INFO] IPUIPlugin:80 - create IPUIPlugin
2025-09-22 16:26:07,648 [INFO] IPUIPlugin:80 - create IPUIPlugin
2025-09-22 16:26:07,648 [INFO] IPUIPlugin:80 - create IPUIPlugin
2025-09-22 16:26:07,648 [INFO] IPUIPlugin:80 - create IPUIPlugin
2025-09-22 16:26:07,648 [INFO] IPUIPlugin:80 - create IPUIPlugin
2025-09-22 16:26:07,648 [INFO] IPUIPlugin:80 - create IPUIPlugin
2025-09-22 16:26:07,649 [INFO] IPUIPlugin:80 - create IPUIPlugin
2025-09-22 16:26:07,649 [INFO] IPUIPlugin:80 - create IPUIPlugin
2025-09-22 16:26:07,649 [INFO] IPUIPlugin:80 - create IPUIPlugin
2025-09-22 16:26:07,649 [INFO] IPUIPlugin:80 - create IPUIPlugin
2025-09-22 16:26:07,649 [INFO] IPUIPlugin:80 - create IPUIPlugin
2025-09-22 16:26:07,649 [INFO] IPUIPlugin:80 - create IPUIPlugin
2025-09-22 16:26:07,650 [INFO] IPUIPlugin:80 - create IPUIPlugin
2025-09-22 16:26:07,650 [INFO] IPUIPlugin:80 - create IPUIPlugin
2025-09-22 16:26:07,650 [INFO] IPUIPlugin:80 - create IPUIPlugin
2025-09-22 16:26:07,650 [INFO] IPUIPlugin:80 - create IPUIPlugin
2025-09-22 16:26:07,650 [INFO] IPUIPlugin:80 - create IPUIPlugin
2025-09-22 16:26:07,651 [INFO] IPUIPlugin:80 - create IPUIPlugin
2025-09-22 16:26:07,651 [INFO] IPUIPlugin:80 - create IPUIPlugin
2025-09-22 16:26:07,651 [INFO] IPUIPlugin:80 - create IPUIPlugin
2025-09-22 16:26:07,652 [INFO] IPUIPlugin:80 - create IPUIPlugin
2025-09-22 16:26:07,652 [INFO] IPUIPlugin:80 - create IPUIPlugin
2025-09-22 16:26:07,652 [INFO] IPUIPlugin:80 - create IPUIPlugin
2025-09-22 16:26:07,653 [INFO] IPUIPlugin:80 - create IPUIPlugin
2025-09-22 16:26:07,653 [INFO] IPUIPlugin:80 - create IPUIPlugin
2025-09-22 16:26:07,653 [INFO] IPUIPlugin:80 - create IPUIPlugin
2025-09-22 16:26:07,653 [INFO] IPUIPlugin:80 - create IPUIPlugin
2025-09-22 16:26:07,654 [INFO] IPUIPlugin:80 - create IPUIPlugin
2025-09-22 16:26:07,654 [INFO] IPUIPlugin:80 - create IPUIPlugin
2025-09-22 16:26:07,655 [INFO] IPUIPlugin:80 - create IPUIPlugin
2025-09-22 16:26:07,655 [INFO] IPUIPlugin:80 - create IPUIPlugin
2025-09-22 16:26:07,655 [INFO] IPUIPlugin:80 - create IPUIPlugin
2025-09-22 16:26:07,656 [INFO] IPUIPlugin:80 - create IPUIPlugin
2025-09-22 16:26:07,656 [INFO] IPUIPlugin:80 - create IPUIPlugin
2025-09-22 16:26:07,656 [INFO] IPUIPlugin:80 - create IPUIPlugin
2025-09-22 16:26:07,656 [INFO] IPUIPlugin:80 - create IPUIPlugin
2025-09-22 16:26:07,657 [INFO] IPUIPlugin:80 - create IPUIPlugin
2025-09-22 16:26:07,657 [INFO] IPUIPlugin:80 - create IPUIPlugin
2025-09-22 16:26:07,657 [INFO] IPUIPlugin:80 - create IPUIPlugin
2025-09-22 16:26:07,657 [INFO] IPUIPlugin:80 - create IPUIPlugin
2025-09-22 16:26:07,658 [INFO] IPUIPlugin:80 - create IPUIPlugin
2025-09-22 16:26:07,658 [INFO] IPUIPlugin:80 - create IPUIPlugin
2025-09-22 16:26:07,658 [INFO] IPUIPlugin:80 - create IPUIPlugin
2025-09-22 16:26:07,658 [INFO] IPUIPlugin:80 - create IPUIPlugin
2025-09-22 16:26:07,659 [INFO] IPUIPlugin:80 - create IPUIPlugin
2025-09-22 16:26:07,659 [INFO] IPUIPlugin:80 - create IPUIPlugin
2025-09-22 16:26:07,659 [INFO] IPUIPlugin:80 - create IPUIPlugin
2025-09-22 16:26:07,659 [INFO] IPUIPlugin:80 - create IPUIPlugin
2025-09-22 16:26:07,660 [INFO] IPUIPlugin:80 - create IPUIPlugin
2025-09-22 16:26:07,660 [INFO] IPUIPlugin:80 - create IPUIPlugin
2025-09-22 16:26:07,660 [INFO] IPUIPlugin:80 - create IPUIPlugin
2025-09-22 16:26:07,661 [INFO] IPUIPlugin:80 - create IPUIPlugin
2025-09-22 16:26:07,661 [INFO] IPUIPlugin:80 - create IPUIPlugin
2025-09-22 16:26:07,662 [INFO] IPUIPlugin:80 - create IPUIPlugin
2025-09-22 16:26:07,662 [INFO] IPUIPlugin:80 - create IPUIPlugin
2025-09-22 16:26:07,663 [INFO] IPUIPlugin:80 - create IPUIPlugin
2025-09-22 16:26:07,663 [INFO] IPUIPlugin:80 - create IPUIPlugin
2025-09-22 16:26:07,664 [INFO] IPUIPlugin:80 - create IPUIPlugin
2025-09-22 16:26:07,665 [INFO] IPUIPlugin:80 - create IPUIPlugin
2025-09-22 16:26:07,665 [INFO] IPUIPlugin:80 - create IPUIPlugin
2025-09-22 16:26:07,730 [INFO] ApiDbMcu:532 - Load IP Config File for PDM2PCM
2025-09-22 16:26:08,009 [INFO] CADModel:165 - CPN selected for project levelSTM32F446RET6
2025-09-22 16:26:08,010 [INFO] CADModel:114 - Register for checkConnection events
2025-09-22 16:26:08,054 [INFO] OpenFileManager:386 - Restore cursor
2025-09-22 16:26:09,489 [ERROR] LogOutputStream:75 - [STDERR_REDIRECT] Sep 22, 2025 4:26:09 PM java.util.prefs.FileSystemPreferences checkLockFile0ErrorCode
2025-09-22 16:26:09,491 [ERROR] LogOutputStream:75 - [STDERR_REDIRECT] WARNING: Could not lock System prefs. Unix error code 2.
2025-09-22 16:26:09,492 [ERROR] LogOutputStream:75 - [STDERR_REDIRECT] 
2025-09-22 16:26:09,493 [ERROR] LogOutputStream:75 - [STDERR_REDIRECT] Sep 22, 2025 4:26:09 PM java.util.prefs.FileSystemPreferences syncWorld
2025-09-22 16:26:09,493 [ERROR] LogOutputStream:75 - [STDERR_REDIRECT] WARNING: Couldn't flush system prefs: java.util.prefs.BackingStoreException: Couldn't get file lock.
2025-09-22 16:26:09,493 [ERROR] LogOutputStream:75 - [STDERR_REDIRECT] 
2025-09-22 16:26:39,464 [INFO] Gpio:278 - dependency for GPIO [ADC1, RCC, SYS, TIM3]
2025-09-22 16:26:39,499 [ERROR] LogOutputStream:75 - [STDERR_REDIRECT] Sep 22, 2025 4:26:39 PM java.util.prefs.FileSystemPreferences checkLockFile0ErrorCode
2025-09-22 16:26:39,499 [ERROR] LogOutputStream:75 - [STDERR_REDIRECT] WARNING: Could not lock System prefs. Unix error code 2.
2025-09-22 16:26:39,500 [ERROR] LogOutputStream:75 - [STDERR_REDIRECT] 
2025-09-22 16:26:39,501 [ERROR] LogOutputStream:75 - [STDERR_REDIRECT] Sep 22, 2025 4:26:39 PM java.util.prefs.FileSystemPreferences syncWorld
2025-09-22 16:26:39,501 [ERROR] LogOutputStream:75 - [STDERR_REDIRECT] WARNING: Couldn't flush system prefs: java.util.prefs.BackingStoreException: Couldn't get file lock.
2025-09-22 16:26:39,501 [ERROR] LogOutputStream:75 - [STDERR_REDIRECT] 
2025-09-22 16:26:58,246 [INFO] UtilMem:75 - End SaveConfig() Used Memory: 358876328 Bytes (631242752)
2025-09-22 16:26:58,293 [ERROR] ConfigurationRetriever:142 - IOException on connection: sw-center.st.com
2025-09-22 16:26:58,294 [ERROR] ConfigurationRetriever:142 - IOException on connection: sw-center.st.com
2025-09-22 16:26:58,295 [ERROR] ConfigurationRetriever:142 - IOException on connection: sw-center.st.com
2025-09-22 16:26:58,421 [INFO] UtilMem:75 - End SaveConfig() Used Memory: 383519912 Bytes (631242752)
2025-09-22 16:26:59,273 [INFO] UtilMem:75 - End SaveConfig() Used Memory: 455345320 Bytes (631242752)
2025-09-22 16:27:00,681 [INFO] BlockDiagram:2775 - set Specific Code input for plugin: TIM1_8
2025-09-22 16:27:00,681 [INFO] BlockDiagram:2775 - set Specific Code input for plugin: SYS
2025-09-22 16:27:00,681 [INFO] BlockDiagram:2775 - set Specific Code input for plugin: ADC
2025-09-22 16:27:00,681 [INFO] BlockDiagram:2775 - set Specific Code input for plugin: RCC
2025-09-22 16:27:00,681 [INFO] BlockDiagram:2775 - set Specific Code input for plugin: NVIC
2025-09-22 16:27:00,682 [INFO] BlockDiagram:2775 - set Specific Code input for plugin: GPIO
2025-09-22 16:27:00,687 [INFO] CodeGenerator:892 - code generatio: config db path: /opt/st/stm32cubeide_1.19.0/plugins/com.st.stm32cube.common.mx_6.15.0.202507011659//db/
2025-09-22 16:27:01,038 [INFO] CodeEngine:265 - oldGeneratedFile, /home/tomas1908/STM32CubeIDE/workspace_1.19.0/pdm/Trabajo_final_PdM/MXTmpFiles/license.tmp_save
2025-09-22 16:27:01,665 [INFO] CodeEngine:289 - Generated code: /home/tomas1908/STM32CubeIDE/workspace_1.19.0/pdm/Trabajo_final_PdM/MXTmpFiles/license.tmp
2025-09-22 16:27:01,790 [INFO] CodeEngine:265 - oldGeneratedFile, /home/tomas1908/STM32CubeIDE/workspace_1.19.0/pdm/Trabajo_final_PdM/MXTmpFiles/gpio.tmp_save
2025-09-22 16:27:02,012 [INFO] CodeEngine:289 - Generated code: /home/tomas1908/STM32CubeIDE/workspace_1.19.0/pdm/Trabajo_final_PdM/MXTmpFiles/gpio.tmp
2025-09-22 16:27:02,218 [INFO] CodeEngine:265 - oldGeneratedFile, /home/tomas1908/STM32CubeIDE/workspace_1.19.0/pdm/Trabajo_final_PdM/Core/Src/stm32f4xx_it.c_save
2025-09-22 16:27:02,424 [INFO] CodeEngine:289 - Generated code: /home/tomas1908/STM32CubeIDE/workspace_1.19.0/pdm/Trabajo_final_PdM/Core/Src/stm32f4xx_it.c
2025-09-22 16:27:02,426 [INFO] CodeEngine:265 - oldGeneratedFile, /home/tomas1908/STM32CubeIDE/workspace_1.19.0/pdm/Trabajo_final_PdM/Core/Inc/stm32f4xx_it.h_save
2025-09-22 16:27:02,571 [INFO] CodeEngine:289 - Generated code: /home/tomas1908/STM32CubeIDE/workspace_1.19.0/pdm/Trabajo_final_PdM/Core/Inc/stm32f4xx_it.h
2025-09-22 16:27:02,584 [INFO] CodeEngine:265 - oldGeneratedFile, /home/tomas1908/STM32CubeIDE/workspace_1.19.0/pdm/Trabajo_final_PdM/Core/Src/stm32f4xx_hal_msp.c_save
2025-09-22 16:27:02,823 [INFO] CodeEngine:289 - Generated code: /home/tomas1908/STM32CubeIDE/workspace_1.19.0/pdm/Trabajo_final_PdM/Core/Src/stm32f4xx_hal_msp.c
2025-09-22 16:27:02,825 [INFO] CodeEngine:265 - oldGeneratedFile, /home/tomas1908/STM32CubeIDE/workspace_1.19.0/pdm/Trabajo_final_PdM/MXTmpFiles/system.tmp_save
2025-09-22 16:27:02,943 [INFO] CodeEngine:289 - Generated code: /home/tomas1908/STM32CubeIDE/workspace_1.19.0/pdm/Trabajo_final_PdM/MXTmpFiles/system.tmp
2025-09-22 16:27:02,962 [INFO] CodeEngine:321 - oldGeneratedFile, /home/tomas1908/STM32CubeIDE/workspace_1.19.0/pdm/Trabajo_final_PdM/Core/Inc/stm32f4xx_hal_conf.h_save
2025-09-22 16:27:03,107 [INFO] CodeEngine:345 - Generated code: /home/tomas1908/STM32CubeIDE/workspace_1.19.0/pdm/Trabajo_final_PdM/Core/Inc/stm32f4xx_hal_conf.h
2025-09-22 16:27:03,149 [WARN] IPConfigManager:3238 - Warning: the RefConfig PLL2P_FOR_MCO is not available in your config.xml file
2025-09-22 16:27:03,163 [INFO] ApiDbMcu:532 - Load IP Config File for ADC1
2025-09-22 16:27:03,191 [INFO] ApiDbMcu:532 - Load IP Config File for TIM3
2025-09-22 16:27:03,197 [INFO] ApiDbMcu:532 - Load IP Config File for RCC
2025-09-22 16:27:03,201 [WARN] IPConfigManager:3811 - IP not found : TIM
2025-09-22 16:27:03,203 [WARN] CodeGenerator:4259 - IP not found : null
2025-09-22 16:27:03,207 [INFO] CodeEngine:265 - oldGeneratedFile, /home/tomas1908/STM32CubeIDE/workspace_1.19.0/pdm/Trabajo_final_PdM/Core/Inc/main.h_save
2025-09-22 16:27:03,381 [INFO] CodeEngine:289 - Generated code: /home/tomas1908/STM32CubeIDE/workspace_1.19.0/pdm/Trabajo_final_PdM/Core/Inc/main.h
2025-09-22 16:27:03,385 [INFO] CodeEngine:265 - oldGeneratedFile, /home/tomas1908/STM32CubeIDE/workspace_1.19.0/pdm/Trabajo_final_PdM/Core/Src/main.c_save
2025-09-22 16:27:03,719 [INFO] CodeEngine:289 - Generated code: /home/tomas1908/STM32CubeIDE/workspace_1.19.0/pdm/Trabajo_final_PdM/Core/Src/main.c
2025-09-22 16:27:04,411 [INFO] ProjectBuilder:3606 - Time for Copy HAL[1] : 76mS.
2025-09-22 16:27:04,419 [INFO] ProjectBuilder:5216 - Project Generator version: 4.7.0-B52
2025-09-22 16:27:04,575 [INFO] ConfigFileManager:1595 - The Die is : DIE421
2025-09-22 16:27:04,595 [INFO] ApiDbMcu:532 - Load IP Config File for FATFS
2025-09-22 16:27:04,602 [INFO] ApiDbMcu:532 - Load IP Config File for FREERTOS
2025-09-22 16:27:04,606 [INFO] ApiDbMcu:532 - Load IP Config File for LIBJPEG
2025-09-22 16:27:04,615 [INFO] ApiDbMcu:532 - Load IP Config File for MBEDTLS
2025-09-22 16:27:04,627 [INFO] ApiDbMcu:532 - Load IP Config File for USB_DEVICE
2025-09-22 16:27:04,632 [INFO] ApiDbMcu:532 - Load IP Config File for USB_HOST
2025-09-22 16:27:05,217 [INFO] LogOutputStream:77 - [STDOUT_REDIRECT] 
2025-09-22 16:27:06,770 [INFO] ProjectBuilder:5496 - Time for Generating toolchain IDE Files: 2352mS.
2025-09-22 16:27:06,771 [INFO] ProjectBuilder:3463 - Time for Copy CMSIS : 0mS.
2025-09-22 16:27:06,773 [INFO] ProjectBuilder:3463 - Time for Copy CMSIS : 0mS.
2025-09-22 16:27:09,494 [ERROR] LogOutputStream:75 - [STDERR_REDIRECT] Sep 22, 2025 4:27:09 PM java.util.prefs.FileSystemPreferences checkLockFile0ErrorCode
2025-09-22 16:27:09,495 [ERROR] LogOutputStream:75 - [STDERR_REDIRECT] WARNING: Could not lock System prefs. Unix error code 2.
2025-09-22 16:27:09,495 [ERROR] LogOutputStream:75 - [STDERR_REDIRECT] 
2025-09-22 16:27:09,496 [ERROR] LogOutputStream:75 - [STDERR_REDIRECT] Sep 22, 2025 4:27:09 PM java.util.prefs.FileSystemPreferences syncWorld
2025-09-22 16:27:09,497 [ERROR] LogOutputStream:75 - [STDERR_REDIRECT] WARNING: Couldn't flush system prefs: java.util.prefs.BackingStoreException: Couldn't get file lock.
2025-09-22 16:27:09,497 [ERROR] LogOutputStream:75 - [STDERR_REDIRECT] 
2025-09-22 16:27:31,813 [ERROR] ConfigurationRetriever:142 - IOException on connection: sw-center.st.com
2025-09-22 16:27:31,814 [ERROR] ConfigurationRetriever:142 - IOException on connection: sw-center.st.com
2025-09-22 16:27:31,815 [ERROR] ConfigurationRetriever:142 - IOException on connection: sw-center.st.com
2025-09-22 16:27:32,863 [ERROR] LogOutputStream:75 - [STDERR_REDIRECT] 
2025-09-22 16:27:46,100 [INFO] Activator:176 - 


2025-09-22 16:27:46,103 [INFO] Activator:177 - !SESSION log4j initialized
2025-09-22 16:27:51,681 [INFO] LogOutputStream:77 - [STDOUT_REDIRECT] 
2025-09-22 16:27:52,272 [ERROR] ConfigurationRetriever:142 - IOException on connection: sw-center.st.com
2025-09-22 16:27:52,273 [ERROR] ConfigurationRetriever:142 - IOException on connection: sw-center.st.com
2025-09-22 16:27:52,274 [ERROR] ConfigurationRetriever:142 - IOException on connection: sw-center.st.com
2025-09-22 16:27:52,721 [INFO] ApplicationProperties:184 - Using Application install path: /opt/st/stm32cubeide_1.19.0/plugins/com.st.stm32cube.common.mx_6.15.0.202507011659
2025-09-22 16:27:52,763 [INFO] DbMcusXml:78 - Set database path to: /opt/st/stm32cubeide_1.19.0/plugins/com.st.stm32cube.common.mx_6.15.0.202507011659//db//mcu/
2025-09-22 16:27:52,764 [INFO] ApiDb:274 - Set plugin database path to: /opt/st/stm32cubeide_1.19.0/plugins/com.st.stm32cube.common.mx_6.15.0.202507011659//db//plugins/boardmanager/
2025-09-22 16:27:52,764 [WARN] ApiDb:259 - Overriding images path with different value:  => /opt/st/stm32cubeide_1.19.0/plugins/com.st.stm32cube.common.mx_6.15.0.202507011659//db//plugins/mcufinder/images/
2025-09-22 16:27:52,772 [INFO] ApiDb:250 - Set database path to: /home/tomas1908/.stmcufinder/plugins/mcufinder//mcu/
2025-09-22 16:27:52,775 [INFO] DbMcusAds:125 - Set database path to: /home/tomas1908/.stmcufinder/plugins/mcufinder//mcu/
2025-09-22 16:27:52,795 [INFO] CrossReferenceDbSqlite:203 - Set database path to: /home/tomas1908/.stmcufinder/plugins/mcufinder//mcu/cs/
2025-09-22 16:27:53,053 [INFO] RulesReader:64 - Compatibility file has been processed (317 Rules)
2025-09-22 16:27:53,150 [INFO] DbMcusXml:78 - Set database path to: /opt/st/stm32cubeide_1.19.0/plugins/com.st.stm32cube.common.mx_6.15.0.202507011659//db//mcu/
2025-09-22 16:27:53,151 [INFO] ApiDb:274 - Set plugin database path to: /opt/st/stm32cubeide_1.19.0/plugins/com.st.stm32cube.common.mx_6.15.0.202507011659//db//plugins/boardmanager/
2025-09-22 16:27:53,151 [INFO] ApiDb:261 - Set plugin images path to: /opt/st/stm32cubeide_1.19.0/plugins/com.st.stm32cube.common.mx_6.15.0.202507011659//db//plugins/mcufinder/images/
2025-09-22 16:27:53,151 [WARN] DbFile:41 - Overriding database path with different value: /home/tomas1908/.stmcufinder/plugins/mcufinder/ => /home/tomas1908/.stmcufinder/plugins/mcufinder
2025-09-22 16:27:53,151 [INFO] ApiDb:250 - Set database path to: /home/tomas1908/.stmcufinder/plugins/mcufinder//mcu/
2025-09-22 16:27:53,151 [WARN] DbFile:41 - Overriding database path with different value: /home/tomas1908/.stmcufinder/plugins/mcufinder/ => /home/tomas1908/.stmcufinder/plugins/mcufinder
2025-09-22 16:27:53,152 [INFO] DbMcusAds:125 - Set database path to: /home/tomas1908/.stmcufinder/plugins/mcufinder//mcu/
2025-09-22 16:27:53,152 [WARN] DbFile:41 - Overriding database path with different value: /home/tomas1908/.stmcufinder/plugins/mcufinder/ => /home/tomas1908/.stmcufinder/plugins/mcufinder
2025-09-22 16:27:53,152 [WARN] DbFile:41 - Overriding database path with different value: /home/tomas1908/.stmcufinder/plugins/mcufinder/ => /home/tomas1908/.stmcufinder/plugins/mcufinder
2025-09-22 16:27:53,152 [INFO] CrossReferenceDbSqlite:203 - Set database path to: /home/tomas1908/.stmcufinder/plugins/mcufinder//mcu/cs/
2025-09-22 16:27:53,272 [INFO] MainPanel:274 - HeapMemory: 268435456
2025-09-22 16:27:53,467 [INFO] DbMcusXml:78 - Set database path to: /opt/st/stm32cubeide_1.19.0/plugins/com.st.stm32cube.common.mx_6.15.0.202507011659//db//mcu/
2025-09-22 16:27:53,467 [INFO] ApiDb:274 - Set plugin database path to: /opt/st/stm32cubeide_1.19.0/plugins/com.st.stm32cube.common.mx_6.15.0.202507011659//db//plugins/boardmanager/
2025-09-22 16:27:53,468 [INFO] ApiDb:261 - Set plugin images path to: /opt/st/stm32cubeide_1.19.0/plugins/com.st.stm32cube.common.mx_6.15.0.202507011659//db//plugins/mcufinder/images/
2025-09-22 16:27:53,469 [WARN] DbFile:41 - Overriding database path with different value: /home/tomas1908/.stmcufinder/plugins/mcufinder/ => /home/tomas1908/.stmcufinder/plugins/mcufinder
2025-09-22 16:27:53,469 [INFO] ApiDb:250 - Set database path to: /home/tomas1908/.stmcufinder/plugins/mcufinder//mcu/
2025-09-22 16:27:53,469 [WARN] DbFile:41 - Overriding database path with different value: /home/tomas1908/.stmcufinder/plugins/mcufinder/ => /home/tomas1908/.stmcufinder/plugins/mcufinder
2025-09-22 16:27:53,469 [INFO] DbMcusAds:125 - Set database path to: /home/tomas1908/.stmcufinder/plugins/mcufinder//mcu/
2025-09-22 16:27:53,470 [WARN] DbFile:41 - Overriding database path with different value: /home/tomas1908/.stmcufinder/plugins/mcufinder/ => /home/tomas1908/.stmcufinder/plugins/mcufinder
2025-09-22 16:27:53,470 [WARN] DbFile:41 - Overriding database path with different value: /home/tomas1908/.stmcufinder/plugins/mcufinder/ => /home/tomas1908/.stmcufinder/plugins/mcufinder
2025-09-22 16:27:53,470 [INFO] CrossReferenceDbSqlite:203 - Set database path to: /home/tomas1908/.stmcufinder/plugins/mcufinder//mcu/cs/
2025-09-22 16:27:53,500 [INFO] ApplicationProperties:184 - Using Application install path: /opt/st/stm32cubeide_1.19.0/plugins/com.st.stm32cube.common.mx_6.15.0.202507011659
2025-09-22 16:27:53,504 [INFO] PluginManage:196 - Search for loadable plugins [exclusion list=, ]
2025-09-22 16:27:53,506 [INFO] PluginManage:310 - Check plugin analytics
2025-09-22 16:27:53,828 [INFO] AnalyticsPlugin:253 - Accepted Software Licenses: 
2025-09-22 16:27:53,828 [INFO] AnalyticsPlugin:255 - Accepted CMSIS Pack Licenses: 
2025-09-22 16:27:53,828 [INFO] AnalyticsPlugin:257 - Accepted Firmware Licenses: FW.F4.1.28.0
2025-09-22 16:27:53,834 [INFO] PluginManage:359 - Loaded plugin analytics (category:tool,tabindex:-1)
2025-09-22 16:27:53,834 [ERROR] ConfigurationRetriever:142 - IOException on connection: sw-center.st.com
2025-09-22 16:27:53,834 [INFO] PluginManage:310 - Check plugin cadmodel
2025-09-22 16:27:53,835 [ERROR] ConfigurationRetriever:142 - IOException on connection: sw-center.st.com
2025-09-22 16:27:53,836 [ERROR] ConfigurationRetriever:142 - IOException on connection: sw-center.st.com
2025-09-22 16:27:53,841 [INFO] CADModel:105 - Init CAD model plugin
2025-09-22 16:27:53,841 [INFO] PluginManage:359 - Loaded plugin cadmodel (category:power,tabindex:5)
2025-09-22 16:27:53,841 [INFO] PluginManage:310 - Check plugin clock
2025-09-22 16:27:53,856 [INFO] PluginManage:359 - Loaded plugin clock (category:base,tabindex:2)
2025-09-22 16:27:53,856 [INFO] PluginManage:310 - Check plugin ddr
2025-09-22 16:27:53,859 [INFO] PluginManage:359 - Loaded plugin ddr (category:tool,tabindex:6)
2025-09-22 16:27:53,859 [INFO] PluginManage:310 - Check plugin filemanager
2025-09-22 16:27:54,108 [INFO] PluginManage:359 - Loaded plugin filemanager (category:base,tabindex:10)
2025-09-22 16:27:54,108 [INFO] PluginManage:310 - Check plugin ipmanager
2025-09-22 16:27:54,116 [INFO] PluginManage:359 - Loaded plugin ipmanager (category:base,tabindex:5)
2025-09-22 16:27:54,116 [INFO] PluginManage:310 - Check plugin lpbam
2025-09-22 16:27:54,128 [INFO] PluginManage:359 - Loaded plugin lpbam (category:base,tabindex:0)
2025-09-22 16:27:54,129 [INFO] PluginManage:310 - Check plugin memorymap
2025-09-22 16:27:54,145 [INFO] PluginManage:359 - Loaded plugin memorymap (category:base,tabindex:4)
2025-09-22 16:27:54,145 [INFO] PluginManage:310 - Check plugin pinoutandconfiguration
2025-09-22 16:27:54,156 [INFO] PluginManage:359 - Loaded plugin pinoutandconfiguration (category:base,tabindex:1)
2025-09-22 16:27:54,156 [INFO] PluginManage:310 - Check plugin pinoutconfig
2025-09-22 16:27:54,294 [WARN] SupportedApi:132 - Cannot load RTOS API schema: s4s-elt-must-match.1: The content of 'definitions' must match (annotation?, (simpleType | complexType)?, (unique | key | keyref)*)). A problem was found starting at: attribute.
2025-09-22 16:27:54,498 [INFO] PluginManage:359 - Loaded plugin pinoutconfig (category:base,tabindex:0)
2025-09-22 16:27:54,498 [INFO] PluginManage:310 - Check plugin power
2025-09-22 16:27:54,510 [INFO] PluginManage:359 - Loaded plugin power (category:power,tabindex:4)
2025-09-22 16:27:54,510 [INFO] PluginManage:310 - Check plugin projectmanager
2025-09-22 16:27:54,536 [INFO] PluginManage:359 - Loaded plugin projectmanager (category:projectmanager,tabindex:4)
2025-09-22 16:27:54,536 [INFO] PluginManage:310 - Check plugin rif
2025-09-22 16:27:54,550 [INFO] PluginManage:359 - Loaded plugin rif (category:base,tabindex:3)
2025-09-22 16:27:54,551 [INFO] PluginManage:310 - Check plugin thirdparty
2025-09-22 16:27:54,740 [INFO] PluginManage:359 - Loaded plugin thirdparty (category:base,tabindex:-1)
2025-09-22 16:27:54,740 [WARN] IntegrityCheckThread:84 - waiting for thirdparty lock release [integrity check]
2025-09-22 16:27:54,741 [INFO] PluginManage:310 - Check plugin tools
2025-09-22 16:27:54,741 [INFO] IntegrityCheckThread:86 - entering critical section [integrity check]
2025-09-22 16:27:54,741 [INFO] ThirdPartyUpdaterWithRetryManager:70 - Updater plugin not ready yet. [1/15]
2025-09-22 16:27:54,744 [INFO] PluginManage:359 - Loaded plugin tools (category:base,tabindex:7)
2025-09-22 16:27:54,744 [INFO] PluginManage:310 - Check plugin tutovideos
2025-09-22 16:27:55,085 [INFO] PluginManage:359 - Loaded plugin tutovideos (category:base,tabindex:-1)
2025-09-22 16:27:55,085 [INFO] PluginManage:310 - Check plugin updater
2025-09-22 16:27:55,122 [INFO] PluginManage:359 - Loaded plugin updater (category:base,tabindex:12)
2025-09-22 16:27:55,123 [INFO] PluginManage:310 - Check plugin userauth
2025-09-22 16:27:55,128 [INFO] UserAuth:118 - Init User Auth plugin
2025-09-22 16:27:55,130 [INFO] PluginManage:359 - Loaded plugin userauth (category:base,tabindex:14)
2025-09-22 16:27:55,130 [INFO] PluginManage:283 - PluginManage : Loaded plugins [18]
2025-09-22 16:27:55,420 [INFO] PinOutPanel:1589 - setPackage(No Configuration,No Configuration)
2025-09-22 16:27:55,555 [INFO] CADModel:165 - CPN selected for project level
2025-09-22 16:27:55,555 [INFO] CADModel:114 - Register for checkConnection events
2025-09-22 16:27:55,573 [INFO] IPUIPlugin:80 - create IPUIPlugin
2025-09-22 16:27:55,573 [INFO] PluginManager:220 - loadIPPluginJar : add i2c
2025-09-22 16:27:55,581 [INFO] IPUIPlugin:80 - create IPUIPlugin
2025-09-22 16:27:55,582 [INFO] PluginManager:220 - loadIPPluginJar : add mdma
2025-09-22 16:27:55,586 [INFO] IPUIPlugin:80 - create IPUIPlugin
2025-09-22 16:27:55,586 [INFO] PluginManager:220 - loadIPPluginJar : add aes
2025-09-22 16:27:55,589 [INFO] IPUIPlugin:80 - create IPUIPlugin
2025-09-22 16:27:55,589 [INFO] PluginManager:220 - loadIPPluginJar : add can
2025-09-22 16:27:55,596 [INFO] IPUIPlugin:80 - create IPUIPlugin
2025-09-22 16:27:55,597 [INFO] PluginManager:220 - loadIPPluginJar : add freertos
2025-09-22 16:27:55,600 [INFO] IPUIPlugin:80 - create IPUIPlugin
2025-09-22 16:27:55,600 [INFO] PluginManager:220 - loadIPPluginJar : add gtzc
2025-09-22 16:27:55,602 [INFO] IPUIPlugin:80 - create IPUIPlugin
2025-09-22 16:27:55,602 [INFO] PluginManager:220 - loadIPPluginJar : add ts
2025-09-22 16:27:55,613 [INFO] IPUIPlugin:80 - create IPUIPlugin
2025-09-22 16:27:55,614 [INFO] PluginManager:220 - loadIPPluginJar : add stm32_wpan
2025-09-22 16:27:55,616 [INFO] IPUIPlugin:80 - create IPUIPlugin
2025-09-22 16:27:55,616 [INFO] PluginManager:220 - loadIPPluginJar : add fatfs
2025-09-22 16:27:55,624 [INFO] IPUIPlugin:80 - create IPUIPlugin
2025-09-22 16:27:55,625 [INFO] PluginManager:220 - loadIPPluginJar : add dma
2025-09-22 16:27:55,628 [INFO] IPUIPlugin:80 - create IPUIPlugin
2025-09-22 16:27:55,629 [INFO] PluginManager:220 - loadIPPluginJar : add usbx
2025-09-22 16:27:55,631 [INFO] IPUIPlugin:80 - create IPUIPlugin
2025-09-22 16:27:55,632 [INFO] PluginManager:220 - loadIPPluginJar : add hash
2025-09-22 16:27:55,635 [INFO] IPUIPlugin:80 - create IPUIPlugin
2025-09-22 16:27:55,635 [INFO] PluginManager:220 - loadIPPluginJar : add cryp
2025-09-22 16:27:55,639 [INFO] IPUIPlugin:80 - create IPUIPlugin
2025-09-22 16:27:55,640 [INFO] PluginManager:220 - loadIPPluginJar : add openamp
2025-09-22 16:27:55,641 [INFO] IPUIPlugin:80 - create IPUIPlugin
2025-09-22 16:27:55,642 [INFO] PluginManager:220 - loadIPPluginJar : add genericplugin
2025-09-22 16:27:55,647 [INFO] IPUIPlugin:80 - create IPUIPlugin
2025-09-22 16:27:55,647 [INFO] PluginManager:220 - loadIPPluginJar : add ipddr
2025-09-22 16:27:55,651 [INFO] IPUIPlugin:80 - create IPUIPlugin
2025-09-22 16:27:55,651 [INFO] PluginManager:220 - loadIPPluginJar : add opamp
2025-09-22 16:27:55,653 [INFO] IPUIPlugin:80 - create IPUIPlugin
2025-09-22 16:27:55,653 [INFO] PluginManager:220 - loadIPPluginJar : add ltdc
2025-09-22 16:27:55,656 [INFO] IPUIPlugin:80 - create IPUIPlugin
2025-09-22 16:27:55,656 [INFO] PluginManager:220 - loadIPPluginJar : add dfsdm
2025-09-22 16:27:55,664 [INFO] IPUIPlugin:80 - create IPUIPlugin
2025-09-22 16:27:55,664 [INFO] PluginManager:220 - loadIPPluginJar : add gic
2025-09-22 16:27:55,669 [INFO] IPUIPlugin:80 - create IPUIPlugin
2025-09-22 16:27:55,670 [INFO] PluginManager:220 - loadIPPluginJar : add extmemmanager
2025-09-22 16:27:55,673 [INFO] IPUIPlugin:80 - create IPUIPlugin
2025-09-22 16:27:55,673 [INFO] PluginManager:220 - loadIPPluginJar : add ucpd
2025-09-22 16:27:55,676 [INFO] IPUIPlugin:80 - create IPUIPlugin
2025-09-22 16:27:55,677 [INFO] PluginManager:220 - loadIPPluginJar : add tracer_emb
2025-09-22 16:27:55,680 [INFO] IPUIPlugin:80 - create IPUIPlugin
2025-09-22 16:27:55,681 [INFO] PluginManager:220 - loadIPPluginJar : add radio
2025-09-22 16:27:55,685 [INFO] IPUIPlugin:80 - create IPUIPlugin
2025-09-22 16:27:55,685 [INFO] PluginManager:220 - loadIPPluginJar : add pdm2pcm
2025-09-22 16:27:55,689 [INFO] IPUIPlugin:80 - create IPUIPlugin
2025-09-22 16:27:55,689 [INFO] PluginManager:220 - loadIPPluginJar : add spi
2025-09-22 16:27:55,692 [INFO] IPUIPlugin:80 - create IPUIPlugin
2025-09-22 16:27:55,692 [INFO] PluginManager:220 - loadIPPluginJar : add tim
2025-09-22 16:27:55,704 [INFO] IPUIPlugin:80 - create IPUIPlugin
2025-09-22 16:27:55,710 [INFO] PluginManager:220 - loadIPPluginJar : add plateformsettings
2025-09-22 16:27:55,716 [INFO] IPUIPlugin:80 - create IPUIPlugin
2025-09-22 16:27:55,716 [INFO] PluginManager:220 - loadIPPluginJar : add touchsensing
2025-09-22 16:27:55,724 [INFO] IPUIPlugin:80 - create IPUIPlugin
2025-09-22 16:27:55,724 [INFO] PluginManager:220 - loadIPPluginJar : add gpio
2025-09-22 16:27:55,736 [INFO] IPUIPlugin:80 - create IPUIPlugin
2025-09-22 16:27:55,736 [INFO] PluginManager:220 - loadIPPluginJar : add adc
2025-09-22 16:27:55,750 [INFO] IPUIPlugin:80 - create IPUIPlugin
2025-09-22 16:27:55,751 [INFO] PluginManager:220 - loadIPPluginJar : add linkedlist
2025-09-22 16:27:55,753 [INFO] IPUIPlugin:80 - create IPUIPlugin
2025-09-22 16:27:55,754 [INFO] PluginManager:220 - loadIPPluginJar : add comp
2025-09-22 16:27:55,761 [INFO] IPUIPlugin:80 - create IPUIPlugin
2025-09-22 16:27:55,762 [INFO] PluginManager:220 - loadIPPluginJar : add fmc
2025-09-22 16:27:55,763 [INFO] IPUIPlugin:80 - create IPUIPlugin
2025-09-22 16:27:55,764 [INFO] PluginManager:220 - loadIPPluginJar : add tsc
2025-09-22 16:27:55,768 [INFO] IPUIPlugin:80 - create IPUIPlugin
2025-09-22 16:27:55,768 [INFO] PluginManager:220 - loadIPPluginJar : add sai
2025-09-22 16:27:55,772 [INFO] IPUIPlugin:80 - create IPUIPlugin
2025-09-22 16:27:55,772 [INFO] PluginManager:220 - loadIPPluginJar : add usart
2025-09-22 16:27:55,776 [INFO] IPUIPlugin:80 - create IPUIPlugin
2025-09-22 16:27:55,777 [INFO] PluginManager:220 - loadIPPluginJar : add nvic
2025-09-22 16:27:55,781 [INFO] IPUIPlugin:80 - create IPUIPlugin
2025-09-22 16:27:55,781 [INFO] PluginManager:220 - loadIPPluginJar : add resmgrutility
2025-09-22 16:27:55,784 [INFO] IPUIPlugin:80 - create IPUIPlugin
2025-09-22 16:27:55,784 [INFO] PluginManager:220 - loadIPPluginJar : add lorawan
2025-09-22 16:27:55,787 [INFO] IPUIPlugin:80 - create IPUIPlugin
2025-09-22 16:27:55,787 [INFO] PluginManager:220 - loadIPPluginJar : add gfxmmu
2025-09-22 16:27:55,790 [INFO] IPUIPlugin:80 - create IPUIPlugin
2025-09-22 16:27:55,791 [INFO] PluginManager:220 - loadIPPluginJar : add dma3
2025-09-22 16:27:55,794 [INFO] IPUIPlugin:80 - create IPUIPlugin
2025-09-22 16:27:55,794 [INFO] PluginManager:220 - loadIPPluginJar : add i3c
2025-09-22 16:27:55,796 [INFO] IPUIPlugin:80 - create IPUIPlugin
2025-09-22 16:27:55,796 [INFO] PluginManager:220 - loadIPPluginJar : add quadspi
2025-09-22 16:27:55,799 [INFO] IPUIPlugin:80 - create IPUIPlugin
2025-09-22 16:27:55,799 [INFO] PluginManager:220 - loadIPPluginJar : add ddr_ctrl_phy
2025-09-22 16:27:55,802 [INFO] IPUIPlugin:80 - create IPUIPlugin
2025-09-22 16:27:55,802 [INFO] PluginManager:220 - loadIPPluginJar : add i2s
2025-09-22 16:27:55,928 [FATAL] Updater:351 - Updater called before beeing initialized
2025-09-22 16:27:55,979 [INFO] RulesReader:64 - Compatibility file has been processed (317 Rules)
2025-09-22 16:27:56,007 [INFO] RulesReader:64 - Compatibility file has been processed (317 Rules)
2025-09-22 16:27:56,018 [INFO] CADModel:165 - CPN selected for project level
2025-09-22 16:27:56,018 [INFO] CADModel:114 - Register for checkConnection events
2025-09-22 16:27:56,019 [FATAL] Updater:351 - Updater called before beeing initialized
2025-09-22 16:27:56,019 [ERROR] CADModel:125 - Updater not yet initialized, retry later 
2025-09-22 16:27:56,223 [FATAL] Updater:351 - Updater called before beeing initialized
2025-09-22 16:27:56,226 [INFO] CADModel:165 - CPN selected for project level
2025-09-22 16:27:56,261 [INFO] CADModel:114 - Register for checkConnection events
2025-09-22 16:27:56,262 [FATAL] Updater:351 - Updater called before beeing initialized
2025-09-22 16:27:56,262 [ERROR] CADModel:125 - Updater not yet initialized, retry later 
2025-09-22 16:27:56,269 [FATAL] Updater:351 - Updater called before beeing initialized
2025-09-22 16:27:56,441 [FATAL] Updater:351 - Updater called before beeing initialized
2025-09-22 16:27:56,448 [INFO] DbMcusAds:53 - JSON generation date=Tue Jul 08 05:14:23 ART 2025 (1751962463582)
2025-09-22 16:27:56,449 [FATAL] Updater:351 - Updater called before beeing initialized
2025-09-22 16:27:56,512 [WARN] DetailPanel:346 - Failed to get advertising image, set to default
2025-09-22 16:27:56,648 [FATAL] Updater:351 - Updater called before beeing initialized
2025-09-22 16:27:56,650 [FATAL] Updater:351 - Updater called before beeing initialized
2025-09-22 16:27:56,651 [FATAL] Updater:351 - Updater called before beeing initialized
2025-09-22 16:27:56,651 [WARN] DetailPanel:346 - Failed to get advertising image, set to default
2025-09-22 16:27:56,652 [FATAL] Updater:351 - Updater called before beeing initialized
2025-09-22 16:27:56,707 [ERROR] Updater:1198 - MainUpdater not yet initialized. External WinMGr cannot be set.
2025-09-22 16:27:56,709 [INFO] Updater:1134 - Updater Version found : 6.15.0
2025-09-22 16:27:56,740 [INFO] ApplicationProperties:184 - Using Application install path: /opt/st/stm32cubeide_1.19.0/plugins/com.st.stm32cube.common.mx_6.15.0.202507011659
2025-09-22 16:27:56,761 [ERROR] LogOutputStream:75 - [STDERR_REDIRECT] Sep 22, 2025 4:27:56 PM java.util.prefs.FileSystemPreferences$2 run
2025-09-22 16:27:56,762 [ERROR] LogOutputStream:75 - [STDERR_REDIRECT] WARNING: Could not create system preferences directory. System preferences are unusable.
2025-09-22 16:27:56,762 [ERROR] LogOutputStream:75 - [STDERR_REDIRECT] 
2025-09-22 16:27:57,050 [INFO] MainUpdater:2872 - connection check result : 22
2025-09-22 16:27:57,051 [INFO] MainUpdater:289 - Updater Check For Update Now.
2025-09-22 16:27:57,051 [INFO] MicroXplorer:498 - Change Database Version : DB.6.0.150
2025-09-22 16:27:57,057 [INFO] McuFinderGlobals:63 - Set McuFinder mode to 2 (CubeIDE integrated)
2025-09-22 16:27:57,058 [INFO] UserAuth:487 - Internet connection configuration mode: 2
2025-09-22 16:27:57,066 [INFO] UserAuth:487 - Internet connection configuration mode: 2
2025-09-22 16:27:57,318 [INFO] CheckServerUpdateThread:120 - End of CheckServer Thread
2025-09-22 16:27:57,920 [WARN] PackLoader:240 - Cannot read IP mode file for STMicroelectronics.FP-SNS-MOTENVWB1.1.4.0
2025-09-22 16:27:57,931 [WARN] PackLoader:240 - Cannot read IP mode file for STMicroelectronics.FP-ATR-ASTRA1.2.0.2
2025-09-22 16:27:57,942 [WARN] PackLoader:240 - Cannot read IP mode file for STMicroelectronics.X-CUBE-SMBUS.2.1.0
2025-09-22 16:27:57,948 [WARN] PackLoader:240 - Cannot read IP mode file for STMicroelectronics.X-CUBE-ST60.1.0.0
2025-09-22 16:27:58,000 [WARN] PackLoader:240 - Cannot read IP mode file for STMicroelectronics.X-CUBE-AZRTOS-F7.1.1.0
2025-09-22 16:27:58,012 [WARN] PackLoader:240 - Cannot read IP mode file for Cesanta.I-CUBE-Mongoose.7.19.0
2025-09-22 16:27:58,025 [WARN] PackLoader:240 - Cannot read IP mode file for WES.I-CUBE-Cesium.1.4.0
2025-09-22 16:27:58,071 [WARN] PackLoader:240 - Cannot read IP mode file for Infineon.AIROC-Wi-Fi-Bluetooth-STM32.1.7.1
2025-09-22 16:27:58,092 [WARN] PackLoader:240 - Cannot read IP mode file for STMicroelectronics.X-CUBE-DISPLAY.3.0.0
2025-09-22 16:27:58,115 [WARN] PackLoader:240 - Cannot read IP mode file for STMicroelectronics.X-CUBE-NFC10.1.0.0
2025-09-22 16:27:58,125 [WARN] PackLoader:240 - Cannot read IP mode file for emotas.I-CUBE-CANOPEN.1.3.0
2025-09-22 16:27:58,131 [WARN] PackLoader:240 - Cannot read IP mode file for STMicroelectronics.FP-SNS-SMARTAG2.1.2.0
2025-09-22 16:27:58,137 [WARN] PackLoader:240 - Cannot read IP mode file for STMicroelectronics.FP-SNS-FLIGHT1.5.1.0
2025-09-22 16:27:58,157 [INFO] LogOutputStream:77 - [STDOUT_REDIRECT] 1 : Invalid condition id : UX_CORESTACK_Condition cause : null
2025-09-22 16:27:58,159 [INFO] LogOutputStream:77 - [STDOUT_REDIRECT] 1 : Invalid condition id : UX_CORESTACK_Condition cause : null
2025-09-22 16:27:58,159 [INFO] LogOutputStream:77 - [STDOUT_REDIRECT] 1 : Invalid condition id : UX_CORESTACK_Condition cause : null
2025-09-22 16:27:58,160 [INFO] LogOutputStream:77 - [STDOUT_REDIRECT] 1 : Invalid condition id : UX_CORESTACK_Condition cause : null
2025-09-22 16:27:58,161 [INFO] LogOutputStream:77 - [STDOUT_REDIRECT] 1 : Invalid condition id : UX_CORESTACK_Condition cause : null
2025-09-22 16:27:58,172 [WARN] PackLoader:240 - Cannot read IP mode file for STMicroelectronics.X-CUBE-AZRTOS-WL.2.0.0
2025-09-22 16:27:58,181 [WARN] PackLoader:240 - Cannot read IP mode file for STMicroelectronics.FP-SNS-MOTENV1.5.0.0
2025-09-22 16:27:58,209 [WARN] PackLoader:240 - Cannot read IP mode file for STMicroelectronics.X-CUBE-BLE2.3.3.0
2025-09-22 16:27:58,218 [WARN] PackLoader:240 - Cannot read IP mode file for STMicroelectronics.X-CUBE-NFC9.1.0.0
2025-09-22 16:27:58,231 [WARN] PackLoader:240 - Cannot read IP mode file for STMicroelectronics.X-CUBE-BLE1.7.1.0
2025-09-22 16:27:58,273 [WARN] PackLoader:240 - Cannot read IP mode file for STMicroelectronics.X-CUBE-AZRTOS-G0.1.1.0
2025-09-22 16:27:58,291 [WARN] PackLoader:240 - Cannot read IP mode file for STMicroelectronics.X-CUBE-SAFEA1.1.2.2
2025-09-22 16:27:58,302 [WARN] PackLoader:240 - Cannot read IP mode file for STMicroelectronics.X-CUBE-NFC4.3.0.0
2025-09-22 16:27:58,324 [WARN] PackLoader:240 - Cannot read IP mode file for EmbeddedOffice.I-CUBE-FS-RTOS.1.0.1
2025-09-22 16:27:58,334 [WARN] PackLoader:240 - Cannot read IP mode file for STMicroelectronics.X-CUBE-WB05N.2.0.0
2025-09-22 16:27:58,347 [WARN] PackLoader:240 - Cannot read IP mode file for STMicroelectronics.X-CUBE-TCPP.4.2.0
2025-09-22 16:27:58,358 [WARN] PackLoader:240 - Cannot read IP mode file for RealThread.X-CUBE-RT-Thread_Nano.4.1.1
2025-09-22 16:27:58,364 [WARN] PackLoader:240 - Cannot read IP mode file for STMicroelectronics.FP-ATR-SIGFOX1.3.2.0
2025-09-22 16:27:58,374 [WARN] PackLoader:240 - Cannot read IP mode file for ITTIA_DB.I-CUBE-ITTIADB.8.9.0
2025-09-22 16:27:58,383 [WARN] PackLoader:240 - Cannot read IP mode file for STMicroelectronics.X-CUBE-ST67W61.1.0.0
2025-09-22 16:27:58,448 [WARN] PackLoader:240 - Cannot read IP mode file for SEGGER.I-CUBE-embOS.1.3.1
2025-09-22 16:27:58,516 [WARN] PackLoader:240 - Cannot read IP mode file for STMicroelectronics.X-CUBE-ALGOBUILD.1.4.0
2025-09-22 16:27:58,613 [WARN] PackLoader:240 - Cannot read IP mode file for STMicroelectronics.X-CUBE-MEMS1.11.3.0
2025-09-22 16:27:58,970 [WARN] PackLoader:240 - Cannot read IP mode file for STMicroelectronics.X-CUBE-PM33A1.1.0.0
2025-09-22 16:27:58,990 [WARN] PackLoader:240 - Cannot read IP mode file for STMicroelectronics.X-CUBE-AZRTOS-F4.1.1.0
2025-09-22 16:27:58,996 [WARN] PackLoader:240 - Cannot read IP mode file for Avnet-IotConnect.X-CUBE-IoTC-DA16k-PMOD.1.0.0
2025-09-22 16:27:58,999 [WARN] PackLoader:240 - Cannot read IP mode file for STMicroelectronics.X-CUBE-ISPU.2.1.0
2025-09-22 16:27:59,033 [WARN] PackLoader:240 - Cannot read IP mode file for STMicroelectronics.X-CUBE-AZRTOS-L5.2.0.0
2025-09-22 16:27:59,046 [WARN] PackLoader:240 - Cannot read IP mode file for STMicroelectronics.X-CUBE-NFC6.3.1.0
2025-09-22 16:27:59,055 [WARN] PackLoader:240 - Cannot read IP mode file for STMicroelectronics.X-CUBE-FREERTOS.1.3.1
2025-09-22 16:27:59,061 [WARN] PackLoader:240 - Cannot read IP mode file for STMicroelectronics.X-CUBE-DPower.1.3.0
2025-09-22 16:27:59,086 [WARN] ConditionMgr:438 - getConditionDescription Invalid condition id : LAN8742 Phy interface Condition cause : null
2025-09-22 16:27:59,087 [WARN] PackLoader:240 - Cannot read IP mode file for STMicroelectronics.X-CUBE-AZRTOS-L4.2.0.0
2025-09-22 16:27:59,090 [WARN] ConditionMgr:1044 - genDependencies : Invalid condition id : LAN8742 Phy interface Condition cause : null
2025-09-22 16:27:59,090 [WARN] ConditionMgr:1044 - genDependencies : Invalid condition id : LAN8742 Phy interface Condition cause : null
2025-09-22 16:27:59,092 [WARN] ConditionMgr:1044 - genDependencies : Invalid condition id : LAN8742 Phy interface Condition cause : null
2025-09-22 16:27:59,106 [WARN] PackLoader:240 - Cannot read IP mode file for STMicroelectronics.X-CUBE-SFXS2LP1.4.0.0
2025-09-22 16:27:59,129 [WARN] ConditionMgr:438 - getConditionDescription Invalid condition id : UX DEVICE CLASS RTOS Condition cause : null
2025-09-22 16:27:59,129 [WARN] ConditionMgr:438 - getConditionDescription Invalid condition id : UX DEVICE CLASS RTOS Condition cause : null
2025-09-22 16:27:59,133 [WARN] PackLoader:240 - Cannot read IP mode file for STMicroelectronics.X-CUBE-AZRTOS-WB.2.0.0
2025-09-22 16:27:59,134 [WARN] ConditionMgr:1044 - genDependencies : Invalid condition id : UX DEVICE CLASS RTOS Condition cause : null
2025-09-22 16:27:59,135 [WARN] ConditionMgr:1044 - genDependencies : Invalid condition id : UX DEVICE CLASS RTOS Condition cause : null
2025-09-22 16:27:59,136 [WARN] ConditionMgr:1044 - genDependencies : Invalid condition id : UX DEVICE CLASS RTOS Condition cause : null
2025-09-22 16:27:59,136 [WARN] ConditionMgr:1044 - genDependencies : Invalid condition id : UX DEVICE CLASS RTOS Condition cause : null
2025-09-22 16:27:59,136 [WARN] ConditionMgr:1044 - genDependencies : Invalid condition id : UX DEVICE CLASS RTOS Condition cause : null
2025-09-22 16:27:59,145 [WARN] PackLoader:240 - Cannot read IP mode file for STMicroelectronics.X-CUBE-GNSS1.7.0.1
2025-09-22 16:27:59,153 [WARN] PackLoader:240 - Cannot read IP mode file for STMicroelectronics.X-CUBE-TOUCHGFX.4.25.0
2025-09-22 16:27:59,157 [WARN] ConditionMgr:438 - getConditionDescription Invalid condition id : Cortex-A Device cause : null
2025-09-22 16:27:59,176 [WARN] ConditionMgr:1044 - genDependencies : Invalid condition id : Cortex-A Device cause : null
2025-09-22 16:27:59,176 [WARN] ConditionMgr:1044 - genDependencies : Invalid condition id : Cortex-A Device cause : null
2025-09-22 16:27:59,176 [WARN] ConditionMgr:1044 - genDependencies : Invalid condition id : Cortex-A Device cause : null
2025-09-22 16:27:59,191 [WARN] PackLoader:240 - Cannot read IP mode file for STMicroelectronics.X-CUBE-SUBG2.5.0.0
2025-09-22 16:27:59,235 [WARN] PackLoader:240 - Cannot read IP mode file for STMicroelectronics.X-CUBE-AZRTOS-H7RS.1.1.0
2025-09-22 16:27:59,262 [WARN] PackLoader:240 - Cannot read IP mode file for STMicroelectronics.X-CUBE-AZRTOS-G4.2.0.0
2025-09-22 16:27:59,269 [WARN] PackLoader:240 - Cannot read IP mode file for wolfSSL.I-CUBE-wolfSSH.1.4.20
2025-09-22 16:27:59,275 [WARN] PackLoader:240 - Cannot read IP mode file for STMicroelectronics.X-CUBE-NFC7.2.0.0
2025-09-22 16:27:59,298 [WARN] PackLoader:240 - Cannot read IP mode file for STMicroelectronics.X-CUBE-IPS.3.1.0
2025-09-22 16:27:59,315 [WARN] PackLoader:240 - Cannot read IP mode file for STMicroelectronics.X-CUBE-ALS.1.0.2
2025-09-22 16:27:59,340 [WARN] PackLoader:240 - Cannot read IP mode file for STMicroelectronics.X-CUBE-TOF1.3.4.3
2025-09-22 16:27:59,354 [INFO] ThirdParty:978 - Integrity check success = true
2025-09-22 16:27:59,354 [INFO] IntegrityCheckThread:100 - exiting critical section [integrity check]
2025-09-22 16:27:59,354 [INFO] IntegrityCheckThread:103 - End integrity checks thread
2025-09-22 16:28:23,268 [ERROR] LogOutputStream:75 - [STDERR_REDIRECT] Sep 22, 2025 4:28:23 PM java.util.prefs.FileSystemPreferences checkLockFile0ErrorCode
2025-09-22 16:28:23,269 [ERROR] LogOutputStream:75 - [STDERR_REDIRECT] WARNING: Could not lock System prefs. Unix error code 2.
2025-09-22 16:28:23,279 [ERROR] LogOutputStream:75 - [STDERR_REDIRECT] 
2025-09-22 16:28:23,280 [ERROR] LogOutputStream:75 - [STDERR_REDIRECT] Sep 22, 2025 4:28:23 PM java.util.prefs.FileSystemPreferences syncWorld
2025-09-22 16:28:23,280 [ERROR] LogOutputStream:75 - [STDERR_REDIRECT] WARNING: Couldn't flush system prefs: java.util.prefs.BackingStoreException: Couldn't get file lock.
2025-09-22 16:28:23,281 [ERROR] LogOutputStream:75 - [STDERR_REDIRECT] 
2025-09-22 16:28:42,544 [ERROR] ConfigurationRetriever:142 - IOException on connection: sw-center.st.com
2025-09-22 16:28:42,545 [ERROR] ConfigurationRetriever:142 - IOException on connection: sw-center.st.com
2025-09-22 16:28:42,546 [ERROR] ConfigurationRetriever:142 - IOException on connection: sw-center.st.com
2025-09-22 16:28:53,262 [ERROR] LogOutputStream:75 - [STDERR_REDIRECT] Sep 22, 2025 4:28:53 PM java.util.prefs.FileSystemPreferences checkLockFile0ErrorCode
2025-09-22 16:28:53,262 [ERROR] LogOutputStream:75 - [STDERR_REDIRECT] WARNING: Could not lock System prefs. Unix error code 2.
2025-09-22 16:28:53,262 [ERROR] LogOutputStream:75 - [STDERR_REDIRECT] 
2025-09-22 16:28:53,263 [ERROR] LogOutputStream:75 - [STDERR_REDIRECT] Sep 22, 2025 4:28:53 PM java.util.prefs.FileSystemPreferences syncWorld
2025-09-22 16:28:53,263 [ERROR] LogOutputStream:75 - [STDERR_REDIRECT] WARNING: Couldn't flush system prefs: java.util.prefs.BackingStoreException: Couldn't get file lock.
2025-09-22 16:28:53,263 [ERROR] LogOutputStream:75 - [STDERR_REDIRECT] 
2025-09-22 16:29:17,784 [ERROR] ConfigurationRetriever:142 - IOException on connection: sw-center.st.com
2025-09-22 16:29:17,785 [ERROR] ConfigurationRetriever:142 - IOException on connection: sw-center.st.com
2025-09-22 16:29:17,786 [ERROR] ConfigurationRetriever:142 - IOException on connection: sw-center.st.com
2025-09-22 16:29:23,264 [ERROR] LogOutputStream:75 - [STDERR_REDIRECT] Sep 22, 2025 4:29:23 PM java.util.prefs.FileSystemPreferences checkLockFile0ErrorCode
2025-09-22 16:29:23,264 [ERROR] LogOutputStream:75 - [STDERR_REDIRECT] WARNING: Could not lock System prefs. Unix error code 2.
2025-09-22 16:29:23,265 [ERROR] LogOutputStream:75 - [STDERR_REDIRECT] 
2025-09-22 16:29:23,265 [ERROR] LogOutputStream:75 - [STDERR_REDIRECT] Sep 22, 2025 4:29:23 PM java.util.prefs.FileSystemPreferences syncWorld
2025-09-22 16:29:23,266 [ERROR] LogOutputStream:75 - [STDERR_REDIRECT] WARNING: Couldn't flush system prefs: java.util.prefs.BackingStoreException: Couldn't get file lock.
2025-09-22 16:29:23,266 [ERROR] LogOutputStream:75 - [STDERR_REDIRECT] 
2025-09-22 16:29:53,260 [ERROR] LogOutputStream:75 - [STDERR_REDIRECT] Sep 22, 2025 4:29:53 PM java.util.prefs.FileSystemPreferences checkLockFile0ErrorCode
2025-09-22 16:29:53,260 [ERROR] LogOutputStream:75 - [STDERR_REDIRECT] WARNING: Could not lock System prefs. Unix error code 2.
2025-09-22 16:29:53,261 [ERROR] LogOutputStream:75 - [STDERR_REDIRECT] 
2025-09-22 16:29:53,261 [ERROR] LogOutputStream:75 - [STDERR_REDIRECT] Sep 22, 2025 4:29:53 PM java.util.prefs.FileSystemPreferences syncWorld
2025-09-22 16:29:53,262 [ERROR] LogOutputStream:75 - [STDERR_REDIRECT] WARNING: Couldn't flush system prefs: java.util.prefs.BackingStoreException: Couldn't get file lock.
2025-09-22 16:29:53,262 [ERROR] LogOutputStream:75 - [STDERR_REDIRECT] 
2025-09-22 16:30:23,261 [ERROR] LogOutputStream:75 - [STDERR_REDIRECT] Sep 22, 2025 4:30:23 PM java.util.prefs.FileSystemPreferences checkLockFile0ErrorCode
2025-09-22 16:30:23,261 [ERROR] LogOutputStream:75 - [STDERR_REDIRECT] WARNING: Could not lock System prefs. Unix error code 2.
2025-09-22 16:30:23,261 [ERROR] LogOutputStream:75 - [STDERR_REDIRECT] 
2025-09-22 16:30:23,262 [ERROR] LogOutputStream:75 - [STDERR_REDIRECT] Sep 22, 2025 4:30:23 PM java.util.prefs.FileSystemPreferences syncWorld
2025-09-22 16:30:23,263 [ERROR] LogOutputStream:75 - [STDERR_REDIRECT] WARNING: Couldn't flush system prefs: java.util.prefs.BackingStoreException: Couldn't get file lock.
2025-09-22 16:30:23,263 [ERROR] LogOutputStream:75 - [STDERR_REDIRECT] 
2025-09-22 16:30:53,261 [ERROR] LogOutputStream:75 - [STDERR_REDIRECT] Sep 22, 2025 4:30:53 PM java.util.prefs.FileSystemPreferences checkLockFile0ErrorCode
2025-09-22 16:30:53,262 [ERROR] LogOutputStream:75 - [STDERR_REDIRECT] WARNING: Could not lock System prefs. Unix error code 2.
2025-09-22 16:30:53,262 [ERROR] LogOutputStream:75 - [STDERR_REDIRECT] 
2025-09-22 16:30:53,263 [ERROR] LogOutputStream:75 - [STDERR_REDIRECT] Sep 22, 2025 4:30:53 PM java.util.prefs.FileSystemPreferences syncWorld
2025-09-22 16:30:53,263 [ERROR] LogOutputStream:75 - [STDERR_REDIRECT] WARNING: Couldn't flush system prefs: java.util.prefs.BackingStoreException: Couldn't get file lock.
2025-09-22 16:30:53,263 [ERROR] LogOutputStream:75 - [STDERR_REDIRECT] 
2025-09-22 16:31:23,262 [ERROR] LogOutputStream:75 - [STDERR_REDIRECT] Sep 22, 2025 4:31:23 PM java.util.prefs.FileSystemPreferences checkLockFile0ErrorCode
2025-09-22 16:31:23,263 [ERROR] LogOutputStream:75 - [STDERR_REDIRECT] WARNING: Could not lock System prefs. Unix error code 2.
2025-09-22 16:31:23,263 [ERROR] LogOutputStream:75 - [STDERR_REDIRECT] 
2025-09-22 16:31:23,264 [ERROR] LogOutputStream:75 - [STDERR_REDIRECT] Sep 22, 2025 4:31:23 PM java.util.prefs.FileSystemPreferences syncWorld
2025-09-22 16:31:23,264 [ERROR] LogOutputStream:75 - [STDERR_REDIRECT] WARNING: Couldn't flush system prefs: java.util.prefs.BackingStoreException: Couldn't get file lock.
2025-09-22 16:31:23,264 [ERROR] LogOutputStream:75 - [STDERR_REDIRECT] 
2025-09-22 16:31:53,263 [ERROR] LogOutputStream:75 - [STDERR_REDIRECT] Sep 22, 2025 4:31:53 PM java.util.prefs.FileSystemPreferences checkLockFile0ErrorCode
2025-09-22 16:31:53,263 [ERROR] LogOutputStream:75 - [STDERR_REDIRECT] WARNING: Could not lock System prefs. Unix error code 2.
2025-09-22 16:31:53,264 [ERROR] LogOutputStream:75 - [STDERR_REDIRECT] 
2025-09-22 16:31:53,264 [ERROR] LogOutputStream:75 - [STDERR_REDIRECT] Sep 22, 2025 4:31:53 PM java.util.prefs.FileSystemPreferences syncWorld
2025-09-22 16:31:53,265 [ERROR] LogOutputStream:75 - [STDERR_REDIRECT] WARNING: Couldn't flush system prefs: java.util.prefs.BackingStoreException: Couldn't get file lock.
2025-09-22 16:31:53,265 [ERROR] LogOutputStream:75 - [STDERR_REDIRECT] 
2025-09-22 16:32:17,492 [ERROR] ConfigurationRetriever:142 - IOException on connection: sw-center.st.com
2025-09-22 16:32:17,493 [ERROR] ConfigurationRetriever:142 - IOException on connection: sw-center.st.com
2025-09-22 16:32:17,494 [ERROR] ConfigurationRetriever:142 - IOException on connection: sw-center.st.com
2025-09-22 16:32:23,270 [ERROR] LogOutputStream:75 - [STDERR_REDIRECT] Sep 22, 2025 4:32:23 PM java.util.prefs.FileSystemPreferences checkLockFile0ErrorCode
2025-09-22 16:32:23,271 [ERROR] LogOutputStream:75 - [STDERR_REDIRECT] WARNING: Could not lock System prefs. Unix error code 2.
2025-09-22 16:32:23,282 [ERROR] LogOutputStream:75 - [STDERR_REDIRECT] 
2025-09-22 16:32:23,282 [ERROR] LogOutputStream:75 - [STDERR_REDIRECT] Sep 22, 2025 4:32:23 PM java.util.prefs.FileSystemPreferences syncWorld
2025-09-22 16:32:23,282 [ERROR] LogOutputStream:75 - [STDERR_REDIRECT] WARNING: Couldn't flush system prefs: java.util.prefs.BackingStoreException: Couldn't get file lock.
2025-09-22 16:32:23,282 [ERROR] LogOutputStream:75 - [STDERR_REDIRECT] 
2025-09-22 16:32:53,262 [ERROR] LogOutputStream:75 - [STDERR_REDIRECT] Sep 22, 2025 4:32:53 PM java.util.prefs.FileSystemPreferences checkLockFile0ErrorCode
2025-09-22 16:32:53,262 [ERROR] LogOutputStream:75 - [STDERR_REDIRECT] WARNING: Could not lock System prefs. Unix error code 2.
2025-09-22 16:32:53,263 [ERROR] LogOutputStream:75 - [STDERR_REDIRECT] 
2025-09-22 16:32:53,263 [ERROR] LogOutputStream:75 - [STDERR_REDIRECT] Sep 22, 2025 4:32:53 PM java.util.prefs.FileSystemPreferences syncWorld
2025-09-22 16:32:53,263 [ERROR] LogOutputStream:75 - [STDERR_REDIRECT] WARNING: Couldn't flush system prefs: java.util.prefs.BackingStoreException: Couldn't get file lock.
2025-09-22 16:32:53,263 [ERROR] LogOutputStream:75 - [STDERR_REDIRECT] 
2025-09-22 16:33:23,264 [ERROR] LogOutputStream:75 - [STDERR_REDIRECT] Sep 22, 2025 4:33:23 PM java.util.prefs.FileSystemPreferences checkLockFile0ErrorCode
2025-09-22 16:33:23,264 [ERROR] LogOutputStream:75 - [STDERR_REDIRECT] WARNING: Could not lock System prefs. Unix error code 2.
2025-09-22 16:33:23,265 [ERROR] LogOutputStream:75 - [STDERR_REDIRECT] 
2025-09-22 16:33:23,265 [ERROR] LogOutputStream:75 - [STDERR_REDIRECT] Sep 22, 2025 4:33:23 PM java.util.prefs.FileSystemPreferences syncWorld
2025-09-22 16:33:23,265 [ERROR] LogOutputStream:75 - [STDERR_REDIRECT] WARNING: Couldn't flush system prefs: java.util.prefs.BackingStoreException: Couldn't get file lock.
2025-09-22 16:33:23,265 [ERROR] LogOutputStream:75 - [STDERR_REDIRECT] 
2025-09-22 16:33:53,264 [ERROR] LogOutputStream:75 - [STDERR_REDIRECT] Sep 22, 2025 4:33:53 PM java.util.prefs.FileSystemPreferences checkLockFile0ErrorCode
2025-09-22 16:33:53,264 [ERROR] LogOutputStream:75 - [STDERR_REDIRECT] WARNING: Could not lock System prefs. Unix error code 2.
2025-09-22 16:33:53,264 [ERROR] LogOutputStream:75 - [STDERR_REDIRECT] 
2025-09-22 16:33:53,265 [ERROR] LogOutputStream:75 - [STDERR_REDIRECT] Sep 22, 2025 4:33:53 PM java.util.prefs.FileSystemPreferences syncWorld
2025-09-22 16:33:53,265 [ERROR] LogOutputStream:75 - [STDERR_REDIRECT] WARNING: Couldn't flush system prefs: java.util.prefs.BackingStoreException: Couldn't get file lock.
2025-09-22 16:33:53,265 [ERROR] LogOutputStream:75 - [STDERR_REDIRECT] 
2025-09-22 16:34:23,264 [ERROR] LogOutputStream:75 - [STDERR_REDIRECT] Sep 22, 2025 4:34:23 PM java.util.prefs.FileSystemPreferences checkLockFile0ErrorCode
2025-09-22 16:34:23,264 [ERROR] LogOutputStream:75 - [STDERR_REDIRECT] WARNING: Could not lock System prefs. Unix error code 2.
2025-09-22 16:34:23,265 [ERROR] LogOutputStream:75 - [STDERR_REDIRECT] 
2025-09-22 16:34:23,265 [ERROR] LogOutputStream:75 - [STDERR_REDIRECT] Sep 22, 2025 4:34:23 PM java.util.prefs.FileSystemPreferences syncWorld
2025-09-22 16:34:23,265 [ERROR] LogOutputStream:75 - [STDERR_REDIRECT] WARNING: Couldn't flush system prefs: java.util.prefs.BackingStoreException: Couldn't get file lock.
2025-09-22 16:34:23,266 [ERROR] LogOutputStream:75 - [STDERR_REDIRECT] 
2025-09-22 16:34:52,964 [ERROR] ConfigurationRetriever:142 - IOException on connection: sw-center.st.com
2025-09-22 16:34:52,966 [ERROR] ConfigurationRetriever:142 - IOException on connection: sw-center.st.com
2025-09-22 16:34:52,967 [ERROR] ConfigurationRetriever:142 - IOException on connection: sw-center.st.com
2025-09-22 16:34:53,264 [ERROR] LogOutputStream:75 - [STDERR_REDIRECT] Sep 22, 2025 4:34:53 PM java.util.prefs.FileSystemPreferences checkLockFile0ErrorCode
2025-09-22 16:34:53,265 [ERROR] LogOutputStream:75 - [STDERR_REDIRECT] WARNING: Could not lock System prefs. Unix error code 2.
2025-09-22 16:34:53,265 [ERROR] LogOutputStream:75 - [STDERR_REDIRECT] 
2025-09-22 16:34:53,266 [ERROR] LogOutputStream:75 - [STDERR_REDIRECT] Sep 22, 2025 4:34:53 PM java.util.prefs.FileSystemPreferences syncWorld
2025-09-22 16:34:53,266 [ERROR] LogOutputStream:75 - [STDERR_REDIRECT] WARNING: Couldn't flush system prefs: java.util.prefs.BackingStoreException: Couldn't get file lock.
2025-09-22 16:34:53,266 [ERROR] LogOutputStream:75 - [STDERR_REDIRECT] 
2025-09-22 16:35:23,270 [ERROR] LogOutputStream:75 - [STDERR_REDIRECT] Sep 22, 2025 4:35:23 PM java.util.prefs.FileSystemPreferences checkLockFile0ErrorCode
2025-09-22 16:35:23,271 [ERROR] LogOutputStream:75 - [STDERR_REDIRECT] WARNING: Could not lock System prefs. Unix error code 2.
2025-09-22 16:35:23,271 [ERROR] LogOutputStream:75 - [STDERR_REDIRECT] 
2025-09-22 16:35:23,271 [ERROR] LogOutputStream:75 - [STDERR_REDIRECT] Sep 22, 2025 4:35:23 PM java.util.prefs.FileSystemPreferences syncWorld
2025-09-22 16:35:23,272 [ERROR] LogOutputStream:75 - [STDERR_REDIRECT] WARNING: Couldn't flush system prefs: java.util.prefs.BackingStoreException: Couldn't get file lock.
2025-09-22 16:35:23,272 [ERROR] LogOutputStream:75 - [STDERR_REDIRECT] 
2025-09-22 16:35:53,264 [ERROR] LogOutputStream:75 - [STDERR_REDIRECT] Sep 22, 2025 4:35:53 PM java.util.prefs.FileSystemPreferences checkLockFile0ErrorCode
2025-09-22 16:35:53,264 [ERROR] LogOutputStream:75 - [STDERR_REDIRECT] WARNING: Could not lock System prefs. Unix error code 2.
2025-09-22 16:35:53,264 [ERROR] LogOutputStream:75 - [STDERR_REDIRECT] 
2025-09-22 16:35:53,265 [ERROR] LogOutputStream:75 - [STDERR_REDIRECT] Sep 22, 2025 4:35:53 PM java.util.prefs.FileSystemPreferences syncWorld
2025-09-22 16:35:53,265 [ERROR] LogOutputStream:75 - [STDERR_REDIRECT] WARNING: Couldn't flush system prefs: java.util.prefs.BackingStoreException: Couldn't get file lock.
2025-09-22 16:35:53,265 [ERROR] LogOutputStream:75 - [STDERR_REDIRECT] 
2025-09-22 16:36:23,263 [ERROR] LogOutputStream:75 - [STDERR_REDIRECT] Sep 22, 2025 4:36:23 PM java.util.prefs.FileSystemPreferences checkLockFile0ErrorCode
2025-09-22 16:36:23,264 [ERROR] LogOutputStream:75 - [STDERR_REDIRECT] WARNING: Could not lock System prefs. Unix error code 2.
2025-09-22 16:36:23,264 [ERROR] LogOutputStream:75 - [STDERR_REDIRECT] 
2025-09-22 16:36:23,264 [ERROR] LogOutputStream:75 - [STDERR_REDIRECT] Sep 22, 2025 4:36:23 PM java.util.prefs.FileSystemPreferences syncWorld
2025-09-22 16:36:23,265 [ERROR] LogOutputStream:75 - [STDERR_REDIRECT] WARNING: Couldn't flush system prefs: java.util.prefs.BackingStoreException: Couldn't get file lock.
2025-09-22 16:36:23,265 [ERROR] LogOutputStream:75 - [STDERR_REDIRECT] 
2025-09-22 16:36:53,264 [ERROR] LogOutputStream:75 - [STDERR_REDIRECT] Sep 22, 2025 4:36:53 PM java.util.prefs.FileSystemPreferences checkLockFile0ErrorCode
2025-09-22 16:36:53,264 [ERROR] LogOutputStream:75 - [STDERR_REDIRECT] WARNING: Could not lock System prefs. Unix error code 2.
2025-09-22 16:36:53,264 [ERROR] LogOutputStream:75 - [STDERR_REDIRECT] 
2025-09-22 16:36:53,265 [ERROR] LogOutputStream:75 - [STDERR_REDIRECT] Sep 22, 2025 4:36:53 PM java.util.prefs.FileSystemPreferences syncWorld
2025-09-22 16:36:53,265 [ERROR] LogOutputStream:75 - [STDERR_REDIRECT] WARNING: Couldn't flush system prefs: java.util.prefs.BackingStoreException: Couldn't get file lock.
2025-09-22 16:36:53,265 [ERROR] LogOutputStream:75 - [STDERR_REDIRECT] 
2025-09-22 16:36:55,690 [ERROR] ConfigurationRetriever:142 - IOException on connection: sw-center.st.com
2025-09-22 16:36:55,691 [ERROR] ConfigurationRetriever:142 - IOException on connection: sw-center.st.com
2025-09-22 16:36:55,692 [ERROR] ConfigurationRetriever:142 - IOException on connection: sw-center.st.com
2025-09-22 16:37:23,268 [ERROR] LogOutputStream:75 - [STDERR_REDIRECT] Sep 22, 2025 4:37:23 PM java.util.prefs.FileSystemPreferences checkLockFile0ErrorCode
2025-09-22 16:37:23,269 [ERROR] LogOutputStream:75 - [STDERR_REDIRECT] WARNING: Could not lock System prefs. Unix error code 2.
2025-09-22 16:37:23,269 [ERROR] LogOutputStream:75 - [STDERR_REDIRECT] 
2025-09-22 16:37:23,269 [ERROR] LogOutputStream:75 - [STDERR_REDIRECT] Sep 22, 2025 4:37:23 PM java.util.prefs.FileSystemPreferences syncWorld
2025-09-22 16:37:23,270 [ERROR] LogOutputStream:75 - [STDERR_REDIRECT] WARNING: Couldn't flush system prefs: java.util.prefs.BackingStoreException: Couldn't get file lock.
2025-09-22 16:37:23,270 [ERROR] LogOutputStream:75 - [STDERR_REDIRECT] 
2025-09-22 16:37:53,263 [ERROR] LogOutputStream:75 - [STDERR_REDIRECT] Sep 22, 2025 4:37:53 PM java.util.prefs.FileSystemPreferences checkLockFile0ErrorCode
2025-09-22 16:37:53,264 [ERROR] LogOutputStream:75 - [STDERR_REDIRECT] WARNING: Could not lock System prefs. Unix error code 2.
2025-09-22 16:37:53,264 [ERROR] LogOutputStream:75 - [STDERR_REDIRECT] 
2025-09-22 16:37:53,264 [ERROR] LogOutputStream:75 - [STDERR_REDIRECT] Sep 22, 2025 4:37:53 PM java.util.prefs.FileSystemPreferences syncWorld
2025-09-22 16:37:53,265 [ERROR] LogOutputStream:75 - [STDERR_REDIRECT] WARNING: Couldn't flush system prefs: java.util.prefs.BackingStoreException: Couldn't get file lock.
2025-09-22 16:37:53,265 [ERROR] LogOutputStream:75 - [STDERR_REDIRECT] 
2025-09-22 16:38:23,264 [ERROR] LogOutputStream:75 - [STDERR_REDIRECT] Sep 22, 2025 4:38:23 PM java.util.prefs.FileSystemPreferences checkLockFile0ErrorCode
2025-09-22 16:38:23,264 [ERROR] LogOutputStream:75 - [STDERR_REDIRECT] WARNING: Could not lock System prefs. Unix error code 2.
2025-09-22 16:38:23,264 [ERROR] LogOutputStream:75 - [STDERR_REDIRECT] 
2025-09-22 16:38:23,265 [ERROR] LogOutputStream:75 - [STDERR_REDIRECT] Sep 22, 2025 4:38:23 PM java.util.prefs.FileSystemPreferences syncWorld
2025-09-22 16:38:23,265 [ERROR] LogOutputStream:75 - [STDERR_REDIRECT] WARNING: Couldn't flush system prefs: java.util.prefs.BackingStoreException: Couldn't get file lock.
2025-09-22 16:38:23,266 [ERROR] LogOutputStream:75 - [STDERR_REDIRECT] 
2025-09-22 16:38:53,264 [ERROR] LogOutputStream:75 - [STDERR_REDIRECT] Sep 22, 2025 4:38:53 PM java.util.prefs.FileSystemPreferences checkLockFile0ErrorCode
2025-09-22 16:38:53,264 [ERROR] LogOutputStream:75 - [STDERR_REDIRECT] WARNING: Could not lock System prefs. Unix error code 2.
2025-09-22 16:38:53,264 [ERROR] LogOutputStream:75 - [STDERR_REDIRECT] 
2025-09-22 16:38:53,265 [ERROR] LogOutputStream:75 - [STDERR_REDIRECT] Sep 22, 2025 4:38:53 PM java.util.prefs.FileSystemPreferences syncWorld
2025-09-22 16:38:53,265 [ERROR] LogOutputStream:75 - [STDERR_REDIRECT] WARNING: Couldn't flush system prefs: java.util.prefs.BackingStoreException: Couldn't get file lock.
2025-09-22 16:38:53,265 [ERROR] LogOutputStream:75 - [STDERR_REDIRECT] 
2025-09-22 16:39:23,264 [ERROR] LogOutputStream:75 - [STDERR_REDIRECT] Sep 22, 2025 4:39:23 PM java.util.prefs.FileSystemPreferences checkLockFile0ErrorCode
2025-09-22 16:39:23,264 [ERROR] LogOutputStream:75 - [STDERR_REDIRECT] WARNING: Could not lock System prefs. Unix error code 2.
2025-09-22 16:39:23,264 [ERROR] LogOutputStream:75 - [STDERR_REDIRECT] 
2025-09-22 16:39:23,264 [ERROR] LogOutputStream:75 - [STDERR_REDIRECT] Sep 22, 2025 4:39:23 PM java.util.prefs.FileSystemPreferences syncWorld
2025-09-22 16:39:23,265 [ERROR] LogOutputStream:75 - [STDERR_REDIRECT] WARNING: Couldn't flush system prefs: java.util.prefs.BackingStoreException: Couldn't get file lock.
2025-09-22 16:39:23,265 [ERROR] LogOutputStream:75 - [STDERR_REDIRECT] 
2025-09-22 16:39:53,264 [ERROR] LogOutputStream:75 - [STDERR_REDIRECT] Sep 22, 2025 4:39:53 PM java.util.prefs.FileSystemPreferences checkLockFile0ErrorCode
2025-09-22 16:39:53,265 [ERROR] LogOutputStream:75 - [STDERR_REDIRECT] WARNING: Could not lock System prefs. Unix error code 2.
2025-09-22 16:39:53,265 [ERROR] LogOutputStream:75 - [STDERR_REDIRECT] 
2025-09-22 16:39:53,265 [ERROR] LogOutputStream:75 - [STDERR_REDIRECT] Sep 22, 2025 4:39:53 PM java.util.prefs.FileSystemPreferences syncWorld
2025-09-22 16:39:53,266 [ERROR] LogOutputStream:75 - [STDERR_REDIRECT] WARNING: Couldn't flush system prefs: java.util.prefs.BackingStoreException: Couldn't get file lock.
2025-09-22 16:39:53,266 [ERROR] LogOutputStream:75 - [STDERR_REDIRECT] 
2025-09-22 16:40:23,264 [ERROR] LogOutputStream:75 - [STDERR_REDIRECT] Sep 22, 2025 4:40:23 PM java.util.prefs.FileSystemPreferences checkLockFile0ErrorCode
2025-09-22 16:40:23,264 [ERROR] LogOutputStream:75 - [STDERR_REDIRECT] WARNING: Could not lock System prefs. Unix error code 2.
2025-09-22 16:40:23,264 [ERROR] LogOutputStream:75 - [STDERR_REDIRECT] 
2025-09-22 16:40:23,265 [ERROR] LogOutputStream:75 - [STDERR_REDIRECT] Sep 22, 2025 4:40:23 PM java.util.prefs.FileSystemPreferences syncWorld
2025-09-22 16:40:23,265 [ERROR] LogOutputStream:75 - [STDERR_REDIRECT] WARNING: Couldn't flush system prefs: java.util.prefs.BackingStoreException: Couldn't get file lock.
2025-09-22 16:40:23,265 [ERROR] LogOutputStream:75 - [STDERR_REDIRECT] 
2025-09-22 16:40:53,264 [ERROR] LogOutputStream:75 - [STDERR_REDIRECT] Sep 22, 2025 4:40:53 PM java.util.prefs.FileSystemPreferences checkLockFile0ErrorCode
2025-09-22 16:40:53,265 [ERROR] LogOutputStream:75 - [STDERR_REDIRECT] WARNING: Could not lock System prefs. Unix error code 2.
2025-09-22 16:40:53,265 [ERROR] LogOutputStream:75 - [STDERR_REDIRECT] 
2025-09-22 16:40:53,265 [ERROR] LogOutputStream:75 - [STDERR_REDIRECT] Sep 22, 2025 4:40:53 PM java.util.prefs.FileSystemPreferences syncWorld
2025-09-22 16:40:53,266 [ERROR] LogOutputStream:75 - [STDERR_REDIRECT] WARNING: Couldn't flush system prefs: java.util.prefs.BackingStoreException: Couldn't get file lock.
2025-09-22 16:40:53,266 [ERROR] LogOutputStream:75 - [STDERR_REDIRECT] 
2025-09-22 16:41:23,264 [ERROR] LogOutputStream:75 - [STDERR_REDIRECT] Sep 22, 2025 4:41:23 PM java.util.prefs.FileSystemPreferences checkLockFile0ErrorCode
2025-09-22 16:41:23,264 [ERROR] LogOutputStream:75 - [STDERR_REDIRECT] WARNING: Could not lock System prefs. Unix error code 2.
2025-09-22 16:41:23,264 [ERROR] LogOutputStream:75 - [STDERR_REDIRECT] 
2025-09-22 16:41:23,265 [ERROR] LogOutputStream:75 - [STDERR_REDIRECT] Sep 22, 2025 4:41:23 PM java.util.prefs.FileSystemPreferences syncWorld
2025-09-22 16:41:23,265 [ERROR] LogOutputStream:75 - [STDERR_REDIRECT] WARNING: Couldn't flush system prefs: java.util.prefs.BackingStoreException: Couldn't get file lock.
2025-09-22 16:41:23,265 [ERROR] LogOutputStream:75 - [STDERR_REDIRECT] 
2025-09-22 16:41:53,264 [ERROR] LogOutputStream:75 - [STDERR_REDIRECT] Sep 22, 2025 4:41:53 PM java.util.prefs.FileSystemPreferences checkLockFile0ErrorCode
2025-09-22 16:41:53,264 [ERROR] LogOutputStream:75 - [STDERR_REDIRECT] WARNING: Could not lock System prefs. Unix error code 2.
2025-09-22 16:41:53,264 [ERROR] LogOutputStream:75 - [STDERR_REDIRECT] 
2025-09-22 16:41:53,265 [ERROR] LogOutputStream:75 - [STDERR_REDIRECT] Sep 22, 2025 4:41:53 PM java.util.prefs.FileSystemPreferences syncWorld
2025-09-22 16:41:53,265 [ERROR] LogOutputStream:75 - [STDERR_REDIRECT] WARNING: Couldn't flush system prefs: java.util.prefs.BackingStoreException: Couldn't get file lock.
2025-09-22 16:41:53,265 [ERROR] LogOutputStream:75 - [STDERR_REDIRECT] 
2025-09-22 16:42:23,265 [ERROR] LogOutputStream:75 - [STDERR_REDIRECT] Sep 22, 2025 4:42:23 PM java.util.prefs.FileSystemPreferences checkLockFile0ErrorCode
2025-09-22 16:42:23,265 [ERROR] LogOutputStream:75 - [STDERR_REDIRECT] WARNING: Could not lock System prefs. Unix error code 2.
2025-09-22 16:42:23,266 [ERROR] LogOutputStream:75 - [STDERR_REDIRECT] 
2025-09-22 16:42:23,266 [ERROR] LogOutputStream:75 - [STDERR_REDIRECT] Sep 22, 2025 4:42:23 PM java.util.prefs.FileSystemPreferences syncWorld
2025-09-22 16:42:23,266 [ERROR] LogOutputStream:75 - [STDERR_REDIRECT] WARNING: Couldn't flush system prefs: java.util.prefs.BackingStoreException: Couldn't get file lock.
2025-09-22 16:42:23,267 [ERROR] LogOutputStream:75 - [STDERR_REDIRECT] 
2025-09-22 16:42:53,263 [ERROR] LogOutputStream:75 - [STDERR_REDIRECT] Sep 22, 2025 4:42:53 PM java.util.prefs.FileSystemPreferences checkLockFile0ErrorCode
2025-09-22 16:42:53,263 [ERROR] LogOutputStream:75 - [STDERR_REDIRECT] WARNING: Could not lock System prefs. Unix error code 2.
2025-09-22 16:42:53,263 [ERROR] LogOutputStream:75 - [STDERR_REDIRECT] 
2025-09-22 16:42:53,264 [ERROR] LogOutputStream:75 - [STDERR_REDIRECT] Sep 22, 2025 4:42:53 PM java.util.prefs.FileSystemPreferences syncWorld
2025-09-22 16:42:53,264 [ERROR] LogOutputStream:75 - [STDERR_REDIRECT] WARNING: Couldn't flush system prefs: java.util.prefs.BackingStoreException: Couldn't get file lock.
2025-09-22 16:42:53,265 [ERROR] LogOutputStream:75 - [STDERR_REDIRECT] 
2025-09-22 16:43:23,264 [ERROR] LogOutputStream:75 - [STDERR_REDIRECT] Sep 22, 2025 4:43:23 PM java.util.prefs.FileSystemPreferences checkLockFile0ErrorCode
2025-09-22 16:43:23,264 [ERROR] LogOutputStream:75 - [STDERR_REDIRECT] WARNING: Could not lock System prefs. Unix error code 2.
2025-09-22 16:43:23,265 [ERROR] LogOutputStream:75 - [STDERR_REDIRECT] 
2025-09-22 16:43:23,265 [ERROR] LogOutputStream:75 - [STDERR_REDIRECT] Sep 22, 2025 4:43:23 PM java.util.prefs.FileSystemPreferences syncWorld
2025-09-22 16:43:23,266 [ERROR] LogOutputStream:75 - [STDERR_REDIRECT] WARNING: Couldn't flush system prefs: java.util.prefs.BackingStoreException: Couldn't get file lock.
2025-09-22 16:43:23,266 [ERROR] LogOutputStream:75 - [STDERR_REDIRECT] 
2025-09-22 16:43:53,264 [ERROR] LogOutputStream:75 - [STDERR_REDIRECT] Sep 22, 2025 4:43:53 PM java.util.prefs.FileSystemPreferences checkLockFile0ErrorCode
2025-09-22 16:43:53,264 [ERROR] LogOutputStream:75 - [STDERR_REDIRECT] WARNING: Could not lock System prefs. Unix error code 2.
2025-09-22 16:43:53,265 [ERROR] LogOutputStream:75 - [STDERR_REDIRECT] 
2025-09-22 16:43:53,265 [ERROR] LogOutputStream:75 - [STDERR_REDIRECT] Sep 22, 2025 4:43:53 PM java.util.prefs.FileSystemPreferences syncWorld
2025-09-22 16:43:53,265 [ERROR] LogOutputStream:75 - [STDERR_REDIRECT] WARNING: Couldn't flush system prefs: java.util.prefs.BackingStoreException: Couldn't get file lock.
2025-09-22 16:43:53,265 [ERROR] LogOutputStream:75 - [STDERR_REDIRECT] 
2025-09-22 16:44:23,264 [ERROR] LogOutputStream:75 - [STDERR_REDIRECT] Sep 22, 2025 4:44:23 PM java.util.prefs.FileSystemPreferences checkLockFile0ErrorCode
2025-09-22 16:44:23,264 [ERROR] LogOutputStream:75 - [STDERR_REDIRECT] WARNING: Could not lock System prefs. Unix error code 2.
2025-09-22 16:44:23,264 [ERROR] LogOutputStream:75 - [STDERR_REDIRECT] 
2025-09-22 16:44:23,265 [ERROR] LogOutputStream:75 - [STDERR_REDIRECT] Sep 22, 2025 4:44:23 PM java.util.prefs.FileSystemPreferences syncWorld
2025-09-22 16:44:23,265 [ERROR] LogOutputStream:75 - [STDERR_REDIRECT] WARNING: Couldn't flush system prefs: java.util.prefs.BackingStoreException: Couldn't get file lock.
2025-09-22 16:44:23,265 [ERROR] LogOutputStream:75 - [STDERR_REDIRECT] 
2025-09-22 16:44:43,237 [ERROR] ConfigurationRetriever:142 - IOException on connection: sw-center.st.com
2025-09-22 16:44:43,238 [ERROR] ConfigurationRetriever:142 - IOException on connection: sw-center.st.com
2025-09-22 16:44:43,239 [ERROR] ConfigurationRetriever:142 - IOException on connection: sw-center.st.com
2025-09-22 16:44:53,268 [ERROR] LogOutputStream:75 - [STDERR_REDIRECT] Sep 22, 2025 4:44:53 PM java.util.prefs.FileSystemPreferences checkLockFile0ErrorCode
2025-09-22 16:44:53,269 [ERROR] LogOutputStream:75 - [STDERR_REDIRECT] WARNING: Could not lock System prefs. Unix error code 2.
2025-09-22 16:44:53,269 [ERROR] LogOutputStream:75 - [STDERR_REDIRECT] 
2025-09-22 16:44:53,269 [ERROR] LogOutputStream:75 - [STDERR_REDIRECT] Sep 22, 2025 4:44:53 PM java.util.prefs.FileSystemPreferences syncWorld
2025-09-22 16:44:53,270 [ERROR] LogOutputStream:75 - [STDERR_REDIRECT] WARNING: Couldn't flush system prefs: java.util.prefs.BackingStoreException: Couldn't get file lock.
2025-09-22 16:44:53,270 [ERROR] LogOutputStream:75 - [STDERR_REDIRECT] 
2025-09-22 16:45:07,716 [ERROR] ConfigurationRetriever:142 - IOException on connection: sw-center.st.com
2025-09-22 16:45:07,717 [ERROR] ConfigurationRetriever:142 - IOException on connection: sw-center.st.com
2025-09-22 16:45:07,717 [ERROR] ConfigurationRetriever:142 - IOException on connection: sw-center.st.com
2025-09-22 16:45:23,267 [ERROR] LogOutputStream:75 - [STDERR_REDIRECT] Sep 22, 2025 4:45:23 PM java.util.prefs.FileSystemPreferences checkLockFile0ErrorCode
2025-09-22 16:45:23,268 [ERROR] LogOutputStream:75 - [STDERR_REDIRECT] WARNING: Could not lock System prefs. Unix error code 2.
2025-09-22 16:45:23,268 [ERROR] LogOutputStream:75 - [STDERR_REDIRECT] 
2025-09-22 16:45:23,268 [ERROR] LogOutputStream:75 - [STDERR_REDIRECT] Sep 22, 2025 4:45:23 PM java.util.prefs.FileSystemPreferences syncWorld
2025-09-22 16:45:23,269 [ERROR] LogOutputStream:75 - [STDERR_REDIRECT] WARNING: Couldn't flush system prefs: java.util.prefs.BackingStoreException: Couldn't get file lock.
2025-09-22 16:45:23,269 [ERROR] LogOutputStream:75 - [STDERR_REDIRECT] 
2025-09-22 16:45:53,265 [ERROR] LogOutputStream:75 - [STDERR_REDIRECT] Sep 22, 2025 4:45:53 PM java.util.prefs.FileSystemPreferences checkLockFile0ErrorCode
2025-09-22 16:45:53,266 [ERROR] LogOutputStream:75 - [STDERR_REDIRECT] WARNING: Could not lock System prefs. Unix error code 2.
2025-09-22 16:45:53,266 [ERROR] LogOutputStream:75 - [STDERR_REDIRECT] 
2025-09-22 16:45:53,266 [ERROR] LogOutputStream:75 - [STDERR_REDIRECT] Sep 22, 2025 4:45:53 PM java.util.prefs.FileSystemPreferences syncWorld
2025-09-22 16:45:53,267 [ERROR] LogOutputStream:75 - [STDERR_REDIRECT] WARNING: Couldn't flush system prefs: java.util.prefs.BackingStoreException: Couldn't get file lock.
2025-09-22 16:45:53,267 [ERROR] LogOutputStream:75 - [STDERR_REDIRECT] 
2025-09-22 16:46:23,264 [ERROR] LogOutputStream:75 - [STDERR_REDIRECT] Sep 22, 2025 4:46:23 PM java.util.prefs.FileSystemPreferences checkLockFile0ErrorCode
2025-09-22 16:46:23,265 [ERROR] LogOutputStream:75 - [STDERR_REDIRECT] WARNING: Could not lock System prefs. Unix error code 2.
2025-09-22 16:46:23,265 [ERROR] LogOutputStream:75 - [STDERR_REDIRECT] 
2025-09-22 16:46:23,265 [ERROR] LogOutputStream:75 - [STDERR_REDIRECT] Sep 22, 2025 4:46:23 PM java.util.prefs.FileSystemPreferences syncWorld
2025-09-22 16:46:23,266 [ERROR] LogOutputStream:75 - [STDERR_REDIRECT] WARNING: Couldn't flush system prefs: java.util.prefs.BackingStoreException: Couldn't get file lock.
2025-09-22 16:46:23,266 [ERROR] LogOutputStream:75 - [STDERR_REDIRECT] 
2025-09-22 16:46:23,743 [ERROR] ConfigurationRetriever:142 - IOException on connection: sw-center.st.com
2025-09-22 16:46:23,744 [ERROR] ConfigurationRetriever:142 - IOException on connection: sw-center.st.com
2025-09-22 16:46:23,745 [ERROR] ConfigurationRetriever:142 - IOException on connection: sw-center.st.com
2025-09-22 16:46:24,834 [ERROR] LogOutputStream:75 - [STDERR_REDIRECT] 
