2025-09-30 16:59:59,828 [INFO] Activator:176 - 


2025-09-30 16:59:59,830 [INFO] Activator:177 - !SESSION log4j initialized
2025-09-30 17:00:03,180 [INFO] LogOutputStream:77 - [STDOUT_REDIRECT] 
2025-09-30 17:00:07,304 [INFO] ApplicationProperties:184 - Using Application install path: /opt/st/stm32cubeide_1.19.0/plugins/com.st.stm32cube.common.mx_6.15.0.202507011659
2025-09-30 17:00:07,316 [INFO] DbMcusXml:78 - Set database path to: /opt/st/stm32cubeide_1.19.0/plugins/com.st.stm32cube.common.mx_6.15.0.202507011659//db//mcu/
2025-09-30 17:00:07,316 [INFO] ApiDb:274 - Set plugin database path to: /opt/st/stm32cubeide_1.19.0/plugins/com.st.stm32cube.common.mx_6.15.0.202507011659//db//plugins/boardmanager/
2025-09-30 17:00:07,317 [WARN] ApiDb:259 - Overriding images path with different value:  => /opt/st/stm32cubeide_1.19.0/plugins/com.st.stm32cube.common.mx_6.15.0.202507011659//db//plugins/mcufinder/images/
2025-09-30 17:00:07,322 [INFO] ApiDb:250 - Set database path to: /home/tomas1908/.stmcufinder/plugins/mcufinder//mcu/
2025-09-30 17:00:07,323 [INFO] DbMcusAds:125 - Set database path to: /home/tomas1908/.stmcufinder/plugins/mcufinder//mcu/
2025-09-30 17:00:07,324 [INFO] CrossReferenceDbSqlite:203 - Set database path to: /home/tomas1908/.stmcufinder/plugins/mcufinder//mcu/cs/
2025-09-30 17:00:07,435 [INFO] RulesReader:64 - Compatibility file has been processed (317 Rules)
2025-09-30 17:00:07,478 [INFO] DbMcusXml:78 - Set database path to: /opt/st/stm32cubeide_1.19.0/plugins/com.st.stm32cube.common.mx_6.15.0.202507011659//db//mcu/
2025-09-30 17:00:07,479 [INFO] ApiDb:274 - Set plugin database path to: /opt/st/stm32cubeide_1.19.0/plugins/com.st.stm32cube.common.mx_6.15.0.202507011659//db//plugins/boardmanager/
2025-09-30 17:00:07,479 [INFO] ApiDb:261 - Set plugin images path to: /opt/st/stm32cubeide_1.19.0/plugins/com.st.stm32cube.common.mx_6.15.0.202507011659//db//plugins/mcufinder/images/
2025-09-30 17:00:07,479 [WARN] DbFile:41 - Overriding database path with different value: /home/tomas1908/.stmcufinder/plugins/mcufinder/ => /home/tomas1908/.stmcufinder/plugins/mcufinder
2025-09-30 17:00:07,479 [INFO] ApiDb:250 - Set database path to: /home/tomas1908/.stmcufinder/plugins/mcufinder//mcu/
2025-09-30 17:00:07,479 [WARN] DbFile:41 - Overriding database path with different value: /home/tomas1908/.stmcufinder/plugins/mcufinder/ => /home/tomas1908/.stmcufinder/plugins/mcufinder
2025-09-30 17:00:07,479 [INFO] DbMcusAds:125 - Set database path to: /home/tomas1908/.stmcufinder/plugins/mcufinder//mcu/
2025-09-30 17:00:07,479 [WARN] DbFile:41 - Overriding database path with different value: /home/tomas1908/.stmcufinder/plugins/mcufinder/ => /home/tomas1908/.stmcufinder/plugins/mcufinder
2025-09-30 17:00:07,479 [WARN] DbFile:41 - Overriding database path with different value: /home/tomas1908/.stmcufinder/plugins/mcufinder/ => /home/tomas1908/.stmcufinder/plugins/mcufinder
2025-09-30 17:00:07,479 [INFO] CrossReferenceDbSqlite:203 - Set database path to: /home/tomas1908/.stmcufinder/plugins/mcufinder//mcu/cs/
2025-09-30 17:00:07,522 [INFO] MainPanel:274 - HeapMemory: 268435456
2025-09-30 17:00:07,607 [INFO] DbMcusXml:78 - Set database path to: /opt/st/stm32cubeide_1.19.0/plugins/com.st.stm32cube.common.mx_6.15.0.202507011659//db//mcu/
2025-09-30 17:00:07,607 [INFO] ApiDb:274 - Set plugin database path to: /opt/st/stm32cubeide_1.19.0/plugins/com.st.stm32cube.common.mx_6.15.0.202507011659//db//plugins/boardmanager/
2025-09-30 17:00:07,607 [INFO] ApiDb:261 - Set plugin images path to: /opt/st/stm32cubeide_1.19.0/plugins/com.st.stm32cube.common.mx_6.15.0.202507011659//db//plugins/mcufinder/images/
2025-09-30 17:00:07,607 [WARN] DbFile:41 - Overriding database path with different value: /home/tomas1908/.stmcufinder/plugins/mcufinder/ => /home/tomas1908/.stmcufinder/plugins/mcufinder
2025-09-30 17:00:07,608 [INFO] ApiDb:250 - Set database path to: /home/tomas1908/.stmcufinder/plugins/mcufinder//mcu/
2025-09-30 17:00:07,608 [WARN] DbFile:41 - Overriding database path with different value: /home/tomas1908/.stmcufinder/plugins/mcufinder/ => /home/tomas1908/.stmcufinder/plugins/mcufinder
2025-09-30 17:00:07,608 [INFO] DbMcusAds:125 - Set database path to: /home/tomas1908/.stmcufinder/plugins/mcufinder//mcu/
2025-09-30 17:00:07,608 [WARN] DbFile:41 - Overriding database path with different value: /home/tomas1908/.stmcufinder/plugins/mcufinder/ => /home/tomas1908/.stmcufinder/plugins/mcufinder
2025-09-30 17:00:07,608 [WARN] DbFile:41 - Overriding database path with different value: /home/tomas1908/.stmcufinder/plugins/mcufinder/ => /home/tomas1908/.stmcufinder/plugins/mcufinder
2025-09-30 17:00:07,608 [INFO] CrossReferenceDbSqlite:203 - Set database path to: /home/tomas1908/.stmcufinder/plugins/mcufinder//mcu/cs/
2025-09-30 17:00:07,618 [INFO] ApplicationProperties:184 - Using Application install path: /opt/st/stm32cubeide_1.19.0/plugins/com.st.stm32cube.common.mx_6.15.0.202507011659
2025-09-30 17:00:07,619 [INFO] PluginManage:196 - Search for loadable plugins [exclusion list=, ]
2025-09-30 17:00:07,620 [INFO] PluginManage:310 - Check plugin analytics
2025-09-30 17:00:07,715 [INFO] AnalyticsPlugin:253 - Accepted Software Licenses: 
2025-09-30 17:00:07,715 [INFO] AnalyticsPlugin:255 - Accepted CMSIS Pack Licenses: 
2025-09-30 17:00:07,715 [INFO] AnalyticsPlugin:257 - Accepted Firmware Licenses: FW.F4.1.28.0
2025-09-30 17:00:07,716 [INFO] PluginManage:359 - Loaded plugin analytics (category:tool,tabindex:-1)
2025-09-30 17:00:07,717 [INFO] PluginManage:310 - Check plugin cadmodel
2025-09-30 17:00:07,720 [INFO] CADModel:105 - Init CAD model plugin
2025-09-30 17:00:07,721 [INFO] PluginManage:359 - Loaded plugin cadmodel (category:power,tabindex:5)
2025-09-30 17:00:07,721 [INFO] PluginManage:310 - Check plugin clock
2025-09-30 17:00:07,728 [INFO] PluginManage:359 - Loaded plugin clock (category:base,tabindex:2)
2025-09-30 17:00:07,728 [INFO] PluginManage:310 - Check plugin ddr
2025-09-30 17:00:07,729 [INFO] PluginManage:359 - Loaded plugin ddr (category:tool,tabindex:6)
2025-09-30 17:00:07,730 [INFO] PluginManage:310 - Check plugin filemanager
2025-09-30 17:00:07,824 [INFO] PluginManage:359 - Loaded plugin filemanager (category:base,tabindex:10)
2025-09-30 17:00:07,825 [INFO] PluginManage:310 - Check plugin ipmanager
2025-09-30 17:00:07,829 [INFO] PluginManage:359 - Loaded plugin ipmanager (category:base,tabindex:5)
2025-09-30 17:00:07,829 [INFO] PluginManage:310 - Check plugin lpbam
2025-09-30 17:00:07,835 [INFO] PluginManage:359 - Loaded plugin lpbam (category:base,tabindex:0)
2025-09-30 17:00:07,835 [INFO] PluginManage:310 - Check plugin memorymap
2025-09-30 17:00:07,844 [INFO] PluginManage:359 - Loaded plugin memorymap (category:base,tabindex:4)
2025-09-30 17:00:07,845 [INFO] PluginManage:310 - Check plugin pinoutandconfiguration
2025-09-30 17:00:07,850 [INFO] PluginManage:359 - Loaded plugin pinoutandconfiguration (category:base,tabindex:1)
2025-09-30 17:00:07,850 [INFO] PluginManage:310 - Check plugin pinoutconfig
2025-09-30 17:00:07,903 [WARN] SupportedApi:132 - Cannot load RTOS API schema: s4s-elt-must-match.1: The content of 'definitions' must match (annotation?, (simpleType | complexType)?, (unique | key | keyref)*)). A problem was found starting at: attribute.
2025-09-30 17:00:07,997 [INFO] PluginManage:359 - Loaded plugin pinoutconfig (category:base,tabindex:0)
2025-09-30 17:00:07,998 [INFO] PluginManage:310 - Check plugin power
2025-09-30 17:00:08,005 [INFO] PluginManage:359 - Loaded plugin power (category:power,tabindex:4)
2025-09-30 17:00:08,006 [INFO] PluginManage:310 - Check plugin projectmanager
2025-09-30 17:00:08,018 [INFO] PluginManage:359 - Loaded plugin projectmanager (category:projectmanager,tabindex:4)
2025-09-30 17:00:08,018 [INFO] PluginManage:310 - Check plugin rif
2025-09-30 17:00:08,027 [INFO] PluginManage:359 - Loaded plugin rif (category:base,tabindex:3)
2025-09-30 17:00:08,027 [INFO] PluginManage:310 - Check plugin thirdparty
2025-09-30 17:00:08,104 [INFO] PluginManage:359 - Loaded plugin thirdparty (category:base,tabindex:-1)
2025-09-30 17:00:08,104 [WARN] IntegrityCheckThread:84 - waiting for thirdparty lock release [integrity check]
2025-09-30 17:00:08,104 [INFO] PluginManage:310 - Check plugin tools
2025-09-30 17:00:08,104 [INFO] IntegrityCheckThread:86 - entering critical section [integrity check]
2025-09-30 17:00:08,104 [INFO] ThirdPartyUpdaterWithRetryManager:70 - Updater plugin not ready yet. [1/15]
2025-09-30 17:00:08,106 [INFO] PluginManage:359 - Loaded plugin tools (category:base,tabindex:7)
2025-09-30 17:00:08,106 [INFO] PluginManage:310 - Check plugin tutovideos
2025-09-30 17:00:08,226 [INFO] PluginManage:359 - Loaded plugin tutovideos (category:base,tabindex:-1)
2025-09-30 17:00:08,226 [INFO] PluginManage:310 - Check plugin updater
2025-09-30 17:00:08,242 [INFO] PluginManage:359 - Loaded plugin updater (category:base,tabindex:12)
2025-09-30 17:00:08,242 [INFO] PluginManage:310 - Check plugin userauth
2025-09-30 17:00:08,245 [INFO] UserAuth:118 - Init User Auth plugin
2025-09-30 17:00:08,245 [INFO] PluginManage:359 - Loaded plugin userauth (category:base,tabindex:14)
2025-09-30 17:00:08,246 [INFO] PluginManage:283 - PluginManage : Loaded plugins [18]
2025-09-30 17:00:08,361 [INFO] PinOutPanel:1589 - setPackage(No Configuration,No Configuration)
2025-09-30 17:00:08,405 [INFO] CADModel:165 - CPN selected for project level
2025-09-30 17:00:08,405 [INFO] CADModel:114 - Register for checkConnection events
2025-09-30 17:00:08,415 [INFO] IPUIPlugin:80 - create IPUIPlugin
2025-09-30 17:00:08,415 [INFO] PluginManager:220 - loadIPPluginJar : add i2c
2025-09-30 17:00:08,419 [INFO] IPUIPlugin:80 - create IPUIPlugin
2025-09-30 17:00:08,419 [INFO] PluginManager:220 - loadIPPluginJar : add mdma
2025-09-30 17:00:08,421 [INFO] IPUIPlugin:80 - create IPUIPlugin
2025-09-30 17:00:08,421 [INFO] PluginManager:220 - loadIPPluginJar : add aes
2025-09-30 17:00:08,422 [INFO] IPUIPlugin:80 - create IPUIPlugin
2025-09-30 17:00:08,422 [INFO] PluginManager:220 - loadIPPluginJar : add can
2025-09-30 17:00:08,426 [INFO] IPUIPlugin:80 - create IPUIPlugin
2025-09-30 17:00:08,426 [INFO] PluginManager:220 - loadIPPluginJar : add freertos
2025-09-30 17:00:08,428 [INFO] IPUIPlugin:80 - create IPUIPlugin
2025-09-30 17:00:08,428 [INFO] PluginManager:220 - loadIPPluginJar : add gtzc
2025-09-30 17:00:08,429 [INFO] IPUIPlugin:80 - create IPUIPlugin
2025-09-30 17:00:08,429 [INFO] PluginManager:220 - loadIPPluginJar : add ts
2025-09-30 17:00:08,435 [INFO] IPUIPlugin:80 - create IPUIPlugin
2025-09-30 17:00:08,435 [INFO] PluginManager:220 - loadIPPluginJar : add stm32_wpan
2025-09-30 17:00:08,436 [INFO] IPUIPlugin:80 - create IPUIPlugin
2025-09-30 17:00:08,436 [INFO] PluginManager:220 - loadIPPluginJar : add fatfs
2025-09-30 17:00:08,439 [INFO] IPUIPlugin:80 - create IPUIPlugin
2025-09-30 17:00:08,440 [INFO] PluginManager:220 - loadIPPluginJar : add dma
2025-09-30 17:00:08,441 [INFO] IPUIPlugin:80 - create IPUIPlugin
2025-09-30 17:00:08,441 [INFO] PluginManager:220 - loadIPPluginJar : add usbx
2025-09-30 17:00:08,442 [INFO] IPUIPlugin:80 - create IPUIPlugin
2025-09-30 17:00:08,442 [INFO] PluginManager:220 - loadIPPluginJar : add hash
2025-09-30 17:00:08,443 [INFO] IPUIPlugin:80 - create IPUIPlugin
2025-09-30 17:00:08,444 [INFO] PluginManager:220 - loadIPPluginJar : add cryp
2025-09-30 17:00:08,445 [INFO] IPUIPlugin:80 - create IPUIPlugin
2025-09-30 17:00:08,445 [INFO] PluginManager:220 - loadIPPluginJar : add openamp
2025-09-30 17:00:08,446 [INFO] IPUIPlugin:80 - create IPUIPlugin
2025-09-30 17:00:08,446 [INFO] PluginManager:220 - loadIPPluginJar : add genericplugin
2025-09-30 17:00:08,448 [INFO] IPUIPlugin:80 - create IPUIPlugin
2025-09-30 17:00:08,448 [INFO] PluginManager:220 - loadIPPluginJar : add ipddr
2025-09-30 17:00:08,450 [INFO] IPUIPlugin:80 - create IPUIPlugin
2025-09-30 17:00:08,450 [INFO] PluginManager:220 - loadIPPluginJar : add opamp
2025-09-30 17:00:08,451 [INFO] IPUIPlugin:80 - create IPUIPlugin
2025-09-30 17:00:08,451 [INFO] PluginManager:220 - loadIPPluginJar : add ltdc
2025-09-30 17:00:08,452 [INFO] IPUIPlugin:80 - create IPUIPlugin
2025-09-30 17:00:08,452 [INFO] PluginManager:220 - loadIPPluginJar : add dfsdm
2025-09-30 17:00:08,455 [INFO] IPUIPlugin:80 - create IPUIPlugin
2025-09-30 17:00:08,456 [INFO] PluginManager:220 - loadIPPluginJar : add gic
2025-09-30 17:00:08,457 [INFO] IPUIPlugin:80 - create IPUIPlugin
2025-09-30 17:00:08,458 [INFO] PluginManager:220 - loadIPPluginJar : add extmemmanager
2025-09-30 17:00:08,459 [INFO] IPUIPlugin:80 - create IPUIPlugin
2025-09-30 17:00:08,459 [INFO] PluginManager:220 - loadIPPluginJar : add ucpd
2025-09-30 17:00:08,460 [INFO] IPUIPlugin:80 - create IPUIPlugin
2025-09-30 17:00:08,460 [INFO] PluginManager:220 - loadIPPluginJar : add tracer_emb
2025-09-30 17:00:08,461 [INFO] IPUIPlugin:80 - create IPUIPlugin
2025-09-30 17:00:08,461 [INFO] PluginManager:220 - loadIPPluginJar : add radio
2025-09-30 17:00:08,462 [INFO] IPUIPlugin:80 - create IPUIPlugin
2025-09-30 17:00:08,462 [INFO] PluginManager:220 - loadIPPluginJar : add pdm2pcm
2025-09-30 17:00:08,464 [INFO] IPUIPlugin:80 - create IPUIPlugin
2025-09-30 17:00:08,464 [INFO] PluginManager:220 - loadIPPluginJar : add spi
2025-09-30 17:00:08,465 [INFO] IPUIPlugin:80 - create IPUIPlugin
2025-09-30 17:00:08,465 [INFO] PluginManager:220 - loadIPPluginJar : add tim
2025-09-30 17:00:08,469 [INFO] IPUIPlugin:80 - create IPUIPlugin
2025-09-30 17:00:08,471 [INFO] PluginManager:220 - loadIPPluginJar : add plateformsettings
2025-09-30 17:00:08,473 [INFO] IPUIPlugin:80 - create IPUIPlugin
2025-09-30 17:00:08,473 [INFO] PluginManager:220 - loadIPPluginJar : add touchsensing
2025-09-30 17:00:08,476 [INFO] IPUIPlugin:80 - create IPUIPlugin
2025-09-30 17:00:08,477 [INFO] PluginManager:220 - loadIPPluginJar : add gpio
2025-09-30 17:00:08,481 [INFO] IPUIPlugin:80 - create IPUIPlugin
2025-09-30 17:00:08,481 [INFO] PluginManager:220 - loadIPPluginJar : add adc
2025-09-30 17:00:08,486 [INFO] IPUIPlugin:80 - create IPUIPlugin
2025-09-30 17:00:08,486 [INFO] PluginManager:220 - loadIPPluginJar : add linkedlist
2025-09-30 17:00:08,487 [INFO] IPUIPlugin:80 - create IPUIPlugin
2025-09-30 17:00:08,487 [INFO] PluginManager:220 - loadIPPluginJar : add comp
2025-09-30 17:00:08,490 [INFO] IPUIPlugin:80 - create IPUIPlugin
2025-09-30 17:00:08,490 [INFO] PluginManager:220 - loadIPPluginJar : add fmc
2025-09-30 17:00:08,491 [INFO] IPUIPlugin:80 - create IPUIPlugin
2025-09-30 17:00:08,491 [INFO] PluginManager:220 - loadIPPluginJar : add tsc
2025-09-30 17:00:08,493 [INFO] IPUIPlugin:80 - create IPUIPlugin
2025-09-30 17:00:08,493 [INFO] PluginManager:220 - loadIPPluginJar : add sai
2025-09-30 17:00:08,495 [INFO] IPUIPlugin:80 - create IPUIPlugin
2025-09-30 17:00:08,495 [INFO] PluginManager:220 - loadIPPluginJar : add usart
2025-09-30 17:00:08,498 [INFO] IPUIPlugin:80 - create IPUIPlugin
2025-09-30 17:00:08,498 [INFO] PluginManager:220 - loadIPPluginJar : add nvic
2025-09-30 17:00:08,500 [INFO] IPUIPlugin:80 - create IPUIPlugin
2025-09-30 17:00:08,500 [INFO] PluginManager:220 - loadIPPluginJar : add resmgrutility
2025-09-30 17:00:08,501 [INFO] IPUIPlugin:80 - create IPUIPlugin
2025-09-30 17:00:08,501 [INFO] PluginManager:220 - loadIPPluginJar : add lorawan
2025-09-30 17:00:08,502 [INFO] IPUIPlugin:80 - create IPUIPlugin
2025-09-30 17:00:08,502 [INFO] PluginManager:220 - loadIPPluginJar : add gfxmmu
2025-09-30 17:00:08,503 [INFO] IPUIPlugin:80 - create IPUIPlugin
2025-09-30 17:00:08,503 [INFO] PluginManager:220 - loadIPPluginJar : add dma3
2025-09-30 17:00:08,505 [INFO] IPUIPlugin:80 - create IPUIPlugin
2025-09-30 17:00:08,505 [INFO] PluginManager:220 - loadIPPluginJar : add i3c
2025-09-30 17:00:08,505 [INFO] IPUIPlugin:80 - create IPUIPlugin
2025-09-30 17:00:08,505 [INFO] PluginManager:220 - loadIPPluginJar : add quadspi
2025-09-30 17:00:08,507 [INFO] IPUIPlugin:80 - create IPUIPlugin
2025-09-30 17:00:08,507 [INFO] PluginManager:220 - loadIPPluginJar : add ddr_ctrl_phy
2025-09-30 17:00:08,508 [INFO] IPUIPlugin:80 - create IPUIPlugin
2025-09-30 17:00:08,508 [INFO] PluginManager:220 - loadIPPluginJar : add i2s
2025-09-30 17:00:08,597 [FATAL] Updater:351 - Updater called before beeing initialized
2025-09-30 17:00:08,623 [INFO] RulesReader:64 - Compatibility file has been processed (317 Rules)
2025-09-30 17:00:08,631 [INFO] RulesReader:64 - Compatibility file has been processed (317 Rules)
2025-09-30 17:00:08,635 [INFO] CADModel:165 - CPN selected for project level
2025-09-30 17:00:08,635 [INFO] CADModel:114 - Register for checkConnection events
2025-09-30 17:00:08,635 [FATAL] Updater:351 - Updater called before beeing initialized
2025-09-30 17:00:08,635 [ERROR] CADModel:125 - Updater not yet initialized, retry later 
2025-09-30 17:00:08,712 [FATAL] Updater:351 - Updater called before beeing initialized
2025-09-30 17:00:08,713 [INFO] CADModel:165 - CPN selected for project level
2025-09-30 17:00:08,713 [INFO] CADModel:114 - Register for checkConnection events
2025-09-30 17:00:08,713 [FATAL] Updater:351 - Updater called before beeing initialized
2025-09-30 17:00:08,713 [ERROR] CADModel:125 - Updater not yet initialized, retry later 
2025-09-30 17:00:08,715 [FATAL] Updater:351 - Updater called before beeing initialized
2025-09-30 17:00:08,776 [FATAL] Updater:351 - Updater called before beeing initialized
2025-09-30 17:00:08,778 [INFO] DbMcusAds:53 - JSON generation date=Tue Jul 08 05:14:23 ART 2025 (1751962463582)
2025-09-30 17:00:08,779 [FATAL] Updater:351 - Updater called before beeing initialized
2025-09-30 17:00:08,800 [WARN] DetailPanel:346 - Failed to get advertising image, set to default
2025-09-30 17:00:08,844 [FATAL] Updater:351 - Updater called before beeing initialized
2025-09-30 17:00:08,846 [FATAL] Updater:351 - Updater called before beeing initialized
2025-09-30 17:00:08,846 [FATAL] Updater:351 - Updater called before beeing initialized
2025-09-30 17:00:08,846 [WARN] DetailPanel:346 - Failed to get advertising image, set to default
2025-09-30 17:00:08,847 [FATAL] Updater:351 - Updater called before beeing initialized
2025-09-30 17:00:08,868 [ERROR] Updater:1198 - MainUpdater not yet initialized. External WinMGr cannot be set.
2025-09-30 17:00:08,869 [INFO] Updater:1134 - Updater Version found : 6.15.0
2025-09-30 17:00:08,881 [INFO] ApplicationProperties:184 - Using Application install path: /opt/st/stm32cubeide_1.19.0/plugins/com.st.stm32cube.common.mx_6.15.0.202507011659
2025-09-30 17:00:08,888 [ERROR] LogOutputStream:75 - [STDERR_REDIRECT] Sep 30, 2025 5:00:08 PM java.util.prefs.FileSystemPreferences$2 run
2025-09-30 17:00:08,888 [ERROR] LogOutputStream:75 - [STDERR_REDIRECT] WARNING: Could not create system preferences directory. System preferences are unusable.
2025-09-30 17:00:08,888 [ERROR] LogOutputStream:75 - [STDERR_REDIRECT] 
2025-09-30 17:00:09,094 [INFO] MainUpdater:2872 - connection check result : 10
2025-09-30 17:00:09,094 [INFO] MainUpdater:289 - Updater Check For Update Now.
2025-09-30 17:00:09,095 [INFO] MicroXplorer:498 - Change Database Version : DB.6.0.150
2025-09-30 17:00:09,098 [INFO] McuFinderGlobals:63 - Set McuFinder mode to 2 (CubeIDE integrated)
2025-09-30 17:00:09,099 [INFO] UserAuth:487 - Internet connection configuration mode: 1
2025-09-30 17:00:09,120 [INFO] JxBrowserEngine:152 - Initiate JxBrowser Engine with user profile folder
2025-09-30 17:00:09,268 [INFO] CheckServerUpdateThread:120 - End of CheckServer Thread
2025-09-30 17:00:09,762 [INFO] WebApp:169 - Instantiating new browser for Auth
2025-09-30 17:00:10,249 [INFO] WebApp:463 - Apply proxy settings
2025-09-30 17:00:10,250 [INFO] WebApp:548 - Chromium requires no authentication
2025-09-30 17:00:10,256 [INFO] WebApp:491 - Direct internet connection detected
2025-09-30 17:00:10,273 [INFO] WebApp:900 - Register for checkConnection events
2025-09-30 17:00:10,273 [INFO] WebApp:463 - Apply proxy settings
2025-09-30 17:00:10,273 [INFO] WebApp:548 - Chromium requires no authentication
2025-09-30 17:00:10,274 [INFO] WebApp:491 - Direct internet connection detected
2025-09-30 17:00:10,394 [INFO] WebApp:225 - Starting web application
2025-09-30 17:00:10,394 [INFO] WebApp:593 - Web application path used /opt/st/stm32cubeide_1.19.0/plugins/com.st.stm32cube.common.mx_6.15.0.202507011659/db/plugins/mcufinder/reactClient1/index.html
2025-09-30 17:00:10,495 [INFO] UserAuth:487 - Internet connection configuration mode: 1
2025-09-30 17:00:10,518 [INFO] WebApp:191 - Connection restablished
2025-09-30 17:00:11,245 [WARN] PackLoader:240 - Cannot read IP mode file for STMicroelectronics.FP-SNS-MOTENVWB1.1.4.0
2025-09-30 17:00:11,252 [WARN] PackLoader:240 - Cannot read IP mode file for STMicroelectronics.FP-ATR-ASTRA1.2.0.2
2025-09-30 17:00:11,259 [WARN] PackLoader:240 - Cannot read IP mode file for STMicroelectronics.X-CUBE-SMBUS.2.1.0
2025-09-30 17:00:11,262 [WARN] PackLoader:240 - Cannot read IP mode file for STMicroelectronics.X-CUBE-ST60.1.0.0
2025-09-30 17:00:11,283 [WARN] PackLoader:240 - Cannot read IP mode file for STMicroelectronics.X-CUBE-AZRTOS-F7.1.1.0
2025-09-30 17:00:11,289 [WARN] PackLoader:240 - Cannot read IP mode file for Cesanta.I-CUBE-Mongoose.7.19.0
2025-09-30 17:00:11,299 [WARN] PackLoader:240 - Cannot read IP mode file for WES.I-CUBE-Cesium.1.4.0
2025-09-30 17:00:11,345 [WARN] PackLoader:240 - Cannot read IP mode file for Infineon.AIROC-Wi-Fi-Bluetooth-STM32.1.7.1
2025-09-30 17:00:11,358 [WARN] PackLoader:240 - Cannot read IP mode file for STMicroelectronics.X-CUBE-DISPLAY.3.0.0
2025-09-30 17:00:11,377 [WARN] PackLoader:240 - Cannot read IP mode file for STMicroelectronics.X-CUBE-NFC10.1.0.0
2025-09-30 17:00:11,390 [WARN] PackLoader:240 - Cannot read IP mode file for emotas.I-CUBE-CANOPEN.1.3.0
2025-09-30 17:00:11,396 [WARN] PackLoader:240 - Cannot read IP mode file for STMicroelectronics.FP-SNS-SMARTAG2.1.2.0
2025-09-30 17:00:11,403 [WARN] PackLoader:240 - Cannot read IP mode file for STMicroelectronics.FP-SNS-FLIGHT1.5.1.0
2025-09-30 17:00:11,434 [INFO] LogOutputStream:77 - [STDOUT_REDIRECT] 1 : Invalid condition id : UX_CORESTACK_Condition cause : null
2025-09-30 17:00:11,436 [INFO] LogOutputStream:77 - [STDOUT_REDIRECT] 1 : Invalid condition id : UX_CORESTACK_Condition cause : null
2025-09-30 17:00:11,436 [INFO] LogOutputStream:77 - [STDOUT_REDIRECT] 1 : Invalid condition id : UX_CORESTACK_Condition cause : null
2025-09-30 17:00:11,437 [INFO] LogOutputStream:77 - [STDOUT_REDIRECT] 1 : Invalid condition id : UX_CORESTACK_Condition cause : null
2025-09-30 17:00:11,437 [INFO] LogOutputStream:77 - [STDOUT_REDIRECT] 1 : Invalid condition id : UX_CORESTACK_Condition cause : null
2025-09-30 17:00:11,444 [WARN] PackLoader:240 - Cannot read IP mode file for STMicroelectronics.X-CUBE-AZRTOS-WL.2.0.0
2025-09-30 17:00:11,450 [WARN] PackLoader:240 - Cannot read IP mode file for STMicroelectronics.FP-SNS-MOTENV1.5.0.0
2025-09-30 17:00:11,459 [WARN] PackLoader:240 - Cannot read IP mode file for STMicroelectronics.X-CUBE-BLE2.3.3.0
2025-09-30 17:00:11,465 [WARN] PackLoader:240 - Cannot read IP mode file for STMicroelectronics.X-CUBE-NFC9.1.0.0
2025-09-30 17:00:11,471 [WARN] PackLoader:240 - Cannot read IP mode file for STMicroelectronics.X-CUBE-BLE1.7.1.0
2025-09-30 17:00:11,490 [WARN] PackLoader:240 - Cannot read IP mode file for STMicroelectronics.X-CUBE-AZRTOS-G0.1.1.0
2025-09-30 17:00:11,498 [WARN] PackLoader:240 - Cannot read IP mode file for STMicroelectronics.X-CUBE-SAFEA1.1.2.2
2025-09-30 17:00:11,503 [WARN] PackLoader:240 - Cannot read IP mode file for STMicroelectronics.X-CUBE-NFC4.3.0.0
2025-09-30 17:00:11,511 [WARN] PackLoader:240 - Cannot read IP mode file for EmbeddedOffice.I-CUBE-FS-RTOS.1.0.1
2025-09-30 17:00:11,516 [WARN] PackLoader:240 - Cannot read IP mode file for STMicroelectronics.X-CUBE-WB05N.2.0.0
2025-09-30 17:00:11,522 [WARN] PackLoader:240 - Cannot read IP mode file for STMicroelectronics.X-CUBE-TCPP.4.2.0
2025-09-30 17:00:11,526 [WARN] PackLoader:240 - Cannot read IP mode file for RealThread.X-CUBE-RT-Thread_Nano.4.1.1
2025-09-30 17:00:11,530 [WARN] PackLoader:240 - Cannot read IP mode file for STMicroelectronics.FP-ATR-SIGFOX1.3.2.0
2025-09-30 17:00:11,535 [WARN] PackLoader:240 - Cannot read IP mode file for ITTIA_DB.I-CUBE-ITTIADB.8.9.0
2025-09-30 17:00:11,541 [WARN] PackLoader:240 - Cannot read IP mode file for STMicroelectronics.X-CUBE-ST67W61.1.0.0
2025-09-30 17:00:11,564 [WARN] PackLoader:240 - Cannot read IP mode file for SEGGER.I-CUBE-embOS.1.3.1
2025-09-30 17:00:11,613 [WARN] PackLoader:240 - Cannot read IP mode file for STMicroelectronics.X-CUBE-ALGOBUILD.1.4.0
2025-09-30 17:00:11,658 [WARN] PackLoader:240 - Cannot read IP mode file for STMicroelectronics.X-CUBE-MEMS1.11.3.0
2025-09-30 17:00:11,747 [WARN] PackLoader:240 - Cannot read IP mode file for STMicroelectronics.X-CUBE-PM33A1.1.0.0
2025-09-30 17:00:11,755 [WARN] PackLoader:240 - Cannot read IP mode file for STMicroelectronics.X-CUBE-AZRTOS-F4.1.1.0
2025-09-30 17:00:11,759 [WARN] PackLoader:240 - Cannot read IP mode file for Avnet-IotConnect.X-CUBE-IoTC-DA16k-PMOD.1.0.0
2025-09-30 17:00:11,761 [WARN] PackLoader:240 - Cannot read IP mode file for STMicroelectronics.X-CUBE-ISPU.2.1.0
2025-09-30 17:00:11,770 [WARN] PackLoader:240 - Cannot read IP mode file for STMicroelectronics.X-CUBE-AZRTOS-L5.2.0.0
2025-09-30 17:00:11,774 [WARN] PackLoader:240 - Cannot read IP mode file for STMicroelectronics.X-CUBE-NFC6.3.1.0
2025-09-30 17:00:11,779 [WARN] PackLoader:240 - Cannot read IP mode file for STMicroelectronics.X-CUBE-FREERTOS.1.3.1
2025-09-30 17:00:11,784 [WARN] PackLoader:240 - Cannot read IP mode file for STMicroelectronics.X-CUBE-DPower.1.3.0
2025-09-30 17:00:11,798 [WARN] ConditionMgr:438 - getConditionDescription Invalid condition id : LAN8742 Phy interface Condition cause : null
2025-09-30 17:00:11,799 [WARN] PackLoader:240 - Cannot read IP mode file for STMicroelectronics.X-CUBE-AZRTOS-L4.2.0.0
2025-09-30 17:00:11,800 [WARN] ConditionMgr:1044 - genDependencies : Invalid condition id : LAN8742 Phy interface Condition cause : null
2025-09-30 17:00:11,800 [WARN] ConditionMgr:1044 - genDependencies : Invalid condition id : LAN8742 Phy interface Condition cause : null
2025-09-30 17:00:11,801 [WARN] ConditionMgr:1044 - genDependencies : Invalid condition id : LAN8742 Phy interface Condition cause : null
2025-09-30 17:00:11,806 [WARN] PackLoader:240 - Cannot read IP mode file for STMicroelectronics.X-CUBE-SFXS2LP1.4.0.0
2025-09-30 17:00:11,817 [WARN] ConditionMgr:438 - getConditionDescription Invalid condition id : UX DEVICE CLASS RTOS Condition cause : null
2025-09-30 17:00:11,818 [WARN] ConditionMgr:438 - getConditionDescription Invalid condition id : UX DEVICE CLASS RTOS Condition cause : null
2025-09-30 17:00:11,819 [WARN] PackLoader:240 - Cannot read IP mode file for STMicroelectronics.X-CUBE-AZRTOS-WB.2.0.0
2025-09-30 17:00:11,820 [WARN] ConditionMgr:1044 - genDependencies : Invalid condition id : UX DEVICE CLASS RTOS Condition cause : null
2025-09-30 17:00:11,820 [WARN] ConditionMgr:1044 - genDependencies : Invalid condition id : UX DEVICE CLASS RTOS Condition cause : null
2025-09-30 17:00:11,820 [WARN] ConditionMgr:1044 - genDependencies : Invalid condition id : UX DEVICE CLASS RTOS Condition cause : null
2025-09-30 17:00:11,821 [WARN] ConditionMgr:1044 - genDependencies : Invalid condition id : UX DEVICE CLASS RTOS Condition cause : null
2025-09-30 17:00:11,821 [WARN] ConditionMgr:1044 - genDependencies : Invalid condition id : UX DEVICE CLASS RTOS Condition cause : null
2025-09-30 17:00:11,825 [WARN] PackLoader:240 - Cannot read IP mode file for STMicroelectronics.X-CUBE-GNSS1.7.0.1
2025-09-30 17:00:11,829 [WARN] PackLoader:240 - Cannot read IP mode file for STMicroelectronics.X-CUBE-TOUCHGFX.4.25.0
2025-09-30 17:00:11,832 [WARN] ConditionMgr:438 - getConditionDescription Invalid condition id : Cortex-A Device cause : null
2025-09-30 17:00:11,842 [WARN] ConditionMgr:1044 - genDependencies : Invalid condition id : Cortex-A Device cause : null
2025-09-30 17:00:11,842 [WARN] ConditionMgr:1044 - genDependencies : Invalid condition id : Cortex-A Device cause : null
2025-09-30 17:00:11,842 [WARN] ConditionMgr:1044 - genDependencies : Invalid condition id : Cortex-A Device cause : null
2025-09-30 17:00:11,851 [WARN] PackLoader:240 - Cannot read IP mode file for STMicroelectronics.X-CUBE-SUBG2.5.0.0
2025-09-30 17:00:11,869 [WARN] PackLoader:240 - Cannot read IP mode file for STMicroelectronics.X-CUBE-AZRTOS-H7RS.1.1.0
2025-09-30 17:00:11,883 [WARN] PackLoader:240 - Cannot read IP mode file for STMicroelectronics.X-CUBE-AZRTOS-G4.2.0.0
2025-09-30 17:00:11,887 [WARN] PackLoader:240 - Cannot read IP mode file for wolfSSL.I-CUBE-wolfSSH.1.4.20
2025-09-30 17:00:11,891 [WARN] PackLoader:240 - Cannot read IP mode file for STMicroelectronics.X-CUBE-NFC7.2.0.0
2025-09-30 17:00:11,903 [WARN] PackLoader:240 - Cannot read IP mode file for STMicroelectronics.X-CUBE-IPS.3.1.0
2025-09-30 17:00:11,919 [WARN] PackLoader:240 - Cannot read IP mode file for STMicroelectronics.X-CUBE-ALS.1.0.2
2025-09-30 17:00:11,926 [WARN] PackLoader:240 - Cannot read IP mode file for STMicroelectronics.X-CUBE-TOF1.3.4.3
2025-09-30 17:00:11,936 [INFO] ThirdParty:978 - Integrity check success = true
2025-09-30 17:00:11,936 [INFO] IntegrityCheckThread:100 - exiting critical section [integrity check]
2025-09-30 17:00:11,936 [INFO] IntegrityCheckThread:103 - End integrity checks thread
2025-09-30 17:00:33,625 [ERROR] LogOutputStream:75 - [STDERR_REDIRECT] Sep 30, 2025 5:00:33 PM java.util.prefs.FileSystemPreferences checkLockFile0ErrorCode
2025-09-30 17:00:33,626 [ERROR] LogOutputStream:75 - [STDERR_REDIRECT] WARNING: Could not lock System prefs. Unix error code 2.
2025-09-30 17:00:33,626 [ERROR] LogOutputStream:75 - [STDERR_REDIRECT] 
2025-09-30 17:00:33,627 [ERROR] LogOutputStream:75 - [STDERR_REDIRECT] Sep 30, 2025 5:00:33 PM java.util.prefs.FileSystemPreferences syncWorld
2025-09-30 17:00:33,627 [ERROR] LogOutputStream:75 - [STDERR_REDIRECT] WARNING: Couldn't flush system prefs: java.util.prefs.BackingStoreException: Couldn't get file lock.
2025-09-30 17:00:33,627 [ERROR] LogOutputStream:75 - [STDERR_REDIRECT] 
2025-09-30 17:01:03,621 [ERROR] LogOutputStream:75 - [STDERR_REDIRECT] Sep 30, 2025 5:01:03 PM java.util.prefs.FileSystemPreferences checkLockFile0ErrorCode
2025-09-30 17:01:03,622 [ERROR] LogOutputStream:75 - [STDERR_REDIRECT] WARNING: Could not lock System prefs. Unix error code 2.
2025-09-30 17:01:03,623 [ERROR] LogOutputStream:75 - [STDERR_REDIRECT] 
2025-09-30 17:01:03,624 [ERROR] LogOutputStream:75 - [STDERR_REDIRECT] Sep 30, 2025 5:01:03 PM java.util.prefs.FileSystemPreferences syncWorld
2025-09-30 17:01:03,625 [ERROR] LogOutputStream:75 - [STDERR_REDIRECT] WARNING: Couldn't flush system prefs: java.util.prefs.BackingStoreException: Couldn't get file lock.
2025-09-30 17:01:03,626 [ERROR] LogOutputStream:75 - [STDERR_REDIRECT] 
2025-09-30 17:01:33,619 [ERROR] LogOutputStream:75 - [STDERR_REDIRECT] Sep 30, 2025 5:01:33 PM java.util.prefs.FileSystemPreferences checkLockFile0ErrorCode
2025-09-30 17:01:33,620 [ERROR] LogOutputStream:75 - [STDERR_REDIRECT] WARNING: Could not lock System prefs. Unix error code 2.
2025-09-30 17:01:33,620 [ERROR] LogOutputStream:75 - [STDERR_REDIRECT] 
2025-09-30 17:01:33,620 [ERROR] LogOutputStream:75 - [STDERR_REDIRECT] Sep 30, 2025 5:01:33 PM java.util.prefs.FileSystemPreferences syncWorld
2025-09-30 17:01:33,620 [ERROR] LogOutputStream:75 - [STDERR_REDIRECT] WARNING: Couldn't flush system prefs: java.util.prefs.BackingStoreException: Couldn't get file lock.
2025-09-30 17:01:33,620 [ERROR] LogOutputStream:75 - [STDERR_REDIRECT] 
2025-09-30 17:02:03,621 [ERROR] LogOutputStream:75 - [STDERR_REDIRECT] Sep 30, 2025 5:02:03 PM java.util.prefs.FileSystemPreferences checkLockFile0ErrorCode
2025-09-30 17:02:03,622 [ERROR] LogOutputStream:75 - [STDERR_REDIRECT] WARNING: Could not lock System prefs. Unix error code 2.
2025-09-30 17:02:03,622 [ERROR] LogOutputStream:75 - [STDERR_REDIRECT] 
2025-09-30 17:02:03,623 [ERROR] LogOutputStream:75 - [STDERR_REDIRECT] Sep 30, 2025 5:02:03 PM java.util.prefs.FileSystemPreferences syncWorld
2025-09-30 17:02:03,623 [ERROR] LogOutputStream:75 - [STDERR_REDIRECT] WARNING: Couldn't flush system prefs: java.util.prefs.BackingStoreException: Couldn't get file lock.
2025-09-30 17:02:03,623 [ERROR] LogOutputStream:75 - [STDERR_REDIRECT] 
2025-09-30 17:02:33,620 [ERROR] LogOutputStream:75 - [STDERR_REDIRECT] Sep 30, 2025 5:02:33 PM java.util.prefs.FileSystemPreferences checkLockFile0ErrorCode
2025-09-30 17:02:33,621 [ERROR] LogOutputStream:75 - [STDERR_REDIRECT] WARNING: Could not lock System prefs. Unix error code 2.
2025-09-30 17:02:33,621 [ERROR] LogOutputStream:75 - [STDERR_REDIRECT] 
2025-09-30 17:02:33,621 [ERROR] LogOutputStream:75 - [STDERR_REDIRECT] Sep 30, 2025 5:02:33 PM java.util.prefs.FileSystemPreferences syncWorld
2025-09-30 17:02:33,622 [ERROR] LogOutputStream:75 - [STDERR_REDIRECT] WARNING: Couldn't flush system prefs: java.util.prefs.BackingStoreException: Couldn't get file lock.
2025-09-30 17:02:33,622 [ERROR] LogOutputStream:75 - [STDERR_REDIRECT] 
2025-09-30 17:03:03,623 [ERROR] LogOutputStream:75 - [STDERR_REDIRECT] Sep 30, 2025 5:03:03 PM java.util.prefs.FileSystemPreferences checkLockFile0ErrorCode
2025-09-30 17:03:03,624 [ERROR] LogOutputStream:75 - [STDERR_REDIRECT] WARNING: Could not lock System prefs. Unix error code 2.
2025-09-30 17:03:03,624 [ERROR] LogOutputStream:75 - [STDERR_REDIRECT] 
2025-09-30 17:03:03,625 [ERROR] LogOutputStream:75 - [STDERR_REDIRECT] Sep 30, 2025 5:03:03 PM java.util.prefs.FileSystemPreferences syncWorld
2025-09-30 17:03:03,626 [ERROR] LogOutputStream:75 - [STDERR_REDIRECT] WARNING: Couldn't flush system prefs: java.util.prefs.BackingStoreException: Couldn't get file lock.
2025-09-30 17:03:03,626 [ERROR] LogOutputStream:75 - [STDERR_REDIRECT] 
2025-09-30 17:03:33,619 [ERROR] LogOutputStream:75 - [STDERR_REDIRECT] Sep 30, 2025 5:03:33 PM java.util.prefs.FileSystemPreferences checkLockFile0ErrorCode
2025-09-30 17:03:33,619 [ERROR] LogOutputStream:75 - [STDERR_REDIRECT] WARNING: Could not lock System prefs. Unix error code 2.
2025-09-30 17:03:33,620 [ERROR] LogOutputStream:75 - [STDERR_REDIRECT] 
2025-09-30 17:03:33,620 [ERROR] LogOutputStream:75 - [STDERR_REDIRECT] Sep 30, 2025 5:03:33 PM java.util.prefs.FileSystemPreferences syncWorld
2025-09-30 17:03:33,620 [ERROR] LogOutputStream:75 - [STDERR_REDIRECT] WARNING: Couldn't flush system prefs: java.util.prefs.BackingStoreException: Couldn't get file lock.
2025-09-30 17:03:33,620 [ERROR] LogOutputStream:75 - [STDERR_REDIRECT] 
2025-09-30 17:04:03,620 [ERROR] LogOutputStream:75 - [STDERR_REDIRECT] Sep 30, 2025 5:04:03 PM java.util.prefs.FileSystemPreferences checkLockFile0ErrorCode
2025-09-30 17:04:03,620 [ERROR] LogOutputStream:75 - [STDERR_REDIRECT] WARNING: Could not lock System prefs. Unix error code 2.
2025-09-30 17:04:03,620 [ERROR] LogOutputStream:75 - [STDERR_REDIRECT] 
2025-09-30 17:04:03,621 [ERROR] LogOutputStream:75 - [STDERR_REDIRECT] Sep 30, 2025 5:04:03 PM java.util.prefs.FileSystemPreferences syncWorld
2025-09-30 17:04:03,621 [ERROR] LogOutputStream:75 - [STDERR_REDIRECT] WARNING: Couldn't flush system prefs: java.util.prefs.BackingStoreException: Couldn't get file lock.
2025-09-30 17:04:03,622 [ERROR] LogOutputStream:75 - [STDERR_REDIRECT] 
2025-09-30 17:04:33,619 [ERROR] LogOutputStream:75 - [STDERR_REDIRECT] Sep 30, 2025 5:04:33 PM java.util.prefs.FileSystemPreferences checkLockFile0ErrorCode
2025-09-30 17:04:33,620 [ERROR] LogOutputStream:75 - [STDERR_REDIRECT] WARNING: Could not lock System prefs. Unix error code 2.
2025-09-30 17:04:33,620 [ERROR] LogOutputStream:75 - [STDERR_REDIRECT] 
2025-09-30 17:04:33,620 [ERROR] LogOutputStream:75 - [STDERR_REDIRECT] Sep 30, 2025 5:04:33 PM java.util.prefs.FileSystemPreferences syncWorld
2025-09-30 17:04:33,621 [ERROR] LogOutputStream:75 - [STDERR_REDIRECT] WARNING: Couldn't flush system prefs: java.util.prefs.BackingStoreException: Couldn't get file lock.
2025-09-30 17:04:33,621 [ERROR] LogOutputStream:75 - [STDERR_REDIRECT] 
2025-09-30 17:05:03,620 [ERROR] LogOutputStream:75 - [STDERR_REDIRECT] Sep 30, 2025 5:05:03 PM java.util.prefs.FileSystemPreferences checkLockFile0ErrorCode
2025-09-30 17:05:03,620 [ERROR] LogOutputStream:75 - [STDERR_REDIRECT] WARNING: Could not lock System prefs. Unix error code 2.
2025-09-30 17:05:03,621 [ERROR] LogOutputStream:75 - [STDERR_REDIRECT] 
2025-09-30 17:05:03,622 [ERROR] LogOutputStream:75 - [STDERR_REDIRECT] Sep 30, 2025 5:05:03 PM java.util.prefs.FileSystemPreferences syncWorld
2025-09-30 17:05:03,622 [ERROR] LogOutputStream:75 - [STDERR_REDIRECT] WARNING: Couldn't flush system prefs: java.util.prefs.BackingStoreException: Couldn't get file lock.
2025-09-30 17:05:03,622 [ERROR] LogOutputStream:75 - [STDERR_REDIRECT] 
2025-09-30 17:05:33,620 [ERROR] LogOutputStream:75 - [STDERR_REDIRECT] Sep 30, 2025 5:05:33 PM java.util.prefs.FileSystemPreferences checkLockFile0ErrorCode
2025-09-30 17:05:33,621 [ERROR] LogOutputStream:75 - [STDERR_REDIRECT] WARNING: Could not lock System prefs. Unix error code 2.
2025-09-30 17:05:33,621 [ERROR] LogOutputStream:75 - [STDERR_REDIRECT] 
2025-09-30 17:05:33,622 [ERROR] LogOutputStream:75 - [STDERR_REDIRECT] Sep 30, 2025 5:05:33 PM java.util.prefs.FileSystemPreferences syncWorld
2025-09-30 17:05:33,622 [ERROR] LogOutputStream:75 - [STDERR_REDIRECT] WARNING: Couldn't flush system prefs: java.util.prefs.BackingStoreException: Couldn't get file lock.
2025-09-30 17:05:33,623 [ERROR] LogOutputStream:75 - [STDERR_REDIRECT] 
2025-09-30 17:06:03,620 [ERROR] LogOutputStream:75 - [STDERR_REDIRECT] Sep 30, 2025 5:06:03 PM java.util.prefs.FileSystemPreferences checkLockFile0ErrorCode
2025-09-30 17:06:03,621 [ERROR] LogOutputStream:75 - [STDERR_REDIRECT] WARNING: Could not lock System prefs. Unix error code 2.
2025-09-30 17:06:03,621 [ERROR] LogOutputStream:75 - [STDERR_REDIRECT] 
2025-09-30 17:06:03,621 [ERROR] LogOutputStream:75 - [STDERR_REDIRECT] Sep 30, 2025 5:06:03 PM java.util.prefs.FileSystemPreferences syncWorld
2025-09-30 17:06:03,622 [ERROR] LogOutputStream:75 - [STDERR_REDIRECT] WARNING: Couldn't flush system prefs: java.util.prefs.BackingStoreException: Couldn't get file lock.
2025-09-30 17:06:03,622 [ERROR] LogOutputStream:75 - [STDERR_REDIRECT] 
2025-09-30 17:06:33,622 [ERROR] LogOutputStream:75 - [STDERR_REDIRECT] Sep 30, 2025 5:06:33 PM java.util.prefs.FileSystemPreferences checkLockFile0ErrorCode
2025-09-30 17:06:33,622 [ERROR] LogOutputStream:75 - [STDERR_REDIRECT] WARNING: Could not lock System prefs. Unix error code 2.
2025-09-30 17:06:33,622 [ERROR] LogOutputStream:75 - [STDERR_REDIRECT] 
2025-09-30 17:06:33,623 [ERROR] LogOutputStream:75 - [STDERR_REDIRECT] Sep 30, 2025 5:06:33 PM java.util.prefs.FileSystemPreferences syncWorld
2025-09-30 17:06:33,623 [ERROR] LogOutputStream:75 - [STDERR_REDIRECT] WARNING: Couldn't flush system prefs: java.util.prefs.BackingStoreException: Couldn't get file lock.
2025-09-30 17:06:33,623 [ERROR] LogOutputStream:75 - [STDERR_REDIRECT] 
2025-09-30 17:07:03,620 [ERROR] LogOutputStream:75 - [STDERR_REDIRECT] Sep 30, 2025 5:07:03 PM java.util.prefs.FileSystemPreferences checkLockFile0ErrorCode
2025-09-30 17:07:03,620 [ERROR] LogOutputStream:75 - [STDERR_REDIRECT] WARNING: Could not lock System prefs. Unix error code 2.
2025-09-30 17:07:03,621 [ERROR] LogOutputStream:75 - [STDERR_REDIRECT] 
2025-09-30 17:07:03,621 [ERROR] LogOutputStream:75 - [STDERR_REDIRECT] Sep 30, 2025 5:07:03 PM java.util.prefs.FileSystemPreferences syncWorld
2025-09-30 17:07:03,621 [ERROR] LogOutputStream:75 - [STDERR_REDIRECT] WARNING: Couldn't flush system prefs: java.util.prefs.BackingStoreException: Couldn't get file lock.
2025-09-30 17:07:03,622 [ERROR] LogOutputStream:75 - [STDERR_REDIRECT] 
2025-09-30 17:07:33,620 [ERROR] LogOutputStream:75 - [STDERR_REDIRECT] Sep 30, 2025 5:07:33 PM java.util.prefs.FileSystemPreferences checkLockFile0ErrorCode
2025-09-30 17:07:33,620 [ERROR] LogOutputStream:75 - [STDERR_REDIRECT] WARNING: Could not lock System prefs. Unix error code 2.
2025-09-30 17:07:33,621 [ERROR] LogOutputStream:75 - [STDERR_REDIRECT] 
2025-09-30 17:07:33,621 [ERROR] LogOutputStream:75 - [STDERR_REDIRECT] Sep 30, 2025 5:07:33 PM java.util.prefs.FileSystemPreferences syncWorld
2025-09-30 17:07:33,621 [ERROR] LogOutputStream:75 - [STDERR_REDIRECT] WARNING: Couldn't flush system prefs: java.util.prefs.BackingStoreException: Couldn't get file lock.
2025-09-30 17:07:33,622 [ERROR] LogOutputStream:75 - [STDERR_REDIRECT] 
2025-09-30 17:08:03,620 [ERROR] LogOutputStream:75 - [STDERR_REDIRECT] Sep 30, 2025 5:08:03 PM java.util.prefs.FileSystemPreferences checkLockFile0ErrorCode
2025-09-30 17:08:03,621 [ERROR] LogOutputStream:75 - [STDERR_REDIRECT] WARNING: Could not lock System prefs. Unix error code 2.
2025-09-30 17:08:03,621 [ERROR] LogOutputStream:75 - [STDERR_REDIRECT] 
2025-09-30 17:08:03,621 [ERROR] LogOutputStream:75 - [STDERR_REDIRECT] Sep 30, 2025 5:08:03 PM java.util.prefs.FileSystemPreferences syncWorld
2025-09-30 17:08:03,622 [ERROR] LogOutputStream:75 - [STDERR_REDIRECT] WARNING: Couldn't flush system prefs: java.util.prefs.BackingStoreException: Couldn't get file lock.
2025-09-30 17:08:03,622 [ERROR] LogOutputStream:75 - [STDERR_REDIRECT] 
2025-09-30 17:08:33,621 [ERROR] LogOutputStream:75 - [STDERR_REDIRECT] Sep 30, 2025 5:08:33 PM java.util.prefs.FileSystemPreferences checkLockFile0ErrorCode
2025-09-30 17:08:33,621 [ERROR] LogOutputStream:75 - [STDERR_REDIRECT] WARNING: Could not lock System prefs. Unix error code 2.
2025-09-30 17:08:33,622 [ERROR] LogOutputStream:75 - [STDERR_REDIRECT] 
2025-09-30 17:08:33,622 [ERROR] LogOutputStream:75 - [STDERR_REDIRECT] Sep 30, 2025 5:08:33 PM java.util.prefs.FileSystemPreferences syncWorld
2025-09-30 17:08:33,622 [ERROR] LogOutputStream:75 - [STDERR_REDIRECT] WARNING: Couldn't flush system prefs: java.util.prefs.BackingStoreException: Couldn't get file lock.
2025-09-30 17:08:33,622 [ERROR] LogOutputStream:75 - [STDERR_REDIRECT] 
2025-09-30 17:09:03,621 [ERROR] LogOutputStream:75 - [STDERR_REDIRECT] Sep 30, 2025 5:09:03 PM java.util.prefs.FileSystemPreferences checkLockFile0ErrorCode
2025-09-30 17:09:03,622 [ERROR] LogOutputStream:75 - [STDERR_REDIRECT] WARNING: Could not lock System prefs. Unix error code 2.
2025-09-30 17:09:03,622 [ERROR] LogOutputStream:75 - [STDERR_REDIRECT] 
2025-09-30 17:09:03,623 [ERROR] LogOutputStream:75 - [STDERR_REDIRECT] Sep 30, 2025 5:09:03 PM java.util.prefs.FileSystemPreferences syncWorld
2025-09-30 17:09:03,623 [ERROR] LogOutputStream:75 - [STDERR_REDIRECT] WARNING: Couldn't flush system prefs: java.util.prefs.BackingStoreException: Couldn't get file lock.
2025-09-30 17:09:03,623 [ERROR] LogOutputStream:75 - [STDERR_REDIRECT] 
2025-09-30 17:09:33,621 [ERROR] LogOutputStream:75 - [STDERR_REDIRECT] Sep 30, 2025 5:09:33 PM java.util.prefs.FileSystemPreferences checkLockFile0ErrorCode
2025-09-30 17:09:33,621 [ERROR] LogOutputStream:75 - [STDERR_REDIRECT] WARNING: Could not lock System prefs. Unix error code 2.
2025-09-30 17:09:33,621 [ERROR] LogOutputStream:75 - [STDERR_REDIRECT] 
2025-09-30 17:09:33,622 [ERROR] LogOutputStream:75 - [STDERR_REDIRECT] Sep 30, 2025 5:09:33 PM java.util.prefs.FileSystemPreferences syncWorld
2025-09-30 17:09:33,622 [ERROR] LogOutputStream:75 - [STDERR_REDIRECT] WARNING: Couldn't flush system prefs: java.util.prefs.BackingStoreException: Couldn't get file lock.
2025-09-30 17:09:33,622 [ERROR] LogOutputStream:75 - [STDERR_REDIRECT] 
2025-09-30 17:10:03,625 [ERROR] LogOutputStream:75 - [STDERR_REDIRECT] Sep 30, 2025 5:10:03 PM java.util.prefs.FileSystemPreferences checkLockFile0ErrorCode
2025-09-30 17:10:03,626 [ERROR] LogOutputStream:75 - [STDERR_REDIRECT] WARNING: Could not lock System prefs. Unix error code 2.
2025-09-30 17:10:03,626 [ERROR] LogOutputStream:75 - [STDERR_REDIRECT] 
2025-09-30 17:10:03,627 [ERROR] LogOutputStream:75 - [STDERR_REDIRECT] Sep 30, 2025 5:10:03 PM java.util.prefs.FileSystemPreferences syncWorld
2025-09-30 17:10:03,627 [ERROR] LogOutputStream:75 - [STDERR_REDIRECT] WARNING: Couldn't flush system prefs: java.util.prefs.BackingStoreException: Couldn't get file lock.
2025-09-30 17:10:03,628 [ERROR] LogOutputStream:75 - [STDERR_REDIRECT] 
2025-09-30 17:10:33,623 [ERROR] LogOutputStream:75 - [STDERR_REDIRECT] Sep 30, 2025 5:10:33 PM java.util.prefs.FileSystemPreferences checkLockFile0ErrorCode
2025-09-30 17:10:33,624 [ERROR] LogOutputStream:75 - [STDERR_REDIRECT] WARNING: Could not lock System prefs. Unix error code 2.
2025-09-30 17:10:33,624 [ERROR] LogOutputStream:75 - [STDERR_REDIRECT] 
2025-09-30 17:10:33,624 [ERROR] LogOutputStream:75 - [STDERR_REDIRECT] Sep 30, 2025 5:10:33 PM java.util.prefs.FileSystemPreferences syncWorld
2025-09-30 17:10:33,625 [ERROR] LogOutputStream:75 - [STDERR_REDIRECT] WARNING: Couldn't flush system prefs: java.util.prefs.BackingStoreException: Couldn't get file lock.
2025-09-30 17:10:33,625 [ERROR] LogOutputStream:75 - [STDERR_REDIRECT] 
2025-09-30 17:11:03,622 [ERROR] LogOutputStream:75 - [STDERR_REDIRECT] Sep 30, 2025 5:11:03 PM java.util.prefs.FileSystemPreferences checkLockFile0ErrorCode
2025-09-30 17:11:03,622 [ERROR] LogOutputStream:75 - [STDERR_REDIRECT] WARNING: Could not lock System prefs. Unix error code 2.
2025-09-30 17:11:03,623 [ERROR] LogOutputStream:75 - [STDERR_REDIRECT] 
2025-09-30 17:11:03,623 [ERROR] LogOutputStream:75 - [STDERR_REDIRECT] Sep 30, 2025 5:11:03 PM java.util.prefs.FileSystemPreferences syncWorld
2025-09-30 17:11:03,623 [ERROR] LogOutputStream:75 - [STDERR_REDIRECT] WARNING: Couldn't flush system prefs: java.util.prefs.BackingStoreException: Couldn't get file lock.
2025-09-30 17:11:03,624 [ERROR] LogOutputStream:75 - [STDERR_REDIRECT] 
2025-09-30 17:11:33,628 [ERROR] LogOutputStream:75 - [STDERR_REDIRECT] Sep 30, 2025 5:11:33 PM java.util.prefs.FileSystemPreferences checkLockFile0ErrorCode
2025-09-30 17:11:33,628 [ERROR] LogOutputStream:75 - [STDERR_REDIRECT] WARNING: Could not lock System prefs. Unix error code 2.
2025-09-30 17:11:33,629 [ERROR] LogOutputStream:75 - [STDERR_REDIRECT] 
2025-09-30 17:11:33,629 [ERROR] LogOutputStream:75 - [STDERR_REDIRECT] Sep 30, 2025 5:11:33 PM java.util.prefs.FileSystemPreferences syncWorld
2025-09-30 17:11:33,629 [ERROR] LogOutputStream:75 - [STDERR_REDIRECT] WARNING: Couldn't flush system prefs: java.util.prefs.BackingStoreException: Couldn't get file lock.
2025-09-30 17:11:33,630 [ERROR] LogOutputStream:75 - [STDERR_REDIRECT] 
2025-09-30 17:12:03,622 [ERROR] LogOutputStream:75 - [STDERR_REDIRECT] Sep 30, 2025 5:12:03 PM java.util.prefs.FileSystemPreferences checkLockFile0ErrorCode
2025-09-30 17:12:03,622 [ERROR] LogOutputStream:75 - [STDERR_REDIRECT] WARNING: Could not lock System prefs. Unix error code 2.
2025-09-30 17:12:03,622 [ERROR] LogOutputStream:75 - [STDERR_REDIRECT] 
2025-09-30 17:12:03,623 [ERROR] LogOutputStream:75 - [STDERR_REDIRECT] Sep 30, 2025 5:12:03 PM java.util.prefs.FileSystemPreferences syncWorld
2025-09-30 17:12:03,623 [ERROR] LogOutputStream:75 - [STDERR_REDIRECT] WARNING: Couldn't flush system prefs: java.util.prefs.BackingStoreException: Couldn't get file lock.
2025-09-30 17:12:03,623 [ERROR] LogOutputStream:75 - [STDERR_REDIRECT] 
2025-09-30 17:12:33,622 [ERROR] LogOutputStream:75 - [STDERR_REDIRECT] Sep 30, 2025 5:12:33 PM java.util.prefs.FileSystemPreferences checkLockFile0ErrorCode
2025-09-30 17:12:33,622 [ERROR] LogOutputStream:75 - [STDERR_REDIRECT] WARNING: Could not lock System prefs. Unix error code 2.
2025-09-30 17:12:33,622 [ERROR] LogOutputStream:75 - [STDERR_REDIRECT] 
2025-09-30 17:12:33,622 [ERROR] LogOutputStream:75 - [STDERR_REDIRECT] Sep 30, 2025 5:12:33 PM java.util.prefs.FileSystemPreferences syncWorld
2025-09-30 17:12:33,622 [ERROR] LogOutputStream:75 - [STDERR_REDIRECT] WARNING: Couldn't flush system prefs: java.util.prefs.BackingStoreException: Couldn't get file lock.
2025-09-30 17:12:33,622 [ERROR] LogOutputStream:75 - [STDERR_REDIRECT] 
2025-09-30 17:13:03,622 [ERROR] LogOutputStream:75 - [STDERR_REDIRECT] Sep 30, 2025 5:13:03 PM java.util.prefs.FileSystemPreferences checkLockFile0ErrorCode
2025-09-30 17:13:03,622 [ERROR] LogOutputStream:75 - [STDERR_REDIRECT] WARNING: Could not lock System prefs. Unix error code 2.
2025-09-30 17:13:03,622 [ERROR] LogOutputStream:75 - [STDERR_REDIRECT] 
2025-09-30 17:13:03,622 [ERROR] LogOutputStream:75 - [STDERR_REDIRECT] Sep 30, 2025 5:13:03 PM java.util.prefs.FileSystemPreferences syncWorld
2025-09-30 17:13:03,622 [ERROR] LogOutputStream:75 - [STDERR_REDIRECT] WARNING: Couldn't flush system prefs: java.util.prefs.BackingStoreException: Couldn't get file lock.
2025-09-30 17:13:03,622 [ERROR] LogOutputStream:75 - [STDERR_REDIRECT] 
2025-09-30 17:13:33,623 [ERROR] LogOutputStream:75 - [STDERR_REDIRECT] Sep 30, 2025 5:13:33 PM java.util.prefs.FileSystemPreferences checkLockFile0ErrorCode
2025-09-30 17:13:33,623 [ERROR] LogOutputStream:75 - [STDERR_REDIRECT] WARNING: Could not lock System prefs. Unix error code 2.
2025-09-30 17:13:33,623 [ERROR] LogOutputStream:75 - [STDERR_REDIRECT] 
2025-09-30 17:13:33,624 [ERROR] LogOutputStream:75 - [STDERR_REDIRECT] Sep 30, 2025 5:13:33 PM java.util.prefs.FileSystemPreferences syncWorld
2025-09-30 17:13:33,624 [ERROR] LogOutputStream:75 - [STDERR_REDIRECT] WARNING: Couldn't flush system prefs: java.util.prefs.BackingStoreException: Couldn't get file lock.
2025-09-30 17:13:33,624 [ERROR] LogOutputStream:75 - [STDERR_REDIRECT] 
2025-09-30 17:14:03,623 [ERROR] LogOutputStream:75 - [STDERR_REDIRECT] Sep 30, 2025 5:14:03 PM java.util.prefs.FileSystemPreferences checkLockFile0ErrorCode
2025-09-30 17:14:03,624 [ERROR] LogOutputStream:75 - [STDERR_REDIRECT] WARNING: Could not lock System prefs. Unix error code 2.
2025-09-30 17:14:03,624 [ERROR] LogOutputStream:75 - [STDERR_REDIRECT] 
2025-09-30 17:14:03,624 [ERROR] LogOutputStream:75 - [STDERR_REDIRECT] Sep 30, 2025 5:14:03 PM java.util.prefs.FileSystemPreferences syncWorld
2025-09-30 17:14:03,625 [ERROR] LogOutputStream:75 - [STDERR_REDIRECT] WARNING: Couldn't flush system prefs: java.util.prefs.BackingStoreException: Couldn't get file lock.
2025-09-30 17:14:03,625 [ERROR] LogOutputStream:75 - [STDERR_REDIRECT] 
2025-09-30 17:14:33,625 [ERROR] LogOutputStream:75 - [STDERR_REDIRECT] Sep 30, 2025 5:14:33 PM java.util.prefs.FileSystemPreferences checkLockFile0ErrorCode
2025-09-30 17:14:33,625 [ERROR] LogOutputStream:75 - [STDERR_REDIRECT] WARNING: Could not lock System prefs. Unix error code 2.
2025-09-30 17:14:33,625 [ERROR] LogOutputStream:75 - [STDERR_REDIRECT] 
2025-09-30 17:14:33,626 [ERROR] LogOutputStream:75 - [STDERR_REDIRECT] Sep 30, 2025 5:14:33 PM java.util.prefs.FileSystemPreferences syncWorld
2025-09-30 17:14:33,626 [ERROR] LogOutputStream:75 - [STDERR_REDIRECT] WARNING: Couldn't flush system prefs: java.util.prefs.BackingStoreException: Couldn't get file lock.
2025-09-30 17:14:33,626 [ERROR] LogOutputStream:75 - [STDERR_REDIRECT] 
2025-09-30 17:15:03,623 [ERROR] LogOutputStream:75 - [STDERR_REDIRECT] Sep 30, 2025 5:15:03 PM java.util.prefs.FileSystemPreferences checkLockFile0ErrorCode
2025-09-30 17:15:03,624 [ERROR] LogOutputStream:75 - [STDERR_REDIRECT] WARNING: Could not lock System prefs. Unix error code 2.
2025-09-30 17:15:03,624 [ERROR] LogOutputStream:75 - [STDERR_REDIRECT] 
2025-09-30 17:15:03,624 [ERROR] LogOutputStream:75 - [STDERR_REDIRECT] Sep 30, 2025 5:15:03 PM java.util.prefs.FileSystemPreferences syncWorld
2025-09-30 17:15:03,624 [ERROR] LogOutputStream:75 - [STDERR_REDIRECT] WARNING: Couldn't flush system prefs: java.util.prefs.BackingStoreException: Couldn't get file lock.
2025-09-30 17:15:03,625 [ERROR] LogOutputStream:75 - [STDERR_REDIRECT] 
2025-09-30 17:15:33,624 [ERROR] LogOutputStream:75 - [STDERR_REDIRECT] Sep 30, 2025 5:15:33 PM java.util.prefs.FileSystemPreferences checkLockFile0ErrorCode
2025-09-30 17:15:33,624 [ERROR] LogOutputStream:75 - [STDERR_REDIRECT] WARNING: Could not lock System prefs. Unix error code 2.
2025-09-30 17:15:33,624 [ERROR] LogOutputStream:75 - [STDERR_REDIRECT] 
2025-09-30 17:15:33,625 [ERROR] LogOutputStream:75 - [STDERR_REDIRECT] Sep 30, 2025 5:15:33 PM java.util.prefs.FileSystemPreferences syncWorld
2025-09-30 17:15:33,625 [ERROR] LogOutputStream:75 - [STDERR_REDIRECT] WARNING: Couldn't flush system prefs: java.util.prefs.BackingStoreException: Couldn't get file lock.
2025-09-30 17:15:33,625 [ERROR] LogOutputStream:75 - [STDERR_REDIRECT] 
2025-09-30 17:16:03,623 [ERROR] LogOutputStream:75 - [STDERR_REDIRECT] Sep 30, 2025 5:16:03 PM java.util.prefs.FileSystemPreferences checkLockFile0ErrorCode
2025-09-30 17:16:03,623 [ERROR] LogOutputStream:75 - [STDERR_REDIRECT] WARNING: Could not lock System prefs. Unix error code 2.
2025-09-30 17:16:03,623 [ERROR] LogOutputStream:75 - [STDERR_REDIRECT] 
2025-09-30 17:16:03,624 [ERROR] LogOutputStream:75 - [STDERR_REDIRECT] Sep 30, 2025 5:16:03 PM java.util.prefs.FileSystemPreferences syncWorld
2025-09-30 17:16:03,624 [ERROR] LogOutputStream:75 - [STDERR_REDIRECT] WARNING: Couldn't flush system prefs: java.util.prefs.BackingStoreException: Couldn't get file lock.
2025-09-30 17:16:03,624 [ERROR] LogOutputStream:75 - [STDERR_REDIRECT] 
2025-09-30 17:16:33,623 [ERROR] LogOutputStream:75 - [STDERR_REDIRECT] Sep 30, 2025 5:16:33 PM java.util.prefs.FileSystemPreferences checkLockFile0ErrorCode
2025-09-30 17:16:33,623 [ERROR] LogOutputStream:75 - [STDERR_REDIRECT] WARNING: Could not lock System prefs. Unix error code 2.
2025-09-30 17:16:33,623 [ERROR] LogOutputStream:75 - [STDERR_REDIRECT] 
2025-09-30 17:16:33,624 [ERROR] LogOutputStream:75 - [STDERR_REDIRECT] Sep 30, 2025 5:16:33 PM java.util.prefs.FileSystemPreferences syncWorld
2025-09-30 17:16:33,624 [ERROR] LogOutputStream:75 - [STDERR_REDIRECT] WARNING: Couldn't flush system prefs: java.util.prefs.BackingStoreException: Couldn't get file lock.
2025-09-30 17:16:33,624 [ERROR] LogOutputStream:75 - [STDERR_REDIRECT] 
2025-09-30 17:17:03,623 [ERROR] LogOutputStream:75 - [STDERR_REDIRECT] Sep 30, 2025 5:17:03 PM java.util.prefs.FileSystemPreferences checkLockFile0ErrorCode
2025-09-30 17:17:03,623 [ERROR] LogOutputStream:75 - [STDERR_REDIRECT] WARNING: Could not lock System prefs. Unix error code 2.
2025-09-30 17:17:03,623 [ERROR] LogOutputStream:75 - [STDERR_REDIRECT] 
2025-09-30 17:17:03,624 [ERROR] LogOutputStream:75 - [STDERR_REDIRECT] Sep 30, 2025 5:17:03 PM java.util.prefs.FileSystemPreferences syncWorld
2025-09-30 17:17:03,624 [ERROR] LogOutputStream:75 - [STDERR_REDIRECT] WARNING: Couldn't flush system prefs: java.util.prefs.BackingStoreException: Couldn't get file lock.
2025-09-30 17:17:03,624 [ERROR] LogOutputStream:75 - [STDERR_REDIRECT] 
2025-09-30 17:17:33,624 [ERROR] LogOutputStream:75 - [STDERR_REDIRECT] Sep 30, 2025 5:17:33 PM java.util.prefs.FileSystemPreferences checkLockFile0ErrorCode
2025-09-30 17:17:33,624 [ERROR] LogOutputStream:75 - [STDERR_REDIRECT] WARNING: Could not lock System prefs. Unix error code 2.
2025-09-30 17:17:33,625 [ERROR] LogOutputStream:75 - [STDERR_REDIRECT] 
2025-09-30 17:17:33,625 [ERROR] LogOutputStream:75 - [STDERR_REDIRECT] Sep 30, 2025 5:17:33 PM java.util.prefs.FileSystemPreferences syncWorld
2025-09-30 17:17:33,625 [ERROR] LogOutputStream:75 - [STDERR_REDIRECT] WARNING: Couldn't flush system prefs: java.util.prefs.BackingStoreException: Couldn't get file lock.
2025-09-30 17:17:33,625 [ERROR] LogOutputStream:75 - [STDERR_REDIRECT] 
2025-09-30 17:18:03,623 [ERROR] LogOutputStream:75 - [STDERR_REDIRECT] Sep 30, 2025 5:18:03 PM java.util.prefs.FileSystemPreferences checkLockFile0ErrorCode
2025-09-30 17:18:03,624 [ERROR] LogOutputStream:75 - [STDERR_REDIRECT] WARNING: Could not lock System prefs. Unix error code 2.
2025-09-30 17:18:03,624 [ERROR] LogOutputStream:75 - [STDERR_REDIRECT] 
2025-09-30 17:18:03,624 [ERROR] LogOutputStream:75 - [STDERR_REDIRECT] Sep 30, 2025 5:18:03 PM java.util.prefs.FileSystemPreferences syncWorld
2025-09-30 17:18:03,625 [ERROR] LogOutputStream:75 - [STDERR_REDIRECT] WARNING: Couldn't flush system prefs: java.util.prefs.BackingStoreException: Couldn't get file lock.
2025-09-30 17:18:03,625 [ERROR] LogOutputStream:75 - [STDERR_REDIRECT] 
2025-09-30 17:18:33,624 [ERROR] LogOutputStream:75 - [STDERR_REDIRECT] Sep 30, 2025 5:18:33 PM java.util.prefs.FileSystemPreferences checkLockFile0ErrorCode
2025-09-30 17:18:33,625 [ERROR] LogOutputStream:75 - [STDERR_REDIRECT] WARNING: Could not lock System prefs. Unix error code 2.
2025-09-30 17:18:33,662 [ERROR] LogOutputStream:75 - [STDERR_REDIRECT] 
2025-09-30 17:18:33,662 [ERROR] LogOutputStream:75 - [STDERR_REDIRECT] Sep 30, 2025 5:18:33 PM java.util.prefs.FileSystemPreferences syncWorld
2025-09-30 17:18:33,663 [ERROR] LogOutputStream:75 - [STDERR_REDIRECT] WARNING: Couldn't flush system prefs: java.util.prefs.BackingStoreException: Couldn't get file lock.
2025-09-30 17:18:33,663 [ERROR] LogOutputStream:75 - [STDERR_REDIRECT] 
2025-09-30 17:19:03,624 [ERROR] LogOutputStream:75 - [STDERR_REDIRECT] Sep 30, 2025 5:19:03 PM java.util.prefs.FileSystemPreferences checkLockFile0ErrorCode
2025-09-30 17:19:03,624 [ERROR] LogOutputStream:75 - [STDERR_REDIRECT] WARNING: Could not lock System prefs. Unix error code 2.
2025-09-30 17:19:03,624 [ERROR] LogOutputStream:75 - [STDERR_REDIRECT] 
2025-09-30 17:19:03,624 [ERROR] LogOutputStream:75 - [STDERR_REDIRECT] Sep 30, 2025 5:19:03 PM java.util.prefs.FileSystemPreferences syncWorld
2025-09-30 17:19:03,624 [ERROR] LogOutputStream:75 - [STDERR_REDIRECT] WARNING: Couldn't flush system prefs: java.util.prefs.BackingStoreException: Couldn't get file lock.
2025-09-30 17:19:03,624 [ERROR] LogOutputStream:75 - [STDERR_REDIRECT] 
2025-09-30 17:19:33,624 [ERROR] LogOutputStream:75 - [STDERR_REDIRECT] Sep 30, 2025 5:19:33 PM java.util.prefs.FileSystemPreferences checkLockFile0ErrorCode
2025-09-30 17:19:33,624 [ERROR] LogOutputStream:75 - [STDERR_REDIRECT] WARNING: Could not lock System prefs. Unix error code 2.
2025-09-30 17:19:33,624 [ERROR] LogOutputStream:75 - [STDERR_REDIRECT] 
2025-09-30 17:19:33,624 [ERROR] LogOutputStream:75 - [STDERR_REDIRECT] Sep 30, 2025 5:19:33 PM java.util.prefs.FileSystemPreferences syncWorld
2025-09-30 17:19:33,624 [ERROR] LogOutputStream:75 - [STDERR_REDIRECT] WARNING: Couldn't flush system prefs: java.util.prefs.BackingStoreException: Couldn't get file lock.
2025-09-30 17:19:33,624 [ERROR] LogOutputStream:75 - [STDERR_REDIRECT] 
2025-09-30 17:20:03,626 [ERROR] LogOutputStream:75 - [STDERR_REDIRECT] Sep 30, 2025 5:20:03 PM java.util.prefs.FileSystemPreferences checkLockFile0ErrorCode
2025-09-30 17:20:03,626 [ERROR] LogOutputStream:75 - [STDERR_REDIRECT] WARNING: Could not lock System prefs. Unix error code 2.
2025-09-30 17:20:03,626 [ERROR] LogOutputStream:75 - [STDERR_REDIRECT] 
2025-09-30 17:20:03,627 [ERROR] LogOutputStream:75 - [STDERR_REDIRECT] Sep 30, 2025 5:20:03 PM java.util.prefs.FileSystemPreferences syncWorld
2025-09-30 17:20:03,627 [ERROR] LogOutputStream:75 - [STDERR_REDIRECT] WARNING: Couldn't flush system prefs: java.util.prefs.BackingStoreException: Couldn't get file lock.
2025-09-30 17:20:03,627 [ERROR] LogOutputStream:75 - [STDERR_REDIRECT] 
2025-09-30 17:20:33,629 [ERROR] LogOutputStream:75 - [STDERR_REDIRECT] Sep 30, 2025 5:20:33 PM java.util.prefs.FileSystemPreferences checkLockFile0ErrorCode
2025-09-30 17:20:33,630 [ERROR] LogOutputStream:75 - [STDERR_REDIRECT] WARNING: Could not lock System prefs. Unix error code 2.
2025-09-30 17:20:33,630 [ERROR] LogOutputStream:75 - [STDERR_REDIRECT] 
2025-09-30 17:20:33,630 [ERROR] LogOutputStream:75 - [STDERR_REDIRECT] Sep 30, 2025 5:20:33 PM java.util.prefs.FileSystemPreferences syncWorld
2025-09-30 17:20:33,630 [ERROR] LogOutputStream:75 - [STDERR_REDIRECT] WARNING: Couldn't flush system prefs: java.util.prefs.BackingStoreException: Couldn't get file lock.
2025-09-30 17:20:33,631 [ERROR] LogOutputStream:75 - [STDERR_REDIRECT] 
2025-09-30 17:20:47,798 [ERROR] AdobePublisher:187 - Exception while getting the server answer: java.net.SocketTimeoutException: Read timed out
2025-09-30 17:21:03,628 [ERROR] LogOutputStream:75 - [STDERR_REDIRECT] Sep 30, 2025 5:21:03 PM java.util.prefs.FileSystemPreferences checkLockFile0ErrorCode
2025-09-30 17:21:03,629 [ERROR] LogOutputStream:75 - [STDERR_REDIRECT] WARNING: Could not lock System prefs. Unix error code 2.
2025-09-30 17:21:03,629 [ERROR] LogOutputStream:75 - [STDERR_REDIRECT] 
2025-09-30 17:21:03,629 [ERROR] LogOutputStream:75 - [STDERR_REDIRECT] Sep 30, 2025 5:21:03 PM java.util.prefs.FileSystemPreferences syncWorld
2025-09-30 17:21:03,629 [ERROR] LogOutputStream:75 - [STDERR_REDIRECT] WARNING: Couldn't flush system prefs: java.util.prefs.BackingStoreException: Couldn't get file lock.
2025-09-30 17:21:03,630 [ERROR] LogOutputStream:75 - [STDERR_REDIRECT] 
2025-09-30 17:21:33,626 [ERROR] LogOutputStream:75 - [STDERR_REDIRECT] Sep 30, 2025 5:21:33 PM java.util.prefs.FileSystemPreferences checkLockFile0ErrorCode
2025-09-30 17:21:33,626 [ERROR] LogOutputStream:75 - [STDERR_REDIRECT] WARNING: Could not lock System prefs. Unix error code 2.
2025-09-30 17:21:33,626 [ERROR] LogOutputStream:75 - [STDERR_REDIRECT] 
2025-09-30 17:21:33,626 [ERROR] LogOutputStream:75 - [STDERR_REDIRECT] Sep 30, 2025 5:21:33 PM java.util.prefs.FileSystemPreferences syncWorld
2025-09-30 17:21:33,627 [ERROR] LogOutputStream:75 - [STDERR_REDIRECT] WARNING: Couldn't flush system prefs: java.util.prefs.BackingStoreException: Couldn't get file lock.
2025-09-30 17:21:33,627 [ERROR] LogOutputStream:75 - [STDERR_REDIRECT] 
2025-09-30 17:22:03,625 [ERROR] LogOutputStream:75 - [STDERR_REDIRECT] Sep 30, 2025 5:22:03 PM java.util.prefs.FileSystemPreferences checkLockFile0ErrorCode
2025-09-30 17:22:03,626 [ERROR] LogOutputStream:75 - [STDERR_REDIRECT] WARNING: Could not lock System prefs. Unix error code 2.
2025-09-30 17:22:03,637 [ERROR] LogOutputStream:75 - [STDERR_REDIRECT] 
2025-09-30 17:22:03,637 [ERROR] LogOutputStream:75 - [STDERR_REDIRECT] Sep 30, 2025 5:22:03 PM java.util.prefs.FileSystemPreferences syncWorld
2025-09-30 17:22:03,637 [ERROR] LogOutputStream:75 - [STDERR_REDIRECT] WARNING: Couldn't flush system prefs: java.util.prefs.BackingStoreException: Couldn't get file lock.
2025-09-30 17:22:03,637 [ERROR] LogOutputStream:75 - [STDERR_REDIRECT] 
2025-09-30 17:22:33,626 [ERROR] LogOutputStream:75 - [STDERR_REDIRECT] Sep 30, 2025 5:22:33 PM java.util.prefs.FileSystemPreferences checkLockFile0ErrorCode
2025-09-30 17:22:33,626 [ERROR] LogOutputStream:75 - [STDERR_REDIRECT] WARNING: Could not lock System prefs. Unix error code 2.
2025-09-30 17:22:33,627 [ERROR] LogOutputStream:75 - [STDERR_REDIRECT] 
2025-09-30 17:22:33,627 [ERROR] LogOutputStream:75 - [STDERR_REDIRECT] Sep 30, 2025 5:22:33 PM java.util.prefs.FileSystemPreferences syncWorld
2025-09-30 17:22:33,627 [ERROR] LogOutputStream:75 - [STDERR_REDIRECT] WARNING: Couldn't flush system prefs: java.util.prefs.BackingStoreException: Couldn't get file lock.
2025-09-30 17:22:33,627 [ERROR] LogOutputStream:75 - [STDERR_REDIRECT] 
2025-09-30 17:23:03,628 [ERROR] LogOutputStream:75 - [STDERR_REDIRECT] Sep 30, 2025 5:23:03 PM java.util.prefs.FileSystemPreferences checkLockFile0ErrorCode
2025-09-30 17:23:03,628 [ERROR] LogOutputStream:75 - [STDERR_REDIRECT] WARNING: Could not lock System prefs. Unix error code 2.
2025-09-30 17:23:03,628 [ERROR] LogOutputStream:75 - [STDERR_REDIRECT] 
2025-09-30 17:23:03,629 [ERROR] LogOutputStream:75 - [STDERR_REDIRECT] Sep 30, 2025 5:23:03 PM java.util.prefs.FileSystemPreferences syncWorld
2025-09-30 17:23:03,629 [ERROR] LogOutputStream:75 - [STDERR_REDIRECT] WARNING: Couldn't flush system prefs: java.util.prefs.BackingStoreException: Couldn't get file lock.
2025-09-30 17:23:03,629 [ERROR] LogOutputStream:75 - [STDERR_REDIRECT] 
2025-09-30 17:23:27,509 [ERROR] AdobePublisher:187 - Exception while getting the server answer: java.net.SocketTimeoutException: Read timed out
2025-09-30 17:23:33,630 [ERROR] LogOutputStream:75 - [STDERR_REDIRECT] Sep 30, 2025 5:23:33 PM java.util.prefs.FileSystemPreferences checkLockFile0ErrorCode
2025-09-30 17:23:33,630 [ERROR] LogOutputStream:75 - [STDERR_REDIRECT] WARNING: Could not lock System prefs. Unix error code 2.
2025-09-30 17:23:33,630 [ERROR] LogOutputStream:75 - [STDERR_REDIRECT] 
2025-09-30 17:23:33,630 [ERROR] LogOutputStream:75 - [STDERR_REDIRECT] Sep 30, 2025 5:23:33 PM java.util.prefs.FileSystemPreferences syncWorld
2025-09-30 17:23:33,631 [ERROR] LogOutputStream:75 - [STDERR_REDIRECT] WARNING: Couldn't flush system prefs: java.util.prefs.BackingStoreException: Couldn't get file lock.
2025-09-30 17:23:33,631 [ERROR] LogOutputStream:75 - [STDERR_REDIRECT] 
2025-09-30 17:24:03,628 [ERROR] LogOutputStream:75 - [STDERR_REDIRECT] Sep 30, 2025 5:24:03 PM java.util.prefs.FileSystemPreferences checkLockFile0ErrorCode
2025-09-30 17:24:03,628 [ERROR] LogOutputStream:75 - [STDERR_REDIRECT] WARNING: Could not lock System prefs. Unix error code 2.
2025-09-30 17:24:03,629 [ERROR] LogOutputStream:75 - [STDERR_REDIRECT] 
2025-09-30 17:24:03,629 [ERROR] LogOutputStream:75 - [STDERR_REDIRECT] Sep 30, 2025 5:24:03 PM java.util.prefs.FileSystemPreferences syncWorld
2025-09-30 17:24:03,629 [ERROR] LogOutputStream:75 - [STDERR_REDIRECT] WARNING: Couldn't flush system prefs: java.util.prefs.BackingStoreException: Couldn't get file lock.
2025-09-30 17:24:03,629 [ERROR] LogOutputStream:75 - [STDERR_REDIRECT] 
2025-09-30 17:24:33,630 [ERROR] LogOutputStream:75 - [STDERR_REDIRECT] Sep 30, 2025 5:24:33 PM java.util.prefs.FileSystemPreferences checkLockFile0ErrorCode
2025-09-30 17:24:33,630 [ERROR] LogOutputStream:75 - [STDERR_REDIRECT] WARNING: Could not lock System prefs. Unix error code 2.
2025-09-30 17:24:33,630 [ERROR] LogOutputStream:75 - [STDERR_REDIRECT] 
2025-09-30 17:24:33,631 [ERROR] LogOutputStream:75 - [STDERR_REDIRECT] Sep 30, 2025 5:24:33 PM java.util.prefs.FileSystemPreferences syncWorld
2025-09-30 17:24:33,631 [ERROR] LogOutputStream:75 - [STDERR_REDIRECT] WARNING: Couldn't flush system prefs: java.util.prefs.BackingStoreException: Couldn't get file lock.
2025-09-30 17:24:33,631 [ERROR] LogOutputStream:75 - [STDERR_REDIRECT] 
2025-09-30 17:25:03,632 [ERROR] LogOutputStream:75 - [STDERR_REDIRECT] Sep 30, 2025 5:25:03 PM java.util.prefs.FileSystemPreferences checkLockFile0ErrorCode
2025-09-30 17:25:03,632 [ERROR] LogOutputStream:75 - [STDERR_REDIRECT] WARNING: Could not lock System prefs. Unix error code 2.
2025-09-30 17:25:03,632 [ERROR] LogOutputStream:75 - [STDERR_REDIRECT] 
2025-09-30 17:25:03,633 [ERROR] LogOutputStream:75 - [STDERR_REDIRECT] Sep 30, 2025 5:25:03 PM java.util.prefs.FileSystemPreferences syncWorld
2025-09-30 17:25:03,633 [ERROR] LogOutputStream:75 - [STDERR_REDIRECT] WARNING: Couldn't flush system prefs: java.util.prefs.BackingStoreException: Couldn't get file lock.
2025-09-30 17:25:03,633 [ERROR] LogOutputStream:75 - [STDERR_REDIRECT] 
2025-09-30 17:25:33,629 [ERROR] LogOutputStream:75 - [STDERR_REDIRECT] Sep 30, 2025 5:25:33 PM java.util.prefs.FileSystemPreferences checkLockFile0ErrorCode
2025-09-30 17:25:33,630 [ERROR] LogOutputStream:75 - [STDERR_REDIRECT] WARNING: Could not lock System prefs. Unix error code 2.
2025-09-30 17:25:33,630 [ERROR] LogOutputStream:75 - [STDERR_REDIRECT] 
2025-09-30 17:25:33,630 [ERROR] LogOutputStream:75 - [STDERR_REDIRECT] Sep 30, 2025 5:25:33 PM java.util.prefs.FileSystemPreferences syncWorld
2025-09-30 17:25:33,630 [ERROR] LogOutputStream:75 - [STDERR_REDIRECT] WARNING: Couldn't flush system prefs: java.util.prefs.BackingStoreException: Couldn't get file lock.
2025-09-30 17:25:33,631 [ERROR] LogOutputStream:75 - [STDERR_REDIRECT] 
2025-09-30 17:26:03,628 [ERROR] LogOutputStream:75 - [STDERR_REDIRECT] Sep 30, 2025 5:26:03 PM java.util.prefs.FileSystemPreferences checkLockFile0ErrorCode
2025-09-30 17:26:03,628 [ERROR] LogOutputStream:75 - [STDERR_REDIRECT] WARNING: Could not lock System prefs. Unix error code 2.
2025-09-30 17:26:03,639 [ERROR] LogOutputStream:75 - [STDERR_REDIRECT] 
2025-09-30 17:26:03,640 [ERROR] LogOutputStream:75 - [STDERR_REDIRECT] Sep 30, 2025 5:26:03 PM java.util.prefs.FileSystemPreferences syncWorld
2025-09-30 17:26:03,640 [ERROR] LogOutputStream:75 - [STDERR_REDIRECT] WARNING: Couldn't flush system prefs: java.util.prefs.BackingStoreException: Couldn't get file lock.
2025-09-30 17:26:03,640 [ERROR] LogOutputStream:75 - [STDERR_REDIRECT] 
2025-09-30 17:26:33,629 [ERROR] LogOutputStream:75 - [STDERR_REDIRECT] Sep 30, 2025 5:26:33 PM java.util.prefs.FileSystemPreferences checkLockFile0ErrorCode
2025-09-30 17:26:33,629 [ERROR] LogOutputStream:75 - [STDERR_REDIRECT] WARNING: Could not lock System prefs. Unix error code 2.
2025-09-30 17:26:33,629 [ERROR] LogOutputStream:75 - [STDERR_REDIRECT] 
2025-09-30 17:26:33,629 [ERROR] LogOutputStream:75 - [STDERR_REDIRECT] Sep 30, 2025 5:26:33 PM java.util.prefs.FileSystemPreferences syncWorld
2025-09-30 17:26:33,630 [ERROR] LogOutputStream:75 - [STDERR_REDIRECT] WARNING: Couldn't flush system prefs: java.util.prefs.BackingStoreException: Couldn't get file lock.
2025-09-30 17:26:33,630 [ERROR] LogOutputStream:75 - [STDERR_REDIRECT] 
2025-09-30 17:27:03,628 [ERROR] LogOutputStream:75 - [STDERR_REDIRECT] Sep 30, 2025 5:27:03 PM java.util.prefs.FileSystemPreferences checkLockFile0ErrorCode
2025-09-30 17:27:03,628 [ERROR] LogOutputStream:75 - [STDERR_REDIRECT] WARNING: Could not lock System prefs. Unix error code 2.
2025-09-30 17:27:03,628 [ERROR] LogOutputStream:75 - [STDERR_REDIRECT] 
2025-09-30 17:27:03,629 [ERROR] LogOutputStream:75 - [STDERR_REDIRECT] Sep 30, 2025 5:27:03 PM java.util.prefs.FileSystemPreferences syncWorld
2025-09-30 17:27:03,629 [ERROR] LogOutputStream:75 - [STDERR_REDIRECT] WARNING: Couldn't flush system prefs: java.util.prefs.BackingStoreException: Couldn't get file lock.
2025-09-30 17:27:03,629 [ERROR] LogOutputStream:75 - [STDERR_REDIRECT] 
2025-09-30 17:27:33,628 [ERROR] LogOutputStream:75 - [STDERR_REDIRECT] Sep 30, 2025 5:27:33 PM java.util.prefs.FileSystemPreferences checkLockFile0ErrorCode
2025-09-30 17:27:33,628 [ERROR] LogOutputStream:75 - [STDERR_REDIRECT] WARNING: Could not lock System prefs. Unix error code 2.
2025-09-30 17:27:33,628 [ERROR] LogOutputStream:75 - [STDERR_REDIRECT] 
2025-09-30 17:27:33,628 [ERROR] LogOutputStream:75 - [STDERR_REDIRECT] Sep 30, 2025 5:27:33 PM java.util.prefs.FileSystemPreferences syncWorld
2025-09-30 17:27:33,628 [ERROR] LogOutputStream:75 - [STDERR_REDIRECT] WARNING: Couldn't flush system prefs: java.util.prefs.BackingStoreException: Couldn't get file lock.
2025-09-30 17:27:33,628 [ERROR] LogOutputStream:75 - [STDERR_REDIRECT] 
2025-09-30 17:27:35,788 [ERROR] AdobePublisher:162 - Exception while opening the connection: java.net.SocketTimeoutException: Read timed out
2025-09-30 17:28:03,630 [ERROR] LogOutputStream:75 - [STDERR_REDIRECT] Sep 30, 2025 5:28:03 PM java.util.prefs.FileSystemPreferences checkLockFile0ErrorCode
2025-09-30 17:28:03,631 [ERROR] LogOutputStream:75 - [STDERR_REDIRECT] WARNING: Could not lock System prefs. Unix error code 2.
2025-09-30 17:28:03,631 [ERROR] LogOutputStream:75 - [STDERR_REDIRECT] 
2025-09-30 17:28:03,632 [ERROR] LogOutputStream:75 - [STDERR_REDIRECT] Sep 30, 2025 5:28:03 PM java.util.prefs.FileSystemPreferences syncWorld
2025-09-30 17:28:03,632 [ERROR] LogOutputStream:75 - [STDERR_REDIRECT] WARNING: Couldn't flush system prefs: java.util.prefs.BackingStoreException: Couldn't get file lock.
2025-09-30 17:28:03,632 [ERROR] LogOutputStream:75 - [STDERR_REDIRECT] 
2025-09-30 17:28:33,628 [ERROR] LogOutputStream:75 - [STDERR_REDIRECT] Sep 30, 2025 5:28:33 PM java.util.prefs.FileSystemPreferences checkLockFile0ErrorCode
2025-09-30 17:28:33,629 [ERROR] LogOutputStream:75 - [STDERR_REDIRECT] WARNING: Could not lock System prefs. Unix error code 2.
2025-09-30 17:28:33,629 [ERROR] LogOutputStream:75 - [STDERR_REDIRECT] 
2025-09-30 17:28:33,630 [ERROR] LogOutputStream:75 - [STDERR_REDIRECT] Sep 30, 2025 5:28:33 PM java.util.prefs.FileSystemPreferences syncWorld
2025-09-30 17:28:33,630 [ERROR] LogOutputStream:75 - [STDERR_REDIRECT] WARNING: Couldn't flush system prefs: java.util.prefs.BackingStoreException: Couldn't get file lock.
2025-09-30 17:28:33,630 [ERROR] LogOutputStream:75 - [STDERR_REDIRECT] 
2025-09-30 17:29:03,629 [ERROR] LogOutputStream:75 - [STDERR_REDIRECT] Sep 30, 2025 5:29:03 PM java.util.prefs.FileSystemPreferences checkLockFile0ErrorCode
2025-09-30 17:29:03,629 [ERROR] LogOutputStream:75 - [STDERR_REDIRECT] WARNING: Could not lock System prefs. Unix error code 2.
2025-09-30 17:29:03,629 [ERROR] LogOutputStream:75 - [STDERR_REDIRECT] 
2025-09-30 17:29:03,630 [ERROR] LogOutputStream:75 - [STDERR_REDIRECT] Sep 30, 2025 5:29:03 PM java.util.prefs.FileSystemPreferences syncWorld
2025-09-30 17:29:03,630 [ERROR] LogOutputStream:75 - [STDERR_REDIRECT] WARNING: Couldn't flush system prefs: java.util.prefs.BackingStoreException: Couldn't get file lock.
2025-09-30 17:29:03,630 [ERROR] LogOutputStream:75 - [STDERR_REDIRECT] 
2025-09-30 17:29:33,628 [ERROR] LogOutputStream:75 - [STDERR_REDIRECT] Sep 30, 2025 5:29:33 PM java.util.prefs.FileSystemPreferences checkLockFile0ErrorCode
2025-09-30 17:29:33,628 [ERROR] LogOutputStream:75 - [STDERR_REDIRECT] WARNING: Could not lock System prefs. Unix error code 2.
2025-09-30 17:29:33,628 [ERROR] LogOutputStream:75 - [STDERR_REDIRECT] 
2025-09-30 17:29:33,629 [ERROR] LogOutputStream:75 - [STDERR_REDIRECT] Sep 30, 2025 5:29:33 PM java.util.prefs.FileSystemPreferences syncWorld
2025-09-30 17:29:33,629 [ERROR] LogOutputStream:75 - [STDERR_REDIRECT] WARNING: Couldn't flush system prefs: java.util.prefs.BackingStoreException: Couldn't get file lock.
2025-09-30 17:29:33,629 [ERROR] LogOutputStream:75 - [STDERR_REDIRECT] 
2025-09-30 17:30:03,628 [ERROR] LogOutputStream:75 - [STDERR_REDIRECT] Sep 30, 2025 5:30:03 PM java.util.prefs.FileSystemPreferences checkLockFile0ErrorCode
2025-09-30 17:30:03,629 [ERROR] LogOutputStream:75 - [STDERR_REDIRECT] WARNING: Could not lock System prefs. Unix error code 2.
2025-09-30 17:30:03,629 [ERROR] LogOutputStream:75 - [STDERR_REDIRECT] 
2025-09-30 17:30:03,629 [ERROR] LogOutputStream:75 - [STDERR_REDIRECT] Sep 30, 2025 5:30:03 PM java.util.prefs.FileSystemPreferences syncWorld
2025-09-30 17:30:03,629 [ERROR] LogOutputStream:75 - [STDERR_REDIRECT] WARNING: Couldn't flush system prefs: java.util.prefs.BackingStoreException: Couldn't get file lock.
2025-09-30 17:30:03,629 [ERROR] LogOutputStream:75 - [STDERR_REDIRECT] 
2025-09-30 17:30:33,628 [ERROR] LogOutputStream:75 - [STDERR_REDIRECT] Sep 30, 2025 5:30:33 PM java.util.prefs.FileSystemPreferences checkLockFile0ErrorCode
2025-09-30 17:30:33,628 [ERROR] LogOutputStream:75 - [STDERR_REDIRECT] WARNING: Could not lock System prefs. Unix error code 2.
2025-09-30 17:30:33,628 [ERROR] LogOutputStream:75 - [STDERR_REDIRECT] 
2025-09-30 17:30:33,629 [ERROR] LogOutputStream:75 - [STDERR_REDIRECT] Sep 30, 2025 5:30:33 PM java.util.prefs.FileSystemPreferences syncWorld
2025-09-30 17:30:33,629 [ERROR] LogOutputStream:75 - [STDERR_REDIRECT] WARNING: Couldn't flush system prefs: java.util.prefs.BackingStoreException: Couldn't get file lock.
2025-09-30 17:30:33,629 [ERROR] LogOutputStream:75 - [STDERR_REDIRECT] 
2025-09-30 17:31:03,627 [ERROR] LogOutputStream:75 - [STDERR_REDIRECT] Sep 30, 2025 5:31:03 PM java.util.prefs.FileSystemPreferences checkLockFile0ErrorCode
2025-09-30 17:31:03,628 [ERROR] LogOutputStream:75 - [STDERR_REDIRECT] WARNING: Could not lock System prefs. Unix error code 2.
2025-09-30 17:31:03,628 [ERROR] LogOutputStream:75 - [STDERR_REDIRECT] 
2025-09-30 17:31:03,628 [ERROR] LogOutputStream:75 - [STDERR_REDIRECT] Sep 30, 2025 5:31:03 PM java.util.prefs.FileSystemPreferences syncWorld
2025-09-30 17:31:03,628 [ERROR] LogOutputStream:75 - [STDERR_REDIRECT] WARNING: Couldn't flush system prefs: java.util.prefs.BackingStoreException: Couldn't get file lock.
2025-09-30 17:31:03,628 [ERROR] LogOutputStream:75 - [STDERR_REDIRECT] 
2025-09-30 17:31:33,628 [ERROR] LogOutputStream:75 - [STDERR_REDIRECT] Sep 30, 2025 5:31:33 PM java.util.prefs.FileSystemPreferences checkLockFile0ErrorCode
2025-09-30 17:31:33,629 [ERROR] LogOutputStream:75 - [STDERR_REDIRECT] WARNING: Could not lock System prefs. Unix error code 2.
2025-09-30 17:31:33,629 [ERROR] LogOutputStream:75 - [STDERR_REDIRECT] 
2025-09-30 17:31:33,630 [ERROR] LogOutputStream:75 - [STDERR_REDIRECT] Sep 30, 2025 5:31:33 PM java.util.prefs.FileSystemPreferences syncWorld
2025-09-30 17:31:33,630 [ERROR] LogOutputStream:75 - [STDERR_REDIRECT] WARNING: Couldn't flush system prefs: java.util.prefs.BackingStoreException: Couldn't get file lock.
2025-09-30 17:31:33,630 [ERROR] LogOutputStream:75 - [STDERR_REDIRECT] 
2025-09-30 17:32:03,630 [ERROR] LogOutputStream:75 - [STDERR_REDIRECT] Sep 30, 2025 5:32:03 PM java.util.prefs.FileSystemPreferences checkLockFile0ErrorCode
2025-09-30 17:32:03,630 [ERROR] LogOutputStream:75 - [STDERR_REDIRECT] WARNING: Could not lock System prefs. Unix error code 2.
2025-09-30 17:32:03,630 [ERROR] LogOutputStream:75 - [STDERR_REDIRECT] 
2025-09-30 17:32:03,631 [ERROR] LogOutputStream:75 - [STDERR_REDIRECT] Sep 30, 2025 5:32:03 PM java.util.prefs.FileSystemPreferences syncWorld
2025-09-30 17:32:03,631 [ERROR] LogOutputStream:75 - [STDERR_REDIRECT] WARNING: Couldn't flush system prefs: java.util.prefs.BackingStoreException: Couldn't get file lock.
2025-09-30 17:32:03,632 [ERROR] LogOutputStream:75 - [STDERR_REDIRECT] 
2025-09-30 17:32:33,628 [ERROR] LogOutputStream:75 - [STDERR_REDIRECT] Sep 30, 2025 5:32:33 PM java.util.prefs.FileSystemPreferences checkLockFile0ErrorCode
2025-09-30 17:32:33,628 [ERROR] LogOutputStream:75 - [STDERR_REDIRECT] WARNING: Could not lock System prefs. Unix error code 2.
2025-09-30 17:32:33,629 [ERROR] LogOutputStream:75 - [STDERR_REDIRECT] 
2025-09-30 17:32:33,629 [ERROR] LogOutputStream:75 - [STDERR_REDIRECT] Sep 30, 2025 5:32:33 PM java.util.prefs.FileSystemPreferences syncWorld
2025-09-30 17:32:33,629 [ERROR] LogOutputStream:75 - [STDERR_REDIRECT] WARNING: Couldn't flush system prefs: java.util.prefs.BackingStoreException: Couldn't get file lock.
2025-09-30 17:32:33,629 [ERROR] LogOutputStream:75 - [STDERR_REDIRECT] 
2025-09-30 17:32:46,291 [ERROR] AdobePublisher:162 - Exception while opening the connection: java.net.SocketTimeoutException: Read timed out
2025-09-30 17:33:03,631 [ERROR] LogOutputStream:75 - [STDERR_REDIRECT] Sep 30, 2025 5:33:03 PM java.util.prefs.FileSystemPreferences checkLockFile0ErrorCode
2025-09-30 17:33:03,631 [ERROR] LogOutputStream:75 - [STDERR_REDIRECT] WARNING: Could not lock System prefs. Unix error code 2.
2025-09-30 17:33:03,631 [ERROR] LogOutputStream:75 - [STDERR_REDIRECT] 
2025-09-30 17:33:03,631 [ERROR] LogOutputStream:75 - [STDERR_REDIRECT] Sep 30, 2025 5:33:03 PM java.util.prefs.FileSystemPreferences syncWorld
2025-09-30 17:33:03,631 [ERROR] LogOutputStream:75 - [STDERR_REDIRECT] WARNING: Couldn't flush system prefs: java.util.prefs.BackingStoreException: Couldn't get file lock.
2025-09-30 17:33:03,631 [ERROR] LogOutputStream:75 - [STDERR_REDIRECT] 
2025-09-30 17:33:33,627 [ERROR] LogOutputStream:75 - [STDERR_REDIRECT] Sep 30, 2025 5:33:33 PM java.util.prefs.FileSystemPreferences checkLockFile0ErrorCode
2025-09-30 17:33:33,628 [ERROR] LogOutputStream:75 - [STDERR_REDIRECT] WARNING: Could not lock System prefs. Unix error code 2.
2025-09-30 17:33:33,628 [ERROR] LogOutputStream:75 - [STDERR_REDIRECT] 
2025-09-30 17:33:33,628 [ERROR] LogOutputStream:75 - [STDERR_REDIRECT] Sep 30, 2025 5:33:33 PM java.util.prefs.FileSystemPreferences syncWorld
2025-09-30 17:33:33,628 [ERROR] LogOutputStream:75 - [STDERR_REDIRECT] WARNING: Couldn't flush system prefs: java.util.prefs.BackingStoreException: Couldn't get file lock.
2025-09-30 17:33:33,628 [ERROR] LogOutputStream:75 - [STDERR_REDIRECT] 
2025-09-30 17:34:03,628 [ERROR] LogOutputStream:75 - [STDERR_REDIRECT] Sep 30, 2025 5:34:03 PM java.util.prefs.FileSystemPreferences checkLockFile0ErrorCode
2025-09-30 17:34:03,628 [ERROR] LogOutputStream:75 - [STDERR_REDIRECT] WARNING: Could not lock System prefs. Unix error code 2.
2025-09-30 17:34:03,629 [ERROR] LogOutputStream:75 - [STDERR_REDIRECT] 
2025-09-30 17:34:03,629 [ERROR] LogOutputStream:75 - [STDERR_REDIRECT] Sep 30, 2025 5:34:03 PM java.util.prefs.FileSystemPreferences syncWorld
2025-09-30 17:34:03,629 [ERROR] LogOutputStream:75 - [STDERR_REDIRECT] WARNING: Couldn't flush system prefs: java.util.prefs.BackingStoreException: Couldn't get file lock.
2025-09-30 17:34:03,629 [ERROR] LogOutputStream:75 - [STDERR_REDIRECT] 
2025-09-30 17:34:33,627 [ERROR] LogOutputStream:75 - [STDERR_REDIRECT] Sep 30, 2025 5:34:33 PM java.util.prefs.FileSystemPreferences checkLockFile0ErrorCode
2025-09-30 17:34:33,628 [ERROR] LogOutputStream:75 - [STDERR_REDIRECT] WARNING: Could not lock System prefs. Unix error code 2.
2025-09-30 17:34:33,628 [ERROR] LogOutputStream:75 - [STDERR_REDIRECT] 
2025-09-30 17:34:33,629 [ERROR] LogOutputStream:75 - [STDERR_REDIRECT] Sep 30, 2025 5:34:33 PM java.util.prefs.FileSystemPreferences syncWorld
2025-09-30 17:34:33,629 [ERROR] LogOutputStream:75 - [STDERR_REDIRECT] WARNING: Couldn't flush system prefs: java.util.prefs.BackingStoreException: Couldn't get file lock.
2025-09-30 17:34:33,629 [ERROR] LogOutputStream:75 - [STDERR_REDIRECT] 
2025-09-30 17:35:03,629 [ERROR] LogOutputStream:75 - [STDERR_REDIRECT] Sep 30, 2025 5:35:03 PM java.util.prefs.FileSystemPreferences checkLockFile0ErrorCode
2025-09-30 17:35:03,629 [ERROR] LogOutputStream:75 - [STDERR_REDIRECT] WARNING: Could not lock System prefs. Unix error code 2.
2025-09-30 17:35:03,630 [ERROR] LogOutputStream:75 - [STDERR_REDIRECT] 
2025-09-30 17:35:03,630 [ERROR] LogOutputStream:75 - [STDERR_REDIRECT] Sep 30, 2025 5:35:03 PM java.util.prefs.FileSystemPreferences syncWorld
2025-09-30 17:35:03,630 [ERROR] LogOutputStream:75 - [STDERR_REDIRECT] WARNING: Couldn't flush system prefs: java.util.prefs.BackingStoreException: Couldn't get file lock.
2025-09-30 17:35:03,631 [ERROR] LogOutputStream:75 - [STDERR_REDIRECT] 
2025-09-30 17:35:33,628 [ERROR] LogOutputStream:75 - [STDERR_REDIRECT] Sep 30, 2025 5:35:33 PM java.util.prefs.FileSystemPreferences checkLockFile0ErrorCode
2025-09-30 17:35:33,628 [ERROR] LogOutputStream:75 - [STDERR_REDIRECT] WARNING: Could not lock System prefs. Unix error code 2.
2025-09-30 17:35:33,628 [ERROR] LogOutputStream:75 - [STDERR_REDIRECT] 
2025-09-30 17:35:33,629 [ERROR] LogOutputStream:75 - [STDERR_REDIRECT] Sep 30, 2025 5:35:33 PM java.util.prefs.FileSystemPreferences syncWorld
2025-09-30 17:35:33,629 [ERROR] LogOutputStream:75 - [STDERR_REDIRECT] WARNING: Couldn't flush system prefs: java.util.prefs.BackingStoreException: Couldn't get file lock.
2025-09-30 17:35:33,629 [ERROR] LogOutputStream:75 - [STDERR_REDIRECT] 
2025-09-30 17:36:03,628 [ERROR] LogOutputStream:75 - [STDERR_REDIRECT] Sep 30, 2025 5:36:03 PM java.util.prefs.FileSystemPreferences checkLockFile0ErrorCode
2025-09-30 17:36:03,628 [ERROR] LogOutputStream:75 - [STDERR_REDIRECT] WARNING: Could not lock System prefs. Unix error code 2.
2025-09-30 17:36:03,629 [ERROR] LogOutputStream:75 - [STDERR_REDIRECT] 
2025-09-30 17:36:03,629 [ERROR] LogOutputStream:75 - [STDERR_REDIRECT] Sep 30, 2025 5:36:03 PM java.util.prefs.FileSystemPreferences syncWorld
2025-09-30 17:36:03,629 [ERROR] LogOutputStream:75 - [STDERR_REDIRECT] WARNING: Couldn't flush system prefs: java.util.prefs.BackingStoreException: Couldn't get file lock.
2025-09-30 17:36:03,630 [ERROR] LogOutputStream:75 - [STDERR_REDIRECT] 
2025-09-30 17:36:33,628 [ERROR] LogOutputStream:75 - [STDERR_REDIRECT] Sep 30, 2025 5:36:33 PM java.util.prefs.FileSystemPreferences checkLockFile0ErrorCode
2025-09-30 17:36:33,628 [ERROR] LogOutputStream:75 - [STDERR_REDIRECT] WARNING: Could not lock System prefs. Unix error code 2.
2025-09-30 17:36:33,628 [ERROR] LogOutputStream:75 - [STDERR_REDIRECT] 
2025-09-30 17:36:33,628 [ERROR] LogOutputStream:75 - [STDERR_REDIRECT] Sep 30, 2025 5:36:33 PM java.util.prefs.FileSystemPreferences syncWorld
2025-09-30 17:36:33,628 [ERROR] LogOutputStream:75 - [STDERR_REDIRECT] WARNING: Couldn't flush system prefs: java.util.prefs.BackingStoreException: Couldn't get file lock.
2025-09-30 17:36:33,628 [ERROR] LogOutputStream:75 - [STDERR_REDIRECT] 
2025-09-30 17:37:03,627 [ERROR] LogOutputStream:75 - [STDERR_REDIRECT] Sep 30, 2025 5:37:03 PM java.util.prefs.FileSystemPreferences checkLockFile0ErrorCode
2025-09-30 17:37:03,628 [ERROR] LogOutputStream:75 - [STDERR_REDIRECT] WARNING: Could not lock System prefs. Unix error code 2.
2025-09-30 17:37:03,628 [ERROR] LogOutputStream:75 - [STDERR_REDIRECT] 
2025-09-30 17:37:03,628 [ERROR] LogOutputStream:75 - [STDERR_REDIRECT] Sep 30, 2025 5:37:03 PM java.util.prefs.FileSystemPreferences syncWorld
2025-09-30 17:37:03,628 [ERROR] LogOutputStream:75 - [STDERR_REDIRECT] WARNING: Couldn't flush system prefs: java.util.prefs.BackingStoreException: Couldn't get file lock.
2025-09-30 17:37:03,628 [ERROR] LogOutputStream:75 - [STDERR_REDIRECT] 
2025-09-30 17:37:33,628 [ERROR] LogOutputStream:75 - [STDERR_REDIRECT] Sep 30, 2025 5:37:33 PM java.util.prefs.FileSystemPreferences checkLockFile0ErrorCode
2025-09-30 17:37:33,628 [ERROR] LogOutputStream:75 - [STDERR_REDIRECT] WARNING: Could not lock System prefs. Unix error code 2.
2025-09-30 17:37:33,629 [ERROR] LogOutputStream:75 - [STDERR_REDIRECT] 
2025-09-30 17:37:33,629 [ERROR] LogOutputStream:75 - [STDERR_REDIRECT] Sep 30, 2025 5:37:33 PM java.util.prefs.FileSystemPreferences syncWorld
2025-09-30 17:37:33,629 [ERROR] LogOutputStream:75 - [STDERR_REDIRECT] WARNING: Couldn't flush system prefs: java.util.prefs.BackingStoreException: Couldn't get file lock.
2025-09-30 17:37:33,629 [ERROR] LogOutputStream:75 - [STDERR_REDIRECT] 
2025-09-30 17:38:03,628 [ERROR] LogOutputStream:75 - [STDERR_REDIRECT] Sep 30, 2025 5:38:03 PM java.util.prefs.FileSystemPreferences checkLockFile0ErrorCode
2025-09-30 17:38:03,628 [ERROR] LogOutputStream:75 - [STDERR_REDIRECT] WARNING: Could not lock System prefs. Unix error code 2.
2025-09-30 17:38:03,628 [ERROR] LogOutputStream:75 - [STDERR_REDIRECT] 
2025-09-30 17:38:03,628 [ERROR] LogOutputStream:75 - [STDERR_REDIRECT] Sep 30, 2025 5:38:03 PM java.util.prefs.FileSystemPreferences syncWorld
2025-09-30 17:38:03,628 [ERROR] LogOutputStream:75 - [STDERR_REDIRECT] WARNING: Couldn't flush system prefs: java.util.prefs.BackingStoreException: Couldn't get file lock.
2025-09-30 17:38:03,628 [ERROR] LogOutputStream:75 - [STDERR_REDIRECT] 
2025-09-30 17:38:33,629 [ERROR] LogOutputStream:75 - [STDERR_REDIRECT] Sep 30, 2025 5:38:33 PM java.util.prefs.FileSystemPreferences checkLockFile0ErrorCode
2025-09-30 17:38:33,630 [ERROR] LogOutputStream:75 - [STDERR_REDIRECT] WARNING: Could not lock System prefs. Unix error code 2.
2025-09-30 17:38:33,630 [ERROR] LogOutputStream:75 - [STDERR_REDIRECT] 
2025-09-30 17:38:33,630 [ERROR] LogOutputStream:75 - [STDERR_REDIRECT] Sep 30, 2025 5:38:33 PM java.util.prefs.FileSystemPreferences syncWorld
2025-09-30 17:38:33,630 [ERROR] LogOutputStream:75 - [STDERR_REDIRECT] WARNING: Couldn't flush system prefs: java.util.prefs.BackingStoreException: Couldn't get file lock.
2025-09-30 17:38:33,630 [ERROR] LogOutputStream:75 - [STDERR_REDIRECT] 
2025-09-30 18:50:59,725 [INFO] WebApp:194 - Connection lost
2025-09-30 18:51:04,747 [INFO] WebApp:191 - Connection restablished
2025-09-30 18:51:06,631 [INFO] WebApp:194 - Connection lost
2025-09-30 18:51:06,850 [INFO] WebApp:191 - Connection restablished
2025-09-30 18:51:18,457 [ERROR] LogOutputStream:75 - [STDERR_REDIRECT] Sep 30, 2025 6:51:18 PM java.util.prefs.FileSystemPreferences checkLockFile0ErrorCode
2025-09-30 18:51:18,458 [ERROR] LogOutputStream:75 - [STDERR_REDIRECT] WARNING: Could not lock System prefs. Unix error code 2.
2025-09-30 18:51:18,458 [ERROR] LogOutputStream:75 - [STDERR_REDIRECT] 
2025-09-30 18:51:18,458 [ERROR] LogOutputStream:75 - [STDERR_REDIRECT] Sep 30, 2025 6:51:18 PM java.util.prefs.FileSystemPreferences syncWorld
2025-09-30 18:51:18,459 [ERROR] LogOutputStream:75 - [STDERR_REDIRECT] WARNING: Couldn't flush system prefs: java.util.prefs.BackingStoreException: Couldn't get file lock.
2025-09-30 18:51:18,459 [ERROR] LogOutputStream:75 - [STDERR_REDIRECT] 
2025-09-30 18:51:48,456 [ERROR] LogOutputStream:75 - [STDERR_REDIRECT] Sep 30, 2025 6:51:48 PM java.util.prefs.FileSystemPreferences checkLockFile0ErrorCode
2025-09-30 18:51:48,456 [ERROR] LogOutputStream:75 - [STDERR_REDIRECT] WARNING: Could not lock System prefs. Unix error code 2.
2025-09-30 18:51:48,456 [ERROR] LogOutputStream:75 - [STDERR_REDIRECT] 
2025-09-30 18:51:48,456 [ERROR] LogOutputStream:75 - [STDERR_REDIRECT] Sep 30, 2025 6:51:48 PM java.util.prefs.FileSystemPreferences syncWorld
2025-09-30 18:51:48,456 [ERROR] LogOutputStream:75 - [STDERR_REDIRECT] WARNING: Couldn't flush system prefs: java.util.prefs.BackingStoreException: Couldn't get file lock.
2025-09-30 18:51:48,457 [ERROR] LogOutputStream:75 - [STDERR_REDIRECT] 
2025-09-30 18:52:18,457 [ERROR] LogOutputStream:75 - [STDERR_REDIRECT] Sep 30, 2025 6:52:18 PM java.util.prefs.FileSystemPreferences checkLockFile0ErrorCode
2025-09-30 18:52:18,457 [ERROR] LogOutputStream:75 - [STDERR_REDIRECT] WARNING: Could not lock System prefs. Unix error code 2.
2025-09-30 18:52:18,457 [ERROR] LogOutputStream:75 - [STDERR_REDIRECT] 
2025-09-30 18:52:18,458 [ERROR] LogOutputStream:75 - [STDERR_REDIRECT] Sep 30, 2025 6:52:18 PM java.util.prefs.FileSystemPreferences syncWorld
2025-09-30 18:52:18,458 [ERROR] LogOutputStream:75 - [STDERR_REDIRECT] WARNING: Couldn't flush system prefs: java.util.prefs.BackingStoreException: Couldn't get file lock.
2025-09-30 18:52:18,458 [ERROR] LogOutputStream:75 - [STDERR_REDIRECT] 
2025-09-30 18:52:48,457 [ERROR] LogOutputStream:75 - [STDERR_REDIRECT] Sep 30, 2025 6:52:48 PM java.util.prefs.FileSystemPreferences checkLockFile0ErrorCode
2025-09-30 18:52:48,457 [ERROR] LogOutputStream:75 - [STDERR_REDIRECT] WARNING: Could not lock System prefs. Unix error code 2.
2025-09-30 18:52:48,457 [ERROR] LogOutputStream:75 - [STDERR_REDIRECT] 
2025-09-30 18:52:48,457 [ERROR] LogOutputStream:75 - [STDERR_REDIRECT] Sep 30, 2025 6:52:48 PM java.util.prefs.FileSystemPreferences syncWorld
2025-09-30 18:52:48,457 [ERROR] LogOutputStream:75 - [STDERR_REDIRECT] WARNING: Couldn't flush system prefs: java.util.prefs.BackingStoreException: Couldn't get file lock.
2025-09-30 18:52:48,457 [ERROR] LogOutputStream:75 - [STDERR_REDIRECT] 
2025-09-30 18:53:18,457 [ERROR] LogOutputStream:75 - [STDERR_REDIRECT] Sep 30, 2025 6:53:18 PM java.util.prefs.FileSystemPreferences checkLockFile0ErrorCode
2025-09-30 18:53:18,457 [ERROR] LogOutputStream:75 - [STDERR_REDIRECT] WARNING: Could not lock System prefs. Unix error code 2.
2025-09-30 18:53:18,458 [ERROR] LogOutputStream:75 - [STDERR_REDIRECT] 
2025-09-30 18:53:18,458 [ERROR] LogOutputStream:75 - [STDERR_REDIRECT] Sep 30, 2025 6:53:18 PM java.util.prefs.FileSystemPreferences syncWorld
2025-09-30 18:53:18,458 [ERROR] LogOutputStream:75 - [STDERR_REDIRECT] WARNING: Couldn't flush system prefs: java.util.prefs.BackingStoreException: Couldn't get file lock.
2025-09-30 18:53:18,458 [ERROR] LogOutputStream:75 - [STDERR_REDIRECT] 
2025-09-30 18:53:48,457 [ERROR] LogOutputStream:75 - [STDERR_REDIRECT] Sep 30, 2025 6:53:48 PM java.util.prefs.FileSystemPreferences checkLockFile0ErrorCode
2025-09-30 18:53:48,458 [ERROR] LogOutputStream:75 - [STDERR_REDIRECT] WARNING: Could not lock System prefs. Unix error code 2.
2025-09-30 18:53:48,458 [ERROR] LogOutputStream:75 - [STDERR_REDIRECT] 
2025-09-30 18:53:48,458 [ERROR] LogOutputStream:75 - [STDERR_REDIRECT] Sep 30, 2025 6:53:48 PM java.util.prefs.FileSystemPreferences syncWorld
2025-09-30 18:53:48,459 [ERROR] LogOutputStream:75 - [STDERR_REDIRECT] WARNING: Couldn't flush system prefs: java.util.prefs.BackingStoreException: Couldn't get file lock.
2025-09-30 18:53:48,459 [ERROR] LogOutputStream:75 - [STDERR_REDIRECT] 
2025-09-30 18:54:18,458 [ERROR] LogOutputStream:75 - [STDERR_REDIRECT] Sep 30, 2025 6:54:18 PM java.util.prefs.FileSystemPreferences checkLockFile0ErrorCode
2025-09-30 18:54:18,458 [ERROR] LogOutputStream:75 - [STDERR_REDIRECT] WARNING: Could not lock System prefs. Unix error code 2.
2025-09-30 18:54:18,458 [ERROR] LogOutputStream:75 - [STDERR_REDIRECT] 
2025-09-30 18:54:18,458 [ERROR] LogOutputStream:75 - [STDERR_REDIRECT] Sep 30, 2025 6:54:18 PM java.util.prefs.FileSystemPreferences syncWorld
2025-09-30 18:54:18,459 [ERROR] LogOutputStream:75 - [STDERR_REDIRECT] WARNING: Couldn't flush system prefs: java.util.prefs.BackingStoreException: Couldn't get file lock.
2025-09-30 18:54:18,459 [ERROR] LogOutputStream:75 - [STDERR_REDIRECT] 
2025-09-30 18:54:48,457 [ERROR] LogOutputStream:75 - [STDERR_REDIRECT] Sep 30, 2025 6:54:48 PM java.util.prefs.FileSystemPreferences checkLockFile0ErrorCode
2025-09-30 18:54:48,458 [ERROR] LogOutputStream:75 - [STDERR_REDIRECT] WARNING: Could not lock System prefs. Unix error code 2.
2025-09-30 18:54:48,458 [ERROR] LogOutputStream:75 - [STDERR_REDIRECT] 
2025-09-30 18:54:48,459 [ERROR] LogOutputStream:75 - [STDERR_REDIRECT] Sep 30, 2025 6:54:48 PM java.util.prefs.FileSystemPreferences syncWorld
2025-09-30 18:54:48,459 [ERROR] LogOutputStream:75 - [STDERR_REDIRECT] WARNING: Couldn't flush system prefs: java.util.prefs.BackingStoreException: Couldn't get file lock.
2025-09-30 18:54:48,459 [ERROR] LogOutputStream:75 - [STDERR_REDIRECT] 
2025-09-30 18:55:19,340 [ERROR] LogOutputStream:75 - [STDERR_REDIRECT] Sep 30, 2025 6:55:19 PM java.util.prefs.FileSystemPreferences checkLockFile0ErrorCode
2025-09-30 18:55:19,340 [ERROR] LogOutputStream:75 - [STDERR_REDIRECT] WARNING: Could not lock System prefs. Unix error code 2.
2025-09-30 18:55:19,340 [ERROR] LogOutputStream:75 - [STDERR_REDIRECT] 
2025-09-30 18:55:19,341 [ERROR] LogOutputStream:75 - [STDERR_REDIRECT] Sep 30, 2025 6:55:19 PM java.util.prefs.FileSystemPreferences syncWorld
2025-09-30 18:55:19,341 [ERROR] LogOutputStream:75 - [STDERR_REDIRECT] WARNING: Couldn't flush system prefs: java.util.prefs.BackingStoreException: Couldn't get file lock.
2025-09-30 18:55:19,341 [ERROR] LogOutputStream:75 - [STDERR_REDIRECT] 
2025-09-30 18:55:49,352 [ERROR] LogOutputStream:75 - [STDERR_REDIRECT] Sep 30, 2025 6:55:49 PM java.util.prefs.FileSystemPreferences checkLockFile0ErrorCode
2025-09-30 18:55:49,353 [ERROR] LogOutputStream:75 - [STDERR_REDIRECT] WARNING: Could not lock System prefs. Unix error code 2.
2025-09-30 18:55:49,353 [ERROR] LogOutputStream:75 - [STDERR_REDIRECT] 
2025-09-30 18:55:49,353 [ERROR] LogOutputStream:75 - [STDERR_REDIRECT] Sep 30, 2025 6:55:49 PM java.util.prefs.FileSystemPreferences syncWorld
2025-09-30 18:55:49,354 [ERROR] LogOutputStream:75 - [STDERR_REDIRECT] WARNING: Couldn't flush system prefs: java.util.prefs.BackingStoreException: Couldn't get file lock.
2025-09-30 18:55:49,354 [ERROR] LogOutputStream:75 - [STDERR_REDIRECT] 
2025-09-30 18:56:19,339 [ERROR] LogOutputStream:75 - [STDERR_REDIRECT] Sep 30, 2025 6:56:19 PM java.util.prefs.FileSystemPreferences checkLockFile0ErrorCode
2025-09-30 18:56:19,340 [ERROR] LogOutputStream:75 - [STDERR_REDIRECT] WARNING: Could not lock System prefs. Unix error code 2.
2025-09-30 18:56:19,340 [ERROR] LogOutputStream:75 - [STDERR_REDIRECT] 
2025-09-30 18:56:19,340 [ERROR] LogOutputStream:75 - [STDERR_REDIRECT] Sep 30, 2025 6:56:19 PM java.util.prefs.FileSystemPreferences syncWorld
2025-09-30 18:56:19,340 [ERROR] LogOutputStream:75 - [STDERR_REDIRECT] WARNING: Couldn't flush system prefs: java.util.prefs.BackingStoreException: Couldn't get file lock.
2025-09-30 18:56:19,340 [ERROR] LogOutputStream:75 - [STDERR_REDIRECT] 
2025-09-30 18:56:49,339 [ERROR] LogOutputStream:75 - [STDERR_REDIRECT] Sep 30, 2025 6:56:49 PM java.util.prefs.FileSystemPreferences checkLockFile0ErrorCode
2025-09-30 18:56:49,340 [ERROR] LogOutputStream:75 - [STDERR_REDIRECT] WARNING: Could not lock System prefs. Unix error code 2.
2025-09-30 18:56:49,340 [ERROR] LogOutputStream:75 - [STDERR_REDIRECT] 
2025-09-30 18:56:49,340 [ERROR] LogOutputStream:75 - [STDERR_REDIRECT] Sep 30, 2025 6:56:49 PM java.util.prefs.FileSystemPreferences syncWorld
2025-09-30 18:56:49,340 [ERROR] LogOutputStream:75 - [STDERR_REDIRECT] WARNING: Couldn't flush system prefs: java.util.prefs.BackingStoreException: Couldn't get file lock.
2025-09-30 18:56:49,340 [ERROR] LogOutputStream:75 - [STDERR_REDIRECT] 
2025-09-30 18:57:19,340 [ERROR] LogOutputStream:75 - [STDERR_REDIRECT] Sep 30, 2025 6:57:19 PM java.util.prefs.FileSystemPreferences checkLockFile0ErrorCode
2025-09-30 18:57:19,340 [ERROR] LogOutputStream:75 - [STDERR_REDIRECT] WARNING: Could not lock System prefs. Unix error code 2.
2025-09-30 18:57:19,340 [ERROR] LogOutputStream:75 - [STDERR_REDIRECT] 
2025-09-30 18:57:19,340 [ERROR] LogOutputStream:75 - [STDERR_REDIRECT] Sep 30, 2025 6:57:19 PM java.util.prefs.FileSystemPreferences syncWorld
2025-09-30 18:57:19,340 [ERROR] LogOutputStream:75 - [STDERR_REDIRECT] WARNING: Couldn't flush system prefs: java.util.prefs.BackingStoreException: Couldn't get file lock.
2025-09-30 18:57:19,340 [ERROR] LogOutputStream:75 - [STDERR_REDIRECT] 
2025-09-30 18:57:49,340 [ERROR] LogOutputStream:75 - [STDERR_REDIRECT] Sep 30, 2025 6:57:49 PM java.util.prefs.FileSystemPreferences checkLockFile0ErrorCode
2025-09-30 18:57:49,340 [ERROR] LogOutputStream:75 - [STDERR_REDIRECT] WARNING: Could not lock System prefs. Unix error code 2.
2025-09-30 18:57:49,340 [ERROR] LogOutputStream:75 - [STDERR_REDIRECT] 
2025-09-30 18:57:49,340 [ERROR] LogOutputStream:75 - [STDERR_REDIRECT] Sep 30, 2025 6:57:49 PM java.util.prefs.FileSystemPreferences syncWorld
2025-09-30 18:57:49,340 [ERROR] LogOutputStream:75 - [STDERR_REDIRECT] WARNING: Couldn't flush system prefs: java.util.prefs.BackingStoreException: Couldn't get file lock.
2025-09-30 18:57:49,341 [ERROR] LogOutputStream:75 - [STDERR_REDIRECT] 
2025-09-30 18:58:19,340 [ERROR] LogOutputStream:75 - [STDERR_REDIRECT] Sep 30, 2025 6:58:19 PM java.util.prefs.FileSystemPreferences checkLockFile0ErrorCode
2025-09-30 18:58:19,341 [ERROR] LogOutputStream:75 - [STDERR_REDIRECT] WARNING: Could not lock System prefs. Unix error code 2.
2025-09-30 18:58:19,341 [ERROR] LogOutputStream:75 - [STDERR_REDIRECT] 
2025-09-30 18:58:19,341 [ERROR] LogOutputStream:75 - [STDERR_REDIRECT] Sep 30, 2025 6:58:19 PM java.util.prefs.FileSystemPreferences syncWorld
2025-09-30 18:58:19,341 [ERROR] LogOutputStream:75 - [STDERR_REDIRECT] WARNING: Couldn't flush system prefs: java.util.prefs.BackingStoreException: Couldn't get file lock.
2025-09-30 18:58:19,342 [ERROR] LogOutputStream:75 - [STDERR_REDIRECT] 
2025-09-30 18:58:49,341 [ERROR] LogOutputStream:75 - [STDERR_REDIRECT] Sep 30, 2025 6:58:49 PM java.util.prefs.FileSystemPreferences checkLockFile0ErrorCode
2025-09-30 18:58:49,341 [ERROR] LogOutputStream:75 - [STDERR_REDIRECT] WARNING: Could not lock System prefs. Unix error code 2.
2025-09-30 18:58:49,341 [ERROR] LogOutputStream:75 - [STDERR_REDIRECT] 
2025-09-30 18:58:49,341 [ERROR] LogOutputStream:75 - [STDERR_REDIRECT] Sep 30, 2025 6:58:49 PM java.util.prefs.FileSystemPreferences syncWorld
2025-09-30 18:58:49,342 [ERROR] LogOutputStream:75 - [STDERR_REDIRECT] WARNING: Couldn't flush system prefs: java.util.prefs.BackingStoreException: Couldn't get file lock.
2025-09-30 18:58:49,342 [ERROR] LogOutputStream:75 - [STDERR_REDIRECT] 
2025-09-30 18:59:19,340 [ERROR] LogOutputStream:75 - [STDERR_REDIRECT] Sep 30, 2025 6:59:19 PM java.util.prefs.FileSystemPreferences checkLockFile0ErrorCode
2025-09-30 18:59:19,340 [ERROR] LogOutputStream:75 - [STDERR_REDIRECT] WARNING: Could not lock System prefs. Unix error code 2.
2025-09-30 18:59:19,340 [ERROR] LogOutputStream:75 - [STDERR_REDIRECT] 
2025-09-30 18:59:19,340 [ERROR] LogOutputStream:75 - [STDERR_REDIRECT] Sep 30, 2025 6:59:19 PM java.util.prefs.FileSystemPreferences syncWorld
2025-09-30 18:59:19,341 [ERROR] LogOutputStream:75 - [STDERR_REDIRECT] WARNING: Couldn't flush system prefs: java.util.prefs.BackingStoreException: Couldn't get file lock.
2025-09-30 18:59:19,341 [ERROR] LogOutputStream:75 - [STDERR_REDIRECT] 
2025-09-30 18:59:49,341 [ERROR] LogOutputStream:75 - [STDERR_REDIRECT] Sep 30, 2025 6:59:49 PM java.util.prefs.FileSystemPreferences checkLockFile0ErrorCode
2025-09-30 18:59:49,341 [ERROR] LogOutputStream:75 - [STDERR_REDIRECT] WARNING: Could not lock System prefs. Unix error code 2.
2025-09-30 18:59:49,341 [ERROR] LogOutputStream:75 - [STDERR_REDIRECT] 
2025-09-30 18:59:49,341 [ERROR] LogOutputStream:75 - [STDERR_REDIRECT] Sep 30, 2025 6:59:49 PM java.util.prefs.FileSystemPreferences syncWorld
2025-09-30 18:59:49,341 [ERROR] LogOutputStream:75 - [STDERR_REDIRECT] WARNING: Couldn't flush system prefs: java.util.prefs.BackingStoreException: Couldn't get file lock.
2025-09-30 18:59:49,342 [ERROR] LogOutputStream:75 - [STDERR_REDIRECT] 
2025-09-30 19:00:19,340 [ERROR] LogOutputStream:75 - [STDERR_REDIRECT] Sep 30, 2025 7:00:19 PM java.util.prefs.FileSystemPreferences checkLockFile0ErrorCode
2025-09-30 19:00:19,340 [ERROR] LogOutputStream:75 - [STDERR_REDIRECT] WARNING: Could not lock System prefs. Unix error code 2.
2025-09-30 19:00:19,340 [ERROR] LogOutputStream:75 - [STDERR_REDIRECT] 
2025-09-30 19:00:19,340 [ERROR] LogOutputStream:75 - [STDERR_REDIRECT] Sep 30, 2025 7:00:19 PM java.util.prefs.FileSystemPreferences syncWorld
2025-09-30 19:00:19,340 [ERROR] LogOutputStream:75 - [STDERR_REDIRECT] WARNING: Couldn't flush system prefs: java.util.prefs.BackingStoreException: Couldn't get file lock.
2025-09-30 19:00:19,340 [ERROR] LogOutputStream:75 - [STDERR_REDIRECT] 
2025-09-30 19:00:49,341 [ERROR] LogOutputStream:75 - [STDERR_REDIRECT] Sep 30, 2025 7:00:49 PM java.util.prefs.FileSystemPreferences checkLockFile0ErrorCode
2025-09-30 19:00:49,341 [ERROR] LogOutputStream:75 - [STDERR_REDIRECT] WARNING: Could not lock System prefs. Unix error code 2.
2025-09-30 19:00:49,341 [ERROR] LogOutputStream:75 - [STDERR_REDIRECT] 
2025-09-30 19:00:49,341 [ERROR] LogOutputStream:75 - [STDERR_REDIRECT] Sep 30, 2025 7:00:49 PM java.util.prefs.FileSystemPreferences syncWorld
2025-09-30 19:00:49,341 [ERROR] LogOutputStream:75 - [STDERR_REDIRECT] WARNING: Couldn't flush system prefs: java.util.prefs.BackingStoreException: Couldn't get file lock.
2025-09-30 19:00:49,341 [ERROR] LogOutputStream:75 - [STDERR_REDIRECT] 
2025-09-30 19:01:19,341 [ERROR] LogOutputStream:75 - [STDERR_REDIRECT] Sep 30, 2025 7:01:19 PM java.util.prefs.FileSystemPreferences checkLockFile0ErrorCode
2025-09-30 19:01:19,342 [ERROR] LogOutputStream:75 - [STDERR_REDIRECT] WARNING: Could not lock System prefs. Unix error code 2.
2025-09-30 19:01:19,342 [ERROR] LogOutputStream:75 - [STDERR_REDIRECT] 
2025-09-30 19:01:19,342 [ERROR] LogOutputStream:75 - [STDERR_REDIRECT] Sep 30, 2025 7:01:19 PM java.util.prefs.FileSystemPreferences syncWorld
2025-09-30 19:01:19,342 [ERROR] LogOutputStream:75 - [STDERR_REDIRECT] WARNING: Couldn't flush system prefs: java.util.prefs.BackingStoreException: Couldn't get file lock.
2025-09-30 19:01:19,342 [ERROR] LogOutputStream:75 - [STDERR_REDIRECT] 
2025-09-30 19:01:49,341 [ERROR] LogOutputStream:75 - [STDERR_REDIRECT] Sep 30, 2025 7:01:49 PM java.util.prefs.FileSystemPreferences checkLockFile0ErrorCode
2025-09-30 19:01:49,341 [ERROR] LogOutputStream:75 - [STDERR_REDIRECT] WARNING: Could not lock System prefs. Unix error code 2.
2025-09-30 19:01:49,341 [ERROR] LogOutputStream:75 - [STDERR_REDIRECT] 
2025-09-30 19:01:49,341 [ERROR] LogOutputStream:75 - [STDERR_REDIRECT] Sep 30, 2025 7:01:49 PM java.util.prefs.FileSystemPreferences syncWorld
2025-09-30 19:01:49,342 [ERROR] LogOutputStream:75 - [STDERR_REDIRECT] WARNING: Couldn't flush system prefs: java.util.prefs.BackingStoreException: Couldn't get file lock.
2025-09-30 19:01:49,342 [ERROR] LogOutputStream:75 - [STDERR_REDIRECT] 
2025-09-30 19:02:19,341 [ERROR] LogOutputStream:75 - [STDERR_REDIRECT] Sep 30, 2025 7:02:19 PM java.util.prefs.FileSystemPreferences checkLockFile0ErrorCode
2025-09-30 19:02:19,341 [ERROR] LogOutputStream:75 - [STDERR_REDIRECT] WARNING: Could not lock System prefs. Unix error code 2.
2025-09-30 19:02:19,341 [ERROR] LogOutputStream:75 - [STDERR_REDIRECT] 
2025-09-30 19:02:19,341 [ERROR] LogOutputStream:75 - [STDERR_REDIRECT] Sep 30, 2025 7:02:19 PM java.util.prefs.FileSystemPreferences syncWorld
2025-09-30 19:02:19,341 [ERROR] LogOutputStream:75 - [STDERR_REDIRECT] WARNING: Couldn't flush system prefs: java.util.prefs.BackingStoreException: Couldn't get file lock.
2025-09-30 19:02:19,341 [ERROR] LogOutputStream:75 - [STDERR_REDIRECT] 
2025-09-30 19:02:49,342 [ERROR] LogOutputStream:75 - [STDERR_REDIRECT] Sep 30, 2025 7:02:49 PM java.util.prefs.FileSystemPreferences checkLockFile0ErrorCode
2025-09-30 19:02:49,342 [ERROR] LogOutputStream:75 - [STDERR_REDIRECT] WARNING: Could not lock System prefs. Unix error code 2.
2025-09-30 19:02:49,342 [ERROR] LogOutputStream:75 - [STDERR_REDIRECT] 
2025-09-30 19:02:49,342 [ERROR] LogOutputStream:75 - [STDERR_REDIRECT] Sep 30, 2025 7:02:49 PM java.util.prefs.FileSystemPreferences syncWorld
2025-09-30 19:02:49,342 [ERROR] LogOutputStream:75 - [STDERR_REDIRECT] WARNING: Couldn't flush system prefs: java.util.prefs.BackingStoreException: Couldn't get file lock.
2025-09-30 19:02:49,342 [ERROR] LogOutputStream:75 - [STDERR_REDIRECT] 
2025-09-30 19:03:19,342 [ERROR] LogOutputStream:75 - [STDERR_REDIRECT] Sep 30, 2025 7:03:19 PM java.util.prefs.FileSystemPreferences checkLockFile0ErrorCode
2025-09-30 19:03:19,342 [ERROR] LogOutputStream:75 - [STDERR_REDIRECT] WARNING: Could not lock System prefs. Unix error code 2.
2025-09-30 19:03:19,342 [ERROR] LogOutputStream:75 - [STDERR_REDIRECT] 
2025-09-30 19:03:19,342 [ERROR] LogOutputStream:75 - [STDERR_REDIRECT] Sep 30, 2025 7:03:19 PM java.util.prefs.FileSystemPreferences syncWorld
2025-09-30 19:03:19,342 [ERROR] LogOutputStream:75 - [STDERR_REDIRECT] WARNING: Couldn't flush system prefs: java.util.prefs.BackingStoreException: Couldn't get file lock.
2025-09-30 19:03:19,342 [ERROR] LogOutputStream:75 - [STDERR_REDIRECT] 
2025-09-30 19:03:49,341 [ERROR] LogOutputStream:75 - [STDERR_REDIRECT] Sep 30, 2025 7:03:49 PM java.util.prefs.FileSystemPreferences checkLockFile0ErrorCode
2025-09-30 19:03:49,342 [ERROR] LogOutputStream:75 - [STDERR_REDIRECT] WARNING: Could not lock System prefs. Unix error code 2.
2025-09-30 19:03:49,342 [ERROR] LogOutputStream:75 - [STDERR_REDIRECT] 
2025-09-30 19:03:49,342 [ERROR] LogOutputStream:75 - [STDERR_REDIRECT] Sep 30, 2025 7:03:49 PM java.util.prefs.FileSystemPreferences syncWorld
2025-09-30 19:03:49,342 [ERROR] LogOutputStream:75 - [STDERR_REDIRECT] WARNING: Couldn't flush system prefs: java.util.prefs.BackingStoreException: Couldn't get file lock.
2025-09-30 19:03:49,342 [ERROR] LogOutputStream:75 - [STDERR_REDIRECT] 
2025-09-30 19:04:19,341 [ERROR] LogOutputStream:75 - [STDERR_REDIRECT] Sep 30, 2025 7:04:19 PM java.util.prefs.FileSystemPreferences checkLockFile0ErrorCode
2025-09-30 19:04:19,341 [ERROR] LogOutputStream:75 - [STDERR_REDIRECT] WARNING: Could not lock System prefs. Unix error code 2.
2025-09-30 19:04:19,341 [ERROR] LogOutputStream:75 - [STDERR_REDIRECT] 
2025-09-30 19:04:19,341 [ERROR] LogOutputStream:75 - [STDERR_REDIRECT] Sep 30, 2025 7:04:19 PM java.util.prefs.FileSystemPreferences syncWorld
2025-09-30 19:04:19,342 [ERROR] LogOutputStream:75 - [STDERR_REDIRECT] WARNING: Couldn't flush system prefs: java.util.prefs.BackingStoreException: Couldn't get file lock.
2025-09-30 19:04:19,342 [ERROR] LogOutputStream:75 - [STDERR_REDIRECT] 
2025-09-30 19:04:49,341 [ERROR] LogOutputStream:75 - [STDERR_REDIRECT] Sep 30, 2025 7:04:49 PM java.util.prefs.FileSystemPreferences checkLockFile0ErrorCode
2025-09-30 19:04:49,341 [ERROR] LogOutputStream:75 - [STDERR_REDIRECT] WARNING: Could not lock System prefs. Unix error code 2.
2025-09-30 19:04:49,342 [ERROR] LogOutputStream:75 - [STDERR_REDIRECT] 
2025-09-30 19:04:49,342 [ERROR] LogOutputStream:75 - [STDERR_REDIRECT] Sep 30, 2025 7:04:49 PM java.util.prefs.FileSystemPreferences syncWorld
2025-09-30 19:04:49,342 [ERROR] LogOutputStream:75 - [STDERR_REDIRECT] WARNING: Couldn't flush system prefs: java.util.prefs.BackingStoreException: Couldn't get file lock.
2025-09-30 19:04:49,342 [ERROR] LogOutputStream:75 - [STDERR_REDIRECT] 
2025-09-30 19:05:19,342 [ERROR] LogOutputStream:75 - [STDERR_REDIRECT] Sep 30, 2025 7:05:19 PM java.util.prefs.FileSystemPreferences checkLockFile0ErrorCode
2025-09-30 19:05:19,343 [ERROR] LogOutputStream:75 - [STDERR_REDIRECT] WARNING: Could not lock System prefs. Unix error code 2.
2025-09-30 19:05:19,343 [ERROR] LogOutputStream:75 - [STDERR_REDIRECT] 
2025-09-30 19:05:19,343 [ERROR] LogOutputStream:75 - [STDERR_REDIRECT] Sep 30, 2025 7:05:19 PM java.util.prefs.FileSystemPreferences syncWorld
2025-09-30 19:05:19,344 [ERROR] LogOutputStream:75 - [STDERR_REDIRECT] WARNING: Couldn't flush system prefs: java.util.prefs.BackingStoreException: Couldn't get file lock.
2025-09-30 19:05:19,344 [ERROR] LogOutputStream:75 - [STDERR_REDIRECT] 
2025-09-30 19:05:49,343 [ERROR] LogOutputStream:75 - [STDERR_REDIRECT] Sep 30, 2025 7:05:49 PM java.util.prefs.FileSystemPreferences checkLockFile0ErrorCode
2025-09-30 19:05:49,344 [ERROR] LogOutputStream:75 - [STDERR_REDIRECT] WARNING: Could not lock System prefs. Unix error code 2.
2025-09-30 19:05:49,344 [ERROR] LogOutputStream:75 - [STDERR_REDIRECT] 
2025-09-30 19:05:49,345 [ERROR] LogOutputStream:75 - [STDERR_REDIRECT] Sep 30, 2025 7:05:49 PM java.util.prefs.FileSystemPreferences syncWorld
2025-09-30 19:05:49,345 [ERROR] LogOutputStream:75 - [STDERR_REDIRECT] WARNING: Couldn't flush system prefs: java.util.prefs.BackingStoreException: Couldn't get file lock.
2025-09-30 19:05:49,345 [ERROR] LogOutputStream:75 - [STDERR_REDIRECT] 
2025-09-30 19:06:19,342 [ERROR] LogOutputStream:75 - [STDERR_REDIRECT] Sep 30, 2025 7:06:19 PM java.util.prefs.FileSystemPreferences checkLockFile0ErrorCode
2025-09-30 19:06:19,342 [ERROR] LogOutputStream:75 - [STDERR_REDIRECT] WARNING: Could not lock System prefs. Unix error code 2.
2025-09-30 19:06:19,343 [ERROR] LogOutputStream:75 - [STDERR_REDIRECT] 
2025-09-30 19:06:19,343 [ERROR] LogOutputStream:75 - [STDERR_REDIRECT] Sep 30, 2025 7:06:19 PM java.util.prefs.FileSystemPreferences syncWorld
2025-09-30 19:06:19,343 [ERROR] LogOutputStream:75 - [STDERR_REDIRECT] WARNING: Couldn't flush system prefs: java.util.prefs.BackingStoreException: Couldn't get file lock.
2025-09-30 19:06:19,343 [ERROR] LogOutputStream:75 - [STDERR_REDIRECT] 
2025-09-30 19:06:49,343 [ERROR] LogOutputStream:75 - [STDERR_REDIRECT] Sep 30, 2025 7:06:49 PM java.util.prefs.FileSystemPreferences checkLockFile0ErrorCode
2025-09-30 19:06:49,343 [ERROR] LogOutputStream:75 - [STDERR_REDIRECT] WARNING: Could not lock System prefs. Unix error code 2.
2025-09-30 19:06:49,344 [ERROR] LogOutputStream:75 - [STDERR_REDIRECT] 
2025-09-30 19:06:49,344 [ERROR] LogOutputStream:75 - [STDERR_REDIRECT] Sep 30, 2025 7:06:49 PM java.util.prefs.FileSystemPreferences syncWorld
2025-09-30 19:06:49,344 [ERROR] LogOutputStream:75 - [STDERR_REDIRECT] WARNING: Couldn't flush system prefs: java.util.prefs.BackingStoreException: Couldn't get file lock.
2025-09-30 19:06:49,344 [ERROR] LogOutputStream:75 - [STDERR_REDIRECT] 
2025-09-30 19:07:19,345 [ERROR] LogOutputStream:75 - [STDERR_REDIRECT] Sep 30, 2025 7:07:19 PM java.util.prefs.FileSystemPreferences checkLockFile0ErrorCode
2025-09-30 19:07:19,346 [ERROR] LogOutputStream:75 - [STDERR_REDIRECT] WARNING: Could not lock System prefs. Unix error code 2.
2025-09-30 19:07:19,346 [ERROR] LogOutputStream:75 - [STDERR_REDIRECT] 
2025-09-30 19:07:19,346 [ERROR] LogOutputStream:75 - [STDERR_REDIRECT] Sep 30, 2025 7:07:19 PM java.util.prefs.FileSystemPreferences syncWorld
2025-09-30 19:07:19,346 [ERROR] LogOutputStream:75 - [STDERR_REDIRECT] WARNING: Couldn't flush system prefs: java.util.prefs.BackingStoreException: Couldn't get file lock.
2025-09-30 19:07:19,346 [ERROR] LogOutputStream:75 - [STDERR_REDIRECT] 
2025-09-30 19:07:49,347 [ERROR] LogOutputStream:75 - [STDERR_REDIRECT] Sep 30, 2025 7:07:49 PM java.util.prefs.FileSystemPreferences checkLockFile0ErrorCode
2025-09-30 19:07:49,347 [ERROR] LogOutputStream:75 - [STDERR_REDIRECT] WARNING: Could not lock System prefs. Unix error code 2.
2025-09-30 19:07:49,347 [ERROR] LogOutputStream:75 - [STDERR_REDIRECT] 
2025-09-30 19:07:49,348 [ERROR] LogOutputStream:75 - [STDERR_REDIRECT] Sep 30, 2025 7:07:49 PM java.util.prefs.FileSystemPreferences syncWorld
2025-09-30 19:07:49,348 [ERROR] LogOutputStream:75 - [STDERR_REDIRECT] WARNING: Couldn't flush system prefs: java.util.prefs.BackingStoreException: Couldn't get file lock.
2025-09-30 19:07:49,348 [ERROR] LogOutputStream:75 - [STDERR_REDIRECT] 
2025-09-30 19:08:19,343 [ERROR] LogOutputStream:75 - [STDERR_REDIRECT] Sep 30, 2025 7:08:19 PM java.util.prefs.FileSystemPreferences checkLockFile0ErrorCode
2025-09-30 19:08:19,343 [ERROR] LogOutputStream:75 - [STDERR_REDIRECT] WARNING: Could not lock System prefs. Unix error code 2.
2025-09-30 19:08:19,344 [ERROR] LogOutputStream:75 - [STDERR_REDIRECT] 
2025-09-30 19:08:19,344 [ERROR] LogOutputStream:75 - [STDERR_REDIRECT] Sep 30, 2025 7:08:19 PM java.util.prefs.FileSystemPreferences syncWorld
2025-09-30 19:08:19,344 [ERROR] LogOutputStream:75 - [STDERR_REDIRECT] WARNING: Couldn't flush system prefs: java.util.prefs.BackingStoreException: Couldn't get file lock.
2025-09-30 19:08:19,344 [ERROR] LogOutputStream:75 - [STDERR_REDIRECT] 
2025-09-30 19:08:49,344 [ERROR] LogOutputStream:75 - [STDERR_REDIRECT] Sep 30, 2025 7:08:49 PM java.util.prefs.FileSystemPreferences checkLockFile0ErrorCode
2025-09-30 19:08:49,344 [ERROR] LogOutputStream:75 - [STDERR_REDIRECT] WARNING: Could not lock System prefs. Unix error code 2.
2025-09-30 19:08:49,344 [ERROR] LogOutputStream:75 - [STDERR_REDIRECT] 
2025-09-30 19:08:49,344 [ERROR] LogOutputStream:75 - [STDERR_REDIRECT] Sep 30, 2025 7:08:49 PM java.util.prefs.FileSystemPreferences syncWorld
2025-09-30 19:08:49,344 [ERROR] LogOutputStream:75 - [STDERR_REDIRECT] WARNING: Couldn't flush system prefs: java.util.prefs.BackingStoreException: Couldn't get file lock.
2025-09-30 19:08:49,345 [ERROR] LogOutputStream:75 - [STDERR_REDIRECT] 
2025-09-30 19:09:19,347 [ERROR] LogOutputStream:75 - [STDERR_REDIRECT] Sep 30, 2025 7:09:19 PM java.util.prefs.FileSystemPreferences checkLockFile0ErrorCode
2025-09-30 19:09:19,347 [ERROR] LogOutputStream:75 - [STDERR_REDIRECT] WARNING: Could not lock System prefs. Unix error code 2.
2025-09-30 19:09:19,348 [ERROR] LogOutputStream:75 - [STDERR_REDIRECT] 
2025-09-30 19:09:19,348 [ERROR] LogOutputStream:75 - [STDERR_REDIRECT] Sep 30, 2025 7:09:19 PM java.util.prefs.FileSystemPreferences syncWorld
2025-09-30 19:09:19,348 [ERROR] LogOutputStream:75 - [STDERR_REDIRECT] WARNING: Couldn't flush system prefs: java.util.prefs.BackingStoreException: Couldn't get file lock.
2025-09-30 19:09:19,348 [ERROR] LogOutputStream:75 - [STDERR_REDIRECT] 
2025-09-30 19:09:49,345 [ERROR] LogOutputStream:75 - [STDERR_REDIRECT] Sep 30, 2025 7:09:49 PM java.util.prefs.FileSystemPreferences checkLockFile0ErrorCode
2025-09-30 19:09:49,345 [ERROR] LogOutputStream:75 - [STDERR_REDIRECT] WARNING: Could not lock System prefs. Unix error code 2.
2025-09-30 19:09:49,345 [ERROR] LogOutputStream:75 - [STDERR_REDIRECT] 
2025-09-30 19:09:49,345 [ERROR] LogOutputStream:75 - [STDERR_REDIRECT] Sep 30, 2025 7:09:49 PM java.util.prefs.FileSystemPreferences syncWorld
2025-09-30 19:09:49,346 [ERROR] LogOutputStream:75 - [STDERR_REDIRECT] WARNING: Couldn't flush system prefs: java.util.prefs.BackingStoreException: Couldn't get file lock.
2025-09-30 19:09:49,346 [ERROR] LogOutputStream:75 - [STDERR_REDIRECT] 
2025-09-30 19:10:19,345 [ERROR] LogOutputStream:75 - [STDERR_REDIRECT] Sep 30, 2025 7:10:19 PM java.util.prefs.FileSystemPreferences checkLockFile0ErrorCode
2025-09-30 19:10:19,345 [ERROR] LogOutputStream:75 - [STDERR_REDIRECT] WARNING: Could not lock System prefs. Unix error code 2.
2025-09-30 19:10:19,345 [ERROR] LogOutputStream:75 - [STDERR_REDIRECT] 
2025-09-30 19:10:19,345 [ERROR] LogOutputStream:75 - [STDERR_REDIRECT] Sep 30, 2025 7:10:19 PM java.util.prefs.FileSystemPreferences syncWorld
2025-09-30 19:10:19,346 [ERROR] LogOutputStream:75 - [STDERR_REDIRECT] WARNING: Couldn't flush system prefs: java.util.prefs.BackingStoreException: Couldn't get file lock.
2025-09-30 19:10:19,346 [ERROR] LogOutputStream:75 - [STDERR_REDIRECT] 
2025-09-30 19:10:49,345 [ERROR] LogOutputStream:75 - [STDERR_REDIRECT] Sep 30, 2025 7:10:49 PM java.util.prefs.FileSystemPreferences checkLockFile0ErrorCode
2025-09-30 19:10:49,345 [ERROR] LogOutputStream:75 - [STDERR_REDIRECT] WARNING: Could not lock System prefs. Unix error code 2.
2025-09-30 19:10:49,345 [ERROR] LogOutputStream:75 - [STDERR_REDIRECT] 
2025-09-30 19:10:49,345 [ERROR] LogOutputStream:75 - [STDERR_REDIRECT] Sep 30, 2025 7:10:49 PM java.util.prefs.FileSystemPreferences syncWorld
2025-09-30 19:10:49,346 [ERROR] LogOutputStream:75 - [STDERR_REDIRECT] WARNING: Couldn't flush system prefs: java.util.prefs.BackingStoreException: Couldn't get file lock.
2025-09-30 19:10:49,346 [ERROR] LogOutputStream:75 - [STDERR_REDIRECT] 
2025-09-30 19:10:58,836 [ERROR] LogOutputStream:75 - [STDERR_REDIRECT] 
2025-09-30 19:10:58,837 [ERROR] LogOutputStream:75 - [STDERR_REDIRECT] 
2025-09-30 19:57:38,795 [INFO] Activator:176 - 


2025-09-30 19:57:38,797 [INFO] Activator:177 - !SESSION log4j initialized
2025-09-30 19:57:42,626 [INFO] LogOutputStream:77 - [STDOUT_REDIRECT] 
2025-09-30 19:57:44,024 [INFO] ApplicationProperties:184 - Using Application install path: /opt/st/stm32cubeide_1.19.0/plugins/com.st.stm32cube.common.mx_6.15.0.202507011659
2025-09-30 19:57:44,036 [INFO] DbMcusXml:78 - Set database path to: /opt/st/stm32cubeide_1.19.0/plugins/com.st.stm32cube.common.mx_6.15.0.202507011659//db//mcu/
2025-09-30 19:57:44,036 [INFO] ApiDb:274 - Set plugin database path to: /opt/st/stm32cubeide_1.19.0/plugins/com.st.stm32cube.common.mx_6.15.0.202507011659//db//plugins/boardmanager/
2025-09-30 19:57:44,036 [WARN] ApiDb:259 - Overriding images path with different value:  => /opt/st/stm32cubeide_1.19.0/plugins/com.st.stm32cube.common.mx_6.15.0.202507011659//db//plugins/mcufinder/images/
2025-09-30 19:57:44,038 [INFO] ApiDb:250 - Set database path to: /home/tomas1908/.stmcufinder/plugins/mcufinder//mcu/
2025-09-30 19:57:44,039 [INFO] DbMcusAds:125 - Set database path to: /home/tomas1908/.stmcufinder/plugins/mcufinder//mcu/
2025-09-30 19:57:44,040 [INFO] CrossReferenceDbSqlite:203 - Set database path to: /home/tomas1908/.stmcufinder/plugins/mcufinder//mcu/cs/
2025-09-30 19:57:44,123 [INFO] RulesReader:64 - Compatibility file has been processed (317 Rules)
2025-09-30 19:57:44,158 [INFO] DbMcusXml:78 - Set database path to: /opt/st/stm32cubeide_1.19.0/plugins/com.st.stm32cube.common.mx_6.15.0.202507011659//db//mcu/
2025-09-30 19:57:44,158 [INFO] ApiDb:274 - Set plugin database path to: /opt/st/stm32cubeide_1.19.0/plugins/com.st.stm32cube.common.mx_6.15.0.202507011659//db//plugins/boardmanager/
2025-09-30 19:57:44,158 [INFO] ApiDb:261 - Set plugin images path to: /opt/st/stm32cubeide_1.19.0/plugins/com.st.stm32cube.common.mx_6.15.0.202507011659//db//plugins/mcufinder/images/
2025-09-30 19:57:44,158 [WARN] DbFile:41 - Overriding database path with different value: /home/tomas1908/.stmcufinder/plugins/mcufinder/ => /home/tomas1908/.stmcufinder/plugins/mcufinder
2025-09-30 19:57:44,158 [INFO] ApiDb:250 - Set database path to: /home/tomas1908/.stmcufinder/plugins/mcufinder//mcu/
2025-09-30 19:57:44,158 [WARN] DbFile:41 - Overriding database path with different value: /home/tomas1908/.stmcufinder/plugins/mcufinder/ => /home/tomas1908/.stmcufinder/plugins/mcufinder
2025-09-30 19:57:44,158 [INFO] DbMcusAds:125 - Set database path to: /home/tomas1908/.stmcufinder/plugins/mcufinder//mcu/
2025-09-30 19:57:44,158 [WARN] DbFile:41 - Overriding database path with different value: /home/tomas1908/.stmcufinder/plugins/mcufinder/ => /home/tomas1908/.stmcufinder/plugins/mcufinder
2025-09-30 19:57:44,159 [WARN] DbFile:41 - Overriding database path with different value: /home/tomas1908/.stmcufinder/plugins/mcufinder/ => /home/tomas1908/.stmcufinder/plugins/mcufinder
2025-09-30 19:57:44,159 [INFO] CrossReferenceDbSqlite:203 - Set database path to: /home/tomas1908/.stmcufinder/plugins/mcufinder//mcu/cs/
2025-09-30 19:57:44,200 [INFO] MainPanel:274 - HeapMemory: 268435456
2025-09-30 19:57:44,280 [INFO] DbMcusXml:78 - Set database path to: /opt/st/stm32cubeide_1.19.0/plugins/com.st.stm32cube.common.mx_6.15.0.202507011659//db//mcu/
2025-09-30 19:57:44,280 [INFO] ApiDb:274 - Set plugin database path to: /opt/st/stm32cubeide_1.19.0/plugins/com.st.stm32cube.common.mx_6.15.0.202507011659//db//plugins/boardmanager/
2025-09-30 19:57:44,280 [INFO] ApiDb:261 - Set plugin images path to: /opt/st/stm32cubeide_1.19.0/plugins/com.st.stm32cube.common.mx_6.15.0.202507011659//db//plugins/mcufinder/images/
2025-09-30 19:57:44,281 [WARN] DbFile:41 - Overriding database path with different value: /home/tomas1908/.stmcufinder/plugins/mcufinder/ => /home/tomas1908/.stmcufinder/plugins/mcufinder
2025-09-30 19:57:44,281 [INFO] ApiDb:250 - Set database path to: /home/tomas1908/.stmcufinder/plugins/mcufinder//mcu/
2025-09-30 19:57:44,281 [WARN] DbFile:41 - Overriding database path with different value: /home/tomas1908/.stmcufinder/plugins/mcufinder/ => /home/tomas1908/.stmcufinder/plugins/mcufinder
2025-09-30 19:57:44,281 [INFO] DbMcusAds:125 - Set database path to: /home/tomas1908/.stmcufinder/plugins/mcufinder//mcu/
2025-09-30 19:57:44,281 [WARN] DbFile:41 - Overriding database path with different value: /home/tomas1908/.stmcufinder/plugins/mcufinder/ => /home/tomas1908/.stmcufinder/plugins/mcufinder
2025-09-30 19:57:44,281 [WARN] DbFile:41 - Overriding database path with different value: /home/tomas1908/.stmcufinder/plugins/mcufinder/ => /home/tomas1908/.stmcufinder/plugins/mcufinder
2025-09-30 19:57:44,281 [INFO] CrossReferenceDbSqlite:203 - Set database path to: /home/tomas1908/.stmcufinder/plugins/mcufinder//mcu/cs/
2025-09-30 19:57:44,292 [INFO] ApplicationProperties:184 - Using Application install path: /opt/st/stm32cubeide_1.19.0/plugins/com.st.stm32cube.common.mx_6.15.0.202507011659
2025-09-30 19:57:44,293 [INFO] PluginManage:196 - Search for loadable plugins [exclusion list=, ]
2025-09-30 19:57:44,294 [INFO] PluginManage:310 - Check plugin analytics
2025-09-30 19:57:44,413 [INFO] AnalyticsPlugin:253 - Accepted Software Licenses: 
2025-09-30 19:57:44,414 [INFO] AnalyticsPlugin:255 - Accepted CMSIS Pack Licenses: 
2025-09-30 19:57:44,414 [INFO] AnalyticsPlugin:257 - Accepted Firmware Licenses: FW.F4.1.28.0
2025-09-30 19:57:44,416 [INFO] PluginManage:359 - Loaded plugin analytics (category:tool,tabindex:-1)
2025-09-30 19:57:44,416 [INFO] PluginManage:310 - Check plugin cadmodel
2025-09-30 19:57:44,419 [INFO] CADModel:105 - Init CAD model plugin
2025-09-30 19:57:44,419 [INFO] PluginManage:359 - Loaded plugin cadmodel (category:power,tabindex:5)
2025-09-30 19:57:44,419 [INFO] PluginManage:310 - Check plugin clock
2025-09-30 19:57:44,425 [INFO] PluginManage:359 - Loaded plugin clock (category:base,tabindex:2)
2025-09-30 19:57:44,425 [INFO] PluginManage:310 - Check plugin ddr
2025-09-30 19:57:44,426 [INFO] PluginManage:359 - Loaded plugin ddr (category:tool,tabindex:6)
2025-09-30 19:57:44,426 [INFO] PluginManage:310 - Check plugin filemanager
2025-09-30 19:57:44,526 [INFO] PluginManage:359 - Loaded plugin filemanager (category:base,tabindex:10)
2025-09-30 19:57:44,526 [INFO] PluginManage:310 - Check plugin ipmanager
2025-09-30 19:57:44,529 [INFO] PluginManage:359 - Loaded plugin ipmanager (category:base,tabindex:5)
2025-09-30 19:57:44,529 [INFO] PluginManage:310 - Check plugin lpbam
2025-09-30 19:57:44,535 [INFO] PluginManage:359 - Loaded plugin lpbam (category:base,tabindex:0)
2025-09-30 19:57:44,535 [INFO] PluginManage:310 - Check plugin memorymap
2025-09-30 19:57:44,543 [INFO] PluginManage:359 - Loaded plugin memorymap (category:base,tabindex:4)
2025-09-30 19:57:44,543 [INFO] PluginManage:310 - Check plugin pinoutandconfiguration
2025-09-30 19:57:44,548 [INFO] PluginManage:359 - Loaded plugin pinoutandconfiguration (category:base,tabindex:1)
2025-09-30 19:57:44,548 [INFO] PluginManage:310 - Check plugin pinoutconfig
2025-09-30 19:57:44,606 [WARN] SupportedApi:132 - Cannot load RTOS API schema: s4s-elt-must-match.1: The content of 'definitions' must match (annotation?, (simpleType | complexType)?, (unique | key | keyref)*)). A problem was found starting at: attribute.
2025-09-30 19:57:44,711 [INFO] PluginManage:359 - Loaded plugin pinoutconfig (category:base,tabindex:0)
2025-09-30 19:57:44,711 [INFO] PluginManage:310 - Check plugin power
2025-09-30 19:57:44,717 [INFO] PluginManage:359 - Loaded plugin power (category:power,tabindex:4)
2025-09-30 19:57:44,717 [INFO] PluginManage:310 - Check plugin projectmanager
2025-09-30 19:57:44,728 [INFO] PluginManage:359 - Loaded plugin projectmanager (category:projectmanager,tabindex:4)
2025-09-30 19:57:44,728 [INFO] PluginManage:310 - Check plugin rif
2025-09-30 19:57:44,735 [INFO] PluginManage:359 - Loaded plugin rif (category:base,tabindex:3)
2025-09-30 19:57:44,735 [INFO] PluginManage:310 - Check plugin thirdparty
2025-09-30 19:57:44,810 [INFO] PluginManage:359 - Loaded plugin thirdparty (category:base,tabindex:-1)
2025-09-30 19:57:44,810 [WARN] IntegrityCheckThread:84 - waiting for thirdparty lock release [integrity check]
2025-09-30 19:57:44,811 [INFO] PluginManage:310 - Check plugin tools
2025-09-30 19:57:44,811 [INFO] IntegrityCheckThread:86 - entering critical section [integrity check]
2025-09-30 19:57:44,811 [INFO] ThirdPartyUpdaterWithRetryManager:70 - Updater plugin not ready yet. [1/15]
2025-09-30 19:57:44,812 [INFO] PluginManage:359 - Loaded plugin tools (category:base,tabindex:7)
2025-09-30 19:57:44,812 [INFO] PluginManage:310 - Check plugin tutovideos
2025-09-30 19:57:44,935 [INFO] PluginManage:359 - Loaded plugin tutovideos (category:base,tabindex:-1)
2025-09-30 19:57:44,935 [INFO] PluginManage:310 - Check plugin updater
2025-09-30 19:57:44,953 [INFO] PluginManage:359 - Loaded plugin updater (category:base,tabindex:12)
2025-09-30 19:57:44,953 [INFO] PluginManage:310 - Check plugin userauth
2025-09-30 19:57:44,956 [INFO] UserAuth:118 - Init User Auth plugin
2025-09-30 19:57:44,957 [INFO] PluginManage:359 - Loaded plugin userauth (category:base,tabindex:14)
2025-09-30 19:57:44,957 [INFO] PluginManage:283 - PluginManage : Loaded plugins [18]
2025-09-30 19:57:45,083 [INFO] PinOutPanel:1589 - setPackage(No Configuration,No Configuration)
2025-09-30 19:57:45,131 [INFO] CADModel:165 - CPN selected for project level
2025-09-30 19:57:45,131 [INFO] CADModel:114 - Register for checkConnection events
2025-09-30 19:57:45,139 [INFO] IPUIPlugin:80 - create IPUIPlugin
2025-09-30 19:57:45,140 [INFO] PluginManager:220 - loadIPPluginJar : add i2c
2025-09-30 19:57:45,143 [INFO] IPUIPlugin:80 - create IPUIPlugin
2025-09-30 19:57:45,144 [INFO] PluginManager:220 - loadIPPluginJar : add mdma
2025-09-30 19:57:45,145 [INFO] IPUIPlugin:80 - create IPUIPlugin
2025-09-30 19:57:45,145 [INFO] PluginManager:220 - loadIPPluginJar : add aes
2025-09-30 19:57:45,147 [INFO] IPUIPlugin:80 - create IPUIPlugin
2025-09-30 19:57:45,147 [INFO] PluginManager:220 - loadIPPluginJar : add can
2025-09-30 19:57:45,151 [INFO] IPUIPlugin:80 - create IPUIPlugin
2025-09-30 19:57:45,151 [INFO] PluginManager:220 - loadIPPluginJar : add freertos
2025-09-30 19:57:45,153 [INFO] IPUIPlugin:80 - create IPUIPlugin
2025-09-30 19:57:45,153 [INFO] PluginManager:220 - loadIPPluginJar : add gtzc
2025-09-30 19:57:45,154 [INFO] IPUIPlugin:80 - create IPUIPlugin
2025-09-30 19:57:45,154 [INFO] PluginManager:220 - loadIPPluginJar : add ts
2025-09-30 19:57:45,159 [INFO] IPUIPlugin:80 - create IPUIPlugin
2025-09-30 19:57:45,159 [INFO] PluginManager:220 - loadIPPluginJar : add stm32_wpan
2025-09-30 19:57:45,160 [INFO] IPUIPlugin:80 - create IPUIPlugin
2025-09-30 19:57:45,160 [INFO] PluginManager:220 - loadIPPluginJar : add fatfs
2025-09-30 19:57:45,164 [INFO] IPUIPlugin:80 - create IPUIPlugin
2025-09-30 19:57:45,164 [INFO] PluginManager:220 - loadIPPluginJar : add dma
2025-09-30 19:57:45,166 [INFO] IPUIPlugin:80 - create IPUIPlugin
2025-09-30 19:57:45,167 [INFO] PluginManager:220 - loadIPPluginJar : add usbx
2025-09-30 19:57:45,168 [INFO] IPUIPlugin:80 - create IPUIPlugin
2025-09-30 19:57:45,168 [INFO] PluginManager:220 - loadIPPluginJar : add hash
2025-09-30 19:57:45,169 [INFO] IPUIPlugin:80 - create IPUIPlugin
2025-09-30 19:57:45,169 [INFO] PluginManager:220 - loadIPPluginJar : add cryp
2025-09-30 19:57:45,171 [INFO] IPUIPlugin:80 - create IPUIPlugin
2025-09-30 19:57:45,171 [INFO] PluginManager:220 - loadIPPluginJar : add openamp
2025-09-30 19:57:45,171 [INFO] IPUIPlugin:80 - create IPUIPlugin
2025-09-30 19:57:45,172 [INFO] PluginManager:220 - loadIPPluginJar : add genericplugin
2025-09-30 19:57:45,173 [INFO] IPUIPlugin:80 - create IPUIPlugin
2025-09-30 19:57:45,173 [INFO] PluginManager:220 - loadIPPluginJar : add ipddr
2025-09-30 19:57:45,175 [INFO] IPUIPlugin:80 - create IPUIPlugin
2025-09-30 19:57:45,175 [INFO] PluginManager:220 - loadIPPluginJar : add opamp
2025-09-30 19:57:45,175 [INFO] IPUIPlugin:80 - create IPUIPlugin
2025-09-30 19:57:45,175 [INFO] PluginManager:220 - loadIPPluginJar : add ltdc
2025-09-30 19:57:45,176 [INFO] IPUIPlugin:80 - create IPUIPlugin
2025-09-30 19:57:45,177 [INFO] PluginManager:220 - loadIPPluginJar : add dfsdm
2025-09-30 19:57:45,180 [INFO] IPUIPlugin:80 - create IPUIPlugin
2025-09-30 19:57:45,180 [INFO] PluginManager:220 - loadIPPluginJar : add gic
2025-09-30 19:57:45,182 [INFO] IPUIPlugin:80 - create IPUIPlugin
2025-09-30 19:57:45,182 [INFO] PluginManager:220 - loadIPPluginJar : add extmemmanager
2025-09-30 19:57:45,184 [INFO] IPUIPlugin:80 - create IPUIPlugin
2025-09-30 19:57:45,184 [INFO] PluginManager:220 - loadIPPluginJar : add ucpd
2025-09-30 19:57:45,185 [INFO] IPUIPlugin:80 - create IPUIPlugin
2025-09-30 19:57:45,186 [INFO] PluginManager:220 - loadIPPluginJar : add tracer_emb
2025-09-30 19:57:45,186 [INFO] IPUIPlugin:80 - create IPUIPlugin
2025-09-30 19:57:45,187 [INFO] PluginManager:220 - loadIPPluginJar : add radio
2025-09-30 19:57:45,189 [INFO] IPUIPlugin:80 - create IPUIPlugin
2025-09-30 19:57:45,189 [INFO] PluginManager:220 - loadIPPluginJar : add pdm2pcm
2025-09-30 19:57:45,190 [INFO] IPUIPlugin:80 - create IPUIPlugin
2025-09-30 19:57:45,190 [INFO] PluginManager:220 - loadIPPluginJar : add spi
2025-09-30 19:57:45,191 [INFO] IPUIPlugin:80 - create IPUIPlugin
2025-09-30 19:57:45,191 [INFO] PluginManager:220 - loadIPPluginJar : add tim
2025-09-30 19:57:45,195 [INFO] IPUIPlugin:80 - create IPUIPlugin
2025-09-30 19:57:45,197 [INFO] PluginManager:220 - loadIPPluginJar : add plateformsettings
2025-09-30 19:57:45,200 [INFO] IPUIPlugin:80 - create IPUIPlugin
2025-09-30 19:57:45,200 [INFO] PluginManager:220 - loadIPPluginJar : add touchsensing
2025-09-30 19:57:45,203 [INFO] IPUIPlugin:80 - create IPUIPlugin
2025-09-30 19:57:45,203 [INFO] PluginManager:220 - loadIPPluginJar : add gpio
2025-09-30 19:57:45,207 [INFO] IPUIPlugin:80 - create IPUIPlugin
2025-09-30 19:57:45,208 [INFO] PluginManager:220 - loadIPPluginJar : add adc
2025-09-30 19:57:45,213 [INFO] IPUIPlugin:80 - create IPUIPlugin
2025-09-30 19:57:45,213 [INFO] PluginManager:220 - loadIPPluginJar : add linkedlist
2025-09-30 19:57:45,214 [INFO] IPUIPlugin:80 - create IPUIPlugin
2025-09-30 19:57:45,215 [INFO] PluginManager:220 - loadIPPluginJar : add comp
2025-09-30 19:57:45,218 [INFO] IPUIPlugin:80 - create IPUIPlugin
2025-09-30 19:57:45,218 [INFO] PluginManager:220 - loadIPPluginJar : add fmc
2025-09-30 19:57:45,219 [INFO] IPUIPlugin:80 - create IPUIPlugin
2025-09-30 19:57:45,219 [INFO] PluginManager:220 - loadIPPluginJar : add tsc
2025-09-30 19:57:45,220 [INFO] IPUIPlugin:80 - create IPUIPlugin
2025-09-30 19:57:45,220 [INFO] PluginManager:220 - loadIPPluginJar : add sai
2025-09-30 19:57:45,221 [INFO] IPUIPlugin:80 - create IPUIPlugin
2025-09-30 19:57:45,221 [INFO] PluginManager:220 - loadIPPluginJar : add usart
2025-09-30 19:57:45,223 [INFO] IPUIPlugin:80 - create IPUIPlugin
2025-09-30 19:57:45,223 [INFO] PluginManager:220 - loadIPPluginJar : add nvic
2025-09-30 19:57:45,225 [INFO] IPUIPlugin:80 - create IPUIPlugin
2025-09-30 19:57:45,225 [INFO] PluginManager:220 - loadIPPluginJar : add resmgrutility
2025-09-30 19:57:45,226 [INFO] IPUIPlugin:80 - create IPUIPlugin
2025-09-30 19:57:45,226 [INFO] PluginManager:220 - loadIPPluginJar : add lorawan
2025-09-30 19:57:45,227 [INFO] IPUIPlugin:80 - create IPUIPlugin
2025-09-30 19:57:45,227 [INFO] PluginManager:220 - loadIPPluginJar : add gfxmmu
2025-09-30 19:57:45,228 [INFO] IPUIPlugin:80 - create IPUIPlugin
2025-09-30 19:57:45,228 [INFO] PluginManager:220 - loadIPPluginJar : add dma3
2025-09-30 19:57:45,229 [INFO] IPUIPlugin:80 - create IPUIPlugin
2025-09-30 19:57:45,229 [INFO] PluginManager:220 - loadIPPluginJar : add i3c
2025-09-30 19:57:45,230 [INFO] IPUIPlugin:80 - create IPUIPlugin
2025-09-30 19:57:45,230 [INFO] PluginManager:220 - loadIPPluginJar : add quadspi
2025-09-30 19:57:45,231 [INFO] IPUIPlugin:80 - create IPUIPlugin
2025-09-30 19:57:45,231 [INFO] PluginManager:220 - loadIPPluginJar : add ddr_ctrl_phy
2025-09-30 19:57:45,232 [INFO] IPUIPlugin:80 - create IPUIPlugin
2025-09-30 19:57:45,232 [INFO] PluginManager:220 - loadIPPluginJar : add i2s
2025-09-30 19:57:45,321 [FATAL] Updater:351 - Updater called before beeing initialized
2025-09-30 19:57:45,338 [INFO] RulesReader:64 - Compatibility file has been processed (317 Rules)
2025-09-30 19:57:45,355 [INFO] RulesReader:64 - Compatibility file has been processed (317 Rules)
2025-09-30 19:57:45,361 [INFO] CADModel:165 - CPN selected for project level
2025-09-30 19:57:45,361 [INFO] CADModel:114 - Register for checkConnection events
2025-09-30 19:57:45,361 [FATAL] Updater:351 - Updater called before beeing initialized
2025-09-30 19:57:45,361 [ERROR] CADModel:125 - Updater not yet initialized, retry later 
2025-09-30 19:57:45,450 [FATAL] Updater:351 - Updater called before beeing initialized
2025-09-30 19:57:45,452 [INFO] CADModel:165 - CPN selected for project level
2025-09-30 19:57:45,452 [INFO] CADModel:114 - Register for checkConnection events
2025-09-30 19:57:45,452 [FATAL] Updater:351 - Updater called before beeing initialized
2025-09-30 19:57:45,452 [ERROR] CADModel:125 - Updater not yet initialized, retry later 
2025-09-30 19:57:45,455 [FATAL] Updater:351 - Updater called before beeing initialized
2025-09-30 19:57:45,524 [FATAL] Updater:351 - Updater called before beeing initialized
2025-09-30 19:57:45,527 [INFO] DbMcusAds:53 - JSON generation date=Tue Jul 08 05:14:23 ART 2025 (1751962463582)
2025-09-30 19:57:45,527 [FATAL] Updater:351 - Updater called before beeing initialized
2025-09-30 19:57:45,550 [WARN] DetailPanel:346 - Failed to get advertising image, set to default
2025-09-30 19:57:45,597 [FATAL] Updater:351 - Updater called before beeing initialized
2025-09-30 19:57:45,598 [FATAL] Updater:351 - Updater called before beeing initialized
2025-09-30 19:57:45,598 [FATAL] Updater:351 - Updater called before beeing initialized
2025-09-30 19:57:45,599 [WARN] DetailPanel:346 - Failed to get advertising image, set to default
2025-09-30 19:57:45,599 [FATAL] Updater:351 - Updater called before beeing initialized
2025-09-30 19:57:45,619 [ERROR] Updater:1198 - MainUpdater not yet initialized. External WinMGr cannot be set.
2025-09-30 19:57:45,621 [INFO] Updater:1134 - Updater Version found : 6.15.0
2025-09-30 19:57:45,634 [INFO] ApplicationProperties:184 - Using Application install path: /opt/st/stm32cubeide_1.19.0/plugins/com.st.stm32cube.common.mx_6.15.0.202507011659
2025-09-30 19:57:45,644 [ERROR] LogOutputStream:75 - [STDERR_REDIRECT] Sep 30, 2025 7:57:45 PM java.util.prefs.FileSystemPreferences$2 run
2025-09-30 19:57:45,644 [ERROR] LogOutputStream:75 - [STDERR_REDIRECT] WARNING: Could not create system preferences directory. System preferences are unusable.
2025-09-30 19:57:45,644 [ERROR] LogOutputStream:75 - [STDERR_REDIRECT] 
2025-09-30 19:57:45,821 [INFO] MainUpdater:2872 - connection check result : 10
2025-09-30 19:57:45,821 [INFO] MainUpdater:289 - Updater Check For Update Now.
2025-09-30 19:57:45,822 [INFO] MicroXplorer:498 - Change Database Version : DB.6.0.150
2025-09-30 19:57:45,826 [INFO] McuFinderGlobals:63 - Set McuFinder mode to 2 (CubeIDE integrated)
2025-09-30 19:57:45,826 [INFO] UserAuth:487 - Internet connection configuration mode: 1
2025-09-30 19:57:45,840 [INFO] JxBrowserEngine:152 - Initiate JxBrowser Engine with user profile folder
2025-09-30 19:57:45,997 [INFO] CheckServerUpdateThread:120 - End of CheckServer Thread
2025-09-30 19:57:46,257 [INFO] WebApp:169 - Instantiating new browser for Auth
2025-09-30 19:57:46,644 [INFO] WebApp:463 - Apply proxy settings
2025-09-30 19:57:46,645 [INFO] WebApp:548 - Chromium requires no authentication
2025-09-30 19:57:46,650 [INFO] WebApp:491 - Direct internet connection detected
2025-09-30 19:57:46,663 [INFO] WebApp:900 - Register for checkConnection events
2025-09-30 19:57:46,663 [INFO] WebApp:463 - Apply proxy settings
2025-09-30 19:57:46,663 [INFO] WebApp:548 - Chromium requires no authentication
2025-09-30 19:57:46,663 [INFO] WebApp:491 - Direct internet connection detected
2025-09-30 19:57:46,753 [INFO] WebApp:225 - Starting web application
2025-09-30 19:57:46,753 [INFO] WebApp:593 - Web application path used /opt/st/stm32cubeide_1.19.0/plugins/com.st.stm32cube.common.mx_6.15.0.202507011659/db/plugins/mcufinder/reactClient1/index.html
2025-09-30 19:57:46,819 [INFO] UserAuth:487 - Internet connection configuration mode: 1
2025-09-30 19:57:46,906 [INFO] WebApp:191 - Connection restablished
2025-09-30 19:57:47,897 [WARN] PackLoader:240 - Cannot read IP mode file for STMicroelectronics.FP-SNS-MOTENVWB1.1.4.0
2025-09-30 19:57:47,903 [WARN] PackLoader:240 - Cannot read IP mode file for STMicroelectronics.FP-ATR-ASTRA1.2.0.2
2025-09-30 19:57:47,910 [WARN] PackLoader:240 - Cannot read IP mode file for STMicroelectronics.X-CUBE-SMBUS.2.1.0
2025-09-30 19:57:47,914 [WARN] PackLoader:240 - Cannot read IP mode file for STMicroelectronics.X-CUBE-ST60.1.0.0
2025-09-30 19:57:47,952 [WARN] PackLoader:240 - Cannot read IP mode file for STMicroelectronics.X-CUBE-AZRTOS-F7.1.1.0
2025-09-30 19:57:47,968 [WARN] PackLoader:240 - Cannot read IP mode file for Cesanta.I-CUBE-Mongoose.7.19.0
2025-09-30 19:57:47,979 [WARN] PackLoader:240 - Cannot read IP mode file for WES.I-CUBE-Cesium.1.4.0
2025-09-30 19:57:48,017 [WARN] PackLoader:240 - Cannot read IP mode file for Infineon.AIROC-Wi-Fi-Bluetooth-STM32.1.7.1
2025-09-30 19:57:48,030 [WARN] PackLoader:240 - Cannot read IP mode file for STMicroelectronics.X-CUBE-DISPLAY.3.0.0
2025-09-30 19:57:48,069 [WARN] PackLoader:240 - Cannot read IP mode file for STMicroelectronics.X-CUBE-NFC10.1.0.0
2025-09-30 19:57:48,076 [WARN] PackLoader:240 - Cannot read IP mode file for emotas.I-CUBE-CANOPEN.1.3.0
2025-09-30 19:57:48,081 [WARN] PackLoader:240 - Cannot read IP mode file for STMicroelectronics.FP-SNS-SMARTAG2.1.2.0
2025-09-30 19:57:48,088 [WARN] PackLoader:240 - Cannot read IP mode file for STMicroelectronics.FP-SNS-FLIGHT1.5.1.0
2025-09-30 19:57:48,099 [INFO] LogOutputStream:77 - [STDOUT_REDIRECT] 1 : Invalid condition id : UX_CORESTACK_Condition cause : null
2025-09-30 19:57:48,100 [INFO] LogOutputStream:77 - [STDOUT_REDIRECT] 1 : Invalid condition id : UX_CORESTACK_Condition cause : null
2025-09-30 19:57:48,101 [INFO] LogOutputStream:77 - [STDOUT_REDIRECT] 1 : Invalid condition id : UX_CORESTACK_Condition cause : null
2025-09-30 19:57:48,101 [INFO] LogOutputStream:77 - [STDOUT_REDIRECT] 1 : Invalid condition id : UX_CORESTACK_Condition cause : null
2025-09-30 19:57:48,101 [INFO] LogOutputStream:77 - [STDOUT_REDIRECT] 1 : Invalid condition id : UX_CORESTACK_Condition cause : null
2025-09-30 19:57:48,106 [WARN] PackLoader:240 - Cannot read IP mode file for STMicroelectronics.X-CUBE-AZRTOS-WL.2.0.0
2025-09-30 19:57:48,112 [WARN] PackLoader:240 - Cannot read IP mode file for STMicroelectronics.FP-SNS-MOTENV1.5.0.0
2025-09-30 19:57:48,126 [WARN] PackLoader:240 - Cannot read IP mode file for STMicroelectronics.X-CUBE-BLE2.3.3.0
2025-09-30 19:57:48,132 [WARN] PackLoader:240 - Cannot read IP mode file for STMicroelectronics.X-CUBE-NFC9.1.0.0
2025-09-30 19:57:48,138 [WARN] PackLoader:240 - Cannot read IP mode file for STMicroelectronics.X-CUBE-BLE1.7.1.0
2025-09-30 19:57:48,154 [WARN] PackLoader:240 - Cannot read IP mode file for STMicroelectronics.X-CUBE-AZRTOS-G0.1.1.0
2025-09-30 19:57:48,163 [WARN] PackLoader:240 - Cannot read IP mode file for STMicroelectronics.X-CUBE-SAFEA1.1.2.2
2025-09-30 19:57:48,168 [WARN] PackLoader:240 - Cannot read IP mode file for STMicroelectronics.X-CUBE-NFC4.3.0.0
2025-09-30 19:57:48,177 [WARN] PackLoader:240 - Cannot read IP mode file for EmbeddedOffice.I-CUBE-FS-RTOS.1.0.1
2025-09-30 19:57:48,183 [WARN] PackLoader:240 - Cannot read IP mode file for STMicroelectronics.X-CUBE-WB05N.2.0.0
2025-09-30 19:57:48,188 [WARN] PackLoader:240 - Cannot read IP mode file for STMicroelectronics.X-CUBE-TCPP.4.2.0
2025-09-30 19:57:48,194 [WARN] PackLoader:240 - Cannot read IP mode file for RealThread.X-CUBE-RT-Thread_Nano.4.1.1
2025-09-30 19:57:48,197 [WARN] PackLoader:240 - Cannot read IP mode file for STMicroelectronics.FP-ATR-SIGFOX1.3.2.0
2025-09-30 19:57:48,202 [WARN] PackLoader:240 - Cannot read IP mode file for ITTIA_DB.I-CUBE-ITTIADB.8.9.0
2025-09-30 19:57:48,207 [WARN] PackLoader:240 - Cannot read IP mode file for STMicroelectronics.X-CUBE-ST67W61.1.0.0
2025-09-30 19:57:48,230 [WARN] PackLoader:240 - Cannot read IP mode file for SEGGER.I-CUBE-embOS.1.3.1
2025-09-30 19:57:48,256 [WARN] PackLoader:240 - Cannot read IP mode file for STMicroelectronics.X-CUBE-ALGOBUILD.1.4.0
2025-09-30 19:57:48,283 [WARN] PackLoader:240 - Cannot read IP mode file for STMicroelectronics.X-CUBE-MEMS1.11.3.0
2025-09-30 19:57:48,356 [WARN] PackLoader:240 - Cannot read IP mode file for STMicroelectronics.X-CUBE-PM33A1.1.0.0
2025-09-30 19:57:48,366 [WARN] PackLoader:240 - Cannot read IP mode file for STMicroelectronics.X-CUBE-AZRTOS-F4.1.1.0
2025-09-30 19:57:48,369 [WARN] PackLoader:240 - Cannot read IP mode file for Avnet-IotConnect.X-CUBE-IoTC-DA16k-PMOD.1.0.0
2025-09-30 19:57:48,371 [WARN] PackLoader:240 - Cannot read IP mode file for STMicroelectronics.X-CUBE-ISPU.2.1.0
2025-09-30 19:57:48,381 [WARN] PackLoader:240 - Cannot read IP mode file for STMicroelectronics.X-CUBE-AZRTOS-L5.2.0.0
2025-09-30 19:57:48,387 [WARN] PackLoader:240 - Cannot read IP mode file for STMicroelectronics.X-CUBE-NFC6.3.1.0
2025-09-30 19:57:48,391 [WARN] PackLoader:240 - Cannot read IP mode file for STMicroelectronics.X-CUBE-FREERTOS.1.3.1
2025-09-30 19:57:48,393 [WARN] PackLoader:240 - Cannot read IP mode file for STMicroelectronics.X-CUBE-DPower.1.3.0
2025-09-30 19:57:48,404 [WARN] ConditionMgr:438 - getConditionDescription Invalid condition id : LAN8742 Phy interface Condition cause : null
2025-09-30 19:57:48,404 [WARN] PackLoader:240 - Cannot read IP mode file for STMicroelectronics.X-CUBE-AZRTOS-L4.2.0.0
2025-09-30 19:57:48,405 [WARN] ConditionMgr:1044 - genDependencies : Invalid condition id : LAN8742 Phy interface Condition cause : null
2025-09-30 19:57:48,406 [WARN] ConditionMgr:1044 - genDependencies : Invalid condition id : LAN8742 Phy interface Condition cause : null
2025-09-30 19:57:48,406 [WARN] ConditionMgr:1044 - genDependencies : Invalid condition id : LAN8742 Phy interface Condition cause : null
2025-09-30 19:57:48,410 [WARN] PackLoader:240 - Cannot read IP mode file for STMicroelectronics.X-CUBE-SFXS2LP1.4.0.0
2025-09-30 19:57:48,416 [WARN] ConditionMgr:438 - getConditionDescription Invalid condition id : UX DEVICE CLASS RTOS Condition cause : null
2025-09-30 19:57:48,417 [WARN] ConditionMgr:438 - getConditionDescription Invalid condition id : UX DEVICE CLASS RTOS Condition cause : null
2025-09-30 19:57:48,418 [WARN] PackLoader:240 - Cannot read IP mode file for STMicroelectronics.X-CUBE-AZRTOS-WB.2.0.0
2025-09-30 19:57:48,418 [WARN] ConditionMgr:1044 - genDependencies : Invalid condition id : UX DEVICE CLASS RTOS Condition cause : null
2025-09-30 19:57:48,418 [WARN] ConditionMgr:1044 - genDependencies : Invalid condition id : UX DEVICE CLASS RTOS Condition cause : null
2025-09-30 19:57:48,418 [WARN] ConditionMgr:1044 - genDependencies : Invalid condition id : UX DEVICE CLASS RTOS Condition cause : null
2025-09-30 19:57:48,418 [WARN] ConditionMgr:1044 - genDependencies : Invalid condition id : UX DEVICE CLASS RTOS Condition cause : null
2025-09-30 19:57:48,418 [WARN] ConditionMgr:1044 - genDependencies : Invalid condition id : UX DEVICE CLASS RTOS Condition cause : null
2025-09-30 19:57:48,421 [WARN] PackLoader:240 - Cannot read IP mode file for STMicroelectronics.X-CUBE-GNSS1.7.0.1
2025-09-30 19:57:48,424 [WARN] PackLoader:240 - Cannot read IP mode file for STMicroelectronics.X-CUBE-TOUCHGFX.4.25.0
2025-09-30 19:57:48,426 [WARN] ConditionMgr:438 - getConditionDescription Invalid condition id : Cortex-A Device cause : null
2025-09-30 19:57:48,434 [WARN] ConditionMgr:1044 - genDependencies : Invalid condition id : Cortex-A Device cause : null
2025-09-30 19:57:48,435 [WARN] ConditionMgr:1044 - genDependencies : Invalid condition id : Cortex-A Device cause : null
2025-09-30 19:57:48,435 [WARN] ConditionMgr:1044 - genDependencies : Invalid condition id : Cortex-A Device cause : null
2025-09-30 19:57:48,439 [WARN] PackLoader:240 - Cannot read IP mode file for STMicroelectronics.X-CUBE-SUBG2.5.0.0
2025-09-30 19:57:48,451 [WARN] PackLoader:240 - Cannot read IP mode file for STMicroelectronics.X-CUBE-AZRTOS-H7RS.1.1.0
2025-09-30 19:57:48,458 [WARN] PackLoader:240 - Cannot read IP mode file for STMicroelectronics.X-CUBE-AZRTOS-G4.2.0.0
2025-09-30 19:57:48,462 [WARN] PackLoader:240 - Cannot read IP mode file for wolfSSL.I-CUBE-wolfSSH.1.4.20
2025-09-30 19:57:48,465 [WARN] PackLoader:240 - Cannot read IP mode file for STMicroelectronics.X-CUBE-NFC7.2.0.0
2025-09-30 19:57:48,475 [WARN] PackLoader:240 - Cannot read IP mode file for STMicroelectronics.X-CUBE-IPS.3.1.0
2025-09-30 19:57:48,491 [WARN] PackLoader:240 - Cannot read IP mode file for STMicroelectronics.X-CUBE-ALS.1.0.2
2025-09-30 19:57:48,500 [WARN] PackLoader:240 - Cannot read IP mode file for STMicroelectronics.X-CUBE-TOF1.3.4.3
2025-09-30 19:57:48,509 [INFO] ThirdParty:978 - Integrity check success = true
2025-09-30 19:57:48,509 [INFO] IntegrityCheckThread:100 - exiting critical section [integrity check]
2025-09-30 19:57:48,510 [INFO] IntegrityCheckThread:103 - End integrity checks thread
2025-09-30 19:58:12,721 [ERROR] LogOutputStream:75 - [STDERR_REDIRECT] Sep 30, 2025 7:58:12 PM java.util.prefs.FileSystemPreferences checkLockFile0ErrorCode
2025-09-30 19:58:12,721 [ERROR] LogOutputStream:75 - [STDERR_REDIRECT] WARNING: Could not lock System prefs. Unix error code 2.
2025-09-30 19:58:12,721 [ERROR] LogOutputStream:75 - [STDERR_REDIRECT] 
2025-09-30 19:58:12,722 [ERROR] LogOutputStream:75 - [STDERR_REDIRECT] Sep 30, 2025 7:58:12 PM java.util.prefs.FileSystemPreferences syncWorld
2025-09-30 19:58:12,722 [ERROR] LogOutputStream:75 - [STDERR_REDIRECT] WARNING: Couldn't flush system prefs: java.util.prefs.BackingStoreException: Couldn't get file lock.
2025-09-30 19:58:12,722 [ERROR] LogOutputStream:75 - [STDERR_REDIRECT] 
2025-09-30 19:58:42,717 [ERROR] LogOutputStream:75 - [STDERR_REDIRECT] Sep 30, 2025 7:58:42 PM java.util.prefs.FileSystemPreferences checkLockFile0ErrorCode
2025-09-30 19:58:42,718 [ERROR] LogOutputStream:75 - [STDERR_REDIRECT] WARNING: Could not lock System prefs. Unix error code 2.
2025-09-30 19:58:42,718 [ERROR] LogOutputStream:75 - [STDERR_REDIRECT] 
2025-09-30 19:58:42,718 [ERROR] LogOutputStream:75 - [STDERR_REDIRECT] Sep 30, 2025 7:58:42 PM java.util.prefs.FileSystemPreferences syncWorld
2025-09-30 19:58:42,718 [ERROR] LogOutputStream:75 - [STDERR_REDIRECT] WARNING: Couldn't flush system prefs: java.util.prefs.BackingStoreException: Couldn't get file lock.
2025-09-30 19:58:42,718 [ERROR] LogOutputStream:75 - [STDERR_REDIRECT] 
2025-09-30 19:59:12,718 [ERROR] LogOutputStream:75 - [STDERR_REDIRECT] Sep 30, 2025 7:59:12 PM java.util.prefs.FileSystemPreferences checkLockFile0ErrorCode
2025-09-30 19:59:12,718 [ERROR] LogOutputStream:75 - [STDERR_REDIRECT] WARNING: Could not lock System prefs. Unix error code 2.
2025-09-30 19:59:12,718 [ERROR] LogOutputStream:75 - [STDERR_REDIRECT] 
2025-09-30 19:59:12,718 [ERROR] LogOutputStream:75 - [STDERR_REDIRECT] Sep 30, 2025 7:59:12 PM java.util.prefs.FileSystemPreferences syncWorld
2025-09-30 19:59:12,718 [ERROR] LogOutputStream:75 - [STDERR_REDIRECT] WARNING: Couldn't flush system prefs: java.util.prefs.BackingStoreException: Couldn't get file lock.
2025-09-30 19:59:12,718 [ERROR] LogOutputStream:75 - [STDERR_REDIRECT] 
2025-09-30 19:59:42,718 [ERROR] LogOutputStream:75 - [STDERR_REDIRECT] Sep 30, 2025 7:59:42 PM java.util.prefs.FileSystemPreferences checkLockFile0ErrorCode
2025-09-30 19:59:42,718 [ERROR] LogOutputStream:75 - [STDERR_REDIRECT] WARNING: Could not lock System prefs. Unix error code 2.
2025-09-30 19:59:42,718 [ERROR] LogOutputStream:75 - [STDERR_REDIRECT] 
2025-09-30 19:59:42,718 [ERROR] LogOutputStream:75 - [STDERR_REDIRECT] Sep 30, 2025 7:59:42 PM java.util.prefs.FileSystemPreferences syncWorld
2025-09-30 19:59:42,718 [ERROR] LogOutputStream:75 - [STDERR_REDIRECT] WARNING: Couldn't flush system prefs: java.util.prefs.BackingStoreException: Couldn't get file lock.
2025-09-30 19:59:42,718 [ERROR] LogOutputStream:75 - [STDERR_REDIRECT] 
2025-09-30 20:00:12,719 [ERROR] LogOutputStream:75 - [STDERR_REDIRECT] Sep 30, 2025 8:00:12 PM java.util.prefs.FileSystemPreferences checkLockFile0ErrorCode
2025-09-30 20:00:12,719 [ERROR] LogOutputStream:75 - [STDERR_REDIRECT] WARNING: Could not lock System prefs. Unix error code 2.
2025-09-30 20:00:12,719 [ERROR] LogOutputStream:75 - [STDERR_REDIRECT] 
2025-09-30 20:00:12,719 [ERROR] LogOutputStream:75 - [STDERR_REDIRECT] Sep 30, 2025 8:00:12 PM java.util.prefs.FileSystemPreferences syncWorld
2025-09-30 20:00:12,720 [ERROR] LogOutputStream:75 - [STDERR_REDIRECT] WARNING: Couldn't flush system prefs: java.util.prefs.BackingStoreException: Couldn't get file lock.
2025-09-30 20:00:12,720 [ERROR] LogOutputStream:75 - [STDERR_REDIRECT] 
2025-09-30 20:00:42,719 [ERROR] LogOutputStream:75 - [STDERR_REDIRECT] Sep 30, 2025 8:00:42 PM java.util.prefs.FileSystemPreferences checkLockFile0ErrorCode
2025-09-30 20:00:42,719 [ERROR] LogOutputStream:75 - [STDERR_REDIRECT] WARNING: Could not lock System prefs. Unix error code 2.
2025-09-30 20:00:42,719 [ERROR] LogOutputStream:75 - [STDERR_REDIRECT] 
2025-09-30 20:00:42,719 [ERROR] LogOutputStream:75 - [STDERR_REDIRECT] Sep 30, 2025 8:00:42 PM java.util.prefs.FileSystemPreferences syncWorld
2025-09-30 20:00:42,719 [ERROR] LogOutputStream:75 - [STDERR_REDIRECT] WARNING: Couldn't flush system prefs: java.util.prefs.BackingStoreException: Couldn't get file lock.
2025-09-30 20:00:42,720 [ERROR] LogOutputStream:75 - [STDERR_REDIRECT] 
2025-09-30 20:01:12,719 [ERROR] LogOutputStream:75 - [STDERR_REDIRECT] Sep 30, 2025 8:01:12 PM java.util.prefs.FileSystemPreferences checkLockFile0ErrorCode
2025-09-30 20:01:12,719 [ERROR] LogOutputStream:75 - [STDERR_REDIRECT] WARNING: Could not lock System prefs. Unix error code 2.
2025-09-30 20:01:12,719 [ERROR] LogOutputStream:75 - [STDERR_REDIRECT] 
2025-09-30 20:01:12,719 [ERROR] LogOutputStream:75 - [STDERR_REDIRECT] Sep 30, 2025 8:01:12 PM java.util.prefs.FileSystemPreferences syncWorld
2025-09-30 20:01:12,720 [ERROR] LogOutputStream:75 - [STDERR_REDIRECT] WARNING: Couldn't flush system prefs: java.util.prefs.BackingStoreException: Couldn't get file lock.
2025-09-30 20:01:12,720 [ERROR] LogOutputStream:75 - [STDERR_REDIRECT] 
2025-09-30 20:01:42,721 [ERROR] LogOutputStream:75 - [STDERR_REDIRECT] Sep 30, 2025 8:01:42 PM java.util.prefs.FileSystemPreferences checkLockFile0ErrorCode
2025-09-30 20:01:42,721 [ERROR] LogOutputStream:75 - [STDERR_REDIRECT] WARNING: Could not lock System prefs. Unix error code 2.
2025-09-30 20:01:42,721 [ERROR] LogOutputStream:75 - [STDERR_REDIRECT] 
2025-09-30 20:01:42,721 [ERROR] LogOutputStream:75 - [STDERR_REDIRECT] Sep 30, 2025 8:01:42 PM java.util.prefs.FileSystemPreferences syncWorld
2025-09-30 20:01:42,721 [ERROR] LogOutputStream:75 - [STDERR_REDIRECT] WARNING: Couldn't flush system prefs: java.util.prefs.BackingStoreException: Couldn't get file lock.
2025-09-30 20:01:42,721 [ERROR] LogOutputStream:75 - [STDERR_REDIRECT] 
2025-09-30 20:02:12,720 [ERROR] LogOutputStream:75 - [STDERR_REDIRECT] Sep 30, 2025 8:02:12 PM java.util.prefs.FileSystemPreferences checkLockFile0ErrorCode
2025-09-30 20:02:12,720 [ERROR] LogOutputStream:75 - [STDERR_REDIRECT] WARNING: Could not lock System prefs. Unix error code 2.
2025-09-30 20:02:12,720 [ERROR] LogOutputStream:75 - [STDERR_REDIRECT] 
2025-09-30 20:02:12,721 [ERROR] LogOutputStream:75 - [STDERR_REDIRECT] Sep 30, 2025 8:02:12 PM java.util.prefs.FileSystemPreferences syncWorld
2025-09-30 20:02:12,721 [ERROR] LogOutputStream:75 - [STDERR_REDIRECT] WARNING: Couldn't flush system prefs: java.util.prefs.BackingStoreException: Couldn't get file lock.
2025-09-30 20:02:12,721 [ERROR] LogOutputStream:75 - [STDERR_REDIRECT] 
2025-09-30 20:02:42,721 [ERROR] LogOutputStream:75 - [STDERR_REDIRECT] Sep 30, 2025 8:02:42 PM java.util.prefs.FileSystemPreferences checkLockFile0ErrorCode
2025-09-30 20:02:42,722 [ERROR] LogOutputStream:75 - [STDERR_REDIRECT] WARNING: Could not lock System prefs. Unix error code 2.
2025-09-30 20:02:42,722 [ERROR] LogOutputStream:75 - [STDERR_REDIRECT] 
2025-09-30 20:02:42,722 [ERROR] LogOutputStream:75 - [STDERR_REDIRECT] Sep 30, 2025 8:02:42 PM java.util.prefs.FileSystemPreferences syncWorld
2025-09-30 20:02:42,722 [ERROR] LogOutputStream:75 - [STDERR_REDIRECT] WARNING: Couldn't flush system prefs: java.util.prefs.BackingStoreException: Couldn't get file lock.
2025-09-30 20:02:42,722 [ERROR] LogOutputStream:75 - [STDERR_REDIRECT] 
2025-09-30 20:03:12,720 [ERROR] LogOutputStream:75 - [STDERR_REDIRECT] Sep 30, 2025 8:03:12 PM java.util.prefs.FileSystemPreferences checkLockFile0ErrorCode
2025-09-30 20:03:12,720 [ERROR] LogOutputStream:75 - [STDERR_REDIRECT] WARNING: Could not lock System prefs. Unix error code 2.
2025-09-30 20:03:12,720 [ERROR] LogOutputStream:75 - [STDERR_REDIRECT] 
2025-09-30 20:03:12,720 [ERROR] LogOutputStream:75 - [STDERR_REDIRECT] Sep 30, 2025 8:03:12 PM java.util.prefs.FileSystemPreferences syncWorld
2025-09-30 20:03:12,720 [ERROR] LogOutputStream:75 - [STDERR_REDIRECT] WARNING: Couldn't flush system prefs: java.util.prefs.BackingStoreException: Couldn't get file lock.
2025-09-30 20:03:12,720 [ERROR] LogOutputStream:75 - [STDERR_REDIRECT] 
2025-09-30 20:03:42,721 [ERROR] LogOutputStream:75 - [STDERR_REDIRECT] Sep 30, 2025 8:03:42 PM java.util.prefs.FileSystemPreferences checkLockFile0ErrorCode
2025-09-30 20:03:42,722 [ERROR] LogOutputStream:75 - [STDERR_REDIRECT] WARNING: Could not lock System prefs. Unix error code 2.
2025-09-30 20:03:42,722 [ERROR] LogOutputStream:75 - [STDERR_REDIRECT] 
2025-09-30 20:03:42,722 [ERROR] LogOutputStream:75 - [STDERR_REDIRECT] Sep 30, 2025 8:03:42 PM java.util.prefs.FileSystemPreferences syncWorld
2025-09-30 20:03:42,722 [ERROR] LogOutputStream:75 - [STDERR_REDIRECT] WARNING: Couldn't flush system prefs: java.util.prefs.BackingStoreException: Couldn't get file lock.
2025-09-30 20:03:42,722 [ERROR] LogOutputStream:75 - [STDERR_REDIRECT] 
2025-09-30 20:04:12,719 [ERROR] LogOutputStream:75 - [STDERR_REDIRECT] Sep 30, 2025 8:04:12 PM java.util.prefs.FileSystemPreferences checkLockFile0ErrorCode
2025-09-30 20:04:12,720 [ERROR] LogOutputStream:75 - [STDERR_REDIRECT] WARNING: Could not lock System prefs. Unix error code 2.
2025-09-30 20:04:12,720 [ERROR] LogOutputStream:75 - [STDERR_REDIRECT] 
2025-09-30 20:04:12,720 [ERROR] LogOutputStream:75 - [STDERR_REDIRECT] Sep 30, 2025 8:04:12 PM java.util.prefs.FileSystemPreferences syncWorld
2025-09-30 20:04:12,720 [ERROR] LogOutputStream:75 - [STDERR_REDIRECT] WARNING: Couldn't flush system prefs: java.util.prefs.BackingStoreException: Couldn't get file lock.
2025-09-30 20:04:12,720 [ERROR] LogOutputStream:75 - [STDERR_REDIRECT] 
2025-09-30 20:04:42,720 [ERROR] LogOutputStream:75 - [STDERR_REDIRECT] Sep 30, 2025 8:04:42 PM java.util.prefs.FileSystemPreferences checkLockFile0ErrorCode
2025-09-30 20:04:42,720 [ERROR] LogOutputStream:75 - [STDERR_REDIRECT] WARNING: Could not lock System prefs. Unix error code 2.
2025-09-30 20:04:42,720 [ERROR] LogOutputStream:75 - [STDERR_REDIRECT] 
2025-09-30 20:04:42,720 [ERROR] LogOutputStream:75 - [STDERR_REDIRECT] Sep 30, 2025 8:04:42 PM java.util.prefs.FileSystemPreferences syncWorld
2025-09-30 20:04:42,720 [ERROR] LogOutputStream:75 - [STDERR_REDIRECT] WARNING: Couldn't flush system prefs: java.util.prefs.BackingStoreException: Couldn't get file lock.
2025-09-30 20:04:42,721 [ERROR] LogOutputStream:75 - [STDERR_REDIRECT] 
2025-09-30 20:05:12,721 [ERROR] LogOutputStream:75 - [STDERR_REDIRECT] Sep 30, 2025 8:05:12 PM java.util.prefs.FileSystemPreferences checkLockFile0ErrorCode
2025-09-30 20:05:12,721 [ERROR] LogOutputStream:75 - [STDERR_REDIRECT] WARNING: Could not lock System prefs. Unix error code 2.
2025-09-30 20:05:12,721 [ERROR] LogOutputStream:75 - [STDERR_REDIRECT] 
2025-09-30 20:05:12,721 [ERROR] LogOutputStream:75 - [STDERR_REDIRECT] Sep 30, 2025 8:05:12 PM java.util.prefs.FileSystemPreferences syncWorld
2025-09-30 20:05:12,721 [ERROR] LogOutputStream:75 - [STDERR_REDIRECT] WARNING: Couldn't flush system prefs: java.util.prefs.BackingStoreException: Couldn't get file lock.
2025-09-30 20:05:12,721 [ERROR] LogOutputStream:75 - [STDERR_REDIRECT] 
2025-09-30 20:05:42,721 [ERROR] LogOutputStream:75 - [STDERR_REDIRECT] Sep 30, 2025 8:05:42 PM java.util.prefs.FileSystemPreferences checkLockFile0ErrorCode
2025-09-30 20:05:42,721 [ERROR] LogOutputStream:75 - [STDERR_REDIRECT] WARNING: Could not lock System prefs. Unix error code 2.
2025-09-30 20:05:42,722 [ERROR] LogOutputStream:75 - [STDERR_REDIRECT] 
2025-09-30 20:05:42,722 [ERROR] LogOutputStream:75 - [STDERR_REDIRECT] Sep 30, 2025 8:05:42 PM java.util.prefs.FileSystemPreferences syncWorld
2025-09-30 20:05:42,722 [ERROR] LogOutputStream:75 - [STDERR_REDIRECT] WARNING: Couldn't flush system prefs: java.util.prefs.BackingStoreException: Couldn't get file lock.
2025-09-30 20:05:42,722 [ERROR] LogOutputStream:75 - [STDERR_REDIRECT] 
2025-09-30 20:06:12,722 [ERROR] LogOutputStream:75 - [STDERR_REDIRECT] Sep 30, 2025 8:06:12 PM java.util.prefs.FileSystemPreferences checkLockFile0ErrorCode
2025-09-30 20:06:12,722 [ERROR] LogOutputStream:75 - [STDERR_REDIRECT] WARNING: Could not lock System prefs. Unix error code 2.
2025-09-30 20:06:12,722 [ERROR] LogOutputStream:75 - [STDERR_REDIRECT] 
2025-09-30 20:06:12,722 [ERROR] LogOutputStream:75 - [STDERR_REDIRECT] Sep 30, 2025 8:06:12 PM java.util.prefs.FileSystemPreferences syncWorld
2025-09-30 20:06:12,722 [ERROR] LogOutputStream:75 - [STDERR_REDIRECT] WARNING: Couldn't flush system prefs: java.util.prefs.BackingStoreException: Couldn't get file lock.
2025-09-30 20:06:12,723 [ERROR] LogOutputStream:75 - [STDERR_REDIRECT] 
2025-09-30 20:06:42,720 [ERROR] LogOutputStream:75 - [STDERR_REDIRECT] Sep 30, 2025 8:06:42 PM java.util.prefs.FileSystemPreferences checkLockFile0ErrorCode
2025-09-30 20:06:42,720 [ERROR] LogOutputStream:75 - [STDERR_REDIRECT] WARNING: Could not lock System prefs. Unix error code 2.
2025-09-30 20:06:42,720 [ERROR] LogOutputStream:75 - [STDERR_REDIRECT] 
2025-09-30 20:06:42,720 [ERROR] LogOutputStream:75 - [STDERR_REDIRECT] Sep 30, 2025 8:06:42 PM java.util.prefs.FileSystemPreferences syncWorld
2025-09-30 20:06:42,720 [ERROR] LogOutputStream:75 - [STDERR_REDIRECT] WARNING: Couldn't flush system prefs: java.util.prefs.BackingStoreException: Couldn't get file lock.
2025-09-30 20:06:42,721 [ERROR] LogOutputStream:75 - [STDERR_REDIRECT] 
2025-09-30 20:07:12,720 [ERROR] LogOutputStream:75 - [STDERR_REDIRECT] Sep 30, 2025 8:07:12 PM java.util.prefs.FileSystemPreferences checkLockFile0ErrorCode
2025-09-30 20:07:12,720 [ERROR] LogOutputStream:75 - [STDERR_REDIRECT] WARNING: Could not lock System prefs. Unix error code 2.
2025-09-30 20:07:12,721 [ERROR] LogOutputStream:75 - [STDERR_REDIRECT] 
2025-09-30 20:07:12,721 [ERROR] LogOutputStream:75 - [STDERR_REDIRECT] Sep 30, 2025 8:07:12 PM java.util.prefs.FileSystemPreferences syncWorld
2025-09-30 20:07:12,721 [ERROR] LogOutputStream:75 - [STDERR_REDIRECT] WARNING: Couldn't flush system prefs: java.util.prefs.BackingStoreException: Couldn't get file lock.
2025-09-30 20:07:12,721 [ERROR] LogOutputStream:75 - [STDERR_REDIRECT] 
2025-09-30 20:07:42,721 [ERROR] LogOutputStream:75 - [STDERR_REDIRECT] Sep 30, 2025 8:07:42 PM java.util.prefs.FileSystemPreferences checkLockFile0ErrorCode
2025-09-30 20:07:42,721 [ERROR] LogOutputStream:75 - [STDERR_REDIRECT] WARNING: Could not lock System prefs. Unix error code 2.
2025-09-30 20:07:42,721 [ERROR] LogOutputStream:75 - [STDERR_REDIRECT] 
2025-09-30 20:07:42,721 [ERROR] LogOutputStream:75 - [STDERR_REDIRECT] Sep 30, 2025 8:07:42 PM java.util.prefs.FileSystemPreferences syncWorld
2025-09-30 20:07:42,722 [ERROR] LogOutputStream:75 - [STDERR_REDIRECT] WARNING: Couldn't flush system prefs: java.util.prefs.BackingStoreException: Couldn't get file lock.
2025-09-30 20:07:42,722 [ERROR] LogOutputStream:75 - [STDERR_REDIRECT] 
2025-09-30 20:08:12,758 [ERROR] LogOutputStream:75 - [STDERR_REDIRECT] Sep 30, 2025 8:08:12 PM java.util.prefs.FileSystemPreferences checkLockFile0ErrorCode
2025-09-30 20:08:12,759 [ERROR] LogOutputStream:75 - [STDERR_REDIRECT] WARNING: Could not lock System prefs. Unix error code 2.
2025-09-30 20:08:12,759 [ERROR] LogOutputStream:75 - [STDERR_REDIRECT] 
2025-09-30 20:08:12,759 [ERROR] LogOutputStream:75 - [STDERR_REDIRECT] Sep 30, 2025 8:08:12 PM java.util.prefs.FileSystemPreferences syncWorld
2025-09-30 20:08:12,759 [ERROR] LogOutputStream:75 - [STDERR_REDIRECT] WARNING: Couldn't flush system prefs: java.util.prefs.BackingStoreException: Couldn't get file lock.
2025-09-30 20:08:12,759 [ERROR] LogOutputStream:75 - [STDERR_REDIRECT] 
2025-09-30 20:08:42,721 [ERROR] LogOutputStream:75 - [STDERR_REDIRECT] Sep 30, 2025 8:08:42 PM java.util.prefs.FileSystemPreferences checkLockFile0ErrorCode
2025-09-30 20:08:42,721 [ERROR] LogOutputStream:75 - [STDERR_REDIRECT] WARNING: Could not lock System prefs. Unix error code 2.
2025-09-30 20:08:42,721 [ERROR] LogOutputStream:75 - [STDERR_REDIRECT] 
2025-09-30 20:08:42,721 [ERROR] LogOutputStream:75 - [STDERR_REDIRECT] Sep 30, 2025 8:08:42 PM java.util.prefs.FileSystemPreferences syncWorld
2025-09-30 20:08:42,721 [ERROR] LogOutputStream:75 - [STDERR_REDIRECT] WARNING: Couldn't flush system prefs: java.util.prefs.BackingStoreException: Couldn't get file lock.
2025-09-30 20:08:42,721 [ERROR] LogOutputStream:75 - [STDERR_REDIRECT] 
2025-09-30 20:09:12,721 [ERROR] LogOutputStream:75 - [STDERR_REDIRECT] Sep 30, 2025 8:09:12 PM java.util.prefs.FileSystemPreferences checkLockFile0ErrorCode
2025-09-30 20:09:12,721 [ERROR] LogOutputStream:75 - [STDERR_REDIRECT] WARNING: Could not lock System prefs. Unix error code 2.
2025-09-30 20:09:12,721 [ERROR] LogOutputStream:75 - [STDERR_REDIRECT] 
2025-09-30 20:09:12,721 [ERROR] LogOutputStream:75 - [STDERR_REDIRECT] Sep 30, 2025 8:09:12 PM java.util.prefs.FileSystemPreferences syncWorld
2025-09-30 20:09:12,722 [ERROR] LogOutputStream:75 - [STDERR_REDIRECT] WARNING: Couldn't flush system prefs: java.util.prefs.BackingStoreException: Couldn't get file lock.
2025-09-30 20:09:12,722 [ERROR] LogOutputStream:75 - [STDERR_REDIRECT] 
2025-09-30 20:09:42,720 [ERROR] LogOutputStream:75 - [STDERR_REDIRECT] Sep 30, 2025 8:09:42 PM java.util.prefs.FileSystemPreferences checkLockFile0ErrorCode
2025-09-30 20:09:42,720 [ERROR] LogOutputStream:75 - [STDERR_REDIRECT] WARNING: Could not lock System prefs. Unix error code 2.
2025-09-30 20:09:42,720 [ERROR] LogOutputStream:75 - [STDERR_REDIRECT] 
2025-09-30 20:09:42,720 [ERROR] LogOutputStream:75 - [STDERR_REDIRECT] Sep 30, 2025 8:09:42 PM java.util.prefs.FileSystemPreferences syncWorld
2025-09-30 20:09:42,720 [ERROR] LogOutputStream:75 - [STDERR_REDIRECT] WARNING: Couldn't flush system prefs: java.util.prefs.BackingStoreException: Couldn't get file lock.
2025-09-30 20:09:42,721 [ERROR] LogOutputStream:75 - [STDERR_REDIRECT] 
2025-09-30 20:10:12,720 [ERROR] LogOutputStream:75 - [STDERR_REDIRECT] Sep 30, 2025 8:10:12 PM java.util.prefs.FileSystemPreferences checkLockFile0ErrorCode
2025-09-30 20:10:12,721 [ERROR] LogOutputStream:75 - [STDERR_REDIRECT] WARNING: Could not lock System prefs. Unix error code 2.
2025-09-30 20:10:12,721 [ERROR] LogOutputStream:75 - [STDERR_REDIRECT] 
2025-09-30 20:10:12,721 [ERROR] LogOutputStream:75 - [STDERR_REDIRECT] Sep 30, 2025 8:10:12 PM java.util.prefs.FileSystemPreferences syncWorld
2025-09-30 20:10:12,721 [ERROR] LogOutputStream:75 - [STDERR_REDIRECT] WARNING: Couldn't flush system prefs: java.util.prefs.BackingStoreException: Couldn't get file lock.
2025-09-30 20:10:12,721 [ERROR] LogOutputStream:75 - [STDERR_REDIRECT] 
2025-09-30 20:10:42,721 [ERROR] LogOutputStream:75 - [STDERR_REDIRECT] Sep 30, 2025 8:10:42 PM java.util.prefs.FileSystemPreferences checkLockFile0ErrorCode
2025-09-30 20:10:42,721 [ERROR] LogOutputStream:75 - [STDERR_REDIRECT] WARNING: Could not lock System prefs. Unix error code 2.
2025-09-30 20:10:42,721 [ERROR] LogOutputStream:75 - [STDERR_REDIRECT] 
2025-09-30 20:10:42,721 [ERROR] LogOutputStream:75 - [STDERR_REDIRECT] Sep 30, 2025 8:10:42 PM java.util.prefs.FileSystemPreferences syncWorld
2025-09-30 20:10:42,721 [ERROR] LogOutputStream:75 - [STDERR_REDIRECT] WARNING: Couldn't flush system prefs: java.util.prefs.BackingStoreException: Couldn't get file lock.
2025-09-30 20:10:42,721 [ERROR] LogOutputStream:75 - [STDERR_REDIRECT] 
2025-09-30 20:11:12,721 [ERROR] LogOutputStream:75 - [STDERR_REDIRECT] Sep 30, 2025 8:11:12 PM java.util.prefs.FileSystemPreferences checkLockFile0ErrorCode
2025-09-30 20:11:12,721 [ERROR] LogOutputStream:75 - [STDERR_REDIRECT] WARNING: Could not lock System prefs. Unix error code 2.
2025-09-30 20:11:12,721 [ERROR] LogOutputStream:75 - [STDERR_REDIRECT] 
2025-09-30 20:11:12,721 [ERROR] LogOutputStream:75 - [STDERR_REDIRECT] Sep 30, 2025 8:11:12 PM java.util.prefs.FileSystemPreferences syncWorld
2025-09-30 20:11:12,721 [ERROR] LogOutputStream:75 - [STDERR_REDIRECT] WARNING: Couldn't flush system prefs: java.util.prefs.BackingStoreException: Couldn't get file lock.
2025-09-30 20:11:12,721 [ERROR] LogOutputStream:75 - [STDERR_REDIRECT] 
2025-09-30 20:11:42,722 [ERROR] LogOutputStream:75 - [STDERR_REDIRECT] Sep 30, 2025 8:11:42 PM java.util.prefs.FileSystemPreferences checkLockFile0ErrorCode
2025-09-30 20:11:42,722 [ERROR] LogOutputStream:75 - [STDERR_REDIRECT] WARNING: Could not lock System prefs. Unix error code 2.
2025-09-30 20:11:42,722 [ERROR] LogOutputStream:75 - [STDERR_REDIRECT] 
2025-09-30 20:11:42,722 [ERROR] LogOutputStream:75 - [STDERR_REDIRECT] Sep 30, 2025 8:11:42 PM java.util.prefs.FileSystemPreferences syncWorld
2025-09-30 20:11:42,722 [ERROR] LogOutputStream:75 - [STDERR_REDIRECT] WARNING: Couldn't flush system prefs: java.util.prefs.BackingStoreException: Couldn't get file lock.
2025-09-30 20:11:42,722 [ERROR] LogOutputStream:75 - [STDERR_REDIRECT] 
2025-09-30 20:12:12,722 [ERROR] LogOutputStream:75 - [STDERR_REDIRECT] Sep 30, 2025 8:12:12 PM java.util.prefs.FileSystemPreferences checkLockFile0ErrorCode
2025-09-30 20:12:12,722 [ERROR] LogOutputStream:75 - [STDERR_REDIRECT] WARNING: Could not lock System prefs. Unix error code 2.
2025-09-30 20:12:12,722 [ERROR] LogOutputStream:75 - [STDERR_REDIRECT] 
2025-09-30 20:12:12,722 [ERROR] LogOutputStream:75 - [STDERR_REDIRECT] Sep 30, 2025 8:12:12 PM java.util.prefs.FileSystemPreferences syncWorld
2025-09-30 20:12:12,722 [ERROR] LogOutputStream:75 - [STDERR_REDIRECT] WARNING: Couldn't flush system prefs: java.util.prefs.BackingStoreException: Couldn't get file lock.
2025-09-30 20:12:12,722 [ERROR] LogOutputStream:75 - [STDERR_REDIRECT] 
2025-09-30 20:12:42,722 [ERROR] LogOutputStream:75 - [STDERR_REDIRECT] Sep 30, 2025 8:12:42 PM java.util.prefs.FileSystemPreferences checkLockFile0ErrorCode
2025-09-30 20:12:42,722 [ERROR] LogOutputStream:75 - [STDERR_REDIRECT] WARNING: Could not lock System prefs. Unix error code 2.
2025-09-30 20:12:42,722 [ERROR] LogOutputStream:75 - [STDERR_REDIRECT] 
2025-09-30 20:12:42,722 [ERROR] LogOutputStream:75 - [STDERR_REDIRECT] Sep 30, 2025 8:12:42 PM java.util.prefs.FileSystemPreferences syncWorld
2025-09-30 20:12:42,722 [ERROR] LogOutputStream:75 - [STDERR_REDIRECT] WARNING: Couldn't flush system prefs: java.util.prefs.BackingStoreException: Couldn't get file lock.
2025-09-30 20:12:42,722 [ERROR] LogOutputStream:75 - [STDERR_REDIRECT] 
2025-09-30 20:13:12,722 [ERROR] LogOutputStream:75 - [STDERR_REDIRECT] Sep 30, 2025 8:13:12 PM java.util.prefs.FileSystemPreferences checkLockFile0ErrorCode
2025-09-30 20:13:12,723 [ERROR] LogOutputStream:75 - [STDERR_REDIRECT] WARNING: Could not lock System prefs. Unix error code 2.
2025-09-30 20:13:12,723 [ERROR] LogOutputStream:75 - [STDERR_REDIRECT] 
2025-09-30 20:13:12,723 [ERROR] LogOutputStream:75 - [STDERR_REDIRECT] Sep 30, 2025 8:13:12 PM java.util.prefs.FileSystemPreferences syncWorld
2025-09-30 20:13:12,723 [ERROR] LogOutputStream:75 - [STDERR_REDIRECT] WARNING: Couldn't flush system prefs: java.util.prefs.BackingStoreException: Couldn't get file lock.
2025-09-30 20:13:12,723 [ERROR] LogOutputStream:75 - [STDERR_REDIRECT] 
2025-09-30 20:13:42,722 [ERROR] LogOutputStream:75 - [STDERR_REDIRECT] Sep 30, 2025 8:13:42 PM java.util.prefs.FileSystemPreferences checkLockFile0ErrorCode
2025-09-30 20:13:42,723 [ERROR] LogOutputStream:75 - [STDERR_REDIRECT] WARNING: Could not lock System prefs. Unix error code 2.
2025-09-30 20:13:42,723 [ERROR] LogOutputStream:75 - [STDERR_REDIRECT] 
2025-09-30 20:13:42,723 [ERROR] LogOutputStream:75 - [STDERR_REDIRECT] Sep 30, 2025 8:13:42 PM java.util.prefs.FileSystemPreferences syncWorld
2025-09-30 20:13:42,723 [ERROR] LogOutputStream:75 - [STDERR_REDIRECT] WARNING: Couldn't flush system prefs: java.util.prefs.BackingStoreException: Couldn't get file lock.
2025-09-30 20:13:42,723 [ERROR] LogOutputStream:75 - [STDERR_REDIRECT] 
2025-09-30 20:14:12,723 [ERROR] LogOutputStream:75 - [STDERR_REDIRECT] Sep 30, 2025 8:14:12 PM java.util.prefs.FileSystemPreferences checkLockFile0ErrorCode
2025-09-30 20:14:12,723 [ERROR] LogOutputStream:75 - [STDERR_REDIRECT] WARNING: Could not lock System prefs. Unix error code 2.
2025-09-30 20:14:12,723 [ERROR] LogOutputStream:75 - [STDERR_REDIRECT] 
2025-09-30 20:14:12,723 [ERROR] LogOutputStream:75 - [STDERR_REDIRECT] Sep 30, 2025 8:14:12 PM java.util.prefs.FileSystemPreferences syncWorld
2025-09-30 20:14:12,723 [ERROR] LogOutputStream:75 - [STDERR_REDIRECT] WARNING: Couldn't flush system prefs: java.util.prefs.BackingStoreException: Couldn't get file lock.
2025-09-30 20:14:12,723 [ERROR] LogOutputStream:75 - [STDERR_REDIRECT] 
2025-09-30 20:14:42,722 [ERROR] LogOutputStream:75 - [STDERR_REDIRECT] Sep 30, 2025 8:14:42 PM java.util.prefs.FileSystemPreferences checkLockFile0ErrorCode
2025-09-30 20:14:42,723 [ERROR] LogOutputStream:75 - [STDERR_REDIRECT] WARNING: Could not lock System prefs. Unix error code 2.
2025-09-30 20:14:42,723 [ERROR] LogOutputStream:75 - [STDERR_REDIRECT] 
2025-09-30 20:14:42,723 [ERROR] LogOutputStream:75 - [STDERR_REDIRECT] Sep 30, 2025 8:14:42 PM java.util.prefs.FileSystemPreferences syncWorld
2025-09-30 20:14:42,723 [ERROR] LogOutputStream:75 - [STDERR_REDIRECT] WARNING: Couldn't flush system prefs: java.util.prefs.BackingStoreException: Couldn't get file lock.
2025-09-30 20:14:42,723 [ERROR] LogOutputStream:75 - [STDERR_REDIRECT] 
2025-09-30 20:15:12,722 [ERROR] LogOutputStream:75 - [STDERR_REDIRECT] Sep 30, 2025 8:15:12 PM java.util.prefs.FileSystemPreferences checkLockFile0ErrorCode
2025-09-30 20:15:12,722 [ERROR] LogOutputStream:75 - [STDERR_REDIRECT] WARNING: Could not lock System prefs. Unix error code 2.
2025-09-30 20:15:12,722 [ERROR] LogOutputStream:75 - [STDERR_REDIRECT] 
2025-09-30 20:15:12,722 [ERROR] LogOutputStream:75 - [STDERR_REDIRECT] Sep 30, 2025 8:15:12 PM java.util.prefs.FileSystemPreferences syncWorld
2025-09-30 20:15:12,723 [ERROR] LogOutputStream:75 - [STDERR_REDIRECT] WARNING: Couldn't flush system prefs: java.util.prefs.BackingStoreException: Couldn't get file lock.
2025-09-30 20:15:12,723 [ERROR] LogOutputStream:75 - [STDERR_REDIRECT] 
2025-09-30 20:15:42,722 [ERROR] LogOutputStream:75 - [STDERR_REDIRECT] Sep 30, 2025 8:15:42 PM java.util.prefs.FileSystemPreferences checkLockFile0ErrorCode
2025-09-30 20:15:42,722 [ERROR] LogOutputStream:75 - [STDERR_REDIRECT] WARNING: Could not lock System prefs. Unix error code 2.
2025-09-30 20:15:42,722 [ERROR] LogOutputStream:75 - [STDERR_REDIRECT] 
2025-09-30 20:15:42,722 [ERROR] LogOutputStream:75 - [STDERR_REDIRECT] Sep 30, 2025 8:15:42 PM java.util.prefs.FileSystemPreferences syncWorld
2025-09-30 20:15:42,722 [ERROR] LogOutputStream:75 - [STDERR_REDIRECT] WARNING: Couldn't flush system prefs: java.util.prefs.BackingStoreException: Couldn't get file lock.
2025-09-30 20:15:42,722 [ERROR] LogOutputStream:75 - [STDERR_REDIRECT] 
2025-09-30 20:16:12,723 [ERROR] LogOutputStream:75 - [STDERR_REDIRECT] Sep 30, 2025 8:16:12 PM java.util.prefs.FileSystemPreferences checkLockFile0ErrorCode
2025-09-30 20:16:12,723 [ERROR] LogOutputStream:75 - [STDERR_REDIRECT] WARNING: Could not lock System prefs. Unix error code 2.
2025-09-30 20:16:12,723 [ERROR] LogOutputStream:75 - [STDERR_REDIRECT] 
2025-09-30 20:16:12,723 [ERROR] LogOutputStream:75 - [STDERR_REDIRECT] Sep 30, 2025 8:16:12 PM java.util.prefs.FileSystemPreferences syncWorld
2025-09-30 20:16:12,723 [ERROR] LogOutputStream:75 - [STDERR_REDIRECT] WARNING: Couldn't flush system prefs: java.util.prefs.BackingStoreException: Couldn't get file lock.
2025-09-30 20:16:12,723 [ERROR] LogOutputStream:75 - [STDERR_REDIRECT] 
2025-09-30 20:16:42,724 [ERROR] LogOutputStream:75 - [STDERR_REDIRECT] Sep 30, 2025 8:16:42 PM java.util.prefs.FileSystemPreferences checkLockFile0ErrorCode
2025-09-30 20:16:42,725 [ERROR] LogOutputStream:75 - [STDERR_REDIRECT] WARNING: Could not lock System prefs. Unix error code 2.
2025-09-30 20:16:42,725 [ERROR] LogOutputStream:75 - [STDERR_REDIRECT] 
2025-09-30 20:16:42,725 [ERROR] LogOutputStream:75 - [STDERR_REDIRECT] Sep 30, 2025 8:16:42 PM java.util.prefs.FileSystemPreferences syncWorld
2025-09-30 20:16:42,725 [ERROR] LogOutputStream:75 - [STDERR_REDIRECT] WARNING: Couldn't flush system prefs: java.util.prefs.BackingStoreException: Couldn't get file lock.
2025-09-30 20:16:42,725 [ERROR] LogOutputStream:75 - [STDERR_REDIRECT] 
2025-09-30 20:17:12,723 [ERROR] LogOutputStream:75 - [STDERR_REDIRECT] Sep 30, 2025 8:17:12 PM java.util.prefs.FileSystemPreferences checkLockFile0ErrorCode
2025-09-30 20:17:12,723 [ERROR] LogOutputStream:75 - [STDERR_REDIRECT] WARNING: Could not lock System prefs. Unix error code 2.
2025-09-30 20:17:12,723 [ERROR] LogOutputStream:75 - [STDERR_REDIRECT] 
2025-09-30 20:17:12,723 [ERROR] LogOutputStream:75 - [STDERR_REDIRECT] Sep 30, 2025 8:17:12 PM java.util.prefs.FileSystemPreferences syncWorld
2025-09-30 20:17:12,724 [ERROR] LogOutputStream:75 - [STDERR_REDIRECT] WARNING: Couldn't flush system prefs: java.util.prefs.BackingStoreException: Couldn't get file lock.
2025-09-30 20:17:12,724 [ERROR] LogOutputStream:75 - [STDERR_REDIRECT] 
2025-09-30 20:17:42,724 [ERROR] LogOutputStream:75 - [STDERR_REDIRECT] Sep 30, 2025 8:17:42 PM java.util.prefs.FileSystemPreferences checkLockFile0ErrorCode
2025-09-30 20:17:42,725 [ERROR] LogOutputStream:75 - [STDERR_REDIRECT] WARNING: Could not lock System prefs. Unix error code 2.
2025-09-30 20:17:42,725 [ERROR] LogOutputStream:75 - [STDERR_REDIRECT] 
2025-09-30 20:17:42,725 [ERROR] LogOutputStream:75 - [STDERR_REDIRECT] Sep 30, 2025 8:17:42 PM java.util.prefs.FileSystemPreferences syncWorld
2025-09-30 20:17:42,725 [ERROR] LogOutputStream:75 - [STDERR_REDIRECT] WARNING: Couldn't flush system prefs: java.util.prefs.BackingStoreException: Couldn't get file lock.
2025-09-30 20:17:42,725 [ERROR] LogOutputStream:75 - [STDERR_REDIRECT] 
2025-09-30 20:18:12,724 [ERROR] LogOutputStream:75 - [STDERR_REDIRECT] Sep 30, 2025 8:18:12 PM java.util.prefs.FileSystemPreferences checkLockFile0ErrorCode
2025-09-30 20:18:12,724 [ERROR] LogOutputStream:75 - [STDERR_REDIRECT] WARNING: Could not lock System prefs. Unix error code 2.
2025-09-30 20:18:12,724 [ERROR] LogOutputStream:75 - [STDERR_REDIRECT] 
2025-09-30 20:18:12,724 [ERROR] LogOutputStream:75 - [STDERR_REDIRECT] Sep 30, 2025 8:18:12 PM java.util.prefs.FileSystemPreferences syncWorld
2025-09-30 20:18:12,724 [ERROR] LogOutputStream:75 - [STDERR_REDIRECT] WARNING: Couldn't flush system prefs: java.util.prefs.BackingStoreException: Couldn't get file lock.
2025-09-30 20:18:12,724 [ERROR] LogOutputStream:75 - [STDERR_REDIRECT] 
2025-09-30 20:18:42,725 [ERROR] LogOutputStream:75 - [STDERR_REDIRECT] Sep 30, 2025 8:18:42 PM java.util.prefs.FileSystemPreferences checkLockFile0ErrorCode
2025-09-30 20:18:42,725 [ERROR] LogOutputStream:75 - [STDERR_REDIRECT] WARNING: Could not lock System prefs. Unix error code 2.
2025-09-30 20:18:42,725 [ERROR] LogOutputStream:75 - [STDERR_REDIRECT] 
2025-09-30 20:18:42,725 [ERROR] LogOutputStream:75 - [STDERR_REDIRECT] Sep 30, 2025 8:18:42 PM java.util.prefs.FileSystemPreferences syncWorld
2025-09-30 20:18:42,725 [ERROR] LogOutputStream:75 - [STDERR_REDIRECT] WARNING: Couldn't flush system prefs: java.util.prefs.BackingStoreException: Couldn't get file lock.
2025-09-30 20:18:42,725 [ERROR] LogOutputStream:75 - [STDERR_REDIRECT] 
2025-09-30 20:19:12,726 [ERROR] LogOutputStream:75 - [STDERR_REDIRECT] Sep 30, 2025 8:19:12 PM java.util.prefs.FileSystemPreferences checkLockFile0ErrorCode
2025-09-30 20:19:12,726 [ERROR] LogOutputStream:75 - [STDERR_REDIRECT] WARNING: Could not lock System prefs. Unix error code 2.
2025-09-30 20:19:12,726 [ERROR] LogOutputStream:75 - [STDERR_REDIRECT] 
2025-09-30 20:19:12,726 [ERROR] LogOutputStream:75 - [STDERR_REDIRECT] Sep 30, 2025 8:19:12 PM java.util.prefs.FileSystemPreferences syncWorld
2025-09-30 20:19:12,726 [ERROR] LogOutputStream:75 - [STDERR_REDIRECT] WARNING: Couldn't flush system prefs: java.util.prefs.BackingStoreException: Couldn't get file lock.
2025-09-30 20:19:12,726 [ERROR] LogOutputStream:75 - [STDERR_REDIRECT] 
2025-09-30 20:19:42,727 [ERROR] LogOutputStream:75 - [STDERR_REDIRECT] Sep 30, 2025 8:19:42 PM java.util.prefs.FileSystemPreferences checkLockFile0ErrorCode
2025-09-30 20:19:42,727 [ERROR] LogOutputStream:75 - [STDERR_REDIRECT] WARNING: Could not lock System prefs. Unix error code 2.
2025-09-30 20:19:42,727 [ERROR] LogOutputStream:75 - [STDERR_REDIRECT] 
2025-09-30 20:19:42,727 [ERROR] LogOutputStream:75 - [STDERR_REDIRECT] Sep 30, 2025 8:19:42 PM java.util.prefs.FileSystemPreferences syncWorld
2025-09-30 20:19:42,727 [ERROR] LogOutputStream:75 - [STDERR_REDIRECT] WARNING: Couldn't flush system prefs: java.util.prefs.BackingStoreException: Couldn't get file lock.
2025-09-30 20:19:42,727 [ERROR] LogOutputStream:75 - [STDERR_REDIRECT] 
2025-09-30 20:20:12,726 [ERROR] LogOutputStream:75 - [STDERR_REDIRECT] Sep 30, 2025 8:20:12 PM java.util.prefs.FileSystemPreferences checkLockFile0ErrorCode
2025-09-30 20:20:12,727 [ERROR] LogOutputStream:75 - [STDERR_REDIRECT] WARNING: Could not lock System prefs. Unix error code 2.
2025-09-30 20:20:12,727 [ERROR] LogOutputStream:75 - [STDERR_REDIRECT] 
2025-09-30 20:20:12,727 [ERROR] LogOutputStream:75 - [STDERR_REDIRECT] Sep 30, 2025 8:20:12 PM java.util.prefs.FileSystemPreferences syncWorld
2025-09-30 20:20:12,727 [ERROR] LogOutputStream:75 - [STDERR_REDIRECT] WARNING: Couldn't flush system prefs: java.util.prefs.BackingStoreException: Couldn't get file lock.
2025-09-30 20:20:12,727 [ERROR] LogOutputStream:75 - [STDERR_REDIRECT] 
2025-09-30 20:20:42,726 [ERROR] LogOutputStream:75 - [STDERR_REDIRECT] Sep 30, 2025 8:20:42 PM java.util.prefs.FileSystemPreferences checkLockFile0ErrorCode
2025-09-30 20:20:42,727 [ERROR] LogOutputStream:75 - [STDERR_REDIRECT] WARNING: Could not lock System prefs. Unix error code 2.
2025-09-30 20:20:42,727 [ERROR] LogOutputStream:75 - [STDERR_REDIRECT] 
2025-09-30 20:20:42,727 [ERROR] LogOutputStream:75 - [STDERR_REDIRECT] Sep 30, 2025 8:20:42 PM java.util.prefs.FileSystemPreferences syncWorld
2025-09-30 20:20:42,727 [ERROR] LogOutputStream:75 - [STDERR_REDIRECT] WARNING: Couldn't flush system prefs: java.util.prefs.BackingStoreException: Couldn't get file lock.
2025-09-30 20:20:42,727 [ERROR] LogOutputStream:75 - [STDERR_REDIRECT] 
2025-09-30 20:21:12,727 [ERROR] LogOutputStream:75 - [STDERR_REDIRECT] Sep 30, 2025 8:21:12 PM java.util.prefs.FileSystemPreferences checkLockFile0ErrorCode
2025-09-30 20:21:12,727 [ERROR] LogOutputStream:75 - [STDERR_REDIRECT] WARNING: Could not lock System prefs. Unix error code 2.
2025-09-30 20:21:12,727 [ERROR] LogOutputStream:75 - [STDERR_REDIRECT] 
2025-09-30 20:21:12,727 [ERROR] LogOutputStream:75 - [STDERR_REDIRECT] Sep 30, 2025 8:21:12 PM java.util.prefs.FileSystemPreferences syncWorld
2025-09-30 20:21:12,727 [ERROR] LogOutputStream:75 - [STDERR_REDIRECT] WARNING: Couldn't flush system prefs: java.util.prefs.BackingStoreException: Couldn't get file lock.
2025-09-30 20:21:12,727 [ERROR] LogOutputStream:75 - [STDERR_REDIRECT] 
2025-09-30 20:21:42,727 [ERROR] LogOutputStream:75 - [STDERR_REDIRECT] Sep 30, 2025 8:21:42 PM java.util.prefs.FileSystemPreferences checkLockFile0ErrorCode
2025-09-30 20:21:42,727 [ERROR] LogOutputStream:75 - [STDERR_REDIRECT] WARNING: Could not lock System prefs. Unix error code 2.
2025-09-30 20:21:42,727 [ERROR] LogOutputStream:75 - [STDERR_REDIRECT] 
2025-09-30 20:21:42,727 [ERROR] LogOutputStream:75 - [STDERR_REDIRECT] Sep 30, 2025 8:21:42 PM java.util.prefs.FileSystemPreferences syncWorld
2025-09-30 20:21:42,727 [ERROR] LogOutputStream:75 - [STDERR_REDIRECT] WARNING: Couldn't flush system prefs: java.util.prefs.BackingStoreException: Couldn't get file lock.
2025-09-30 20:21:42,727 [ERROR] LogOutputStream:75 - [STDERR_REDIRECT] 
2025-09-30 20:22:12,728 [ERROR] LogOutputStream:75 - [STDERR_REDIRECT] Sep 30, 2025 8:22:12 PM java.util.prefs.FileSystemPreferences checkLockFile0ErrorCode
2025-09-30 20:22:12,728 [ERROR] LogOutputStream:75 - [STDERR_REDIRECT] WARNING: Could not lock System prefs. Unix error code 2.
2025-09-30 20:22:12,728 [ERROR] LogOutputStream:75 - [STDERR_REDIRECT] 
2025-09-30 20:22:12,728 [ERROR] LogOutputStream:75 - [STDERR_REDIRECT] Sep 30, 2025 8:22:12 PM java.util.prefs.FileSystemPreferences syncWorld
2025-09-30 20:22:12,728 [ERROR] LogOutputStream:75 - [STDERR_REDIRECT] WARNING: Couldn't flush system prefs: java.util.prefs.BackingStoreException: Couldn't get file lock.
2025-09-30 20:22:12,728 [ERROR] LogOutputStream:75 - [STDERR_REDIRECT] 
2025-09-30 20:22:42,727 [ERROR] LogOutputStream:75 - [STDERR_REDIRECT] Sep 30, 2025 8:22:42 PM java.util.prefs.FileSystemPreferences checkLockFile0ErrorCode
2025-09-30 20:22:42,727 [ERROR] LogOutputStream:75 - [STDERR_REDIRECT] WARNING: Could not lock System prefs. Unix error code 2.
2025-09-30 20:22:42,727 [ERROR] LogOutputStream:75 - [STDERR_REDIRECT] 
2025-09-30 20:22:42,727 [ERROR] LogOutputStream:75 - [STDERR_REDIRECT] Sep 30, 2025 8:22:42 PM java.util.prefs.FileSystemPreferences syncWorld
2025-09-30 20:22:42,727 [ERROR] LogOutputStream:75 - [STDERR_REDIRECT] WARNING: Couldn't flush system prefs: java.util.prefs.BackingStoreException: Couldn't get file lock.
2025-09-30 20:22:42,727 [ERROR] LogOutputStream:75 - [STDERR_REDIRECT] 
2025-09-30 20:23:12,728 [ERROR] LogOutputStream:75 - [STDERR_REDIRECT] Sep 30, 2025 8:23:12 PM java.util.prefs.FileSystemPreferences checkLockFile0ErrorCode
2025-09-30 20:23:12,728 [ERROR] LogOutputStream:75 - [STDERR_REDIRECT] WARNING: Could not lock System prefs. Unix error code 2.
2025-09-30 20:23:12,728 [ERROR] LogOutputStream:75 - [STDERR_REDIRECT] 
2025-09-30 20:23:12,728 [ERROR] LogOutputStream:75 - [STDERR_REDIRECT] Sep 30, 2025 8:23:12 PM java.util.prefs.FileSystemPreferences syncWorld
2025-09-30 20:23:12,728 [ERROR] LogOutputStream:75 - [STDERR_REDIRECT] WARNING: Couldn't flush system prefs: java.util.prefs.BackingStoreException: Couldn't get file lock.
2025-09-30 20:23:12,728 [ERROR] LogOutputStream:75 - [STDERR_REDIRECT] 
2025-09-30 20:23:42,728 [ERROR] LogOutputStream:75 - [STDERR_REDIRECT] Sep 30, 2025 8:23:42 PM java.util.prefs.FileSystemPreferences checkLockFile0ErrorCode
2025-09-30 20:23:42,729 [ERROR] LogOutputStream:75 - [STDERR_REDIRECT] WARNING: Could not lock System prefs. Unix error code 2.
2025-09-30 20:23:42,729 [ERROR] LogOutputStream:75 - [STDERR_REDIRECT] 
2025-09-30 20:23:42,729 [ERROR] LogOutputStream:75 - [STDERR_REDIRECT] Sep 30, 2025 8:23:42 PM java.util.prefs.FileSystemPreferences syncWorld
2025-09-30 20:23:42,729 [ERROR] LogOutputStream:75 - [STDERR_REDIRECT] WARNING: Couldn't flush system prefs: java.util.prefs.BackingStoreException: Couldn't get file lock.
2025-09-30 20:23:42,729 [ERROR] LogOutputStream:75 - [STDERR_REDIRECT] 
2025-09-30 20:24:12,729 [ERROR] LogOutputStream:75 - [STDERR_REDIRECT] Sep 30, 2025 8:24:12 PM java.util.prefs.FileSystemPreferences checkLockFile0ErrorCode
2025-09-30 20:24:12,729 [ERROR] LogOutputStream:75 - [STDERR_REDIRECT] WARNING: Could not lock System prefs. Unix error code 2.
2025-09-30 20:24:12,729 [ERROR] LogOutputStream:75 - [STDERR_REDIRECT] 
2025-09-30 20:24:12,729 [ERROR] LogOutputStream:75 - [STDERR_REDIRECT] Sep 30, 2025 8:24:12 PM java.util.prefs.FileSystemPreferences syncWorld
2025-09-30 20:24:12,729 [ERROR] LogOutputStream:75 - [STDERR_REDIRECT] WARNING: Couldn't flush system prefs: java.util.prefs.BackingStoreException: Couldn't get file lock.
2025-09-30 20:24:12,729 [ERROR] LogOutputStream:75 - [STDERR_REDIRECT] 
2025-09-30 20:24:42,728 [ERROR] LogOutputStream:75 - [STDERR_REDIRECT] Sep 30, 2025 8:24:42 PM java.util.prefs.FileSystemPreferences checkLockFile0ErrorCode
2025-09-30 20:24:42,729 [ERROR] LogOutputStream:75 - [STDERR_REDIRECT] WARNING: Could not lock System prefs. Unix error code 2.
2025-09-30 20:24:42,729 [ERROR] LogOutputStream:75 - [STDERR_REDIRECT] 
2025-09-30 20:24:42,729 [ERROR] LogOutputStream:75 - [STDERR_REDIRECT] Sep 30, 2025 8:24:42 PM java.util.prefs.FileSystemPreferences syncWorld
2025-09-30 20:24:42,729 [ERROR] LogOutputStream:75 - [STDERR_REDIRECT] WARNING: Couldn't flush system prefs: java.util.prefs.BackingStoreException: Couldn't get file lock.
2025-09-30 20:24:42,729 [ERROR] LogOutputStream:75 - [STDERR_REDIRECT] 
2025-09-30 20:25:12,728 [ERROR] LogOutputStream:75 - [STDERR_REDIRECT] Sep 30, 2025 8:25:12 PM java.util.prefs.FileSystemPreferences checkLockFile0ErrorCode
2025-09-30 20:25:12,728 [ERROR] LogOutputStream:75 - [STDERR_REDIRECT] WARNING: Could not lock System prefs. Unix error code 2.
2025-09-30 20:25:12,728 [ERROR] LogOutputStream:75 - [STDERR_REDIRECT] 
2025-09-30 20:25:12,729 [ERROR] LogOutputStream:75 - [STDERR_REDIRECT] Sep 30, 2025 8:25:12 PM java.util.prefs.FileSystemPreferences syncWorld
2025-09-30 20:25:12,729 [ERROR] LogOutputStream:75 - [STDERR_REDIRECT] WARNING: Couldn't flush system prefs: java.util.prefs.BackingStoreException: Couldn't get file lock.
2025-09-30 20:25:12,729 [ERROR] LogOutputStream:75 - [STDERR_REDIRECT] 
2025-09-30 20:25:42,728 [ERROR] LogOutputStream:75 - [STDERR_REDIRECT] Sep 30, 2025 8:25:42 PM java.util.prefs.FileSystemPreferences checkLockFile0ErrorCode
2025-09-30 20:25:42,728 [ERROR] LogOutputStream:75 - [STDERR_REDIRECT] WARNING: Could not lock System prefs. Unix error code 2.
2025-09-30 20:25:42,728 [ERROR] LogOutputStream:75 - [STDERR_REDIRECT] 
2025-09-30 20:25:42,729 [ERROR] LogOutputStream:75 - [STDERR_REDIRECT] Sep 30, 2025 8:25:42 PM java.util.prefs.FileSystemPreferences syncWorld
2025-09-30 20:25:42,729 [ERROR] LogOutputStream:75 - [STDERR_REDIRECT] WARNING: Couldn't flush system prefs: java.util.prefs.BackingStoreException: Couldn't get file lock.
2025-09-30 20:25:42,729 [ERROR] LogOutputStream:75 - [STDERR_REDIRECT] 
2025-09-30 20:26:12,728 [ERROR] LogOutputStream:75 - [STDERR_REDIRECT] Sep 30, 2025 8:26:12 PM java.util.prefs.FileSystemPreferences checkLockFile0ErrorCode
2025-09-30 20:26:12,728 [ERROR] LogOutputStream:75 - [STDERR_REDIRECT] WARNING: Could not lock System prefs. Unix error code 2.
2025-09-30 20:26:12,728 [ERROR] LogOutputStream:75 - [STDERR_REDIRECT] 
2025-09-30 20:26:12,728 [ERROR] LogOutputStream:75 - [STDERR_REDIRECT] Sep 30, 2025 8:26:12 PM java.util.prefs.FileSystemPreferences syncWorld
2025-09-30 20:26:12,728 [ERROR] LogOutputStream:75 - [STDERR_REDIRECT] WARNING: Couldn't flush system prefs: java.util.prefs.BackingStoreException: Couldn't get file lock.
2025-09-30 20:26:12,728 [ERROR] LogOutputStream:75 - [STDERR_REDIRECT] 
2025-09-30 20:26:42,729 [ERROR] LogOutputStream:75 - [STDERR_REDIRECT] Sep 30, 2025 8:26:42 PM java.util.prefs.FileSystemPreferences checkLockFile0ErrorCode
2025-09-30 20:26:42,729 [ERROR] LogOutputStream:75 - [STDERR_REDIRECT] WARNING: Could not lock System prefs. Unix error code 2.
2025-09-30 20:26:42,729 [ERROR] LogOutputStream:75 - [STDERR_REDIRECT] 
2025-09-30 20:26:42,729 [ERROR] LogOutputStream:75 - [STDERR_REDIRECT] Sep 30, 2025 8:26:42 PM java.util.prefs.FileSystemPreferences syncWorld
2025-09-30 20:26:42,729 [ERROR] LogOutputStream:75 - [STDERR_REDIRECT] WARNING: Couldn't flush system prefs: java.util.prefs.BackingStoreException: Couldn't get file lock.
2025-09-30 20:26:42,729 [ERROR] LogOutputStream:75 - [STDERR_REDIRECT] 
2025-09-30 20:27:12,729 [ERROR] LogOutputStream:75 - [STDERR_REDIRECT] Sep 30, 2025 8:27:12 PM java.util.prefs.FileSystemPreferences checkLockFile0ErrorCode
2025-09-30 20:27:12,729 [ERROR] LogOutputStream:75 - [STDERR_REDIRECT] WARNING: Could not lock System prefs. Unix error code 2.
2025-09-30 20:27:12,729 [ERROR] LogOutputStream:75 - [STDERR_REDIRECT] 
2025-09-30 20:27:12,729 [ERROR] LogOutputStream:75 - [STDERR_REDIRECT] Sep 30, 2025 8:27:12 PM java.util.prefs.FileSystemPreferences syncWorld
2025-09-30 20:27:12,729 [ERROR] LogOutputStream:75 - [STDERR_REDIRECT] WARNING: Couldn't flush system prefs: java.util.prefs.BackingStoreException: Couldn't get file lock.
2025-09-30 20:27:12,730 [ERROR] LogOutputStream:75 - [STDERR_REDIRECT] 
2025-09-30 20:27:42,728 [ERROR] LogOutputStream:75 - [STDERR_REDIRECT] Sep 30, 2025 8:27:42 PM java.util.prefs.FileSystemPreferences checkLockFile0ErrorCode
2025-09-30 20:27:42,728 [ERROR] LogOutputStream:75 - [STDERR_REDIRECT] WARNING: Could not lock System prefs. Unix error code 2.
2025-09-30 20:27:42,728 [ERROR] LogOutputStream:75 - [STDERR_REDIRECT] 
2025-09-30 20:27:42,728 [ERROR] LogOutputStream:75 - [STDERR_REDIRECT] Sep 30, 2025 8:27:42 PM java.util.prefs.FileSystemPreferences syncWorld
2025-09-30 20:27:42,728 [ERROR] LogOutputStream:75 - [STDERR_REDIRECT] WARNING: Couldn't flush system prefs: java.util.prefs.BackingStoreException: Couldn't get file lock.
2025-09-30 20:27:42,728 [ERROR] LogOutputStream:75 - [STDERR_REDIRECT] 
2025-09-30 20:28:12,728 [ERROR] LogOutputStream:75 - [STDERR_REDIRECT] Sep 30, 2025 8:28:12 PM java.util.prefs.FileSystemPreferences checkLockFile0ErrorCode
2025-09-30 20:28:12,729 [ERROR] LogOutputStream:75 - [STDERR_REDIRECT] WARNING: Could not lock System prefs. Unix error code 2.
2025-09-30 20:28:12,729 [ERROR] LogOutputStream:75 - [STDERR_REDIRECT] 
2025-09-30 20:28:12,729 [ERROR] LogOutputStream:75 - [STDERR_REDIRECT] Sep 30, 2025 8:28:12 PM java.util.prefs.FileSystemPreferences syncWorld
2025-09-30 20:28:12,729 [ERROR] LogOutputStream:75 - [STDERR_REDIRECT] WARNING: Couldn't flush system prefs: java.util.prefs.BackingStoreException: Couldn't get file lock.
2025-09-30 20:28:12,729 [ERROR] LogOutputStream:75 - [STDERR_REDIRECT] 
2025-09-30 20:28:42,728 [ERROR] LogOutputStream:75 - [STDERR_REDIRECT] Sep 30, 2025 8:28:42 PM java.util.prefs.FileSystemPreferences checkLockFile0ErrorCode
2025-09-30 20:28:42,728 [ERROR] LogOutputStream:75 - [STDERR_REDIRECT] WARNING: Could not lock System prefs. Unix error code 2.
2025-09-30 20:28:42,739 [ERROR] LogOutputStream:75 - [STDERR_REDIRECT] 
2025-09-30 20:28:42,739 [ERROR] LogOutputStream:75 - [STDERR_REDIRECT] Sep 30, 2025 8:28:42 PM java.util.prefs.FileSystemPreferences syncWorld
2025-09-30 20:28:42,739 [ERROR] LogOutputStream:75 - [STDERR_REDIRECT] WARNING: Couldn't flush system prefs: java.util.prefs.BackingStoreException: Couldn't get file lock.
2025-09-30 20:28:42,740 [ERROR] LogOutputStream:75 - [STDERR_REDIRECT] 
2025-09-30 20:29:12,728 [ERROR] LogOutputStream:75 - [STDERR_REDIRECT] Sep 30, 2025 8:29:12 PM java.util.prefs.FileSystemPreferences checkLockFile0ErrorCode
2025-09-30 20:29:12,728 [ERROR] LogOutputStream:75 - [STDERR_REDIRECT] WARNING: Could not lock System prefs. Unix error code 2.
2025-09-30 20:29:12,739 [ERROR] LogOutputStream:75 - [STDERR_REDIRECT] 
2025-09-30 20:29:12,739 [ERROR] LogOutputStream:75 - [STDERR_REDIRECT] Sep 30, 2025 8:29:12 PM java.util.prefs.FileSystemPreferences syncWorld
2025-09-30 20:29:12,739 [ERROR] LogOutputStream:75 - [STDERR_REDIRECT] WARNING: Couldn't flush system prefs: java.util.prefs.BackingStoreException: Couldn't get file lock.
2025-09-30 20:29:12,739 [ERROR] LogOutputStream:75 - [STDERR_REDIRECT] 
2025-09-30 20:29:42,728 [ERROR] LogOutputStream:75 - [STDERR_REDIRECT] Sep 30, 2025 8:29:42 PM java.util.prefs.FileSystemPreferences checkLockFile0ErrorCode
2025-09-30 20:29:42,729 [ERROR] LogOutputStream:75 - [STDERR_REDIRECT] WARNING: Could not lock System prefs. Unix error code 2.
2025-09-30 20:29:42,729 [ERROR] LogOutputStream:75 - [STDERR_REDIRECT] 
2025-09-30 20:29:42,729 [ERROR] LogOutputStream:75 - [STDERR_REDIRECT] Sep 30, 2025 8:29:42 PM java.util.prefs.FileSystemPreferences syncWorld
2025-09-30 20:29:42,729 [ERROR] LogOutputStream:75 - [STDERR_REDIRECT] WARNING: Couldn't flush system prefs: java.util.prefs.BackingStoreException: Couldn't get file lock.
2025-09-30 20:29:42,729 [ERROR] LogOutputStream:75 - [STDERR_REDIRECT] 
2025-09-30 20:30:12,728 [ERROR] LogOutputStream:75 - [STDERR_REDIRECT] Sep 30, 2025 8:30:12 PM java.util.prefs.FileSystemPreferences checkLockFile0ErrorCode
2025-09-30 20:30:12,728 [ERROR] LogOutputStream:75 - [STDERR_REDIRECT] WARNING: Could not lock System prefs. Unix error code 2.
2025-09-30 20:30:12,728 [ERROR] LogOutputStream:75 - [STDERR_REDIRECT] 
2025-09-30 20:30:12,729 [ERROR] LogOutputStream:75 - [STDERR_REDIRECT] Sep 30, 2025 8:30:12 PM java.util.prefs.FileSystemPreferences syncWorld
2025-09-30 20:30:12,729 [ERROR] LogOutputStream:75 - [STDERR_REDIRECT] WARNING: Couldn't flush system prefs: java.util.prefs.BackingStoreException: Couldn't get file lock.
2025-09-30 20:30:12,729 [ERROR] LogOutputStream:75 - [STDERR_REDIRECT] 
2025-09-30 20:30:42,728 [ERROR] LogOutputStream:75 - [STDERR_REDIRECT] Sep 30, 2025 8:30:42 PM java.util.prefs.FileSystemPreferences checkLockFile0ErrorCode
2025-09-30 20:30:42,728 [ERROR] LogOutputStream:75 - [STDERR_REDIRECT] WARNING: Could not lock System prefs. Unix error code 2.
2025-09-30 20:30:42,728 [ERROR] LogOutputStream:75 - [STDERR_REDIRECT] 
2025-09-30 20:30:42,728 [ERROR] LogOutputStream:75 - [STDERR_REDIRECT] Sep 30, 2025 8:30:42 PM java.util.prefs.FileSystemPreferences syncWorld
2025-09-30 20:30:42,728 [ERROR] LogOutputStream:75 - [STDERR_REDIRECT] WARNING: Couldn't flush system prefs: java.util.prefs.BackingStoreException: Couldn't get file lock.
2025-09-30 20:30:42,729 [ERROR] LogOutputStream:75 - [STDERR_REDIRECT] 
2025-09-30 20:31:12,728 [ERROR] LogOutputStream:75 - [STDERR_REDIRECT] Sep 30, 2025 8:31:12 PM java.util.prefs.FileSystemPreferences checkLockFile0ErrorCode
2025-09-30 20:31:12,728 [ERROR] LogOutputStream:75 - [STDERR_REDIRECT] WARNING: Could not lock System prefs. Unix error code 2.
2025-09-30 20:31:12,728 [ERROR] LogOutputStream:75 - [STDERR_REDIRECT] 
2025-09-30 20:31:12,728 [ERROR] LogOutputStream:75 - [STDERR_REDIRECT] Sep 30, 2025 8:31:12 PM java.util.prefs.FileSystemPreferences syncWorld
2025-09-30 20:31:12,728 [ERROR] LogOutputStream:75 - [STDERR_REDIRECT] WARNING: Couldn't flush system prefs: java.util.prefs.BackingStoreException: Couldn't get file lock.
2025-09-30 20:31:12,728 [ERROR] LogOutputStream:75 - [STDERR_REDIRECT] 
2025-09-30 20:31:42,728 [ERROR] LogOutputStream:75 - [STDERR_REDIRECT] Sep 30, 2025 8:31:42 PM java.util.prefs.FileSystemPreferences checkLockFile0ErrorCode
2025-09-30 20:31:42,729 [ERROR] LogOutputStream:75 - [STDERR_REDIRECT] WARNING: Could not lock System prefs. Unix error code 2.
2025-09-30 20:31:42,729 [ERROR] LogOutputStream:75 - [STDERR_REDIRECT] 
2025-09-30 20:31:42,729 [ERROR] LogOutputStream:75 - [STDERR_REDIRECT] Sep 30, 2025 8:31:42 PM java.util.prefs.FileSystemPreferences syncWorld
2025-09-30 20:31:42,729 [ERROR] LogOutputStream:75 - [STDERR_REDIRECT] WARNING: Couldn't flush system prefs: java.util.prefs.BackingStoreException: Couldn't get file lock.
2025-09-30 20:31:42,729 [ERROR] LogOutputStream:75 - [STDERR_REDIRECT] 
2025-09-30 20:32:12,729 [ERROR] LogOutputStream:75 - [STDERR_REDIRECT] Sep 30, 2025 8:32:12 PM java.util.prefs.FileSystemPreferences checkLockFile0ErrorCode
2025-09-30 20:32:12,729 [ERROR] LogOutputStream:75 - [STDERR_REDIRECT] WARNING: Could not lock System prefs. Unix error code 2.
2025-09-30 20:32:12,729 [ERROR] LogOutputStream:75 - [STDERR_REDIRECT] 
2025-09-30 20:32:12,730 [ERROR] LogOutputStream:75 - [STDERR_REDIRECT] Sep 30, 2025 8:32:12 PM java.util.prefs.FileSystemPreferences syncWorld
2025-09-30 20:32:12,730 [ERROR] LogOutputStream:75 - [STDERR_REDIRECT] WARNING: Couldn't flush system prefs: java.util.prefs.BackingStoreException: Couldn't get file lock.
2025-09-30 20:32:12,730 [ERROR] LogOutputStream:75 - [STDERR_REDIRECT] 
2025-09-30 20:32:42,729 [ERROR] LogOutputStream:75 - [STDERR_REDIRECT] Sep 30, 2025 8:32:42 PM java.util.prefs.FileSystemPreferences checkLockFile0ErrorCode
2025-09-30 20:32:42,729 [ERROR] LogOutputStream:75 - [STDERR_REDIRECT] WARNING: Could not lock System prefs. Unix error code 2.
2025-09-30 20:32:42,729 [ERROR] LogOutputStream:75 - [STDERR_REDIRECT] 
2025-09-30 20:32:42,730 [ERROR] LogOutputStream:75 - [STDERR_REDIRECT] Sep 30, 2025 8:32:42 PM java.util.prefs.FileSystemPreferences syncWorld
2025-09-30 20:32:42,730 [ERROR] LogOutputStream:75 - [STDERR_REDIRECT] WARNING: Couldn't flush system prefs: java.util.prefs.BackingStoreException: Couldn't get file lock.
2025-09-30 20:32:42,730 [ERROR] LogOutputStream:75 - [STDERR_REDIRECT] 
2025-09-30 20:33:12,729 [ERROR] LogOutputStream:75 - [STDERR_REDIRECT] Sep 30, 2025 8:33:12 PM java.util.prefs.FileSystemPreferences checkLockFile0ErrorCode
2025-09-30 20:33:12,729 [ERROR] LogOutputStream:75 - [STDERR_REDIRECT] WARNING: Could not lock System prefs. Unix error code 2.
2025-09-30 20:33:12,729 [ERROR] LogOutputStream:75 - [STDERR_REDIRECT] 
2025-09-30 20:33:12,729 [ERROR] LogOutputStream:75 - [STDERR_REDIRECT] Sep 30, 2025 8:33:12 PM java.util.prefs.FileSystemPreferences syncWorld
2025-09-30 20:33:12,729 [ERROR] LogOutputStream:75 - [STDERR_REDIRECT] WARNING: Couldn't flush system prefs: java.util.prefs.BackingStoreException: Couldn't get file lock.
2025-09-30 20:33:12,730 [ERROR] LogOutputStream:75 - [STDERR_REDIRECT] 
2025-09-30 20:33:42,729 [ERROR] LogOutputStream:75 - [STDERR_REDIRECT] Sep 30, 2025 8:33:42 PM java.util.prefs.FileSystemPreferences checkLockFile0ErrorCode
2025-09-30 20:33:42,729 [ERROR] LogOutputStream:75 - [STDERR_REDIRECT] WARNING: Could not lock System prefs. Unix error code 2.
2025-09-30 20:33:42,729 [ERROR] LogOutputStream:75 - [STDERR_REDIRECT] 
2025-09-30 20:33:42,729 [ERROR] LogOutputStream:75 - [STDERR_REDIRECT] Sep 30, 2025 8:33:42 PM java.util.prefs.FileSystemPreferences syncWorld
2025-09-30 20:33:42,729 [ERROR] LogOutputStream:75 - [STDERR_REDIRECT] WARNING: Couldn't flush system prefs: java.util.prefs.BackingStoreException: Couldn't get file lock.
2025-09-30 20:33:42,729 [ERROR] LogOutputStream:75 - [STDERR_REDIRECT] 
2025-09-30 20:34:12,730 [ERROR] LogOutputStream:75 - [STDERR_REDIRECT] Sep 30, 2025 8:34:12 PM java.util.prefs.FileSystemPreferences checkLockFile0ErrorCode
2025-09-30 20:34:12,730 [ERROR] LogOutputStream:75 - [STDERR_REDIRECT] WARNING: Could not lock System prefs. Unix error code 2.
2025-09-30 20:34:12,730 [ERROR] LogOutputStream:75 - [STDERR_REDIRECT] 
2025-09-30 20:34:12,730 [ERROR] LogOutputStream:75 - [STDERR_REDIRECT] Sep 30, 2025 8:34:12 PM java.util.prefs.FileSystemPreferences syncWorld
2025-09-30 20:34:12,730 [ERROR] LogOutputStream:75 - [STDERR_REDIRECT] WARNING: Couldn't flush system prefs: java.util.prefs.BackingStoreException: Couldn't get file lock.
2025-09-30 20:34:12,730 [ERROR] LogOutputStream:75 - [STDERR_REDIRECT] 
2025-09-30 20:34:42,731 [ERROR] LogOutputStream:75 - [STDERR_REDIRECT] Sep 30, 2025 8:34:42 PM java.util.prefs.FileSystemPreferences checkLockFile0ErrorCode
2025-09-30 20:34:42,731 [ERROR] LogOutputStream:75 - [STDERR_REDIRECT] WARNING: Could not lock System prefs. Unix error code 2.
2025-09-30 20:34:42,731 [ERROR] LogOutputStream:75 - [STDERR_REDIRECT] 
2025-09-30 20:34:42,731 [ERROR] LogOutputStream:75 - [STDERR_REDIRECT] Sep 30, 2025 8:34:42 PM java.util.prefs.FileSystemPreferences syncWorld
2025-09-30 20:34:42,731 [ERROR] LogOutputStream:75 - [STDERR_REDIRECT] WARNING: Couldn't flush system prefs: java.util.prefs.BackingStoreException: Couldn't get file lock.
2025-09-30 20:34:42,731 [ERROR] LogOutputStream:75 - [STDERR_REDIRECT] 
2025-09-30 20:35:12,730 [ERROR] LogOutputStream:75 - [STDERR_REDIRECT] Sep 30, 2025 8:35:12 PM java.util.prefs.FileSystemPreferences checkLockFile0ErrorCode
2025-09-30 20:35:12,731 [ERROR] LogOutputStream:75 - [STDERR_REDIRECT] WARNING: Could not lock System prefs. Unix error code 2.
2025-09-30 20:35:12,731 [ERROR] LogOutputStream:75 - [STDERR_REDIRECT] 
2025-09-30 20:35:12,731 [ERROR] LogOutputStream:75 - [STDERR_REDIRECT] Sep 30, 2025 8:35:12 PM java.util.prefs.FileSystemPreferences syncWorld
2025-09-30 20:35:12,731 [ERROR] LogOutputStream:75 - [STDERR_REDIRECT] WARNING: Couldn't flush system prefs: java.util.prefs.BackingStoreException: Couldn't get file lock.
2025-09-30 20:35:12,731 [ERROR] LogOutputStream:75 - [STDERR_REDIRECT] 
2025-09-30 20:35:42,730 [ERROR] LogOutputStream:75 - [STDERR_REDIRECT] Sep 30, 2025 8:35:42 PM java.util.prefs.FileSystemPreferences checkLockFile0ErrorCode
2025-09-30 20:35:42,730 [ERROR] LogOutputStream:75 - [STDERR_REDIRECT] WARNING: Could not lock System prefs. Unix error code 2.
2025-09-30 20:35:42,730 [ERROR] LogOutputStream:75 - [STDERR_REDIRECT] 
2025-09-30 20:35:42,731 [ERROR] LogOutputStream:75 - [STDERR_REDIRECT] Sep 30, 2025 8:35:42 PM java.util.prefs.FileSystemPreferences syncWorld
2025-09-30 20:35:42,731 [ERROR] LogOutputStream:75 - [STDERR_REDIRECT] WARNING: Couldn't flush system prefs: java.util.prefs.BackingStoreException: Couldn't get file lock.
2025-09-30 20:35:42,731 [ERROR] LogOutputStream:75 - [STDERR_REDIRECT] 
2025-09-30 20:36:12,730 [ERROR] LogOutputStream:75 - [STDERR_REDIRECT] Sep 30, 2025 8:36:12 PM java.util.prefs.FileSystemPreferences checkLockFile0ErrorCode
2025-09-30 20:36:12,730 [ERROR] LogOutputStream:75 - [STDERR_REDIRECT] WARNING: Could not lock System prefs. Unix error code 2.
2025-09-30 20:36:12,730 [ERROR] LogOutputStream:75 - [STDERR_REDIRECT] 
2025-09-30 20:36:12,730 [ERROR] LogOutputStream:75 - [STDERR_REDIRECT] Sep 30, 2025 8:36:12 PM java.util.prefs.FileSystemPreferences syncWorld
2025-09-30 20:36:12,730 [ERROR] LogOutputStream:75 - [STDERR_REDIRECT] WARNING: Couldn't flush system prefs: java.util.prefs.BackingStoreException: Couldn't get file lock.
2025-09-30 20:36:12,730 [ERROR] LogOutputStream:75 - [STDERR_REDIRECT] 
2025-09-30 20:36:42,731 [ERROR] LogOutputStream:75 - [STDERR_REDIRECT] Sep 30, 2025 8:36:42 PM java.util.prefs.FileSystemPreferences checkLockFile0ErrorCode
2025-09-30 20:36:42,731 [ERROR] LogOutputStream:75 - [STDERR_REDIRECT] WARNING: Could not lock System prefs. Unix error code 2.
2025-09-30 20:36:42,731 [ERROR] LogOutputStream:75 - [STDERR_REDIRECT] 
2025-09-30 20:36:42,731 [ERROR] LogOutputStream:75 - [STDERR_REDIRECT] Sep 30, 2025 8:36:42 PM java.util.prefs.FileSystemPreferences syncWorld
2025-09-30 20:36:42,731 [ERROR] LogOutputStream:75 - [STDERR_REDIRECT] WARNING: Couldn't flush system prefs: java.util.prefs.BackingStoreException: Couldn't get file lock.
2025-09-30 20:36:42,731 [ERROR] LogOutputStream:75 - [STDERR_REDIRECT] 
2025-09-30 20:37:12,730 [ERROR] LogOutputStream:75 - [STDERR_REDIRECT] Sep 30, 2025 8:37:12 PM java.util.prefs.FileSystemPreferences checkLockFile0ErrorCode
2025-09-30 20:37:12,730 [ERROR] LogOutputStream:75 - [STDERR_REDIRECT] WARNING: Could not lock System prefs. Unix error code 2.
2025-09-30 20:37:12,730 [ERROR] LogOutputStream:75 - [STDERR_REDIRECT] 
2025-09-30 20:37:12,730 [ERROR] LogOutputStream:75 - [STDERR_REDIRECT] Sep 30, 2025 8:37:12 PM java.util.prefs.FileSystemPreferences syncWorld
2025-09-30 20:37:12,731 [ERROR] LogOutputStream:75 - [STDERR_REDIRECT] WARNING: Couldn't flush system prefs: java.util.prefs.BackingStoreException: Couldn't get file lock.
2025-09-30 20:37:12,731 [ERROR] LogOutputStream:75 - [STDERR_REDIRECT] 
2025-09-30 20:37:42,730 [ERROR] LogOutputStream:75 - [STDERR_REDIRECT] Sep 30, 2025 8:37:42 PM java.util.prefs.FileSystemPreferences checkLockFile0ErrorCode
2025-09-30 20:37:42,730 [ERROR] LogOutputStream:75 - [STDERR_REDIRECT] WARNING: Could not lock System prefs. Unix error code 2.
2025-09-30 20:37:42,730 [ERROR] LogOutputStream:75 - [STDERR_REDIRECT] 
2025-09-30 20:37:42,730 [ERROR] LogOutputStream:75 - [STDERR_REDIRECT] Sep 30, 2025 8:37:42 PM java.util.prefs.FileSystemPreferences syncWorld
2025-09-30 20:37:42,730 [ERROR] LogOutputStream:75 - [STDERR_REDIRECT] WARNING: Couldn't flush system prefs: java.util.prefs.BackingStoreException: Couldn't get file lock.
2025-09-30 20:37:42,730 [ERROR] LogOutputStream:75 - [STDERR_REDIRECT] 
2025-09-30 20:38:12,731 [ERROR] LogOutputStream:75 - [STDERR_REDIRECT] Sep 30, 2025 8:38:12 PM java.util.prefs.FileSystemPreferences checkLockFile0ErrorCode
2025-09-30 20:38:12,731 [ERROR] LogOutputStream:75 - [STDERR_REDIRECT] WARNING: Could not lock System prefs. Unix error code 2.
2025-09-30 20:38:12,731 [ERROR] LogOutputStream:75 - [STDERR_REDIRECT] 
2025-09-30 20:38:12,731 [ERROR] LogOutputStream:75 - [STDERR_REDIRECT] Sep 30, 2025 8:38:12 PM java.util.prefs.FileSystemPreferences syncWorld
2025-09-30 20:38:12,731 [ERROR] LogOutputStream:75 - [STDERR_REDIRECT] WARNING: Couldn't flush system prefs: java.util.prefs.BackingStoreException: Couldn't get file lock.
2025-09-30 20:38:12,731 [ERROR] LogOutputStream:75 - [STDERR_REDIRECT] 
2025-09-30 20:38:42,731 [ERROR] LogOutputStream:75 - [STDERR_REDIRECT] Sep 30, 2025 8:38:42 PM java.util.prefs.FileSystemPreferences checkLockFile0ErrorCode
2025-09-30 20:38:42,731 [ERROR] LogOutputStream:75 - [STDERR_REDIRECT] WARNING: Could not lock System prefs. Unix error code 2.
2025-09-30 20:38:42,731 [ERROR] LogOutputStream:75 - [STDERR_REDIRECT] 
2025-09-30 20:38:42,731 [ERROR] LogOutputStream:75 - [STDERR_REDIRECT] Sep 30, 2025 8:38:42 PM java.util.prefs.FileSystemPreferences syncWorld
2025-09-30 20:38:42,731 [ERROR] LogOutputStream:75 - [STDERR_REDIRECT] WARNING: Couldn't flush system prefs: java.util.prefs.BackingStoreException: Couldn't get file lock.
2025-09-30 20:38:42,731 [ERROR] LogOutputStream:75 - [STDERR_REDIRECT] 
2025-09-30 20:39:12,730 [ERROR] LogOutputStream:75 - [STDERR_REDIRECT] Sep 30, 2025 8:39:12 PM java.util.prefs.FileSystemPreferences checkLockFile0ErrorCode
2025-09-30 20:39:12,730 [ERROR] LogOutputStream:75 - [STDERR_REDIRECT] WARNING: Could not lock System prefs. Unix error code 2.
2025-09-30 20:39:12,730 [ERROR] LogOutputStream:75 - [STDERR_REDIRECT] 
2025-09-30 20:39:12,731 [ERROR] LogOutputStream:75 - [STDERR_REDIRECT] Sep 30, 2025 8:39:12 PM java.util.prefs.FileSystemPreferences syncWorld
2025-09-30 20:39:12,731 [ERROR] LogOutputStream:75 - [STDERR_REDIRECT] WARNING: Couldn't flush system prefs: java.util.prefs.BackingStoreException: Couldn't get file lock.
2025-09-30 20:39:12,731 [ERROR] LogOutputStream:75 - [STDERR_REDIRECT] 
2025-09-30 20:39:42,730 [ERROR] LogOutputStream:75 - [STDERR_REDIRECT] Sep 30, 2025 8:39:42 PM java.util.prefs.FileSystemPreferences checkLockFile0ErrorCode
2025-09-30 20:39:42,730 [ERROR] LogOutputStream:75 - [STDERR_REDIRECT] WARNING: Could not lock System prefs. Unix error code 2.
2025-09-30 20:39:42,730 [ERROR] LogOutputStream:75 - [STDERR_REDIRECT] 
2025-09-30 20:39:42,731 [ERROR] LogOutputStream:75 - [STDERR_REDIRECT] Sep 30, 2025 8:39:42 PM java.util.prefs.FileSystemPreferences syncWorld
2025-09-30 20:39:42,731 [ERROR] LogOutputStream:75 - [STDERR_REDIRECT] WARNING: Couldn't flush system prefs: java.util.prefs.BackingStoreException: Couldn't get file lock.
2025-09-30 20:39:42,731 [ERROR] LogOutputStream:75 - [STDERR_REDIRECT] 
2025-09-30 20:40:12,730 [ERROR] LogOutputStream:75 - [STDERR_REDIRECT] Sep 30, 2025 8:40:12 PM java.util.prefs.FileSystemPreferences checkLockFile0ErrorCode
2025-09-30 20:40:12,730 [ERROR] LogOutputStream:75 - [STDERR_REDIRECT] WARNING: Could not lock System prefs. Unix error code 2.
2025-09-30 20:40:12,730 [ERROR] LogOutputStream:75 - [STDERR_REDIRECT] 
2025-09-30 20:40:12,731 [ERROR] LogOutputStream:75 - [STDERR_REDIRECT] Sep 30, 2025 8:40:12 PM java.util.prefs.FileSystemPreferences syncWorld
2025-09-30 20:40:12,731 [ERROR] LogOutputStream:75 - [STDERR_REDIRECT] WARNING: Couldn't flush system prefs: java.util.prefs.BackingStoreException: Couldn't get file lock.
2025-09-30 20:40:12,731 [ERROR] LogOutputStream:75 - [STDERR_REDIRECT] 
2025-09-30 20:40:42,730 [ERROR] LogOutputStream:75 - [STDERR_REDIRECT] Sep 30, 2025 8:40:42 PM java.util.prefs.FileSystemPreferences checkLockFile0ErrorCode
2025-09-30 20:40:42,730 [ERROR] LogOutputStream:75 - [STDERR_REDIRECT] WARNING: Could not lock System prefs. Unix error code 2.
2025-09-30 20:40:42,730 [ERROR] LogOutputStream:75 - [STDERR_REDIRECT] 
2025-09-30 20:40:42,730 [ERROR] LogOutputStream:75 - [STDERR_REDIRECT] Sep 30, 2025 8:40:42 PM java.util.prefs.FileSystemPreferences syncWorld
2025-09-30 20:40:42,730 [ERROR] LogOutputStream:75 - [STDERR_REDIRECT] WARNING: Couldn't flush system prefs: java.util.prefs.BackingStoreException: Couldn't get file lock.
2025-09-30 20:40:42,731 [ERROR] LogOutputStream:75 - [STDERR_REDIRECT] 
2025-09-30 20:41:12,730 [ERROR] LogOutputStream:75 - [STDERR_REDIRECT] Sep 30, 2025 8:41:12 PM java.util.prefs.FileSystemPreferences checkLockFile0ErrorCode
2025-09-30 20:41:12,730 [ERROR] LogOutputStream:75 - [STDERR_REDIRECT] WARNING: Could not lock System prefs. Unix error code 2.
2025-09-30 20:41:12,730 [ERROR] LogOutputStream:75 - [STDERR_REDIRECT] 
2025-09-30 20:41:12,730 [ERROR] LogOutputStream:75 - [STDERR_REDIRECT] Sep 30, 2025 8:41:12 PM java.util.prefs.FileSystemPreferences syncWorld
2025-09-30 20:41:12,730 [ERROR] LogOutputStream:75 - [STDERR_REDIRECT] WARNING: Couldn't flush system prefs: java.util.prefs.BackingStoreException: Couldn't get file lock.
2025-09-30 20:41:12,730 [ERROR] LogOutputStream:75 - [STDERR_REDIRECT] 
2025-09-30 20:41:42,730 [ERROR] LogOutputStream:75 - [STDERR_REDIRECT] Sep 30, 2025 8:41:42 PM java.util.prefs.FileSystemPreferences checkLockFile0ErrorCode
2025-09-30 20:41:42,731 [ERROR] LogOutputStream:75 - [STDERR_REDIRECT] WARNING: Could not lock System prefs. Unix error code 2.
2025-09-30 20:41:42,731 [ERROR] LogOutputStream:75 - [STDERR_REDIRECT] 
2025-09-30 20:41:42,731 [ERROR] LogOutputStream:75 - [STDERR_REDIRECT] Sep 30, 2025 8:41:42 PM java.util.prefs.FileSystemPreferences syncWorld
2025-09-30 20:41:42,731 [ERROR] LogOutputStream:75 - [STDERR_REDIRECT] WARNING: Couldn't flush system prefs: java.util.prefs.BackingStoreException: Couldn't get file lock.
2025-09-30 20:41:42,731 [ERROR] LogOutputStream:75 - [STDERR_REDIRECT] 
2025-09-30 20:42:12,730 [ERROR] LogOutputStream:75 - [STDERR_REDIRECT] Sep 30, 2025 8:42:12 PM java.util.prefs.FileSystemPreferences checkLockFile0ErrorCode
2025-09-30 20:42:12,730 [ERROR] LogOutputStream:75 - [STDERR_REDIRECT] WARNING: Could not lock System prefs. Unix error code 2.
2025-09-30 20:42:12,730 [ERROR] LogOutputStream:75 - [STDERR_REDIRECT] 
2025-09-30 20:42:12,731 [ERROR] LogOutputStream:75 - [STDERR_REDIRECT] Sep 30, 2025 8:42:12 PM java.util.prefs.FileSystemPreferences syncWorld
2025-09-30 20:42:12,731 [ERROR] LogOutputStream:75 - [STDERR_REDIRECT] WARNING: Couldn't flush system prefs: java.util.prefs.BackingStoreException: Couldn't get file lock.
2025-09-30 20:42:12,731 [ERROR] LogOutputStream:75 - [STDERR_REDIRECT] 
2025-09-30 20:42:42,730 [ERROR] LogOutputStream:75 - [STDERR_REDIRECT] Sep 30, 2025 8:42:42 PM java.util.prefs.FileSystemPreferences checkLockFile0ErrorCode
2025-09-30 20:42:42,730 [ERROR] LogOutputStream:75 - [STDERR_REDIRECT] WARNING: Could not lock System prefs. Unix error code 2.
2025-09-30 20:42:42,730 [ERROR] LogOutputStream:75 - [STDERR_REDIRECT] 
2025-09-30 20:42:42,731 [ERROR] LogOutputStream:75 - [STDERR_REDIRECT] Sep 30, 2025 8:42:42 PM java.util.prefs.FileSystemPreferences syncWorld
2025-09-30 20:42:42,731 [ERROR] LogOutputStream:75 - [STDERR_REDIRECT] WARNING: Couldn't flush system prefs: java.util.prefs.BackingStoreException: Couldn't get file lock.
2025-09-30 20:42:42,731 [ERROR] LogOutputStream:75 - [STDERR_REDIRECT] 
2025-09-30 20:43:12,730 [ERROR] LogOutputStream:75 - [STDERR_REDIRECT] Sep 30, 2025 8:43:12 PM java.util.prefs.FileSystemPreferences checkLockFile0ErrorCode
2025-09-30 20:43:12,730 [ERROR] LogOutputStream:75 - [STDERR_REDIRECT] WARNING: Could not lock System prefs. Unix error code 2.
2025-09-30 20:43:12,730 [ERROR] LogOutputStream:75 - [STDERR_REDIRECT] 
2025-09-30 20:43:12,731 [ERROR] LogOutputStream:75 - [STDERR_REDIRECT] Sep 30, 2025 8:43:12 PM java.util.prefs.FileSystemPreferences syncWorld
2025-09-30 20:43:12,731 [ERROR] LogOutputStream:75 - [STDERR_REDIRECT] WARNING: Couldn't flush system prefs: java.util.prefs.BackingStoreException: Couldn't get file lock.
2025-09-30 20:43:12,731 [ERROR] LogOutputStream:75 - [STDERR_REDIRECT] 
2025-09-30 20:43:42,730 [ERROR] LogOutputStream:75 - [STDERR_REDIRECT] Sep 30, 2025 8:43:42 PM java.util.prefs.FileSystemPreferences checkLockFile0ErrorCode
2025-09-30 20:43:42,730 [ERROR] LogOutputStream:75 - [STDERR_REDIRECT] WARNING: Could not lock System prefs. Unix error code 2.
2025-09-30 20:43:42,730 [ERROR] LogOutputStream:75 - [STDERR_REDIRECT] 
2025-09-30 20:43:42,730 [ERROR] LogOutputStream:75 - [STDERR_REDIRECT] Sep 30, 2025 8:43:42 PM java.util.prefs.FileSystemPreferences syncWorld
2025-09-30 20:43:42,730 [ERROR] LogOutputStream:75 - [STDERR_REDIRECT] WARNING: Couldn't flush system prefs: java.util.prefs.BackingStoreException: Couldn't get file lock.
2025-09-30 20:43:42,730 [ERROR] LogOutputStream:75 - [STDERR_REDIRECT] 
2025-09-30 20:44:12,731 [ERROR] LogOutputStream:75 - [STDERR_REDIRECT] Sep 30, 2025 8:44:12 PM java.util.prefs.FileSystemPreferences checkLockFile0ErrorCode
2025-09-30 20:44:12,731 [ERROR] LogOutputStream:75 - [STDERR_REDIRECT] WARNING: Could not lock System prefs. Unix error code 2.
2025-09-30 20:44:12,731 [ERROR] LogOutputStream:75 - [STDERR_REDIRECT] 
2025-09-30 20:44:12,731 [ERROR] LogOutputStream:75 - [STDERR_REDIRECT] Sep 30, 2025 8:44:12 PM java.util.prefs.FileSystemPreferences syncWorld
2025-09-30 20:44:12,731 [ERROR] LogOutputStream:75 - [STDERR_REDIRECT] WARNING: Couldn't flush system prefs: java.util.prefs.BackingStoreException: Couldn't get file lock.
2025-09-30 20:44:12,731 [ERROR] LogOutputStream:75 - [STDERR_REDIRECT] 
2025-09-30 20:44:42,730 [ERROR] LogOutputStream:75 - [STDERR_REDIRECT] Sep 30, 2025 8:44:42 PM java.util.prefs.FileSystemPreferences checkLockFile0ErrorCode
2025-09-30 20:44:42,731 [ERROR] LogOutputStream:75 - [STDERR_REDIRECT] WARNING: Could not lock System prefs. Unix error code 2.
2025-09-30 20:44:42,731 [ERROR] LogOutputStream:75 - [STDERR_REDIRECT] 
2025-09-30 20:44:42,731 [ERROR] LogOutputStream:75 - [STDERR_REDIRECT] Sep 30, 2025 8:44:42 PM java.util.prefs.FileSystemPreferences syncWorld
2025-09-30 20:44:42,731 [ERROR] LogOutputStream:75 - [STDERR_REDIRECT] WARNING: Couldn't flush system prefs: java.util.prefs.BackingStoreException: Couldn't get file lock.
2025-09-30 20:44:42,731 [ERROR] LogOutputStream:75 - [STDERR_REDIRECT] 
2025-09-30 20:45:12,730 [ERROR] LogOutputStream:75 - [STDERR_REDIRECT] Sep 30, 2025 8:45:12 PM java.util.prefs.FileSystemPreferences checkLockFile0ErrorCode
2025-09-30 20:45:12,730 [ERROR] LogOutputStream:75 - [STDERR_REDIRECT] WARNING: Could not lock System prefs. Unix error code 2.
2025-09-30 20:45:12,730 [ERROR] LogOutputStream:75 - [STDERR_REDIRECT] 
2025-09-30 20:45:12,730 [ERROR] LogOutputStream:75 - [STDERR_REDIRECT] Sep 30, 2025 8:45:12 PM java.util.prefs.FileSystemPreferences syncWorld
2025-09-30 20:45:12,731 [ERROR] LogOutputStream:75 - [STDERR_REDIRECT] WARNING: Couldn't flush system prefs: java.util.prefs.BackingStoreException: Couldn't get file lock.
2025-09-30 20:45:12,731 [ERROR] LogOutputStream:75 - [STDERR_REDIRECT] 
2025-09-30 20:45:42,730 [ERROR] LogOutputStream:75 - [STDERR_REDIRECT] Sep 30, 2025 8:45:42 PM java.util.prefs.FileSystemPreferences checkLockFile0ErrorCode
2025-09-30 20:45:42,730 [ERROR] LogOutputStream:75 - [STDERR_REDIRECT] WARNING: Could not lock System prefs. Unix error code 2.
2025-09-30 20:45:42,730 [ERROR] LogOutputStream:75 - [STDERR_REDIRECT] 
2025-09-30 20:45:42,731 [ERROR] LogOutputStream:75 - [STDERR_REDIRECT] Sep 30, 2025 8:45:42 PM java.util.prefs.FileSystemPreferences syncWorld
2025-09-30 20:45:42,731 [ERROR] LogOutputStream:75 - [STDERR_REDIRECT] WARNING: Couldn't flush system prefs: java.util.prefs.BackingStoreException: Couldn't get file lock.
2025-09-30 20:45:42,731 [ERROR] LogOutputStream:75 - [STDERR_REDIRECT] 
