2025-09-16 07:13:32,902 [INFO] Activator:176 - 


2025-09-16 07:13:32,908 [INFO] Activator:177 - !SESSION log4j initialized
2025-09-16 07:13:38,732 [INFO] LogOutputStream:77 - [STDOUT_REDIRECT] 
2025-09-16 07:13:39,344 [ERROR] ConfigurationRetriever:142 - IOException on connection: sw-center.st.com
2025-09-16 07:13:39,346 [ERROR] ConfigurationRetriever:142 - IOException on connection: sw-center.st.com
2025-09-16 07:13:39,347 [ERROR] ConfigurationRetriever:142 - IOException on connection: sw-center.st.com
2025-09-16 07:13:39,887 [INFO] ApplicationProperties:184 - Using Application install path: /opt/st/stm32cubeide_1.19.0/plugins/com.st.stm32cube.common.mx_6.15.0.202507011659
2025-09-16 07:13:39,919 [INFO] DbMcusXml:78 - Set database path to: /opt/st/stm32cubeide_1.19.0/plugins/com.st.stm32cube.common.mx_6.15.0.202507011659//db//mcu/
2025-09-16 07:13:39,920 [INFO] ApiDb:274 - Set plugin database path to: /opt/st/stm32cubeide_1.19.0/plugins/com.st.stm32cube.common.mx_6.15.0.202507011659//db//plugins/boardmanager/
2025-09-16 07:13:39,920 [WARN] ApiDb:259 - Overriding images path with different value:  => /opt/st/stm32cubeide_1.19.0/plugins/com.st.stm32cube.common.mx_6.15.0.202507011659//db//plugins/mcufinder/images/
2025-09-16 07:13:39,931 [INFO] ApiDb:250 - Set database path to: /home/tomas1908/.stmcufinder/plugins/mcufinder//mcu/
2025-09-16 07:13:39,933 [INFO] DbMcusAds:125 - Set database path to: /home/tomas1908/.stmcufinder/plugins/mcufinder//mcu/
2025-09-16 07:13:39,937 [INFO] CrossReferenceDbSqlite:203 - Set database path to: /home/tomas1908/.stmcufinder/plugins/mcufinder//mcu/cs/
2025-09-16 07:13:40,165 [INFO] RulesReader:64 - Compatibility file has been processed (317 Rules)
2025-09-16 07:13:40,268 [INFO] DbMcusXml:78 - Set database path to: /opt/st/stm32cubeide_1.19.0/plugins/com.st.stm32cube.common.mx_6.15.0.202507011659//db//mcu/
2025-09-16 07:13:40,269 [INFO] ApiDb:274 - Set plugin database path to: /opt/st/stm32cubeide_1.19.0/plugins/com.st.stm32cube.common.mx_6.15.0.202507011659//db//plugins/boardmanager/
2025-09-16 07:13:40,269 [INFO] ApiDb:261 - Set plugin images path to: /opt/st/stm32cubeide_1.19.0/plugins/com.st.stm32cube.common.mx_6.15.0.202507011659//db//plugins/mcufinder/images/
2025-09-16 07:13:40,270 [WARN] DbFile:41 - Overriding database path with different value: /home/tomas1908/.stmcufinder/plugins/mcufinder/ => /home/tomas1908/.stmcufinder/plugins/mcufinder
2025-09-16 07:13:40,270 [INFO] ApiDb:250 - Set database path to: /home/tomas1908/.stmcufinder/plugins/mcufinder//mcu/
2025-09-16 07:13:40,270 [WARN] DbFile:41 - Overriding database path with different value: /home/tomas1908/.stmcufinder/plugins/mcufinder/ => /home/tomas1908/.stmcufinder/plugins/mcufinder
2025-09-16 07:13:40,270 [INFO] DbMcusAds:125 - Set database path to: /home/tomas1908/.stmcufinder/plugins/mcufinder//mcu/
2025-09-16 07:13:40,270 [WARN] DbFile:41 - Overriding database path with different value: /home/tomas1908/.stmcufinder/plugins/mcufinder/ => /home/tomas1908/.stmcufinder/plugins/mcufinder
2025-09-16 07:13:40,271 [WARN] DbFile:41 - Overriding database path with different value: /home/tomas1908/.stmcufinder/plugins/mcufinder/ => /home/tomas1908/.stmcufinder/plugins/mcufinder
2025-09-16 07:13:40,271 [INFO] CrossReferenceDbSqlite:203 - Set database path to: /home/tomas1908/.stmcufinder/plugins/mcufinder//mcu/cs/
2025-09-16 07:13:40,394 [INFO] MainPanel:274 - HeapMemory: 268435456
2025-09-16 07:13:40,625 [INFO] DbMcusXml:78 - Set database path to: /opt/st/stm32cubeide_1.19.0/plugins/com.st.stm32cube.common.mx_6.15.0.202507011659//db//mcu/
2025-09-16 07:13:40,626 [INFO] ApiDb:274 - Set plugin database path to: /opt/st/stm32cubeide_1.19.0/plugins/com.st.stm32cube.common.mx_6.15.0.202507011659//db//plugins/boardmanager/
2025-09-16 07:13:40,626 [INFO] ApiDb:261 - Set plugin images path to: /opt/st/stm32cubeide_1.19.0/plugins/com.st.stm32cube.common.mx_6.15.0.202507011659//db//plugins/mcufinder/images/
2025-09-16 07:13:40,627 [WARN] DbFile:41 - Overriding database path with different value: /home/tomas1908/.stmcufinder/plugins/mcufinder/ => /home/tomas1908/.stmcufinder/plugins/mcufinder
2025-09-16 07:13:40,627 [INFO] ApiDb:250 - Set database path to: /home/tomas1908/.stmcufinder/plugins/mcufinder//mcu/
2025-09-16 07:13:40,627 [WARN] DbFile:41 - Overriding database path with different value: /home/tomas1908/.stmcufinder/plugins/mcufinder/ => /home/tomas1908/.stmcufinder/plugins/mcufinder
2025-09-16 07:13:40,628 [INFO] DbMcusAds:125 - Set database path to: /home/tomas1908/.stmcufinder/plugins/mcufinder//mcu/
2025-09-16 07:13:40,628 [WARN] DbFile:41 - Overriding database path with different value: /home/tomas1908/.stmcufinder/plugins/mcufinder/ => /home/tomas1908/.stmcufinder/plugins/mcufinder
2025-09-16 07:13:40,628 [WARN] DbFile:41 - Overriding database path with different value: /home/tomas1908/.stmcufinder/plugins/mcufinder/ => /home/tomas1908/.stmcufinder/plugins/mcufinder
2025-09-16 07:13:40,628 [INFO] CrossReferenceDbSqlite:203 - Set database path to: /home/tomas1908/.stmcufinder/plugins/mcufinder//mcu/cs/
2025-09-16 07:13:40,665 [INFO] ApplicationProperties:184 - Using Application install path: /opt/st/stm32cubeide_1.19.0/plugins/com.st.stm32cube.common.mx_6.15.0.202507011659
2025-09-16 07:13:40,669 [INFO] PluginManage:196 - Search for loadable plugins [exclusion list=, ]
2025-09-16 07:13:40,672 [INFO] PluginManage:310 - Check plugin analytics
2025-09-16 07:13:41,056 [INFO] AnalyticsPlugin:253 - Accepted Software Licenses: 
2025-09-16 07:13:41,057 [INFO] AnalyticsPlugin:255 - Accepted CMSIS Pack Licenses: 
2025-09-16 07:13:41,057 [INFO] AnalyticsPlugin:257 - Accepted Firmware Licenses: FW.F4.1.28.0
2025-09-16 07:13:41,062 [INFO] PluginManage:359 - Loaded plugin analytics (category:tool,tabindex:-1)
2025-09-16 07:13:41,063 [ERROR] ConfigurationRetriever:142 - IOException on connection: sw-center.st.com
2025-09-16 07:13:41,063 [INFO] PluginManage:310 - Check plugin cadmodel
2025-09-16 07:13:41,064 [ERROR] ConfigurationRetriever:142 - IOException on connection: sw-center.st.com
2025-09-16 07:13:41,065 [ERROR] ConfigurationRetriever:142 - IOException on connection: sw-center.st.com
2025-09-16 07:13:41,071 [INFO] CADModel:105 - Init CAD model plugin
2025-09-16 07:13:41,071 [INFO] PluginManage:359 - Loaded plugin cadmodel (category:power,tabindex:5)
2025-09-16 07:13:41,072 [INFO] PluginManage:310 - Check plugin clock
2025-09-16 07:13:41,086 [INFO] PluginManage:359 - Loaded plugin clock (category:base,tabindex:2)
2025-09-16 07:13:41,087 [INFO] PluginManage:310 - Check plugin ddr
2025-09-16 07:13:41,090 [INFO] PluginManage:359 - Loaded plugin ddr (category:tool,tabindex:6)
2025-09-16 07:13:41,090 [INFO] PluginManage:310 - Check plugin filemanager
2025-09-16 07:13:41,361 [INFO] PluginManage:359 - Loaded plugin filemanager (category:base,tabindex:10)
2025-09-16 07:13:41,361 [INFO] PluginManage:310 - Check plugin ipmanager
2025-09-16 07:13:41,370 [INFO] PluginManage:359 - Loaded plugin ipmanager (category:base,tabindex:5)
2025-09-16 07:13:41,370 [INFO] PluginManage:310 - Check plugin lpbam
2025-09-16 07:13:41,384 [INFO] PluginManage:359 - Loaded plugin lpbam (category:base,tabindex:0)
2025-09-16 07:13:41,384 [INFO] PluginManage:310 - Check plugin memorymap
2025-09-16 07:13:41,403 [INFO] PluginManage:359 - Loaded plugin memorymap (category:base,tabindex:4)
2025-09-16 07:13:41,404 [INFO] PluginManage:310 - Check plugin pinoutandconfiguration
2025-09-16 07:13:41,416 [INFO] PluginManage:359 - Loaded plugin pinoutandconfiguration (category:base,tabindex:1)
2025-09-16 07:13:41,416 [INFO] PluginManage:310 - Check plugin pinoutconfig
2025-09-16 07:13:41,557 [WARN] SupportedApi:132 - Cannot load RTOS API schema: s4s-elt-must-match.1: The content of 'definitions' must match (annotation?, (simpleType | complexType)?, (unique | key | keyref)*)). A problem was found starting at: attribute.
2025-09-16 07:13:41,794 [INFO] PluginManage:359 - Loaded plugin pinoutconfig (category:base,tabindex:0)
2025-09-16 07:13:41,794 [INFO] PluginManage:310 - Check plugin power
2025-09-16 07:13:41,809 [INFO] PluginManage:359 - Loaded plugin power (category:power,tabindex:4)
2025-09-16 07:13:41,810 [INFO] PluginManage:310 - Check plugin projectmanager
2025-09-16 07:13:41,838 [INFO] PluginManage:359 - Loaded plugin projectmanager (category:projectmanager,tabindex:4)
2025-09-16 07:13:41,839 [INFO] PluginManage:310 - Check plugin rif
2025-09-16 07:13:41,854 [INFO] PluginManage:359 - Loaded plugin rif (category:base,tabindex:3)
2025-09-16 07:13:41,854 [INFO] PluginManage:310 - Check plugin thirdparty
2025-09-16 07:13:42,068 [INFO] PluginManage:359 - Loaded plugin thirdparty (category:base,tabindex:-1)
2025-09-16 07:13:42,068 [WARN] IntegrityCheckThread:84 - waiting for thirdparty lock release [integrity check]
2025-09-16 07:13:42,069 [INFO] PluginManage:310 - Check plugin tools
2025-09-16 07:13:42,069 [INFO] IntegrityCheckThread:86 - entering critical section [integrity check]
2025-09-16 07:13:42,070 [INFO] ThirdPartyUpdaterWithRetryManager:70 - Updater plugin not ready yet. [1/15]
2025-09-16 07:13:42,073 [INFO] PluginManage:359 - Loaded plugin tools (category:base,tabindex:7)
2025-09-16 07:13:42,073 [INFO] PluginManage:310 - Check plugin tutovideos
2025-09-16 07:13:42,419 [INFO] PluginManage:359 - Loaded plugin tutovideos (category:base,tabindex:-1)
2025-09-16 07:13:42,419 [INFO] PluginManage:310 - Check plugin updater
2025-09-16 07:13:42,457 [INFO] PluginManage:359 - Loaded plugin updater (category:base,tabindex:12)
2025-09-16 07:13:42,457 [INFO] PluginManage:310 - Check plugin userauth
2025-09-16 07:13:42,464 [INFO] UserAuth:118 - Init User Auth plugin
2025-09-16 07:13:42,466 [INFO] PluginManage:359 - Loaded plugin userauth (category:base,tabindex:14)
2025-09-16 07:13:42,467 [INFO] PluginManage:283 - PluginManage : Loaded plugins [18]
2025-09-16 07:13:42,739 [INFO] PinOutPanel:1589 - setPackage(No Configuration,No Configuration)
2025-09-16 07:13:42,847 [INFO] CADModel:165 - CPN selected for project level
2025-09-16 07:13:42,847 [INFO] CADModel:114 - Register for checkConnection events
2025-09-16 07:13:42,868 [INFO] IPUIPlugin:80 - create IPUIPlugin
2025-09-16 07:13:42,868 [INFO] PluginManager:220 - loadIPPluginJar : add i2c
2025-09-16 07:13:42,878 [INFO] IPUIPlugin:80 - create IPUIPlugin
2025-09-16 07:13:42,878 [INFO] PluginManager:220 - loadIPPluginJar : add mdma
2025-09-16 07:13:42,883 [INFO] IPUIPlugin:80 - create IPUIPlugin
2025-09-16 07:13:42,883 [INFO] PluginManager:220 - loadIPPluginJar : add aes
2025-09-16 07:13:42,886 [INFO] IPUIPlugin:80 - create IPUIPlugin
2025-09-16 07:13:42,887 [INFO] PluginManager:220 - loadIPPluginJar : add can
2025-09-16 07:13:42,896 [INFO] IPUIPlugin:80 - create IPUIPlugin
2025-09-16 07:13:42,896 [INFO] PluginManager:220 - loadIPPluginJar : add freertos
2025-09-16 07:13:42,901 [INFO] IPUIPlugin:80 - create IPUIPlugin
2025-09-16 07:13:42,901 [INFO] PluginManager:220 - loadIPPluginJar : add gtzc
2025-09-16 07:13:42,903 [INFO] IPUIPlugin:80 - create IPUIPlugin
2025-09-16 07:13:42,904 [INFO] PluginManager:220 - loadIPPluginJar : add ts
2025-09-16 07:13:42,917 [INFO] IPUIPlugin:80 - create IPUIPlugin
2025-09-16 07:13:42,917 [INFO] PluginManager:220 - loadIPPluginJar : add stm32_wpan
2025-09-16 07:13:42,919 [INFO] IPUIPlugin:80 - create IPUIPlugin
2025-09-16 07:13:42,919 [INFO] PluginManager:220 - loadIPPluginJar : add fatfs
2025-09-16 07:13:42,928 [INFO] IPUIPlugin:80 - create IPUIPlugin
2025-09-16 07:13:42,929 [INFO] PluginManager:220 - loadIPPluginJar : add dma
2025-09-16 07:13:42,933 [INFO] IPUIPlugin:80 - create IPUIPlugin
2025-09-16 07:13:42,933 [INFO] PluginManager:220 - loadIPPluginJar : add usbx
2025-09-16 07:13:42,936 [INFO] IPUIPlugin:80 - create IPUIPlugin
2025-09-16 07:13:42,936 [INFO] PluginManager:220 - loadIPPluginJar : add hash
2025-09-16 07:13:42,939 [INFO] IPUIPlugin:80 - create IPUIPlugin
2025-09-16 07:13:42,939 [INFO] PluginManager:220 - loadIPPluginJar : add cryp
2025-09-16 07:13:42,943 [INFO] IPUIPlugin:80 - create IPUIPlugin
2025-09-16 07:13:42,944 [INFO] PluginManager:220 - loadIPPluginJar : add openamp
2025-09-16 07:13:42,946 [INFO] IPUIPlugin:80 - create IPUIPlugin
2025-09-16 07:13:42,946 [INFO] PluginManager:220 - loadIPPluginJar : add genericplugin
2025-09-16 07:13:42,951 [INFO] IPUIPlugin:80 - create IPUIPlugin
2025-09-16 07:13:42,952 [INFO] PluginManager:220 - loadIPPluginJar : add ipddr
2025-09-16 07:13:42,955 [INFO] IPUIPlugin:80 - create IPUIPlugin
2025-09-16 07:13:42,955 [INFO] PluginManager:220 - loadIPPluginJar : add opamp
2025-09-16 07:13:42,957 [INFO] IPUIPlugin:80 - create IPUIPlugin
2025-09-16 07:13:42,957 [INFO] PluginManager:220 - loadIPPluginJar : add ltdc
2025-09-16 07:13:42,961 [INFO] IPUIPlugin:80 - create IPUIPlugin
2025-09-16 07:13:42,961 [INFO] PluginManager:220 - loadIPPluginJar : add dfsdm
2025-09-16 07:13:42,969 [INFO] IPUIPlugin:80 - create IPUIPlugin
2025-09-16 07:13:42,969 [INFO] PluginManager:220 - loadIPPluginJar : add gic
2025-09-16 07:13:42,973 [INFO] IPUIPlugin:80 - create IPUIPlugin
2025-09-16 07:13:42,973 [INFO] PluginManager:220 - loadIPPluginJar : add extmemmanager
2025-09-16 07:13:42,976 [INFO] IPUIPlugin:80 - create IPUIPlugin
2025-09-16 07:13:42,976 [INFO] PluginManager:220 - loadIPPluginJar : add ucpd
2025-09-16 07:13:42,979 [INFO] IPUIPlugin:80 - create IPUIPlugin
2025-09-16 07:13:42,980 [INFO] PluginManager:220 - loadIPPluginJar : add tracer_emb
2025-09-16 07:13:42,982 [INFO] IPUIPlugin:80 - create IPUIPlugin
2025-09-16 07:13:42,983 [INFO] PluginManager:220 - loadIPPluginJar : add radio
2025-09-16 07:13:42,986 [INFO] IPUIPlugin:80 - create IPUIPlugin
2025-09-16 07:13:42,986 [INFO] PluginManager:220 - loadIPPluginJar : add pdm2pcm
2025-09-16 07:13:42,989 [INFO] IPUIPlugin:80 - create IPUIPlugin
2025-09-16 07:13:42,989 [INFO] PluginManager:220 - loadIPPluginJar : add spi
2025-09-16 07:13:42,991 [INFO] IPUIPlugin:80 - create IPUIPlugin
2025-09-16 07:13:42,992 [INFO] PluginManager:220 - loadIPPluginJar : add tim
2025-09-16 07:13:43,001 [INFO] IPUIPlugin:80 - create IPUIPlugin
2025-09-16 07:13:43,006 [INFO] PluginManager:220 - loadIPPluginJar : add plateformsettings
2025-09-16 07:13:43,011 [INFO] IPUIPlugin:80 - create IPUIPlugin
2025-09-16 07:13:43,011 [INFO] PluginManager:220 - loadIPPluginJar : add touchsensing
2025-09-16 07:13:43,018 [INFO] IPUIPlugin:80 - create IPUIPlugin
2025-09-16 07:13:43,018 [INFO] PluginManager:220 - loadIPPluginJar : add gpio
2025-09-16 07:13:43,028 [INFO] IPUIPlugin:80 - create IPUIPlugin
2025-09-16 07:13:43,028 [INFO] PluginManager:220 - loadIPPluginJar : add adc
2025-09-16 07:13:43,040 [INFO] IPUIPlugin:80 - create IPUIPlugin
2025-09-16 07:13:43,040 [INFO] PluginManager:220 - loadIPPluginJar : add linkedlist
2025-09-16 07:13:43,042 [INFO] IPUIPlugin:80 - create IPUIPlugin
2025-09-16 07:13:43,043 [INFO] PluginManager:220 - loadIPPluginJar : add comp
2025-09-16 07:13:43,050 [INFO] IPUIPlugin:80 - create IPUIPlugin
2025-09-16 07:13:43,050 [INFO] PluginManager:220 - loadIPPluginJar : add fmc
2025-09-16 07:13:43,052 [INFO] IPUIPlugin:80 - create IPUIPlugin
2025-09-16 07:13:43,052 [INFO] PluginManager:220 - loadIPPluginJar : add tsc
2025-09-16 07:13:43,056 [INFO] IPUIPlugin:80 - create IPUIPlugin
2025-09-16 07:13:43,057 [INFO] PluginManager:220 - loadIPPluginJar : add sai
2025-09-16 07:13:43,061 [INFO] IPUIPlugin:80 - create IPUIPlugin
2025-09-16 07:13:43,061 [INFO] PluginManager:220 - loadIPPluginJar : add usart
2025-09-16 07:13:43,067 [INFO] IPUIPlugin:80 - create IPUIPlugin
2025-09-16 07:13:43,067 [INFO] PluginManager:220 - loadIPPluginJar : add nvic
2025-09-16 07:13:43,073 [INFO] IPUIPlugin:80 - create IPUIPlugin
2025-09-16 07:13:43,073 [INFO] PluginManager:220 - loadIPPluginJar : add resmgrutility
2025-09-16 07:13:43,077 [INFO] IPUIPlugin:80 - create IPUIPlugin
2025-09-16 07:13:43,077 [INFO] PluginManager:220 - loadIPPluginJar : add lorawan
2025-09-16 07:13:43,080 [INFO] IPUIPlugin:80 - create IPUIPlugin
2025-09-16 07:13:43,080 [INFO] PluginManager:220 - loadIPPluginJar : add gfxmmu
2025-09-16 07:13:43,085 [INFO] IPUIPlugin:80 - create IPUIPlugin
2025-09-16 07:13:43,086 [INFO] PluginManager:220 - loadIPPluginJar : add dma3
2025-09-16 07:13:43,090 [INFO] IPUIPlugin:80 - create IPUIPlugin
2025-09-16 07:13:43,091 [INFO] PluginManager:220 - loadIPPluginJar : add i3c
2025-09-16 07:13:43,093 [INFO] IPUIPlugin:80 - create IPUIPlugin
2025-09-16 07:13:43,093 [INFO] PluginManager:220 - loadIPPluginJar : add quadspi
2025-09-16 07:13:43,097 [INFO] IPUIPlugin:80 - create IPUIPlugin
2025-09-16 07:13:43,097 [INFO] PluginManager:220 - loadIPPluginJar : add ddr_ctrl_phy
2025-09-16 07:13:43,101 [INFO] IPUIPlugin:80 - create IPUIPlugin
2025-09-16 07:13:43,101 [INFO] PluginManager:220 - loadIPPluginJar : add i2s
2025-09-16 07:13:43,224 [FATAL] Updater:351 - Updater called before beeing initialized
2025-09-16 07:13:43,273 [INFO] RulesReader:64 - Compatibility file has been processed (317 Rules)
2025-09-16 07:13:43,296 [INFO] RulesReader:64 - Compatibility file has been processed (317 Rules)
2025-09-16 07:13:43,308 [INFO] CADModel:165 - CPN selected for project level
2025-09-16 07:13:43,308 [INFO] CADModel:114 - Register for checkConnection events
2025-09-16 07:13:43,309 [FATAL] Updater:351 - Updater called before beeing initialized
2025-09-16 07:13:43,309 [ERROR] CADModel:125 - Updater not yet initialized, retry later 
2025-09-16 07:13:43,518 [FATAL] Updater:351 - Updater called before beeing initialized
2025-09-16 07:13:43,520 [INFO] CADModel:165 - CPN selected for project level
2025-09-16 07:13:43,521 [INFO] CADModel:114 - Register for checkConnection events
2025-09-16 07:13:43,521 [FATAL] Updater:351 - Updater called before beeing initialized
2025-09-16 07:13:43,521 [ERROR] CADModel:125 - Updater not yet initialized, retry later 
2025-09-16 07:13:43,527 [FATAL] Updater:351 - Updater called before beeing initialized
2025-09-16 07:13:43,711 [FATAL] Updater:351 - Updater called before beeing initialized
2025-09-16 07:13:43,718 [INFO] DbMcusAds:53 - JSON generation date=Tue Jul 08 05:14:23 ART 2025 (1751962463582)
2025-09-16 07:13:43,718 [FATAL] Updater:351 - Updater called before beeing initialized
2025-09-16 07:13:43,782 [WARN] DetailPanel:346 - Failed to get advertising image, set to default
2025-09-16 07:13:43,913 [FATAL] Updater:351 - Updater called before beeing initialized
2025-09-16 07:13:43,916 [FATAL] Updater:351 - Updater called before beeing initialized
2025-09-16 07:13:43,916 [FATAL] Updater:351 - Updater called before beeing initialized
2025-09-16 07:13:43,916 [WARN] DetailPanel:346 - Failed to get advertising image, set to default
2025-09-16 07:13:43,917 [FATAL] Updater:351 - Updater called before beeing initialized
2025-09-16 07:13:43,966 [ERROR] Updater:1198 - MainUpdater not yet initialized. External WinMGr cannot be set.
2025-09-16 07:13:43,969 [INFO] Updater:1134 - Updater Version found : 6.15.0
2025-09-16 07:13:44,001 [INFO] ApplicationProperties:184 - Using Application install path: /opt/st/stm32cubeide_1.19.0/plugins/com.st.stm32cube.common.mx_6.15.0.202507011659
2025-09-16 07:13:44,023 [ERROR] LogOutputStream:75 - [STDERR_REDIRECT] Sep 16, 2025 7:13:44 AM java.util.prefs.FileSystemPreferences$2 run
2025-09-16 07:13:44,023 [ERROR] LogOutputStream:75 - [STDERR_REDIRECT] WARNING: Could not create system preferences directory. System preferences are unusable.
2025-09-16 07:13:44,024 [ERROR] LogOutputStream:75 - [STDERR_REDIRECT] 
2025-09-16 07:13:44,314 [INFO] MainUpdater:2872 - connection check result : 22
2025-09-16 07:13:44,315 [INFO] MainUpdater:289 - Updater Check For Update Now.
2025-09-16 07:13:44,315 [INFO] MicroXplorer:498 - Change Database Version : DB.6.0.150
2025-09-16 07:13:44,324 [INFO] McuFinderGlobals:63 - Set McuFinder mode to 2 (CubeIDE integrated)
2025-09-16 07:13:44,325 [INFO] UserAuth:487 - Internet connection configuration mode: 2
2025-09-16 07:13:44,336 [INFO] UserAuth:487 - Internet connection configuration mode: 2
2025-09-16 07:13:44,582 [INFO] CheckServerUpdateThread:120 - End of CheckServer Thread
2025-09-16 07:13:45,254 [WARN] PackLoader:240 - Cannot read IP mode file for STMicroelectronics.FP-SNS-MOTENVWB1.1.4.0
2025-09-16 07:13:45,265 [WARN] PackLoader:240 - Cannot read IP mode file for STMicroelectronics.FP-ATR-ASTRA1.2.0.2
2025-09-16 07:13:45,276 [WARN] PackLoader:240 - Cannot read IP mode file for STMicroelectronics.X-CUBE-SMBUS.2.1.0
2025-09-16 07:13:45,282 [WARN] PackLoader:240 - Cannot read IP mode file for STMicroelectronics.X-CUBE-ST60.1.0.0
2025-09-16 07:13:45,337 [WARN] PackLoader:240 - Cannot read IP mode file for STMicroelectronics.X-CUBE-AZRTOS-F7.1.1.0
2025-09-16 07:13:45,348 [WARN] PackLoader:240 - Cannot read IP mode file for Cesanta.I-CUBE-Mongoose.7.19.0
2025-09-16 07:13:45,360 [WARN] PackLoader:240 - Cannot read IP mode file for WES.I-CUBE-Cesium.1.4.0
2025-09-16 07:13:45,449 [WARN] PackLoader:240 - Cannot read IP mode file for Infineon.AIROC-Wi-Fi-Bluetooth-STM32.1.7.1
2025-09-16 07:13:45,485 [WARN] PackLoader:240 - Cannot read IP mode file for STMicroelectronics.X-CUBE-DISPLAY.3.0.0
2025-09-16 07:13:45,517 [WARN] PackLoader:240 - Cannot read IP mode file for STMicroelectronics.X-CUBE-NFC10.1.0.0
2025-09-16 07:13:45,534 [WARN] PackLoader:240 - Cannot read IP mode file for emotas.I-CUBE-CANOPEN.1.3.0
2025-09-16 07:13:45,543 [WARN] PackLoader:240 - Cannot read IP mode file for STMicroelectronics.FP-SNS-SMARTAG2.1.2.0
2025-09-16 07:13:45,550 [WARN] PackLoader:240 - Cannot read IP mode file for STMicroelectronics.FP-SNS-FLIGHT1.5.1.0
2025-09-16 07:13:45,570 [INFO] LogOutputStream:77 - [STDOUT_REDIRECT] 1 : Invalid condition id : UX_CORESTACK_Condition cause : null
2025-09-16 07:13:45,571 [INFO] LogOutputStream:77 - [STDOUT_REDIRECT] 1 : Invalid condition id : UX_CORESTACK_Condition cause : null
2025-09-16 07:13:45,571 [INFO] LogOutputStream:77 - [STDOUT_REDIRECT] 1 : Invalid condition id : UX_CORESTACK_Condition cause : null
2025-09-16 07:13:45,572 [INFO] LogOutputStream:77 - [STDOUT_REDIRECT] 1 : Invalid condition id : UX_CORESTACK_Condition cause : null
2025-09-16 07:13:45,572 [INFO] LogOutputStream:77 - [STDOUT_REDIRECT] 1 : Invalid condition id : UX_CORESTACK_Condition cause : null
2025-09-16 07:13:45,581 [WARN] PackLoader:240 - Cannot read IP mode file for STMicroelectronics.X-CUBE-AZRTOS-WL.2.0.0
2025-09-16 07:13:45,592 [WARN] PackLoader:240 - Cannot read IP mode file for STMicroelectronics.FP-SNS-MOTENV1.5.0.0
2025-09-16 07:13:45,604 [WARN] PackLoader:240 - Cannot read IP mode file for STMicroelectronics.X-CUBE-BLE2.3.3.0
2025-09-16 07:13:45,615 [WARN] PackLoader:240 - Cannot read IP mode file for STMicroelectronics.X-CUBE-NFC9.1.0.0
2025-09-16 07:13:45,629 [WARN] PackLoader:240 - Cannot read IP mode file for STMicroelectronics.X-CUBE-BLE1.7.1.0
2025-09-16 07:13:45,656 [WARN] PackLoader:240 - Cannot read IP mode file for STMicroelectronics.X-CUBE-AZRTOS-G0.1.1.0
2025-09-16 07:13:45,669 [WARN] PackLoader:240 - Cannot read IP mode file for STMicroelectronics.X-CUBE-SAFEA1.1.2.2
2025-09-16 07:13:45,680 [WARN] PackLoader:240 - Cannot read IP mode file for STMicroelectronics.X-CUBE-NFC4.3.0.0
2025-09-16 07:13:45,697 [WARN] PackLoader:240 - Cannot read IP mode file for EmbeddedOffice.I-CUBE-FS-RTOS.1.0.1
2025-09-16 07:13:45,708 [WARN] PackLoader:240 - Cannot read IP mode file for STMicroelectronics.X-CUBE-WB05N.2.0.0
2025-09-16 07:13:45,717 [WARN] PackLoader:240 - Cannot read IP mode file for STMicroelectronics.X-CUBE-TCPP.4.2.0
2025-09-16 07:13:45,728 [WARN] PackLoader:240 - Cannot read IP mode file for RealThread.X-CUBE-RT-Thread_Nano.4.1.1
2025-09-16 07:13:45,732 [WARN] PackLoader:240 - Cannot read IP mode file for STMicroelectronics.FP-ATR-SIGFOX1.3.2.0
2025-09-16 07:13:45,743 [WARN] PackLoader:240 - Cannot read IP mode file for ITTIA_DB.I-CUBE-ITTIADB.8.9.0
2025-09-16 07:13:45,752 [WARN] PackLoader:240 - Cannot read IP mode file for STMicroelectronics.X-CUBE-ST67W61.1.0.0
2025-09-16 07:13:45,806 [WARN] PackLoader:240 - Cannot read IP mode file for SEGGER.I-CUBE-embOS.1.3.1
2025-09-16 07:13:45,958 [WARN] PackLoader:240 - Cannot read IP mode file for STMicroelectronics.X-CUBE-ALGOBUILD.1.4.0
2025-09-16 07:13:46,087 [WARN] PackLoader:240 - Cannot read IP mode file for STMicroelectronics.X-CUBE-MEMS1.11.3.0
2025-09-16 07:13:46,475 [WARN] PackLoader:240 - Cannot read IP mode file for STMicroelectronics.X-CUBE-PM33A1.1.0.0
2025-09-16 07:13:46,503 [WARN] PackLoader:240 - Cannot read IP mode file for STMicroelectronics.X-CUBE-AZRTOS-F4.1.1.0
2025-09-16 07:13:46,511 [WARN] PackLoader:240 - Cannot read IP mode file for Avnet-IotConnect.X-CUBE-IoTC-DA16k-PMOD.1.0.0
2025-09-16 07:13:46,516 [WARN] PackLoader:240 - Cannot read IP mode file for STMicroelectronics.X-CUBE-ISPU.2.1.0
2025-09-16 07:13:46,539 [WARN] PackLoader:240 - Cannot read IP mode file for STMicroelectronics.X-CUBE-AZRTOS-L5.2.0.0
2025-09-16 07:13:46,552 [WARN] PackLoader:240 - Cannot read IP mode file for STMicroelectronics.X-CUBE-NFC6.3.1.0
2025-09-16 07:13:46,562 [WARN] PackLoader:240 - Cannot read IP mode file for STMicroelectronics.X-CUBE-FREERTOS.1.3.1
2025-09-16 07:13:46,569 [WARN] PackLoader:240 - Cannot read IP mode file for STMicroelectronics.X-CUBE-DPower.1.3.0
2025-09-16 07:13:46,594 [WARN] ConditionMgr:438 - getConditionDescription Invalid condition id : LAN8742 Phy interface Condition cause : null
2025-09-16 07:13:46,595 [WARN] PackLoader:240 - Cannot read IP mode file for STMicroelectronics.X-CUBE-AZRTOS-L4.2.0.0
2025-09-16 07:13:46,597 [WARN] ConditionMgr:1044 - genDependencies : Invalid condition id : LAN8742 Phy interface Condition cause : null
2025-09-16 07:13:46,597 [WARN] ConditionMgr:1044 - genDependencies : Invalid condition id : LAN8742 Phy interface Condition cause : null
2025-09-16 07:13:46,598 [WARN] ConditionMgr:1044 - genDependencies : Invalid condition id : LAN8742 Phy interface Condition cause : null
2025-09-16 07:13:46,608 [WARN] PackLoader:240 - Cannot read IP mode file for STMicroelectronics.X-CUBE-SFXS2LP1.4.0.0
2025-09-16 07:13:46,624 [WARN] ConditionMgr:438 - getConditionDescription Invalid condition id : UX DEVICE CLASS RTOS Condition cause : null
2025-09-16 07:13:46,624 [WARN] ConditionMgr:438 - getConditionDescription Invalid condition id : UX DEVICE CLASS RTOS Condition cause : null
2025-09-16 07:13:46,627 [WARN] PackLoader:240 - Cannot read IP mode file for STMicroelectronics.X-CUBE-AZRTOS-WB.2.0.0
2025-09-16 07:13:46,628 [WARN] ConditionMgr:1044 - genDependencies : Invalid condition id : UX DEVICE CLASS RTOS Condition cause : null
2025-09-16 07:13:46,628 [WARN] ConditionMgr:1044 - genDependencies : Invalid condition id : UX DEVICE CLASS RTOS Condition cause : null
2025-09-16 07:13:46,629 [WARN] ConditionMgr:1044 - genDependencies : Invalid condition id : UX DEVICE CLASS RTOS Condition cause : null
2025-09-16 07:13:46,629 [WARN] ConditionMgr:1044 - genDependencies : Invalid condition id : UX DEVICE CLASS RTOS Condition cause : null
2025-09-16 07:13:46,629 [WARN] ConditionMgr:1044 - genDependencies : Invalid condition id : UX DEVICE CLASS RTOS Condition cause : null
2025-09-16 07:13:46,638 [WARN] PackLoader:240 - Cannot read IP mode file for STMicroelectronics.X-CUBE-GNSS1.7.0.1
2025-09-16 07:13:46,647 [WARN] PackLoader:240 - Cannot read IP mode file for STMicroelectronics.X-CUBE-TOUCHGFX.4.25.0
2025-09-16 07:13:46,651 [WARN] ConditionMgr:438 - getConditionDescription Invalid condition id : Cortex-A Device cause : null
2025-09-16 07:13:46,671 [WARN] ConditionMgr:1044 - genDependencies : Invalid condition id : Cortex-A Device cause : null
2025-09-16 07:13:46,671 [WARN] ConditionMgr:1044 - genDependencies : Invalid condition id : Cortex-A Device cause : null
2025-09-16 07:13:46,671 [WARN] ConditionMgr:1044 - genDependencies : Invalid condition id : Cortex-A Device cause : null
2025-09-16 07:13:46,684 [WARN] PackLoader:240 - Cannot read IP mode file for STMicroelectronics.X-CUBE-SUBG2.5.0.0
2025-09-16 07:13:46,716 [WARN] PackLoader:240 - Cannot read IP mode file for STMicroelectronics.X-CUBE-AZRTOS-H7RS.1.1.0
2025-09-16 07:13:46,738 [WARN] PackLoader:240 - Cannot read IP mode file for STMicroelectronics.X-CUBE-AZRTOS-G4.2.0.0
2025-09-16 07:13:46,744 [WARN] PackLoader:240 - Cannot read IP mode file for wolfSSL.I-CUBE-wolfSSH.1.4.20
2025-09-16 07:13:46,750 [WARN] PackLoader:240 - Cannot read IP mode file for STMicroelectronics.X-CUBE-NFC7.2.0.0
2025-09-16 07:13:46,769 [WARN] PackLoader:240 - Cannot read IP mode file for STMicroelectronics.X-CUBE-IPS.3.1.0
2025-09-16 07:13:46,780 [WARN] PackLoader:240 - Cannot read IP mode file for STMicroelectronics.X-CUBE-ALS.1.0.2
2025-09-16 07:13:46,794 [WARN] PackLoader:240 - Cannot read IP mode file for STMicroelectronics.X-CUBE-TOF1.3.4.3
2025-09-16 07:13:46,829 [INFO] ThirdParty:978 - Integrity check success = true
2025-09-16 07:13:46,830 [INFO] IntegrityCheckThread:100 - exiting critical section [integrity check]
2025-09-16 07:13:46,830 [INFO] IntegrityCheckThread:103 - End integrity checks thread
2025-09-16 07:14:10,290 [ERROR] LogOutputStream:75 - [STDERR_REDIRECT] Sep 16, 2025 7:14:10 AM java.util.prefs.FileSystemPreferences checkLockFile0ErrorCode
2025-09-16 07:14:10,291 [ERROR] LogOutputStream:75 - [STDERR_REDIRECT] WARNING: Could not lock System prefs. Unix error code 2.
2025-09-16 07:14:10,291 [ERROR] LogOutputStream:75 - [STDERR_REDIRECT] 
2025-09-16 07:14:10,292 [ERROR] LogOutputStream:75 - [STDERR_REDIRECT] Sep 16, 2025 7:14:10 AM java.util.prefs.FileSystemPreferences syncWorld
2025-09-16 07:14:10,292 [ERROR] LogOutputStream:75 - [STDERR_REDIRECT] WARNING: Couldn't flush system prefs: java.util.prefs.BackingStoreException: Couldn't get file lock.
2025-09-16 07:14:10,292 [ERROR] LogOutputStream:75 - [STDERR_REDIRECT] 
2025-09-16 07:14:29,030 [INFO] McuFinderGlobals:63 - Set McuFinder mode to 2 (CubeIDE integrated)
2025-09-16 07:14:29,040 [INFO] MainUpdater:2872 - connection check result : 22
2025-09-16 07:14:29,044 [INFO] MainUpdater:2872 - connection check result : 22
2025-09-16 07:14:38,106 [INFO] MainUpdater:2872 - connection check result : 22
2025-09-16 07:14:40,242 [ERROR] LogOutputStream:75 - [STDERR_REDIRECT] Sep 16, 2025 7:14:40 AM java.util.prefs.FileSystemPreferences checkLockFile0ErrorCode
2025-09-16 07:14:40,243 [ERROR] LogOutputStream:75 - [STDERR_REDIRECT] WARNING: Could not lock System prefs. Unix error code 2.
2025-09-16 07:14:40,243 [ERROR] LogOutputStream:75 - [STDERR_REDIRECT] 
2025-09-16 07:14:40,244 [ERROR] LogOutputStream:75 - [STDERR_REDIRECT] Sep 16, 2025 7:14:40 AM java.util.prefs.FileSystemPreferences syncWorld
2025-09-16 07:14:40,244 [ERROR] LogOutputStream:75 - [STDERR_REDIRECT] WARNING: Couldn't flush system prefs: java.util.prefs.BackingStoreException: Couldn't get file lock.
2025-09-16 07:14:40,244 [ERROR] LogOutputStream:75 - [STDERR_REDIRECT] 
2025-09-16 07:14:47,770 [INFO] MainUpdater:2872 - connection check result : 22
2025-09-16 07:15:02,706 [INFO] MicroXplorer:468 - Change Database Path : 
2025-09-16 07:15:02,706 [INFO] MicroXplorer:498 - Change Database Version : DB.6.0.150
2025-09-16 07:15:02,719 [WARN] ThirdParty:871 - waiting for thirdparty lock release [close project]
2025-09-16 07:15:02,719 [INFO] ThirdParty:873 - entering critical section [close project]
2025-09-16 07:15:02,720 [INFO] ThirdParty:883 - exiting critical section [close project]
2025-09-16 07:15:02,723 [INFO] PinOutPanel:1589 - setPackage(No Configuration,No Configuration)
2025-09-16 07:15:02,725 [INFO] UtilMem:75 - Begin LoadConfig() Used Memory: 160993464 Bytes (321912832)
2025-09-16 07:15:02,726 [INFO] MicroXplorer:468 - Change Database Path : 
2025-09-16 07:15:02,726 [INFO] MicroXplorer:498 - Change Database Version : DB.6.0.150
2025-09-16 07:15:02,727 [INFO] OpenFileManager:355 - Change cursor
2025-09-16 07:15:02,760 [INFO] Mcu:2029 - Initializing MCU STM32F446R(C-E)Tx STM32F446RETx STM32F446RET6
2025-09-16 07:15:04,919 [INFO] Context:786 - Trying to add GPIOservice into a context  which must be forbidden
2025-09-16 07:15:06,110 [INFO] ImportTextPane:234 - (OptionalMessage_ERROR) Pin11 (VP_RIF_VS_RIF1) cannot be retrieved for this MCU
2025-09-16 07:15:06,230 [INFO] RtosManager:558 - Registered RTOS mode: class=CMSIS, group=RTOS, mode=CMSIS_V1, owner=FREERTOS
2025-09-16 07:15:06,230 [INFO] RtosManager:558 - Registered RTOS mode: class=CMSIS, group=RTOS2, mode=CMSIS_V2, owner=FREERTOS
2025-09-16 07:15:06,230 [INFO] RtosManager:558 - Registered RTOS mode: class=RTOS, group=Core, mode=CMSIS_V1, owner=FREERTOS
2025-09-16 07:15:06,230 [INFO] RtosManager:558 - Registered RTOS mode: class=RTOS, group=Core, mode=CMSIS_V2, owner=FREERTOS
2025-09-16 07:15:06,231 [WARN] ModelIntegratedComponent:184 - Missing modes for component STMicroelectronics:FreeRTOS:0.0.1:STMicroelectronics:RTOS:FreeRTOS:Core:::10.2.0:
2025-09-16 07:15:06,263 [WARN] ModelIntegratedComponent:63 - No mode defined for component null
2025-09-16 07:15:06,263 [WARN] ModelIntegratedComponent:63 - No mode defined for component null
2025-09-16 07:15:06,263 [WARN] ModelIntegratedComponent:63 - No mode defined for component null
2025-09-16 07:15:06,263 [WARN] ModelIntegratedComponent:63 - No mode defined for component null
2025-09-16 07:15:06,263 [WARN] ModelIntegratedComponent:63 - No mode defined for component null
2025-09-16 07:15:06,263 [WARN] ModelIntegratedComponent:63 - No mode defined for component null
2025-09-16 07:15:06,263 [WARN] ModelIntegratedComponent:63 - No mode defined for component null
2025-09-16 07:15:06,263 [WARN] ModelIntegratedComponent:63 - No mode defined for component null
2025-09-16 07:15:06,264 [WARN] ModelIntegratedComponent:63 - No mode defined for component null
2025-09-16 07:15:06,264 [WARN] ModelIntegratedComponent:63 - No mode defined for component null
2025-09-16 07:15:06,264 [WARN] ModelIntegratedComponent:63 - No mode defined for component null
2025-09-16 07:15:06,264 [WARN] ModelIntegratedComponent:63 - No mode defined for component null
2025-09-16 07:15:06,264 [WARN] ModelIntegratedComponent:63 - No mode defined for component null
2025-09-16 07:15:06,264 [WARN] ModelIntegratedComponent:63 - No mode defined for component null
2025-09-16 07:15:06,264 [WARN] ModelIntegratedComponent:63 - No mode defined for component null
2025-09-16 07:15:06,264 [WARN] ModelIntegratedComponent:63 - No mode defined for component null
2025-09-16 07:15:06,264 [WARN] ModelIntegratedComponent:63 - No mode defined for component null
2025-09-16 07:15:06,264 [WARN] ModelIntegratedComponent:63 - No mode defined for component null
2025-09-16 07:15:06,264 [WARN] ModelIntegratedComponent:63 - No mode defined for component null
2025-09-16 07:15:06,264 [WARN] ModelIntegratedComponent:63 - No mode defined for component null
2025-09-16 07:15:06,265 [WARN] ModelIntegratedComponent:63 - No mode defined for component null
2025-09-16 07:15:06,265 [WARN] ModelIntegratedComponent:63 - No mode defined for component null
2025-09-16 07:15:06,265 [WARN] ModelIntegratedComponent:63 - No mode defined for component null
2025-09-16 07:15:06,265 [WARN] ModelIntegratedComponent:63 - No mode defined for component null
2025-09-16 07:15:06,265 [WARN] ModelIntegratedComponent:63 - No mode defined for component null
2025-09-16 07:15:06,265 [WARN] ModelIntegratedComponent:63 - No mode defined for component null
2025-09-16 07:15:06,265 [WARN] ModelIntegratedComponent:63 - No mode defined for component null
2025-09-16 07:15:06,265 [WARN] ModelIntegratedComponent:63 - No mode defined for component null
2025-09-16 07:15:06,265 [WARN] ModelIntegratedComponent:63 - No mode defined for component null
2025-09-16 07:15:06,265 [WARN] ModelIntegratedComponent:63 - No mode defined for component null
2025-09-16 07:15:06,265 [WARN] ModelIntegratedComponent:63 - No mode defined for component null
2025-09-16 07:15:06,265 [WARN] ModelIntegratedComponent:63 - No mode defined for component null
2025-09-16 07:15:06,266 [WARN] ModelIntegratedComponent:63 - No mode defined for component null
2025-09-16 07:15:06,266 [WARN] ModelIntegratedComponent:63 - No mode defined for component null
2025-09-16 07:15:06,266 [WARN] ModelIntegratedComponent:63 - No mode defined for component null
2025-09-16 07:15:06,266 [WARN] ModelPack:524 - Component already loaded: STMicroelectronics:HAL Drivers:0.0.0:STMicroelectronics:Device:STMicro_Driver:XSPI:HAL::0.0.1:HAL_XSPI
2025-09-16 07:15:06,507 [INFO] ThirdPartyModel:298 - Start build external matchings
2025-09-16 07:15:07,014 [INFO] ThirdPartyModel:316 - End build external matchings
2025-09-16 07:15:07,040 [INFO] ImportTextPane:234 - (OptionalMessage_ERROR) IP (RCC) : Invalid parameter (FamilyName)
2025-09-16 07:15:07,042 [INFO] ImportTextPane:234 - (OptionalMessage_ERROR) IP (RCC) : Parameter (SDIOFreq_Value) has invalid value (84000000)
2025-09-16 07:15:07,042 [INFO] ImportTextPane:234 - (OptionalMessage_ERROR) IP (RCC) : Parameter (USBFreq_Value) has invalid value (84000000)
2025-09-16 07:15:07,556 [INFO] ApiDb:581 - Connected to CubeFinder SQLite database (/home/tomas1908/.stmcufinder/plugins/mcufinder/mcu/cube-finder-db.db)
2025-09-16 07:15:07,649 [INFO] ApiDb:668 - CubeFinder database Data Model version=2.1
2025-09-16 07:15:07,649 [INFO] ApiDb:669 - CubeFinder database Configuration version=3.0.39
2025-09-16 07:15:07,650 [INFO] ApiDb:670 - CubeFinder database generation date=2025-07-24 (1753349077)
2025-09-16 07:15:07,650 [INFO] ApiDb:671 - CubeFinder database FW Pack versions=[FP-ATR-ASTRA1_V2.0.0, FP-SNS-FLIGHT1_V5.1.0, FP-SNS-MOTENV1_V5.0.0, FP-SNS-MOTENVWB1_V1.4.0, FP-SNS-SMARTAG2_V1.2.0, FP-SNS-STBOX1_V2.0.0, STM32Cube_FW_C0_V1.4.0, STM32Cube_FW_F4_V1.28.2, STM32Cube_FW_F7_V1.17.3, STM32Cube_FW_G0_V1.6.2, STM32Cube_FW_G4_V1.6.1, STM32Cube_FW_H5_V1.5.0, STM32Cube_FW_H7RS_V1.2.0, STM32Cube_FW_H7_V1.12.1, STM32Cube_FW_L0_V1.12.2, STM32Cube_FW_L4_V1.18.1, STM32Cube_FW_L5_V1.5.1, STM32Cube_FW_N6_V1.2.0, STM32Cube_FW_U0_V1.3.0, STM32Cube_FW_U3_V1.2.0, STM32Cube_FW_U5_V1.8.0, STM32Cube_FW_WB0_V1.3.0, STM32Cube_FW_WBA_V1.7.0, STM32Cube_FW_WB_V1.23.0, STM32Cube_FW_WL3_V1.2.0, STM32Cube_FW_WL_V1.3.1, X-CUBE-ALGOBUILD_V1.4.0, X-CUBE-ALS_V1.0.2, X-CUBE-AZRTOS-F4_V1.1.0, X-CUBE-AZRTOS-F7_V1.1.0, X-CUBE-AZRTOS-G0_V1.1.0, X-CUBE-AZRTOS-G4_V2.0.0, X-CUBE-AZRTOS-H7RS_V1.1.0, X-CUBE-AZRTOS-H7_V3.4.0, X-CUBE-AZRTOS-L4_V2.0.0, X-CUBE-AZRTOS-L5_V2.0.0, X-CUBE-AZRTOS-WB_V2.0.0, X-CUBE-AZRTOS-WL_V2.0.0, X-CUBE-BLE1_V7.1.0, X-CUBE-BLE2_V3.3.0, X-CUBE-BLEMGR_V4.1.0, X-CUBE-EEPRMA1_V5.2.0, X-CUBE-FREERTOS_V1.3.1, X-CUBE-GNSS1_V6.0.0, X-CUBE-MEMS1_V11.3.0, X-CUBE-NFC4_V3.0.0, X-CUBE-NFC7_V2.0.0, X-CUBE-SFXS2LP1_V4.0.0, X-CUBE-ST67W61_V1.0.0, X-CUBE-SUBG2_V5.0.0, X-CUBE-TOF1_V3.4.3]
2025-09-16 07:15:07,807 [INFO] DbBoardsSqlite:226 - include board P-NUCLEO-WB55-NUCLEO as a kit item of type 'Nucleo-64'
2025-09-16 07:15:07,807 [INFO] DbBoardsSqlite:226 - include board P-NUCLEO-WB55-USBDONGLE as a kit item of type 'Nucleo USB Dongle'
2025-09-16 07:15:07,808 [INFO] DbBoardsSqlite:226 - include board STEVAL-IDP005V1 as a kit item of type 'Evaluation Board'
2025-09-16 07:15:07,809 [INFO] DbBoardsSqlite:226 - include board STEVAL-IDP005V2 as a kit item of type 'Evaluation Board'
2025-09-16 07:15:07,955 [INFO] ApiDb:240 - Found 880 in-development CPN: [B-G473E-ZEST1S, B-WB1M-WPAN1, B-WBA5M-WPAN, B-WL5M-SUBG1, NUCLEO-C031C6, NUCLEO-C051C8, NUCLEO-C071RB, NUCLEO-C092RC, NUCLEO-H503RB, NUCLEO-H533RE, NUCLEO-H563ZI, NUCLEO-H7S3L8, NUCLEO-N657X0-Q, NUCLEO-U031R8, NUCLEO-U083RC, NUCLEO-U385RG-Q, NUCLEO-U545RE-Q, NUCLEO-U5A5ZJ-Q, NUCLEO-WB05KZ, NUCLEO-WB07CC, NUCLEO-WB09KE, NUCLEO-WBA52CG, NUCLEO-WBA55CG, NUCLEO-WL33CC1, NUCLEO-WL33CC2, STEVAL-PROTEUS1, STEVAL-SMARTAG2, STEVAL-STWINBX1, STM320518-EVAL, STM32C0116-DK, STM32C011D6Y3TR, STM32C011D6Y6TR, STM32C011F4P3, STM32C011F4P6, STM32C011F4U3, STM32C011F4U6TR, STM32C011F6P3, STM32C011F6P6, STM32C011F6U3, STM32C011F6U6TR, STM32C011J4M3, STM32C011J4M6, STM32C011J6M3, STM32C011J6M6, STM32C0316-DK, STM32C031C4T3, STM32C031C4T6, STM32C031C4U3, STM32C031C4U6, STM32C031C6T3, STM32C031C6T6, STM32C031C6U3, STM32C031C6U6, STM32C031F4P3, STM32C031F4P6, STM32C031F6P3, STM32C031F6P6, STM32C031G4U3, STM32C031G4U6, STM32C031G6U3, STM32C031G6U6, STM32C031K4T3, STM32C031K4T6, STM32C031K4U3, STM32C031K4U6, STM32C031K6T3, STM32C031K6T6, STM32C031K6U3, STM32C031K6U6, STM32C051C6T6, STM32C051C6U6, STM32C051C8T6, STM32C051C8U6, STM32C051D8Y6TR, STM32C051F6P6, STM32C051F8P6, STM32C051G6U6, STM32C051G8U6, STM32C051K6T6, STM32C051K6U6, STM32C051K8T6, STM32C071C8T6, STM32C071C8T6N, STM32C071C8U6, STM32C071C8U6N, STM32C071CBT6, STM32C071CBT6N, STM32C071CBU6, STM32C071CBU6N, STM32C071F8P6, STM32C071F8P6N, STM32C071FBP6, STM32C071FBP6N, STM32C071FBY6TR, STM32C071G8U6, STM32C071G8U6N, STM32C071GBU6, STM32C071GBU6N, STM32C071K8T6, STM32C071K8T6N, STM32C071K8U6, STM32C071K8U6N, STM32C071KBT6, STM32C071KBT6N, STM32C071KBU6, STM32C071KBU6N, STM32C071R8T6, STM32C071R8T6N, STM32C071RBI6N, STM32C071RBT6, STM32C071RBT6N, STM32C091CBT6, STM32C091CBU6, STM32C091CCT6, STM32C091CCU6, STM32C091ECY6TR, STM32C091FBP6, STM32C091FCP6, STM32C091GBU6, STM32C091GCU6, STM32C091KBT6, STM32C091KBU6, STM32C091KCT6, STM32C091KCU6, STM32C091RBT6, STM32C091RCI6, STM32C091RCT6, STM32C092CBT6, STM32C092CBU6, STM32C092CCT6, STM32C092CCU6, STM32C092ECY6TR, STM32C092FBP6, STM32C092FCP6, STM32C092GBU6, STM32C092GCU6, STM32C092KBT6, STM32C092KBU6, STM32C092KCT6, STM32C092KCU6, STM32C092RBT6, STM32C092RCI6, STM32C092RCT6, STM32G071K8TXN, STM32G071K8UXN, STM32G081GBU6N, STM32G081KBT6N, STM32G081KBUXN, STM32G0B1CCT6N, STM32G0B1KCT6, STM32G0B1NEY6TR, STM32G0B1RCT6N, STM32G0C1CCT6, STM32G0C1CCT6N, STM32G0C1CCU6N, STM32G0C1CET6N, STM32G0C1CEU6N, STM32G0C1KCT6, STM32G0C1NEY6TR, STM32G0C1RCI6N, STM32G0C1RCT6N, STM32G0C1REI6N, STM32G0C1RET6N, STM32G0C1VCI6, STM32G0C1VEI6, STM32G411C6T3, STM32G411C6T6, STM32G411C6U3, STM32G411C6U6, STM32G411C8T3, STM32G411C8T6, STM32G411C8U3, STM32G411C8U6, STM32G411CBT3, STM32G411CBT6, STM32G411CBU3, STM32G411CBU6, STM32G411K6T3, STM32G411K6T6, STM32G411K6U3, STM32G411K6U6, STM32G411K8T3, STM32G411K8T6, STM32G411K8U3, STM32G411K8U6, STM32G411KBT3, STM32G411KBT6, STM32G411KBU3, STM32G411KBU6, STM32G411M6T3, STM32G411M6T6, STM32G411M8T3, STM32G411M8T6, STM32G411MBT3, STM32G411MBT6, STM32G411R6T3, STM32G411R6T6, STM32G411R8T3, STM32G411R8T6, STM32G411RBT3, STM32G411RBT6, STM32G414CBT3, STM32G414CBT6, STM32G414CBU3, STM32G414CBU6, STM32G414CCT3, STM32G414CCT6, STM32G414CCU3, STM32G414CCU6, STM32G414MBT3, STM32G414MBT6, STM32G414MCT3, STM32G414MCT6, STM32G414RBT3, STM32G414RBT6, STM32G414RCT3, STM32G414RCT6, STM32G414VBT3, STM32G414VBT6, STM32G414VCT3, STM32G414VCT6, STM32G431CBT3Z, STM32G431RBT3Z, STM32G471CCT6, STM32G471CCU6, STM32G471CET3, STM32G471CET6, STM32G471CEU3, STM32G471CEU6, STM32G471MCT6, STM32G471MET3, STM32G471MET6, STM32G471MEY6TR, STM32G471QCT6, STM32G471QET3, STM32G471RCT6, STM32G471RET3, STM32G471RET6, STM32G471VCH6, STM32G471VCI6, STM32G471VCT6, STM32G471VEH3, STM32G471VEH6, STM32G471VEI3, STM32G471VEI6, STM32G471VET3, STM32G471VET6, STM32G473QET3Z, STM32G473RET3Z, STM32G474CCT6, STM32G491RET3Z, STM32H503CBT6, STM32H503CBU6, STM32H503EBY6TR, STM32H503KBU6, STM32H503RBT6, STM32H523CCT6, STM32H523CCU6, STM32H523CET6, STM32H523CEU6, STM32H523HEY6TR, STM32H523RCT6, STM32H523RET6, STM32H523VCI6, STM32H523VCT6, STM32H523VEI6, STM32H523VET6, STM32H523ZCJ6, STM32H523ZCT6, STM32H523ZEJ6, STM32H523ZET6, STM32H533CET6, STM32H533CEU6, STM32H533HEY6TR, STM32H533RET6, STM32H533VEI6, STM32H533VET6, STM32H533ZEJ6, STM32H533ZET6, STM32H562AGI6, STM32H562AII6, STM32H562IGK6, STM32H562IGT6, STM32H562IIK6, STM32H562IIT6, STM32H562RGT6, STM32H562RGV6, STM32H562RIT6, STM32H562RIV6, STM32H562VGT6, STM32H562VIT6, STM32H562ZGT6, STM32H562ZIT6, STM32H563AGI6, STM32H563AII3Q, STM32H563AII6, STM32H563IGK6, STM32H563IGT6, STM32H563IIK3Q, STM32H563IIK6, STM32H563IIT3Q, STM32H563IIT6, STM32H563MIY3QTR, STM32H563RGT6, STM32H563RGV6, STM32H563RIT6, STM32H563RIV6, STM32H563VGT6, STM32H563VIT3Q, STM32H563VIT6, STM32H563ZGT6, STM32H563ZIT3Q, STM32H563ZIT6, STM32H573AII3Q, STM32H573AII6, STM32H573I-DK, STM32H573IIK3Q, STM32H573IIK6, STM32H573IIT3Q, STM32H573IIT6, STM32H573MIY3QTR, STM32H573RIT6, STM32H573RIV6, STM32H573VIT3Q, STM32H573VIT6, STM32H573ZIT3Q, STM32H573ZIT6, STM32H7R3A8I6, STM32H7R3I8K6, STM32H7R3I8T6, STM32H7R3L8H6, STM32H7R3L8H6H, STM32H7R3R8V6, STM32H7R3V8H6, STM32H7R3V8T6, STM32H7R3V8Y6TR, STM32H7R3Z8J6, STM32H7R3Z8T6, STM32H7R7A8I6, STM32H7R7I8K6, STM32H7R7I8T6, STM32H7R7L8H6, STM32H7R7L8H6H, STM32H7R7Z8J6, STM32H7S3A8I6, STM32H7S3I8K6, STM32H7S3I8T6, STM32H7S3L8H6, STM32H7S3L8H6H, STM32H7S3R8V6, STM32H7S3V8H6, STM32H7S3V8T6, STM32H7S3V8Y6TR, STM32H7S3Z8J6, STM32H7S3Z8T6, STM32H7S78-DK, STM32H7S7A8I6, STM32H7S7I8K6, STM32H7S7I8T6, STM32H7S7L8H6, STM32H7S7L8H6H, STM32H7S7Z8J6, STM32L4R5QGI6STR, STM32MP131AAE3, STM32MP131AAF3, STM32MP131AAG3, STM32MP131CAE3, STM32MP131CAF3, STM32MP131CAG3, STM32MP131DAE7, STM32MP131DAF7, STM32MP131DAG7, STM32MP131FAE7, STM32MP131FAF7, STM32MP131FAG7, STM32MP133AAE3, STM32MP133AAF3, STM32MP133AAG3, STM32MP133CAE3, STM32MP133CAF3, STM32MP133CAG3, STM32MP133DAE7, STM32MP133DAF7, STM32MP133DAG7, STM32MP133FAE7, STM32MP133FAF7, STM32MP133FAG7, STM32MP135AAE3, STM32MP135AAF3, STM32MP135AAG3, STM32MP135CAE3, STM32MP135CAF3, STM32MP135CAG3, STM32MP135DAE7, STM32MP135DAF7, STM32MP135DAG7, STM32MP135F-DK, STM32MP135FAE7, STM32MP135FAF7, STM32MP135FAF7T, STM32MP135FAF7U, STM32MP135FAG7, STM32MP211AAL3, STM32MP211AAM3, STM32MP211AAN3, STM32MP211AAO3, STM32MP211CAL3, STM32MP211CAM3, STM32MP211CAN3, STM32MP211CAO3, STM32MP211DAL3, STM32MP211DAM3, STM32MP211DAN3, STM32MP211DAO3, STM32MP211FAL3, STM32MP211FAM3, STM32MP211FAN3, STM32MP211FAO3, STM32MP213AAL3, STM32MP213AAM3, STM32MP213AAN3, STM32MP213AAO3, STM32MP213CAL3, STM32MP213CAM3, STM32MP213CAN3, STM32MP213CAO3, STM32MP213DAL3, STM32MP213DAM3, STM32MP213DAN3, STM32MP213DAO3, STM32MP213FAL3, STM32MP213FAM3, STM32MP213FAN3, STM32MP213FAO3, STM32MP215AAL3, STM32MP215AAM3, STM32MP215AAN3, STM32MP215AAO3, STM32MP215CAL3, STM32MP215CAM3, STM32MP215CAN3, STM32MP215CAO3, STM32MP215DAL3, STM32MP215DAM3, STM32MP215DAN3, STM32MP215DAO3, STM32MP215F-DK, STM32MP215FAL3, STM32MP215FAM3, STM32MP215FAN3, STM32MP215FAO3, STM32MP231AAJ3, STM32MP231AAK3, STM32MP231AAL3, STM32MP231CAJ3, STM32MP231CAK3, STM32MP231CAL3, STM32MP231DAJ3, STM32MP231DAK3, STM32MP231DAL3, STM32MP231FAJ3, STM32MP231FAK3, STM32MP231FAL3, STM32MP233AAJ3, STM32MP233AAK3, STM32MP233AAL3, STM32MP233CAJ3, STM32MP233CAK3, STM32MP233CAL3, STM32MP233DAJ3, STM32MP233DAK3, STM32MP233DAL3, STM32MP233FAJ3, STM32MP233FAK3, STM32MP233FAL3, STM32MP235AAJ3, STM32MP235AAK3, STM32MP235AAL3, STM32MP235CAJ3, STM32MP235CAK3, STM32MP235CAL3, STM32MP235DAJ3, STM32MP235DAK3, STM32MP235DAL3, STM32MP235FAJ3, STM32MP235FAK3, STM32MP235FAL3, STM32MP251AAI3, STM32MP251AAK3, STM32MP251AAL3, STM32MP251CAI3, STM32MP251CAK3, STM32MP251CAL3, STM32MP251DAI3, STM32MP251DAK3, STM32MP251DAL3, STM32MP251FAI3, STM32MP251FAK3, STM32MP251FAL3, STM32MP253AAI3, STM32MP253AAK3, STM32MP253AAL3, STM32MP253CAI3, STM32MP253CAK3, STM32MP253CAL3, STM32MP253DAI3, STM32MP253DAK3, STM32MP253DAL3, STM32MP253FAI3, STM32MP253FAK3, STM32MP253FAL3, STM32MP255AAI3, STM32MP255AAK3, STM32MP255AAL3, STM32MP255CAI3, STM32MP255CAK3, STM32MP255CAL3, STM32MP255DAI3, STM32MP255DAK3, STM32MP255DAL3, STM32MP255FAI3, STM32MP255FAK3, STM32MP255FAL3, STM32MP257AAI3, STM32MP257AAK3, STM32MP257AAL3, STM32MP257CAI3, STM32MP257CAK3, STM32MP257CAL3, STM32MP257DAI3, STM32MP257DAK3, STM32MP257DAL3, STM32MP257F-DK, STM32MP257F-EV1, STM32MP257FAI3, STM32MP257FAK3, STM32MP257FAL3, STM32N645A0H3Q, STM32N645B0H3Q, STM32N645I0H3Q, STM32N645L0H3Q, STM32N645X0H3Q, STM32N645Z0H3Q, STM32N647A0H3Q, STM32N647B0H3Q, STM32N647I0H3Q, STM32N647L0H3Q, STM32N647X0H3Q, STM32N647Z0H3Q, STM32N655A0H3Q, STM32N655B0H3Q, STM32N655I0H3Q, STM32N655L0H3Q, STM32N655X0H3Q, STM32N655Z0H3Q, STM32N6570-DK, STM32N657A0H3Q, STM32N657B0H3Q, STM32N657I0H3Q, STM32N657L0H3Q, STM32N657X0H3Q, STM32N657Z0H3Q, STM32U031C6T6, STM32U031C6U6, STM32U031C8T6, STM32U031C8U6, STM32U031F4P6, STM32U031F6P6, STM32U031F8P6, STM32U031G6Y6TR, STM32U031G8Y6TR, STM32U031K4U6, STM32U031K6U6, STM32U031K8U6, STM32U031R6I6, STM32U031R6T6, STM32U031R8I6, STM32U031R8T6, STM32U073C8T6, STM32U073C8U6, STM32U073CBT6, STM32U073CBU6, STM32U073CCT6, STM32U073CCU6, STM32U073H8Y6TR, STM32U073HBY6TR, STM32U073HCY6TR, STM32U073K8U6, STM32U073KBU6, STM32U073KCU6, STM32U073M8I6, STM32U073M8T6, STM32U073MBI6, STM32U073MBT6, STM32U073MCI6, STM32U073MCT6, STM32U073R8I6, STM32U073R8T6, STM32U073RBI6, STM32U073RBT6, STM32U073RCI6, STM32U073RCT6, STM32U083C-DK, STM32U083CCT6, STM32U083CCU6, STM32U083HCY6TR, STM32U083KCU6, STM32U083MCI6, STM32U083MCT6, STM32U083RCI6, STM32U083RCT6, STM32U375CET6, STM32U375CET6Q, STM32U375CEU6, STM32U375CEU6Q, STM32U375CEY6QTR, STM32U375CGT6, STM32U375CGT6Q, STM32U375CGU6, STM32U375CGU6Q, STM32U375CGY6QTR, STM32U375KEU6, STM32U375KGU6, STM32U375REI6, STM32U375REI6Q, STM32U375RET6, STM32U375RET6Q, STM32U375REY6GTR, STM32U375REY6QTR, STM32U375RGI6, STM32U375RGI6Q, STM32U375RGT6, STM32U375RGT6Q, STM32U375RGY6GTR, STM32U375RGY6QTR, STM32U375VEI6, STM32U375VEI6Q, STM32U375VET6, STM32U375VET6Q, STM32U375VGI6, STM32U375VGI6Q, STM32U375VGT6, STM32U375VGT6Q, STM32U385CGT6, STM32U385CGT6Q, STM32U385CGU6, STM32U385CGU6Q, STM32U385CGY6QTR, STM32U385KGU6, STM32U385RGI6, STM32U385RGI6Q, STM32U385RGT6, STM32U385RGT6Q, STM32U385RGY6GTR, STM32U385RGY6QTR, STM32U385VGI6, STM32U385VGI6Q, STM32U385VGT6, STM32U385VGT6Q, STM32U535CBT6, STM32U535CBT6Q, STM32U535CBU6, STM32U535CBU6Q, STM32U535CCT6, STM32U535CCT6Q, STM32U535CCU6, STM32U535CCU6Q, STM32U535CET6, STM32U535CET6Q, STM32U535CEU6, STM32U535CEU6Q, STM32U535JEY6QTR, STM32U535NCY6QTR, STM32U535NEY6QTR, STM32U535RBI6, STM32U535RBI6Q, STM32U535RBT6, STM32U535RBT6Q, STM32U535RCI6, STM32U535RCI6Q, STM32U535RCT6, STM32U535RCT6Q, STM32U535REI6, STM32U535REI6Q, STM32U535RET6, STM32U535RET6Q, STM32U535VCI6, STM32U535VCI6Q, STM32U535VCT6, STM32U535VCT6Q, STM32U535VEI6, STM32U535VEI6Q, STM32U535VET6, STM32U535VET6Q, STM32U545CET6, STM32U545CET6Q, STM32U545CEU6, STM32U545CEU6Q, STM32U545JEY6QTR, STM32U545NEY6QTR, STM32U545REI6, STM32U545REI6Q, STM32U545RET6, STM32U545RET6Q, STM32U545VEI6, STM32U545VEI6Q, STM32U545VET6, STM32U545VET6Q, STM32U595AIH6, STM32U595AIH6Q, STM32U595AJH6, STM32U595AJH6Q, STM32U595QII6, STM32U595QII6Q, STM32U595QJI6, STM32U595QJI6Q, STM32U595RIT6, STM32U595RIT6Q, STM32U595RJT6, STM32U595RJT6Q, STM32U595VIT6, STM32U595VIT6Q, STM32U595VJT6, STM32U595VJT6Q, STM32U595ZIT6, STM32U595ZIT6Q, STM32U595ZIY6QTR, STM32U595ZJT6, STM32U595ZJT6Q, STM32U595ZJY6QTR, STM32U599BJY6QTR, STM32U599NIH6Q, STM32U599NJH6Q, STM32U599VIT6Q, STM32U599VJT6, STM32U599VJT6Q, STM32U599ZIT6Q, STM32U599ZIY6QTR, STM32U599ZJT6Q, STM32U599ZJY6QTR, STM32U5A5AJH6, STM32U5A5AJH6Q, STM32U5A5QII3Q , STM32U5A5QJI6, STM32U5A5QJI6Q, STM32U5A5RJT6, STM32U5A5RJT6Q, STM32U5A5VJT6, STM32U5A5VJT6Q, STM32U5A5ZJT6, STM32U5A5ZJT6Q, STM32U5A5ZJY6QTR, STM32U5A9BJY6QTR, STM32U5A9J-DK, STM32U5A9NJH6Q, STM32U5A9VJT6Q, STM32U5A9ZJT6Q, STM32U5A9ZJY6QTR, STM32U5F7VIT6, STM32U5F7VIT6Q, STM32U5F7VJT6, STM32U5F7VJT6Q, STM32U5F9BJY6QTR, STM32U5F9NJH6Q, STM32U5F9VIT6Q, STM32U5F9VJT6Q, STM32U5F9ZIJ6QTR, STM32U5F9ZIT6Q, STM32U5F9ZJJ6QTR, STM32U5F9ZJT6Q, STM32U5G7VJT6, STM32U5G7VJT6Q, STM32U5G9BJY6QTR, STM32U5G9J-DK1, STM32U5G9J-DK2, STM32U5G9NJH6Q, STM32U5G9VJT6Q, STM32U5G9ZJJ6QTR, STM32U5G9ZJT6Q, STM32WB05KZV6TR, STM32WB05KZV7TR, STM32WB05TZF6TR, STM32WB05TZF7TR, STM32WB06CCF6TR, STM32WB06CCF7TR, STM32WB06CCV6TR, STM32WB06CCV7TR, STM32WB06KCV6TR, STM32WB06KCV7TR, STM32WB07CCF6TR, STM32WB07CCF7TR, STM32WB07CCV6TR, STM32WB07CCV7TR, STM32WB07KCV6TR, STM32WB07KCV7TR, STM32WB09KEV6TR, STM32WB09KEV7TR, STM32WB09TEF6TR, STM32WB09TEF7TR, STM32WB1MMCH6, STM32WBA50KGU6, STM32WBA50KGU6TR, STM32WBA52CEU6, STM32WBA52CEU6TR, STM32WBA52CEU7, STM32WBA52CEU7TR, STM32WBA52CGU6, STM32WBA52CGU6TR, STM32WBA52CGU6U, STM32WBA52CGU7, STM32WBA52CGU7TR, STM32WBA52KEU6, STM32WBA52KEU6TR, STM32WBA52KGU6, STM32WBA52KGU6TR, STM32WBA54CEU6, STM32WBA54CEU6TR, STM32WBA54CEU7, STM32WBA54CEU7TR, STM32WBA54CGU6, STM32WBA54CGU6TR, STM32WBA54CGU7, STM32WBA54CGU7TR, STM32WBA54KEU6, STM32WBA54KEU6TR, STM32WBA54KEU7, STM32WBA54KEU7TR, STM32WBA54KGU6, STM32WBA54KGU6TR, STM32WBA54KGU7, STM32WBA54KGU7TR, STM32WBA55CEU6, STM32WBA55CEU6TR, STM32WBA55CEU7, STM32WBA55CEU7TR, STM32WBA55CGU6, STM32WBA55CGU6TR, STM32WBA55CGU6U, STM32WBA55CGU7, STM32WBA55CGU7TR, STM32WBA55G-DK1, STM32WBA55HEF6, STM32WBA55HEF7, STM32WBA55HGF6, STM32WBA55HGF7, STM32WBA55UEI6, STM32WBA55UEI6TR, STM32WBA55UEI7, STM32WBA55UEI7TR, STM32WBA55UGI6, STM32WBA55UGI6TR, STM32WBA55UGI7, STM32WBA55UGI7TR, STM32WBA5MMGH6TR, STM32WBA62MGF6, STM32WBA62MIF6, STM32WBA65MGF7, STM32WBA65MIF6, STM32WBA65MIF7, STM32WL30K8V6, STM32WL30KBV6, STM32WL31C8V6, STM32WL31CBV6, STM32WL31K8V6, STM32WL31KBV6, STM32WL33C8V6, STM32WL33C8V6X, STM32WL33CBV6, STM32WL33CBV6X, STM32WL33CCV6, STM32WL33CCV6A, STM32WL33CCV6X, STM32WL33K8V7, STM32WL33K8V7X, STM32WL33KBV7 , STM32WL33KBV7X, STM32WL33KCV7, STM32WL33KCV7X, STM32WL5MOCH6, STM32WL5MOCH6TR]
2025-09-16 07:15:08,185 [INFO] BoardInfo:889 - No configuration file found for board P-NUCLEO-WB55
2025-09-16 07:15:08,186 [INFO] DbBoards:161 - Kit is not supported: P-NUCLEO-WB55
2025-09-16 07:15:08,196 [INFO] BoardInfo:889 - No configuration file found for board STEVAL-BFA001V1B
2025-09-16 07:15:08,196 [INFO] DbBoards:161 - Kit is not supported: STEVAL-BFA001V1B
2025-09-16 07:15:08,199 [INFO] BoardInfo:889 - No configuration file found for board STEVAL-BFA001V2B
2025-09-16 07:15:08,199 [INFO] DbBoards:161 - Kit is not supported: STEVAL-BFA001V2B
2025-09-16 07:15:08,391 [INFO] DbBoards:168 - Found 212 boards, 209 are supported
2025-09-16 07:15:08,391 [INFO] DbBoards:169 - Found 212 boards, 43 of them is supported for  Bsp
2025-09-16 07:15:08,397 [INFO] ApiDb:668 - CubeFinder database Data Model version=2.1
2025-09-16 07:15:08,397 [INFO] ApiDb:669 - CubeFinder database Configuration version=3.0.39
2025-09-16 07:15:08,397 [INFO] ApiDb:670 - CubeFinder database generation date=2025-07-24 (1753349077)
2025-09-16 07:15:08,398 [INFO] ApiDb:671 - CubeFinder database FW Pack versions=[FP-ATR-ASTRA1_V2.0.0, FP-SNS-FLIGHT1_V5.1.0, FP-SNS-MOTENV1_V5.0.0, FP-SNS-MOTENVWB1_V1.4.0, FP-SNS-SMARTAG2_V1.2.0, FP-SNS-STBOX1_V2.0.0, STM32Cube_FW_C0_V1.4.0, STM32Cube_FW_F4_V1.28.2, STM32Cube_FW_F7_V1.17.3, STM32Cube_FW_G0_V1.6.2, STM32Cube_FW_G4_V1.6.1, STM32Cube_FW_H5_V1.5.0, STM32Cube_FW_H7RS_V1.2.0, STM32Cube_FW_H7_V1.12.1, STM32Cube_FW_L0_V1.12.2, STM32Cube_FW_L4_V1.18.1, STM32Cube_FW_L5_V1.5.1, STM32Cube_FW_N6_V1.2.0, STM32Cube_FW_U0_V1.3.0, STM32Cube_FW_U3_V1.2.0, STM32Cube_FW_U5_V1.8.0, STM32Cube_FW_WB0_V1.3.0, STM32Cube_FW_WBA_V1.7.0, STM32Cube_FW_WB_V1.23.0, STM32Cube_FW_WL3_V1.2.0, STM32Cube_FW_WL_V1.3.1, X-CUBE-ALGOBUILD_V1.4.0, X-CUBE-ALS_V1.0.2, X-CUBE-AZRTOS-F4_V1.1.0, X-CUBE-AZRTOS-F7_V1.1.0, X-CUBE-AZRTOS-G0_V1.1.0, X-CUBE-AZRTOS-G4_V2.0.0, X-CUBE-AZRTOS-H7RS_V1.1.0, X-CUBE-AZRTOS-H7_V3.4.0, X-CUBE-AZRTOS-L4_V2.0.0, X-CUBE-AZRTOS-L5_V2.0.0, X-CUBE-AZRTOS-WB_V2.0.0, X-CUBE-AZRTOS-WL_V2.0.0, X-CUBE-BLE1_V7.1.0, X-CUBE-BLE2_V3.3.0, X-CUBE-BLEMGR_V4.1.0, X-CUBE-EEPRMA1_V5.2.0, X-CUBE-FREERTOS_V1.3.1, X-CUBE-GNSS1_V6.0.0, X-CUBE-MEMS1_V11.3.0, X-CUBE-NFC4_V3.0.0, X-CUBE-NFC7_V2.0.0, X-CUBE-SFXS2LP1_V4.0.0, X-CUBE-ST67W61_V1.0.0, X-CUBE-SUBG2_V5.0.0, X-CUBE-TOF1_V3.4.3]
2025-09-16 07:15:10,243 [ERROR] LogOutputStream:75 - [STDERR_REDIRECT] Sep 16, 2025 7:15:10 AM java.util.prefs.FileSystemPreferences checkLockFile0ErrorCode
2025-09-16 07:15:10,244 [ERROR] LogOutputStream:75 - [STDERR_REDIRECT] WARNING: Could not lock System prefs. Unix error code 2.
2025-09-16 07:15:10,244 [ERROR] LogOutputStream:75 - [STDERR_REDIRECT] 
2025-09-16 07:15:10,244 [ERROR] LogOutputStream:75 - [STDERR_REDIRECT] Sep 16, 2025 7:15:10 AM java.util.prefs.FileSystemPreferences syncWorld
2025-09-16 07:15:10,245 [ERROR] LogOutputStream:75 - [STDERR_REDIRECT] WARNING: Couldn't flush system prefs: java.util.prefs.BackingStoreException: Couldn't get file lock.
2025-09-16 07:15:10,245 [ERROR] LogOutputStream:75 - [STDERR_REDIRECT] 
2025-09-16 07:15:13,496 [INFO] ApiDb:240 - Found 880 in-development CPN: [B-G473E-ZEST1S, B-WB1M-WPAN1, B-WBA5M-WPAN, B-WL5M-SUBG1, NUCLEO-C031C6, NUCLEO-C051C8, NUCLEO-C071RB, NUCLEO-C092RC, NUCLEO-H503RB, NUCLEO-H533RE, NUCLEO-H563ZI, NUCLEO-H7S3L8, NUCLEO-N657X0-Q, NUCLEO-U031R8, NUCLEO-U083RC, NUCLEO-U385RG-Q, NUCLEO-U545RE-Q, NUCLEO-U5A5ZJ-Q, NUCLEO-WB05KZ, NUCLEO-WB07CC, NUCLEO-WB09KE, NUCLEO-WBA52CG, NUCLEO-WBA55CG, NUCLEO-WL33CC1, NUCLEO-WL33CC2, STEVAL-PROTEUS1, STEVAL-SMARTAG2, STEVAL-STWINBX1, STM320518-EVAL, STM32C0116-DK, STM32C011D6Y3TR, STM32C011D6Y6TR, STM32C011F4P3, STM32C011F4P6, STM32C011F4U3, STM32C011F4U6TR, STM32C011F6P3, STM32C011F6P6, STM32C011F6U3, STM32C011F6U6TR, STM32C011J4M3, STM32C011J4M6, STM32C011J6M3, STM32C011J6M6, STM32C0316-DK, STM32C031C4T3, STM32C031C4T6, STM32C031C4U3, STM32C031C4U6, STM32C031C6T3, STM32C031C6T6, STM32C031C6U3, STM32C031C6U6, STM32C031F4P3, STM32C031F4P6, STM32C031F6P3, STM32C031F6P6, STM32C031G4U3, STM32C031G4U6, STM32C031G6U3, STM32C031G6U6, STM32C031K4T3, STM32C031K4T6, STM32C031K4U3, STM32C031K4U6, STM32C031K6T3, STM32C031K6T6, STM32C031K6U3, STM32C031K6U6, STM32C051C6T6, STM32C051C6U6, STM32C051C8T6, STM32C051C8U6, STM32C051D8Y6TR, STM32C051F6P6, STM32C051F8P6, STM32C051G6U6, STM32C051G8U6, STM32C051K6T6, STM32C051K6U6, STM32C051K8T6, STM32C071C8T6, STM32C071C8T6N, STM32C071C8U6, STM32C071C8U6N, STM32C071CBT6, STM32C071CBT6N, STM32C071CBU6, STM32C071CBU6N, STM32C071F8P6, STM32C071F8P6N, STM32C071FBP6, STM32C071FBP6N, STM32C071FBY6TR, STM32C071G8U6, STM32C071G8U6N, STM32C071GBU6, STM32C071GBU6N, STM32C071K8T6, STM32C071K8T6N, STM32C071K8U6, STM32C071K8U6N, STM32C071KBT6, STM32C071KBT6N, STM32C071KBU6, STM32C071KBU6N, STM32C071R8T6, STM32C071R8T6N, STM32C071RBI6N, STM32C071RBT6, STM32C071RBT6N, STM32C091CBT6, STM32C091CBU6, STM32C091CCT6, STM32C091CCU6, STM32C091ECY6TR, STM32C091FBP6, STM32C091FCP6, STM32C091GBU6, STM32C091GCU6, STM32C091KBT6, STM32C091KBU6, STM32C091KCT6, STM32C091KCU6, STM32C091RBT6, STM32C091RCI6, STM32C091RCT6, STM32C092CBT6, STM32C092CBU6, STM32C092CCT6, STM32C092CCU6, STM32C092ECY6TR, STM32C092FBP6, STM32C092FCP6, STM32C092GBU6, STM32C092GCU6, STM32C092KBT6, STM32C092KBU6, STM32C092KCT6, STM32C092KCU6, STM32C092RBT6, STM32C092RCI6, STM32C092RCT6, STM32G071K8TXN, STM32G071K8UXN, STM32G081GBU6N, STM32G081KBT6N, STM32G081KBUXN, STM32G0B1CCT6N, STM32G0B1KCT6, STM32G0B1NEY6TR, STM32G0B1RCT6N, STM32G0C1CCT6, STM32G0C1CCT6N, STM32G0C1CCU6N, STM32G0C1CET6N, STM32G0C1CEU6N, STM32G0C1KCT6, STM32G0C1NEY6TR, STM32G0C1RCI6N, STM32G0C1RCT6N, STM32G0C1REI6N, STM32G0C1RET6N, STM32G0C1VCI6, STM32G0C1VEI6, STM32G411C6T3, STM32G411C6T6, STM32G411C6U3, STM32G411C6U6, STM32G411C8T3, STM32G411C8T6, STM32G411C8U3, STM32G411C8U6, STM32G411CBT3, STM32G411CBT6, STM32G411CBU3, STM32G411CBU6, STM32G411K6T3, STM32G411K6T6, STM32G411K6U3, STM32G411K6U6, STM32G411K8T3, STM32G411K8T6, STM32G411K8U3, STM32G411K8U6, STM32G411KBT3, STM32G411KBT6, STM32G411KBU3, STM32G411KBU6, STM32G411M6T3, STM32G411M6T6, STM32G411M8T3, STM32G411M8T6, STM32G411MBT3, STM32G411MBT6, STM32G411R6T3, STM32G411R6T6, STM32G411R8T3, STM32G411R8T6, STM32G411RBT3, STM32G411RBT6, STM32G414CBT3, STM32G414CBT6, STM32G414CBU3, STM32G414CBU6, STM32G414CCT3, STM32G414CCT6, STM32G414CCU3, STM32G414CCU6, STM32G414MBT3, STM32G414MBT6, STM32G414MCT3, STM32G414MCT6, STM32G414RBT3, STM32G414RBT6, STM32G414RCT3, STM32G414RCT6, STM32G414VBT3, STM32G414VBT6, STM32G414VCT3, STM32G414VCT6, STM32G431CBT3Z, STM32G431RBT3Z, STM32G471CCT6, STM32G471CCU6, STM32G471CET3, STM32G471CET6, STM32G471CEU3, STM32G471CEU6, STM32G471MCT6, STM32G471MET3, STM32G471MET6, STM32G471MEY6TR, STM32G471QCT6, STM32G471QET3, STM32G471RCT6, STM32G471RET3, STM32G471RET6, STM32G471VCH6, STM32G471VCI6, STM32G471VCT6, STM32G471VEH3, STM32G471VEH6, STM32G471VEI3, STM32G471VEI6, STM32G471VET3, STM32G471VET6, STM32G473QET3Z, STM32G473RET3Z, STM32G474CCT6, STM32G491RET3Z, STM32H503CBT6, STM32H503CBU6, STM32H503EBY6TR, STM32H503KBU6, STM32H503RBT6, STM32H523CCT6, STM32H523CCU6, STM32H523CET6, STM32H523CEU6, STM32H523HEY6TR, STM32H523RCT6, STM32H523RET6, STM32H523VCI6, STM32H523VCT6, STM32H523VEI6, STM32H523VET6, STM32H523ZCJ6, STM32H523ZCT6, STM32H523ZEJ6, STM32H523ZET6, STM32H533CET6, STM32H533CEU6, STM32H533HEY6TR, STM32H533RET6, STM32H533VEI6, STM32H533VET6, STM32H533ZEJ6, STM32H533ZET6, STM32H562AGI6, STM32H562AII6, STM32H562IGK6, STM32H562IGT6, STM32H562IIK6, STM32H562IIT6, STM32H562RGT6, STM32H562RGV6, STM32H562RIT6, STM32H562RIV6, STM32H562VGT6, STM32H562VIT6, STM32H562ZGT6, STM32H562ZIT6, STM32H563AGI6, STM32H563AII3Q, STM32H563AII6, STM32H563IGK6, STM32H563IGT6, STM32H563IIK3Q, STM32H563IIK6, STM32H563IIT3Q, STM32H563IIT6, STM32H563MIY3QTR, STM32H563RGT6, STM32H563RGV6, STM32H563RIT6, STM32H563RIV6, STM32H563VGT6, STM32H563VIT3Q, STM32H563VIT6, STM32H563ZGT6, STM32H563ZIT3Q, STM32H563ZIT6, STM32H573AII3Q, STM32H573AII6, STM32H573I-DK, STM32H573IIK3Q, STM32H573IIK6, STM32H573IIT3Q, STM32H573IIT6, STM32H573MIY3QTR, STM32H573RIT6, STM32H573RIV6, STM32H573VIT3Q, STM32H573VIT6, STM32H573ZIT3Q, STM32H573ZIT6, STM32H7R3A8I6, STM32H7R3I8K6, STM32H7R3I8T6, STM32H7R3L8H6, STM32H7R3L8H6H, STM32H7R3R8V6, STM32H7R3V8H6, STM32H7R3V8T6, STM32H7R3V8Y6TR, STM32H7R3Z8J6, STM32H7R3Z8T6, STM32H7R7A8I6, STM32H7R7I8K6, STM32H7R7I8T6, STM32H7R7L8H6, STM32H7R7L8H6H, STM32H7R7Z8J6, STM32H7S3A8I6, STM32H7S3I8K6, STM32H7S3I8T6, STM32H7S3L8H6, STM32H7S3L8H6H, STM32H7S3R8V6, STM32H7S3V8H6, STM32H7S3V8T6, STM32H7S3V8Y6TR, STM32H7S3Z8J6, STM32H7S3Z8T6, STM32H7S78-DK, STM32H7S7A8I6, STM32H7S7I8K6, STM32H7S7I8T6, STM32H7S7L8H6, STM32H7S7L8H6H, STM32H7S7Z8J6, STM32L4R5QGI6STR, STM32MP131AAE3, STM32MP131AAF3, STM32MP131AAG3, STM32MP131CAE3, STM32MP131CAF3, STM32MP131CAG3, STM32MP131DAE7, STM32MP131DAF7, STM32MP131DAG7, STM32MP131FAE7, STM32MP131FAF7, STM32MP131FAG7, STM32MP133AAE3, STM32MP133AAF3, STM32MP133AAG3, STM32MP133CAE3, STM32MP133CAF3, STM32MP133CAG3, STM32MP133DAE7, STM32MP133DAF7, STM32MP133DAG7, STM32MP133FAE7, STM32MP133FAF7, STM32MP133FAG7, STM32MP135AAE3, STM32MP135AAF3, STM32MP135AAG3, STM32MP135CAE3, STM32MP135CAF3, STM32MP135CAG3, STM32MP135DAE7, STM32MP135DAF7, STM32MP135DAG7, STM32MP135F-DK, STM32MP135FAE7, STM32MP135FAF7, STM32MP135FAF7T, STM32MP135FAF7U, STM32MP135FAG7, STM32MP211AAL3, STM32MP211AAM3, STM32MP211AAN3, STM32MP211AAO3, STM32MP211CAL3, STM32MP211CAM3, STM32MP211CAN3, STM32MP211CAO3, STM32MP211DAL3, STM32MP211DAM3, STM32MP211DAN3, STM32MP211DAO3, STM32MP211FAL3, STM32MP211FAM3, STM32MP211FAN3, STM32MP211FAO3, STM32MP213AAL3, STM32MP213AAM3, STM32MP213AAN3, STM32MP213AAO3, STM32MP213CAL3, STM32MP213CAM3, STM32MP213CAN3, STM32MP213CAO3, STM32MP213DAL3, STM32MP213DAM3, STM32MP213DAN3, STM32MP213DAO3, STM32MP213FAL3, STM32MP213FAM3, STM32MP213FAN3, STM32MP213FAO3, STM32MP215AAL3, STM32MP215AAM3, STM32MP215AAN3, STM32MP215AAO3, STM32MP215CAL3, STM32MP215CAM3, STM32MP215CAN3, STM32MP215CAO3, STM32MP215DAL3, STM32MP215DAM3, STM32MP215DAN3, STM32MP215DAO3, STM32MP215F-DK, STM32MP215FAL3, STM32MP215FAM3, STM32MP215FAN3, STM32MP215FAO3, STM32MP231AAJ3, STM32MP231AAK3, STM32MP231AAL3, STM32MP231CAJ3, STM32MP231CAK3, STM32MP231CAL3, STM32MP231DAJ3, STM32MP231DAK3, STM32MP231DAL3, STM32MP231FAJ3, STM32MP231FAK3, STM32MP231FAL3, STM32MP233AAJ3, STM32MP233AAK3, STM32MP233AAL3, STM32MP233CAJ3, STM32MP233CAK3, STM32MP233CAL3, STM32MP233DAJ3, STM32MP233DAK3, STM32MP233DAL3, STM32MP233FAJ3, STM32MP233FAK3, STM32MP233FAL3, STM32MP235AAJ3, STM32MP235AAK3, STM32MP235AAL3, STM32MP235CAJ3, STM32MP235CAK3, STM32MP235CAL3, STM32MP235DAJ3, STM32MP235DAK3, STM32MP235DAL3, STM32MP235FAJ3, STM32MP235FAK3, STM32MP235FAL3, STM32MP251AAI3, STM32MP251AAK3, STM32MP251AAL3, STM32MP251CAI3, STM32MP251CAK3, STM32MP251CAL3, STM32MP251DAI3, STM32MP251DAK3, STM32MP251DAL3, STM32MP251FAI3, STM32MP251FAK3, STM32MP251FAL3, STM32MP253AAI3, STM32MP253AAK3, STM32MP253AAL3, STM32MP253CAI3, STM32MP253CAK3, STM32MP253CAL3, STM32MP253DAI3, STM32MP253DAK3, STM32MP253DAL3, STM32MP253FAI3, STM32MP253FAK3, STM32MP253FAL3, STM32MP255AAI3, STM32MP255AAK3, STM32MP255AAL3, STM32MP255CAI3, STM32MP255CAK3, STM32MP255CAL3, STM32MP255DAI3, STM32MP255DAK3, STM32MP255DAL3, STM32MP255FAI3, STM32MP255FAK3, STM32MP255FAL3, STM32MP257AAI3, STM32MP257AAK3, STM32MP257AAL3, STM32MP257CAI3, STM32MP257CAK3, STM32MP257CAL3, STM32MP257DAI3, STM32MP257DAK3, STM32MP257DAL3, STM32MP257F-DK, STM32MP257F-EV1, STM32MP257FAI3, STM32MP257FAK3, STM32MP257FAL3, STM32N645A0H3Q, STM32N645B0H3Q, STM32N645I0H3Q, STM32N645L0H3Q, STM32N645X0H3Q, STM32N645Z0H3Q, STM32N647A0H3Q, STM32N647B0H3Q, STM32N647I0H3Q, STM32N647L0H3Q, STM32N647X0H3Q, STM32N647Z0H3Q, STM32N655A0H3Q, STM32N655B0H3Q, STM32N655I0H3Q, STM32N655L0H3Q, STM32N655X0H3Q, STM32N655Z0H3Q, STM32N6570-DK, STM32N657A0H3Q, STM32N657B0H3Q, STM32N657I0H3Q, STM32N657L0H3Q, STM32N657X0H3Q, STM32N657Z0H3Q, STM32U031C6T6, STM32U031C6U6, STM32U031C8T6, STM32U031C8U6, STM32U031F4P6, STM32U031F6P6, STM32U031F8P6, STM32U031G6Y6TR, STM32U031G8Y6TR, STM32U031K4U6, STM32U031K6U6, STM32U031K8U6, STM32U031R6I6, STM32U031R6T6, STM32U031R8I6, STM32U031R8T6, STM32U073C8T6, STM32U073C8U6, STM32U073CBT6, STM32U073CBU6, STM32U073CCT6, STM32U073CCU6, STM32U073H8Y6TR, STM32U073HBY6TR, STM32U073HCY6TR, STM32U073K8U6, STM32U073KBU6, STM32U073KCU6, STM32U073M8I6, STM32U073M8T6, STM32U073MBI6, STM32U073MBT6, STM32U073MCI6, STM32U073MCT6, STM32U073R8I6, STM32U073R8T6, STM32U073RBI6, STM32U073RBT6, STM32U073RCI6, STM32U073RCT6, STM32U083C-DK, STM32U083CCT6, STM32U083CCU6, STM32U083HCY6TR, STM32U083KCU6, STM32U083MCI6, STM32U083MCT6, STM32U083RCI6, STM32U083RCT6, STM32U375CET6, STM32U375CET6Q, STM32U375CEU6, STM32U375CEU6Q, STM32U375CEY6QTR, STM32U375CGT6, STM32U375CGT6Q, STM32U375CGU6, STM32U375CGU6Q, STM32U375CGY6QTR, STM32U375KEU6, STM32U375KGU6, STM32U375REI6, STM32U375REI6Q, STM32U375RET6, STM32U375RET6Q, STM32U375REY6GTR, STM32U375REY6QTR, STM32U375RGI6, STM32U375RGI6Q, STM32U375RGT6, STM32U375RGT6Q, STM32U375RGY6GTR, STM32U375RGY6QTR, STM32U375VEI6, STM32U375VEI6Q, STM32U375VET6, STM32U375VET6Q, STM32U375VGI6, STM32U375VGI6Q, STM32U375VGT6, STM32U375VGT6Q, STM32U385CGT6, STM32U385CGT6Q, STM32U385CGU6, STM32U385CGU6Q, STM32U385CGY6QTR, STM32U385KGU6, STM32U385RGI6, STM32U385RGI6Q, STM32U385RGT6, STM32U385RGT6Q, STM32U385RGY6GTR, STM32U385RGY6QTR, STM32U385VGI6, STM32U385VGI6Q, STM32U385VGT6, STM32U385VGT6Q, STM32U535CBT6, STM32U535CBT6Q, STM32U535CBU6, STM32U535CBU6Q, STM32U535CCT6, STM32U535CCT6Q, STM32U535CCU6, STM32U535CCU6Q, STM32U535CET6, STM32U535CET6Q, STM32U535CEU6, STM32U535CEU6Q, STM32U535JEY6QTR, STM32U535NCY6QTR, STM32U535NEY6QTR, STM32U535RBI6, STM32U535RBI6Q, STM32U535RBT6, STM32U535RBT6Q, STM32U535RCI6, STM32U535RCI6Q, STM32U535RCT6, STM32U535RCT6Q, STM32U535REI6, STM32U535REI6Q, STM32U535RET6, STM32U535RET6Q, STM32U535VCI6, STM32U535VCI6Q, STM32U535VCT6, STM32U535VCT6Q, STM32U535VEI6, STM32U535VEI6Q, STM32U535VET6, STM32U535VET6Q, STM32U545CET6, STM32U545CET6Q, STM32U545CEU6, STM32U545CEU6Q, STM32U545JEY6QTR, STM32U545NEY6QTR, STM32U545REI6, STM32U545REI6Q, STM32U545RET6, STM32U545RET6Q, STM32U545VEI6, STM32U545VEI6Q, STM32U545VET6, STM32U545VET6Q, STM32U595AIH6, STM32U595AIH6Q, STM32U595AJH6, STM32U595AJH6Q, STM32U595QII6, STM32U595QII6Q, STM32U595QJI6, STM32U595QJI6Q, STM32U595RIT6, STM32U595RIT6Q, STM32U595RJT6, STM32U595RJT6Q, STM32U595VIT6, STM32U595VIT6Q, STM32U595VJT6, STM32U595VJT6Q, STM32U595ZIT6, STM32U595ZIT6Q, STM32U595ZIY6QTR, STM32U595ZJT6, STM32U595ZJT6Q, STM32U595ZJY6QTR, STM32U599BJY6QTR, STM32U599NIH6Q, STM32U599NJH6Q, STM32U599VIT6Q, STM32U599VJT6, STM32U599VJT6Q, STM32U599ZIT6Q, STM32U599ZIY6QTR, STM32U599ZJT6Q, STM32U599ZJY6QTR, STM32U5A5AJH6, STM32U5A5AJH6Q, STM32U5A5QII3Q , STM32U5A5QJI6, STM32U5A5QJI6Q, STM32U5A5RJT6, STM32U5A5RJT6Q, STM32U5A5VJT6, STM32U5A5VJT6Q, STM32U5A5ZJT6, STM32U5A5ZJT6Q, STM32U5A5ZJY6QTR, STM32U5A9BJY6QTR, STM32U5A9J-DK, STM32U5A9NJH6Q, STM32U5A9VJT6Q, STM32U5A9ZJT6Q, STM32U5A9ZJY6QTR, STM32U5F7VIT6, STM32U5F7VIT6Q, STM32U5F7VJT6, STM32U5F7VJT6Q, STM32U5F9BJY6QTR, STM32U5F9NJH6Q, STM32U5F9VIT6Q, STM32U5F9VJT6Q, STM32U5F9ZIJ6QTR, STM32U5F9ZIT6Q, STM32U5F9ZJJ6QTR, STM32U5F9ZJT6Q, STM32U5G7VJT6, STM32U5G7VJT6Q, STM32U5G9BJY6QTR, STM32U5G9J-DK1, STM32U5G9J-DK2, STM32U5G9NJH6Q, STM32U5G9VJT6Q, STM32U5G9ZJJ6QTR, STM32U5G9ZJT6Q, STM32WB05KZV6TR, STM32WB05KZV7TR, STM32WB05TZF6TR, STM32WB05TZF7TR, STM32WB06CCF6TR, STM32WB06CCF7TR, STM32WB06CCV6TR, STM32WB06CCV7TR, STM32WB06KCV6TR, STM32WB06KCV7TR, STM32WB07CCF6TR, STM32WB07CCF7TR, STM32WB07CCV6TR, STM32WB07CCV7TR, STM32WB07KCV6TR, STM32WB07KCV7TR, STM32WB09KEV6TR, STM32WB09KEV7TR, STM32WB09TEF6TR, STM32WB09TEF7TR, STM32WB1MMCH6, STM32WBA50KGU6, STM32WBA50KGU6TR, STM32WBA52CEU6, STM32WBA52CEU6TR, STM32WBA52CEU7, STM32WBA52CEU7TR, STM32WBA52CGU6, STM32WBA52CGU6TR, STM32WBA52CGU6U, STM32WBA52CGU7, STM32WBA52CGU7TR, STM32WBA52KEU6, STM32WBA52KEU6TR, STM32WBA52KGU6, STM32WBA52KGU6TR, STM32WBA54CEU6, STM32WBA54CEU6TR, STM32WBA54CEU7, STM32WBA54CEU7TR, STM32WBA54CGU6, STM32WBA54CGU6TR, STM32WBA54CGU7, STM32WBA54CGU7TR, STM32WBA54KEU6, STM32WBA54KEU6TR, STM32WBA54KEU7, STM32WBA54KEU7TR, STM32WBA54KGU6, STM32WBA54KGU6TR, STM32WBA54KGU7, STM32WBA54KGU7TR, STM32WBA55CEU6, STM32WBA55CEU6TR, STM32WBA55CEU7, STM32WBA55CEU7TR, STM32WBA55CGU6, STM32WBA55CGU6TR, STM32WBA55CGU6U, STM32WBA55CGU7, STM32WBA55CGU7TR, STM32WBA55G-DK1, STM32WBA55HEF6, STM32WBA55HEF7, STM32WBA55HGF6, STM32WBA55HGF7, STM32WBA55UEI6, STM32WBA55UEI6TR, STM32WBA55UEI7, STM32WBA55UEI7TR, STM32WBA55UGI6, STM32WBA55UGI6TR, STM32WBA55UGI7, STM32WBA55UGI7TR, STM32WBA5MMGH6TR, STM32WBA62MGF6, STM32WBA62MIF6, STM32WBA65MGF7, STM32WBA65MIF6, STM32WBA65MIF7, STM32WL30K8V6, STM32WL30KBV6, STM32WL31C8V6, STM32WL31CBV6, STM32WL31K8V6, STM32WL31KBV6, STM32WL33C8V6, STM32WL33C8V6X, STM32WL33CBV6, STM32WL33CBV6X, STM32WL33CCV6, STM32WL33CCV6A, STM32WL33CCV6X, STM32WL33K8V7, STM32WL33K8V7X, STM32WL33KBV7 , STM32WL33KBV7X, STM32WL33KCV7, STM32WL33KCV7X, STM32WL5MOCH6, STM32WL5MOCH6TR]
2025-09-16 07:15:13,503 [INFO] DbMcus:218 - Found 4801 MCUs, 4801 are supported
2025-09-16 07:15:13,516 [INFO] ApiDb:423 - Load user favorites file /home/tomas1908/.stm32cubeide/favorites.mcus.txt: 2 item(s)
2025-09-16 07:15:13,516 [INFO] ApiDb:427 - User favorites MCUs=[STM32F103C8T6, STM32F446RET6]
2025-09-16 07:15:13,516 [INFO] DbMcus:224 - Set 2 / 2 favorites MCUs
2025-09-16 07:15:14,359 [INFO] ApiDb:414 - User favorites file not found: /home/tomas1908/.stm32cubeide/favorites.boards.txt
2025-09-16 07:15:14,359 [INFO] DbBoards:198 - Set 0 / 0 favorites Boards
2025-09-16 07:15:14,423 [INFO] UtilMem:75 - End LoadConfig() Used Memory: 315617048 Bytes (413138944)
2025-09-16 07:15:14,658 [WARN] ThirdParty:833 - waiting for thirdparty lock release [change project]
2025-09-16 07:15:14,659 [INFO] ThirdParty:835 - entering critical section [change project]
2025-09-16 07:15:14,659 [INFO] ThirdParty:1030 - CMSIS Pack Vendor :STMicroelectronics X-CUBE-PM33A1 1.0.0
2025-09-16 07:15:14,659 [INFO] ThirdParty:1030 - CMSIS Pack Vendor :STMicroelectronics USBPD 4.1
2025-09-16 07:15:14,659 [INFO] ThirdParty:1030 - CMSIS Pack Vendor :STMicroelectronics X-CUBE-NFC9 1.0.0
2025-09-16 07:15:14,659 [INFO] ThirdParty:1030 - CMSIS Pack Vendor :STMicroelectronics USB_HOST 2.0.0
2025-09-16 07:15:14,659 [INFO] ThirdParty:1030 - CMSIS Pack Vendor :STMicroelectronics FP-SNS-MOTENVWB1 1.4.0
2025-09-16 07:15:14,659 [INFO] ThirdParty:1030 - CMSIS Pack Vendor :STMicroelectronics X-CUBE-AZRTOS-F4 1.1.0
2025-09-16 07:15:14,660 [INFO] ThirdParty:1030 - CMSIS Pack Vendor :STMicroelectronics LIBJPEG 8.0.0
2025-09-16 07:15:14,660 [INFO] ThirdParty:1030 - CMSIS Pack Vendor :STMicroelectronics FP-ATR-ASTRA1 2.0.2
2025-09-16 07:15:14,660 [INFO] ThirdParty:1030 - CMSIS Pack Vendor :STMicroelectronics X-CUBE-BLE1 7.1.0
2025-09-16 07:15:14,660 [INFO] ThirdParty:1030 - CMSIS Pack Vendor :Avnet-IotConnect X-CUBE-IoTC-DA16k-PMOD 1.0.0
2025-09-16 07:15:14,660 [INFO] ThirdParty:1030 - CMSIS Pack Vendor :STMicroelectronics X-CUBE-SMBUS 2.1.0
2025-09-16 07:15:14,660 [INFO] ThirdParty:1030 - CMSIS Pack Vendor :STMicroelectronics USB_DEVICE 3.0.0
2025-09-16 07:15:14,660 [INFO] ThirdParty:1030 - CMSIS Pack Vendor :STMicroelectronics X-CUBE-ISPU 2.1.0
2025-09-16 07:15:14,660 [INFO] ThirdParty:1030 - CMSIS Pack Vendor :STMicroelectronics X-CUBE-AZRTOS-WB 2.0.0
2025-09-16 07:15:14,661 [INFO] ThirdParty:1030 - CMSIS Pack Vendor :STMicroelectronics X-CUBE-ST60 1.0.0
2025-09-16 07:15:14,661 [INFO] ThirdParty:1030 - CMSIS Pack Vendor :STMicroelectronics X-CUBE-GNSS1 7.0.1
2025-09-16 07:15:14,661 [INFO] ThirdParty:1030 - CMSIS Pack Vendor :STMicroelectronics X-CUBE-AZRTOS-F7 1.1.0
2025-09-16 07:15:14,661 [INFO] ThirdParty:1030 - CMSIS Pack Vendor :STMicroelectronics X-CUBE-AZRTOS-L5 2.0.0
2025-09-16 07:15:14,661 [INFO] ThirdParty:1030 - CMSIS Pack Vendor :STMicroelectronics X-CUBE-TOUCHGFX 4.25.0
2025-09-16 07:15:14,661 [INFO] ThirdParty:1030 - CMSIS Pack Vendor :STMicroelectronics USB_DEVICE 2.0.0
2025-09-16 07:15:14,661 [INFO] ThirdParty:1030 - CMSIS Pack Vendor :STMicroelectronics X-CUBE-NFC6 3.1.0
2025-09-16 07:15:14,661 [INFO] ThirdParty:1030 - CMSIS Pack Vendor :Cesanta I-CUBE-Mongoose 7.19.0
2025-09-16 07:15:14,661 [INFO] ThirdParty:1030 - CMSIS Pack Vendor :quantropi X-CUBE-qispace-sdk-base 2.1.0
2025-09-16 07:15:14,661 [INFO] ThirdParty:1030 - CMSIS Pack Vendor :STMicroelectronics FreeRTOS 0.0.1
2025-09-16 07:15:14,661 [INFO] ThirdParty:1030 - CMSIS Pack Vendor :STMicroelectronics X-CUBE-AZRTOS-G0 1.1.0
2025-09-16 07:15:14,661 [INFO] ThirdParty:1030 - CMSIS Pack Vendor :STMicroelectronics X-CUBE-SAFEA1 1.2.2
2025-09-16 07:15:14,661 [INFO] ThirdParty:1030 - CMSIS Pack Vendor :STMicroelectronics X-CUBE-NFC4 3.0.0
2025-09-16 07:15:14,662 [INFO] ThirdParty:1030 - CMSIS Pack Vendor :STMicroelectronics X-CUBE-SUBG2 5.0.0
2025-09-16 07:15:14,662 [INFO] ThirdParty:1030 - CMSIS Pack Vendor :STMicroelectronics X-CUBE-AZRTOS-H7RS 1.1.0
2025-09-16 07:15:14,662 [INFO] ThirdParty:1030 - CMSIS Pack Vendor :STMicroelectronics STM32_WPAN 1.0.0
2025-09-16 07:15:14,662 [INFO] ThirdParty:1030 - CMSIS Pack Vendor :EmbeddedOffice I-CUBE-FS-RTOS 1.0.1
2025-09-16 07:15:14,662 [INFO] ThirdParty:1030 - CMSIS Pack Vendor :STMicroelectronics lwIP 2.0.3
2025-09-16 07:15:14,662 [INFO] ThirdParty:1030 - CMSIS Pack Vendor :WES I-CUBE-Cesium 1.4.0
2025-09-16 07:15:14,662 [INFO] ThirdParty:1030 - CMSIS Pack Vendor :STMicroelectronics USB_HOST 1.0.0
2025-09-16 07:15:14,662 [INFO] ThirdParty:1030 - CMSIS Pack Vendor :Infineon AIROC-Wi-Fi-Bluetooth-STM32 1.7.1
2025-09-16 07:15:14,662 [INFO] ThirdParty:1030 - CMSIS Pack Vendor :STMicroelectronics X-CUBE-AZRTOS-G4 2.0.0
2025-09-16 07:15:14,662 [INFO] ThirdParty:1030 - CMSIS Pack Vendor :STMicroelectronics X-CUBE-WB05N 2.0.0
2025-09-16 07:15:14,663 [INFO] ThirdParty:1030 - CMSIS Pack Vendor :STMicroelectronics PDM2PCM 3.1.0
2025-09-16 07:15:14,663 [INFO] ThirdParty:1030 - CMSIS Pack Vendor :STMicroelectronics PDM2PCM 3.3.0
2025-09-16 07:15:14,663 [INFO] ThirdParty:1030 - CMSIS Pack Vendor :STMicroelectronics X-CUBE-DISPLAY 3.0.0
2025-09-16 07:15:14,663 [INFO] ThirdParty:1030 - CMSIS Pack Vendor :wolfSSL I-CUBE-wolfSSH 1.4.20
2025-09-16 07:15:14,663 [INFO] ThirdParty:1030 - CMSIS Pack Vendor :STMicroelectronics X-CUBE-NFC7 2.0.0
2025-09-16 07:15:14,663 [INFO] ThirdParty:1030 - CMSIS Pack Vendor :STMicroelectronics X-CUBE-TCPP 4.2.0
2025-09-16 07:15:14,663 [INFO] ThirdParty:1030 - CMSIS Pack Vendor :RealThread X-CUBE-RT-Thread_Nano 4.1.1
2025-09-16 07:15:14,663 [INFO] ThirdParty:1030 - CMSIS Pack Vendor :STMicroelectronics FP-ATR-SIGFOX1 3.2.0
2025-09-16 07:15:14,663 [INFO] ThirdParty:1030 - CMSIS Pack Vendor :STMicroelectronics X-CUBE-NFC10 1.0.0
2025-09-16 07:15:14,664 [INFO] ThirdParty:1030 - CMSIS Pack Vendor :STMicroelectronics X-CUBE-FREERTOS 1.3.1
2025-09-16 07:15:14,664 [INFO] ThirdParty:1030 - CMSIS Pack Vendor :STMicroelectronics HAL Drivers 0.0.0
2025-09-16 07:15:14,664 [INFO] ThirdParty:1030 - CMSIS Pack Vendor :STMicroelectronics MBEDTLS 2.16.2
2025-09-16 07:15:14,664 [INFO] ThirdParty:1030 - CMSIS Pack Vendor :STMicroelectronics X-CUBE-IPS 3.1.0
2025-09-16 07:15:14,664 [INFO] ThirdParty:1030 - CMSIS Pack Vendor :STMicroelectronics X-CUBE-ALS 1.0.2
2025-09-16 07:15:14,664 [INFO] ThirdParty:1030 - CMSIS Pack Vendor :emotas I-CUBE-CANOPEN 1.3.0
2025-09-16 07:15:14,664 [INFO] ThirdParty:1030 - CMSIS Pack Vendor :STMicroelectronics MBEDTLS 2.14.1
2025-09-16 07:15:14,664 [INFO] ThirdParty:1030 - CMSIS Pack Vendor :ITTIA_DB I-CUBE-ITTIADB 8.9.0
2025-09-16 07:15:14,664 [INFO] ThirdParty:1030 - CMSIS Pack Vendor :STMicroelectronics X-CUBE-ST67W61 1.0.0
2025-09-16 07:15:14,665 [INFO] ThirdParty:1030 - CMSIS Pack Vendor :STMicroelectronics ThreadX 1.0.0
2025-09-16 07:15:14,665 [INFO] ThirdParty:1030 - CMSIS Pack Vendor :STMicroelectronics FP-SNS-SMARTAG2 1.2.0
2025-09-16 07:15:14,665 [INFO] ThirdParty:1030 - CMSIS Pack Vendor :STMicroelectronics FP-SNS-FLIGHT1 5.1.0
2025-09-16 07:15:14,665 [INFO] ThirdParty:1030 - CMSIS Pack Vendor :STMicroelectronics X-CUBE-AZRTOS-WL 2.0.0
2025-09-16 07:15:14,665 [INFO] ThirdParty:1030 - CMSIS Pack Vendor :SEGGER I-CUBE-embOS 1.3.1
2025-09-16 07:15:14,665 [INFO] ThirdParty:1030 - CMSIS Pack Vendor :STMicroelectronics X-CUBE-ALGOBUILD 1.4.0
2025-09-16 07:15:14,665 [INFO] ThirdParty:1030 - CMSIS Pack Vendor :STMicroelectronics X-CUBE-DPower 1.3.0
2025-09-16 07:15:14,665 [INFO] ThirdParty:1030 - CMSIS Pack Vendor :STMicroelectronics X-CUBE-MEMS1 11.3.0
2025-09-16 07:15:14,666 [INFO] ThirdParty:1030 - CMSIS Pack Vendor :STMicroelectronics FP-SNS-MOTENV1 5.0.0
2025-09-16 07:15:14,666 [INFO] ThirdParty:1030 - CMSIS Pack Vendor :STMicroelectronics USB_DEVICE 1.0.0
2025-09-16 07:15:14,666 [INFO] ThirdParty:1030 - CMSIS Pack Vendor :STMicroelectronics X-CUBE-AZRTOS-L4 2.0.0
2025-09-16 07:15:14,666 [INFO] ThirdParty:1030 - CMSIS Pack Vendor :STMicroelectronics ThreadX 0.0.2
2025-09-16 07:15:14,666 [INFO] ThirdParty:1030 - CMSIS Pack Vendor :STMicroelectronics lwIP 2.1.2
2025-09-16 07:15:14,666 [INFO] ThirdParty:1030 - CMSIS Pack Vendor :STMicroelectronics X-CUBE-SFXS2LP1 4.0.0
2025-09-16 07:15:14,666 [INFO] ThirdParty:1030 - CMSIS Pack Vendor :STMicroelectronics X-CUBE-BLE2 3.3.0
2025-09-16 07:15:14,666 [INFO] ThirdParty:1030 - CMSIS Pack Vendor :STMicroelectronics X-CUBE-TOF1 3.4.3
2025-09-16 07:15:14,666 [INFO] ThirdParty:1030 - CMSIS Pack Vendor :STMicroelectronics PDM2PCM 3.2.0
2025-09-16 07:15:14,667 [INFO] ThirdParty:841 - exiting critical section [change project]
2025-09-16 07:15:15,550 [INFO] PinOutPanel:1589 - setPackage(No Configuration,No Configuration)
2025-09-16 07:15:15,552 [INFO] PinOutPanel:1589 - setPackage(STM32F446RETx,LQFP64)
2025-09-16 07:15:16,664 [INFO] UtilMem:75 - Before build in PCC Used Memory: 246200488 Bytes (413138944)
2025-09-16 07:15:17,709 [INFO] UtilMem:75 - After build in PCC Used Memory: 379893840 Bytes (413138944)
2025-09-16 07:15:17,791 [INFO] IPUIPlugin:80 - create IPUIPlugin
2025-09-16 07:15:17,791 [INFO] IPUIPlugin:80 - create IPUIPlugin
2025-09-16 07:15:17,791 [INFO] IPUIPlugin:80 - create IPUIPlugin
2025-09-16 07:15:17,791 [INFO] IPUIPlugin:80 - create IPUIPlugin
2025-09-16 07:15:17,791 [INFO] IPUIPlugin:80 - create IPUIPlugin
2025-09-16 07:15:17,792 [INFO] IPUIPlugin:80 - create IPUIPlugin
2025-09-16 07:15:17,792 [INFO] IPUIPlugin:80 - create IPUIPlugin
2025-09-16 07:15:17,792 [INFO] IPUIPlugin:80 - create IPUIPlugin
2025-09-16 07:15:17,792 [INFO] IPUIPlugin:80 - create IPUIPlugin
2025-09-16 07:15:17,792 [INFO] IPUIPlugin:80 - create IPUIPlugin
2025-09-16 07:15:17,792 [INFO] IPUIPlugin:80 - create IPUIPlugin
2025-09-16 07:15:17,792 [INFO] IPUIPlugin:80 - create IPUIPlugin
2025-09-16 07:15:17,793 [INFO] IPUIPlugin:80 - create IPUIPlugin
2025-09-16 07:15:17,793 [INFO] IPUIPlugin:80 - create IPUIPlugin
2025-09-16 07:15:17,793 [INFO] IPUIPlugin:80 - create IPUIPlugin
2025-09-16 07:15:17,793 [INFO] IPUIPlugin:80 - create IPUIPlugin
2025-09-16 07:15:17,793 [INFO] IPUIPlugin:80 - create IPUIPlugin
2025-09-16 07:15:17,794 [INFO] IPUIPlugin:80 - create IPUIPlugin
2025-09-16 07:15:17,794 [INFO] IPUIPlugin:80 - create IPUIPlugin
2025-09-16 07:15:17,794 [INFO] IPUIPlugin:80 - create IPUIPlugin
2025-09-16 07:15:17,795 [INFO] IPUIPlugin:80 - create IPUIPlugin
2025-09-16 07:15:17,795 [INFO] IPUIPlugin:80 - create IPUIPlugin
2025-09-16 07:15:17,795 [INFO] IPUIPlugin:80 - create IPUIPlugin
2025-09-16 07:15:17,796 [INFO] IPUIPlugin:80 - create IPUIPlugin
2025-09-16 07:15:17,796 [INFO] IPUIPlugin:80 - create IPUIPlugin
2025-09-16 07:15:17,796 [INFO] IPUIPlugin:80 - create IPUIPlugin
2025-09-16 07:15:17,797 [INFO] IPUIPlugin:80 - create IPUIPlugin
2025-09-16 07:15:17,797 [INFO] IPUIPlugin:80 - create IPUIPlugin
2025-09-16 07:15:17,797 [INFO] IPUIPlugin:80 - create IPUIPlugin
2025-09-16 07:15:17,798 [INFO] IPUIPlugin:80 - create IPUIPlugin
2025-09-16 07:15:17,798 [INFO] IPUIPlugin:80 - create IPUIPlugin
2025-09-16 07:15:17,798 [INFO] IPUIPlugin:80 - create IPUIPlugin
2025-09-16 07:15:17,799 [INFO] IPUIPlugin:80 - create IPUIPlugin
2025-09-16 07:15:17,799 [INFO] IPUIPlugin:80 - create IPUIPlugin
2025-09-16 07:15:17,799 [INFO] IPUIPlugin:80 - create IPUIPlugin
2025-09-16 07:15:17,800 [INFO] IPUIPlugin:80 - create IPUIPlugin
2025-09-16 07:15:17,800 [INFO] IPUIPlugin:80 - create IPUIPlugin
2025-09-16 07:15:17,800 [INFO] IPUIPlugin:80 - create IPUIPlugin
2025-09-16 07:15:17,800 [INFO] IPUIPlugin:80 - create IPUIPlugin
2025-09-16 07:15:17,801 [INFO] IPUIPlugin:80 - create IPUIPlugin
2025-09-16 07:15:17,801 [INFO] IPUIPlugin:80 - create IPUIPlugin
2025-09-16 07:15:17,801 [INFO] IPUIPlugin:80 - create IPUIPlugin
2025-09-16 07:15:17,802 [INFO] IPUIPlugin:80 - create IPUIPlugin
2025-09-16 07:15:17,802 [INFO] IPUIPlugin:80 - create IPUIPlugin
2025-09-16 07:15:17,802 [INFO] IPUIPlugin:80 - create IPUIPlugin
2025-09-16 07:15:17,802 [INFO] IPUIPlugin:80 - create IPUIPlugin
2025-09-16 07:15:17,803 [INFO] IPUIPlugin:80 - create IPUIPlugin
2025-09-16 07:15:17,803 [INFO] IPUIPlugin:80 - create IPUIPlugin
2025-09-16 07:15:17,803 [INFO] IPUIPlugin:80 - create IPUIPlugin
2025-09-16 07:15:17,804 [INFO] IPUIPlugin:80 - create IPUIPlugin
2025-09-16 07:15:17,804 [INFO] IPUIPlugin:80 - create IPUIPlugin
2025-09-16 07:15:17,805 [INFO] IPUIPlugin:80 - create IPUIPlugin
2025-09-16 07:15:17,805 [INFO] IPUIPlugin:80 - create IPUIPlugin
2025-09-16 07:15:17,806 [INFO] IPUIPlugin:80 - create IPUIPlugin
2025-09-16 07:15:17,806 [INFO] IPUIPlugin:80 - create IPUIPlugin
2025-09-16 07:15:17,807 [INFO] IPUIPlugin:80 - create IPUIPlugin
2025-09-16 07:15:17,807 [INFO] IPUIPlugin:80 - create IPUIPlugin
2025-09-16 07:15:17,808 [INFO] IPUIPlugin:80 - create IPUIPlugin
2025-09-16 07:15:17,808 [INFO] IPUIPlugin:80 - create IPUIPlugin
2025-09-16 07:15:17,809 [INFO] IPUIPlugin:80 - create IPUIPlugin
2025-09-16 07:15:17,868 [INFO] ApiDbMcu:532 - Load IP Config File for PDM2PCM
2025-09-16 07:15:18,194 [INFO] CADModel:165 - CPN selected for project levelSTM32F446RET6
2025-09-16 07:15:18,195 [INFO] CADModel:114 - Register for checkConnection events
2025-09-16 07:15:18,240 [INFO] OpenFileManager:386 - Restore cursor
2025-09-16 07:15:40,258 [ERROR] LogOutputStream:75 - [STDERR_REDIRECT] Sep 16, 2025 7:15:40 AM java.util.prefs.FileSystemPreferences checkLockFile0ErrorCode
2025-09-16 07:15:40,259 [ERROR] LogOutputStream:75 - [STDERR_REDIRECT] WARNING: Could not lock System prefs. Unix error code 2.
2025-09-16 07:15:40,259 [ERROR] LogOutputStream:75 - [STDERR_REDIRECT] 
2025-09-16 07:15:40,260 [ERROR] LogOutputStream:75 - [STDERR_REDIRECT] Sep 16, 2025 7:15:40 AM java.util.prefs.FileSystemPreferences syncWorld
2025-09-16 07:15:40,260 [ERROR] LogOutputStream:75 - [STDERR_REDIRECT] WARNING: Couldn't flush system prefs: java.util.prefs.BackingStoreException: Couldn't get file lock.
2025-09-16 07:15:40,260 [ERROR] LogOutputStream:75 - [STDERR_REDIRECT] 
2025-09-16 07:16:10,244 [ERROR] LogOutputStream:75 - [STDERR_REDIRECT] Sep 16, 2025 7:16:10 AM java.util.prefs.FileSystemPreferences checkLockFile0ErrorCode
2025-09-16 07:16:10,245 [ERROR] LogOutputStream:75 - [STDERR_REDIRECT] WARNING: Could not lock System prefs. Unix error code 2.
2025-09-16 07:16:10,245 [ERROR] LogOutputStream:75 - [STDERR_REDIRECT] 
2025-09-16 07:16:10,246 [ERROR] LogOutputStream:75 - [STDERR_REDIRECT] Sep 16, 2025 7:16:10 AM java.util.prefs.FileSystemPreferences syncWorld
2025-09-16 07:16:10,246 [ERROR] LogOutputStream:75 - [STDERR_REDIRECT] WARNING: Couldn't flush system prefs: java.util.prefs.BackingStoreException: Couldn't get file lock.
2025-09-16 07:16:10,246 [ERROR] LogOutputStream:75 - [STDERR_REDIRECT] 
2025-09-16 07:16:40,244 [ERROR] LogOutputStream:75 - [STDERR_REDIRECT] Sep 16, 2025 7:16:40 AM java.util.prefs.FileSystemPreferences checkLockFile0ErrorCode
2025-09-16 07:16:40,244 [ERROR] LogOutputStream:75 - [STDERR_REDIRECT] WARNING: Could not lock System prefs. Unix error code 2.
2025-09-16 07:16:40,244 [ERROR] LogOutputStream:75 - [STDERR_REDIRECT] 
2025-09-16 07:16:40,245 [ERROR] LogOutputStream:75 - [STDERR_REDIRECT] Sep 16, 2025 7:16:40 AM java.util.prefs.FileSystemPreferences syncWorld
2025-09-16 07:16:40,245 [ERROR] LogOutputStream:75 - [STDERR_REDIRECT] WARNING: Couldn't flush system prefs: java.util.prefs.BackingStoreException: Couldn't get file lock.
2025-09-16 07:16:40,245 [ERROR] LogOutputStream:75 - [STDERR_REDIRECT] 
2025-09-16 07:17:10,243 [ERROR] LogOutputStream:75 - [STDERR_REDIRECT] Sep 16, 2025 7:17:10 AM java.util.prefs.FileSystemPreferences checkLockFile0ErrorCode
2025-09-16 07:17:10,244 [ERROR] LogOutputStream:75 - [STDERR_REDIRECT] WARNING: Could not lock System prefs. Unix error code 2.
2025-09-16 07:17:10,244 [ERROR] LogOutputStream:75 - [STDERR_REDIRECT] 
2025-09-16 07:17:10,244 [ERROR] LogOutputStream:75 - [STDERR_REDIRECT] Sep 16, 2025 7:17:10 AM java.util.prefs.FileSystemPreferences syncWorld
2025-09-16 07:17:10,245 [ERROR] LogOutputStream:75 - [STDERR_REDIRECT] WARNING: Couldn't flush system prefs: java.util.prefs.BackingStoreException: Couldn't get file lock.
2025-09-16 07:17:10,245 [ERROR] LogOutputStream:75 - [STDERR_REDIRECT] 
2025-09-16 07:17:40,243 [ERROR] LogOutputStream:75 - [STDERR_REDIRECT] Sep 16, 2025 7:17:40 AM java.util.prefs.FileSystemPreferences checkLockFile0ErrorCode
2025-09-16 07:17:40,244 [ERROR] LogOutputStream:75 - [STDERR_REDIRECT] WARNING: Could not lock System prefs. Unix error code 2.
2025-09-16 07:17:40,244 [ERROR] LogOutputStream:75 - [STDERR_REDIRECT] 
2025-09-16 07:17:40,244 [ERROR] LogOutputStream:75 - [STDERR_REDIRECT] Sep 16, 2025 7:17:40 AM java.util.prefs.FileSystemPreferences syncWorld
2025-09-16 07:17:40,245 [ERROR] LogOutputStream:75 - [STDERR_REDIRECT] WARNING: Couldn't flush system prefs: java.util.prefs.BackingStoreException: Couldn't get file lock.
2025-09-16 07:17:40,245 [ERROR] LogOutputStream:75 - [STDERR_REDIRECT] 
2025-09-16 07:17:44,054 [INFO] NvicIntPanel:101 - NVIC parent = com.st.microxplorer.plugins.ip.nvic.MultiNvicIntPanel[,0,0,0x0,invalid,layout=javax.swing.BoxLayout,alignmentX=0.0,alignmentY=0.0,border=,flags=9,maximumSize=,minimumSize=,preferredSize=]
2025-09-16 07:18:10,247 [ERROR] LogOutputStream:75 - [STDERR_REDIRECT] Sep 16, 2025 7:18:10 AM java.util.prefs.FileSystemPreferences checkLockFile0ErrorCode
2025-09-16 07:18:10,247 [ERROR] LogOutputStream:75 - [STDERR_REDIRECT] WARNING: Could not lock System prefs. Unix error code 2.
2025-09-16 07:18:10,248 [ERROR] LogOutputStream:75 - [STDERR_REDIRECT] 
2025-09-16 07:18:10,248 [ERROR] LogOutputStream:75 - [STDERR_REDIRECT] Sep 16, 2025 7:18:10 AM java.util.prefs.FileSystemPreferences syncWorld
2025-09-16 07:18:10,249 [ERROR] LogOutputStream:75 - [STDERR_REDIRECT] WARNING: Couldn't flush system prefs: java.util.prefs.BackingStoreException: Couldn't get file lock.
2025-09-16 07:18:10,249 [ERROR] LogOutputStream:75 - [STDERR_REDIRECT] 
2025-09-16 07:18:38,367 [INFO] NvicIntPanel:101 - NVIC parent = com.st.microxplorer.plugins.ip.nvic.MultiNvicIntPanel[,0,0,0x0,invalid,layout=javax.swing.BoxLayout,alignmentX=0.0,alignmentY=0.0,border=,flags=9,maximumSize=,minimumSize=,preferredSize=]
2025-09-16 07:18:40,019 [INFO] UtilMem:75 - End SaveConfig() Used Memory: 302789080 Bytes (581959680)
2025-09-16 07:18:40,063 [ERROR] ConfigurationRetriever:142 - IOException on connection: sw-center.st.com
2025-09-16 07:18:40,064 [ERROR] ConfigurationRetriever:142 - IOException on connection: sw-center.st.com
2025-09-16 07:18:40,064 [ERROR] ConfigurationRetriever:142 - IOException on connection: sw-center.st.com
2025-09-16 07:18:40,163 [INFO] UtilMem:75 - End SaveConfig() Used Memory: 327432664 Bytes (581959680)
2025-09-16 07:18:40,247 [ERROR] LogOutputStream:75 - [STDERR_REDIRECT] Sep 16, 2025 7:18:40 AM java.util.prefs.FileSystemPreferences checkLockFile0ErrorCode
2025-09-16 07:18:40,247 [ERROR] LogOutputStream:75 - [STDERR_REDIRECT] WARNING: Could not lock System prefs. Unix error code 2.
2025-09-16 07:18:40,247 [ERROR] LogOutputStream:75 - [STDERR_REDIRECT] 
2025-09-16 07:18:40,248 [ERROR] LogOutputStream:75 - [STDERR_REDIRECT] Sep 16, 2025 7:18:40 AM java.util.prefs.FileSystemPreferences syncWorld
2025-09-16 07:18:40,248 [ERROR] LogOutputStream:75 - [STDERR_REDIRECT] WARNING: Couldn't flush system prefs: java.util.prefs.BackingStoreException: Couldn't get file lock.
2025-09-16 07:18:40,249 [ERROR] LogOutputStream:75 - [STDERR_REDIRECT] 
2025-09-16 07:18:41,012 [INFO] UtilMem:75 - End SaveConfig() Used Memory: 414986712 Bytes (581959680)
2025-09-16 07:18:42,174 [INFO] BlockDiagram:2775 - set Specific Code input for plugin: TIM1_8
2025-09-16 07:18:42,175 [INFO] BlockDiagram:2775 - set Specific Code input for plugin: SYS
2025-09-16 07:18:42,175 [INFO] BlockDiagram:2775 - set Specific Code input for plugin: ADC
2025-09-16 07:18:42,175 [INFO] BlockDiagram:2775 - set Specific Code input for plugin: RCC
2025-09-16 07:18:42,175 [INFO] BlockDiagram:2775 - set Specific Code input for plugin: NVIC
2025-09-16 07:18:42,176 [INFO] BlockDiagram:2775 - set Specific Code input for plugin: GPIO
2025-09-16 07:18:42,177 [INFO] CodeGenerator:892 - code generatio: config db path: /opt/st/stm32cubeide_1.19.0/plugins/com.st.stm32cube.common.mx_6.15.0.202507011659//db/
2025-09-16 07:18:42,609 [INFO] CodeEngine:265 - oldGeneratedFile, /home/tomas1908/STM32CubeIDE/workspace_1.19.0/pdm/Trabajo_final_PdM/MXTmpFiles/license.tmp_save
2025-09-16 07:18:43,214 [INFO] CodeEngine:289 - Generated code: /home/tomas1908/STM32CubeIDE/workspace_1.19.0/pdm/Trabajo_final_PdM/MXTmpFiles/license.tmp
2025-09-16 07:18:43,334 [INFO] CodeEngine:265 - oldGeneratedFile, /home/tomas1908/STM32CubeIDE/workspace_1.19.0/pdm/Trabajo_final_PdM/MXTmpFiles/gpio.tmp_save
2025-09-16 07:18:43,549 [INFO] CodeEngine:289 - Generated code: /home/tomas1908/STM32CubeIDE/workspace_1.19.0/pdm/Trabajo_final_PdM/MXTmpFiles/gpio.tmp
2025-09-16 07:18:43,756 [INFO] CodeEngine:265 - oldGeneratedFile, /home/tomas1908/STM32CubeIDE/workspace_1.19.0/pdm/Trabajo_final_PdM/Core/Src/stm32f4xx_it.c_save
2025-09-16 07:18:43,962 [INFO] CodeEngine:289 - Generated code: /home/tomas1908/STM32CubeIDE/workspace_1.19.0/pdm/Trabajo_final_PdM/Core/Src/stm32f4xx_it.c
2025-09-16 07:18:43,965 [INFO] CodeEngine:265 - oldGeneratedFile, /home/tomas1908/STM32CubeIDE/workspace_1.19.0/pdm/Trabajo_final_PdM/Core/Inc/stm32f4xx_it.h_save
2025-09-16 07:18:44,103 [INFO] CodeEngine:289 - Generated code: /home/tomas1908/STM32CubeIDE/workspace_1.19.0/pdm/Trabajo_final_PdM/Core/Inc/stm32f4xx_it.h
2025-09-16 07:18:44,114 [INFO] CodeEngine:265 - oldGeneratedFile, /home/tomas1908/STM32CubeIDE/workspace_1.19.0/pdm/Trabajo_final_PdM/Core/Src/stm32f4xx_hal_msp.c_save
2025-09-16 07:18:44,368 [INFO] CodeEngine:289 - Generated code: /home/tomas1908/STM32CubeIDE/workspace_1.19.0/pdm/Trabajo_final_PdM/Core/Src/stm32f4xx_hal_msp.c
2025-09-16 07:18:44,370 [INFO] CodeEngine:265 - oldGeneratedFile, /home/tomas1908/STM32CubeIDE/workspace_1.19.0/pdm/Trabajo_final_PdM/MXTmpFiles/system.tmp_save
2025-09-16 07:18:44,484 [INFO] CodeEngine:289 - Generated code: /home/tomas1908/STM32CubeIDE/workspace_1.19.0/pdm/Trabajo_final_PdM/MXTmpFiles/system.tmp
2025-09-16 07:18:44,503 [INFO] CodeEngine:321 - oldGeneratedFile, /home/tomas1908/STM32CubeIDE/workspace_1.19.0/pdm/Trabajo_final_PdM/Core/Inc/stm32f4xx_hal_conf.h_save
2025-09-16 07:18:44,647 [INFO] CodeEngine:345 - Generated code: /home/tomas1908/STM32CubeIDE/workspace_1.19.0/pdm/Trabajo_final_PdM/Core/Inc/stm32f4xx_hal_conf.h
2025-09-16 07:18:44,704 [WARN] IPConfigManager:3238 - Warning: the RefConfig PLL2P_FOR_MCO is not available in your config.xml file
2025-09-16 07:18:44,722 [INFO] ApiDbMcu:532 - Load IP Config File for ADC1
2025-09-16 07:18:44,751 [INFO] ApiDbMcu:532 - Load IP Config File for TIM3
2025-09-16 07:18:44,760 [INFO] ApiDbMcu:532 - Load IP Config File for RCC
2025-09-16 07:18:44,765 [WARN] IPConfigManager:3811 - IP not found : TIM
2025-09-16 07:18:44,777 [WARN] CodeGenerator:4259 - IP not found : null
2025-09-16 07:18:44,782 [INFO] CodeEngine:265 - oldGeneratedFile, /home/tomas1908/STM32CubeIDE/workspace_1.19.0/pdm/Trabajo_final_PdM/Core/Inc/main.h_save
2025-09-16 07:18:44,941 [INFO] CodeEngine:289 - Generated code: /home/tomas1908/STM32CubeIDE/workspace_1.19.0/pdm/Trabajo_final_PdM/Core/Inc/main.h
2025-09-16 07:18:44,944 [INFO] CodeEngine:265 - oldGeneratedFile, /home/tomas1908/STM32CubeIDE/workspace_1.19.0/pdm/Trabajo_final_PdM/Core/Src/main.c_save
2025-09-16 07:18:45,205 [INFO] CodeEngine:289 - Generated code: /home/tomas1908/STM32CubeIDE/workspace_1.19.0/pdm/Trabajo_final_PdM/Core/Src/main.c
2025-09-16 07:18:45,613 [INFO] ProjectBuilder:3606 - Time for Copy HAL[1] : 59mS.
2025-09-16 07:18:45,620 [INFO] ProjectBuilder:5216 - Project Generator version: 4.7.0-B52
2025-09-16 07:18:45,773 [INFO] ConfigFileManager:1595 - The Die is : DIE421
2025-09-16 07:18:45,793 [INFO] ApiDbMcu:532 - Load IP Config File for FATFS
2025-09-16 07:18:45,800 [INFO] ApiDbMcu:532 - Load IP Config File for FREERTOS
2025-09-16 07:18:45,804 [INFO] ApiDbMcu:532 - Load IP Config File for LIBJPEG
2025-09-16 07:18:45,814 [INFO] ApiDbMcu:532 - Load IP Config File for MBEDTLS
2025-09-16 07:18:45,826 [INFO] ApiDbMcu:532 - Load IP Config File for USB_DEVICE
2025-09-16 07:18:45,831 [INFO] ApiDbMcu:532 - Load IP Config File for USB_HOST
2025-09-16 07:18:46,545 [INFO] LogOutputStream:77 - [STDOUT_REDIRECT] 
2025-09-16 07:18:48,282 [INFO] ProjectBuilder:5496 - Time for Generating toolchain IDE Files: 2661mS.
2025-09-16 07:18:48,283 [INFO] ProjectBuilder:3463 - Time for Copy CMSIS : 1mS.
2025-09-16 07:18:48,284 [INFO] ProjectBuilder:3463 - Time for Copy CMSIS : 0mS.
2025-09-16 07:19:10,249 [ERROR] LogOutputStream:75 - [STDERR_REDIRECT] Sep 16, 2025 7:19:10 AM java.util.prefs.FileSystemPreferences checkLockFile0ErrorCode
2025-09-16 07:19:10,250 [ERROR] LogOutputStream:75 - [STDERR_REDIRECT] WARNING: Could not lock System prefs. Unix error code 2.
2025-09-16 07:19:10,250 [ERROR] LogOutputStream:75 - [STDERR_REDIRECT] 
2025-09-16 07:19:10,250 [ERROR] LogOutputStream:75 - [STDERR_REDIRECT] Sep 16, 2025 7:19:10 AM java.util.prefs.FileSystemPreferences syncWorld
2025-09-16 07:19:10,251 [ERROR] LogOutputStream:75 - [STDERR_REDIRECT] WARNING: Couldn't flush system prefs: java.util.prefs.BackingStoreException: Couldn't get file lock.
2025-09-16 07:19:10,251 [ERROR] LogOutputStream:75 - [STDERR_REDIRECT] 
2025-09-16 07:19:40,245 [ERROR] LogOutputStream:75 - [STDERR_REDIRECT] Sep 16, 2025 7:19:40 AM java.util.prefs.FileSystemPreferences checkLockFile0ErrorCode
2025-09-16 07:19:40,245 [ERROR] LogOutputStream:75 - [STDERR_REDIRECT] WARNING: Could not lock System prefs. Unix error code 2.
2025-09-16 07:19:40,245 [ERROR] LogOutputStream:75 - [STDERR_REDIRECT] 
2025-09-16 07:19:40,246 [ERROR] LogOutputStream:75 - [STDERR_REDIRECT] Sep 16, 2025 7:19:40 AM java.util.prefs.FileSystemPreferences syncWorld
2025-09-16 07:19:40,246 [ERROR] LogOutputStream:75 - [STDERR_REDIRECT] WARNING: Couldn't flush system prefs: java.util.prefs.BackingStoreException: Couldn't get file lock.
2025-09-16 07:19:40,246 [ERROR] LogOutputStream:75 - [STDERR_REDIRECT] 
2025-09-16 07:20:10,244 [ERROR] LogOutputStream:75 - [STDERR_REDIRECT] Sep 16, 2025 7:20:10 AM java.util.prefs.FileSystemPreferences checkLockFile0ErrorCode
2025-09-16 07:20:10,245 [ERROR] LogOutputStream:75 - [STDERR_REDIRECT] WARNING: Could not lock System prefs. Unix error code 2.
2025-09-16 07:20:10,245 [ERROR] LogOutputStream:75 - [STDERR_REDIRECT] 
2025-09-16 07:20:10,246 [ERROR] LogOutputStream:75 - [STDERR_REDIRECT] Sep 16, 2025 7:20:10 AM java.util.prefs.FileSystemPreferences syncWorld
2025-09-16 07:20:10,246 [ERROR] LogOutputStream:75 - [STDERR_REDIRECT] WARNING: Couldn't flush system prefs: java.util.prefs.BackingStoreException: Couldn't get file lock.
2025-09-16 07:20:10,246 [ERROR] LogOutputStream:75 - [STDERR_REDIRECT] 
2025-09-16 07:20:40,245 [ERROR] LogOutputStream:75 - [STDERR_REDIRECT] Sep 16, 2025 7:20:40 AM java.util.prefs.FileSystemPreferences checkLockFile0ErrorCode
2025-09-16 07:20:40,245 [ERROR] LogOutputStream:75 - [STDERR_REDIRECT] WARNING: Could not lock System prefs. Unix error code 2.
2025-09-16 07:20:40,245 [ERROR] LogOutputStream:75 - [STDERR_REDIRECT] 
2025-09-16 07:20:40,246 [ERROR] LogOutputStream:75 - [STDERR_REDIRECT] Sep 16, 2025 7:20:40 AM java.util.prefs.FileSystemPreferences syncWorld
2025-09-16 07:20:40,246 [ERROR] LogOutputStream:75 - [STDERR_REDIRECT] WARNING: Couldn't flush system prefs: java.util.prefs.BackingStoreException: Couldn't get file lock.
2025-09-16 07:20:40,246 [ERROR] LogOutputStream:75 - [STDERR_REDIRECT] 
2025-09-16 07:21:10,244 [ERROR] LogOutputStream:75 - [STDERR_REDIRECT] Sep 16, 2025 7:21:10 AM java.util.prefs.FileSystemPreferences checkLockFile0ErrorCode
2025-09-16 07:21:10,245 [ERROR] LogOutputStream:75 - [STDERR_REDIRECT] WARNING: Could not lock System prefs. Unix error code 2.
2025-09-16 07:21:10,245 [ERROR] LogOutputStream:75 - [STDERR_REDIRECT] 
2025-09-16 07:21:10,245 [ERROR] LogOutputStream:75 - [STDERR_REDIRECT] Sep 16, 2025 7:21:10 AM java.util.prefs.FileSystemPreferences syncWorld
2025-09-16 07:21:10,246 [ERROR] LogOutputStream:75 - [STDERR_REDIRECT] WARNING: Couldn't flush system prefs: java.util.prefs.BackingStoreException: Couldn't get file lock.
2025-09-16 07:21:10,246 [ERROR] LogOutputStream:75 - [STDERR_REDIRECT] 
2025-09-16 07:21:40,244 [ERROR] LogOutputStream:75 - [STDERR_REDIRECT] Sep 16, 2025 7:21:40 AM java.util.prefs.FileSystemPreferences checkLockFile0ErrorCode
2025-09-16 07:21:40,245 [ERROR] LogOutputStream:75 - [STDERR_REDIRECT] WARNING: Could not lock System prefs. Unix error code 2.
2025-09-16 07:21:40,245 [ERROR] LogOutputStream:75 - [STDERR_REDIRECT] 
2025-09-16 07:21:40,246 [ERROR] LogOutputStream:75 - [STDERR_REDIRECT] Sep 16, 2025 7:21:40 AM java.util.prefs.FileSystemPreferences syncWorld
2025-09-16 07:21:40,246 [ERROR] LogOutputStream:75 - [STDERR_REDIRECT] WARNING: Couldn't flush system prefs: java.util.prefs.BackingStoreException: Couldn't get file lock.
2025-09-16 07:21:40,246 [ERROR] LogOutputStream:75 - [STDERR_REDIRECT] 
2025-09-16 07:22:10,244 [ERROR] LogOutputStream:75 - [STDERR_REDIRECT] Sep 16, 2025 7:22:10 AM java.util.prefs.FileSystemPreferences checkLockFile0ErrorCode
2025-09-16 07:22:10,245 [ERROR] LogOutputStream:75 - [STDERR_REDIRECT] WARNING: Could not lock System prefs. Unix error code 2.
2025-09-16 07:22:10,245 [ERROR] LogOutputStream:75 - [STDERR_REDIRECT] 
2025-09-16 07:22:10,246 [ERROR] LogOutputStream:75 - [STDERR_REDIRECT] Sep 16, 2025 7:22:10 AM java.util.prefs.FileSystemPreferences syncWorld
2025-09-16 07:22:10,246 [ERROR] LogOutputStream:75 - [STDERR_REDIRECT] WARNING: Couldn't flush system prefs: java.util.prefs.BackingStoreException: Couldn't get file lock.
2025-09-16 07:22:10,246 [ERROR] LogOutputStream:75 - [STDERR_REDIRECT] 
2025-09-16 07:22:40,244 [ERROR] LogOutputStream:75 - [STDERR_REDIRECT] Sep 16, 2025 7:22:40 AM java.util.prefs.FileSystemPreferences checkLockFile0ErrorCode
2025-09-16 07:22:40,245 [ERROR] LogOutputStream:75 - [STDERR_REDIRECT] WARNING: Could not lock System prefs. Unix error code 2.
2025-09-16 07:22:40,245 [ERROR] LogOutputStream:75 - [STDERR_REDIRECT] 
2025-09-16 07:22:40,246 [ERROR] LogOutputStream:75 - [STDERR_REDIRECT] Sep 16, 2025 7:22:40 AM java.util.prefs.FileSystemPreferences syncWorld
2025-09-16 07:22:40,246 [ERROR] LogOutputStream:75 - [STDERR_REDIRECT] WARNING: Couldn't flush system prefs: java.util.prefs.BackingStoreException: Couldn't get file lock.
2025-09-16 07:22:40,246 [ERROR] LogOutputStream:75 - [STDERR_REDIRECT] 
2025-09-16 07:23:10,243 [ERROR] LogOutputStream:75 - [STDERR_REDIRECT] Sep 16, 2025 7:23:10 AM java.util.prefs.FileSystemPreferences checkLockFile0ErrorCode
2025-09-16 07:23:10,243 [ERROR] LogOutputStream:75 - [STDERR_REDIRECT] WARNING: Could not lock System prefs. Unix error code 2.
2025-09-16 07:23:10,243 [ERROR] LogOutputStream:75 - [STDERR_REDIRECT] 
2025-09-16 07:23:10,244 [ERROR] LogOutputStream:75 - [STDERR_REDIRECT] Sep 16, 2025 7:23:10 AM java.util.prefs.FileSystemPreferences syncWorld
2025-09-16 07:23:10,244 [ERROR] LogOutputStream:75 - [STDERR_REDIRECT] WARNING: Couldn't flush system prefs: java.util.prefs.BackingStoreException: Couldn't get file lock.
2025-09-16 07:23:10,245 [ERROR] LogOutputStream:75 - [STDERR_REDIRECT] 
2025-09-16 07:23:40,243 [ERROR] LogOutputStream:75 - [STDERR_REDIRECT] Sep 16, 2025 7:23:40 AM java.util.prefs.FileSystemPreferences checkLockFile0ErrorCode
2025-09-16 07:23:40,244 [ERROR] LogOutputStream:75 - [STDERR_REDIRECT] WARNING: Could not lock System prefs. Unix error code 2.
2025-09-16 07:23:40,244 [ERROR] LogOutputStream:75 - [STDERR_REDIRECT] 
2025-09-16 07:23:40,245 [ERROR] LogOutputStream:75 - [STDERR_REDIRECT] Sep 16, 2025 7:23:40 AM java.util.prefs.FileSystemPreferences syncWorld
2025-09-16 07:23:40,245 [ERROR] LogOutputStream:75 - [STDERR_REDIRECT] WARNING: Couldn't flush system prefs: java.util.prefs.BackingStoreException: Couldn't get file lock.
2025-09-16 07:23:40,245 [ERROR] LogOutputStream:75 - [STDERR_REDIRECT] 
2025-09-16 07:24:10,244 [ERROR] LogOutputStream:75 - [STDERR_REDIRECT] Sep 16, 2025 7:24:10 AM java.util.prefs.FileSystemPreferences checkLockFile0ErrorCode
2025-09-16 07:24:10,244 [ERROR] LogOutputStream:75 - [STDERR_REDIRECT] WARNING: Could not lock System prefs. Unix error code 2.
2025-09-16 07:24:10,244 [ERROR] LogOutputStream:75 - [STDERR_REDIRECT] 
2025-09-16 07:24:10,245 [ERROR] LogOutputStream:75 - [STDERR_REDIRECT] Sep 16, 2025 7:24:10 AM java.util.prefs.FileSystemPreferences syncWorld
2025-09-16 07:24:10,245 [ERROR] LogOutputStream:75 - [STDERR_REDIRECT] WARNING: Couldn't flush system prefs: java.util.prefs.BackingStoreException: Couldn't get file lock.
2025-09-16 07:24:10,245 [ERROR] LogOutputStream:75 - [STDERR_REDIRECT] 
2025-09-16 07:24:40,244 [ERROR] LogOutputStream:75 - [STDERR_REDIRECT] Sep 16, 2025 7:24:40 AM java.util.prefs.FileSystemPreferences checkLockFile0ErrorCode
2025-09-16 07:24:40,244 [ERROR] LogOutputStream:75 - [STDERR_REDIRECT] WARNING: Could not lock System prefs. Unix error code 2.
2025-09-16 07:24:40,244 [ERROR] LogOutputStream:75 - [STDERR_REDIRECT] 
2025-09-16 07:24:40,245 [ERROR] LogOutputStream:75 - [STDERR_REDIRECT] Sep 16, 2025 7:24:40 AM java.util.prefs.FileSystemPreferences syncWorld
2025-09-16 07:24:40,245 [ERROR] LogOutputStream:75 - [STDERR_REDIRECT] WARNING: Couldn't flush system prefs: java.util.prefs.BackingStoreException: Couldn't get file lock.
2025-09-16 07:24:40,245 [ERROR] LogOutputStream:75 - [STDERR_REDIRECT] 
2025-09-16 07:25:10,244 [ERROR] LogOutputStream:75 - [STDERR_REDIRECT] Sep 16, 2025 7:25:10 AM java.util.prefs.FileSystemPreferences checkLockFile0ErrorCode
2025-09-16 07:25:10,245 [ERROR] LogOutputStream:75 - [STDERR_REDIRECT] WARNING: Could not lock System prefs. Unix error code 2.
2025-09-16 07:25:10,245 [ERROR] LogOutputStream:75 - [STDERR_REDIRECT] 
2025-09-16 07:25:10,245 [ERROR] LogOutputStream:75 - [STDERR_REDIRECT] Sep 16, 2025 7:25:10 AM java.util.prefs.FileSystemPreferences syncWorld
2025-09-16 07:25:10,246 [ERROR] LogOutputStream:75 - [STDERR_REDIRECT] WARNING: Couldn't flush system prefs: java.util.prefs.BackingStoreException: Couldn't get file lock.
2025-09-16 07:25:10,246 [ERROR] LogOutputStream:75 - [STDERR_REDIRECT] 
2025-09-16 07:25:40,244 [ERROR] LogOutputStream:75 - [STDERR_REDIRECT] Sep 16, 2025 7:25:40 AM java.util.prefs.FileSystemPreferences checkLockFile0ErrorCode
2025-09-16 07:25:40,244 [ERROR] LogOutputStream:75 - [STDERR_REDIRECT] WARNING: Could not lock System prefs. Unix error code 2.
2025-09-16 07:25:40,244 [ERROR] LogOutputStream:75 - [STDERR_REDIRECT] 
2025-09-16 07:25:40,245 [ERROR] LogOutputStream:75 - [STDERR_REDIRECT] Sep 16, 2025 7:25:40 AM java.util.prefs.FileSystemPreferences syncWorld
2025-09-16 07:25:40,245 [ERROR] LogOutputStream:75 - [STDERR_REDIRECT] WARNING: Couldn't flush system prefs: java.util.prefs.BackingStoreException: Couldn't get file lock.
2025-09-16 07:25:40,245 [ERROR] LogOutputStream:75 - [STDERR_REDIRECT] 
2025-09-16 07:26:10,244 [ERROR] LogOutputStream:75 - [STDERR_REDIRECT] Sep 16, 2025 7:26:10 AM java.util.prefs.FileSystemPreferences checkLockFile0ErrorCode
2025-09-16 07:26:10,245 [ERROR] LogOutputStream:75 - [STDERR_REDIRECT] WARNING: Could not lock System prefs. Unix error code 2.
2025-09-16 07:26:10,245 [ERROR] LogOutputStream:75 - [STDERR_REDIRECT] 
2025-09-16 07:26:10,245 [ERROR] LogOutputStream:75 - [STDERR_REDIRECT] Sep 16, 2025 7:26:10 AM java.util.prefs.FileSystemPreferences syncWorld
2025-09-16 07:26:10,246 [ERROR] LogOutputStream:75 - [STDERR_REDIRECT] WARNING: Couldn't flush system prefs: java.util.prefs.BackingStoreException: Couldn't get file lock.
2025-09-16 07:26:10,246 [ERROR] LogOutputStream:75 - [STDERR_REDIRECT] 
2025-09-16 07:26:40,243 [ERROR] LogOutputStream:75 - [STDERR_REDIRECT] Sep 16, 2025 7:26:40 AM java.util.prefs.FileSystemPreferences checkLockFile0ErrorCode
2025-09-16 07:26:40,243 [ERROR] LogOutputStream:75 - [STDERR_REDIRECT] WARNING: Could not lock System prefs. Unix error code 2.
2025-09-16 07:26:40,244 [ERROR] LogOutputStream:75 - [STDERR_REDIRECT] 
2025-09-16 07:26:40,244 [ERROR] LogOutputStream:75 - [STDERR_REDIRECT] Sep 16, 2025 7:26:40 AM java.util.prefs.FileSystemPreferences syncWorld
2025-09-16 07:26:40,244 [ERROR] LogOutputStream:75 - [STDERR_REDIRECT] WARNING: Couldn't flush system prefs: java.util.prefs.BackingStoreException: Couldn't get file lock.
2025-09-16 07:26:40,244 [ERROR] LogOutputStream:75 - [STDERR_REDIRECT] 
2025-09-16 07:27:10,244 [ERROR] LogOutputStream:75 - [STDERR_REDIRECT] Sep 16, 2025 7:27:10 AM java.util.prefs.FileSystemPreferences checkLockFile0ErrorCode
2025-09-16 07:27:10,244 [ERROR] LogOutputStream:75 - [STDERR_REDIRECT] WARNING: Could not lock System prefs. Unix error code 2.
2025-09-16 07:27:10,244 [ERROR] LogOutputStream:75 - [STDERR_REDIRECT] 
2025-09-16 07:27:10,244 [ERROR] LogOutputStream:75 - [STDERR_REDIRECT] Sep 16, 2025 7:27:10 AM java.util.prefs.FileSystemPreferences syncWorld
2025-09-16 07:27:10,245 [ERROR] LogOutputStream:75 - [STDERR_REDIRECT] WARNING: Couldn't flush system prefs: java.util.prefs.BackingStoreException: Couldn't get file lock.
2025-09-16 07:27:10,245 [ERROR] LogOutputStream:75 - [STDERR_REDIRECT] 
2025-09-16 07:27:40,244 [ERROR] LogOutputStream:75 - [STDERR_REDIRECT] Sep 16, 2025 7:27:40 AM java.util.prefs.FileSystemPreferences checkLockFile0ErrorCode
2025-09-16 07:27:40,244 [ERROR] LogOutputStream:75 - [STDERR_REDIRECT] WARNING: Could not lock System prefs. Unix error code 2.
2025-09-16 07:27:40,245 [ERROR] LogOutputStream:75 - [STDERR_REDIRECT] 
2025-09-16 07:27:40,245 [ERROR] LogOutputStream:75 - [STDERR_REDIRECT] Sep 16, 2025 7:27:40 AM java.util.prefs.FileSystemPreferences syncWorld
2025-09-16 07:27:40,245 [ERROR] LogOutputStream:75 - [STDERR_REDIRECT] WARNING: Couldn't flush system prefs: java.util.prefs.BackingStoreException: Couldn't get file lock.
2025-09-16 07:27:40,245 [ERROR] LogOutputStream:75 - [STDERR_REDIRECT] 
2025-09-16 07:28:10,244 [ERROR] LogOutputStream:75 - [STDERR_REDIRECT] Sep 16, 2025 7:28:10 AM java.util.prefs.FileSystemPreferences checkLockFile0ErrorCode
2025-09-16 07:28:10,245 [ERROR] LogOutputStream:75 - [STDERR_REDIRECT] WARNING: Could not lock System prefs. Unix error code 2.
2025-09-16 07:28:10,245 [ERROR] LogOutputStream:75 - [STDERR_REDIRECT] 
2025-09-16 07:28:10,245 [ERROR] LogOutputStream:75 - [STDERR_REDIRECT] Sep 16, 2025 7:28:10 AM java.util.prefs.FileSystemPreferences syncWorld
2025-09-16 07:28:10,245 [ERROR] LogOutputStream:75 - [STDERR_REDIRECT] WARNING: Couldn't flush system prefs: java.util.prefs.BackingStoreException: Couldn't get file lock.
2025-09-16 07:28:10,246 [ERROR] LogOutputStream:75 - [STDERR_REDIRECT] 
2025-09-16 07:28:40,243 [ERROR] LogOutputStream:75 - [STDERR_REDIRECT] Sep 16, 2025 7:28:40 AM java.util.prefs.FileSystemPreferences checkLockFile0ErrorCode
2025-09-16 07:28:40,244 [ERROR] LogOutputStream:75 - [STDERR_REDIRECT] WARNING: Could not lock System prefs. Unix error code 2.
2025-09-16 07:28:40,244 [ERROR] LogOutputStream:75 - [STDERR_REDIRECT] 
2025-09-16 07:28:40,245 [ERROR] LogOutputStream:75 - [STDERR_REDIRECT] Sep 16, 2025 7:28:40 AM java.util.prefs.FileSystemPreferences syncWorld
2025-09-16 07:28:40,245 [ERROR] LogOutputStream:75 - [STDERR_REDIRECT] WARNING: Couldn't flush system prefs: java.util.prefs.BackingStoreException: Couldn't get file lock.
2025-09-16 07:28:40,245 [ERROR] LogOutputStream:75 - [STDERR_REDIRECT] 
2025-09-16 07:29:10,244 [ERROR] LogOutputStream:75 - [STDERR_REDIRECT] Sep 16, 2025 7:29:10 AM java.util.prefs.FileSystemPreferences checkLockFile0ErrorCode
2025-09-16 07:29:10,244 [ERROR] LogOutputStream:75 - [STDERR_REDIRECT] WARNING: Could not lock System prefs. Unix error code 2.
2025-09-16 07:29:10,244 [ERROR] LogOutputStream:75 - [STDERR_REDIRECT] 
2025-09-16 07:29:10,245 [ERROR] LogOutputStream:75 - [STDERR_REDIRECT] Sep 16, 2025 7:29:10 AM java.util.prefs.FileSystemPreferences syncWorld
2025-09-16 07:29:10,245 [ERROR] LogOutputStream:75 - [STDERR_REDIRECT] WARNING: Couldn't flush system prefs: java.util.prefs.BackingStoreException: Couldn't get file lock.
2025-09-16 07:29:10,245 [ERROR] LogOutputStream:75 - [STDERR_REDIRECT] 
2025-09-16 07:29:40,244 [ERROR] LogOutputStream:75 - [STDERR_REDIRECT] Sep 16, 2025 7:29:40 AM java.util.prefs.FileSystemPreferences checkLockFile0ErrorCode
2025-09-16 07:29:40,244 [ERROR] LogOutputStream:75 - [STDERR_REDIRECT] WARNING: Could not lock System prefs. Unix error code 2.
2025-09-16 07:29:40,282 [ERROR] LogOutputStream:75 - [STDERR_REDIRECT] 
2025-09-16 07:29:40,283 [ERROR] LogOutputStream:75 - [STDERR_REDIRECT] Sep 16, 2025 7:29:40 AM java.util.prefs.FileSystemPreferences syncWorld
2025-09-16 07:29:40,283 [ERROR] LogOutputStream:75 - [STDERR_REDIRECT] WARNING: Couldn't flush system prefs: java.util.prefs.BackingStoreException: Couldn't get file lock.
2025-09-16 07:29:40,284 [ERROR] LogOutputStream:75 - [STDERR_REDIRECT] 
2025-09-16 07:30:10,246 [ERROR] LogOutputStream:75 - [STDERR_REDIRECT] Sep 16, 2025 7:30:10 AM java.util.prefs.FileSystemPreferences checkLockFile0ErrorCode
2025-09-16 07:30:10,246 [ERROR] LogOutputStream:75 - [STDERR_REDIRECT] WARNING: Could not lock System prefs. Unix error code 2.
2025-09-16 07:30:10,246 [ERROR] LogOutputStream:75 - [STDERR_REDIRECT] 
2025-09-16 07:30:10,247 [ERROR] LogOutputStream:75 - [STDERR_REDIRECT] Sep 16, 2025 7:30:10 AM java.util.prefs.FileSystemPreferences syncWorld
2025-09-16 07:30:10,247 [ERROR] LogOutputStream:75 - [STDERR_REDIRECT] WARNING: Couldn't flush system prefs: java.util.prefs.BackingStoreException: Couldn't get file lock.
2025-09-16 07:30:10,247 [ERROR] LogOutputStream:75 - [STDERR_REDIRECT] 
2025-09-16 07:30:40,245 [ERROR] LogOutputStream:75 - [STDERR_REDIRECT] Sep 16, 2025 7:30:40 AM java.util.prefs.FileSystemPreferences checkLockFile0ErrorCode
2025-09-16 07:30:40,245 [ERROR] LogOutputStream:75 - [STDERR_REDIRECT] WARNING: Could not lock System prefs. Unix error code 2.
2025-09-16 07:30:40,245 [ERROR] LogOutputStream:75 - [STDERR_REDIRECT] 
2025-09-16 07:30:40,246 [ERROR] LogOutputStream:75 - [STDERR_REDIRECT] Sep 16, 2025 7:30:40 AM java.util.prefs.FileSystemPreferences syncWorld
2025-09-16 07:30:40,246 [ERROR] LogOutputStream:75 - [STDERR_REDIRECT] WARNING: Couldn't flush system prefs: java.util.prefs.BackingStoreException: Couldn't get file lock.
2025-09-16 07:30:40,246 [ERROR] LogOutputStream:75 - [STDERR_REDIRECT] 
2025-09-16 07:31:10,244 [ERROR] LogOutputStream:75 - [STDERR_REDIRECT] Sep 16, 2025 7:31:10 AM java.util.prefs.FileSystemPreferences checkLockFile0ErrorCode
2025-09-16 07:31:10,245 [ERROR] LogOutputStream:75 - [STDERR_REDIRECT] WARNING: Could not lock System prefs. Unix error code 2.
2025-09-16 07:31:10,245 [ERROR] LogOutputStream:75 - [STDERR_REDIRECT] 
2025-09-16 07:31:10,246 [ERROR] LogOutputStream:75 - [STDERR_REDIRECT] Sep 16, 2025 7:31:10 AM java.util.prefs.FileSystemPreferences syncWorld
2025-09-16 07:31:10,246 [ERROR] LogOutputStream:75 - [STDERR_REDIRECT] WARNING: Couldn't flush system prefs: java.util.prefs.BackingStoreException: Couldn't get file lock.
2025-09-16 07:31:10,246 [ERROR] LogOutputStream:75 - [STDERR_REDIRECT] 
2025-09-16 07:31:40,245 [ERROR] LogOutputStream:75 - [STDERR_REDIRECT] Sep 16, 2025 7:31:40 AM java.util.prefs.FileSystemPreferences checkLockFile0ErrorCode
2025-09-16 07:31:40,246 [ERROR] LogOutputStream:75 - [STDERR_REDIRECT] WARNING: Could not lock System prefs. Unix error code 2.
2025-09-16 07:31:40,246 [ERROR] LogOutputStream:75 - [STDERR_REDIRECT] 
2025-09-16 07:31:40,246 [ERROR] LogOutputStream:75 - [STDERR_REDIRECT] Sep 16, 2025 7:31:40 AM java.util.prefs.FileSystemPreferences syncWorld
2025-09-16 07:31:40,246 [ERROR] LogOutputStream:75 - [STDERR_REDIRECT] WARNING: Couldn't flush system prefs: java.util.prefs.BackingStoreException: Couldn't get file lock.
2025-09-16 07:31:40,247 [ERROR] LogOutputStream:75 - [STDERR_REDIRECT] 
2025-09-16 07:32:10,244 [ERROR] LogOutputStream:75 - [STDERR_REDIRECT] Sep 16, 2025 7:32:10 AM java.util.prefs.FileSystemPreferences checkLockFile0ErrorCode
2025-09-16 07:32:10,245 [ERROR] LogOutputStream:75 - [STDERR_REDIRECT] WARNING: Could not lock System prefs. Unix error code 2.
2025-09-16 07:32:10,245 [ERROR] LogOutputStream:75 - [STDERR_REDIRECT] 
2025-09-16 07:32:10,245 [ERROR] LogOutputStream:75 - [STDERR_REDIRECT] Sep 16, 2025 7:32:10 AM java.util.prefs.FileSystemPreferences syncWorld
2025-09-16 07:32:10,246 [ERROR] LogOutputStream:75 - [STDERR_REDIRECT] WARNING: Couldn't flush system prefs: java.util.prefs.BackingStoreException: Couldn't get file lock.
2025-09-16 07:32:10,246 [ERROR] LogOutputStream:75 - [STDERR_REDIRECT] 
2025-09-16 07:32:40,244 [ERROR] LogOutputStream:75 - [STDERR_REDIRECT] Sep 16, 2025 7:32:40 AM java.util.prefs.FileSystemPreferences checkLockFile0ErrorCode
2025-09-16 07:32:40,245 [ERROR] LogOutputStream:75 - [STDERR_REDIRECT] WARNING: Could not lock System prefs. Unix error code 2.
2025-09-16 07:32:40,245 [ERROR] LogOutputStream:75 - [STDERR_REDIRECT] 
2025-09-16 07:32:40,245 [ERROR] LogOutputStream:75 - [STDERR_REDIRECT] Sep 16, 2025 7:32:40 AM java.util.prefs.FileSystemPreferences syncWorld
2025-09-16 07:32:40,245 [ERROR] LogOutputStream:75 - [STDERR_REDIRECT] WARNING: Couldn't flush system prefs: java.util.prefs.BackingStoreException: Couldn't get file lock.
2025-09-16 07:32:40,246 [ERROR] LogOutputStream:75 - [STDERR_REDIRECT] 
2025-09-16 07:33:10,244 [ERROR] LogOutputStream:75 - [STDERR_REDIRECT] Sep 16, 2025 7:33:10 AM java.util.prefs.FileSystemPreferences checkLockFile0ErrorCode
2025-09-16 07:33:10,245 [ERROR] LogOutputStream:75 - [STDERR_REDIRECT] WARNING: Could not lock System prefs. Unix error code 2.
2025-09-16 07:33:10,245 [ERROR] LogOutputStream:75 - [STDERR_REDIRECT] 
2025-09-16 07:33:10,245 [ERROR] LogOutputStream:75 - [STDERR_REDIRECT] Sep 16, 2025 7:33:10 AM java.util.prefs.FileSystemPreferences syncWorld
2025-09-16 07:33:10,246 [ERROR] LogOutputStream:75 - [STDERR_REDIRECT] WARNING: Couldn't flush system prefs: java.util.prefs.BackingStoreException: Couldn't get file lock.
2025-09-16 07:33:10,246 [ERROR] LogOutputStream:75 - [STDERR_REDIRECT] 
2025-09-16 07:33:40,245 [ERROR] LogOutputStream:75 - [STDERR_REDIRECT] Sep 16, 2025 7:33:40 AM java.util.prefs.FileSystemPreferences checkLockFile0ErrorCode
2025-09-16 07:33:40,245 [ERROR] LogOutputStream:75 - [STDERR_REDIRECT] WARNING: Could not lock System prefs. Unix error code 2.
2025-09-16 07:33:40,245 [ERROR] LogOutputStream:75 - [STDERR_REDIRECT] 
2025-09-16 07:33:40,246 [ERROR] LogOutputStream:75 - [STDERR_REDIRECT] Sep 16, 2025 7:33:40 AM java.util.prefs.FileSystemPreferences syncWorld
2025-09-16 07:33:40,246 [ERROR] LogOutputStream:75 - [STDERR_REDIRECT] WARNING: Couldn't flush system prefs: java.util.prefs.BackingStoreException: Couldn't get file lock.
2025-09-16 07:33:40,246 [ERROR] LogOutputStream:75 - [STDERR_REDIRECT] 
2025-09-16 07:34:10,244 [ERROR] LogOutputStream:75 - [STDERR_REDIRECT] Sep 16, 2025 7:34:10 AM java.util.prefs.FileSystemPreferences checkLockFile0ErrorCode
2025-09-16 07:34:10,245 [ERROR] LogOutputStream:75 - [STDERR_REDIRECT] WARNING: Could not lock System prefs. Unix error code 2.
2025-09-16 07:34:10,245 [ERROR] LogOutputStream:75 - [STDERR_REDIRECT] 
2025-09-16 07:34:10,246 [ERROR] LogOutputStream:75 - [STDERR_REDIRECT] Sep 16, 2025 7:34:10 AM java.util.prefs.FileSystemPreferences syncWorld
2025-09-16 07:34:10,247 [ERROR] LogOutputStream:75 - [STDERR_REDIRECT] WARNING: Couldn't flush system prefs: java.util.prefs.BackingStoreException: Couldn't get file lock.
2025-09-16 07:34:10,247 [ERROR] LogOutputStream:75 - [STDERR_REDIRECT] 
2025-09-16 07:34:40,245 [ERROR] LogOutputStream:75 - [STDERR_REDIRECT] Sep 16, 2025 7:34:40 AM java.util.prefs.FileSystemPreferences checkLockFile0ErrorCode
2025-09-16 07:34:40,245 [ERROR] LogOutputStream:75 - [STDERR_REDIRECT] WARNING: Could not lock System prefs. Unix error code 2.
2025-09-16 07:34:40,245 [ERROR] LogOutputStream:75 - [STDERR_REDIRECT] 
2025-09-16 07:34:40,246 [ERROR] LogOutputStream:75 - [STDERR_REDIRECT] Sep 16, 2025 7:34:40 AM java.util.prefs.FileSystemPreferences syncWorld
2025-09-16 07:34:40,246 [ERROR] LogOutputStream:75 - [STDERR_REDIRECT] WARNING: Couldn't flush system prefs: java.util.prefs.BackingStoreException: Couldn't get file lock.
2025-09-16 07:34:40,246 [ERROR] LogOutputStream:75 - [STDERR_REDIRECT] 
2025-09-16 07:35:10,245 [ERROR] LogOutputStream:75 - [STDERR_REDIRECT] Sep 16, 2025 7:35:10 AM java.util.prefs.FileSystemPreferences checkLockFile0ErrorCode
2025-09-16 07:35:10,246 [ERROR] LogOutputStream:75 - [STDERR_REDIRECT] WARNING: Could not lock System prefs. Unix error code 2.
2025-09-16 07:35:10,246 [ERROR] LogOutputStream:75 - [STDERR_REDIRECT] 
2025-09-16 07:35:10,247 [ERROR] LogOutputStream:75 - [STDERR_REDIRECT] Sep 16, 2025 7:35:10 AM java.util.prefs.FileSystemPreferences syncWorld
2025-09-16 07:35:10,247 [ERROR] LogOutputStream:75 - [STDERR_REDIRECT] WARNING: Couldn't flush system prefs: java.util.prefs.BackingStoreException: Couldn't get file lock.
2025-09-16 07:35:10,247 [ERROR] LogOutputStream:75 - [STDERR_REDIRECT] 
2025-09-16 07:35:40,245 [ERROR] LogOutputStream:75 - [STDERR_REDIRECT] Sep 16, 2025 7:35:40 AM java.util.prefs.FileSystemPreferences checkLockFile0ErrorCode
2025-09-16 07:35:40,246 [ERROR] LogOutputStream:75 - [STDERR_REDIRECT] WARNING: Could not lock System prefs. Unix error code 2.
2025-09-16 07:35:40,246 [ERROR] LogOutputStream:75 - [STDERR_REDIRECT] 
2025-09-16 07:35:40,246 [ERROR] LogOutputStream:75 - [STDERR_REDIRECT] Sep 16, 2025 7:35:40 AM java.util.prefs.FileSystemPreferences syncWorld
2025-09-16 07:35:40,247 [ERROR] LogOutputStream:75 - [STDERR_REDIRECT] WARNING: Couldn't flush system prefs: java.util.prefs.BackingStoreException: Couldn't get file lock.
2025-09-16 07:35:40,247 [ERROR] LogOutputStream:75 - [STDERR_REDIRECT] 
2025-09-16 07:36:10,244 [ERROR] LogOutputStream:75 - [STDERR_REDIRECT] Sep 16, 2025 7:36:10 AM java.util.prefs.FileSystemPreferences checkLockFile0ErrorCode
2025-09-16 07:36:10,245 [ERROR] LogOutputStream:75 - [STDERR_REDIRECT] WARNING: Could not lock System prefs. Unix error code 2.
2025-09-16 07:36:10,245 [ERROR] LogOutputStream:75 - [STDERR_REDIRECT] 
2025-09-16 07:36:10,245 [ERROR] LogOutputStream:75 - [STDERR_REDIRECT] Sep 16, 2025 7:36:10 AM java.util.prefs.FileSystemPreferences syncWorld
2025-09-16 07:36:10,246 [ERROR] LogOutputStream:75 - [STDERR_REDIRECT] WARNING: Couldn't flush system prefs: java.util.prefs.BackingStoreException: Couldn't get file lock.
2025-09-16 07:36:10,246 [ERROR] LogOutputStream:75 - [STDERR_REDIRECT] 
2025-09-16 07:36:40,246 [ERROR] LogOutputStream:75 - [STDERR_REDIRECT] Sep 16, 2025 7:36:40 AM java.util.prefs.FileSystemPreferences checkLockFile0ErrorCode
2025-09-16 07:36:40,246 [ERROR] LogOutputStream:75 - [STDERR_REDIRECT] WARNING: Could not lock System prefs. Unix error code 2.
2025-09-16 07:36:40,246 [ERROR] LogOutputStream:75 - [STDERR_REDIRECT] 
2025-09-16 07:36:40,247 [ERROR] LogOutputStream:75 - [STDERR_REDIRECT] Sep 16, 2025 7:36:40 AM java.util.prefs.FileSystemPreferences syncWorld
2025-09-16 07:36:40,247 [ERROR] LogOutputStream:75 - [STDERR_REDIRECT] WARNING: Couldn't flush system prefs: java.util.prefs.BackingStoreException: Couldn't get file lock.
2025-09-16 07:36:40,247 [ERROR] LogOutputStream:75 - [STDERR_REDIRECT] 
2025-09-16 07:37:10,245 [ERROR] LogOutputStream:75 - [STDERR_REDIRECT] Sep 16, 2025 7:37:10 AM java.util.prefs.FileSystemPreferences checkLockFile0ErrorCode
2025-09-16 07:37:10,245 [ERROR] LogOutputStream:75 - [STDERR_REDIRECT] WARNING: Could not lock System prefs. Unix error code 2.
2025-09-16 07:37:10,245 [ERROR] LogOutputStream:75 - [STDERR_REDIRECT] 
2025-09-16 07:37:10,246 [ERROR] LogOutputStream:75 - [STDERR_REDIRECT] Sep 16, 2025 7:37:10 AM java.util.prefs.FileSystemPreferences syncWorld
2025-09-16 07:37:10,246 [ERROR] LogOutputStream:75 - [STDERR_REDIRECT] WARNING: Couldn't flush system prefs: java.util.prefs.BackingStoreException: Couldn't get file lock.
2025-09-16 07:37:10,246 [ERROR] LogOutputStream:75 - [STDERR_REDIRECT] 
2025-09-16 07:37:40,247 [ERROR] LogOutputStream:75 - [STDERR_REDIRECT] Sep 16, 2025 7:37:40 AM java.util.prefs.FileSystemPreferences checkLockFile0ErrorCode
2025-09-16 07:37:40,248 [ERROR] LogOutputStream:75 - [STDERR_REDIRECT] WARNING: Could not lock System prefs. Unix error code 2.
2025-09-16 07:37:40,248 [ERROR] LogOutputStream:75 - [STDERR_REDIRECT] 
2025-09-16 07:37:40,248 [ERROR] LogOutputStream:75 - [STDERR_REDIRECT] Sep 16, 2025 7:37:40 AM java.util.prefs.FileSystemPreferences syncWorld
2025-09-16 07:37:40,248 [ERROR] LogOutputStream:75 - [STDERR_REDIRECT] WARNING: Couldn't flush system prefs: java.util.prefs.BackingStoreException: Couldn't get file lock.
2025-09-16 07:37:40,249 [ERROR] LogOutputStream:75 - [STDERR_REDIRECT] 
2025-09-16 07:38:07,494 [ERROR] ConfigurationRetriever:142 - IOException on connection: sw-center.st.com
2025-09-16 07:38:07,496 [ERROR] ConfigurationRetriever:142 - IOException on connection: sw-center.st.com
2025-09-16 07:38:07,496 [ERROR] ConfigurationRetriever:142 - IOException on connection: sw-center.st.com
2025-09-16 07:38:10,249 [ERROR] LogOutputStream:75 - [STDERR_REDIRECT] Sep 16, 2025 7:38:10 AM java.util.prefs.FileSystemPreferences checkLockFile0ErrorCode
2025-09-16 07:38:10,250 [ERROR] LogOutputStream:75 - [STDERR_REDIRECT] WARNING: Could not lock System prefs. Unix error code 2.
2025-09-16 07:38:10,250 [ERROR] LogOutputStream:75 - [STDERR_REDIRECT] 
2025-09-16 07:38:10,250 [ERROR] LogOutputStream:75 - [STDERR_REDIRECT] Sep 16, 2025 7:38:10 AM java.util.prefs.FileSystemPreferences syncWorld
2025-09-16 07:38:10,250 [ERROR] LogOutputStream:75 - [STDERR_REDIRECT] WARNING: Couldn't flush system prefs: java.util.prefs.BackingStoreException: Couldn't get file lock.
2025-09-16 07:38:10,251 [ERROR] LogOutputStream:75 - [STDERR_REDIRECT] 
2025-09-16 07:38:11,647 [ERROR] ConfigurationRetriever:142 - IOException on connection: sw-center.st.com
2025-09-16 07:38:11,649 [ERROR] ConfigurationRetriever:142 - IOException on connection: sw-center.st.com
2025-09-16 07:38:11,650 [ERROR] ConfigurationRetriever:142 - IOException on connection: sw-center.st.com
2025-09-16 07:38:12,793 [ERROR] LogOutputStream:75 - [STDERR_REDIRECT] 
2025-09-16 17:09:35,165 [INFO] Activator:176 - 


2025-09-16 17:09:35,168 [INFO] Activator:177 - !SESSION log4j initialized
2025-09-16 17:09:42,053 [INFO] LogOutputStream:77 - [STDOUT_REDIRECT] 
2025-09-16 17:09:42,590 [ERROR] ConfigurationRetriever:142 - IOException on connection: sw-center.st.com
2025-09-16 17:09:42,591 [ERROR] ConfigurationRetriever:142 - IOException on connection: sw-center.st.com
2025-09-16 17:09:42,593 [ERROR] ConfigurationRetriever:142 - IOException on connection: sw-center.st.com
2025-09-16 17:09:43,124 [INFO] ApplicationProperties:184 - Using Application install path: /opt/st/stm32cubeide_1.19.0/plugins/com.st.stm32cube.common.mx_6.15.0.202507011659
2025-09-16 17:09:43,160 [INFO] DbMcusXml:78 - Set database path to: /opt/st/stm32cubeide_1.19.0/plugins/com.st.stm32cube.common.mx_6.15.0.202507011659//db//mcu/
2025-09-16 17:09:43,161 [INFO] ApiDb:274 - Set plugin database path to: /opt/st/stm32cubeide_1.19.0/plugins/com.st.stm32cube.common.mx_6.15.0.202507011659//db//plugins/boardmanager/
2025-09-16 17:09:43,161 [WARN] ApiDb:259 - Overriding images path with different value:  => /opt/st/stm32cubeide_1.19.0/plugins/com.st.stm32cube.common.mx_6.15.0.202507011659//db//plugins/mcufinder/images/
2025-09-16 17:09:43,188 [INFO] ApiDb:250 - Set database path to: /home/tomas1908/.stmcufinder/plugins/mcufinder//mcu/
2025-09-16 17:09:43,191 [INFO] DbMcusAds:125 - Set database path to: /home/tomas1908/.stmcufinder/plugins/mcufinder//mcu/
2025-09-16 17:09:43,196 [INFO] CrossReferenceDbSqlite:203 - Set database path to: /home/tomas1908/.stmcufinder/plugins/mcufinder//mcu/cs/
2025-09-16 17:09:43,412 [INFO] RulesReader:64 - Compatibility file has been processed (317 Rules)
2025-09-16 17:09:43,527 [INFO] DbMcusXml:78 - Set database path to: /opt/st/stm32cubeide_1.19.0/plugins/com.st.stm32cube.common.mx_6.15.0.202507011659//db//mcu/
2025-09-16 17:09:43,528 [INFO] ApiDb:274 - Set plugin database path to: /opt/st/stm32cubeide_1.19.0/plugins/com.st.stm32cube.common.mx_6.15.0.202507011659//db//plugins/boardmanager/
2025-09-16 17:09:43,528 [INFO] ApiDb:261 - Set plugin images path to: /opt/st/stm32cubeide_1.19.0/plugins/com.st.stm32cube.common.mx_6.15.0.202507011659//db//plugins/mcufinder/images/
2025-09-16 17:09:43,528 [WARN] DbFile:41 - Overriding database path with different value: /home/tomas1908/.stmcufinder/plugins/mcufinder/ => /home/tomas1908/.stmcufinder/plugins/mcufinder
2025-09-16 17:09:43,528 [INFO] ApiDb:250 - Set database path to: /home/tomas1908/.stmcufinder/plugins/mcufinder//mcu/
2025-09-16 17:09:43,528 [WARN] DbFile:41 - Overriding database path with different value: /home/tomas1908/.stmcufinder/plugins/mcufinder/ => /home/tomas1908/.stmcufinder/plugins/mcufinder
2025-09-16 17:09:43,529 [INFO] DbMcusAds:125 - Set database path to: /home/tomas1908/.stmcufinder/plugins/mcufinder//mcu/
2025-09-16 17:09:43,529 [WARN] DbFile:41 - Overriding database path with different value: /home/tomas1908/.stmcufinder/plugins/mcufinder/ => /home/tomas1908/.stmcufinder/plugins/mcufinder
2025-09-16 17:09:43,529 [WARN] DbFile:41 - Overriding database path with different value: /home/tomas1908/.stmcufinder/plugins/mcufinder/ => /home/tomas1908/.stmcufinder/plugins/mcufinder
2025-09-16 17:09:43,529 [INFO] CrossReferenceDbSqlite:203 - Set database path to: /home/tomas1908/.stmcufinder/plugins/mcufinder//mcu/cs/
2025-09-16 17:09:43,625 [INFO] MainPanel:274 - HeapMemory: 268435456
2025-09-16 17:09:43,807 [INFO] DbMcusXml:78 - Set database path to: /opt/st/stm32cubeide_1.19.0/plugins/com.st.stm32cube.common.mx_6.15.0.202507011659//db//mcu/
2025-09-16 17:09:43,808 [INFO] ApiDb:274 - Set plugin database path to: /opt/st/stm32cubeide_1.19.0/plugins/com.st.stm32cube.common.mx_6.15.0.202507011659//db//plugins/boardmanager/
2025-09-16 17:09:43,808 [INFO] ApiDb:261 - Set plugin images path to: /opt/st/stm32cubeide_1.19.0/plugins/com.st.stm32cube.common.mx_6.15.0.202507011659//db//plugins/mcufinder/images/
2025-09-16 17:09:43,809 [WARN] DbFile:41 - Overriding database path with different value: /home/tomas1908/.stmcufinder/plugins/mcufinder/ => /home/tomas1908/.stmcufinder/plugins/mcufinder
2025-09-16 17:09:43,809 [INFO] ApiDb:250 - Set database path to: /home/tomas1908/.stmcufinder/plugins/mcufinder//mcu/
2025-09-16 17:09:43,809 [WARN] DbFile:41 - Overriding database path with different value: /home/tomas1908/.stmcufinder/plugins/mcufinder/ => /home/tomas1908/.stmcufinder/plugins/mcufinder
2025-09-16 17:09:43,809 [INFO] DbMcusAds:125 - Set database path to: /home/tomas1908/.stmcufinder/plugins/mcufinder//mcu/
2025-09-16 17:09:43,809 [WARN] DbFile:41 - Overriding database path with different value: /home/tomas1908/.stmcufinder/plugins/mcufinder/ => /home/tomas1908/.stmcufinder/plugins/mcufinder
2025-09-16 17:09:43,810 [WARN] DbFile:41 - Overriding database path with different value: /home/tomas1908/.stmcufinder/plugins/mcufinder/ => /home/tomas1908/.stmcufinder/plugins/mcufinder
2025-09-16 17:09:43,810 [INFO] CrossReferenceDbSqlite:203 - Set database path to: /home/tomas1908/.stmcufinder/plugins/mcufinder//mcu/cs/
2025-09-16 17:09:43,835 [INFO] ApplicationProperties:184 - Using Application install path: /opt/st/stm32cubeide_1.19.0/plugins/com.st.stm32cube.common.mx_6.15.0.202507011659
2025-09-16 17:09:43,837 [INFO] PluginManage:196 - Search for loadable plugins [exclusion list=, ]
2025-09-16 17:09:43,839 [INFO] PluginManage:310 - Check plugin analytics
2025-09-16 17:09:44,093 [INFO] AnalyticsPlugin:253 - Accepted Software Licenses: 
2025-09-16 17:09:44,093 [INFO] AnalyticsPlugin:255 - Accepted CMSIS Pack Licenses: 
2025-09-16 17:09:44,093 [INFO] AnalyticsPlugin:257 - Accepted Firmware Licenses: FW.F4.1.28.0
2025-09-16 17:09:44,098 [INFO] PluginManage:359 - Loaded plugin analytics (category:tool,tabindex:-1)
2025-09-16 17:09:44,098 [INFO] PluginManage:310 - Check plugin cadmodel
2025-09-16 17:09:44,099 [ERROR] ConfigurationRetriever:142 - IOException on connection: sw-center.st.com
2025-09-16 17:09:44,100 [ERROR] ConfigurationRetriever:142 - IOException on connection: sw-center.st.com
2025-09-16 17:09:44,101 [ERROR] ConfigurationRetriever:142 - IOException on connection: sw-center.st.com
2025-09-16 17:09:44,106 [INFO] CADModel:105 - Init CAD model plugin
2025-09-16 17:09:44,107 [INFO] PluginManage:359 - Loaded plugin cadmodel (category:power,tabindex:5)
2025-09-16 17:09:44,107 [INFO] PluginManage:310 - Check plugin clock
2025-09-16 17:09:44,120 [INFO] PluginManage:359 - Loaded plugin clock (category:base,tabindex:2)
2025-09-16 17:09:44,120 [INFO] PluginManage:310 - Check plugin ddr
2025-09-16 17:09:44,124 [INFO] PluginManage:359 - Loaded plugin ddr (category:tool,tabindex:6)
2025-09-16 17:09:44,125 [INFO] PluginManage:310 - Check plugin filemanager
2025-09-16 17:09:44,362 [INFO] PluginManage:359 - Loaded plugin filemanager (category:base,tabindex:10)
2025-09-16 17:09:44,362 [INFO] PluginManage:310 - Check plugin ipmanager
2025-09-16 17:09:44,370 [INFO] PluginManage:359 - Loaded plugin ipmanager (category:base,tabindex:5)
2025-09-16 17:09:44,371 [INFO] PluginManage:310 - Check plugin lpbam
2025-09-16 17:09:44,386 [INFO] PluginManage:359 - Loaded plugin lpbam (category:base,tabindex:0)
2025-09-16 17:09:44,386 [INFO] PluginManage:310 - Check plugin memorymap
2025-09-16 17:09:44,405 [INFO] PluginManage:359 - Loaded plugin memorymap (category:base,tabindex:4)
2025-09-16 17:09:44,406 [INFO] PluginManage:310 - Check plugin pinoutandconfiguration
2025-09-16 17:09:44,421 [INFO] PluginManage:359 - Loaded plugin pinoutandconfiguration (category:base,tabindex:1)
2025-09-16 17:09:44,422 [INFO] PluginManage:310 - Check plugin pinoutconfig
2025-09-16 17:09:44,581 [WARN] SupportedApi:132 - Cannot load RTOS API schema: s4s-elt-must-match.1: The content of 'definitions' must match (annotation?, (simpleType | complexType)?, (unique | key | keyref)*)). A problem was found starting at: attribute.
2025-09-16 17:09:44,806 [INFO] PluginManage:359 - Loaded plugin pinoutconfig (category:base,tabindex:0)
2025-09-16 17:09:44,807 [INFO] PluginManage:310 - Check plugin power
2025-09-16 17:09:44,821 [INFO] PluginManage:359 - Loaded plugin power (category:power,tabindex:4)
2025-09-16 17:09:44,821 [INFO] PluginManage:310 - Check plugin projectmanager
2025-09-16 17:09:44,847 [INFO] PluginManage:359 - Loaded plugin projectmanager (category:projectmanager,tabindex:4)
2025-09-16 17:09:44,847 [INFO] PluginManage:310 - Check plugin rif
2025-09-16 17:09:44,863 [INFO] PluginManage:359 - Loaded plugin rif (category:base,tabindex:3)
2025-09-16 17:09:44,864 [INFO] PluginManage:310 - Check plugin thirdparty
2025-09-16 17:09:45,081 [INFO] PluginManage:359 - Loaded plugin thirdparty (category:base,tabindex:-1)
2025-09-16 17:09:45,081 [WARN] IntegrityCheckThread:84 - waiting for thirdparty lock release [integrity check]
2025-09-16 17:09:45,081 [INFO] PluginManage:310 - Check plugin tools
2025-09-16 17:09:45,082 [INFO] IntegrityCheckThread:86 - entering critical section [integrity check]
2025-09-16 17:09:45,082 [INFO] ThirdPartyUpdaterWithRetryManager:70 - Updater plugin not ready yet. [1/15]
2025-09-16 17:09:45,086 [INFO] PluginManage:359 - Loaded plugin tools (category:base,tabindex:7)
2025-09-16 17:09:45,086 [INFO] PluginManage:310 - Check plugin tutovideos
2025-09-16 17:09:45,428 [INFO] PluginManage:359 - Loaded plugin tutovideos (category:base,tabindex:-1)
2025-09-16 17:09:45,428 [INFO] PluginManage:310 - Check plugin updater
2025-09-16 17:09:45,470 [INFO] PluginManage:359 - Loaded plugin updater (category:base,tabindex:12)
2025-09-16 17:09:45,470 [INFO] PluginManage:310 - Check plugin userauth
2025-09-16 17:09:45,476 [INFO] UserAuth:118 - Init User Auth plugin
2025-09-16 17:09:45,477 [INFO] PluginManage:359 - Loaded plugin userauth (category:base,tabindex:14)
2025-09-16 17:09:45,477 [INFO] PluginManage:283 - PluginManage : Loaded plugins [18]
2025-09-16 17:09:45,740 [INFO] PinOutPanel:1589 - setPackage(No Configuration,No Configuration)
2025-09-16 17:09:45,841 [INFO] CADModel:165 - CPN selected for project level
2025-09-16 17:09:45,842 [INFO] CADModel:114 - Register for checkConnection events
2025-09-16 17:09:45,862 [INFO] IPUIPlugin:80 - create IPUIPlugin
2025-09-16 17:09:45,862 [INFO] PluginManager:220 - loadIPPluginJar : add i2c
2025-09-16 17:09:45,871 [INFO] IPUIPlugin:80 - create IPUIPlugin
2025-09-16 17:09:45,872 [INFO] PluginManager:220 - loadIPPluginJar : add mdma
2025-09-16 17:09:45,875 [INFO] IPUIPlugin:80 - create IPUIPlugin
2025-09-16 17:09:45,875 [INFO] PluginManager:220 - loadIPPluginJar : add aes
2025-09-16 17:09:45,878 [INFO] IPUIPlugin:80 - create IPUIPlugin
2025-09-16 17:09:45,879 [INFO] PluginManager:220 - loadIPPluginJar : add can
2025-09-16 17:09:45,887 [INFO] IPUIPlugin:80 - create IPUIPlugin
2025-09-16 17:09:45,887 [INFO] PluginManager:220 - loadIPPluginJar : add freertos
2025-09-16 17:09:45,891 [INFO] IPUIPlugin:80 - create IPUIPlugin
2025-09-16 17:09:45,891 [INFO] PluginManager:220 - loadIPPluginJar : add gtzc
2025-09-16 17:09:45,893 [INFO] IPUIPlugin:80 - create IPUIPlugin
2025-09-16 17:09:45,893 [INFO] PluginManager:220 - loadIPPluginJar : add ts
2025-09-16 17:09:45,905 [INFO] IPUIPlugin:80 - create IPUIPlugin
2025-09-16 17:09:45,905 [INFO] PluginManager:220 - loadIPPluginJar : add stm32_wpan
2025-09-16 17:09:45,907 [INFO] IPUIPlugin:80 - create IPUIPlugin
2025-09-16 17:09:45,908 [INFO] PluginManager:220 - loadIPPluginJar : add fatfs
2025-09-16 17:09:45,916 [INFO] IPUIPlugin:80 - create IPUIPlugin
2025-09-16 17:09:45,916 [INFO] PluginManager:220 - loadIPPluginJar : add dma
2025-09-16 17:09:45,920 [INFO] IPUIPlugin:80 - create IPUIPlugin
2025-09-16 17:09:45,920 [INFO] PluginManager:220 - loadIPPluginJar : add usbx
2025-09-16 17:09:45,923 [INFO] IPUIPlugin:80 - create IPUIPlugin
2025-09-16 17:09:45,923 [INFO] PluginManager:220 - loadIPPluginJar : add hash
2025-09-16 17:09:45,926 [INFO] IPUIPlugin:80 - create IPUIPlugin
2025-09-16 17:09:45,926 [INFO] PluginManager:220 - loadIPPluginJar : add cryp
2025-09-16 17:09:45,930 [INFO] IPUIPlugin:80 - create IPUIPlugin
2025-09-16 17:09:45,930 [INFO] PluginManager:220 - loadIPPluginJar : add openamp
2025-09-16 17:09:45,932 [INFO] IPUIPlugin:80 - create IPUIPlugin
2025-09-16 17:09:45,932 [INFO] PluginManager:220 - loadIPPluginJar : add genericplugin
2025-09-16 17:09:45,937 [INFO] IPUIPlugin:80 - create IPUIPlugin
2025-09-16 17:09:45,937 [INFO] PluginManager:220 - loadIPPluginJar : add ipddr
2025-09-16 17:09:45,940 [INFO] IPUIPlugin:80 - create IPUIPlugin
2025-09-16 17:09:45,940 [INFO] PluginManager:220 - loadIPPluginJar : add opamp
2025-09-16 17:09:45,942 [INFO] IPUIPlugin:80 - create IPUIPlugin
2025-09-16 17:09:45,942 [INFO] PluginManager:220 - loadIPPluginJar : add ltdc
2025-09-16 17:09:45,945 [INFO] IPUIPlugin:80 - create IPUIPlugin
2025-09-16 17:09:45,945 [INFO] PluginManager:220 - loadIPPluginJar : add dfsdm
2025-09-16 17:09:45,952 [INFO] IPUIPlugin:80 - create IPUIPlugin
2025-09-16 17:09:45,953 [INFO] PluginManager:220 - loadIPPluginJar : add gic
2025-09-16 17:09:45,956 [INFO] IPUIPlugin:80 - create IPUIPlugin
2025-09-16 17:09:45,957 [INFO] PluginManager:220 - loadIPPluginJar : add extmemmanager
2025-09-16 17:09:45,959 [INFO] IPUIPlugin:80 - create IPUIPlugin
2025-09-16 17:09:45,959 [INFO] PluginManager:220 - loadIPPluginJar : add ucpd
2025-09-16 17:09:45,962 [INFO] IPUIPlugin:80 - create IPUIPlugin
2025-09-16 17:09:45,962 [INFO] PluginManager:220 - loadIPPluginJar : add tracer_emb
2025-09-16 17:09:45,964 [INFO] IPUIPlugin:80 - create IPUIPlugin
2025-09-16 17:09:45,965 [INFO] PluginManager:220 - loadIPPluginJar : add radio
2025-09-16 17:09:45,968 [INFO] IPUIPlugin:80 - create IPUIPlugin
2025-09-16 17:09:45,968 [INFO] PluginManager:220 - loadIPPluginJar : add pdm2pcm
2025-09-16 17:09:45,970 [INFO] IPUIPlugin:80 - create IPUIPlugin
2025-09-16 17:09:45,971 [INFO] PluginManager:220 - loadIPPluginJar : add spi
2025-09-16 17:09:45,973 [INFO] IPUIPlugin:80 - create IPUIPlugin
2025-09-16 17:09:45,973 [INFO] PluginManager:220 - loadIPPluginJar : add tim
2025-09-16 17:09:45,982 [INFO] IPUIPlugin:80 - create IPUIPlugin
2025-09-16 17:09:45,986 [INFO] PluginManager:220 - loadIPPluginJar : add plateformsettings
2025-09-16 17:09:45,990 [INFO] IPUIPlugin:80 - create IPUIPlugin
2025-09-16 17:09:45,991 [INFO] PluginManager:220 - loadIPPluginJar : add touchsensing
2025-09-16 17:09:45,998 [INFO] IPUIPlugin:80 - create IPUIPlugin
2025-09-16 17:09:45,998 [INFO] PluginManager:220 - loadIPPluginJar : add gpio
2025-09-16 17:09:46,010 [INFO] IPUIPlugin:80 - create IPUIPlugin
2025-09-16 17:09:46,011 [INFO] PluginManager:220 - loadIPPluginJar : add adc
2025-09-16 17:09:46,023 [INFO] IPUIPlugin:80 - create IPUIPlugin
2025-09-16 17:09:46,023 [INFO] PluginManager:220 - loadIPPluginJar : add linkedlist
2025-09-16 17:09:46,026 [INFO] IPUIPlugin:80 - create IPUIPlugin
2025-09-16 17:09:46,026 [INFO] PluginManager:220 - loadIPPluginJar : add comp
2025-09-16 17:09:46,032 [INFO] IPUIPlugin:80 - create IPUIPlugin
2025-09-16 17:09:46,033 [INFO] PluginManager:220 - loadIPPluginJar : add fmc
2025-09-16 17:09:46,034 [INFO] IPUIPlugin:80 - create IPUIPlugin
2025-09-16 17:09:46,035 [INFO] PluginManager:220 - loadIPPluginJar : add tsc
2025-09-16 17:09:46,039 [INFO] IPUIPlugin:80 - create IPUIPlugin
2025-09-16 17:09:46,039 [INFO] PluginManager:220 - loadIPPluginJar : add sai
2025-09-16 17:09:46,042 [INFO] IPUIPlugin:80 - create IPUIPlugin
2025-09-16 17:09:46,043 [INFO] PluginManager:220 - loadIPPluginJar : add usart
2025-09-16 17:09:46,047 [INFO] IPUIPlugin:80 - create IPUIPlugin
2025-09-16 17:09:46,048 [INFO] PluginManager:220 - loadIPPluginJar : add nvic
2025-09-16 17:09:46,052 [INFO] IPUIPlugin:80 - create IPUIPlugin
2025-09-16 17:09:46,053 [INFO] PluginManager:220 - loadIPPluginJar : add resmgrutility
2025-09-16 17:09:46,057 [INFO] IPUIPlugin:80 - create IPUIPlugin
2025-09-16 17:09:46,057 [INFO] PluginManager:220 - loadIPPluginJar : add lorawan
2025-09-16 17:09:46,060 [INFO] IPUIPlugin:80 - create IPUIPlugin
2025-09-16 17:09:46,060 [INFO] PluginManager:220 - loadIPPluginJar : add gfxmmu
2025-09-16 17:09:46,063 [INFO] IPUIPlugin:80 - create IPUIPlugin
2025-09-16 17:09:46,063 [INFO] PluginManager:220 - loadIPPluginJar : add dma3
2025-09-16 17:09:46,067 [INFO] IPUIPlugin:80 - create IPUIPlugin
2025-09-16 17:09:46,067 [INFO] PluginManager:220 - loadIPPluginJar : add i3c
2025-09-16 17:09:46,069 [INFO] IPUIPlugin:80 - create IPUIPlugin
2025-09-16 17:09:46,069 [INFO] PluginManager:220 - loadIPPluginJar : add quadspi
2025-09-16 17:09:46,073 [INFO] IPUIPlugin:80 - create IPUIPlugin
2025-09-16 17:09:46,074 [INFO] PluginManager:220 - loadIPPluginJar : add ddr_ctrl_phy
2025-09-16 17:09:46,077 [INFO] IPUIPlugin:80 - create IPUIPlugin
2025-09-16 17:09:46,077 [INFO] PluginManager:220 - loadIPPluginJar : add i2s
2025-09-16 17:09:46,202 [FATAL] Updater:351 - Updater called before beeing initialized
2025-09-16 17:09:46,253 [INFO] RulesReader:64 - Compatibility file has been processed (317 Rules)
2025-09-16 17:09:46,273 [INFO] RulesReader:64 - Compatibility file has been processed (317 Rules)
2025-09-16 17:09:46,284 [INFO] CADModel:165 - CPN selected for project level
2025-09-16 17:09:46,284 [INFO] CADModel:114 - Register for checkConnection events
2025-09-16 17:09:46,284 [FATAL] Updater:351 - Updater called before beeing initialized
2025-09-16 17:09:46,284 [ERROR] CADModel:125 - Updater not yet initialized, retry later 
2025-09-16 17:09:46,513 [FATAL] Updater:351 - Updater called before beeing initialized
2025-09-16 17:09:46,515 [INFO] CADModel:165 - CPN selected for project level
2025-09-16 17:09:46,515 [INFO] CADModel:114 - Register for checkConnection events
2025-09-16 17:09:46,515 [FATAL] Updater:351 - Updater called before beeing initialized
2025-09-16 17:09:46,516 [ERROR] CADModel:125 - Updater not yet initialized, retry later 
2025-09-16 17:09:46,521 [FATAL] Updater:351 - Updater called before beeing initialized
2025-09-16 17:09:46,654 [FATAL] Updater:351 - Updater called before beeing initialized
2025-09-16 17:09:46,660 [INFO] DbMcusAds:53 - JSON generation date=Tue Jul 08 05:14:23 ART 2025 (1751962463582)
2025-09-16 17:09:46,660 [FATAL] Updater:351 - Updater called before beeing initialized
2025-09-16 17:09:46,720 [WARN] DetailPanel:346 - Failed to get advertising image, set to default
2025-09-16 17:09:46,868 [FATAL] Updater:351 - Updater called before beeing initialized
2025-09-16 17:09:46,871 [FATAL] Updater:351 - Updater called before beeing initialized
2025-09-16 17:09:46,871 [FATAL] Updater:351 - Updater called before beeing initialized
2025-09-16 17:09:46,871 [WARN] DetailPanel:346 - Failed to get advertising image, set to default
2025-09-16 17:09:46,872 [FATAL] Updater:351 - Updater called before beeing initialized
2025-09-16 17:09:46,921 [ERROR] Updater:1198 - MainUpdater not yet initialized. External WinMGr cannot be set.
2025-09-16 17:09:46,923 [INFO] Updater:1134 - Updater Version found : 6.15.0
2025-09-16 17:09:46,953 [INFO] ApplicationProperties:184 - Using Application install path: /opt/st/stm32cubeide_1.19.0/plugins/com.st.stm32cube.common.mx_6.15.0.202507011659
2025-09-16 17:09:46,974 [ERROR] LogOutputStream:75 - [STDERR_REDIRECT] Sep 16, 2025 5:09:46 PM java.util.prefs.FileSystemPreferences$2 run
2025-09-16 17:09:46,974 [ERROR] LogOutputStream:75 - [STDERR_REDIRECT] WARNING: Could not create system preferences directory. System preferences are unusable.
2025-09-16 17:09:46,975 [ERROR] LogOutputStream:75 - [STDERR_REDIRECT] 
2025-09-16 17:09:47,271 [INFO] MainUpdater:2872 - connection check result : 22
2025-09-16 17:09:47,272 [INFO] MainUpdater:289 - Updater Check For Update Now.
2025-09-16 17:09:47,272 [INFO] MicroXplorer:498 - Change Database Version : DB.6.0.150
2025-09-16 17:09:47,279 [INFO] McuFinderGlobals:63 - Set McuFinder mode to 2 (CubeIDE integrated)
2025-09-16 17:09:47,280 [INFO] UserAuth:487 - Internet connection configuration mode: 2
2025-09-16 17:09:47,289 [INFO] UserAuth:487 - Internet connection configuration mode: 2
2025-09-16 17:09:47,563 [INFO] CheckServerUpdateThread:120 - End of CheckServer Thread
2025-09-16 17:09:48,276 [WARN] PackLoader:240 - Cannot read IP mode file for STMicroelectronics.FP-SNS-MOTENVWB1.1.4.0
2025-09-16 17:09:48,287 [WARN] PackLoader:240 - Cannot read IP mode file for STMicroelectronics.FP-ATR-ASTRA1.2.0.2
2025-09-16 17:09:48,297 [WARN] PackLoader:240 - Cannot read IP mode file for STMicroelectronics.X-CUBE-SMBUS.2.1.0
2025-09-16 17:09:48,303 [WARN] PackLoader:240 - Cannot read IP mode file for STMicroelectronics.X-CUBE-ST60.1.0.0
2025-09-16 17:09:48,366 [WARN] PackLoader:240 - Cannot read IP mode file for STMicroelectronics.X-CUBE-AZRTOS-F7.1.1.0
2025-09-16 17:09:48,379 [WARN] PackLoader:240 - Cannot read IP mode file for Cesanta.I-CUBE-Mongoose.7.19.0
2025-09-16 17:09:48,392 [WARN] PackLoader:240 - Cannot read IP mode file for WES.I-CUBE-Cesium.1.4.0
2025-09-16 17:09:48,437 [WARN] PackLoader:240 - Cannot read IP mode file for Infineon.AIROC-Wi-Fi-Bluetooth-STM32.1.7.1
2025-09-16 17:09:48,457 [WARN] PackLoader:240 - Cannot read IP mode file for STMicroelectronics.X-CUBE-DISPLAY.3.0.0
2025-09-16 17:09:48,477 [WARN] PackLoader:240 - Cannot read IP mode file for STMicroelectronics.X-CUBE-NFC10.1.0.0
2025-09-16 17:09:48,486 [WARN] PackLoader:240 - Cannot read IP mode file for emotas.I-CUBE-CANOPEN.1.3.0
2025-09-16 17:09:48,492 [WARN] PackLoader:240 - Cannot read IP mode file for STMicroelectronics.FP-SNS-SMARTAG2.1.2.0
2025-09-16 17:09:48,497 [WARN] PackLoader:240 - Cannot read IP mode file for STMicroelectronics.FP-SNS-FLIGHT1.5.1.0
2025-09-16 17:09:48,511 [INFO] LogOutputStream:77 - [STDOUT_REDIRECT] 1 : Invalid condition id : UX_CORESTACK_Condition cause : null
2025-09-16 17:09:48,512 [INFO] LogOutputStream:77 - [STDOUT_REDIRECT] 1 : Invalid condition id : UX_CORESTACK_Condition cause : null
2025-09-16 17:09:48,512 [INFO] LogOutputStream:77 - [STDOUT_REDIRECT] 1 : Invalid condition id : UX_CORESTACK_Condition cause : null
2025-09-16 17:09:48,512 [INFO] LogOutputStream:77 - [STDOUT_REDIRECT] 1 : Invalid condition id : UX_CORESTACK_Condition cause : null
2025-09-16 17:09:48,513 [INFO] LogOutputStream:77 - [STDOUT_REDIRECT] 1 : Invalid condition id : UX_CORESTACK_Condition cause : null
2025-09-16 17:09:48,519 [WARN] PackLoader:240 - Cannot read IP mode file for STMicroelectronics.X-CUBE-AZRTOS-WL.2.0.0
2025-09-16 17:09:48,554 [WARN] PackLoader:240 - Cannot read IP mode file for STMicroelectronics.FP-SNS-MOTENV1.5.0.0
2025-09-16 17:09:48,569 [WARN] PackLoader:240 - Cannot read IP mode file for STMicroelectronics.X-CUBE-BLE2.3.3.0
2025-09-16 17:09:48,583 [WARN] PackLoader:240 - Cannot read IP mode file for STMicroelectronics.X-CUBE-NFC9.1.0.0
2025-09-16 17:09:48,596 [WARN] PackLoader:240 - Cannot read IP mode file for STMicroelectronics.X-CUBE-BLE1.7.1.0
2025-09-16 17:09:48,617 [WARN] PackLoader:240 - Cannot read IP mode file for STMicroelectronics.X-CUBE-AZRTOS-G0.1.1.0
2025-09-16 17:09:48,628 [WARN] PackLoader:240 - Cannot read IP mode file for STMicroelectronics.X-CUBE-SAFEA1.1.2.2
2025-09-16 17:09:48,639 [WARN] PackLoader:240 - Cannot read IP mode file for STMicroelectronics.X-CUBE-NFC4.3.0.0
2025-09-16 17:09:48,657 [WARN] PackLoader:240 - Cannot read IP mode file for EmbeddedOffice.I-CUBE-FS-RTOS.1.0.1
2025-09-16 17:09:48,668 [WARN] PackLoader:240 - Cannot read IP mode file for STMicroelectronics.X-CUBE-WB05N.2.0.0
2025-09-16 17:09:48,680 [WARN] PackLoader:240 - Cannot read IP mode file for STMicroelectronics.X-CUBE-TCPP.4.2.0
2025-09-16 17:09:48,691 [WARN] PackLoader:240 - Cannot read IP mode file for RealThread.X-CUBE-RT-Thread_Nano.4.1.1
2025-09-16 17:09:48,698 [WARN] PackLoader:240 - Cannot read IP mode file for STMicroelectronics.FP-ATR-SIGFOX1.3.2.0
2025-09-16 17:09:48,707 [WARN] PackLoader:240 - Cannot read IP mode file for ITTIA_DB.I-CUBE-ITTIADB.8.9.0
2025-09-16 17:09:48,715 [WARN] PackLoader:240 - Cannot read IP mode file for STMicroelectronics.X-CUBE-ST67W61.1.0.0
2025-09-16 17:09:48,759 [WARN] PackLoader:240 - Cannot read IP mode file for SEGGER.I-CUBE-embOS.1.3.1
2025-09-16 17:09:48,846 [WARN] PackLoader:240 - Cannot read IP mode file for STMicroelectronics.X-CUBE-ALGOBUILD.1.4.0
2025-09-16 17:09:48,950 [WARN] PackLoader:240 - Cannot read IP mode file for STMicroelectronics.X-CUBE-MEMS1.11.3.0
2025-09-16 17:09:49,338 [WARN] PackLoader:240 - Cannot read IP mode file for STMicroelectronics.X-CUBE-PM33A1.1.0.0
2025-09-16 17:09:49,380 [WARN] PackLoader:240 - Cannot read IP mode file for STMicroelectronics.X-CUBE-AZRTOS-F4.1.1.0
2025-09-16 17:09:49,389 [WARN] PackLoader:240 - Cannot read IP mode file for Avnet-IotConnect.X-CUBE-IoTC-DA16k-PMOD.1.0.0
2025-09-16 17:09:49,396 [WARN] PackLoader:240 - Cannot read IP mode file for STMicroelectronics.X-CUBE-ISPU.2.1.0
2025-09-16 17:09:49,431 [WARN] PackLoader:240 - Cannot read IP mode file for STMicroelectronics.X-CUBE-AZRTOS-L5.2.0.0
2025-09-16 17:09:49,450 [WARN] PackLoader:240 - Cannot read IP mode file for STMicroelectronics.X-CUBE-NFC6.3.1.0
2025-09-16 17:09:49,463 [WARN] PackLoader:240 - Cannot read IP mode file for STMicroelectronics.X-CUBE-FREERTOS.1.3.1
2025-09-16 17:09:49,472 [WARN] PackLoader:240 - Cannot read IP mode file for STMicroelectronics.X-CUBE-DPower.1.3.0
2025-09-16 17:09:49,509 [WARN] ConditionMgr:438 - getConditionDescription Invalid condition id : LAN8742 Phy interface Condition cause : null
2025-09-16 17:09:49,511 [WARN] PackLoader:240 - Cannot read IP mode file for STMicroelectronics.X-CUBE-AZRTOS-L4.2.0.0
2025-09-16 17:09:49,513 [WARN] ConditionMgr:1044 - genDependencies : Invalid condition id : LAN8742 Phy interface Condition cause : null
2025-09-16 17:09:49,514 [WARN] ConditionMgr:1044 - genDependencies : Invalid condition id : LAN8742 Phy interface Condition cause : null
2025-09-16 17:09:49,515 [WARN] ConditionMgr:1044 - genDependencies : Invalid condition id : LAN8742 Phy interface Condition cause : null
2025-09-16 17:09:49,529 [WARN] PackLoader:240 - Cannot read IP mode file for STMicroelectronics.X-CUBE-SFXS2LP1.4.0.0
2025-09-16 17:09:49,557 [WARN] ConditionMgr:438 - getConditionDescription Invalid condition id : UX DEVICE CLASS RTOS Condition cause : null
2025-09-16 17:09:49,558 [WARN] ConditionMgr:438 - getConditionDescription Invalid condition id : UX DEVICE CLASS RTOS Condition cause : null
2025-09-16 17:09:49,563 [WARN] PackLoader:240 - Cannot read IP mode file for STMicroelectronics.X-CUBE-AZRTOS-WB.2.0.0
2025-09-16 17:09:49,564 [WARN] ConditionMgr:1044 - genDependencies : Invalid condition id : UX DEVICE CLASS RTOS Condition cause : null
2025-09-16 17:09:49,565 [WARN] ConditionMgr:1044 - genDependencies : Invalid condition id : UX DEVICE CLASS RTOS Condition cause : null
2025-09-16 17:09:49,566 [WARN] ConditionMgr:1044 - genDependencies : Invalid condition id : UX DEVICE CLASS RTOS Condition cause : null
2025-09-16 17:09:49,566 [WARN] ConditionMgr:1044 - genDependencies : Invalid condition id : UX DEVICE CLASS RTOS Condition cause : null
2025-09-16 17:09:49,566 [WARN] ConditionMgr:1044 - genDependencies : Invalid condition id : UX DEVICE CLASS RTOS Condition cause : null
2025-09-16 17:09:49,577 [WARN] PackLoader:240 - Cannot read IP mode file for STMicroelectronics.X-CUBE-GNSS1.7.0.1
2025-09-16 17:09:49,585 [WARN] PackLoader:240 - Cannot read IP mode file for STMicroelectronics.X-CUBE-TOUCHGFX.4.25.0
2025-09-16 17:09:49,590 [WARN] ConditionMgr:438 - getConditionDescription Invalid condition id : Cortex-A Device cause : null
2025-09-16 17:09:49,612 [WARN] ConditionMgr:1044 - genDependencies : Invalid condition id : Cortex-A Device cause : null
2025-09-16 17:09:49,612 [WARN] ConditionMgr:1044 - genDependencies : Invalid condition id : Cortex-A Device cause : null
2025-09-16 17:09:49,612 [WARN] ConditionMgr:1044 - genDependencies : Invalid condition id : Cortex-A Device cause : null
2025-09-16 17:09:49,630 [WARN] PackLoader:240 - Cannot read IP mode file for STMicroelectronics.X-CUBE-SUBG2.5.0.0
2025-09-16 17:09:49,671 [WARN] PackLoader:240 - Cannot read IP mode file for STMicroelectronics.X-CUBE-AZRTOS-H7RS.1.1.0
2025-09-16 17:09:49,690 [WARN] PackLoader:240 - Cannot read IP mode file for STMicroelectronics.X-CUBE-AZRTOS-G4.2.0.0
2025-09-16 17:09:49,695 [WARN] PackLoader:240 - Cannot read IP mode file for wolfSSL.I-CUBE-wolfSSH.1.4.20
2025-09-16 17:09:49,701 [WARN] PackLoader:240 - Cannot read IP mode file for STMicroelectronics.X-CUBE-NFC7.2.0.0
2025-09-16 17:09:49,718 [WARN] PackLoader:240 - Cannot read IP mode file for STMicroelectronics.X-CUBE-IPS.3.1.0
2025-09-16 17:09:49,731 [WARN] PackLoader:240 - Cannot read IP mode file for STMicroelectronics.X-CUBE-ALS.1.0.2
2025-09-16 17:09:49,745 [WARN] PackLoader:240 - Cannot read IP mode file for STMicroelectronics.X-CUBE-TOF1.3.4.3
2025-09-16 17:09:49,761 [INFO] ThirdParty:978 - Integrity check success = true
2025-09-16 17:09:49,761 [INFO] IntegrityCheckThread:100 - exiting critical section [integrity check]
2025-09-16 17:09:49,761 [INFO] IntegrityCheckThread:103 - End integrity checks thread
2025-09-16 17:10:12,576 [ERROR] LogOutputStream:75 - [STDERR_REDIRECT] Sep 16, 2025 5:10:12 PM java.util.prefs.FileSystemPreferences checkLockFile0ErrorCode
2025-09-16 17:10:12,577 [ERROR] LogOutputStream:75 - [STDERR_REDIRECT] WARNING: Could not lock System prefs. Unix error code 2.
2025-09-16 17:10:12,577 [ERROR] LogOutputStream:75 - [STDERR_REDIRECT] 
2025-09-16 17:10:12,578 [ERROR] LogOutputStream:75 - [STDERR_REDIRECT] Sep 16, 2025 5:10:12 PM java.util.prefs.FileSystemPreferences syncWorld
2025-09-16 17:10:12,579 [ERROR] LogOutputStream:75 - [STDERR_REDIRECT] WARNING: Couldn't flush system prefs: java.util.prefs.BackingStoreException: Couldn't get file lock.
2025-09-16 17:10:12,579 [ERROR] LogOutputStream:75 - [STDERR_REDIRECT] 
2025-09-16 17:10:42,557 [ERROR] LogOutputStream:75 - [STDERR_REDIRECT] Sep 16, 2025 5:10:42 PM java.util.prefs.FileSystemPreferences checkLockFile0ErrorCode
2025-09-16 17:10:42,557 [ERROR] LogOutputStream:75 - [STDERR_REDIRECT] WARNING: Could not lock System prefs. Unix error code 2.
2025-09-16 17:10:42,557 [ERROR] LogOutputStream:75 - [STDERR_REDIRECT] 
2025-09-16 17:10:42,558 [ERROR] LogOutputStream:75 - [STDERR_REDIRECT] Sep 16, 2025 5:10:42 PM java.util.prefs.FileSystemPreferences syncWorld
2025-09-16 17:10:42,558 [ERROR] LogOutputStream:75 - [STDERR_REDIRECT] WARNING: Couldn't flush system prefs: java.util.prefs.BackingStoreException: Couldn't get file lock.
2025-09-16 17:10:42,558 [ERROR] LogOutputStream:75 - [STDERR_REDIRECT] 
2025-09-16 17:11:12,557 [ERROR] LogOutputStream:75 - [STDERR_REDIRECT] Sep 16, 2025 5:11:12 PM java.util.prefs.FileSystemPreferences checkLockFile0ErrorCode
2025-09-16 17:11:12,557 [ERROR] LogOutputStream:75 - [STDERR_REDIRECT] WARNING: Could not lock System prefs. Unix error code 2.
2025-09-16 17:11:12,557 [ERROR] LogOutputStream:75 - [STDERR_REDIRECT] 
2025-09-16 17:11:12,558 [ERROR] LogOutputStream:75 - [STDERR_REDIRECT] Sep 16, 2025 5:11:12 PM java.util.prefs.FileSystemPreferences syncWorld
2025-09-16 17:11:12,558 [ERROR] LogOutputStream:75 - [STDERR_REDIRECT] WARNING: Couldn't flush system prefs: java.util.prefs.BackingStoreException: Couldn't get file lock.
2025-09-16 17:11:12,558 [ERROR] LogOutputStream:75 - [STDERR_REDIRECT] 
2025-09-16 17:11:42,558 [ERROR] LogOutputStream:75 - [STDERR_REDIRECT] Sep 16, 2025 5:11:42 PM java.util.prefs.FileSystemPreferences checkLockFile0ErrorCode
2025-09-16 17:11:42,558 [ERROR] LogOutputStream:75 - [STDERR_REDIRECT] WARNING: Could not lock System prefs. Unix error code 2.
2025-09-16 17:11:42,559 [ERROR] LogOutputStream:75 - [STDERR_REDIRECT] 
2025-09-16 17:11:42,559 [ERROR] LogOutputStream:75 - [STDERR_REDIRECT] Sep 16, 2025 5:11:42 PM java.util.prefs.FileSystemPreferences syncWorld
2025-09-16 17:11:42,560 [ERROR] LogOutputStream:75 - [STDERR_REDIRECT] WARNING: Couldn't flush system prefs: java.util.prefs.BackingStoreException: Couldn't get file lock.
2025-09-16 17:11:42,560 [ERROR] LogOutputStream:75 - [STDERR_REDIRECT] 
2025-09-16 17:12:12,557 [ERROR] LogOutputStream:75 - [STDERR_REDIRECT] Sep 16, 2025 5:12:12 PM java.util.prefs.FileSystemPreferences checkLockFile0ErrorCode
2025-09-16 17:12:12,558 [ERROR] LogOutputStream:75 - [STDERR_REDIRECT] WARNING: Could not lock System prefs. Unix error code 2.
2025-09-16 17:12:12,558 [ERROR] LogOutputStream:75 - [STDERR_REDIRECT] 
2025-09-16 17:12:12,559 [ERROR] LogOutputStream:75 - [STDERR_REDIRECT] Sep 16, 2025 5:12:12 PM java.util.prefs.FileSystemPreferences syncWorld
2025-09-16 17:12:12,559 [ERROR] LogOutputStream:75 - [STDERR_REDIRECT] WARNING: Couldn't flush system prefs: java.util.prefs.BackingStoreException: Couldn't get file lock.
2025-09-16 17:12:12,559 [ERROR] LogOutputStream:75 - [STDERR_REDIRECT] 
2025-09-16 17:12:42,557 [ERROR] LogOutputStream:75 - [STDERR_REDIRECT] Sep 16, 2025 5:12:42 PM java.util.prefs.FileSystemPreferences checkLockFile0ErrorCode
2025-09-16 17:12:42,558 [ERROR] LogOutputStream:75 - [STDERR_REDIRECT] WARNING: Could not lock System prefs. Unix error code 2.
2025-09-16 17:12:42,558 [ERROR] LogOutputStream:75 - [STDERR_REDIRECT] 
2025-09-16 17:12:42,558 [ERROR] LogOutputStream:75 - [STDERR_REDIRECT] Sep 16, 2025 5:12:42 PM java.util.prefs.FileSystemPreferences syncWorld
2025-09-16 17:12:42,559 [ERROR] LogOutputStream:75 - [STDERR_REDIRECT] WARNING: Couldn't flush system prefs: java.util.prefs.BackingStoreException: Couldn't get file lock.
2025-09-16 17:12:42,559 [ERROR] LogOutputStream:75 - [STDERR_REDIRECT] 
2025-09-16 17:13:12,557 [ERROR] LogOutputStream:75 - [STDERR_REDIRECT] Sep 16, 2025 5:13:12 PM java.util.prefs.FileSystemPreferences checkLockFile0ErrorCode
2025-09-16 17:13:12,558 [ERROR] LogOutputStream:75 - [STDERR_REDIRECT] WARNING: Could not lock System prefs. Unix error code 2.
2025-09-16 17:13:12,558 [ERROR] LogOutputStream:75 - [STDERR_REDIRECT] 
2025-09-16 17:13:12,558 [ERROR] LogOutputStream:75 - [STDERR_REDIRECT] Sep 16, 2025 5:13:12 PM java.util.prefs.FileSystemPreferences syncWorld
2025-09-16 17:13:12,559 [ERROR] LogOutputStream:75 - [STDERR_REDIRECT] WARNING: Couldn't flush system prefs: java.util.prefs.BackingStoreException: Couldn't get file lock.
2025-09-16 17:13:12,559 [ERROR] LogOutputStream:75 - [STDERR_REDIRECT] 
2025-09-16 17:13:42,556 [ERROR] LogOutputStream:75 - [STDERR_REDIRECT] Sep 16, 2025 5:13:42 PM java.util.prefs.FileSystemPreferences checkLockFile0ErrorCode
2025-09-16 17:13:42,557 [ERROR] LogOutputStream:75 - [STDERR_REDIRECT] WARNING: Could not lock System prefs. Unix error code 2.
2025-09-16 17:13:42,557 [ERROR] LogOutputStream:75 - [STDERR_REDIRECT] 
2025-09-16 17:13:42,557 [ERROR] LogOutputStream:75 - [STDERR_REDIRECT] Sep 16, 2025 5:13:42 PM java.util.prefs.FileSystemPreferences syncWorld
2025-09-16 17:13:42,557 [ERROR] LogOutputStream:75 - [STDERR_REDIRECT] WARNING: Couldn't flush system prefs: java.util.prefs.BackingStoreException: Couldn't get file lock.
2025-09-16 17:13:42,558 [ERROR] LogOutputStream:75 - [STDERR_REDIRECT] 
2025-09-16 17:14:12,557 [ERROR] LogOutputStream:75 - [STDERR_REDIRECT] Sep 16, 2025 5:14:12 PM java.util.prefs.FileSystemPreferences checkLockFile0ErrorCode
2025-09-16 17:14:12,558 [ERROR] LogOutputStream:75 - [STDERR_REDIRECT] WARNING: Could not lock System prefs. Unix error code 2.
2025-09-16 17:14:12,558 [ERROR] LogOutputStream:75 - [STDERR_REDIRECT] 
2025-09-16 17:14:12,559 [ERROR] LogOutputStream:75 - [STDERR_REDIRECT] Sep 16, 2025 5:14:12 PM java.util.prefs.FileSystemPreferences syncWorld
2025-09-16 17:14:12,559 [ERROR] LogOutputStream:75 - [STDERR_REDIRECT] WARNING: Couldn't flush system prefs: java.util.prefs.BackingStoreException: Couldn't get file lock.
2025-09-16 17:14:12,559 [ERROR] LogOutputStream:75 - [STDERR_REDIRECT] 
2025-09-16 17:14:42,558 [ERROR] LogOutputStream:75 - [STDERR_REDIRECT] Sep 16, 2025 5:14:42 PM java.util.prefs.FileSystemPreferences checkLockFile0ErrorCode
2025-09-16 17:14:42,558 [ERROR] LogOutputStream:75 - [STDERR_REDIRECT] WARNING: Could not lock System prefs. Unix error code 2.
2025-09-16 17:14:42,558 [ERROR] LogOutputStream:75 - [STDERR_REDIRECT] 
2025-09-16 17:14:42,559 [ERROR] LogOutputStream:75 - [STDERR_REDIRECT] Sep 16, 2025 5:14:42 PM java.util.prefs.FileSystemPreferences syncWorld
2025-09-16 17:14:42,559 [ERROR] LogOutputStream:75 - [STDERR_REDIRECT] WARNING: Couldn't flush system prefs: java.util.prefs.BackingStoreException: Couldn't get file lock.
2025-09-16 17:14:42,559 [ERROR] LogOutputStream:75 - [STDERR_REDIRECT] 
2025-09-16 17:15:12,557 [ERROR] LogOutputStream:75 - [STDERR_REDIRECT] Sep 16, 2025 5:15:12 PM java.util.prefs.FileSystemPreferences checkLockFile0ErrorCode
2025-09-16 17:15:12,558 [ERROR] LogOutputStream:75 - [STDERR_REDIRECT] WARNING: Could not lock System prefs. Unix error code 2.
2025-09-16 17:15:12,558 [ERROR] LogOutputStream:75 - [STDERR_REDIRECT] 
2025-09-16 17:15:12,558 [ERROR] LogOutputStream:75 - [STDERR_REDIRECT] Sep 16, 2025 5:15:12 PM java.util.prefs.FileSystemPreferences syncWorld
2025-09-16 17:15:12,559 [ERROR] LogOutputStream:75 - [STDERR_REDIRECT] WARNING: Couldn't flush system prefs: java.util.prefs.BackingStoreException: Couldn't get file lock.
2025-09-16 17:15:12,559 [ERROR] LogOutputStream:75 - [STDERR_REDIRECT] 
2025-09-16 17:15:42,559 [ERROR] LogOutputStream:75 - [STDERR_REDIRECT] Sep 16, 2025 5:15:42 PM java.util.prefs.FileSystemPreferences checkLockFile0ErrorCode
2025-09-16 17:15:42,560 [ERROR] LogOutputStream:75 - [STDERR_REDIRECT] WARNING: Could not lock System prefs. Unix error code 2.
2025-09-16 17:15:42,560 [ERROR] LogOutputStream:75 - [STDERR_REDIRECT] 
2025-09-16 17:15:42,561 [ERROR] LogOutputStream:75 - [STDERR_REDIRECT] Sep 16, 2025 5:15:42 PM java.util.prefs.FileSystemPreferences syncWorld
2025-09-16 17:15:42,561 [ERROR] LogOutputStream:75 - [STDERR_REDIRECT] WARNING: Couldn't flush system prefs: java.util.prefs.BackingStoreException: Couldn't get file lock.
2025-09-16 17:15:42,561 [ERROR] LogOutputStream:75 - [STDERR_REDIRECT] 
2025-09-16 17:16:12,559 [ERROR] LogOutputStream:75 - [STDERR_REDIRECT] Sep 16, 2025 5:16:12 PM java.util.prefs.FileSystemPreferences checkLockFile0ErrorCode
2025-09-16 17:16:12,560 [ERROR] LogOutputStream:75 - [STDERR_REDIRECT] WARNING: Could not lock System prefs. Unix error code 2.
2025-09-16 17:16:12,560 [ERROR] LogOutputStream:75 - [STDERR_REDIRECT] 
2025-09-16 17:16:12,561 [ERROR] LogOutputStream:75 - [STDERR_REDIRECT] Sep 16, 2025 5:16:12 PM java.util.prefs.FileSystemPreferences syncWorld
2025-09-16 17:16:12,561 [ERROR] LogOutputStream:75 - [STDERR_REDIRECT] WARNING: Couldn't flush system prefs: java.util.prefs.BackingStoreException: Couldn't get file lock.
2025-09-16 17:16:12,561 [ERROR] LogOutputStream:75 - [STDERR_REDIRECT] 
2025-09-16 17:16:42,559 [ERROR] LogOutputStream:75 - [STDERR_REDIRECT] Sep 16, 2025 5:16:42 PM java.util.prefs.FileSystemPreferences checkLockFile0ErrorCode
2025-09-16 17:16:42,560 [ERROR] LogOutputStream:75 - [STDERR_REDIRECT] WARNING: Could not lock System prefs. Unix error code 2.
2025-09-16 17:16:42,560 [ERROR] LogOutputStream:75 - [STDERR_REDIRECT] 
2025-09-16 17:16:42,560 [ERROR] LogOutputStream:75 - [STDERR_REDIRECT] Sep 16, 2025 5:16:42 PM java.util.prefs.FileSystemPreferences syncWorld
2025-09-16 17:16:42,561 [ERROR] LogOutputStream:75 - [STDERR_REDIRECT] WARNING: Couldn't flush system prefs: java.util.prefs.BackingStoreException: Couldn't get file lock.
2025-09-16 17:16:42,561 [ERROR] LogOutputStream:75 - [STDERR_REDIRECT] 
2025-09-16 17:17:12,559 [ERROR] LogOutputStream:75 - [STDERR_REDIRECT] Sep 16, 2025 5:17:12 PM java.util.prefs.FileSystemPreferences checkLockFile0ErrorCode
2025-09-16 17:17:12,559 [ERROR] LogOutputStream:75 - [STDERR_REDIRECT] WARNING: Could not lock System prefs. Unix error code 2.
2025-09-16 17:17:12,560 [ERROR] LogOutputStream:75 - [STDERR_REDIRECT] 
2025-09-16 17:17:12,560 [ERROR] LogOutputStream:75 - [STDERR_REDIRECT] Sep 16, 2025 5:17:12 PM java.util.prefs.FileSystemPreferences syncWorld
2025-09-16 17:17:12,560 [ERROR] LogOutputStream:75 - [STDERR_REDIRECT] WARNING: Couldn't flush system prefs: java.util.prefs.BackingStoreException: Couldn't get file lock.
2025-09-16 17:17:12,560 [ERROR] LogOutputStream:75 - [STDERR_REDIRECT] 
2025-09-16 17:17:42,560 [ERROR] LogOutputStream:75 - [STDERR_REDIRECT] Sep 16, 2025 5:17:42 PM java.util.prefs.FileSystemPreferences checkLockFile0ErrorCode
2025-09-16 17:17:42,561 [ERROR] LogOutputStream:75 - [STDERR_REDIRECT] WARNING: Could not lock System prefs. Unix error code 2.
2025-09-16 17:17:42,561 [ERROR] LogOutputStream:75 - [STDERR_REDIRECT] 
2025-09-16 17:17:42,561 [ERROR] LogOutputStream:75 - [STDERR_REDIRECT] Sep 16, 2025 5:17:42 PM java.util.prefs.FileSystemPreferences syncWorld
2025-09-16 17:17:42,562 [ERROR] LogOutputStream:75 - [STDERR_REDIRECT] WARNING: Couldn't flush system prefs: java.util.prefs.BackingStoreException: Couldn't get file lock.
2025-09-16 17:17:42,562 [ERROR] LogOutputStream:75 - [STDERR_REDIRECT] 
2025-09-16 17:18:12,561 [ERROR] LogOutputStream:75 - [STDERR_REDIRECT] Sep 16, 2025 5:18:12 PM java.util.prefs.FileSystemPreferences checkLockFile0ErrorCode
2025-09-16 17:18:12,561 [ERROR] LogOutputStream:75 - [STDERR_REDIRECT] WARNING: Could not lock System prefs. Unix error code 2.
2025-09-16 17:18:12,561 [ERROR] LogOutputStream:75 - [STDERR_REDIRECT] 
2025-09-16 17:18:12,562 [ERROR] LogOutputStream:75 - [STDERR_REDIRECT] Sep 16, 2025 5:18:12 PM java.util.prefs.FileSystemPreferences syncWorld
2025-09-16 17:18:12,562 [ERROR] LogOutputStream:75 - [STDERR_REDIRECT] WARNING: Couldn't flush system prefs: java.util.prefs.BackingStoreException: Couldn't get file lock.
2025-09-16 17:18:12,562 [ERROR] LogOutputStream:75 - [STDERR_REDIRECT] 
2025-09-16 17:18:42,561 [ERROR] LogOutputStream:75 - [STDERR_REDIRECT] Sep 16, 2025 5:18:42 PM java.util.prefs.FileSystemPreferences checkLockFile0ErrorCode
2025-09-16 17:18:42,562 [ERROR] LogOutputStream:75 - [STDERR_REDIRECT] WARNING: Could not lock System prefs. Unix error code 2.
2025-09-16 17:18:42,562 [ERROR] LogOutputStream:75 - [STDERR_REDIRECT] 
2025-09-16 17:18:42,562 [ERROR] LogOutputStream:75 - [STDERR_REDIRECT] Sep 16, 2025 5:18:42 PM java.util.prefs.FileSystemPreferences syncWorld
2025-09-16 17:18:42,563 [ERROR] LogOutputStream:75 - [STDERR_REDIRECT] WARNING: Couldn't flush system prefs: java.util.prefs.BackingStoreException: Couldn't get file lock.
2025-09-16 17:18:42,563 [ERROR] LogOutputStream:75 - [STDERR_REDIRECT] 
2025-09-16 17:19:12,559 [ERROR] LogOutputStream:75 - [STDERR_REDIRECT] Sep 16, 2025 5:19:12 PM java.util.prefs.FileSystemPreferences checkLockFile0ErrorCode
2025-09-16 17:19:12,560 [ERROR] LogOutputStream:75 - [STDERR_REDIRECT] WARNING: Could not lock System prefs. Unix error code 2.
2025-09-16 17:19:12,560 [ERROR] LogOutputStream:75 - [STDERR_REDIRECT] 
2025-09-16 17:19:12,561 [ERROR] LogOutputStream:75 - [STDERR_REDIRECT] Sep 16, 2025 5:19:12 PM java.util.prefs.FileSystemPreferences syncWorld
2025-09-16 17:19:12,561 [ERROR] LogOutputStream:75 - [STDERR_REDIRECT] WARNING: Couldn't flush system prefs: java.util.prefs.BackingStoreException: Couldn't get file lock.
2025-09-16 17:19:12,561 [ERROR] LogOutputStream:75 - [STDERR_REDIRECT] 
2025-09-16 17:19:42,560 [ERROR] LogOutputStream:75 - [STDERR_REDIRECT] Sep 16, 2025 5:19:42 PM java.util.prefs.FileSystemPreferences checkLockFile0ErrorCode
2025-09-16 17:19:42,561 [ERROR] LogOutputStream:75 - [STDERR_REDIRECT] WARNING: Could not lock System prefs. Unix error code 2.
2025-09-16 17:19:42,561 [ERROR] LogOutputStream:75 - [STDERR_REDIRECT] 
2025-09-16 17:19:42,561 [ERROR] LogOutputStream:75 - [STDERR_REDIRECT] Sep 16, 2025 5:19:42 PM java.util.prefs.FileSystemPreferences syncWorld
2025-09-16 17:19:42,562 [ERROR] LogOutputStream:75 - [STDERR_REDIRECT] WARNING: Couldn't flush system prefs: java.util.prefs.BackingStoreException: Couldn't get file lock.
2025-09-16 17:19:42,562 [ERROR] LogOutputStream:75 - [STDERR_REDIRECT] 
2025-09-16 17:20:12,560 [ERROR] LogOutputStream:75 - [STDERR_REDIRECT] Sep 16, 2025 5:20:12 PM java.util.prefs.FileSystemPreferences checkLockFile0ErrorCode
2025-09-16 17:20:12,560 [ERROR] LogOutputStream:75 - [STDERR_REDIRECT] WARNING: Could not lock System prefs. Unix error code 2.
2025-09-16 17:20:12,560 [ERROR] LogOutputStream:75 - [STDERR_REDIRECT] 
2025-09-16 17:20:12,561 [ERROR] LogOutputStream:75 - [STDERR_REDIRECT] Sep 16, 2025 5:20:12 PM java.util.prefs.FileSystemPreferences syncWorld
2025-09-16 17:20:12,561 [ERROR] LogOutputStream:75 - [STDERR_REDIRECT] WARNING: Couldn't flush system prefs: java.util.prefs.BackingStoreException: Couldn't get file lock.
2025-09-16 17:20:12,561 [ERROR] LogOutputStream:75 - [STDERR_REDIRECT] 
2025-09-16 17:20:42,562 [ERROR] LogOutputStream:75 - [STDERR_REDIRECT] Sep 16, 2025 5:20:42 PM java.util.prefs.FileSystemPreferences checkLockFile0ErrorCode
2025-09-16 17:20:42,562 [ERROR] LogOutputStream:75 - [STDERR_REDIRECT] WARNING: Could not lock System prefs. Unix error code 2.
2025-09-16 17:20:42,563 [ERROR] LogOutputStream:75 - [STDERR_REDIRECT] 
2025-09-16 17:20:42,563 [ERROR] LogOutputStream:75 - [STDERR_REDIRECT] Sep 16, 2025 5:20:42 PM java.util.prefs.FileSystemPreferences syncWorld
2025-09-16 17:20:42,564 [ERROR] LogOutputStream:75 - [STDERR_REDIRECT] WARNING: Couldn't flush system prefs: java.util.prefs.BackingStoreException: Couldn't get file lock.
2025-09-16 17:20:42,564 [ERROR] LogOutputStream:75 - [STDERR_REDIRECT] 
2025-09-16 17:21:12,562 [ERROR] LogOutputStream:75 - [STDERR_REDIRECT] Sep 16, 2025 5:21:12 PM java.util.prefs.FileSystemPreferences checkLockFile0ErrorCode
2025-09-16 17:21:12,562 [ERROR] LogOutputStream:75 - [STDERR_REDIRECT] WARNING: Could not lock System prefs. Unix error code 2.
2025-09-16 17:21:12,563 [ERROR] LogOutputStream:75 - [STDERR_REDIRECT] 
2025-09-16 17:21:12,563 [ERROR] LogOutputStream:75 - [STDERR_REDIRECT] Sep 16, 2025 5:21:12 PM java.util.prefs.FileSystemPreferences syncWorld
2025-09-16 17:21:12,564 [ERROR] LogOutputStream:75 - [STDERR_REDIRECT] WARNING: Couldn't flush system prefs: java.util.prefs.BackingStoreException: Couldn't get file lock.
2025-09-16 17:21:12,564 [ERROR] LogOutputStream:75 - [STDERR_REDIRECT] 
2025-09-16 17:21:42,561 [ERROR] LogOutputStream:75 - [STDERR_REDIRECT] Sep 16, 2025 5:21:42 PM java.util.prefs.FileSystemPreferences checkLockFile0ErrorCode
2025-09-16 17:21:42,562 [ERROR] LogOutputStream:75 - [STDERR_REDIRECT] WARNING: Could not lock System prefs. Unix error code 2.
2025-09-16 17:21:42,562 [ERROR] LogOutputStream:75 - [STDERR_REDIRECT] 
2025-09-16 17:21:42,563 [ERROR] LogOutputStream:75 - [STDERR_REDIRECT] Sep 16, 2025 5:21:42 PM java.util.prefs.FileSystemPreferences syncWorld
2025-09-16 17:21:42,563 [ERROR] LogOutputStream:75 - [STDERR_REDIRECT] WARNING: Couldn't flush system prefs: java.util.prefs.BackingStoreException: Couldn't get file lock.
2025-09-16 17:21:42,563 [ERROR] LogOutputStream:75 - [STDERR_REDIRECT] 
2025-09-16 17:22:12,562 [ERROR] LogOutputStream:75 - [STDERR_REDIRECT] Sep 16, 2025 5:22:12 PM java.util.prefs.FileSystemPreferences checkLockFile0ErrorCode
2025-09-16 17:22:12,562 [ERROR] LogOutputStream:75 - [STDERR_REDIRECT] WARNING: Could not lock System prefs. Unix error code 2.
2025-09-16 17:22:12,562 [ERROR] LogOutputStream:75 - [STDERR_REDIRECT] 
2025-09-16 17:22:12,563 [ERROR] LogOutputStream:75 - [STDERR_REDIRECT] Sep 16, 2025 5:22:12 PM java.util.prefs.FileSystemPreferences syncWorld
2025-09-16 17:22:12,563 [ERROR] LogOutputStream:75 - [STDERR_REDIRECT] WARNING: Couldn't flush system prefs: java.util.prefs.BackingStoreException: Couldn't get file lock.
2025-09-16 17:22:12,564 [ERROR] LogOutputStream:75 - [STDERR_REDIRECT] 
2025-09-16 17:22:42,562 [ERROR] LogOutputStream:75 - [STDERR_REDIRECT] Sep 16, 2025 5:22:42 PM java.util.prefs.FileSystemPreferences checkLockFile0ErrorCode
2025-09-16 17:22:42,562 [ERROR] LogOutputStream:75 - [STDERR_REDIRECT] WARNING: Could not lock System prefs. Unix error code 2.
2025-09-16 17:22:42,563 [ERROR] LogOutputStream:75 - [STDERR_REDIRECT] 
2025-09-16 17:22:42,563 [ERROR] LogOutputStream:75 - [STDERR_REDIRECT] Sep 16, 2025 5:22:42 PM java.util.prefs.FileSystemPreferences syncWorld
2025-09-16 17:22:42,564 [ERROR] LogOutputStream:75 - [STDERR_REDIRECT] WARNING: Couldn't flush system prefs: java.util.prefs.BackingStoreException: Couldn't get file lock.
2025-09-16 17:22:42,564 [ERROR] LogOutputStream:75 - [STDERR_REDIRECT] 
2025-09-16 17:23:12,562 [ERROR] LogOutputStream:75 - [STDERR_REDIRECT] Sep 16, 2025 5:23:12 PM java.util.prefs.FileSystemPreferences checkLockFile0ErrorCode
2025-09-16 17:23:12,562 [ERROR] LogOutputStream:75 - [STDERR_REDIRECT] WARNING: Could not lock System prefs. Unix error code 2.
2025-09-16 17:23:12,562 [ERROR] LogOutputStream:75 - [STDERR_REDIRECT] 
2025-09-16 17:23:12,563 [ERROR] LogOutputStream:75 - [STDERR_REDIRECT] Sep 16, 2025 5:23:12 PM java.util.prefs.FileSystemPreferences syncWorld
2025-09-16 17:23:12,563 [ERROR] LogOutputStream:75 - [STDERR_REDIRECT] WARNING: Couldn't flush system prefs: java.util.prefs.BackingStoreException: Couldn't get file lock.
2025-09-16 17:23:12,564 [ERROR] LogOutputStream:75 - [STDERR_REDIRECT] 
2025-09-16 17:23:42,563 [ERROR] LogOutputStream:75 - [STDERR_REDIRECT] Sep 16, 2025 5:23:42 PM java.util.prefs.FileSystemPreferences checkLockFile0ErrorCode
2025-09-16 17:23:42,563 [ERROR] LogOutputStream:75 - [STDERR_REDIRECT] WARNING: Could not lock System prefs. Unix error code 2.
2025-09-16 17:23:42,564 [ERROR] LogOutputStream:75 - [STDERR_REDIRECT] 
2025-09-16 17:23:42,564 [ERROR] LogOutputStream:75 - [STDERR_REDIRECT] Sep 16, 2025 5:23:42 PM java.util.prefs.FileSystemPreferences syncWorld
2025-09-16 17:23:42,565 [ERROR] LogOutputStream:75 - [STDERR_REDIRECT] WARNING: Couldn't flush system prefs: java.util.prefs.BackingStoreException: Couldn't get file lock.
2025-09-16 17:23:42,565 [ERROR] LogOutputStream:75 - [STDERR_REDIRECT] 
2025-09-16 17:24:12,563 [ERROR] LogOutputStream:75 - [STDERR_REDIRECT] Sep 16, 2025 5:24:12 PM java.util.prefs.FileSystemPreferences checkLockFile0ErrorCode
2025-09-16 17:24:12,564 [ERROR] LogOutputStream:75 - [STDERR_REDIRECT] WARNING: Could not lock System prefs. Unix error code 2.
2025-09-16 17:24:12,564 [ERROR] LogOutputStream:75 - [STDERR_REDIRECT] 
2025-09-16 17:24:12,565 [ERROR] LogOutputStream:75 - [STDERR_REDIRECT] Sep 16, 2025 5:24:12 PM java.util.prefs.FileSystemPreferences syncWorld
2025-09-16 17:24:12,565 [ERROR] LogOutputStream:75 - [STDERR_REDIRECT] WARNING: Couldn't flush system prefs: java.util.prefs.BackingStoreException: Couldn't get file lock.
2025-09-16 17:24:12,565 [ERROR] LogOutputStream:75 - [STDERR_REDIRECT] 
2025-09-16 17:24:42,562 [ERROR] LogOutputStream:75 - [STDERR_REDIRECT] Sep 16, 2025 5:24:42 PM java.util.prefs.FileSystemPreferences checkLockFile0ErrorCode
2025-09-16 17:24:42,563 [ERROR] LogOutputStream:75 - [STDERR_REDIRECT] WARNING: Could not lock System prefs. Unix error code 2.
2025-09-16 17:24:42,563 [ERROR] LogOutputStream:75 - [STDERR_REDIRECT] 
2025-09-16 17:24:42,564 [ERROR] LogOutputStream:75 - [STDERR_REDIRECT] Sep 16, 2025 5:24:42 PM java.util.prefs.FileSystemPreferences syncWorld
2025-09-16 17:24:42,564 [ERROR] LogOutputStream:75 - [STDERR_REDIRECT] WARNING: Couldn't flush system prefs: java.util.prefs.BackingStoreException: Couldn't get file lock.
2025-09-16 17:24:42,564 [ERROR] LogOutputStream:75 - [STDERR_REDIRECT] 
2025-09-16 17:25:12,563 [ERROR] LogOutputStream:75 - [STDERR_REDIRECT] Sep 16, 2025 5:25:12 PM java.util.prefs.FileSystemPreferences checkLockFile0ErrorCode
2025-09-16 17:25:12,563 [ERROR] LogOutputStream:75 - [STDERR_REDIRECT] WARNING: Could not lock System prefs. Unix error code 2.
2025-09-16 17:25:12,564 [ERROR] LogOutputStream:75 - [STDERR_REDIRECT] 
2025-09-16 17:25:12,564 [ERROR] LogOutputStream:75 - [STDERR_REDIRECT] Sep 16, 2025 5:25:12 PM java.util.prefs.FileSystemPreferences syncWorld
2025-09-16 17:25:12,564 [ERROR] LogOutputStream:75 - [STDERR_REDIRECT] WARNING: Couldn't flush system prefs: java.util.prefs.BackingStoreException: Couldn't get file lock.
2025-09-16 17:25:12,565 [ERROR] LogOutputStream:75 - [STDERR_REDIRECT] 
2025-09-16 17:25:42,562 [ERROR] LogOutputStream:75 - [STDERR_REDIRECT] Sep 16, 2025 5:25:42 PM java.util.prefs.FileSystemPreferences checkLockFile0ErrorCode
2025-09-16 17:25:42,562 [ERROR] LogOutputStream:75 - [STDERR_REDIRECT] WARNING: Could not lock System prefs. Unix error code 2.
2025-09-16 17:25:42,562 [ERROR] LogOutputStream:75 - [STDERR_REDIRECT] 
2025-09-16 17:25:42,563 [ERROR] LogOutputStream:75 - [STDERR_REDIRECT] Sep 16, 2025 5:25:42 PM java.util.prefs.FileSystemPreferences syncWorld
2025-09-16 17:25:42,563 [ERROR] LogOutputStream:75 - [STDERR_REDIRECT] WARNING: Couldn't flush system prefs: java.util.prefs.BackingStoreException: Couldn't get file lock.
2025-09-16 17:25:42,563 [ERROR] LogOutputStream:75 - [STDERR_REDIRECT] 
2025-09-16 17:26:12,563 [ERROR] LogOutputStream:75 - [STDERR_REDIRECT] Sep 16, 2025 5:26:12 PM java.util.prefs.FileSystemPreferences checkLockFile0ErrorCode
2025-09-16 17:26:12,564 [ERROR] LogOutputStream:75 - [STDERR_REDIRECT] WARNING: Could not lock System prefs. Unix error code 2.
2025-09-16 17:26:12,564 [ERROR] LogOutputStream:75 - [STDERR_REDIRECT] 
2025-09-16 17:26:12,565 [ERROR] LogOutputStream:75 - [STDERR_REDIRECT] Sep 16, 2025 5:26:12 PM java.util.prefs.FileSystemPreferences syncWorld
2025-09-16 17:26:12,565 [ERROR] LogOutputStream:75 - [STDERR_REDIRECT] WARNING: Couldn't flush system prefs: java.util.prefs.BackingStoreException: Couldn't get file lock.
2025-09-16 17:26:12,565 [ERROR] LogOutputStream:75 - [STDERR_REDIRECT] 
2025-09-16 17:26:21,848 [ERROR] ConfigurationRetriever:142 - IOException on connection: sw-center.st.com
2025-09-16 17:26:21,851 [ERROR] ConfigurationRetriever:142 - IOException on connection: sw-center.st.com
2025-09-16 17:26:21,851 [ERROR] ConfigurationRetriever:142 - IOException on connection: sw-center.st.com
2025-09-16 17:26:42,567 [ERROR] LogOutputStream:75 - [STDERR_REDIRECT] Sep 16, 2025 5:26:42 PM java.util.prefs.FileSystemPreferences checkLockFile0ErrorCode
2025-09-16 17:26:42,567 [ERROR] LogOutputStream:75 - [STDERR_REDIRECT] WARNING: Could not lock System prefs. Unix error code 2.
2025-09-16 17:26:42,567 [ERROR] LogOutputStream:75 - [STDERR_REDIRECT] 
2025-09-16 17:26:42,568 [ERROR] LogOutputStream:75 - [STDERR_REDIRECT] Sep 16, 2025 5:26:42 PM java.util.prefs.FileSystemPreferences syncWorld
2025-09-16 17:26:42,568 [ERROR] LogOutputStream:75 - [STDERR_REDIRECT] WARNING: Couldn't flush system prefs: java.util.prefs.BackingStoreException: Couldn't get file lock.
2025-09-16 17:26:42,568 [ERROR] LogOutputStream:75 - [STDERR_REDIRECT] 
2025-09-16 17:27:12,563 [ERROR] LogOutputStream:75 - [STDERR_REDIRECT] Sep 16, 2025 5:27:12 PM java.util.prefs.FileSystemPreferences checkLockFile0ErrorCode
2025-09-16 17:27:12,564 [ERROR] LogOutputStream:75 - [STDERR_REDIRECT] WARNING: Could not lock System prefs. Unix error code 2.
2025-09-16 17:27:12,564 [ERROR] LogOutputStream:75 - [STDERR_REDIRECT] 
2025-09-16 17:27:12,564 [ERROR] LogOutputStream:75 - [STDERR_REDIRECT] Sep 16, 2025 5:27:12 PM java.util.prefs.FileSystemPreferences syncWorld
2025-09-16 17:27:12,565 [ERROR] LogOutputStream:75 - [STDERR_REDIRECT] WARNING: Couldn't flush system prefs: java.util.prefs.BackingStoreException: Couldn't get file lock.
2025-09-16 17:27:12,565 [ERROR] LogOutputStream:75 - [STDERR_REDIRECT] 
2025-09-16 17:27:42,564 [ERROR] LogOutputStream:75 - [STDERR_REDIRECT] Sep 16, 2025 5:27:42 PM java.util.prefs.FileSystemPreferences checkLockFile0ErrorCode
2025-09-16 17:27:42,564 [ERROR] LogOutputStream:75 - [STDERR_REDIRECT] WARNING: Could not lock System prefs. Unix error code 2.
2025-09-16 17:27:42,565 [ERROR] LogOutputStream:75 - [STDERR_REDIRECT] 
2025-09-16 17:27:42,565 [ERROR] LogOutputStream:75 - [STDERR_REDIRECT] Sep 16, 2025 5:27:42 PM java.util.prefs.FileSystemPreferences syncWorld
2025-09-16 17:27:42,565 [ERROR] LogOutputStream:75 - [STDERR_REDIRECT] WARNING: Couldn't flush system prefs: java.util.prefs.BackingStoreException: Couldn't get file lock.
2025-09-16 17:27:42,566 [ERROR] LogOutputStream:75 - [STDERR_REDIRECT] 
2025-09-16 17:28:12,563 [ERROR] LogOutputStream:75 - [STDERR_REDIRECT] Sep 16, 2025 5:28:12 PM java.util.prefs.FileSystemPreferences checkLockFile0ErrorCode
2025-09-16 17:28:12,563 [ERROR] LogOutputStream:75 - [STDERR_REDIRECT] WARNING: Could not lock System prefs. Unix error code 2.
2025-09-16 17:28:12,563 [ERROR] LogOutputStream:75 - [STDERR_REDIRECT] 
2025-09-16 17:28:12,564 [ERROR] LogOutputStream:75 - [STDERR_REDIRECT] Sep 16, 2025 5:28:12 PM java.util.prefs.FileSystemPreferences syncWorld
2025-09-16 17:28:12,564 [ERROR] LogOutputStream:75 - [STDERR_REDIRECT] WARNING: Couldn't flush system prefs: java.util.prefs.BackingStoreException: Couldn't get file lock.
2025-09-16 17:28:12,564 [ERROR] LogOutputStream:75 - [STDERR_REDIRECT] 
2025-09-16 17:28:42,563 [ERROR] LogOutputStream:75 - [STDERR_REDIRECT] Sep 16, 2025 5:28:42 PM java.util.prefs.FileSystemPreferences checkLockFile0ErrorCode
2025-09-16 17:28:42,564 [ERROR] LogOutputStream:75 - [STDERR_REDIRECT] WARNING: Could not lock System prefs. Unix error code 2.
2025-09-16 17:28:42,564 [ERROR] LogOutputStream:75 - [STDERR_REDIRECT] 
2025-09-16 17:28:42,565 [ERROR] LogOutputStream:75 - [STDERR_REDIRECT] Sep 16, 2025 5:28:42 PM java.util.prefs.FileSystemPreferences syncWorld
2025-09-16 17:28:42,565 [ERROR] LogOutputStream:75 - [STDERR_REDIRECT] WARNING: Couldn't flush system prefs: java.util.prefs.BackingStoreException: Couldn't get file lock.
2025-09-16 17:28:42,565 [ERROR] LogOutputStream:75 - [STDERR_REDIRECT] 
2025-09-16 17:29:12,564 [ERROR] LogOutputStream:75 - [STDERR_REDIRECT] Sep 16, 2025 5:29:12 PM java.util.prefs.FileSystemPreferences checkLockFile0ErrorCode
2025-09-16 17:29:12,564 [ERROR] LogOutputStream:75 - [STDERR_REDIRECT] WARNING: Could not lock System prefs. Unix error code 2.
2025-09-16 17:29:12,564 [ERROR] LogOutputStream:75 - [STDERR_REDIRECT] 
2025-09-16 17:29:12,564 [ERROR] LogOutputStream:75 - [STDERR_REDIRECT] Sep 16, 2025 5:29:12 PM java.util.prefs.FileSystemPreferences syncWorld
2025-09-16 17:29:12,565 [ERROR] LogOutputStream:75 - [STDERR_REDIRECT] WARNING: Couldn't flush system prefs: java.util.prefs.BackingStoreException: Couldn't get file lock.
2025-09-16 17:29:12,565 [ERROR] LogOutputStream:75 - [STDERR_REDIRECT] 
2025-09-16 17:29:42,564 [ERROR] LogOutputStream:75 - [STDERR_REDIRECT] Sep 16, 2025 5:29:42 PM java.util.prefs.FileSystemPreferences checkLockFile0ErrorCode
2025-09-16 17:29:42,565 [ERROR] LogOutputStream:75 - [STDERR_REDIRECT] WARNING: Could not lock System prefs. Unix error code 2.
2025-09-16 17:29:42,565 [ERROR] LogOutputStream:75 - [STDERR_REDIRECT] 
2025-09-16 17:29:42,566 [ERROR] LogOutputStream:75 - [STDERR_REDIRECT] Sep 16, 2025 5:29:42 PM java.util.prefs.FileSystemPreferences syncWorld
2025-09-16 17:29:42,566 [ERROR] LogOutputStream:75 - [STDERR_REDIRECT] WARNING: Couldn't flush system prefs: java.util.prefs.BackingStoreException: Couldn't get file lock.
2025-09-16 17:29:42,567 [ERROR] LogOutputStream:75 - [STDERR_REDIRECT] 
2025-09-16 17:30:12,563 [ERROR] LogOutputStream:75 - [STDERR_REDIRECT] Sep 16, 2025 5:30:12 PM java.util.prefs.FileSystemPreferences checkLockFile0ErrorCode
2025-09-16 17:30:12,564 [ERROR] LogOutputStream:75 - [STDERR_REDIRECT] WARNING: Could not lock System prefs. Unix error code 2.
2025-09-16 17:30:12,564 [ERROR] LogOutputStream:75 - [STDERR_REDIRECT] 
2025-09-16 17:30:12,565 [ERROR] LogOutputStream:75 - [STDERR_REDIRECT] Sep 16, 2025 5:30:12 PM java.util.prefs.FileSystemPreferences syncWorld
2025-09-16 17:30:12,565 [ERROR] LogOutputStream:75 - [STDERR_REDIRECT] WARNING: Couldn't flush system prefs: java.util.prefs.BackingStoreException: Couldn't get file lock.
2025-09-16 17:30:12,565 [ERROR] LogOutputStream:75 - [STDERR_REDIRECT] 
2025-09-16 17:30:42,564 [ERROR] LogOutputStream:75 - [STDERR_REDIRECT] Sep 16, 2025 5:30:42 PM java.util.prefs.FileSystemPreferences checkLockFile0ErrorCode
2025-09-16 17:30:42,565 [ERROR] LogOutputStream:75 - [STDERR_REDIRECT] WARNING: Could not lock System prefs. Unix error code 2.
2025-09-16 17:30:42,565 [ERROR] LogOutputStream:75 - [STDERR_REDIRECT] 
2025-09-16 17:30:42,566 [ERROR] LogOutputStream:75 - [STDERR_REDIRECT] Sep 16, 2025 5:30:42 PM java.util.prefs.FileSystemPreferences syncWorld
2025-09-16 17:30:42,566 [ERROR] LogOutputStream:75 - [STDERR_REDIRECT] WARNING: Couldn't flush system prefs: java.util.prefs.BackingStoreException: Couldn't get file lock.
2025-09-16 17:30:42,566 [ERROR] LogOutputStream:75 - [STDERR_REDIRECT] 
2025-09-16 17:31:12,565 [ERROR] LogOutputStream:75 - [STDERR_REDIRECT] Sep 16, 2025 5:31:12 PM java.util.prefs.FileSystemPreferences checkLockFile0ErrorCode
2025-09-16 17:31:12,565 [ERROR] LogOutputStream:75 - [STDERR_REDIRECT] WARNING: Could not lock System prefs. Unix error code 2.
2025-09-16 17:31:12,565 [ERROR] LogOutputStream:75 - [STDERR_REDIRECT] 
2025-09-16 17:31:12,566 [ERROR] LogOutputStream:75 - [STDERR_REDIRECT] Sep 16, 2025 5:31:12 PM java.util.prefs.FileSystemPreferences syncWorld
2025-09-16 17:31:12,566 [ERROR] LogOutputStream:75 - [STDERR_REDIRECT] WARNING: Couldn't flush system prefs: java.util.prefs.BackingStoreException: Couldn't get file lock.
2025-09-16 17:31:12,567 [ERROR] LogOutputStream:75 - [STDERR_REDIRECT] 
2025-09-16 17:31:42,564 [ERROR] LogOutputStream:75 - [STDERR_REDIRECT] Sep 16, 2025 5:31:42 PM java.util.prefs.FileSystemPreferences checkLockFile0ErrorCode
2025-09-16 17:31:42,565 [ERROR] LogOutputStream:75 - [STDERR_REDIRECT] WARNING: Could not lock System prefs. Unix error code 2.
2025-09-16 17:31:42,565 [ERROR] LogOutputStream:75 - [STDERR_REDIRECT] 
2025-09-16 17:31:42,565 [ERROR] LogOutputStream:75 - [STDERR_REDIRECT] Sep 16, 2025 5:31:42 PM java.util.prefs.FileSystemPreferences syncWorld
2025-09-16 17:31:42,566 [ERROR] LogOutputStream:75 - [STDERR_REDIRECT] WARNING: Couldn't flush system prefs: java.util.prefs.BackingStoreException: Couldn't get file lock.
2025-09-16 17:31:42,566 [ERROR] LogOutputStream:75 - [STDERR_REDIRECT] 
2025-09-16 17:32:12,565 [ERROR] LogOutputStream:75 - [STDERR_REDIRECT] Sep 16, 2025 5:32:12 PM java.util.prefs.FileSystemPreferences checkLockFile0ErrorCode
2025-09-16 17:32:12,566 [ERROR] LogOutputStream:75 - [STDERR_REDIRECT] WARNING: Could not lock System prefs. Unix error code 2.
2025-09-16 17:32:12,566 [ERROR] LogOutputStream:75 - [STDERR_REDIRECT] 
2025-09-16 17:32:12,566 [ERROR] LogOutputStream:75 - [STDERR_REDIRECT] Sep 16, 2025 5:32:12 PM java.util.prefs.FileSystemPreferences syncWorld
2025-09-16 17:32:12,567 [ERROR] LogOutputStream:75 - [STDERR_REDIRECT] WARNING: Couldn't flush system prefs: java.util.prefs.BackingStoreException: Couldn't get file lock.
2025-09-16 17:32:12,567 [ERROR] LogOutputStream:75 - [STDERR_REDIRECT] 
2025-09-16 17:32:42,565 [ERROR] LogOutputStream:75 - [STDERR_REDIRECT] Sep 16, 2025 5:32:42 PM java.util.prefs.FileSystemPreferences checkLockFile0ErrorCode
2025-09-16 17:32:42,565 [ERROR] LogOutputStream:75 - [STDERR_REDIRECT] WARNING: Could not lock System prefs. Unix error code 2.
2025-09-16 17:32:42,566 [ERROR] LogOutputStream:75 - [STDERR_REDIRECT] 
2025-09-16 17:32:42,566 [ERROR] LogOutputStream:75 - [STDERR_REDIRECT] Sep 16, 2025 5:32:42 PM java.util.prefs.FileSystemPreferences syncWorld
2025-09-16 17:32:42,567 [ERROR] LogOutputStream:75 - [STDERR_REDIRECT] WARNING: Couldn't flush system prefs: java.util.prefs.BackingStoreException: Couldn't get file lock.
2025-09-16 17:32:42,567 [ERROR] LogOutputStream:75 - [STDERR_REDIRECT] 
2025-09-16 17:33:12,565 [ERROR] LogOutputStream:75 - [STDERR_REDIRECT] Sep 16, 2025 5:33:12 PM java.util.prefs.FileSystemPreferences checkLockFile0ErrorCode
2025-09-16 17:33:12,566 [ERROR] LogOutputStream:75 - [STDERR_REDIRECT] WARNING: Could not lock System prefs. Unix error code 2.
2025-09-16 17:33:12,566 [ERROR] LogOutputStream:75 - [STDERR_REDIRECT] 
2025-09-16 17:33:12,567 [ERROR] LogOutputStream:75 - [STDERR_REDIRECT] Sep 16, 2025 5:33:12 PM java.util.prefs.FileSystemPreferences syncWorld
2025-09-16 17:33:12,567 [ERROR] LogOutputStream:75 - [STDERR_REDIRECT] WARNING: Couldn't flush system prefs: java.util.prefs.BackingStoreException: Couldn't get file lock.
2025-09-16 17:33:12,567 [ERROR] LogOutputStream:75 - [STDERR_REDIRECT] 
2025-09-16 17:33:42,565 [ERROR] LogOutputStream:75 - [STDERR_REDIRECT] Sep 16, 2025 5:33:42 PM java.util.prefs.FileSystemPreferences checkLockFile0ErrorCode
2025-09-16 17:33:42,566 [ERROR] LogOutputStream:75 - [STDERR_REDIRECT] WARNING: Could not lock System prefs. Unix error code 2.
2025-09-16 17:33:42,566 [ERROR] LogOutputStream:75 - [STDERR_REDIRECT] 
2025-09-16 17:33:42,566 [ERROR] LogOutputStream:75 - [STDERR_REDIRECT] Sep 16, 2025 5:33:42 PM java.util.prefs.FileSystemPreferences syncWorld
2025-09-16 17:33:42,567 [ERROR] LogOutputStream:75 - [STDERR_REDIRECT] WARNING: Couldn't flush system prefs: java.util.prefs.BackingStoreException: Couldn't get file lock.
2025-09-16 17:33:42,567 [ERROR] LogOutputStream:75 - [STDERR_REDIRECT] 
2025-09-16 17:34:12,564 [ERROR] LogOutputStream:75 - [STDERR_REDIRECT] Sep 16, 2025 5:34:12 PM java.util.prefs.FileSystemPreferences checkLockFile0ErrorCode
2025-09-16 17:34:12,565 [ERROR] LogOutputStream:75 - [STDERR_REDIRECT] WARNING: Could not lock System prefs. Unix error code 2.
2025-09-16 17:34:12,565 [ERROR] LogOutputStream:75 - [STDERR_REDIRECT] 
2025-09-16 17:34:12,565 [ERROR] LogOutputStream:75 - [STDERR_REDIRECT] Sep 16, 2025 5:34:12 PM java.util.prefs.FileSystemPreferences syncWorld
2025-09-16 17:34:12,566 [ERROR] LogOutputStream:75 - [STDERR_REDIRECT] WARNING: Couldn't flush system prefs: java.util.prefs.BackingStoreException: Couldn't get file lock.
2025-09-16 17:34:12,566 [ERROR] LogOutputStream:75 - [STDERR_REDIRECT] 
2025-09-16 17:34:42,565 [ERROR] LogOutputStream:75 - [STDERR_REDIRECT] Sep 16, 2025 5:34:42 PM java.util.prefs.FileSystemPreferences checkLockFile0ErrorCode
2025-09-16 17:34:42,565 [ERROR] LogOutputStream:75 - [STDERR_REDIRECT] WARNING: Could not lock System prefs. Unix error code 2.
2025-09-16 17:34:42,565 [ERROR] LogOutputStream:75 - [STDERR_REDIRECT] 
2025-09-16 17:34:42,566 [ERROR] LogOutputStream:75 - [STDERR_REDIRECT] Sep 16, 2025 5:34:42 PM java.util.prefs.FileSystemPreferences syncWorld
2025-09-16 17:34:42,566 [ERROR] LogOutputStream:75 - [STDERR_REDIRECT] WARNING: Couldn't flush system prefs: java.util.prefs.BackingStoreException: Couldn't get file lock.
2025-09-16 17:34:42,566 [ERROR] LogOutputStream:75 - [STDERR_REDIRECT] 
2025-09-16 17:35:12,565 [ERROR] LogOutputStream:75 - [STDERR_REDIRECT] Sep 16, 2025 5:35:12 PM java.util.prefs.FileSystemPreferences checkLockFile0ErrorCode
2025-09-16 17:35:12,566 [ERROR] LogOutputStream:75 - [STDERR_REDIRECT] WARNING: Could not lock System prefs. Unix error code 2.
2025-09-16 17:35:12,566 [ERROR] LogOutputStream:75 - [STDERR_REDIRECT] 
2025-09-16 17:35:12,566 [ERROR] LogOutputStream:75 - [STDERR_REDIRECT] Sep 16, 2025 5:35:12 PM java.util.prefs.FileSystemPreferences syncWorld
2025-09-16 17:35:12,567 [ERROR] LogOutputStream:75 - [STDERR_REDIRECT] WARNING: Couldn't flush system prefs: java.util.prefs.BackingStoreException: Couldn't get file lock.
2025-09-16 17:35:12,567 [ERROR] LogOutputStream:75 - [STDERR_REDIRECT] 
2025-09-16 17:35:42,565 [ERROR] LogOutputStream:75 - [STDERR_REDIRECT] Sep 16, 2025 5:35:42 PM java.util.prefs.FileSystemPreferences checkLockFile0ErrorCode
2025-09-16 17:35:42,565 [ERROR] LogOutputStream:75 - [STDERR_REDIRECT] WARNING: Could not lock System prefs. Unix error code 2.
2025-09-16 17:35:42,566 [ERROR] LogOutputStream:75 - [STDERR_REDIRECT] 
2025-09-16 17:35:42,566 [ERROR] LogOutputStream:75 - [STDERR_REDIRECT] Sep 16, 2025 5:35:42 PM java.util.prefs.FileSystemPreferences syncWorld
2025-09-16 17:35:42,566 [ERROR] LogOutputStream:75 - [STDERR_REDIRECT] WARNING: Couldn't flush system prefs: java.util.prefs.BackingStoreException: Couldn't get file lock.
2025-09-16 17:35:42,566 [ERROR] LogOutputStream:75 - [STDERR_REDIRECT] 
2025-09-16 17:36:12,565 [ERROR] LogOutputStream:75 - [STDERR_REDIRECT] Sep 16, 2025 5:36:12 PM java.util.prefs.FileSystemPreferences checkLockFile0ErrorCode
2025-09-16 17:36:12,565 [ERROR] LogOutputStream:75 - [STDERR_REDIRECT] WARNING: Could not lock System prefs. Unix error code 2.
2025-09-16 17:36:12,566 [ERROR] LogOutputStream:75 - [STDERR_REDIRECT] 
2025-09-16 17:36:12,566 [ERROR] LogOutputStream:75 - [STDERR_REDIRECT] Sep 16, 2025 5:36:12 PM java.util.prefs.FileSystemPreferences syncWorld
2025-09-16 17:36:12,566 [ERROR] LogOutputStream:75 - [STDERR_REDIRECT] WARNING: Couldn't flush system prefs: java.util.prefs.BackingStoreException: Couldn't get file lock.
2025-09-16 17:36:12,566 [ERROR] LogOutputStream:75 - [STDERR_REDIRECT] 
2025-09-16 17:36:42,568 [ERROR] LogOutputStream:75 - [STDERR_REDIRECT] Sep 16, 2025 5:36:42 PM java.util.prefs.FileSystemPreferences checkLockFile0ErrorCode
2025-09-16 17:36:42,568 [ERROR] LogOutputStream:75 - [STDERR_REDIRECT] WARNING: Could not lock System prefs. Unix error code 2.
2025-09-16 17:36:42,569 [ERROR] LogOutputStream:75 - [STDERR_REDIRECT] 
2025-09-16 17:36:42,569 [ERROR] LogOutputStream:75 - [STDERR_REDIRECT] Sep 16, 2025 5:36:42 PM java.util.prefs.FileSystemPreferences syncWorld
2025-09-16 17:36:42,569 [ERROR] LogOutputStream:75 - [STDERR_REDIRECT] WARNING: Couldn't flush system prefs: java.util.prefs.BackingStoreException: Couldn't get file lock.
2025-09-16 17:36:42,570 [ERROR] LogOutputStream:75 - [STDERR_REDIRECT] 
2025-09-16 17:37:12,567 [ERROR] LogOutputStream:75 - [STDERR_REDIRECT] Sep 16, 2025 5:37:12 PM java.util.prefs.FileSystemPreferences checkLockFile0ErrorCode
2025-09-16 17:37:12,567 [ERROR] LogOutputStream:75 - [STDERR_REDIRECT] WARNING: Could not lock System prefs. Unix error code 2.
2025-09-16 17:37:12,567 [ERROR] LogOutputStream:75 - [STDERR_REDIRECT] 
2025-09-16 17:37:12,568 [ERROR] LogOutputStream:75 - [STDERR_REDIRECT] Sep 16, 2025 5:37:12 PM java.util.prefs.FileSystemPreferences syncWorld
2025-09-16 17:37:12,568 [ERROR] LogOutputStream:75 - [STDERR_REDIRECT] WARNING: Couldn't flush system prefs: java.util.prefs.BackingStoreException: Couldn't get file lock.
2025-09-16 17:37:12,568 [ERROR] LogOutputStream:75 - [STDERR_REDIRECT] 
2025-09-16 17:37:42,567 [ERROR] LogOutputStream:75 - [STDERR_REDIRECT] Sep 16, 2025 5:37:42 PM java.util.prefs.FileSystemPreferences checkLockFile0ErrorCode
2025-09-16 17:37:42,567 [ERROR] LogOutputStream:75 - [STDERR_REDIRECT] WARNING: Could not lock System prefs. Unix error code 2.
2025-09-16 17:37:42,567 [ERROR] LogOutputStream:75 - [STDERR_REDIRECT] 
2025-09-16 17:37:42,567 [ERROR] LogOutputStream:75 - [STDERR_REDIRECT] Sep 16, 2025 5:37:42 PM java.util.prefs.FileSystemPreferences syncWorld
2025-09-16 17:37:42,568 [ERROR] LogOutputStream:75 - [STDERR_REDIRECT] WARNING: Couldn't flush system prefs: java.util.prefs.BackingStoreException: Couldn't get file lock.
2025-09-16 17:37:42,568 [ERROR] LogOutputStream:75 - [STDERR_REDIRECT] 
2025-09-16 17:38:12,567 [ERROR] LogOutputStream:75 - [STDERR_REDIRECT] Sep 16, 2025 5:38:12 PM java.util.prefs.FileSystemPreferences checkLockFile0ErrorCode
2025-09-16 17:38:12,567 [ERROR] LogOutputStream:75 - [STDERR_REDIRECT] WARNING: Could not lock System prefs. Unix error code 2.
2025-09-16 17:38:12,567 [ERROR] LogOutputStream:75 - [STDERR_REDIRECT] 
2025-09-16 17:38:12,568 [ERROR] LogOutputStream:75 - [STDERR_REDIRECT] Sep 16, 2025 5:38:12 PM java.util.prefs.FileSystemPreferences syncWorld
2025-09-16 17:38:12,568 [ERROR] LogOutputStream:75 - [STDERR_REDIRECT] WARNING: Couldn't flush system prefs: java.util.prefs.BackingStoreException: Couldn't get file lock.
2025-09-16 17:38:12,569 [ERROR] LogOutputStream:75 - [STDERR_REDIRECT] 
2025-09-16 17:38:15,442 [ERROR] ConfigurationRetriever:142 - IOException on connection: sw-center.st.com
2025-09-16 17:38:15,443 [ERROR] ConfigurationRetriever:142 - IOException on connection: sw-center.st.com
2025-09-16 17:38:15,444 [ERROR] ConfigurationRetriever:142 - IOException on connection: sw-center.st.com
2025-09-16 18:58:10,350 [ERROR] LogOutputStream:75 - [STDERR_REDIRECT] Sep 16, 2025 6:58:10 PM java.util.prefs.FileSystemPreferences checkLockFile0ErrorCode
2025-09-16 18:58:10,350 [ERROR] LogOutputStream:75 - [STDERR_REDIRECT] WARNING: Could not lock System prefs. Unix error code 2.
2025-09-16 18:58:10,361 [ERROR] LogOutputStream:75 - [STDERR_REDIRECT] 
2025-09-16 18:58:10,361 [ERROR] LogOutputStream:75 - [STDERR_REDIRECT] Sep 16, 2025 6:58:10 PM java.util.prefs.FileSystemPreferences syncWorld
2025-09-16 18:58:10,362 [ERROR] LogOutputStream:75 - [STDERR_REDIRECT] WARNING: Couldn't flush system prefs: java.util.prefs.BackingStoreException: Couldn't get file lock.
2025-09-16 18:58:10,362 [ERROR] LogOutputStream:75 - [STDERR_REDIRECT] 
2025-09-16 18:58:40,344 [ERROR] LogOutputStream:75 - [STDERR_REDIRECT] Sep 16, 2025 6:58:40 PM java.util.prefs.FileSystemPreferences checkLockFile0ErrorCode
2025-09-16 18:58:40,344 [ERROR] LogOutputStream:75 - [STDERR_REDIRECT] WARNING: Could not lock System prefs. Unix error code 2.
2025-09-16 18:58:40,344 [ERROR] LogOutputStream:75 - [STDERR_REDIRECT] 
2025-09-16 18:58:40,345 [ERROR] LogOutputStream:75 - [STDERR_REDIRECT] Sep 16, 2025 6:58:40 PM java.util.prefs.FileSystemPreferences syncWorld
2025-09-16 18:58:40,345 [ERROR] LogOutputStream:75 - [STDERR_REDIRECT] WARNING: Couldn't flush system prefs: java.util.prefs.BackingStoreException: Couldn't get file lock.
2025-09-16 18:58:40,345 [ERROR] LogOutputStream:75 - [STDERR_REDIRECT] 
2025-09-16 18:59:10,345 [ERROR] LogOutputStream:75 - [STDERR_REDIRECT] Sep 16, 2025 6:59:10 PM java.util.prefs.FileSystemPreferences checkLockFile0ErrorCode
2025-09-16 18:59:10,346 [ERROR] LogOutputStream:75 - [STDERR_REDIRECT] WARNING: Could not lock System prefs. Unix error code 2.
2025-09-16 18:59:10,346 [ERROR] LogOutputStream:75 - [STDERR_REDIRECT] 
2025-09-16 18:59:10,346 [ERROR] LogOutputStream:75 - [STDERR_REDIRECT] Sep 16, 2025 6:59:10 PM java.util.prefs.FileSystemPreferences syncWorld
2025-09-16 18:59:10,347 [ERROR] LogOutputStream:75 - [STDERR_REDIRECT] WARNING: Couldn't flush system prefs: java.util.prefs.BackingStoreException: Couldn't get file lock.
2025-09-16 18:59:10,347 [ERROR] LogOutputStream:75 - [STDERR_REDIRECT] 
2025-09-16 18:59:40,345 [ERROR] LogOutputStream:75 - [STDERR_REDIRECT] Sep 16, 2025 6:59:40 PM java.util.prefs.FileSystemPreferences checkLockFile0ErrorCode
2025-09-16 18:59:40,346 [ERROR] LogOutputStream:75 - [STDERR_REDIRECT] WARNING: Could not lock System prefs. Unix error code 2.
2025-09-16 18:59:40,346 [ERROR] LogOutputStream:75 - [STDERR_REDIRECT] 
2025-09-16 18:59:40,347 [ERROR] LogOutputStream:75 - [STDERR_REDIRECT] Sep 16, 2025 6:59:40 PM java.util.prefs.FileSystemPreferences syncWorld
2025-09-16 18:59:40,347 [ERROR] LogOutputStream:75 - [STDERR_REDIRECT] WARNING: Couldn't flush system prefs: java.util.prefs.BackingStoreException: Couldn't get file lock.
2025-09-16 18:59:40,347 [ERROR] LogOutputStream:75 - [STDERR_REDIRECT] 
2025-09-16 19:00:10,345 [ERROR] LogOutputStream:75 - [STDERR_REDIRECT] Sep 16, 2025 7:00:10 PM java.util.prefs.FileSystemPreferences checkLockFile0ErrorCode
2025-09-16 19:00:10,346 [ERROR] LogOutputStream:75 - [STDERR_REDIRECT] WARNING: Could not lock System prefs. Unix error code 2.
2025-09-16 19:00:10,346 [ERROR] LogOutputStream:75 - [STDERR_REDIRECT] 
2025-09-16 19:00:10,346 [ERROR] LogOutputStream:75 - [STDERR_REDIRECT] Sep 16, 2025 7:00:10 PM java.util.prefs.FileSystemPreferences syncWorld
2025-09-16 19:00:10,346 [ERROR] LogOutputStream:75 - [STDERR_REDIRECT] WARNING: Couldn't flush system prefs: java.util.prefs.BackingStoreException: Couldn't get file lock.
2025-09-16 19:00:10,347 [ERROR] LogOutputStream:75 - [STDERR_REDIRECT] 
2025-09-16 19:00:40,345 [ERROR] LogOutputStream:75 - [STDERR_REDIRECT] Sep 16, 2025 7:00:40 PM java.util.prefs.FileSystemPreferences checkLockFile0ErrorCode
2025-09-16 19:00:40,345 [ERROR] LogOutputStream:75 - [STDERR_REDIRECT] WARNING: Could not lock System prefs. Unix error code 2.
2025-09-16 19:00:40,345 [ERROR] LogOutputStream:75 - [STDERR_REDIRECT] 
2025-09-16 19:00:40,346 [ERROR] LogOutputStream:75 - [STDERR_REDIRECT] Sep 16, 2025 7:00:40 PM java.util.prefs.FileSystemPreferences syncWorld
2025-09-16 19:00:40,346 [ERROR] LogOutputStream:75 - [STDERR_REDIRECT] WARNING: Couldn't flush system prefs: java.util.prefs.BackingStoreException: Couldn't get file lock.
2025-09-16 19:00:40,346 [ERROR] LogOutputStream:75 - [STDERR_REDIRECT] 
2025-09-16 19:01:10,346 [ERROR] LogOutputStream:75 - [STDERR_REDIRECT] Sep 16, 2025 7:01:10 PM java.util.prefs.FileSystemPreferences checkLockFile0ErrorCode
2025-09-16 19:01:10,346 [ERROR] LogOutputStream:75 - [STDERR_REDIRECT] WARNING: Could not lock System prefs. Unix error code 2.
2025-09-16 19:01:10,346 [ERROR] LogOutputStream:75 - [STDERR_REDIRECT] 
2025-09-16 19:01:10,347 [ERROR] LogOutputStream:75 - [STDERR_REDIRECT] Sep 16, 2025 7:01:10 PM java.util.prefs.FileSystemPreferences syncWorld
2025-09-16 19:01:10,347 [ERROR] LogOutputStream:75 - [STDERR_REDIRECT] WARNING: Couldn't flush system prefs: java.util.prefs.BackingStoreException: Couldn't get file lock.
2025-09-16 19:01:10,347 [ERROR] LogOutputStream:75 - [STDERR_REDIRECT] 
2025-09-16 19:01:40,345 [ERROR] LogOutputStream:75 - [STDERR_REDIRECT] Sep 16, 2025 7:01:40 PM java.util.prefs.FileSystemPreferences checkLockFile0ErrorCode
2025-09-16 19:01:40,346 [ERROR] LogOutputStream:75 - [STDERR_REDIRECT] WARNING: Could not lock System prefs. Unix error code 2.
2025-09-16 19:01:40,346 [ERROR] LogOutputStream:75 - [STDERR_REDIRECT] 
2025-09-16 19:01:40,347 [ERROR] LogOutputStream:75 - [STDERR_REDIRECT] Sep 16, 2025 7:01:40 PM java.util.prefs.FileSystemPreferences syncWorld
2025-09-16 19:01:40,347 [ERROR] LogOutputStream:75 - [STDERR_REDIRECT] WARNING: Couldn't flush system prefs: java.util.prefs.BackingStoreException: Couldn't get file lock.
2025-09-16 19:01:40,347 [ERROR] LogOutputStream:75 - [STDERR_REDIRECT] 
2025-09-16 19:02:10,346 [ERROR] LogOutputStream:75 - [STDERR_REDIRECT] Sep 16, 2025 7:02:10 PM java.util.prefs.FileSystemPreferences checkLockFile0ErrorCode
2025-09-16 19:02:10,346 [ERROR] LogOutputStream:75 - [STDERR_REDIRECT] WARNING: Could not lock System prefs. Unix error code 2.
2025-09-16 19:02:10,346 [ERROR] LogOutputStream:75 - [STDERR_REDIRECT] 
2025-09-16 19:02:10,347 [ERROR] LogOutputStream:75 - [STDERR_REDIRECT] Sep 16, 2025 7:02:10 PM java.util.prefs.FileSystemPreferences syncWorld
2025-09-16 19:02:10,347 [ERROR] LogOutputStream:75 - [STDERR_REDIRECT] WARNING: Couldn't flush system prefs: java.util.prefs.BackingStoreException: Couldn't get file lock.
2025-09-16 19:02:10,347 [ERROR] LogOutputStream:75 - [STDERR_REDIRECT] 
2025-09-16 19:02:40,346 [ERROR] LogOutputStream:75 - [STDERR_REDIRECT] Sep 16, 2025 7:02:40 PM java.util.prefs.FileSystemPreferences checkLockFile0ErrorCode
2025-09-16 19:02:40,346 [ERROR] LogOutputStream:75 - [STDERR_REDIRECT] WARNING: Could not lock System prefs. Unix error code 2.
2025-09-16 19:02:40,347 [ERROR] LogOutputStream:75 - [STDERR_REDIRECT] 
2025-09-16 19:02:40,347 [ERROR] LogOutputStream:75 - [STDERR_REDIRECT] Sep 16, 2025 7:02:40 PM java.util.prefs.FileSystemPreferences syncWorld
2025-09-16 19:02:40,348 [ERROR] LogOutputStream:75 - [STDERR_REDIRECT] WARNING: Couldn't flush system prefs: java.util.prefs.BackingStoreException: Couldn't get file lock.
2025-09-16 19:02:40,348 [ERROR] LogOutputStream:75 - [STDERR_REDIRECT] 
2025-09-16 19:03:10,346 [ERROR] LogOutputStream:75 - [STDERR_REDIRECT] Sep 16, 2025 7:03:10 PM java.util.prefs.FileSystemPreferences checkLockFile0ErrorCode
2025-09-16 19:03:10,346 [ERROR] LogOutputStream:75 - [STDERR_REDIRECT] WARNING: Could not lock System prefs. Unix error code 2.
2025-09-16 19:03:10,346 [ERROR] LogOutputStream:75 - [STDERR_REDIRECT] 
2025-09-16 19:03:10,347 [ERROR] LogOutputStream:75 - [STDERR_REDIRECT] Sep 16, 2025 7:03:10 PM java.util.prefs.FileSystemPreferences syncWorld
2025-09-16 19:03:10,347 [ERROR] LogOutputStream:75 - [STDERR_REDIRECT] WARNING: Couldn't flush system prefs: java.util.prefs.BackingStoreException: Couldn't get file lock.
2025-09-16 19:03:10,347 [ERROR] LogOutputStream:75 - [STDERR_REDIRECT] 
2025-09-16 19:03:40,346 [ERROR] LogOutputStream:75 - [STDERR_REDIRECT] Sep 16, 2025 7:03:40 PM java.util.prefs.FileSystemPreferences checkLockFile0ErrorCode
2025-09-16 19:03:40,346 [ERROR] LogOutputStream:75 - [STDERR_REDIRECT] WARNING: Could not lock System prefs. Unix error code 2.
2025-09-16 19:03:40,347 [ERROR] LogOutputStream:75 - [STDERR_REDIRECT] 
2025-09-16 19:03:40,347 [ERROR] LogOutputStream:75 - [STDERR_REDIRECT] Sep 16, 2025 7:03:40 PM java.util.prefs.FileSystemPreferences syncWorld
2025-09-16 19:03:40,348 [ERROR] LogOutputStream:75 - [STDERR_REDIRECT] WARNING: Couldn't flush system prefs: java.util.prefs.BackingStoreException: Couldn't get file lock.
2025-09-16 19:03:40,348 [ERROR] LogOutputStream:75 - [STDERR_REDIRECT] 
2025-09-16 19:04:10,345 [ERROR] LogOutputStream:75 - [STDERR_REDIRECT] Sep 16, 2025 7:04:10 PM java.util.prefs.FileSystemPreferences checkLockFile0ErrorCode
2025-09-16 19:04:10,346 [ERROR] LogOutputStream:75 - [STDERR_REDIRECT] WARNING: Could not lock System prefs. Unix error code 2.
2025-09-16 19:04:10,346 [ERROR] LogOutputStream:75 - [STDERR_REDIRECT] 
2025-09-16 19:04:10,346 [ERROR] LogOutputStream:75 - [STDERR_REDIRECT] Sep 16, 2025 7:04:10 PM java.util.prefs.FileSystemPreferences syncWorld
2025-09-16 19:04:10,346 [ERROR] LogOutputStream:75 - [STDERR_REDIRECT] WARNING: Couldn't flush system prefs: java.util.prefs.BackingStoreException: Couldn't get file lock.
2025-09-16 19:04:10,347 [ERROR] LogOutputStream:75 - [STDERR_REDIRECT] 
2025-09-16 19:04:40,345 [ERROR] LogOutputStream:75 - [STDERR_REDIRECT] Sep 16, 2025 7:04:40 PM java.util.prefs.FileSystemPreferences checkLockFile0ErrorCode
2025-09-16 19:04:40,345 [ERROR] LogOutputStream:75 - [STDERR_REDIRECT] WARNING: Could not lock System prefs. Unix error code 2.
2025-09-16 19:04:40,345 [ERROR] LogOutputStream:75 - [STDERR_REDIRECT] 
2025-09-16 19:04:40,346 [ERROR] LogOutputStream:75 - [STDERR_REDIRECT] Sep 16, 2025 7:04:40 PM java.util.prefs.FileSystemPreferences syncWorld
2025-09-16 19:04:40,346 [ERROR] LogOutputStream:75 - [STDERR_REDIRECT] WARNING: Couldn't flush system prefs: java.util.prefs.BackingStoreException: Couldn't get file lock.
2025-09-16 19:04:40,346 [ERROR] LogOutputStream:75 - [STDERR_REDIRECT] 
2025-09-16 19:05:10,346 [ERROR] LogOutputStream:75 - [STDERR_REDIRECT] Sep 16, 2025 7:05:10 PM java.util.prefs.FileSystemPreferences checkLockFile0ErrorCode
2025-09-16 19:05:10,346 [ERROR] LogOutputStream:75 - [STDERR_REDIRECT] WARNING: Could not lock System prefs. Unix error code 2.
2025-09-16 19:05:10,346 [ERROR] LogOutputStream:75 - [STDERR_REDIRECT] 
2025-09-16 19:05:10,347 [ERROR] LogOutputStream:75 - [STDERR_REDIRECT] Sep 16, 2025 7:05:10 PM java.util.prefs.FileSystemPreferences syncWorld
2025-09-16 19:05:10,347 [ERROR] LogOutputStream:75 - [STDERR_REDIRECT] WARNING: Couldn't flush system prefs: java.util.prefs.BackingStoreException: Couldn't get file lock.
2025-09-16 19:05:10,347 [ERROR] LogOutputStream:75 - [STDERR_REDIRECT] 
2025-09-16 19:05:40,345 [ERROR] LogOutputStream:75 - [STDERR_REDIRECT] Sep 16, 2025 7:05:40 PM java.util.prefs.FileSystemPreferences checkLockFile0ErrorCode
2025-09-16 19:05:40,346 [ERROR] LogOutputStream:75 - [STDERR_REDIRECT] WARNING: Could not lock System prefs. Unix error code 2.
2025-09-16 19:05:40,346 [ERROR] LogOutputStream:75 - [STDERR_REDIRECT] 
2025-09-16 19:05:40,346 [ERROR] LogOutputStream:75 - [STDERR_REDIRECT] Sep 16, 2025 7:05:40 PM java.util.prefs.FileSystemPreferences syncWorld
2025-09-16 19:05:40,346 [ERROR] LogOutputStream:75 - [STDERR_REDIRECT] WARNING: Couldn't flush system prefs: java.util.prefs.BackingStoreException: Couldn't get file lock.
2025-09-16 19:05:40,347 [ERROR] LogOutputStream:75 - [STDERR_REDIRECT] 
2025-09-16 19:06:10,345 [ERROR] LogOutputStream:75 - [STDERR_REDIRECT] Sep 16, 2025 7:06:10 PM java.util.prefs.FileSystemPreferences checkLockFile0ErrorCode
2025-09-16 19:06:10,345 [ERROR] LogOutputStream:75 - [STDERR_REDIRECT] WARNING: Could not lock System prefs. Unix error code 2.
2025-09-16 19:06:10,345 [ERROR] LogOutputStream:75 - [STDERR_REDIRECT] 
2025-09-16 19:06:10,345 [ERROR] LogOutputStream:75 - [STDERR_REDIRECT] Sep 16, 2025 7:06:10 PM java.util.prefs.FileSystemPreferences syncWorld
2025-09-16 19:06:10,346 [ERROR] LogOutputStream:75 - [STDERR_REDIRECT] WARNING: Couldn't flush system prefs: java.util.prefs.BackingStoreException: Couldn't get file lock.
2025-09-16 19:06:10,346 [ERROR] LogOutputStream:75 - [STDERR_REDIRECT] 
2025-09-16 19:06:40,345 [ERROR] LogOutputStream:75 - [STDERR_REDIRECT] Sep 16, 2025 7:06:40 PM java.util.prefs.FileSystemPreferences checkLockFile0ErrorCode
2025-09-16 19:06:40,345 [ERROR] LogOutputStream:75 - [STDERR_REDIRECT] WARNING: Could not lock System prefs. Unix error code 2.
2025-09-16 19:06:40,346 [ERROR] LogOutputStream:75 - [STDERR_REDIRECT] 
2025-09-16 19:06:40,346 [ERROR] LogOutputStream:75 - [STDERR_REDIRECT] Sep 16, 2025 7:06:40 PM java.util.prefs.FileSystemPreferences syncWorld
2025-09-16 19:06:40,347 [ERROR] LogOutputStream:75 - [STDERR_REDIRECT] WARNING: Couldn't flush system prefs: java.util.prefs.BackingStoreException: Couldn't get file lock.
2025-09-16 19:06:40,347 [ERROR] LogOutputStream:75 - [STDERR_REDIRECT] 
2025-09-16 19:07:10,345 [ERROR] LogOutputStream:75 - [STDERR_REDIRECT] Sep 16, 2025 7:07:10 PM java.util.prefs.FileSystemPreferences checkLockFile0ErrorCode
2025-09-16 19:07:10,345 [ERROR] LogOutputStream:75 - [STDERR_REDIRECT] WARNING: Could not lock System prefs. Unix error code 2.
2025-09-16 19:07:10,346 [ERROR] LogOutputStream:75 - [STDERR_REDIRECT] 
2025-09-16 19:07:10,346 [ERROR] LogOutputStream:75 - [STDERR_REDIRECT] Sep 16, 2025 7:07:10 PM java.util.prefs.FileSystemPreferences syncWorld
2025-09-16 19:07:10,346 [ERROR] LogOutputStream:75 - [STDERR_REDIRECT] WARNING: Couldn't flush system prefs: java.util.prefs.BackingStoreException: Couldn't get file lock.
2025-09-16 19:07:10,346 [ERROR] LogOutputStream:75 - [STDERR_REDIRECT] 
2025-09-16 19:07:40,346 [ERROR] LogOutputStream:75 - [STDERR_REDIRECT] Sep 16, 2025 7:07:40 PM java.util.prefs.FileSystemPreferences checkLockFile0ErrorCode
2025-09-16 19:07:40,346 [ERROR] LogOutputStream:75 - [STDERR_REDIRECT] WARNING: Could not lock System prefs. Unix error code 2.
2025-09-16 19:07:40,346 [ERROR] LogOutputStream:75 - [STDERR_REDIRECT] 
2025-09-16 19:07:40,346 [ERROR] LogOutputStream:75 - [STDERR_REDIRECT] Sep 16, 2025 7:07:40 PM java.util.prefs.FileSystemPreferences syncWorld
2025-09-16 19:07:40,347 [ERROR] LogOutputStream:75 - [STDERR_REDIRECT] WARNING: Couldn't flush system prefs: java.util.prefs.BackingStoreException: Couldn't get file lock.
2025-09-16 19:07:40,347 [ERROR] LogOutputStream:75 - [STDERR_REDIRECT] 
2025-09-16 19:08:10,346 [ERROR] LogOutputStream:75 - [STDERR_REDIRECT] Sep 16, 2025 7:08:10 PM java.util.prefs.FileSystemPreferences checkLockFile0ErrorCode
2025-09-16 19:08:10,346 [ERROR] LogOutputStream:75 - [STDERR_REDIRECT] WARNING: Could not lock System prefs. Unix error code 2.
2025-09-16 19:08:10,346 [ERROR] LogOutputStream:75 - [STDERR_REDIRECT] 
2025-09-16 19:08:10,347 [ERROR] LogOutputStream:75 - [STDERR_REDIRECT] Sep 16, 2025 7:08:10 PM java.util.prefs.FileSystemPreferences syncWorld
2025-09-16 19:08:10,347 [ERROR] LogOutputStream:75 - [STDERR_REDIRECT] WARNING: Couldn't flush system prefs: java.util.prefs.BackingStoreException: Couldn't get file lock.
2025-09-16 19:08:10,347 [ERROR] LogOutputStream:75 - [STDERR_REDIRECT] 
2025-09-16 19:08:40,346 [ERROR] LogOutputStream:75 - [STDERR_REDIRECT] Sep 16, 2025 7:08:40 PM java.util.prefs.FileSystemPreferences checkLockFile0ErrorCode
2025-09-16 19:08:40,346 [ERROR] LogOutputStream:75 - [STDERR_REDIRECT] WARNING: Could not lock System prefs. Unix error code 2.
2025-09-16 19:08:40,347 [ERROR] LogOutputStream:75 - [STDERR_REDIRECT] 
2025-09-16 19:08:40,347 [ERROR] LogOutputStream:75 - [STDERR_REDIRECT] Sep 16, 2025 7:08:40 PM java.util.prefs.FileSystemPreferences syncWorld
2025-09-16 19:08:40,347 [ERROR] LogOutputStream:75 - [STDERR_REDIRECT] WARNING: Couldn't flush system prefs: java.util.prefs.BackingStoreException: Couldn't get file lock.
2025-09-16 19:08:40,347 [ERROR] LogOutputStream:75 - [STDERR_REDIRECT] 
2025-09-16 19:09:10,347 [ERROR] LogOutputStream:75 - [STDERR_REDIRECT] Sep 16, 2025 7:09:10 PM java.util.prefs.FileSystemPreferences checkLockFile0ErrorCode
2025-09-16 19:09:10,347 [ERROR] LogOutputStream:75 - [STDERR_REDIRECT] WARNING: Could not lock System prefs. Unix error code 2.
2025-09-16 19:09:10,385 [ERROR] LogOutputStream:75 - [STDERR_REDIRECT] 
2025-09-16 19:09:10,385 [ERROR] LogOutputStream:75 - [STDERR_REDIRECT] Sep 16, 2025 7:09:10 PM java.util.prefs.FileSystemPreferences syncWorld
2025-09-16 19:09:10,385 [ERROR] LogOutputStream:75 - [STDERR_REDIRECT] WARNING: Couldn't flush system prefs: java.util.prefs.BackingStoreException: Couldn't get file lock.
2025-09-16 19:09:10,385 [ERROR] LogOutputStream:75 - [STDERR_REDIRECT] 
2025-09-16 19:09:40,347 [ERROR] LogOutputStream:75 - [STDERR_REDIRECT] Sep 16, 2025 7:09:40 PM java.util.prefs.FileSystemPreferences checkLockFile0ErrorCode
2025-09-16 19:09:40,348 [ERROR] LogOutputStream:75 - [STDERR_REDIRECT] WARNING: Could not lock System prefs. Unix error code 2.
2025-09-16 19:09:40,348 [ERROR] LogOutputStream:75 - [STDERR_REDIRECT] 
2025-09-16 19:09:40,348 [ERROR] LogOutputStream:75 - [STDERR_REDIRECT] Sep 16, 2025 7:09:40 PM java.util.prefs.FileSystemPreferences syncWorld
2025-09-16 19:09:40,348 [ERROR] LogOutputStream:75 - [STDERR_REDIRECT] WARNING: Couldn't flush system prefs: java.util.prefs.BackingStoreException: Couldn't get file lock.
2025-09-16 19:09:40,348 [ERROR] LogOutputStream:75 - [STDERR_REDIRECT] 
2025-09-16 19:10:10,347 [ERROR] LogOutputStream:75 - [STDERR_REDIRECT] Sep 16, 2025 7:10:10 PM java.util.prefs.FileSystemPreferences checkLockFile0ErrorCode
2025-09-16 19:10:10,348 [ERROR] LogOutputStream:75 - [STDERR_REDIRECT] WARNING: Could not lock System prefs. Unix error code 2.
2025-09-16 19:10:10,348 [ERROR] LogOutputStream:75 - [STDERR_REDIRECT] 
2025-09-16 19:10:10,348 [ERROR] LogOutputStream:75 - [STDERR_REDIRECT] Sep 16, 2025 7:10:10 PM java.util.prefs.FileSystemPreferences syncWorld
2025-09-16 19:10:10,348 [ERROR] LogOutputStream:75 - [STDERR_REDIRECT] WARNING: Couldn't flush system prefs: java.util.prefs.BackingStoreException: Couldn't get file lock.
2025-09-16 19:10:10,349 [ERROR] LogOutputStream:75 - [STDERR_REDIRECT] 
2025-09-16 19:10:40,349 [ERROR] LogOutputStream:75 - [STDERR_REDIRECT] Sep 16, 2025 7:10:40 PM java.util.prefs.FileSystemPreferences checkLockFile0ErrorCode
2025-09-16 19:10:40,349 [ERROR] LogOutputStream:75 - [STDERR_REDIRECT] WARNING: Could not lock System prefs. Unix error code 2.
2025-09-16 19:10:40,350 [ERROR] LogOutputStream:75 - [STDERR_REDIRECT] 
2025-09-16 19:10:40,350 [ERROR] LogOutputStream:75 - [STDERR_REDIRECT] Sep 16, 2025 7:10:40 PM java.util.prefs.FileSystemPreferences syncWorld
2025-09-16 19:10:40,350 [ERROR] LogOutputStream:75 - [STDERR_REDIRECT] WARNING: Couldn't flush system prefs: java.util.prefs.BackingStoreException: Couldn't get file lock.
2025-09-16 19:10:40,351 [ERROR] LogOutputStream:75 - [STDERR_REDIRECT] 
2025-09-16 19:11:10,348 [ERROR] LogOutputStream:75 - [STDERR_REDIRECT] Sep 16, 2025 7:11:10 PM java.util.prefs.FileSystemPreferences checkLockFile0ErrorCode
2025-09-16 19:11:10,348 [ERROR] LogOutputStream:75 - [STDERR_REDIRECT] WARNING: Could not lock System prefs. Unix error code 2.
2025-09-16 19:11:10,348 [ERROR] LogOutputStream:75 - [STDERR_REDIRECT] 
2025-09-16 19:11:10,349 [ERROR] LogOutputStream:75 - [STDERR_REDIRECT] Sep 16, 2025 7:11:10 PM java.util.prefs.FileSystemPreferences syncWorld
2025-09-16 19:11:10,349 [ERROR] LogOutputStream:75 - [STDERR_REDIRECT] WARNING: Couldn't flush system prefs: java.util.prefs.BackingStoreException: Couldn't get file lock.
2025-09-16 19:11:10,349 [ERROR] LogOutputStream:75 - [STDERR_REDIRECT] 
2025-09-16 19:11:40,351 [ERROR] LogOutputStream:75 - [STDERR_REDIRECT] Sep 16, 2025 7:11:40 PM java.util.prefs.FileSystemPreferences checkLockFile0ErrorCode
2025-09-16 19:11:40,352 [ERROR] LogOutputStream:75 - [STDERR_REDIRECT] WARNING: Could not lock System prefs. Unix error code 2.
2025-09-16 19:11:40,352 [ERROR] LogOutputStream:75 - [STDERR_REDIRECT] 
2025-09-16 19:11:40,353 [ERROR] LogOutputStream:75 - [STDERR_REDIRECT] Sep 16, 2025 7:11:40 PM java.util.prefs.FileSystemPreferences syncWorld
2025-09-16 19:11:40,353 [ERROR] LogOutputStream:75 - [STDERR_REDIRECT] WARNING: Couldn't flush system prefs: java.util.prefs.BackingStoreException: Couldn't get file lock.
2025-09-16 19:11:40,353 [ERROR] LogOutputStream:75 - [STDERR_REDIRECT] 
2025-09-16 19:12:06,656 [INFO] McuFinderGlobals:63 - Set McuFinder mode to 2 (CubeIDE integrated)
2025-09-16 19:12:06,977 [INFO] MainUpdater:2872 - connection check result : 10
2025-09-16 19:12:06,978 [INFO] MainUpdater:2872 - connection check result : 10
2025-09-16 19:12:07,029 [INFO] MicroXplorer:468 - Change Database Path : 
2025-09-16 19:12:07,030 [INFO] MicroXplorer:498 - Change Database Version : DB.6.0.150
2025-09-16 19:12:07,042 [WARN] ThirdParty:871 - waiting for thirdparty lock release [close project]
2025-09-16 19:12:07,042 [INFO] ThirdParty:873 - entering critical section [close project]
2025-09-16 19:12:07,045 [INFO] ThirdParty:883 - exiting critical section [close project]
2025-09-16 19:12:07,051 [INFO] PinOutPanel:1589 - setPackage(No Configuration,No Configuration)
2025-09-16 19:12:07,056 [INFO] UtilMem:75 - Begin LoadConfig() Used Memory: 156639160 Bytes (330301440)
2025-09-16 19:12:07,059 [INFO] MicroXplorer:468 - Change Database Path : 
2025-09-16 19:12:07,060 [INFO] MicroXplorer:498 - Change Database Version : DB.6.0.150
2025-09-16 19:12:07,060 [INFO] OpenFileManager:355 - Change cursor
2025-09-16 19:12:07,197 [INFO] Mcu:2029 - Initializing MCU STM32F446R(C-E)Tx STM32F446RETx STM32F446RET6
2025-09-16 19:12:10,235 [INFO] Context:786 - Trying to add GPIOservice into a context  which must be forbidden
2025-09-16 19:12:10,351 [ERROR] LogOutputStream:75 - [STDERR_REDIRECT] Sep 16, 2025 7:12:10 PM java.util.prefs.FileSystemPreferences checkLockFile0ErrorCode
2025-09-16 19:12:10,351 [ERROR] LogOutputStream:75 - [STDERR_REDIRECT] WARNING: Could not lock System prefs. Unix error code 2.
2025-09-16 19:12:10,352 [ERROR] LogOutputStream:75 - [STDERR_REDIRECT] 
2025-09-16 19:12:10,355 [ERROR] LogOutputStream:75 - [STDERR_REDIRECT] Sep 16, 2025 7:12:10 PM java.util.prefs.FileSystemPreferences syncWorld
2025-09-16 19:12:10,356 [ERROR] LogOutputStream:75 - [STDERR_REDIRECT] WARNING: Couldn't flush system prefs: java.util.prefs.BackingStoreException: Couldn't get file lock.
2025-09-16 19:12:10,359 [ERROR] LogOutputStream:75 - [STDERR_REDIRECT] 
2025-09-16 19:12:11,530 [INFO] ImportTextPane:234 - (OptionalMessage_ERROR) Pin11 (VP_RIF_VS_RIF1) cannot be retrieved for this MCU
2025-09-16 19:12:11,717 [INFO] RtosManager:558 - Registered RTOS mode: class=CMSIS, group=RTOS, mode=CMSIS_V1, owner=FREERTOS
2025-09-16 19:12:11,718 [INFO] RtosManager:558 - Registered RTOS mode: class=CMSIS, group=RTOS2, mode=CMSIS_V2, owner=FREERTOS
2025-09-16 19:12:11,718 [INFO] RtosManager:558 - Registered RTOS mode: class=RTOS, group=Core, mode=CMSIS_V1, owner=FREERTOS
2025-09-16 19:12:11,718 [INFO] RtosManager:558 - Registered RTOS mode: class=RTOS, group=Core, mode=CMSIS_V2, owner=FREERTOS
2025-09-16 19:12:11,719 [WARN] ModelIntegratedComponent:184 - Missing modes for component STMicroelectronics:FreeRTOS:0.0.1:STMicroelectronics:RTOS:FreeRTOS:Core:::10.2.0:
2025-09-16 19:12:11,759 [WARN] ModelIntegratedComponent:63 - No mode defined for component null
2025-09-16 19:12:11,759 [WARN] ModelIntegratedComponent:63 - No mode defined for component null
2025-09-16 19:12:11,759 [WARN] ModelIntegratedComponent:63 - No mode defined for component null
2025-09-16 19:12:11,759 [WARN] ModelIntegratedComponent:63 - No mode defined for component null
2025-09-16 19:12:11,759 [WARN] ModelIntegratedComponent:63 - No mode defined for component null
2025-09-16 19:12:11,759 [WARN] ModelIntegratedComponent:63 - No mode defined for component null
2025-09-16 19:12:11,759 [WARN] ModelIntegratedComponent:63 - No mode defined for component null
2025-09-16 19:12:11,759 [WARN] ModelIntegratedComponent:63 - No mode defined for component null
2025-09-16 19:12:11,760 [WARN] ModelIntegratedComponent:63 - No mode defined for component null
2025-09-16 19:12:11,760 [WARN] ModelIntegratedComponent:63 - No mode defined for component null
2025-09-16 19:12:11,760 [WARN] ModelIntegratedComponent:63 - No mode defined for component null
2025-09-16 19:12:11,760 [WARN] ModelIntegratedComponent:63 - No mode defined for component null
2025-09-16 19:12:11,760 [WARN] ModelIntegratedComponent:63 - No mode defined for component null
2025-09-16 19:12:11,760 [WARN] ModelIntegratedComponent:63 - No mode defined for component null
2025-09-16 19:12:11,760 [WARN] ModelIntegratedComponent:63 - No mode defined for component null
2025-09-16 19:12:11,760 [WARN] ModelIntegratedComponent:63 - No mode defined for component null
2025-09-16 19:12:11,760 [WARN] ModelIntegratedComponent:63 - No mode defined for component null
2025-09-16 19:12:11,760 [WARN] ModelIntegratedComponent:63 - No mode defined for component null
2025-09-16 19:12:11,760 [WARN] ModelIntegratedComponent:63 - No mode defined for component null
2025-09-16 19:12:11,760 [WARN] ModelIntegratedComponent:63 - No mode defined for component null
2025-09-16 19:12:11,761 [WARN] ModelIntegratedComponent:63 - No mode defined for component null
2025-09-16 19:12:11,761 [WARN] ModelIntegratedComponent:63 - No mode defined for component null
2025-09-16 19:12:11,761 [WARN] ModelIntegratedComponent:63 - No mode defined for component null
2025-09-16 19:12:11,761 [WARN] ModelIntegratedComponent:63 - No mode defined for component null
2025-09-16 19:12:11,761 [WARN] ModelIntegratedComponent:63 - No mode defined for component null
2025-09-16 19:12:11,761 [WARN] ModelIntegratedComponent:63 - No mode defined for component null
2025-09-16 19:12:11,761 [WARN] ModelIntegratedComponent:63 - No mode defined for component null
2025-09-16 19:12:11,761 [WARN] ModelIntegratedComponent:63 - No mode defined for component null
2025-09-16 19:12:11,761 [WARN] ModelIntegratedComponent:63 - No mode defined for component null
2025-09-16 19:12:11,761 [WARN] ModelIntegratedComponent:63 - No mode defined for component null
2025-09-16 19:12:11,761 [WARN] ModelIntegratedComponent:63 - No mode defined for component null
2025-09-16 19:12:11,762 [WARN] ModelIntegratedComponent:63 - No mode defined for component null
2025-09-16 19:12:11,762 [WARN] ModelIntegratedComponent:63 - No mode defined for component null
2025-09-16 19:12:11,762 [WARN] ModelIntegratedComponent:63 - No mode defined for component null
2025-09-16 19:12:11,762 [WARN] ModelIntegratedComponent:63 - No mode defined for component null
2025-09-16 19:12:11,762 [WARN] ModelPack:524 - Component already loaded: STMicroelectronics:HAL Drivers:0.0.0:STMicroelectronics:Device:STMicro_Driver:XSPI:HAL::0.0.1:HAL_XSPI
2025-09-16 19:12:12,028 [INFO] ThirdPartyModel:298 - Start build external matchings
2025-09-16 19:12:12,548 [INFO] ThirdPartyModel:316 - End build external matchings
2025-09-16 19:12:12,575 [INFO] ImportTextPane:234 - (OptionalMessage_ERROR) IP (RCC) : Invalid parameter (FamilyName)
2025-09-16 19:12:12,577 [INFO] ImportTextPane:234 - (OptionalMessage_ERROR) IP (RCC) : Parameter (SDIOFreq_Value) has invalid value (84000000)
2025-09-16 19:12:12,578 [INFO] ImportTextPane:234 - (OptionalMessage_ERROR) IP (RCC) : Parameter (USBFreq_Value) has invalid value (84000000)
2025-09-16 19:12:13,273 [INFO] ApiDb:581 - Connected to CubeFinder SQLite database (/home/tomas1908/.stmcufinder/plugins/mcufinder/mcu/cube-finder-db.db)
2025-09-16 19:12:13,380 [INFO] ApiDb:668 - CubeFinder database Data Model version=2.1
2025-09-16 19:12:13,380 [INFO] ApiDb:669 - CubeFinder database Configuration version=3.0.39
2025-09-16 19:12:13,383 [INFO] ApiDb:670 - CubeFinder database generation date=2025-07-24 (1753349077)
2025-09-16 19:12:13,383 [INFO] ApiDb:671 - CubeFinder database FW Pack versions=[FP-ATR-ASTRA1_V2.0.0, FP-SNS-FLIGHT1_V5.1.0, FP-SNS-MOTENV1_V5.0.0, FP-SNS-MOTENVWB1_V1.4.0, FP-SNS-SMARTAG2_V1.2.0, FP-SNS-STBOX1_V2.0.0, STM32Cube_FW_C0_V1.4.0, STM32Cube_FW_F4_V1.28.2, STM32Cube_FW_F7_V1.17.3, STM32Cube_FW_G0_V1.6.2, STM32Cube_FW_G4_V1.6.1, STM32Cube_FW_H5_V1.5.0, STM32Cube_FW_H7RS_V1.2.0, STM32Cube_FW_H7_V1.12.1, STM32Cube_FW_L0_V1.12.2, STM32Cube_FW_L4_V1.18.1, STM32Cube_FW_L5_V1.5.1, STM32Cube_FW_N6_V1.2.0, STM32Cube_FW_U0_V1.3.0, STM32Cube_FW_U3_V1.2.0, STM32Cube_FW_U5_V1.8.0, STM32Cube_FW_WB0_V1.3.0, STM32Cube_FW_WBA_V1.7.0, STM32Cube_FW_WB_V1.23.0, STM32Cube_FW_WL3_V1.2.0, STM32Cube_FW_WL_V1.3.1, X-CUBE-ALGOBUILD_V1.4.0, X-CUBE-ALS_V1.0.2, X-CUBE-AZRTOS-F4_V1.1.0, X-CUBE-AZRTOS-F7_V1.1.0, X-CUBE-AZRTOS-G0_V1.1.0, X-CUBE-AZRTOS-G4_V2.0.0, X-CUBE-AZRTOS-H7RS_V1.1.0, X-CUBE-AZRTOS-H7_V3.4.0, X-CUBE-AZRTOS-L4_V2.0.0, X-CUBE-AZRTOS-L5_V2.0.0, X-CUBE-AZRTOS-WB_V2.0.0, X-CUBE-AZRTOS-WL_V2.0.0, X-CUBE-BLE1_V7.1.0, X-CUBE-BLE2_V3.3.0, X-CUBE-BLEMGR_V4.1.0, X-CUBE-EEPRMA1_V5.2.0, X-CUBE-FREERTOS_V1.3.1, X-CUBE-GNSS1_V6.0.0, X-CUBE-MEMS1_V11.3.0, X-CUBE-NFC4_V3.0.0, X-CUBE-NFC7_V2.0.0, X-CUBE-SFXS2LP1_V4.0.0, X-CUBE-ST67W61_V1.0.0, X-CUBE-SUBG2_V5.0.0, X-CUBE-TOF1_V3.4.3]
2025-09-16 19:12:13,536 [INFO] DbBoardsSqlite:226 - include board P-NUCLEO-WB55-NUCLEO as a kit item of type 'Nucleo-64'
2025-09-16 19:12:13,537 [INFO] DbBoardsSqlite:226 - include board P-NUCLEO-WB55-USBDONGLE as a kit item of type 'Nucleo USB Dongle'
2025-09-16 19:12:13,538 [INFO] DbBoardsSqlite:226 - include board STEVAL-IDP005V1 as a kit item of type 'Evaluation Board'
2025-09-16 19:12:13,539 [INFO] DbBoardsSqlite:226 - include board STEVAL-IDP005V2 as a kit item of type 'Evaluation Board'
2025-09-16 19:12:13,683 [INFO] ApiDb:240 - Found 880 in-development CPN: [B-G473E-ZEST1S, B-WB1M-WPAN1, B-WBA5M-WPAN, B-WL5M-SUBG1, NUCLEO-C031C6, NUCLEO-C051C8, NUCLEO-C071RB, NUCLEO-C092RC, NUCLEO-H503RB, NUCLEO-H533RE, NUCLEO-H563ZI, NUCLEO-H7S3L8, NUCLEO-N657X0-Q, NUCLEO-U031R8, NUCLEO-U083RC, NUCLEO-U385RG-Q, NUCLEO-U545RE-Q, NUCLEO-U5A5ZJ-Q, NUCLEO-WB05KZ, NUCLEO-WB07CC, NUCLEO-WB09KE, NUCLEO-WBA52CG, NUCLEO-WBA55CG, NUCLEO-WL33CC1, NUCLEO-WL33CC2, STEVAL-PROTEUS1, STEVAL-SMARTAG2, STEVAL-STWINBX1, STM320518-EVAL, STM32C0116-DK, STM32C011D6Y3TR, STM32C011D6Y6TR, STM32C011F4P3, STM32C011F4P6, STM32C011F4U3, STM32C011F4U6TR, STM32C011F6P3, STM32C011F6P6, STM32C011F6U3, STM32C011F6U6TR, STM32C011J4M3, STM32C011J4M6, STM32C011J6M3, STM32C011J6M6, STM32C0316-DK, STM32C031C4T3, STM32C031C4T6, STM32C031C4U3, STM32C031C4U6, STM32C031C6T3, STM32C031C6T6, STM32C031C6U3, STM32C031C6U6, STM32C031F4P3, STM32C031F4P6, STM32C031F6P3, STM32C031F6P6, STM32C031G4U3, STM32C031G4U6, STM32C031G6U3, STM32C031G6U6, STM32C031K4T3, STM32C031K4T6, STM32C031K4U3, STM32C031K4U6, STM32C031K6T3, STM32C031K6T6, STM32C031K6U3, STM32C031K6U6, STM32C051C6T6, STM32C051C6U6, STM32C051C8T6, STM32C051C8U6, STM32C051D8Y6TR, STM32C051F6P6, STM32C051F8P6, STM32C051G6U6, STM32C051G8U6, STM32C051K6T6, STM32C051K6U6, STM32C051K8T6, STM32C071C8T6, STM32C071C8T6N, STM32C071C8U6, STM32C071C8U6N, STM32C071CBT6, STM32C071CBT6N, STM32C071CBU6, STM32C071CBU6N, STM32C071F8P6, STM32C071F8P6N, STM32C071FBP6, STM32C071FBP6N, STM32C071FBY6TR, STM32C071G8U6, STM32C071G8U6N, STM32C071GBU6, STM32C071GBU6N, STM32C071K8T6, STM32C071K8T6N, STM32C071K8U6, STM32C071K8U6N, STM32C071KBT6, STM32C071KBT6N, STM32C071KBU6, STM32C071KBU6N, STM32C071R8T6, STM32C071R8T6N, STM32C071RBI6N, STM32C071RBT6, STM32C071RBT6N, STM32C091CBT6, STM32C091CBU6, STM32C091CCT6, STM32C091CCU6, STM32C091ECY6TR, STM32C091FBP6, STM32C091FCP6, STM32C091GBU6, STM32C091GCU6, STM32C091KBT6, STM32C091KBU6, STM32C091KCT6, STM32C091KCU6, STM32C091RBT6, STM32C091RCI6, STM32C091RCT6, STM32C092CBT6, STM32C092CBU6, STM32C092CCT6, STM32C092CCU6, STM32C092ECY6TR, STM32C092FBP6, STM32C092FCP6, STM32C092GBU6, STM32C092GCU6, STM32C092KBT6, STM32C092KBU6, STM32C092KCT6, STM32C092KCU6, STM32C092RBT6, STM32C092RCI6, STM32C092RCT6, STM32G071K8TXN, STM32G071K8UXN, STM32G081GBU6N, STM32G081KBT6N, STM32G081KBUXN, STM32G0B1CCT6N, STM32G0B1KCT6, STM32G0B1NEY6TR, STM32G0B1RCT6N, STM32G0C1CCT6, STM32G0C1CCT6N, STM32G0C1CCU6N, STM32G0C1CET6N, STM32G0C1CEU6N, STM32G0C1KCT6, STM32G0C1NEY6TR, STM32G0C1RCI6N, STM32G0C1RCT6N, STM32G0C1REI6N, STM32G0C1RET6N, STM32G0C1VCI6, STM32G0C1VEI6, STM32G411C6T3, STM32G411C6T6, STM32G411C6U3, STM32G411C6U6, STM32G411C8T3, STM32G411C8T6, STM32G411C8U3, STM32G411C8U6, STM32G411CBT3, STM32G411CBT6, STM32G411CBU3, STM32G411CBU6, STM32G411K6T3, STM32G411K6T6, STM32G411K6U3, STM32G411K6U6, STM32G411K8T3, STM32G411K8T6, STM32G411K8U3, STM32G411K8U6, STM32G411KBT3, STM32G411KBT6, STM32G411KBU3, STM32G411KBU6, STM32G411M6T3, STM32G411M6T6, STM32G411M8T3, STM32G411M8T6, STM32G411MBT3, STM32G411MBT6, STM32G411R6T3, STM32G411R6T6, STM32G411R8T3, STM32G411R8T6, STM32G411RBT3, STM32G411RBT6, STM32G414CBT3, STM32G414CBT6, STM32G414CBU3, STM32G414CBU6, STM32G414CCT3, STM32G414CCT6, STM32G414CCU3, STM32G414CCU6, STM32G414MBT3, STM32G414MBT6, STM32G414MCT3, STM32G414MCT6, STM32G414RBT3, STM32G414RBT6, STM32G414RCT3, STM32G414RCT6, STM32G414VBT3, STM32G414VBT6, STM32G414VCT3, STM32G414VCT6, STM32G431CBT3Z, STM32G431RBT3Z, STM32G471CCT6, STM32G471CCU6, STM32G471CET3, STM32G471CET6, STM32G471CEU3, STM32G471CEU6, STM32G471MCT6, STM32G471MET3, STM32G471MET6, STM32G471MEY6TR, STM32G471QCT6, STM32G471QET3, STM32G471RCT6, STM32G471RET3, STM32G471RET6, STM32G471VCH6, STM32G471VCI6, STM32G471VCT6, STM32G471VEH3, STM32G471VEH6, STM32G471VEI3, STM32G471VEI6, STM32G471VET3, STM32G471VET6, STM32G473QET3Z, STM32G473RET3Z, STM32G474CCT6, STM32G491RET3Z, STM32H503CBT6, STM32H503CBU6, STM32H503EBY6TR, STM32H503KBU6, STM32H503RBT6, STM32H523CCT6, STM32H523CCU6, STM32H523CET6, STM32H523CEU6, STM32H523HEY6TR, STM32H523RCT6, STM32H523RET6, STM32H523VCI6, STM32H523VCT6, STM32H523VEI6, STM32H523VET6, STM32H523ZCJ6, STM32H523ZCT6, STM32H523ZEJ6, STM32H523ZET6, STM32H533CET6, STM32H533CEU6, STM32H533HEY6TR, STM32H533RET6, STM32H533VEI6, STM32H533VET6, STM32H533ZEJ6, STM32H533ZET6, STM32H562AGI6, STM32H562AII6, STM32H562IGK6, STM32H562IGT6, STM32H562IIK6, STM32H562IIT6, STM32H562RGT6, STM32H562RGV6, STM32H562RIT6, STM32H562RIV6, STM32H562VGT6, STM32H562VIT6, STM32H562ZGT6, STM32H562ZIT6, STM32H563AGI6, STM32H563AII3Q, STM32H563AII6, STM32H563IGK6, STM32H563IGT6, STM32H563IIK3Q, STM32H563IIK6, STM32H563IIT3Q, STM32H563IIT6, STM32H563MIY3QTR, STM32H563RGT6, STM32H563RGV6, STM32H563RIT6, STM32H563RIV6, STM32H563VGT6, STM32H563VIT3Q, STM32H563VIT6, STM32H563ZGT6, STM32H563ZIT3Q, STM32H563ZIT6, STM32H573AII3Q, STM32H573AII6, STM32H573I-DK, STM32H573IIK3Q, STM32H573IIK6, STM32H573IIT3Q, STM32H573IIT6, STM32H573MIY3QTR, STM32H573RIT6, STM32H573RIV6, STM32H573VIT3Q, STM32H573VIT6, STM32H573ZIT3Q, STM32H573ZIT6, STM32H7R3A8I6, STM32H7R3I8K6, STM32H7R3I8T6, STM32H7R3L8H6, STM32H7R3L8H6H, STM32H7R3R8V6, STM32H7R3V8H6, STM32H7R3V8T6, STM32H7R3V8Y6TR, STM32H7R3Z8J6, STM32H7R3Z8T6, STM32H7R7A8I6, STM32H7R7I8K6, STM32H7R7I8T6, STM32H7R7L8H6, STM32H7R7L8H6H, STM32H7R7Z8J6, STM32H7S3A8I6, STM32H7S3I8K6, STM32H7S3I8T6, STM32H7S3L8H6, STM32H7S3L8H6H, STM32H7S3R8V6, STM32H7S3V8H6, STM32H7S3V8T6, STM32H7S3V8Y6TR, STM32H7S3Z8J6, STM32H7S3Z8T6, STM32H7S78-DK, STM32H7S7A8I6, STM32H7S7I8K6, STM32H7S7I8T6, STM32H7S7L8H6, STM32H7S7L8H6H, STM32H7S7Z8J6, STM32L4R5QGI6STR, STM32MP131AAE3, STM32MP131AAF3, STM32MP131AAG3, STM32MP131CAE3, STM32MP131CAF3, STM32MP131CAG3, STM32MP131DAE7, STM32MP131DAF7, STM32MP131DAG7, STM32MP131FAE7, STM32MP131FAF7, STM32MP131FAG7, STM32MP133AAE3, STM32MP133AAF3, STM32MP133AAG3, STM32MP133CAE3, STM32MP133CAF3, STM32MP133CAG3, STM32MP133DAE7, STM32MP133DAF7, STM32MP133DAG7, STM32MP133FAE7, STM32MP133FAF7, STM32MP133FAG7, STM32MP135AAE3, STM32MP135AAF3, STM32MP135AAG3, STM32MP135CAE3, STM32MP135CAF3, STM32MP135CAG3, STM32MP135DAE7, STM32MP135DAF7, STM32MP135DAG7, STM32MP135F-DK, STM32MP135FAE7, STM32MP135FAF7, STM32MP135FAF7T, STM32MP135FAF7U, STM32MP135FAG7, STM32MP211AAL3, STM32MP211AAM3, STM32MP211AAN3, STM32MP211AAO3, STM32MP211CAL3, STM32MP211CAM3, STM32MP211CAN3, STM32MP211CAO3, STM32MP211DAL3, STM32MP211DAM3, STM32MP211DAN3, STM32MP211DAO3, STM32MP211FAL3, STM32MP211FAM3, STM32MP211FAN3, STM32MP211FAO3, STM32MP213AAL3, STM32MP213AAM3, STM32MP213AAN3, STM32MP213AAO3, STM32MP213CAL3, STM32MP213CAM3, STM32MP213CAN3, STM32MP213CAO3, STM32MP213DAL3, STM32MP213DAM3, STM32MP213DAN3, STM32MP213DAO3, STM32MP213FAL3, STM32MP213FAM3, STM32MP213FAN3, STM32MP213FAO3, STM32MP215AAL3, STM32MP215AAM3, STM32MP215AAN3, STM32MP215AAO3, STM32MP215CAL3, STM32MP215CAM3, STM32MP215CAN3, STM32MP215CAO3, STM32MP215DAL3, STM32MP215DAM3, STM32MP215DAN3, STM32MP215DAO3, STM32MP215F-DK, STM32MP215FAL3, STM32MP215FAM3, STM32MP215FAN3, STM32MP215FAO3, STM32MP231AAJ3, STM32MP231AAK3, STM32MP231AAL3, STM32MP231CAJ3, STM32MP231CAK3, STM32MP231CAL3, STM32MP231DAJ3, STM32MP231DAK3, STM32MP231DAL3, STM32MP231FAJ3, STM32MP231FAK3, STM32MP231FAL3, STM32MP233AAJ3, STM32MP233AAK3, STM32MP233AAL3, STM32MP233CAJ3, STM32MP233CAK3, STM32MP233CAL3, STM32MP233DAJ3, STM32MP233DAK3, STM32MP233DAL3, STM32MP233FAJ3, STM32MP233FAK3, STM32MP233FAL3, STM32MP235AAJ3, STM32MP235AAK3, STM32MP235AAL3, STM32MP235CAJ3, STM32MP235CAK3, STM32MP235CAL3, STM32MP235DAJ3, STM32MP235DAK3, STM32MP235DAL3, STM32MP235FAJ3, STM32MP235FAK3, STM32MP235FAL3, STM32MP251AAI3, STM32MP251AAK3, STM32MP251AAL3, STM32MP251CAI3, STM32MP251CAK3, STM32MP251CAL3, STM32MP251DAI3, STM32MP251DAK3, STM32MP251DAL3, STM32MP251FAI3, STM32MP251FAK3, STM32MP251FAL3, STM32MP253AAI3, STM32MP253AAK3, STM32MP253AAL3, STM32MP253CAI3, STM32MP253CAK3, STM32MP253CAL3, STM32MP253DAI3, STM32MP253DAK3, STM32MP253DAL3, STM32MP253FAI3, STM32MP253FAK3, STM32MP253FAL3, STM32MP255AAI3, STM32MP255AAK3, STM32MP255AAL3, STM32MP255CAI3, STM32MP255CAK3, STM32MP255CAL3, STM32MP255DAI3, STM32MP255DAK3, STM32MP255DAL3, STM32MP255FAI3, STM32MP255FAK3, STM32MP255FAL3, STM32MP257AAI3, STM32MP257AAK3, STM32MP257AAL3, STM32MP257CAI3, STM32MP257CAK3, STM32MP257CAL3, STM32MP257DAI3, STM32MP257DAK3, STM32MP257DAL3, STM32MP257F-DK, STM32MP257F-EV1, STM32MP257FAI3, STM32MP257FAK3, STM32MP257FAL3, STM32N645A0H3Q, STM32N645B0H3Q, STM32N645I0H3Q, STM32N645L0H3Q, STM32N645X0H3Q, STM32N645Z0H3Q, STM32N647A0H3Q, STM32N647B0H3Q, STM32N647I0H3Q, STM32N647L0H3Q, STM32N647X0H3Q, STM32N647Z0H3Q, STM32N655A0H3Q, STM32N655B0H3Q, STM32N655I0H3Q, STM32N655L0H3Q, STM32N655X0H3Q, STM32N655Z0H3Q, STM32N6570-DK, STM32N657A0H3Q, STM32N657B0H3Q, STM32N657I0H3Q, STM32N657L0H3Q, STM32N657X0H3Q, STM32N657Z0H3Q, STM32U031C6T6, STM32U031C6U6, STM32U031C8T6, STM32U031C8U6, STM32U031F4P6, STM32U031F6P6, STM32U031F8P6, STM32U031G6Y6TR, STM32U031G8Y6TR, STM32U031K4U6, STM32U031K6U6, STM32U031K8U6, STM32U031R6I6, STM32U031R6T6, STM32U031R8I6, STM32U031R8T6, STM32U073C8T6, STM32U073C8U6, STM32U073CBT6, STM32U073CBU6, STM32U073CCT6, STM32U073CCU6, STM32U073H8Y6TR, STM32U073HBY6TR, STM32U073HCY6TR, STM32U073K8U6, STM32U073KBU6, STM32U073KCU6, STM32U073M8I6, STM32U073M8T6, STM32U073MBI6, STM32U073MBT6, STM32U073MCI6, STM32U073MCT6, STM32U073R8I6, STM32U073R8T6, STM32U073RBI6, STM32U073RBT6, STM32U073RCI6, STM32U073RCT6, STM32U083C-DK, STM32U083CCT6, STM32U083CCU6, STM32U083HCY6TR, STM32U083KCU6, STM32U083MCI6, STM32U083MCT6, STM32U083RCI6, STM32U083RCT6, STM32U375CET6, STM32U375CET6Q, STM32U375CEU6, STM32U375CEU6Q, STM32U375CEY6QTR, STM32U375CGT6, STM32U375CGT6Q, STM32U375CGU6, STM32U375CGU6Q, STM32U375CGY6QTR, STM32U375KEU6, STM32U375KGU6, STM32U375REI6, STM32U375REI6Q, STM32U375RET6, STM32U375RET6Q, STM32U375REY6GTR, STM32U375REY6QTR, STM32U375RGI6, STM32U375RGI6Q, STM32U375RGT6, STM32U375RGT6Q, STM32U375RGY6GTR, STM32U375RGY6QTR, STM32U375VEI6, STM32U375VEI6Q, STM32U375VET6, STM32U375VET6Q, STM32U375VGI6, STM32U375VGI6Q, STM32U375VGT6, STM32U375VGT6Q, STM32U385CGT6, STM32U385CGT6Q, STM32U385CGU6, STM32U385CGU6Q, STM32U385CGY6QTR, STM32U385KGU6, STM32U385RGI6, STM32U385RGI6Q, STM32U385RGT6, STM32U385RGT6Q, STM32U385RGY6GTR, STM32U385RGY6QTR, STM32U385VGI6, STM32U385VGI6Q, STM32U385VGT6, STM32U385VGT6Q, STM32U535CBT6, STM32U535CBT6Q, STM32U535CBU6, STM32U535CBU6Q, STM32U535CCT6, STM32U535CCT6Q, STM32U535CCU6, STM32U535CCU6Q, STM32U535CET6, STM32U535CET6Q, STM32U535CEU6, STM32U535CEU6Q, STM32U535JEY6QTR, STM32U535NCY6QTR, STM32U535NEY6QTR, STM32U535RBI6, STM32U535RBI6Q, STM32U535RBT6, STM32U535RBT6Q, STM32U535RCI6, STM32U535RCI6Q, STM32U535RCT6, STM32U535RCT6Q, STM32U535REI6, STM32U535REI6Q, STM32U535RET6, STM32U535RET6Q, STM32U535VCI6, STM32U535VCI6Q, STM32U535VCT6, STM32U535VCT6Q, STM32U535VEI6, STM32U535VEI6Q, STM32U535VET6, STM32U535VET6Q, STM32U545CET6, STM32U545CET6Q, STM32U545CEU6, STM32U545CEU6Q, STM32U545JEY6QTR, STM32U545NEY6QTR, STM32U545REI6, STM32U545REI6Q, STM32U545RET6, STM32U545RET6Q, STM32U545VEI6, STM32U545VEI6Q, STM32U545VET6, STM32U545VET6Q, STM32U595AIH6, STM32U595AIH6Q, STM32U595AJH6, STM32U595AJH6Q, STM32U595QII6, STM32U595QII6Q, STM32U595QJI6, STM32U595QJI6Q, STM32U595RIT6, STM32U595RIT6Q, STM32U595RJT6, STM32U595RJT6Q, STM32U595VIT6, STM32U595VIT6Q, STM32U595VJT6, STM32U595VJT6Q, STM32U595ZIT6, STM32U595ZIT6Q, STM32U595ZIY6QTR, STM32U595ZJT6, STM32U595ZJT6Q, STM32U595ZJY6QTR, STM32U599BJY6QTR, STM32U599NIH6Q, STM32U599NJH6Q, STM32U599VIT6Q, STM32U599VJT6, STM32U599VJT6Q, STM32U599ZIT6Q, STM32U599ZIY6QTR, STM32U599ZJT6Q, STM32U599ZJY6QTR, STM32U5A5AJH6, STM32U5A5AJH6Q, STM32U5A5QII3Q , STM32U5A5QJI6, STM32U5A5QJI6Q, STM32U5A5RJT6, STM32U5A5RJT6Q, STM32U5A5VJT6, STM32U5A5VJT6Q, STM32U5A5ZJT6, STM32U5A5ZJT6Q, STM32U5A5ZJY6QTR, STM32U5A9BJY6QTR, STM32U5A9J-DK, STM32U5A9NJH6Q, STM32U5A9VJT6Q, STM32U5A9ZJT6Q, STM32U5A9ZJY6QTR, STM32U5F7VIT6, STM32U5F7VIT6Q, STM32U5F7VJT6, STM32U5F7VJT6Q, STM32U5F9BJY6QTR, STM32U5F9NJH6Q, STM32U5F9VIT6Q, STM32U5F9VJT6Q, STM32U5F9ZIJ6QTR, STM32U5F9ZIT6Q, STM32U5F9ZJJ6QTR, STM32U5F9ZJT6Q, STM32U5G7VJT6, STM32U5G7VJT6Q, STM32U5G9BJY6QTR, STM32U5G9J-DK1, STM32U5G9J-DK2, STM32U5G9NJH6Q, STM32U5G9VJT6Q, STM32U5G9ZJJ6QTR, STM32U5G9ZJT6Q, STM32WB05KZV6TR, STM32WB05KZV7TR, STM32WB05TZF6TR, STM32WB05TZF7TR, STM32WB06CCF6TR, STM32WB06CCF7TR, STM32WB06CCV6TR, STM32WB06CCV7TR, STM32WB06KCV6TR, STM32WB06KCV7TR, STM32WB07CCF6TR, STM32WB07CCF7TR, STM32WB07CCV6TR, STM32WB07CCV7TR, STM32WB07KCV6TR, STM32WB07KCV7TR, STM32WB09KEV6TR, STM32WB09KEV7TR, STM32WB09TEF6TR, STM32WB09TEF7TR, STM32WB1MMCH6, STM32WBA50KGU6, STM32WBA50KGU6TR, STM32WBA52CEU6, STM32WBA52CEU6TR, STM32WBA52CEU7, STM32WBA52CEU7TR, STM32WBA52CGU6, STM32WBA52CGU6TR, STM32WBA52CGU6U, STM32WBA52CGU7, STM32WBA52CGU7TR, STM32WBA52KEU6, STM32WBA52KEU6TR, STM32WBA52KGU6, STM32WBA52KGU6TR, STM32WBA54CEU6, STM32WBA54CEU6TR, STM32WBA54CEU7, STM32WBA54CEU7TR, STM32WBA54CGU6, STM32WBA54CGU6TR, STM32WBA54CGU7, STM32WBA54CGU7TR, STM32WBA54KEU6, STM32WBA54KEU6TR, STM32WBA54KEU7, STM32WBA54KEU7TR, STM32WBA54KGU6, STM32WBA54KGU6TR, STM32WBA54KGU7, STM32WBA54KGU7TR, STM32WBA55CEU6, STM32WBA55CEU6TR, STM32WBA55CEU7, STM32WBA55CEU7TR, STM32WBA55CGU6, STM32WBA55CGU6TR, STM32WBA55CGU6U, STM32WBA55CGU7, STM32WBA55CGU7TR, STM32WBA55G-DK1, STM32WBA55HEF6, STM32WBA55HEF7, STM32WBA55HGF6, STM32WBA55HGF7, STM32WBA55UEI6, STM32WBA55UEI6TR, STM32WBA55UEI7, STM32WBA55UEI7TR, STM32WBA55UGI6, STM32WBA55UGI6TR, STM32WBA55UGI7, STM32WBA55UGI7TR, STM32WBA5MMGH6TR, STM32WBA62MGF6, STM32WBA62MIF6, STM32WBA65MGF7, STM32WBA65MIF6, STM32WBA65MIF7, STM32WL30K8V6, STM32WL30KBV6, STM32WL31C8V6, STM32WL31CBV6, STM32WL31K8V6, STM32WL31KBV6, STM32WL33C8V6, STM32WL33C8V6X, STM32WL33CBV6, STM32WL33CBV6X, STM32WL33CCV6, STM32WL33CCV6A, STM32WL33CCV6X, STM32WL33K8V7, STM32WL33K8V7X, STM32WL33KBV7 , STM32WL33KBV7X, STM32WL33KCV7, STM32WL33KCV7X, STM32WL5MOCH6, STM32WL5MOCH6TR]
2025-09-16 19:12:13,913 [INFO] BoardInfo:889 - No configuration file found for board P-NUCLEO-WB55
2025-09-16 19:12:13,913 [INFO] DbBoards:161 - Kit is not supported: P-NUCLEO-WB55
2025-09-16 19:12:13,922 [INFO] BoardInfo:889 - No configuration file found for board STEVAL-BFA001V1B
2025-09-16 19:12:13,923 [INFO] DbBoards:161 - Kit is not supported: STEVAL-BFA001V1B
2025-09-16 19:12:13,925 [INFO] BoardInfo:889 - No configuration file found for board STEVAL-BFA001V2B
2025-09-16 19:12:13,926 [INFO] DbBoards:161 - Kit is not supported: STEVAL-BFA001V2B
2025-09-16 19:12:14,134 [INFO] DbBoards:168 - Found 212 boards, 209 are supported
2025-09-16 19:12:14,135 [INFO] DbBoards:169 - Found 212 boards, 43 of them is supported for  Bsp
2025-09-16 19:12:14,141 [INFO] ApiDb:668 - CubeFinder database Data Model version=2.1
2025-09-16 19:12:14,142 [INFO] ApiDb:669 - CubeFinder database Configuration version=3.0.39
2025-09-16 19:12:14,142 [INFO] ApiDb:670 - CubeFinder database generation date=2025-07-24 (1753349077)
2025-09-16 19:12:14,142 [INFO] ApiDb:671 - CubeFinder database FW Pack versions=[FP-ATR-ASTRA1_V2.0.0, FP-SNS-FLIGHT1_V5.1.0, FP-SNS-MOTENV1_V5.0.0, FP-SNS-MOTENVWB1_V1.4.0, FP-SNS-SMARTAG2_V1.2.0, FP-SNS-STBOX1_V2.0.0, STM32Cube_FW_C0_V1.4.0, STM32Cube_FW_F4_V1.28.2, STM32Cube_FW_F7_V1.17.3, STM32Cube_FW_G0_V1.6.2, STM32Cube_FW_G4_V1.6.1, STM32Cube_FW_H5_V1.5.0, STM32Cube_FW_H7RS_V1.2.0, STM32Cube_FW_H7_V1.12.1, STM32Cube_FW_L0_V1.12.2, STM32Cube_FW_L4_V1.18.1, STM32Cube_FW_L5_V1.5.1, STM32Cube_FW_N6_V1.2.0, STM32Cube_FW_U0_V1.3.0, STM32Cube_FW_U3_V1.2.0, STM32Cube_FW_U5_V1.8.0, STM32Cube_FW_WB0_V1.3.0, STM32Cube_FW_WBA_V1.7.0, STM32Cube_FW_WB_V1.23.0, STM32Cube_FW_WL3_V1.2.0, STM32Cube_FW_WL_V1.3.1, X-CUBE-ALGOBUILD_V1.4.0, X-CUBE-ALS_V1.0.2, X-CUBE-AZRTOS-F4_V1.1.0, X-CUBE-AZRTOS-F7_V1.1.0, X-CUBE-AZRTOS-G0_V1.1.0, X-CUBE-AZRTOS-G4_V2.0.0, X-CUBE-AZRTOS-H7RS_V1.1.0, X-CUBE-AZRTOS-H7_V3.4.0, X-CUBE-AZRTOS-L4_V2.0.0, X-CUBE-AZRTOS-L5_V2.0.0, X-CUBE-AZRTOS-WB_V2.0.0, X-CUBE-AZRTOS-WL_V2.0.0, X-CUBE-BLE1_V7.1.0, X-CUBE-BLE2_V3.3.0, X-CUBE-BLEMGR_V4.1.0, X-CUBE-EEPRMA1_V5.2.0, X-CUBE-FREERTOS_V1.3.1, X-CUBE-GNSS1_V6.0.0, X-CUBE-MEMS1_V11.3.0, X-CUBE-NFC4_V3.0.0, X-CUBE-NFC7_V2.0.0, X-CUBE-SFXS2LP1_V4.0.0, X-CUBE-ST67W61_V1.0.0, X-CUBE-SUBG2_V5.0.0, X-CUBE-TOF1_V3.4.3]
2025-09-16 19:12:19,859 [INFO] ApiDb:240 - Found 880 in-development CPN: [B-G473E-ZEST1S, B-WB1M-WPAN1, B-WBA5M-WPAN, B-WL5M-SUBG1, NUCLEO-C031C6, NUCLEO-C051C8, NUCLEO-C071RB, NUCLEO-C092RC, NUCLEO-H503RB, NUCLEO-H533RE, NUCLEO-H563ZI, NUCLEO-H7S3L8, NUCLEO-N657X0-Q, NUCLEO-U031R8, NUCLEO-U083RC, NUCLEO-U385RG-Q, NUCLEO-U545RE-Q, NUCLEO-U5A5ZJ-Q, NUCLEO-WB05KZ, NUCLEO-WB07CC, NUCLEO-WB09KE, NUCLEO-WBA52CG, NUCLEO-WBA55CG, NUCLEO-WL33CC1, NUCLEO-WL33CC2, STEVAL-PROTEUS1, STEVAL-SMARTAG2, STEVAL-STWINBX1, STM320518-EVAL, STM32C0116-DK, STM32C011D6Y3TR, STM32C011D6Y6TR, STM32C011F4P3, STM32C011F4P6, STM32C011F4U3, STM32C011F4U6TR, STM32C011F6P3, STM32C011F6P6, STM32C011F6U3, STM32C011F6U6TR, STM32C011J4M3, STM32C011J4M6, STM32C011J6M3, STM32C011J6M6, STM32C0316-DK, STM32C031C4T3, STM32C031C4T6, STM32C031C4U3, STM32C031C4U6, STM32C031C6T3, STM32C031C6T6, STM32C031C6U3, STM32C031C6U6, STM32C031F4P3, STM32C031F4P6, STM32C031F6P3, STM32C031F6P6, STM32C031G4U3, STM32C031G4U6, STM32C031G6U3, STM32C031G6U6, STM32C031K4T3, STM32C031K4T6, STM32C031K4U3, STM32C031K4U6, STM32C031K6T3, STM32C031K6T6, STM32C031K6U3, STM32C031K6U6, STM32C051C6T6, STM32C051C6U6, STM32C051C8T6, STM32C051C8U6, STM32C051D8Y6TR, STM32C051F6P6, STM32C051F8P6, STM32C051G6U6, STM32C051G8U6, STM32C051K6T6, STM32C051K6U6, STM32C051K8T6, STM32C071C8T6, STM32C071C8T6N, STM32C071C8U6, STM32C071C8U6N, STM32C071CBT6, STM32C071CBT6N, STM32C071CBU6, STM32C071CBU6N, STM32C071F8P6, STM32C071F8P6N, STM32C071FBP6, STM32C071FBP6N, STM32C071FBY6TR, STM32C071G8U6, STM32C071G8U6N, STM32C071GBU6, STM32C071GBU6N, STM32C071K8T6, STM32C071K8T6N, STM32C071K8U6, STM32C071K8U6N, STM32C071KBT6, STM32C071KBT6N, STM32C071KBU6, STM32C071KBU6N, STM32C071R8T6, STM32C071R8T6N, STM32C071RBI6N, STM32C071RBT6, STM32C071RBT6N, STM32C091CBT6, STM32C091CBU6, STM32C091CCT6, STM32C091CCU6, STM32C091ECY6TR, STM32C091FBP6, STM32C091FCP6, STM32C091GBU6, STM32C091GCU6, STM32C091KBT6, STM32C091KBU6, STM32C091KCT6, STM32C091KCU6, STM32C091RBT6, STM32C091RCI6, STM32C091RCT6, STM32C092CBT6, STM32C092CBU6, STM32C092CCT6, STM32C092CCU6, STM32C092ECY6TR, STM32C092FBP6, STM32C092FCP6, STM32C092GBU6, STM32C092GCU6, STM32C092KBT6, STM32C092KBU6, STM32C092KCT6, STM32C092KCU6, STM32C092RBT6, STM32C092RCI6, STM32C092RCT6, STM32G071K8TXN, STM32G071K8UXN, STM32G081GBU6N, STM32G081KBT6N, STM32G081KBUXN, STM32G0B1CCT6N, STM32G0B1KCT6, STM32G0B1NEY6TR, STM32G0B1RCT6N, STM32G0C1CCT6, STM32G0C1CCT6N, STM32G0C1CCU6N, STM32G0C1CET6N, STM32G0C1CEU6N, STM32G0C1KCT6, STM32G0C1NEY6TR, STM32G0C1RCI6N, STM32G0C1RCT6N, STM32G0C1REI6N, STM32G0C1RET6N, STM32G0C1VCI6, STM32G0C1VEI6, STM32G411C6T3, STM32G411C6T6, STM32G411C6U3, STM32G411C6U6, STM32G411C8T3, STM32G411C8T6, STM32G411C8U3, STM32G411C8U6, STM32G411CBT3, STM32G411CBT6, STM32G411CBU3, STM32G411CBU6, STM32G411K6T3, STM32G411K6T6, STM32G411K6U3, STM32G411K6U6, STM32G411K8T3, STM32G411K8T6, STM32G411K8U3, STM32G411K8U6, STM32G411KBT3, STM32G411KBT6, STM32G411KBU3, STM32G411KBU6, STM32G411M6T3, STM32G411M6T6, STM32G411M8T3, STM32G411M8T6, STM32G411MBT3, STM32G411MBT6, STM32G411R6T3, STM32G411R6T6, STM32G411R8T3, STM32G411R8T6, STM32G411RBT3, STM32G411RBT6, STM32G414CBT3, STM32G414CBT6, STM32G414CBU3, STM32G414CBU6, STM32G414CCT3, STM32G414CCT6, STM32G414CCU3, STM32G414CCU6, STM32G414MBT3, STM32G414MBT6, STM32G414MCT3, STM32G414MCT6, STM32G414RBT3, STM32G414RBT6, STM32G414RCT3, STM32G414RCT6, STM32G414VBT3, STM32G414VBT6, STM32G414VCT3, STM32G414VCT6, STM32G431CBT3Z, STM32G431RBT3Z, STM32G471CCT6, STM32G471CCU6, STM32G471CET3, STM32G471CET6, STM32G471CEU3, STM32G471CEU6, STM32G471MCT6, STM32G471MET3, STM32G471MET6, STM32G471MEY6TR, STM32G471QCT6, STM32G471QET3, STM32G471RCT6, STM32G471RET3, STM32G471RET6, STM32G471VCH6, STM32G471VCI6, STM32G471VCT6, STM32G471VEH3, STM32G471VEH6, STM32G471VEI3, STM32G471VEI6, STM32G471VET3, STM32G471VET6, STM32G473QET3Z, STM32G473RET3Z, STM32G474CCT6, STM32G491RET3Z, STM32H503CBT6, STM32H503CBU6, STM32H503EBY6TR, STM32H503KBU6, STM32H503RBT6, STM32H523CCT6, STM32H523CCU6, STM32H523CET6, STM32H523CEU6, STM32H523HEY6TR, STM32H523RCT6, STM32H523RET6, STM32H523VCI6, STM32H523VCT6, STM32H523VEI6, STM32H523VET6, STM32H523ZCJ6, STM32H523ZCT6, STM32H523ZEJ6, STM32H523ZET6, STM32H533CET6, STM32H533CEU6, STM32H533HEY6TR, STM32H533RET6, STM32H533VEI6, STM32H533VET6, STM32H533ZEJ6, STM32H533ZET6, STM32H562AGI6, STM32H562AII6, STM32H562IGK6, STM32H562IGT6, STM32H562IIK6, STM32H562IIT6, STM32H562RGT6, STM32H562RGV6, STM32H562RIT6, STM32H562RIV6, STM32H562VGT6, STM32H562VIT6, STM32H562ZGT6, STM32H562ZIT6, STM32H563AGI6, STM32H563AII3Q, STM32H563AII6, STM32H563IGK6, STM32H563IGT6, STM32H563IIK3Q, STM32H563IIK6, STM32H563IIT3Q, STM32H563IIT6, STM32H563MIY3QTR, STM32H563RGT6, STM32H563RGV6, STM32H563RIT6, STM32H563RIV6, STM32H563VGT6, STM32H563VIT3Q, STM32H563VIT6, STM32H563ZGT6, STM32H563ZIT3Q, STM32H563ZIT6, STM32H573AII3Q, STM32H573AII6, STM32H573I-DK, STM32H573IIK3Q, STM32H573IIK6, STM32H573IIT3Q, STM32H573IIT6, STM32H573MIY3QTR, STM32H573RIT6, STM32H573RIV6, STM32H573VIT3Q, STM32H573VIT6, STM32H573ZIT3Q, STM32H573ZIT6, STM32H7R3A8I6, STM32H7R3I8K6, STM32H7R3I8T6, STM32H7R3L8H6, STM32H7R3L8H6H, STM32H7R3R8V6, STM32H7R3V8H6, STM32H7R3V8T6, STM32H7R3V8Y6TR, STM32H7R3Z8J6, STM32H7R3Z8T6, STM32H7R7A8I6, STM32H7R7I8K6, STM32H7R7I8T6, STM32H7R7L8H6, STM32H7R7L8H6H, STM32H7R7Z8J6, STM32H7S3A8I6, STM32H7S3I8K6, STM32H7S3I8T6, STM32H7S3L8H6, STM32H7S3L8H6H, STM32H7S3R8V6, STM32H7S3V8H6, STM32H7S3V8T6, STM32H7S3V8Y6TR, STM32H7S3Z8J6, STM32H7S3Z8T6, STM32H7S78-DK, STM32H7S7A8I6, STM32H7S7I8K6, STM32H7S7I8T6, STM32H7S7L8H6, STM32H7S7L8H6H, STM32H7S7Z8J6, STM32L4R5QGI6STR, STM32MP131AAE3, STM32MP131AAF3, STM32MP131AAG3, STM32MP131CAE3, STM32MP131CAF3, STM32MP131CAG3, STM32MP131DAE7, STM32MP131DAF7, STM32MP131DAG7, STM32MP131FAE7, STM32MP131FAF7, STM32MP131FAG7, STM32MP133AAE3, STM32MP133AAF3, STM32MP133AAG3, STM32MP133CAE3, STM32MP133CAF3, STM32MP133CAG3, STM32MP133DAE7, STM32MP133DAF7, STM32MP133DAG7, STM32MP133FAE7, STM32MP133FAF7, STM32MP133FAG7, STM32MP135AAE3, STM32MP135AAF3, STM32MP135AAG3, STM32MP135CAE3, STM32MP135CAF3, STM32MP135CAG3, STM32MP135DAE7, STM32MP135DAF7, STM32MP135DAG7, STM32MP135F-DK, STM32MP135FAE7, STM32MP135FAF7, STM32MP135FAF7T, STM32MP135FAF7U, STM32MP135FAG7, STM32MP211AAL3, STM32MP211AAM3, STM32MP211AAN3, STM32MP211AAO3, STM32MP211CAL3, STM32MP211CAM3, STM32MP211CAN3, STM32MP211CAO3, STM32MP211DAL3, STM32MP211DAM3, STM32MP211DAN3, STM32MP211DAO3, STM32MP211FAL3, STM32MP211FAM3, STM32MP211FAN3, STM32MP211FAO3, STM32MP213AAL3, STM32MP213AAM3, STM32MP213AAN3, STM32MP213AAO3, STM32MP213CAL3, STM32MP213CAM3, STM32MP213CAN3, STM32MP213CAO3, STM32MP213DAL3, STM32MP213DAM3, STM32MP213DAN3, STM32MP213DAO3, STM32MP213FAL3, STM32MP213FAM3, STM32MP213FAN3, STM32MP213FAO3, STM32MP215AAL3, STM32MP215AAM3, STM32MP215AAN3, STM32MP215AAO3, STM32MP215CAL3, STM32MP215CAM3, STM32MP215CAN3, STM32MP215CAO3, STM32MP215DAL3, STM32MP215DAM3, STM32MP215DAN3, STM32MP215DAO3, STM32MP215F-DK, STM32MP215FAL3, STM32MP215FAM3, STM32MP215FAN3, STM32MP215FAO3, STM32MP231AAJ3, STM32MP231AAK3, STM32MP231AAL3, STM32MP231CAJ3, STM32MP231CAK3, STM32MP231CAL3, STM32MP231DAJ3, STM32MP231DAK3, STM32MP231DAL3, STM32MP231FAJ3, STM32MP231FAK3, STM32MP231FAL3, STM32MP233AAJ3, STM32MP233AAK3, STM32MP233AAL3, STM32MP233CAJ3, STM32MP233CAK3, STM32MP233CAL3, STM32MP233DAJ3, STM32MP233DAK3, STM32MP233DAL3, STM32MP233FAJ3, STM32MP233FAK3, STM32MP233FAL3, STM32MP235AAJ3, STM32MP235AAK3, STM32MP235AAL3, STM32MP235CAJ3, STM32MP235CAK3, STM32MP235CAL3, STM32MP235DAJ3, STM32MP235DAK3, STM32MP235DAL3, STM32MP235FAJ3, STM32MP235FAK3, STM32MP235FAL3, STM32MP251AAI3, STM32MP251AAK3, STM32MP251AAL3, STM32MP251CAI3, STM32MP251CAK3, STM32MP251CAL3, STM32MP251DAI3, STM32MP251DAK3, STM32MP251DAL3, STM32MP251FAI3, STM32MP251FAK3, STM32MP251FAL3, STM32MP253AAI3, STM32MP253AAK3, STM32MP253AAL3, STM32MP253CAI3, STM32MP253CAK3, STM32MP253CAL3, STM32MP253DAI3, STM32MP253DAK3, STM32MP253DAL3, STM32MP253FAI3, STM32MP253FAK3, STM32MP253FAL3, STM32MP255AAI3, STM32MP255AAK3, STM32MP255AAL3, STM32MP255CAI3, STM32MP255CAK3, STM32MP255CAL3, STM32MP255DAI3, STM32MP255DAK3, STM32MP255DAL3, STM32MP255FAI3, STM32MP255FAK3, STM32MP255FAL3, STM32MP257AAI3, STM32MP257AAK3, STM32MP257AAL3, STM32MP257CAI3, STM32MP257CAK3, STM32MP257CAL3, STM32MP257DAI3, STM32MP257DAK3, STM32MP257DAL3, STM32MP257F-DK, STM32MP257F-EV1, STM32MP257FAI3, STM32MP257FAK3, STM32MP257FAL3, STM32N645A0H3Q, STM32N645B0H3Q, STM32N645I0H3Q, STM32N645L0H3Q, STM32N645X0H3Q, STM32N645Z0H3Q, STM32N647A0H3Q, STM32N647B0H3Q, STM32N647I0H3Q, STM32N647L0H3Q, STM32N647X0H3Q, STM32N647Z0H3Q, STM32N655A0H3Q, STM32N655B0H3Q, STM32N655I0H3Q, STM32N655L0H3Q, STM32N655X0H3Q, STM32N655Z0H3Q, STM32N6570-DK, STM32N657A0H3Q, STM32N657B0H3Q, STM32N657I0H3Q, STM32N657L0H3Q, STM32N657X0H3Q, STM32N657Z0H3Q, STM32U031C6T6, STM32U031C6U6, STM32U031C8T6, STM32U031C8U6, STM32U031F4P6, STM32U031F6P6, STM32U031F8P6, STM32U031G6Y6TR, STM32U031G8Y6TR, STM32U031K4U6, STM32U031K6U6, STM32U031K8U6, STM32U031R6I6, STM32U031R6T6, STM32U031R8I6, STM32U031R8T6, STM32U073C8T6, STM32U073C8U6, STM32U073CBT6, STM32U073CBU6, STM32U073CCT6, STM32U073CCU6, STM32U073H8Y6TR, STM32U073HBY6TR, STM32U073HCY6TR, STM32U073K8U6, STM32U073KBU6, STM32U073KCU6, STM32U073M8I6, STM32U073M8T6, STM32U073MBI6, STM32U073MBT6, STM32U073MCI6, STM32U073MCT6, STM32U073R8I6, STM32U073R8T6, STM32U073RBI6, STM32U073RBT6, STM32U073RCI6, STM32U073RCT6, STM32U083C-DK, STM32U083CCT6, STM32U083CCU6, STM32U083HCY6TR, STM32U083KCU6, STM32U083MCI6, STM32U083MCT6, STM32U083RCI6, STM32U083RCT6, STM32U375CET6, STM32U375CET6Q, STM32U375CEU6, STM32U375CEU6Q, STM32U375CEY6QTR, STM32U375CGT6, STM32U375CGT6Q, STM32U375CGU6, STM32U375CGU6Q, STM32U375CGY6QTR, STM32U375KEU6, STM32U375KGU6, STM32U375REI6, STM32U375REI6Q, STM32U375RET6, STM32U375RET6Q, STM32U375REY6GTR, STM32U375REY6QTR, STM32U375RGI6, STM32U375RGI6Q, STM32U375RGT6, STM32U375RGT6Q, STM32U375RGY6GTR, STM32U375RGY6QTR, STM32U375VEI6, STM32U375VEI6Q, STM32U375VET6, STM32U375VET6Q, STM32U375VGI6, STM32U375VGI6Q, STM32U375VGT6, STM32U375VGT6Q, STM32U385CGT6, STM32U385CGT6Q, STM32U385CGU6, STM32U385CGU6Q, STM32U385CGY6QTR, STM32U385KGU6, STM32U385RGI6, STM32U385RGI6Q, STM32U385RGT6, STM32U385RGT6Q, STM32U385RGY6GTR, STM32U385RGY6QTR, STM32U385VGI6, STM32U385VGI6Q, STM32U385VGT6, STM32U385VGT6Q, STM32U535CBT6, STM32U535CBT6Q, STM32U535CBU6, STM32U535CBU6Q, STM32U535CCT6, STM32U535CCT6Q, STM32U535CCU6, STM32U535CCU6Q, STM32U535CET6, STM32U535CET6Q, STM32U535CEU6, STM32U535CEU6Q, STM32U535JEY6QTR, STM32U535NCY6QTR, STM32U535NEY6QTR, STM32U535RBI6, STM32U535RBI6Q, STM32U535RBT6, STM32U535RBT6Q, STM32U535RCI6, STM32U535RCI6Q, STM32U535RCT6, STM32U535RCT6Q, STM32U535REI6, STM32U535REI6Q, STM32U535RET6, STM32U535RET6Q, STM32U535VCI6, STM32U535VCI6Q, STM32U535VCT6, STM32U535VCT6Q, STM32U535VEI6, STM32U535VEI6Q, STM32U535VET6, STM32U535VET6Q, STM32U545CET6, STM32U545CET6Q, STM32U545CEU6, STM32U545CEU6Q, STM32U545JEY6QTR, STM32U545NEY6QTR, STM32U545REI6, STM32U545REI6Q, STM32U545RET6, STM32U545RET6Q, STM32U545VEI6, STM32U545VEI6Q, STM32U545VET6, STM32U545VET6Q, STM32U595AIH6, STM32U595AIH6Q, STM32U595AJH6, STM32U595AJH6Q, STM32U595QII6, STM32U595QII6Q, STM32U595QJI6, STM32U595QJI6Q, STM32U595RIT6, STM32U595RIT6Q, STM32U595RJT6, STM32U595RJT6Q, STM32U595VIT6, STM32U595VIT6Q, STM32U595VJT6, STM32U595VJT6Q, STM32U595ZIT6, STM32U595ZIT6Q, STM32U595ZIY6QTR, STM32U595ZJT6, STM32U595ZJT6Q, STM32U595ZJY6QTR, STM32U599BJY6QTR, STM32U599NIH6Q, STM32U599NJH6Q, STM32U599VIT6Q, STM32U599VJT6, STM32U599VJT6Q, STM32U599ZIT6Q, STM32U599ZIY6QTR, STM32U599ZJT6Q, STM32U599ZJY6QTR, STM32U5A5AJH6, STM32U5A5AJH6Q, STM32U5A5QII3Q , STM32U5A5QJI6, STM32U5A5QJI6Q, STM32U5A5RJT6, STM32U5A5RJT6Q, STM32U5A5VJT6, STM32U5A5VJT6Q, STM32U5A5ZJT6, STM32U5A5ZJT6Q, STM32U5A5ZJY6QTR, STM32U5A9BJY6QTR, STM32U5A9J-DK, STM32U5A9NJH6Q, STM32U5A9VJT6Q, STM32U5A9ZJT6Q, STM32U5A9ZJY6QTR, STM32U5F7VIT6, STM32U5F7VIT6Q, STM32U5F7VJT6, STM32U5F7VJT6Q, STM32U5F9BJY6QTR, STM32U5F9NJH6Q, STM32U5F9VIT6Q, STM32U5F9VJT6Q, STM32U5F9ZIJ6QTR, STM32U5F9ZIT6Q, STM32U5F9ZJJ6QTR, STM32U5F9ZJT6Q, STM32U5G7VJT6, STM32U5G7VJT6Q, STM32U5G9BJY6QTR, STM32U5G9J-DK1, STM32U5G9J-DK2, STM32U5G9NJH6Q, STM32U5G9VJT6Q, STM32U5G9ZJJ6QTR, STM32U5G9ZJT6Q, STM32WB05KZV6TR, STM32WB05KZV7TR, STM32WB05TZF6TR, STM32WB05TZF7TR, STM32WB06CCF6TR, STM32WB06CCF7TR, STM32WB06CCV6TR, STM32WB06CCV7TR, STM32WB06KCV6TR, STM32WB06KCV7TR, STM32WB07CCF6TR, STM32WB07CCF7TR, STM32WB07CCV6TR, STM32WB07CCV7TR, STM32WB07KCV6TR, STM32WB07KCV7TR, STM32WB09KEV6TR, STM32WB09KEV7TR, STM32WB09TEF6TR, STM32WB09TEF7TR, STM32WB1MMCH6, STM32WBA50KGU6, STM32WBA50KGU6TR, STM32WBA52CEU6, STM32WBA52CEU6TR, STM32WBA52CEU7, STM32WBA52CEU7TR, STM32WBA52CGU6, STM32WBA52CGU6TR, STM32WBA52CGU6U, STM32WBA52CGU7, STM32WBA52CGU7TR, STM32WBA52KEU6, STM32WBA52KEU6TR, STM32WBA52KGU6, STM32WBA52KGU6TR, STM32WBA54CEU6, STM32WBA54CEU6TR, STM32WBA54CEU7, STM32WBA54CEU7TR, STM32WBA54CGU6, STM32WBA54CGU6TR, STM32WBA54CGU7, STM32WBA54CGU7TR, STM32WBA54KEU6, STM32WBA54KEU6TR, STM32WBA54KEU7, STM32WBA54KEU7TR, STM32WBA54KGU6, STM32WBA54KGU6TR, STM32WBA54KGU7, STM32WBA54KGU7TR, STM32WBA55CEU6, STM32WBA55CEU6TR, STM32WBA55CEU7, STM32WBA55CEU7TR, STM32WBA55CGU6, STM32WBA55CGU6TR, STM32WBA55CGU6U, STM32WBA55CGU7, STM32WBA55CGU7TR, STM32WBA55G-DK1, STM32WBA55HEF6, STM32WBA55HEF7, STM32WBA55HGF6, STM32WBA55HGF7, STM32WBA55UEI6, STM32WBA55UEI6TR, STM32WBA55UEI7, STM32WBA55UEI7TR, STM32WBA55UGI6, STM32WBA55UGI6TR, STM32WBA55UGI7, STM32WBA55UGI7TR, STM32WBA5MMGH6TR, STM32WBA62MGF6, STM32WBA62MIF6, STM32WBA65MGF7, STM32WBA65MIF6, STM32WBA65MIF7, STM32WL30K8V6, STM32WL30KBV6, STM32WL31C8V6, STM32WL31CBV6, STM32WL31K8V6, STM32WL31KBV6, STM32WL33C8V6, STM32WL33C8V6X, STM32WL33CBV6, STM32WL33CBV6X, STM32WL33CCV6, STM32WL33CCV6A, STM32WL33CCV6X, STM32WL33K8V7, STM32WL33K8V7X, STM32WL33KBV7 , STM32WL33KBV7X, STM32WL33KCV7, STM32WL33KCV7X, STM32WL5MOCH6, STM32WL5MOCH6TR]
2025-09-16 19:12:19,866 [INFO] DbMcus:218 - Found 4801 MCUs, 4801 are supported
2025-09-16 19:12:19,878 [INFO] ApiDb:423 - Load user favorites file /home/tomas1908/.stm32cubeide/favorites.mcus.txt: 2 item(s)
2025-09-16 19:12:19,879 [INFO] ApiDb:427 - User favorites MCUs=[STM32F103C8T6, STM32F446RET6]
2025-09-16 19:12:19,879 [INFO] DbMcus:224 - Set 2 / 2 favorites MCUs
2025-09-16 19:12:20,837 [INFO] ApiDb:414 - User favorites file not found: /home/tomas1908/.stm32cubeide/favorites.boards.txt
2025-09-16 19:12:20,838 [INFO] DbBoards:198 - Set 0 / 0 favorites Boards
2025-09-16 19:12:20,902 [INFO] UtilMem:75 - End LoadConfig() Used Memory: 264894280 Bytes (330301440)
2025-09-16 19:12:21,183 [WARN] ThirdParty:833 - waiting for thirdparty lock release [change project]
2025-09-16 19:12:21,183 [INFO] ThirdParty:835 - entering critical section [change project]
2025-09-16 19:12:21,184 [INFO] ThirdParty:1030 - CMSIS Pack Vendor :STMicroelectronics X-CUBE-PM33A1 1.0.0
2025-09-16 19:12:21,184 [INFO] ThirdParty:1030 - CMSIS Pack Vendor :STMicroelectronics USBPD 4.1
2025-09-16 19:12:21,184 [INFO] ThirdParty:1030 - CMSIS Pack Vendor :STMicroelectronics X-CUBE-NFC9 1.0.0
2025-09-16 19:12:21,184 [INFO] ThirdParty:1030 - CMSIS Pack Vendor :STMicroelectronics USB_HOST 2.0.0
2025-09-16 19:12:21,184 [INFO] ThirdParty:1030 - CMSIS Pack Vendor :STMicroelectronics FP-SNS-MOTENVWB1 1.4.0
2025-09-16 19:12:21,184 [INFO] ThirdParty:1030 - CMSIS Pack Vendor :STMicroelectronics X-CUBE-AZRTOS-F4 1.1.0
2025-09-16 19:12:21,184 [INFO] ThirdParty:1030 - CMSIS Pack Vendor :STMicroelectronics LIBJPEG 8.0.0
2025-09-16 19:12:21,184 [INFO] ThirdParty:1030 - CMSIS Pack Vendor :STMicroelectronics FP-ATR-ASTRA1 2.0.2
2025-09-16 19:12:21,185 [INFO] ThirdParty:1030 - CMSIS Pack Vendor :STMicroelectronics X-CUBE-BLE1 7.1.0
2025-09-16 19:12:21,185 [INFO] ThirdParty:1030 - CMSIS Pack Vendor :Avnet-IotConnect X-CUBE-IoTC-DA16k-PMOD 1.0.0
2025-09-16 19:12:21,185 [INFO] ThirdParty:1030 - CMSIS Pack Vendor :STMicroelectronics X-CUBE-SMBUS 2.1.0
2025-09-16 19:12:21,185 [INFO] ThirdParty:1030 - CMSIS Pack Vendor :STMicroelectronics USB_DEVICE 3.0.0
2025-09-16 19:12:21,185 [INFO] ThirdParty:1030 - CMSIS Pack Vendor :STMicroelectronics X-CUBE-ISPU 2.1.0
2025-09-16 19:12:21,185 [INFO] ThirdParty:1030 - CMSIS Pack Vendor :STMicroelectronics X-CUBE-AZRTOS-WB 2.0.0
2025-09-16 19:12:21,186 [INFO] ThirdParty:1030 - CMSIS Pack Vendor :STMicroelectronics X-CUBE-ST60 1.0.0
2025-09-16 19:12:21,186 [INFO] ThirdParty:1030 - CMSIS Pack Vendor :STMicroelectronics X-CUBE-GNSS1 7.0.1
2025-09-16 19:12:21,186 [INFO] ThirdParty:1030 - CMSIS Pack Vendor :STMicroelectronics X-CUBE-AZRTOS-F7 1.1.0
2025-09-16 19:12:21,186 [INFO] ThirdParty:1030 - CMSIS Pack Vendor :STMicroelectronics X-CUBE-AZRTOS-L5 2.0.0
2025-09-16 19:12:21,186 [INFO] ThirdParty:1030 - CMSIS Pack Vendor :STMicroelectronics X-CUBE-TOUCHGFX 4.25.0
2025-09-16 19:12:21,186 [INFO] ThirdParty:1030 - CMSIS Pack Vendor :STMicroelectronics USB_DEVICE 2.0.0
2025-09-16 19:12:21,186 [INFO] ThirdParty:1030 - CMSIS Pack Vendor :STMicroelectronics X-CUBE-NFC6 3.1.0
2025-09-16 19:12:21,186 [INFO] ThirdParty:1030 - CMSIS Pack Vendor :Cesanta I-CUBE-Mongoose 7.19.0
2025-09-16 19:12:21,186 [INFO] ThirdParty:1030 - CMSIS Pack Vendor :quantropi X-CUBE-qispace-sdk-base 2.1.0
2025-09-16 19:12:21,186 [INFO] ThirdParty:1030 - CMSIS Pack Vendor :STMicroelectronics FreeRTOS 0.0.1
2025-09-16 19:12:21,187 [INFO] ThirdParty:1030 - CMSIS Pack Vendor :STMicroelectronics X-CUBE-AZRTOS-G0 1.1.0
2025-09-16 19:12:21,187 [INFO] ThirdParty:1030 - CMSIS Pack Vendor :STMicroelectronics X-CUBE-SAFEA1 1.2.2
2025-09-16 19:12:21,187 [INFO] ThirdParty:1030 - CMSIS Pack Vendor :STMicroelectronics X-CUBE-NFC4 3.0.0
2025-09-16 19:12:21,187 [INFO] ThirdParty:1030 - CMSIS Pack Vendor :STMicroelectronics X-CUBE-SUBG2 5.0.0
2025-09-16 19:12:21,187 [INFO] ThirdParty:1030 - CMSIS Pack Vendor :STMicroelectronics X-CUBE-AZRTOS-H7RS 1.1.0
2025-09-16 19:12:21,187 [INFO] ThirdParty:1030 - CMSIS Pack Vendor :STMicroelectronics STM32_WPAN 1.0.0
2025-09-16 19:12:21,187 [INFO] ThirdParty:1030 - CMSIS Pack Vendor :EmbeddedOffice I-CUBE-FS-RTOS 1.0.1
2025-09-16 19:12:21,187 [INFO] ThirdParty:1030 - CMSIS Pack Vendor :STMicroelectronics lwIP 2.0.3
2025-09-16 19:12:21,187 [INFO] ThirdParty:1030 - CMSIS Pack Vendor :WES I-CUBE-Cesium 1.4.0
2025-09-16 19:12:21,187 [INFO] ThirdParty:1030 - CMSIS Pack Vendor :STMicroelectronics USB_HOST 1.0.0
2025-09-16 19:12:21,188 [INFO] ThirdParty:1030 - CMSIS Pack Vendor :Infineon AIROC-Wi-Fi-Bluetooth-STM32 1.7.1
2025-09-16 19:12:21,188 [INFO] ThirdParty:1030 - CMSIS Pack Vendor :STMicroelectronics X-CUBE-AZRTOS-G4 2.0.0
2025-09-16 19:12:21,188 [INFO] ThirdParty:1030 - CMSIS Pack Vendor :STMicroelectronics X-CUBE-WB05N 2.0.0
2025-09-16 19:12:21,188 [INFO] ThirdParty:1030 - CMSIS Pack Vendor :STMicroelectronics PDM2PCM 3.1.0
2025-09-16 19:12:21,188 [INFO] ThirdParty:1030 - CMSIS Pack Vendor :STMicroelectronics PDM2PCM 3.3.0
2025-09-16 19:12:21,188 [INFO] ThirdParty:1030 - CMSIS Pack Vendor :STMicroelectronics X-CUBE-DISPLAY 3.0.0
2025-09-16 19:12:21,188 [INFO] ThirdParty:1030 - CMSIS Pack Vendor :wolfSSL I-CUBE-wolfSSH 1.4.20
2025-09-16 19:12:21,188 [INFO] ThirdParty:1030 - CMSIS Pack Vendor :STMicroelectronics X-CUBE-NFC7 2.0.0
2025-09-16 19:12:21,188 [INFO] ThirdParty:1030 - CMSIS Pack Vendor :STMicroelectronics X-CUBE-TCPP 4.2.0
2025-09-16 19:12:21,188 [INFO] ThirdParty:1030 - CMSIS Pack Vendor :RealThread X-CUBE-RT-Thread_Nano 4.1.1
2025-09-16 19:12:21,188 [INFO] ThirdParty:1030 - CMSIS Pack Vendor :STMicroelectronics FP-ATR-SIGFOX1 3.2.0
2025-09-16 19:12:21,188 [INFO] ThirdParty:1030 - CMSIS Pack Vendor :STMicroelectronics X-CUBE-NFC10 1.0.0
2025-09-16 19:12:21,188 [INFO] ThirdParty:1030 - CMSIS Pack Vendor :STMicroelectronics X-CUBE-FREERTOS 1.3.1
2025-09-16 19:12:21,189 [INFO] ThirdParty:1030 - CMSIS Pack Vendor :STMicroelectronics HAL Drivers 0.0.0
2025-09-16 19:12:21,189 [INFO] ThirdParty:1030 - CMSIS Pack Vendor :STMicroelectronics MBEDTLS 2.16.2
2025-09-16 19:12:21,189 [INFO] ThirdParty:1030 - CMSIS Pack Vendor :STMicroelectronics X-CUBE-IPS 3.1.0
2025-09-16 19:12:21,189 [INFO] ThirdParty:1030 - CMSIS Pack Vendor :STMicroelectronics X-CUBE-ALS 1.0.2
2025-09-16 19:12:21,189 [INFO] ThirdParty:1030 - CMSIS Pack Vendor :emotas I-CUBE-CANOPEN 1.3.0
2025-09-16 19:12:21,189 [INFO] ThirdParty:1030 - CMSIS Pack Vendor :STMicroelectronics MBEDTLS 2.14.1
2025-09-16 19:12:21,189 [INFO] ThirdParty:1030 - CMSIS Pack Vendor :ITTIA_DB I-CUBE-ITTIADB 8.9.0
2025-09-16 19:12:21,189 [INFO] ThirdParty:1030 - CMSIS Pack Vendor :STMicroelectronics X-CUBE-ST67W61 1.0.0
2025-09-16 19:12:21,189 [INFO] ThirdParty:1030 - CMSIS Pack Vendor :STMicroelectronics ThreadX 1.0.0
2025-09-16 19:12:21,189 [INFO] ThirdParty:1030 - CMSIS Pack Vendor :STMicroelectronics FP-SNS-SMARTAG2 1.2.0
2025-09-16 19:12:21,189 [INFO] ThirdParty:1030 - CMSIS Pack Vendor :STMicroelectronics FP-SNS-FLIGHT1 5.1.0
2025-09-16 19:12:21,189 [INFO] ThirdParty:1030 - CMSIS Pack Vendor :STMicroelectronics X-CUBE-AZRTOS-WL 2.0.0
2025-09-16 19:12:21,189 [INFO] ThirdParty:1030 - CMSIS Pack Vendor :SEGGER I-CUBE-embOS 1.3.1
2025-09-16 19:12:21,189 [INFO] ThirdParty:1030 - CMSIS Pack Vendor :STMicroelectronics X-CUBE-ALGOBUILD 1.4.0
2025-09-16 19:12:21,190 [INFO] ThirdParty:1030 - CMSIS Pack Vendor :STMicroelectronics X-CUBE-DPower 1.3.0
2025-09-16 19:12:21,190 [INFO] ThirdParty:1030 - CMSIS Pack Vendor :STMicroelectronics X-CUBE-MEMS1 11.3.0
2025-09-16 19:12:21,190 [INFO] ThirdParty:1030 - CMSIS Pack Vendor :STMicroelectronics FP-SNS-MOTENV1 5.0.0
2025-09-16 19:12:21,190 [INFO] ThirdParty:1030 - CMSIS Pack Vendor :STMicroelectronics USB_DEVICE 1.0.0
2025-09-16 19:12:21,190 [INFO] ThirdParty:1030 - CMSIS Pack Vendor :STMicroelectronics X-CUBE-AZRTOS-L4 2.0.0
2025-09-16 19:12:21,190 [INFO] ThirdParty:1030 - CMSIS Pack Vendor :STMicroelectronics ThreadX 0.0.2
2025-09-16 19:12:21,190 [INFO] ThirdParty:1030 - CMSIS Pack Vendor :STMicroelectronics lwIP 2.1.2
2025-09-16 19:12:21,190 [INFO] ThirdParty:1030 - CMSIS Pack Vendor :STMicroelectronics X-CUBE-SFXS2LP1 4.0.0
2025-09-16 19:12:21,190 [INFO] ThirdParty:1030 - CMSIS Pack Vendor :STMicroelectronics X-CUBE-BLE2 3.3.0
2025-09-16 19:12:21,190 [INFO] ThirdParty:1030 - CMSIS Pack Vendor :STMicroelectronics X-CUBE-TOF1 3.4.3
2025-09-16 19:12:21,190 [INFO] ThirdParty:1030 - CMSIS Pack Vendor :STMicroelectronics PDM2PCM 3.2.0
2025-09-16 19:12:21,191 [INFO] ThirdParty:841 - exiting critical section [change project]
2025-09-16 19:12:22,361 [INFO] PinOutPanel:1589 - setPackage(No Configuration,No Configuration)
2025-09-16 19:12:22,374 [INFO] PinOutPanel:1589 - setPackage(STM32F446RETx,LQFP64)
2025-09-16 19:12:23,543 [INFO] UtilMem:75 - Before build in PCC Used Memory: 320342768 Bytes (419430400)
2025-09-16 19:12:24,800 [INFO] UtilMem:75 - After build in PCC Used Memory: 261677880 Bytes (419430400)
2025-09-16 19:12:24,902 [INFO] IPUIPlugin:80 - create IPUIPlugin
2025-09-16 19:12:24,903 [INFO] IPUIPlugin:80 - create IPUIPlugin
2025-09-16 19:12:24,903 [INFO] IPUIPlugin:80 - create IPUIPlugin
2025-09-16 19:12:24,903 [INFO] IPUIPlugin:80 - create IPUIPlugin
2025-09-16 19:12:24,903 [INFO] IPUIPlugin:80 - create IPUIPlugin
2025-09-16 19:12:24,904 [INFO] IPUIPlugin:80 - create IPUIPlugin
2025-09-16 19:12:24,905 [INFO] IPUIPlugin:80 - create IPUIPlugin
2025-09-16 19:12:24,905 [INFO] IPUIPlugin:80 - create IPUIPlugin
2025-09-16 19:12:24,905 [INFO] IPUIPlugin:80 - create IPUIPlugin
2025-09-16 19:12:24,906 [INFO] IPUIPlugin:80 - create IPUIPlugin
2025-09-16 19:12:24,906 [INFO] IPUIPlugin:80 - create IPUIPlugin
2025-09-16 19:12:24,906 [INFO] IPUIPlugin:80 - create IPUIPlugin
2025-09-16 19:12:24,906 [INFO] IPUIPlugin:80 - create IPUIPlugin
2025-09-16 19:12:24,907 [INFO] IPUIPlugin:80 - create IPUIPlugin
2025-09-16 19:12:24,907 [INFO] IPUIPlugin:80 - create IPUIPlugin
2025-09-16 19:12:24,907 [INFO] IPUIPlugin:80 - create IPUIPlugin
2025-09-16 19:12:24,907 [INFO] IPUIPlugin:80 - create IPUIPlugin
2025-09-16 19:12:24,908 [INFO] IPUIPlugin:80 - create IPUIPlugin
2025-09-16 19:12:24,909 [INFO] IPUIPlugin:80 - create IPUIPlugin
2025-09-16 19:12:24,909 [INFO] IPUIPlugin:80 - create IPUIPlugin
2025-09-16 19:12:24,910 [INFO] IPUIPlugin:80 - create IPUIPlugin
2025-09-16 19:12:24,910 [INFO] IPUIPlugin:80 - create IPUIPlugin
2025-09-16 19:12:24,911 [INFO] IPUIPlugin:80 - create IPUIPlugin
2025-09-16 19:12:24,911 [INFO] IPUIPlugin:80 - create IPUIPlugin
2025-09-16 19:12:24,911 [INFO] IPUIPlugin:80 - create IPUIPlugin
2025-09-16 19:12:24,912 [INFO] IPUIPlugin:80 - create IPUIPlugin
2025-09-16 19:12:24,913 [INFO] IPUIPlugin:80 - create IPUIPlugin
2025-09-16 19:12:24,913 [INFO] IPUIPlugin:80 - create IPUIPlugin
2025-09-16 19:12:24,914 [INFO] IPUIPlugin:80 - create IPUIPlugin
2025-09-16 19:12:24,915 [INFO] IPUIPlugin:80 - create IPUIPlugin
2025-09-16 19:12:24,915 [INFO] IPUIPlugin:80 - create IPUIPlugin
2025-09-16 19:12:24,915 [INFO] IPUIPlugin:80 - create IPUIPlugin
2025-09-16 19:12:24,916 [INFO] IPUIPlugin:80 - create IPUIPlugin
2025-09-16 19:12:24,916 [INFO] IPUIPlugin:80 - create IPUIPlugin
2025-09-16 19:12:24,916 [INFO] IPUIPlugin:80 - create IPUIPlugin
2025-09-16 19:12:24,917 [INFO] IPUIPlugin:80 - create IPUIPlugin
2025-09-16 19:12:24,917 [INFO] IPUIPlugin:80 - create IPUIPlugin
2025-09-16 19:12:24,917 [INFO] IPUIPlugin:80 - create IPUIPlugin
2025-09-16 19:12:24,917 [INFO] IPUIPlugin:80 - create IPUIPlugin
2025-09-16 19:12:24,918 [INFO] IPUIPlugin:80 - create IPUIPlugin
2025-09-16 19:12:24,918 [INFO] IPUIPlugin:80 - create IPUIPlugin
2025-09-16 19:12:24,918 [INFO] IPUIPlugin:80 - create IPUIPlugin
2025-09-16 19:12:24,918 [INFO] IPUIPlugin:80 - create IPUIPlugin
2025-09-16 19:12:24,919 [INFO] IPUIPlugin:80 - create IPUIPlugin
2025-09-16 19:12:24,919 [INFO] IPUIPlugin:80 - create IPUIPlugin
2025-09-16 19:12:24,920 [INFO] IPUIPlugin:80 - create IPUIPlugin
2025-09-16 19:12:24,920 [INFO] IPUIPlugin:80 - create IPUIPlugin
2025-09-16 19:12:24,921 [INFO] IPUIPlugin:80 - create IPUIPlugin
2025-09-16 19:12:24,922 [INFO] IPUIPlugin:80 - create IPUIPlugin
2025-09-16 19:12:24,922 [INFO] IPUIPlugin:80 - create IPUIPlugin
2025-09-16 19:12:24,923 [INFO] IPUIPlugin:80 - create IPUIPlugin
2025-09-16 19:12:24,923 [INFO] IPUIPlugin:80 - create IPUIPlugin
2025-09-16 19:12:24,923 [INFO] IPUIPlugin:80 - create IPUIPlugin
2025-09-16 19:12:24,924 [INFO] IPUIPlugin:80 - create IPUIPlugin
2025-09-16 19:12:24,924 [INFO] IPUIPlugin:80 - create IPUIPlugin
2025-09-16 19:12:24,925 [INFO] IPUIPlugin:80 - create IPUIPlugin
2025-09-16 19:12:24,926 [INFO] IPUIPlugin:80 - create IPUIPlugin
2025-09-16 19:12:24,926 [INFO] IPUIPlugin:80 - create IPUIPlugin
2025-09-16 19:12:24,927 [INFO] IPUIPlugin:80 - create IPUIPlugin
2025-09-16 19:12:24,927 [INFO] IPUIPlugin:80 - create IPUIPlugin
2025-09-16 19:12:24,996 [INFO] ApiDbMcu:532 - Load IP Config File for PDM2PCM
2025-09-16 19:12:25,356 [INFO] CADModel:165 - CPN selected for project levelSTM32F446RET6
2025-09-16 19:12:25,356 [INFO] CADModel:114 - Register for checkConnection events
2025-09-16 19:12:25,402 [INFO] OpenFileManager:386 - Restore cursor
2025-09-16 19:12:40,387 [ERROR] LogOutputStream:75 - [STDERR_REDIRECT] Sep 16, 2025 7:12:40 PM java.util.prefs.FileSystemPreferences checkLockFile0ErrorCode
2025-09-16 19:12:40,388 [ERROR] LogOutputStream:75 - [STDERR_REDIRECT] WARNING: Could not lock System prefs. Unix error code 2.
2025-09-16 19:12:40,388 [ERROR] LogOutputStream:75 - [STDERR_REDIRECT] 
2025-09-16 19:12:40,389 [ERROR] LogOutputStream:75 - [STDERR_REDIRECT] Sep 16, 2025 7:12:40 PM java.util.prefs.FileSystemPreferences syncWorld
2025-09-16 19:12:40,389 [ERROR] LogOutputStream:75 - [STDERR_REDIRECT] WARNING: Couldn't flush system prefs: java.util.prefs.BackingStoreException: Couldn't get file lock.
2025-09-16 19:12:40,389 [ERROR] LogOutputStream:75 - [STDERR_REDIRECT] 
2025-09-16 19:13:10,349 [ERROR] LogOutputStream:75 - [STDERR_REDIRECT] Sep 16, 2025 7:13:10 PM java.util.prefs.FileSystemPreferences checkLockFile0ErrorCode
2025-09-16 19:13:10,350 [ERROR] LogOutputStream:75 - [STDERR_REDIRECT] WARNING: Could not lock System prefs. Unix error code 2.
2025-09-16 19:13:10,350 [ERROR] LogOutputStream:75 - [STDERR_REDIRECT] 
2025-09-16 19:13:10,351 [ERROR] LogOutputStream:75 - [STDERR_REDIRECT] Sep 16, 2025 7:13:10 PM java.util.prefs.FileSystemPreferences syncWorld
2025-09-16 19:13:10,351 [ERROR] LogOutputStream:75 - [STDERR_REDIRECT] WARNING: Couldn't flush system prefs: java.util.prefs.BackingStoreException: Couldn't get file lock.
2025-09-16 19:13:10,351 [ERROR] LogOutputStream:75 - [STDERR_REDIRECT] 
2025-09-16 19:13:40,349 [ERROR] LogOutputStream:75 - [STDERR_REDIRECT] Sep 16, 2025 7:13:40 PM java.util.prefs.FileSystemPreferences checkLockFile0ErrorCode
2025-09-16 19:13:40,350 [ERROR] LogOutputStream:75 - [STDERR_REDIRECT] WARNING: Could not lock System prefs. Unix error code 2.
2025-09-16 19:13:40,350 [ERROR] LogOutputStream:75 - [STDERR_REDIRECT] 
2025-09-16 19:13:40,350 [ERROR] LogOutputStream:75 - [STDERR_REDIRECT] Sep 16, 2025 7:13:40 PM java.util.prefs.FileSystemPreferences syncWorld
2025-09-16 19:13:40,350 [ERROR] LogOutputStream:75 - [STDERR_REDIRECT] WARNING: Couldn't flush system prefs: java.util.prefs.BackingStoreException: Couldn't get file lock.
2025-09-16 19:13:40,350 [ERROR] LogOutputStream:75 - [STDERR_REDIRECT] 
2025-09-16 19:14:10,349 [ERROR] LogOutputStream:75 - [STDERR_REDIRECT] Sep 16, 2025 7:14:10 PM java.util.prefs.FileSystemPreferences checkLockFile0ErrorCode
2025-09-16 19:14:10,349 [ERROR] LogOutputStream:75 - [STDERR_REDIRECT] WARNING: Could not lock System prefs. Unix error code 2.
2025-09-16 19:14:10,349 [ERROR] LogOutputStream:75 - [STDERR_REDIRECT] 
2025-09-16 19:14:10,350 [ERROR] LogOutputStream:75 - [STDERR_REDIRECT] Sep 16, 2025 7:14:10 PM java.util.prefs.FileSystemPreferences syncWorld
2025-09-16 19:14:10,350 [ERROR] LogOutputStream:75 - [STDERR_REDIRECT] WARNING: Couldn't flush system prefs: java.util.prefs.BackingStoreException: Couldn't get file lock.
2025-09-16 19:14:10,350 [ERROR] LogOutputStream:75 - [STDERR_REDIRECT] 
2025-09-16 19:14:40,351 [ERROR] LogOutputStream:75 - [STDERR_REDIRECT] Sep 16, 2025 7:14:40 PM java.util.prefs.FileSystemPreferences checkLockFile0ErrorCode
2025-09-16 19:14:40,351 [ERROR] LogOutputStream:75 - [STDERR_REDIRECT] WARNING: Could not lock System prefs. Unix error code 2.
2025-09-16 19:14:40,352 [ERROR] LogOutputStream:75 - [STDERR_REDIRECT] 
2025-09-16 19:14:40,352 [ERROR] LogOutputStream:75 - [STDERR_REDIRECT] Sep 16, 2025 7:14:40 PM java.util.prefs.FileSystemPreferences syncWorld
2025-09-16 19:14:40,352 [ERROR] LogOutputStream:75 - [STDERR_REDIRECT] WARNING: Couldn't flush system prefs: java.util.prefs.BackingStoreException: Couldn't get file lock.
2025-09-16 19:14:40,352 [ERROR] LogOutputStream:75 - [STDERR_REDIRECT] 
2025-09-16 19:15:10,351 [ERROR] LogOutputStream:75 - [STDERR_REDIRECT] Sep 16, 2025 7:15:10 PM java.util.prefs.FileSystemPreferences checkLockFile0ErrorCode
2025-09-16 19:15:10,351 [ERROR] LogOutputStream:75 - [STDERR_REDIRECT] WARNING: Could not lock System prefs. Unix error code 2.
2025-09-16 19:15:10,351 [ERROR] LogOutputStream:75 - [STDERR_REDIRECT] 
2025-09-16 19:15:10,352 [ERROR] LogOutputStream:75 - [STDERR_REDIRECT] Sep 16, 2025 7:15:10 PM java.util.prefs.FileSystemPreferences syncWorld
2025-09-16 19:15:10,352 [ERROR] LogOutputStream:75 - [STDERR_REDIRECT] WARNING: Couldn't flush system prefs: java.util.prefs.BackingStoreException: Couldn't get file lock.
2025-09-16 19:15:10,352 [ERROR] LogOutputStream:75 - [STDERR_REDIRECT] 
2025-09-16 19:15:40,352 [ERROR] LogOutputStream:75 - [STDERR_REDIRECT] Sep 16, 2025 7:15:40 PM java.util.prefs.FileSystemPreferences checkLockFile0ErrorCode
2025-09-16 19:15:40,352 [ERROR] LogOutputStream:75 - [STDERR_REDIRECT] WARNING: Could not lock System prefs. Unix error code 2.
2025-09-16 19:15:40,352 [ERROR] LogOutputStream:75 - [STDERR_REDIRECT] 
2025-09-16 19:15:40,353 [ERROR] LogOutputStream:75 - [STDERR_REDIRECT] Sep 16, 2025 7:15:40 PM java.util.prefs.FileSystemPreferences syncWorld
2025-09-16 19:15:40,353 [ERROR] LogOutputStream:75 - [STDERR_REDIRECT] WARNING: Couldn't flush system prefs: java.util.prefs.BackingStoreException: Couldn't get file lock.
2025-09-16 19:15:40,354 [ERROR] LogOutputStream:75 - [STDERR_REDIRECT] 
2025-09-16 19:16:10,352 [ERROR] LogOutputStream:75 - [STDERR_REDIRECT] Sep 16, 2025 7:16:10 PM java.util.prefs.FileSystemPreferences checkLockFile0ErrorCode
2025-09-16 19:16:10,352 [ERROR] LogOutputStream:75 - [STDERR_REDIRECT] WARNING: Could not lock System prefs. Unix error code 2.
2025-09-16 19:16:10,352 [ERROR] LogOutputStream:75 - [STDERR_REDIRECT] 
2025-09-16 19:16:10,353 [ERROR] LogOutputStream:75 - [STDERR_REDIRECT] Sep 16, 2025 7:16:10 PM java.util.prefs.FileSystemPreferences syncWorld
2025-09-16 19:16:10,353 [ERROR] LogOutputStream:75 - [STDERR_REDIRECT] WARNING: Couldn't flush system prefs: java.util.prefs.BackingStoreException: Couldn't get file lock.
2025-09-16 19:16:10,353 [ERROR] LogOutputStream:75 - [STDERR_REDIRECT] 
2025-09-16 19:16:40,352 [ERROR] LogOutputStream:75 - [STDERR_REDIRECT] Sep 16, 2025 7:16:40 PM java.util.prefs.FileSystemPreferences checkLockFile0ErrorCode
2025-09-16 19:16:40,352 [ERROR] LogOutputStream:75 - [STDERR_REDIRECT] WARNING: Could not lock System prefs. Unix error code 2.
2025-09-16 19:16:40,353 [ERROR] LogOutputStream:75 - [STDERR_REDIRECT] 
2025-09-16 19:16:40,353 [ERROR] LogOutputStream:75 - [STDERR_REDIRECT] Sep 16, 2025 7:16:40 PM java.util.prefs.FileSystemPreferences syncWorld
2025-09-16 19:16:40,353 [ERROR] LogOutputStream:75 - [STDERR_REDIRECT] WARNING: Couldn't flush system prefs: java.util.prefs.BackingStoreException: Couldn't get file lock.
2025-09-16 19:16:40,354 [ERROR] LogOutputStream:75 - [STDERR_REDIRECT] 
2025-09-16 19:16:43,619 [ERROR] LogOutputStream:75 - [STDERR_REDIRECT] 
2025-09-16 19:16:59,969 [INFO] Activator:176 - 


2025-09-16 19:16:59,972 [INFO] Activator:177 - !SESSION log4j initialized
2025-09-16 19:17:08,425 [INFO] LogOutputStream:77 - [STDOUT_REDIRECT] 
2025-09-16 19:17:10,634 [INFO] ApplicationProperties:184 - Using Application install path: /opt/st/stm32cubeide_1.19.0/plugins/com.st.stm32cube.common.mx_6.15.0.202507011659
2025-09-16 19:17:10,666 [INFO] DbMcusXml:78 - Set database path to: /opt/st/stm32cubeide_1.19.0/plugins/com.st.stm32cube.common.mx_6.15.0.202507011659//db//mcu/
2025-09-16 19:17:10,666 [INFO] ApiDb:274 - Set plugin database path to: /opt/st/stm32cubeide_1.19.0/plugins/com.st.stm32cube.common.mx_6.15.0.202507011659//db//plugins/boardmanager/
2025-09-16 19:17:10,667 [WARN] ApiDb:259 - Overriding images path with different value:  => /opt/st/stm32cubeide_1.19.0/plugins/com.st.stm32cube.common.mx_6.15.0.202507011659//db//plugins/mcufinder/images/
2025-09-16 19:17:10,673 [INFO] ApiDb:250 - Set database path to: /home/tomas1908/.stmcufinder/plugins/mcufinder//mcu/
2025-09-16 19:17:10,675 [INFO] DbMcusAds:125 - Set database path to: /home/tomas1908/.stmcufinder/plugins/mcufinder//mcu/
2025-09-16 19:17:10,679 [INFO] CrossReferenceDbSqlite:203 - Set database path to: /home/tomas1908/.stmcufinder/plugins/mcufinder//mcu/cs/
2025-09-16 19:17:10,938 [INFO] RulesReader:64 - Compatibility file has been processed (317 Rules)
2025-09-16 19:17:11,046 [INFO] DbMcusXml:78 - Set database path to: /opt/st/stm32cubeide_1.19.0/plugins/com.st.stm32cube.common.mx_6.15.0.202507011659//db//mcu/
2025-09-16 19:17:11,046 [INFO] ApiDb:274 - Set plugin database path to: /opt/st/stm32cubeide_1.19.0/plugins/com.st.stm32cube.common.mx_6.15.0.202507011659//db//plugins/boardmanager/
2025-09-16 19:17:11,047 [INFO] ApiDb:261 - Set plugin images path to: /opt/st/stm32cubeide_1.19.0/plugins/com.st.stm32cube.common.mx_6.15.0.202507011659//db//plugins/mcufinder/images/
2025-09-16 19:17:11,047 [WARN] DbFile:41 - Overriding database path with different value: /home/tomas1908/.stmcufinder/plugins/mcufinder/ => /home/tomas1908/.stmcufinder/plugins/mcufinder
2025-09-16 19:17:11,047 [INFO] ApiDb:250 - Set database path to: /home/tomas1908/.stmcufinder/plugins/mcufinder//mcu/
2025-09-16 19:17:11,048 [WARN] DbFile:41 - Overriding database path with different value: /home/tomas1908/.stmcufinder/plugins/mcufinder/ => /home/tomas1908/.stmcufinder/plugins/mcufinder
2025-09-16 19:17:11,048 [INFO] DbMcusAds:125 - Set database path to: /home/tomas1908/.stmcufinder/plugins/mcufinder//mcu/
2025-09-16 19:17:11,048 [WARN] DbFile:41 - Overriding database path with different value: /home/tomas1908/.stmcufinder/plugins/mcufinder/ => /home/tomas1908/.stmcufinder/plugins/mcufinder
2025-09-16 19:17:11,048 [WARN] DbFile:41 - Overriding database path with different value: /home/tomas1908/.stmcufinder/plugins/mcufinder/ => /home/tomas1908/.stmcufinder/plugins/mcufinder
2025-09-16 19:17:11,048 [INFO] CrossReferenceDbSqlite:203 - Set database path to: /home/tomas1908/.stmcufinder/plugins/mcufinder//mcu/cs/
2025-09-16 19:17:11,165 [INFO] MainPanel:274 - HeapMemory: 268435456
2025-09-16 19:17:11,390 [INFO] DbMcusXml:78 - Set database path to: /opt/st/stm32cubeide_1.19.0/plugins/com.st.stm32cube.common.mx_6.15.0.202507011659//db//mcu/
2025-09-16 19:17:11,391 [INFO] ApiDb:274 - Set plugin database path to: /opt/st/stm32cubeide_1.19.0/plugins/com.st.stm32cube.common.mx_6.15.0.202507011659//db//plugins/boardmanager/
2025-09-16 19:17:11,391 [INFO] ApiDb:261 - Set plugin images path to: /opt/st/stm32cubeide_1.19.0/plugins/com.st.stm32cube.common.mx_6.15.0.202507011659//db//plugins/mcufinder/images/
2025-09-16 19:17:11,392 [WARN] DbFile:41 - Overriding database path with different value: /home/tomas1908/.stmcufinder/plugins/mcufinder/ => /home/tomas1908/.stmcufinder/plugins/mcufinder
2025-09-16 19:17:11,392 [INFO] ApiDb:250 - Set database path to: /home/tomas1908/.stmcufinder/plugins/mcufinder//mcu/
2025-09-16 19:17:11,392 [WARN] DbFile:41 - Overriding database path with different value: /home/tomas1908/.stmcufinder/plugins/mcufinder/ => /home/tomas1908/.stmcufinder/plugins/mcufinder
2025-09-16 19:17:11,392 [INFO] DbMcusAds:125 - Set database path to: /home/tomas1908/.stmcufinder/plugins/mcufinder//mcu/
2025-09-16 19:17:11,393 [WARN] DbFile:41 - Overriding database path with different value: /home/tomas1908/.stmcufinder/plugins/mcufinder/ => /home/tomas1908/.stmcufinder/plugins/mcufinder
2025-09-16 19:17:11,393 [WARN] DbFile:41 - Overriding database path with different value: /home/tomas1908/.stmcufinder/plugins/mcufinder/ => /home/tomas1908/.stmcufinder/plugins/mcufinder
2025-09-16 19:17:11,393 [INFO] CrossReferenceDbSqlite:203 - Set database path to: /home/tomas1908/.stmcufinder/plugins/mcufinder//mcu/cs/
2025-09-16 19:17:11,431 [INFO] ApplicationProperties:184 - Using Application install path: /opt/st/stm32cubeide_1.19.0/plugins/com.st.stm32cube.common.mx_6.15.0.202507011659
2025-09-16 19:17:11,434 [INFO] PluginManage:196 - Search for loadable plugins [exclusion list=, ]
2025-09-16 19:17:11,435 [INFO] PluginManage:310 - Check plugin analytics
2025-09-16 19:17:11,751 [INFO] AnalyticsPlugin:253 - Accepted Software Licenses: 
2025-09-16 19:17:11,751 [INFO] AnalyticsPlugin:255 - Accepted CMSIS Pack Licenses: 
2025-09-16 19:17:11,752 [INFO] AnalyticsPlugin:257 - Accepted Firmware Licenses: FW.F4.1.28.0
2025-09-16 19:17:11,757 [INFO] PluginManage:359 - Loaded plugin analytics (category:tool,tabindex:-1)
2025-09-16 19:17:11,758 [INFO] PluginManage:310 - Check plugin cadmodel
2025-09-16 19:17:11,765 [INFO] CADModel:105 - Init CAD model plugin
2025-09-16 19:17:11,765 [INFO] PluginManage:359 - Loaded plugin cadmodel (category:power,tabindex:5)
2025-09-16 19:17:11,766 [INFO] PluginManage:310 - Check plugin clock
2025-09-16 19:17:11,783 [INFO] PluginManage:359 - Loaded plugin clock (category:base,tabindex:2)
2025-09-16 19:17:11,784 [INFO] PluginManage:310 - Check plugin ddr
2025-09-16 19:17:11,788 [INFO] PluginManage:359 - Loaded plugin ddr (category:tool,tabindex:6)
2025-09-16 19:17:11,789 [INFO] PluginManage:310 - Check plugin filemanager
2025-09-16 19:17:12,051 [INFO] PluginManage:359 - Loaded plugin filemanager (category:base,tabindex:10)
2025-09-16 19:17:12,051 [INFO] PluginManage:310 - Check plugin ipmanager
2025-09-16 19:17:12,060 [INFO] PluginManage:359 - Loaded plugin ipmanager (category:base,tabindex:5)
2025-09-16 19:17:12,061 [INFO] PluginManage:310 - Check plugin lpbam
2025-09-16 19:17:12,075 [INFO] PluginManage:359 - Loaded plugin lpbam (category:base,tabindex:0)
2025-09-16 19:17:12,076 [INFO] PluginManage:310 - Check plugin memorymap
2025-09-16 19:17:12,095 [INFO] PluginManage:359 - Loaded plugin memorymap (category:base,tabindex:4)
2025-09-16 19:17:12,095 [INFO] PluginManage:310 - Check plugin pinoutandconfiguration
2025-09-16 19:17:12,108 [INFO] PluginManage:359 - Loaded plugin pinoutandconfiguration (category:base,tabindex:1)
2025-09-16 19:17:12,108 [INFO] PluginManage:310 - Check plugin pinoutconfig
2025-09-16 19:17:12,279 [WARN] SupportedApi:132 - Cannot load RTOS API schema: s4s-elt-must-match.1: The content of 'definitions' must match (annotation?, (simpleType | complexType)?, (unique | key | keyref)*)). A problem was found starting at: attribute.
2025-09-16 19:17:12,565 [INFO] PluginManage:359 - Loaded plugin pinoutconfig (category:base,tabindex:0)
2025-09-16 19:17:12,565 [INFO] PluginManage:310 - Check plugin power
2025-09-16 19:17:12,582 [INFO] PluginManage:359 - Loaded plugin power (category:power,tabindex:4)
2025-09-16 19:17:12,583 [INFO] PluginManage:310 - Check plugin projectmanager
2025-09-16 19:17:12,615 [INFO] PluginManage:359 - Loaded plugin projectmanager (category:projectmanager,tabindex:4)
2025-09-16 19:17:12,615 [INFO] PluginManage:310 - Check plugin rif
2025-09-16 19:17:12,630 [INFO] PluginManage:359 - Loaded plugin rif (category:base,tabindex:3)
2025-09-16 19:17:12,630 [INFO] PluginManage:310 - Check plugin thirdparty
2025-09-16 19:17:12,867 [INFO] PluginManage:359 - Loaded plugin thirdparty (category:base,tabindex:-1)
2025-09-16 19:17:12,866 [WARN] IntegrityCheckThread:84 - waiting for thirdparty lock release [integrity check]
2025-09-16 19:17:12,867 [INFO] PluginManage:310 - Check plugin tools
2025-09-16 19:17:12,867 [INFO] IntegrityCheckThread:86 - entering critical section [integrity check]
2025-09-16 19:17:12,868 [INFO] ThirdPartyUpdaterWithRetryManager:70 - Updater plugin not ready yet. [1/15]
2025-09-16 19:17:12,871 [INFO] PluginManage:359 - Loaded plugin tools (category:base,tabindex:7)
2025-09-16 19:17:12,872 [INFO] PluginManage:310 - Check plugin tutovideos
2025-09-16 19:17:13,273 [INFO] PluginManage:359 - Loaded plugin tutovideos (category:base,tabindex:-1)
2025-09-16 19:17:13,273 [INFO] PluginManage:310 - Check plugin updater
2025-09-16 19:17:13,312 [INFO] PluginManage:359 - Loaded plugin updater (category:base,tabindex:12)
2025-09-16 19:17:13,312 [INFO] PluginManage:310 - Check plugin userauth
2025-09-16 19:17:13,319 [INFO] UserAuth:118 - Init User Auth plugin
2025-09-16 19:17:13,320 [INFO] PluginManage:359 - Loaded plugin userauth (category:base,tabindex:14)
2025-09-16 19:17:13,321 [INFO] PluginManage:283 - PluginManage : Loaded plugins [18]
2025-09-16 19:17:13,661 [INFO] PinOutPanel:1589 - setPackage(No Configuration,No Configuration)
2025-09-16 19:17:13,789 [INFO] CADModel:165 - CPN selected for project level
2025-09-16 19:17:13,789 [INFO] CADModel:114 - Register for checkConnection events
2025-09-16 19:17:13,812 [INFO] IPUIPlugin:80 - create IPUIPlugin
2025-09-16 19:17:13,813 [INFO] PluginManager:220 - loadIPPluginJar : add i2c
2025-09-16 19:17:13,823 [INFO] IPUIPlugin:80 - create IPUIPlugin
2025-09-16 19:17:13,825 [INFO] PluginManager:220 - loadIPPluginJar : add mdma
2025-09-16 19:17:13,828 [INFO] IPUIPlugin:80 - create IPUIPlugin
2025-09-16 19:17:13,829 [INFO] PluginManager:220 - loadIPPluginJar : add aes
2025-09-16 19:17:13,832 [INFO] IPUIPlugin:80 - create IPUIPlugin
2025-09-16 19:17:13,832 [INFO] PluginManager:220 - loadIPPluginJar : add can
2025-09-16 19:17:13,841 [INFO] IPUIPlugin:80 - create IPUIPlugin
2025-09-16 19:17:13,841 [INFO] PluginManager:220 - loadIPPluginJar : add freertos
2025-09-16 19:17:13,845 [INFO] IPUIPlugin:80 - create IPUIPlugin
2025-09-16 19:17:13,845 [INFO] PluginManager:220 - loadIPPluginJar : add gtzc
2025-09-16 19:17:13,848 [INFO] IPUIPlugin:80 - create IPUIPlugin
2025-09-16 19:17:13,848 [INFO] PluginManager:220 - loadIPPluginJar : add ts
2025-09-16 19:17:13,863 [INFO] IPUIPlugin:80 - create IPUIPlugin
2025-09-16 19:17:13,863 [INFO] PluginManager:220 - loadIPPluginJar : add stm32_wpan
2025-09-16 19:17:13,865 [INFO] IPUIPlugin:80 - create IPUIPlugin
2025-09-16 19:17:13,866 [INFO] PluginManager:220 - loadIPPluginJar : add fatfs
2025-09-16 19:17:13,876 [INFO] IPUIPlugin:80 - create IPUIPlugin
2025-09-16 19:17:13,877 [INFO] PluginManager:220 - loadIPPluginJar : add dma
2025-09-16 19:17:13,881 [INFO] IPUIPlugin:80 - create IPUIPlugin
2025-09-16 19:17:13,881 [INFO] PluginManager:220 - loadIPPluginJar : add usbx
2025-09-16 19:17:13,885 [INFO] IPUIPlugin:80 - create IPUIPlugin
2025-09-16 19:17:13,885 [INFO] PluginManager:220 - loadIPPluginJar : add hash
2025-09-16 19:17:13,889 [INFO] IPUIPlugin:80 - create IPUIPlugin
2025-09-16 19:17:13,889 [INFO] PluginManager:220 - loadIPPluginJar : add cryp
2025-09-16 19:17:13,893 [INFO] IPUIPlugin:80 - create IPUIPlugin
2025-09-16 19:17:13,893 [INFO] PluginManager:220 - loadIPPluginJar : add openamp
2025-09-16 19:17:13,895 [INFO] IPUIPlugin:80 - create IPUIPlugin
2025-09-16 19:17:13,896 [INFO] PluginManager:220 - loadIPPluginJar : add genericplugin
2025-09-16 19:17:13,902 [INFO] IPUIPlugin:80 - create IPUIPlugin
2025-09-16 19:17:13,902 [INFO] PluginManager:220 - loadIPPluginJar : add ipddr
2025-09-16 19:17:13,908 [INFO] IPUIPlugin:80 - create IPUIPlugin
2025-09-16 19:17:13,908 [INFO] PluginManager:220 - loadIPPluginJar : add opamp
2025-09-16 19:17:13,910 [INFO] IPUIPlugin:80 - create IPUIPlugin
2025-09-16 19:17:13,911 [INFO] PluginManager:220 - loadIPPluginJar : add ltdc
2025-09-16 19:17:13,915 [INFO] IPUIPlugin:80 - create IPUIPlugin
2025-09-16 19:17:13,915 [INFO] PluginManager:220 - loadIPPluginJar : add dfsdm
2025-09-16 19:17:13,924 [INFO] IPUIPlugin:80 - create IPUIPlugin
2025-09-16 19:17:13,925 [INFO] PluginManager:220 - loadIPPluginJar : add gic
2025-09-16 19:17:13,930 [INFO] IPUIPlugin:80 - create IPUIPlugin
2025-09-16 19:17:13,931 [INFO] PluginManager:220 - loadIPPluginJar : add extmemmanager
2025-09-16 19:17:13,934 [INFO] IPUIPlugin:80 - create IPUIPlugin
2025-09-16 19:17:13,935 [INFO] PluginManager:220 - loadIPPluginJar : add ucpd
2025-09-16 19:17:13,938 [INFO] IPUIPlugin:80 - create IPUIPlugin
2025-09-16 19:17:13,938 [INFO] PluginManager:220 - loadIPPluginJar : add tracer_emb
2025-09-16 19:17:13,941 [INFO] IPUIPlugin:80 - create IPUIPlugin
2025-09-16 19:17:13,942 [INFO] PluginManager:220 - loadIPPluginJar : add radio
2025-09-16 19:17:13,946 [INFO] IPUIPlugin:80 - create IPUIPlugin
2025-09-16 19:17:13,947 [INFO] PluginManager:220 - loadIPPluginJar : add pdm2pcm
2025-09-16 19:17:13,950 [INFO] IPUIPlugin:80 - create IPUIPlugin
2025-09-16 19:17:13,951 [INFO] PluginManager:220 - loadIPPluginJar : add spi
2025-09-16 19:17:13,953 [INFO] IPUIPlugin:80 - create IPUIPlugin
2025-09-16 19:17:13,954 [INFO] PluginManager:220 - loadIPPluginJar : add tim
2025-09-16 19:17:13,964 [INFO] IPUIPlugin:80 - create IPUIPlugin
2025-09-16 19:17:13,970 [INFO] PluginManager:220 - loadIPPluginJar : add plateformsettings
2025-09-16 19:17:13,976 [INFO] IPUIPlugin:80 - create IPUIPlugin
2025-09-16 19:17:13,977 [INFO] PluginManager:220 - loadIPPluginJar : add touchsensing
2025-09-16 19:17:13,983 [INFO] IPUIPlugin:80 - create IPUIPlugin
2025-09-16 19:17:13,984 [INFO] PluginManager:220 - loadIPPluginJar : add gpio
2025-09-16 19:17:13,996 [INFO] IPUIPlugin:80 - create IPUIPlugin
2025-09-16 19:17:13,996 [INFO] PluginManager:220 - loadIPPluginJar : add adc
2025-09-16 19:17:14,011 [INFO] IPUIPlugin:80 - create IPUIPlugin
2025-09-16 19:17:14,011 [INFO] PluginManager:220 - loadIPPluginJar : add linkedlist
2025-09-16 19:17:14,014 [INFO] IPUIPlugin:80 - create IPUIPlugin
2025-09-16 19:17:14,014 [INFO] PluginManager:220 - loadIPPluginJar : add comp
2025-09-16 19:17:14,022 [INFO] IPUIPlugin:80 - create IPUIPlugin
2025-09-16 19:17:14,022 [INFO] PluginManager:220 - loadIPPluginJar : add fmc
2025-09-16 19:17:14,025 [INFO] IPUIPlugin:80 - create IPUIPlugin
2025-09-16 19:17:14,025 [INFO] PluginManager:220 - loadIPPluginJar : add tsc
2025-09-16 19:17:14,030 [INFO] IPUIPlugin:80 - create IPUIPlugin
2025-09-16 19:17:14,030 [INFO] PluginManager:220 - loadIPPluginJar : add sai
2025-09-16 19:17:14,034 [INFO] IPUIPlugin:80 - create IPUIPlugin
2025-09-16 19:17:14,035 [INFO] PluginManager:220 - loadIPPluginJar : add usart
2025-09-16 19:17:14,041 [INFO] IPUIPlugin:80 - create IPUIPlugin
2025-09-16 19:17:14,041 [INFO] PluginManager:220 - loadIPPluginJar : add nvic
2025-09-16 19:17:14,048 [INFO] IPUIPlugin:80 - create IPUIPlugin
2025-09-16 19:17:14,048 [INFO] PluginManager:220 - loadIPPluginJar : add resmgrutility
2025-09-16 19:17:14,053 [INFO] IPUIPlugin:80 - create IPUIPlugin
2025-09-16 19:17:14,053 [INFO] PluginManager:220 - loadIPPluginJar : add lorawan
2025-09-16 19:17:14,056 [INFO] IPUIPlugin:80 - create IPUIPlugin
2025-09-16 19:17:14,057 [INFO] PluginManager:220 - loadIPPluginJar : add gfxmmu
2025-09-16 19:17:14,061 [INFO] IPUIPlugin:80 - create IPUIPlugin
2025-09-16 19:17:14,062 [INFO] PluginManager:220 - loadIPPluginJar : add dma3
2025-09-16 19:17:14,067 [INFO] IPUIPlugin:80 - create IPUIPlugin
2025-09-16 19:17:14,068 [INFO] PluginManager:220 - loadIPPluginJar : add i3c
2025-09-16 19:17:14,071 [INFO] IPUIPlugin:80 - create IPUIPlugin
2025-09-16 19:17:14,071 [INFO] PluginManager:220 - loadIPPluginJar : add quadspi
2025-09-16 19:17:14,077 [INFO] IPUIPlugin:80 - create IPUIPlugin
2025-09-16 19:17:14,077 [INFO] PluginManager:220 - loadIPPluginJar : add ddr_ctrl_phy
2025-09-16 19:17:14,081 [INFO] IPUIPlugin:80 - create IPUIPlugin
2025-09-16 19:17:14,081 [INFO] PluginManager:220 - loadIPPluginJar : add i2s
2025-09-16 19:17:14,226 [FATAL] Updater:351 - Updater called before beeing initialized
2025-09-16 19:17:14,280 [INFO] RulesReader:64 - Compatibility file has been processed (317 Rules)
2025-09-16 19:17:14,304 [INFO] RulesReader:64 - Compatibility file has been processed (317 Rules)
2025-09-16 19:17:14,318 [INFO] CADModel:165 - CPN selected for project level
2025-09-16 19:17:14,318 [INFO] CADModel:114 - Register for checkConnection events
2025-09-16 19:17:14,318 [FATAL] Updater:351 - Updater called before beeing initialized
2025-09-16 19:17:14,319 [ERROR] CADModel:125 - Updater not yet initialized, retry later 
2025-09-16 19:17:14,556 [FATAL] Updater:351 - Updater called before beeing initialized
2025-09-16 19:17:14,559 [INFO] CADModel:165 - CPN selected for project level
2025-09-16 19:17:14,559 [INFO] CADModel:114 - Register for checkConnection events
2025-09-16 19:17:14,560 [FATAL] Updater:351 - Updater called before beeing initialized
2025-09-16 19:17:14,560 [ERROR] CADModel:125 - Updater not yet initialized, retry later 
2025-09-16 19:17:14,567 [FATAL] Updater:351 - Updater called before beeing initialized
2025-09-16 19:17:14,745 [FATAL] Updater:351 - Updater called before beeing initialized
2025-09-16 19:17:14,755 [INFO] DbMcusAds:53 - JSON generation date=Tue Jul 08 05:14:23 ART 2025 (1751962463582)
2025-09-16 19:17:14,756 [FATAL] Updater:351 - Updater called before beeing initialized
2025-09-16 19:17:14,829 [WARN] DetailPanel:346 - Failed to get advertising image, set to default
2025-09-16 19:17:14,983 [FATAL] Updater:351 - Updater called before beeing initialized
2025-09-16 19:17:14,987 [FATAL] Updater:351 - Updater called before beeing initialized
2025-09-16 19:17:14,987 [FATAL] Updater:351 - Updater called before beeing initialized
2025-09-16 19:17:14,987 [WARN] DetailPanel:346 - Failed to get advertising image, set to default
2025-09-16 19:17:14,988 [FATAL] Updater:351 - Updater called before beeing initialized
2025-09-16 19:17:15,056 [ERROR] Updater:1198 - MainUpdater not yet initialized. External WinMGr cannot be set.
2025-09-16 19:17:15,059 [INFO] Updater:1134 - Updater Version found : 6.15.0
2025-09-16 19:17:15,090 [INFO] ApplicationProperties:184 - Using Application install path: /opt/st/stm32cubeide_1.19.0/plugins/com.st.stm32cube.common.mx_6.15.0.202507011659
2025-09-16 19:17:15,112 [ERROR] LogOutputStream:75 - [STDERR_REDIRECT] Sep 16, 2025 7:17:15 PM java.util.prefs.FileSystemPreferences$2 run
2025-09-16 19:17:15,112 [ERROR] LogOutputStream:75 - [STDERR_REDIRECT] WARNING: Could not create system preferences directory. System preferences are unusable.
2025-09-16 19:17:15,113 [ERROR] LogOutputStream:75 - [STDERR_REDIRECT] 
2025-09-16 19:17:15,541 [INFO] MainUpdater:2872 - connection check result : 10
2025-09-16 19:17:15,542 [INFO] MainUpdater:289 - Updater Check For Update Now.
2025-09-16 19:17:15,542 [INFO] MicroXplorer:498 - Change Database Version : DB.6.0.150
2025-09-16 19:17:15,552 [INFO] McuFinderGlobals:63 - Set McuFinder mode to 2 (CubeIDE integrated)
2025-09-16 19:17:15,552 [INFO] UserAuth:487 - Internet connection configuration mode: 1
2025-09-16 19:17:15,589 [INFO] JxBrowserEngine:152 - Initiate JxBrowser Engine with user profile folder
2025-09-16 19:17:15,827 [INFO] CheckServerUpdateThread:120 - End of CheckServer Thread
2025-09-16 19:17:16,156 [WARN] PackLoader:240 - Cannot read IP mode file for STMicroelectronics.FP-SNS-MOTENVWB1.1.4.0
2025-09-16 19:17:16,174 [WARN] PackLoader:240 - Cannot read IP mode file for STMicroelectronics.FP-ATR-ASTRA1.2.0.2
2025-09-16 19:17:16,189 [WARN] PackLoader:240 - Cannot read IP mode file for STMicroelectronics.X-CUBE-SMBUS.2.1.0
2025-09-16 19:17:16,200 [WARN] PackLoader:240 - Cannot read IP mode file for STMicroelectronics.X-CUBE-ST60.1.0.0
2025-09-16 19:17:16,291 [WARN] PackLoader:240 - Cannot read IP mode file for STMicroelectronics.X-CUBE-AZRTOS-F7.1.1.0
2025-09-16 19:17:16,311 [WARN] PackLoader:240 - Cannot read IP mode file for Cesanta.I-CUBE-Mongoose.7.19.0
2025-09-16 19:17:16,332 [WARN] PackLoader:240 - Cannot read IP mode file for WES.I-CUBE-Cesium.1.4.0
2025-09-16 19:17:16,401 [WARN] PackLoader:240 - Cannot read IP mode file for Infineon.AIROC-Wi-Fi-Bluetooth-STM32.1.7.1
2025-09-16 19:17:16,432 [WARN] PackLoader:240 - Cannot read IP mode file for STMicroelectronics.X-CUBE-DISPLAY.3.0.0
2025-09-16 19:17:16,462 [WARN] PackLoader:240 - Cannot read IP mode file for STMicroelectronics.X-CUBE-NFC10.1.0.0
2025-09-16 19:17:16,474 [WARN] PackLoader:240 - Cannot read IP mode file for emotas.I-CUBE-CANOPEN.1.3.0
2025-09-16 19:17:16,482 [WARN] PackLoader:240 - Cannot read IP mode file for STMicroelectronics.FP-SNS-SMARTAG2.1.2.0
2025-09-16 19:17:16,488 [WARN] PackLoader:240 - Cannot read IP mode file for STMicroelectronics.FP-SNS-FLIGHT1.5.1.0
2025-09-16 19:17:16,504 [INFO] LogOutputStream:77 - [STDOUT_REDIRECT] 1 : Invalid condition id : UX_CORESTACK_Condition cause : null
2025-09-16 19:17:16,505 [INFO] LogOutputStream:77 - [STDOUT_REDIRECT] 1 : Invalid condition id : UX_CORESTACK_Condition cause : null
2025-09-16 19:17:16,506 [INFO] LogOutputStream:77 - [STDOUT_REDIRECT] 1 : Invalid condition id : UX_CORESTACK_Condition cause : null
2025-09-16 19:17:16,506 [INFO] LogOutputStream:77 - [STDOUT_REDIRECT] 1 : Invalid condition id : UX_CORESTACK_Condition cause : null
2025-09-16 19:17:16,507 [INFO] LogOutputStream:77 - [STDOUT_REDIRECT] 1 : Invalid condition id : UX_CORESTACK_Condition cause : null
2025-09-16 19:17:16,517 [WARN] PackLoader:240 - Cannot read IP mode file for STMicroelectronics.X-CUBE-AZRTOS-WL.2.0.0
2025-09-16 19:17:16,529 [WARN] PackLoader:240 - Cannot read IP mode file for STMicroelectronics.FP-SNS-MOTENV1.5.0.0
2025-09-16 19:17:16,542 [WARN] PackLoader:240 - Cannot read IP mode file for STMicroelectronics.X-CUBE-BLE2.3.3.0
2025-09-16 19:17:16,554 [WARN] PackLoader:240 - Cannot read IP mode file for STMicroelectronics.X-CUBE-NFC9.1.0.0
2025-09-16 19:17:16,567 [WARN] PackLoader:240 - Cannot read IP mode file for STMicroelectronics.X-CUBE-BLE1.7.1.0
2025-09-16 19:17:16,603 [WARN] PackLoader:240 - Cannot read IP mode file for STMicroelectronics.X-CUBE-AZRTOS-G0.1.1.0
2025-09-16 19:17:16,618 [WARN] PackLoader:240 - Cannot read IP mode file for STMicroelectronics.X-CUBE-SAFEA1.1.2.2
2025-09-16 19:17:16,628 [WARN] PackLoader:240 - Cannot read IP mode file for STMicroelectronics.X-CUBE-NFC4.3.0.0
2025-09-16 19:17:16,649 [WARN] PackLoader:240 - Cannot read IP mode file for EmbeddedOffice.I-CUBE-FS-RTOS.1.0.1
2025-09-16 19:17:16,659 [WARN] PackLoader:240 - Cannot read IP mode file for STMicroelectronics.X-CUBE-WB05N.2.0.0
2025-09-16 19:17:16,670 [WARN] PackLoader:240 - Cannot read IP mode file for STMicroelectronics.X-CUBE-TCPP.4.2.0
2025-09-16 19:17:16,679 [WARN] PackLoader:240 - Cannot read IP mode file for RealThread.X-CUBE-RT-Thread_Nano.4.1.1
2025-09-16 19:17:16,686 [WARN] PackLoader:240 - Cannot read IP mode file for STMicroelectronics.FP-ATR-SIGFOX1.3.2.0
2025-09-16 19:17:16,698 [WARN] PackLoader:240 - Cannot read IP mode file for ITTIA_DB.I-CUBE-ITTIADB.8.9.0
2025-09-16 19:17:16,708 [WARN] PackLoader:240 - Cannot read IP mode file for STMicroelectronics.X-CUBE-ST67W61.1.0.0
2025-09-16 19:17:16,873 [WARN] PackLoader:240 - Cannot read IP mode file for SEGGER.I-CUBE-embOS.1.3.1
2025-09-16 19:17:17,110 [WARN] PackLoader:240 - Cannot read IP mode file for STMicroelectronics.X-CUBE-ALGOBUILD.1.4.0
2025-09-16 19:17:17,253 [WARN] PackLoader:240 - Cannot read IP mode file for STMicroelectronics.X-CUBE-MEMS1.11.3.0
2025-09-16 19:17:17,669 [INFO] WebApp:169 - Instantiating new browser for Auth
2025-09-16 19:17:17,683 [WARN] PackLoader:240 - Cannot read IP mode file for STMicroelectronics.X-CUBE-PM33A1.1.0.0
2025-09-16 19:17:17,724 [WARN] PackLoader:240 - Cannot read IP mode file for STMicroelectronics.X-CUBE-AZRTOS-F4.1.1.0
2025-09-16 19:17:17,737 [WARN] PackLoader:240 - Cannot read IP mode file for Avnet-IotConnect.X-CUBE-IoTC-DA16k-PMOD.1.0.0
2025-09-16 19:17:17,742 [WARN] PackLoader:240 - Cannot read IP mode file for STMicroelectronics.X-CUBE-ISPU.2.1.0
2025-09-16 19:17:17,778 [WARN] PackLoader:240 - Cannot read IP mode file for STMicroelectronics.X-CUBE-AZRTOS-L5.2.0.0
2025-09-16 19:17:17,797 [WARN] PackLoader:240 - Cannot read IP mode file for STMicroelectronics.X-CUBE-NFC6.3.1.0
2025-09-16 19:17:17,809 [WARN] PackLoader:240 - Cannot read IP mode file for STMicroelectronics.X-CUBE-FREERTOS.1.3.1
2025-09-16 19:17:17,818 [WARN] PackLoader:240 - Cannot read IP mode file for STMicroelectronics.X-CUBE-DPower.1.3.0
2025-09-16 19:17:17,867 [WARN] ConditionMgr:438 - getConditionDescription Invalid condition id : LAN8742 Phy interface Condition cause : null
2025-09-16 19:17:17,868 [WARN] PackLoader:240 - Cannot read IP mode file for STMicroelectronics.X-CUBE-AZRTOS-L4.2.0.0
2025-09-16 19:17:17,870 [WARN] ConditionMgr:1044 - genDependencies : Invalid condition id : LAN8742 Phy interface Condition cause : null
2025-09-16 19:17:17,871 [WARN] ConditionMgr:1044 - genDependencies : Invalid condition id : LAN8742 Phy interface Condition cause : null
2025-09-16 19:17:17,872 [WARN] ConditionMgr:1044 - genDependencies : Invalid condition id : LAN8742 Phy interface Condition cause : null
2025-09-16 19:17:17,884 [WARN] PackLoader:240 - Cannot read IP mode file for STMicroelectronics.X-CUBE-SFXS2LP1.4.0.0
2025-09-16 19:17:17,904 [WARN] ConditionMgr:438 - getConditionDescription Invalid condition id : UX DEVICE CLASS RTOS Condition cause : null
2025-09-16 19:17:17,904 [WARN] ConditionMgr:438 - getConditionDescription Invalid condition id : UX DEVICE CLASS RTOS Condition cause : null
2025-09-16 19:17:17,908 [WARN] PackLoader:240 - Cannot read IP mode file for STMicroelectronics.X-CUBE-AZRTOS-WB.2.0.0
2025-09-16 19:17:17,909 [WARN] ConditionMgr:1044 - genDependencies : Invalid condition id : UX DEVICE CLASS RTOS Condition cause : null
2025-09-16 19:17:17,909 [WARN] ConditionMgr:1044 - genDependencies : Invalid condition id : UX DEVICE CLASS RTOS Condition cause : null
2025-09-16 19:17:17,910 [WARN] ConditionMgr:1044 - genDependencies : Invalid condition id : UX DEVICE CLASS RTOS Condition cause : null
2025-09-16 19:17:17,911 [WARN] ConditionMgr:1044 - genDependencies : Invalid condition id : UX DEVICE CLASS RTOS Condition cause : null
2025-09-16 19:17:17,911 [WARN] ConditionMgr:1044 - genDependencies : Invalid condition id : UX DEVICE CLASS RTOS Condition cause : null
2025-09-16 19:17:17,918 [WARN] PackLoader:240 - Cannot read IP mode file for STMicroelectronics.X-CUBE-GNSS1.7.0.1
2025-09-16 19:17:17,924 [WARN] PackLoader:240 - Cannot read IP mode file for STMicroelectronics.X-CUBE-TOUCHGFX.4.25.0
2025-09-16 19:17:17,929 [WARN] ConditionMgr:438 - getConditionDescription Invalid condition id : Cortex-A Device cause : null
2025-09-16 19:17:17,947 [WARN] ConditionMgr:1044 - genDependencies : Invalid condition id : Cortex-A Device cause : null
2025-09-16 19:17:17,947 [WARN] ConditionMgr:1044 - genDependencies : Invalid condition id : Cortex-A Device cause : null
2025-09-16 19:17:17,947 [WARN] ConditionMgr:1044 - genDependencies : Invalid condition id : Cortex-A Device cause : null
2025-09-16 19:17:17,961 [WARN] PackLoader:240 - Cannot read IP mode file for STMicroelectronics.X-CUBE-SUBG2.5.0.0
2025-09-16 19:17:17,992 [WARN] PackLoader:240 - Cannot read IP mode file for STMicroelectronics.X-CUBE-AZRTOS-H7RS.1.1.0
2025-09-16 19:17:18,023 [WARN] PackLoader:240 - Cannot read IP mode file for STMicroelectronics.X-CUBE-AZRTOS-G4.2.0.0
2025-09-16 19:17:18,031 [WARN] PackLoader:240 - Cannot read IP mode file for wolfSSL.I-CUBE-wolfSSH.1.4.20
2025-09-16 19:17:18,039 [WARN] PackLoader:240 - Cannot read IP mode file for STMicroelectronics.X-CUBE-NFC7.2.0.0
2025-09-16 19:17:18,066 [WARN] PackLoader:240 - Cannot read IP mode file for STMicroelectronics.X-CUBE-IPS.3.1.0
2025-09-16 19:17:18,084 [WARN] PackLoader:240 - Cannot read IP mode file for STMicroelectronics.X-CUBE-ALS.1.0.2
2025-09-16 19:17:18,104 [WARN] PackLoader:240 - Cannot read IP mode file for STMicroelectronics.X-CUBE-TOF1.3.4.3
2025-09-16 19:17:18,130 [INFO] ThirdParty:978 - Integrity check success = true
2025-09-16 19:17:18,130 [INFO] IntegrityCheckThread:100 - exiting critical section [integrity check]
2025-09-16 19:17:18,130 [INFO] IntegrityCheckThread:103 - End integrity checks thread
2025-09-16 19:17:19,124 [INFO] WebApp:463 - Apply proxy settings
2025-09-16 19:17:19,125 [INFO] WebApp:548 - Chromium requires no authentication
2025-09-16 19:17:19,138 [INFO] WebApp:491 - Direct internet connection detected
2025-09-16 19:17:19,174 [INFO] WebApp:900 - Register for checkConnection events
2025-09-16 19:17:19,175 [INFO] WebApp:463 - Apply proxy settings
2025-09-16 19:17:19,175 [INFO] WebApp:548 - Chromium requires no authentication
2025-09-16 19:17:19,176 [INFO] WebApp:491 - Direct internet connection detected
2025-09-16 19:17:19,408 [INFO] WebApp:191 - Connection restablished
2025-09-16 19:17:19,468 [INFO] WebApp:225 - Starting web application
2025-09-16 19:17:19,468 [INFO] WebApp:593 - Web application path used /opt/st/stm32cubeide_1.19.0/plugins/com.st.stm32cube.common.mx_6.15.0.202507011659/db/plugins/mcufinder/reactClient1/index.html
2025-09-16 19:17:19,666 [INFO] UserAuth:487 - Internet connection configuration mode: 1
2025-09-16 19:17:38,446 [ERROR] LogOutputStream:75 - [STDERR_REDIRECT] Sep 16, 2025 7:17:38 PM java.util.prefs.FileSystemPreferences checkLockFile0ErrorCode
2025-09-16 19:17:38,447 [ERROR] LogOutputStream:75 - [STDERR_REDIRECT] WARNING: Could not lock System prefs. Unix error code 2.
2025-09-16 19:17:38,447 [ERROR] LogOutputStream:75 - [STDERR_REDIRECT] 
2025-09-16 19:17:38,448 [ERROR] LogOutputStream:75 - [STDERR_REDIRECT] Sep 16, 2025 7:17:38 PM java.util.prefs.FileSystemPreferences syncWorld
2025-09-16 19:17:38,448 [ERROR] LogOutputStream:75 - [STDERR_REDIRECT] WARNING: Couldn't flush system prefs: java.util.prefs.BackingStoreException: Couldn't get file lock.
2025-09-16 19:17:38,448 [ERROR] LogOutputStream:75 - [STDERR_REDIRECT] 
2025-09-16 19:18:08,434 [ERROR] LogOutputStream:75 - [STDERR_REDIRECT] Sep 16, 2025 7:18:08 PM java.util.prefs.FileSystemPreferences checkLockFile0ErrorCode
2025-09-16 19:18:08,435 [ERROR] LogOutputStream:75 - [STDERR_REDIRECT] WARNING: Could not lock System prefs. Unix error code 2.
2025-09-16 19:18:08,435 [ERROR] LogOutputStream:75 - [STDERR_REDIRECT] 
2025-09-16 19:18:08,436 [ERROR] LogOutputStream:75 - [STDERR_REDIRECT] Sep 16, 2025 7:18:08 PM java.util.prefs.FileSystemPreferences syncWorld
2025-09-16 19:18:08,436 [ERROR] LogOutputStream:75 - [STDERR_REDIRECT] WARNING: Couldn't flush system prefs: java.util.prefs.BackingStoreException: Couldn't get file lock.
2025-09-16 19:18:08,436 [ERROR] LogOutputStream:75 - [STDERR_REDIRECT] 
2025-09-16 19:18:38,434 [ERROR] LogOutputStream:75 - [STDERR_REDIRECT] Sep 16, 2025 7:18:38 PM java.util.prefs.FileSystemPreferences checkLockFile0ErrorCode
2025-09-16 19:18:38,435 [ERROR] LogOutputStream:75 - [STDERR_REDIRECT] WARNING: Could not lock System prefs. Unix error code 2.
2025-09-16 19:18:38,436 [ERROR] LogOutputStream:75 - [STDERR_REDIRECT] 
2025-09-16 19:18:38,437 [ERROR] LogOutputStream:75 - [STDERR_REDIRECT] Sep 16, 2025 7:18:38 PM java.util.prefs.FileSystemPreferences syncWorld
2025-09-16 19:18:38,437 [ERROR] LogOutputStream:75 - [STDERR_REDIRECT] WARNING: Couldn't flush system prefs: java.util.prefs.BackingStoreException: Couldn't get file lock.
2025-09-16 19:18:38,438 [ERROR] LogOutputStream:75 - [STDERR_REDIRECT] 
2025-09-16 19:19:08,434 [ERROR] LogOutputStream:75 - [STDERR_REDIRECT] Sep 16, 2025 7:19:08 PM java.util.prefs.FileSystemPreferences checkLockFile0ErrorCode
2025-09-16 19:19:08,435 [ERROR] LogOutputStream:75 - [STDERR_REDIRECT] WARNING: Could not lock System prefs. Unix error code 2.
2025-09-16 19:19:08,435 [ERROR] LogOutputStream:75 - [STDERR_REDIRECT] 
2025-09-16 19:19:08,436 [ERROR] LogOutputStream:75 - [STDERR_REDIRECT] Sep 16, 2025 7:19:08 PM java.util.prefs.FileSystemPreferences syncWorld
2025-09-16 19:19:08,437 [ERROR] LogOutputStream:75 - [STDERR_REDIRECT] WARNING: Couldn't flush system prefs: java.util.prefs.BackingStoreException: Couldn't get file lock.
2025-09-16 19:19:08,437 [ERROR] LogOutputStream:75 - [STDERR_REDIRECT] 
2025-09-16 19:19:38,434 [ERROR] LogOutputStream:75 - [STDERR_REDIRECT] Sep 16, 2025 7:19:38 PM java.util.prefs.FileSystemPreferences checkLockFile0ErrorCode
2025-09-16 19:19:38,435 [ERROR] LogOutputStream:75 - [STDERR_REDIRECT] WARNING: Could not lock System prefs. Unix error code 2.
2025-09-16 19:19:38,435 [ERROR] LogOutputStream:75 - [STDERR_REDIRECT] 
2025-09-16 19:19:38,436 [ERROR] LogOutputStream:75 - [STDERR_REDIRECT] Sep 16, 2025 7:19:38 PM java.util.prefs.FileSystemPreferences syncWorld
2025-09-16 19:19:38,437 [ERROR] LogOutputStream:75 - [STDERR_REDIRECT] WARNING: Couldn't flush system prefs: java.util.prefs.BackingStoreException: Couldn't get file lock.
2025-09-16 19:19:38,437 [ERROR] LogOutputStream:75 - [STDERR_REDIRECT] 
2025-09-16 19:20:08,433 [ERROR] LogOutputStream:75 - [STDERR_REDIRECT] Sep 16, 2025 7:20:08 PM java.util.prefs.FileSystemPreferences checkLockFile0ErrorCode
2025-09-16 19:20:08,434 [ERROR] LogOutputStream:75 - [STDERR_REDIRECT] WARNING: Could not lock System prefs. Unix error code 2.
2025-09-16 19:20:08,434 [ERROR] LogOutputStream:75 - [STDERR_REDIRECT] 
2025-09-16 19:20:08,435 [ERROR] LogOutputStream:75 - [STDERR_REDIRECT] Sep 16, 2025 7:20:08 PM java.util.prefs.FileSystemPreferences syncWorld
2025-09-16 19:20:08,435 [ERROR] LogOutputStream:75 - [STDERR_REDIRECT] WARNING: Couldn't flush system prefs: java.util.prefs.BackingStoreException: Couldn't get file lock.
2025-09-16 19:20:08,435 [ERROR] LogOutputStream:75 - [STDERR_REDIRECT] 
2025-09-16 19:20:38,434 [ERROR] LogOutputStream:75 - [STDERR_REDIRECT] Sep 16, 2025 7:20:38 PM java.util.prefs.FileSystemPreferences checkLockFile0ErrorCode
2025-09-16 19:20:38,435 [ERROR] LogOutputStream:75 - [STDERR_REDIRECT] WARNING: Could not lock System prefs. Unix error code 2.
2025-09-16 19:20:38,435 [ERROR] LogOutputStream:75 - [STDERR_REDIRECT] 
2025-09-16 19:20:38,435 [ERROR] LogOutputStream:75 - [STDERR_REDIRECT] Sep 16, 2025 7:20:38 PM java.util.prefs.FileSystemPreferences syncWorld
2025-09-16 19:20:38,436 [ERROR] LogOutputStream:75 - [STDERR_REDIRECT] WARNING: Couldn't flush system prefs: java.util.prefs.BackingStoreException: Couldn't get file lock.
2025-09-16 19:20:38,436 [ERROR] LogOutputStream:75 - [STDERR_REDIRECT] 
2025-09-16 19:21:08,440 [ERROR] LogOutputStream:75 - [STDERR_REDIRECT] Sep 16, 2025 7:21:08 PM java.util.prefs.FileSystemPreferences checkLockFile0ErrorCode
2025-09-16 19:21:08,441 [ERROR] LogOutputStream:75 - [STDERR_REDIRECT] WARNING: Could not lock System prefs. Unix error code 2.
2025-09-16 19:21:08,441 [ERROR] LogOutputStream:75 - [STDERR_REDIRECT] 
2025-09-16 19:21:08,442 [ERROR] LogOutputStream:75 - [STDERR_REDIRECT] Sep 16, 2025 7:21:08 PM java.util.prefs.FileSystemPreferences syncWorld
2025-09-16 19:21:08,442 [ERROR] LogOutputStream:75 - [STDERR_REDIRECT] WARNING: Couldn't flush system prefs: java.util.prefs.BackingStoreException: Couldn't get file lock.
2025-09-16 19:21:08,443 [ERROR] LogOutputStream:75 - [STDERR_REDIRECT] 
2025-09-16 19:21:38,438 [ERROR] LogOutputStream:75 - [STDERR_REDIRECT] Sep 16, 2025 7:21:38 PM java.util.prefs.FileSystemPreferences checkLockFile0ErrorCode
2025-09-16 19:21:38,438 [ERROR] LogOutputStream:75 - [STDERR_REDIRECT] WARNING: Could not lock System prefs. Unix error code 2.
2025-09-16 19:21:38,439 [ERROR] LogOutputStream:75 - [STDERR_REDIRECT] 
2025-09-16 19:21:38,440 [ERROR] LogOutputStream:75 - [STDERR_REDIRECT] Sep 16, 2025 7:21:38 PM java.util.prefs.FileSystemPreferences syncWorld
2025-09-16 19:21:38,440 [ERROR] LogOutputStream:75 - [STDERR_REDIRECT] WARNING: Couldn't flush system prefs: java.util.prefs.BackingStoreException: Couldn't get file lock.
2025-09-16 19:21:38,440 [ERROR] LogOutputStream:75 - [STDERR_REDIRECT] 
2025-09-16 19:22:08,435 [ERROR] LogOutputStream:75 - [STDERR_REDIRECT] Sep 16, 2025 7:22:08 PM java.util.prefs.FileSystemPreferences checkLockFile0ErrorCode
2025-09-16 19:22:08,435 [ERROR] LogOutputStream:75 - [STDERR_REDIRECT] WARNING: Could not lock System prefs. Unix error code 2.
2025-09-16 19:22:08,436 [ERROR] LogOutputStream:75 - [STDERR_REDIRECT] 
2025-09-16 19:22:08,436 [ERROR] LogOutputStream:75 - [STDERR_REDIRECT] Sep 16, 2025 7:22:08 PM java.util.prefs.FileSystemPreferences syncWorld
2025-09-16 19:22:08,436 [ERROR] LogOutputStream:75 - [STDERR_REDIRECT] WARNING: Couldn't flush system prefs: java.util.prefs.BackingStoreException: Couldn't get file lock.
2025-09-16 19:22:08,437 [ERROR] LogOutputStream:75 - [STDERR_REDIRECT] 
2025-09-16 19:22:27,363 [ERROR] LogOutputStream:75 - [STDERR_REDIRECT] 
2025-09-16 19:22:27,364 [ERROR] LogOutputStream:75 - [STDERR_REDIRECT] 
2025-09-16 20:02:53,463 [INFO] Activator:176 - 


2025-09-16 20:02:53,467 [INFO] Activator:177 - !SESSION log4j initialized
2025-09-16 20:03:02,116 [INFO] LogOutputStream:77 - [STDOUT_REDIRECT] 
2025-09-16 20:03:04,088 [INFO] ApplicationProperties:184 - Using Application install path: /opt/st/stm32cubeide_1.19.0/plugins/com.st.stm32cube.common.mx_6.15.0.202507011659
2025-09-16 20:03:04,120 [INFO] DbMcusXml:78 - Set database path to: /opt/st/stm32cubeide_1.19.0/plugins/com.st.stm32cube.common.mx_6.15.0.202507011659//db//mcu/
2025-09-16 20:03:04,120 [INFO] ApiDb:274 - Set plugin database path to: /opt/st/stm32cubeide_1.19.0/plugins/com.st.stm32cube.common.mx_6.15.0.202507011659//db//plugins/boardmanager/
2025-09-16 20:03:04,121 [WARN] ApiDb:259 - Overriding images path with different value:  => /opt/st/stm32cubeide_1.19.0/plugins/com.st.stm32cube.common.mx_6.15.0.202507011659//db//plugins/mcufinder/images/
2025-09-16 20:03:04,127 [INFO] ApiDb:250 - Set database path to: /home/tomas1908/.stmcufinder/plugins/mcufinder//mcu/
2025-09-16 20:03:04,130 [INFO] DbMcusAds:125 - Set database path to: /home/tomas1908/.stmcufinder/plugins/mcufinder//mcu/
2025-09-16 20:03:04,134 [INFO] CrossReferenceDbSqlite:203 - Set database path to: /home/tomas1908/.stmcufinder/plugins/mcufinder//mcu/cs/
2025-09-16 20:03:04,384 [INFO] RulesReader:64 - Compatibility file has been processed (317 Rules)
2025-09-16 20:03:04,486 [INFO] DbMcusXml:78 - Set database path to: /opt/st/stm32cubeide_1.19.0/plugins/com.st.stm32cube.common.mx_6.15.0.202507011659//db//mcu/
2025-09-16 20:03:04,486 [INFO] ApiDb:274 - Set plugin database path to: /opt/st/stm32cubeide_1.19.0/plugins/com.st.stm32cube.common.mx_6.15.0.202507011659//db//plugins/boardmanager/
2025-09-16 20:03:04,486 [INFO] ApiDb:261 - Set plugin images path to: /opt/st/stm32cubeide_1.19.0/plugins/com.st.stm32cube.common.mx_6.15.0.202507011659//db//plugins/mcufinder/images/
2025-09-16 20:03:04,486 [WARN] DbFile:41 - Overriding database path with different value: /home/tomas1908/.stmcufinder/plugins/mcufinder/ => /home/tomas1908/.stmcufinder/plugins/mcufinder
2025-09-16 20:03:04,487 [INFO] ApiDb:250 - Set database path to: /home/tomas1908/.stmcufinder/plugins/mcufinder//mcu/
2025-09-16 20:03:04,487 [WARN] DbFile:41 - Overriding database path with different value: /home/tomas1908/.stmcufinder/plugins/mcufinder/ => /home/tomas1908/.stmcufinder/plugins/mcufinder
2025-09-16 20:03:04,487 [INFO] DbMcusAds:125 - Set database path to: /home/tomas1908/.stmcufinder/plugins/mcufinder//mcu/
2025-09-16 20:03:04,487 [WARN] DbFile:41 - Overriding database path with different value: /home/tomas1908/.stmcufinder/plugins/mcufinder/ => /home/tomas1908/.stmcufinder/plugins/mcufinder
2025-09-16 20:03:04,487 [WARN] DbFile:41 - Overriding database path with different value: /home/tomas1908/.stmcufinder/plugins/mcufinder/ => /home/tomas1908/.stmcufinder/plugins/mcufinder
2025-09-16 20:03:04,488 [INFO] CrossReferenceDbSqlite:203 - Set database path to: /home/tomas1908/.stmcufinder/plugins/mcufinder//mcu/cs/
2025-09-16 20:03:04,598 [INFO] MainPanel:274 - HeapMemory: 268435456
2025-09-16 20:03:04,796 [INFO] DbMcusXml:78 - Set database path to: /opt/st/stm32cubeide_1.19.0/plugins/com.st.stm32cube.common.mx_6.15.0.202507011659//db//mcu/
2025-09-16 20:03:04,796 [INFO] ApiDb:274 - Set plugin database path to: /opt/st/stm32cubeide_1.19.0/plugins/com.st.stm32cube.common.mx_6.15.0.202507011659//db//plugins/boardmanager/
2025-09-16 20:03:04,797 [INFO] ApiDb:261 - Set plugin images path to: /opt/st/stm32cubeide_1.19.0/plugins/com.st.stm32cube.common.mx_6.15.0.202507011659//db//plugins/mcufinder/images/
2025-09-16 20:03:04,797 [WARN] DbFile:41 - Overriding database path with different value: /home/tomas1908/.stmcufinder/plugins/mcufinder/ => /home/tomas1908/.stmcufinder/plugins/mcufinder
2025-09-16 20:03:04,798 [INFO] ApiDb:250 - Set database path to: /home/tomas1908/.stmcufinder/plugins/mcufinder//mcu/
2025-09-16 20:03:04,798 [WARN] DbFile:41 - Overriding database path with different value: /home/tomas1908/.stmcufinder/plugins/mcufinder/ => /home/tomas1908/.stmcufinder/plugins/mcufinder
2025-09-16 20:03:04,798 [INFO] DbMcusAds:125 - Set database path to: /home/tomas1908/.stmcufinder/plugins/mcufinder//mcu/
2025-09-16 20:03:04,798 [WARN] DbFile:41 - Overriding database path with different value: /home/tomas1908/.stmcufinder/plugins/mcufinder/ => /home/tomas1908/.stmcufinder/plugins/mcufinder
2025-09-16 20:03:04,798 [WARN] DbFile:41 - Overriding database path with different value: /home/tomas1908/.stmcufinder/plugins/mcufinder/ => /home/tomas1908/.stmcufinder/plugins/mcufinder
2025-09-16 20:03:04,799 [INFO] CrossReferenceDbSqlite:203 - Set database path to: /home/tomas1908/.stmcufinder/plugins/mcufinder//mcu/cs/
2025-09-16 20:03:04,825 [INFO] ApplicationProperties:184 - Using Application install path: /opt/st/stm32cubeide_1.19.0/plugins/com.st.stm32cube.common.mx_6.15.0.202507011659
2025-09-16 20:03:04,829 [INFO] PluginManage:196 - Search for loadable plugins [exclusion list=, ]
2025-09-16 20:03:04,831 [INFO] PluginManage:310 - Check plugin analytics
2025-09-16 20:03:05,142 [INFO] AnalyticsPlugin:253 - Accepted Software Licenses: 
2025-09-16 20:03:05,142 [INFO] AnalyticsPlugin:255 - Accepted CMSIS Pack Licenses: 
2025-09-16 20:03:05,142 [INFO] AnalyticsPlugin:257 - Accepted Firmware Licenses: FW.F4.1.28.0
2025-09-16 20:03:05,149 [INFO] PluginManage:359 - Loaded plugin analytics (category:tool,tabindex:-1)
2025-09-16 20:03:05,149 [INFO] PluginManage:310 - Check plugin cadmodel
2025-09-16 20:03:05,156 [INFO] CADModel:105 - Init CAD model plugin
2025-09-16 20:03:05,157 [INFO] PluginManage:359 - Loaded plugin cadmodel (category:power,tabindex:5)
2025-09-16 20:03:05,157 [INFO] PluginManage:310 - Check plugin clock
2025-09-16 20:03:05,171 [INFO] PluginManage:359 - Loaded plugin clock (category:base,tabindex:2)
2025-09-16 20:03:05,172 [INFO] PluginManage:310 - Check plugin ddr
2025-09-16 20:03:05,176 [INFO] PluginManage:359 - Loaded plugin ddr (category:tool,tabindex:6)
2025-09-16 20:03:05,176 [INFO] PluginManage:310 - Check plugin filemanager
2025-09-16 20:03:05,443 [INFO] PluginManage:359 - Loaded plugin filemanager (category:base,tabindex:10)
2025-09-16 20:03:05,444 [INFO] PluginManage:310 - Check plugin ipmanager
2025-09-16 20:03:05,453 [INFO] PluginManage:359 - Loaded plugin ipmanager (category:base,tabindex:5)
2025-09-16 20:03:05,453 [INFO] PluginManage:310 - Check plugin lpbam
2025-09-16 20:03:05,469 [INFO] PluginManage:359 - Loaded plugin lpbam (category:base,tabindex:0)
2025-09-16 20:03:05,469 [INFO] PluginManage:310 - Check plugin memorymap
2025-09-16 20:03:05,492 [INFO] PluginManage:359 - Loaded plugin memorymap (category:base,tabindex:4)
2025-09-16 20:03:05,492 [INFO] PluginManage:310 - Check plugin pinoutandconfiguration
2025-09-16 20:03:05,508 [INFO] PluginManage:359 - Loaded plugin pinoutandconfiguration (category:base,tabindex:1)
2025-09-16 20:03:05,508 [INFO] PluginManage:310 - Check plugin pinoutconfig
2025-09-16 20:03:05,670 [WARN] SupportedApi:132 - Cannot load RTOS API schema: s4s-elt-must-match.1: The content of 'definitions' must match (annotation?, (simpleType | complexType)?, (unique | key | keyref)*)). A problem was found starting at: attribute.
2025-09-16 20:03:05,921 [INFO] PluginManage:359 - Loaded plugin pinoutconfig (category:base,tabindex:0)
2025-09-16 20:03:05,921 [INFO] PluginManage:310 - Check plugin power
2025-09-16 20:03:05,940 [INFO] PluginManage:359 - Loaded plugin power (category:power,tabindex:4)
2025-09-16 20:03:05,940 [INFO] PluginManage:310 - Check plugin projectmanager
2025-09-16 20:03:05,972 [INFO] PluginManage:359 - Loaded plugin projectmanager (category:projectmanager,tabindex:4)
2025-09-16 20:03:05,972 [INFO] PluginManage:310 - Check plugin rif
2025-09-16 20:03:05,991 [INFO] PluginManage:359 - Loaded plugin rif (category:base,tabindex:3)
2025-09-16 20:03:05,991 [INFO] PluginManage:310 - Check plugin thirdparty
2025-09-16 20:03:06,198 [INFO] PluginManage:359 - Loaded plugin thirdparty (category:base,tabindex:-1)
2025-09-16 20:03:06,198 [WARN] IntegrityCheckThread:84 - waiting for thirdparty lock release [integrity check]
2025-09-16 20:03:06,199 [INFO] IntegrityCheckThread:86 - entering critical section [integrity check]
2025-09-16 20:03:06,199 [INFO] PluginManage:310 - Check plugin tools
2025-09-16 20:03:06,199 [INFO] ThirdPartyUpdaterWithRetryManager:70 - Updater plugin not ready yet. [1/15]
2025-09-16 20:03:06,202 [INFO] PluginManage:359 - Loaded plugin tools (category:base,tabindex:7)
2025-09-16 20:03:06,202 [INFO] PluginManage:310 - Check plugin tutovideos
2025-09-16 20:03:06,590 [INFO] PluginManage:359 - Loaded plugin tutovideos (category:base,tabindex:-1)
2025-09-16 20:03:06,591 [INFO] PluginManage:310 - Check plugin updater
2025-09-16 20:03:06,634 [INFO] PluginManage:359 - Loaded plugin updater (category:base,tabindex:12)
2025-09-16 20:03:06,634 [INFO] PluginManage:310 - Check plugin userauth
2025-09-16 20:03:06,640 [INFO] UserAuth:118 - Init User Auth plugin
2025-09-16 20:03:06,642 [INFO] PluginManage:359 - Loaded plugin userauth (category:base,tabindex:14)
2025-09-16 20:03:06,642 [INFO] PluginManage:283 - PluginManage : Loaded plugins [18]
2025-09-16 20:03:06,916 [INFO] PinOutPanel:1589 - setPackage(No Configuration,No Configuration)
2025-09-16 20:03:07,032 [INFO] CADModel:165 - CPN selected for project level
2025-09-16 20:03:07,032 [INFO] CADModel:114 - Register for checkConnection events
2025-09-16 20:03:07,050 [INFO] IPUIPlugin:80 - create IPUIPlugin
2025-09-16 20:03:07,051 [INFO] PluginManager:220 - loadIPPluginJar : add i2c
2025-09-16 20:03:07,060 [INFO] IPUIPlugin:80 - create IPUIPlugin
2025-09-16 20:03:07,061 [INFO] PluginManager:220 - loadIPPluginJar : add mdma
2025-09-16 20:03:07,064 [INFO] IPUIPlugin:80 - create IPUIPlugin
2025-09-16 20:03:07,064 [INFO] PluginManager:220 - loadIPPluginJar : add aes
2025-09-16 20:03:07,068 [INFO] IPUIPlugin:80 - create IPUIPlugin
2025-09-16 20:03:07,068 [INFO] PluginManager:220 - loadIPPluginJar : add can
2025-09-16 20:03:07,076 [INFO] IPUIPlugin:80 - create IPUIPlugin
2025-09-16 20:03:07,076 [INFO] PluginManager:220 - loadIPPluginJar : add freertos
2025-09-16 20:03:07,080 [INFO] IPUIPlugin:80 - create IPUIPlugin
2025-09-16 20:03:07,080 [INFO] PluginManager:220 - loadIPPluginJar : add gtzc
2025-09-16 20:03:07,082 [INFO] IPUIPlugin:80 - create IPUIPlugin
2025-09-16 20:03:07,083 [INFO] PluginManager:220 - loadIPPluginJar : add ts
2025-09-16 20:03:07,095 [INFO] IPUIPlugin:80 - create IPUIPlugin
2025-09-16 20:03:07,096 [INFO] PluginManager:220 - loadIPPluginJar : add stm32_wpan
2025-09-16 20:03:07,098 [INFO] IPUIPlugin:80 - create IPUIPlugin
2025-09-16 20:03:07,098 [INFO] PluginManager:220 - loadIPPluginJar : add fatfs
2025-09-16 20:03:07,107 [INFO] IPUIPlugin:80 - create IPUIPlugin
2025-09-16 20:03:07,107 [INFO] PluginManager:220 - loadIPPluginJar : add dma
2025-09-16 20:03:07,111 [INFO] IPUIPlugin:80 - create IPUIPlugin
2025-09-16 20:03:07,112 [INFO] PluginManager:220 - loadIPPluginJar : add usbx
2025-09-16 20:03:07,115 [INFO] IPUIPlugin:80 - create IPUIPlugin
2025-09-16 20:03:07,115 [INFO] PluginManager:220 - loadIPPluginJar : add hash
2025-09-16 20:03:07,118 [INFO] IPUIPlugin:80 - create IPUIPlugin
2025-09-16 20:03:07,118 [INFO] PluginManager:220 - loadIPPluginJar : add cryp
2025-09-16 20:03:07,121 [INFO] IPUIPlugin:80 - create IPUIPlugin
2025-09-16 20:03:07,121 [INFO] PluginManager:220 - loadIPPluginJar : add openamp
2025-09-16 20:03:07,123 [INFO] IPUIPlugin:80 - create IPUIPlugin
2025-09-16 20:03:07,123 [INFO] PluginManager:220 - loadIPPluginJar : add genericplugin
2025-09-16 20:03:07,128 [INFO] IPUIPlugin:80 - create IPUIPlugin
2025-09-16 20:03:07,128 [INFO] PluginManager:220 - loadIPPluginJar : add ipddr
2025-09-16 20:03:07,132 [INFO] IPUIPlugin:80 - create IPUIPlugin
2025-09-16 20:03:07,132 [INFO] PluginManager:220 - loadIPPluginJar : add opamp
2025-09-16 20:03:07,134 [INFO] IPUIPlugin:80 - create IPUIPlugin
2025-09-16 20:03:07,134 [INFO] PluginManager:220 - loadIPPluginJar : add ltdc
2025-09-16 20:03:07,136 [INFO] IPUIPlugin:80 - create IPUIPlugin
2025-09-16 20:03:07,137 [INFO] PluginManager:220 - loadIPPluginJar : add dfsdm
2025-09-16 20:03:07,144 [INFO] IPUIPlugin:80 - create IPUIPlugin
2025-09-16 20:03:07,145 [INFO] PluginManager:220 - loadIPPluginJar : add gic
2025-09-16 20:03:07,149 [INFO] IPUIPlugin:80 - create IPUIPlugin
2025-09-16 20:03:07,149 [INFO] PluginManager:220 - loadIPPluginJar : add extmemmanager
2025-09-16 20:03:07,151 [INFO] IPUIPlugin:80 - create IPUIPlugin
2025-09-16 20:03:07,151 [INFO] PluginManager:220 - loadIPPluginJar : add ucpd
2025-09-16 20:03:07,154 [INFO] IPUIPlugin:80 - create IPUIPlugin
2025-09-16 20:03:07,154 [INFO] PluginManager:220 - loadIPPluginJar : add tracer_emb
2025-09-16 20:03:07,156 [INFO] IPUIPlugin:80 - create IPUIPlugin
2025-09-16 20:03:07,157 [INFO] PluginManager:220 - loadIPPluginJar : add radio
2025-09-16 20:03:07,161 [INFO] IPUIPlugin:80 - create IPUIPlugin
2025-09-16 20:03:07,162 [INFO] PluginManager:220 - loadIPPluginJar : add pdm2pcm
2025-09-16 20:03:07,164 [INFO] IPUIPlugin:80 - create IPUIPlugin
2025-09-16 20:03:07,165 [INFO] PluginManager:220 - loadIPPluginJar : add spi
2025-09-16 20:03:07,167 [INFO] IPUIPlugin:80 - create IPUIPlugin
2025-09-16 20:03:07,167 [INFO] PluginManager:220 - loadIPPluginJar : add tim
2025-09-16 20:03:07,176 [INFO] IPUIPlugin:80 - create IPUIPlugin
2025-09-16 20:03:07,180 [INFO] PluginManager:220 - loadIPPluginJar : add plateformsettings
2025-09-16 20:03:07,184 [INFO] IPUIPlugin:80 - create IPUIPlugin
2025-09-16 20:03:07,185 [INFO] PluginManager:220 - loadIPPluginJar : add touchsensing
2025-09-16 20:03:07,190 [INFO] IPUIPlugin:80 - create IPUIPlugin
2025-09-16 20:03:07,191 [INFO] PluginManager:220 - loadIPPluginJar : add gpio
2025-09-16 20:03:07,200 [INFO] IPUIPlugin:80 - create IPUIPlugin
2025-09-16 20:03:07,200 [INFO] PluginManager:220 - loadIPPluginJar : add adc
2025-09-16 20:03:07,211 [INFO] IPUIPlugin:80 - create IPUIPlugin
2025-09-16 20:03:07,212 [INFO] PluginManager:220 - loadIPPluginJar : add linkedlist
2025-09-16 20:03:07,214 [INFO] IPUIPlugin:80 - create IPUIPlugin
2025-09-16 20:03:07,214 [INFO] PluginManager:220 - loadIPPluginJar : add comp
2025-09-16 20:03:07,220 [INFO] IPUIPlugin:80 - create IPUIPlugin
2025-09-16 20:03:07,220 [INFO] PluginManager:220 - loadIPPluginJar : add fmc
2025-09-16 20:03:07,222 [INFO] IPUIPlugin:80 - create IPUIPlugin
2025-09-16 20:03:07,222 [INFO] PluginManager:220 - loadIPPluginJar : add tsc
2025-09-16 20:03:07,226 [INFO] IPUIPlugin:80 - create IPUIPlugin
2025-09-16 20:03:07,226 [INFO] PluginManager:220 - loadIPPluginJar : add sai
2025-09-16 20:03:07,229 [INFO] IPUIPlugin:80 - create IPUIPlugin
2025-09-16 20:03:07,230 [INFO] PluginManager:220 - loadIPPluginJar : add usart
2025-09-16 20:03:07,234 [INFO] IPUIPlugin:80 - create IPUIPlugin
2025-09-16 20:03:07,235 [INFO] PluginManager:220 - loadIPPluginJar : add nvic
2025-09-16 20:03:07,239 [INFO] IPUIPlugin:80 - create IPUIPlugin
2025-09-16 20:03:07,239 [INFO] PluginManager:220 - loadIPPluginJar : add resmgrutility
2025-09-16 20:03:07,242 [INFO] IPUIPlugin:80 - create IPUIPlugin
2025-09-16 20:03:07,242 [INFO] PluginManager:220 - loadIPPluginJar : add lorawan
2025-09-16 20:03:07,245 [INFO] IPUIPlugin:80 - create IPUIPlugin
2025-09-16 20:03:07,245 [INFO] PluginManager:220 - loadIPPluginJar : add gfxmmu
2025-09-16 20:03:07,247 [INFO] IPUIPlugin:80 - create IPUIPlugin
2025-09-16 20:03:07,248 [INFO] PluginManager:220 - loadIPPluginJar : add dma3
2025-09-16 20:03:07,251 [INFO] IPUIPlugin:80 - create IPUIPlugin
2025-09-16 20:03:07,251 [INFO] PluginManager:220 - loadIPPluginJar : add i3c
2025-09-16 20:03:07,253 [INFO] IPUIPlugin:80 - create IPUIPlugin
2025-09-16 20:03:07,253 [INFO] PluginManager:220 - loadIPPluginJar : add quadspi
2025-09-16 20:03:07,256 [INFO] IPUIPlugin:80 - create IPUIPlugin
2025-09-16 20:03:07,257 [INFO] PluginManager:220 - loadIPPluginJar : add ddr_ctrl_phy
2025-09-16 20:03:07,259 [INFO] IPUIPlugin:80 - create IPUIPlugin
2025-09-16 20:03:07,260 [INFO] PluginManager:220 - loadIPPluginJar : add i2s
2025-09-16 20:03:07,389 [FATAL] Updater:351 - Updater called before beeing initialized
2025-09-16 20:03:07,437 [INFO] RulesReader:64 - Compatibility file has been processed (317 Rules)
2025-09-16 20:03:07,460 [INFO] RulesReader:64 - Compatibility file has been processed (317 Rules)
2025-09-16 20:03:07,474 [INFO] CADModel:165 - CPN selected for project level
2025-09-16 20:03:07,474 [INFO] CADModel:114 - Register for checkConnection events
2025-09-16 20:03:07,474 [FATAL] Updater:351 - Updater called before beeing initialized
2025-09-16 20:03:07,474 [ERROR] CADModel:125 - Updater not yet initialized, retry later 
2025-09-16 20:03:07,698 [FATAL] Updater:351 - Updater called before beeing initialized
2025-09-16 20:03:07,701 [INFO] CADModel:165 - CPN selected for project level
2025-09-16 20:03:07,701 [INFO] CADModel:114 - Register for checkConnection events
2025-09-16 20:03:07,701 [FATAL] Updater:351 - Updater called before beeing initialized
2025-09-16 20:03:07,702 [ERROR] CADModel:125 - Updater not yet initialized, retry later 
2025-09-16 20:03:07,707 [FATAL] Updater:351 - Updater called before beeing initialized
2025-09-16 20:03:07,856 [FATAL] Updater:351 - Updater called before beeing initialized
2025-09-16 20:03:07,864 [INFO] DbMcusAds:53 - JSON generation date=Tue Jul 08 05:14:23 ART 2025 (1751962463582)
2025-09-16 20:03:07,865 [FATAL] Updater:351 - Updater called before beeing initialized
2025-09-16 20:03:07,933 [WARN] DetailPanel:346 - Failed to get advertising image, set to default
2025-09-16 20:03:08,074 [FATAL] Updater:351 - Updater called before beeing initialized
2025-09-16 20:03:08,077 [FATAL] Updater:351 - Updater called before beeing initialized
2025-09-16 20:03:08,077 [FATAL] Updater:351 - Updater called before beeing initialized
2025-09-16 20:03:08,078 [WARN] DetailPanel:346 - Failed to get advertising image, set to default
2025-09-16 20:03:08,079 [FATAL] Updater:351 - Updater called before beeing initialized
2025-09-16 20:03:08,141 [ERROR] Updater:1198 - MainUpdater not yet initialized. External WinMGr cannot be set.
2025-09-16 20:03:08,143 [INFO] Updater:1134 - Updater Version found : 6.15.0
2025-09-16 20:03:08,174 [INFO] ApplicationProperties:184 - Using Application install path: /opt/st/stm32cubeide_1.19.0/plugins/com.st.stm32cube.common.mx_6.15.0.202507011659
2025-09-16 20:03:08,196 [ERROR] LogOutputStream:75 - [STDERR_REDIRECT] Sep 16, 2025 8:03:08 PM java.util.prefs.FileSystemPreferences$2 run
2025-09-16 20:03:08,196 [ERROR] LogOutputStream:75 - [STDERR_REDIRECT] WARNING: Could not create system preferences directory. System preferences are unusable.
2025-09-16 20:03:08,197 [ERROR] LogOutputStream:75 - [STDERR_REDIRECT] 
2025-09-16 20:03:08,635 [INFO] MainUpdater:2872 - connection check result : 10
2025-09-16 20:03:08,636 [INFO] MainUpdater:289 - Updater Check For Update Now.
2025-09-16 20:03:08,636 [INFO] MicroXplorer:498 - Change Database Version : DB.6.0.150
2025-09-16 20:03:08,644 [INFO] McuFinderGlobals:63 - Set McuFinder mode to 2 (CubeIDE integrated)
2025-09-16 20:03:08,645 [INFO] UserAuth:487 - Internet connection configuration mode: 1
2025-09-16 20:03:08,667 [INFO] JxBrowserEngine:152 - Initiate JxBrowser Engine with user profile folder
2025-09-16 20:03:08,912 [INFO] CheckServerUpdateThread:120 - End of CheckServer Thread
2025-09-16 20:03:09,419 [WARN] PackLoader:240 - Cannot read IP mode file for STMicroelectronics.FP-SNS-MOTENVWB1.1.4.0
2025-09-16 20:03:09,435 [WARN] PackLoader:240 - Cannot read IP mode file for STMicroelectronics.FP-ATR-ASTRA1.2.0.2
2025-09-16 20:03:09,449 [WARN] PackLoader:240 - Cannot read IP mode file for STMicroelectronics.X-CUBE-SMBUS.2.1.0
2025-09-16 20:03:09,465 [WARN] PackLoader:240 - Cannot read IP mode file for STMicroelectronics.X-CUBE-ST60.1.0.0
2025-09-16 20:03:09,600 [WARN] PackLoader:240 - Cannot read IP mode file for STMicroelectronics.X-CUBE-AZRTOS-F7.1.1.0
2025-09-16 20:03:09,620 [WARN] PackLoader:240 - Cannot read IP mode file for Cesanta.I-CUBE-Mongoose.7.19.0
2025-09-16 20:03:09,682 [WARN] PackLoader:240 - Cannot read IP mode file for WES.I-CUBE-Cesium.1.4.0
2025-09-16 20:03:09,763 [WARN] PackLoader:240 - Cannot read IP mode file for Infineon.AIROC-Wi-Fi-Bluetooth-STM32.1.7.1
2025-09-16 20:03:09,805 [WARN] PackLoader:240 - Cannot read IP mode file for STMicroelectronics.X-CUBE-DISPLAY.3.0.0
2025-09-16 20:03:09,832 [WARN] PackLoader:240 - Cannot read IP mode file for STMicroelectronics.X-CUBE-NFC10.1.0.0
2025-09-16 20:03:09,844 [WARN] PackLoader:240 - Cannot read IP mode file for emotas.I-CUBE-CANOPEN.1.3.0
2025-09-16 20:03:09,860 [WARN] PackLoader:240 - Cannot read IP mode file for STMicroelectronics.FP-SNS-SMARTAG2.1.2.0
2025-09-16 20:03:09,869 [WARN] PackLoader:240 - Cannot read IP mode file for STMicroelectronics.FP-SNS-FLIGHT1.5.1.0
2025-09-16 20:03:09,889 [INFO] LogOutputStream:77 - [STDOUT_REDIRECT] 1 : Invalid condition id : UX_CORESTACK_Condition cause : null
2025-09-16 20:03:09,890 [INFO] LogOutputStream:77 - [STDOUT_REDIRECT] 1 : Invalid condition id : UX_CORESTACK_Condition cause : null
2025-09-16 20:03:09,891 [INFO] LogOutputStream:77 - [STDOUT_REDIRECT] 1 : Invalid condition id : UX_CORESTACK_Condition cause : null
2025-09-16 20:03:09,891 [INFO] LogOutputStream:77 - [STDOUT_REDIRECT] 1 : Invalid condition id : UX_CORESTACK_Condition cause : null
2025-09-16 20:03:09,892 [INFO] LogOutputStream:77 - [STDOUT_REDIRECT] 1 : Invalid condition id : UX_CORESTACK_Condition cause : null
2025-09-16 20:03:09,898 [WARN] PackLoader:240 - Cannot read IP mode file for STMicroelectronics.X-CUBE-AZRTOS-WL.2.0.0
2025-09-16 20:03:09,905 [WARN] PackLoader:240 - Cannot read IP mode file for STMicroelectronics.FP-SNS-MOTENV1.5.0.0
2025-09-16 20:03:09,916 [WARN] PackLoader:240 - Cannot read IP mode file for STMicroelectronics.X-CUBE-BLE2.3.3.0
2025-09-16 20:03:09,926 [WARN] PackLoader:240 - Cannot read IP mode file for STMicroelectronics.X-CUBE-NFC9.1.0.0
2025-09-16 20:03:09,936 [WARN] PackLoader:240 - Cannot read IP mode file for STMicroelectronics.X-CUBE-BLE1.7.1.0
2025-09-16 20:03:09,965 [WARN] PackLoader:240 - Cannot read IP mode file for STMicroelectronics.X-CUBE-AZRTOS-G0.1.1.0
2025-09-16 20:03:09,979 [WARN] PackLoader:240 - Cannot read IP mode file for STMicroelectronics.X-CUBE-SAFEA1.1.2.2
2025-09-16 20:03:09,988 [WARN] PackLoader:240 - Cannot read IP mode file for STMicroelectronics.X-CUBE-NFC4.3.0.0
2025-09-16 20:03:10,003 [WARN] PackLoader:240 - Cannot read IP mode file for EmbeddedOffice.I-CUBE-FS-RTOS.1.0.1
2025-09-16 20:03:10,011 [WARN] PackLoader:240 - Cannot read IP mode file for STMicroelectronics.X-CUBE-WB05N.2.0.0
2025-09-16 20:03:10,019 [WARN] PackLoader:240 - Cannot read IP mode file for STMicroelectronics.X-CUBE-TCPP.4.2.0
2025-09-16 20:03:10,028 [WARN] PackLoader:240 - Cannot read IP mode file for RealThread.X-CUBE-RT-Thread_Nano.4.1.1
2025-09-16 20:03:10,034 [WARN] PackLoader:240 - Cannot read IP mode file for STMicroelectronics.FP-ATR-SIGFOX1.3.2.0
2025-09-16 20:03:10,042 [WARN] PackLoader:240 - Cannot read IP mode file for ITTIA_DB.I-CUBE-ITTIADB.8.9.0
2025-09-16 20:03:10,051 [WARN] PackLoader:240 - Cannot read IP mode file for STMicroelectronics.X-CUBE-ST67W61.1.0.0
2025-09-16 20:03:10,106 [INFO] WebApp:169 - Instantiating new browser for Auth
2025-09-16 20:03:10,127 [WARN] PackLoader:240 - Cannot read IP mode file for SEGGER.I-CUBE-embOS.1.3.1
2025-09-16 20:03:10,344 [WARN] PackLoader:240 - Cannot read IP mode file for STMicroelectronics.X-CUBE-ALGOBUILD.1.4.0
2025-09-16 20:03:10,518 [WARN] PackLoader:240 - Cannot read IP mode file for STMicroelectronics.X-CUBE-MEMS1.11.3.0
2025-09-16 20:03:10,968 [WARN] PackLoader:240 - Cannot read IP mode file for STMicroelectronics.X-CUBE-PM33A1.1.0.0
2025-09-16 20:03:11,005 [WARN] PackLoader:240 - Cannot read IP mode file for STMicroelectronics.X-CUBE-AZRTOS-F4.1.1.0
2025-09-16 20:03:11,015 [WARN] PackLoader:240 - Cannot read IP mode file for Avnet-IotConnect.X-CUBE-IoTC-DA16k-PMOD.1.0.0
2025-09-16 20:03:11,020 [WARN] PackLoader:240 - Cannot read IP mode file for STMicroelectronics.X-CUBE-ISPU.2.1.0
2025-09-16 20:03:11,058 [WARN] PackLoader:240 - Cannot read IP mode file for STMicroelectronics.X-CUBE-AZRTOS-L5.2.0.0
2025-09-16 20:03:11,080 [WARN] PackLoader:240 - Cannot read IP mode file for STMicroelectronics.X-CUBE-NFC6.3.1.0
2025-09-16 20:03:11,096 [WARN] PackLoader:240 - Cannot read IP mode file for STMicroelectronics.X-CUBE-FREERTOS.1.3.1
2025-09-16 20:03:11,105 [WARN] PackLoader:240 - Cannot read IP mode file for STMicroelectronics.X-CUBE-DPower.1.3.0
2025-09-16 20:03:11,152 [WARN] ConditionMgr:438 - getConditionDescription Invalid condition id : LAN8742 Phy interface Condition cause : null
2025-09-16 20:03:11,154 [WARN] PackLoader:240 - Cannot read IP mode file for STMicroelectronics.X-CUBE-AZRTOS-L4.2.0.0
2025-09-16 20:03:11,157 [WARN] ConditionMgr:1044 - genDependencies : Invalid condition id : LAN8742 Phy interface Condition cause : null
2025-09-16 20:03:11,158 [WARN] ConditionMgr:1044 - genDependencies : Invalid condition id : LAN8742 Phy interface Condition cause : null
2025-09-16 20:03:11,160 [WARN] ConditionMgr:1044 - genDependencies : Invalid condition id : LAN8742 Phy interface Condition cause : null
2025-09-16 20:03:11,177 [WARN] PackLoader:240 - Cannot read IP mode file for STMicroelectronics.X-CUBE-SFXS2LP1.4.0.0
2025-09-16 20:03:11,202 [WARN] ConditionMgr:438 - getConditionDescription Invalid condition id : UX DEVICE CLASS RTOS Condition cause : null
2025-09-16 20:03:11,202 [WARN] ConditionMgr:438 - getConditionDescription Invalid condition id : UX DEVICE CLASS RTOS Condition cause : null
2025-09-16 20:03:11,206 [WARN] PackLoader:240 - Cannot read IP mode file for STMicroelectronics.X-CUBE-AZRTOS-WB.2.0.0
2025-09-16 20:03:11,207 [WARN] ConditionMgr:1044 - genDependencies : Invalid condition id : UX DEVICE CLASS RTOS Condition cause : null
2025-09-16 20:03:11,207 [WARN] ConditionMgr:1044 - genDependencies : Invalid condition id : UX DEVICE CLASS RTOS Condition cause : null
2025-09-16 20:03:11,209 [WARN] ConditionMgr:1044 - genDependencies : Invalid condition id : UX DEVICE CLASS RTOS Condition cause : null
2025-09-16 20:03:11,210 [WARN] ConditionMgr:1044 - genDependencies : Invalid condition id : UX DEVICE CLASS RTOS Condition cause : null
2025-09-16 20:03:11,210 [WARN] ConditionMgr:1044 - genDependencies : Invalid condition id : UX DEVICE CLASS RTOS Condition cause : null
2025-09-16 20:03:11,219 [WARN] PackLoader:240 - Cannot read IP mode file for STMicroelectronics.X-CUBE-GNSS1.7.0.1
2025-09-16 20:03:11,226 [WARN] PackLoader:240 - Cannot read IP mode file for STMicroelectronics.X-CUBE-TOUCHGFX.4.25.0
2025-09-16 20:03:11,230 [WARN] ConditionMgr:438 - getConditionDescription Invalid condition id : Cortex-A Device cause : null
2025-09-16 20:03:11,250 [WARN] ConditionMgr:1044 - genDependencies : Invalid condition id : Cortex-A Device cause : null
2025-09-16 20:03:11,250 [WARN] ConditionMgr:1044 - genDependencies : Invalid condition id : Cortex-A Device cause : null
2025-09-16 20:03:11,250 [WARN] ConditionMgr:1044 - genDependencies : Invalid condition id : Cortex-A Device cause : null
2025-09-16 20:03:11,270 [WARN] PackLoader:240 - Cannot read IP mode file for STMicroelectronics.X-CUBE-SUBG2.5.0.0
2025-09-16 20:03:11,329 [WARN] PackLoader:240 - Cannot read IP mode file for STMicroelectronics.X-CUBE-AZRTOS-H7RS.1.1.0
2025-09-16 20:03:11,369 [WARN] PackLoader:240 - Cannot read IP mode file for STMicroelectronics.X-CUBE-AZRTOS-G4.2.0.0
2025-09-16 20:03:11,396 [WARN] PackLoader:240 - Cannot read IP mode file for wolfSSL.I-CUBE-wolfSSH.1.4.20
2025-09-16 20:03:11,403 [WARN] PackLoader:240 - Cannot read IP mode file for STMicroelectronics.X-CUBE-NFC7.2.0.0
2025-09-16 20:03:11,435 [WARN] PackLoader:240 - Cannot read IP mode file for STMicroelectronics.X-CUBE-IPS.3.1.0
2025-09-16 20:03:11,457 [WARN] PackLoader:240 - Cannot read IP mode file for STMicroelectronics.X-CUBE-ALS.1.0.2
2025-09-16 20:03:11,481 [WARN] PackLoader:240 - Cannot read IP mode file for STMicroelectronics.X-CUBE-TOF1.3.4.3
2025-09-16 20:03:11,502 [INFO] ThirdParty:978 - Integrity check success = true
2025-09-16 20:03:11,510 [INFO] IntegrityCheckThread:100 - exiting critical section [integrity check]
2025-09-16 20:03:11,511 [INFO] IntegrityCheckThread:103 - End integrity checks thread
2025-09-16 20:03:11,853 [INFO] WebApp:463 - Apply proxy settings
2025-09-16 20:03:11,854 [INFO] WebApp:548 - Chromium requires no authentication
2025-09-16 20:03:11,870 [INFO] WebApp:491 - Direct internet connection detected
2025-09-16 20:03:11,910 [INFO] WebApp:900 - Register for checkConnection events
2025-09-16 20:03:11,910 [INFO] WebApp:463 - Apply proxy settings
2025-09-16 20:03:11,910 [INFO] WebApp:548 - Chromium requires no authentication
2025-09-16 20:03:11,911 [INFO] WebApp:491 - Direct internet connection detected
2025-09-16 20:03:12,118 [INFO] WebApp:191 - Connection restablished
2025-09-16 20:03:12,202 [INFO] WebApp:225 - Starting web application
2025-09-16 20:03:12,202 [INFO] WebApp:593 - Web application path used /opt/st/stm32cubeide_1.19.0/plugins/com.st.stm32cube.common.mx_6.15.0.202507011659/db/plugins/mcufinder/reactClient1/index.html
2025-09-16 20:03:12,431 [INFO] UserAuth:487 - Internet connection configuration mode: 1
2025-09-16 20:03:32,371 [ERROR] LogOutputStream:75 - [STDERR_REDIRECT] Sep 16, 2025 8:03:32 PM java.util.prefs.FileSystemPreferences checkLockFile0ErrorCode
2025-09-16 20:03:32,372 [ERROR] LogOutputStream:75 - [STDERR_REDIRECT] WARNING: Could not lock System prefs. Unix error code 2.
2025-09-16 20:03:32,372 [ERROR] LogOutputStream:75 - [STDERR_REDIRECT] 
2025-09-16 20:03:32,374 [ERROR] LogOutputStream:75 - [STDERR_REDIRECT] Sep 16, 2025 8:03:32 PM java.util.prefs.FileSystemPreferences syncWorld
2025-09-16 20:03:32,374 [ERROR] LogOutputStream:75 - [STDERR_REDIRECT] WARNING: Couldn't flush system prefs: java.util.prefs.BackingStoreException: Couldn't get file lock.
2025-09-16 20:03:32,374 [ERROR] LogOutputStream:75 - [STDERR_REDIRECT] 
2025-09-16 20:04:02,364 [ERROR] LogOutputStream:75 - [STDERR_REDIRECT] Sep 16, 2025 8:04:02 PM java.util.prefs.FileSystemPreferences checkLockFile0ErrorCode
2025-09-16 20:04:02,365 [ERROR] LogOutputStream:75 - [STDERR_REDIRECT] WARNING: Could not lock System prefs. Unix error code 2.
2025-09-16 20:04:02,365 [ERROR] LogOutputStream:75 - [STDERR_REDIRECT] 
2025-09-16 20:04:02,366 [ERROR] LogOutputStream:75 - [STDERR_REDIRECT] Sep 16, 2025 8:04:02 PM java.util.prefs.FileSystemPreferences syncWorld
2025-09-16 20:04:02,367 [ERROR] LogOutputStream:75 - [STDERR_REDIRECT] WARNING: Couldn't flush system prefs: java.util.prefs.BackingStoreException: Couldn't get file lock.
2025-09-16 20:04:02,368 [ERROR] LogOutputStream:75 - [STDERR_REDIRECT] 
2025-09-16 20:04:32,362 [ERROR] LogOutputStream:75 - [STDERR_REDIRECT] Sep 16, 2025 8:04:32 PM java.util.prefs.FileSystemPreferences checkLockFile0ErrorCode
2025-09-16 20:04:32,362 [ERROR] LogOutputStream:75 - [STDERR_REDIRECT] WARNING: Could not lock System prefs. Unix error code 2.
2025-09-16 20:04:32,362 [ERROR] LogOutputStream:75 - [STDERR_REDIRECT] 
2025-09-16 20:04:32,363 [ERROR] LogOutputStream:75 - [STDERR_REDIRECT] Sep 16, 2025 8:04:32 PM java.util.prefs.FileSystemPreferences syncWorld
2025-09-16 20:04:32,363 [ERROR] LogOutputStream:75 - [STDERR_REDIRECT] WARNING: Couldn't flush system prefs: java.util.prefs.BackingStoreException: Couldn't get file lock.
2025-09-16 20:04:32,364 [ERROR] LogOutputStream:75 - [STDERR_REDIRECT] 
2025-09-16 20:05:02,362 [ERROR] LogOutputStream:75 - [STDERR_REDIRECT] Sep 16, 2025 8:05:02 PM java.util.prefs.FileSystemPreferences checkLockFile0ErrorCode
2025-09-16 20:05:02,362 [ERROR] LogOutputStream:75 - [STDERR_REDIRECT] WARNING: Could not lock System prefs. Unix error code 2.
2025-09-16 20:05:02,362 [ERROR] LogOutputStream:75 - [STDERR_REDIRECT] 
2025-09-16 20:05:02,363 [ERROR] LogOutputStream:75 - [STDERR_REDIRECT] Sep 16, 2025 8:05:02 PM java.util.prefs.FileSystemPreferences syncWorld
2025-09-16 20:05:02,363 [ERROR] LogOutputStream:75 - [STDERR_REDIRECT] WARNING: Couldn't flush system prefs: java.util.prefs.BackingStoreException: Couldn't get file lock.
2025-09-16 20:05:02,363 [ERROR] LogOutputStream:75 - [STDERR_REDIRECT] 
2025-09-16 20:05:32,362 [ERROR] LogOutputStream:75 - [STDERR_REDIRECT] Sep 16, 2025 8:05:32 PM java.util.prefs.FileSystemPreferences checkLockFile0ErrorCode
2025-09-16 20:05:32,363 [ERROR] LogOutputStream:75 - [STDERR_REDIRECT] WARNING: Could not lock System prefs. Unix error code 2.
2025-09-16 20:05:32,363 [ERROR] LogOutputStream:75 - [STDERR_REDIRECT] 
2025-09-16 20:05:32,363 [ERROR] LogOutputStream:75 - [STDERR_REDIRECT] Sep 16, 2025 8:05:32 PM java.util.prefs.FileSystemPreferences syncWorld
2025-09-16 20:05:32,364 [ERROR] LogOutputStream:75 - [STDERR_REDIRECT] WARNING: Couldn't flush system prefs: java.util.prefs.BackingStoreException: Couldn't get file lock.
2025-09-16 20:05:32,364 [ERROR] LogOutputStream:75 - [STDERR_REDIRECT] 
2025-09-16 20:06:02,362 [ERROR] LogOutputStream:75 - [STDERR_REDIRECT] Sep 16, 2025 8:06:02 PM java.util.prefs.FileSystemPreferences checkLockFile0ErrorCode
2025-09-16 20:06:02,363 [ERROR] LogOutputStream:75 - [STDERR_REDIRECT] WARNING: Could not lock System prefs. Unix error code 2.
2025-09-16 20:06:02,363 [ERROR] LogOutputStream:75 - [STDERR_REDIRECT] 
2025-09-16 20:06:02,364 [ERROR] LogOutputStream:75 - [STDERR_REDIRECT] Sep 16, 2025 8:06:02 PM java.util.prefs.FileSystemPreferences syncWorld
2025-09-16 20:06:02,364 [ERROR] LogOutputStream:75 - [STDERR_REDIRECT] WARNING: Couldn't flush system prefs: java.util.prefs.BackingStoreException: Couldn't get file lock.
2025-09-16 20:06:02,364 [ERROR] LogOutputStream:75 - [STDERR_REDIRECT] 
2025-09-16 20:06:32,363 [ERROR] LogOutputStream:75 - [STDERR_REDIRECT] Sep 16, 2025 8:06:32 PM java.util.prefs.FileSystemPreferences checkLockFile0ErrorCode
2025-09-16 20:06:32,364 [ERROR] LogOutputStream:75 - [STDERR_REDIRECT] WARNING: Could not lock System prefs. Unix error code 2.
2025-09-16 20:06:32,364 [ERROR] LogOutputStream:75 - [STDERR_REDIRECT] 
2025-09-16 20:06:32,365 [ERROR] LogOutputStream:75 - [STDERR_REDIRECT] Sep 16, 2025 8:06:32 PM java.util.prefs.FileSystemPreferences syncWorld
2025-09-16 20:06:32,365 [ERROR] LogOutputStream:75 - [STDERR_REDIRECT] WARNING: Couldn't flush system prefs: java.util.prefs.BackingStoreException: Couldn't get file lock.
2025-09-16 20:06:32,366 [ERROR] LogOutputStream:75 - [STDERR_REDIRECT] 
2025-09-16 20:06:32,610 [INFO] McuFinderGlobals:63 - Set McuFinder mode to 2 (CubeIDE integrated)
2025-09-16 20:06:32,617 [INFO] MainUpdater:2872 - connection check result : 10
2025-09-16 20:06:32,617 [INFO] MainUpdater:2872 - connection check result : 10
2025-09-16 20:06:32,660 [INFO] MicroXplorer:468 - Change Database Path : 
2025-09-16 20:06:32,660 [INFO] MicroXplorer:498 - Change Database Version : DB.6.0.150
2025-09-16 20:06:32,675 [WARN] ThirdParty:871 - waiting for thirdparty lock release [close project]
2025-09-16 20:06:32,675 [INFO] ThirdParty:873 - entering critical section [close project]
2025-09-16 20:06:32,678 [INFO] ThirdParty:883 - exiting critical section [close project]
2025-09-16 20:06:32,681 [INFO] PinOutPanel:1589 - setPackage(No Configuration,No Configuration)
2025-09-16 20:06:32,684 [INFO] UtilMem:75 - Begin LoadConfig() Used Memory: 632875992 Bytes (1005584384)
2025-09-16 20:06:32,687 [INFO] MicroXplorer:468 - Change Database Path : 
2025-09-16 20:06:32,687 [INFO] MicroXplorer:498 - Change Database Version : DB.6.0.150
2025-09-16 20:06:32,687 [INFO] OpenFileManager:355 - Change cursor
2025-09-16 20:06:32,726 [INFO] Mcu:2029 - Initializing MCU STM32F446R(C-E)Tx STM32F446RETx STM32F446RET6
2025-09-16 20:06:36,461 [INFO] Context:786 - Trying to add GPIOservice into a context  which must be forbidden
2025-09-16 20:06:37,721 [INFO] ImportTextPane:234 - (OptionalMessage_ERROR) Pin11 (VP_RIF_VS_RIF1) cannot be retrieved for this MCU
2025-09-16 20:06:37,940 [INFO] RtosManager:558 - Registered RTOS mode: class=CMSIS, group=RTOS, mode=CMSIS_V1, owner=FREERTOS
2025-09-16 20:06:37,941 [INFO] RtosManager:558 - Registered RTOS mode: class=CMSIS, group=RTOS2, mode=CMSIS_V2, owner=FREERTOS
2025-09-16 20:06:37,941 [INFO] RtosManager:558 - Registered RTOS mode: class=RTOS, group=Core, mode=CMSIS_V1, owner=FREERTOS
2025-09-16 20:06:37,941 [INFO] RtosManager:558 - Registered RTOS mode: class=RTOS, group=Core, mode=CMSIS_V2, owner=FREERTOS
2025-09-16 20:06:37,942 [WARN] ModelIntegratedComponent:184 - Missing modes for component STMicroelectronics:FreeRTOS:0.0.1:STMicroelectronics:RTOS:FreeRTOS:Core:::10.2.0:
2025-09-16 20:06:37,993 [WARN] ModelIntegratedComponent:63 - No mode defined for component null
2025-09-16 20:06:37,993 [WARN] ModelIntegratedComponent:63 - No mode defined for component null
2025-09-16 20:06:37,993 [WARN] ModelIntegratedComponent:63 - No mode defined for component null
2025-09-16 20:06:37,993 [WARN] ModelIntegratedComponent:63 - No mode defined for component null
2025-09-16 20:06:37,993 [WARN] ModelIntegratedComponent:63 - No mode defined for component null
2025-09-16 20:06:37,993 [WARN] ModelIntegratedComponent:63 - No mode defined for component null
2025-09-16 20:06:37,993 [WARN] ModelIntegratedComponent:63 - No mode defined for component null
2025-09-16 20:06:37,994 [WARN] ModelIntegratedComponent:63 - No mode defined for component null
2025-09-16 20:06:37,994 [WARN] ModelIntegratedComponent:63 - No mode defined for component null
2025-09-16 20:06:37,994 [WARN] ModelIntegratedComponent:63 - No mode defined for component null
2025-09-16 20:06:37,994 [WARN] ModelIntegratedComponent:63 - No mode defined for component null
2025-09-16 20:06:37,994 [WARN] ModelIntegratedComponent:63 - No mode defined for component null
2025-09-16 20:06:37,994 [WARN] ModelIntegratedComponent:63 - No mode defined for component null
2025-09-16 20:06:37,994 [WARN] ModelIntegratedComponent:63 - No mode defined for component null
2025-09-16 20:06:37,994 [WARN] ModelIntegratedComponent:63 - No mode defined for component null
2025-09-16 20:06:37,994 [WARN] ModelIntegratedComponent:63 - No mode defined for component null
2025-09-16 20:06:37,995 [WARN] ModelIntegratedComponent:63 - No mode defined for component null
2025-09-16 20:06:37,995 [WARN] ModelIntegratedComponent:63 - No mode defined for component null
2025-09-16 20:06:37,995 [WARN] ModelIntegratedComponent:63 - No mode defined for component null
2025-09-16 20:06:37,995 [WARN] ModelIntegratedComponent:63 - No mode defined for component null
2025-09-16 20:06:37,995 [WARN] ModelIntegratedComponent:63 - No mode defined for component null
2025-09-16 20:06:37,995 [WARN] ModelIntegratedComponent:63 - No mode defined for component null
2025-09-16 20:06:37,995 [WARN] ModelIntegratedComponent:63 - No mode defined for component null
2025-09-16 20:06:37,996 [WARN] ModelIntegratedComponent:63 - No mode defined for component null
2025-09-16 20:06:37,996 [WARN] ModelIntegratedComponent:63 - No mode defined for component null
2025-09-16 20:06:37,996 [WARN] ModelIntegratedComponent:63 - No mode defined for component null
2025-09-16 20:06:37,996 [WARN] ModelIntegratedComponent:63 - No mode defined for component null
2025-09-16 20:06:37,996 [WARN] ModelIntegratedComponent:63 - No mode defined for component null
2025-09-16 20:06:37,996 [WARN] ModelIntegratedComponent:63 - No mode defined for component null
2025-09-16 20:06:37,996 [WARN] ModelIntegratedComponent:63 - No mode defined for component null
2025-09-16 20:06:37,997 [WARN] ModelIntegratedComponent:63 - No mode defined for component null
2025-09-16 20:06:37,997 [WARN] ModelIntegratedComponent:63 - No mode defined for component null
2025-09-16 20:06:37,997 [WARN] ModelIntegratedComponent:63 - No mode defined for component null
2025-09-16 20:06:37,997 [WARN] ModelIntegratedComponent:63 - No mode defined for component null
2025-09-16 20:06:37,997 [WARN] ModelIntegratedComponent:63 - No mode defined for component null
2025-09-16 20:06:37,997 [WARN] ModelPack:524 - Component already loaded: STMicroelectronics:HAL Drivers:0.0.0:STMicroelectronics:Device:STMicro_Driver:XSPI:HAL::0.0.1:HAL_XSPI
2025-09-16 20:06:38,326 [INFO] ThirdPartyModel:298 - Start build external matchings
2025-09-16 20:06:38,865 [INFO] ThirdPartyModel:316 - End build external matchings
2025-09-16 20:06:38,897 [INFO] ImportTextPane:234 - (OptionalMessage_ERROR) IP (RCC) : Invalid parameter (FamilyName)
2025-09-16 20:06:38,899 [INFO] ImportTextPane:234 - (OptionalMessage_ERROR) IP (RCC) : Parameter (SDIOFreq_Value) has invalid value (84000000)
2025-09-16 20:06:38,900 [INFO] ImportTextPane:234 - (OptionalMessage_ERROR) IP (RCC) : Parameter (USBFreq_Value) has invalid value (84000000)
2025-09-16 20:06:39,507 [INFO] ApiDb:581 - Connected to CubeFinder SQLite database (/home/tomas1908/.stmcufinder/plugins/mcufinder/mcu/cube-finder-db.db)
2025-09-16 20:06:39,609 [INFO] ApiDb:668 - CubeFinder database Data Model version=2.1
2025-09-16 20:06:39,609 [INFO] ApiDb:669 - CubeFinder database Configuration version=3.0.39
2025-09-16 20:06:39,610 [INFO] ApiDb:670 - CubeFinder database generation date=2025-07-24 (1753349077)
2025-09-16 20:06:39,610 [INFO] ApiDb:671 - CubeFinder database FW Pack versions=[FP-ATR-ASTRA1_V2.0.0, FP-SNS-FLIGHT1_V5.1.0, FP-SNS-MOTENV1_V5.0.0, FP-SNS-MOTENVWB1_V1.4.0, FP-SNS-SMARTAG2_V1.2.0, FP-SNS-STBOX1_V2.0.0, STM32Cube_FW_C0_V1.4.0, STM32Cube_FW_F4_V1.28.2, STM32Cube_FW_F7_V1.17.3, STM32Cube_FW_G0_V1.6.2, STM32Cube_FW_G4_V1.6.1, STM32Cube_FW_H5_V1.5.0, STM32Cube_FW_H7RS_V1.2.0, STM32Cube_FW_H7_V1.12.1, STM32Cube_FW_L0_V1.12.2, STM32Cube_FW_L4_V1.18.1, STM32Cube_FW_L5_V1.5.1, STM32Cube_FW_N6_V1.2.0, STM32Cube_FW_U0_V1.3.0, STM32Cube_FW_U3_V1.2.0, STM32Cube_FW_U5_V1.8.0, STM32Cube_FW_WB0_V1.3.0, STM32Cube_FW_WBA_V1.7.0, STM32Cube_FW_WB_V1.23.0, STM32Cube_FW_WL3_V1.2.0, STM32Cube_FW_WL_V1.3.1, X-CUBE-ALGOBUILD_V1.4.0, X-CUBE-ALS_V1.0.2, X-CUBE-AZRTOS-F4_V1.1.0, X-CUBE-AZRTOS-F7_V1.1.0, X-CUBE-AZRTOS-G0_V1.1.0, X-CUBE-AZRTOS-G4_V2.0.0, X-CUBE-AZRTOS-H7RS_V1.1.0, X-CUBE-AZRTOS-H7_V3.4.0, X-CUBE-AZRTOS-L4_V2.0.0, X-CUBE-AZRTOS-L5_V2.0.0, X-CUBE-AZRTOS-WB_V2.0.0, X-CUBE-AZRTOS-WL_V2.0.0, X-CUBE-BLE1_V7.1.0, X-CUBE-BLE2_V3.3.0, X-CUBE-BLEMGR_V4.1.0, X-CUBE-EEPRMA1_V5.2.0, X-CUBE-FREERTOS_V1.3.1, X-CUBE-GNSS1_V6.0.0, X-CUBE-MEMS1_V11.3.0, X-CUBE-NFC4_V3.0.0, X-CUBE-NFC7_V2.0.0, X-CUBE-SFXS2LP1_V4.0.0, X-CUBE-ST67W61_V1.0.0, X-CUBE-SUBG2_V5.0.0, X-CUBE-TOF1_V3.4.3]
2025-09-16 20:06:39,743 [INFO] DbBoardsSqlite:226 - include board P-NUCLEO-WB55-NUCLEO as a kit item of type 'Nucleo-64'
2025-09-16 20:06:39,744 [INFO] DbBoardsSqlite:226 - include board P-NUCLEO-WB55-USBDONGLE as a kit item of type 'Nucleo USB Dongle'
2025-09-16 20:06:39,745 [INFO] DbBoardsSqlite:226 - include board STEVAL-IDP005V1 as a kit item of type 'Evaluation Board'
2025-09-16 20:06:39,746 [INFO] DbBoardsSqlite:226 - include board STEVAL-IDP005V2 as a kit item of type 'Evaluation Board'
2025-09-16 20:06:39,839 [INFO] ApiDb:240 - Found 880 in-development CPN: [B-G473E-ZEST1S, B-WB1M-WPAN1, B-WBA5M-WPAN, B-WL5M-SUBG1, NUCLEO-C031C6, NUCLEO-C051C8, NUCLEO-C071RB, NUCLEO-C092RC, NUCLEO-H503RB, NUCLEO-H533RE, NUCLEO-H563ZI, NUCLEO-H7S3L8, NUCLEO-N657X0-Q, NUCLEO-U031R8, NUCLEO-U083RC, NUCLEO-U385RG-Q, NUCLEO-U545RE-Q, NUCLEO-U5A5ZJ-Q, NUCLEO-WB05KZ, NUCLEO-WB07CC, NUCLEO-WB09KE, NUCLEO-WBA52CG, NUCLEO-WBA55CG, NUCLEO-WL33CC1, NUCLEO-WL33CC2, STEVAL-PROTEUS1, STEVAL-SMARTAG2, STEVAL-STWINBX1, STM320518-EVAL, STM32C0116-DK, STM32C011D6Y3TR, STM32C011D6Y6TR, STM32C011F4P3, STM32C011F4P6, STM32C011F4U3, STM32C011F4U6TR, STM32C011F6P3, STM32C011F6P6, STM32C011F6U3, STM32C011F6U6TR, STM32C011J4M3, STM32C011J4M6, STM32C011J6M3, STM32C011J6M6, STM32C0316-DK, STM32C031C4T3, STM32C031C4T6, STM32C031C4U3, STM32C031C4U6, STM32C031C6T3, STM32C031C6T6, STM32C031C6U3, STM32C031C6U6, STM32C031F4P3, STM32C031F4P6, STM32C031F6P3, STM32C031F6P6, STM32C031G4U3, STM32C031G4U6, STM32C031G6U3, STM32C031G6U6, STM32C031K4T3, STM32C031K4T6, STM32C031K4U3, STM32C031K4U6, STM32C031K6T3, STM32C031K6T6, STM32C031K6U3, STM32C031K6U6, STM32C051C6T6, STM32C051C6U6, STM32C051C8T6, STM32C051C8U6, STM32C051D8Y6TR, STM32C051F6P6, STM32C051F8P6, STM32C051G6U6, STM32C051G8U6, STM32C051K6T6, STM32C051K6U6, STM32C051K8T6, STM32C071C8T6, STM32C071C8T6N, STM32C071C8U6, STM32C071C8U6N, STM32C071CBT6, STM32C071CBT6N, STM32C071CBU6, STM32C071CBU6N, STM32C071F8P6, STM32C071F8P6N, STM32C071FBP6, STM32C071FBP6N, STM32C071FBY6TR, STM32C071G8U6, STM32C071G8U6N, STM32C071GBU6, STM32C071GBU6N, STM32C071K8T6, STM32C071K8T6N, STM32C071K8U6, STM32C071K8U6N, STM32C071KBT6, STM32C071KBT6N, STM32C071KBU6, STM32C071KBU6N, STM32C071R8T6, STM32C071R8T6N, STM32C071RBI6N, STM32C071RBT6, STM32C071RBT6N, STM32C091CBT6, STM32C091CBU6, STM32C091CCT6, STM32C091CCU6, STM32C091ECY6TR, STM32C091FBP6, STM32C091FCP6, STM32C091GBU6, STM32C091GCU6, STM32C091KBT6, STM32C091KBU6, STM32C091KCT6, STM32C091KCU6, STM32C091RBT6, STM32C091RCI6, STM32C091RCT6, STM32C092CBT6, STM32C092CBU6, STM32C092CCT6, STM32C092CCU6, STM32C092ECY6TR, STM32C092FBP6, STM32C092FCP6, STM32C092GBU6, STM32C092GCU6, STM32C092KBT6, STM32C092KBU6, STM32C092KCT6, STM32C092KCU6, STM32C092RBT6, STM32C092RCI6, STM32C092RCT6, STM32G071K8TXN, STM32G071K8UXN, STM32G081GBU6N, STM32G081KBT6N, STM32G081KBUXN, STM32G0B1CCT6N, STM32G0B1KCT6, STM32G0B1NEY6TR, STM32G0B1RCT6N, STM32G0C1CCT6, STM32G0C1CCT6N, STM32G0C1CCU6N, STM32G0C1CET6N, STM32G0C1CEU6N, STM32G0C1KCT6, STM32G0C1NEY6TR, STM32G0C1RCI6N, STM32G0C1RCT6N, STM32G0C1REI6N, STM32G0C1RET6N, STM32G0C1VCI6, STM32G0C1VEI6, STM32G411C6T3, STM32G411C6T6, STM32G411C6U3, STM32G411C6U6, STM32G411C8T3, STM32G411C8T6, STM32G411C8U3, STM32G411C8U6, STM32G411CBT3, STM32G411CBT6, STM32G411CBU3, STM32G411CBU6, STM32G411K6T3, STM32G411K6T6, STM32G411K6U3, STM32G411K6U6, STM32G411K8T3, STM32G411K8T6, STM32G411K8U3, STM32G411K8U6, STM32G411KBT3, STM32G411KBT6, STM32G411KBU3, STM32G411KBU6, STM32G411M6T3, STM32G411M6T6, STM32G411M8T3, STM32G411M8T6, STM32G411MBT3, STM32G411MBT6, STM32G411R6T3, STM32G411R6T6, STM32G411R8T3, STM32G411R8T6, STM32G411RBT3, STM32G411RBT6, STM32G414CBT3, STM32G414CBT6, STM32G414CBU3, STM32G414CBU6, STM32G414CCT3, STM32G414CCT6, STM32G414CCU3, STM32G414CCU6, STM32G414MBT3, STM32G414MBT6, STM32G414MCT3, STM32G414MCT6, STM32G414RBT3, STM32G414RBT6, STM32G414RCT3, STM32G414RCT6, STM32G414VBT3, STM32G414VBT6, STM32G414VCT3, STM32G414VCT6, STM32G431CBT3Z, STM32G431RBT3Z, STM32G471CCT6, STM32G471CCU6, STM32G471CET3, STM32G471CET6, STM32G471CEU3, STM32G471CEU6, STM32G471MCT6, STM32G471MET3, STM32G471MET6, STM32G471MEY6TR, STM32G471QCT6, STM32G471QET3, STM32G471RCT6, STM32G471RET3, STM32G471RET6, STM32G471VCH6, STM32G471VCI6, STM32G471VCT6, STM32G471VEH3, STM32G471VEH6, STM32G471VEI3, STM32G471VEI6, STM32G471VET3, STM32G471VET6, STM32G473QET3Z, STM32G473RET3Z, STM32G474CCT6, STM32G491RET3Z, STM32H503CBT6, STM32H503CBU6, STM32H503EBY6TR, STM32H503KBU6, STM32H503RBT6, STM32H523CCT6, STM32H523CCU6, STM32H523CET6, STM32H523CEU6, STM32H523HEY6TR, STM32H523RCT6, STM32H523RET6, STM32H523VCI6, STM32H523VCT6, STM32H523VEI6, STM32H523VET6, STM32H523ZCJ6, STM32H523ZCT6, STM32H523ZEJ6, STM32H523ZET6, STM32H533CET6, STM32H533CEU6, STM32H533HEY6TR, STM32H533RET6, STM32H533VEI6, STM32H533VET6, STM32H533ZEJ6, STM32H533ZET6, STM32H562AGI6, STM32H562AII6, STM32H562IGK6, STM32H562IGT6, STM32H562IIK6, STM32H562IIT6, STM32H562RGT6, STM32H562RGV6, STM32H562RIT6, STM32H562RIV6, STM32H562VGT6, STM32H562VIT6, STM32H562ZGT6, STM32H562ZIT6, STM32H563AGI6, STM32H563AII3Q, STM32H563AII6, STM32H563IGK6, STM32H563IGT6, STM32H563IIK3Q, STM32H563IIK6, STM32H563IIT3Q, STM32H563IIT6, STM32H563MIY3QTR, STM32H563RGT6, STM32H563RGV6, STM32H563RIT6, STM32H563RIV6, STM32H563VGT6, STM32H563VIT3Q, STM32H563VIT6, STM32H563ZGT6, STM32H563ZIT3Q, STM32H563ZIT6, STM32H573AII3Q, STM32H573AII6, STM32H573I-DK, STM32H573IIK3Q, STM32H573IIK6, STM32H573IIT3Q, STM32H573IIT6, STM32H573MIY3QTR, STM32H573RIT6, STM32H573RIV6, STM32H573VIT3Q, STM32H573VIT6, STM32H573ZIT3Q, STM32H573ZIT6, STM32H7R3A8I6, STM32H7R3I8K6, STM32H7R3I8T6, STM32H7R3L8H6, STM32H7R3L8H6H, STM32H7R3R8V6, STM32H7R3V8H6, STM32H7R3V8T6, STM32H7R3V8Y6TR, STM32H7R3Z8J6, STM32H7R3Z8T6, STM32H7R7A8I6, STM32H7R7I8K6, STM32H7R7I8T6, STM32H7R7L8H6, STM32H7R7L8H6H, STM32H7R7Z8J6, STM32H7S3A8I6, STM32H7S3I8K6, STM32H7S3I8T6, STM32H7S3L8H6, STM32H7S3L8H6H, STM32H7S3R8V6, STM32H7S3V8H6, STM32H7S3V8T6, STM32H7S3V8Y6TR, STM32H7S3Z8J6, STM32H7S3Z8T6, STM32H7S78-DK, STM32H7S7A8I6, STM32H7S7I8K6, STM32H7S7I8T6, STM32H7S7L8H6, STM32H7S7L8H6H, STM32H7S7Z8J6, STM32L4R5QGI6STR, STM32MP131AAE3, STM32MP131AAF3, STM32MP131AAG3, STM32MP131CAE3, STM32MP131CAF3, STM32MP131CAG3, STM32MP131DAE7, STM32MP131DAF7, STM32MP131DAG7, STM32MP131FAE7, STM32MP131FAF7, STM32MP131FAG7, STM32MP133AAE3, STM32MP133AAF3, STM32MP133AAG3, STM32MP133CAE3, STM32MP133CAF3, STM32MP133CAG3, STM32MP133DAE7, STM32MP133DAF7, STM32MP133DAG7, STM32MP133FAE7, STM32MP133FAF7, STM32MP133FAG7, STM32MP135AAE3, STM32MP135AAF3, STM32MP135AAG3, STM32MP135CAE3, STM32MP135CAF3, STM32MP135CAG3, STM32MP135DAE7, STM32MP135DAF7, STM32MP135DAG7, STM32MP135F-DK, STM32MP135FAE7, STM32MP135FAF7, STM32MP135FAF7T, STM32MP135FAF7U, STM32MP135FAG7, STM32MP211AAL3, STM32MP211AAM3, STM32MP211AAN3, STM32MP211AAO3, STM32MP211CAL3, STM32MP211CAM3, STM32MP211CAN3, STM32MP211CAO3, STM32MP211DAL3, STM32MP211DAM3, STM32MP211DAN3, STM32MP211DAO3, STM32MP211FAL3, STM32MP211FAM3, STM32MP211FAN3, STM32MP211FAO3, STM32MP213AAL3, STM32MP213AAM3, STM32MP213AAN3, STM32MP213AAO3, STM32MP213CAL3, STM32MP213CAM3, STM32MP213CAN3, STM32MP213CAO3, STM32MP213DAL3, STM32MP213DAM3, STM32MP213DAN3, STM32MP213DAO3, STM32MP213FAL3, STM32MP213FAM3, STM32MP213FAN3, STM32MP213FAO3, STM32MP215AAL3, STM32MP215AAM3, STM32MP215AAN3, STM32MP215AAO3, STM32MP215CAL3, STM32MP215CAM3, STM32MP215CAN3, STM32MP215CAO3, STM32MP215DAL3, STM32MP215DAM3, STM32MP215DAN3, STM32MP215DAO3, STM32MP215F-DK, STM32MP215FAL3, STM32MP215FAM3, STM32MP215FAN3, STM32MP215FAO3, STM32MP231AAJ3, STM32MP231AAK3, STM32MP231AAL3, STM32MP231CAJ3, STM32MP231CAK3, STM32MP231CAL3, STM32MP231DAJ3, STM32MP231DAK3, STM32MP231DAL3, STM32MP231FAJ3, STM32MP231FAK3, STM32MP231FAL3, STM32MP233AAJ3, STM32MP233AAK3, STM32MP233AAL3, STM32MP233CAJ3, STM32MP233CAK3, STM32MP233CAL3, STM32MP233DAJ3, STM32MP233DAK3, STM32MP233DAL3, STM32MP233FAJ3, STM32MP233FAK3, STM32MP233FAL3, STM32MP235AAJ3, STM32MP235AAK3, STM32MP235AAL3, STM32MP235CAJ3, STM32MP235CAK3, STM32MP235CAL3, STM32MP235DAJ3, STM32MP235DAK3, STM32MP235DAL3, STM32MP235FAJ3, STM32MP235FAK3, STM32MP235FAL3, STM32MP251AAI3, STM32MP251AAK3, STM32MP251AAL3, STM32MP251CAI3, STM32MP251CAK3, STM32MP251CAL3, STM32MP251DAI3, STM32MP251DAK3, STM32MP251DAL3, STM32MP251FAI3, STM32MP251FAK3, STM32MP251FAL3, STM32MP253AAI3, STM32MP253AAK3, STM32MP253AAL3, STM32MP253CAI3, STM32MP253CAK3, STM32MP253CAL3, STM32MP253DAI3, STM32MP253DAK3, STM32MP253DAL3, STM32MP253FAI3, STM32MP253FAK3, STM32MP253FAL3, STM32MP255AAI3, STM32MP255AAK3, STM32MP255AAL3, STM32MP255CAI3, STM32MP255CAK3, STM32MP255CAL3, STM32MP255DAI3, STM32MP255DAK3, STM32MP255DAL3, STM32MP255FAI3, STM32MP255FAK3, STM32MP255FAL3, STM32MP257AAI3, STM32MP257AAK3, STM32MP257AAL3, STM32MP257CAI3, STM32MP257CAK3, STM32MP257CAL3, STM32MP257DAI3, STM32MP257DAK3, STM32MP257DAL3, STM32MP257F-DK, STM32MP257F-EV1, STM32MP257FAI3, STM32MP257FAK3, STM32MP257FAL3, STM32N645A0H3Q, STM32N645B0H3Q, STM32N645I0H3Q, STM32N645L0H3Q, STM32N645X0H3Q, STM32N645Z0H3Q, STM32N647A0H3Q, STM32N647B0H3Q, STM32N647I0H3Q, STM32N647L0H3Q, STM32N647X0H3Q, STM32N647Z0H3Q, STM32N655A0H3Q, STM32N655B0H3Q, STM32N655I0H3Q, STM32N655L0H3Q, STM32N655X0H3Q, STM32N655Z0H3Q, STM32N6570-DK, STM32N657A0H3Q, STM32N657B0H3Q, STM32N657I0H3Q, STM32N657L0H3Q, STM32N657X0H3Q, STM32N657Z0H3Q, STM32U031C6T6, STM32U031C6U6, STM32U031C8T6, STM32U031C8U6, STM32U031F4P6, STM32U031F6P6, STM32U031F8P6, STM32U031G6Y6TR, STM32U031G8Y6TR, STM32U031K4U6, STM32U031K6U6, STM32U031K8U6, STM32U031R6I6, STM32U031R6T6, STM32U031R8I6, STM32U031R8T6, STM32U073C8T6, STM32U073C8U6, STM32U073CBT6, STM32U073CBU6, STM32U073CCT6, STM32U073CCU6, STM32U073H8Y6TR, STM32U073HBY6TR, STM32U073HCY6TR, STM32U073K8U6, STM32U073KBU6, STM32U073KCU6, STM32U073M8I6, STM32U073M8T6, STM32U073MBI6, STM32U073MBT6, STM32U073MCI6, STM32U073MCT6, STM32U073R8I6, STM32U073R8T6, STM32U073RBI6, STM32U073RBT6, STM32U073RCI6, STM32U073RCT6, STM32U083C-DK, STM32U083CCT6, STM32U083CCU6, STM32U083HCY6TR, STM32U083KCU6, STM32U083MCI6, STM32U083MCT6, STM32U083RCI6, STM32U083RCT6, STM32U375CET6, STM32U375CET6Q, STM32U375CEU6, STM32U375CEU6Q, STM32U375CEY6QTR, STM32U375CGT6, STM32U375CGT6Q, STM32U375CGU6, STM32U375CGU6Q, STM32U375CGY6QTR, STM32U375KEU6, STM32U375KGU6, STM32U375REI6, STM32U375REI6Q, STM32U375RET6, STM32U375RET6Q, STM32U375REY6GTR, STM32U375REY6QTR, STM32U375RGI6, STM32U375RGI6Q, STM32U375RGT6, STM32U375RGT6Q, STM32U375RGY6GTR, STM32U375RGY6QTR, STM32U375VEI6, STM32U375VEI6Q, STM32U375VET6, STM32U375VET6Q, STM32U375VGI6, STM32U375VGI6Q, STM32U375VGT6, STM32U375VGT6Q, STM32U385CGT6, STM32U385CGT6Q, STM32U385CGU6, STM32U385CGU6Q, STM32U385CGY6QTR, STM32U385KGU6, STM32U385RGI6, STM32U385RGI6Q, STM32U385RGT6, STM32U385RGT6Q, STM32U385RGY6GTR, STM32U385RGY6QTR, STM32U385VGI6, STM32U385VGI6Q, STM32U385VGT6, STM32U385VGT6Q, STM32U535CBT6, STM32U535CBT6Q, STM32U535CBU6, STM32U535CBU6Q, STM32U535CCT6, STM32U535CCT6Q, STM32U535CCU6, STM32U535CCU6Q, STM32U535CET6, STM32U535CET6Q, STM32U535CEU6, STM32U535CEU6Q, STM32U535JEY6QTR, STM32U535NCY6QTR, STM32U535NEY6QTR, STM32U535RBI6, STM32U535RBI6Q, STM32U535RBT6, STM32U535RBT6Q, STM32U535RCI6, STM32U535RCI6Q, STM32U535RCT6, STM32U535RCT6Q, STM32U535REI6, STM32U535REI6Q, STM32U535RET6, STM32U535RET6Q, STM32U535VCI6, STM32U535VCI6Q, STM32U535VCT6, STM32U535VCT6Q, STM32U535VEI6, STM32U535VEI6Q, STM32U535VET6, STM32U535VET6Q, STM32U545CET6, STM32U545CET6Q, STM32U545CEU6, STM32U545CEU6Q, STM32U545JEY6QTR, STM32U545NEY6QTR, STM32U545REI6, STM32U545REI6Q, STM32U545RET6, STM32U545RET6Q, STM32U545VEI6, STM32U545VEI6Q, STM32U545VET6, STM32U545VET6Q, STM32U595AIH6, STM32U595AIH6Q, STM32U595AJH6, STM32U595AJH6Q, STM32U595QII6, STM32U595QII6Q, STM32U595QJI6, STM32U595QJI6Q, STM32U595RIT6, STM32U595RIT6Q, STM32U595RJT6, STM32U595RJT6Q, STM32U595VIT6, STM32U595VIT6Q, STM32U595VJT6, STM32U595VJT6Q, STM32U595ZIT6, STM32U595ZIT6Q, STM32U595ZIY6QTR, STM32U595ZJT6, STM32U595ZJT6Q, STM32U595ZJY6QTR, STM32U599BJY6QTR, STM32U599NIH6Q, STM32U599NJH6Q, STM32U599VIT6Q, STM32U599VJT6, STM32U599VJT6Q, STM32U599ZIT6Q, STM32U599ZIY6QTR, STM32U599ZJT6Q, STM32U599ZJY6QTR, STM32U5A5AJH6, STM32U5A5AJH6Q, STM32U5A5QII3Q , STM32U5A5QJI6, STM32U5A5QJI6Q, STM32U5A5RJT6, STM32U5A5RJT6Q, STM32U5A5VJT6, STM32U5A5VJT6Q, STM32U5A5ZJT6, STM32U5A5ZJT6Q, STM32U5A5ZJY6QTR, STM32U5A9BJY6QTR, STM32U5A9J-DK, STM32U5A9NJH6Q, STM32U5A9VJT6Q, STM32U5A9ZJT6Q, STM32U5A9ZJY6QTR, STM32U5F7VIT6, STM32U5F7VIT6Q, STM32U5F7VJT6, STM32U5F7VJT6Q, STM32U5F9BJY6QTR, STM32U5F9NJH6Q, STM32U5F9VIT6Q, STM32U5F9VJT6Q, STM32U5F9ZIJ6QTR, STM32U5F9ZIT6Q, STM32U5F9ZJJ6QTR, STM32U5F9ZJT6Q, STM32U5G7VJT6, STM32U5G7VJT6Q, STM32U5G9BJY6QTR, STM32U5G9J-DK1, STM32U5G9J-DK2, STM32U5G9NJH6Q, STM32U5G9VJT6Q, STM32U5G9ZJJ6QTR, STM32U5G9ZJT6Q, STM32WB05KZV6TR, STM32WB05KZV7TR, STM32WB05TZF6TR, STM32WB05TZF7TR, STM32WB06CCF6TR, STM32WB06CCF7TR, STM32WB06CCV6TR, STM32WB06CCV7TR, STM32WB06KCV6TR, STM32WB06KCV7TR, STM32WB07CCF6TR, STM32WB07CCF7TR, STM32WB07CCV6TR, STM32WB07CCV7TR, STM32WB07KCV6TR, STM32WB07KCV7TR, STM32WB09KEV6TR, STM32WB09KEV7TR, STM32WB09TEF6TR, STM32WB09TEF7TR, STM32WB1MMCH6, STM32WBA50KGU6, STM32WBA50KGU6TR, STM32WBA52CEU6, STM32WBA52CEU6TR, STM32WBA52CEU7, STM32WBA52CEU7TR, STM32WBA52CGU6, STM32WBA52CGU6TR, STM32WBA52CGU6U, STM32WBA52CGU7, STM32WBA52CGU7TR, STM32WBA52KEU6, STM32WBA52KEU6TR, STM32WBA52KGU6, STM32WBA52KGU6TR, STM32WBA54CEU6, STM32WBA54CEU6TR, STM32WBA54CEU7, STM32WBA54CEU7TR, STM32WBA54CGU6, STM32WBA54CGU6TR, STM32WBA54CGU7, STM32WBA54CGU7TR, STM32WBA54KEU6, STM32WBA54KEU6TR, STM32WBA54KEU7, STM32WBA54KEU7TR, STM32WBA54KGU6, STM32WBA54KGU6TR, STM32WBA54KGU7, STM32WBA54KGU7TR, STM32WBA55CEU6, STM32WBA55CEU6TR, STM32WBA55CEU7, STM32WBA55CEU7TR, STM32WBA55CGU6, STM32WBA55CGU6TR, STM32WBA55CGU6U, STM32WBA55CGU7, STM32WBA55CGU7TR, STM32WBA55G-DK1, STM32WBA55HEF6, STM32WBA55HEF7, STM32WBA55HGF6, STM32WBA55HGF7, STM32WBA55UEI6, STM32WBA55UEI6TR, STM32WBA55UEI7, STM32WBA55UEI7TR, STM32WBA55UGI6, STM32WBA55UGI6TR, STM32WBA55UGI7, STM32WBA55UGI7TR, STM32WBA5MMGH6TR, STM32WBA62MGF6, STM32WBA62MIF6, STM32WBA65MGF7, STM32WBA65MIF6, STM32WBA65MIF7, STM32WL30K8V6, STM32WL30KBV6, STM32WL31C8V6, STM32WL31CBV6, STM32WL31K8V6, STM32WL31KBV6, STM32WL33C8V6, STM32WL33C8V6X, STM32WL33CBV6, STM32WL33CBV6X, STM32WL33CCV6, STM32WL33CCV6A, STM32WL33CCV6X, STM32WL33K8V7, STM32WL33K8V7X, STM32WL33KBV7 , STM32WL33KBV7X, STM32WL33KCV7, STM32WL33KCV7X, STM32WL5MOCH6, STM32WL5MOCH6TR]
2025-09-16 20:06:40,096 [INFO] BoardInfo:889 - No configuration file found for board P-NUCLEO-WB55
2025-09-16 20:06:40,097 [INFO] DbBoards:161 - Kit is not supported: P-NUCLEO-WB55
2025-09-16 20:06:40,105 [INFO] BoardInfo:889 - No configuration file found for board STEVAL-BFA001V1B
2025-09-16 20:06:40,105 [INFO] DbBoards:161 - Kit is not supported: STEVAL-BFA001V1B
2025-09-16 20:06:40,107 [INFO] BoardInfo:889 - No configuration file found for board STEVAL-BFA001V2B
2025-09-16 20:06:40,108 [INFO] DbBoards:161 - Kit is not supported: STEVAL-BFA001V2B
2025-09-16 20:06:40,363 [INFO] DbBoards:168 - Found 212 boards, 209 are supported
2025-09-16 20:06:40,363 [INFO] DbBoards:169 - Found 212 boards, 43 of them is supported for  Bsp
2025-09-16 20:06:40,369 [INFO] ApiDb:668 - CubeFinder database Data Model version=2.1
2025-09-16 20:06:40,370 [INFO] ApiDb:669 - CubeFinder database Configuration version=3.0.39
2025-09-16 20:06:40,370 [INFO] ApiDb:670 - CubeFinder database generation date=2025-07-24 (1753349077)
2025-09-16 20:06:40,370 [INFO] ApiDb:671 - CubeFinder database FW Pack versions=[FP-ATR-ASTRA1_V2.0.0, FP-SNS-FLIGHT1_V5.1.0, FP-SNS-MOTENV1_V5.0.0, FP-SNS-MOTENVWB1_V1.4.0, FP-SNS-SMARTAG2_V1.2.0, FP-SNS-STBOX1_V2.0.0, STM32Cube_FW_C0_V1.4.0, STM32Cube_FW_F4_V1.28.2, STM32Cube_FW_F7_V1.17.3, STM32Cube_FW_G0_V1.6.2, STM32Cube_FW_G4_V1.6.1, STM32Cube_FW_H5_V1.5.0, STM32Cube_FW_H7RS_V1.2.0, STM32Cube_FW_H7_V1.12.1, STM32Cube_FW_L0_V1.12.2, STM32Cube_FW_L4_V1.18.1, STM32Cube_FW_L5_V1.5.1, STM32Cube_FW_N6_V1.2.0, STM32Cube_FW_U0_V1.3.0, STM32Cube_FW_U3_V1.2.0, STM32Cube_FW_U5_V1.8.0, STM32Cube_FW_WB0_V1.3.0, STM32Cube_FW_WBA_V1.7.0, STM32Cube_FW_WB_V1.23.0, STM32Cube_FW_WL3_V1.2.0, STM32Cube_FW_WL_V1.3.1, X-CUBE-ALGOBUILD_V1.4.0, X-CUBE-ALS_V1.0.2, X-CUBE-AZRTOS-F4_V1.1.0, X-CUBE-AZRTOS-F7_V1.1.0, X-CUBE-AZRTOS-G0_V1.1.0, X-CUBE-AZRTOS-G4_V2.0.0, X-CUBE-AZRTOS-H7RS_V1.1.0, X-CUBE-AZRTOS-H7_V3.4.0, X-CUBE-AZRTOS-L4_V2.0.0, X-CUBE-AZRTOS-L5_V2.0.0, X-CUBE-AZRTOS-WB_V2.0.0, X-CUBE-AZRTOS-WL_V2.0.0, X-CUBE-BLE1_V7.1.0, X-CUBE-BLE2_V3.3.0, X-CUBE-BLEMGR_V4.1.0, X-CUBE-EEPRMA1_V5.2.0, X-CUBE-FREERTOS_V1.3.1, X-CUBE-GNSS1_V6.0.0, X-CUBE-MEMS1_V11.3.0, X-CUBE-NFC4_V3.0.0, X-CUBE-NFC7_V2.0.0, X-CUBE-SFXS2LP1_V4.0.0, X-CUBE-ST67W61_V1.0.0, X-CUBE-SUBG2_V5.0.0, X-CUBE-TOF1_V3.4.3]
2025-09-16 20:06:47,389 [INFO] ApiDb:240 - Found 880 in-development CPN: [B-G473E-ZEST1S, B-WB1M-WPAN1, B-WBA5M-WPAN, B-WL5M-SUBG1, NUCLEO-C031C6, NUCLEO-C051C8, NUCLEO-C071RB, NUCLEO-C092RC, NUCLEO-H503RB, NUCLEO-H533RE, NUCLEO-H563ZI, NUCLEO-H7S3L8, NUCLEO-N657X0-Q, NUCLEO-U031R8, NUCLEO-U083RC, NUCLEO-U385RG-Q, NUCLEO-U545RE-Q, NUCLEO-U5A5ZJ-Q, NUCLEO-WB05KZ, NUCLEO-WB07CC, NUCLEO-WB09KE, NUCLEO-WBA52CG, NUCLEO-WBA55CG, NUCLEO-WL33CC1, NUCLEO-WL33CC2, STEVAL-PROTEUS1, STEVAL-SMARTAG2, STEVAL-STWINBX1, STM320518-EVAL, STM32C0116-DK, STM32C011D6Y3TR, STM32C011D6Y6TR, STM32C011F4P3, STM32C011F4P6, STM32C011F4U3, STM32C011F4U6TR, STM32C011F6P3, STM32C011F6P6, STM32C011F6U3, STM32C011F6U6TR, STM32C011J4M3, STM32C011J4M6, STM32C011J6M3, STM32C011J6M6, STM32C0316-DK, STM32C031C4T3, STM32C031C4T6, STM32C031C4U3, STM32C031C4U6, STM32C031C6T3, STM32C031C6T6, STM32C031C6U3, STM32C031C6U6, STM32C031F4P3, STM32C031F4P6, STM32C031F6P3, STM32C031F6P6, STM32C031G4U3, STM32C031G4U6, STM32C031G6U3, STM32C031G6U6, STM32C031K4T3, STM32C031K4T6, STM32C031K4U3, STM32C031K4U6, STM32C031K6T3, STM32C031K6T6, STM32C031K6U3, STM32C031K6U6, STM32C051C6T6, STM32C051C6U6, STM32C051C8T6, STM32C051C8U6, STM32C051D8Y6TR, STM32C051F6P6, STM32C051F8P6, STM32C051G6U6, STM32C051G8U6, STM32C051K6T6, STM32C051K6U6, STM32C051K8T6, STM32C071C8T6, STM32C071C8T6N, STM32C071C8U6, STM32C071C8U6N, STM32C071CBT6, STM32C071CBT6N, STM32C071CBU6, STM32C071CBU6N, STM32C071F8P6, STM32C071F8P6N, STM32C071FBP6, STM32C071FBP6N, STM32C071FBY6TR, STM32C071G8U6, STM32C071G8U6N, STM32C071GBU6, STM32C071GBU6N, STM32C071K8T6, STM32C071K8T6N, STM32C071K8U6, STM32C071K8U6N, STM32C071KBT6, STM32C071KBT6N, STM32C071KBU6, STM32C071KBU6N, STM32C071R8T6, STM32C071R8T6N, STM32C071RBI6N, STM32C071RBT6, STM32C071RBT6N, STM32C091CBT6, STM32C091CBU6, STM32C091CCT6, STM32C091CCU6, STM32C091ECY6TR, STM32C091FBP6, STM32C091FCP6, STM32C091GBU6, STM32C091GCU6, STM32C091KBT6, STM32C091KBU6, STM32C091KCT6, STM32C091KCU6, STM32C091RBT6, STM32C091RCI6, STM32C091RCT6, STM32C092CBT6, STM32C092CBU6, STM32C092CCT6, STM32C092CCU6, STM32C092ECY6TR, STM32C092FBP6, STM32C092FCP6, STM32C092GBU6, STM32C092GCU6, STM32C092KBT6, STM32C092KBU6, STM32C092KCT6, STM32C092KCU6, STM32C092RBT6, STM32C092RCI6, STM32C092RCT6, STM32G071K8TXN, STM32G071K8UXN, STM32G081GBU6N, STM32G081KBT6N, STM32G081KBUXN, STM32G0B1CCT6N, STM32G0B1KCT6, STM32G0B1NEY6TR, STM32G0B1RCT6N, STM32G0C1CCT6, STM32G0C1CCT6N, STM32G0C1CCU6N, STM32G0C1CET6N, STM32G0C1CEU6N, STM32G0C1KCT6, STM32G0C1NEY6TR, STM32G0C1RCI6N, STM32G0C1RCT6N, STM32G0C1REI6N, STM32G0C1RET6N, STM32G0C1VCI6, STM32G0C1VEI6, STM32G411C6T3, STM32G411C6T6, STM32G411C6U3, STM32G411C6U6, STM32G411C8T3, STM32G411C8T6, STM32G411C8U3, STM32G411C8U6, STM32G411CBT3, STM32G411CBT6, STM32G411CBU3, STM32G411CBU6, STM32G411K6T3, STM32G411K6T6, STM32G411K6U3, STM32G411K6U6, STM32G411K8T3, STM32G411K8T6, STM32G411K8U3, STM32G411K8U6, STM32G411KBT3, STM32G411KBT6, STM32G411KBU3, STM32G411KBU6, STM32G411M6T3, STM32G411M6T6, STM32G411M8T3, STM32G411M8T6, STM32G411MBT3, STM32G411MBT6, STM32G411R6T3, STM32G411R6T6, STM32G411R8T3, STM32G411R8T6, STM32G411RBT3, STM32G411RBT6, STM32G414CBT3, STM32G414CBT6, STM32G414CBU3, STM32G414CBU6, STM32G414CCT3, STM32G414CCT6, STM32G414CCU3, STM32G414CCU6, STM32G414MBT3, STM32G414MBT6, STM32G414MCT3, STM32G414MCT6, STM32G414RBT3, STM32G414RBT6, STM32G414RCT3, STM32G414RCT6, STM32G414VBT3, STM32G414VBT6, STM32G414VCT3, STM32G414VCT6, STM32G431CBT3Z, STM32G431RBT3Z, STM32G471CCT6, STM32G471CCU6, STM32G471CET3, STM32G471CET6, STM32G471CEU3, STM32G471CEU6, STM32G471MCT6, STM32G471MET3, STM32G471MET6, STM32G471MEY6TR, STM32G471QCT6, STM32G471QET3, STM32G471RCT6, STM32G471RET3, STM32G471RET6, STM32G471VCH6, STM32G471VCI6, STM32G471VCT6, STM32G471VEH3, STM32G471VEH6, STM32G471VEI3, STM32G471VEI6, STM32G471VET3, STM32G471VET6, STM32G473QET3Z, STM32G473RET3Z, STM32G474CCT6, STM32G491RET3Z, STM32H503CBT6, STM32H503CBU6, STM32H503EBY6TR, STM32H503KBU6, STM32H503RBT6, STM32H523CCT6, STM32H523CCU6, STM32H523CET6, STM32H523CEU6, STM32H523HEY6TR, STM32H523RCT6, STM32H523RET6, STM32H523VCI6, STM32H523VCT6, STM32H523VEI6, STM32H523VET6, STM32H523ZCJ6, STM32H523ZCT6, STM32H523ZEJ6, STM32H523ZET6, STM32H533CET6, STM32H533CEU6, STM32H533HEY6TR, STM32H533RET6, STM32H533VEI6, STM32H533VET6, STM32H533ZEJ6, STM32H533ZET6, STM32H562AGI6, STM32H562AII6, STM32H562IGK6, STM32H562IGT6, STM32H562IIK6, STM32H562IIT6, STM32H562RGT6, STM32H562RGV6, STM32H562RIT6, STM32H562RIV6, STM32H562VGT6, STM32H562VIT6, STM32H562ZGT6, STM32H562ZIT6, STM32H563AGI6, STM32H563AII3Q, STM32H563AII6, STM32H563IGK6, STM32H563IGT6, STM32H563IIK3Q, STM32H563IIK6, STM32H563IIT3Q, STM32H563IIT6, STM32H563MIY3QTR, STM32H563RGT6, STM32H563RGV6, STM32H563RIT6, STM32H563RIV6, STM32H563VGT6, STM32H563VIT3Q, STM32H563VIT6, STM32H563ZGT6, STM32H563ZIT3Q, STM32H563ZIT6, STM32H573AII3Q, STM32H573AII6, STM32H573I-DK, STM32H573IIK3Q, STM32H573IIK6, STM32H573IIT3Q, STM32H573IIT6, STM32H573MIY3QTR, STM32H573RIT6, STM32H573RIV6, STM32H573VIT3Q, STM32H573VIT6, STM32H573ZIT3Q, STM32H573ZIT6, STM32H7R3A8I6, STM32H7R3I8K6, STM32H7R3I8T6, STM32H7R3L8H6, STM32H7R3L8H6H, STM32H7R3R8V6, STM32H7R3V8H6, STM32H7R3V8T6, STM32H7R3V8Y6TR, STM32H7R3Z8J6, STM32H7R3Z8T6, STM32H7R7A8I6, STM32H7R7I8K6, STM32H7R7I8T6, STM32H7R7L8H6, STM32H7R7L8H6H, STM32H7R7Z8J6, STM32H7S3A8I6, STM32H7S3I8K6, STM32H7S3I8T6, STM32H7S3L8H6, STM32H7S3L8H6H, STM32H7S3R8V6, STM32H7S3V8H6, STM32H7S3V8T6, STM32H7S3V8Y6TR, STM32H7S3Z8J6, STM32H7S3Z8T6, STM32H7S78-DK, STM32H7S7A8I6, STM32H7S7I8K6, STM32H7S7I8T6, STM32H7S7L8H6, STM32H7S7L8H6H, STM32H7S7Z8J6, STM32L4R5QGI6STR, STM32MP131AAE3, STM32MP131AAF3, STM32MP131AAG3, STM32MP131CAE3, STM32MP131CAF3, STM32MP131CAG3, STM32MP131DAE7, STM32MP131DAF7, STM32MP131DAG7, STM32MP131FAE7, STM32MP131FAF7, STM32MP131FAG7, STM32MP133AAE3, STM32MP133AAF3, STM32MP133AAG3, STM32MP133CAE3, STM32MP133CAF3, STM32MP133CAG3, STM32MP133DAE7, STM32MP133DAF7, STM32MP133DAG7, STM32MP133FAE7, STM32MP133FAF7, STM32MP133FAG7, STM32MP135AAE3, STM32MP135AAF3, STM32MP135AAG3, STM32MP135CAE3, STM32MP135CAF3, STM32MP135CAG3, STM32MP135DAE7, STM32MP135DAF7, STM32MP135DAG7, STM32MP135F-DK, STM32MP135FAE7, STM32MP135FAF7, STM32MP135FAF7T, STM32MP135FAF7U, STM32MP135FAG7, STM32MP211AAL3, STM32MP211AAM3, STM32MP211AAN3, STM32MP211AAO3, STM32MP211CAL3, STM32MP211CAM3, STM32MP211CAN3, STM32MP211CAO3, STM32MP211DAL3, STM32MP211DAM3, STM32MP211DAN3, STM32MP211DAO3, STM32MP211FAL3, STM32MP211FAM3, STM32MP211FAN3, STM32MP211FAO3, STM32MP213AAL3, STM32MP213AAM3, STM32MP213AAN3, STM32MP213AAO3, STM32MP213CAL3, STM32MP213CAM3, STM32MP213CAN3, STM32MP213CAO3, STM32MP213DAL3, STM32MP213DAM3, STM32MP213DAN3, STM32MP213DAO3, STM32MP213FAL3, STM32MP213FAM3, STM32MP213FAN3, STM32MP213FAO3, STM32MP215AAL3, STM32MP215AAM3, STM32MP215AAN3, STM32MP215AAO3, STM32MP215CAL3, STM32MP215CAM3, STM32MP215CAN3, STM32MP215CAO3, STM32MP215DAL3, STM32MP215DAM3, STM32MP215DAN3, STM32MP215DAO3, STM32MP215F-DK, STM32MP215FAL3, STM32MP215FAM3, STM32MP215FAN3, STM32MP215FAO3, STM32MP231AAJ3, STM32MP231AAK3, STM32MP231AAL3, STM32MP231CAJ3, STM32MP231CAK3, STM32MP231CAL3, STM32MP231DAJ3, STM32MP231DAK3, STM32MP231DAL3, STM32MP231FAJ3, STM32MP231FAK3, STM32MP231FAL3, STM32MP233AAJ3, STM32MP233AAK3, STM32MP233AAL3, STM32MP233CAJ3, STM32MP233CAK3, STM32MP233CAL3, STM32MP233DAJ3, STM32MP233DAK3, STM32MP233DAL3, STM32MP233FAJ3, STM32MP233FAK3, STM32MP233FAL3, STM32MP235AAJ3, STM32MP235AAK3, STM32MP235AAL3, STM32MP235CAJ3, STM32MP235CAK3, STM32MP235CAL3, STM32MP235DAJ3, STM32MP235DAK3, STM32MP235DAL3, STM32MP235FAJ3, STM32MP235FAK3, STM32MP235FAL3, STM32MP251AAI3, STM32MP251AAK3, STM32MP251AAL3, STM32MP251CAI3, STM32MP251CAK3, STM32MP251CAL3, STM32MP251DAI3, STM32MP251DAK3, STM32MP251DAL3, STM32MP251FAI3, STM32MP251FAK3, STM32MP251FAL3, STM32MP253AAI3, STM32MP253AAK3, STM32MP253AAL3, STM32MP253CAI3, STM32MP253CAK3, STM32MP253CAL3, STM32MP253DAI3, STM32MP253DAK3, STM32MP253DAL3, STM32MP253FAI3, STM32MP253FAK3, STM32MP253FAL3, STM32MP255AAI3, STM32MP255AAK3, STM32MP255AAL3, STM32MP255CAI3, STM32MP255CAK3, STM32MP255CAL3, STM32MP255DAI3, STM32MP255DAK3, STM32MP255DAL3, STM32MP255FAI3, STM32MP255FAK3, STM32MP255FAL3, STM32MP257AAI3, STM32MP257AAK3, STM32MP257AAL3, STM32MP257CAI3, STM32MP257CAK3, STM32MP257CAL3, STM32MP257DAI3, STM32MP257DAK3, STM32MP257DAL3, STM32MP257F-DK, STM32MP257F-EV1, STM32MP257FAI3, STM32MP257FAK3, STM32MP257FAL3, STM32N645A0H3Q, STM32N645B0H3Q, STM32N645I0H3Q, STM32N645L0H3Q, STM32N645X0H3Q, STM32N645Z0H3Q, STM32N647A0H3Q, STM32N647B0H3Q, STM32N647I0H3Q, STM32N647L0H3Q, STM32N647X0H3Q, STM32N647Z0H3Q, STM32N655A0H3Q, STM32N655B0H3Q, STM32N655I0H3Q, STM32N655L0H3Q, STM32N655X0H3Q, STM32N655Z0H3Q, STM32N6570-DK, STM32N657A0H3Q, STM32N657B0H3Q, STM32N657I0H3Q, STM32N657L0H3Q, STM32N657X0H3Q, STM32N657Z0H3Q, STM32U031C6T6, STM32U031C6U6, STM32U031C8T6, STM32U031C8U6, STM32U031F4P6, STM32U031F6P6, STM32U031F8P6, STM32U031G6Y6TR, STM32U031G8Y6TR, STM32U031K4U6, STM32U031K6U6, STM32U031K8U6, STM32U031R6I6, STM32U031R6T6, STM32U031R8I6, STM32U031R8T6, STM32U073C8T6, STM32U073C8U6, STM32U073CBT6, STM32U073CBU6, STM32U073CCT6, STM32U073CCU6, STM32U073H8Y6TR, STM32U073HBY6TR, STM32U073HCY6TR, STM32U073K8U6, STM32U073KBU6, STM32U073KCU6, STM32U073M8I6, STM32U073M8T6, STM32U073MBI6, STM32U073MBT6, STM32U073MCI6, STM32U073MCT6, STM32U073R8I6, STM32U073R8T6, STM32U073RBI6, STM32U073RBT6, STM32U073RCI6, STM32U073RCT6, STM32U083C-DK, STM32U083CCT6, STM32U083CCU6, STM32U083HCY6TR, STM32U083KCU6, STM32U083MCI6, STM32U083MCT6, STM32U083RCI6, STM32U083RCT6, STM32U375CET6, STM32U375CET6Q, STM32U375CEU6, STM32U375CEU6Q, STM32U375CEY6QTR, STM32U375CGT6, STM32U375CGT6Q, STM32U375CGU6, STM32U375CGU6Q, STM32U375CGY6QTR, STM32U375KEU6, STM32U375KGU6, STM32U375REI6, STM32U375REI6Q, STM32U375RET6, STM32U375RET6Q, STM32U375REY6GTR, STM32U375REY6QTR, STM32U375RGI6, STM32U375RGI6Q, STM32U375RGT6, STM32U375RGT6Q, STM32U375RGY6GTR, STM32U375RGY6QTR, STM32U375VEI6, STM32U375VEI6Q, STM32U375VET6, STM32U375VET6Q, STM32U375VGI6, STM32U375VGI6Q, STM32U375VGT6, STM32U375VGT6Q, STM32U385CGT6, STM32U385CGT6Q, STM32U385CGU6, STM32U385CGU6Q, STM32U385CGY6QTR, STM32U385KGU6, STM32U385RGI6, STM32U385RGI6Q, STM32U385RGT6, STM32U385RGT6Q, STM32U385RGY6GTR, STM32U385RGY6QTR, STM32U385VGI6, STM32U385VGI6Q, STM32U385VGT6, STM32U385VGT6Q, STM32U535CBT6, STM32U535CBT6Q, STM32U535CBU6, STM32U535CBU6Q, STM32U535CCT6, STM32U535CCT6Q, STM32U535CCU6, STM32U535CCU6Q, STM32U535CET6, STM32U535CET6Q, STM32U535CEU6, STM32U535CEU6Q, STM32U535JEY6QTR, STM32U535NCY6QTR, STM32U535NEY6QTR, STM32U535RBI6, STM32U535RBI6Q, STM32U535RBT6, STM32U535RBT6Q, STM32U535RCI6, STM32U535RCI6Q, STM32U535RCT6, STM32U535RCT6Q, STM32U535REI6, STM32U535REI6Q, STM32U535RET6, STM32U535RET6Q, STM32U535VCI6, STM32U535VCI6Q, STM32U535VCT6, STM32U535VCT6Q, STM32U535VEI6, STM32U535VEI6Q, STM32U535VET6, STM32U535VET6Q, STM32U545CET6, STM32U545CET6Q, STM32U545CEU6, STM32U545CEU6Q, STM32U545JEY6QTR, STM32U545NEY6QTR, STM32U545REI6, STM32U545REI6Q, STM32U545RET6, STM32U545RET6Q, STM32U545VEI6, STM32U545VEI6Q, STM32U545VET6, STM32U545VET6Q, STM32U595AIH6, STM32U595AIH6Q, STM32U595AJH6, STM32U595AJH6Q, STM32U595QII6, STM32U595QII6Q, STM32U595QJI6, STM32U595QJI6Q, STM32U595RIT6, STM32U595RIT6Q, STM32U595RJT6, STM32U595RJT6Q, STM32U595VIT6, STM32U595VIT6Q, STM32U595VJT6, STM32U595VJT6Q, STM32U595ZIT6, STM32U595ZIT6Q, STM32U595ZIY6QTR, STM32U595ZJT6, STM32U595ZJT6Q, STM32U595ZJY6QTR, STM32U599BJY6QTR, STM32U599NIH6Q, STM32U599NJH6Q, STM32U599VIT6Q, STM32U599VJT6, STM32U599VJT6Q, STM32U599ZIT6Q, STM32U599ZIY6QTR, STM32U599ZJT6Q, STM32U599ZJY6QTR, STM32U5A5AJH6, STM32U5A5AJH6Q, STM32U5A5QII3Q , STM32U5A5QJI6, STM32U5A5QJI6Q, STM32U5A5RJT6, STM32U5A5RJT6Q, STM32U5A5VJT6, STM32U5A5VJT6Q, STM32U5A5ZJT6, STM32U5A5ZJT6Q, STM32U5A5ZJY6QTR, STM32U5A9BJY6QTR, STM32U5A9J-DK, STM32U5A9NJH6Q, STM32U5A9VJT6Q, STM32U5A9ZJT6Q, STM32U5A9ZJY6QTR, STM32U5F7VIT6, STM32U5F7VIT6Q, STM32U5F7VJT6, STM32U5F7VJT6Q, STM32U5F9BJY6QTR, STM32U5F9NJH6Q, STM32U5F9VIT6Q, STM32U5F9VJT6Q, STM32U5F9ZIJ6QTR, STM32U5F9ZIT6Q, STM32U5F9ZJJ6QTR, STM32U5F9ZJT6Q, STM32U5G7VJT6, STM32U5G7VJT6Q, STM32U5G9BJY6QTR, STM32U5G9J-DK1, STM32U5G9J-DK2, STM32U5G9NJH6Q, STM32U5G9VJT6Q, STM32U5G9ZJJ6QTR, STM32U5G9ZJT6Q, STM32WB05KZV6TR, STM32WB05KZV7TR, STM32WB05TZF6TR, STM32WB05TZF7TR, STM32WB06CCF6TR, STM32WB06CCF7TR, STM32WB06CCV6TR, STM32WB06CCV7TR, STM32WB06KCV6TR, STM32WB06KCV7TR, STM32WB07CCF6TR, STM32WB07CCF7TR, STM32WB07CCV6TR, STM32WB07CCV7TR, STM32WB07KCV6TR, STM32WB07KCV7TR, STM32WB09KEV6TR, STM32WB09KEV7TR, STM32WB09TEF6TR, STM32WB09TEF7TR, STM32WB1MMCH6, STM32WBA50KGU6, STM32WBA50KGU6TR, STM32WBA52CEU6, STM32WBA52CEU6TR, STM32WBA52CEU7, STM32WBA52CEU7TR, STM32WBA52CGU6, STM32WBA52CGU6TR, STM32WBA52CGU6U, STM32WBA52CGU7, STM32WBA52CGU7TR, STM32WBA52KEU6, STM32WBA52KEU6TR, STM32WBA52KGU6, STM32WBA52KGU6TR, STM32WBA54CEU6, STM32WBA54CEU6TR, STM32WBA54CEU7, STM32WBA54CEU7TR, STM32WBA54CGU6, STM32WBA54CGU6TR, STM32WBA54CGU7, STM32WBA54CGU7TR, STM32WBA54KEU6, STM32WBA54KEU6TR, STM32WBA54KEU7, STM32WBA54KEU7TR, STM32WBA54KGU6, STM32WBA54KGU6TR, STM32WBA54KGU7, STM32WBA54KGU7TR, STM32WBA55CEU6, STM32WBA55CEU6TR, STM32WBA55CEU7, STM32WBA55CEU7TR, STM32WBA55CGU6, STM32WBA55CGU6TR, STM32WBA55CGU6U, STM32WBA55CGU7, STM32WBA55CGU7TR, STM32WBA55G-DK1, STM32WBA55HEF6, STM32WBA55HEF7, STM32WBA55HGF6, STM32WBA55HGF7, STM32WBA55UEI6, STM32WBA55UEI6TR, STM32WBA55UEI7, STM32WBA55UEI7TR, STM32WBA55UGI6, STM32WBA55UGI6TR, STM32WBA55UGI7, STM32WBA55UGI7TR, STM32WBA5MMGH6TR, STM32WBA62MGF6, STM32WBA62MIF6, STM32WBA65MGF7, STM32WBA65MIF6, STM32WBA65MIF7, STM32WL30K8V6, STM32WL30KBV6, STM32WL31C8V6, STM32WL31CBV6, STM32WL31K8V6, STM32WL31KBV6, STM32WL33C8V6, STM32WL33C8V6X, STM32WL33CBV6, STM32WL33CBV6X, STM32WL33CCV6, STM32WL33CCV6A, STM32WL33CCV6X, STM32WL33K8V7, STM32WL33K8V7X, STM32WL33KBV7 , STM32WL33KBV7X, STM32WL33KCV7, STM32WL33KCV7X, STM32WL5MOCH6, STM32WL5MOCH6TR]
2025-09-16 20:06:47,404 [INFO] DbMcus:218 - Found 4801 MCUs, 4801 are supported
2025-09-16 20:06:47,405 [INFO] ApiDb:423 - Load user favorites file /home/tomas1908/.stm32cubeide/favorites.mcus.txt: 2 item(s)
2025-09-16 20:06:47,405 [INFO] ApiDb:427 - User favorites MCUs=[STM32F103C8T6, STM32F446RET6]
2025-09-16 20:06:47,406 [INFO] DbMcus:224 - Set 2 / 2 favorites MCUs
2025-09-16 20:06:48,900 [INFO] ApiDb:414 - User favorites file not found: /home/tomas1908/.stm32cubeide/favorites.boards.txt
2025-09-16 20:06:48,901 [INFO] DbBoards:198 - Set 0 / 0 favorites Boards
2025-09-16 20:06:48,965 [INFO] UtilMem:75 - End LoadConfig() Used Memory: 783424800 Bytes (1073741824)
2025-09-16 20:06:49,303 [WARN] ThirdParty:833 - waiting for thirdparty lock release [change project]
2025-09-16 20:06:49,304 [INFO] ThirdParty:835 - entering critical section [change project]
2025-09-16 20:06:49,304 [INFO] ThirdParty:1030 - CMSIS Pack Vendor :STMicroelectronics X-CUBE-PM33A1 1.0.0
2025-09-16 20:06:49,304 [INFO] ThirdParty:1030 - CMSIS Pack Vendor :STMicroelectronics USBPD 4.1
2025-09-16 20:06:49,304 [INFO] ThirdParty:1030 - CMSIS Pack Vendor :STMicroelectronics X-CUBE-NFC9 1.0.0
2025-09-16 20:06:49,304 [INFO] ThirdParty:1030 - CMSIS Pack Vendor :STMicroelectronics USB_HOST 2.0.0
2025-09-16 20:06:49,305 [INFO] ThirdParty:1030 - CMSIS Pack Vendor :STMicroelectronics FP-SNS-MOTENVWB1 1.4.0
2025-09-16 20:06:49,305 [INFO] ThirdParty:1030 - CMSIS Pack Vendor :STMicroelectronics X-CUBE-AZRTOS-F4 1.1.0
2025-09-16 20:06:49,305 [INFO] ThirdParty:1030 - CMSIS Pack Vendor :STMicroelectronics LIBJPEG 8.0.0
2025-09-16 20:06:49,305 [INFO] ThirdParty:1030 - CMSIS Pack Vendor :STMicroelectronics FP-ATR-ASTRA1 2.0.2
2025-09-16 20:06:49,305 [INFO] ThirdParty:1030 - CMSIS Pack Vendor :STMicroelectronics X-CUBE-BLE1 7.1.0
2025-09-16 20:06:49,305 [INFO] ThirdParty:1030 - CMSIS Pack Vendor :Avnet-IotConnect X-CUBE-IoTC-DA16k-PMOD 1.0.0
2025-09-16 20:06:49,305 [INFO] ThirdParty:1030 - CMSIS Pack Vendor :STMicroelectronics X-CUBE-SMBUS 2.1.0
2025-09-16 20:06:49,305 [INFO] ThirdParty:1030 - CMSIS Pack Vendor :STMicroelectronics USB_DEVICE 3.0.0
2025-09-16 20:06:49,305 [INFO] ThirdParty:1030 - CMSIS Pack Vendor :STMicroelectronics X-CUBE-ISPU 2.1.0
2025-09-16 20:06:49,306 [INFO] ThirdParty:1030 - CMSIS Pack Vendor :STMicroelectronics X-CUBE-AZRTOS-WB 2.0.0
2025-09-16 20:06:49,306 [INFO] ThirdParty:1030 - CMSIS Pack Vendor :STMicroelectronics X-CUBE-ST60 1.0.0
2025-09-16 20:06:49,306 [INFO] ThirdParty:1030 - CMSIS Pack Vendor :STMicroelectronics X-CUBE-GNSS1 7.0.1
2025-09-16 20:06:49,306 [INFO] ThirdParty:1030 - CMSIS Pack Vendor :STMicroelectronics X-CUBE-AZRTOS-F7 1.1.0
2025-09-16 20:06:49,306 [INFO] ThirdParty:1030 - CMSIS Pack Vendor :STMicroelectronics X-CUBE-AZRTOS-L5 2.0.0
2025-09-16 20:06:49,306 [INFO] ThirdParty:1030 - CMSIS Pack Vendor :STMicroelectronics X-CUBE-TOUCHGFX 4.25.0
2025-09-16 20:06:49,306 [INFO] ThirdParty:1030 - CMSIS Pack Vendor :STMicroelectronics USB_DEVICE 2.0.0
2025-09-16 20:06:49,307 [INFO] ThirdParty:1030 - CMSIS Pack Vendor :STMicroelectronics X-CUBE-NFC6 3.1.0
2025-09-16 20:06:49,307 [INFO] ThirdParty:1030 - CMSIS Pack Vendor :Cesanta I-CUBE-Mongoose 7.19.0
2025-09-16 20:06:49,307 [INFO] ThirdParty:1030 - CMSIS Pack Vendor :quantropi X-CUBE-qispace-sdk-base 2.1.0
2025-09-16 20:06:49,307 [INFO] ThirdParty:1030 - CMSIS Pack Vendor :STMicroelectronics FreeRTOS 0.0.1
2025-09-16 20:06:49,307 [INFO] ThirdParty:1030 - CMSIS Pack Vendor :STMicroelectronics X-CUBE-AZRTOS-G0 1.1.0
2025-09-16 20:06:49,307 [INFO] ThirdParty:1030 - CMSIS Pack Vendor :STMicroelectronics X-CUBE-SAFEA1 1.2.2
2025-09-16 20:06:49,307 [INFO] ThirdParty:1030 - CMSIS Pack Vendor :STMicroelectronics X-CUBE-NFC4 3.0.0
2025-09-16 20:06:49,307 [INFO] ThirdParty:1030 - CMSIS Pack Vendor :STMicroelectronics X-CUBE-SUBG2 5.0.0
2025-09-16 20:06:49,307 [INFO] ThirdParty:1030 - CMSIS Pack Vendor :STMicroelectronics X-CUBE-AZRTOS-H7RS 1.1.0
2025-09-16 20:06:49,307 [INFO] ThirdParty:1030 - CMSIS Pack Vendor :STMicroelectronics STM32_WPAN 1.0.0
2025-09-16 20:06:49,307 [INFO] ThirdParty:1030 - CMSIS Pack Vendor :EmbeddedOffice I-CUBE-FS-RTOS 1.0.1
2025-09-16 20:06:49,307 [INFO] ThirdParty:1030 - CMSIS Pack Vendor :STMicroelectronics lwIP 2.0.3
2025-09-16 20:06:49,308 [INFO] ThirdParty:1030 - CMSIS Pack Vendor :WES I-CUBE-Cesium 1.4.0
2025-09-16 20:06:49,308 [INFO] ThirdParty:1030 - CMSIS Pack Vendor :STMicroelectronics USB_HOST 1.0.0
2025-09-16 20:06:49,308 [INFO] ThirdParty:1030 - CMSIS Pack Vendor :Infineon AIROC-Wi-Fi-Bluetooth-STM32 1.7.1
2025-09-16 20:06:49,308 [INFO] ThirdParty:1030 - CMSIS Pack Vendor :STMicroelectronics X-CUBE-AZRTOS-G4 2.0.0
2025-09-16 20:06:49,308 [INFO] ThirdParty:1030 - CMSIS Pack Vendor :STMicroelectronics X-CUBE-WB05N 2.0.0
2025-09-16 20:06:49,308 [INFO] ThirdParty:1030 - CMSIS Pack Vendor :STMicroelectronics PDM2PCM 3.1.0
2025-09-16 20:06:49,308 [INFO] ThirdParty:1030 - CMSIS Pack Vendor :STMicroelectronics PDM2PCM 3.3.0
2025-09-16 20:06:49,308 [INFO] ThirdParty:1030 - CMSIS Pack Vendor :STMicroelectronics X-CUBE-DISPLAY 3.0.0
2025-09-16 20:06:49,308 [INFO] ThirdParty:1030 - CMSIS Pack Vendor :wolfSSL I-CUBE-wolfSSH 1.4.20
2025-09-16 20:06:49,308 [INFO] ThirdParty:1030 - CMSIS Pack Vendor :STMicroelectronics X-CUBE-NFC7 2.0.0
2025-09-16 20:06:49,309 [INFO] ThirdParty:1030 - CMSIS Pack Vendor :STMicroelectronics X-CUBE-TCPP 4.2.0
2025-09-16 20:06:49,309 [INFO] ThirdParty:1030 - CMSIS Pack Vendor :RealThread X-CUBE-RT-Thread_Nano 4.1.1
2025-09-16 20:06:49,309 [INFO] ThirdParty:1030 - CMSIS Pack Vendor :STMicroelectronics FP-ATR-SIGFOX1 3.2.0
2025-09-16 20:06:49,309 [INFO] ThirdParty:1030 - CMSIS Pack Vendor :STMicroelectronics X-CUBE-NFC10 1.0.0
2025-09-16 20:06:49,309 [INFO] ThirdParty:1030 - CMSIS Pack Vendor :STMicroelectronics X-CUBE-FREERTOS 1.3.1
2025-09-16 20:06:49,309 [INFO] ThirdParty:1030 - CMSIS Pack Vendor :STMicroelectronics HAL Drivers 0.0.0
2025-09-16 20:06:49,309 [INFO] ThirdParty:1030 - CMSIS Pack Vendor :STMicroelectronics MBEDTLS 2.16.2
2025-09-16 20:06:49,309 [INFO] ThirdParty:1030 - CMSIS Pack Vendor :STMicroelectronics X-CUBE-IPS 3.1.0
2025-09-16 20:06:49,309 [INFO] ThirdParty:1030 - CMSIS Pack Vendor :STMicroelectronics X-CUBE-ALS 1.0.2
2025-09-16 20:06:49,309 [INFO] ThirdParty:1030 - CMSIS Pack Vendor :emotas I-CUBE-CANOPEN 1.3.0
2025-09-16 20:06:49,309 [INFO] ThirdParty:1030 - CMSIS Pack Vendor :STMicroelectronics MBEDTLS 2.14.1
2025-09-16 20:06:49,310 [INFO] ThirdParty:1030 - CMSIS Pack Vendor :ITTIA_DB I-CUBE-ITTIADB 8.9.0
2025-09-16 20:06:49,310 [INFO] ThirdParty:1030 - CMSIS Pack Vendor :STMicroelectronics X-CUBE-ST67W61 1.0.0
2025-09-16 20:06:49,310 [INFO] ThirdParty:1030 - CMSIS Pack Vendor :STMicroelectronics ThreadX 1.0.0
2025-09-16 20:06:49,310 [INFO] ThirdParty:1030 - CMSIS Pack Vendor :STMicroelectronics FP-SNS-SMARTAG2 1.2.0
2025-09-16 20:06:49,310 [INFO] ThirdParty:1030 - CMSIS Pack Vendor :STMicroelectronics FP-SNS-FLIGHT1 5.1.0
2025-09-16 20:06:49,310 [INFO] ThirdParty:1030 - CMSIS Pack Vendor :STMicroelectronics X-CUBE-AZRTOS-WL 2.0.0
2025-09-16 20:06:49,310 [INFO] ThirdParty:1030 - CMSIS Pack Vendor :SEGGER I-CUBE-embOS 1.3.1
2025-09-16 20:06:49,310 [INFO] ThirdParty:1030 - CMSIS Pack Vendor :STMicroelectronics X-CUBE-ALGOBUILD 1.4.0
2025-09-16 20:06:49,310 [INFO] ThirdParty:1030 - CMSIS Pack Vendor :STMicroelectronics X-CUBE-DPower 1.3.0
2025-09-16 20:06:49,310 [INFO] ThirdParty:1030 - CMSIS Pack Vendor :STMicroelectronics X-CUBE-MEMS1 11.3.0
2025-09-16 20:06:49,310 [INFO] ThirdParty:1030 - CMSIS Pack Vendor :STMicroelectronics FP-SNS-MOTENV1 5.0.0
2025-09-16 20:06:49,311 [INFO] ThirdParty:1030 - CMSIS Pack Vendor :STMicroelectronics USB_DEVICE 1.0.0
2025-09-16 20:06:49,311 [INFO] ThirdParty:1030 - CMSIS Pack Vendor :STMicroelectronics X-CUBE-AZRTOS-L4 2.0.0
2025-09-16 20:06:49,311 [INFO] ThirdParty:1030 - CMSIS Pack Vendor :STMicroelectronics ThreadX 0.0.2
2025-09-16 20:06:49,311 [INFO] ThirdParty:1030 - CMSIS Pack Vendor :STMicroelectronics lwIP 2.1.2
2025-09-16 20:06:49,311 [INFO] ThirdParty:1030 - CMSIS Pack Vendor :STMicroelectronics X-CUBE-SFXS2LP1 4.0.0
2025-09-16 20:06:49,311 [INFO] ThirdParty:1030 - CMSIS Pack Vendor :STMicroelectronics X-CUBE-BLE2 3.3.0
2025-09-16 20:06:49,311 [INFO] ThirdParty:1030 - CMSIS Pack Vendor :STMicroelectronics X-CUBE-TOF1 3.4.3
2025-09-16 20:06:49,311 [INFO] ThirdParty:1030 - CMSIS Pack Vendor :STMicroelectronics PDM2PCM 3.2.0
2025-09-16 20:06:49,312 [INFO] ThirdParty:841 - exiting critical section [change project]
2025-09-16 20:06:50,604 [INFO] PinOutPanel:1589 - setPackage(No Configuration,No Configuration)
2025-09-16 20:06:50,608 [INFO] PinOutPanel:1589 - setPackage(STM32F446RETx,LQFP64)
2025-09-16 20:06:52,614 [INFO] UtilMem:75 - Before build in PCC Used Memory: 649909000 Bytes (1073741824)
2025-09-16 20:06:54,628 [INFO] UtilMem:75 - After build in PCC Used Memory: 771942064 Bytes (1073741824)
2025-09-16 20:06:54,742 [INFO] IPUIPlugin:80 - create IPUIPlugin
2025-09-16 20:06:54,744 [INFO] IPUIPlugin:80 - create IPUIPlugin
2025-09-16 20:06:54,744 [INFO] IPUIPlugin:80 - create IPUIPlugin
2025-09-16 20:06:54,744 [INFO] IPUIPlugin:80 - create IPUIPlugin
2025-09-16 20:06:54,745 [INFO] IPUIPlugin:80 - create IPUIPlugin
2025-09-16 20:06:54,749 [INFO] IPUIPlugin:80 - create IPUIPlugin
2025-09-16 20:06:54,750 [INFO] IPUIPlugin:80 - create IPUIPlugin
2025-09-16 20:06:54,751 [INFO] IPUIPlugin:80 - create IPUIPlugin
2025-09-16 20:06:54,751 [INFO] IPUIPlugin:80 - create IPUIPlugin
2025-09-16 20:06:54,752 [INFO] IPUIPlugin:80 - create IPUIPlugin
2025-09-16 20:06:54,756 [INFO] IPUIPlugin:80 - create IPUIPlugin
2025-09-16 20:06:54,756 [INFO] IPUIPlugin:80 - create IPUIPlugin
2025-09-16 20:06:54,757 [INFO] IPUIPlugin:80 - create IPUIPlugin
2025-09-16 20:06:54,757 [INFO] IPUIPlugin:80 - create IPUIPlugin
2025-09-16 20:06:54,758 [INFO] IPUIPlugin:80 - create IPUIPlugin
2025-09-16 20:06:54,758 [INFO] IPUIPlugin:80 - create IPUIPlugin
2025-09-16 20:06:54,758 [INFO] IPUIPlugin:80 - create IPUIPlugin
2025-09-16 20:06:54,758 [INFO] IPUIPlugin:80 - create IPUIPlugin
2025-09-16 20:06:54,759 [INFO] IPUIPlugin:80 - create IPUIPlugin
2025-09-16 20:06:54,760 [INFO] IPUIPlugin:80 - create IPUIPlugin
2025-09-16 20:06:54,761 [INFO] IPUIPlugin:80 - create IPUIPlugin
2025-09-16 20:06:54,761 [INFO] IPUIPlugin:80 - create IPUIPlugin
2025-09-16 20:06:54,762 [INFO] IPUIPlugin:80 - create IPUIPlugin
2025-09-16 20:06:54,763 [INFO] IPUIPlugin:80 - create IPUIPlugin
2025-09-16 20:06:54,763 [INFO] IPUIPlugin:80 - create IPUIPlugin
2025-09-16 20:06:54,764 [INFO] IPUIPlugin:80 - create IPUIPlugin
2025-09-16 20:06:54,765 [INFO] IPUIPlugin:80 - create IPUIPlugin
2025-09-16 20:06:54,765 [INFO] IPUIPlugin:80 - create IPUIPlugin
2025-09-16 20:06:54,766 [INFO] IPUIPlugin:80 - create IPUIPlugin
2025-09-16 20:06:54,767 [INFO] IPUIPlugin:80 - create IPUIPlugin
2025-09-16 20:06:54,768 [INFO] IPUIPlugin:80 - create IPUIPlugin
2025-09-16 20:06:54,768 [INFO] IPUIPlugin:80 - create IPUIPlugin
2025-09-16 20:06:54,769 [INFO] IPUIPlugin:80 - create IPUIPlugin
2025-09-16 20:06:54,769 [INFO] IPUIPlugin:80 - create IPUIPlugin
2025-09-16 20:06:54,770 [INFO] IPUIPlugin:80 - create IPUIPlugin
2025-09-16 20:06:54,771 [INFO] IPUIPlugin:80 - create IPUIPlugin
2025-09-16 20:06:54,771 [INFO] IPUIPlugin:80 - create IPUIPlugin
2025-09-16 20:06:54,772 [INFO] IPUIPlugin:80 - create IPUIPlugin
2025-09-16 20:06:54,772 [INFO] IPUIPlugin:80 - create IPUIPlugin
2025-09-16 20:06:54,773 [INFO] IPUIPlugin:80 - create IPUIPlugin
2025-09-16 20:06:54,773 [INFO] IPUIPlugin:80 - create IPUIPlugin
2025-09-16 20:06:54,774 [INFO] IPUIPlugin:80 - create IPUIPlugin
2025-09-16 20:06:54,774 [INFO] IPUIPlugin:80 - create IPUIPlugin
2025-09-16 20:06:54,775 [INFO] IPUIPlugin:80 - create IPUIPlugin
2025-09-16 20:06:54,775 [INFO] IPUIPlugin:80 - create IPUIPlugin
2025-09-16 20:06:54,776 [INFO] IPUIPlugin:80 - create IPUIPlugin
2025-09-16 20:06:54,777 [INFO] IPUIPlugin:80 - create IPUIPlugin
2025-09-16 20:06:54,777 [INFO] IPUIPlugin:80 - create IPUIPlugin
2025-09-16 20:06:54,778 [INFO] IPUIPlugin:80 - create IPUIPlugin
2025-09-16 20:06:54,779 [INFO] IPUIPlugin:80 - create IPUIPlugin
2025-09-16 20:06:54,780 [INFO] IPUIPlugin:80 - create IPUIPlugin
2025-09-16 20:06:54,780 [INFO] IPUIPlugin:80 - create IPUIPlugin
2025-09-16 20:06:54,781 [INFO] IPUIPlugin:80 - create IPUIPlugin
2025-09-16 20:06:54,782 [INFO] IPUIPlugin:80 - create IPUIPlugin
2025-09-16 20:06:54,783 [INFO] IPUIPlugin:80 - create IPUIPlugin
2025-09-16 20:06:54,785 [INFO] IPUIPlugin:80 - create IPUIPlugin
2025-09-16 20:06:54,787 [INFO] IPUIPlugin:80 - create IPUIPlugin
2025-09-16 20:06:54,788 [INFO] IPUIPlugin:80 - create IPUIPlugin
2025-09-16 20:06:54,789 [INFO] IPUIPlugin:80 - create IPUIPlugin
2025-09-16 20:06:54,791 [INFO] IPUIPlugin:80 - create IPUIPlugin
2025-09-16 20:06:54,859 [INFO] ApiDbMcu:532 - Load IP Config File for PDM2PCM
2025-09-16 20:06:55,325 [INFO] CADModel:165 - CPN selected for project levelSTM32F446RET6
2025-09-16 20:06:55,325 [INFO] CADModel:114 - Register for checkConnection events
2025-09-16 20:06:55,388 [INFO] OpenFileManager:386 - Restore cursor
2025-09-16 20:07:02,369 [ERROR] LogOutputStream:75 - [STDERR_REDIRECT] Sep 16, 2025 8:07:02 PM java.util.prefs.FileSystemPreferences checkLockFile0ErrorCode
2025-09-16 20:07:02,370 [ERROR] LogOutputStream:75 - [STDERR_REDIRECT] WARNING: Could not lock System prefs. Unix error code 2.
2025-09-16 20:07:02,370 [ERROR] LogOutputStream:75 - [STDERR_REDIRECT] 
2025-09-16 20:07:02,371 [ERROR] LogOutputStream:75 - [STDERR_REDIRECT] Sep 16, 2025 8:07:02 PM java.util.prefs.FileSystemPreferences syncWorld
2025-09-16 20:07:02,371 [ERROR] LogOutputStream:75 - [STDERR_REDIRECT] WARNING: Couldn't flush system prefs: java.util.prefs.BackingStoreException: Couldn't get file lock.
2025-09-16 20:07:02,371 [ERROR] LogOutputStream:75 - [STDERR_REDIRECT] 
2025-09-16 20:07:32,364 [ERROR] LogOutputStream:75 - [STDERR_REDIRECT] Sep 16, 2025 8:07:32 PM java.util.prefs.FileSystemPreferences checkLockFile0ErrorCode
2025-09-16 20:07:32,364 [ERROR] LogOutputStream:75 - [STDERR_REDIRECT] WARNING: Could not lock System prefs. Unix error code 2.
2025-09-16 20:07:32,364 [ERROR] LogOutputStream:75 - [STDERR_REDIRECT] 
2025-09-16 20:07:32,365 [ERROR] LogOutputStream:75 - [STDERR_REDIRECT] Sep 16, 2025 8:07:32 PM java.util.prefs.FileSystemPreferences syncWorld
2025-09-16 20:07:32,365 [ERROR] LogOutputStream:75 - [STDERR_REDIRECT] WARNING: Couldn't flush system prefs: java.util.prefs.BackingStoreException: Couldn't get file lock.
2025-09-16 20:07:32,365 [ERROR] LogOutputStream:75 - [STDERR_REDIRECT] 
2025-09-16 20:07:58,080 [ERROR] LogOutputStream:75 - [STDERR_REDIRECT] 
2025-09-16 20:07:58,084 [ERROR] LogOutputStream:75 - [STDERR_REDIRECT] 
2025-09-16 20:08:38,223 [INFO] Activator:176 - 


2025-09-16 20:08:38,227 [INFO] Activator:177 - !SESSION log4j initialized
2025-09-16 20:08:46,553 [INFO] LogOutputStream:77 - [STDOUT_REDIRECT] 
2025-09-16 20:08:48,447 [INFO] ApplicationProperties:184 - Using Application install path: /opt/st/stm32cubeide_1.19.0/plugins/com.st.stm32cube.common.mx_6.15.0.202507011659
2025-09-16 20:08:48,486 [INFO] DbMcusXml:78 - Set database path to: /opt/st/stm32cubeide_1.19.0/plugins/com.st.stm32cube.common.mx_6.15.0.202507011659//db//mcu/
2025-09-16 20:08:48,486 [INFO] ApiDb:274 - Set plugin database path to: /opt/st/stm32cubeide_1.19.0/plugins/com.st.stm32cube.common.mx_6.15.0.202507011659//db//plugins/boardmanager/
2025-09-16 20:08:48,487 [WARN] ApiDb:259 - Overriding images path with different value:  => /opt/st/stm32cubeide_1.19.0/plugins/com.st.stm32cube.common.mx_6.15.0.202507011659//db//plugins/mcufinder/images/
2025-09-16 20:08:48,493 [INFO] ApiDb:250 - Set database path to: /home/tomas1908/.stmcufinder/plugins/mcufinder//mcu/
2025-09-16 20:08:48,495 [INFO] DbMcusAds:125 - Set database path to: /home/tomas1908/.stmcufinder/plugins/mcufinder//mcu/
2025-09-16 20:08:48,500 [INFO] CrossReferenceDbSqlite:203 - Set database path to: /home/tomas1908/.stmcufinder/plugins/mcufinder//mcu/cs/
2025-09-16 20:08:48,765 [INFO] RulesReader:64 - Compatibility file has been processed (317 Rules)
2025-09-16 20:08:48,873 [INFO] DbMcusXml:78 - Set database path to: /opt/st/stm32cubeide_1.19.0/plugins/com.st.stm32cube.common.mx_6.15.0.202507011659//db//mcu/
2025-09-16 20:08:48,873 [INFO] ApiDb:274 - Set plugin database path to: /opt/st/stm32cubeide_1.19.0/plugins/com.st.stm32cube.common.mx_6.15.0.202507011659//db//plugins/boardmanager/
2025-09-16 20:08:48,873 [INFO] ApiDb:261 - Set plugin images path to: /opt/st/stm32cubeide_1.19.0/plugins/com.st.stm32cube.common.mx_6.15.0.202507011659//db//plugins/mcufinder/images/
2025-09-16 20:08:48,874 [WARN] DbFile:41 - Overriding database path with different value: /home/tomas1908/.stmcufinder/plugins/mcufinder/ => /home/tomas1908/.stmcufinder/plugins/mcufinder
2025-09-16 20:08:48,874 [INFO] ApiDb:250 - Set database path to: /home/tomas1908/.stmcufinder/plugins/mcufinder//mcu/
2025-09-16 20:08:48,874 [WARN] DbFile:41 - Overriding database path with different value: /home/tomas1908/.stmcufinder/plugins/mcufinder/ => /home/tomas1908/.stmcufinder/plugins/mcufinder
2025-09-16 20:08:48,874 [INFO] DbMcusAds:125 - Set database path to: /home/tomas1908/.stmcufinder/plugins/mcufinder//mcu/
2025-09-16 20:08:48,874 [WARN] DbFile:41 - Overriding database path with different value: /home/tomas1908/.stmcufinder/plugins/mcufinder/ => /home/tomas1908/.stmcufinder/plugins/mcufinder
2025-09-16 20:08:48,875 [WARN] DbFile:41 - Overriding database path with different value: /home/tomas1908/.stmcufinder/plugins/mcufinder/ => /home/tomas1908/.stmcufinder/plugins/mcufinder
2025-09-16 20:08:48,875 [INFO] CrossReferenceDbSqlite:203 - Set database path to: /home/tomas1908/.stmcufinder/plugins/mcufinder//mcu/cs/
2025-09-16 20:08:48,986 [INFO] MainPanel:274 - HeapMemory: 268435456
2025-09-16 20:08:49,183 [INFO] DbMcusXml:78 - Set database path to: /opt/st/stm32cubeide_1.19.0/plugins/com.st.stm32cube.common.mx_6.15.0.202507011659//db//mcu/
2025-09-16 20:08:49,183 [INFO] ApiDb:274 - Set plugin database path to: /opt/st/stm32cubeide_1.19.0/plugins/com.st.stm32cube.common.mx_6.15.0.202507011659//db//plugins/boardmanager/
2025-09-16 20:08:49,183 [INFO] ApiDb:261 - Set plugin images path to: /opt/st/stm32cubeide_1.19.0/plugins/com.st.stm32cube.common.mx_6.15.0.202507011659//db//plugins/mcufinder/images/
2025-09-16 20:08:49,184 [WARN] DbFile:41 - Overriding database path with different value: /home/tomas1908/.stmcufinder/plugins/mcufinder/ => /home/tomas1908/.stmcufinder/plugins/mcufinder
2025-09-16 20:08:49,184 [INFO] ApiDb:250 - Set database path to: /home/tomas1908/.stmcufinder/plugins/mcufinder//mcu/
2025-09-16 20:08:49,184 [WARN] DbFile:41 - Overriding database path with different value: /home/tomas1908/.stmcufinder/plugins/mcufinder/ => /home/tomas1908/.stmcufinder/plugins/mcufinder
2025-09-16 20:08:49,185 [INFO] DbMcusAds:125 - Set database path to: /home/tomas1908/.stmcufinder/plugins/mcufinder//mcu/
2025-09-16 20:08:49,185 [WARN] DbFile:41 - Overriding database path with different value: /home/tomas1908/.stmcufinder/plugins/mcufinder/ => /home/tomas1908/.stmcufinder/plugins/mcufinder
2025-09-16 20:08:49,185 [WARN] DbFile:41 - Overriding database path with different value: /home/tomas1908/.stmcufinder/plugins/mcufinder/ => /home/tomas1908/.stmcufinder/plugins/mcufinder
2025-09-16 20:08:49,185 [INFO] CrossReferenceDbSqlite:203 - Set database path to: /home/tomas1908/.stmcufinder/plugins/mcufinder//mcu/cs/
2025-09-16 20:08:49,213 [INFO] ApplicationProperties:184 - Using Application install path: /opt/st/stm32cubeide_1.19.0/plugins/com.st.stm32cube.common.mx_6.15.0.202507011659
2025-09-16 20:08:49,216 [INFO] PluginManage:196 - Search for loadable plugins [exclusion list=, ]
2025-09-16 20:08:49,218 [INFO] PluginManage:310 - Check plugin analytics
2025-09-16 20:08:49,526 [INFO] AnalyticsPlugin:253 - Accepted Software Licenses: 
2025-09-16 20:08:49,527 [INFO] AnalyticsPlugin:255 - Accepted CMSIS Pack Licenses: 
2025-09-16 20:08:49,527 [INFO] AnalyticsPlugin:257 - Accepted Firmware Licenses: FW.F4.1.28.0
2025-09-16 20:08:49,531 [INFO] PluginManage:359 - Loaded plugin analytics (category:tool,tabindex:-1)
2025-09-16 20:08:49,531 [INFO] PluginManage:310 - Check plugin cadmodel
2025-09-16 20:08:49,537 [INFO] CADModel:105 - Init CAD model plugin
2025-09-16 20:08:49,538 [INFO] PluginManage:359 - Loaded plugin cadmodel (category:power,tabindex:5)
2025-09-16 20:08:49,538 [INFO] PluginManage:310 - Check plugin clock
2025-09-16 20:08:49,553 [INFO] PluginManage:359 - Loaded plugin clock (category:base,tabindex:2)
2025-09-16 20:08:49,554 [INFO] PluginManage:310 - Check plugin ddr
2025-09-16 20:08:49,557 [INFO] PluginManage:359 - Loaded plugin ddr (category:tool,tabindex:6)
2025-09-16 20:08:49,558 [INFO] PluginManage:310 - Check plugin filemanager
2025-09-16 20:08:49,829 [INFO] PluginManage:359 - Loaded plugin filemanager (category:base,tabindex:10)
2025-09-16 20:08:49,829 [INFO] PluginManage:310 - Check plugin ipmanager
2025-09-16 20:08:49,838 [INFO] PluginManage:359 - Loaded plugin ipmanager (category:base,tabindex:5)
2025-09-16 20:08:49,838 [INFO] PluginManage:310 - Check plugin lpbam
2025-09-16 20:08:49,857 [INFO] PluginManage:359 - Loaded plugin lpbam (category:base,tabindex:0)
2025-09-16 20:08:49,857 [INFO] PluginManage:310 - Check plugin memorymap
2025-09-16 20:08:49,879 [INFO] PluginManage:359 - Loaded plugin memorymap (category:base,tabindex:4)
2025-09-16 20:08:49,879 [INFO] PluginManage:310 - Check plugin pinoutandconfiguration
2025-09-16 20:08:49,892 [INFO] PluginManage:359 - Loaded plugin pinoutandconfiguration (category:base,tabindex:1)
2025-09-16 20:08:49,893 [INFO] PluginManage:310 - Check plugin pinoutconfig
2025-09-16 20:08:50,073 [WARN] SupportedApi:132 - Cannot load RTOS API schema: s4s-elt-must-match.1: The content of 'definitions' must match (annotation?, (simpleType | complexType)?, (unique | key | keyref)*)). A problem was found starting at: attribute.
2025-09-16 20:08:50,333 [INFO] PluginManage:359 - Loaded plugin pinoutconfig (category:base,tabindex:0)
2025-09-16 20:08:50,334 [INFO] PluginManage:310 - Check plugin power
2025-09-16 20:08:50,350 [INFO] PluginManage:359 - Loaded plugin power (category:power,tabindex:4)
2025-09-16 20:08:50,350 [INFO] PluginManage:310 - Check plugin projectmanager
2025-09-16 20:08:50,389 [INFO] PluginManage:359 - Loaded plugin projectmanager (category:projectmanager,tabindex:4)
2025-09-16 20:08:50,389 [INFO] PluginManage:310 - Check plugin rif
2025-09-16 20:08:50,411 [INFO] PluginManage:359 - Loaded plugin rif (category:base,tabindex:3)
2025-09-16 20:08:50,412 [INFO] PluginManage:310 - Check plugin thirdparty
2025-09-16 20:08:50,656 [INFO] PluginManage:359 - Loaded plugin thirdparty (category:base,tabindex:-1)
2025-09-16 20:08:50,655 [WARN] IntegrityCheckThread:84 - waiting for thirdparty lock release [integrity check]
2025-09-16 20:08:50,656 [INFO] PluginManage:310 - Check plugin tools
2025-09-16 20:08:50,656 [INFO] IntegrityCheckThread:86 - entering critical section [integrity check]
2025-09-16 20:08:50,657 [INFO] ThirdPartyUpdaterWithRetryManager:70 - Updater plugin not ready yet. [1/15]
2025-09-16 20:08:50,663 [INFO] PluginManage:359 - Loaded plugin tools (category:base,tabindex:7)
2025-09-16 20:08:50,663 [INFO] PluginManage:310 - Check plugin tutovideos
2025-09-16 20:08:51,090 [INFO] PluginManage:359 - Loaded plugin tutovideos (category:base,tabindex:-1)
2025-09-16 20:08:51,091 [INFO] PluginManage:310 - Check plugin updater
2025-09-16 20:08:51,139 [INFO] PluginManage:359 - Loaded plugin updater (category:base,tabindex:12)
2025-09-16 20:08:51,139 [INFO] PluginManage:310 - Check plugin userauth
2025-09-16 20:08:51,148 [INFO] UserAuth:118 - Init User Auth plugin
2025-09-16 20:08:51,151 [INFO] PluginManage:359 - Loaded plugin userauth (category:base,tabindex:14)
2025-09-16 20:08:51,152 [INFO] PluginManage:283 - PluginManage : Loaded plugins [18]
2025-09-16 20:08:51,487 [INFO] PinOutPanel:1589 - setPackage(No Configuration,No Configuration)
2025-09-16 20:08:51,617 [INFO] CADModel:165 - CPN selected for project level
2025-09-16 20:08:51,617 [INFO] CADModel:114 - Register for checkConnection events
2025-09-16 20:08:51,638 [INFO] IPUIPlugin:80 - create IPUIPlugin
2025-09-16 20:08:51,639 [INFO] PluginManager:220 - loadIPPluginJar : add i2c
2025-09-16 20:08:51,652 [INFO] IPUIPlugin:80 - create IPUIPlugin
2025-09-16 20:08:51,653 [INFO] PluginManager:220 - loadIPPluginJar : add mdma
2025-09-16 20:08:51,658 [INFO] IPUIPlugin:80 - create IPUIPlugin
2025-09-16 20:08:51,658 [INFO] PluginManager:220 - loadIPPluginJar : add aes
2025-09-16 20:08:51,663 [INFO] IPUIPlugin:80 - create IPUIPlugin
2025-09-16 20:08:51,664 [INFO] PluginManager:220 - loadIPPluginJar : add can
2025-09-16 20:08:51,674 [INFO] IPUIPlugin:80 - create IPUIPlugin
2025-09-16 20:08:51,675 [INFO] PluginManager:220 - loadIPPluginJar : add freertos
2025-09-16 20:08:51,679 [INFO] IPUIPlugin:80 - create IPUIPlugin
2025-09-16 20:08:51,679 [INFO] PluginManager:220 - loadIPPluginJar : add gtzc
2025-09-16 20:08:51,682 [INFO] IPUIPlugin:80 - create IPUIPlugin
2025-09-16 20:08:51,683 [INFO] PluginManager:220 - loadIPPluginJar : add ts
2025-09-16 20:08:51,698 [INFO] IPUIPlugin:80 - create IPUIPlugin
2025-09-16 20:08:51,698 [INFO] PluginManager:220 - loadIPPluginJar : add stm32_wpan
2025-09-16 20:08:51,701 [INFO] IPUIPlugin:80 - create IPUIPlugin
2025-09-16 20:08:51,701 [INFO] PluginManager:220 - loadIPPluginJar : add fatfs
2025-09-16 20:08:51,711 [INFO] IPUIPlugin:80 - create IPUIPlugin
2025-09-16 20:08:51,711 [INFO] PluginManager:220 - loadIPPluginJar : add dma
2025-09-16 20:08:51,716 [INFO] IPUIPlugin:80 - create IPUIPlugin
2025-09-16 20:08:51,716 [INFO] PluginManager:220 - loadIPPluginJar : add usbx
2025-09-16 20:08:51,720 [INFO] IPUIPlugin:80 - create IPUIPlugin
2025-09-16 20:08:51,720 [INFO] PluginManager:220 - loadIPPluginJar : add hash
2025-09-16 20:08:51,723 [INFO] IPUIPlugin:80 - create IPUIPlugin
2025-09-16 20:08:51,723 [INFO] PluginManager:220 - loadIPPluginJar : add cryp
2025-09-16 20:08:51,727 [INFO] IPUIPlugin:80 - create IPUIPlugin
2025-09-16 20:08:51,728 [INFO] PluginManager:220 - loadIPPluginJar : add openamp
2025-09-16 20:08:51,730 [INFO] IPUIPlugin:80 - create IPUIPlugin
2025-09-16 20:08:51,730 [INFO] PluginManager:220 - loadIPPluginJar : add genericplugin
2025-09-16 20:08:51,735 [INFO] IPUIPlugin:80 - create IPUIPlugin
2025-09-16 20:08:51,735 [INFO] PluginManager:220 - loadIPPluginJar : add ipddr
2025-09-16 20:08:51,739 [INFO] IPUIPlugin:80 - create IPUIPlugin
2025-09-16 20:08:51,739 [INFO] PluginManager:220 - loadIPPluginJar : add opamp
2025-09-16 20:08:51,741 [INFO] IPUIPlugin:80 - create IPUIPlugin
2025-09-16 20:08:51,741 [INFO] PluginManager:220 - loadIPPluginJar : add ltdc
2025-09-16 20:08:51,744 [INFO] IPUIPlugin:80 - create IPUIPlugin
2025-09-16 20:08:51,744 [INFO] PluginManager:220 - loadIPPluginJar : add dfsdm
2025-09-16 20:08:51,752 [INFO] IPUIPlugin:80 - create IPUIPlugin
2025-09-16 20:08:51,752 [INFO] PluginManager:220 - loadIPPluginJar : add gic
2025-09-16 20:08:51,756 [INFO] IPUIPlugin:80 - create IPUIPlugin
2025-09-16 20:08:51,757 [INFO] PluginManager:220 - loadIPPluginJar : add extmemmanager
2025-09-16 20:08:51,759 [INFO] IPUIPlugin:80 - create IPUIPlugin
2025-09-16 20:08:51,760 [INFO] PluginManager:220 - loadIPPluginJar : add ucpd
2025-09-16 20:08:51,762 [INFO] IPUIPlugin:80 - create IPUIPlugin
2025-09-16 20:08:51,763 [INFO] PluginManager:220 - loadIPPluginJar : add tracer_emb
2025-09-16 20:08:51,765 [INFO] IPUIPlugin:80 - create IPUIPlugin
2025-09-16 20:08:51,766 [INFO] PluginManager:220 - loadIPPluginJar : add radio
2025-09-16 20:08:51,770 [INFO] IPUIPlugin:80 - create IPUIPlugin
2025-09-16 20:08:51,771 [INFO] PluginManager:220 - loadIPPluginJar : add pdm2pcm
2025-09-16 20:08:51,774 [INFO] IPUIPlugin:80 - create IPUIPlugin
2025-09-16 20:08:51,774 [INFO] PluginManager:220 - loadIPPluginJar : add spi
2025-09-16 20:08:51,777 [INFO] IPUIPlugin:80 - create IPUIPlugin
2025-09-16 20:08:51,777 [INFO] PluginManager:220 - loadIPPluginJar : add tim
2025-09-16 20:08:51,786 [INFO] IPUIPlugin:80 - create IPUIPlugin
2025-09-16 20:08:51,790 [INFO] PluginManager:220 - loadIPPluginJar : add plateformsettings
2025-09-16 20:08:51,795 [INFO] IPUIPlugin:80 - create IPUIPlugin
2025-09-16 20:08:51,795 [INFO] PluginManager:220 - loadIPPluginJar : add touchsensing
2025-09-16 20:08:51,801 [INFO] IPUIPlugin:80 - create IPUIPlugin
2025-09-16 20:08:51,802 [INFO] PluginManager:220 - loadIPPluginJar : add gpio
2025-09-16 20:08:51,810 [INFO] IPUIPlugin:80 - create IPUIPlugin
2025-09-16 20:08:51,811 [INFO] PluginManager:220 - loadIPPluginJar : add adc
2025-09-16 20:08:51,822 [INFO] IPUIPlugin:80 - create IPUIPlugin
2025-09-16 20:08:51,822 [INFO] PluginManager:220 - loadIPPluginJar : add linkedlist
2025-09-16 20:08:51,824 [INFO] IPUIPlugin:80 - create IPUIPlugin
2025-09-16 20:08:51,824 [INFO] PluginManager:220 - loadIPPluginJar : add comp
2025-09-16 20:08:51,830 [INFO] IPUIPlugin:80 - create IPUIPlugin
2025-09-16 20:08:51,830 [INFO] PluginManager:220 - loadIPPluginJar : add fmc
2025-09-16 20:08:51,832 [INFO] IPUIPlugin:80 - create IPUIPlugin
2025-09-16 20:08:51,832 [INFO] PluginManager:220 - loadIPPluginJar : add tsc
2025-09-16 20:08:51,836 [INFO] IPUIPlugin:80 - create IPUIPlugin
2025-09-16 20:08:51,836 [INFO] PluginManager:220 - loadIPPluginJar : add sai
2025-09-16 20:08:51,840 [INFO] IPUIPlugin:80 - create IPUIPlugin
2025-09-16 20:08:51,840 [INFO] PluginManager:220 - loadIPPluginJar : add usart
2025-09-16 20:08:51,844 [INFO] IPUIPlugin:80 - create IPUIPlugin
2025-09-16 20:08:51,845 [INFO] PluginManager:220 - loadIPPluginJar : add nvic
2025-09-16 20:08:51,849 [INFO] IPUIPlugin:80 - create IPUIPlugin
2025-09-16 20:08:51,849 [INFO] PluginManager:220 - loadIPPluginJar : add resmgrutility
2025-09-16 20:08:51,852 [INFO] IPUIPlugin:80 - create IPUIPlugin
2025-09-16 20:08:51,852 [INFO] PluginManager:220 - loadIPPluginJar : add lorawan
2025-09-16 20:08:51,855 [INFO] IPUIPlugin:80 - create IPUIPlugin
2025-09-16 20:08:51,855 [INFO] PluginManager:220 - loadIPPluginJar : add gfxmmu
2025-09-16 20:08:51,858 [INFO] IPUIPlugin:80 - create IPUIPlugin
2025-09-16 20:08:51,858 [INFO] PluginManager:220 - loadIPPluginJar : add dma3
2025-09-16 20:08:51,861 [INFO] IPUIPlugin:80 - create IPUIPlugin
2025-09-16 20:08:51,862 [INFO] PluginManager:220 - loadIPPluginJar : add i3c
2025-09-16 20:08:51,863 [INFO] IPUIPlugin:80 - create IPUIPlugin
2025-09-16 20:08:51,863 [INFO] PluginManager:220 - loadIPPluginJar : add quadspi
2025-09-16 20:08:51,867 [INFO] IPUIPlugin:80 - create IPUIPlugin
2025-09-16 20:08:51,867 [INFO] PluginManager:220 - loadIPPluginJar : add ddr_ctrl_phy
2025-09-16 20:08:51,870 [INFO] IPUIPlugin:80 - create IPUIPlugin
2025-09-16 20:08:51,870 [INFO] PluginManager:220 - loadIPPluginJar : add i2s
2025-09-16 20:08:52,000 [FATAL] Updater:351 - Updater called before beeing initialized
2025-09-16 20:08:52,050 [INFO] RulesReader:64 - Compatibility file has been processed (317 Rules)
2025-09-16 20:08:52,073 [INFO] RulesReader:64 - Compatibility file has been processed (317 Rules)
2025-09-16 20:08:52,085 [INFO] CADModel:165 - CPN selected for project level
2025-09-16 20:08:52,085 [INFO] CADModel:114 - Register for checkConnection events
2025-09-16 20:08:52,085 [FATAL] Updater:351 - Updater called before beeing initialized
2025-09-16 20:08:52,086 [ERROR] CADModel:125 - Updater not yet initialized, retry later 
2025-09-16 20:08:52,327 [FATAL] Updater:351 - Updater called before beeing initialized
2025-09-16 20:08:52,331 [INFO] CADModel:165 - CPN selected for project level
2025-09-16 20:08:52,331 [INFO] CADModel:114 - Register for checkConnection events
2025-09-16 20:08:52,331 [FATAL] Updater:351 - Updater called before beeing initialized
2025-09-16 20:08:52,331 [ERROR] CADModel:125 - Updater not yet initialized, retry later 
2025-09-16 20:08:52,340 [FATAL] Updater:351 - Updater called before beeing initialized
2025-09-16 20:08:52,545 [FATAL] Updater:351 - Updater called before beeing initialized
2025-09-16 20:08:52,553 [INFO] DbMcusAds:53 - JSON generation date=Tue Jul 08 05:14:23 ART 2025 (1751962463582)
2025-09-16 20:08:52,553 [FATAL] Updater:351 - Updater called before beeing initialized
2025-09-16 20:08:52,625 [WARN] DetailPanel:346 - Failed to get advertising image, set to default
2025-09-16 20:08:52,785 [FATAL] Updater:351 - Updater called before beeing initialized
2025-09-16 20:08:52,788 [FATAL] Updater:351 - Updater called before beeing initialized
2025-09-16 20:08:52,788 [FATAL] Updater:351 - Updater called before beeing initialized
2025-09-16 20:08:52,789 [WARN] DetailPanel:346 - Failed to get advertising image, set to default
2025-09-16 20:08:52,790 [FATAL] Updater:351 - Updater called before beeing initialized
2025-09-16 20:08:52,849 [ERROR] Updater:1198 - MainUpdater not yet initialized. External WinMGr cannot be set.
2025-09-16 20:08:52,851 [INFO] Updater:1134 - Updater Version found : 6.15.0
2025-09-16 20:08:52,883 [INFO] ApplicationProperties:184 - Using Application install path: /opt/st/stm32cubeide_1.19.0/plugins/com.st.stm32cube.common.mx_6.15.0.202507011659
2025-09-16 20:08:52,905 [ERROR] LogOutputStream:75 - [STDERR_REDIRECT] Sep 16, 2025 8:08:52 PM java.util.prefs.FileSystemPreferences$2 run
2025-09-16 20:08:52,906 [ERROR] LogOutputStream:75 - [STDERR_REDIRECT] WARNING: Could not create system preferences directory. System preferences are unusable.
2025-09-16 20:08:52,906 [ERROR] LogOutputStream:75 - [STDERR_REDIRECT] 
2025-09-16 20:08:53,363 [INFO] MainUpdater:2872 - connection check result : 10
2025-09-16 20:08:53,365 [INFO] MainUpdater:289 - Updater Check For Update Now.
2025-09-16 20:08:53,365 [INFO] MicroXplorer:498 - Change Database Version : DB.6.0.150
2025-09-16 20:08:53,376 [INFO] McuFinderGlobals:63 - Set McuFinder mode to 2 (CubeIDE integrated)
2025-09-16 20:08:53,377 [INFO] UserAuth:487 - Internet connection configuration mode: 1
2025-09-16 20:08:53,414 [INFO] JxBrowserEngine:152 - Initiate JxBrowser Engine with user profile folder
2025-09-16 20:08:53,645 [INFO] CheckServerUpdateThread:120 - End of CheckServer Thread
2025-09-16 20:08:53,965 [WARN] PackLoader:240 - Cannot read IP mode file for STMicroelectronics.FP-SNS-MOTENVWB1.1.4.0
2025-09-16 20:08:53,987 [WARN] PackLoader:240 - Cannot read IP mode file for STMicroelectronics.FP-ATR-ASTRA1.2.0.2
2025-09-16 20:08:54,004 [WARN] PackLoader:240 - Cannot read IP mode file for STMicroelectronics.X-CUBE-SMBUS.2.1.0
2025-09-16 20:08:54,015 [WARN] PackLoader:240 - Cannot read IP mode file for STMicroelectronics.X-CUBE-ST60.1.0.0
2025-09-16 20:08:54,106 [WARN] PackLoader:240 - Cannot read IP mode file for STMicroelectronics.X-CUBE-AZRTOS-F7.1.1.0
2025-09-16 20:08:54,130 [WARN] PackLoader:240 - Cannot read IP mode file for Cesanta.I-CUBE-Mongoose.7.19.0
2025-09-16 20:08:54,153 [WARN] PackLoader:240 - Cannot read IP mode file for WES.I-CUBE-Cesium.1.4.0
2025-09-16 20:08:54,231 [WARN] PackLoader:240 - Cannot read IP mode file for Infineon.AIROC-Wi-Fi-Bluetooth-STM32.1.7.1
2025-09-16 20:08:54,265 [WARN] PackLoader:240 - Cannot read IP mode file for STMicroelectronics.X-CUBE-DISPLAY.3.0.0
2025-09-16 20:08:54,296 [WARN] PackLoader:240 - Cannot read IP mode file for STMicroelectronics.X-CUBE-NFC10.1.0.0
2025-09-16 20:08:54,310 [WARN] PackLoader:240 - Cannot read IP mode file for emotas.I-CUBE-CANOPEN.1.3.0
2025-09-16 20:08:54,322 [WARN] PackLoader:240 - Cannot read IP mode file for STMicroelectronics.FP-SNS-SMARTAG2.1.2.0
2025-09-16 20:08:54,332 [WARN] PackLoader:240 - Cannot read IP mode file for STMicroelectronics.FP-SNS-FLIGHT1.5.1.0
2025-09-16 20:08:54,349 [INFO] LogOutputStream:77 - [STDOUT_REDIRECT] 1 : Invalid condition id : UX_CORESTACK_Condition cause : null
2025-09-16 20:08:54,350 [INFO] LogOutputStream:77 - [STDOUT_REDIRECT] 1 : Invalid condition id : UX_CORESTACK_Condition cause : null
2025-09-16 20:08:54,351 [INFO] LogOutputStream:77 - [STDOUT_REDIRECT] 1 : Invalid condition id : UX_CORESTACK_Condition cause : null
2025-09-16 20:08:54,352 [INFO] LogOutputStream:77 - [STDOUT_REDIRECT] 1 : Invalid condition id : UX_CORESTACK_Condition cause : null
2025-09-16 20:08:54,353 [INFO] LogOutputStream:77 - [STDOUT_REDIRECT] 1 : Invalid condition id : UX_CORESTACK_Condition cause : null
2025-09-16 20:08:54,366 [WARN] PackLoader:240 - Cannot read IP mode file for STMicroelectronics.X-CUBE-AZRTOS-WL.2.0.0
2025-09-16 20:08:54,382 [WARN] PackLoader:240 - Cannot read IP mode file for STMicroelectronics.FP-SNS-MOTENV1.5.0.0
2025-09-16 20:08:54,405 [WARN] PackLoader:240 - Cannot read IP mode file for STMicroelectronics.X-CUBE-BLE2.3.3.0
2025-09-16 20:08:54,421 [WARN] PackLoader:240 - Cannot read IP mode file for STMicroelectronics.X-CUBE-NFC9.1.0.0
2025-09-16 20:08:54,436 [WARN] PackLoader:240 - Cannot read IP mode file for STMicroelectronics.X-CUBE-BLE1.7.1.0
2025-09-16 20:08:54,485 [WARN] PackLoader:240 - Cannot read IP mode file for STMicroelectronics.X-CUBE-AZRTOS-G0.1.1.0
2025-09-16 20:08:54,520 [WARN] PackLoader:240 - Cannot read IP mode file for STMicroelectronics.X-CUBE-SAFEA1.1.2.2
2025-09-16 20:08:54,559 [WARN] PackLoader:240 - Cannot read IP mode file for STMicroelectronics.X-CUBE-NFC4.3.0.0
2025-09-16 20:08:54,590 [WARN] PackLoader:240 - Cannot read IP mode file for EmbeddedOffice.I-CUBE-FS-RTOS.1.0.1
2025-09-16 20:08:54,602 [WARN] PackLoader:240 - Cannot read IP mode file for STMicroelectronics.X-CUBE-WB05N.2.0.0
2025-09-16 20:08:54,614 [WARN] PackLoader:240 - Cannot read IP mode file for STMicroelectronics.X-CUBE-TCPP.4.2.0
2025-09-16 20:08:54,626 [WARN] PackLoader:240 - Cannot read IP mode file for RealThread.X-CUBE-RT-Thread_Nano.4.1.1
2025-09-16 20:08:54,633 [WARN] PackLoader:240 - Cannot read IP mode file for STMicroelectronics.FP-ATR-SIGFOX1.3.2.0
2025-09-16 20:08:54,644 [WARN] PackLoader:240 - Cannot read IP mode file for ITTIA_DB.I-CUBE-ITTIADB.8.9.0
2025-09-16 20:08:54,655 [WARN] PackLoader:240 - Cannot read IP mode file for STMicroelectronics.X-CUBE-ST67W61.1.0.0
2025-09-16 20:08:54,811 [WARN] PackLoader:240 - Cannot read IP mode file for SEGGER.I-CUBE-embOS.1.3.1
2025-09-16 20:08:55,076 [WARN] PackLoader:240 - Cannot read IP mode file for STMicroelectronics.X-CUBE-ALGOBUILD.1.4.0
2025-09-16 20:08:55,239 [WARN] PackLoader:240 - Cannot read IP mode file for STMicroelectronics.X-CUBE-MEMS1.11.3.0
2025-09-16 20:08:55,306 [INFO] WebApp:169 - Instantiating new browser for Auth
2025-09-16 20:08:55,619 [WARN] PackLoader:240 - Cannot read IP mode file for STMicroelectronics.X-CUBE-PM33A1.1.0.0
2025-09-16 20:08:55,650 [WARN] PackLoader:240 - Cannot read IP mode file for STMicroelectronics.X-CUBE-AZRTOS-F4.1.1.0
2025-09-16 20:08:55,659 [WARN] PackLoader:240 - Cannot read IP mode file for Avnet-IotConnect.X-CUBE-IoTC-DA16k-PMOD.1.0.0
2025-09-16 20:08:55,665 [WARN] PackLoader:240 - Cannot read IP mode file for STMicroelectronics.X-CUBE-ISPU.2.1.0
2025-09-16 20:08:55,709 [WARN] PackLoader:240 - Cannot read IP mode file for STMicroelectronics.X-CUBE-AZRTOS-L5.2.0.0
2025-09-16 20:08:55,733 [WARN] PackLoader:240 - Cannot read IP mode file for STMicroelectronics.X-CUBE-NFC6.3.1.0
2025-09-16 20:08:55,746 [WARN] PackLoader:240 - Cannot read IP mode file for STMicroelectronics.X-CUBE-FREERTOS.1.3.1
2025-09-16 20:08:55,755 [WARN] PackLoader:240 - Cannot read IP mode file for STMicroelectronics.X-CUBE-DPower.1.3.0
2025-09-16 20:08:55,799 [WARN] ConditionMgr:438 - getConditionDescription Invalid condition id : LAN8742 Phy interface Condition cause : null
2025-09-16 20:08:55,801 [WARN] PackLoader:240 - Cannot read IP mode file for STMicroelectronics.X-CUBE-AZRTOS-L4.2.0.0
2025-09-16 20:08:55,803 [WARN] ConditionMgr:1044 - genDependencies : Invalid condition id : LAN8742 Phy interface Condition cause : null
2025-09-16 20:08:55,804 [WARN] ConditionMgr:1044 - genDependencies : Invalid condition id : LAN8742 Phy interface Condition cause : null
2025-09-16 20:08:55,805 [WARN] ConditionMgr:1044 - genDependencies : Invalid condition id : LAN8742 Phy interface Condition cause : null
2025-09-16 20:08:55,818 [WARN] PackLoader:240 - Cannot read IP mode file for STMicroelectronics.X-CUBE-SFXS2LP1.4.0.0
2025-09-16 20:08:55,845 [WARN] ConditionMgr:438 - getConditionDescription Invalid condition id : UX DEVICE CLASS RTOS Condition cause : null
2025-09-16 20:08:55,846 [WARN] ConditionMgr:438 - getConditionDescription Invalid condition id : UX DEVICE CLASS RTOS Condition cause : null
2025-09-16 20:08:55,850 [WARN] PackLoader:240 - Cannot read IP mode file for STMicroelectronics.X-CUBE-AZRTOS-WB.2.0.0
2025-09-16 20:08:55,851 [WARN] ConditionMgr:1044 - genDependencies : Invalid condition id : UX DEVICE CLASS RTOS Condition cause : null
2025-09-16 20:08:55,851 [WARN] ConditionMgr:1044 - genDependencies : Invalid condition id : UX DEVICE CLASS RTOS Condition cause : null
2025-09-16 20:08:55,853 [WARN] ConditionMgr:1044 - genDependencies : Invalid condition id : UX DEVICE CLASS RTOS Condition cause : null
2025-09-16 20:08:55,855 [WARN] ConditionMgr:1044 - genDependencies : Invalid condition id : UX DEVICE CLASS RTOS Condition cause : null
2025-09-16 20:08:55,856 [WARN] ConditionMgr:1044 - genDependencies : Invalid condition id : UX DEVICE CLASS RTOS Condition cause : null
2025-09-16 20:08:55,865 [WARN] PackLoader:240 - Cannot read IP mode file for STMicroelectronics.X-CUBE-GNSS1.7.0.1
2025-09-16 20:08:55,880 [WARN] PackLoader:240 - Cannot read IP mode file for STMicroelectronics.X-CUBE-TOUCHGFX.4.25.0
2025-09-16 20:08:55,885 [WARN] ConditionMgr:438 - getConditionDescription Invalid condition id : Cortex-A Device cause : null
2025-09-16 20:08:55,924 [WARN] ConditionMgr:1044 - genDependencies : Invalid condition id : Cortex-A Device cause : null
2025-09-16 20:08:55,925 [WARN] ConditionMgr:1044 - genDependencies : Invalid condition id : Cortex-A Device cause : null
2025-09-16 20:08:55,925 [WARN] ConditionMgr:1044 - genDependencies : Invalid condition id : Cortex-A Device cause : null
2025-09-16 20:08:55,944 [WARN] PackLoader:240 - Cannot read IP mode file for STMicroelectronics.X-CUBE-SUBG2.5.0.0
2025-09-16 20:08:55,993 [WARN] PackLoader:240 - Cannot read IP mode file for STMicroelectronics.X-CUBE-AZRTOS-H7RS.1.1.0
2025-09-16 20:08:56,029 [WARN] PackLoader:240 - Cannot read IP mode file for STMicroelectronics.X-CUBE-AZRTOS-G4.2.0.0
2025-09-16 20:08:56,037 [WARN] PackLoader:240 - Cannot read IP mode file for wolfSSL.I-CUBE-wolfSSH.1.4.20
2025-09-16 20:08:56,044 [WARN] PackLoader:240 - Cannot read IP mode file for STMicroelectronics.X-CUBE-NFC7.2.0.0
2025-09-16 20:08:56,074 [WARN] PackLoader:240 - Cannot read IP mode file for STMicroelectronics.X-CUBE-IPS.3.1.0
2025-09-16 20:08:56,093 [WARN] PackLoader:240 - Cannot read IP mode file for STMicroelectronics.X-CUBE-ALS.1.0.2
2025-09-16 20:08:56,116 [WARN] PackLoader:240 - Cannot read IP mode file for STMicroelectronics.X-CUBE-TOF1.3.4.3
2025-09-16 20:08:56,144 [INFO] ThirdParty:978 - Integrity check success = true
2025-09-16 20:08:56,144 [INFO] IntegrityCheckThread:100 - exiting critical section [integrity check]
2025-09-16 20:08:56,144 [INFO] IntegrityCheckThread:103 - End integrity checks thread
2025-09-16 20:08:56,985 [INFO] WebApp:463 - Apply proxy settings
2025-09-16 20:08:56,986 [INFO] WebApp:548 - Chromium requires no authentication
2025-09-16 20:08:57,007 [INFO] WebApp:491 - Direct internet connection detected
2025-09-16 20:08:57,107 [INFO] WebApp:900 - Register for checkConnection events
2025-09-16 20:08:57,108 [INFO] WebApp:463 - Apply proxy settings
2025-09-16 20:08:57,108 [INFO] WebApp:548 - Chromium requires no authentication
2025-09-16 20:08:57,110 [INFO] WebApp:491 - Direct internet connection detected
2025-09-16 20:08:57,343 [INFO] WebApp:191 - Connection restablished
2025-09-16 20:08:57,598 [INFO] WebApp:225 - Starting web application
2025-09-16 20:08:57,598 [INFO] WebApp:593 - Web application path used /opt/st/stm32cubeide_1.19.0/plugins/com.st.stm32cube.common.mx_6.15.0.202507011659/db/plugins/mcufinder/reactClient1/index.html
2025-09-16 20:08:57,773 [INFO] UserAuth:487 - Internet connection configuration mode: 1
2025-09-16 20:09:16,874 [ERROR] LogOutputStream:75 - [STDERR_REDIRECT] Sep 16, 2025 8:09:16 PM java.util.prefs.FileSystemPreferences checkLockFile0ErrorCode
2025-09-16 20:09:16,875 [ERROR] LogOutputStream:75 - [STDERR_REDIRECT] WARNING: Could not lock System prefs. Unix error code 2.
2025-09-16 20:09:16,875 [ERROR] LogOutputStream:75 - [STDERR_REDIRECT] 
2025-09-16 20:09:16,876 [ERROR] LogOutputStream:75 - [STDERR_REDIRECT] Sep 16, 2025 8:09:16 PM java.util.prefs.FileSystemPreferences syncWorld
2025-09-16 20:09:16,877 [ERROR] LogOutputStream:75 - [STDERR_REDIRECT] WARNING: Couldn't flush system prefs: java.util.prefs.BackingStoreException: Couldn't get file lock.
2025-09-16 20:09:16,877 [ERROR] LogOutputStream:75 - [STDERR_REDIRECT] 
2025-09-16 20:09:46,873 [ERROR] LogOutputStream:75 - [STDERR_REDIRECT] Sep 16, 2025 8:09:46 PM java.util.prefs.FileSystemPreferences checkLockFile0ErrorCode
2025-09-16 20:09:46,874 [ERROR] LogOutputStream:75 - [STDERR_REDIRECT] WARNING: Could not lock System prefs. Unix error code 2.
2025-09-16 20:09:46,874 [ERROR] LogOutputStream:75 - [STDERR_REDIRECT] 
2025-09-16 20:09:46,874 [ERROR] LogOutputStream:75 - [STDERR_REDIRECT] Sep 16, 2025 8:09:46 PM java.util.prefs.FileSystemPreferences syncWorld
2025-09-16 20:09:46,875 [ERROR] LogOutputStream:75 - [STDERR_REDIRECT] WARNING: Couldn't flush system prefs: java.util.prefs.BackingStoreException: Couldn't get file lock.
2025-09-16 20:09:46,875 [ERROR] LogOutputStream:75 - [STDERR_REDIRECT] 
2025-09-16 20:10:16,862 [ERROR] LogOutputStream:75 - [STDERR_REDIRECT] Sep 16, 2025 8:10:16 PM java.util.prefs.FileSystemPreferences checkLockFile0ErrorCode
2025-09-16 20:10:16,863 [ERROR] LogOutputStream:75 - [STDERR_REDIRECT] WARNING: Could not lock System prefs. Unix error code 2.
2025-09-16 20:10:16,863 [ERROR] LogOutputStream:75 - [STDERR_REDIRECT] 
2025-09-16 20:10:16,864 [ERROR] LogOutputStream:75 - [STDERR_REDIRECT] Sep 16, 2025 8:10:16 PM java.util.prefs.FileSystemPreferences syncWorld
2025-09-16 20:10:16,864 [ERROR] LogOutputStream:75 - [STDERR_REDIRECT] WARNING: Couldn't flush system prefs: java.util.prefs.BackingStoreException: Couldn't get file lock.
2025-09-16 20:10:16,864 [ERROR] LogOutputStream:75 - [STDERR_REDIRECT] 
2025-09-16 20:10:46,863 [ERROR] LogOutputStream:75 - [STDERR_REDIRECT] Sep 16, 2025 8:10:46 PM java.util.prefs.FileSystemPreferences checkLockFile0ErrorCode
2025-09-16 20:10:46,863 [ERROR] LogOutputStream:75 - [STDERR_REDIRECT] WARNING: Could not lock System prefs. Unix error code 2.
2025-09-16 20:10:46,863 [ERROR] LogOutputStream:75 - [STDERR_REDIRECT] 
2025-09-16 20:10:46,864 [ERROR] LogOutputStream:75 - [STDERR_REDIRECT] Sep 16, 2025 8:10:46 PM java.util.prefs.FileSystemPreferences syncWorld
2025-09-16 20:10:46,865 [ERROR] LogOutputStream:75 - [STDERR_REDIRECT] WARNING: Couldn't flush system prefs: java.util.prefs.BackingStoreException: Couldn't get file lock.
2025-09-16 20:10:46,865 [ERROR] LogOutputStream:75 - [STDERR_REDIRECT] 
2025-09-16 20:11:16,863 [ERROR] LogOutputStream:75 - [STDERR_REDIRECT] Sep 16, 2025 8:11:16 PM java.util.prefs.FileSystemPreferences checkLockFile0ErrorCode
2025-09-16 20:11:16,863 [ERROR] LogOutputStream:75 - [STDERR_REDIRECT] WARNING: Could not lock System prefs. Unix error code 2.
2025-09-16 20:11:16,863 [ERROR] LogOutputStream:75 - [STDERR_REDIRECT] 
2025-09-16 20:11:16,864 [ERROR] LogOutputStream:75 - [STDERR_REDIRECT] Sep 16, 2025 8:11:16 PM java.util.prefs.FileSystemPreferences syncWorld
2025-09-16 20:11:16,865 [ERROR] LogOutputStream:75 - [STDERR_REDIRECT] WARNING: Couldn't flush system prefs: java.util.prefs.BackingStoreException: Couldn't get file lock.
2025-09-16 20:11:16,865 [ERROR] LogOutputStream:75 - [STDERR_REDIRECT] 
2025-09-16 20:11:46,863 [ERROR] LogOutputStream:75 - [STDERR_REDIRECT] Sep 16, 2025 8:11:46 PM java.util.prefs.FileSystemPreferences checkLockFile0ErrorCode
2025-09-16 20:11:46,863 [ERROR] LogOutputStream:75 - [STDERR_REDIRECT] WARNING: Could not lock System prefs. Unix error code 2.
2025-09-16 20:11:46,863 [ERROR] LogOutputStream:75 - [STDERR_REDIRECT] 
2025-09-16 20:11:46,864 [ERROR] LogOutputStream:75 - [STDERR_REDIRECT] Sep 16, 2025 8:11:46 PM java.util.prefs.FileSystemPreferences syncWorld
2025-09-16 20:11:46,864 [ERROR] LogOutputStream:75 - [STDERR_REDIRECT] WARNING: Couldn't flush system prefs: java.util.prefs.BackingStoreException: Couldn't get file lock.
2025-09-16 20:11:46,864 [ERROR] LogOutputStream:75 - [STDERR_REDIRECT] 
2025-09-16 20:12:16,863 [ERROR] LogOutputStream:75 - [STDERR_REDIRECT] Sep 16, 2025 8:12:16 PM java.util.prefs.FileSystemPreferences checkLockFile0ErrorCode
2025-09-16 20:12:16,863 [ERROR] LogOutputStream:75 - [STDERR_REDIRECT] WARNING: Could not lock System prefs. Unix error code 2.
2025-09-16 20:12:16,863 [ERROR] LogOutputStream:75 - [STDERR_REDIRECT] 
2025-09-16 20:12:16,864 [ERROR] LogOutputStream:75 - [STDERR_REDIRECT] Sep 16, 2025 8:12:16 PM java.util.prefs.FileSystemPreferences syncWorld
2025-09-16 20:12:16,864 [ERROR] LogOutputStream:75 - [STDERR_REDIRECT] WARNING: Couldn't flush system prefs: java.util.prefs.BackingStoreException: Couldn't get file lock.
2025-09-16 20:12:16,864 [ERROR] LogOutputStream:75 - [STDERR_REDIRECT] 
2025-09-16 20:12:46,867 [ERROR] LogOutputStream:75 - [STDERR_REDIRECT] Sep 16, 2025 8:12:46 PM java.util.prefs.FileSystemPreferences checkLockFile0ErrorCode
2025-09-16 20:12:46,868 [ERROR] LogOutputStream:75 - [STDERR_REDIRECT] WARNING: Could not lock System prefs. Unix error code 2.
2025-09-16 20:12:46,868 [ERROR] LogOutputStream:75 - [STDERR_REDIRECT] 
2025-09-16 20:12:46,869 [ERROR] LogOutputStream:75 - [STDERR_REDIRECT] Sep 16, 2025 8:12:46 PM java.util.prefs.FileSystemPreferences syncWorld
2025-09-16 20:12:46,869 [ERROR] LogOutputStream:75 - [STDERR_REDIRECT] WARNING: Couldn't flush system prefs: java.util.prefs.BackingStoreException: Couldn't get file lock.
2025-09-16 20:12:46,869 [ERROR] LogOutputStream:75 - [STDERR_REDIRECT] 
2025-09-16 20:13:16,866 [ERROR] LogOutputStream:75 - [STDERR_REDIRECT] Sep 16, 2025 8:13:16 PM java.util.prefs.FileSystemPreferences checkLockFile0ErrorCode
2025-09-16 20:13:16,867 [ERROR] LogOutputStream:75 - [STDERR_REDIRECT] WARNING: Could not lock System prefs. Unix error code 2.
2025-09-16 20:13:16,867 [ERROR] LogOutputStream:75 - [STDERR_REDIRECT] 
2025-09-16 20:13:16,868 [ERROR] LogOutputStream:75 - [STDERR_REDIRECT] Sep 16, 2025 8:13:16 PM java.util.prefs.FileSystemPreferences syncWorld
2025-09-16 20:13:16,869 [ERROR] LogOutputStream:75 - [STDERR_REDIRECT] WARNING: Couldn't flush system prefs: java.util.prefs.BackingStoreException: Couldn't get file lock.
2025-09-16 20:13:16,869 [ERROR] LogOutputStream:75 - [STDERR_REDIRECT] 
2025-09-16 20:13:46,864 [ERROR] LogOutputStream:75 - [STDERR_REDIRECT] Sep 16, 2025 8:13:46 PM java.util.prefs.FileSystemPreferences checkLockFile0ErrorCode
2025-09-16 20:13:46,865 [ERROR] LogOutputStream:75 - [STDERR_REDIRECT] WARNING: Could not lock System prefs. Unix error code 2.
2025-09-16 20:13:46,876 [ERROR] LogOutputStream:75 - [STDERR_REDIRECT] 
2025-09-16 20:13:46,877 [ERROR] LogOutputStream:75 - [STDERR_REDIRECT] Sep 16, 2025 8:13:46 PM java.util.prefs.FileSystemPreferences syncWorld
2025-09-16 20:13:46,877 [ERROR] LogOutputStream:75 - [STDERR_REDIRECT] WARNING: Couldn't flush system prefs: java.util.prefs.BackingStoreException: Couldn't get file lock.
2025-09-16 20:13:46,877 [ERROR] LogOutputStream:75 - [STDERR_REDIRECT] 
2025-09-16 20:14:16,865 [ERROR] LogOutputStream:75 - [STDERR_REDIRECT] Sep 16, 2025 8:14:16 PM java.util.prefs.FileSystemPreferences checkLockFile0ErrorCode
2025-09-16 20:14:16,866 [ERROR] LogOutputStream:75 - [STDERR_REDIRECT] WARNING: Could not lock System prefs. Unix error code 2.
2025-09-16 20:14:16,866 [ERROR] LogOutputStream:75 - [STDERR_REDIRECT] 
2025-09-16 20:14:16,866 [ERROR] LogOutputStream:75 - [STDERR_REDIRECT] Sep 16, 2025 8:14:16 PM java.util.prefs.FileSystemPreferences syncWorld
2025-09-16 20:14:16,867 [ERROR] LogOutputStream:75 - [STDERR_REDIRECT] WARNING: Couldn't flush system prefs: java.util.prefs.BackingStoreException: Couldn't get file lock.
2025-09-16 20:14:16,867 [ERROR] LogOutputStream:75 - [STDERR_REDIRECT] 
2025-09-16 20:14:46,865 [ERROR] LogOutputStream:75 - [STDERR_REDIRECT] Sep 16, 2025 8:14:46 PM java.util.prefs.FileSystemPreferences checkLockFile0ErrorCode
2025-09-16 20:14:46,866 [ERROR] LogOutputStream:75 - [STDERR_REDIRECT] WARNING: Could not lock System prefs. Unix error code 2.
2025-09-16 20:14:46,866 [ERROR] LogOutputStream:75 - [STDERR_REDIRECT] 
2025-09-16 20:14:46,866 [ERROR] LogOutputStream:75 - [STDERR_REDIRECT] Sep 16, 2025 8:14:46 PM java.util.prefs.FileSystemPreferences syncWorld
2025-09-16 20:14:46,867 [ERROR] LogOutputStream:75 - [STDERR_REDIRECT] WARNING: Couldn't flush system prefs: java.util.prefs.BackingStoreException: Couldn't get file lock.
2025-09-16 20:14:46,867 [ERROR] LogOutputStream:75 - [STDERR_REDIRECT] 
2025-09-16 20:15:16,865 [ERROR] LogOutputStream:75 - [STDERR_REDIRECT] Sep 16, 2025 8:15:16 PM java.util.prefs.FileSystemPreferences checkLockFile0ErrorCode
2025-09-16 20:15:16,865 [ERROR] LogOutputStream:75 - [STDERR_REDIRECT] WARNING: Could not lock System prefs. Unix error code 2.
2025-09-16 20:15:16,866 [ERROR] LogOutputStream:75 - [STDERR_REDIRECT] 
2025-09-16 20:15:16,866 [ERROR] LogOutputStream:75 - [STDERR_REDIRECT] Sep 16, 2025 8:15:16 PM java.util.prefs.FileSystemPreferences syncWorld
2025-09-16 20:15:16,866 [ERROR] LogOutputStream:75 - [STDERR_REDIRECT] WARNING: Couldn't flush system prefs: java.util.prefs.BackingStoreException: Couldn't get file lock.
2025-09-16 20:15:16,867 [ERROR] LogOutputStream:75 - [STDERR_REDIRECT] 
2025-09-16 20:15:46,865 [ERROR] LogOutputStream:75 - [STDERR_REDIRECT] Sep 16, 2025 8:15:46 PM java.util.prefs.FileSystemPreferences checkLockFile0ErrorCode
2025-09-16 20:15:46,865 [ERROR] LogOutputStream:75 - [STDERR_REDIRECT] WARNING: Could not lock System prefs. Unix error code 2.
2025-09-16 20:15:46,866 [ERROR] LogOutputStream:75 - [STDERR_REDIRECT] 
2025-09-16 20:15:46,866 [ERROR] LogOutputStream:75 - [STDERR_REDIRECT] Sep 16, 2025 8:15:46 PM java.util.prefs.FileSystemPreferences syncWorld
2025-09-16 20:15:46,867 [ERROR] LogOutputStream:75 - [STDERR_REDIRECT] WARNING: Couldn't flush system prefs: java.util.prefs.BackingStoreException: Couldn't get file lock.
2025-09-16 20:15:46,867 [ERROR] LogOutputStream:75 - [STDERR_REDIRECT] 
2025-09-16 20:16:16,866 [ERROR] LogOutputStream:75 - [STDERR_REDIRECT] Sep 16, 2025 8:16:16 PM java.util.prefs.FileSystemPreferences checkLockFile0ErrorCode
2025-09-16 20:16:16,866 [ERROR] LogOutputStream:75 - [STDERR_REDIRECT] WARNING: Could not lock System prefs. Unix error code 2.
2025-09-16 20:16:16,867 [ERROR] LogOutputStream:75 - [STDERR_REDIRECT] 
2025-09-16 20:16:16,867 [ERROR] LogOutputStream:75 - [STDERR_REDIRECT] Sep 16, 2025 8:16:16 PM java.util.prefs.FileSystemPreferences syncWorld
2025-09-16 20:16:16,868 [ERROR] LogOutputStream:75 - [STDERR_REDIRECT] WARNING: Couldn't flush system prefs: java.util.prefs.BackingStoreException: Couldn't get file lock.
2025-09-16 20:16:16,868 [ERROR] LogOutputStream:75 - [STDERR_REDIRECT] 
2025-09-16 20:16:46,866 [ERROR] LogOutputStream:75 - [STDERR_REDIRECT] Sep 16, 2025 8:16:46 PM java.util.prefs.FileSystemPreferences checkLockFile0ErrorCode
2025-09-16 20:16:46,866 [ERROR] LogOutputStream:75 - [STDERR_REDIRECT] WARNING: Could not lock System prefs. Unix error code 2.
2025-09-16 20:16:46,866 [ERROR] LogOutputStream:75 - [STDERR_REDIRECT] 
2025-09-16 20:16:46,867 [ERROR] LogOutputStream:75 - [STDERR_REDIRECT] Sep 16, 2025 8:16:46 PM java.util.prefs.FileSystemPreferences syncWorld
2025-09-16 20:16:46,867 [ERROR] LogOutputStream:75 - [STDERR_REDIRECT] WARNING: Couldn't flush system prefs: java.util.prefs.BackingStoreException: Couldn't get file lock.
2025-09-16 20:16:46,867 [ERROR] LogOutputStream:75 - [STDERR_REDIRECT] 
2025-09-16 20:17:16,866 [ERROR] LogOutputStream:75 - [STDERR_REDIRECT] Sep 16, 2025 8:17:16 PM java.util.prefs.FileSystemPreferences checkLockFile0ErrorCode
2025-09-16 20:17:16,866 [ERROR] LogOutputStream:75 - [STDERR_REDIRECT] WARNING: Could not lock System prefs. Unix error code 2.
2025-09-16 20:17:16,866 [ERROR] LogOutputStream:75 - [STDERR_REDIRECT] 
2025-09-16 20:17:16,867 [ERROR] LogOutputStream:75 - [STDERR_REDIRECT] Sep 16, 2025 8:17:16 PM java.util.prefs.FileSystemPreferences syncWorld
2025-09-16 20:17:16,867 [ERROR] LogOutputStream:75 - [STDERR_REDIRECT] WARNING: Couldn't flush system prefs: java.util.prefs.BackingStoreException: Couldn't get file lock.
2025-09-16 20:17:16,867 [ERROR] LogOutputStream:75 - [STDERR_REDIRECT] 
2025-09-16 20:17:46,867 [ERROR] LogOutputStream:75 - [STDERR_REDIRECT] Sep 16, 2025 8:17:46 PM java.util.prefs.FileSystemPreferences checkLockFile0ErrorCode
2025-09-16 20:17:46,868 [ERROR] LogOutputStream:75 - [STDERR_REDIRECT] WARNING: Could not lock System prefs. Unix error code 2.
2025-09-16 20:17:46,868 [ERROR] LogOutputStream:75 - [STDERR_REDIRECT] 
2025-09-16 20:17:46,869 [ERROR] LogOutputStream:75 - [STDERR_REDIRECT] Sep 16, 2025 8:17:46 PM java.util.prefs.FileSystemPreferences syncWorld
2025-09-16 20:17:46,869 [ERROR] LogOutputStream:75 - [STDERR_REDIRECT] WARNING: Couldn't flush system prefs: java.util.prefs.BackingStoreException: Couldn't get file lock.
2025-09-16 20:17:46,869 [ERROR] LogOutputStream:75 - [STDERR_REDIRECT] 
2025-09-16 20:18:16,867 [ERROR] LogOutputStream:75 - [STDERR_REDIRECT] Sep 16, 2025 8:18:16 PM java.util.prefs.FileSystemPreferences checkLockFile0ErrorCode
2025-09-16 20:18:16,867 [ERROR] LogOutputStream:75 - [STDERR_REDIRECT] WARNING: Could not lock System prefs. Unix error code 2.
2025-09-16 20:18:16,867 [ERROR] LogOutputStream:75 - [STDERR_REDIRECT] 
2025-09-16 20:18:16,868 [ERROR] LogOutputStream:75 - [STDERR_REDIRECT] Sep 16, 2025 8:18:16 PM java.util.prefs.FileSystemPreferences syncWorld
2025-09-16 20:18:16,868 [ERROR] LogOutputStream:75 - [STDERR_REDIRECT] WARNING: Couldn't flush system prefs: java.util.prefs.BackingStoreException: Couldn't get file lock.
2025-09-16 20:18:16,868 [ERROR] LogOutputStream:75 - [STDERR_REDIRECT] 
2025-09-16 20:18:46,869 [ERROR] LogOutputStream:75 - [STDERR_REDIRECT] Sep 16, 2025 8:18:46 PM java.util.prefs.FileSystemPreferences checkLockFile0ErrorCode
2025-09-16 20:18:46,906 [ERROR] LogOutputStream:75 - [STDERR_REDIRECT] WARNING: Could not lock System prefs. Unix error code 2.
2025-09-16 20:18:46,907 [ERROR] LogOutputStream:75 - [STDERR_REDIRECT] 
2025-09-16 20:18:46,907 [ERROR] LogOutputStream:75 - [STDERR_REDIRECT] Sep 16, 2025 8:18:46 PM java.util.prefs.FileSystemPreferences syncWorld
2025-09-16 20:18:46,908 [ERROR] LogOutputStream:75 - [STDERR_REDIRECT] WARNING: Couldn't flush system prefs: java.util.prefs.BackingStoreException: Couldn't get file lock.
2025-09-16 20:18:46,908 [ERROR] LogOutputStream:75 - [STDERR_REDIRECT] 
2025-09-16 20:19:16,869 [ERROR] LogOutputStream:75 - [STDERR_REDIRECT] Sep 16, 2025 8:19:16 PM java.util.prefs.FileSystemPreferences checkLockFile0ErrorCode
2025-09-16 20:19:16,870 [ERROR] LogOutputStream:75 - [STDERR_REDIRECT] WARNING: Could not lock System prefs. Unix error code 2.
2025-09-16 20:19:16,870 [ERROR] LogOutputStream:75 - [STDERR_REDIRECT] 
2025-09-16 20:19:16,871 [ERROR] LogOutputStream:75 - [STDERR_REDIRECT] Sep 16, 2025 8:19:16 PM java.util.prefs.FileSystemPreferences syncWorld
2025-09-16 20:19:16,871 [ERROR] LogOutputStream:75 - [STDERR_REDIRECT] WARNING: Couldn't flush system prefs: java.util.prefs.BackingStoreException: Couldn't get file lock.
2025-09-16 20:19:16,871 [ERROR] LogOutputStream:75 - [STDERR_REDIRECT] 
2025-09-16 20:19:46,868 [ERROR] LogOutputStream:75 - [STDERR_REDIRECT] Sep 16, 2025 8:19:46 PM java.util.prefs.FileSystemPreferences checkLockFile0ErrorCode
2025-09-16 20:19:46,869 [ERROR] LogOutputStream:75 - [STDERR_REDIRECT] WARNING: Could not lock System prefs. Unix error code 2.
2025-09-16 20:19:46,869 [ERROR] LogOutputStream:75 - [STDERR_REDIRECT] 
2025-09-16 20:19:46,870 [ERROR] LogOutputStream:75 - [STDERR_REDIRECT] Sep 16, 2025 8:19:46 PM java.util.prefs.FileSystemPreferences syncWorld
2025-09-16 20:19:46,870 [ERROR] LogOutputStream:75 - [STDERR_REDIRECT] WARNING: Couldn't flush system prefs: java.util.prefs.BackingStoreException: Couldn't get file lock.
2025-09-16 20:19:46,870 [ERROR] LogOutputStream:75 - [STDERR_REDIRECT] 
2025-09-16 20:20:16,868 [ERROR] LogOutputStream:75 - [STDERR_REDIRECT] Sep 16, 2025 8:20:16 PM java.util.prefs.FileSystemPreferences checkLockFile0ErrorCode
2025-09-16 20:20:16,869 [ERROR] LogOutputStream:75 - [STDERR_REDIRECT] WARNING: Could not lock System prefs. Unix error code 2.
2025-09-16 20:20:16,869 [ERROR] LogOutputStream:75 - [STDERR_REDIRECT] 
2025-09-16 20:20:16,870 [ERROR] LogOutputStream:75 - [STDERR_REDIRECT] Sep 16, 2025 8:20:16 PM java.util.prefs.FileSystemPreferences syncWorld
2025-09-16 20:20:16,870 [ERROR] LogOutputStream:75 - [STDERR_REDIRECT] WARNING: Couldn't flush system prefs: java.util.prefs.BackingStoreException: Couldn't get file lock.
2025-09-16 20:20:16,870 [ERROR] LogOutputStream:75 - [STDERR_REDIRECT] 
2025-09-16 20:20:46,868 [ERROR] LogOutputStream:75 - [STDERR_REDIRECT] Sep 16, 2025 8:20:46 PM java.util.prefs.FileSystemPreferences checkLockFile0ErrorCode
2025-09-16 20:20:46,869 [ERROR] LogOutputStream:75 - [STDERR_REDIRECT] WARNING: Could not lock System prefs. Unix error code 2.
2025-09-16 20:20:46,869 [ERROR] LogOutputStream:75 - [STDERR_REDIRECT] 
2025-09-16 20:20:46,869 [ERROR] LogOutputStream:75 - [STDERR_REDIRECT] Sep 16, 2025 8:20:46 PM java.util.prefs.FileSystemPreferences syncWorld
2025-09-16 20:20:46,870 [ERROR] LogOutputStream:75 - [STDERR_REDIRECT] WARNING: Couldn't flush system prefs: java.util.prefs.BackingStoreException: Couldn't get file lock.
2025-09-16 20:20:46,870 [ERROR] LogOutputStream:75 - [STDERR_REDIRECT] 
2025-09-16 20:21:16,868 [ERROR] LogOutputStream:75 - [STDERR_REDIRECT] Sep 16, 2025 8:21:16 PM java.util.prefs.FileSystemPreferences checkLockFile0ErrorCode
2025-09-16 20:21:16,868 [ERROR] LogOutputStream:75 - [STDERR_REDIRECT] WARNING: Could not lock System prefs. Unix error code 2.
2025-09-16 20:21:16,869 [ERROR] LogOutputStream:75 - [STDERR_REDIRECT] 
2025-09-16 20:21:16,869 [ERROR] LogOutputStream:75 - [STDERR_REDIRECT] Sep 16, 2025 8:21:16 PM java.util.prefs.FileSystemPreferences syncWorld
2025-09-16 20:21:16,870 [ERROR] LogOutputStream:75 - [STDERR_REDIRECT] WARNING: Couldn't flush system prefs: java.util.prefs.BackingStoreException: Couldn't get file lock.
2025-09-16 20:21:16,870 [ERROR] LogOutputStream:75 - [STDERR_REDIRECT] 
2025-09-16 20:21:46,869 [ERROR] LogOutputStream:75 - [STDERR_REDIRECT] Sep 16, 2025 8:21:46 PM java.util.prefs.FileSystemPreferences checkLockFile0ErrorCode
2025-09-16 20:21:46,870 [ERROR] LogOutputStream:75 - [STDERR_REDIRECT] WARNING: Could not lock System prefs. Unix error code 2.
2025-09-16 20:21:46,870 [ERROR] LogOutputStream:75 - [STDERR_REDIRECT] 
2025-09-16 20:21:46,871 [ERROR] LogOutputStream:75 - [STDERR_REDIRECT] Sep 16, 2025 8:21:46 PM java.util.prefs.FileSystemPreferences syncWorld
2025-09-16 20:21:46,872 [ERROR] LogOutputStream:75 - [STDERR_REDIRECT] WARNING: Couldn't flush system prefs: java.util.prefs.BackingStoreException: Couldn't get file lock.
2025-09-16 20:21:46,872 [ERROR] LogOutputStream:75 - [STDERR_REDIRECT] 
2025-09-16 20:22:16,868 [ERROR] LogOutputStream:75 - [STDERR_REDIRECT] Sep 16, 2025 8:22:16 PM java.util.prefs.FileSystemPreferences checkLockFile0ErrorCode
2025-09-16 20:22:16,869 [ERROR] LogOutputStream:75 - [STDERR_REDIRECT] WARNING: Could not lock System prefs. Unix error code 2.
2025-09-16 20:22:16,869 [ERROR] LogOutputStream:75 - [STDERR_REDIRECT] 
2025-09-16 20:22:16,870 [ERROR] LogOutputStream:75 - [STDERR_REDIRECT] Sep 16, 2025 8:22:16 PM java.util.prefs.FileSystemPreferences syncWorld
2025-09-16 20:22:16,870 [ERROR] LogOutputStream:75 - [STDERR_REDIRECT] WARNING: Couldn't flush system prefs: java.util.prefs.BackingStoreException: Couldn't get file lock.
2025-09-16 20:22:16,870 [ERROR] LogOutputStream:75 - [STDERR_REDIRECT] 
2025-09-16 20:22:46,868 [ERROR] LogOutputStream:75 - [STDERR_REDIRECT] Sep 16, 2025 8:22:46 PM java.util.prefs.FileSystemPreferences checkLockFile0ErrorCode
2025-09-16 20:22:46,868 [ERROR] LogOutputStream:75 - [STDERR_REDIRECT] WARNING: Could not lock System prefs. Unix error code 2.
2025-09-16 20:22:46,869 [ERROR] LogOutputStream:75 - [STDERR_REDIRECT] 
2025-09-16 20:22:46,869 [ERROR] LogOutputStream:75 - [STDERR_REDIRECT] Sep 16, 2025 8:22:46 PM java.util.prefs.FileSystemPreferences syncWorld
2025-09-16 20:22:46,870 [ERROR] LogOutputStream:75 - [STDERR_REDIRECT] WARNING: Couldn't flush system prefs: java.util.prefs.BackingStoreException: Couldn't get file lock.
2025-09-16 20:22:46,870 [ERROR] LogOutputStream:75 - [STDERR_REDIRECT] 
2025-09-16 20:23:16,868 [ERROR] LogOutputStream:75 - [STDERR_REDIRECT] Sep 16, 2025 8:23:16 PM java.util.prefs.FileSystemPreferences checkLockFile0ErrorCode
2025-09-16 20:23:16,868 [ERROR] LogOutputStream:75 - [STDERR_REDIRECT] WARNING: Could not lock System prefs. Unix error code 2.
2025-09-16 20:23:16,868 [ERROR] LogOutputStream:75 - [STDERR_REDIRECT] 
2025-09-16 20:23:16,869 [ERROR] LogOutputStream:75 - [STDERR_REDIRECT] Sep 16, 2025 8:23:16 PM java.util.prefs.FileSystemPreferences syncWorld
2025-09-16 20:23:16,869 [ERROR] LogOutputStream:75 - [STDERR_REDIRECT] WARNING: Couldn't flush system prefs: java.util.prefs.BackingStoreException: Couldn't get file lock.
2025-09-16 20:23:16,869 [ERROR] LogOutputStream:75 - [STDERR_REDIRECT] 
2025-09-16 20:23:46,869 [ERROR] LogOutputStream:75 - [STDERR_REDIRECT] Sep 16, 2025 8:23:46 PM java.util.prefs.FileSystemPreferences checkLockFile0ErrorCode
2025-09-16 20:23:46,869 [ERROR] LogOutputStream:75 - [STDERR_REDIRECT] WARNING: Could not lock System prefs. Unix error code 2.
2025-09-16 20:23:46,869 [ERROR] LogOutputStream:75 - [STDERR_REDIRECT] 
2025-09-16 20:23:46,870 [ERROR] LogOutputStream:75 - [STDERR_REDIRECT] Sep 16, 2025 8:23:46 PM java.util.prefs.FileSystemPreferences syncWorld
2025-09-16 20:23:46,870 [ERROR] LogOutputStream:75 - [STDERR_REDIRECT] WARNING: Couldn't flush system prefs: java.util.prefs.BackingStoreException: Couldn't get file lock.
2025-09-16 20:23:46,870 [ERROR] LogOutputStream:75 - [STDERR_REDIRECT] 
2025-09-16 20:24:16,868 [ERROR] LogOutputStream:75 - [STDERR_REDIRECT] Sep 16, 2025 8:24:16 PM java.util.prefs.FileSystemPreferences checkLockFile0ErrorCode
2025-09-16 20:24:16,868 [ERROR] LogOutputStream:75 - [STDERR_REDIRECT] WARNING: Could not lock System prefs. Unix error code 2.
2025-09-16 20:24:16,869 [ERROR] LogOutputStream:75 - [STDERR_REDIRECT] 
2025-09-16 20:24:16,869 [ERROR] LogOutputStream:75 - [STDERR_REDIRECT] Sep 16, 2025 8:24:16 PM java.util.prefs.FileSystemPreferences syncWorld
2025-09-16 20:24:16,869 [ERROR] LogOutputStream:75 - [STDERR_REDIRECT] WARNING: Couldn't flush system prefs: java.util.prefs.BackingStoreException: Couldn't get file lock.
2025-09-16 20:24:16,869 [ERROR] LogOutputStream:75 - [STDERR_REDIRECT] 
2025-09-16 20:24:46,869 [ERROR] LogOutputStream:75 - [STDERR_REDIRECT] Sep 16, 2025 8:24:46 PM java.util.prefs.FileSystemPreferences checkLockFile0ErrorCode
2025-09-16 20:24:46,869 [ERROR] LogOutputStream:75 - [STDERR_REDIRECT] WARNING: Could not lock System prefs. Unix error code 2.
2025-09-16 20:24:46,869 [ERROR] LogOutputStream:75 - [STDERR_REDIRECT] 
2025-09-16 20:24:46,870 [ERROR] LogOutputStream:75 - [STDERR_REDIRECT] Sep 16, 2025 8:24:46 PM java.util.prefs.FileSystemPreferences syncWorld
2025-09-16 20:24:46,870 [ERROR] LogOutputStream:75 - [STDERR_REDIRECT] WARNING: Couldn't flush system prefs: java.util.prefs.BackingStoreException: Couldn't get file lock.
2025-09-16 20:24:46,870 [ERROR] LogOutputStream:75 - [STDERR_REDIRECT] 
2025-09-16 20:25:16,869 [ERROR] LogOutputStream:75 - [STDERR_REDIRECT] Sep 16, 2025 8:25:16 PM java.util.prefs.FileSystemPreferences checkLockFile0ErrorCode
2025-09-16 20:25:16,869 [ERROR] LogOutputStream:75 - [STDERR_REDIRECT] WARNING: Could not lock System prefs. Unix error code 2.
2025-09-16 20:25:16,869 [ERROR] LogOutputStream:75 - [STDERR_REDIRECT] 
2025-09-16 20:25:16,870 [ERROR] LogOutputStream:75 - [STDERR_REDIRECT] Sep 16, 2025 8:25:16 PM java.util.prefs.FileSystemPreferences syncWorld
2025-09-16 20:25:16,870 [ERROR] LogOutputStream:75 - [STDERR_REDIRECT] WARNING: Couldn't flush system prefs: java.util.prefs.BackingStoreException: Couldn't get file lock.
2025-09-16 20:25:16,870 [ERROR] LogOutputStream:75 - [STDERR_REDIRECT] 
2025-09-16 20:25:46,869 [ERROR] LogOutputStream:75 - [STDERR_REDIRECT] Sep 16, 2025 8:25:46 PM java.util.prefs.FileSystemPreferences checkLockFile0ErrorCode
2025-09-16 20:25:46,869 [ERROR] LogOutputStream:75 - [STDERR_REDIRECT] WARNING: Could not lock System prefs. Unix error code 2.
2025-09-16 20:25:46,869 [ERROR] LogOutputStream:75 - [STDERR_REDIRECT] 
2025-09-16 20:25:46,870 [ERROR] LogOutputStream:75 - [STDERR_REDIRECT] Sep 16, 2025 8:25:46 PM java.util.prefs.FileSystemPreferences syncWorld
2025-09-16 20:25:46,870 [ERROR] LogOutputStream:75 - [STDERR_REDIRECT] WARNING: Couldn't flush system prefs: java.util.prefs.BackingStoreException: Couldn't get file lock.
2025-09-16 20:25:46,870 [ERROR] LogOutputStream:75 - [STDERR_REDIRECT] 
2025-09-16 20:26:16,871 [ERROR] LogOutputStream:75 - [STDERR_REDIRECT] Sep 16, 2025 8:26:16 PM java.util.prefs.FileSystemPreferences checkLockFile0ErrorCode
2025-09-16 20:26:16,871 [ERROR] LogOutputStream:75 - [STDERR_REDIRECT] WARNING: Could not lock System prefs. Unix error code 2.
2025-09-16 20:26:16,872 [ERROR] LogOutputStream:75 - [STDERR_REDIRECT] 
2025-09-16 20:26:16,872 [ERROR] LogOutputStream:75 - [STDERR_REDIRECT] Sep 16, 2025 8:26:16 PM java.util.prefs.FileSystemPreferences syncWorld
2025-09-16 20:26:16,873 [ERROR] LogOutputStream:75 - [STDERR_REDIRECT] WARNING: Couldn't flush system prefs: java.util.prefs.BackingStoreException: Couldn't get file lock.
2025-09-16 20:26:16,873 [ERROR] LogOutputStream:75 - [STDERR_REDIRECT] 
2025-09-16 20:26:46,870 [ERROR] LogOutputStream:75 - [STDERR_REDIRECT] Sep 16, 2025 8:26:46 PM java.util.prefs.FileSystemPreferences checkLockFile0ErrorCode
2025-09-16 20:26:46,870 [ERROR] LogOutputStream:75 - [STDERR_REDIRECT] WARNING: Could not lock System prefs. Unix error code 2.
2025-09-16 20:26:46,870 [ERROR] LogOutputStream:75 - [STDERR_REDIRECT] 
2025-09-16 20:26:46,871 [ERROR] LogOutputStream:75 - [STDERR_REDIRECT] Sep 16, 2025 8:26:46 PM java.util.prefs.FileSystemPreferences syncWorld
2025-09-16 20:26:46,871 [ERROR] LogOutputStream:75 - [STDERR_REDIRECT] WARNING: Couldn't flush system prefs: java.util.prefs.BackingStoreException: Couldn't get file lock.
2025-09-16 20:26:46,872 [ERROR] LogOutputStream:75 - [STDERR_REDIRECT] 
2025-09-16 20:27:16,870 [ERROR] LogOutputStream:75 - [STDERR_REDIRECT] Sep 16, 2025 8:27:16 PM java.util.prefs.FileSystemPreferences checkLockFile0ErrorCode
2025-09-16 20:27:16,870 [ERROR] LogOutputStream:75 - [STDERR_REDIRECT] WARNING: Could not lock System prefs. Unix error code 2.
2025-09-16 20:27:16,870 [ERROR] LogOutputStream:75 - [STDERR_REDIRECT] 
2025-09-16 20:27:16,871 [ERROR] LogOutputStream:75 - [STDERR_REDIRECT] Sep 16, 2025 8:27:16 PM java.util.prefs.FileSystemPreferences syncWorld
2025-09-16 20:27:16,871 [ERROR] LogOutputStream:75 - [STDERR_REDIRECT] WARNING: Couldn't flush system prefs: java.util.prefs.BackingStoreException: Couldn't get file lock.
2025-09-16 20:27:16,871 [ERROR] LogOutputStream:75 - [STDERR_REDIRECT] 
2025-09-16 20:27:46,870 [ERROR] LogOutputStream:75 - [STDERR_REDIRECT] Sep 16, 2025 8:27:46 PM java.util.prefs.FileSystemPreferences checkLockFile0ErrorCode
2025-09-16 20:27:46,871 [ERROR] LogOutputStream:75 - [STDERR_REDIRECT] WARNING: Could not lock System prefs. Unix error code 2.
2025-09-16 20:27:46,871 [ERROR] LogOutputStream:75 - [STDERR_REDIRECT] 
2025-09-16 20:27:46,871 [ERROR] LogOutputStream:75 - [STDERR_REDIRECT] Sep 16, 2025 8:27:46 PM java.util.prefs.FileSystemPreferences syncWorld
2025-09-16 20:27:46,871 [ERROR] LogOutputStream:75 - [STDERR_REDIRECT] WARNING: Couldn't flush system prefs: java.util.prefs.BackingStoreException: Couldn't get file lock.
2025-09-16 20:27:46,872 [ERROR] LogOutputStream:75 - [STDERR_REDIRECT] 
2025-09-16 20:28:16,870 [ERROR] LogOutputStream:75 - [STDERR_REDIRECT] Sep 16, 2025 8:28:16 PM java.util.prefs.FileSystemPreferences checkLockFile0ErrorCode
2025-09-16 20:28:16,871 [ERROR] LogOutputStream:75 - [STDERR_REDIRECT] WARNING: Could not lock System prefs. Unix error code 2.
2025-09-16 20:28:16,871 [ERROR] LogOutputStream:75 - [STDERR_REDIRECT] 
2025-09-16 20:28:16,872 [ERROR] LogOutputStream:75 - [STDERR_REDIRECT] Sep 16, 2025 8:28:16 PM java.util.prefs.FileSystemPreferences syncWorld
2025-09-16 20:28:16,872 [ERROR] LogOutputStream:75 - [STDERR_REDIRECT] WARNING: Couldn't flush system prefs: java.util.prefs.BackingStoreException: Couldn't get file lock.
2025-09-16 20:28:16,872 [ERROR] LogOutputStream:75 - [STDERR_REDIRECT] 
2025-09-16 20:28:46,871 [ERROR] LogOutputStream:75 - [STDERR_REDIRECT] Sep 16, 2025 8:28:46 PM java.util.prefs.FileSystemPreferences checkLockFile0ErrorCode
2025-09-16 20:28:46,871 [ERROR] LogOutputStream:75 - [STDERR_REDIRECT] WARNING: Could not lock System prefs. Unix error code 2.
2025-09-16 20:28:46,872 [ERROR] LogOutputStream:75 - [STDERR_REDIRECT] 
2025-09-16 20:28:46,872 [ERROR] LogOutputStream:75 - [STDERR_REDIRECT] Sep 16, 2025 8:28:46 PM java.util.prefs.FileSystemPreferences syncWorld
2025-09-16 20:28:46,872 [ERROR] LogOutputStream:75 - [STDERR_REDIRECT] WARNING: Couldn't flush system prefs: java.util.prefs.BackingStoreException: Couldn't get file lock.
2025-09-16 20:28:46,873 [ERROR] LogOutputStream:75 - [STDERR_REDIRECT] 
2025-09-16 20:29:16,870 [ERROR] LogOutputStream:75 - [STDERR_REDIRECT] Sep 16, 2025 8:29:16 PM java.util.prefs.FileSystemPreferences checkLockFile0ErrorCode
2025-09-16 20:29:16,870 [ERROR] LogOutputStream:75 - [STDERR_REDIRECT] WARNING: Could not lock System prefs. Unix error code 2.
2025-09-16 20:29:16,871 [ERROR] LogOutputStream:75 - [STDERR_REDIRECT] 
2025-09-16 20:29:16,871 [ERROR] LogOutputStream:75 - [STDERR_REDIRECT] Sep 16, 2025 8:29:16 PM java.util.prefs.FileSystemPreferences syncWorld
2025-09-16 20:29:16,871 [ERROR] LogOutputStream:75 - [STDERR_REDIRECT] WARNING: Couldn't flush system prefs: java.util.prefs.BackingStoreException: Couldn't get file lock.
2025-09-16 20:29:16,872 [ERROR] LogOutputStream:75 - [STDERR_REDIRECT] 
2025-09-16 20:29:46,870 [ERROR] LogOutputStream:75 - [STDERR_REDIRECT] Sep 16, 2025 8:29:46 PM java.util.prefs.FileSystemPreferences checkLockFile0ErrorCode
2025-09-16 20:29:46,871 [ERROR] LogOutputStream:75 - [STDERR_REDIRECT] WARNING: Could not lock System prefs. Unix error code 2.
2025-09-16 20:29:46,871 [ERROR] LogOutputStream:75 - [STDERR_REDIRECT] 
2025-09-16 20:29:46,872 [ERROR] LogOutputStream:75 - [STDERR_REDIRECT] Sep 16, 2025 8:29:46 PM java.util.prefs.FileSystemPreferences syncWorld
2025-09-16 20:29:46,872 [ERROR] LogOutputStream:75 - [STDERR_REDIRECT] WARNING: Couldn't flush system prefs: java.util.prefs.BackingStoreException: Couldn't get file lock.
2025-09-16 20:29:46,872 [ERROR] LogOutputStream:75 - [STDERR_REDIRECT] 
2025-09-16 20:30:16,870 [ERROR] LogOutputStream:75 - [STDERR_REDIRECT] Sep 16, 2025 8:30:16 PM java.util.prefs.FileSystemPreferences checkLockFile0ErrorCode
2025-09-16 20:30:16,871 [ERROR] LogOutputStream:75 - [STDERR_REDIRECT] WARNING: Could not lock System prefs. Unix error code 2.
2025-09-16 20:30:16,871 [ERROR] LogOutputStream:75 - [STDERR_REDIRECT] 
2025-09-16 20:30:16,872 [ERROR] LogOutputStream:75 - [STDERR_REDIRECT] Sep 16, 2025 8:30:16 PM java.util.prefs.FileSystemPreferences syncWorld
2025-09-16 20:30:16,872 [ERROR] LogOutputStream:75 - [STDERR_REDIRECT] WARNING: Couldn't flush system prefs: java.util.prefs.BackingStoreException: Couldn't get file lock.
2025-09-16 20:30:16,872 [ERROR] LogOutputStream:75 - [STDERR_REDIRECT] 
2025-09-16 20:30:46,870 [ERROR] LogOutputStream:75 - [STDERR_REDIRECT] Sep 16, 2025 8:30:46 PM java.util.prefs.FileSystemPreferences checkLockFile0ErrorCode
2025-09-16 20:30:46,871 [ERROR] LogOutputStream:75 - [STDERR_REDIRECT] WARNING: Could not lock System prefs. Unix error code 2.
2025-09-16 20:30:46,871 [ERROR] LogOutputStream:75 - [STDERR_REDIRECT] 
2025-09-16 20:30:46,872 [ERROR] LogOutputStream:75 - [STDERR_REDIRECT] Sep 16, 2025 8:30:46 PM java.util.prefs.FileSystemPreferences syncWorld
2025-09-16 20:30:46,872 [ERROR] LogOutputStream:75 - [STDERR_REDIRECT] WARNING: Couldn't flush system prefs: java.util.prefs.BackingStoreException: Couldn't get file lock.
2025-09-16 20:30:46,872 [ERROR] LogOutputStream:75 - [STDERR_REDIRECT] 
2025-09-16 20:31:16,871 [ERROR] LogOutputStream:75 - [STDERR_REDIRECT] Sep 16, 2025 8:31:16 PM java.util.prefs.FileSystemPreferences checkLockFile0ErrorCode
2025-09-16 20:31:16,872 [ERROR] LogOutputStream:75 - [STDERR_REDIRECT] WARNING: Could not lock System prefs. Unix error code 2.
2025-09-16 20:31:16,872 [ERROR] LogOutputStream:75 - [STDERR_REDIRECT] 
2025-09-16 20:31:16,873 [ERROR] LogOutputStream:75 - [STDERR_REDIRECT] Sep 16, 2025 8:31:16 PM java.util.prefs.FileSystemPreferences syncWorld
2025-09-16 20:31:16,873 [ERROR] LogOutputStream:75 - [STDERR_REDIRECT] WARNING: Couldn't flush system prefs: java.util.prefs.BackingStoreException: Couldn't get file lock.
2025-09-16 20:31:16,873 [ERROR] LogOutputStream:75 - [STDERR_REDIRECT] 
2025-09-16 20:31:46,872 [ERROR] LogOutputStream:75 - [STDERR_REDIRECT] Sep 16, 2025 8:31:46 PM java.util.prefs.FileSystemPreferences checkLockFile0ErrorCode
2025-09-16 20:31:46,872 [ERROR] LogOutputStream:75 - [STDERR_REDIRECT] WARNING: Could not lock System prefs. Unix error code 2.
2025-09-16 20:31:46,872 [ERROR] LogOutputStream:75 - [STDERR_REDIRECT] 
2025-09-16 20:31:46,873 [ERROR] LogOutputStream:75 - [STDERR_REDIRECT] Sep 16, 2025 8:31:46 PM java.util.prefs.FileSystemPreferences syncWorld
2025-09-16 20:31:46,873 [ERROR] LogOutputStream:75 - [STDERR_REDIRECT] WARNING: Couldn't flush system prefs: java.util.prefs.BackingStoreException: Couldn't get file lock.
2025-09-16 20:31:46,873 [ERROR] LogOutputStream:75 - [STDERR_REDIRECT] 
2025-09-16 20:32:16,872 [ERROR] LogOutputStream:75 - [STDERR_REDIRECT] Sep 16, 2025 8:32:16 PM java.util.prefs.FileSystemPreferences checkLockFile0ErrorCode
2025-09-16 20:32:16,873 [ERROR] LogOutputStream:75 - [STDERR_REDIRECT] WARNING: Could not lock System prefs. Unix error code 2.
2025-09-16 20:32:16,873 [ERROR] LogOutputStream:75 - [STDERR_REDIRECT] 
2025-09-16 20:32:16,874 [ERROR] LogOutputStream:75 - [STDERR_REDIRECT] Sep 16, 2025 8:32:16 PM java.util.prefs.FileSystemPreferences syncWorld
2025-09-16 20:32:16,874 [ERROR] LogOutputStream:75 - [STDERR_REDIRECT] WARNING: Couldn't flush system prefs: java.util.prefs.BackingStoreException: Couldn't get file lock.
2025-09-16 20:32:16,874 [ERROR] LogOutputStream:75 - [STDERR_REDIRECT] 
2025-09-16 20:32:46,872 [ERROR] LogOutputStream:75 - [STDERR_REDIRECT] Sep 16, 2025 8:32:46 PM java.util.prefs.FileSystemPreferences checkLockFile0ErrorCode
2025-09-16 20:32:46,873 [ERROR] LogOutputStream:75 - [STDERR_REDIRECT] WARNING: Could not lock System prefs. Unix error code 2.
2025-09-16 20:32:46,873 [ERROR] LogOutputStream:75 - [STDERR_REDIRECT] 
2025-09-16 20:32:46,873 [ERROR] LogOutputStream:75 - [STDERR_REDIRECT] Sep 16, 2025 8:32:46 PM java.util.prefs.FileSystemPreferences syncWorld
2025-09-16 20:32:46,873 [ERROR] LogOutputStream:75 - [STDERR_REDIRECT] WARNING: Couldn't flush system prefs: java.util.prefs.BackingStoreException: Couldn't get file lock.
2025-09-16 20:32:46,873 [ERROR] LogOutputStream:75 - [STDERR_REDIRECT] 
2025-09-16 20:33:16,873 [ERROR] LogOutputStream:75 - [STDERR_REDIRECT] Sep 16, 2025 8:33:16 PM java.util.prefs.FileSystemPreferences checkLockFile0ErrorCode
2025-09-16 20:33:16,873 [ERROR] LogOutputStream:75 - [STDERR_REDIRECT] WARNING: Could not lock System prefs. Unix error code 2.
2025-09-16 20:33:16,873 [ERROR] LogOutputStream:75 - [STDERR_REDIRECT] 
2025-09-16 20:33:16,874 [ERROR] LogOutputStream:75 - [STDERR_REDIRECT] Sep 16, 2025 8:33:16 PM java.util.prefs.FileSystemPreferences syncWorld
2025-09-16 20:33:16,874 [ERROR] LogOutputStream:75 - [STDERR_REDIRECT] WARNING: Couldn't flush system prefs: java.util.prefs.BackingStoreException: Couldn't get file lock.
2025-09-16 20:33:16,874 [ERROR] LogOutputStream:75 - [STDERR_REDIRECT] 
2025-09-16 20:33:46,873 [ERROR] LogOutputStream:75 - [STDERR_REDIRECT] Sep 16, 2025 8:33:46 PM java.util.prefs.FileSystemPreferences checkLockFile0ErrorCode
2025-09-16 20:33:46,874 [ERROR] LogOutputStream:75 - [STDERR_REDIRECT] WARNING: Could not lock System prefs. Unix error code 2.
2025-09-16 20:33:46,874 [ERROR] LogOutputStream:75 - [STDERR_REDIRECT] 
2025-09-16 20:33:46,874 [ERROR] LogOutputStream:75 - [STDERR_REDIRECT] Sep 16, 2025 8:33:46 PM java.util.prefs.FileSystemPreferences syncWorld
2025-09-16 20:33:46,875 [ERROR] LogOutputStream:75 - [STDERR_REDIRECT] WARNING: Couldn't flush system prefs: java.util.prefs.BackingStoreException: Couldn't get file lock.
2025-09-16 20:33:46,875 [ERROR] LogOutputStream:75 - [STDERR_REDIRECT] 
2025-09-16 20:34:16,873 [ERROR] LogOutputStream:75 - [STDERR_REDIRECT] Sep 16, 2025 8:34:16 PM java.util.prefs.FileSystemPreferences checkLockFile0ErrorCode
2025-09-16 20:34:16,873 [ERROR] LogOutputStream:75 - [STDERR_REDIRECT] WARNING: Could not lock System prefs. Unix error code 2.
2025-09-16 20:34:16,873 [ERROR] LogOutputStream:75 - [STDERR_REDIRECT] 
2025-09-16 20:34:16,874 [ERROR] LogOutputStream:75 - [STDERR_REDIRECT] Sep 16, 2025 8:34:16 PM java.util.prefs.FileSystemPreferences syncWorld
2025-09-16 20:34:16,874 [ERROR] LogOutputStream:75 - [STDERR_REDIRECT] WARNING: Couldn't flush system prefs: java.util.prefs.BackingStoreException: Couldn't get file lock.
2025-09-16 20:34:16,874 [ERROR] LogOutputStream:75 - [STDERR_REDIRECT] 
2025-09-16 20:34:46,873 [ERROR] LogOutputStream:75 - [STDERR_REDIRECT] Sep 16, 2025 8:34:46 PM java.util.prefs.FileSystemPreferences checkLockFile0ErrorCode
2025-09-16 20:34:46,874 [ERROR] LogOutputStream:75 - [STDERR_REDIRECT] WARNING: Could not lock System prefs. Unix error code 2.
2025-09-16 20:34:46,874 [ERROR] LogOutputStream:75 - [STDERR_REDIRECT] 
2025-09-16 20:34:46,874 [ERROR] LogOutputStream:75 - [STDERR_REDIRECT] Sep 16, 2025 8:34:46 PM java.util.prefs.FileSystemPreferences syncWorld
2025-09-16 20:34:46,875 [ERROR] LogOutputStream:75 - [STDERR_REDIRECT] WARNING: Couldn't flush system prefs: java.util.prefs.BackingStoreException: Couldn't get file lock.
2025-09-16 20:34:46,875 [ERROR] LogOutputStream:75 - [STDERR_REDIRECT] 
2025-09-16 20:35:16,873 [ERROR] LogOutputStream:75 - [STDERR_REDIRECT] Sep 16, 2025 8:35:16 PM java.util.prefs.FileSystemPreferences checkLockFile0ErrorCode
2025-09-16 20:35:16,874 [ERROR] LogOutputStream:75 - [STDERR_REDIRECT] WARNING: Could not lock System prefs. Unix error code 2.
2025-09-16 20:35:16,874 [ERROR] LogOutputStream:75 - [STDERR_REDIRECT] 
2025-09-16 20:35:16,875 [ERROR] LogOutputStream:75 - [STDERR_REDIRECT] Sep 16, 2025 8:35:16 PM java.util.prefs.FileSystemPreferences syncWorld
2025-09-16 20:35:16,875 [ERROR] LogOutputStream:75 - [STDERR_REDIRECT] WARNING: Couldn't flush system prefs: java.util.prefs.BackingStoreException: Couldn't get file lock.
2025-09-16 20:35:16,875 [ERROR] LogOutputStream:75 - [STDERR_REDIRECT] 
2025-09-16 20:35:46,873 [ERROR] LogOutputStream:75 - [STDERR_REDIRECT] Sep 16, 2025 8:35:46 PM java.util.prefs.FileSystemPreferences checkLockFile0ErrorCode
2025-09-16 20:35:46,874 [ERROR] LogOutputStream:75 - [STDERR_REDIRECT] WARNING: Could not lock System prefs. Unix error code 2.
2025-09-16 20:35:46,874 [ERROR] LogOutputStream:75 - [STDERR_REDIRECT] 
2025-09-16 20:35:46,874 [ERROR] LogOutputStream:75 - [STDERR_REDIRECT] Sep 16, 2025 8:35:46 PM java.util.prefs.FileSystemPreferences syncWorld
2025-09-16 20:35:46,874 [ERROR] LogOutputStream:75 - [STDERR_REDIRECT] WARNING: Couldn't flush system prefs: java.util.prefs.BackingStoreException: Couldn't get file lock.
2025-09-16 20:35:46,874 [ERROR] LogOutputStream:75 - [STDERR_REDIRECT] 
2025-09-16 20:36:16,873 [ERROR] LogOutputStream:75 - [STDERR_REDIRECT] Sep 16, 2025 8:36:16 PM java.util.prefs.FileSystemPreferences checkLockFile0ErrorCode
2025-09-16 20:36:16,873 [ERROR] LogOutputStream:75 - [STDERR_REDIRECT] WARNING: Could not lock System prefs. Unix error code 2.
2025-09-16 20:36:16,874 [ERROR] LogOutputStream:75 - [STDERR_REDIRECT] 
2025-09-16 20:36:16,874 [ERROR] LogOutputStream:75 - [STDERR_REDIRECT] Sep 16, 2025 8:36:16 PM java.util.prefs.FileSystemPreferences syncWorld
2025-09-16 20:36:16,874 [ERROR] LogOutputStream:75 - [STDERR_REDIRECT] WARNING: Couldn't flush system prefs: java.util.prefs.BackingStoreException: Couldn't get file lock.
2025-09-16 20:36:16,875 [ERROR] LogOutputStream:75 - [STDERR_REDIRECT] 
2025-09-16 20:36:46,873 [ERROR] LogOutputStream:75 - [STDERR_REDIRECT] Sep 16, 2025 8:36:46 PM java.util.prefs.FileSystemPreferences checkLockFile0ErrorCode
2025-09-16 20:36:46,873 [ERROR] LogOutputStream:75 - [STDERR_REDIRECT] WARNING: Could not lock System prefs. Unix error code 2.
2025-09-16 20:36:46,911 [ERROR] LogOutputStream:75 - [STDERR_REDIRECT] 
2025-09-16 20:36:46,912 [ERROR] LogOutputStream:75 - [STDERR_REDIRECT] Sep 16, 2025 8:36:46 PM java.util.prefs.FileSystemPreferences syncWorld
2025-09-16 20:36:46,912 [ERROR] LogOutputStream:75 - [STDERR_REDIRECT] WARNING: Couldn't flush system prefs: java.util.prefs.BackingStoreException: Couldn't get file lock.
2025-09-16 20:36:46,913 [ERROR] LogOutputStream:75 - [STDERR_REDIRECT] 
2025-09-16 20:37:16,874 [ERROR] LogOutputStream:75 - [STDERR_REDIRECT] Sep 16, 2025 8:37:16 PM java.util.prefs.FileSystemPreferences checkLockFile0ErrorCode
2025-09-16 20:37:16,874 [ERROR] LogOutputStream:75 - [STDERR_REDIRECT] WARNING: Could not lock System prefs. Unix error code 2.
2025-09-16 20:37:16,874 [ERROR] LogOutputStream:75 - [STDERR_REDIRECT] 
2025-09-16 20:37:16,875 [ERROR] LogOutputStream:75 - [STDERR_REDIRECT] Sep 16, 2025 8:37:16 PM java.util.prefs.FileSystemPreferences syncWorld
2025-09-16 20:37:16,875 [ERROR] LogOutputStream:75 - [STDERR_REDIRECT] WARNING: Couldn't flush system prefs: java.util.prefs.BackingStoreException: Couldn't get file lock.
2025-09-16 20:37:16,875 [ERROR] LogOutputStream:75 - [STDERR_REDIRECT] 
2025-09-16 20:37:46,874 [ERROR] LogOutputStream:75 - [STDERR_REDIRECT] Sep 16, 2025 8:37:46 PM java.util.prefs.FileSystemPreferences checkLockFile0ErrorCode
2025-09-16 20:37:46,874 [ERROR] LogOutputStream:75 - [STDERR_REDIRECT] WARNING: Could not lock System prefs. Unix error code 2.
2025-09-16 20:37:46,874 [ERROR] LogOutputStream:75 - [STDERR_REDIRECT] 
2025-09-16 20:37:46,875 [ERROR] LogOutputStream:75 - [STDERR_REDIRECT] Sep 16, 2025 8:37:46 PM java.util.prefs.FileSystemPreferences syncWorld
2025-09-16 20:37:46,875 [ERROR] LogOutputStream:75 - [STDERR_REDIRECT] WARNING: Couldn't flush system prefs: java.util.prefs.BackingStoreException: Couldn't get file lock.
2025-09-16 20:37:46,875 [ERROR] LogOutputStream:75 - [STDERR_REDIRECT] 
2025-09-16 20:38:16,876 [ERROR] LogOutputStream:75 - [STDERR_REDIRECT] Sep 16, 2025 8:38:16 PM java.util.prefs.FileSystemPreferences checkLockFile0ErrorCode
2025-09-16 20:38:16,876 [ERROR] LogOutputStream:75 - [STDERR_REDIRECT] WARNING: Could not lock System prefs. Unix error code 2.
2025-09-16 20:38:16,877 [ERROR] LogOutputStream:75 - [STDERR_REDIRECT] 
2025-09-16 20:38:16,878 [ERROR] LogOutputStream:75 - [STDERR_REDIRECT] Sep 16, 2025 8:38:16 PM java.util.prefs.FileSystemPreferences syncWorld
2025-09-16 20:38:16,878 [ERROR] LogOutputStream:75 - [STDERR_REDIRECT] WARNING: Couldn't flush system prefs: java.util.prefs.BackingStoreException: Couldn't get file lock.
2025-09-16 20:38:16,878 [ERROR] LogOutputStream:75 - [STDERR_REDIRECT] 
2025-09-16 20:38:46,874 [ERROR] LogOutputStream:75 - [STDERR_REDIRECT] Sep 16, 2025 8:38:46 PM java.util.prefs.FileSystemPreferences checkLockFile0ErrorCode
2025-09-16 20:38:46,875 [ERROR] LogOutputStream:75 - [STDERR_REDIRECT] WARNING: Could not lock System prefs. Unix error code 2.
2025-09-16 20:38:46,875 [ERROR] LogOutputStream:75 - [STDERR_REDIRECT] 
2025-09-16 20:38:46,875 [ERROR] LogOutputStream:75 - [STDERR_REDIRECT] Sep 16, 2025 8:38:46 PM java.util.prefs.FileSystemPreferences syncWorld
2025-09-16 20:38:46,876 [ERROR] LogOutputStream:75 - [STDERR_REDIRECT] WARNING: Couldn't flush system prefs: java.util.prefs.BackingStoreException: Couldn't get file lock.
2025-09-16 20:38:46,876 [ERROR] LogOutputStream:75 - [STDERR_REDIRECT] 
2025-09-16 20:39:16,874 [ERROR] LogOutputStream:75 - [STDERR_REDIRECT] Sep 16, 2025 8:39:16 PM java.util.prefs.FileSystemPreferences checkLockFile0ErrorCode
2025-09-16 20:39:16,874 [ERROR] LogOutputStream:75 - [STDERR_REDIRECT] WARNING: Could not lock System prefs. Unix error code 2.
2025-09-16 20:39:16,875 [ERROR] LogOutputStream:75 - [STDERR_REDIRECT] 
2025-09-16 20:39:16,875 [ERROR] LogOutputStream:75 - [STDERR_REDIRECT] Sep 16, 2025 8:39:16 PM java.util.prefs.FileSystemPreferences syncWorld
2025-09-16 20:39:16,876 [ERROR] LogOutputStream:75 - [STDERR_REDIRECT] WARNING: Couldn't flush system prefs: java.util.prefs.BackingStoreException: Couldn't get file lock.
2025-09-16 20:39:16,876 [ERROR] LogOutputStream:75 - [STDERR_REDIRECT] 
2025-09-16 20:39:46,874 [ERROR] LogOutputStream:75 - [STDERR_REDIRECT] Sep 16, 2025 8:39:46 PM java.util.prefs.FileSystemPreferences checkLockFile0ErrorCode
2025-09-16 20:39:46,874 [ERROR] LogOutputStream:75 - [STDERR_REDIRECT] WARNING: Could not lock System prefs. Unix error code 2.
2025-09-16 20:39:46,874 [ERROR] LogOutputStream:75 - [STDERR_REDIRECT] 
2025-09-16 20:39:46,875 [ERROR] LogOutputStream:75 - [STDERR_REDIRECT] Sep 16, 2025 8:39:46 PM java.util.prefs.FileSystemPreferences syncWorld
2025-09-16 20:39:46,875 [ERROR] LogOutputStream:75 - [STDERR_REDIRECT] WARNING: Couldn't flush system prefs: java.util.prefs.BackingStoreException: Couldn't get file lock.
2025-09-16 20:39:46,875 [ERROR] LogOutputStream:75 - [STDERR_REDIRECT] 
2025-09-16 20:40:16,875 [ERROR] LogOutputStream:75 - [STDERR_REDIRECT] Sep 16, 2025 8:40:16 PM java.util.prefs.FileSystemPreferences checkLockFile0ErrorCode
2025-09-16 20:40:16,876 [ERROR] LogOutputStream:75 - [STDERR_REDIRECT] WARNING: Could not lock System prefs. Unix error code 2.
2025-09-16 20:40:16,876 [ERROR] LogOutputStream:75 - [STDERR_REDIRECT] 
2025-09-16 20:40:16,876 [ERROR] LogOutputStream:75 - [STDERR_REDIRECT] Sep 16, 2025 8:40:16 PM java.util.prefs.FileSystemPreferences syncWorld
2025-09-16 20:40:16,877 [ERROR] LogOutputStream:75 - [STDERR_REDIRECT] WARNING: Couldn't flush system prefs: java.util.prefs.BackingStoreException: Couldn't get file lock.
2025-09-16 20:40:16,877 [ERROR] LogOutputStream:75 - [STDERR_REDIRECT] 
2025-09-16 20:40:46,875 [ERROR] LogOutputStream:75 - [STDERR_REDIRECT] Sep 16, 2025 8:40:46 PM java.util.prefs.FileSystemPreferences checkLockFile0ErrorCode
2025-09-16 20:40:46,875 [ERROR] LogOutputStream:75 - [STDERR_REDIRECT] WARNING: Could not lock System prefs. Unix error code 2.
2025-09-16 20:40:46,876 [ERROR] LogOutputStream:75 - [STDERR_REDIRECT] 
2025-09-16 20:40:46,876 [ERROR] LogOutputStream:75 - [STDERR_REDIRECT] Sep 16, 2025 8:40:46 PM java.util.prefs.FileSystemPreferences syncWorld
2025-09-16 20:40:46,876 [ERROR] LogOutputStream:75 - [STDERR_REDIRECT] WARNING: Couldn't flush system prefs: java.util.prefs.BackingStoreException: Couldn't get file lock.
2025-09-16 20:40:46,876 [ERROR] LogOutputStream:75 - [STDERR_REDIRECT] 
2025-09-16 20:41:16,874 [ERROR] LogOutputStream:75 - [STDERR_REDIRECT] Sep 16, 2025 8:41:16 PM java.util.prefs.FileSystemPreferences checkLockFile0ErrorCode
2025-09-16 20:41:16,875 [ERROR] LogOutputStream:75 - [STDERR_REDIRECT] WARNING: Could not lock System prefs. Unix error code 2.
2025-09-16 20:41:16,875 [ERROR] LogOutputStream:75 - [STDERR_REDIRECT] 
2025-09-16 20:41:16,875 [ERROR] LogOutputStream:75 - [STDERR_REDIRECT] Sep 16, 2025 8:41:16 PM java.util.prefs.FileSystemPreferences syncWorld
2025-09-16 20:41:16,876 [ERROR] LogOutputStream:75 - [STDERR_REDIRECT] WARNING: Couldn't flush system prefs: java.util.prefs.BackingStoreException: Couldn't get file lock.
2025-09-16 20:41:16,876 [ERROR] LogOutputStream:75 - [STDERR_REDIRECT] 
2025-09-16 20:41:46,874 [ERROR] LogOutputStream:75 - [STDERR_REDIRECT] Sep 16, 2025 8:41:46 PM java.util.prefs.FileSystemPreferences checkLockFile0ErrorCode
2025-09-16 20:41:46,874 [ERROR] LogOutputStream:75 - [STDERR_REDIRECT] WARNING: Could not lock System prefs. Unix error code 2.
2025-09-16 20:41:46,874 [ERROR] LogOutputStream:75 - [STDERR_REDIRECT] 
2025-09-16 20:41:46,875 [ERROR] LogOutputStream:75 - [STDERR_REDIRECT] Sep 16, 2025 8:41:46 PM java.util.prefs.FileSystemPreferences syncWorld
2025-09-16 20:41:46,875 [ERROR] LogOutputStream:75 - [STDERR_REDIRECT] WARNING: Couldn't flush system prefs: java.util.prefs.BackingStoreException: Couldn't get file lock.
2025-09-16 20:41:46,875 [ERROR] LogOutputStream:75 - [STDERR_REDIRECT] 
2025-09-16 20:42:16,874 [ERROR] LogOutputStream:75 - [STDERR_REDIRECT] Sep 16, 2025 8:42:16 PM java.util.prefs.FileSystemPreferences checkLockFile0ErrorCode
2025-09-16 20:42:16,874 [ERROR] LogOutputStream:75 - [STDERR_REDIRECT] WARNING: Could not lock System prefs. Unix error code 2.
2025-09-16 20:42:16,874 [ERROR] LogOutputStream:75 - [STDERR_REDIRECT] 
2025-09-16 20:42:16,875 [ERROR] LogOutputStream:75 - [STDERR_REDIRECT] Sep 16, 2025 8:42:16 PM java.util.prefs.FileSystemPreferences syncWorld
2025-09-16 20:42:16,875 [ERROR] LogOutputStream:75 - [STDERR_REDIRECT] WARNING: Couldn't flush system prefs: java.util.prefs.BackingStoreException: Couldn't get file lock.
2025-09-16 20:42:16,875 [ERROR] LogOutputStream:75 - [STDERR_REDIRECT] 
2025-09-16 20:42:46,875 [ERROR] LogOutputStream:75 - [STDERR_REDIRECT] Sep 16, 2025 8:42:46 PM java.util.prefs.FileSystemPreferences checkLockFile0ErrorCode
2025-09-16 20:42:46,876 [ERROR] LogOutputStream:75 - [STDERR_REDIRECT] WARNING: Could not lock System prefs. Unix error code 2.
2025-09-16 20:42:46,876 [ERROR] LogOutputStream:75 - [STDERR_REDIRECT] 
2025-09-16 20:42:46,877 [ERROR] LogOutputStream:75 - [STDERR_REDIRECT] Sep 16, 2025 8:42:46 PM java.util.prefs.FileSystemPreferences syncWorld
2025-09-16 20:42:46,877 [ERROR] LogOutputStream:75 - [STDERR_REDIRECT] WARNING: Couldn't flush system prefs: java.util.prefs.BackingStoreException: Couldn't get file lock.
2025-09-16 20:42:46,877 [ERROR] LogOutputStream:75 - [STDERR_REDIRECT] 
2025-09-16 20:43:16,875 [ERROR] LogOutputStream:75 - [STDERR_REDIRECT] Sep 16, 2025 8:43:16 PM java.util.prefs.FileSystemPreferences checkLockFile0ErrorCode
2025-09-16 20:43:16,876 [ERROR] LogOutputStream:75 - [STDERR_REDIRECT] WARNING: Could not lock System prefs. Unix error code 2.
2025-09-16 20:43:16,876 [ERROR] LogOutputStream:75 - [STDERR_REDIRECT] 
2025-09-16 20:43:16,876 [ERROR] LogOutputStream:75 - [STDERR_REDIRECT] Sep 16, 2025 8:43:16 PM java.util.prefs.FileSystemPreferences syncWorld
2025-09-16 20:43:16,876 [ERROR] LogOutputStream:75 - [STDERR_REDIRECT] WARNING: Couldn't flush system prefs: java.util.prefs.BackingStoreException: Couldn't get file lock.
2025-09-16 20:43:16,877 [ERROR] LogOutputStream:75 - [STDERR_REDIRECT] 
2025-09-16 20:43:46,873 [ERROR] LogOutputStream:75 - [STDERR_REDIRECT] Sep 16, 2025 8:43:46 PM java.util.prefs.FileSystemPreferences checkLockFile0ErrorCode
2025-09-16 20:43:46,874 [ERROR] LogOutputStream:75 - [STDERR_REDIRECT] WARNING: Could not lock System prefs. Unix error code 2.
2025-09-16 20:43:46,874 [ERROR] LogOutputStream:75 - [STDERR_REDIRECT] 
2025-09-16 20:43:46,874 [ERROR] LogOutputStream:75 - [STDERR_REDIRECT] Sep 16, 2025 8:43:46 PM java.util.prefs.FileSystemPreferences syncWorld
2025-09-16 20:43:46,874 [ERROR] LogOutputStream:75 - [STDERR_REDIRECT] WARNING: Couldn't flush system prefs: java.util.prefs.BackingStoreException: Couldn't get file lock.
2025-09-16 20:43:46,875 [ERROR] LogOutputStream:75 - [STDERR_REDIRECT] 
2025-09-16 20:44:16,874 [ERROR] LogOutputStream:75 - [STDERR_REDIRECT] Sep 16, 2025 8:44:16 PM java.util.prefs.FileSystemPreferences checkLockFile0ErrorCode
2025-09-16 20:44:16,874 [ERROR] LogOutputStream:75 - [STDERR_REDIRECT] WARNING: Could not lock System prefs. Unix error code 2.
2025-09-16 20:44:16,874 [ERROR] LogOutputStream:75 - [STDERR_REDIRECT] 
2025-09-16 20:44:16,875 [ERROR] LogOutputStream:75 - [STDERR_REDIRECT] Sep 16, 2025 8:44:16 PM java.util.prefs.FileSystemPreferences syncWorld
2025-09-16 20:44:16,875 [ERROR] LogOutputStream:75 - [STDERR_REDIRECT] WARNING: Couldn't flush system prefs: java.util.prefs.BackingStoreException: Couldn't get file lock.
2025-09-16 20:44:16,875 [ERROR] LogOutputStream:75 - [STDERR_REDIRECT] 
2025-09-16 20:44:46,874 [ERROR] LogOutputStream:75 - [STDERR_REDIRECT] Sep 16, 2025 8:44:46 PM java.util.prefs.FileSystemPreferences checkLockFile0ErrorCode
2025-09-16 20:44:46,874 [ERROR] LogOutputStream:75 - [STDERR_REDIRECT] WARNING: Could not lock System prefs. Unix error code 2.
2025-09-16 20:44:46,875 [ERROR] LogOutputStream:75 - [STDERR_REDIRECT] 
2025-09-16 20:44:46,875 [ERROR] LogOutputStream:75 - [STDERR_REDIRECT] Sep 16, 2025 8:44:46 PM java.util.prefs.FileSystemPreferences syncWorld
2025-09-16 20:44:46,875 [ERROR] LogOutputStream:75 - [STDERR_REDIRECT] WARNING: Couldn't flush system prefs: java.util.prefs.BackingStoreException: Couldn't get file lock.
2025-09-16 20:44:46,875 [ERROR] LogOutputStream:75 - [STDERR_REDIRECT] 
2025-09-16 20:45:16,874 [ERROR] LogOutputStream:75 - [STDERR_REDIRECT] Sep 16, 2025 8:45:16 PM java.util.prefs.FileSystemPreferences checkLockFile0ErrorCode
2025-09-16 20:45:16,875 [ERROR] LogOutputStream:75 - [STDERR_REDIRECT] WARNING: Could not lock System prefs. Unix error code 2.
2025-09-16 20:45:16,875 [ERROR] LogOutputStream:75 - [STDERR_REDIRECT] 
2025-09-16 20:45:16,875 [ERROR] LogOutputStream:75 - [STDERR_REDIRECT] Sep 16, 2025 8:45:16 PM java.util.prefs.FileSystemPreferences syncWorld
2025-09-16 20:45:16,875 [ERROR] LogOutputStream:75 - [STDERR_REDIRECT] WARNING: Couldn't flush system prefs: java.util.prefs.BackingStoreException: Couldn't get file lock.
2025-09-16 20:45:16,876 [ERROR] LogOutputStream:75 - [STDERR_REDIRECT] 
2025-09-16 20:45:46,875 [ERROR] LogOutputStream:75 - [STDERR_REDIRECT] Sep 16, 2025 8:45:46 PM java.util.prefs.FileSystemPreferences checkLockFile0ErrorCode
2025-09-16 20:45:46,875 [ERROR] LogOutputStream:75 - [STDERR_REDIRECT] WARNING: Could not lock System prefs. Unix error code 2.
2025-09-16 20:45:46,913 [ERROR] LogOutputStream:75 - [STDERR_REDIRECT] 
2025-09-16 20:45:46,913 [ERROR] LogOutputStream:75 - [STDERR_REDIRECT] Sep 16, 2025 8:45:46 PM java.util.prefs.FileSystemPreferences syncWorld
2025-09-16 20:45:46,913 [ERROR] LogOutputStream:75 - [STDERR_REDIRECT] WARNING: Couldn't flush system prefs: java.util.prefs.BackingStoreException: Couldn't get file lock.
2025-09-16 20:45:46,914 [ERROR] LogOutputStream:75 - [STDERR_REDIRECT] 
2025-09-16 20:46:16,875 [ERROR] LogOutputStream:75 - [STDERR_REDIRECT] Sep 16, 2025 8:46:16 PM java.util.prefs.FileSystemPreferences checkLockFile0ErrorCode
2025-09-16 20:46:16,875 [ERROR] LogOutputStream:75 - [STDERR_REDIRECT] WARNING: Could not lock System prefs. Unix error code 2.
2025-09-16 20:46:16,875 [ERROR] LogOutputStream:75 - [STDERR_REDIRECT] 
2025-09-16 20:46:16,876 [ERROR] LogOutputStream:75 - [STDERR_REDIRECT] Sep 16, 2025 8:46:16 PM java.util.prefs.FileSystemPreferences syncWorld
2025-09-16 20:46:16,876 [ERROR] LogOutputStream:75 - [STDERR_REDIRECT] WARNING: Couldn't flush system prefs: java.util.prefs.BackingStoreException: Couldn't get file lock.
2025-09-16 20:46:16,876 [ERROR] LogOutputStream:75 - [STDERR_REDIRECT] 
2025-09-16 20:46:46,875 [ERROR] LogOutputStream:75 - [STDERR_REDIRECT] Sep 16, 2025 8:46:46 PM java.util.prefs.FileSystemPreferences checkLockFile0ErrorCode
2025-09-16 20:46:46,876 [ERROR] LogOutputStream:75 - [STDERR_REDIRECT] WARNING: Could not lock System prefs. Unix error code 2.
2025-09-16 20:46:46,876 [ERROR] LogOutputStream:75 - [STDERR_REDIRECT] 
2025-09-16 20:46:46,876 [ERROR] LogOutputStream:75 - [STDERR_REDIRECT] Sep 16, 2025 8:46:46 PM java.util.prefs.FileSystemPreferences syncWorld
2025-09-16 20:46:46,877 [ERROR] LogOutputStream:75 - [STDERR_REDIRECT] WARNING: Couldn't flush system prefs: java.util.prefs.BackingStoreException: Couldn't get file lock.
2025-09-16 20:46:46,877 [ERROR] LogOutputStream:75 - [STDERR_REDIRECT] 
2025-09-16 20:47:16,875 [ERROR] LogOutputStream:75 - [STDERR_REDIRECT] Sep 16, 2025 8:47:16 PM java.util.prefs.FileSystemPreferences checkLockFile0ErrorCode
2025-09-16 20:47:16,876 [ERROR] LogOutputStream:75 - [STDERR_REDIRECT] WARNING: Could not lock System prefs. Unix error code 2.
2025-09-16 20:47:16,876 [ERROR] LogOutputStream:75 - [STDERR_REDIRECT] 
2025-09-16 20:47:16,877 [ERROR] LogOutputStream:75 - [STDERR_REDIRECT] Sep 16, 2025 8:47:16 PM java.util.prefs.FileSystemPreferences syncWorld
2025-09-16 20:47:16,877 [ERROR] LogOutputStream:75 - [STDERR_REDIRECT] WARNING: Couldn't flush system prefs: java.util.prefs.BackingStoreException: Couldn't get file lock.
2025-09-16 20:47:16,877 [ERROR] LogOutputStream:75 - [STDERR_REDIRECT] 
2025-09-16 20:47:46,875 [ERROR] LogOutputStream:75 - [STDERR_REDIRECT] Sep 16, 2025 8:47:46 PM java.util.prefs.FileSystemPreferences checkLockFile0ErrorCode
2025-09-16 20:47:46,875 [ERROR] LogOutputStream:75 - [STDERR_REDIRECT] WARNING: Could not lock System prefs. Unix error code 2.
2025-09-16 20:47:46,875 [ERROR] LogOutputStream:75 - [STDERR_REDIRECT] 
2025-09-16 20:47:46,876 [ERROR] LogOutputStream:75 - [STDERR_REDIRECT] Sep 16, 2025 8:47:46 PM java.util.prefs.FileSystemPreferences syncWorld
2025-09-16 20:47:46,876 [ERROR] LogOutputStream:75 - [STDERR_REDIRECT] WARNING: Couldn't flush system prefs: java.util.prefs.BackingStoreException: Couldn't get file lock.
2025-09-16 20:47:46,876 [ERROR] LogOutputStream:75 - [STDERR_REDIRECT] 
2025-09-16 20:48:16,875 [ERROR] LogOutputStream:75 - [STDERR_REDIRECT] Sep 16, 2025 8:48:16 PM java.util.prefs.FileSystemPreferences checkLockFile0ErrorCode
2025-09-16 20:48:16,875 [ERROR] LogOutputStream:75 - [STDERR_REDIRECT] WARNING: Could not lock System prefs. Unix error code 2.
2025-09-16 20:48:16,875 [ERROR] LogOutputStream:75 - [STDERR_REDIRECT] 
2025-09-16 20:48:16,875 [ERROR] LogOutputStream:75 - [STDERR_REDIRECT] Sep 16, 2025 8:48:16 PM java.util.prefs.FileSystemPreferences syncWorld
2025-09-16 20:48:16,875 [ERROR] LogOutputStream:75 - [STDERR_REDIRECT] WARNING: Couldn't flush system prefs: java.util.prefs.BackingStoreException: Couldn't get file lock.
2025-09-16 20:48:16,876 [ERROR] LogOutputStream:75 - [STDERR_REDIRECT] 
2025-09-16 20:48:46,874 [ERROR] LogOutputStream:75 - [STDERR_REDIRECT] Sep 16, 2025 8:48:46 PM java.util.prefs.FileSystemPreferences checkLockFile0ErrorCode
2025-09-16 20:48:46,874 [ERROR] LogOutputStream:75 - [STDERR_REDIRECT] WARNING: Could not lock System prefs. Unix error code 2.
2025-09-16 20:48:46,875 [ERROR] LogOutputStream:75 - [STDERR_REDIRECT] 
2025-09-16 20:48:46,875 [ERROR] LogOutputStream:75 - [STDERR_REDIRECT] Sep 16, 2025 8:48:46 PM java.util.prefs.FileSystemPreferences syncWorld
2025-09-16 20:48:46,875 [ERROR] LogOutputStream:75 - [STDERR_REDIRECT] WARNING: Couldn't flush system prefs: java.util.prefs.BackingStoreException: Couldn't get file lock.
2025-09-16 20:48:46,875 [ERROR] LogOutputStream:75 - [STDERR_REDIRECT] 
2025-09-16 20:49:16,874 [ERROR] LogOutputStream:75 - [STDERR_REDIRECT] Sep 16, 2025 8:49:16 PM java.util.prefs.FileSystemPreferences checkLockFile0ErrorCode
2025-09-16 20:49:16,874 [ERROR] LogOutputStream:75 - [STDERR_REDIRECT] WARNING: Could not lock System prefs. Unix error code 2.
2025-09-16 20:49:16,874 [ERROR] LogOutputStream:75 - [STDERR_REDIRECT] 
2025-09-16 20:49:16,874 [ERROR] LogOutputStream:75 - [STDERR_REDIRECT] Sep 16, 2025 8:49:16 PM java.util.prefs.FileSystemPreferences syncWorld
2025-09-16 20:49:16,874 [ERROR] LogOutputStream:75 - [STDERR_REDIRECT] WARNING: Couldn't flush system prefs: java.util.prefs.BackingStoreException: Couldn't get file lock.
2025-09-16 20:49:16,874 [ERROR] LogOutputStream:75 - [STDERR_REDIRECT] 
2025-09-16 20:49:46,875 [ERROR] LogOutputStream:75 - [STDERR_REDIRECT] Sep 16, 2025 8:49:46 PM java.util.prefs.FileSystemPreferences checkLockFile0ErrorCode
2025-09-16 20:49:46,875 [ERROR] LogOutputStream:75 - [STDERR_REDIRECT] WARNING: Could not lock System prefs. Unix error code 2.
2025-09-16 20:49:46,875 [ERROR] LogOutputStream:75 - [STDERR_REDIRECT] 
2025-09-16 20:49:46,875 [ERROR] LogOutputStream:75 - [STDERR_REDIRECT] Sep 16, 2025 8:49:46 PM java.util.prefs.FileSystemPreferences syncWorld
2025-09-16 20:49:46,875 [ERROR] LogOutputStream:75 - [STDERR_REDIRECT] WARNING: Couldn't flush system prefs: java.util.prefs.BackingStoreException: Couldn't get file lock.
2025-09-16 20:49:46,875 [ERROR] LogOutputStream:75 - [STDERR_REDIRECT] 
2025-09-16 20:50:16,875 [ERROR] LogOutputStream:75 - [STDERR_REDIRECT] Sep 16, 2025 8:50:16 PM java.util.prefs.FileSystemPreferences checkLockFile0ErrorCode
2025-09-16 20:50:16,875 [ERROR] LogOutputStream:75 - [STDERR_REDIRECT] WARNING: Could not lock System prefs. Unix error code 2.
2025-09-16 20:50:16,875 [ERROR] LogOutputStream:75 - [STDERR_REDIRECT] 
2025-09-16 20:50:16,876 [ERROR] LogOutputStream:75 - [STDERR_REDIRECT] Sep 16, 2025 8:50:16 PM java.util.prefs.FileSystemPreferences syncWorld
2025-09-16 20:50:16,876 [ERROR] LogOutputStream:75 - [STDERR_REDIRECT] WARNING: Couldn't flush system prefs: java.util.prefs.BackingStoreException: Couldn't get file lock.
2025-09-16 20:50:16,876 [ERROR] LogOutputStream:75 - [STDERR_REDIRECT] 
2025-09-16 20:50:46,875 [ERROR] LogOutputStream:75 - [STDERR_REDIRECT] Sep 16, 2025 8:50:46 PM java.util.prefs.FileSystemPreferences checkLockFile0ErrorCode
2025-09-16 20:50:46,875 [ERROR] LogOutputStream:75 - [STDERR_REDIRECT] WARNING: Could not lock System prefs. Unix error code 2.
2025-09-16 20:50:46,875 [ERROR] LogOutputStream:75 - [STDERR_REDIRECT] 
2025-09-16 20:50:46,876 [ERROR] LogOutputStream:75 - [STDERR_REDIRECT] Sep 16, 2025 8:50:46 PM java.util.prefs.FileSystemPreferences syncWorld
2025-09-16 20:50:46,876 [ERROR] LogOutputStream:75 - [STDERR_REDIRECT] WARNING: Couldn't flush system prefs: java.util.prefs.BackingStoreException: Couldn't get file lock.
2025-09-16 20:50:46,876 [ERROR] LogOutputStream:75 - [STDERR_REDIRECT] 
2025-09-16 20:51:16,875 [ERROR] LogOutputStream:75 - [STDERR_REDIRECT] Sep 16, 2025 8:51:16 PM java.util.prefs.FileSystemPreferences checkLockFile0ErrorCode
2025-09-16 20:51:16,875 [ERROR] LogOutputStream:75 - [STDERR_REDIRECT] WARNING: Could not lock System prefs. Unix error code 2.
2025-09-16 20:51:16,875 [ERROR] LogOutputStream:75 - [STDERR_REDIRECT] 
2025-09-16 20:51:16,876 [ERROR] LogOutputStream:75 - [STDERR_REDIRECT] Sep 16, 2025 8:51:16 PM java.util.prefs.FileSystemPreferences syncWorld
2025-09-16 20:51:16,876 [ERROR] LogOutputStream:75 - [STDERR_REDIRECT] WARNING: Couldn't flush system prefs: java.util.prefs.BackingStoreException: Couldn't get file lock.
2025-09-16 20:51:16,876 [ERROR] LogOutputStream:75 - [STDERR_REDIRECT] 
2025-09-16 20:51:46,875 [ERROR] LogOutputStream:75 - [STDERR_REDIRECT] Sep 16, 2025 8:51:46 PM java.util.prefs.FileSystemPreferences checkLockFile0ErrorCode
2025-09-16 20:51:46,875 [ERROR] LogOutputStream:75 - [STDERR_REDIRECT] WARNING: Could not lock System prefs. Unix error code 2.
2025-09-16 20:51:46,875 [ERROR] LogOutputStream:75 - [STDERR_REDIRECT] 
2025-09-16 20:51:46,875 [ERROR] LogOutputStream:75 - [STDERR_REDIRECT] Sep 16, 2025 8:51:46 PM java.util.prefs.FileSystemPreferences syncWorld
2025-09-16 20:51:46,875 [ERROR] LogOutputStream:75 - [STDERR_REDIRECT] WARNING: Couldn't flush system prefs: java.util.prefs.BackingStoreException: Couldn't get file lock.
2025-09-16 20:51:46,875 [ERROR] LogOutputStream:75 - [STDERR_REDIRECT] 
2025-09-16 20:52:16,876 [ERROR] LogOutputStream:75 - [STDERR_REDIRECT] Sep 16, 2025 8:52:16 PM java.util.prefs.FileSystemPreferences checkLockFile0ErrorCode
2025-09-16 20:52:16,876 [ERROR] LogOutputStream:75 - [STDERR_REDIRECT] WARNING: Could not lock System prefs. Unix error code 2.
2025-09-16 20:52:16,876 [ERROR] LogOutputStream:75 - [STDERR_REDIRECT] 
2025-09-16 20:52:16,876 [ERROR] LogOutputStream:75 - [STDERR_REDIRECT] Sep 16, 2025 8:52:16 PM java.util.prefs.FileSystemPreferences syncWorld
2025-09-16 20:52:16,876 [ERROR] LogOutputStream:75 - [STDERR_REDIRECT] WARNING: Couldn't flush system prefs: java.util.prefs.BackingStoreException: Couldn't get file lock.
2025-09-16 20:52:16,876 [ERROR] LogOutputStream:75 - [STDERR_REDIRECT] 
2025-09-16 20:52:46,875 [ERROR] LogOutputStream:75 - [STDERR_REDIRECT] Sep 16, 2025 8:52:46 PM java.util.prefs.FileSystemPreferences checkLockFile0ErrorCode
2025-09-16 20:52:46,876 [ERROR] LogOutputStream:75 - [STDERR_REDIRECT] WARNING: Could not lock System prefs. Unix error code 2.
2025-09-16 20:52:46,876 [ERROR] LogOutputStream:75 - [STDERR_REDIRECT] 
2025-09-16 20:52:46,876 [ERROR] LogOutputStream:75 - [STDERR_REDIRECT] Sep 16, 2025 8:52:46 PM java.util.prefs.FileSystemPreferences syncWorld
2025-09-16 20:52:46,876 [ERROR] LogOutputStream:75 - [STDERR_REDIRECT] WARNING: Couldn't flush system prefs: java.util.prefs.BackingStoreException: Couldn't get file lock.
2025-09-16 20:52:46,876 [ERROR] LogOutputStream:75 - [STDERR_REDIRECT] 
2025-09-16 20:53:16,875 [ERROR] LogOutputStream:75 - [STDERR_REDIRECT] Sep 16, 2025 8:53:16 PM java.util.prefs.FileSystemPreferences checkLockFile0ErrorCode
2025-09-16 20:53:16,875 [ERROR] LogOutputStream:75 - [STDERR_REDIRECT] WARNING: Could not lock System prefs. Unix error code 2.
2025-09-16 20:53:16,875 [ERROR] LogOutputStream:75 - [STDERR_REDIRECT] 
2025-09-16 20:53:16,875 [ERROR] LogOutputStream:75 - [STDERR_REDIRECT] Sep 16, 2025 8:53:16 PM java.util.prefs.FileSystemPreferences syncWorld
2025-09-16 20:53:16,875 [ERROR] LogOutputStream:75 - [STDERR_REDIRECT] WARNING: Couldn't flush system prefs: java.util.prefs.BackingStoreException: Couldn't get file lock.
2025-09-16 20:53:16,876 [ERROR] LogOutputStream:75 - [STDERR_REDIRECT] 
2025-09-16 20:53:46,875 [ERROR] LogOutputStream:75 - [STDERR_REDIRECT] Sep 16, 2025 8:53:46 PM java.util.prefs.FileSystemPreferences checkLockFile0ErrorCode
2025-09-16 20:53:46,875 [ERROR] LogOutputStream:75 - [STDERR_REDIRECT] WARNING: Could not lock System prefs. Unix error code 2.
2025-09-16 20:53:46,875 [ERROR] LogOutputStream:75 - [STDERR_REDIRECT] 
2025-09-16 20:53:46,875 [ERROR] LogOutputStream:75 - [STDERR_REDIRECT] Sep 16, 2025 8:53:46 PM java.util.prefs.FileSystemPreferences syncWorld
2025-09-16 20:53:46,875 [ERROR] LogOutputStream:75 - [STDERR_REDIRECT] WARNING: Couldn't flush system prefs: java.util.prefs.BackingStoreException: Couldn't get file lock.
2025-09-16 20:53:46,875 [ERROR] LogOutputStream:75 - [STDERR_REDIRECT] 
2025-09-16 20:54:16,876 [ERROR] LogOutputStream:75 - [STDERR_REDIRECT] Sep 16, 2025 8:54:16 PM java.util.prefs.FileSystemPreferences checkLockFile0ErrorCode
2025-09-16 20:54:16,876 [ERROR] LogOutputStream:75 - [STDERR_REDIRECT] WARNING: Could not lock System prefs. Unix error code 2.
2025-09-16 20:54:16,876 [ERROR] LogOutputStream:75 - [STDERR_REDIRECT] 
2025-09-16 20:54:16,876 [ERROR] LogOutputStream:75 - [STDERR_REDIRECT] Sep 16, 2025 8:54:16 PM java.util.prefs.FileSystemPreferences syncWorld
2025-09-16 20:54:16,876 [ERROR] LogOutputStream:75 - [STDERR_REDIRECT] WARNING: Couldn't flush system prefs: java.util.prefs.BackingStoreException: Couldn't get file lock.
2025-09-16 20:54:16,876 [ERROR] LogOutputStream:75 - [STDERR_REDIRECT] 
2025-09-16 20:54:46,876 [ERROR] LogOutputStream:75 - [STDERR_REDIRECT] Sep 16, 2025 8:54:46 PM java.util.prefs.FileSystemPreferences checkLockFile0ErrorCode
2025-09-16 20:54:46,876 [ERROR] LogOutputStream:75 - [STDERR_REDIRECT] WARNING: Could not lock System prefs. Unix error code 2.
2025-09-16 20:54:46,876 [ERROR] LogOutputStream:75 - [STDERR_REDIRECT] 
2025-09-16 20:54:46,876 [ERROR] LogOutputStream:75 - [STDERR_REDIRECT] Sep 16, 2025 8:54:46 PM java.util.prefs.FileSystemPreferences syncWorld
2025-09-16 20:54:46,876 [ERROR] LogOutputStream:75 - [STDERR_REDIRECT] WARNING: Couldn't flush system prefs: java.util.prefs.BackingStoreException: Couldn't get file lock.
2025-09-16 20:54:46,876 [ERROR] LogOutputStream:75 - [STDERR_REDIRECT] 
2025-09-16 20:55:16,876 [ERROR] LogOutputStream:75 - [STDERR_REDIRECT] Sep 16, 2025 8:55:16 PM java.util.prefs.FileSystemPreferences checkLockFile0ErrorCode
2025-09-16 20:55:16,877 [ERROR] LogOutputStream:75 - [STDERR_REDIRECT] WARNING: Could not lock System prefs. Unix error code 2.
2025-09-16 20:55:16,877 [ERROR] LogOutputStream:75 - [STDERR_REDIRECT] 
2025-09-16 20:55:16,877 [ERROR] LogOutputStream:75 - [STDERR_REDIRECT] Sep 16, 2025 8:55:16 PM java.util.prefs.FileSystemPreferences syncWorld
2025-09-16 20:55:16,877 [ERROR] LogOutputStream:75 - [STDERR_REDIRECT] WARNING: Couldn't flush system prefs: java.util.prefs.BackingStoreException: Couldn't get file lock.
2025-09-16 20:55:16,877 [ERROR] LogOutputStream:75 - [STDERR_REDIRECT] 
2025-09-16 20:55:46,876 [ERROR] LogOutputStream:75 - [STDERR_REDIRECT] Sep 16, 2025 8:55:46 PM java.util.prefs.FileSystemPreferences checkLockFile0ErrorCode
2025-09-16 20:55:46,876 [ERROR] LogOutputStream:75 - [STDERR_REDIRECT] WARNING: Could not lock System prefs. Unix error code 2.
2025-09-16 20:55:46,876 [ERROR] LogOutputStream:75 - [STDERR_REDIRECT] 
2025-09-16 20:55:46,876 [ERROR] LogOutputStream:75 - [STDERR_REDIRECT] Sep 16, 2025 8:55:46 PM java.util.prefs.FileSystemPreferences syncWorld
2025-09-16 20:55:46,876 [ERROR] LogOutputStream:75 - [STDERR_REDIRECT] WARNING: Couldn't flush system prefs: java.util.prefs.BackingStoreException: Couldn't get file lock.
2025-09-16 20:55:46,876 [ERROR] LogOutputStream:75 - [STDERR_REDIRECT] 
2025-09-16 20:56:16,877 [ERROR] LogOutputStream:75 - [STDERR_REDIRECT] Sep 16, 2025 8:56:16 PM java.util.prefs.FileSystemPreferences checkLockFile0ErrorCode
2025-09-16 20:56:16,877 [ERROR] LogOutputStream:75 - [STDERR_REDIRECT] WARNING: Could not lock System prefs. Unix error code 2.
2025-09-16 20:56:16,877 [ERROR] LogOutputStream:75 - [STDERR_REDIRECT] 
2025-09-16 20:56:16,877 [ERROR] LogOutputStream:75 - [STDERR_REDIRECT] Sep 16, 2025 8:56:16 PM java.util.prefs.FileSystemPreferences syncWorld
2025-09-16 20:56:16,877 [ERROR] LogOutputStream:75 - [STDERR_REDIRECT] WARNING: Couldn't flush system prefs: java.util.prefs.BackingStoreException: Couldn't get file lock.
2025-09-16 20:56:16,877 [ERROR] LogOutputStream:75 - [STDERR_REDIRECT] 
2025-09-16 20:56:46,877 [ERROR] LogOutputStream:75 - [STDERR_REDIRECT] Sep 16, 2025 8:56:46 PM java.util.prefs.FileSystemPreferences checkLockFile0ErrorCode
2025-09-16 20:56:46,878 [ERROR] LogOutputStream:75 - [STDERR_REDIRECT] WARNING: Could not lock System prefs. Unix error code 2.
2025-09-16 20:56:46,878 [ERROR] LogOutputStream:75 - [STDERR_REDIRECT] 
2025-09-16 20:56:46,878 [ERROR] LogOutputStream:75 - [STDERR_REDIRECT] Sep 16, 2025 8:56:46 PM java.util.prefs.FileSystemPreferences syncWorld
2025-09-16 20:56:46,878 [ERROR] LogOutputStream:75 - [STDERR_REDIRECT] WARNING: Couldn't flush system prefs: java.util.prefs.BackingStoreException: Couldn't get file lock.
2025-09-16 20:56:46,878 [ERROR] LogOutputStream:75 - [STDERR_REDIRECT] 
2025-09-16 20:57:16,878 [ERROR] LogOutputStream:75 - [STDERR_REDIRECT] Sep 16, 2025 8:57:16 PM java.util.prefs.FileSystemPreferences checkLockFile0ErrorCode
2025-09-16 20:57:16,878 [ERROR] LogOutputStream:75 - [STDERR_REDIRECT] WARNING: Could not lock System prefs. Unix error code 2.
2025-09-16 20:57:16,878 [ERROR] LogOutputStream:75 - [STDERR_REDIRECT] 
2025-09-16 20:57:16,878 [ERROR] LogOutputStream:75 - [STDERR_REDIRECT] Sep 16, 2025 8:57:16 PM java.util.prefs.FileSystemPreferences syncWorld
2025-09-16 20:57:16,878 [ERROR] LogOutputStream:75 - [STDERR_REDIRECT] WARNING: Couldn't flush system prefs: java.util.prefs.BackingStoreException: Couldn't get file lock.
2025-09-16 20:57:16,878 [ERROR] LogOutputStream:75 - [STDERR_REDIRECT] 
2025-09-16 20:57:46,877 [ERROR] LogOutputStream:75 - [STDERR_REDIRECT] Sep 16, 2025 8:57:46 PM java.util.prefs.FileSystemPreferences checkLockFile0ErrorCode
2025-09-16 20:57:46,878 [ERROR] LogOutputStream:75 - [STDERR_REDIRECT] WARNING: Could not lock System prefs. Unix error code 2.
2025-09-16 20:57:46,878 [ERROR] LogOutputStream:75 - [STDERR_REDIRECT] 
2025-09-16 20:57:46,878 [ERROR] LogOutputStream:75 - [STDERR_REDIRECT] Sep 16, 2025 8:57:46 PM java.util.prefs.FileSystemPreferences syncWorld
2025-09-16 20:57:46,878 [ERROR] LogOutputStream:75 - [STDERR_REDIRECT] WARNING: Couldn't flush system prefs: java.util.prefs.BackingStoreException: Couldn't get file lock.
2025-09-16 20:57:46,878 [ERROR] LogOutputStream:75 - [STDERR_REDIRECT] 
2025-09-16 20:58:16,877 [ERROR] LogOutputStream:75 - [STDERR_REDIRECT] Sep 16, 2025 8:58:16 PM java.util.prefs.FileSystemPreferences checkLockFile0ErrorCode
2025-09-16 20:58:16,877 [ERROR] LogOutputStream:75 - [STDERR_REDIRECT] WARNING: Could not lock System prefs. Unix error code 2.
2025-09-16 20:58:16,877 [ERROR] LogOutputStream:75 - [STDERR_REDIRECT] 
2025-09-16 20:58:16,878 [ERROR] LogOutputStream:75 - [STDERR_REDIRECT] Sep 16, 2025 8:58:16 PM java.util.prefs.FileSystemPreferences syncWorld
2025-09-16 20:58:16,878 [ERROR] LogOutputStream:75 - [STDERR_REDIRECT] WARNING: Couldn't flush system prefs: java.util.prefs.BackingStoreException: Couldn't get file lock.
2025-09-16 20:58:16,878 [ERROR] LogOutputStream:75 - [STDERR_REDIRECT] 
2025-09-16 20:58:46,877 [ERROR] LogOutputStream:75 - [STDERR_REDIRECT] Sep 16, 2025 8:58:46 PM java.util.prefs.FileSystemPreferences checkLockFile0ErrorCode
2025-09-16 20:58:46,877 [ERROR] LogOutputStream:75 - [STDERR_REDIRECT] WARNING: Could not lock System prefs. Unix error code 2.
2025-09-16 20:58:46,877 [ERROR] LogOutputStream:75 - [STDERR_REDIRECT] 
2025-09-16 20:58:46,877 [ERROR] LogOutputStream:75 - [STDERR_REDIRECT] Sep 16, 2025 8:58:46 PM java.util.prefs.FileSystemPreferences syncWorld
2025-09-16 20:58:46,877 [ERROR] LogOutputStream:75 - [STDERR_REDIRECT] WARNING: Couldn't flush system prefs: java.util.prefs.BackingStoreException: Couldn't get file lock.
2025-09-16 20:58:46,877 [ERROR] LogOutputStream:75 - [STDERR_REDIRECT] 
2025-09-16 20:59:16,878 [ERROR] LogOutputStream:75 - [STDERR_REDIRECT] Sep 16, 2025 8:59:16 PM java.util.prefs.FileSystemPreferences checkLockFile0ErrorCode
2025-09-16 20:59:16,878 [ERROR] LogOutputStream:75 - [STDERR_REDIRECT] WARNING: Could not lock System prefs. Unix error code 2.
2025-09-16 20:59:16,878 [ERROR] LogOutputStream:75 - [STDERR_REDIRECT] 
2025-09-16 20:59:16,878 [ERROR] LogOutputStream:75 - [STDERR_REDIRECT] Sep 16, 2025 8:59:16 PM java.util.prefs.FileSystemPreferences syncWorld
2025-09-16 20:59:16,878 [ERROR] LogOutputStream:75 - [STDERR_REDIRECT] WARNING: Couldn't flush system prefs: java.util.prefs.BackingStoreException: Couldn't get file lock.
2025-09-16 20:59:16,878 [ERROR] LogOutputStream:75 - [STDERR_REDIRECT] 
2025-09-16 20:59:46,877 [ERROR] LogOutputStream:75 - [STDERR_REDIRECT] Sep 16, 2025 8:59:46 PM java.util.prefs.FileSystemPreferences checkLockFile0ErrorCode
2025-09-16 20:59:46,878 [ERROR] LogOutputStream:75 - [STDERR_REDIRECT] WARNING: Could not lock System prefs. Unix error code 2.
2025-09-16 20:59:46,878 [ERROR] LogOutputStream:75 - [STDERR_REDIRECT] 
2025-09-16 20:59:46,878 [ERROR] LogOutputStream:75 - [STDERR_REDIRECT] Sep 16, 2025 8:59:46 PM java.util.prefs.FileSystemPreferences syncWorld
2025-09-16 20:59:46,878 [ERROR] LogOutputStream:75 - [STDERR_REDIRECT] WARNING: Couldn't flush system prefs: java.util.prefs.BackingStoreException: Couldn't get file lock.
2025-09-16 20:59:46,878 [ERROR] LogOutputStream:75 - [STDERR_REDIRECT] 
2025-09-16 21:00:16,878 [ERROR] LogOutputStream:75 - [STDERR_REDIRECT] Sep 16, 2025 9:00:16 PM java.util.prefs.FileSystemPreferences checkLockFile0ErrorCode
2025-09-16 21:00:16,878 [ERROR] LogOutputStream:75 - [STDERR_REDIRECT] WARNING: Could not lock System prefs. Unix error code 2.
2025-09-16 21:00:16,878 [ERROR] LogOutputStream:75 - [STDERR_REDIRECT] 
2025-09-16 21:00:16,878 [ERROR] LogOutputStream:75 - [STDERR_REDIRECT] Sep 16, 2025 9:00:16 PM java.util.prefs.FileSystemPreferences syncWorld
2025-09-16 21:00:16,878 [ERROR] LogOutputStream:75 - [STDERR_REDIRECT] WARNING: Couldn't flush system prefs: java.util.prefs.BackingStoreException: Couldn't get file lock.
2025-09-16 21:00:16,879 [ERROR] LogOutputStream:75 - [STDERR_REDIRECT] 
2025-09-16 21:00:46,877 [ERROR] LogOutputStream:75 - [STDERR_REDIRECT] Sep 16, 2025 9:00:46 PM java.util.prefs.FileSystemPreferences checkLockFile0ErrorCode
2025-09-16 21:00:46,877 [ERROR] LogOutputStream:75 - [STDERR_REDIRECT] WARNING: Could not lock System prefs. Unix error code 2.
2025-09-16 21:00:46,877 [ERROR] LogOutputStream:75 - [STDERR_REDIRECT] 
2025-09-16 21:00:46,877 [ERROR] LogOutputStream:75 - [STDERR_REDIRECT] Sep 16, 2025 9:00:46 PM java.util.prefs.FileSystemPreferences syncWorld
2025-09-16 21:00:46,877 [ERROR] LogOutputStream:75 - [STDERR_REDIRECT] WARNING: Couldn't flush system prefs: java.util.prefs.BackingStoreException: Couldn't get file lock.
2025-09-16 21:00:46,878 [ERROR] LogOutputStream:75 - [STDERR_REDIRECT] 
2025-09-16 21:01:16,877 [ERROR] LogOutputStream:75 - [STDERR_REDIRECT] Sep 16, 2025 9:01:16 PM java.util.prefs.FileSystemPreferences checkLockFile0ErrorCode
2025-09-16 21:01:16,878 [ERROR] LogOutputStream:75 - [STDERR_REDIRECT] WARNING: Could not lock System prefs. Unix error code 2.
2025-09-16 21:01:16,878 [ERROR] LogOutputStream:75 - [STDERR_REDIRECT] 
2025-09-16 21:01:16,878 [ERROR] LogOutputStream:75 - [STDERR_REDIRECT] Sep 16, 2025 9:01:16 PM java.util.prefs.FileSystemPreferences syncWorld
2025-09-16 21:01:16,878 [ERROR] LogOutputStream:75 - [STDERR_REDIRECT] WARNING: Couldn't flush system prefs: java.util.prefs.BackingStoreException: Couldn't get file lock.
2025-09-16 21:01:16,878 [ERROR] LogOutputStream:75 - [STDERR_REDIRECT] 
2025-09-16 21:01:46,878 [ERROR] LogOutputStream:75 - [STDERR_REDIRECT] Sep 16, 2025 9:01:46 PM java.util.prefs.FileSystemPreferences checkLockFile0ErrorCode
2025-09-16 21:01:46,878 [ERROR] LogOutputStream:75 - [STDERR_REDIRECT] WARNING: Could not lock System prefs. Unix error code 2.
2025-09-16 21:01:46,878 [ERROR] LogOutputStream:75 - [STDERR_REDIRECT] 
2025-09-16 21:01:46,878 [ERROR] LogOutputStream:75 - [STDERR_REDIRECT] Sep 16, 2025 9:01:46 PM java.util.prefs.FileSystemPreferences syncWorld
2025-09-16 21:01:46,878 [ERROR] LogOutputStream:75 - [STDERR_REDIRECT] WARNING: Couldn't flush system prefs: java.util.prefs.BackingStoreException: Couldn't get file lock.
2025-09-16 21:01:46,878 [ERROR] LogOutputStream:75 - [STDERR_REDIRECT] 
2025-09-16 21:02:16,878 [ERROR] LogOutputStream:75 - [STDERR_REDIRECT] Sep 16, 2025 9:02:16 PM java.util.prefs.FileSystemPreferences checkLockFile0ErrorCode
2025-09-16 21:02:16,878 [ERROR] LogOutputStream:75 - [STDERR_REDIRECT] WARNING: Could not lock System prefs. Unix error code 2.
2025-09-16 21:02:16,878 [ERROR] LogOutputStream:75 - [STDERR_REDIRECT] 
2025-09-16 21:02:16,878 [ERROR] LogOutputStream:75 - [STDERR_REDIRECT] Sep 16, 2025 9:02:16 PM java.util.prefs.FileSystemPreferences syncWorld
2025-09-16 21:02:16,878 [ERROR] LogOutputStream:75 - [STDERR_REDIRECT] WARNING: Couldn't flush system prefs: java.util.prefs.BackingStoreException: Couldn't get file lock.
2025-09-16 21:02:16,878 [ERROR] LogOutputStream:75 - [STDERR_REDIRECT] 
2025-09-16 21:02:46,879 [ERROR] LogOutputStream:75 - [STDERR_REDIRECT] Sep 16, 2025 9:02:46 PM java.util.prefs.FileSystemPreferences checkLockFile0ErrorCode
2025-09-16 21:02:46,879 [ERROR] LogOutputStream:75 - [STDERR_REDIRECT] WARNING: Could not lock System prefs. Unix error code 2.
2025-09-16 21:02:46,879 [ERROR] LogOutputStream:75 - [STDERR_REDIRECT] 
2025-09-16 21:02:46,879 [ERROR] LogOutputStream:75 - [STDERR_REDIRECT] Sep 16, 2025 9:02:46 PM java.util.prefs.FileSystemPreferences syncWorld
2025-09-16 21:02:46,879 [ERROR] LogOutputStream:75 - [STDERR_REDIRECT] WARNING: Couldn't flush system prefs: java.util.prefs.BackingStoreException: Couldn't get file lock.
2025-09-16 21:02:46,879 [ERROR] LogOutputStream:75 - [STDERR_REDIRECT] 
2025-09-16 21:03:16,879 [ERROR] LogOutputStream:75 - [STDERR_REDIRECT] Sep 16, 2025 9:03:16 PM java.util.prefs.FileSystemPreferences checkLockFile0ErrorCode
2025-09-16 21:03:16,879 [ERROR] LogOutputStream:75 - [STDERR_REDIRECT] WARNING: Could not lock System prefs. Unix error code 2.
2025-09-16 21:03:16,879 [ERROR] LogOutputStream:75 - [STDERR_REDIRECT] 
2025-09-16 21:03:16,879 [ERROR] LogOutputStream:75 - [STDERR_REDIRECT] Sep 16, 2025 9:03:16 PM java.util.prefs.FileSystemPreferences syncWorld
2025-09-16 21:03:16,879 [ERROR] LogOutputStream:75 - [STDERR_REDIRECT] WARNING: Couldn't flush system prefs: java.util.prefs.BackingStoreException: Couldn't get file lock.
2025-09-16 21:03:16,879 [ERROR] LogOutputStream:75 - [STDERR_REDIRECT] 
2025-09-16 21:03:46,879 [ERROR] LogOutputStream:75 - [STDERR_REDIRECT] Sep 16, 2025 9:03:46 PM java.util.prefs.FileSystemPreferences checkLockFile0ErrorCode
2025-09-16 21:03:46,879 [ERROR] LogOutputStream:75 - [STDERR_REDIRECT] WARNING: Could not lock System prefs. Unix error code 2.
2025-09-16 21:03:46,880 [ERROR] LogOutputStream:75 - [STDERR_REDIRECT] 
2025-09-16 21:03:46,880 [ERROR] LogOutputStream:75 - [STDERR_REDIRECT] Sep 16, 2025 9:03:46 PM java.util.prefs.FileSystemPreferences syncWorld
2025-09-16 21:03:46,880 [ERROR] LogOutputStream:75 - [STDERR_REDIRECT] WARNING: Couldn't flush system prefs: java.util.prefs.BackingStoreException: Couldn't get file lock.
2025-09-16 21:03:46,880 [ERROR] LogOutputStream:75 - [STDERR_REDIRECT] 
2025-09-16 21:04:16,879 [ERROR] LogOutputStream:75 - [STDERR_REDIRECT] Sep 16, 2025 9:04:16 PM java.util.prefs.FileSystemPreferences checkLockFile0ErrorCode
2025-09-16 21:04:16,879 [ERROR] LogOutputStream:75 - [STDERR_REDIRECT] WARNING: Could not lock System prefs. Unix error code 2.
2025-09-16 21:04:16,879 [ERROR] LogOutputStream:75 - [STDERR_REDIRECT] 
2025-09-16 21:04:16,879 [ERROR] LogOutputStream:75 - [STDERR_REDIRECT] Sep 16, 2025 9:04:16 PM java.util.prefs.FileSystemPreferences syncWorld
2025-09-16 21:04:16,879 [ERROR] LogOutputStream:75 - [STDERR_REDIRECT] WARNING: Couldn't flush system prefs: java.util.prefs.BackingStoreException: Couldn't get file lock.
2025-09-16 21:04:16,880 [ERROR] LogOutputStream:75 - [STDERR_REDIRECT] 
2025-09-16 21:04:46,882 [ERROR] LogOutputStream:75 - [STDERR_REDIRECT] Sep 16, 2025 9:04:46 PM java.util.prefs.FileSystemPreferences checkLockFile0ErrorCode
2025-09-16 21:04:46,882 [ERROR] LogOutputStream:75 - [STDERR_REDIRECT] WARNING: Could not lock System prefs. Unix error code 2.
2025-09-16 21:04:46,882 [ERROR] LogOutputStream:75 - [STDERR_REDIRECT] 
2025-09-16 21:04:46,882 [ERROR] LogOutputStream:75 - [STDERR_REDIRECT] Sep 16, 2025 9:04:46 PM java.util.prefs.FileSystemPreferences syncWorld
2025-09-16 21:04:46,882 [ERROR] LogOutputStream:75 - [STDERR_REDIRECT] WARNING: Couldn't flush system prefs: java.util.prefs.BackingStoreException: Couldn't get file lock.
2025-09-16 21:04:46,882 [ERROR] LogOutputStream:75 - [STDERR_REDIRECT] 
2025-09-16 21:05:16,879 [ERROR] LogOutputStream:75 - [STDERR_REDIRECT] Sep 16, 2025 9:05:16 PM java.util.prefs.FileSystemPreferences checkLockFile0ErrorCode
2025-09-16 21:05:16,880 [ERROR] LogOutputStream:75 - [STDERR_REDIRECT] WARNING: Could not lock System prefs. Unix error code 2.
2025-09-16 21:05:16,880 [ERROR] LogOutputStream:75 - [STDERR_REDIRECT] 
2025-09-16 21:05:16,880 [ERROR] LogOutputStream:75 - [STDERR_REDIRECT] Sep 16, 2025 9:05:16 PM java.util.prefs.FileSystemPreferences syncWorld
2025-09-16 21:05:16,880 [ERROR] LogOutputStream:75 - [STDERR_REDIRECT] WARNING: Couldn't flush system prefs: java.util.prefs.BackingStoreException: Couldn't get file lock.
2025-09-16 21:05:16,880 [ERROR] LogOutputStream:75 - [STDERR_REDIRECT] 
2025-09-16 21:05:46,879 [ERROR] LogOutputStream:75 - [STDERR_REDIRECT] Sep 16, 2025 9:05:46 PM java.util.prefs.FileSystemPreferences checkLockFile0ErrorCode
2025-09-16 21:05:46,879 [ERROR] LogOutputStream:75 - [STDERR_REDIRECT] WARNING: Could not lock System prefs. Unix error code 2.
2025-09-16 21:05:46,879 [ERROR] LogOutputStream:75 - [STDERR_REDIRECT] 
2025-09-16 21:05:46,880 [ERROR] LogOutputStream:75 - [STDERR_REDIRECT] Sep 16, 2025 9:05:46 PM java.util.prefs.FileSystemPreferences syncWorld
2025-09-16 21:05:46,880 [ERROR] LogOutputStream:75 - [STDERR_REDIRECT] WARNING: Couldn't flush system prefs: java.util.prefs.BackingStoreException: Couldn't get file lock.
2025-09-16 21:05:46,880 [ERROR] LogOutputStream:75 - [STDERR_REDIRECT] 
2025-09-16 21:06:16,879 [ERROR] LogOutputStream:75 - [STDERR_REDIRECT] Sep 16, 2025 9:06:16 PM java.util.prefs.FileSystemPreferences checkLockFile0ErrorCode
2025-09-16 21:06:16,880 [ERROR] LogOutputStream:75 - [STDERR_REDIRECT] WARNING: Could not lock System prefs. Unix error code 2.
2025-09-16 21:06:16,880 [ERROR] LogOutputStream:75 - [STDERR_REDIRECT] 
2025-09-16 21:06:16,880 [ERROR] LogOutputStream:75 - [STDERR_REDIRECT] Sep 16, 2025 9:06:16 PM java.util.prefs.FileSystemPreferences syncWorld
2025-09-16 21:06:16,880 [ERROR] LogOutputStream:75 - [STDERR_REDIRECT] WARNING: Couldn't flush system prefs: java.util.prefs.BackingStoreException: Couldn't get file lock.
2025-09-16 21:06:16,880 [ERROR] LogOutputStream:75 - [STDERR_REDIRECT] 
2025-09-16 21:06:46,879 [ERROR] LogOutputStream:75 - [STDERR_REDIRECT] Sep 16, 2025 9:06:46 PM java.util.prefs.FileSystemPreferences checkLockFile0ErrorCode
2025-09-16 21:06:46,880 [ERROR] LogOutputStream:75 - [STDERR_REDIRECT] WARNING: Could not lock System prefs. Unix error code 2.
2025-09-16 21:06:46,880 [ERROR] LogOutputStream:75 - [STDERR_REDIRECT] 
2025-09-16 21:06:46,880 [ERROR] LogOutputStream:75 - [STDERR_REDIRECT] Sep 16, 2025 9:06:46 PM java.util.prefs.FileSystemPreferences syncWorld
2025-09-16 21:06:46,880 [ERROR] LogOutputStream:75 - [STDERR_REDIRECT] WARNING: Couldn't flush system prefs: java.util.prefs.BackingStoreException: Couldn't get file lock.
2025-09-16 21:06:46,880 [ERROR] LogOutputStream:75 - [STDERR_REDIRECT] 
2025-09-16 21:07:16,879 [ERROR] LogOutputStream:75 - [STDERR_REDIRECT] Sep 16, 2025 9:07:16 PM java.util.prefs.FileSystemPreferences checkLockFile0ErrorCode
2025-09-16 21:07:16,880 [ERROR] LogOutputStream:75 - [STDERR_REDIRECT] WARNING: Could not lock System prefs. Unix error code 2.
2025-09-16 21:07:16,880 [ERROR] LogOutputStream:75 - [STDERR_REDIRECT] 
2025-09-16 21:07:16,880 [ERROR] LogOutputStream:75 - [STDERR_REDIRECT] Sep 16, 2025 9:07:16 PM java.util.prefs.FileSystemPreferences syncWorld
2025-09-16 21:07:16,880 [ERROR] LogOutputStream:75 - [STDERR_REDIRECT] WARNING: Couldn't flush system prefs: java.util.prefs.BackingStoreException: Couldn't get file lock.
2025-09-16 21:07:16,880 [ERROR] LogOutputStream:75 - [STDERR_REDIRECT] 
2025-09-16 21:07:46,879 [ERROR] LogOutputStream:75 - [STDERR_REDIRECT] Sep 16, 2025 9:07:46 PM java.util.prefs.FileSystemPreferences checkLockFile0ErrorCode
2025-09-16 21:07:46,879 [ERROR] LogOutputStream:75 - [STDERR_REDIRECT] WARNING: Could not lock System prefs. Unix error code 2.
2025-09-16 21:07:46,879 [ERROR] LogOutputStream:75 - [STDERR_REDIRECT] 
2025-09-16 21:07:46,880 [ERROR] LogOutputStream:75 - [STDERR_REDIRECT] Sep 16, 2025 9:07:46 PM java.util.prefs.FileSystemPreferences syncWorld
2025-09-16 21:07:46,880 [ERROR] LogOutputStream:75 - [STDERR_REDIRECT] WARNING: Couldn't flush system prefs: java.util.prefs.BackingStoreException: Couldn't get file lock.
2025-09-16 21:07:46,880 [ERROR] LogOutputStream:75 - [STDERR_REDIRECT] 
2025-09-16 21:08:16,879 [ERROR] LogOutputStream:75 - [STDERR_REDIRECT] Sep 16, 2025 9:08:16 PM java.util.prefs.FileSystemPreferences checkLockFile0ErrorCode
2025-09-16 21:08:16,879 [ERROR] LogOutputStream:75 - [STDERR_REDIRECT] WARNING: Could not lock System prefs. Unix error code 2.
2025-09-16 21:08:16,879 [ERROR] LogOutputStream:75 - [STDERR_REDIRECT] 
2025-09-16 21:08:16,879 [ERROR] LogOutputStream:75 - [STDERR_REDIRECT] Sep 16, 2025 9:08:16 PM java.util.prefs.FileSystemPreferences syncWorld
2025-09-16 21:08:16,879 [ERROR] LogOutputStream:75 - [STDERR_REDIRECT] WARNING: Couldn't flush system prefs: java.util.prefs.BackingStoreException: Couldn't get file lock.
2025-09-16 21:08:16,880 [ERROR] LogOutputStream:75 - [STDERR_REDIRECT] 
2025-09-16 21:08:46,879 [ERROR] LogOutputStream:75 - [STDERR_REDIRECT] Sep 16, 2025 9:08:46 PM java.util.prefs.FileSystemPreferences checkLockFile0ErrorCode
2025-09-16 21:08:46,879 [ERROR] LogOutputStream:75 - [STDERR_REDIRECT] WARNING: Could not lock System prefs. Unix error code 2.
2025-09-16 21:08:46,879 [ERROR] LogOutputStream:75 - [STDERR_REDIRECT] 
2025-09-16 21:08:46,879 [ERROR] LogOutputStream:75 - [STDERR_REDIRECT] Sep 16, 2025 9:08:46 PM java.util.prefs.FileSystemPreferences syncWorld
2025-09-16 21:08:46,879 [ERROR] LogOutputStream:75 - [STDERR_REDIRECT] WARNING: Couldn't flush system prefs: java.util.prefs.BackingStoreException: Couldn't get file lock.
2025-09-16 21:08:46,879 [ERROR] LogOutputStream:75 - [STDERR_REDIRECT] 
2025-09-16 21:09:16,879 [ERROR] LogOutputStream:75 - [STDERR_REDIRECT] Sep 16, 2025 9:09:16 PM java.util.prefs.FileSystemPreferences checkLockFile0ErrorCode
2025-09-16 21:09:16,879 [ERROR] LogOutputStream:75 - [STDERR_REDIRECT] WARNING: Could not lock System prefs. Unix error code 2.
2025-09-16 21:09:16,879 [ERROR] LogOutputStream:75 - [STDERR_REDIRECT] 
2025-09-16 21:09:16,880 [ERROR] LogOutputStream:75 - [STDERR_REDIRECT] Sep 16, 2025 9:09:16 PM java.util.prefs.FileSystemPreferences syncWorld
2025-09-16 21:09:16,880 [ERROR] LogOutputStream:75 - [STDERR_REDIRECT] WARNING: Couldn't flush system prefs: java.util.prefs.BackingStoreException: Couldn't get file lock.
2025-09-16 21:09:16,880 [ERROR] LogOutputStream:75 - [STDERR_REDIRECT] 
2025-09-16 21:09:46,879 [ERROR] LogOutputStream:75 - [STDERR_REDIRECT] Sep 16, 2025 9:09:46 PM java.util.prefs.FileSystemPreferences checkLockFile0ErrorCode
2025-09-16 21:09:46,879 [ERROR] LogOutputStream:75 - [STDERR_REDIRECT] WARNING: Could not lock System prefs. Unix error code 2.
2025-09-16 21:09:46,879 [ERROR] LogOutputStream:75 - [STDERR_REDIRECT] 
2025-09-16 21:09:46,879 [ERROR] LogOutputStream:75 - [STDERR_REDIRECT] Sep 16, 2025 9:09:46 PM java.util.prefs.FileSystemPreferences syncWorld
2025-09-16 21:09:46,879 [ERROR] LogOutputStream:75 - [STDERR_REDIRECT] WARNING: Couldn't flush system prefs: java.util.prefs.BackingStoreException: Couldn't get file lock.
2025-09-16 21:09:46,879 [ERROR] LogOutputStream:75 - [STDERR_REDIRECT] 
2025-09-16 21:10:16,880 [ERROR] LogOutputStream:75 - [STDERR_REDIRECT] Sep 16, 2025 9:10:16 PM java.util.prefs.FileSystemPreferences checkLockFile0ErrorCode
2025-09-16 21:10:16,880 [ERROR] LogOutputStream:75 - [STDERR_REDIRECT] WARNING: Could not lock System prefs. Unix error code 2.
2025-09-16 21:10:16,880 [ERROR] LogOutputStream:75 - [STDERR_REDIRECT] 
2025-09-16 21:10:16,880 [ERROR] LogOutputStream:75 - [STDERR_REDIRECT] Sep 16, 2025 9:10:16 PM java.util.prefs.FileSystemPreferences syncWorld
2025-09-16 21:10:16,880 [ERROR] LogOutputStream:75 - [STDERR_REDIRECT] WARNING: Couldn't flush system prefs: java.util.prefs.BackingStoreException: Couldn't get file lock.
2025-09-16 21:10:16,880 [ERROR] LogOutputStream:75 - [STDERR_REDIRECT] 
2025-09-16 21:10:46,880 [ERROR] LogOutputStream:75 - [STDERR_REDIRECT] Sep 16, 2025 9:10:46 PM java.util.prefs.FileSystemPreferences checkLockFile0ErrorCode
2025-09-16 21:10:46,880 [ERROR] LogOutputStream:75 - [STDERR_REDIRECT] WARNING: Could not lock System prefs. Unix error code 2.
2025-09-16 21:10:46,881 [ERROR] LogOutputStream:75 - [STDERR_REDIRECT] 
2025-09-16 21:10:46,881 [ERROR] LogOutputStream:75 - [STDERR_REDIRECT] Sep 16, 2025 9:10:46 PM java.util.prefs.FileSystemPreferences syncWorld
2025-09-16 21:10:46,881 [ERROR] LogOutputStream:75 - [STDERR_REDIRECT] WARNING: Couldn't flush system prefs: java.util.prefs.BackingStoreException: Couldn't get file lock.
2025-09-16 21:10:46,881 [ERROR] LogOutputStream:75 - [STDERR_REDIRECT] 
2025-09-16 21:11:16,880 [ERROR] LogOutputStream:75 - [STDERR_REDIRECT] Sep 16, 2025 9:11:16 PM java.util.prefs.FileSystemPreferences checkLockFile0ErrorCode
2025-09-16 21:11:16,880 [ERROR] LogOutputStream:75 - [STDERR_REDIRECT] WARNING: Could not lock System prefs. Unix error code 2.
2025-09-16 21:11:16,880 [ERROR] LogOutputStream:75 - [STDERR_REDIRECT] 
2025-09-16 21:11:16,880 [ERROR] LogOutputStream:75 - [STDERR_REDIRECT] Sep 16, 2025 9:11:16 PM java.util.prefs.FileSystemPreferences syncWorld
2025-09-16 21:11:16,880 [ERROR] LogOutputStream:75 - [STDERR_REDIRECT] WARNING: Couldn't flush system prefs: java.util.prefs.BackingStoreException: Couldn't get file lock.
2025-09-16 21:11:16,880 [ERROR] LogOutputStream:75 - [STDERR_REDIRECT] 
2025-09-16 21:11:46,881 [ERROR] LogOutputStream:75 - [STDERR_REDIRECT] Sep 16, 2025 9:11:46 PM java.util.prefs.FileSystemPreferences checkLockFile0ErrorCode
2025-09-16 21:11:46,881 [ERROR] LogOutputStream:75 - [STDERR_REDIRECT] WARNING: Could not lock System prefs. Unix error code 2.
2025-09-16 21:11:46,881 [ERROR] LogOutputStream:75 - [STDERR_REDIRECT] 
2025-09-16 21:11:46,881 [ERROR] LogOutputStream:75 - [STDERR_REDIRECT] Sep 16, 2025 9:11:46 PM java.util.prefs.FileSystemPreferences syncWorld
2025-09-16 21:11:46,881 [ERROR] LogOutputStream:75 - [STDERR_REDIRECT] WARNING: Couldn't flush system prefs: java.util.prefs.BackingStoreException: Couldn't get file lock.
2025-09-16 21:11:46,881 [ERROR] LogOutputStream:75 - [STDERR_REDIRECT] 
2025-09-16 21:12:16,881 [ERROR] LogOutputStream:75 - [STDERR_REDIRECT] Sep 16, 2025 9:12:16 PM java.util.prefs.FileSystemPreferences checkLockFile0ErrorCode
2025-09-16 21:12:16,882 [ERROR] LogOutputStream:75 - [STDERR_REDIRECT] WARNING: Could not lock System prefs. Unix error code 2.
2025-09-16 21:12:16,882 [ERROR] LogOutputStream:75 - [STDERR_REDIRECT] 
2025-09-16 21:12:16,882 [ERROR] LogOutputStream:75 - [STDERR_REDIRECT] Sep 16, 2025 9:12:16 PM java.util.prefs.FileSystemPreferences syncWorld
2025-09-16 21:12:16,882 [ERROR] LogOutputStream:75 - [STDERR_REDIRECT] WARNING: Couldn't flush system prefs: java.util.prefs.BackingStoreException: Couldn't get file lock.
2025-09-16 21:12:16,882 [ERROR] LogOutputStream:75 - [STDERR_REDIRECT] 
2025-09-16 21:12:46,882 [ERROR] LogOutputStream:75 - [STDERR_REDIRECT] Sep 16, 2025 9:12:46 PM java.util.prefs.FileSystemPreferences checkLockFile0ErrorCode
2025-09-16 21:12:46,882 [ERROR] LogOutputStream:75 - [STDERR_REDIRECT] WARNING: Could not lock System prefs. Unix error code 2.
2025-09-16 21:12:46,882 [ERROR] LogOutputStream:75 - [STDERR_REDIRECT] 
2025-09-16 21:12:46,882 [ERROR] LogOutputStream:75 - [STDERR_REDIRECT] Sep 16, 2025 9:12:46 PM java.util.prefs.FileSystemPreferences syncWorld
2025-09-16 21:12:46,882 [ERROR] LogOutputStream:75 - [STDERR_REDIRECT] WARNING: Couldn't flush system prefs: java.util.prefs.BackingStoreException: Couldn't get file lock.
2025-09-16 21:12:46,882 [ERROR] LogOutputStream:75 - [STDERR_REDIRECT] 
2025-09-16 21:13:16,881 [ERROR] LogOutputStream:75 - [STDERR_REDIRECT] Sep 16, 2025 9:13:16 PM java.util.prefs.FileSystemPreferences checkLockFile0ErrorCode
2025-09-16 21:13:16,882 [ERROR] LogOutputStream:75 - [STDERR_REDIRECT] WARNING: Could not lock System prefs. Unix error code 2.
2025-09-16 21:13:16,882 [ERROR] LogOutputStream:75 - [STDERR_REDIRECT] 
2025-09-16 21:13:16,882 [ERROR] LogOutputStream:75 - [STDERR_REDIRECT] Sep 16, 2025 9:13:16 PM java.util.prefs.FileSystemPreferences syncWorld
2025-09-16 21:13:16,882 [ERROR] LogOutputStream:75 - [STDERR_REDIRECT] WARNING: Couldn't flush system prefs: java.util.prefs.BackingStoreException: Couldn't get file lock.
2025-09-16 21:13:16,882 [ERROR] LogOutputStream:75 - [STDERR_REDIRECT] 
2025-09-16 21:13:46,881 [ERROR] LogOutputStream:75 - [STDERR_REDIRECT] Sep 16, 2025 9:13:46 PM java.util.prefs.FileSystemPreferences checkLockFile0ErrorCode
2025-09-16 21:13:46,881 [ERROR] LogOutputStream:75 - [STDERR_REDIRECT] WARNING: Could not lock System prefs. Unix error code 2.
2025-09-16 21:13:46,881 [ERROR] LogOutputStream:75 - [STDERR_REDIRECT] 
2025-09-16 21:13:46,882 [ERROR] LogOutputStream:75 - [STDERR_REDIRECT] Sep 16, 2025 9:13:46 PM java.util.prefs.FileSystemPreferences syncWorld
2025-09-16 21:13:46,882 [ERROR] LogOutputStream:75 - [STDERR_REDIRECT] WARNING: Couldn't flush system prefs: java.util.prefs.BackingStoreException: Couldn't get file lock.
2025-09-16 21:13:46,882 [ERROR] LogOutputStream:75 - [STDERR_REDIRECT] 
2025-09-16 21:14:16,881 [ERROR] LogOutputStream:75 - [STDERR_REDIRECT] Sep 16, 2025 9:14:16 PM java.util.prefs.FileSystemPreferences checkLockFile0ErrorCode
2025-09-16 21:14:16,881 [ERROR] LogOutputStream:75 - [STDERR_REDIRECT] WARNING: Could not lock System prefs. Unix error code 2.
2025-09-16 21:14:16,881 [ERROR] LogOutputStream:75 - [STDERR_REDIRECT] 
2025-09-16 21:14:16,881 [ERROR] LogOutputStream:75 - [STDERR_REDIRECT] Sep 16, 2025 9:14:16 PM java.util.prefs.FileSystemPreferences syncWorld
2025-09-16 21:14:16,881 [ERROR] LogOutputStream:75 - [STDERR_REDIRECT] WARNING: Couldn't flush system prefs: java.util.prefs.BackingStoreException: Couldn't get file lock.
2025-09-16 21:14:16,881 [ERROR] LogOutputStream:75 - [STDERR_REDIRECT] 
2025-09-16 21:14:46,881 [ERROR] LogOutputStream:75 - [STDERR_REDIRECT] Sep 16, 2025 9:14:46 PM java.util.prefs.FileSystemPreferences checkLockFile0ErrorCode
2025-09-16 21:14:46,882 [ERROR] LogOutputStream:75 - [STDERR_REDIRECT] WARNING: Could not lock System prefs. Unix error code 2.
2025-09-16 21:14:46,882 [ERROR] LogOutputStream:75 - [STDERR_REDIRECT] 
2025-09-16 21:14:46,882 [ERROR] LogOutputStream:75 - [STDERR_REDIRECT] Sep 16, 2025 9:14:46 PM java.util.prefs.FileSystemPreferences syncWorld
2025-09-16 21:14:46,882 [ERROR] LogOutputStream:75 - [STDERR_REDIRECT] WARNING: Couldn't flush system prefs: java.util.prefs.BackingStoreException: Couldn't get file lock.
2025-09-16 21:14:46,882 [ERROR] LogOutputStream:75 - [STDERR_REDIRECT] 
2025-09-16 21:15:16,881 [ERROR] LogOutputStream:75 - [STDERR_REDIRECT] Sep 16, 2025 9:15:16 PM java.util.prefs.FileSystemPreferences checkLockFile0ErrorCode
2025-09-16 21:15:16,881 [ERROR] LogOutputStream:75 - [STDERR_REDIRECT] WARNING: Could not lock System prefs. Unix error code 2.
2025-09-16 21:15:16,882 [ERROR] LogOutputStream:75 - [STDERR_REDIRECT] 
2025-09-16 21:15:16,882 [ERROR] LogOutputStream:75 - [STDERR_REDIRECT] Sep 16, 2025 9:15:16 PM java.util.prefs.FileSystemPreferences syncWorld
2025-09-16 21:15:16,882 [ERROR] LogOutputStream:75 - [STDERR_REDIRECT] WARNING: Couldn't flush system prefs: java.util.prefs.BackingStoreException: Couldn't get file lock.
2025-09-16 21:15:16,882 [ERROR] LogOutputStream:75 - [STDERR_REDIRECT] 
2025-09-16 21:15:46,881 [ERROR] LogOutputStream:75 - [STDERR_REDIRECT] Sep 16, 2025 9:15:46 PM java.util.prefs.FileSystemPreferences checkLockFile0ErrorCode
2025-09-16 21:15:46,881 [ERROR] LogOutputStream:75 - [STDERR_REDIRECT] WARNING: Could not lock System prefs. Unix error code 2.
2025-09-16 21:15:46,881 [ERROR] LogOutputStream:75 - [STDERR_REDIRECT] 
2025-09-16 21:15:46,882 [ERROR] LogOutputStream:75 - [STDERR_REDIRECT] Sep 16, 2025 9:15:46 PM java.util.prefs.FileSystemPreferences syncWorld
2025-09-16 21:15:46,882 [ERROR] LogOutputStream:75 - [STDERR_REDIRECT] WARNING: Couldn't flush system prefs: java.util.prefs.BackingStoreException: Couldn't get file lock.
2025-09-16 21:15:46,882 [ERROR] LogOutputStream:75 - [STDERR_REDIRECT] 
2025-09-16 21:16:16,881 [ERROR] LogOutputStream:75 - [STDERR_REDIRECT] Sep 16, 2025 9:16:16 PM java.util.prefs.FileSystemPreferences checkLockFile0ErrorCode
2025-09-16 21:16:16,882 [ERROR] LogOutputStream:75 - [STDERR_REDIRECT] WARNING: Could not lock System prefs. Unix error code 2.
2025-09-16 21:16:16,882 [ERROR] LogOutputStream:75 - [STDERR_REDIRECT] 
2025-09-16 21:16:16,882 [ERROR] LogOutputStream:75 - [STDERR_REDIRECT] Sep 16, 2025 9:16:16 PM java.util.prefs.FileSystemPreferences syncWorld
2025-09-16 21:16:16,882 [ERROR] LogOutputStream:75 - [STDERR_REDIRECT] WARNING: Couldn't flush system prefs: java.util.prefs.BackingStoreException: Couldn't get file lock.
2025-09-16 21:16:16,882 [ERROR] LogOutputStream:75 - [STDERR_REDIRECT] 
2025-09-16 21:16:46,881 [ERROR] LogOutputStream:75 - [STDERR_REDIRECT] Sep 16, 2025 9:16:46 PM java.util.prefs.FileSystemPreferences checkLockFile0ErrorCode
2025-09-16 21:16:46,882 [ERROR] LogOutputStream:75 - [STDERR_REDIRECT] WARNING: Could not lock System prefs. Unix error code 2.
2025-09-16 21:16:46,882 [ERROR] LogOutputStream:75 - [STDERR_REDIRECT] 
2025-09-16 21:16:46,882 [ERROR] LogOutputStream:75 - [STDERR_REDIRECT] Sep 16, 2025 9:16:46 PM java.util.prefs.FileSystemPreferences syncWorld
2025-09-16 21:16:46,882 [ERROR] LogOutputStream:75 - [STDERR_REDIRECT] WARNING: Couldn't flush system prefs: java.util.prefs.BackingStoreException: Couldn't get file lock.
2025-09-16 21:16:46,882 [ERROR] LogOutputStream:75 - [STDERR_REDIRECT] 
2025-09-16 21:17:16,882 [ERROR] LogOutputStream:75 - [STDERR_REDIRECT] Sep 16, 2025 9:17:16 PM java.util.prefs.FileSystemPreferences checkLockFile0ErrorCode
2025-09-16 21:17:16,882 [ERROR] LogOutputStream:75 - [STDERR_REDIRECT] WARNING: Could not lock System prefs. Unix error code 2.
2025-09-16 21:17:16,882 [ERROR] LogOutputStream:75 - [STDERR_REDIRECT] 
2025-09-16 21:17:16,882 [ERROR] LogOutputStream:75 - [STDERR_REDIRECT] Sep 16, 2025 9:17:16 PM java.util.prefs.FileSystemPreferences syncWorld
2025-09-16 21:17:16,882 [ERROR] LogOutputStream:75 - [STDERR_REDIRECT] WARNING: Couldn't flush system prefs: java.util.prefs.BackingStoreException: Couldn't get file lock.
2025-09-16 21:17:16,882 [ERROR] LogOutputStream:75 - [STDERR_REDIRECT] 
2025-09-16 21:17:46,881 [ERROR] LogOutputStream:75 - [STDERR_REDIRECT] Sep 16, 2025 9:17:46 PM java.util.prefs.FileSystemPreferences checkLockFile0ErrorCode
2025-09-16 21:17:46,882 [ERROR] LogOutputStream:75 - [STDERR_REDIRECT] WARNING: Could not lock System prefs. Unix error code 2.
2025-09-16 21:17:46,882 [ERROR] LogOutputStream:75 - [STDERR_REDIRECT] 
2025-09-16 21:17:46,882 [ERROR] LogOutputStream:75 - [STDERR_REDIRECT] Sep 16, 2025 9:17:46 PM java.util.prefs.FileSystemPreferences syncWorld
2025-09-16 21:17:46,882 [ERROR] LogOutputStream:75 - [STDERR_REDIRECT] WARNING: Couldn't flush system prefs: java.util.prefs.BackingStoreException: Couldn't get file lock.
2025-09-16 21:17:46,882 [ERROR] LogOutputStream:75 - [STDERR_REDIRECT] 
2025-09-16 21:18:16,881 [ERROR] LogOutputStream:75 - [STDERR_REDIRECT] Sep 16, 2025 9:18:16 PM java.util.prefs.FileSystemPreferences checkLockFile0ErrorCode
2025-09-16 21:18:16,881 [ERROR] LogOutputStream:75 - [STDERR_REDIRECT] WARNING: Could not lock System prefs. Unix error code 2.
2025-09-16 21:18:16,881 [ERROR] LogOutputStream:75 - [STDERR_REDIRECT] 
2025-09-16 21:18:16,881 [ERROR] LogOutputStream:75 - [STDERR_REDIRECT] Sep 16, 2025 9:18:16 PM java.util.prefs.FileSystemPreferences syncWorld
2025-09-16 21:18:16,881 [ERROR] LogOutputStream:75 - [STDERR_REDIRECT] WARNING: Couldn't flush system prefs: java.util.prefs.BackingStoreException: Couldn't get file lock.
2025-09-16 21:18:16,882 [ERROR] LogOutputStream:75 - [STDERR_REDIRECT] 
2025-09-16 21:18:46,881 [ERROR] LogOutputStream:75 - [STDERR_REDIRECT] Sep 16, 2025 9:18:46 PM java.util.prefs.FileSystemPreferences checkLockFile0ErrorCode
2025-09-16 21:18:46,881 [ERROR] LogOutputStream:75 - [STDERR_REDIRECT] WARNING: Could not lock System prefs. Unix error code 2.
2025-09-16 21:18:46,882 [ERROR] LogOutputStream:75 - [STDERR_REDIRECT] 
2025-09-16 21:18:46,882 [ERROR] LogOutputStream:75 - [STDERR_REDIRECT] Sep 16, 2025 9:18:46 PM java.util.prefs.FileSystemPreferences syncWorld
2025-09-16 21:18:46,882 [ERROR] LogOutputStream:75 - [STDERR_REDIRECT] WARNING: Couldn't flush system prefs: java.util.prefs.BackingStoreException: Couldn't get file lock.
2025-09-16 21:18:46,882 [ERROR] LogOutputStream:75 - [STDERR_REDIRECT] 
2025-09-16 21:19:16,881 [ERROR] LogOutputStream:75 - [STDERR_REDIRECT] Sep 16, 2025 9:19:16 PM java.util.prefs.FileSystemPreferences checkLockFile0ErrorCode
2025-09-16 21:19:16,881 [ERROR] LogOutputStream:75 - [STDERR_REDIRECT] WARNING: Could not lock System prefs. Unix error code 2.
2025-09-16 21:19:16,882 [ERROR] LogOutputStream:75 - [STDERR_REDIRECT] 
2025-09-16 21:19:16,882 [ERROR] LogOutputStream:75 - [STDERR_REDIRECT] Sep 16, 2025 9:19:16 PM java.util.prefs.FileSystemPreferences syncWorld
2025-09-16 21:19:16,882 [ERROR] LogOutputStream:75 - [STDERR_REDIRECT] WARNING: Couldn't flush system prefs: java.util.prefs.BackingStoreException: Couldn't get file lock.
2025-09-16 21:19:16,882 [ERROR] LogOutputStream:75 - [STDERR_REDIRECT] 
2025-09-16 21:19:46,881 [ERROR] LogOutputStream:75 - [STDERR_REDIRECT] Sep 16, 2025 9:19:46 PM java.util.prefs.FileSystemPreferences checkLockFile0ErrorCode
2025-09-16 21:19:46,882 [ERROR] LogOutputStream:75 - [STDERR_REDIRECT] WARNING: Could not lock System prefs. Unix error code 2.
2025-09-16 21:19:46,882 [ERROR] LogOutputStream:75 - [STDERR_REDIRECT] 
2025-09-16 21:19:46,882 [ERROR] LogOutputStream:75 - [STDERR_REDIRECT] Sep 16, 2025 9:19:46 PM java.util.prefs.FileSystemPreferences syncWorld
2025-09-16 21:19:46,882 [ERROR] LogOutputStream:75 - [STDERR_REDIRECT] WARNING: Couldn't flush system prefs: java.util.prefs.BackingStoreException: Couldn't get file lock.
2025-09-16 21:19:46,882 [ERROR] LogOutputStream:75 - [STDERR_REDIRECT] 
2025-09-16 21:20:16,881 [ERROR] LogOutputStream:75 - [STDERR_REDIRECT] Sep 16, 2025 9:20:16 PM java.util.prefs.FileSystemPreferences checkLockFile0ErrorCode
2025-09-16 21:20:16,881 [ERROR] LogOutputStream:75 - [STDERR_REDIRECT] WARNING: Could not lock System prefs. Unix error code 2.
2025-09-16 21:20:16,881 [ERROR] LogOutputStream:75 - [STDERR_REDIRECT] 
2025-09-16 21:20:16,881 [ERROR] LogOutputStream:75 - [STDERR_REDIRECT] Sep 16, 2025 9:20:16 PM java.util.prefs.FileSystemPreferences syncWorld
2025-09-16 21:20:16,881 [ERROR] LogOutputStream:75 - [STDERR_REDIRECT] WARNING: Couldn't flush system prefs: java.util.prefs.BackingStoreException: Couldn't get file lock.
2025-09-16 21:20:16,882 [ERROR] LogOutputStream:75 - [STDERR_REDIRECT] 
2025-09-16 21:20:46,881 [ERROR] LogOutputStream:75 - [STDERR_REDIRECT] Sep 16, 2025 9:20:46 PM java.util.prefs.FileSystemPreferences checkLockFile0ErrorCode
2025-09-16 21:20:46,881 [ERROR] LogOutputStream:75 - [STDERR_REDIRECT] WARNING: Could not lock System prefs. Unix error code 2.
2025-09-16 21:20:46,881 [ERROR] LogOutputStream:75 - [STDERR_REDIRECT] 
2025-09-16 21:20:46,881 [ERROR] LogOutputStream:75 - [STDERR_REDIRECT] Sep 16, 2025 9:20:46 PM java.util.prefs.FileSystemPreferences syncWorld
2025-09-16 21:20:46,881 [ERROR] LogOutputStream:75 - [STDERR_REDIRECT] WARNING: Couldn't flush system prefs: java.util.prefs.BackingStoreException: Couldn't get file lock.
2025-09-16 21:20:46,881 [ERROR] LogOutputStream:75 - [STDERR_REDIRECT] 
2025-09-16 21:21:16,882 [ERROR] LogOutputStream:75 - [STDERR_REDIRECT] Sep 16, 2025 9:21:16 PM java.util.prefs.FileSystemPreferences checkLockFile0ErrorCode
2025-09-16 21:21:16,882 [ERROR] LogOutputStream:75 - [STDERR_REDIRECT] WARNING: Could not lock System prefs. Unix error code 2.
2025-09-16 21:21:16,882 [ERROR] LogOutputStream:75 - [STDERR_REDIRECT] 
2025-09-16 21:21:16,882 [ERROR] LogOutputStream:75 - [STDERR_REDIRECT] Sep 16, 2025 9:21:16 PM java.util.prefs.FileSystemPreferences syncWorld
2025-09-16 21:21:16,882 [ERROR] LogOutputStream:75 - [STDERR_REDIRECT] WARNING: Couldn't flush system prefs: java.util.prefs.BackingStoreException: Couldn't get file lock.
2025-09-16 21:21:16,882 [ERROR] LogOutputStream:75 - [STDERR_REDIRECT] 
2025-09-16 21:21:46,882 [ERROR] LogOutputStream:75 - [STDERR_REDIRECT] Sep 16, 2025 9:21:46 PM java.util.prefs.FileSystemPreferences checkLockFile0ErrorCode
2025-09-16 21:21:46,882 [ERROR] LogOutputStream:75 - [STDERR_REDIRECT] WARNING: Could not lock System prefs. Unix error code 2.
2025-09-16 21:21:46,882 [ERROR] LogOutputStream:75 - [STDERR_REDIRECT] 
2025-09-16 21:21:46,882 [ERROR] LogOutputStream:75 - [STDERR_REDIRECT] Sep 16, 2025 9:21:46 PM java.util.prefs.FileSystemPreferences syncWorld
2025-09-16 21:21:46,882 [ERROR] LogOutputStream:75 - [STDERR_REDIRECT] WARNING: Couldn't flush system prefs: java.util.prefs.BackingStoreException: Couldn't get file lock.
2025-09-16 21:21:46,882 [ERROR] LogOutputStream:75 - [STDERR_REDIRECT] 
2025-09-16 21:22:16,882 [ERROR] LogOutputStream:75 - [STDERR_REDIRECT] Sep 16, 2025 9:22:16 PM java.util.prefs.FileSystemPreferences checkLockFile0ErrorCode
2025-09-16 21:22:16,882 [ERROR] LogOutputStream:75 - [STDERR_REDIRECT] WARNING: Could not lock System prefs. Unix error code 2.
2025-09-16 21:22:16,882 [ERROR] LogOutputStream:75 - [STDERR_REDIRECT] 
2025-09-16 21:22:16,882 [ERROR] LogOutputStream:75 - [STDERR_REDIRECT] Sep 16, 2025 9:22:16 PM java.util.prefs.FileSystemPreferences syncWorld
2025-09-16 21:22:16,882 [ERROR] LogOutputStream:75 - [STDERR_REDIRECT] WARNING: Couldn't flush system prefs: java.util.prefs.BackingStoreException: Couldn't get file lock.
2025-09-16 21:22:16,882 [ERROR] LogOutputStream:75 - [STDERR_REDIRECT] 
2025-09-16 21:22:46,882 [ERROR] LogOutputStream:75 - [STDERR_REDIRECT] Sep 16, 2025 9:22:46 PM java.util.prefs.FileSystemPreferences checkLockFile0ErrorCode
2025-09-16 21:22:46,882 [ERROR] LogOutputStream:75 - [STDERR_REDIRECT] WARNING: Could not lock System prefs. Unix error code 2.
2025-09-16 21:22:46,882 [ERROR] LogOutputStream:75 - [STDERR_REDIRECT] 
2025-09-16 21:22:46,882 [ERROR] LogOutputStream:75 - [STDERR_REDIRECT] Sep 16, 2025 9:22:46 PM java.util.prefs.FileSystemPreferences syncWorld
2025-09-16 21:22:46,882 [ERROR] LogOutputStream:75 - [STDERR_REDIRECT] WARNING: Couldn't flush system prefs: java.util.prefs.BackingStoreException: Couldn't get file lock.
2025-09-16 21:22:46,882 [ERROR] LogOutputStream:75 - [STDERR_REDIRECT] 
2025-09-16 21:23:16,882 [ERROR] LogOutputStream:75 - [STDERR_REDIRECT] Sep 16, 2025 9:23:16 PM java.util.prefs.FileSystemPreferences checkLockFile0ErrorCode
2025-09-16 21:23:16,882 [ERROR] LogOutputStream:75 - [STDERR_REDIRECT] WARNING: Could not lock System prefs. Unix error code 2.
2025-09-16 21:23:16,882 [ERROR] LogOutputStream:75 - [STDERR_REDIRECT] 
2025-09-16 21:23:16,882 [ERROR] LogOutputStream:75 - [STDERR_REDIRECT] Sep 16, 2025 9:23:16 PM java.util.prefs.FileSystemPreferences syncWorld
2025-09-16 21:23:16,882 [ERROR] LogOutputStream:75 - [STDERR_REDIRECT] WARNING: Couldn't flush system prefs: java.util.prefs.BackingStoreException: Couldn't get file lock.
2025-09-16 21:23:16,882 [ERROR] LogOutputStream:75 - [STDERR_REDIRECT] 
2025-09-16 21:23:46,882 [ERROR] LogOutputStream:75 - [STDERR_REDIRECT] Sep 16, 2025 9:23:46 PM java.util.prefs.FileSystemPreferences checkLockFile0ErrorCode
2025-09-16 21:23:46,882 [ERROR] LogOutputStream:75 - [STDERR_REDIRECT] WARNING: Could not lock System prefs. Unix error code 2.
2025-09-16 21:23:46,882 [ERROR] LogOutputStream:75 - [STDERR_REDIRECT] 
2025-09-16 21:23:46,882 [ERROR] LogOutputStream:75 - [STDERR_REDIRECT] Sep 16, 2025 9:23:46 PM java.util.prefs.FileSystemPreferences syncWorld
2025-09-16 21:23:46,882 [ERROR] LogOutputStream:75 - [STDERR_REDIRECT] WARNING: Couldn't flush system prefs: java.util.prefs.BackingStoreException: Couldn't get file lock.
2025-09-16 21:23:46,882 [ERROR] LogOutputStream:75 - [STDERR_REDIRECT] 
2025-09-16 21:24:16,882 [ERROR] LogOutputStream:75 - [STDERR_REDIRECT] Sep 16, 2025 9:24:16 PM java.util.prefs.FileSystemPreferences checkLockFile0ErrorCode
2025-09-16 21:24:16,882 [ERROR] LogOutputStream:75 - [STDERR_REDIRECT] WARNING: Could not lock System prefs. Unix error code 2.
2025-09-16 21:24:16,882 [ERROR] LogOutputStream:75 - [STDERR_REDIRECT] 
2025-09-16 21:24:16,882 [ERROR] LogOutputStream:75 - [STDERR_REDIRECT] Sep 16, 2025 9:24:16 PM java.util.prefs.FileSystemPreferences syncWorld
2025-09-16 21:24:16,882 [ERROR] LogOutputStream:75 - [STDERR_REDIRECT] WARNING: Couldn't flush system prefs: java.util.prefs.BackingStoreException: Couldn't get file lock.
2025-09-16 21:24:16,882 [ERROR] LogOutputStream:75 - [STDERR_REDIRECT] 
2025-09-16 21:24:46,883 [ERROR] LogOutputStream:75 - [STDERR_REDIRECT] Sep 16, 2025 9:24:46 PM java.util.prefs.FileSystemPreferences checkLockFile0ErrorCode
2025-09-16 21:24:46,883 [ERROR] LogOutputStream:75 - [STDERR_REDIRECT] WARNING: Could not lock System prefs. Unix error code 2.
2025-09-16 21:24:46,883 [ERROR] LogOutputStream:75 - [STDERR_REDIRECT] 
2025-09-16 21:24:46,883 [ERROR] LogOutputStream:75 - [STDERR_REDIRECT] Sep 16, 2025 9:24:46 PM java.util.prefs.FileSystemPreferences syncWorld
2025-09-16 21:24:46,883 [ERROR] LogOutputStream:75 - [STDERR_REDIRECT] WARNING: Couldn't flush system prefs: java.util.prefs.BackingStoreException: Couldn't get file lock.
2025-09-16 21:24:46,883 [ERROR] LogOutputStream:75 - [STDERR_REDIRECT] 
2025-09-16 21:25:16,882 [ERROR] LogOutputStream:75 - [STDERR_REDIRECT] Sep 16, 2025 9:25:16 PM java.util.prefs.FileSystemPreferences checkLockFile0ErrorCode
2025-09-16 21:25:16,882 [ERROR] LogOutputStream:75 - [STDERR_REDIRECT] WARNING: Could not lock System prefs. Unix error code 2.
2025-09-16 21:25:16,882 [ERROR] LogOutputStream:75 - [STDERR_REDIRECT] 
2025-09-16 21:25:16,883 [ERROR] LogOutputStream:75 - [STDERR_REDIRECT] Sep 16, 2025 9:25:16 PM java.util.prefs.FileSystemPreferences syncWorld
2025-09-16 21:25:16,883 [ERROR] LogOutputStream:75 - [STDERR_REDIRECT] WARNING: Couldn't flush system prefs: java.util.prefs.BackingStoreException: Couldn't get file lock.
2025-09-16 21:25:16,883 [ERROR] LogOutputStream:75 - [STDERR_REDIRECT] 
2025-09-16 21:25:46,882 [ERROR] LogOutputStream:75 - [STDERR_REDIRECT] Sep 16, 2025 9:25:46 PM java.util.prefs.FileSystemPreferences checkLockFile0ErrorCode
2025-09-16 21:25:46,882 [ERROR] LogOutputStream:75 - [STDERR_REDIRECT] WARNING: Could not lock System prefs. Unix error code 2.
2025-09-16 21:25:46,882 [ERROR] LogOutputStream:75 - [STDERR_REDIRECT] 
2025-09-16 21:25:46,883 [ERROR] LogOutputStream:75 - [STDERR_REDIRECT] Sep 16, 2025 9:25:46 PM java.util.prefs.FileSystemPreferences syncWorld
2025-09-16 21:25:46,883 [ERROR] LogOutputStream:75 - [STDERR_REDIRECT] WARNING: Couldn't flush system prefs: java.util.prefs.BackingStoreException: Couldn't get file lock.
2025-09-16 21:25:46,883 [ERROR] LogOutputStream:75 - [STDERR_REDIRECT] 
2025-09-16 21:26:16,882 [ERROR] LogOutputStream:75 - [STDERR_REDIRECT] Sep 16, 2025 9:26:16 PM java.util.prefs.FileSystemPreferences checkLockFile0ErrorCode
2025-09-16 21:26:16,882 [ERROR] LogOutputStream:75 - [STDERR_REDIRECT] WARNING: Could not lock System prefs. Unix error code 2.
2025-09-16 21:26:16,882 [ERROR] LogOutputStream:75 - [STDERR_REDIRECT] 
2025-09-16 21:26:16,882 [ERROR] LogOutputStream:75 - [STDERR_REDIRECT] Sep 16, 2025 9:26:16 PM java.util.prefs.FileSystemPreferences syncWorld
2025-09-16 21:26:16,882 [ERROR] LogOutputStream:75 - [STDERR_REDIRECT] WARNING: Couldn't flush system prefs: java.util.prefs.BackingStoreException: Couldn't get file lock.
2025-09-16 21:26:16,882 [ERROR] LogOutputStream:75 - [STDERR_REDIRECT] 
2025-09-16 21:26:46,883 [ERROR] LogOutputStream:75 - [STDERR_REDIRECT] Sep 16, 2025 9:26:46 PM java.util.prefs.FileSystemPreferences checkLockFile0ErrorCode
2025-09-16 21:26:46,883 [ERROR] LogOutputStream:75 - [STDERR_REDIRECT] WARNING: Could not lock System prefs. Unix error code 2.
2025-09-16 21:26:46,883 [ERROR] LogOutputStream:75 - [STDERR_REDIRECT] 
2025-09-16 21:26:46,884 [ERROR] LogOutputStream:75 - [STDERR_REDIRECT] Sep 16, 2025 9:26:46 PM java.util.prefs.FileSystemPreferences syncWorld
2025-09-16 21:26:46,884 [ERROR] LogOutputStream:75 - [STDERR_REDIRECT] WARNING: Couldn't flush system prefs: java.util.prefs.BackingStoreException: Couldn't get file lock.
2025-09-16 21:26:46,884 [ERROR] LogOutputStream:75 - [STDERR_REDIRECT] 
2025-09-16 21:27:16,883 [ERROR] LogOutputStream:75 - [STDERR_REDIRECT] Sep 16, 2025 9:27:16 PM java.util.prefs.FileSystemPreferences checkLockFile0ErrorCode
2025-09-16 21:27:16,883 [ERROR] LogOutputStream:75 - [STDERR_REDIRECT] WARNING: Could not lock System prefs. Unix error code 2.
2025-09-16 21:27:16,883 [ERROR] LogOutputStream:75 - [STDERR_REDIRECT] 
2025-09-16 21:27:16,883 [ERROR] LogOutputStream:75 - [STDERR_REDIRECT] Sep 16, 2025 9:27:16 PM java.util.prefs.FileSystemPreferences syncWorld
2025-09-16 21:27:16,883 [ERROR] LogOutputStream:75 - [STDERR_REDIRECT] WARNING: Couldn't flush system prefs: java.util.prefs.BackingStoreException: Couldn't get file lock.
2025-09-16 21:27:16,883 [ERROR] LogOutputStream:75 - [STDERR_REDIRECT] 
2025-09-16 21:27:46,884 [ERROR] LogOutputStream:75 - [STDERR_REDIRECT] Sep 16, 2025 9:27:46 PM java.util.prefs.FileSystemPreferences checkLockFile0ErrorCode
2025-09-16 21:27:46,884 [ERROR] LogOutputStream:75 - [STDERR_REDIRECT] WARNING: Could not lock System prefs. Unix error code 2.
2025-09-16 21:27:46,884 [ERROR] LogOutputStream:75 - [STDERR_REDIRECT] 
2025-09-16 21:27:46,884 [ERROR] LogOutputStream:75 - [STDERR_REDIRECT] Sep 16, 2025 9:27:46 PM java.util.prefs.FileSystemPreferences syncWorld
2025-09-16 21:27:46,884 [ERROR] LogOutputStream:75 - [STDERR_REDIRECT] WARNING: Couldn't flush system prefs: java.util.prefs.BackingStoreException: Couldn't get file lock.
2025-09-16 21:27:46,884 [ERROR] LogOutputStream:75 - [STDERR_REDIRECT] 
2025-09-16 21:28:16,885 [ERROR] LogOutputStream:75 - [STDERR_REDIRECT] Sep 16, 2025 9:28:16 PM java.util.prefs.FileSystemPreferences checkLockFile0ErrorCode
2025-09-16 21:28:16,885 [ERROR] LogOutputStream:75 - [STDERR_REDIRECT] WARNING: Could not lock System prefs. Unix error code 2.
2025-09-16 21:28:16,885 [ERROR] LogOutputStream:75 - [STDERR_REDIRECT] 
2025-09-16 21:28:16,885 [ERROR] LogOutputStream:75 - [STDERR_REDIRECT] Sep 16, 2025 9:28:16 PM java.util.prefs.FileSystemPreferences syncWorld
2025-09-16 21:28:16,885 [ERROR] LogOutputStream:75 - [STDERR_REDIRECT] WARNING: Couldn't flush system prefs: java.util.prefs.BackingStoreException: Couldn't get file lock.
2025-09-16 21:28:16,885 [ERROR] LogOutputStream:75 - [STDERR_REDIRECT] 
2025-09-16 21:28:46,884 [ERROR] LogOutputStream:75 - [STDERR_REDIRECT] Sep 16, 2025 9:28:46 PM java.util.prefs.FileSystemPreferences checkLockFile0ErrorCode
2025-09-16 21:28:46,884 [ERROR] LogOutputStream:75 - [STDERR_REDIRECT] WARNING: Could not lock System prefs. Unix error code 2.
2025-09-16 21:28:46,885 [ERROR] LogOutputStream:75 - [STDERR_REDIRECT] 
2025-09-16 21:28:46,885 [ERROR] LogOutputStream:75 - [STDERR_REDIRECT] Sep 16, 2025 9:28:46 PM java.util.prefs.FileSystemPreferences syncWorld
2025-09-16 21:28:46,895 [ERROR] LogOutputStream:75 - [STDERR_REDIRECT] WARNING: Couldn't flush system prefs: java.util.prefs.BackingStoreException: Couldn't get file lock.
2025-09-16 21:28:46,895 [ERROR] LogOutputStream:75 - [STDERR_REDIRECT] 
2025-09-16 21:29:16,885 [ERROR] LogOutputStream:75 - [STDERR_REDIRECT] Sep 16, 2025 9:29:16 PM java.util.prefs.FileSystemPreferences checkLockFile0ErrorCode
2025-09-16 21:29:16,885 [ERROR] LogOutputStream:75 - [STDERR_REDIRECT] WARNING: Could not lock System prefs. Unix error code 2.
2025-09-16 21:29:16,885 [ERROR] LogOutputStream:75 - [STDERR_REDIRECT] 
2025-09-16 21:29:16,885 [ERROR] LogOutputStream:75 - [STDERR_REDIRECT] Sep 16, 2025 9:29:16 PM java.util.prefs.FileSystemPreferences syncWorld
2025-09-16 21:29:16,885 [ERROR] LogOutputStream:75 - [STDERR_REDIRECT] WARNING: Couldn't flush system prefs: java.util.prefs.BackingStoreException: Couldn't get file lock.
2025-09-16 21:29:16,885 [ERROR] LogOutputStream:75 - [STDERR_REDIRECT] 
2025-09-16 21:29:46,884 [ERROR] LogOutputStream:75 - [STDERR_REDIRECT] Sep 16, 2025 9:29:46 PM java.util.prefs.FileSystemPreferences checkLockFile0ErrorCode
2025-09-16 21:29:46,884 [ERROR] LogOutputStream:75 - [STDERR_REDIRECT] WARNING: Could not lock System prefs. Unix error code 2.
2025-09-16 21:29:46,884 [ERROR] LogOutputStream:75 - [STDERR_REDIRECT] 
2025-09-16 21:29:46,885 [ERROR] LogOutputStream:75 - [STDERR_REDIRECT] Sep 16, 2025 9:29:46 PM java.util.prefs.FileSystemPreferences syncWorld
2025-09-16 21:29:46,885 [ERROR] LogOutputStream:75 - [STDERR_REDIRECT] WARNING: Couldn't flush system prefs: java.util.prefs.BackingStoreException: Couldn't get file lock.
2025-09-16 21:29:46,885 [ERROR] LogOutputStream:75 - [STDERR_REDIRECT] 
2025-09-16 21:30:16,884 [ERROR] LogOutputStream:75 - [STDERR_REDIRECT] Sep 16, 2025 9:30:16 PM java.util.prefs.FileSystemPreferences checkLockFile0ErrorCode
2025-09-16 21:30:16,884 [ERROR] LogOutputStream:75 - [STDERR_REDIRECT] WARNING: Could not lock System prefs. Unix error code 2.
2025-09-16 21:30:16,884 [ERROR] LogOutputStream:75 - [STDERR_REDIRECT] 
2025-09-16 21:30:16,884 [ERROR] LogOutputStream:75 - [STDERR_REDIRECT] Sep 16, 2025 9:30:16 PM java.util.prefs.FileSystemPreferences syncWorld
2025-09-16 21:30:16,884 [ERROR] LogOutputStream:75 - [STDERR_REDIRECT] WARNING: Couldn't flush system prefs: java.util.prefs.BackingStoreException: Couldn't get file lock.
2025-09-16 21:30:16,884 [ERROR] LogOutputStream:75 - [STDERR_REDIRECT] 
2025-09-16 21:30:46,884 [ERROR] LogOutputStream:75 - [STDERR_REDIRECT] Sep 16, 2025 9:30:46 PM java.util.prefs.FileSystemPreferences checkLockFile0ErrorCode
2025-09-16 21:30:46,885 [ERROR] LogOutputStream:75 - [STDERR_REDIRECT] WARNING: Could not lock System prefs. Unix error code 2.
2025-09-16 21:30:46,885 [ERROR] LogOutputStream:75 - [STDERR_REDIRECT] 
2025-09-16 21:30:46,885 [ERROR] LogOutputStream:75 - [STDERR_REDIRECT] Sep 16, 2025 9:30:46 PM java.util.prefs.FileSystemPreferences syncWorld
2025-09-16 21:30:46,885 [ERROR] LogOutputStream:75 - [STDERR_REDIRECT] WARNING: Couldn't flush system prefs: java.util.prefs.BackingStoreException: Couldn't get file lock.
2025-09-16 21:30:46,885 [ERROR] LogOutputStream:75 - [STDERR_REDIRECT] 
2025-09-16 21:31:16,885 [ERROR] LogOutputStream:75 - [STDERR_REDIRECT] Sep 16, 2025 9:31:16 PM java.util.prefs.FileSystemPreferences checkLockFile0ErrorCode
2025-09-16 21:31:16,885 [ERROR] LogOutputStream:75 - [STDERR_REDIRECT] WARNING: Could not lock System prefs. Unix error code 2.
2025-09-16 21:31:16,885 [ERROR] LogOutputStream:75 - [STDERR_REDIRECT] 
2025-09-16 21:31:16,885 [ERROR] LogOutputStream:75 - [STDERR_REDIRECT] Sep 16, 2025 9:31:16 PM java.util.prefs.FileSystemPreferences syncWorld
2025-09-16 21:31:16,885 [ERROR] LogOutputStream:75 - [STDERR_REDIRECT] WARNING: Couldn't flush system prefs: java.util.prefs.BackingStoreException: Couldn't get file lock.
2025-09-16 21:31:16,885 [ERROR] LogOutputStream:75 - [STDERR_REDIRECT] 
2025-09-16 21:31:46,884 [ERROR] LogOutputStream:75 - [STDERR_REDIRECT] Sep 16, 2025 9:31:46 PM java.util.prefs.FileSystemPreferences checkLockFile0ErrorCode
2025-09-16 21:31:46,885 [ERROR] LogOutputStream:75 - [STDERR_REDIRECT] WARNING: Could not lock System prefs. Unix error code 2.
2025-09-16 21:31:46,885 [ERROR] LogOutputStream:75 - [STDERR_REDIRECT] 
2025-09-16 21:31:46,885 [ERROR] LogOutputStream:75 - [STDERR_REDIRECT] Sep 16, 2025 9:31:46 PM java.util.prefs.FileSystemPreferences syncWorld
2025-09-16 21:31:46,885 [ERROR] LogOutputStream:75 - [STDERR_REDIRECT] WARNING: Couldn't flush system prefs: java.util.prefs.BackingStoreException: Couldn't get file lock.
2025-09-16 21:31:46,885 [ERROR] LogOutputStream:75 - [STDERR_REDIRECT] 
2025-09-16 21:32:16,884 [ERROR] LogOutputStream:75 - [STDERR_REDIRECT] Sep 16, 2025 9:32:16 PM java.util.prefs.FileSystemPreferences checkLockFile0ErrorCode
2025-09-16 21:32:16,884 [ERROR] LogOutputStream:75 - [STDERR_REDIRECT] WARNING: Could not lock System prefs. Unix error code 2.
2025-09-16 21:32:16,884 [ERROR] LogOutputStream:75 - [STDERR_REDIRECT] 
2025-09-16 21:32:16,885 [ERROR] LogOutputStream:75 - [STDERR_REDIRECT] Sep 16, 2025 9:32:16 PM java.util.prefs.FileSystemPreferences syncWorld
2025-09-16 21:32:16,885 [ERROR] LogOutputStream:75 - [STDERR_REDIRECT] WARNING: Couldn't flush system prefs: java.util.prefs.BackingStoreException: Couldn't get file lock.
2025-09-16 21:32:16,885 [ERROR] LogOutputStream:75 - [STDERR_REDIRECT] 
2025-09-16 21:32:46,884 [ERROR] LogOutputStream:75 - [STDERR_REDIRECT] Sep 16, 2025 9:32:46 PM java.util.prefs.FileSystemPreferences checkLockFile0ErrorCode
2025-09-16 21:32:46,885 [ERROR] LogOutputStream:75 - [STDERR_REDIRECT] WARNING: Could not lock System prefs. Unix error code 2.
2025-09-16 21:32:46,885 [ERROR] LogOutputStream:75 - [STDERR_REDIRECT] 
2025-09-16 21:32:46,885 [ERROR] LogOutputStream:75 - [STDERR_REDIRECT] Sep 16, 2025 9:32:46 PM java.util.prefs.FileSystemPreferences syncWorld
2025-09-16 21:32:46,885 [ERROR] LogOutputStream:75 - [STDERR_REDIRECT] WARNING: Couldn't flush system prefs: java.util.prefs.BackingStoreException: Couldn't get file lock.
2025-09-16 21:32:46,885 [ERROR] LogOutputStream:75 - [STDERR_REDIRECT] 
2025-09-16 21:33:16,884 [ERROR] LogOutputStream:75 - [STDERR_REDIRECT] Sep 16, 2025 9:33:16 PM java.util.prefs.FileSystemPreferences checkLockFile0ErrorCode
2025-09-16 21:33:16,885 [ERROR] LogOutputStream:75 - [STDERR_REDIRECT] WARNING: Could not lock System prefs. Unix error code 2.
2025-09-16 21:33:16,885 [ERROR] LogOutputStream:75 - [STDERR_REDIRECT] 
2025-09-16 21:33:16,885 [ERROR] LogOutputStream:75 - [STDERR_REDIRECT] Sep 16, 2025 9:33:16 PM java.util.prefs.FileSystemPreferences syncWorld
2025-09-16 21:33:16,885 [ERROR] LogOutputStream:75 - [STDERR_REDIRECT] WARNING: Couldn't flush system prefs: java.util.prefs.BackingStoreException: Couldn't get file lock.
2025-09-16 21:33:16,885 [ERROR] LogOutputStream:75 - [STDERR_REDIRECT] 
2025-09-16 21:33:46,884 [ERROR] LogOutputStream:75 - [STDERR_REDIRECT] Sep 16, 2025 9:33:46 PM java.util.prefs.FileSystemPreferences checkLockFile0ErrorCode
2025-09-16 21:33:46,885 [ERROR] LogOutputStream:75 - [STDERR_REDIRECT] WARNING: Could not lock System prefs. Unix error code 2.
2025-09-16 21:33:46,885 [ERROR] LogOutputStream:75 - [STDERR_REDIRECT] 
2025-09-16 21:33:46,885 [ERROR] LogOutputStream:75 - [STDERR_REDIRECT] Sep 16, 2025 9:33:46 PM java.util.prefs.FileSystemPreferences syncWorld
2025-09-16 21:33:46,885 [ERROR] LogOutputStream:75 - [STDERR_REDIRECT] WARNING: Couldn't flush system prefs: java.util.prefs.BackingStoreException: Couldn't get file lock.
2025-09-16 21:33:46,885 [ERROR] LogOutputStream:75 - [STDERR_REDIRECT] 
2025-09-16 21:34:16,885 [ERROR] LogOutputStream:75 - [STDERR_REDIRECT] Sep 16, 2025 9:34:16 PM java.util.prefs.FileSystemPreferences checkLockFile0ErrorCode
2025-09-16 21:34:16,885 [ERROR] LogOutputStream:75 - [STDERR_REDIRECT] WARNING: Could not lock System prefs. Unix error code 2.
2025-09-16 21:34:16,885 [ERROR] LogOutputStream:75 - [STDERR_REDIRECT] 
2025-09-16 21:34:16,885 [ERROR] LogOutputStream:75 - [STDERR_REDIRECT] Sep 16, 2025 9:34:16 PM java.util.prefs.FileSystemPreferences syncWorld
2025-09-16 21:34:16,885 [ERROR] LogOutputStream:75 - [STDERR_REDIRECT] WARNING: Couldn't flush system prefs: java.util.prefs.BackingStoreException: Couldn't get file lock.
2025-09-16 21:34:16,885 [ERROR] LogOutputStream:75 - [STDERR_REDIRECT] 
2025-09-16 21:34:46,885 [ERROR] LogOutputStream:75 - [STDERR_REDIRECT] Sep 16, 2025 9:34:46 PM java.util.prefs.FileSystemPreferences checkLockFile0ErrorCode
2025-09-16 21:34:46,885 [ERROR] LogOutputStream:75 - [STDERR_REDIRECT] WARNING: Could not lock System prefs. Unix error code 2.
2025-09-16 21:34:46,885 [ERROR] LogOutputStream:75 - [STDERR_REDIRECT] 
2025-09-16 21:34:46,885 [ERROR] LogOutputStream:75 - [STDERR_REDIRECT] Sep 16, 2025 9:34:46 PM java.util.prefs.FileSystemPreferences syncWorld
2025-09-16 21:34:46,885 [ERROR] LogOutputStream:75 - [STDERR_REDIRECT] WARNING: Couldn't flush system prefs: java.util.prefs.BackingStoreException: Couldn't get file lock.
2025-09-16 21:34:46,885 [ERROR] LogOutputStream:75 - [STDERR_REDIRECT] 
2025-09-16 21:35:16,884 [ERROR] LogOutputStream:75 - [STDERR_REDIRECT] Sep 16, 2025 9:35:16 PM java.util.prefs.FileSystemPreferences checkLockFile0ErrorCode
2025-09-16 21:35:16,885 [ERROR] LogOutputStream:75 - [STDERR_REDIRECT] WARNING: Could not lock System prefs. Unix error code 2.
2025-09-16 21:35:16,885 [ERROR] LogOutputStream:75 - [STDERR_REDIRECT] 
2025-09-16 21:35:16,885 [ERROR] LogOutputStream:75 - [STDERR_REDIRECT] Sep 16, 2025 9:35:16 PM java.util.prefs.FileSystemPreferences syncWorld
2025-09-16 21:35:16,885 [ERROR] LogOutputStream:75 - [STDERR_REDIRECT] WARNING: Couldn't flush system prefs: java.util.prefs.BackingStoreException: Couldn't get file lock.
2025-09-16 21:35:16,885 [ERROR] LogOutputStream:75 - [STDERR_REDIRECT] 
2025-09-16 21:35:46,884 [ERROR] LogOutputStream:75 - [STDERR_REDIRECT] Sep 16, 2025 9:35:46 PM java.util.prefs.FileSystemPreferences checkLockFile0ErrorCode
2025-09-16 21:35:46,884 [ERROR] LogOutputStream:75 - [STDERR_REDIRECT] WARNING: Could not lock System prefs. Unix error code 2.
2025-09-16 21:35:46,884 [ERROR] LogOutputStream:75 - [STDERR_REDIRECT] 
2025-09-16 21:35:46,885 [ERROR] LogOutputStream:75 - [STDERR_REDIRECT] Sep 16, 2025 9:35:46 PM java.util.prefs.FileSystemPreferences syncWorld
2025-09-16 21:35:46,885 [ERROR] LogOutputStream:75 - [STDERR_REDIRECT] WARNING: Couldn't flush system prefs: java.util.prefs.BackingStoreException: Couldn't get file lock.
2025-09-16 21:35:46,885 [ERROR] LogOutputStream:75 - [STDERR_REDIRECT] 
2025-09-16 21:36:16,884 [ERROR] LogOutputStream:75 - [STDERR_REDIRECT] Sep 16, 2025 9:36:16 PM java.util.prefs.FileSystemPreferences checkLockFile0ErrorCode
2025-09-16 21:36:16,884 [ERROR] LogOutputStream:75 - [STDERR_REDIRECT] WARNING: Could not lock System prefs. Unix error code 2.
2025-09-16 21:36:16,884 [ERROR] LogOutputStream:75 - [STDERR_REDIRECT] 
2025-09-16 21:36:16,885 [ERROR] LogOutputStream:75 - [STDERR_REDIRECT] Sep 16, 2025 9:36:16 PM java.util.prefs.FileSystemPreferences syncWorld
2025-09-16 21:36:16,885 [ERROR] LogOutputStream:75 - [STDERR_REDIRECT] WARNING: Couldn't flush system prefs: java.util.prefs.BackingStoreException: Couldn't get file lock.
2025-09-16 21:36:16,885 [ERROR] LogOutputStream:75 - [STDERR_REDIRECT] 
2025-09-16 21:36:46,884 [ERROR] LogOutputStream:75 - [STDERR_REDIRECT] Sep 16, 2025 9:36:46 PM java.util.prefs.FileSystemPreferences checkLockFile0ErrorCode
2025-09-16 21:36:46,884 [ERROR] LogOutputStream:75 - [STDERR_REDIRECT] WARNING: Could not lock System prefs. Unix error code 2.
2025-09-16 21:36:46,884 [ERROR] LogOutputStream:75 - [STDERR_REDIRECT] 
2025-09-16 21:36:46,884 [ERROR] LogOutputStream:75 - [STDERR_REDIRECT] Sep 16, 2025 9:36:46 PM java.util.prefs.FileSystemPreferences syncWorld
2025-09-16 21:36:46,885 [ERROR] LogOutputStream:75 - [STDERR_REDIRECT] WARNING: Couldn't flush system prefs: java.util.prefs.BackingStoreException: Couldn't get file lock.
2025-09-16 21:36:46,885 [ERROR] LogOutputStream:75 - [STDERR_REDIRECT] 
2025-09-16 21:37:16,884 [ERROR] LogOutputStream:75 - [STDERR_REDIRECT] Sep 16, 2025 9:37:16 PM java.util.prefs.FileSystemPreferences checkLockFile0ErrorCode
2025-09-16 21:37:16,885 [ERROR] LogOutputStream:75 - [STDERR_REDIRECT] WARNING: Could not lock System prefs. Unix error code 2.
2025-09-16 21:37:16,885 [ERROR] LogOutputStream:75 - [STDERR_REDIRECT] 
2025-09-16 21:37:16,885 [ERROR] LogOutputStream:75 - [STDERR_REDIRECT] Sep 16, 2025 9:37:16 PM java.util.prefs.FileSystemPreferences syncWorld
2025-09-16 21:37:16,885 [ERROR] LogOutputStream:75 - [STDERR_REDIRECT] WARNING: Couldn't flush system prefs: java.util.prefs.BackingStoreException: Couldn't get file lock.
2025-09-16 21:37:16,885 [ERROR] LogOutputStream:75 - [STDERR_REDIRECT] 
2025-09-16 21:37:46,885 [ERROR] LogOutputStream:75 - [STDERR_REDIRECT] Sep 16, 2025 9:37:46 PM java.util.prefs.FileSystemPreferences checkLockFile0ErrorCode
2025-09-16 21:37:46,885 [ERROR] LogOutputStream:75 - [STDERR_REDIRECT] WARNING: Could not lock System prefs. Unix error code 2.
2025-09-16 21:37:46,885 [ERROR] LogOutputStream:75 - [STDERR_REDIRECT] 
2025-09-16 21:37:46,885 [ERROR] LogOutputStream:75 - [STDERR_REDIRECT] Sep 16, 2025 9:37:46 PM java.util.prefs.FileSystemPreferences syncWorld
2025-09-16 21:37:46,885 [ERROR] LogOutputStream:75 - [STDERR_REDIRECT] WARNING: Couldn't flush system prefs: java.util.prefs.BackingStoreException: Couldn't get file lock.
2025-09-16 21:37:46,885 [ERROR] LogOutputStream:75 - [STDERR_REDIRECT] 
2025-09-16 21:38:16,887 [ERROR] LogOutputStream:75 - [STDERR_REDIRECT] Sep 16, 2025 9:38:16 PM java.util.prefs.FileSystemPreferences checkLockFile0ErrorCode
2025-09-16 21:38:16,887 [ERROR] LogOutputStream:75 - [STDERR_REDIRECT] WARNING: Could not lock System prefs. Unix error code 2.
2025-09-16 21:38:16,887 [ERROR] LogOutputStream:75 - [STDERR_REDIRECT] 
2025-09-16 21:38:16,887 [ERROR] LogOutputStream:75 - [STDERR_REDIRECT] Sep 16, 2025 9:38:16 PM java.util.prefs.FileSystemPreferences syncWorld
2025-09-16 21:38:16,887 [ERROR] LogOutputStream:75 - [STDERR_REDIRECT] WARNING: Couldn't flush system prefs: java.util.prefs.BackingStoreException: Couldn't get file lock.
2025-09-16 21:38:16,887 [ERROR] LogOutputStream:75 - [STDERR_REDIRECT] 
2025-09-16 21:38:46,884 [ERROR] LogOutputStream:75 - [STDERR_REDIRECT] Sep 16, 2025 9:38:46 PM java.util.prefs.FileSystemPreferences checkLockFile0ErrorCode
2025-09-16 21:38:46,884 [ERROR] LogOutputStream:75 - [STDERR_REDIRECT] WARNING: Could not lock System prefs. Unix error code 2.
2025-09-16 21:38:46,884 [ERROR] LogOutputStream:75 - [STDERR_REDIRECT] 
2025-09-16 21:38:46,885 [ERROR] LogOutputStream:75 - [STDERR_REDIRECT] Sep 16, 2025 9:38:46 PM java.util.prefs.FileSystemPreferences syncWorld
2025-09-16 21:38:46,885 [ERROR] LogOutputStream:75 - [STDERR_REDIRECT] WARNING: Couldn't flush system prefs: java.util.prefs.BackingStoreException: Couldn't get file lock.
2025-09-16 21:38:46,885 [ERROR] LogOutputStream:75 - [STDERR_REDIRECT] 
2025-09-16 21:39:16,885 [ERROR] LogOutputStream:75 - [STDERR_REDIRECT] Sep 16, 2025 9:39:16 PM java.util.prefs.FileSystemPreferences checkLockFile0ErrorCode
2025-09-16 21:39:16,886 [ERROR] LogOutputStream:75 - [STDERR_REDIRECT] WARNING: Could not lock System prefs. Unix error code 2.
2025-09-16 21:39:16,886 [ERROR] LogOutputStream:75 - [STDERR_REDIRECT] 
2025-09-16 21:39:16,886 [ERROR] LogOutputStream:75 - [STDERR_REDIRECT] Sep 16, 2025 9:39:16 PM java.util.prefs.FileSystemPreferences syncWorld
2025-09-16 21:39:16,886 [ERROR] LogOutputStream:75 - [STDERR_REDIRECT] WARNING: Couldn't flush system prefs: java.util.prefs.BackingStoreException: Couldn't get file lock.
2025-09-16 21:39:16,886 [ERROR] LogOutputStream:75 - [STDERR_REDIRECT] 
2025-09-16 21:39:46,884 [ERROR] LogOutputStream:75 - [STDERR_REDIRECT] Sep 16, 2025 9:39:46 PM java.util.prefs.FileSystemPreferences checkLockFile0ErrorCode
2025-09-16 21:39:46,884 [ERROR] LogOutputStream:75 - [STDERR_REDIRECT] WARNING: Could not lock System prefs. Unix error code 2.
2025-09-16 21:39:46,884 [ERROR] LogOutputStream:75 - [STDERR_REDIRECT] 
2025-09-16 21:39:46,884 [ERROR] LogOutputStream:75 - [STDERR_REDIRECT] Sep 16, 2025 9:39:46 PM java.util.prefs.FileSystemPreferences syncWorld
2025-09-16 21:39:46,884 [ERROR] LogOutputStream:75 - [STDERR_REDIRECT] WARNING: Couldn't flush system prefs: java.util.prefs.BackingStoreException: Couldn't get file lock.
2025-09-16 21:39:46,884 [ERROR] LogOutputStream:75 - [STDERR_REDIRECT] 
2025-09-16 21:40:16,885 [ERROR] LogOutputStream:75 - [STDERR_REDIRECT] Sep 16, 2025 9:40:16 PM java.util.prefs.FileSystemPreferences checkLockFile0ErrorCode
2025-09-16 21:40:16,885 [ERROR] LogOutputStream:75 - [STDERR_REDIRECT] WARNING: Could not lock System prefs. Unix error code 2.
2025-09-16 21:40:16,885 [ERROR] LogOutputStream:75 - [STDERR_REDIRECT] 
2025-09-16 21:40:16,885 [ERROR] LogOutputStream:75 - [STDERR_REDIRECT] Sep 16, 2025 9:40:16 PM java.util.prefs.FileSystemPreferences syncWorld
2025-09-16 21:40:16,885 [ERROR] LogOutputStream:75 - [STDERR_REDIRECT] WARNING: Couldn't flush system prefs: java.util.prefs.BackingStoreException: Couldn't get file lock.
2025-09-16 21:40:16,885 [ERROR] LogOutputStream:75 - [STDERR_REDIRECT] 
2025-09-16 21:40:46,884 [ERROR] LogOutputStream:75 - [STDERR_REDIRECT] Sep 16, 2025 9:40:46 PM java.util.prefs.FileSystemPreferences checkLockFile0ErrorCode
2025-09-16 21:40:46,884 [ERROR] LogOutputStream:75 - [STDERR_REDIRECT] WARNING: Could not lock System prefs. Unix error code 2.
2025-09-16 21:40:46,884 [ERROR] LogOutputStream:75 - [STDERR_REDIRECT] 
2025-09-16 21:40:46,884 [ERROR] LogOutputStream:75 - [STDERR_REDIRECT] Sep 16, 2025 9:40:46 PM java.util.prefs.FileSystemPreferences syncWorld
2025-09-16 21:40:46,885 [ERROR] LogOutputStream:75 - [STDERR_REDIRECT] WARNING: Couldn't flush system prefs: java.util.prefs.BackingStoreException: Couldn't get file lock.
2025-09-16 21:40:46,885 [ERROR] LogOutputStream:75 - [STDERR_REDIRECT] 
2025-09-16 21:41:16,885 [ERROR] LogOutputStream:75 - [STDERR_REDIRECT] Sep 16, 2025 9:41:16 PM java.util.prefs.FileSystemPreferences checkLockFile0ErrorCode
2025-09-16 21:41:16,885 [ERROR] LogOutputStream:75 - [STDERR_REDIRECT] WARNING: Could not lock System prefs. Unix error code 2.
2025-09-16 21:41:16,885 [ERROR] LogOutputStream:75 - [STDERR_REDIRECT] 
2025-09-16 21:41:16,886 [ERROR] LogOutputStream:75 - [STDERR_REDIRECT] Sep 16, 2025 9:41:16 PM java.util.prefs.FileSystemPreferences syncWorld
2025-09-16 21:41:16,886 [ERROR] LogOutputStream:75 - [STDERR_REDIRECT] WARNING: Couldn't flush system prefs: java.util.prefs.BackingStoreException: Couldn't get file lock.
2025-09-16 21:41:16,886 [ERROR] LogOutputStream:75 - [STDERR_REDIRECT] 
2025-09-16 21:41:46,884 [ERROR] LogOutputStream:75 - [STDERR_REDIRECT] Sep 16, 2025 9:41:46 PM java.util.prefs.FileSystemPreferences checkLockFile0ErrorCode
2025-09-16 21:41:46,884 [ERROR] LogOutputStream:75 - [STDERR_REDIRECT] WARNING: Could not lock System prefs. Unix error code 2.
2025-09-16 21:41:46,884 [ERROR] LogOutputStream:75 - [STDERR_REDIRECT] 
2025-09-16 21:41:46,884 [ERROR] LogOutputStream:75 - [STDERR_REDIRECT] Sep 16, 2025 9:41:46 PM java.util.prefs.FileSystemPreferences syncWorld
2025-09-16 21:41:46,884 [ERROR] LogOutputStream:75 - [STDERR_REDIRECT] WARNING: Couldn't flush system prefs: java.util.prefs.BackingStoreException: Couldn't get file lock.
2025-09-16 21:41:46,884 [ERROR] LogOutputStream:75 - [STDERR_REDIRECT] 
2025-09-16 21:42:16,885 [ERROR] LogOutputStream:75 - [STDERR_REDIRECT] Sep 16, 2025 9:42:16 PM java.util.prefs.FileSystemPreferences checkLockFile0ErrorCode
2025-09-16 21:42:16,885 [ERROR] LogOutputStream:75 - [STDERR_REDIRECT] WARNING: Could not lock System prefs. Unix error code 2.
2025-09-16 21:42:16,885 [ERROR] LogOutputStream:75 - [STDERR_REDIRECT] 
2025-09-16 21:42:16,885 [ERROR] LogOutputStream:75 - [STDERR_REDIRECT] Sep 16, 2025 9:42:16 PM java.util.prefs.FileSystemPreferences syncWorld
2025-09-16 21:42:16,885 [ERROR] LogOutputStream:75 - [STDERR_REDIRECT] WARNING: Couldn't flush system prefs: java.util.prefs.BackingStoreException: Couldn't get file lock.
2025-09-16 21:42:16,885 [ERROR] LogOutputStream:75 - [STDERR_REDIRECT] 
2025-09-16 21:42:34,032 [ERROR] LogOutputStream:75 - [STDERR_REDIRECT] 
2025-09-16 21:42:34,032 [ERROR] LogOutputStream:75 - [STDERR_REDIRECT] 
