18:28:13 **** Incremental Build of configuration Debug for project ej1_p2 ****
make -j8 all 
arm-none-eabi-gcc "../Core/Src/main.c" -mcpu=cortex-m4 -std=gnu11 -g3 -DDEBUG -DUSE_HAL_DRIVER -DSTM32F446xx -c -I../Core/Inc -I../Drivers/STM32F4xx_HAL_Driver/Inc -I../Drivers/STM32F4xx_HAL_Driver/Inc/Legacy -I../Drivers/CMSIS/Device/ST/STM32F4xx/Include -I../Drivers/CMSIS/Include -O0 -ffunction-sections -fdata-sections -Wall -fstack-usage -fcyclomatic-complexity -MMD -MP -MF"Core/Src/main.d" -MT"Core/Src/main.o" --specs=nano.specs -mfpu=fpv4-sp-d16 -mfloat-abi=hard -mthumb -o "Core/Src/main.o"
arm-none-eabi-gcc "../Core/Src/stm32f4xx_hal_msp.c" -mcpu=cortex-m4 -std=gnu11 -g3 -DDEBUG -DUSE_HAL_DRIVER -DSTM32F446xx -c -I../Core/Inc -I../Drivers/STM32F4xx_HAL_Driver/Inc -I../Drivers/STM32F4xx_HAL_Driver/Inc/Legacy -I../Drivers/CMSIS/Device/ST/STM32F4xx/Include -I../Drivers/CMSIS/Include -O0 -ffunction-sections -fdata-sections -Wall -fstack-usage -fcyclomatic-complexity -MMD -MP -MF"Core/Src/stm32f4xx_hal_msp.d" -MT"Core/Src/stm32f4xx_hal_msp.o" --specs=nano.specs -mfpu=fpv4-sp-d16 -mfloat-abi=hard -mthumb -o "Core/Src/stm32f4xx_hal_msp.o"
arm-none-eabi-gcc "../Core/Src/stm32f4xx_it.c" -mcpu=cortex-m4 -std=gnu11 -g3 -DDEBUG -DUSE_HAL_DRIVER -DSTM32F446xx -c -I../Core/Inc -I../Drivers/STM32F4xx_HAL_Driver/Inc -I../Drivers/STM32F4xx_HAL_Driver/Inc/Legacy -I../Drivers/CMSIS/Device/ST/STM32F4xx/Include -I../Drivers/CMSIS/Include -O0 -ffunction-sections -fdata-sections -Wall -fstack-usage -fcyclomatic-complexity -MMD -MP -MF"Core/Src/stm32f4xx_it.d" -MT"Core/Src/stm32f4xx_it.o" --specs=nano.specs -mfpu=fpv4-sp-d16 -mfloat-abi=hard -mthumb -o "Core/Src/stm32f4xx_it.o"
arm-none-eabi-gcc -o "ej1_p2.elf" @"objects.list"   -mcpu=cortex-m4 -T"/home/tomas1908/STM32CubeIDE/workspace_1.19.0/pdm/ej1_p2/STM32F446RETX_FLASH.ld" --specs=nosys.specs -Wl,-Map="ej1_p2.map" -Wl,--gc-sections -static --specs=nano.specs -mfpu=fpv4-sp-d16 -mfloat-abi=hard -mthumb -Wl,--start-group -lc -lm -Wl,--end-group
Finished building target: ej1_p2.elf
 
arm-none-eabi-size  ej1_p2.elf 
arm-none-eabi-objdump -h -S ej1_p2.elf  > "ej1_p2.list"
   text	   data	    bss	    dec	    hex	filename
   5464	     12	   1572	   7048	   1b88	ej1_p2.elf
Finished building: default.size.stdout
 
Finished building: ej1_p2.list
 
18:43:05 **** Incremental Build of configuration Debug for project ej1_p2 ****
make -j8 all 
arm-none-eabi-gcc "../Core/Src/main.c" -mcpu=cortex-m4 -std=gnu11 -g3 -DDEBUG -DUSE_HAL_DRIVER -DSTM32F446xx -c -I../Core/Inc -I../Drivers/STM32F4xx_HAL_Driver/Inc -I../Drivers/STM32F4xx_HAL_Driver/Inc/Legacy -I../Drivers/CMSIS/Device/ST/STM32F4xx/Include -I../Drivers/CMSIS/Include -O0 -ffunction-sections -fdata-sections -Wall -fstack-usage -fcyclomatic-complexity -MMD -MP -MF"Core/Src/main.d" -MT"Core/Src/main.o" --specs=nano.specs -mfpu=fpv4-sp-d16 -mfloat-abi=hard -mthumb -o "Core/Src/main.o"
arm-none-eabi-gcc "../Core/Src/stm32f4xx_hal_msp.c" -mcpu=cortex-m4 -std=gnu11 -g3 -DDEBUG -DUSE_HAL_DRIVER -DSTM32F446xx -c -I../Core/Inc -I../Drivers/STM32F4xx_HAL_Driver/Inc -I../Drivers/STM32F4xx_HAL_Driver/Inc/Legacy -I../Drivers/CMSIS/Device/ST/STM32F4xx/Include -I../Drivers/CMSIS/Include -O0 -ffunction-sections -fdata-sections -Wall -fstack-usage -fcyclomatic-complexity -MMD -MP -MF"Core/Src/stm32f4xx_hal_msp.d" -MT"Core/Src/stm32f4xx_hal_msp.o" --specs=nano.specs -mfpu=fpv4-sp-d16 -mfloat-abi=hard -mthumb -o "Core/Src/stm32f4xx_hal_msp.o"
arm-none-eabi-gcc "../Core/Src/stm32f4xx_it.c" -mcpu=cortex-m4 -std=gnu11 -g3 -DDEBUG -DUSE_HAL_DRIVER -DSTM32F446xx -c -I../Core/Inc -I../Drivers/STM32F4xx_HAL_Driver/Inc -I../Drivers/STM32F4xx_HAL_Driver/Inc/Legacy -I../Drivers/CMSIS/Device/ST/STM32F4xx/Include -I../Drivers/CMSIS/Include -O0 -ffunction-sections -fdata-sections -Wall -fstack-usage -fcyclomatic-complexity -MMD -MP -MF"Core/Src/stm32f4xx_it.d" -MT"Core/Src/stm32f4xx_it.o" --specs=nano.specs -mfpu=fpv4-sp-d16 -mfloat-abi=hard -mthumb -o "Core/Src/stm32f4xx_it.o"
../Core/Src/main.c: In function 'main':
../Core/Src/main.c:90:12: warning: unused variable 'result' [-Wunused-variable]
   90 |   uint32_t result=suma(1,2);
      |            ^~~~~~
arm-none-eabi-gcc -o "ej1_p2.elf" @"objects.list"   -mcpu=cortex-m4 -T"/home/tomas1908/STM32CubeIDE/workspace_1.19.0/pdm/ej1_p2/STM32F446RETX_FLASH.ld" --specs=nosys.specs -Wl,-Map="ej1_p2.map" -Wl,--gc-sections -static --specs=nano.specs -mfpu=fpv4-sp-d16 -mfloat-abi=hard -mthumb -Wl,--start-group -lc -lm -Wl,--end-group
/opt/st/stm32cubeide_1.19.0/plugins/com.st.stm32cube.ide.mcu.externaltools.gnu-tools-for-stm32.13.3.rel1.linux64_1.0.0.202410170706/tools/bin/../lib/gcc/arm-none-eabi/13.3.1/../../../../arm-none-eabi/bin/ld: ./Core/Src/stm32f4xx_hal_msp.o: in function `suma':
/home/tomas1908/STM32CubeIDE/workspace_1.19.0/pdm/ej1_p2/Debug/../Core/Inc/main.h:72: multiple definition of `suma'; ./Core/Src/main.o:/home/tomas1908/STM32CubeIDE/workspace_1.19.0/pdm/ej1_p2/Debug/../Core/Inc/main.h:72: first defined here
/opt/st/stm32cubeide_1.19.0/plugins/com.st.stm32cube.ide.mcu.externaltools.gnu-tools-for-stm32.13.3.rel1.linux64_1.0.0.202410170706/tools/bin/../lib/gcc/arm-none-eabi/13.3.1/../../../../arm-none-eabi/bin/ld: ./Core/Src/stm32f4xx_it.o: in function `suma':
/home/tomas1908/STM32CubeIDE/workspace_1.19.0/pdm/ej1_p2/Debug/../Core/Inc/main.h:72: multiple definition of `suma'; ./Core/Src/main.o:/home/tomas1908/STM32CubeIDE/workspace_1.19.0/pdm/ej1_p2/Debug/../Core/Inc/main.h:72: first defined here
collect2: error: ld returned 1 exit status
make: *** [makefile:64: ej1_p2.elf] Error 1
"make -j8 all" terminated with exit code 2. Build might be incomplete.
18:44:20 **** Incremental Build of configuration Debug for project ej1_p2 ****
make -j8 all 
arm-none-eabi-gcc "../Core/Src/main.c" -mcpu=cortex-m4 -std=gnu11 -g3 -DDEBUG -DUSE_HAL_DRIVER -DSTM32F446xx -c -I../Core/Inc -I../Drivers/STM32F4xx_HAL_Driver/Inc -I../Drivers/STM32F4xx_HAL_Driver/Inc/Legacy -I../Drivers/CMSIS/Device/ST/STM32F4xx/Include -I../Drivers/CMSIS/Include -O0 -ffunction-sections -fdata-sections -Wall -fstack-usage -fcyclomatic-complexity -MMD -MP -MF"Core/Src/main.d" -MT"Core/Src/main.o" --specs=nano.specs -mfpu=fpv4-sp-d16 -mfloat-abi=hard -mthumb -o "Core/Src/main.o"
arm-none-eabi-gcc "../Core/Src/stm32f4xx_hal_msp.c" -mcpu=cortex-m4 -std=gnu11 -g3 -DDEBUG -DUSE_HAL_DRIVER -DSTM32F446xx -c -I../Core/Inc -I../Drivers/STM32F4xx_HAL_Driver/Inc -I../Drivers/STM32F4xx_HAL_Driver/Inc/Legacy -I../Drivers/CMSIS/Device/ST/STM32F4xx/Include -I../Drivers/CMSIS/Include -O0 -ffunction-sections -fdata-sections -Wall -fstack-usage -fcyclomatic-complexity -MMD -MP -MF"Core/Src/stm32f4xx_hal_msp.d" -MT"Core/Src/stm32f4xx_hal_msp.o" --specs=nano.specs -mfpu=fpv4-sp-d16 -mfloat-abi=hard -mthumb -o "Core/Src/stm32f4xx_hal_msp.o"
arm-none-eabi-gcc "../Core/Src/stm32f4xx_it.c" -mcpu=cortex-m4 -std=gnu11 -g3 -DDEBUG -DUSE_HAL_DRIVER -DSTM32F446xx -c -I../Core/Inc -I../Drivers/STM32F4xx_HAL_Driver/Inc -I../Drivers/STM32F4xx_HAL_Driver/Inc/Legacy -I../Drivers/CMSIS/Device/ST/STM32F4xx/Include -I../Drivers/CMSIS/Include -O0 -ffunction-sections -fdata-sections -Wall -fstack-usage -fcyclomatic-complexity -MMD -MP -MF"Core/Src/stm32f4xx_it.d" -MT"Core/Src/stm32f4xx_it.o" --specs=nano.specs -mfpu=fpv4-sp-d16 -mfloat-abi=hard -mthumb -o "Core/Src/stm32f4xx_it.o"
../Core/Src/main.c: In function 'main':
../Core/Src/main.c:90:12: warning: unused variable 'result' [-Wunused-variable]
   90 |   uint32_t result=suma(1,2);
      |            ^~~~~~
arm-none-eabi-gcc -o "ej1_p2.elf" @"objects.list"   -mcpu=cortex-m4 -T"/home/tomas1908/STM32CubeIDE/workspace_1.19.0/pdm/ej1_p2/STM32F446RETX_FLASH.ld" --specs=nosys.specs -Wl,-Map="ej1_p2.map" -Wl,--gc-sections -static --specs=nano.specs -mfpu=fpv4-sp-d16 -mfloat-abi=hard -mthumb -Wl,--start-group -lc -lm -Wl,--end-group
Finished building target: ej1_p2.elf
 
arm-none-eabi-size  ej1_p2.elf 
arm-none-eabi-objdump -h -S ej1_p2.elf  > "ej1_p2.list"
   text	   data	    bss	    dec	    hex	filename
   5504	     12	   1572	   7088	   1bb0	ej1_p2.elf
Finished building: default.size.stdout
 
Finished building: ej1_p2.list
 
18:45:19 **** Incremental Build of configuration Debug for project ej1_p2 ****
make -j8 all 
arm-none-eabi-gcc "../Core/Src/main.c" -mcpu=cortex-m4 -std=gnu11 -g3 -DDEBUG -DUSE_HAL_DRIVER -DSTM32F446xx -c -I../Core/Inc -I../Drivers/STM32F4xx_HAL_Driver/Inc -I../Drivers/STM32F4xx_HAL_Driver/Inc/Legacy -I../Drivers/CMSIS/Device/ST/STM32F4xx/Include -I../Drivers/CMSIS/Include -O0 -ffunction-sections -fdata-sections -Wall -fstack-usage -fcyclomatic-complexity -MMD -MP -MF"Core/Src/main.d" -MT"Core/Src/main.o" --specs=nano.specs -mfpu=fpv4-sp-d16 -mfloat-abi=hard -mthumb -o "Core/Src/main.o"
arm-none-eabi-gcc "../Core/Src/stm32f4xx_hal_msp.c" -mcpu=cortex-m4 -std=gnu11 -g3 -DDEBUG -DUSE_HAL_DRIVER -DSTM32F446xx -c -I../Core/Inc -I../Drivers/STM32F4xx_HAL_Driver/Inc -I../Drivers/STM32F4xx_HAL_Driver/Inc/Legacy -I../Drivers/CMSIS/Device/ST/STM32F4xx/Include -I../Drivers/CMSIS/Include -O0 -ffunction-sections -fdata-sections -Wall -fstack-usage -fcyclomatic-complexity -MMD -MP -MF"Core/Src/stm32f4xx_hal_msp.d" -MT"Core/Src/stm32f4xx_hal_msp.o" --specs=nano.specs -mfpu=fpv4-sp-d16 -mfloat-abi=hard -mthumb -o "Core/Src/stm32f4xx_hal_msp.o"
arm-none-eabi-gcc "../Core/Src/stm32f4xx_it.c" -mcpu=cortex-m4 -std=gnu11 -g3 -DDEBUG -DUSE_HAL_DRIVER -DSTM32F446xx -c -I../Core/Inc -I../Drivers/STM32F4xx_HAL_Driver/Inc -I../Drivers/STM32F4xx_HAL_Driver/Inc/Legacy -I../Drivers/CMSIS/Device/ST/STM32F4xx/Include -I../Drivers/CMSIS/Include -O0 -ffunction-sections -fdata-sections -Wall -fstack-usage -fcyclomatic-complexity -MMD -MP -MF"Core/Src/stm32f4xx_it.d" -MT"Core/Src/stm32f4xx_it.o" --specs=nano.specs -mfpu=fpv4-sp-d16 -mfloat-abi=hard -mthumb -o "Core/Src/stm32f4xx_it.o"
arm-none-eabi-gcc -o "ej1_p2.elf" @"objects.list"   -mcpu=cortex-m4 -T"/home/tomas1908/STM32CubeIDE/workspace_1.19.0/pdm/ej1_p2/STM32F446RETX_FLASH.ld" --specs=nosys.specs -Wl,-Map="ej1_p2.map" -Wl,--gc-sections -static --specs=nano.specs -mfpu=fpv4-sp-d16 -mfloat-abi=hard -mthumb -Wl,--start-group -lc -lm -Wl,--end-group
Finished building target: ej1_p2.elf
 
arm-none-eabi-size  ej1_p2.elf 
arm-none-eabi-objdump -h -S ej1_p2.elf  > "ej1_p2.list"
   text	   data	    bss	    dec	    hex	filename
   5464	     12	   1572	   7048	   1b88	ej1_p2.elf
Finished building: default.size.stdout
 
Finished building: ej1_p2.list
 
17:10:12 **** Incremental Build of configuration Debug for project ej1_p2 ****
make -j8 all 
arm-none-eabi-gcc "../Core/Src/main.c" -mcpu=cortex-m4 -std=gnu11 -g3 -DDEBUG -DUSE_HAL_DRIVER -DSTM32F446xx -c -I../Core/Inc -I../Drivers/STM32F4xx_HAL_Driver/Inc -I../Drivers/STM32F4xx_HAL_Driver/Inc/Legacy -I../Drivers/CMSIS/Device/ST/STM32F4xx/Include -I../Drivers/CMSIS/Include -O0 -ffunction-sections -fdata-sections -Wall -fstack-usage -fcyclomatic-complexity -MMD -MP -MF"Core/Src/main.d" -MT"Core/Src/main.o" --specs=nano.specs -mfpu=fpv4-sp-d16 -mfloat-abi=hard -mthumb -o "Core/Src/main.o"
arm-none-eabi-gcc -o "ej1_p2.elf" @"objects.list"   -mcpu=cortex-m4 -T"/home/tomas1908/STM32CubeIDE/workspace_1.19.0/pdm/ej1_p2/STM32F446RETX_FLASH.ld" --specs=nosys.specs -Wl,-Map="ej1_p2.map" -Wl,--gc-sections -static --specs=nano.specs -mfpu=fpv4-sp-d16 -mfloat-abi=hard -mthumb -Wl,--start-group -lc -lm -Wl,--end-group
Finished building target: ej1_p2.elf
 
arm-none-eabi-size  ej1_p2.elf 
arm-none-eabi-objdump -h -S ej1_p2.elf  > "ej1_p2.list"
   text	   data	    bss	    dec	    hex	filename
   5464	     12	   1572	   7048	   1b88	ej1_p2.elf
Finished building: default.size.stdout
 
Finished building: ej1_p2.list
 
17:24:09 **** Incremental Build of configuration Debug for project ej1_p2 ****
make -j8 all 
arm-none-eabi-gcc "../Drivers/STM32F4xx_HAL_Driver/Src/stm32f4xx_hal.c" -mcpu=cortex-m4 -std=gnu11 -g3 -DDEBUG -DUSE_HAL_DRIVER -DSTM32F446xx -c -I../Core/Inc -I../Drivers/STM32F4xx_HAL_Driver/Inc -I../Drivers/STM32F4xx_HAL_Driver/Inc/Legacy -I../Drivers/CMSIS/Device/ST/STM32F4xx/Include -I../Drivers/CMSIS/Include -O0 -ffunction-sections -fdata-sections -Wall -fstack-usage -fcyclomatic-complexity -MMD -MP -MF"Drivers/STM32F4xx_HAL_Driver/Src/stm32f4xx_hal.d" -MT"Drivers/STM32F4xx_HAL_Driver/Src/stm32f4xx_hal.o" --specs=nano.specs -mfpu=fpv4-sp-d16 -mfloat-abi=hard -mthumb -o "Drivers/STM32F4xx_HAL_Driver/Src/stm32f4xx_hal.o"
arm-none-eabi-gcc "../Drivers/STM32F4xx_HAL_Driver/Src/stm32f4xx_hal_cortex.c" -mcpu=cortex-m4 -std=gnu11 -g3 -DDEBUG -DUSE_HAL_DRIVER -DSTM32F446xx -c -I../Core/Inc -I../Drivers/STM32F4xx_HAL_Driver/Inc -I../Drivers/STM32F4xx_HAL_Driver/Inc/Legacy -I../Drivers/CMSIS/Device/ST/STM32F4xx/Include -I../Drivers/CMSIS/Include -O0 -ffunction-sections -fdata-sections -Wall -fstack-usage -fcyclomatic-complexity -MMD -MP -MF"Drivers/STM32F4xx_HAL_Driver/Src/stm32f4xx_hal_cortex.d" -MT"Drivers/STM32F4xx_HAL_Driver/Src/stm32f4xx_hal_cortex.o" --specs=nano.specs -mfpu=fpv4-sp-d16 -mfloat-abi=hard -mthumb -o "Drivers/STM32F4xx_HAL_Driver/Src/stm32f4xx_hal_cortex.o"
arm-none-eabi-gcc "../Drivers/STM32F4xx_HAL_Driver/Src/stm32f4xx_hal_dma.c" -mcpu=cortex-m4 -std=gnu11 -g3 -DDEBUG -DUSE_HAL_DRIVER -DSTM32F446xx -c -I../Core/Inc -I../Drivers/STM32F4xx_HAL_Driver/Inc -I../Drivers/STM32F4xx_HAL_Driver/Inc/Legacy -I../Drivers/CMSIS/Device/ST/STM32F4xx/Include -I../Drivers/CMSIS/Include -O0 -ffunction-sections -fdata-sections -Wall -fstack-usage -fcyclomatic-complexity -MMD -MP -MF"Drivers/STM32F4xx_HAL_Driver/Src/stm32f4xx_hal_dma.d" -MT"Drivers/STM32F4xx_HAL_Driver/Src/stm32f4xx_hal_dma.o" --specs=nano.specs -mfpu=fpv4-sp-d16 -mfloat-abi=hard -mthumb -o "Drivers/STM32F4xx_HAL_Driver/Src/stm32f4xx_hal_dma.o"
arm-none-eabi-gcc "../Drivers/STM32F4xx_HAL_Driver/Src/stm32f4xx_hal_dma_ex.c" -mcpu=cortex-m4 -std=gnu11 -g3 -DDEBUG -DUSE_HAL_DRIVER -DSTM32F446xx -c -I../Core/Inc -I../Drivers/STM32F4xx_HAL_Driver/Inc -I../Drivers/STM32F4xx_HAL_Driver/Inc/Legacy -I../Drivers/CMSIS/Device/ST/STM32F4xx/Include -I../Drivers/CMSIS/Include -O0 -ffunction-sections -fdata-sections -Wall -fstack-usage -fcyclomatic-complexity -MMD -MP -MF"Drivers/STM32F4xx_HAL_Driver/Src/stm32f4xx_hal_dma_ex.d" -MT"Drivers/STM32F4xx_HAL_Driver/Src/stm32f4xx_hal_dma_ex.o" --specs=nano.specs -mfpu=fpv4-sp-d16 -mfloat-abi=hard -mthumb -o "Drivers/STM32F4xx_HAL_Driver/Src/stm32f4xx_hal_dma_ex.o"
arm-none-eabi-gcc "../Drivers/STM32F4xx_HAL_Driver/Src/stm32f4xx_hal_exti.c" -mcpu=cortex-m4 -std=gnu11 -g3 -DDEBUG -DUSE_HAL_DRIVER -DSTM32F446xx -c -I../Core/Inc -I../Drivers/STM32F4xx_HAL_Driver/Inc -I../Drivers/STM32F4xx_HAL_Driver/Inc/Legacy -I../Drivers/CMSIS/Device/ST/STM32F4xx/Include -I../Drivers/CMSIS/Include -O0 -ffunction-sections -fdata-sections -Wall -fstack-usage -fcyclomatic-complexity -MMD -MP -MF"Drivers/STM32F4xx_HAL_Driver/Src/stm32f4xx_hal_exti.d" -MT"Drivers/STM32F4xx_HAL_Driver/Src/stm32f4xx_hal_exti.o" --specs=nano.specs -mfpu=fpv4-sp-d16 -mfloat-abi=hard -mthumb -o "Drivers/STM32F4xx_HAL_Driver/Src/stm32f4xx_hal_exti.o"
arm-none-eabi-gcc "../Drivers/STM32F4xx_HAL_Driver/Src/stm32f4xx_hal_flash.c" -mcpu=cortex-m4 -std=gnu11 -g3 -DDEBUG -DUSE_HAL_DRIVER -DSTM32F446xx -c -I../Core/Inc -I../Drivers/STM32F4xx_HAL_Driver/Inc -I../Drivers/STM32F4xx_HAL_Driver/Inc/Legacy -I../Drivers/CMSIS/Device/ST/STM32F4xx/Include -I../Drivers/CMSIS/Include -O0 -ffunction-sections -fdata-sections -Wall -fstack-usage -fcyclomatic-complexity -MMD -MP -MF"Drivers/STM32F4xx_HAL_Driver/Src/stm32f4xx_hal_flash.d" -MT"Drivers/STM32F4xx_HAL_Driver/Src/stm32f4xx_hal_flash.o" --specs=nano.specs -mfpu=fpv4-sp-d16 -mfloat-abi=hard -mthumb -o "Drivers/STM32F4xx_HAL_Driver/Src/stm32f4xx_hal_flash.o"
arm-none-eabi-gcc "../Drivers/STM32F4xx_HAL_Driver/Src/stm32f4xx_hal_flash_ex.c" -mcpu=cortex-m4 -std=gnu11 -g3 -DDEBUG -DUSE_HAL_DRIVER -DSTM32F446xx -c -I../Core/Inc -I../Drivers/STM32F4xx_HAL_Driver/Inc -I../Drivers/STM32F4xx_HAL_Driver/Inc/Legacy -I../Drivers/CMSIS/Device/ST/STM32F4xx/Include -I../Drivers/CMSIS/Include -O0 -ffunction-sections -fdata-sections -Wall -fstack-usage -fcyclomatic-complexity -MMD -MP -MF"Drivers/STM32F4xx_HAL_Driver/Src/stm32f4xx_hal_flash_ex.d" -MT"Drivers/STM32F4xx_HAL_Driver/Src/stm32f4xx_hal_flash_ex.o" --specs=nano.specs -mfpu=fpv4-sp-d16 -mfloat-abi=hard -mthumb -o "Drivers/STM32F4xx_HAL_Driver/Src/stm32f4xx_hal_flash_ex.o"
arm-none-eabi-gcc "../Drivers/STM32F4xx_HAL_Driver/Src/stm32f4xx_hal_flash_ramfunc.c" -mcpu=cortex-m4 -std=gnu11 -g3 -DDEBUG -DUSE_HAL_DRIVER -DSTM32F446xx -c -I../Core/Inc -I../Drivers/STM32F4xx_HAL_Driver/Inc -I../Drivers/STM32F4xx_HAL_Driver/Inc/Legacy -I../Drivers/CMSIS/Device/ST/STM32F4xx/Include -I../Drivers/CMSIS/Include -O0 -ffunction-sections -fdata-sections -Wall -fstack-usage -fcyclomatic-complexity -MMD -MP -MF"Drivers/STM32F4xx_HAL_Driver/Src/stm32f4xx_hal_flash_ramfunc.d" -MT"Drivers/STM32F4xx_HAL_Driver/Src/stm32f4xx_hal_flash_ramfunc.o" --specs=nano.specs -mfpu=fpv4-sp-d16 -mfloat-abi=hard -mthumb -o "Drivers/STM32F4xx_HAL_Driver/Src/stm32f4xx_hal_flash_ramfunc.o"
arm-none-eabi-gcc "../Drivers/STM32F4xx_HAL_Driver/Src/stm32f4xx_hal_gpio.c" -mcpu=cortex-m4 -std=gnu11 -g3 -DDEBUG -DUSE_HAL_DRIVER -DSTM32F446xx -c -I../Core/Inc -I../Drivers/STM32F4xx_HAL_Driver/Inc -I../Drivers/STM32F4xx_HAL_Driver/Inc/Legacy -I../Drivers/CMSIS/Device/ST/STM32F4xx/Include -I../Drivers/CMSIS/Include -O0 -ffunction-sections -fdata-sections -Wall -fstack-usage -fcyclomatic-complexity -MMD -MP -MF"Drivers/STM32F4xx_HAL_Driver/Src/stm32f4xx_hal_gpio.d" -MT"Drivers/STM32F4xx_HAL_Driver/Src/stm32f4xx_hal_gpio.o" --specs=nano.specs -mfpu=fpv4-sp-d16 -mfloat-abi=hard -mthumb -o "Drivers/STM32F4xx_HAL_Driver/Src/stm32f4xx_hal_gpio.o"
arm-none-eabi-gcc "../Drivers/STM32F4xx_HAL_Driver/Src/stm32f4xx_hal_pwr.c" -mcpu=cortex-m4 -std=gnu11 -g3 -DDEBUG -DUSE_HAL_DRIVER -DSTM32F446xx -c -I../Core/Inc -I../Drivers/STM32F4xx_HAL_Driver/Inc -I../Drivers/STM32F4xx_HAL_Driver/Inc/Legacy -I../Drivers/CMSIS/Device/ST/STM32F4xx/Include -I../Drivers/CMSIS/Include -O0 -ffunction-sections -fdata-sections -Wall -fstack-usage -fcyclomatic-complexity -MMD -MP -MF"Drivers/STM32F4xx_HAL_Driver/Src/stm32f4xx_hal_pwr.d" -MT"Drivers/STM32F4xx_HAL_Driver/Src/stm32f4xx_hal_pwr.o" --specs=nano.specs -mfpu=fpv4-sp-d16 -mfloat-abi=hard -mthumb -o "Drivers/STM32F4xx_HAL_Driver/Src/stm32f4xx_hal_pwr.o"
arm-none-eabi-gcc "../Drivers/STM32F4xx_HAL_Driver/Src/stm32f4xx_hal_pwr_ex.c" -mcpu=cortex-m4 -std=gnu11 -g3 -DDEBUG -DUSE_HAL_DRIVER -DSTM32F446xx -c -I../Core/Inc -I../Drivers/STM32F4xx_HAL_Driver/Inc -I../Drivers/STM32F4xx_HAL_Driver/Inc/Legacy -I../Drivers/CMSIS/Device/ST/STM32F4xx/Include -I../Drivers/CMSIS/Include -O0 -ffunction-sections -fdata-sections -Wall -fstack-usage -fcyclomatic-complexity -MMD -MP -MF"Drivers/STM32F4xx_HAL_Driver/Src/stm32f4xx_hal_pwr_ex.d" -MT"Drivers/STM32F4xx_HAL_Driver/Src/stm32f4xx_hal_pwr_ex.o" --specs=nano.specs -mfpu=fpv4-sp-d16 -mfloat-abi=hard -mthumb -o "Drivers/STM32F4xx_HAL_Driver/Src/stm32f4xx_hal_pwr_ex.o"
arm-none-eabi-gcc "../Drivers/STM32F4xx_HAL_Driver/Src/stm32f4xx_hal_rcc.c" -mcpu=cortex-m4 -std=gnu11 -g3 -DDEBUG -DUSE_HAL_DRIVER -DSTM32F446xx -c -I../Core/Inc -I../Drivers/STM32F4xx_HAL_Driver/Inc -I../Drivers/STM32F4xx_HAL_Driver/Inc/Legacy -I../Drivers/CMSIS/Device/ST/STM32F4xx/Include -I../Drivers/CMSIS/Include -O0 -ffunction-sections -fdata-sections -Wall -fstack-usage -fcyclomatic-complexity -MMD -MP -MF"Drivers/STM32F4xx_HAL_Driver/Src/stm32f4xx_hal_rcc.d" -MT"Drivers/STM32F4xx_HAL_Driver/Src/stm32f4xx_hal_rcc.o" --specs=nano.specs -mfpu=fpv4-sp-d16 -mfloat-abi=hard -mthumb -o "Drivers/STM32F4xx_HAL_Driver/Src/stm32f4xx_hal_rcc.o"
arm-none-eabi-gcc "../Drivers/STM32F4xx_HAL_Driver/Src/stm32f4xx_hal_rcc_ex.c" -mcpu=cortex-m4 -std=gnu11 -g3 -DDEBUG -DUSE_HAL_DRIVER -DSTM32F446xx -c -I../Core/Inc -I../Drivers/STM32F4xx_HAL_Driver/Inc -I../Drivers/STM32F4xx_HAL_Driver/Inc/Legacy -I../Drivers/CMSIS/Device/ST/STM32F4xx/Include -I../Drivers/CMSIS/Include -O0 -ffunction-sections -fdata-sections -Wall -fstack-usage -fcyclomatic-complexity -MMD -MP -MF"Drivers/STM32F4xx_HAL_Driver/Src/stm32f4xx_hal_rcc_ex.d" -MT"Drivers/STM32F4xx_HAL_Driver/Src/stm32f4xx_hal_rcc_ex.o" --specs=nano.specs -mfpu=fpv4-sp-d16 -mfloat-abi=hard -mthumb -o "Drivers/STM32F4xx_HAL_Driver/Src/stm32f4xx_hal_rcc_ex.o"
arm-none-eabi-gcc "../Core/Src/main.c" -mcpu=cortex-m4 -std=gnu11 -g3 -DDEBUG -DUSE_HAL_DRIVER -DSTM32F446xx -c -I../Core/Inc -I../Drivers/STM32F4xx_HAL_Driver/Inc -I../Drivers/STM32F4xx_HAL_Driver/Inc/Legacy -I../Drivers/CMSIS/Device/ST/STM32F4xx/Include -I../Drivers/CMSIS/Include -O0 -ffunction-sections -fdata-sections -Wall -fstack-usage -fcyclomatic-complexity -MMD -MP -MF"Core/Src/main.d" -MT"Core/Src/main.o" --specs=nano.specs -mfpu=fpv4-sp-d16 -mfloat-abi=hard -mthumb -o "Core/Src/main.o"
arm-none-eabi-gcc "../Core/Src/stm32f4xx_hal_msp.c" -mcpu=cortex-m4 -std=gnu11 -g3 -DDEBUG -DUSE_HAL_DRIVER -DSTM32F446xx -c -I../Core/Inc -I../Drivers/STM32F4xx_HAL_Driver/Inc -I../Drivers/STM32F4xx_HAL_Driver/Inc/Legacy -I../Drivers/CMSIS/Device/ST/STM32F4xx/Include -I../Drivers/CMSIS/Include -O0 -ffunction-sections -fdata-sections -Wall -fstack-usage -fcyclomatic-complexity -MMD -MP -MF"Core/Src/stm32f4xx_hal_msp.d" -MT"Core/Src/stm32f4xx_hal_msp.o" --specs=nano.specs -mfpu=fpv4-sp-d16 -mfloat-abi=hard -mthumb -o "Core/Src/stm32f4xx_hal_msp.o"
arm-none-eabi-gcc "../Core/Src/stm32f4xx_it.c" -mcpu=cortex-m4 -std=gnu11 -g3 -DDEBUG -DUSE_HAL_DRIVER -DSTM32F446xx -c -I../Core/Inc -I../Drivers/STM32F4xx_HAL_Driver/Inc -I../Drivers/STM32F4xx_HAL_Driver/Inc/Legacy -I../Drivers/CMSIS/Device/ST/STM32F4xx/Include -I../Drivers/CMSIS/Include -O0 -ffunction-sections -fdata-sections -Wall -fstack-usage -fcyclomatic-complexity -MMD -MP -MF"Core/Src/stm32f4xx_it.d" -MT"Core/Src/stm32f4xx_it.o" --specs=nano.specs -mfpu=fpv4-sp-d16 -mfloat-abi=hard -mthumb -o "Core/Src/stm32f4xx_it.o"
../Core/Src/main.c: In function 'main':
../Core/Src/main.c:104:29: error: invalid operands to binary == (have 'delay_t' and 'int')
  104 |                   if(time_f == 200){
      |                             ^~
../Core/Src/main.c:105:34: error: incompatible types when assigning to type 'delay_t' from type 'int'
  105 |                           time_f=500;
      |                                  ^~~
../Core/Src/main.c:108:34: error: incompatible types when assigning to type 'delay_t' from type 'int'
  108 |                           time_f=200;
      |                                  ^~~
../Core/Src/main.c:112:21: error: incompatible type for argument 1 of 'HAL_Delay'
  112 |           HAL_Delay(time_f);
      |                     ^~~~~~
      |                     |
      |                     delay_t
In file included from ../Core/Inc/main.h:30,
                 from ../Core/Src/main.c:20:
../Drivers/STM32F4xx_HAL_Driver/Inc/stm32f4xx_hal.h:233:25: note: expected 'uint32_t' {aka 'long unsigned int'} but argument is of type 'delay_t'
  233 | void HAL_Delay(uint32_t Delay);
      |                ~~~~~~~~~^~~~~
make: *** [Core/Src/subdir.mk:34: Core/Src/main.o] Error 1
make: *** Waiting for unfinished jobs....
"make -j8 all" terminated with exit code 2. Build might be incomplete.
17:25:00 **** Incremental Build of configuration Debug for project ej1_p2 ****
make -j8 all 
arm-none-eabi-gcc "../Core/Src/main.c" -mcpu=cortex-m4 -std=gnu11 -g3 -DDEBUG -DUSE_HAL_DRIVER -DSTM32F446xx -c -I../Core/Inc -I../Drivers/STM32F4xx_HAL_Driver/Inc -I../Drivers/STM32F4xx_HAL_Driver/Inc/Legacy -I../Drivers/CMSIS/Device/ST/STM32F4xx/Include -I../Drivers/CMSIS/Include -O0 -ffunction-sections -fdata-sections -Wall -fstack-usage -fcyclomatic-complexity -MMD -MP -MF"Core/Src/main.d" -MT"Core/Src/main.o" --specs=nano.specs -mfpu=fpv4-sp-d16 -mfloat-abi=hard -mthumb -o "Core/Src/main.o"
arm-none-eabi-gcc "../Core/Src/system_stm32f4xx.c" -mcpu=cortex-m4 -std=gnu11 -g3 -DDEBUG -DUSE_HAL_DRIVER -DSTM32F446xx -c -I../Core/Inc -I../Drivers/STM32F4xx_HAL_Driver/Inc -I../Drivers/STM32F4xx_HAL_Driver/Inc/Legacy -I../Drivers/CMSIS/Device/ST/STM32F4xx/Include -I../Drivers/CMSIS/Include -O0 -ffunction-sections -fdata-sections -Wall -fstack-usage -fcyclomatic-complexity -MMD -MP -MF"Core/Src/system_stm32f4xx.d" -MT"Core/Src/system_stm32f4xx.o" --specs=nano.specs -mfpu=fpv4-sp-d16 -mfloat-abi=hard -mthumb -o "Core/Src/system_stm32f4xx.o"
../Core/Src/main.c: In function 'main':
../Core/Src/main.c:112:21: warning: passing argument 1 of 'HAL_Delay' makes integer from pointer without a cast [-Wint-conversion]
  112 |           HAL_Delay(&time_f);
      |                     ^~~~~~~
      |                     |
      |                     delay_t *
In file included from ../Core/Inc/main.h:30,
                 from ../Core/Src/main.c:20:
../Drivers/STM32F4xx_HAL_Driver/Inc/stm32f4xx_hal.h:233:25: note: expected 'uint32_t' {aka 'long unsigned int'} but argument is of type 'delay_t *'
  233 | void HAL_Delay(uint32_t Delay);
      |                ~~~~~~~~~^~~~~
arm-none-eabi-gcc -o "ej1_p2.elf" @"objects.list"   -mcpu=cortex-m4 -T"/home/tomas1908/STM32CubeIDE/workspace_1.19.0/pdm/ej1_p2/STM32F446RETX_FLASH.ld" --specs=nosys.specs -Wl,-Map="ej1_p2.map" -Wl,--gc-sections -static --specs=nano.specs -mfpu=fpv4-sp-d16 -mfloat-abi=hard -mthumb -Wl,--start-group -lc -lm -Wl,--end-group
Finished building target: ej1_p2.elf
 
arm-none-eabi-size  ej1_p2.elf 
arm-none-eabi-objdump -h -S ej1_p2.elf  > "ej1_p2.list"
   text	   data	    bss	    dec	    hex	filename
   6640	     12	   1572	   8224	   2020	ej1_p2.elf
Finished building: default.size.stdout
 
Finished building: ej1_p2.list
 
17:28:15 **** Incremental Build of configuration Debug for project ej1_p2 ****
make -j8 all 
arm-none-eabi-gcc "../Core/Src/main.c" -mcpu=cortex-m4 -std=gnu11 -g3 -DDEBUG -DUSE_HAL_DRIVER -DSTM32F446xx -c -I../Core/Inc -I../Drivers/STM32F4xx_HAL_Driver/Inc -I../Drivers/STM32F4xx_HAL_Driver/Inc/Legacy -I../Drivers/CMSIS/Device/ST/STM32F4xx/Include -I../Drivers/CMSIS/Include -O0 -ffunction-sections -fdata-sections -Wall -fstack-usage -fcyclomatic-complexity -MMD -MP -MF"Core/Src/main.d" -MT"Core/Src/main.o" --specs=nano.specs -mfpu=fpv4-sp-d16 -mfloat-abi=hard -mthumb -o "Core/Src/main.o"
arm-none-eabi-gcc -o "ej1_p2.elf" @"objects.list"   -mcpu=cortex-m4 -T"/home/tomas1908/STM32CubeIDE/workspace_1.19.0/pdm/ej1_p2/STM32F446RETX_FLASH.ld" --specs=nosys.specs -Wl,-Map="ej1_p2.map" -Wl,--gc-sections -static --specs=nano.specs -mfpu=fpv4-sp-d16 -mfloat-abi=hard -mthumb -Wl,--start-group -lc -lm -Wl,--end-group
Finished building target: ej1_p2.elf
 
arm-none-eabi-size  ej1_p2.elf 
arm-none-eabi-objdump -h -S ej1_p2.elf  > "ej1_p2.list"
   text	   data	    bss	    dec	    hex	filename
   6696	     12	   1572	   8280	   2058	ej1_p2.elf
Finished building: default.size.stdout
 
Finished building: ej1_p2.list
 
17:28:32 **** Incremental Build of configuration Debug for project ej1_p2 ****
make -j8 all 
arm-none-eabi-size  ej1_p2.elf 
   text	   data	    bss	    dec	    hex	filename
   6696	     12	   1572	   8280	   2058	ej1_p2.elf
Finished building: default.size.stdout
 
17:30:27 **** Incremental Build of configuration Debug for project ej1_p2 ****
make -j8 all 
arm-none-eabi-gcc "../Core/Src/main.c" -mcpu=cortex-m4 -std=gnu11 -g3 -DDEBUG -DUSE_HAL_DRIVER -DSTM32F446xx -c -I../Core/Inc -I../Drivers/STM32F4xx_HAL_Driver/Inc -I../Drivers/STM32F4xx_HAL_Driver/Inc/Legacy -I../Drivers/CMSIS/Device/ST/STM32F4xx/Include -I../Drivers/CMSIS/Include -O0 -ffunction-sections -fdata-sections -Wall -fstack-usage -fcyclomatic-complexity -MMD -MP -MF"Core/Src/main.d" -MT"Core/Src/main.o" --specs=nano.specs -mfpu=fpv4-sp-d16 -mfloat-abi=hard -mthumb -o "Core/Src/main.o"
arm-none-eabi-gcc -o "ej1_p2.elf" @"objects.list"   -mcpu=cortex-m4 -T"/home/tomas1908/STM32CubeIDE/workspace_1.19.0/pdm/ej1_p2/STM32F446RETX_FLASH.ld" --specs=nosys.specs -Wl,-Map="ej1_p2.map" -Wl,--gc-sections -static --specs=nano.specs -mfpu=fpv4-sp-d16 -mfloat-abi=hard -mthumb -Wl,--start-group -lc -lm -Wl,--end-group
Finished building target: ej1_p2.elf
 
arm-none-eabi-size  ej1_p2.elf 
arm-none-eabi-objdump -h -S ej1_p2.elf  > "ej1_p2.list"
   text	   data	    bss	    dec	    hex	filename
   6696	     12	   1572	   8280	   2058	ej1_p2.elf
Finished building: default.size.stdout
 
Finished building: ej1_p2.list
 
17:31:17 **** Incremental Build of configuration Debug for project ej1_p2 ****
make -j8 all 
arm-none-eabi-gcc "../Core/Src/main.c" -mcpu=cortex-m4 -std=gnu11 -g3 -DDEBUG -DUSE_HAL_DRIVER -DSTM32F446xx -c -I../Core/Inc -I../Drivers/STM32F4xx_HAL_Driver/Inc -I../Drivers/STM32F4xx_HAL_Driver/Inc/Legacy -I../Drivers/CMSIS/Device/ST/STM32F4xx/Include -I../Drivers/CMSIS/Include -O0 -ffunction-sections -fdata-sections -Wall -fstack-usage -fcyclomatic-complexity -MMD -MP -MF"Core/Src/main.d" -MT"Core/Src/main.o" --specs=nano.specs -mfpu=fpv4-sp-d16 -mfloat-abi=hard -mthumb -o "Core/Src/main.o"
arm-none-eabi-gcc -o "ej1_p2.elf" @"objects.list"   -mcpu=cortex-m4 -T"/home/tomas1908/STM32CubeIDE/workspace_1.19.0/pdm/ej1_p2/STM32F446RETX_FLASH.ld" --specs=nosys.specs -Wl,-Map="ej1_p2.map" -Wl,--gc-sections -static --specs=nano.specs -mfpu=fpv4-sp-d16 -mfloat-abi=hard -mthumb -Wl,--start-group -lc -lm -Wl,--end-group
Finished building target: ej1_p2.elf
 
arm-none-eabi-size  ej1_p2.elf 
arm-none-eabi-objdump -h -S ej1_p2.elf  > "ej1_p2.list"
   text	   data	    bss	    dec	    hex	filename
   6700	     12	   1572	   8284	   205c	ej1_p2.elf
Finished building: default.size.stdout
 
Finished building: ej1_p2.list
 
17:51:07 **** Build of configuration Debug for project ej2_p2 ****
make -j8 all 
arm-none-eabi-gcc "../Core/Src/main.c" -mcpu=cortex-m4 -std=gnu11 -g3 -DDEBUG -DUSE_HAL_DRIVER -DSTM32F446xx -c -I../Core/Inc -I../Drivers/STM32F4xx_HAL_Driver/Inc -I../Drivers/STM32F4xx_HAL_Driver/Inc/Legacy -I../Drivers/CMSIS/Device/ST/STM32F4xx/Include -I../Drivers/CMSIS/Include -O0 -ffunction-sections -fdata-sections -Wall -fstack-usage -fcyclomatic-complexity -MMD -MP -MF"Core/Src/main.d" -MT"Core/Src/main.o" --specs=nano.specs -mfpu=fpv4-sp-d16 -mfloat-abi=hard -mthumb -o "Core/Src/main.o"
../Core/Src/main.c: In function 'main':
../Core/Src/main.c:111:31: error: 'GPIOx' undeclared (first use in this function); did you mean 'GPIOH'?
  111 |           if(HAL_GPIO_ReadPin(GPIOx, GPIO_Pin)){                        //example: A switch of the period
      |                               ^~~~~
      |                               GPIOH
../Core/Src/main.c:111:31: note: each undeclared identifier is reported only once for each function it appears in
../Core/Src/main.c:111:38: error: 'GPIO_Pin' undeclared (first use in this function); did you mean 'GPIO_PIN_1'?
  111 |           if(HAL_GPIO_ReadPin(GPIOx, GPIO_Pin)){                        //example: A switch of the period
      |                                      ^~~~~~~~
      |                                      GPIO_PIN_1
make: *** [Core/Src/subdir.mk:34: Core/Src/main.o] Error 1
"make -j8 all" terminated with exit code 2. Build might be incomplete.
17:51:42 **** Incremental Build of configuration Debug for project ej2_p2 ****
make -j8 all 
arm-none-eabi-gcc "../Core/Src/main.c" -mcpu=cortex-m4 -std=gnu11 -g3 -DDEBUG -DUSE_HAL_DRIVER -DSTM32F446xx -c -I../Core/Inc -I../Drivers/STM32F4xx_HAL_Driver/Inc -I../Drivers/STM32F4xx_HAL_Driver/Inc/Legacy -I../Drivers/CMSIS/Device/ST/STM32F4xx/Include -I../Drivers/CMSIS/Include -O0 -ffunction-sections -fdata-sections -Wall -fstack-usage -fcyclomatic-complexity -MMD -MP -MF"Core/Src/main.d" -MT"Core/Src/main.o" --specs=nano.specs -mfpu=fpv4-sp-d16 -mfloat-abi=hard -mthumb -o "Core/Src/main.o"
arm-none-eabi-gcc -o "ej2_p2.elf" @"objects.list"   -mcpu=cortex-m4 -T"/home/tomas1908/STM32CubeIDE/workspace_1.19.0/pdm/ej2_p2/STM32F446RETX_FLASH.ld" --specs=nosys.specs -Wl,-Map="ej2_p2.map" -Wl,--gc-sections -static --specs=nano.specs -mfpu=fpv4-sp-d16 -mfloat-abi=hard -mthumb -Wl,--start-group -lc -lm -Wl,--end-group
Finished building target: ej2_p2.elf
 
arm-none-eabi-size  ej2_p2.elf 
arm-none-eabi-objdump -h -S ej2_p2.elf  > "ej2_p2.list"
   text	   data	    bss	    dec	    hex	filename
   6736	     12	   1572	   8320	   2080	ej2_p2.elf
Finished building: default.size.stdout
 
Finished building: ej2_p2.list
 
17:51:46 **** Incremental Build of configuration Debug for project ej2_p2 ****
make -j8 all 
arm-none-eabi-size  ej2_p2.elf 
   text	   data	    bss	    dec	    hex	filename
   6736	     12	   1572	   8320	   2080	ej2_p2.elf
Finished building: default.size.stdout
 
18:14:19 **** Build of configuration Debug for project ej3_p2 ****
make -j8 all 
arm-none-eabi-gcc "../Core/Src/main.c" -mcpu=cortex-m4 -std=gnu11 -g3 -DDEBUG -DUSE_HAL_DRIVER -DSTM32F446xx -c -I../Core/Inc -I../Drivers/STM32F4xx_HAL_Driver/Inc -I../Drivers/STM32F4xx_HAL_Driver/Inc/Legacy -I../Drivers/CMSIS/Device/ST/STM32F4xx/Include -I../Drivers/CMSIS/Include -O0 -ffunction-sections -fdata-sections -Wall -fstack-usage -fcyclomatic-complexity -MMD -MP -MF"Core/Src/main.d" -MT"Core/Src/main.o" --specs=nano.specs -mfpu=fpv4-sp-d16 -mfloat-abi=hard -mthumb -o "Core/Src/main.o"
../Core/Src/main.c: In function 'main':
../Core/Src/main.c:94:24: warning: passing argument 2 of 'delayInit' makes integer from pointer without a cast [-Wint-conversion]
   94 |   delayInit(&The_Delay,time_f);
      |                        ^~~~~~
      |                        |
      |                        uint32_t * {aka long unsigned int *}
In file included from ../Core/Src/main.c:20:
../Core/Inc/main.h:63:41: note: expected 'tick_t' {aka 'long unsigned int'} but argument is of type 'uint32_t *' {aka 'long unsigned int *'}
   63 | void delayInit( delay_t * delay, tick_t duration );
      |                                  ~~~~~~~^~~~~~~~
../Core/Src/main.c:92:12: warning: unused variable 'counter' [-Wunused-variable]
   92 |   uint32_t counter=0;
      |            ^~~~~~~
arm-none-eabi-gcc -o "ej3_p2.elf" @"objects.list"   -mcpu=cortex-m4 -T"/home/tomas1908/STM32CubeIDE/workspace_1.19.0/pdm/ej3_p2/STM32F446RETX_FLASH.ld" --specs=nosys.specs -Wl,-Map="ej3_p2.map" -Wl,--gc-sections -static --specs=nano.specs -mfpu=fpv4-sp-d16 -mfloat-abi=hard -mthumb -Wl,--start-group -lc -lm -Wl,--end-group
Finished building target: ej3_p2.elf
 
arm-none-eabi-size  ej3_p2.elf 
arm-none-eabi-objdump -h -S ej3_p2.elf  > "ej3_p2.list"
   text	   data	    bss	    dec	    hex	filename
   6464	     12	   1572	   8048	   1f70	ej3_p2.elf
Finished building: default.size.stdout
 
Finished building: ej3_p2.list
 
18:14:32 **** Incremental Build of configuration Debug for project ej3_p2 ****
make -j8 all 
arm-none-eabi-gcc "../Core/Src/main.c" -mcpu=cortex-m4 -std=gnu11 -g3 -DDEBUG -DUSE_HAL_DRIVER -DSTM32F446xx -c -I../Core/Inc -I../Drivers/STM32F4xx_HAL_Driver/Inc -I../Drivers/STM32F4xx_HAL_Driver/Inc/Legacy -I../Drivers/CMSIS/Device/ST/STM32F4xx/Include -I../Drivers/CMSIS/Include -O0 -ffunction-sections -fdata-sections -Wall -fstack-usage -fcyclomatic-complexity -MMD -MP -MF"Core/Src/main.d" -MT"Core/Src/main.o" --specs=nano.specs -mfpu=fpv4-sp-d16 -mfloat-abi=hard -mthumb -o "Core/Src/main.o"
../Core/Src/main.c: In function 'main':
../Core/Src/main.c:92:12: warning: unused variable 'counter' [-Wunused-variable]
   92 |   uint32_t counter=0;
      |            ^~~~~~~
../Core/Src/main.c:94:3: warning: 'time_f' is used uninitialized [-Wuninitialized]
   94 |   delayInit(&The_Delay,time_f[0]);
      |   ^~~~~~~~~~~~~~~~~~~~~~~~~~~~~~~
../Core/Src/main.c:91:12: note: 'time_f' declared here
   91 |   uint32_t time_f[3];
      |            ^~~~~~
arm-none-eabi-gcc -o "ej3_p2.elf" @"objects.list"   -mcpu=cortex-m4 -T"/home/tomas1908/STM32CubeIDE/workspace_1.19.0/pdm/ej3_p2/STM32F446RETX_FLASH.ld" --specs=nosys.specs -Wl,-Map="ej3_p2.map" -Wl,--gc-sections -static --specs=nano.specs -mfpu=fpv4-sp-d16 -mfloat-abi=hard -mthumb -Wl,--start-group -lc -lm -Wl,--end-group
Finished building target: ej3_p2.elf
 
arm-none-eabi-size  ej3_p2.elf 
arm-none-eabi-objdump -h -S ej3_p2.elf  > "ej3_p2.list"
   text	   data	    bss	    dec	    hex	filename
   6464	     12	   1572	   8048	   1f70	ej3_p2.elf
Finished building: default.size.stdout
 
Finished building: ej3_p2.list
 
18:15:37 **** Incremental Build of configuration Debug for project ej3_p2 ****
make -j8 all 
arm-none-eabi-gcc "../Core/Src/main.c" -mcpu=cortex-m4 -std=gnu11 -g3 -DDEBUG -DUSE_HAL_DRIVER -DSTM32F446xx -c -I../Core/Inc -I../Drivers/STM32F4xx_HAL_Driver/Inc -I../Drivers/STM32F4xx_HAL_Driver/Inc/Legacy -I../Drivers/CMSIS/Device/ST/STM32F4xx/Include -I../Drivers/CMSIS/Include -O0 -ffunction-sections -fdata-sections -Wall -fstack-usage -fcyclomatic-complexity -MMD -MP -MF"Core/Src/main.d" -MT"Core/Src/main.o" --specs=nano.specs -mfpu=fpv4-sp-d16 -mfloat-abi=hard -mthumb -o "Core/Src/main.o"
../Core/Src/main.c: In function 'main':
../Core/Src/main.c:92:3: error: expected ',' or ';' before 'uint32_t'
   92 |   uint32_t counter=0;
      |   ^~~~~~~~
make: *** [Core/Src/subdir.mk:34: Core/Src/main.o] Error 1
"make -j8 all" terminated with exit code 2. Build might be incomplete.
18:15:44 **** Incremental Build of configuration Debug for project ej3_p2 ****
make -j8 all 
arm-none-eabi-gcc "../Core/Src/main.c" -mcpu=cortex-m4 -std=gnu11 -g3 -DDEBUG -DUSE_HAL_DRIVER -DSTM32F446xx -c -I../Core/Inc -I../Drivers/STM32F4xx_HAL_Driver/Inc -I../Drivers/STM32F4xx_HAL_Driver/Inc/Legacy -I../Drivers/CMSIS/Device/ST/STM32F4xx/Include -I../Drivers/CMSIS/Include -O0 -ffunction-sections -fdata-sections -Wall -fstack-usage -fcyclomatic-complexity -MMD -MP -MF"Core/Src/main.d" -MT"Core/Src/main.o" --specs=nano.specs -mfpu=fpv4-sp-d16 -mfloat-abi=hard -mthumb -o "Core/Src/main.o"
../Core/Src/main.c: In function 'main':
../Core/Src/main.c:92:12: warning: unused variable 'counter' [-Wunused-variable]
   92 |   uint32_t counter=0;
      |            ^~~~~~~
arm-none-eabi-gcc -o "ej3_p2.elf" @"objects.list"   -mcpu=cortex-m4 -T"/home/tomas1908/STM32CubeIDE/workspace_1.19.0/pdm/ej3_p2/STM32F446RETX_FLASH.ld" --specs=nosys.specs -Wl,-Map="ej3_p2.map" -Wl,--gc-sections -static --specs=nano.specs -mfpu=fpv4-sp-d16 -mfloat-abi=hard -mthumb -Wl,--start-group -lc -lm -Wl,--end-group
Finished building target: ej3_p2.elf
 
arm-none-eabi-size  ej3_p2.elf 
arm-none-eabi-objdump -h -S ej3_p2.elf  > "ej3_p2.list"
   text	   data	    bss	    dec	    hex	filename
   6492	     12	   1572	   8076	   1f8c	ej3_p2.elf
Finished building: default.size.stdout
 
Finished building: ej3_p2.list
 
18:40:01 **** Incremental Build of configuration Debug for project ej3_p2 ****
make -j8 all 
arm-none-eabi-gcc "../Core/Src/main.c" -mcpu=cortex-m4 -std=gnu11 -g3 -DDEBUG -DUSE_HAL_DRIVER -DSTM32F446xx -c -I../Core/Inc -I../Drivers/STM32F4xx_HAL_Driver/Inc -I../Drivers/STM32F4xx_HAL_Driver/Inc/Legacy -I../Drivers/CMSIS/Device/ST/STM32F4xx/Include -I../Drivers/CMSIS/Include -O0 -ffunction-sections -fdata-sections -Wall -fstack-usage -fcyclomatic-complexity -MMD -MP -MF"Core/Src/main.d" -MT"Core/Src/main.o" --specs=nano.specs -mfpu=fpv4-sp-d16 -mfloat-abi=hard -mthumb -o "Core/Src/main.o"
arm-none-eabi-gcc -o "ej3_p2.elf" @"objects.list"   -mcpu=cortex-m4 -T"/home/tomas1908/STM32CubeIDE/workspace_1.19.0/pdm/ej3_p2/STM32F446RETX_FLASH.ld" --specs=nosys.specs -Wl,-Map="ej3_p2.map" -Wl,--gc-sections -static --specs=nano.specs -mfpu=fpv4-sp-d16 -mfloat-abi=hard -mthumb -Wl,--start-group -lc -lm -Wl,--end-group
Finished building target: ej3_p2.elf
 
arm-none-eabi-size  ej3_p2.elf 
arm-none-eabi-objdump -h -S ej3_p2.elf  > "ej3_p2.list"
   text	   data	    bss	    dec	    hex	filename
   6764	     12	   1572	   8348	   209c	ej3_p2.elf
Finished building: default.size.stdout
 
Finished building: ej3_p2.list
 
18:40:31 **** Incremental Build of configuration Debug for project ej3_p2 ****
make -j8 all 
arm-none-eabi-size  ej3_p2.elf 
   text	   data	    bss	    dec	    hex	filename
   6764	     12	   1572	   8348	   209c	ej3_p2.elf
Finished building: default.size.stdout
 
18:41:27 **** Build of configuration Debug for project ej2_p2 ****
make -j8 all 
arm-none-eabi-size  ej2_p2.elf 
   text	   data	    bss	    dec	    hex	filename
   6736	     12	   1572	   8320	   2080	ej2_p2.elf
Finished building: default.size.stdout
 
18:42:27 **** Incremental Build of configuration Debug for project ej3_p2 ****
make -j8 all 
arm-none-eabi-size  ej3_p2.elf 
   text	   data	    bss	    dec	    hex	filename
   6764	     12	   1572	   8348	   209c	ej3_p2.elf
Finished building: default.size.stdout
 
18:56:54 **** Incremental Build of configuration Debug for project ej3_p2 ****
make -j8 all 
arm-none-eabi-gcc "../Core/Src/main.c" -mcpu=cortex-m4 -std=gnu11 -g3 -DDEBUG -DUSE_HAL_DRIVER -DSTM32F446xx -c -I../Core/Inc -I../Drivers/STM32F4xx_HAL_Driver/Inc -I../Drivers/STM32F4xx_HAL_Driver/Inc/Legacy -I../Drivers/CMSIS/Device/ST/STM32F4xx/Include -I../Drivers/CMSIS/Include -O0 -ffunction-sections -fdata-sections -Wall -fstack-usage -fcyclomatic-complexity -MMD -MP -MF"Core/Src/main.d" -MT"Core/Src/main.o" --specs=nano.specs -mfpu=fpv4-sp-d16 -mfloat-abi=hard -mthumb -o "Core/Src/main.o"
arm-none-eabi-gcc -o "ej3_p2.elf" @"objects.list"   -mcpu=cortex-m4 -T"/home/tomas1908/STM32CubeIDE/workspace_1.19.0/pdm/ej3_p2/STM32F446RETX_FLASH.ld" --specs=nosys.specs -Wl,-Map="ej3_p2.map" -Wl,--gc-sections -static --specs=nano.specs -mfpu=fpv4-sp-d16 -mfloat-abi=hard -mthumb -Wl,--start-group -lc -lm -Wl,--end-group
Finished building target: ej3_p2.elf
 
arm-none-eabi-size  ej3_p2.elf 
arm-none-eabi-objdump -h -S ej3_p2.elf  > "ej3_p2.list"
   text	   data	    bss	    dec	    hex	filename
   6764	     12	   1572	   8348	   209c	ej3_p2.elf
Finished building: default.size.stdout
 
Finished building: ej3_p2.list
 
18:56:57 **** Incremental Build of configuration Debug for project ej3_p2 ****
make -j8 all 
arm-none-eabi-size  ej3_p2.elf 
   text	   data	    bss	    dec	    hex	filename
   6764	     12	   1572	   8348	   209c	ej3_p2.elf
Finished building: default.size.stdout
 
22:08:09 **** Build of configuration Debug for project ej1_p2 ****
make -j8 all 
arm-none-eabi-gcc "../Core/Src/main.c" -mcpu=cortex-m4 -std=gnu11 -g3 -DDEBUG -DUSE_HAL_DRIVER -DSTM32F446xx -c -I../Core/Inc -I../Drivers/STM32F4xx_HAL_Driver/Inc -I../Drivers/STM32F4xx_HAL_Driver/Inc/Legacy -I../Drivers/CMSIS/Device/ST/STM32F4xx/Include -I../Drivers/CMSIS/Include -O0 -ffunction-sections -fdata-sections -Wall -fstack-usage -fcyclomatic-complexity -MMD -MP -MF"Core/Src/main.d" -MT"Core/Src/main.o" --specs=nano.specs -mfpu=fpv4-sp-d16 -mfloat-abi=hard -mthumb -o "Core/Src/main.o"
arm-none-eabi-gcc "../Core/Src/stm32f4xx_hal_msp.c" -mcpu=cortex-m4 -std=gnu11 -g3 -DDEBUG -DUSE_HAL_DRIVER -DSTM32F446xx -c -I../Core/Inc -I../Drivers/STM32F4xx_HAL_Driver/Inc -I../Drivers/STM32F4xx_HAL_Driver/Inc/Legacy -I../Drivers/CMSIS/Device/ST/STM32F4xx/Include -I../Drivers/CMSIS/Include -O0 -ffunction-sections -fdata-sections -Wall -fstack-usage -fcyclomatic-complexity -MMD -MP -MF"Core/Src/stm32f4xx_hal_msp.d" -MT"Core/Src/stm32f4xx_hal_msp.o" --specs=nano.specs -mfpu=fpv4-sp-d16 -mfloat-abi=hard -mthumb -o "Core/Src/stm32f4xx_hal_msp.o"
arm-none-eabi-gcc "../Core/Src/stm32f4xx_it.c" -mcpu=cortex-m4 -std=gnu11 -g3 -DDEBUG -DUSE_HAL_DRIVER -DSTM32F446xx -c -I../Core/Inc -I../Drivers/STM32F4xx_HAL_Driver/Inc -I../Drivers/STM32F4xx_HAL_Driver/Inc/Legacy -I../Drivers/CMSIS/Device/ST/STM32F4xx/Include -I../Drivers/CMSIS/Include -O0 -ffunction-sections -fdata-sections -Wall -fstack-usage -fcyclomatic-complexity -MMD -MP -MF"Core/Src/stm32f4xx_it.d" -MT"Core/Src/stm32f4xx_it.o" --specs=nano.specs -mfpu=fpv4-sp-d16 -mfloat-abi=hard -mthumb -o "Core/Src/stm32f4xx_it.o"
arm-none-eabi-gcc -o "ej1_p2.elf" @"objects.list"   -mcpu=cortex-m4 -T"/home/tomas1908/STM32CubeIDE/workspace_1.19.0/pdm/ej1_p2/STM32F446RETX_FLASH.ld" --specs=nosys.specs -Wl,-Map="ej1_p2.map" -Wl,--gc-sections -static --specs=nano.specs -mfpu=fpv4-sp-d16 -mfloat-abi=hard -mthumb -Wl,--start-group -lc -lm -Wl,--end-group
Finished building target: ej1_p2.elf
 
arm-none-eabi-size  ej1_p2.elf 
arm-none-eabi-objdump -h -S ej1_p2.elf  > "ej1_p2.list"
   text	   data	    bss	    dec	    hex	filename
   6700	     12	   1572	   8284	   205c	ej1_p2.elf
Finished building: default.size.stdout
 
Finished building: ej1_p2.list
 
22:13:09 **** Incremental Build of configuration Debug for project ej2_p2 ****
make -j8 all 
arm-none-eabi-gcc "../Core/Src/main.c" -mcpu=cortex-m4 -std=gnu11 -g3 -DDEBUG -DUSE_HAL_DRIVER -DSTM32F446xx -c -I../Core/Inc -I../Drivers/STM32F4xx_HAL_Driver/Inc -I../Drivers/STM32F4xx_HAL_Driver/Inc/Legacy -I../Drivers/CMSIS/Device/ST/STM32F4xx/Include -I../Drivers/CMSIS/Include -O0 -ffunction-sections -fdata-sections -Wall -fstack-usage -fcyclomatic-complexity -MMD -MP -MF"Core/Src/main.d" -MT"Core/Src/main.o" --specs=nano.specs -mfpu=fpv4-sp-d16 -mfloat-abi=hard -mthumb -o "Core/Src/main.o"
arm-none-eabi-gcc -o "ej2_p2.elf" @"objects.list"   -mcpu=cortex-m4 -T"/home/tomas1908/STM32CubeIDE/workspace_1.19.0/pdm/ej2_p2/STM32F446RETX_FLASH.ld" --specs=nosys.specs -Wl,-Map="ej2_p2.map" -Wl,--gc-sections -static --specs=nano.specs -mfpu=fpv4-sp-d16 -mfloat-abi=hard -mthumb -Wl,--start-group -lc -lm -Wl,--end-group
Finished building target: ej2_p2.elf
 
arm-none-eabi-size  ej2_p2.elf 
arm-none-eabi-objdump -h -S ej2_p2.elf  > "ej2_p2.list"
   text	   data	    bss	    dec	    hex	filename
   6736	     12	   1572	   8320	   2080	ej2_p2.elf
Finished building: default.size.stdout
 
Finished building: ej2_p2.list
 
22:17:59 **** Incremental Build of configuration Debug for project ej3_p2 ****
make -j8 all 
arm-none-eabi-gcc "../Core/Src/main.c" -mcpu=cortex-m4 -std=gnu11 -g3 -DDEBUG -DUSE_HAL_DRIVER -DSTM32F446xx -c -I../Core/Inc -I../Drivers/STM32F4xx_HAL_Driver/Inc -I../Drivers/STM32F4xx_HAL_Driver/Inc/Legacy -I../Drivers/CMSIS/Device/ST/STM32F4xx/Include -I../Drivers/CMSIS/Include -O0 -ffunction-sections -fdata-sections -Wall -fstack-usage -fcyclomatic-complexity -MMD -MP -MF"Core/Src/main.d" -MT"Core/Src/main.o" --specs=nano.specs -mfpu=fpv4-sp-d16 -mfloat-abi=hard -mthumb -o "Core/Src/main.o"
arm-none-eabi-gcc -o "ej3_p2.elf" @"objects.list"   -mcpu=cortex-m4 -T"/home/tomas1908/STM32CubeIDE/workspace_1.19.0/pdm/ej3_p2/STM32F446RETX_FLASH.ld" --specs=nosys.specs -Wl,-Map="ej3_p2.map" -Wl,--gc-sections -static --specs=nano.specs -mfpu=fpv4-sp-d16 -mfloat-abi=hard -mthumb -Wl,--start-group -lc -lm -Wl,--end-group
Finished building target: ej3_p2.elf
 
arm-none-eabi-size  ej3_p2.elf 
arm-none-eabi-objdump -h -S ej3_p2.elf  > "ej3_p2.list"
   text	   data	    bss	    dec	    hex	filename
   6764	     12	   1572	   8348	   209c	ej3_p2.elf
Finished building: default.size.stdout
 
Finished building: ej3_p2.list
 
20:50:12 **** Build of configuration Debug for project ej1_p3 ****
make -j8 all 
arm-none-eabi-gcc "../Drivers/API/Src/API_delay.c" -mcpu=cortex-m4 -std=gnu11 -g3 -DDEBUG -DUSE_HAL_DRIVER -DSTM32F446xx -c -I../Core/Inc -I../Drivers/STM32F4xx_HAL_Driver/Inc -I../Drivers/STM32F4xx_HAL_Driver/Inc/Legacy -I../Drivers/CMSIS/Device/ST/STM32F4xx/Include -I../Drivers/CMSIS/Include -O0 -ffunction-sections -fdata-sections -Wall -fstack-usage -fcyclomatic-complexity -MMD -MP -MF"Drivers/API/Src/API_delay.d" -MT"Drivers/API/Src/API_delay.o" --specs=nano.specs -mfpu=fpv4-sp-d16 -mfloat-abi=hard -mthumb -o "Drivers/API/Src/API_delay.o"
arm-none-eabi-gcc "../Core/Src/main.c" -mcpu=cortex-m4 -std=gnu11 -g3 -DDEBUG -DUSE_HAL_DRIVER -DSTM32F446xx -c -I../Core/Inc -I../Drivers/STM32F4xx_HAL_Driver/Inc -I../Drivers/STM32F4xx_HAL_Driver/Inc/Legacy -I../Drivers/CMSIS/Device/ST/STM32F4xx/Include -I../Drivers/CMSIS/Include -O0 -ffunction-sections -fdata-sections -Wall -fstack-usage -fcyclomatic-complexity -MMD -MP -MF"Core/Src/main.d" -MT"Core/Src/main.o" --specs=nano.specs -mfpu=fpv4-sp-d16 -mfloat-abi=hard -mthumb -o "Core/Src/main.o"
arm-none-eabi-gcc "../Core/Src/stm32f4xx_hal_msp.c" -mcpu=cortex-m4 -std=gnu11 -g3 -DDEBUG -DUSE_HAL_DRIVER -DSTM32F446xx -c -I../Core/Inc -I../Drivers/STM32F4xx_HAL_Driver/Inc -I../Drivers/STM32F4xx_HAL_Driver/Inc/Legacy -I../Drivers/CMSIS/Device/ST/STM32F4xx/Include -I../Drivers/CMSIS/Include -O0 -ffunction-sections -fdata-sections -Wall -fstack-usage -fcyclomatic-complexity -MMD -MP -MF"Core/Src/stm32f4xx_hal_msp.d" -MT"Core/Src/stm32f4xx_hal_msp.o" --specs=nano.specs -mfpu=fpv4-sp-d16 -mfloat-abi=hard -mthumb -o "Core/Src/stm32f4xx_hal_msp.o"
arm-none-eabi-gcc "../Core/Src/stm32f4xx_it.c" -mcpu=cortex-m4 -std=gnu11 -g3 -DDEBUG -DUSE_HAL_DRIVER -DSTM32F446xx -c -I../Core/Inc -I../Drivers/STM32F4xx_HAL_Driver/Inc -I../Drivers/STM32F4xx_HAL_Driver/Inc/Legacy -I../Drivers/CMSIS/Device/ST/STM32F4xx/Include -I../Drivers/CMSIS/Include -O0 -ffunction-sections -fdata-sections -Wall -fstack-usage -fcyclomatic-complexity -MMD -MP -MF"Core/Src/stm32f4xx_it.d" -MT"Core/Src/stm32f4xx_it.o" --specs=nano.specs -mfpu=fpv4-sp-d16 -mfloat-abi=hard -mthumb -o "Core/Src/stm32f4xx_it.o"
../Drivers/API/Src/API_delay.c:10:17: error: unknown type name 'delay_t'
   10 | void delayInit( delay_t * delay, tick_t duration ){
      |                 ^~~~~~~
../Drivers/API/Src/API_delay.c:10:34: error: unknown type name 'tick_t'
   10 | void delayInit( delay_t * delay, tick_t duration ){
      |                                  ^~~~~~
../Drivers/API/Src/API_delay.c:16:1: error: unknown type name 'bool_t'
   16 | bool_t delayRead( delay_t * delay ){
      | ^~~~~~
../Drivers/API/Src/API_delay.c:16:19: error: unknown type name 'delay_t'
   16 | bool_t delayRead( delay_t * delay ){
      |                   ^~~~~~~
../Drivers/API/Src/API_delay.c:30:18: error: unknown type name 'delay_t'
   30 | void delayWrite( delay_t * delay, tick_t duration ){
      |                  ^~~~~~~
../Drivers/API/Src/API_delay.c:30:35: error: unknown type name 'tick_t'
   30 | void delayWrite( delay_t * delay, tick_t duration ){
      |                                   ^~~~~~
make: *** [Drivers/API/Src/subdir.mk:19: Drivers/API/Src/API_delay.o] Error 1
make: *** Waiting for unfinished jobs....
In file included from ../Core/Src/stm32f4xx_it.c:21:
../Core/Inc/main.h:34:10: fatal error: API_delay.h: No such file or directory
   34 | #include "API_delay.h"
      |          ^~~~~~~~~~~~~
compilation terminated.
make: *** [Core/Src/subdir.mk:34: Core/Src/stm32f4xx_it.o] Error 1
In file included from ../Core/Src/stm32f4xx_hal_msp.c:22:
../Core/Inc/main.h:34:10: fatal error: API_delay.h: No such file or directory
   34 | #include "API_delay.h"
      |          ^~~~~~~~~~~~~
compilation terminated.
In file included from ../Core/Src/main.c:20:
../Core/Inc/main.h:34:10: fatal error: API_delay.h: No such file or directory
   34 | #include "API_delay.h"
      |          ^~~~~~~~~~~~~
compilation terminated.
make: *** [Core/Src/subdir.mk:34: Core/Src/stm32f4xx_hal_msp.o] Error 1
make: *** [Core/Src/subdir.mk:34: Core/Src/main.o] Error 1
"make -j8 all" terminated with exit code 2. Build might be incomplete.
20:51:22 **** Incremental Build of configuration Debug for project ej1_p3 ****
make -j8 all 
arm-none-eabi-gcc "../Drivers/STM32F4xx_HAL_Driver/Src/stm32f4xx_hal.c" -mcpu=cortex-m4 -std=gnu11 -g3 -DDEBUG -DUSE_HAL_DRIVER -DSTM32F446xx -c -I../Core/Inc -I../Drivers/STM32F4xx_HAL_Driver/Inc -I../Drivers/STM32F4xx_HAL_Driver/Inc/Legacy -I../Drivers/CMSIS/Device/ST/STM32F4xx/Include -I../Drivers/CMSIS/Include -I"/home/tomas1908/STM32CubeIDE/workspace_1.19.0/pdm/ej1_p3/Drivers/API/Inc" -I"/home/tomas1908/STM32CubeIDE/workspace_1.19.0/pdm/ej1_p3/Drivers/API/Src" -O0 -ffunction-sections -fdata-sections -Wall -fstack-usage -fcyclomatic-complexity -MMD -MP -MF"Drivers/STM32F4xx_HAL_Driver/Src/stm32f4xx_hal.d" -MT"Drivers/STM32F4xx_HAL_Driver/Src/stm32f4xx_hal.o" --specs=nano.specs -mfpu=fpv4-sp-d16 -mfloat-abi=hard -mthumb -o "Drivers/STM32F4xx_HAL_Driver/Src/stm32f4xx_hal.o"
arm-none-eabi-gcc "../Drivers/STM32F4xx_HAL_Driver/Src/stm32f4xx_hal_cortex.c" -mcpu=cortex-m4 -std=gnu11 -g3 -DDEBUG -DUSE_HAL_DRIVER -DSTM32F446xx -c -I../Core/Inc -I../Drivers/STM32F4xx_HAL_Driver/Inc -I../Drivers/STM32F4xx_HAL_Driver/Inc/Legacy -I../Drivers/CMSIS/Device/ST/STM32F4xx/Include -I../Drivers/CMSIS/Include -I"/home/tomas1908/STM32CubeIDE/workspace_1.19.0/pdm/ej1_p3/Drivers/API/Inc" -I"/home/tomas1908/STM32CubeIDE/workspace_1.19.0/pdm/ej1_p3/Drivers/API/Src" -O0 -ffunction-sections -fdata-sections -Wall -fstack-usage -fcyclomatic-complexity -MMD -MP -MF"Drivers/STM32F4xx_HAL_Driver/Src/stm32f4xx_hal_cortex.d" -MT"Drivers/STM32F4xx_HAL_Driver/Src/stm32f4xx_hal_cortex.o" --specs=nano.specs -mfpu=fpv4-sp-d16 -mfloat-abi=hard -mthumb -o "Drivers/STM32F4xx_HAL_Driver/Src/stm32f4xx_hal_cortex.o"
arm-none-eabi-gcc "../Drivers/STM32F4xx_HAL_Driver/Src/stm32f4xx_hal_dma.c" -mcpu=cortex-m4 -std=gnu11 -g3 -DDEBUG -DUSE_HAL_DRIVER -DSTM32F446xx -c -I../Core/Inc -I../Drivers/STM32F4xx_HAL_Driver/Inc -I../Drivers/STM32F4xx_HAL_Driver/Inc/Legacy -I../Drivers/CMSIS/Device/ST/STM32F4xx/Include -I../Drivers/CMSIS/Include -I"/home/tomas1908/STM32CubeIDE/workspace_1.19.0/pdm/ej1_p3/Drivers/API/Inc" -I"/home/tomas1908/STM32CubeIDE/workspace_1.19.0/pdm/ej1_p3/Drivers/API/Src" -O0 -ffunction-sections -fdata-sections -Wall -fstack-usage -fcyclomatic-complexity -MMD -MP -MF"Drivers/STM32F4xx_HAL_Driver/Src/stm32f4xx_hal_dma.d" -MT"Drivers/STM32F4xx_HAL_Driver/Src/stm32f4xx_hal_dma.o" --specs=nano.specs -mfpu=fpv4-sp-d16 -mfloat-abi=hard -mthumb -o "Drivers/STM32F4xx_HAL_Driver/Src/stm32f4xx_hal_dma.o"
arm-none-eabi-gcc "../Drivers/STM32F4xx_HAL_Driver/Src/stm32f4xx_hal_dma_ex.c" -mcpu=cortex-m4 -std=gnu11 -g3 -DDEBUG -DUSE_HAL_DRIVER -DSTM32F446xx -c -I../Core/Inc -I../Drivers/STM32F4xx_HAL_Driver/Inc -I../Drivers/STM32F4xx_HAL_Driver/Inc/Legacy -I../Drivers/CMSIS/Device/ST/STM32F4xx/Include -I../Drivers/CMSIS/Include -I"/home/tomas1908/STM32CubeIDE/workspace_1.19.0/pdm/ej1_p3/Drivers/API/Inc" -I"/home/tomas1908/STM32CubeIDE/workspace_1.19.0/pdm/ej1_p3/Drivers/API/Src" -O0 -ffunction-sections -fdata-sections -Wall -fstack-usage -fcyclomatic-complexity -MMD -MP -MF"Drivers/STM32F4xx_HAL_Driver/Src/stm32f4xx_hal_dma_ex.d" -MT"Drivers/STM32F4xx_HAL_Driver/Src/stm32f4xx_hal_dma_ex.o" --specs=nano.specs -mfpu=fpv4-sp-d16 -mfloat-abi=hard -mthumb -o "Drivers/STM32F4xx_HAL_Driver/Src/stm32f4xx_hal_dma_ex.o"
arm-none-eabi-gcc "../Drivers/STM32F4xx_HAL_Driver/Src/stm32f4xx_hal_exti.c" -mcpu=cortex-m4 -std=gnu11 -g3 -DDEBUG -DUSE_HAL_DRIVER -DSTM32F446xx -c -I../Core/Inc -I../Drivers/STM32F4xx_HAL_Driver/Inc -I../Drivers/STM32F4xx_HAL_Driver/Inc/Legacy -I../Drivers/CMSIS/Device/ST/STM32F4xx/Include -I../Drivers/CMSIS/Include -I"/home/tomas1908/STM32CubeIDE/workspace_1.19.0/pdm/ej1_p3/Drivers/API/Inc" -I"/home/tomas1908/STM32CubeIDE/workspace_1.19.0/pdm/ej1_p3/Drivers/API/Src" -O0 -ffunction-sections -fdata-sections -Wall -fstack-usage -fcyclomatic-complexity -MMD -MP -MF"Drivers/STM32F4xx_HAL_Driver/Src/stm32f4xx_hal_exti.d" -MT"Drivers/STM32F4xx_HAL_Driver/Src/stm32f4xx_hal_exti.o" --specs=nano.specs -mfpu=fpv4-sp-d16 -mfloat-abi=hard -mthumb -o "Drivers/STM32F4xx_HAL_Driver/Src/stm32f4xx_hal_exti.o"
arm-none-eabi-gcc "../Drivers/STM32F4xx_HAL_Driver/Src/stm32f4xx_hal_flash.c" -mcpu=cortex-m4 -std=gnu11 -g3 -DDEBUG -DUSE_HAL_DRIVER -DSTM32F446xx -c -I../Core/Inc -I../Drivers/STM32F4xx_HAL_Driver/Inc -I../Drivers/STM32F4xx_HAL_Driver/Inc/Legacy -I../Drivers/CMSIS/Device/ST/STM32F4xx/Include -I../Drivers/CMSIS/Include -I"/home/tomas1908/STM32CubeIDE/workspace_1.19.0/pdm/ej1_p3/Drivers/API/Inc" -I"/home/tomas1908/STM32CubeIDE/workspace_1.19.0/pdm/ej1_p3/Drivers/API/Src" -O0 -ffunction-sections -fdata-sections -Wall -fstack-usage -fcyclomatic-complexity -MMD -MP -MF"Drivers/STM32F4xx_HAL_Driver/Src/stm32f4xx_hal_flash.d" -MT"Drivers/STM32F4xx_HAL_Driver/Src/stm32f4xx_hal_flash.o" --specs=nano.specs -mfpu=fpv4-sp-d16 -mfloat-abi=hard -mthumb -o "Drivers/STM32F4xx_HAL_Driver/Src/stm32f4xx_hal_flash.o"
arm-none-eabi-gcc "../Drivers/STM32F4xx_HAL_Driver/Src/stm32f4xx_hal_flash_ex.c" -mcpu=cortex-m4 -std=gnu11 -g3 -DDEBUG -DUSE_HAL_DRIVER -DSTM32F446xx -c -I../Core/Inc -I../Drivers/STM32F4xx_HAL_Driver/Inc -I../Drivers/STM32F4xx_HAL_Driver/Inc/Legacy -I../Drivers/CMSIS/Device/ST/STM32F4xx/Include -I../Drivers/CMSIS/Include -I"/home/tomas1908/STM32CubeIDE/workspace_1.19.0/pdm/ej1_p3/Drivers/API/Inc" -I"/home/tomas1908/STM32CubeIDE/workspace_1.19.0/pdm/ej1_p3/Drivers/API/Src" -O0 -ffunction-sections -fdata-sections -Wall -fstack-usage -fcyclomatic-complexity -MMD -MP -MF"Drivers/STM32F4xx_HAL_Driver/Src/stm32f4xx_hal_flash_ex.d" -MT"Drivers/STM32F4xx_HAL_Driver/Src/stm32f4xx_hal_flash_ex.o" --specs=nano.specs -mfpu=fpv4-sp-d16 -mfloat-abi=hard -mthumb -o "Drivers/STM32F4xx_HAL_Driver/Src/stm32f4xx_hal_flash_ex.o"
arm-none-eabi-gcc "../Drivers/STM32F4xx_HAL_Driver/Src/stm32f4xx_hal_flash_ramfunc.c" -mcpu=cortex-m4 -std=gnu11 -g3 -DDEBUG -DUSE_HAL_DRIVER -DSTM32F446xx -c -I../Core/Inc -I../Drivers/STM32F4xx_HAL_Driver/Inc -I../Drivers/STM32F4xx_HAL_Driver/Inc/Legacy -I../Drivers/CMSIS/Device/ST/STM32F4xx/Include -I../Drivers/CMSIS/Include -I"/home/tomas1908/STM32CubeIDE/workspace_1.19.0/pdm/ej1_p3/Drivers/API/Inc" -I"/home/tomas1908/STM32CubeIDE/workspace_1.19.0/pdm/ej1_p3/Drivers/API/Src" -O0 -ffunction-sections -fdata-sections -Wall -fstack-usage -fcyclomatic-complexity -MMD -MP -MF"Drivers/STM32F4xx_HAL_Driver/Src/stm32f4xx_hal_flash_ramfunc.d" -MT"Drivers/STM32F4xx_HAL_Driver/Src/stm32f4xx_hal_flash_ramfunc.o" --specs=nano.specs -mfpu=fpv4-sp-d16 -mfloat-abi=hard -mthumb -o "Drivers/STM32F4xx_HAL_Driver/Src/stm32f4xx_hal_flash_ramfunc.o"
arm-none-eabi-gcc "../Drivers/STM32F4xx_HAL_Driver/Src/stm32f4xx_hal_gpio.c" -mcpu=cortex-m4 -std=gnu11 -g3 -DDEBUG -DUSE_HAL_DRIVER -DSTM32F446xx -c -I../Core/Inc -I../Drivers/STM32F4xx_HAL_Driver/Inc -I../Drivers/STM32F4xx_HAL_Driver/Inc/Legacy -I../Drivers/CMSIS/Device/ST/STM32F4xx/Include -I../Drivers/CMSIS/Include -I"/home/tomas1908/STM32CubeIDE/workspace_1.19.0/pdm/ej1_p3/Drivers/API/Inc" -I"/home/tomas1908/STM32CubeIDE/workspace_1.19.0/pdm/ej1_p3/Drivers/API/Src" -O0 -ffunction-sections -fdata-sections -Wall -fstack-usage -fcyclomatic-complexity -MMD -MP -MF"Drivers/STM32F4xx_HAL_Driver/Src/stm32f4xx_hal_gpio.d" -MT"Drivers/STM32F4xx_HAL_Driver/Src/stm32f4xx_hal_gpio.o" --specs=nano.specs -mfpu=fpv4-sp-d16 -mfloat-abi=hard -mthumb -o "Drivers/STM32F4xx_HAL_Driver/Src/stm32f4xx_hal_gpio.o"
arm-none-eabi-gcc "../Drivers/STM32F4xx_HAL_Driver/Src/stm32f4xx_hal_pwr.c" -mcpu=cortex-m4 -std=gnu11 -g3 -DDEBUG -DUSE_HAL_DRIVER -DSTM32F446xx -c -I../Core/Inc -I../Drivers/STM32F4xx_HAL_Driver/Inc -I../Drivers/STM32F4xx_HAL_Driver/Inc/Legacy -I../Drivers/CMSIS/Device/ST/STM32F4xx/Include -I../Drivers/CMSIS/Include -I"/home/tomas1908/STM32CubeIDE/workspace_1.19.0/pdm/ej1_p3/Drivers/API/Inc" -I"/home/tomas1908/STM32CubeIDE/workspace_1.19.0/pdm/ej1_p3/Drivers/API/Src" -O0 -ffunction-sections -fdata-sections -Wall -fstack-usage -fcyclomatic-complexity -MMD -MP -MF"Drivers/STM32F4xx_HAL_Driver/Src/stm32f4xx_hal_pwr.d" -MT"Drivers/STM32F4xx_HAL_Driver/Src/stm32f4xx_hal_pwr.o" --specs=nano.specs -mfpu=fpv4-sp-d16 -mfloat-abi=hard -mthumb -o "Drivers/STM32F4xx_HAL_Driver/Src/stm32f4xx_hal_pwr.o"
arm-none-eabi-gcc "../Drivers/STM32F4xx_HAL_Driver/Src/stm32f4xx_hal_pwr_ex.c" -mcpu=cortex-m4 -std=gnu11 -g3 -DDEBUG -DUSE_HAL_DRIVER -DSTM32F446xx -c -I../Core/Inc -I../Drivers/STM32F4xx_HAL_Driver/Inc -I../Drivers/STM32F4xx_HAL_Driver/Inc/Legacy -I../Drivers/CMSIS/Device/ST/STM32F4xx/Include -I../Drivers/CMSIS/Include -I"/home/tomas1908/STM32CubeIDE/workspace_1.19.0/pdm/ej1_p3/Drivers/API/Inc" -I"/home/tomas1908/STM32CubeIDE/workspace_1.19.0/pdm/ej1_p3/Drivers/API/Src" -O0 -ffunction-sections -fdata-sections -Wall -fstack-usage -fcyclomatic-complexity -MMD -MP -MF"Drivers/STM32F4xx_HAL_Driver/Src/stm32f4xx_hal_pwr_ex.d" -MT"Drivers/STM32F4xx_HAL_Driver/Src/stm32f4xx_hal_pwr_ex.o" --specs=nano.specs -mfpu=fpv4-sp-d16 -mfloat-abi=hard -mthumb -o "Drivers/STM32F4xx_HAL_Driver/Src/stm32f4xx_hal_pwr_ex.o"
arm-none-eabi-gcc "../Drivers/STM32F4xx_HAL_Driver/Src/stm32f4xx_hal_rcc.c" -mcpu=cortex-m4 -std=gnu11 -g3 -DDEBUG -DUSE_HAL_DRIVER -DSTM32F446xx -c -I../Core/Inc -I../Drivers/STM32F4xx_HAL_Driver/Inc -I../Drivers/STM32F4xx_HAL_Driver/Inc/Legacy -I../Drivers/CMSIS/Device/ST/STM32F4xx/Include -I../Drivers/CMSIS/Include -I"/home/tomas1908/STM32CubeIDE/workspace_1.19.0/pdm/ej1_p3/Drivers/API/Inc" -I"/home/tomas1908/STM32CubeIDE/workspace_1.19.0/pdm/ej1_p3/Drivers/API/Src" -O0 -ffunction-sections -fdata-sections -Wall -fstack-usage -fcyclomatic-complexity -MMD -MP -MF"Drivers/STM32F4xx_HAL_Driver/Src/stm32f4xx_hal_rcc.d" -MT"Drivers/STM32F4xx_HAL_Driver/Src/stm32f4xx_hal_rcc.o" --specs=nano.specs -mfpu=fpv4-sp-d16 -mfloat-abi=hard -mthumb -o "Drivers/STM32F4xx_HAL_Driver/Src/stm32f4xx_hal_rcc.o"
arm-none-eabi-gcc "../Drivers/STM32F4xx_HAL_Driver/Src/stm32f4xx_hal_rcc_ex.c" -mcpu=cortex-m4 -std=gnu11 -g3 -DDEBUG -DUSE_HAL_DRIVER -DSTM32F446xx -c -I../Core/Inc -I../Drivers/STM32F4xx_HAL_Driver/Inc -I../Drivers/STM32F4xx_HAL_Driver/Inc/Legacy -I../Drivers/CMSIS/Device/ST/STM32F4xx/Include -I../Drivers/CMSIS/Include -I"/home/tomas1908/STM32CubeIDE/workspace_1.19.0/pdm/ej1_p3/Drivers/API/Inc" -I"/home/tomas1908/STM32CubeIDE/workspace_1.19.0/pdm/ej1_p3/Drivers/API/Src" -O0 -ffunction-sections -fdata-sections -Wall -fstack-usage -fcyclomatic-complexity -MMD -MP -MF"Drivers/STM32F4xx_HAL_Driver/Src/stm32f4xx_hal_rcc_ex.d" -MT"Drivers/STM32F4xx_HAL_Driver/Src/stm32f4xx_hal_rcc_ex.o" --specs=nano.specs -mfpu=fpv4-sp-d16 -mfloat-abi=hard -mthumb -o "Drivers/STM32F4xx_HAL_Driver/Src/stm32f4xx_hal_rcc_ex.o"
arm-none-eabi-gcc "../Drivers/API/Src/API_delay.c" -mcpu=cortex-m4 -std=gnu11 -g3 -DDEBUG -DUSE_HAL_DRIVER -DSTM32F446xx -c -I../Core/Inc -I../Drivers/STM32F4xx_HAL_Driver/Inc -I../Drivers/STM32F4xx_HAL_Driver/Inc/Legacy -I../Drivers/CMSIS/Device/ST/STM32F4xx/Include -I../Drivers/CMSIS/Include -I"/home/tomas1908/STM32CubeIDE/workspace_1.19.0/pdm/ej1_p3/Drivers/API/Inc" -I"/home/tomas1908/STM32CubeIDE/workspace_1.19.0/pdm/ej1_p3/Drivers/API/Src" -O0 -ffunction-sections -fdata-sections -Wall -fstack-usage -fcyclomatic-complexity -MMD -MP -MF"Drivers/API/Src/API_delay.d" -MT"Drivers/API/Src/API_delay.o" --specs=nano.specs -mfpu=fpv4-sp-d16 -mfloat-abi=hard -mthumb -o "Drivers/API/Src/API_delay.o"
arm-none-eabi-gcc -mcpu=cortex-m4 -g3 -DDEBUG -c -I"/home/tomas1908/STM32CubeIDE/workspace_1.19.0/pdm/ej1_p3/Drivers/API/Inc" -I"/home/tomas1908/STM32CubeIDE/workspace_1.19.0/pdm/ej1_p3/Drivers/API/Src" -x assembler-with-cpp -MMD -MP -MF"Core/Startup/startup_stm32f446retx.d" -MT"Core/Startup/startup_stm32f446retx.o" --specs=nano.specs -mfpu=fpv4-sp-d16 -mfloat-abi=hard -mthumb -o "Core/Startup/startup_stm32f446retx.o" "../Core/Startup/startup_stm32f446retx.s"
arm-none-eabi-gcc "../Core/Src/main.c" -mcpu=cortex-m4 -std=gnu11 -g3 -DDEBUG -DUSE_HAL_DRIVER -DSTM32F446xx -c -I../Core/Inc -I../Drivers/STM32F4xx_HAL_Driver/Inc -I../Drivers/STM32F4xx_HAL_Driver/Inc/Legacy -I../Drivers/CMSIS/Device/ST/STM32F4xx/Include -I../Drivers/CMSIS/Include -I"/home/tomas1908/STM32CubeIDE/workspace_1.19.0/pdm/ej1_p3/Drivers/API/Inc" -I"/home/tomas1908/STM32CubeIDE/workspace_1.19.0/pdm/ej1_p3/Drivers/API/Src" -O0 -ffunction-sections -fdata-sections -Wall -fstack-usage -fcyclomatic-complexity -MMD -MP -MF"Core/Src/main.d" -MT"Core/Src/main.o" --specs=nano.specs -mfpu=fpv4-sp-d16 -mfloat-abi=hard -mthumb -o "Core/Src/main.o"
arm-none-eabi-gcc "../Core/Src/stm32f4xx_hal_msp.c" -mcpu=cortex-m4 -std=gnu11 -g3 -DDEBUG -DUSE_HAL_DRIVER -DSTM32F446xx -c -I../Core/Inc -I../Drivers/STM32F4xx_HAL_Driver/Inc -I../Drivers/STM32F4xx_HAL_Driver/Inc/Legacy -I../Drivers/CMSIS/Device/ST/STM32F4xx/Include -I../Drivers/CMSIS/Include -I"/home/tomas1908/STM32CubeIDE/workspace_1.19.0/pdm/ej1_p3/Drivers/API/Inc" -I"/home/tomas1908/STM32CubeIDE/workspace_1.19.0/pdm/ej1_p3/Drivers/API/Src" -O0 -ffunction-sections -fdata-sections -Wall -fstack-usage -fcyclomatic-complexity -MMD -MP -MF"Core/Src/stm32f4xx_hal_msp.d" -MT"Core/Src/stm32f4xx_hal_msp.o" --specs=nano.specs -mfpu=fpv4-sp-d16 -mfloat-abi=hard -mthumb -o "Core/Src/stm32f4xx_hal_msp.o"
../Drivers/API/Src/API_delay.c:10:17: error: unknown type name 'delay_t'
   10 | void delayInit( delay_t * delay, tick_t duration ){
      |                 ^~~~~~~
../Drivers/API/Src/API_delay.c:10:34: error: unknown type name 'tick_t'
   10 | void delayInit( delay_t * delay, tick_t duration ){
      |                                  ^~~~~~
../Drivers/API/Src/API_delay.c:16:1: error: unknown type name 'bool_t'
   16 | bool_t delayRead( delay_t * delay ){
      | ^~~~~~
../Drivers/API/Src/API_delay.c:16:19: error: unknown type name 'delay_t'
   16 | bool_t delayRead( delay_t * delay ){
      |                   ^~~~~~~
../Drivers/API/Src/API_delay.c:30:18: error: unknown type name 'delay_t'
   30 | void delayWrite( delay_t * delay, tick_t duration ){
      |                  ^~~~~~~
../Drivers/API/Src/API_delay.c:30:35: error: unknown type name 'tick_t'
   30 | void delayWrite( delay_t * delay, tick_t duration ){
      |                                   ^~~~~~
make: *** [Drivers/API/Src/subdir.mk:19: Drivers/API/Src/API_delay.o] Error 1
make: *** Waiting for unfinished jobs....
"make -j8 all" terminated with exit code 2. Build might be incomplete.
20:52:09 **** Incremental Build of configuration Debug for project ej1_p3 ****
make -j8 all 
arm-none-eabi-gcc "../Drivers/API/Src/API_delay.c" -mcpu=cortex-m4 -std=gnu11 -g3 -DDEBUG -DUSE_HAL_DRIVER -DSTM32F446xx -c -I../Core/Inc -I../Drivers/STM32F4xx_HAL_Driver/Inc -I../Drivers/STM32F4xx_HAL_Driver/Inc/Legacy -I../Drivers/CMSIS/Device/ST/STM32F4xx/Include -I../Drivers/CMSIS/Include -I"/home/tomas1908/STM32CubeIDE/workspace_1.19.0/pdm/ej1_p3/Drivers/API/Inc" -I"/home/tomas1908/STM32CubeIDE/workspace_1.19.0/pdm/ej1_p3/Drivers/API/Src" -O0 -ffunction-sections -fdata-sections -Wall -fstack-usage -fcyclomatic-complexity -MMD -MP -MF"Drivers/API/Src/API_delay.d" -MT"Drivers/API/Src/API_delay.o" --specs=nano.specs -mfpu=fpv4-sp-d16 -mfloat-abi=hard -mthumb -o "Drivers/API/Src/API_delay.o"
arm-none-eabi-gcc "../Core/Src/stm32f4xx_it.c" -mcpu=cortex-m4 -std=gnu11 -g3 -DDEBUG -DUSE_HAL_DRIVER -DSTM32F446xx -c -I../Core/Inc -I../Drivers/STM32F4xx_HAL_Driver/Inc -I../Drivers/STM32F4xx_HAL_Driver/Inc/Legacy -I../Drivers/CMSIS/Device/ST/STM32F4xx/Include -I../Drivers/CMSIS/Include -I"/home/tomas1908/STM32CubeIDE/workspace_1.19.0/pdm/ej1_p3/Drivers/API/Inc" -I"/home/tomas1908/STM32CubeIDE/workspace_1.19.0/pdm/ej1_p3/Drivers/API/Src" -O0 -ffunction-sections -fdata-sections -Wall -fstack-usage -fcyclomatic-complexity -MMD -MP -MF"Core/Src/stm32f4xx_it.d" -MT"Core/Src/stm32f4xx_it.o" --specs=nano.specs -mfpu=fpv4-sp-d16 -mfloat-abi=hard -mthumb -o "Core/Src/stm32f4xx_it.o"
arm-none-eabi-gcc "../Core/Src/syscalls.c" -mcpu=cortex-m4 -std=gnu11 -g3 -DDEBUG -DUSE_HAL_DRIVER -DSTM32F446xx -c -I../Core/Inc -I../Drivers/STM32F4xx_HAL_Driver/Inc -I../Drivers/STM32F4xx_HAL_Driver/Inc/Legacy -I../Drivers/CMSIS/Device/ST/STM32F4xx/Include -I../Drivers/CMSIS/Include -I"/home/tomas1908/STM32CubeIDE/workspace_1.19.0/pdm/ej1_p3/Drivers/API/Inc" -I"/home/tomas1908/STM32CubeIDE/workspace_1.19.0/pdm/ej1_p3/Drivers/API/Src" -O0 -ffunction-sections -fdata-sections -Wall -fstack-usage -fcyclomatic-complexity -MMD -MP -MF"Core/Src/syscalls.d" -MT"Core/Src/syscalls.o" --specs=nano.specs -mfpu=fpv4-sp-d16 -mfloat-abi=hard -mthumb -o "Core/Src/syscalls.o"
arm-none-eabi-gcc "../Core/Src/sysmem.c" -mcpu=cortex-m4 -std=gnu11 -g3 -DDEBUG -DUSE_HAL_DRIVER -DSTM32F446xx -c -I../Core/Inc -I../Drivers/STM32F4xx_HAL_Driver/Inc -I../Drivers/STM32F4xx_HAL_Driver/Inc/Legacy -I../Drivers/CMSIS/Device/ST/STM32F4xx/Include -I../Drivers/CMSIS/Include -I"/home/tomas1908/STM32CubeIDE/workspace_1.19.0/pdm/ej1_p3/Drivers/API/Inc" -I"/home/tomas1908/STM32CubeIDE/workspace_1.19.0/pdm/ej1_p3/Drivers/API/Src" -O0 -ffunction-sections -fdata-sections -Wall -fstack-usage -fcyclomatic-complexity -MMD -MP -MF"Core/Src/sysmem.d" -MT"Core/Src/sysmem.o" --specs=nano.specs -mfpu=fpv4-sp-d16 -mfloat-abi=hard -mthumb -o "Core/Src/sysmem.o"
arm-none-eabi-gcc "../Core/Src/system_stm32f4xx.c" -mcpu=cortex-m4 -std=gnu11 -g3 -DDEBUG -DUSE_HAL_DRIVER -DSTM32F446xx -c -I../Core/Inc -I../Drivers/STM32F4xx_HAL_Driver/Inc -I../Drivers/STM32F4xx_HAL_Driver/Inc/Legacy -I../Drivers/CMSIS/Device/ST/STM32F4xx/Include -I../Drivers/CMSIS/Include -I"/home/tomas1908/STM32CubeIDE/workspace_1.19.0/pdm/ej1_p3/Drivers/API/Inc" -I"/home/tomas1908/STM32CubeIDE/workspace_1.19.0/pdm/ej1_p3/Drivers/API/Src" -O0 -ffunction-sections -fdata-sections -Wall -fstack-usage -fcyclomatic-complexity -MMD -MP -MF"Core/Src/system_stm32f4xx.d" -MT"Core/Src/system_stm32f4xx.o" --specs=nano.specs -mfpu=fpv4-sp-d16 -mfloat-abi=hard -mthumb -o "Core/Src/system_stm32f4xx.o"
../Drivers/API/Src/API_delay.c: In function 'delayRead':
../Drivers/API/Src/API_delay.c:20:35: warning: implicit declaration of function 'HAL_GetTick' [-Wimplicit-function-declaration]
   20 |                 delay->startTime= HAL_GetTick();
      |                                   ^~~~~~~~~~~
arm-none-eabi-gcc -o "ej1_p3.elf" @"objects.list"   -mcpu=cortex-m4 -T"/home/tomas1908/STM32CubeIDE/workspace_1.19.0/pdm/ej1_p3/STM32F446RETX_FLASH.ld" --specs=nosys.specs -Wl,-Map="ej1_p3.map" -Wl,--gc-sections -static --specs=nano.specs -mfpu=fpv4-sp-d16 -mfloat-abi=hard -mthumb -Wl,--start-group -lc -lm -Wl,--end-group
Finished building target: ej1_p3.elf
 
arm-none-eabi-size  ej1_p3.elf 
arm-none-eabi-objdump -h -S ej1_p3.elf  > "ej1_p3.list"
   text	   data	    bss	    dec	    hex	filename
   6700	     12	   1572	   8284	   205c	ej1_p3.elf
Finished building: default.size.stdout
 
Finished building: ej1_p3.list
 
20:52:42 **** Incremental Build of configuration Debug for project ej1_p3 ****
make -j8 all 
arm-none-eabi-gcc "../Drivers/API/Src/API_delay.c" -mcpu=cortex-m4 -std=gnu11 -g3 -DDEBUG -DUSE_HAL_DRIVER -DSTM32F446xx -c -I../Core/Inc -I../Drivers/STM32F4xx_HAL_Driver/Inc -I../Drivers/STM32F4xx_HAL_Driver/Inc/Legacy -I../Drivers/CMSIS/Device/ST/STM32F4xx/Include -I../Drivers/CMSIS/Include -I"/home/tomas1908/STM32CubeIDE/workspace_1.19.0/pdm/ej1_p3/Drivers/API/Inc" -I"/home/tomas1908/STM32CubeIDE/workspace_1.19.0/pdm/ej1_p3/Drivers/API/Src" -O0 -ffunction-sections -fdata-sections -Wall -fstack-usage -fcyclomatic-complexity -MMD -MP -MF"Drivers/API/Src/API_delay.d" -MT"Drivers/API/Src/API_delay.o" --specs=nano.specs -mfpu=fpv4-sp-d16 -mfloat-abi=hard -mthumb -o "Drivers/API/Src/API_delay.o"
arm-none-eabi-gcc -o "ej1_p3.elf" @"objects.list"   -mcpu=cortex-m4 -T"/home/tomas1908/STM32CubeIDE/workspace_1.19.0/pdm/ej1_p3/STM32F446RETX_FLASH.ld" --specs=nosys.specs -Wl,-Map="ej1_p3.map" -Wl,--gc-sections -static --specs=nano.specs -mfpu=fpv4-sp-d16 -mfloat-abi=hard -mthumb -Wl,--start-group -lc -lm -Wl,--end-group
Finished building target: ej1_p3.elf
 
arm-none-eabi-size  ej1_p3.elf 
arm-none-eabi-objdump -h -S ej1_p3.elf  > "ej1_p3.list"
   text	   data	    bss	    dec	    hex	filename
   6696	     12	   1572	   8280	   2058	ej1_p3.elf
Finished building: default.size.stdout
 
Finished building: ej1_p3.list
 
20:53:13 **** Incremental Build of configuration Debug for project ej1_p3 ****
make -j8 all 
arm-none-eabi-gcc "../Drivers/API/Src/API_delay.c" -mcpu=cortex-m4 -std=gnu11 -g3 -DDEBUG -DUSE_HAL_DRIVER -DSTM32F446xx -c -I../Core/Inc -I../Drivers/STM32F4xx_HAL_Driver/Inc -I../Drivers/STM32F4xx_HAL_Driver/Inc/Legacy -I../Drivers/CMSIS/Device/ST/STM32F4xx/Include -I../Drivers/CMSIS/Include -I"/home/tomas1908/STM32CubeIDE/workspace_1.19.0/pdm/ej1_p3/Drivers/API/Inc" -I"/home/tomas1908/STM32CubeIDE/workspace_1.19.0/pdm/ej1_p3/Drivers/API/Src" -O0 -ffunction-sections -fdata-sections -Wall -fstack-usage -fcyclomatic-complexity -MMD -MP -MF"Drivers/API/Src/API_delay.d" -MT"Drivers/API/Src/API_delay.o" --specs=nano.specs -mfpu=fpv4-sp-d16 -mfloat-abi=hard -mthumb -o "Drivers/API/Src/API_delay.o"
arm-none-eabi-gcc -o "ej1_p3.elf" @"objects.list"   -mcpu=cortex-m4 -T"/home/tomas1908/STM32CubeIDE/workspace_1.19.0/pdm/ej1_p3/STM32F446RETX_FLASH.ld" --specs=nosys.specs -Wl,-Map="ej1_p3.map" -Wl,--gc-sections -static --specs=nano.specs -mfpu=fpv4-sp-d16 -mfloat-abi=hard -mthumb -Wl,--start-group -lc -lm -Wl,--end-group
Finished building target: ej1_p3.elf
 
arm-none-eabi-size  ej1_p3.elf 
arm-none-eabi-objdump -h -S ej1_p3.elf  > "ej1_p3.list"
   text	   data	    bss	    dec	    hex	filename
   6696	     12	   1572	   8280	   2058	ej1_p3.elf
Finished building: default.size.stdout
 
Finished building: ej1_p3.list
 
20:20:40 **** Build of configuration Debug for project ej2_p3 ****
make -j8 all 
arm-none-eabi-gcc "../Drivers/STM32F4xx_HAL_Driver/Src/stm32f4xx_hal.c" -mcpu=cortex-m4 -std=gnu11 -g3 -DDEBUG -DUSE_HAL_DRIVER -DSTM32F446xx -c -I../Core/Inc -I../Drivers/STM32F4xx_HAL_Driver/Inc -I../Drivers/STM32F4xx_HAL_Driver/Inc/Legacy -I../Drivers/CMSIS/Device/ST/STM32F4xx/Include -I../Drivers/CMSIS/Include -I"/home/tomas1908/STM32CubeIDE/workspace_1.19.0/pdm/ej2_p3/Drivers/API/Inc" -I"/home/tomas1908/STM32CubeIDE/workspace_1.19.0/pdm/ej2_p3/Drivers/API/Src" -O0 -ffunction-sections -fdata-sections -Wall -fstack-usage -fcyclomatic-complexity -MMD -MP -MF"Drivers/STM32F4xx_HAL_Driver/Src/stm32f4xx_hal.d" -MT"Drivers/STM32F4xx_HAL_Driver/Src/stm32f4xx_hal.o" --specs=nano.specs -mfpu=fpv4-sp-d16 -mfloat-abi=hard -mthumb -o "Drivers/STM32F4xx_HAL_Driver/Src/stm32f4xx_hal.o"
arm-none-eabi-gcc "../Drivers/STM32F4xx_HAL_Driver/Src/stm32f4xx_hal_cortex.c" -mcpu=cortex-m4 -std=gnu11 -g3 -DDEBUG -DUSE_HAL_DRIVER -DSTM32F446xx -c -I../Core/Inc -I../Drivers/STM32F4xx_HAL_Driver/Inc -I../Drivers/STM32F4xx_HAL_Driver/Inc/Legacy -I../Drivers/CMSIS/Device/ST/STM32F4xx/Include -I../Drivers/CMSIS/Include -I"/home/tomas1908/STM32CubeIDE/workspace_1.19.0/pdm/ej2_p3/Drivers/API/Inc" -I"/home/tomas1908/STM32CubeIDE/workspace_1.19.0/pdm/ej2_p3/Drivers/API/Src" -O0 -ffunction-sections -fdata-sections -Wall -fstack-usage -fcyclomatic-complexity -MMD -MP -MF"Drivers/STM32F4xx_HAL_Driver/Src/stm32f4xx_hal_cortex.d" -MT"Drivers/STM32F4xx_HAL_Driver/Src/stm32f4xx_hal_cortex.o" --specs=nano.specs -mfpu=fpv4-sp-d16 -mfloat-abi=hard -mthumb -o "Drivers/STM32F4xx_HAL_Driver/Src/stm32f4xx_hal_cortex.o"
arm-none-eabi-gcc "../Drivers/STM32F4xx_HAL_Driver/Src/stm32f4xx_hal_dma.c" -mcpu=cortex-m4 -std=gnu11 -g3 -DDEBUG -DUSE_HAL_DRIVER -DSTM32F446xx -c -I../Core/Inc -I../Drivers/STM32F4xx_HAL_Driver/Inc -I../Drivers/STM32F4xx_HAL_Driver/Inc/Legacy -I../Drivers/CMSIS/Device/ST/STM32F4xx/Include -I../Drivers/CMSIS/Include -I"/home/tomas1908/STM32CubeIDE/workspace_1.19.0/pdm/ej2_p3/Drivers/API/Inc" -I"/home/tomas1908/STM32CubeIDE/workspace_1.19.0/pdm/ej2_p3/Drivers/API/Src" -O0 -ffunction-sections -fdata-sections -Wall -fstack-usage -fcyclomatic-complexity -MMD -MP -MF"Drivers/STM32F4xx_HAL_Driver/Src/stm32f4xx_hal_dma.d" -MT"Drivers/STM32F4xx_HAL_Driver/Src/stm32f4xx_hal_dma.o" --specs=nano.specs -mfpu=fpv4-sp-d16 -mfloat-abi=hard -mthumb -o "Drivers/STM32F4xx_HAL_Driver/Src/stm32f4xx_hal_dma.o"
arm-none-eabi-gcc "../Drivers/STM32F4xx_HAL_Driver/Src/stm32f4xx_hal_dma_ex.c" -mcpu=cortex-m4 -std=gnu11 -g3 -DDEBUG -DUSE_HAL_DRIVER -DSTM32F446xx -c -I../Core/Inc -I../Drivers/STM32F4xx_HAL_Driver/Inc -I../Drivers/STM32F4xx_HAL_Driver/Inc/Legacy -I../Drivers/CMSIS/Device/ST/STM32F4xx/Include -I../Drivers/CMSIS/Include -I"/home/tomas1908/STM32CubeIDE/workspace_1.19.0/pdm/ej2_p3/Drivers/API/Inc" -I"/home/tomas1908/STM32CubeIDE/workspace_1.19.0/pdm/ej2_p3/Drivers/API/Src" -O0 -ffunction-sections -fdata-sections -Wall -fstack-usage -fcyclomatic-complexity -MMD -MP -MF"Drivers/STM32F4xx_HAL_Driver/Src/stm32f4xx_hal_dma_ex.d" -MT"Drivers/STM32F4xx_HAL_Driver/Src/stm32f4xx_hal_dma_ex.o" --specs=nano.specs -mfpu=fpv4-sp-d16 -mfloat-abi=hard -mthumb -o "Drivers/STM32F4xx_HAL_Driver/Src/stm32f4xx_hal_dma_ex.o"
arm-none-eabi-gcc "../Drivers/STM32F4xx_HAL_Driver/Src/stm32f4xx_hal_exti.c" -mcpu=cortex-m4 -std=gnu11 -g3 -DDEBUG -DUSE_HAL_DRIVER -DSTM32F446xx -c -I../Core/Inc -I../Drivers/STM32F4xx_HAL_Driver/Inc -I../Drivers/STM32F4xx_HAL_Driver/Inc/Legacy -I../Drivers/CMSIS/Device/ST/STM32F4xx/Include -I../Drivers/CMSIS/Include -I"/home/tomas1908/STM32CubeIDE/workspace_1.19.0/pdm/ej2_p3/Drivers/API/Inc" -I"/home/tomas1908/STM32CubeIDE/workspace_1.19.0/pdm/ej2_p3/Drivers/API/Src" -O0 -ffunction-sections -fdata-sections -Wall -fstack-usage -fcyclomatic-complexity -MMD -MP -MF"Drivers/STM32F4xx_HAL_Driver/Src/stm32f4xx_hal_exti.d" -MT"Drivers/STM32F4xx_HAL_Driver/Src/stm32f4xx_hal_exti.o" --specs=nano.specs -mfpu=fpv4-sp-d16 -mfloat-abi=hard -mthumb -o "Drivers/STM32F4xx_HAL_Driver/Src/stm32f4xx_hal_exti.o"
arm-none-eabi-gcc "../Drivers/STM32F4xx_HAL_Driver/Src/stm32f4xx_hal_flash.c" -mcpu=cortex-m4 -std=gnu11 -g3 -DDEBUG -DUSE_HAL_DRIVER -DSTM32F446xx -c -I../Core/Inc -I../Drivers/STM32F4xx_HAL_Driver/Inc -I../Drivers/STM32F4xx_HAL_Driver/Inc/Legacy -I../Drivers/CMSIS/Device/ST/STM32F4xx/Include -I../Drivers/CMSIS/Include -I"/home/tomas1908/STM32CubeIDE/workspace_1.19.0/pdm/ej2_p3/Drivers/API/Inc" -I"/home/tomas1908/STM32CubeIDE/workspace_1.19.0/pdm/ej2_p3/Drivers/API/Src" -O0 -ffunction-sections -fdata-sections -Wall -fstack-usage -fcyclomatic-complexity -MMD -MP -MF"Drivers/STM32F4xx_HAL_Driver/Src/stm32f4xx_hal_flash.d" -MT"Drivers/STM32F4xx_HAL_Driver/Src/stm32f4xx_hal_flash.o" --specs=nano.specs -mfpu=fpv4-sp-d16 -mfloat-abi=hard -mthumb -o "Drivers/STM32F4xx_HAL_Driver/Src/stm32f4xx_hal_flash.o"
arm-none-eabi-gcc "../Drivers/STM32F4xx_HAL_Driver/Src/stm32f4xx_hal_flash_ex.c" -mcpu=cortex-m4 -std=gnu11 -g3 -DDEBUG -DUSE_HAL_DRIVER -DSTM32F446xx -c -I../Core/Inc -I../Drivers/STM32F4xx_HAL_Driver/Inc -I../Drivers/STM32F4xx_HAL_Driver/Inc/Legacy -I../Drivers/CMSIS/Device/ST/STM32F4xx/Include -I../Drivers/CMSIS/Include -I"/home/tomas1908/STM32CubeIDE/workspace_1.19.0/pdm/ej2_p3/Drivers/API/Inc" -I"/home/tomas1908/STM32CubeIDE/workspace_1.19.0/pdm/ej2_p3/Drivers/API/Src" -O0 -ffunction-sections -fdata-sections -Wall -fstack-usage -fcyclomatic-complexity -MMD -MP -MF"Drivers/STM32F4xx_HAL_Driver/Src/stm32f4xx_hal_flash_ex.d" -MT"Drivers/STM32F4xx_HAL_Driver/Src/stm32f4xx_hal_flash_ex.o" --specs=nano.specs -mfpu=fpv4-sp-d16 -mfloat-abi=hard -mthumb -o "Drivers/STM32F4xx_HAL_Driver/Src/stm32f4xx_hal_flash_ex.o"
arm-none-eabi-gcc "../Drivers/STM32F4xx_HAL_Driver/Src/stm32f4xx_hal_flash_ramfunc.c" -mcpu=cortex-m4 -std=gnu11 -g3 -DDEBUG -DUSE_HAL_DRIVER -DSTM32F446xx -c -I../Core/Inc -I../Drivers/STM32F4xx_HAL_Driver/Inc -I../Drivers/STM32F4xx_HAL_Driver/Inc/Legacy -I../Drivers/CMSIS/Device/ST/STM32F4xx/Include -I../Drivers/CMSIS/Include -I"/home/tomas1908/STM32CubeIDE/workspace_1.19.0/pdm/ej2_p3/Drivers/API/Inc" -I"/home/tomas1908/STM32CubeIDE/workspace_1.19.0/pdm/ej2_p3/Drivers/API/Src" -O0 -ffunction-sections -fdata-sections -Wall -fstack-usage -fcyclomatic-complexity -MMD -MP -MF"Drivers/STM32F4xx_HAL_Driver/Src/stm32f4xx_hal_flash_ramfunc.d" -MT"Drivers/STM32F4xx_HAL_Driver/Src/stm32f4xx_hal_flash_ramfunc.o" --specs=nano.specs -mfpu=fpv4-sp-d16 -mfloat-abi=hard -mthumb -o "Drivers/STM32F4xx_HAL_Driver/Src/stm32f4xx_hal_flash_ramfunc.o"
arm-none-eabi-gcc "../Drivers/STM32F4xx_HAL_Driver/Src/stm32f4xx_hal_gpio.c" -mcpu=cortex-m4 -std=gnu11 -g3 -DDEBUG -DUSE_HAL_DRIVER -DSTM32F446xx -c -I../Core/Inc -I../Drivers/STM32F4xx_HAL_Driver/Inc -I../Drivers/STM32F4xx_HAL_Driver/Inc/Legacy -I../Drivers/CMSIS/Device/ST/STM32F4xx/Include -I../Drivers/CMSIS/Include -I"/home/tomas1908/STM32CubeIDE/workspace_1.19.0/pdm/ej2_p3/Drivers/API/Inc" -I"/home/tomas1908/STM32CubeIDE/workspace_1.19.0/pdm/ej2_p3/Drivers/API/Src" -O0 -ffunction-sections -fdata-sections -Wall -fstack-usage -fcyclomatic-complexity -MMD -MP -MF"Drivers/STM32F4xx_HAL_Driver/Src/stm32f4xx_hal_gpio.d" -MT"Drivers/STM32F4xx_HAL_Driver/Src/stm32f4xx_hal_gpio.o" --specs=nano.specs -mfpu=fpv4-sp-d16 -mfloat-abi=hard -mthumb -o "Drivers/STM32F4xx_HAL_Driver/Src/stm32f4xx_hal_gpio.o"
arm-none-eabi-gcc "../Drivers/STM32F4xx_HAL_Driver/Src/stm32f4xx_hal_pwr.c" -mcpu=cortex-m4 -std=gnu11 -g3 -DDEBUG -DUSE_HAL_DRIVER -DSTM32F446xx -c -I../Core/Inc -I../Drivers/STM32F4xx_HAL_Driver/Inc -I../Drivers/STM32F4xx_HAL_Driver/Inc/Legacy -I../Drivers/CMSIS/Device/ST/STM32F4xx/Include -I../Drivers/CMSIS/Include -I"/home/tomas1908/STM32CubeIDE/workspace_1.19.0/pdm/ej2_p3/Drivers/API/Inc" -I"/home/tomas1908/STM32CubeIDE/workspace_1.19.0/pdm/ej2_p3/Drivers/API/Src" -O0 -ffunction-sections -fdata-sections -Wall -fstack-usage -fcyclomatic-complexity -MMD -MP -MF"Drivers/STM32F4xx_HAL_Driver/Src/stm32f4xx_hal_pwr.d" -MT"Drivers/STM32F4xx_HAL_Driver/Src/stm32f4xx_hal_pwr.o" --specs=nano.specs -mfpu=fpv4-sp-d16 -mfloat-abi=hard -mthumb -o "Drivers/STM32F4xx_HAL_Driver/Src/stm32f4xx_hal_pwr.o"
arm-none-eabi-gcc "../Drivers/STM32F4xx_HAL_Driver/Src/stm32f4xx_hal_pwr_ex.c" -mcpu=cortex-m4 -std=gnu11 -g3 -DDEBUG -DUSE_HAL_DRIVER -DSTM32F446xx -c -I../Core/Inc -I../Drivers/STM32F4xx_HAL_Driver/Inc -I../Drivers/STM32F4xx_HAL_Driver/Inc/Legacy -I../Drivers/CMSIS/Device/ST/STM32F4xx/Include -I../Drivers/CMSIS/Include -I"/home/tomas1908/STM32CubeIDE/workspace_1.19.0/pdm/ej2_p3/Drivers/API/Inc" -I"/home/tomas1908/STM32CubeIDE/workspace_1.19.0/pdm/ej2_p3/Drivers/API/Src" -O0 -ffunction-sections -fdata-sections -Wall -fstack-usage -fcyclomatic-complexity -MMD -MP -MF"Drivers/STM32F4xx_HAL_Driver/Src/stm32f4xx_hal_pwr_ex.d" -MT"Drivers/STM32F4xx_HAL_Driver/Src/stm32f4xx_hal_pwr_ex.o" --specs=nano.specs -mfpu=fpv4-sp-d16 -mfloat-abi=hard -mthumb -o "Drivers/STM32F4xx_HAL_Driver/Src/stm32f4xx_hal_pwr_ex.o"
arm-none-eabi-gcc "../Drivers/STM32F4xx_HAL_Driver/Src/stm32f4xx_hal_rcc.c" -mcpu=cortex-m4 -std=gnu11 -g3 -DDEBUG -DUSE_HAL_DRIVER -DSTM32F446xx -c -I../Core/Inc -I../Drivers/STM32F4xx_HAL_Driver/Inc -I../Drivers/STM32F4xx_HAL_Driver/Inc/Legacy -I../Drivers/CMSIS/Device/ST/STM32F4xx/Include -I../Drivers/CMSIS/Include -I"/home/tomas1908/STM32CubeIDE/workspace_1.19.0/pdm/ej2_p3/Drivers/API/Inc" -I"/home/tomas1908/STM32CubeIDE/workspace_1.19.0/pdm/ej2_p3/Drivers/API/Src" -O0 -ffunction-sections -fdata-sections -Wall -fstack-usage -fcyclomatic-complexity -MMD -MP -MF"Drivers/STM32F4xx_HAL_Driver/Src/stm32f4xx_hal_rcc.d" -MT"Drivers/STM32F4xx_HAL_Driver/Src/stm32f4xx_hal_rcc.o" --specs=nano.specs -mfpu=fpv4-sp-d16 -mfloat-abi=hard -mthumb -o "Drivers/STM32F4xx_HAL_Driver/Src/stm32f4xx_hal_rcc.o"
arm-none-eabi-gcc "../Drivers/STM32F4xx_HAL_Driver/Src/stm32f4xx_hal_rcc_ex.c" -mcpu=cortex-m4 -std=gnu11 -g3 -DDEBUG -DUSE_HAL_DRIVER -DSTM32F446xx -c -I../Core/Inc -I../Drivers/STM32F4xx_HAL_Driver/Inc -I../Drivers/STM32F4xx_HAL_Driver/Inc/Legacy -I../Drivers/CMSIS/Device/ST/STM32F4xx/Include -I../Drivers/CMSIS/Include -I"/home/tomas1908/STM32CubeIDE/workspace_1.19.0/pdm/ej2_p3/Drivers/API/Inc" -I"/home/tomas1908/STM32CubeIDE/workspace_1.19.0/pdm/ej2_p3/Drivers/API/Src" -O0 -ffunction-sections -fdata-sections -Wall -fstack-usage -fcyclomatic-complexity -MMD -MP -MF"Drivers/STM32F4xx_HAL_Driver/Src/stm32f4xx_hal_rcc_ex.d" -MT"Drivers/STM32F4xx_HAL_Driver/Src/stm32f4xx_hal_rcc_ex.o" --specs=nano.specs -mfpu=fpv4-sp-d16 -mfloat-abi=hard -mthumb -o "Drivers/STM32F4xx_HAL_Driver/Src/stm32f4xx_hal_rcc_ex.o"
arm-none-eabi-gcc "../Drivers/API/Src/API_delay.c" -mcpu=cortex-m4 -std=gnu11 -g3 -DDEBUG -DUSE_HAL_DRIVER -DSTM32F446xx -c -I../Core/Inc -I../Drivers/STM32F4xx_HAL_Driver/Inc -I../Drivers/STM32F4xx_HAL_Driver/Inc/Legacy -I../Drivers/CMSIS/Device/ST/STM32F4xx/Include -I../Drivers/CMSIS/Include -I"/home/tomas1908/STM32CubeIDE/workspace_1.19.0/pdm/ej2_p3/Drivers/API/Inc" -I"/home/tomas1908/STM32CubeIDE/workspace_1.19.0/pdm/ej2_p3/Drivers/API/Src" -O0 -ffunction-sections -fdata-sections -Wall -fstack-usage -fcyclomatic-complexity -MMD -MP -MF"Drivers/API/Src/API_delay.d" -MT"Drivers/API/Src/API_delay.o" --specs=nano.specs -mfpu=fpv4-sp-d16 -mfloat-abi=hard -mthumb -o "Drivers/API/Src/API_delay.o"
arm-none-eabi-gcc -mcpu=cortex-m4 -g3 -DDEBUG -c -I"/home/tomas1908/STM32CubeIDE/workspace_1.19.0/pdm/ej2_p3/Drivers/API/Inc" -I"/home/tomas1908/STM32CubeIDE/workspace_1.19.0/pdm/ej2_p3/Drivers/API/Src" -x assembler-with-cpp -MMD -MP -MF"Core/Startup/startup_stm32f446retx.d" -MT"Core/Startup/startup_stm32f446retx.o" --specs=nano.specs -mfpu=fpv4-sp-d16 -mfloat-abi=hard -mthumb -o "Core/Startup/startup_stm32f446retx.o" "../Core/Startup/startup_stm32f446retx.s"
arm-none-eabi-gcc "../Core/Src/main.c" -mcpu=cortex-m4 -std=gnu11 -g3 -DDEBUG -DUSE_HAL_DRIVER -DSTM32F446xx -c -I../Core/Inc -I../Drivers/STM32F4xx_HAL_Driver/Inc -I../Drivers/STM32F4xx_HAL_Driver/Inc/Legacy -I../Drivers/CMSIS/Device/ST/STM32F4xx/Include -I../Drivers/CMSIS/Include -I"/home/tomas1908/STM32CubeIDE/workspace_1.19.0/pdm/ej2_p3/Drivers/API/Inc" -I"/home/tomas1908/STM32CubeIDE/workspace_1.19.0/pdm/ej2_p3/Drivers/API/Src" -O0 -ffunction-sections -fdata-sections -Wall -fstack-usage -fcyclomatic-complexity -MMD -MP -MF"Core/Src/main.d" -MT"Core/Src/main.o" --specs=nano.specs -mfpu=fpv4-sp-d16 -mfloat-abi=hard -mthumb -o "Core/Src/main.o"
arm-none-eabi-gcc "../Core/Src/stm32f4xx_hal_msp.c" -mcpu=cortex-m4 -std=gnu11 -g3 -DDEBUG -DUSE_HAL_DRIVER -DSTM32F446xx -c -I../Core/Inc -I../Drivers/STM32F4xx_HAL_Driver/Inc -I../Drivers/STM32F4xx_HAL_Driver/Inc/Legacy -I../Drivers/CMSIS/Device/ST/STM32F4xx/Include -I../Drivers/CMSIS/Include -I"/home/tomas1908/STM32CubeIDE/workspace_1.19.0/pdm/ej2_p3/Drivers/API/Inc" -I"/home/tomas1908/STM32CubeIDE/workspace_1.19.0/pdm/ej2_p3/Drivers/API/Src" -O0 -ffunction-sections -fdata-sections -Wall -fstack-usage -fcyclomatic-complexity -MMD -MP -MF"Core/Src/stm32f4xx_hal_msp.d" -MT"Core/Src/stm32f4xx_hal_msp.o" --specs=nano.specs -mfpu=fpv4-sp-d16 -mfloat-abi=hard -mthumb -o "Core/Src/stm32f4xx_hal_msp.o"
arm-none-eabi-gcc "../Core/Src/stm32f4xx_it.c" -mcpu=cortex-m4 -std=gnu11 -g3 -DDEBUG -DUSE_HAL_DRIVER -DSTM32F446xx -c -I../Core/Inc -I../Drivers/STM32F4xx_HAL_Driver/Inc -I../Drivers/STM32F4xx_HAL_Driver/Inc/Legacy -I../Drivers/CMSIS/Device/ST/STM32F4xx/Include -I../Drivers/CMSIS/Include -I"/home/tomas1908/STM32CubeIDE/workspace_1.19.0/pdm/ej2_p3/Drivers/API/Inc" -I"/home/tomas1908/STM32CubeIDE/workspace_1.19.0/pdm/ej2_p3/Drivers/API/Src" -O0 -ffunction-sections -fdata-sections -Wall -fstack-usage -fcyclomatic-complexity -MMD -MP -MF"Core/Src/stm32f4xx_it.d" -MT"Core/Src/stm32f4xx_it.o" --specs=nano.specs -mfpu=fpv4-sp-d16 -mfloat-abi=hard -mthumb -o "Core/Src/stm32f4xx_it.o"
arm-none-eabi-gcc "../Core/Src/syscalls.c" -mcpu=cortex-m4 -std=gnu11 -g3 -DDEBUG -DUSE_HAL_DRIVER -DSTM32F446xx -c -I../Core/Inc -I../Drivers/STM32F4xx_HAL_Driver/Inc -I../Drivers/STM32F4xx_HAL_Driver/Inc/Legacy -I../Drivers/CMSIS/Device/ST/STM32F4xx/Include -I../Drivers/CMSIS/Include -I"/home/tomas1908/STM32CubeIDE/workspace_1.19.0/pdm/ej2_p3/Drivers/API/Inc" -I"/home/tomas1908/STM32CubeIDE/workspace_1.19.0/pdm/ej2_p3/Drivers/API/Src" -O0 -ffunction-sections -fdata-sections -Wall -fstack-usage -fcyclomatic-complexity -MMD -MP -MF"Core/Src/syscalls.d" -MT"Core/Src/syscalls.o" --specs=nano.specs -mfpu=fpv4-sp-d16 -mfloat-abi=hard -mthumb -o "Core/Src/syscalls.o"
arm-none-eabi-gcc "../Core/Src/sysmem.c" -mcpu=cortex-m4 -std=gnu11 -g3 -DDEBUG -DUSE_HAL_DRIVER -DSTM32F446xx -c -I../Core/Inc -I../Drivers/STM32F4xx_HAL_Driver/Inc -I../Drivers/STM32F4xx_HAL_Driver/Inc/Legacy -I../Drivers/CMSIS/Device/ST/STM32F4xx/Include -I../Drivers/CMSIS/Include -I"/home/tomas1908/STM32CubeIDE/workspace_1.19.0/pdm/ej2_p3/Drivers/API/Inc" -I"/home/tomas1908/STM32CubeIDE/workspace_1.19.0/pdm/ej2_p3/Drivers/API/Src" -O0 -ffunction-sections -fdata-sections -Wall -fstack-usage -fcyclomatic-complexity -MMD -MP -MF"Core/Src/sysmem.d" -MT"Core/Src/sysmem.o" --specs=nano.specs -mfpu=fpv4-sp-d16 -mfloat-abi=hard -mthumb -o "Core/Src/sysmem.o"
arm-none-eabi-gcc "../Core/Src/system_stm32f4xx.c" -mcpu=cortex-m4 -std=gnu11 -g3 -DDEBUG -DUSE_HAL_DRIVER -DSTM32F446xx -c -I../Core/Inc -I../Drivers/STM32F4xx_HAL_Driver/Inc -I../Drivers/STM32F4xx_HAL_Driver/Inc/Legacy -I../Drivers/CMSIS/Device/ST/STM32F4xx/Include -I../Drivers/CMSIS/Include -I"/home/tomas1908/STM32CubeIDE/workspace_1.19.0/pdm/ej2_p3/Drivers/API/Inc" -I"/home/tomas1908/STM32CubeIDE/workspace_1.19.0/pdm/ej2_p3/Drivers/API/Src" -O0 -ffunction-sections -fdata-sections -Wall -fstack-usage -fcyclomatic-complexity -MMD -MP -MF"Core/Src/system_stm32f4xx.d" -MT"Core/Src/system_stm32f4xx.o" --specs=nano.specs -mfpu=fpv4-sp-d16 -mfloat-abi=hard -mthumb -o "Core/Src/system_stm32f4xx.o"
arm-none-eabi-gcc -o "ej2_p3.elf" @"objects.list"   -mcpu=cortex-m4 -T"/home/tomas1908/STM32CubeIDE/workspace_1.19.0/pdm/ej2_p3/STM32F446RETX_FLASH.ld" --specs=nosys.specs -Wl,-Map="ej2_p3.map" -Wl,--gc-sections -static --specs=nano.specs -mfpu=fpv4-sp-d16 -mfloat-abi=hard -mthumb -Wl,--start-group -lc -lm -Wl,--end-group
Finished building target: ej2_p3.elf
 
arm-none-eabi-size  ej2_p3.elf 
arm-none-eabi-objdump -h -S ej2_p3.elf  > "ej2_p3.list"
   text	   data	    bss	    dec	    hex	filename
   6696	     12	   1572	   8280	   2058	ej2_p3.elf
Finished building: default.size.stdout
 
Finished building: ej2_p3.list
 
20:47:52 **** Incremental Build of configuration Debug for project ej2_p3 ****
make -j8 all 
arm-none-eabi-gcc "../Drivers/API/Src/API_delay.c" -mcpu=cortex-m4 -std=gnu11 -g3 -DDEBUG -DUSE_HAL_DRIVER -DSTM32F446xx -c -I../Core/Inc -I../Drivers/STM32F4xx_HAL_Driver/Inc -I../Drivers/STM32F4xx_HAL_Driver/Inc/Legacy -I../Drivers/CMSIS/Device/ST/STM32F4xx/Include -I../Drivers/CMSIS/Include -I"/home/tomas1908/STM32CubeIDE/workspace_1.19.0/pdm/ej2_p3/Drivers/API/Inc" -I"/home/tomas1908/STM32CubeIDE/workspace_1.19.0/pdm/ej2_p3/Drivers/API/Src" -O0 -ffunction-sections -fdata-sections -Wall -fstack-usage -fcyclomatic-complexity -MMD -MP -MF"Drivers/API/Src/API_delay.d" -MT"Drivers/API/Src/API_delay.o" --specs=nano.specs -mfpu=fpv4-sp-d16 -mfloat-abi=hard -mthumb -o "Drivers/API/Src/API_delay.o"
arm-none-eabi-gcc "../Core/Src/main.c" -mcpu=cortex-m4 -std=gnu11 -g3 -DDEBUG -DUSE_HAL_DRIVER -DSTM32F446xx -c -I../Core/Inc -I../Drivers/STM32F4xx_HAL_Driver/Inc -I../Drivers/STM32F4xx_HAL_Driver/Inc/Legacy -I../Drivers/CMSIS/Device/ST/STM32F4xx/Include -I../Drivers/CMSIS/Include -I"/home/tomas1908/STM32CubeIDE/workspace_1.19.0/pdm/ej2_p3/Drivers/API/Inc" -I"/home/tomas1908/STM32CubeIDE/workspace_1.19.0/pdm/ej2_p3/Drivers/API/Src" -O0 -ffunction-sections -fdata-sections -Wall -fstack-usage -fcyclomatic-complexity -MMD -MP -MF"Core/Src/main.d" -MT"Core/Src/main.o" --specs=nano.specs -mfpu=fpv4-sp-d16 -mfloat-abi=hard -mthumb -o "Core/Src/main.o"
../Core/Src/main.c: In function 'main':
../Core/Src/main.c:115:37: error: lvalue required as left operand of assignment
  115 |                          (i<4)?i=i:i=0;         //Si llegue al final vuelvo a arrancar
      |                                     ^
make: *** [Core/Src/subdir.mk:34: Core/Src/main.o] Error 1
make: *** Waiting for unfinished jobs....
"make -j8 all" terminated with exit code 2. Build might be incomplete.
20:47:57 **** Incremental Build of configuration Debug for project ej2_p3 ****
make -j8 all 
arm-none-eabi-gcc "../Core/Src/main.c" -mcpu=cortex-m4 -std=gnu11 -g3 -DDEBUG -DUSE_HAL_DRIVER -DSTM32F446xx -c -I../Core/Inc -I../Drivers/STM32F4xx_HAL_Driver/Inc -I../Drivers/STM32F4xx_HAL_Driver/Inc/Legacy -I../Drivers/CMSIS/Device/ST/STM32F4xx/Include -I../Drivers/CMSIS/Include -I"/home/tomas1908/STM32CubeIDE/workspace_1.19.0/pdm/ej2_p3/Drivers/API/Inc" -I"/home/tomas1908/STM32CubeIDE/workspace_1.19.0/pdm/ej2_p3/Drivers/API/Src" -O0 -ffunction-sections -fdata-sections -Wall -fstack-usage -fcyclomatic-complexity -MMD -MP -MF"Core/Src/main.d" -MT"Core/Src/main.o" --specs=nano.specs -mfpu=fpv4-sp-d16 -mfloat-abi=hard -mthumb -o "Core/Src/main.o"
../Core/Src/main.c: In function 'main':
../Core/Src/main.c:115:37: error: lvalue required as left operand of assignment
  115 |                          (i<4)?i=i:i=0;         //Si llegue al final vuelvo a arrancar
      |                                     ^
make: *** [Core/Src/subdir.mk:34: Core/Src/main.o] Error 1
"make -j8 all" terminated with exit code 2. Build might be incomplete.
20:48:29 **** Incremental Build of configuration Debug for project ej2_p3 ****
make -j8 all 
arm-none-eabi-gcc "../Core/Src/main.c" -mcpu=cortex-m4 -std=gnu11 -g3 -DDEBUG -DUSE_HAL_DRIVER -DSTM32F446xx -c -I../Core/Inc -I../Drivers/STM32F4xx_HAL_Driver/Inc -I../Drivers/STM32F4xx_HAL_Driver/Inc/Legacy -I../Drivers/CMSIS/Device/ST/STM32F4xx/Include -I../Drivers/CMSIS/Include -I"/home/tomas1908/STM32CubeIDE/workspace_1.19.0/pdm/ej2_p3/Drivers/API/Inc" -I"/home/tomas1908/STM32CubeIDE/workspace_1.19.0/pdm/ej2_p3/Drivers/API/Src" -O0 -ffunction-sections -fdata-sections -Wall -fstack-usage -fcyclomatic-complexity -MMD -MP -MF"Core/Src/main.d" -MT"Core/Src/main.o" --specs=nano.specs -mfpu=fpv4-sp-d16 -mfloat-abi=hard -mthumb -o "Core/Src/main.o"
arm-none-eabi-gcc -o "ej2_p3.elf" @"objects.list"   -mcpu=cortex-m4 -T"/home/tomas1908/STM32CubeIDE/workspace_1.19.0/pdm/ej2_p3/STM32F446RETX_FLASH.ld" --specs=nosys.specs -Wl,-Map="ej2_p3.map" -Wl,--gc-sections -static --specs=nano.specs -mfpu=fpv4-sp-d16 -mfloat-abi=hard -mthumb -Wl,--start-group -lc -lm -Wl,--end-group
Finished building target: ej2_p3.elf
 
arm-none-eabi-size  ej2_p3.elf 
arm-none-eabi-objdump -h -S ej2_p3.elf  > "ej2_p3.list"
   text	   data	    bss	    dec	    hex	filename
   6744	     12	   1572	   8328	   2088	ej2_p3.elf
Finished building: default.size.stdout
 
Finished building: ej2_p3.list
 
20:49:25 **** Incremental Build of configuration Debug for project ej2_p3 ****
make -j8 all 
arm-none-eabi-gcc "../Core/Src/main.c" -mcpu=cortex-m4 -std=gnu11 -g3 -DDEBUG -DUSE_HAL_DRIVER -DSTM32F446xx -c -I../Core/Inc -I../Drivers/STM32F4xx_HAL_Driver/Inc -I../Drivers/STM32F4xx_HAL_Driver/Inc/Legacy -I../Drivers/CMSIS/Device/ST/STM32F4xx/Include -I../Drivers/CMSIS/Include -I"/home/tomas1908/STM32CubeIDE/workspace_1.19.0/pdm/ej2_p3/Drivers/API/Inc" -I"/home/tomas1908/STM32CubeIDE/workspace_1.19.0/pdm/ej2_p3/Drivers/API/Src" -O0 -ffunction-sections -fdata-sections -Wall -fstack-usage -fcyclomatic-complexity -MMD -MP -MF"Core/Src/main.d" -MT"Core/Src/main.o" --specs=nano.specs -mfpu=fpv4-sp-d16 -mfloat-abi=hard -mthumb -o "Core/Src/main.o"
arm-none-eabi-gcc -o "ej2_p3.elf" @"objects.list"   -mcpu=cortex-m4 -T"/home/tomas1908/STM32CubeIDE/workspace_1.19.0/pdm/ej2_p3/STM32F446RETX_FLASH.ld" --specs=nosys.specs -Wl,-Map="ej2_p3.map" -Wl,--gc-sections -static --specs=nano.specs -mfpu=fpv4-sp-d16 -mfloat-abi=hard -mthumb -Wl,--start-group -lc -lm -Wl,--end-group
Finished building target: ej2_p3.elf
 
arm-none-eabi-size  ej2_p3.elf 
   text	   data	    bss	    dec	    hex	filename
   6744	     12	   1572	   8328	   2088	ej2_p3.elf
arm-none-eabi-objdump -h -S ej2_p3.elf  > "ej2_p3.list"
Finished building: default.size.stdout
 
Finished building: ej2_p3.list
 
21:03:04 **** Incremental Build of configuration Debug for project ej2_p3 ****
make -j8 all 
arm-none-eabi-gcc "../Drivers/API/Src/API_delay.c" -mcpu=cortex-m4 -std=gnu11 -g3 -DDEBUG -DUSE_HAL_DRIVER -DSTM32F446xx -c -I../Core/Inc -I../Drivers/STM32F4xx_HAL_Driver/Inc -I../Drivers/STM32F4xx_HAL_Driver/Inc/Legacy -I../Drivers/CMSIS/Device/ST/STM32F4xx/Include -I../Drivers/CMSIS/Include -I"/home/tomas1908/STM32CubeIDE/workspace_1.19.0/pdm/ej2_p3/Drivers/API/Inc" -I"/home/tomas1908/STM32CubeIDE/workspace_1.19.0/pdm/ej2_p3/Drivers/API/Src" -O0 -ffunction-sections -fdata-sections -Wall -fstack-usage -fcyclomatic-complexity -MMD -MP -MF"Drivers/API/Src/API_delay.d" -MT"Drivers/API/Src/API_delay.o" --specs=nano.specs -mfpu=fpv4-sp-d16 -mfloat-abi=hard -mthumb -o "Drivers/API/Src/API_delay.o"
arm-none-eabi-gcc "../Core/Src/main.c" -mcpu=cortex-m4 -std=gnu11 -g3 -DDEBUG -DUSE_HAL_DRIVER -DSTM32F446xx -c -I../Core/Inc -I../Drivers/STM32F4xx_HAL_Driver/Inc -I../Drivers/STM32F4xx_HAL_Driver/Inc/Legacy -I../Drivers/CMSIS/Device/ST/STM32F4xx/Include -I../Drivers/CMSIS/Include -I"/home/tomas1908/STM32CubeIDE/workspace_1.19.0/pdm/ej2_p3/Drivers/API/Inc" -I"/home/tomas1908/STM32CubeIDE/workspace_1.19.0/pdm/ej2_p3/Drivers/API/Src" -O0 -ffunction-sections -fdata-sections -Wall -fstack-usage -fcyclomatic-complexity -MMD -MP -MF"Core/Src/main.d" -MT"Core/Src/main.o" --specs=nano.specs -mfpu=fpv4-sp-d16 -mfloat-abi=hard -mthumb -o "Core/Src/main.o"
arm-none-eabi-gcc "../Core/Src/stm32f4xx_hal_msp.c" -mcpu=cortex-m4 -std=gnu11 -g3 -DDEBUG -DUSE_HAL_DRIVER -DSTM32F446xx -c -I../Core/Inc -I../Drivers/STM32F4xx_HAL_Driver/Inc -I../Drivers/STM32F4xx_HAL_Driver/Inc/Legacy -I../Drivers/CMSIS/Device/ST/STM32F4xx/Include -I../Drivers/CMSIS/Include -I"/home/tomas1908/STM32CubeIDE/workspace_1.19.0/pdm/ej2_p3/Drivers/API/Inc" -I"/home/tomas1908/STM32CubeIDE/workspace_1.19.0/pdm/ej2_p3/Drivers/API/Src" -O0 -ffunction-sections -fdata-sections -Wall -fstack-usage -fcyclomatic-complexity -MMD -MP -MF"Core/Src/stm32f4xx_hal_msp.d" -MT"Core/Src/stm32f4xx_hal_msp.o" --specs=nano.specs -mfpu=fpv4-sp-d16 -mfloat-abi=hard -mthumb -o "Core/Src/stm32f4xx_hal_msp.o"
arm-none-eabi-gcc "../Core/Src/stm32f4xx_it.c" -mcpu=cortex-m4 -std=gnu11 -g3 -DDEBUG -DUSE_HAL_DRIVER -DSTM32F446xx -c -I../Core/Inc -I../Drivers/STM32F4xx_HAL_Driver/Inc -I../Drivers/STM32F4xx_HAL_Driver/Inc/Legacy -I../Drivers/CMSIS/Device/ST/STM32F4xx/Include -I../Drivers/CMSIS/Include -I"/home/tomas1908/STM32CubeIDE/workspace_1.19.0/pdm/ej2_p3/Drivers/API/Inc" -I"/home/tomas1908/STM32CubeIDE/workspace_1.19.0/pdm/ej2_p3/Drivers/API/Src" -O0 -ffunction-sections -fdata-sections -Wall -fstack-usage -fcyclomatic-complexity -MMD -MP -MF"Core/Src/stm32f4xx_it.d" -MT"Core/Src/stm32f4xx_it.o" --specs=nano.specs -mfpu=fpv4-sp-d16 -mfloat-abi=hard -mthumb -o "Core/Src/stm32f4xx_it.o"
arm-none-eabi-gcc -o "ej2_p3.elf" @"objects.list"   -mcpu=cortex-m4 -T"/home/tomas1908/STM32CubeIDE/workspace_1.19.0/pdm/ej2_p3/STM32F446RETX_FLASH.ld" --specs=nosys.specs -Wl,-Map="ej2_p3.map" -Wl,--gc-sections -static --specs=nano.specs -mfpu=fpv4-sp-d16 -mfloat-abi=hard -mthumb -Wl,--start-group -lc -lm -Wl,--end-group
Finished building target: ej2_p3.elf
 
arm-none-eabi-size  ej2_p3.elf 
arm-none-eabi-objdump -h -S ej2_p3.elf  > "ej2_p3.list"
   text	   data	    bss	    dec	    hex	filename
   6744	     12	   1572	   8328	   2088	ej2_p3.elf
Finished building: default.size.stdout
 
Finished building: ej2_p3.list
 
21:06:28 **** Build of configuration Debug for project ej3_p3 ****
make -j8 all 
arm-none-eabi-gcc "../Drivers/STM32F4xx_HAL_Driver/Src/stm32f4xx_hal.c" -mcpu=cortex-m4 -std=gnu11 -g3 -DDEBUG -DUSE_HAL_DRIVER -DSTM32F446xx -c -I../Core/Inc -I../Drivers/STM32F4xx_HAL_Driver/Inc -I../Drivers/STM32F4xx_HAL_Driver/Inc/Legacy -I../Drivers/CMSIS/Device/ST/STM32F4xx/Include -I../Drivers/CMSIS/Include -I"/home/tomas1908/STM32CubeIDE/workspace_1.19.0/pdm/ej3_p3/Drivers/API/Inc" -I"/home/tomas1908/STM32CubeIDE/workspace_1.19.0/pdm/ej3_p3/Drivers/API/Src" -O0 -ffunction-sections -fdata-sections -Wall -fstack-usage -fcyclomatic-complexity -MMD -MP -MF"Drivers/STM32F4xx_HAL_Driver/Src/stm32f4xx_hal.d" -MT"Drivers/STM32F4xx_HAL_Driver/Src/stm32f4xx_hal.o" --specs=nano.specs -mfpu=fpv4-sp-d16 -mfloat-abi=hard -mthumb -o "Drivers/STM32F4xx_HAL_Driver/Src/stm32f4xx_hal.o"
arm-none-eabi-gcc "../Drivers/STM32F4xx_HAL_Driver/Src/stm32f4xx_hal_cortex.c" -mcpu=cortex-m4 -std=gnu11 -g3 -DDEBUG -DUSE_HAL_DRIVER -DSTM32F446xx -c -I../Core/Inc -I../Drivers/STM32F4xx_HAL_Driver/Inc -I../Drivers/STM32F4xx_HAL_Driver/Inc/Legacy -I../Drivers/CMSIS/Device/ST/STM32F4xx/Include -I../Drivers/CMSIS/Include -I"/home/tomas1908/STM32CubeIDE/workspace_1.19.0/pdm/ej3_p3/Drivers/API/Inc" -I"/home/tomas1908/STM32CubeIDE/workspace_1.19.0/pdm/ej3_p3/Drivers/API/Src" -O0 -ffunction-sections -fdata-sections -Wall -fstack-usage -fcyclomatic-complexity -MMD -MP -MF"Drivers/STM32F4xx_HAL_Driver/Src/stm32f4xx_hal_cortex.d" -MT"Drivers/STM32F4xx_HAL_Driver/Src/stm32f4xx_hal_cortex.o" --specs=nano.specs -mfpu=fpv4-sp-d16 -mfloat-abi=hard -mthumb -o "Drivers/STM32F4xx_HAL_Driver/Src/stm32f4xx_hal_cortex.o"
arm-none-eabi-gcc "../Drivers/STM32F4xx_HAL_Driver/Src/stm32f4xx_hal_dma.c" -mcpu=cortex-m4 -std=gnu11 -g3 -DDEBUG -DUSE_HAL_DRIVER -DSTM32F446xx -c -I../Core/Inc -I../Drivers/STM32F4xx_HAL_Driver/Inc -I../Drivers/STM32F4xx_HAL_Driver/Inc/Legacy -I../Drivers/CMSIS/Device/ST/STM32F4xx/Include -I../Drivers/CMSIS/Include -I"/home/tomas1908/STM32CubeIDE/workspace_1.19.0/pdm/ej3_p3/Drivers/API/Inc" -I"/home/tomas1908/STM32CubeIDE/workspace_1.19.0/pdm/ej3_p3/Drivers/API/Src" -O0 -ffunction-sections -fdata-sections -Wall -fstack-usage -fcyclomatic-complexity -MMD -MP -MF"Drivers/STM32F4xx_HAL_Driver/Src/stm32f4xx_hal_dma.d" -MT"Drivers/STM32F4xx_HAL_Driver/Src/stm32f4xx_hal_dma.o" --specs=nano.specs -mfpu=fpv4-sp-d16 -mfloat-abi=hard -mthumb -o "Drivers/STM32F4xx_HAL_Driver/Src/stm32f4xx_hal_dma.o"
arm-none-eabi-gcc "../Drivers/STM32F4xx_HAL_Driver/Src/stm32f4xx_hal_dma_ex.c" -mcpu=cortex-m4 -std=gnu11 -g3 -DDEBUG -DUSE_HAL_DRIVER -DSTM32F446xx -c -I../Core/Inc -I../Drivers/STM32F4xx_HAL_Driver/Inc -I../Drivers/STM32F4xx_HAL_Driver/Inc/Legacy -I../Drivers/CMSIS/Device/ST/STM32F4xx/Include -I../Drivers/CMSIS/Include -I"/home/tomas1908/STM32CubeIDE/workspace_1.19.0/pdm/ej3_p3/Drivers/API/Inc" -I"/home/tomas1908/STM32CubeIDE/workspace_1.19.0/pdm/ej3_p3/Drivers/API/Src" -O0 -ffunction-sections -fdata-sections -Wall -fstack-usage -fcyclomatic-complexity -MMD -MP -MF"Drivers/STM32F4xx_HAL_Driver/Src/stm32f4xx_hal_dma_ex.d" -MT"Drivers/STM32F4xx_HAL_Driver/Src/stm32f4xx_hal_dma_ex.o" --specs=nano.specs -mfpu=fpv4-sp-d16 -mfloat-abi=hard -mthumb -o "Drivers/STM32F4xx_HAL_Driver/Src/stm32f4xx_hal_dma_ex.o"
arm-none-eabi-gcc "../Drivers/STM32F4xx_HAL_Driver/Src/stm32f4xx_hal_exti.c" -mcpu=cortex-m4 -std=gnu11 -g3 -DDEBUG -DUSE_HAL_DRIVER -DSTM32F446xx -c -I../Core/Inc -I../Drivers/STM32F4xx_HAL_Driver/Inc -I../Drivers/STM32F4xx_HAL_Driver/Inc/Legacy -I../Drivers/CMSIS/Device/ST/STM32F4xx/Include -I../Drivers/CMSIS/Include -I"/home/tomas1908/STM32CubeIDE/workspace_1.19.0/pdm/ej3_p3/Drivers/API/Inc" -I"/home/tomas1908/STM32CubeIDE/workspace_1.19.0/pdm/ej3_p3/Drivers/API/Src" -O0 -ffunction-sections -fdata-sections -Wall -fstack-usage -fcyclomatic-complexity -MMD -MP -MF"Drivers/STM32F4xx_HAL_Driver/Src/stm32f4xx_hal_exti.d" -MT"Drivers/STM32F4xx_HAL_Driver/Src/stm32f4xx_hal_exti.o" --specs=nano.specs -mfpu=fpv4-sp-d16 -mfloat-abi=hard -mthumb -o "Drivers/STM32F4xx_HAL_Driver/Src/stm32f4xx_hal_exti.o"
arm-none-eabi-gcc "../Drivers/STM32F4xx_HAL_Driver/Src/stm32f4xx_hal_flash.c" -mcpu=cortex-m4 -std=gnu11 -g3 -DDEBUG -DUSE_HAL_DRIVER -DSTM32F446xx -c -I../Core/Inc -I../Drivers/STM32F4xx_HAL_Driver/Inc -I../Drivers/STM32F4xx_HAL_Driver/Inc/Legacy -I../Drivers/CMSIS/Device/ST/STM32F4xx/Include -I../Drivers/CMSIS/Include -I"/home/tomas1908/STM32CubeIDE/workspace_1.19.0/pdm/ej3_p3/Drivers/API/Inc" -I"/home/tomas1908/STM32CubeIDE/workspace_1.19.0/pdm/ej3_p3/Drivers/API/Src" -O0 -ffunction-sections -fdata-sections -Wall -fstack-usage -fcyclomatic-complexity -MMD -MP -MF"Drivers/STM32F4xx_HAL_Driver/Src/stm32f4xx_hal_flash.d" -MT"Drivers/STM32F4xx_HAL_Driver/Src/stm32f4xx_hal_flash.o" --specs=nano.specs -mfpu=fpv4-sp-d16 -mfloat-abi=hard -mthumb -o "Drivers/STM32F4xx_HAL_Driver/Src/stm32f4xx_hal_flash.o"
arm-none-eabi-gcc "../Drivers/STM32F4xx_HAL_Driver/Src/stm32f4xx_hal_flash_ex.c" -mcpu=cortex-m4 -std=gnu11 -g3 -DDEBUG -DUSE_HAL_DRIVER -DSTM32F446xx -c -I../Core/Inc -I../Drivers/STM32F4xx_HAL_Driver/Inc -I../Drivers/STM32F4xx_HAL_Driver/Inc/Legacy -I../Drivers/CMSIS/Device/ST/STM32F4xx/Include -I../Drivers/CMSIS/Include -I"/home/tomas1908/STM32CubeIDE/workspace_1.19.0/pdm/ej3_p3/Drivers/API/Inc" -I"/home/tomas1908/STM32CubeIDE/workspace_1.19.0/pdm/ej3_p3/Drivers/API/Src" -O0 -ffunction-sections -fdata-sections -Wall -fstack-usage -fcyclomatic-complexity -MMD -MP -MF"Drivers/STM32F4xx_HAL_Driver/Src/stm32f4xx_hal_flash_ex.d" -MT"Drivers/STM32F4xx_HAL_Driver/Src/stm32f4xx_hal_flash_ex.o" --specs=nano.specs -mfpu=fpv4-sp-d16 -mfloat-abi=hard -mthumb -o "Drivers/STM32F4xx_HAL_Driver/Src/stm32f4xx_hal_flash_ex.o"
arm-none-eabi-gcc "../Drivers/STM32F4xx_HAL_Driver/Src/stm32f4xx_hal_flash_ramfunc.c" -mcpu=cortex-m4 -std=gnu11 -g3 -DDEBUG -DUSE_HAL_DRIVER -DSTM32F446xx -c -I../Core/Inc -I../Drivers/STM32F4xx_HAL_Driver/Inc -I../Drivers/STM32F4xx_HAL_Driver/Inc/Legacy -I../Drivers/CMSIS/Device/ST/STM32F4xx/Include -I../Drivers/CMSIS/Include -I"/home/tomas1908/STM32CubeIDE/workspace_1.19.0/pdm/ej3_p3/Drivers/API/Inc" -I"/home/tomas1908/STM32CubeIDE/workspace_1.19.0/pdm/ej3_p3/Drivers/API/Src" -O0 -ffunction-sections -fdata-sections -Wall -fstack-usage -fcyclomatic-complexity -MMD -MP -MF"Drivers/STM32F4xx_HAL_Driver/Src/stm32f4xx_hal_flash_ramfunc.d" -MT"Drivers/STM32F4xx_HAL_Driver/Src/stm32f4xx_hal_flash_ramfunc.o" --specs=nano.specs -mfpu=fpv4-sp-d16 -mfloat-abi=hard -mthumb -o "Drivers/STM32F4xx_HAL_Driver/Src/stm32f4xx_hal_flash_ramfunc.o"
arm-none-eabi-gcc "../Drivers/STM32F4xx_HAL_Driver/Src/stm32f4xx_hal_gpio.c" -mcpu=cortex-m4 -std=gnu11 -g3 -DDEBUG -DUSE_HAL_DRIVER -DSTM32F446xx -c -I../Core/Inc -I../Drivers/STM32F4xx_HAL_Driver/Inc -I../Drivers/STM32F4xx_HAL_Driver/Inc/Legacy -I../Drivers/CMSIS/Device/ST/STM32F4xx/Include -I../Drivers/CMSIS/Include -I"/home/tomas1908/STM32CubeIDE/workspace_1.19.0/pdm/ej3_p3/Drivers/API/Inc" -I"/home/tomas1908/STM32CubeIDE/workspace_1.19.0/pdm/ej3_p3/Drivers/API/Src" -O0 -ffunction-sections -fdata-sections -Wall -fstack-usage -fcyclomatic-complexity -MMD -MP -MF"Drivers/STM32F4xx_HAL_Driver/Src/stm32f4xx_hal_gpio.d" -MT"Drivers/STM32F4xx_HAL_Driver/Src/stm32f4xx_hal_gpio.o" --specs=nano.specs -mfpu=fpv4-sp-d16 -mfloat-abi=hard -mthumb -o "Drivers/STM32F4xx_HAL_Driver/Src/stm32f4xx_hal_gpio.o"
arm-none-eabi-gcc "../Drivers/STM32F4xx_HAL_Driver/Src/stm32f4xx_hal_pwr.c" -mcpu=cortex-m4 -std=gnu11 -g3 -DDEBUG -DUSE_HAL_DRIVER -DSTM32F446xx -c -I../Core/Inc -I../Drivers/STM32F4xx_HAL_Driver/Inc -I../Drivers/STM32F4xx_HAL_Driver/Inc/Legacy -I../Drivers/CMSIS/Device/ST/STM32F4xx/Include -I../Drivers/CMSIS/Include -I"/home/tomas1908/STM32CubeIDE/workspace_1.19.0/pdm/ej3_p3/Drivers/API/Inc" -I"/home/tomas1908/STM32CubeIDE/workspace_1.19.0/pdm/ej3_p3/Drivers/API/Src" -O0 -ffunction-sections -fdata-sections -Wall -fstack-usage -fcyclomatic-complexity -MMD -MP -MF"Drivers/STM32F4xx_HAL_Driver/Src/stm32f4xx_hal_pwr.d" -MT"Drivers/STM32F4xx_HAL_Driver/Src/stm32f4xx_hal_pwr.o" --specs=nano.specs -mfpu=fpv4-sp-d16 -mfloat-abi=hard -mthumb -o "Drivers/STM32F4xx_HAL_Driver/Src/stm32f4xx_hal_pwr.o"
arm-none-eabi-gcc "../Drivers/STM32F4xx_HAL_Driver/Src/stm32f4xx_hal_pwr_ex.c" -mcpu=cortex-m4 -std=gnu11 -g3 -DDEBUG -DUSE_HAL_DRIVER -DSTM32F446xx -c -I../Core/Inc -I../Drivers/STM32F4xx_HAL_Driver/Inc -I../Drivers/STM32F4xx_HAL_Driver/Inc/Legacy -I../Drivers/CMSIS/Device/ST/STM32F4xx/Include -I../Drivers/CMSIS/Include -I"/home/tomas1908/STM32CubeIDE/workspace_1.19.0/pdm/ej3_p3/Drivers/API/Inc" -I"/home/tomas1908/STM32CubeIDE/workspace_1.19.0/pdm/ej3_p3/Drivers/API/Src" -O0 -ffunction-sections -fdata-sections -Wall -fstack-usage -fcyclomatic-complexity -MMD -MP -MF"Drivers/STM32F4xx_HAL_Driver/Src/stm32f4xx_hal_pwr_ex.d" -MT"Drivers/STM32F4xx_HAL_Driver/Src/stm32f4xx_hal_pwr_ex.o" --specs=nano.specs -mfpu=fpv4-sp-d16 -mfloat-abi=hard -mthumb -o "Drivers/STM32F4xx_HAL_Driver/Src/stm32f4xx_hal_pwr_ex.o"
arm-none-eabi-gcc "../Drivers/STM32F4xx_HAL_Driver/Src/stm32f4xx_hal_rcc.c" -mcpu=cortex-m4 -std=gnu11 -g3 -DDEBUG -DUSE_HAL_DRIVER -DSTM32F446xx -c -I../Core/Inc -I../Drivers/STM32F4xx_HAL_Driver/Inc -I../Drivers/STM32F4xx_HAL_Driver/Inc/Legacy -I../Drivers/CMSIS/Device/ST/STM32F4xx/Include -I../Drivers/CMSIS/Include -I"/home/tomas1908/STM32CubeIDE/workspace_1.19.0/pdm/ej3_p3/Drivers/API/Inc" -I"/home/tomas1908/STM32CubeIDE/workspace_1.19.0/pdm/ej3_p3/Drivers/API/Src" -O0 -ffunction-sections -fdata-sections -Wall -fstack-usage -fcyclomatic-complexity -MMD -MP -MF"Drivers/STM32F4xx_HAL_Driver/Src/stm32f4xx_hal_rcc.d" -MT"Drivers/STM32F4xx_HAL_Driver/Src/stm32f4xx_hal_rcc.o" --specs=nano.specs -mfpu=fpv4-sp-d16 -mfloat-abi=hard -mthumb -o "Drivers/STM32F4xx_HAL_Driver/Src/stm32f4xx_hal_rcc.o"
arm-none-eabi-gcc "../Drivers/STM32F4xx_HAL_Driver/Src/stm32f4xx_hal_rcc_ex.c" -mcpu=cortex-m4 -std=gnu11 -g3 -DDEBUG -DUSE_HAL_DRIVER -DSTM32F446xx -c -I../Core/Inc -I../Drivers/STM32F4xx_HAL_Driver/Inc -I../Drivers/STM32F4xx_HAL_Driver/Inc/Legacy -I../Drivers/CMSIS/Device/ST/STM32F4xx/Include -I../Drivers/CMSIS/Include -I"/home/tomas1908/STM32CubeIDE/workspace_1.19.0/pdm/ej3_p3/Drivers/API/Inc" -I"/home/tomas1908/STM32CubeIDE/workspace_1.19.0/pdm/ej3_p3/Drivers/API/Src" -O0 -ffunction-sections -fdata-sections -Wall -fstack-usage -fcyclomatic-complexity -MMD -MP -MF"Drivers/STM32F4xx_HAL_Driver/Src/stm32f4xx_hal_rcc_ex.d" -MT"Drivers/STM32F4xx_HAL_Driver/Src/stm32f4xx_hal_rcc_ex.o" --specs=nano.specs -mfpu=fpv4-sp-d16 -mfloat-abi=hard -mthumb -o "Drivers/STM32F4xx_HAL_Driver/Src/stm32f4xx_hal_rcc_ex.o"
arm-none-eabi-gcc "../Drivers/API/Src/API_delay.c" -mcpu=cortex-m4 -std=gnu11 -g3 -DDEBUG -DUSE_HAL_DRIVER -DSTM32F446xx -c -I../Core/Inc -I../Drivers/STM32F4xx_HAL_Driver/Inc -I../Drivers/STM32F4xx_HAL_Driver/Inc/Legacy -I../Drivers/CMSIS/Device/ST/STM32F4xx/Include -I../Drivers/CMSIS/Include -I"/home/tomas1908/STM32CubeIDE/workspace_1.19.0/pdm/ej3_p3/Drivers/API/Inc" -I"/home/tomas1908/STM32CubeIDE/workspace_1.19.0/pdm/ej3_p3/Drivers/API/Src" -O0 -ffunction-sections -fdata-sections -Wall -fstack-usage -fcyclomatic-complexity -MMD -MP -MF"Drivers/API/Src/API_delay.d" -MT"Drivers/API/Src/API_delay.o" --specs=nano.specs -mfpu=fpv4-sp-d16 -mfloat-abi=hard -mthumb -o "Drivers/API/Src/API_delay.o"
arm-none-eabi-gcc -mcpu=cortex-m4 -g3 -DDEBUG -c -I"/home/tomas1908/STM32CubeIDE/workspace_1.19.0/pdm/ej3_p3/Drivers/API/Inc" -I"/home/tomas1908/STM32CubeIDE/workspace_1.19.0/pdm/ej3_p3/Drivers/API/Src" -x assembler-with-cpp -MMD -MP -MF"Core/Startup/startup_stm32f446retx.d" -MT"Core/Startup/startup_stm32f446retx.o" --specs=nano.specs -mfpu=fpv4-sp-d16 -mfloat-abi=hard -mthumb -o "Core/Startup/startup_stm32f446retx.o" "../Core/Startup/startup_stm32f446retx.s"
arm-none-eabi-gcc "../Core/Src/main.c" -mcpu=cortex-m4 -std=gnu11 -g3 -DDEBUG -DUSE_HAL_DRIVER -DSTM32F446xx -c -I../Core/Inc -I../Drivers/STM32F4xx_HAL_Driver/Inc -I../Drivers/STM32F4xx_HAL_Driver/Inc/Legacy -I../Drivers/CMSIS/Device/ST/STM32F4xx/Include -I../Drivers/CMSIS/Include -I"/home/tomas1908/STM32CubeIDE/workspace_1.19.0/pdm/ej3_p3/Drivers/API/Inc" -I"/home/tomas1908/STM32CubeIDE/workspace_1.19.0/pdm/ej3_p3/Drivers/API/Src" -O0 -ffunction-sections -fdata-sections -Wall -fstack-usage -fcyclomatic-complexity -MMD -MP -MF"Core/Src/main.d" -MT"Core/Src/main.o" --specs=nano.specs -mfpu=fpv4-sp-d16 -mfloat-abi=hard -mthumb -o "Core/Src/main.o"
arm-none-eabi-gcc "../Core/Src/stm32f4xx_hal_msp.c" -mcpu=cortex-m4 -std=gnu11 -g3 -DDEBUG -DUSE_HAL_DRIVER -DSTM32F446xx -c -I../Core/Inc -I../Drivers/STM32F4xx_HAL_Driver/Inc -I../Drivers/STM32F4xx_HAL_Driver/Inc/Legacy -I../Drivers/CMSIS/Device/ST/STM32F4xx/Include -I../Drivers/CMSIS/Include -I"/home/tomas1908/STM32CubeIDE/workspace_1.19.0/pdm/ej3_p3/Drivers/API/Inc" -I"/home/tomas1908/STM32CubeIDE/workspace_1.19.0/pdm/ej3_p3/Drivers/API/Src" -O0 -ffunction-sections -fdata-sections -Wall -fstack-usage -fcyclomatic-complexity -MMD -MP -MF"Core/Src/stm32f4xx_hal_msp.d" -MT"Core/Src/stm32f4xx_hal_msp.o" --specs=nano.specs -mfpu=fpv4-sp-d16 -mfloat-abi=hard -mthumb -o "Core/Src/stm32f4xx_hal_msp.o"
arm-none-eabi-gcc "../Core/Src/stm32f4xx_it.c" -mcpu=cortex-m4 -std=gnu11 -g3 -DDEBUG -DUSE_HAL_DRIVER -DSTM32F446xx -c -I../Core/Inc -I../Drivers/STM32F4xx_HAL_Driver/Inc -I../Drivers/STM32F4xx_HAL_Driver/Inc/Legacy -I../Drivers/CMSIS/Device/ST/STM32F4xx/Include -I../Drivers/CMSIS/Include -I"/home/tomas1908/STM32CubeIDE/workspace_1.19.0/pdm/ej3_p3/Drivers/API/Inc" -I"/home/tomas1908/STM32CubeIDE/workspace_1.19.0/pdm/ej3_p3/Drivers/API/Src" -O0 -ffunction-sections -fdata-sections -Wall -fstack-usage -fcyclomatic-complexity -MMD -MP -MF"Core/Src/stm32f4xx_it.d" -MT"Core/Src/stm32f4xx_it.o" --specs=nano.specs -mfpu=fpv4-sp-d16 -mfloat-abi=hard -mthumb -o "Core/Src/stm32f4xx_it.o"
arm-none-eabi-gcc "../Core/Src/syscalls.c" -mcpu=cortex-m4 -std=gnu11 -g3 -DDEBUG -DUSE_HAL_DRIVER -DSTM32F446xx -c -I../Core/Inc -I../Drivers/STM32F4xx_HAL_Driver/Inc -I../Drivers/STM32F4xx_HAL_Driver/Inc/Legacy -I../Drivers/CMSIS/Device/ST/STM32F4xx/Include -I../Drivers/CMSIS/Include -I"/home/tomas1908/STM32CubeIDE/workspace_1.19.0/pdm/ej3_p3/Drivers/API/Inc" -I"/home/tomas1908/STM32CubeIDE/workspace_1.19.0/pdm/ej3_p3/Drivers/API/Src" -O0 -ffunction-sections -fdata-sections -Wall -fstack-usage -fcyclomatic-complexity -MMD -MP -MF"Core/Src/syscalls.d" -MT"Core/Src/syscalls.o" --specs=nano.specs -mfpu=fpv4-sp-d16 -mfloat-abi=hard -mthumb -o "Core/Src/syscalls.o"
arm-none-eabi-gcc "../Core/Src/sysmem.c" -mcpu=cortex-m4 -std=gnu11 -g3 -DDEBUG -DUSE_HAL_DRIVER -DSTM32F446xx -c -I../Core/Inc -I../Drivers/STM32F4xx_HAL_Driver/Inc -I../Drivers/STM32F4xx_HAL_Driver/Inc/Legacy -I../Drivers/CMSIS/Device/ST/STM32F4xx/Include -I../Drivers/CMSIS/Include -I"/home/tomas1908/STM32CubeIDE/workspace_1.19.0/pdm/ej3_p3/Drivers/API/Inc" -I"/home/tomas1908/STM32CubeIDE/workspace_1.19.0/pdm/ej3_p3/Drivers/API/Src" -O0 -ffunction-sections -fdata-sections -Wall -fstack-usage -fcyclomatic-complexity -MMD -MP -MF"Core/Src/sysmem.d" -MT"Core/Src/sysmem.o" --specs=nano.specs -mfpu=fpv4-sp-d16 -mfloat-abi=hard -mthumb -o "Core/Src/sysmem.o"
arm-none-eabi-gcc "../Core/Src/system_stm32f4xx.c" -mcpu=cortex-m4 -std=gnu11 -g3 -DDEBUG -DUSE_HAL_DRIVER -DSTM32F446xx -c -I../Core/Inc -I../Drivers/STM32F4xx_HAL_Driver/Inc -I../Drivers/STM32F4xx_HAL_Driver/Inc/Legacy -I../Drivers/CMSIS/Device/ST/STM32F4xx/Include -I../Drivers/CMSIS/Include -I"/home/tomas1908/STM32CubeIDE/workspace_1.19.0/pdm/ej3_p3/Drivers/API/Inc" -I"/home/tomas1908/STM32CubeIDE/workspace_1.19.0/pdm/ej3_p3/Drivers/API/Src" -O0 -ffunction-sections -fdata-sections -Wall -fstack-usage -fcyclomatic-complexity -MMD -MP -MF"Core/Src/system_stm32f4xx.d" -MT"Core/Src/system_stm32f4xx.o" --specs=nano.specs -mfpu=fpv4-sp-d16 -mfloat-abi=hard -mthumb -o "Core/Src/system_stm32f4xx.o"
arm-none-eabi-gcc -o "ej3_p3.elf" @"objects.list"   -mcpu=cortex-m4 -T"/home/tomas1908/STM32CubeIDE/workspace_1.19.0/pdm/ej3_p3/STM32F446RETX_FLASH.ld" --specs=nosys.specs -Wl,-Map="ej3_p3.map" -Wl,--gc-sections -static --specs=nano.specs -mfpu=fpv4-sp-d16 -mfloat-abi=hard -mthumb -Wl,--start-group -lc -lm -Wl,--end-group
Finished building target: ej3_p3.elf
 
arm-none-eabi-size  ej3_p3.elf 
arm-none-eabi-objdump -h -S ej3_p3.elf  > "ej3_p3.list"
   text	   data	    bss	    dec	    hex	filename
   6788	     12	   1572	   8372	   20b4	ej3_p3.elf
Finished building: default.size.stdout
 
Finished building: ej3_p3.list
 
21:08:14 **** Incremental Build of configuration Debug for project ej3_p3 ****
make -j8 all 
arm-none-eabi-gcc "../Core/Src/main.c" -mcpu=cortex-m4 -std=gnu11 -g3 -DDEBUG -DUSE_HAL_DRIVER -DSTM32F446xx -c -I../Core/Inc -I../Drivers/STM32F4xx_HAL_Driver/Inc -I../Drivers/STM32F4xx_HAL_Driver/Inc/Legacy -I../Drivers/CMSIS/Device/ST/STM32F4xx/Include -I../Drivers/CMSIS/Include -I"/home/tomas1908/STM32CubeIDE/workspace_1.19.0/pdm/ej3_p3/Drivers/API/Inc" -I"/home/tomas1908/STM32CubeIDE/workspace_1.19.0/pdm/ej3_p3/Drivers/API/Src" -O0 -ffunction-sections -fdata-sections -Wall -fstack-usage -fcyclomatic-complexity -MMD -MP -MF"Core/Src/main.d" -MT"Core/Src/main.o" --specs=nano.specs -mfpu=fpv4-sp-d16 -mfloat-abi=hard -mthumb -o "Core/Src/main.o"
arm-none-eabi-gcc -o "ej3_p3.elf" @"objects.list"   -mcpu=cortex-m4 -T"/home/tomas1908/STM32CubeIDE/workspace_1.19.0/pdm/ej3_p3/STM32F446RETX_FLASH.ld" --specs=nosys.specs -Wl,-Map="ej3_p3.map" -Wl,--gc-sections -static --specs=nano.specs -mfpu=fpv4-sp-d16 -mfloat-abi=hard -mthumb -Wl,--start-group -lc -lm -Wl,--end-group
Finished building target: ej3_p3.elf
 
arm-none-eabi-size  ej3_p3.elf 
arm-none-eabi-objdump -h -S ej3_p3.elf  > "ej3_p3.list"
   text	   data	    bss	    dec	    hex	filename
   6788	     12	   1572	   8372	   20b4	ej3_p3.elf
Finished building: default.size.stdout
 
Finished building: ej3_p3.list
 
21:08:28 **** Incremental Build of configuration Debug for project ej3_p3 ****
make -j8 all 
arm-none-eabi-size  ej3_p3.elf 
   text	   data	    bss	    dec	    hex	filename
   6788	     12	   1572	   8372	   20b4	ej3_p3.elf
Finished building: default.size.stdout
 
07:37:22 **** Build of configuration Debug for project Trabajo_final_PdM ****
make -j8 all 
arm-none-eabi-gcc "../Drivers/STM32F4xx_HAL_Driver/Src/stm32f4xx_hal.c" -mcpu=cortex-m4 -std=gnu11 -g3 -DDEBUG -DUSE_HAL_DRIVER -DSTM32F446xx -c -I../Core/Inc -I../Drivers/STM32F4xx_HAL_Driver/Inc -I../Drivers/STM32F4xx_HAL_Driver/Inc/Legacy -I../Drivers/CMSIS/Device/ST/STM32F4xx/Include -I../Drivers/CMSIS/Include -I"/home/tomas1908/STM32CubeIDE/workspace_1.19.0/pdm/Trabajo_final_PdM/Drivers/API/Inc" -I"/home/tomas1908/STM32CubeIDE/workspace_1.19.0/pdm/Trabajo_final_PdM/Drivers/API/Src" -O0 -ffunction-sections -fdata-sections -Wall -fstack-usage -fcyclomatic-complexity -MMD -MP -MF"Drivers/STM32F4xx_HAL_Driver/Src/stm32f4xx_hal.d" -MT"Drivers/STM32F4xx_HAL_Driver/Src/stm32f4xx_hal.o" --specs=nano.specs -mfpu=fpv4-sp-d16 -mfloat-abi=hard -mthumb -o "Drivers/STM32F4xx_HAL_Driver/Src/stm32f4xx_hal.o"
arm-none-eabi-gcc "../Drivers/STM32F4xx_HAL_Driver/Src/stm32f4xx_hal_adc.c" -mcpu=cortex-m4 -std=gnu11 -g3 -DDEBUG -DUSE_HAL_DRIVER -DSTM32F446xx -c -I../Core/Inc -I../Drivers/STM32F4xx_HAL_Driver/Inc -I../Drivers/STM32F4xx_HAL_Driver/Inc/Legacy -I../Drivers/CMSIS/Device/ST/STM32F4xx/Include -I../Drivers/CMSIS/Include -I"/home/tomas1908/STM32CubeIDE/workspace_1.19.0/pdm/Trabajo_final_PdM/Drivers/API/Inc" -I"/home/tomas1908/STM32CubeIDE/workspace_1.19.0/pdm/Trabajo_final_PdM/Drivers/API/Src" -O0 -ffunction-sections -fdata-sections -Wall -fstack-usage -fcyclomatic-complexity -MMD -MP -MF"Drivers/STM32F4xx_HAL_Driver/Src/stm32f4xx_hal_adc.d" -MT"Drivers/STM32F4xx_HAL_Driver/Src/stm32f4xx_hal_adc.o" --specs=nano.specs -mfpu=fpv4-sp-d16 -mfloat-abi=hard -mthumb -o "Drivers/STM32F4xx_HAL_Driver/Src/stm32f4xx_hal_adc.o"
arm-none-eabi-gcc "../Drivers/STM32F4xx_HAL_Driver/Src/stm32f4xx_hal_adc_ex.c" -mcpu=cortex-m4 -std=gnu11 -g3 -DDEBUG -DUSE_HAL_DRIVER -DSTM32F446xx -c -I../Core/Inc -I../Drivers/STM32F4xx_HAL_Driver/Inc -I../Drivers/STM32F4xx_HAL_Driver/Inc/Legacy -I../Drivers/CMSIS/Device/ST/STM32F4xx/Include -I../Drivers/CMSIS/Include -I"/home/tomas1908/STM32CubeIDE/workspace_1.19.0/pdm/Trabajo_final_PdM/Drivers/API/Inc" -I"/home/tomas1908/STM32CubeIDE/workspace_1.19.0/pdm/Trabajo_final_PdM/Drivers/API/Src" -O0 -ffunction-sections -fdata-sections -Wall -fstack-usage -fcyclomatic-complexity -MMD -MP -MF"Drivers/STM32F4xx_HAL_Driver/Src/stm32f4xx_hal_adc_ex.d" -MT"Drivers/STM32F4xx_HAL_Driver/Src/stm32f4xx_hal_adc_ex.o" --specs=nano.specs -mfpu=fpv4-sp-d16 -mfloat-abi=hard -mthumb -o "Drivers/STM32F4xx_HAL_Driver/Src/stm32f4xx_hal_adc_ex.o"
arm-none-eabi-gcc "../Drivers/STM32F4xx_HAL_Driver/Src/stm32f4xx_hal_cortex.c" -mcpu=cortex-m4 -std=gnu11 -g3 -DDEBUG -DUSE_HAL_DRIVER -DSTM32F446xx -c -I../Core/Inc -I../Drivers/STM32F4xx_HAL_Driver/Inc -I../Drivers/STM32F4xx_HAL_Driver/Inc/Legacy -I../Drivers/CMSIS/Device/ST/STM32F4xx/Include -I../Drivers/CMSIS/Include -I"/home/tomas1908/STM32CubeIDE/workspace_1.19.0/pdm/Trabajo_final_PdM/Drivers/API/Inc" -I"/home/tomas1908/STM32CubeIDE/workspace_1.19.0/pdm/Trabajo_final_PdM/Drivers/API/Src" -O0 -ffunction-sections -fdata-sections -Wall -fstack-usage -fcyclomatic-complexity -MMD -MP -MF"Drivers/STM32F4xx_HAL_Driver/Src/stm32f4xx_hal_cortex.d" -MT"Drivers/STM32F4xx_HAL_Driver/Src/stm32f4xx_hal_cortex.o" --specs=nano.specs -mfpu=fpv4-sp-d16 -mfloat-abi=hard -mthumb -o "Drivers/STM32F4xx_HAL_Driver/Src/stm32f4xx_hal_cortex.o"
arm-none-eabi-gcc "../Drivers/STM32F4xx_HAL_Driver/Src/stm32f4xx_hal_dma.c" -mcpu=cortex-m4 -std=gnu11 -g3 -DDEBUG -DUSE_HAL_DRIVER -DSTM32F446xx -c -I../Core/Inc -I../Drivers/STM32F4xx_HAL_Driver/Inc -I../Drivers/STM32F4xx_HAL_Driver/Inc/Legacy -I../Drivers/CMSIS/Device/ST/STM32F4xx/Include -I../Drivers/CMSIS/Include -I"/home/tomas1908/STM32CubeIDE/workspace_1.19.0/pdm/Trabajo_final_PdM/Drivers/API/Inc" -I"/home/tomas1908/STM32CubeIDE/workspace_1.19.0/pdm/Trabajo_final_PdM/Drivers/API/Src" -O0 -ffunction-sections -fdata-sections -Wall -fstack-usage -fcyclomatic-complexity -MMD -MP -MF"Drivers/STM32F4xx_HAL_Driver/Src/stm32f4xx_hal_dma.d" -MT"Drivers/STM32F4xx_HAL_Driver/Src/stm32f4xx_hal_dma.o" --specs=nano.specs -mfpu=fpv4-sp-d16 -mfloat-abi=hard -mthumb -o "Drivers/STM32F4xx_HAL_Driver/Src/stm32f4xx_hal_dma.o"
arm-none-eabi-gcc "../Drivers/STM32F4xx_HAL_Driver/Src/stm32f4xx_hal_dma_ex.c" -mcpu=cortex-m4 -std=gnu11 -g3 -DDEBUG -DUSE_HAL_DRIVER -DSTM32F446xx -c -I../Core/Inc -I../Drivers/STM32F4xx_HAL_Driver/Inc -I../Drivers/STM32F4xx_HAL_Driver/Inc/Legacy -I../Drivers/CMSIS/Device/ST/STM32F4xx/Include -I../Drivers/CMSIS/Include -I"/home/tomas1908/STM32CubeIDE/workspace_1.19.0/pdm/Trabajo_final_PdM/Drivers/API/Inc" -I"/home/tomas1908/STM32CubeIDE/workspace_1.19.0/pdm/Trabajo_final_PdM/Drivers/API/Src" -O0 -ffunction-sections -fdata-sections -Wall -fstack-usage -fcyclomatic-complexity -MMD -MP -MF"Drivers/STM32F4xx_HAL_Driver/Src/stm32f4xx_hal_dma_ex.d" -MT"Drivers/STM32F4xx_HAL_Driver/Src/stm32f4xx_hal_dma_ex.o" --specs=nano.specs -mfpu=fpv4-sp-d16 -mfloat-abi=hard -mthumb -o "Drivers/STM32F4xx_HAL_Driver/Src/stm32f4xx_hal_dma_ex.o"
arm-none-eabi-gcc "../Drivers/STM32F4xx_HAL_Driver/Src/stm32f4xx_hal_exti.c" -mcpu=cortex-m4 -std=gnu11 -g3 -DDEBUG -DUSE_HAL_DRIVER -DSTM32F446xx -c -I../Core/Inc -I../Drivers/STM32F4xx_HAL_Driver/Inc -I../Drivers/STM32F4xx_HAL_Driver/Inc/Legacy -I../Drivers/CMSIS/Device/ST/STM32F4xx/Include -I../Drivers/CMSIS/Include -I"/home/tomas1908/STM32CubeIDE/workspace_1.19.0/pdm/Trabajo_final_PdM/Drivers/API/Inc" -I"/home/tomas1908/STM32CubeIDE/workspace_1.19.0/pdm/Trabajo_final_PdM/Drivers/API/Src" -O0 -ffunction-sections -fdata-sections -Wall -fstack-usage -fcyclomatic-complexity -MMD -MP -MF"Drivers/STM32F4xx_HAL_Driver/Src/stm32f4xx_hal_exti.d" -MT"Drivers/STM32F4xx_HAL_Driver/Src/stm32f4xx_hal_exti.o" --specs=nano.specs -mfpu=fpv4-sp-d16 -mfloat-abi=hard -mthumb -o "Drivers/STM32F4xx_HAL_Driver/Src/stm32f4xx_hal_exti.o"
arm-none-eabi-gcc "../Drivers/STM32F4xx_HAL_Driver/Src/stm32f4xx_hal_flash.c" -mcpu=cortex-m4 -std=gnu11 -g3 -DDEBUG -DUSE_HAL_DRIVER -DSTM32F446xx -c -I../Core/Inc -I../Drivers/STM32F4xx_HAL_Driver/Inc -I../Drivers/STM32F4xx_HAL_Driver/Inc/Legacy -I../Drivers/CMSIS/Device/ST/STM32F4xx/Include -I../Drivers/CMSIS/Include -I"/home/tomas1908/STM32CubeIDE/workspace_1.19.0/pdm/Trabajo_final_PdM/Drivers/API/Inc" -I"/home/tomas1908/STM32CubeIDE/workspace_1.19.0/pdm/Trabajo_final_PdM/Drivers/API/Src" -O0 -ffunction-sections -fdata-sections -Wall -fstack-usage -fcyclomatic-complexity -MMD -MP -MF"Drivers/STM32F4xx_HAL_Driver/Src/stm32f4xx_hal_flash.d" -MT"Drivers/STM32F4xx_HAL_Driver/Src/stm32f4xx_hal_flash.o" --specs=nano.specs -mfpu=fpv4-sp-d16 -mfloat-abi=hard -mthumb -o "Drivers/STM32F4xx_HAL_Driver/Src/stm32f4xx_hal_flash.o"
arm-none-eabi-gcc "../Drivers/STM32F4xx_HAL_Driver/Src/stm32f4xx_hal_flash_ex.c" -mcpu=cortex-m4 -std=gnu11 -g3 -DDEBUG -DUSE_HAL_DRIVER -DSTM32F446xx -c -I../Core/Inc -I../Drivers/STM32F4xx_HAL_Driver/Inc -I../Drivers/STM32F4xx_HAL_Driver/Inc/Legacy -I../Drivers/CMSIS/Device/ST/STM32F4xx/Include -I../Drivers/CMSIS/Include -I"/home/tomas1908/STM32CubeIDE/workspace_1.19.0/pdm/Trabajo_final_PdM/Drivers/API/Inc" -I"/home/tomas1908/STM32CubeIDE/workspace_1.19.0/pdm/Trabajo_final_PdM/Drivers/API/Src" -O0 -ffunction-sections -fdata-sections -Wall -fstack-usage -fcyclomatic-complexity -MMD -MP -MF"Drivers/STM32F4xx_HAL_Driver/Src/stm32f4xx_hal_flash_ex.d" -MT"Drivers/STM32F4xx_HAL_Driver/Src/stm32f4xx_hal_flash_ex.o" --specs=nano.specs -mfpu=fpv4-sp-d16 -mfloat-abi=hard -mthumb -o "Drivers/STM32F4xx_HAL_Driver/Src/stm32f4xx_hal_flash_ex.o"
arm-none-eabi-gcc "../Drivers/STM32F4xx_HAL_Driver/Src/stm32f4xx_hal_flash_ramfunc.c" -mcpu=cortex-m4 -std=gnu11 -g3 -DDEBUG -DUSE_HAL_DRIVER -DSTM32F446xx -c -I../Core/Inc -I../Drivers/STM32F4xx_HAL_Driver/Inc -I../Drivers/STM32F4xx_HAL_Driver/Inc/Legacy -I../Drivers/CMSIS/Device/ST/STM32F4xx/Include -I../Drivers/CMSIS/Include -I"/home/tomas1908/STM32CubeIDE/workspace_1.19.0/pdm/Trabajo_final_PdM/Drivers/API/Inc" -I"/home/tomas1908/STM32CubeIDE/workspace_1.19.0/pdm/Trabajo_final_PdM/Drivers/API/Src" -O0 -ffunction-sections -fdata-sections -Wall -fstack-usage -fcyclomatic-complexity -MMD -MP -MF"Drivers/STM32F4xx_HAL_Driver/Src/stm32f4xx_hal_flash_ramfunc.d" -MT"Drivers/STM32F4xx_HAL_Driver/Src/stm32f4xx_hal_flash_ramfunc.o" --specs=nano.specs -mfpu=fpv4-sp-d16 -mfloat-abi=hard -mthumb -o "Drivers/STM32F4xx_HAL_Driver/Src/stm32f4xx_hal_flash_ramfunc.o"
arm-none-eabi-gcc "../Drivers/STM32F4xx_HAL_Driver/Src/stm32f4xx_hal_gpio.c" -mcpu=cortex-m4 -std=gnu11 -g3 -DDEBUG -DUSE_HAL_DRIVER -DSTM32F446xx -c -I../Core/Inc -I../Drivers/STM32F4xx_HAL_Driver/Inc -I../Drivers/STM32F4xx_HAL_Driver/Inc/Legacy -I../Drivers/CMSIS/Device/ST/STM32F4xx/Include -I../Drivers/CMSIS/Include -I"/home/tomas1908/STM32CubeIDE/workspace_1.19.0/pdm/Trabajo_final_PdM/Drivers/API/Inc" -I"/home/tomas1908/STM32CubeIDE/workspace_1.19.0/pdm/Trabajo_final_PdM/Drivers/API/Src" -O0 -ffunction-sections -fdata-sections -Wall -fstack-usage -fcyclomatic-complexity -MMD -MP -MF"Drivers/STM32F4xx_HAL_Driver/Src/stm32f4xx_hal_gpio.d" -MT"Drivers/STM32F4xx_HAL_Driver/Src/stm32f4xx_hal_gpio.o" --specs=nano.specs -mfpu=fpv4-sp-d16 -mfloat-abi=hard -mthumb -o "Drivers/STM32F4xx_HAL_Driver/Src/stm32f4xx_hal_gpio.o"
arm-none-eabi-gcc "../Drivers/STM32F4xx_HAL_Driver/Src/stm32f4xx_hal_pwr.c" -mcpu=cortex-m4 -std=gnu11 -g3 -DDEBUG -DUSE_HAL_DRIVER -DSTM32F446xx -c -I../Core/Inc -I../Drivers/STM32F4xx_HAL_Driver/Inc -I../Drivers/STM32F4xx_HAL_Driver/Inc/Legacy -I../Drivers/CMSIS/Device/ST/STM32F4xx/Include -I../Drivers/CMSIS/Include -I"/home/tomas1908/STM32CubeIDE/workspace_1.19.0/pdm/Trabajo_final_PdM/Drivers/API/Inc" -I"/home/tomas1908/STM32CubeIDE/workspace_1.19.0/pdm/Trabajo_final_PdM/Drivers/API/Src" -O0 -ffunction-sections -fdata-sections -Wall -fstack-usage -fcyclomatic-complexity -MMD -MP -MF"Drivers/STM32F4xx_HAL_Driver/Src/stm32f4xx_hal_pwr.d" -MT"Drivers/STM32F4xx_HAL_Driver/Src/stm32f4xx_hal_pwr.o" --specs=nano.specs -mfpu=fpv4-sp-d16 -mfloat-abi=hard -mthumb -o "Drivers/STM32F4xx_HAL_Driver/Src/stm32f4xx_hal_pwr.o"
arm-none-eabi-gcc "../Drivers/STM32F4xx_HAL_Driver/Src/stm32f4xx_hal_pwr_ex.c" -mcpu=cortex-m4 -std=gnu11 -g3 -DDEBUG -DUSE_HAL_DRIVER -DSTM32F446xx -c -I../Core/Inc -I../Drivers/STM32F4xx_HAL_Driver/Inc -I../Drivers/STM32F4xx_HAL_Driver/Inc/Legacy -I../Drivers/CMSIS/Device/ST/STM32F4xx/Include -I../Drivers/CMSIS/Include -I"/home/tomas1908/STM32CubeIDE/workspace_1.19.0/pdm/Trabajo_final_PdM/Drivers/API/Inc" -I"/home/tomas1908/STM32CubeIDE/workspace_1.19.0/pdm/Trabajo_final_PdM/Drivers/API/Src" -O0 -ffunction-sections -fdata-sections -Wall -fstack-usage -fcyclomatic-complexity -MMD -MP -MF"Drivers/STM32F4xx_HAL_Driver/Src/stm32f4xx_hal_pwr_ex.d" -MT"Drivers/STM32F4xx_HAL_Driver/Src/stm32f4xx_hal_pwr_ex.o" --specs=nano.specs -mfpu=fpv4-sp-d16 -mfloat-abi=hard -mthumb -o "Drivers/STM32F4xx_HAL_Driver/Src/stm32f4xx_hal_pwr_ex.o"
arm-none-eabi-gcc "../Drivers/STM32F4xx_HAL_Driver/Src/stm32f4xx_hal_rcc.c" -mcpu=cortex-m4 -std=gnu11 -g3 -DDEBUG -DUSE_HAL_DRIVER -DSTM32F446xx -c -I../Core/Inc -I../Drivers/STM32F4xx_HAL_Driver/Inc -I../Drivers/STM32F4xx_HAL_Driver/Inc/Legacy -I../Drivers/CMSIS/Device/ST/STM32F4xx/Include -I../Drivers/CMSIS/Include -I"/home/tomas1908/STM32CubeIDE/workspace_1.19.0/pdm/Trabajo_final_PdM/Drivers/API/Inc" -I"/home/tomas1908/STM32CubeIDE/workspace_1.19.0/pdm/Trabajo_final_PdM/Drivers/API/Src" -O0 -ffunction-sections -fdata-sections -Wall -fstack-usage -fcyclomatic-complexity -MMD -MP -MF"Drivers/STM32F4xx_HAL_Driver/Src/stm32f4xx_hal_rcc.d" -MT"Drivers/STM32F4xx_HAL_Driver/Src/stm32f4xx_hal_rcc.o" --specs=nano.specs -mfpu=fpv4-sp-d16 -mfloat-abi=hard -mthumb -o "Drivers/STM32F4xx_HAL_Driver/Src/stm32f4xx_hal_rcc.o"
arm-none-eabi-gcc "../Drivers/STM32F4xx_HAL_Driver/Src/stm32f4xx_hal_rcc_ex.c" -mcpu=cortex-m4 -std=gnu11 -g3 -DDEBUG -DUSE_HAL_DRIVER -DSTM32F446xx -c -I../Core/Inc -I../Drivers/STM32F4xx_HAL_Driver/Inc -I../Drivers/STM32F4xx_HAL_Driver/Inc/Legacy -I../Drivers/CMSIS/Device/ST/STM32F4xx/Include -I../Drivers/CMSIS/Include -I"/home/tomas1908/STM32CubeIDE/workspace_1.19.0/pdm/Trabajo_final_PdM/Drivers/API/Inc" -I"/home/tomas1908/STM32CubeIDE/workspace_1.19.0/pdm/Trabajo_final_PdM/Drivers/API/Src" -O0 -ffunction-sections -fdata-sections -Wall -fstack-usage -fcyclomatic-complexity -MMD -MP -MF"Drivers/STM32F4xx_HAL_Driver/Src/stm32f4xx_hal_rcc_ex.d" -MT"Drivers/STM32F4xx_HAL_Driver/Src/stm32f4xx_hal_rcc_ex.o" --specs=nano.specs -mfpu=fpv4-sp-d16 -mfloat-abi=hard -mthumb -o "Drivers/STM32F4xx_HAL_Driver/Src/stm32f4xx_hal_rcc_ex.o"
arm-none-eabi-gcc "../Drivers/STM32F4xx_HAL_Driver/Src/stm32f4xx_hal_tim.c" -mcpu=cortex-m4 -std=gnu11 -g3 -DDEBUG -DUSE_HAL_DRIVER -DSTM32F446xx -c -I../Core/Inc -I../Drivers/STM32F4xx_HAL_Driver/Inc -I../Drivers/STM32F4xx_HAL_Driver/Inc/Legacy -I../Drivers/CMSIS/Device/ST/STM32F4xx/Include -I../Drivers/CMSIS/Include -I"/home/tomas1908/STM32CubeIDE/workspace_1.19.0/pdm/Trabajo_final_PdM/Drivers/API/Inc" -I"/home/tomas1908/STM32CubeIDE/workspace_1.19.0/pdm/Trabajo_final_PdM/Drivers/API/Src" -O0 -ffunction-sections -fdata-sections -Wall -fstack-usage -fcyclomatic-complexity -MMD -MP -MF"Drivers/STM32F4xx_HAL_Driver/Src/stm32f4xx_hal_tim.d" -MT"Drivers/STM32F4xx_HAL_Driver/Src/stm32f4xx_hal_tim.o" --specs=nano.specs -mfpu=fpv4-sp-d16 -mfloat-abi=hard -mthumb -o "Drivers/STM32F4xx_HAL_Driver/Src/stm32f4xx_hal_tim.o"
arm-none-eabi-gcc "../Drivers/STM32F4xx_HAL_Driver/Src/stm32f4xx_hal_tim_ex.c" -mcpu=cortex-m4 -std=gnu11 -g3 -DDEBUG -DUSE_HAL_DRIVER -DSTM32F446xx -c -I../Core/Inc -I../Drivers/STM32F4xx_HAL_Driver/Inc -I../Drivers/STM32F4xx_HAL_Driver/Inc/Legacy -I../Drivers/CMSIS/Device/ST/STM32F4xx/Include -I../Drivers/CMSIS/Include -I"/home/tomas1908/STM32CubeIDE/workspace_1.19.0/pdm/Trabajo_final_PdM/Drivers/API/Inc" -I"/home/tomas1908/STM32CubeIDE/workspace_1.19.0/pdm/Trabajo_final_PdM/Drivers/API/Src" -O0 -ffunction-sections -fdata-sections -Wall -fstack-usage -fcyclomatic-complexity -MMD -MP -MF"Drivers/STM32F4xx_HAL_Driver/Src/stm32f4xx_hal_tim_ex.d" -MT"Drivers/STM32F4xx_HAL_Driver/Src/stm32f4xx_hal_tim_ex.o" --specs=nano.specs -mfpu=fpv4-sp-d16 -mfloat-abi=hard -mthumb -o "Drivers/STM32F4xx_HAL_Driver/Src/stm32f4xx_hal_tim_ex.o"
arm-none-eabi-gcc "../Drivers/STM32F4xx_HAL_Driver/Src/stm32f4xx_ll_adc.c" -mcpu=cortex-m4 -std=gnu11 -g3 -DDEBUG -DUSE_HAL_DRIVER -DSTM32F446xx -c -I../Core/Inc -I../Drivers/STM32F4xx_HAL_Driver/Inc -I../Drivers/STM32F4xx_HAL_Driver/Inc/Legacy -I../Drivers/CMSIS/Device/ST/STM32F4xx/Include -I../Drivers/CMSIS/Include -I"/home/tomas1908/STM32CubeIDE/workspace_1.19.0/pdm/Trabajo_final_PdM/Drivers/API/Inc" -I"/home/tomas1908/STM32CubeIDE/workspace_1.19.0/pdm/Trabajo_final_PdM/Drivers/API/Src" -O0 -ffunction-sections -fdata-sections -Wall -fstack-usage -fcyclomatic-complexity -MMD -MP -MF"Drivers/STM32F4xx_HAL_Driver/Src/stm32f4xx_ll_adc.d" -MT"Drivers/STM32F4xx_HAL_Driver/Src/stm32f4xx_ll_adc.o" --specs=nano.specs -mfpu=fpv4-sp-d16 -mfloat-abi=hard -mthumb -o "Drivers/STM32F4xx_HAL_Driver/Src/stm32f4xx_ll_adc.o"
arm-none-eabi-gcc "../Drivers/API/Src/API_delay.c" -mcpu=cortex-m4 -std=gnu11 -g3 -DDEBUG -DUSE_HAL_DRIVER -DSTM32F446xx -c -I../Core/Inc -I../Drivers/STM32F4xx_HAL_Driver/Inc -I../Drivers/STM32F4xx_HAL_Driver/Inc/Legacy -I../Drivers/CMSIS/Device/ST/STM32F4xx/Include -I../Drivers/CMSIS/Include -I"/home/tomas1908/STM32CubeIDE/workspace_1.19.0/pdm/Trabajo_final_PdM/Drivers/API/Inc" -I"/home/tomas1908/STM32CubeIDE/workspace_1.19.0/pdm/Trabajo_final_PdM/Drivers/API/Src" -O0 -ffunction-sections -fdata-sections -Wall -fstack-usage -fcyclomatic-complexity -MMD -MP -MF"Drivers/API/Src/API_delay.d" -MT"Drivers/API/Src/API_delay.o" --specs=nano.specs -mfpu=fpv4-sp-d16 -mfloat-abi=hard -mthumb -o "Drivers/API/Src/API_delay.o"
arm-none-eabi-gcc -mcpu=cortex-m4 -g3 -DDEBUG -c -I"/home/tomas1908/STM32CubeIDE/workspace_1.19.0/pdm/Trabajo_final_PdM/Drivers/API/Inc" -I"/home/tomas1908/STM32CubeIDE/workspace_1.19.0/pdm/Trabajo_final_PdM/Drivers/API/Src" -x assembler-with-cpp -MMD -MP -MF"Core/Startup/startup_stm32f446retx.d" -MT"Core/Startup/startup_stm32f446retx.o" --specs=nano.specs -mfpu=fpv4-sp-d16 -mfloat-abi=hard -mthumb -o "Core/Startup/startup_stm32f446retx.o" "../Core/Startup/startup_stm32f446retx.s"
arm-none-eabi-gcc "../Core/Src/main.c" -mcpu=cortex-m4 -std=gnu11 -g3 -DDEBUG -DUSE_HAL_DRIVER -DSTM32F446xx -c -I../Core/Inc -I../Drivers/STM32F4xx_HAL_Driver/Inc -I../Drivers/STM32F4xx_HAL_Driver/Inc/Legacy -I../Drivers/CMSIS/Device/ST/STM32F4xx/Include -I../Drivers/CMSIS/Include -I"/home/tomas1908/STM32CubeIDE/workspace_1.19.0/pdm/Trabajo_final_PdM/Drivers/API/Inc" -I"/home/tomas1908/STM32CubeIDE/workspace_1.19.0/pdm/Trabajo_final_PdM/Drivers/API/Src" -O0 -ffunction-sections -fdata-sections -Wall -fstack-usage -fcyclomatic-complexity -MMD -MP -MF"Core/Src/main.d" -MT"Core/Src/main.o" --specs=nano.specs -mfpu=fpv4-sp-d16 -mfloat-abi=hard -mthumb -o "Core/Src/main.o"
arm-none-eabi-gcc "../Core/Src/stm32f4xx_hal_msp.c" -mcpu=cortex-m4 -std=gnu11 -g3 -DDEBUG -DUSE_HAL_DRIVER -DSTM32F446xx -c -I../Core/Inc -I../Drivers/STM32F4xx_HAL_Driver/Inc -I../Drivers/STM32F4xx_HAL_Driver/Inc/Legacy -I../Drivers/CMSIS/Device/ST/STM32F4xx/Include -I../Drivers/CMSIS/Include -I"/home/tomas1908/STM32CubeIDE/workspace_1.19.0/pdm/Trabajo_final_PdM/Drivers/API/Inc" -I"/home/tomas1908/STM32CubeIDE/workspace_1.19.0/pdm/Trabajo_final_PdM/Drivers/API/Src" -O0 -ffunction-sections -fdata-sections -Wall -fstack-usage -fcyclomatic-complexity -MMD -MP -MF"Core/Src/stm32f4xx_hal_msp.d" -MT"Core/Src/stm32f4xx_hal_msp.o" --specs=nano.specs -mfpu=fpv4-sp-d16 -mfloat-abi=hard -mthumb -o "Core/Src/stm32f4xx_hal_msp.o"
arm-none-eabi-gcc "../Core/Src/stm32f4xx_it.c" -mcpu=cortex-m4 -std=gnu11 -g3 -DDEBUG -DUSE_HAL_DRIVER -DSTM32F446xx -c -I../Core/Inc -I../Drivers/STM32F4xx_HAL_Driver/Inc -I../Drivers/STM32F4xx_HAL_Driver/Inc/Legacy -I../Drivers/CMSIS/Device/ST/STM32F4xx/Include -I../Drivers/CMSIS/Include -I"/home/tomas1908/STM32CubeIDE/workspace_1.19.0/pdm/Trabajo_final_PdM/Drivers/API/Inc" -I"/home/tomas1908/STM32CubeIDE/workspace_1.19.0/pdm/Trabajo_final_PdM/Drivers/API/Src" -O0 -ffunction-sections -fdata-sections -Wall -fstack-usage -fcyclomatic-complexity -MMD -MP -MF"Core/Src/stm32f4xx_it.d" -MT"Core/Src/stm32f4xx_it.o" --specs=nano.specs -mfpu=fpv4-sp-d16 -mfloat-abi=hard -mthumb -o "Core/Src/stm32f4xx_it.o"
arm-none-eabi-gcc "../Core/Src/syscalls.c" -mcpu=cortex-m4 -std=gnu11 -g3 -DDEBUG -DUSE_HAL_DRIVER -DSTM32F446xx -c -I../Core/Inc -I../Drivers/STM32F4xx_HAL_Driver/Inc -I../Drivers/STM32F4xx_HAL_Driver/Inc/Legacy -I../Drivers/CMSIS/Device/ST/STM32F4xx/Include -I../Drivers/CMSIS/Include -I"/home/tomas1908/STM32CubeIDE/workspace_1.19.0/pdm/Trabajo_final_PdM/Drivers/API/Inc" -I"/home/tomas1908/STM32CubeIDE/workspace_1.19.0/pdm/Trabajo_final_PdM/Drivers/API/Src" -O0 -ffunction-sections -fdata-sections -Wall -fstack-usage -fcyclomatic-complexity -MMD -MP -MF"Core/Src/syscalls.d" -MT"Core/Src/syscalls.o" --specs=nano.specs -mfpu=fpv4-sp-d16 -mfloat-abi=hard -mthumb -o "Core/Src/syscalls.o"
../Core/Src/main.c: In function 'HAL_ADC_ConvCpltCallback':
../Core/Src/main.c:309:11: error: 'adc_value' undeclared (first use in this function)
  309 |           adc_value = HAL_ADC_GetValue(hadc);
      |           ^~~~~~~~~
../Core/Src/main.c:309:11: note: each undeclared identifier is reported only once for each function it appears in
make: *** [Core/Src/subdir.mk:34: Core/Src/main.o] Error 1
make: *** Waiting for unfinished jobs....
"make -j8 all" terminated with exit code 2. Build might be incomplete.
07:38:06 **** Incremental Build of configuration Debug for project Trabajo_final_PdM ****
make -j8 all 
arm-none-eabi-gcc "../Core/Src/main.c" -mcpu=cortex-m4 -std=gnu11 -g3 -DDEBUG -DUSE_HAL_DRIVER -DSTM32F446xx -c -I../Core/Inc -I../Drivers/STM32F4xx_HAL_Driver/Inc -I../Drivers/STM32F4xx_HAL_Driver/Inc/Legacy -I../Drivers/CMSIS/Device/ST/STM32F4xx/Include -I../Drivers/CMSIS/Include -I"/home/tomas1908/STM32CubeIDE/workspace_1.19.0/pdm/Trabajo_final_PdM/Drivers/API/Inc" -I"/home/tomas1908/STM32CubeIDE/workspace_1.19.0/pdm/Trabajo_final_PdM/Drivers/API/Src" -O0 -ffunction-sections -fdata-sections -Wall -fstack-usage -fcyclomatic-complexity -MMD -MP -MF"Core/Src/main.d" -MT"Core/Src/main.o" --specs=nano.specs -mfpu=fpv4-sp-d16 -mfloat-abi=hard -mthumb -o "Core/Src/main.o"
arm-none-eabi-gcc "../Core/Src/sysmem.c" -mcpu=cortex-m4 -std=gnu11 -g3 -DDEBUG -DUSE_HAL_DRIVER -DSTM32F446xx -c -I../Core/Inc -I../Drivers/STM32F4xx_HAL_Driver/Inc -I../Drivers/STM32F4xx_HAL_Driver/Inc/Legacy -I../Drivers/CMSIS/Device/ST/STM32F4xx/Include -I../Drivers/CMSIS/Include -I"/home/tomas1908/STM32CubeIDE/workspace_1.19.0/pdm/Trabajo_final_PdM/Drivers/API/Inc" -I"/home/tomas1908/STM32CubeIDE/workspace_1.19.0/pdm/Trabajo_final_PdM/Drivers/API/Src" -O0 -ffunction-sections -fdata-sections -Wall -fstack-usage -fcyclomatic-complexity -MMD -MP -MF"Core/Src/sysmem.d" -MT"Core/Src/sysmem.o" --specs=nano.specs -mfpu=fpv4-sp-d16 -mfloat-abi=hard -mthumb -o "Core/Src/sysmem.o"
arm-none-eabi-gcc "../Core/Src/system_stm32f4xx.c" -mcpu=cortex-m4 -std=gnu11 -g3 -DDEBUG -DUSE_HAL_DRIVER -DSTM32F446xx -c -I../Core/Inc -I../Drivers/STM32F4xx_HAL_Driver/Inc -I../Drivers/STM32F4xx_HAL_Driver/Inc/Legacy -I../Drivers/CMSIS/Device/ST/STM32F4xx/Include -I../Drivers/CMSIS/Include -I"/home/tomas1908/STM32CubeIDE/workspace_1.19.0/pdm/Trabajo_final_PdM/Drivers/API/Inc" -I"/home/tomas1908/STM32CubeIDE/workspace_1.19.0/pdm/Trabajo_final_PdM/Drivers/API/Src" -O0 -ffunction-sections -fdata-sections -Wall -fstack-usage -fcyclomatic-complexity -MMD -MP -MF"Core/Src/system_stm32f4xx.d" -MT"Core/Src/system_stm32f4xx.o" --specs=nano.specs -mfpu=fpv4-sp-d16 -mfloat-abi=hard -mthumb -o "Core/Src/system_stm32f4xx.o"
arm-none-eabi-gcc -o "Trabajo_final_PdM.elf" @"objects.list"   -mcpu=cortex-m4 -T"/home/tomas1908/STM32CubeIDE/workspace_1.19.0/pdm/Trabajo_final_PdM/STM32F446RETX_FLASH.ld" --specs=nosys.specs -Wl,-Map="Trabajo_final_PdM.map" -Wl,--gc-sections -static --specs=nano.specs -mfpu=fpv4-sp-d16 -mfloat-abi=hard -mthumb -Wl,--start-group -lc -lm -Wl,--end-group
Finished building target: Trabajo_final_PdM.elf
 
arm-none-eabi-size  Trabajo_final_PdM.elf 
arm-none-eabi-objdump -h -S Trabajo_final_PdM.elf  > "Trabajo_final_PdM.list"
   text	   data	    bss	    dec	    hex	filename
  12924	     12	   1716	  14652	   393c	Trabajo_final_PdM.elf
Finished building: default.size.stdout
 
Finished building: Trabajo_final_PdM.list
 
17:26:13 **** Incremental Build of configuration Debug for project Trabajo_final_PdM ****
make -j8 all 
arm-none-eabi-gcc "../Core/Src/main.c" -mcpu=cortex-m4 -std=gnu11 -g3 -DDEBUG -DUSE_HAL_DRIVER -DSTM32F446xx -c -I../Core/Inc -I../Drivers/STM32F4xx_HAL_Driver/Inc -I../Drivers/STM32F4xx_HAL_Driver/Inc/Legacy -I../Drivers/CMSIS/Device/ST/STM32F4xx/Include -I../Drivers/CMSIS/Include -I"/home/tomas1908/STM32CubeIDE/workspace_1.19.0/pdm/Trabajo_final_PdM/Drivers/API/Inc" -I"/home/tomas1908/STM32CubeIDE/workspace_1.19.0/pdm/Trabajo_final_PdM/Drivers/API/Src" -O0 -ffunction-sections -fdata-sections -Wall -fstack-usage -fcyclomatic-complexity -MMD -MP -MF"Core/Src/main.d" -MT"Core/Src/main.o" --specs=nano.specs -mfpu=fpv4-sp-d16 -mfloat-abi=hard -mthumb -o "Core/Src/main.o"
../Core/Src/main.c: In function 'main':
../Core/Src/main.c:121:11: error: stray '`' in program
  121 |           `PWM_Control(500);
      |           ^
make: *** [Core/Src/subdir.mk:34: Core/Src/main.o] Error 1
"make -j8 all" terminated with exit code 2. Build might be incomplete.
17:26:20 **** Incremental Build of configuration Debug for project Trabajo_final_PdM ****
make -j8 all 
arm-none-eabi-gcc "../Core/Src/main.c" -mcpu=cortex-m4 -std=gnu11 -g3 -DDEBUG -DUSE_HAL_DRIVER -DSTM32F446xx -c -I../Core/Inc -I../Drivers/STM32F4xx_HAL_Driver/Inc -I../Drivers/STM32F4xx_HAL_Driver/Inc/Legacy -I../Drivers/CMSIS/Device/ST/STM32F4xx/Include -I../Drivers/CMSIS/Include -I"/home/tomas1908/STM32CubeIDE/workspace_1.19.0/pdm/Trabajo_final_PdM/Drivers/API/Inc" -I"/home/tomas1908/STM32CubeIDE/workspace_1.19.0/pdm/Trabajo_final_PdM/Drivers/API/Src" -O0 -ffunction-sections -fdata-sections -Wall -fstack-usage -fcyclomatic-complexity -MMD -MP -MF"Core/Src/main.d" -MT"Core/Src/main.o" --specs=nano.specs -mfpu=fpv4-sp-d16 -mfloat-abi=hard -mthumb -o "Core/Src/main.o"
arm-none-eabi-gcc -o "Trabajo_final_PdM.elf" @"objects.list"   -mcpu=cortex-m4 -T"/home/tomas1908/STM32CubeIDE/workspace_1.19.0/pdm/Trabajo_final_PdM/STM32F446RETX_FLASH.ld" --specs=nosys.specs -Wl,-Map="Trabajo_final_PdM.map" -Wl,--gc-sections -static --specs=nano.specs -mfpu=fpv4-sp-d16 -mfloat-abi=hard -mthumb -Wl,--start-group -lc -lm -Wl,--end-group
Finished building target: Trabajo_final_PdM.elf
 
arm-none-eabi-size  Trabajo_final_PdM.elf 
arm-none-eabi-objdump -h -S Trabajo_final_PdM.elf  > "Trabajo_final_PdM.list"
   text	   data	    bss	    dec	    hex	filename
  12952	     12	   1716	  14680	   3958	Trabajo_final_PdM.elf
Finished building: default.size.stdout
 
Finished building: Trabajo_final_PdM.list
 
17:36:18 **** Incremental Build of configuration Debug for project Trabajo_final_PdM ****
make -j8 all 
arm-none-eabi-gcc "../Drivers/API/Src/API_delay.c" -mcpu=cortex-m4 -std=gnu11 -g3 -DDEBUG -DUSE_HAL_DRIVER -DSTM32F446xx -c -I../Core/Inc -I../Drivers/STM32F4xx_HAL_Driver/Inc -I../Drivers/STM32F4xx_HAL_Driver/Inc/Legacy -I../Drivers/CMSIS/Device/ST/STM32F4xx/Include -I../Drivers/CMSIS/Include -I"/home/tomas1908/STM32CubeIDE/workspace_1.19.0/pdm/Trabajo_final_PdM/Drivers/API/Inc" -I"/home/tomas1908/STM32CubeIDE/workspace_1.19.0/pdm/Trabajo_final_PdM/Drivers/API/Src" -O0 -ffunction-sections -fdata-sections -Wall -fstack-usage -fcyclomatic-complexity -MMD -MP -MF"Drivers/API/Src/API_delay.d" -MT"Drivers/API/Src/API_delay.o" --specs=nano.specs -mfpu=fpv4-sp-d16 -mfloat-abi=hard -mthumb -o "Drivers/API/Src/API_delay.o"
arm-none-eabi-gcc "../Core/Src/main.c" -mcpu=cortex-m4 -std=gnu11 -g3 -DDEBUG -DUSE_HAL_DRIVER -DSTM32F446xx -c -I../Core/Inc -I../Drivers/STM32F4xx_HAL_Driver/Inc -I../Drivers/STM32F4xx_HAL_Driver/Inc/Legacy -I../Drivers/CMSIS/Device/ST/STM32F4xx/Include -I../Drivers/CMSIS/Include -I"/home/tomas1908/STM32CubeIDE/workspace_1.19.0/pdm/Trabajo_final_PdM/Drivers/API/Inc" -I"/home/tomas1908/STM32CubeIDE/workspace_1.19.0/pdm/Trabajo_final_PdM/Drivers/API/Src" -O0 -ffunction-sections -fdata-sections -Wall -fstack-usage -fcyclomatic-complexity -MMD -MP -MF"Core/Src/main.d" -MT"Core/Src/main.o" --specs=nano.specs -mfpu=fpv4-sp-d16 -mfloat-abi=hard -mthumb -o "Core/Src/main.o"
arm-none-eabi-gcc "../Core/Src/stm32f4xx_hal_msp.c" -mcpu=cortex-m4 -std=gnu11 -g3 -DDEBUG -DUSE_HAL_DRIVER -DSTM32F446xx -c -I../Core/Inc -I../Drivers/STM32F4xx_HAL_Driver/Inc -I../Drivers/STM32F4xx_HAL_Driver/Inc/Legacy -I../Drivers/CMSIS/Device/ST/STM32F4xx/Include -I../Drivers/CMSIS/Include -I"/home/tomas1908/STM32CubeIDE/workspace_1.19.0/pdm/Trabajo_final_PdM/Drivers/API/Inc" -I"/home/tomas1908/STM32CubeIDE/workspace_1.19.0/pdm/Trabajo_final_PdM/Drivers/API/Src" -O0 -ffunction-sections -fdata-sections -Wall -fstack-usage -fcyclomatic-complexity -MMD -MP -MF"Core/Src/stm32f4xx_hal_msp.d" -MT"Core/Src/stm32f4xx_hal_msp.o" --specs=nano.specs -mfpu=fpv4-sp-d16 -mfloat-abi=hard -mthumb -o "Core/Src/stm32f4xx_hal_msp.o"
arm-none-eabi-gcc "../Core/Src/stm32f4xx_it.c" -mcpu=cortex-m4 -std=gnu11 -g3 -DDEBUG -DUSE_HAL_DRIVER -DSTM32F446xx -c -I../Core/Inc -I../Drivers/STM32F4xx_HAL_Driver/Inc -I../Drivers/STM32F4xx_HAL_Driver/Inc/Legacy -I../Drivers/CMSIS/Device/ST/STM32F4xx/Include -I../Drivers/CMSIS/Include -I"/home/tomas1908/STM32CubeIDE/workspace_1.19.0/pdm/Trabajo_final_PdM/Drivers/API/Inc" -I"/home/tomas1908/STM32CubeIDE/workspace_1.19.0/pdm/Trabajo_final_PdM/Drivers/API/Src" -O0 -ffunction-sections -fdata-sections -Wall -fstack-usage -fcyclomatic-complexity -MMD -MP -MF"Core/Src/stm32f4xx_it.d" -MT"Core/Src/stm32f4xx_it.o" --specs=nano.specs -mfpu=fpv4-sp-d16 -mfloat-abi=hard -mthumb -o "Core/Src/stm32f4xx_it.o"
In file included from ../Drivers/API/Src/API_delay.c:8:
/home/tomas1908/STM32CubeIDE/workspace_1.19.0/pdm/Trabajo_final_PdM/Drivers/API/Inc/API_delay.h:22:8: error: unknown type name 'TIM_HandleTypeDef'
   22 | extern TIM_HandleTypeDef htim3;
      |        ^~~~~~~~~~~~~~~~~
In file included from ../Core/Inc/stm32f4xx_hal_conf.h:407,
                 from ../Drivers/STM32F4xx_HAL_Driver/Inc/stm32f4xx_hal.h:29,
                 from ../Drivers/API/Src/API_delay.c:9:
../Drivers/API/Src/API_delay.c: In function 'PWM_Control':
../Drivers/STM32F4xx_HAL_Driver/Inc/stm32f4xx_hal_tim.h:1395:52: error: request for member 'Instance' in something not a structure or union
 1395 |   (((__CHANNEL__) == TIM_CHANNEL_1) ? ((__HANDLE__)->Instance->CCR1 = (__COMPARE__)) :\
      |                                                    ^~
../Drivers/API/Src/API_delay.c:42:9: note: in expansion of macro '__HAL_TIM_SET_COMPARE'
   42 |         __HAL_TIM_SET_COMPARE(&htim3, TIM_CHANNEL_1, control);
      |         ^~~~~~~~~~~~~~~~~~~~~
../Drivers/STM32F4xx_HAL_Driver/Inc/stm32f4xx_hal_tim.h:1396:52: error: request for member 'Instance' in something not a structure or union
 1396 |    ((__CHANNEL__) == TIM_CHANNEL_2) ? ((__HANDLE__)->Instance->CCR2 = (__COMPARE__)) :\
      |                                                    ^~
../Drivers/API/Src/API_delay.c:42:9: note: in expansion of macro '__HAL_TIM_SET_COMPARE'
   42 |         __HAL_TIM_SET_COMPARE(&htim3, TIM_CHANNEL_1, control);
      |         ^~~~~~~~~~~~~~~~~~~~~
../Drivers/STM32F4xx_HAL_Driver/Inc/stm32f4xx_hal_tim.h:1397:52: error: request for member 'Instance' in something not a structure or union
 1397 |    ((__CHANNEL__) == TIM_CHANNEL_3) ? ((__HANDLE__)->Instance->CCR3 = (__COMPARE__)) :\
      |                                                    ^~
../Drivers/API/Src/API_delay.c:42:9: note: in expansion of macro '__HAL_TIM_SET_COMPARE'
   42 |         __HAL_TIM_SET_COMPARE(&htim3, TIM_CHANNEL_1, control);
      |         ^~~~~~~~~~~~~~~~~~~~~
../Drivers/STM32F4xx_HAL_Driver/Inc/stm32f4xx_hal_tim.h:1398:17: error: request for member 'Instance' in something not a structure or union
 1398 |    ((__HANDLE__)->Instance->CCR4 = (__COMPARE__)))
      |                 ^~
../Drivers/API/Src/API_delay.c:42:9: note: in expansion of macro '__HAL_TIM_SET_COMPARE'
   42 |         __HAL_TIM_SET_COMPARE(&htim3, TIM_CHANNEL_1, control);
      |         ^~~~~~~~~~~~~~~~~~~~~
make: *** [Drivers/API/Src/subdir.mk:19: Drivers/API/Src/API_delay.o] Error 1
make: *** Waiting for unfinished jobs....
"make -j8 all" terminated with exit code 2. Build might be incomplete.
17:38:14 **** Incremental Build of configuration Debug for project Trabajo_final_PdM ****
make -j8 all 
arm-none-eabi-gcc "../Drivers/API/Src/API_delay.c" -mcpu=cortex-m4 -std=gnu11 -g3 -DDEBUG -DUSE_HAL_DRIVER -DSTM32F446xx -c -I../Core/Inc -I../Drivers/STM32F4xx_HAL_Driver/Inc -I../Drivers/STM32F4xx_HAL_Driver/Inc/Legacy -I../Drivers/CMSIS/Device/ST/STM32F4xx/Include -I../Drivers/CMSIS/Include -I"/home/tomas1908/STM32CubeIDE/workspace_1.19.0/pdm/Trabajo_final_PdM/Drivers/API/Inc" -I"/home/tomas1908/STM32CubeIDE/workspace_1.19.0/pdm/Trabajo_final_PdM/Drivers/API/Src" -O0 -ffunction-sections -fdata-sections -Wall -fstack-usage -fcyclomatic-complexity -MMD -MP -MF"Drivers/API/Src/API_delay.d" -MT"Drivers/API/Src/API_delay.o" --specs=nano.specs -mfpu=fpv4-sp-d16 -mfloat-abi=hard -mthumb -o "Drivers/API/Src/API_delay.o"
arm-none-eabi-gcc "../Core/Src/main.c" -mcpu=cortex-m4 -std=gnu11 -g3 -DDEBUG -DUSE_HAL_DRIVER -DSTM32F446xx -c -I../Core/Inc -I../Drivers/STM32F4xx_HAL_Driver/Inc -I../Drivers/STM32F4xx_HAL_Driver/Inc/Legacy -I../Drivers/CMSIS/Device/ST/STM32F4xx/Include -I../Drivers/CMSIS/Include -I"/home/tomas1908/STM32CubeIDE/workspace_1.19.0/pdm/Trabajo_final_PdM/Drivers/API/Inc" -I"/home/tomas1908/STM32CubeIDE/workspace_1.19.0/pdm/Trabajo_final_PdM/Drivers/API/Src" -O0 -ffunction-sections -fdata-sections -Wall -fstack-usage -fcyclomatic-complexity -MMD -MP -MF"Core/Src/main.d" -MT"Core/Src/main.o" --specs=nano.specs -mfpu=fpv4-sp-d16 -mfloat-abi=hard -mthumb -o "Core/Src/main.o"
arm-none-eabi-gcc "../Core/Src/stm32f4xx_hal_msp.c" -mcpu=cortex-m4 -std=gnu11 -g3 -DDEBUG -DUSE_HAL_DRIVER -DSTM32F446xx -c -I../Core/Inc -I../Drivers/STM32F4xx_HAL_Driver/Inc -I../Drivers/STM32F4xx_HAL_Driver/Inc/Legacy -I../Drivers/CMSIS/Device/ST/STM32F4xx/Include -I../Drivers/CMSIS/Include -I"/home/tomas1908/STM32CubeIDE/workspace_1.19.0/pdm/Trabajo_final_PdM/Drivers/API/Inc" -I"/home/tomas1908/STM32CubeIDE/workspace_1.19.0/pdm/Trabajo_final_PdM/Drivers/API/Src" -O0 -ffunction-sections -fdata-sections -Wall -fstack-usage -fcyclomatic-complexity -MMD -MP -MF"Core/Src/stm32f4xx_hal_msp.d" -MT"Core/Src/stm32f4xx_hal_msp.o" --specs=nano.specs -mfpu=fpv4-sp-d16 -mfloat-abi=hard -mthumb -o "Core/Src/stm32f4xx_hal_msp.o"
arm-none-eabi-gcc "../Core/Src/stm32f4xx_it.c" -mcpu=cortex-m4 -std=gnu11 -g3 -DDEBUG -DUSE_HAL_DRIVER -DSTM32F446xx -c -I../Core/Inc -I../Drivers/STM32F4xx_HAL_Driver/Inc -I../Drivers/STM32F4xx_HAL_Driver/Inc/Legacy -I../Drivers/CMSIS/Device/ST/STM32F4xx/Include -I../Drivers/CMSIS/Include -I"/home/tomas1908/STM32CubeIDE/workspace_1.19.0/pdm/Trabajo_final_PdM/Drivers/API/Inc" -I"/home/tomas1908/STM32CubeIDE/workspace_1.19.0/pdm/Trabajo_final_PdM/Drivers/API/Src" -O0 -ffunction-sections -fdata-sections -Wall -fstack-usage -fcyclomatic-complexity -MMD -MP -MF"Core/Src/stm32f4xx_it.d" -MT"Core/Src/stm32f4xx_it.o" --specs=nano.specs -mfpu=fpv4-sp-d16 -mfloat-abi=hard -mthumb -o "Core/Src/stm32f4xx_it.o"
arm-none-eabi-gcc -o "Trabajo_final_PdM.elf" @"objects.list"   -mcpu=cortex-m4 -T"/home/tomas1908/STM32CubeIDE/workspace_1.19.0/pdm/Trabajo_final_PdM/STM32F446RETX_FLASH.ld" --specs=nosys.specs -Wl,-Map="Trabajo_final_PdM.map" -Wl,--gc-sections -static --specs=nano.specs -mfpu=fpv4-sp-d16 -mfloat-abi=hard -mthumb -Wl,--start-group -lc -lm -Wl,--end-group
Finished building target: Trabajo_final_PdM.elf
 
arm-none-eabi-size  Trabajo_final_PdM.elf 
arm-none-eabi-objdump -h -S Trabajo_final_PdM.elf  > "Trabajo_final_PdM.list"
   text	   data	    bss	    dec	    hex	filename
  12952	     12	   1716	  14680	   3958	Trabajo_final_PdM.elf
Finished building: default.size.stdout
 
Finished building: Trabajo_final_PdM.list
 
19:11:11 **** Incremental Build of configuration Debug for project Trabajo_final_PdM ****
make -j8 all 
arm-none-eabi-size  Trabajo_final_PdM.elf 
   text	   data	    bss	    dec	    hex	filename
  12952	     12	   1716	  14680	   3958	Trabajo_final_PdM.elf
Finished building: default.size.stdout
 
19:20:44 **** Incremental Build of configuration Debug for project Trabajo_final_PdM ****
make -j8 all 
arm-none-eabi-gcc "../Core/Src/main.c" -mcpu=cortex-m4 -std=gnu11 -g3 -DDEBUG -DUSE_HAL_DRIVER -DSTM32F446xx -c -I../Core/Inc -I../Drivers/STM32F4xx_HAL_Driver/Inc -I../Drivers/STM32F4xx_HAL_Driver/Inc/Legacy -I../Drivers/CMSIS/Device/ST/STM32F4xx/Include -I../Drivers/CMSIS/Include -I"/home/tomas1908/STM32CubeIDE/workspace_1.19.0/pdm/Trabajo_final_PdM/Drivers/API/Inc" -I"/home/tomas1908/STM32CubeIDE/workspace_1.19.0/pdm/Trabajo_final_PdM/Drivers/API/Src" -O0 -ffunction-sections -fdata-sections -Wall -fstack-usage -fcyclomatic-complexity -MMD -MP -MF"Core/Src/main.d" -MT"Core/Src/main.o" --specs=nano.specs -mfpu=fpv4-sp-d16 -mfloat-abi=hard -mthumb -o "Core/Src/main.o"
arm-none-eabi-gcc -o "Trabajo_final_PdM.elf" @"objects.list"   -mcpu=cortex-m4 -T"/home/tomas1908/STM32CubeIDE/workspace_1.19.0/pdm/Trabajo_final_PdM/STM32F446RETX_FLASH.ld" --specs=nosys.specs -Wl,-Map="Trabajo_final_PdM.map" -Wl,--gc-sections -static --specs=nano.specs -mfpu=fpv4-sp-d16 -mfloat-abi=hard -mthumb -Wl,--start-group -lc -lm -Wl,--end-group
Finished building target: Trabajo_final_PdM.elf
 
arm-none-eabi-size  Trabajo_final_PdM.elf 
arm-none-eabi-objdump -h -S Trabajo_final_PdM.elf  > "Trabajo_final_PdM.list"
   text	   data	    bss	    dec	    hex	filename
  12956	     12	   1716	  14684	   395c	Trabajo_final_PdM.elf
Finished building: default.size.stdout
 
Finished building: Trabajo_final_PdM.list
 
19:21:24 **** Incremental Build of configuration Debug for project Trabajo_final_PdM ****
make -j8 all 
arm-none-eabi-gcc "../Core/Src/main.c" -mcpu=cortex-m4 -std=gnu11 -g3 -DDEBUG -DUSE_HAL_DRIVER -DSTM32F446xx -c -I../Core/Inc -I../Drivers/STM32F4xx_HAL_Driver/Inc -I../Drivers/STM32F4xx_HAL_Driver/Inc/Legacy -I../Drivers/CMSIS/Device/ST/STM32F4xx/Include -I../Drivers/CMSIS/Include -I"/home/tomas1908/STM32CubeIDE/workspace_1.19.0/pdm/Trabajo_final_PdM/Drivers/API/Inc" -I"/home/tomas1908/STM32CubeIDE/workspace_1.19.0/pdm/Trabajo_final_PdM/Drivers/API/Src" -O0 -ffunction-sections -fdata-sections -Wall -fstack-usage -fcyclomatic-complexity -MMD -MP -MF"Core/Src/main.d" -MT"Core/Src/main.o" --specs=nano.specs -mfpu=fpv4-sp-d16 -mfloat-abi=hard -mthumb -o "Core/Src/main.o"
arm-none-eabi-gcc -o "Trabajo_final_PdM.elf" @"objects.list"   -mcpu=cortex-m4 -T"/home/tomas1908/STM32CubeIDE/workspace_1.19.0/pdm/Trabajo_final_PdM/STM32F446RETX_FLASH.ld" --specs=nosys.specs -Wl,-Map="Trabajo_final_PdM.map" -Wl,--gc-sections -static --specs=nano.specs -mfpu=fpv4-sp-d16 -mfloat-abi=hard -mthumb -Wl,--start-group -lc -lm -Wl,--end-group
Finished building target: Trabajo_final_PdM.elf
 
arm-none-eabi-size  Trabajo_final_PdM.elf 
arm-none-eabi-objdump -h -S Trabajo_final_PdM.elf  > "Trabajo_final_PdM.list"
   text	   data	    bss	    dec	    hex	filename
  12956	     12	   1716	  14684	   395c	Trabajo_final_PdM.elf
Finished building: default.size.stdout
 
Finished building: Trabajo_final_PdM.list
 
20:09:25 **** Build of configuration Debug for project Trabajo_final_PdM ****
make -j8 all 
arm-none-eabi-gcc "../Core/Src/main.c" -mcpu=cortex-m4 -std=gnu11 -g3 -DDEBUG -DUSE_HAL_DRIVER -DSTM32F446xx -c -I../Core/Inc -I../Drivers/STM32F4xx_HAL_Driver/Inc -I../Drivers/STM32F4xx_HAL_Driver/Inc/Legacy -I../Drivers/CMSIS/Device/ST/STM32F4xx/Include -I../Drivers/CMSIS/Include -I"/home/tomas1908/STM32CubeIDE/workspace_1.19.0/pdm/Trabajo_final_PdM/Drivers/API/Inc" -I"/home/tomas1908/STM32CubeIDE/workspace_1.19.0/pdm/Trabajo_final_PdM/Drivers/API/Src" -O0 -ffunction-sections -fdata-sections -Wall -fstack-usage -fcyclomatic-complexity -MMD -MP -MF"Core/Src/main.d" -MT"Core/Src/main.o" --specs=nano.specs -mfpu=fpv4-sp-d16 -mfloat-abi=hard -mthumb -o "Core/Src/main.o"
arm-none-eabi-gcc -o "Trabajo_final_PdM.elf" @"objects.list"   -mcpu=cortex-m4 -T"/home/tomas1908/STM32CubeIDE/workspace_1.19.0/pdm/Trabajo_final_PdM/STM32F446RETX_FLASH.ld" --specs=nosys.specs -Wl,-Map="Trabajo_final_PdM.map" -Wl,--gc-sections -static --specs=nano.specs -mfpu=fpv4-sp-d16 -mfloat-abi=hard -mthumb -Wl,--start-group -lc -lm -Wl,--end-group
Finished building target: Trabajo_final_PdM.elf
 
arm-none-eabi-size  Trabajo_final_PdM.elf 
arm-none-eabi-objdump -h -S Trabajo_final_PdM.elf  > "Trabajo_final_PdM.list"
   text	   data	    bss	    dec	    hex	filename
  12964	     12	   1716	  14692	   3964	Trabajo_final_PdM.elf
Finished building: default.size.stdout
 
Finished building: Trabajo_final_PdM.list
 
20:12:18 **** Incremental Build of configuration Debug for project Trabajo_final_PdM ****
make -j8 all 
arm-none-eabi-gcc "../Core/Src/main.c" -mcpu=cortex-m4 -std=gnu11 -g3 -DDEBUG -DUSE_HAL_DRIVER -DSTM32F446xx -c -I../Core/Inc -I../Drivers/STM32F4xx_HAL_Driver/Inc -I../Drivers/STM32F4xx_HAL_Driver/Inc/Legacy -I../Drivers/CMSIS/Device/ST/STM32F4xx/Include -I../Drivers/CMSIS/Include -I"/home/tomas1908/STM32CubeIDE/workspace_1.19.0/pdm/Trabajo_final_PdM/Drivers/API/Inc" -I"/home/tomas1908/STM32CubeIDE/workspace_1.19.0/pdm/Trabajo_final_PdM/Drivers/API/Src" -O0 -ffunction-sections -fdata-sections -Wall -fstack-usage -fcyclomatic-complexity -MMD -MP -MF"Core/Src/main.d" -MT"Core/Src/main.o" --specs=nano.specs -mfpu=fpv4-sp-d16 -mfloat-abi=hard -mthumb -o "Core/Src/main.o"
arm-none-eabi-gcc -o "Trabajo_final_PdM.elf" @"objects.list"   -mcpu=cortex-m4 -T"/home/tomas1908/STM32CubeIDE/workspace_1.19.0/pdm/Trabajo_final_PdM/STM32F446RETX_FLASH.ld" --specs=nosys.specs -Wl,-Map="Trabajo_final_PdM.map" -Wl,--gc-sections -static --specs=nano.specs -mfpu=fpv4-sp-d16 -mfloat-abi=hard -mthumb -Wl,--start-group -lc -lm -Wl,--end-group
Finished building target: Trabajo_final_PdM.elf
 
arm-none-eabi-size  Trabajo_final_PdM.elf 
arm-none-eabi-objdump -h -S Trabajo_final_PdM.elf  > "Trabajo_final_PdM.list"
   text	   data	    bss	    dec	    hex	filename
  12964	     12	   1716	  14692	   3964	Trabajo_final_PdM.elf
Finished building: default.size.stdout
 
Finished building: Trabajo_final_PdM.list
 
21:30:33 **** Incremental Build of configuration Debug for project Trabajo_final_PdM ****
make -j8 all 
arm-none-eabi-gcc "../Drivers/API/Src/API_ADC.c" -mcpu=cortex-m4 -std=gnu11 -g3 -DDEBUG -DUSE_HAL_DRIVER -DSTM32F446xx -c -I../Core/Inc -I../Drivers/STM32F4xx_HAL_Driver/Inc -I../Drivers/STM32F4xx_HAL_Driver/Inc/Legacy -I../Drivers/CMSIS/Device/ST/STM32F4xx/Include -I../Drivers/CMSIS/Include -I"/home/tomas1908/STM32CubeIDE/workspace_1.19.0/pdm/Trabajo_final_PdM/Drivers/API/Inc" -I"/home/tomas1908/STM32CubeIDE/workspace_1.19.0/pdm/Trabajo_final_PdM/Drivers/API/Src" -O0 -ffunction-sections -fdata-sections -Wall -fstack-usage -fcyclomatic-complexity -MMD -MP -MF"Drivers/API/Src/API_ADC.d" -MT"Drivers/API/Src/API_ADC.o" --specs=nano.specs -mfpu=fpv4-sp-d16 -mfloat-abi=hard -mthumb -o "Drivers/API/Src/API_ADC.o"
arm-none-eabi-gcc "../Drivers/API/Src/API_delay.c" -mcpu=cortex-m4 -std=gnu11 -g3 -DDEBUG -DUSE_HAL_DRIVER -DSTM32F446xx -c -I../Core/Inc -I../Drivers/STM32F4xx_HAL_Driver/Inc -I../Drivers/STM32F4xx_HAL_Driver/Inc/Legacy -I../Drivers/CMSIS/Device/ST/STM32F4xx/Include -I../Drivers/CMSIS/Include -I"/home/tomas1908/STM32CubeIDE/workspace_1.19.0/pdm/Trabajo_final_PdM/Drivers/API/Inc" -I"/home/tomas1908/STM32CubeIDE/workspace_1.19.0/pdm/Trabajo_final_PdM/Drivers/API/Src" -O0 -ffunction-sections -fdata-sections -Wall -fstack-usage -fcyclomatic-complexity -MMD -MP -MF"Drivers/API/Src/API_delay.d" -MT"Drivers/API/Src/API_delay.o" --specs=nano.specs -mfpu=fpv4-sp-d16 -mfloat-abi=hard -mthumb -o "Drivers/API/Src/API_delay.o"
arm-none-eabi-gcc "../Core/Src/main.c" -mcpu=cortex-m4 -std=gnu11 -g3 -DDEBUG -DUSE_HAL_DRIVER -DSTM32F446xx -c -I../Core/Inc -I../Drivers/STM32F4xx_HAL_Driver/Inc -I../Drivers/STM32F4xx_HAL_Driver/Inc/Legacy -I../Drivers/CMSIS/Device/ST/STM32F4xx/Include -I../Drivers/CMSIS/Include -I"/home/tomas1908/STM32CubeIDE/workspace_1.19.0/pdm/Trabajo_final_PdM/Drivers/API/Inc" -I"/home/tomas1908/STM32CubeIDE/workspace_1.19.0/pdm/Trabajo_final_PdM/Drivers/API/Src" -O0 -ffunction-sections -fdata-sections -Wall -fstack-usage -fcyclomatic-complexity -MMD -MP -MF"Core/Src/main.d" -MT"Core/Src/main.o" --specs=nano.specs -mfpu=fpv4-sp-d16 -mfloat-abi=hard -mthumb -o "Core/Src/main.o"
arm-none-eabi-gcc "../Core/Src/stm32f4xx_hal_msp.c" -mcpu=cortex-m4 -std=gnu11 -g3 -DDEBUG -DUSE_HAL_DRIVER -DSTM32F446xx -c -I../Core/Inc -I../Drivers/STM32F4xx_HAL_Driver/Inc -I../Drivers/STM32F4xx_HAL_Driver/Inc/Legacy -I../Drivers/CMSIS/Device/ST/STM32F4xx/Include -I../Drivers/CMSIS/Include -I"/home/tomas1908/STM32CubeIDE/workspace_1.19.0/pdm/Trabajo_final_PdM/Drivers/API/Inc" -I"/home/tomas1908/STM32CubeIDE/workspace_1.19.0/pdm/Trabajo_final_PdM/Drivers/API/Src" -O0 -ffunction-sections -fdata-sections -Wall -fstack-usage -fcyclomatic-complexity -MMD -MP -MF"Core/Src/stm32f4xx_hal_msp.d" -MT"Core/Src/stm32f4xx_hal_msp.o" --specs=nano.specs -mfpu=fpv4-sp-d16 -mfloat-abi=hard -mthumb -o "Core/Src/stm32f4xx_hal_msp.o"
arm-none-eabi-gcc "../Core/Src/stm32f4xx_it.c" -mcpu=cortex-m4 -std=gnu11 -g3 -DDEBUG -DUSE_HAL_DRIVER -DSTM32F446xx -c -I../Core/Inc -I../Drivers/STM32F4xx_HAL_Driver/Inc -I../Drivers/STM32F4xx_HAL_Driver/Inc/Legacy -I../Drivers/CMSIS/Device/ST/STM32F4xx/Include -I../Drivers/CMSIS/Include -I"/home/tomas1908/STM32CubeIDE/workspace_1.19.0/pdm/Trabajo_final_PdM/Drivers/API/Inc" -I"/home/tomas1908/STM32CubeIDE/workspace_1.19.0/pdm/Trabajo_final_PdM/Drivers/API/Src" -O0 -ffunction-sections -fdata-sections -Wall -fstack-usage -fcyclomatic-complexity -MMD -MP -MF"Core/Src/stm32f4xx_it.d" -MT"Core/Src/stm32f4xx_it.o" --specs=nano.specs -mfpu=fpv4-sp-d16 -mfloat-abi=hard -mthumb -o "Core/Src/stm32f4xx_it.o"
../Drivers/API/Src/API_delay.c: In function 'delayInit':
../Drivers/API/Src/API_delay.c:13:24: error: 'able' undeclared (first use in this function)
   13 |         delay->running=able;                                                            //asignaciones
      |                        ^~~~
../Drivers/API/Src/API_delay.c:13:24: note: each undeclared identifier is reported only once for each function it appears in
../Drivers/API/Src/API_delay.c: In function 'delayRead':
../Drivers/API/Src/API_delay.c:22:32: error: 'ready' undeclared (first use in this function)
   22 |                 delay->running=ready;
      |                                ^~~~~
../Core/Src/main.c:72:6: error: conflicting types for 'action_write'; have 'void(void)'
   72 | void action_write(void);
      |      ^~~~~~~~~~~~
../Core/Src/main.c:71:6: note: previous declaration of 'action_write' with type 'void(uint32_t,  delay_t *)' {aka 'void(long unsigned int,  delay_t *)'}
   71 | void action_write(uint32_t ADC_value,delay_t * mechanic_delay);
      |      ^~~~~~~~~~~~
../Core/Src/main.c: In function 'main':
../Core/Src/main.c:140:36: warning: value computed is not used [-Wunused-value]
  140 |                 ADC_data.dato_ready==false;
      |                                    ^
make: *** [Drivers/API/Src/subdir.mk:22: Drivers/API/Src/API_delay.o] Error 1
make: *** Waiting for unfinished jobs....
../Core/Src/main.c: In function 'FSM':
../Core/Src/main.c:365:33: error: too many arguments to function 'action_write'
  365 |                                 action_write(adc_value_x);
      |                                 ^~~~~~~~~~~~
../Core/Src/main.c:72:6: note: declared here
   72 | void action_write(void);
      |      ^~~~~~~~~~~~
../Core/Src/main.c:369:33: warning: implicit declaration of function 'action_wait'; did you mean 'action_write'? [-Wimplicit-function-declaration]
  369 |                                 action_wait();
      |                                 ^~~~~~~~~~~
      |                                 action_write
../Core/Src/main.c: At top level:
../Core/Src/main.c:394:6: warning: conflicting types for 'action_wait'; have 'void(void)'
  394 | void action_wait(void){
      |      ^~~~~~~~~~~
../Core/Src/main.c:369:33: note: previous implicit declaration of 'action_wait' with type 'void(void)'
  369 |                                 action_wait();
      |                                 ^~~~~~~~~~~
../Core/Src/main.c: In function 'action_write':
../Core/Src/main.c:400:9: warning: implicit declaration of function 'mensaje'; did you mean 'message'? [-Wimplicit-function-declaration]
  400 |         mensaje(ADC_value);
      |         ^~~~~~~
      |         message
make: *** [Core/Src/subdir.mk:34: Core/Src/main.o] Error 1
"make -j8 all" terminated with exit code 2. Build might be incomplete.
21:30:58 **** Incremental Build of configuration Debug for project Trabajo_final_PdM ****
make -j8 all 
arm-none-eabi-gcc "../Drivers/API/Src/API_delay.c" -mcpu=cortex-m4 -std=gnu11 -g3 -DDEBUG -DUSE_HAL_DRIVER -DSTM32F446xx -c -I../Core/Inc -I../Drivers/STM32F4xx_HAL_Driver/Inc -I../Drivers/STM32F4xx_HAL_Driver/Inc/Legacy -I../Drivers/CMSIS/Device/ST/STM32F4xx/Include -I../Drivers/CMSIS/Include -I"/home/tomas1908/STM32CubeIDE/workspace_1.19.0/pdm/Trabajo_final_PdM/Drivers/API/Inc" -I"/home/tomas1908/STM32CubeIDE/workspace_1.19.0/pdm/Trabajo_final_PdM/Drivers/API/Src" -O0 -ffunction-sections -fdata-sections -Wall -fstack-usage -fcyclomatic-complexity -MMD -MP -MF"Drivers/API/Src/API_delay.d" -MT"Drivers/API/Src/API_delay.o" --specs=nano.specs -mfpu=fpv4-sp-d16 -mfloat-abi=hard -mthumb -o "Drivers/API/Src/API_delay.o"
arm-none-eabi-gcc "../Core/Src/main.c" -mcpu=cortex-m4 -std=gnu11 -g3 -DDEBUG -DUSE_HAL_DRIVER -DSTM32F446xx -c -I../Core/Inc -I../Drivers/STM32F4xx_HAL_Driver/Inc -I../Drivers/STM32F4xx_HAL_Driver/Inc/Legacy -I../Drivers/CMSIS/Device/ST/STM32F4xx/Include -I../Drivers/CMSIS/Include -I"/home/tomas1908/STM32CubeIDE/workspace_1.19.0/pdm/Trabajo_final_PdM/Drivers/API/Inc" -I"/home/tomas1908/STM32CubeIDE/workspace_1.19.0/pdm/Trabajo_final_PdM/Drivers/API/Src" -O0 -ffunction-sections -fdata-sections -Wall -fstack-usage -fcyclomatic-complexity -MMD -MP -MF"Core/Src/main.d" -MT"Core/Src/main.o" --specs=nano.specs -mfpu=fpv4-sp-d16 -mfloat-abi=hard -mthumb -o "Core/Src/main.o"
../Core/Src/main.c:72:6: error: conflicting types for 'action_write'; have 'void(void)'
   72 | void action_write(void);
      |      ^~~~~~~~~~~~
../Core/Src/main.c:71:6: note: previous declaration of 'action_write' with type 'void(uint32_t,  delay_t *)' {aka 'void(long unsigned int,  delay_t *)'}
   71 | void action_write(uint32_t ADC_value,delay_t * mechanic_delay);
      |      ^~~~~~~~~~~~
../Core/Src/main.c: In function 'main':
../Core/Src/main.c:140:36: warning: value computed is not used [-Wunused-value]
  140 |                 ADC_data.dato_ready==false;
      |                                    ^
../Core/Src/main.c: In function 'FSM':
../Core/Src/main.c:365:33: error: too many arguments to function 'action_write'
  365 |                                 action_write(adc_value_x);
      |                                 ^~~~~~~~~~~~
../Core/Src/main.c:72:6: note: declared here
   72 | void action_write(void);
      |      ^~~~~~~~~~~~
../Core/Src/main.c:369:33: warning: implicit declaration of function 'action_wait'; did you mean 'action_write'? [-Wimplicit-function-declaration]
  369 |                                 action_wait();
      |                                 ^~~~~~~~~~~
      |                                 action_write
../Core/Src/main.c: At top level:
../Core/Src/main.c:394:6: warning: conflicting types for 'action_wait'; have 'void(void)'
  394 | void action_wait(void){
      |      ^~~~~~~~~~~
../Core/Src/main.c:369:33: note: previous implicit declaration of 'action_wait' with type 'void(void)'
  369 |                                 action_wait();
      |                                 ^~~~~~~~~~~
../Core/Src/main.c: In function 'action_write':
../Core/Src/main.c:400:9: warning: implicit declaration of function 'mensaje'; did you mean 'message'? [-Wimplicit-function-declaration]
  400 |         mensaje(ADC_value);
      |         ^~~~~~~
      |         message
make: *** [Core/Src/subdir.mk:34: Core/Src/main.o] Error 1
make: *** Waiting for unfinished jobs....
"make -j8 all" terminated with exit code 2. Build might be incomplete.
21:32:18 **** Incremental Build of configuration Debug for project Trabajo_final_PdM ****
make -j8 all 
arm-none-eabi-gcc "../Core/Src/main.c" -mcpu=cortex-m4 -std=gnu11 -g3 -DDEBUG -DUSE_HAL_DRIVER -DSTM32F446xx -c -I../Core/Inc -I../Drivers/STM32F4xx_HAL_Driver/Inc -I../Drivers/STM32F4xx_HAL_Driver/Inc/Legacy -I../Drivers/CMSIS/Device/ST/STM32F4xx/Include -I../Drivers/CMSIS/Include -I"/home/tomas1908/STM32CubeIDE/workspace_1.19.0/pdm/Trabajo_final_PdM/Drivers/API/Inc" -I"/home/tomas1908/STM32CubeIDE/workspace_1.19.0/pdm/Trabajo_final_PdM/Drivers/API/Src" -O0 -ffunction-sections -fdata-sections -Wall -fstack-usage -fcyclomatic-complexity -MMD -MP -MF"Core/Src/main.d" -MT"Core/Src/main.o" --specs=nano.specs -mfpu=fpv4-sp-d16 -mfloat-abi=hard -mthumb -o "Core/Src/main.o"
../Core/Src/main.c:60:11: error: expected '=', ',', ';', 'asm' or '__attribute__' before '.' token
   60 | delay_mech.running=disable_mode;
      |           ^
../Core/Src/main.c:76:6: error: conflicting types for 'action_write'; have 'void(void)'
   76 | void action_write(void);
      |      ^~~~~~~~~~~~
../Core/Src/main.c:75:6: note: previous declaration of 'action_write' with type 'void(uint32_t,  delay_t *)' {aka 'void(long unsigned int,  delay_t *)'}
   75 | void action_write(uint32_t ADC_value,delay_t * mechanic_delay);
      |      ^~~~~~~~~~~~
../Core/Src/main.c: In function 'main':
../Core/Src/main.c:141:36: warning: value computed is not used [-Wunused-value]
  141 |                 ADC_data.dato_ready==false;
      |                                    ^
../Core/Src/main.c: In function 'FSM':
../Core/Src/main.c:366:58: error: expected expression before ')' token
  366 |                                 action_write(adc_value_x,);
      |                                                          ^
../Core/Src/main.c:366:33: error: too many arguments to function 'action_write'
  366 |                                 action_write(adc_value_x,);
      |                                 ^~~~~~~~~~~~
../Core/Src/main.c:76:6: note: declared here
   76 | void action_write(void);
      |      ^~~~~~~~~~~~
../Core/Src/main.c:370:33: warning: implicit declaration of function 'action_wait'; did you mean 'action_write'? [-Wimplicit-function-declaration]
  370 |                                 action_wait();
      |                                 ^~~~~~~~~~~
      |                                 action_write
../Core/Src/main.c: At top level:
../Core/Src/main.c:395:6: warning: conflicting types for 'action_wait'; have 'void(void)'
  395 | void action_wait(void){
      |      ^~~~~~~~~~~
../Core/Src/main.c:370:33: note: previous implicit declaration of 'action_wait' with type 'void(void)'
  370 |                                 action_wait();
      |                                 ^~~~~~~~~~~
../Core/Src/main.c: In function 'action_write':
../Core/Src/main.c:401:9: warning: implicit declaration of function 'mensaje'; did you mean 'message'? [-Wimplicit-function-declaration]
  401 |         mensaje(ADC_value);
      |         ^~~~~~~
      |         message
make: *** [Core/Src/subdir.mk:34: Core/Src/main.o] Error 1
"make -j8 all" terminated with exit code 2. Build might be incomplete.
21:32:52 **** Incremental Build of configuration Debug for project Trabajo_final_PdM ****
make -j8 all 
arm-none-eabi-gcc "../Core/Src/main.c" -mcpu=cortex-m4 -std=gnu11 -g3 -DDEBUG -DUSE_HAL_DRIVER -DSTM32F446xx -c -I../Core/Inc -I../Drivers/STM32F4xx_HAL_Driver/Inc -I../Drivers/STM32F4xx_HAL_Driver/Inc/Legacy -I../Drivers/CMSIS/Device/ST/STM32F4xx/Include -I../Drivers/CMSIS/Include -I"/home/tomas1908/STM32CubeIDE/workspace_1.19.0/pdm/Trabajo_final_PdM/Drivers/API/Inc" -I"/home/tomas1908/STM32CubeIDE/workspace_1.19.0/pdm/Trabajo_final_PdM/Drivers/API/Src" -O0 -ffunction-sections -fdata-sections -Wall -fstack-usage -fcyclomatic-complexity -MMD -MP -MF"Core/Src/main.d" -MT"Core/Src/main.o" --specs=nano.specs -mfpu=fpv4-sp-d16 -mfloat-abi=hard -mthumb -o "Core/Src/main.o"
../Core/Src/main.c:75:6: error: conflicting types for 'action_write'; have 'void(void)'
   75 | void action_write(void);
      |      ^~~~~~~~~~~~
../Core/Src/main.c:74:6: note: previous declaration of 'action_write' with type 'void(uint32_t,  delay_t *)' {aka 'void(long unsigned int,  delay_t *)'}
   74 | void action_write(uint32_t ADC_value,delay_t * mechanic_delay);
      |      ^~~~~~~~~~~~
../Core/Src/main.c: In function 'main':
../Core/Src/main.c:142:36: warning: value computed is not used [-Wunused-value]
  142 |                 ADC_data.dato_ready==false;
      |                                    ^
../Core/Src/main.c: In function 'FSM':
../Core/Src/main.c:367:58: error: expected expression before ')' token
  367 |                                 action_write(adc_value_x,);
      |                                                          ^
../Core/Src/main.c:367:33: error: too many arguments to function 'action_write'
  367 |                                 action_write(adc_value_x,);
      |                                 ^~~~~~~~~~~~
../Core/Src/main.c:75:6: note: declared here
   75 | void action_write(void);
      |      ^~~~~~~~~~~~
../Core/Src/main.c:371:33: warning: implicit declaration of function 'action_wait'; did you mean 'action_write'? [-Wimplicit-function-declaration]
  371 |                                 action_wait();
      |                                 ^~~~~~~~~~~
      |                                 action_write
../Core/Src/main.c: At top level:
../Core/Src/main.c:396:6: warning: conflicting types for 'action_wait'; have 'void(void)'
  396 | void action_wait(void){
      |      ^~~~~~~~~~~
../Core/Src/main.c:371:33: note: previous implicit declaration of 'action_wait' with type 'void(void)'
  371 |                                 action_wait();
      |                                 ^~~~~~~~~~~
../Core/Src/main.c: In function 'action_write':
../Core/Src/main.c:402:9: warning: implicit declaration of function 'mensaje'; did you mean 'message'? [-Wimplicit-function-declaration]
  402 |         mensaje(ADC_value);
      |         ^~~~~~~
      |         message
make: *** [Core/Src/subdir.mk:34: Core/Src/main.o] Error 1
"make -j8 all" terminated with exit code 2. Build might be incomplete.
21:36:45 **** Incremental Build of configuration Debug for project Trabajo_final_PdM ****
make -j8 all 
arm-none-eabi-gcc "../Drivers/API/Src/API_delay.c" -mcpu=cortex-m4 -std=gnu11 -g3 -DDEBUG -DUSE_HAL_DRIVER -DSTM32F446xx -c -I../Core/Inc -I../Drivers/STM32F4xx_HAL_Driver/Inc -I../Drivers/STM32F4xx_HAL_Driver/Inc/Legacy -I../Drivers/CMSIS/Device/ST/STM32F4xx/Include -I../Drivers/CMSIS/Include -I"/home/tomas1908/STM32CubeIDE/workspace_1.19.0/pdm/Trabajo_final_PdM/Drivers/API/Inc" -I"/home/tomas1908/STM32CubeIDE/workspace_1.19.0/pdm/Trabajo_final_PdM/Drivers/API/Src" -O0 -ffunction-sections -fdata-sections -Wall -fstack-usage -fcyclomatic-complexity -MMD -MP -MF"Drivers/API/Src/API_delay.d" -MT"Drivers/API/Src/API_delay.o" --specs=nano.specs -mfpu=fpv4-sp-d16 -mfloat-abi=hard -mthumb -o "Drivers/API/Src/API_delay.o"
arm-none-eabi-gcc "../Core/Src/main.c" -mcpu=cortex-m4 -std=gnu11 -g3 -DDEBUG -DUSE_HAL_DRIVER -DSTM32F446xx -c -I../Core/Inc -I../Drivers/STM32F4xx_HAL_Driver/Inc -I../Drivers/STM32F4xx_HAL_Driver/Inc/Legacy -I../Drivers/CMSIS/Device/ST/STM32F4xx/Include -I../Drivers/CMSIS/Include -I"/home/tomas1908/STM32CubeIDE/workspace_1.19.0/pdm/Trabajo_final_PdM/Drivers/API/Inc" -I"/home/tomas1908/STM32CubeIDE/workspace_1.19.0/pdm/Trabajo_final_PdM/Drivers/API/Src" -O0 -ffunction-sections -fdata-sections -Wall -fstack-usage -fcyclomatic-complexity -MMD -MP -MF"Core/Src/main.d" -MT"Core/Src/main.o" --specs=nano.specs -mfpu=fpv4-sp-d16 -mfloat-abi=hard -mthumb -o "Core/Src/main.o"
arm-none-eabi-gcc "../Core/Src/stm32f4xx_hal_msp.c" -mcpu=cortex-m4 -std=gnu11 -g3 -DDEBUG -DUSE_HAL_DRIVER -DSTM32F446xx -c -I../Core/Inc -I../Drivers/STM32F4xx_HAL_Driver/Inc -I../Drivers/STM32F4xx_HAL_Driver/Inc/Legacy -I../Drivers/CMSIS/Device/ST/STM32F4xx/Include -I../Drivers/CMSIS/Include -I"/home/tomas1908/STM32CubeIDE/workspace_1.19.0/pdm/Trabajo_final_PdM/Drivers/API/Inc" -I"/home/tomas1908/STM32CubeIDE/workspace_1.19.0/pdm/Trabajo_final_PdM/Drivers/API/Src" -O0 -ffunction-sections -fdata-sections -Wall -fstack-usage -fcyclomatic-complexity -MMD -MP -MF"Core/Src/stm32f4xx_hal_msp.d" -MT"Core/Src/stm32f4xx_hal_msp.o" --specs=nano.specs -mfpu=fpv4-sp-d16 -mfloat-abi=hard -mthumb -o "Core/Src/stm32f4xx_hal_msp.o"
arm-none-eabi-gcc "../Core/Src/stm32f4xx_it.c" -mcpu=cortex-m4 -std=gnu11 -g3 -DDEBUG -DUSE_HAL_DRIVER -DSTM32F446xx -c -I../Core/Inc -I../Drivers/STM32F4xx_HAL_Driver/Inc -I../Drivers/STM32F4xx_HAL_Driver/Inc/Legacy -I../Drivers/CMSIS/Device/ST/STM32F4xx/Include -I../Drivers/CMSIS/Include -I"/home/tomas1908/STM32CubeIDE/workspace_1.19.0/pdm/Trabajo_final_PdM/Drivers/API/Inc" -I"/home/tomas1908/STM32CubeIDE/workspace_1.19.0/pdm/Trabajo_final_PdM/Drivers/API/Src" -O0 -ffunction-sections -fdata-sections -Wall -fstack-usage -fcyclomatic-complexity -MMD -MP -MF"Core/Src/stm32f4xx_it.d" -MT"Core/Src/stm32f4xx_it.o" --specs=nano.specs -mfpu=fpv4-sp-d16 -mfloat-abi=hard -mthumb -o "Core/Src/stm32f4xx_it.o"
../Core/Src/main.c:75:6: error: conflicting types for 'action_write'; have 'void(void)'
   75 | void action_write(void);
      |      ^~~~~~~~~~~~
../Core/Src/main.c:74:6: note: previous declaration of 'action_write' with type 'void(uint32_t,  delay_t *)' {aka 'void(long unsigned int,  delay_t *)'}
   74 | void action_write(uint32_t ADC_value,delay_t * mechanic_delay);
      |      ^~~~~~~~~~~~
../Core/Src/main.c: In function 'main':
../Core/Src/main.c:142:36: warning: value computed is not used [-Wunused-value]
  142 |                 ADC_data.dato_ready==false;
      |                                    ^
../Core/Src/main.c:146:22: warning: passing argument 1 of 'delayRead' discards 'volatile' qualifier from pointer target type [-Wdiscarded-qualifiers]
  146 |         if(delayRead(&delay_mech) == ready_mode){
      |                      ^~~~~~~~~~~
In file included from ../Core/Inc/main.h:34,
                 from ../Core/Src/main.c:20:
/home/tomas1908/STM32CubeIDE/workspace_1.19.0/pdm/Trabajo_final_PdM/Drivers/API/Inc/API_delay.h:24:29: note: expected 'delay_t *' but argument is of type 'volatile delay_t *'
   24 | mode_t delayRead( delay_t * delay );
      |                   ~~~~~~~~~~^~~~~
../Core/Src/main.c:147:30: warning: passing argument 1 of 'delayDisable' discards 'volatile' qualifier from pointer target type [-Wdiscarded-qualifiers]
  147 |                 delayDisable(&delay_mech);
      |                              ^~~~~~~~~~~
/home/tomas1908/STM32CubeIDE/workspace_1.19.0/pdm/Trabajo_final_PdM/Drivers/API/Inc/API_delay.h:25:29: note: expected 'delay_t *' but argument is of type 'volatile delay_t *'
   25 | void delayDisable(delay_t * delay);
      |                   ~~~~~~~~~~^~~~~
../Core/Src/main.c: In function 'FSM':
../Core/Src/main.c:367:33: error: too many arguments to function 'action_write'
  367 |                                 action_write(adc_value_x, &delay_mech);
      |                                 ^~~~~~~~~~~~
../Core/Src/main.c:75:6: note: declared here
   75 | void action_write(void);
      |      ^~~~~~~~~~~~
../Core/Src/main.c:371:33: warning: implicit declaration of function 'action_wait'; did you mean 'action_write'? [-Wimplicit-function-declaration]
  371 |                                 action_wait();
      |                                 ^~~~~~~~~~~
      |                                 action_write
../Core/Src/main.c: At top level:
../Core/Src/main.c:396:6: warning: conflicting types for 'action_wait'; have 'void(void)'
  396 | void action_wait(void){
      |      ^~~~~~~~~~~
../Core/Src/main.c:371:33: note: previous implicit declaration of 'action_wait' with type 'void(void)'
  371 |                                 action_wait();
      |                                 ^~~~~~~~~~~
../Core/Src/main.c: In function 'action_write':
../Core/Src/main.c:402:9: warning: implicit declaration of function 'mensaje'; did you mean 'message'? [-Wimplicit-function-declaration]
  402 |         mensaje(ADC_value);
      |         ^~~~~~~
      |         message
make: *** [Core/Src/subdir.mk:34: Core/Src/main.o] Error 1
make: *** Waiting for unfinished jobs....
"make -j8 all" terminated with exit code 2. Build might be incomplete.
21:36:58 **** Incremental Build of configuration Debug for project Trabajo_final_PdM ****
make -j8 all 
arm-none-eabi-gcc "../Core/Src/main.c" -mcpu=cortex-m4 -std=gnu11 -g3 -DDEBUG -DUSE_HAL_DRIVER -DSTM32F446xx -c -I../Core/Inc -I../Drivers/STM32F4xx_HAL_Driver/Inc -I../Drivers/STM32F4xx_HAL_Driver/Inc/Legacy -I../Drivers/CMSIS/Device/ST/STM32F4xx/Include -I../Drivers/CMSIS/Include -I"/home/tomas1908/STM32CubeIDE/workspace_1.19.0/pdm/Trabajo_final_PdM/Drivers/API/Inc" -I"/home/tomas1908/STM32CubeIDE/workspace_1.19.0/pdm/Trabajo_final_PdM/Drivers/API/Src" -O0 -ffunction-sections -fdata-sections -Wall -fstack-usage -fcyclomatic-complexity -MMD -MP -MF"Core/Src/main.d" -MT"Core/Src/main.o" --specs=nano.specs -mfpu=fpv4-sp-d16 -mfloat-abi=hard -mthumb -o "Core/Src/main.o"
../Core/Src/main.c: In function 'main':
../Core/Src/main.c:141:36: warning: value computed is not used [-Wunused-value]
  141 |                 ADC_data.dato_ready==false;
      |                                    ^
../Core/Src/main.c:145:22: warning: passing argument 1 of 'delayRead' discards 'volatile' qualifier from pointer target type [-Wdiscarded-qualifiers]
  145 |         if(delayRead(&delay_mech) == ready_mode){
      |                      ^~~~~~~~~~~
In file included from ../Core/Inc/main.h:34,
                 from ../Core/Src/main.c:20:
/home/tomas1908/STM32CubeIDE/workspace_1.19.0/pdm/Trabajo_final_PdM/Drivers/API/Inc/API_delay.h:24:29: note: expected 'delay_t *' but argument is of type 'volatile delay_t *'
   24 | mode_t delayRead( delay_t * delay );
      |                   ~~~~~~~~~~^~~~~
../Core/Src/main.c:146:30: warning: passing argument 1 of 'delayDisable' discards 'volatile' qualifier from pointer target type [-Wdiscarded-qualifiers]
  146 |                 delayDisable(&delay_mech);
      |                              ^~~~~~~~~~~
/home/tomas1908/STM32CubeIDE/workspace_1.19.0/pdm/Trabajo_final_PdM/Drivers/API/Inc/API_delay.h:25:29: note: expected 'delay_t *' but argument is of type 'volatile delay_t *'
   25 | void delayDisable(delay_t * delay);
      |                   ~~~~~~~~~~^~~~~
../Core/Src/main.c: In function 'FSM':
../Core/Src/main.c:366:59: warning: passing argument 2 of 'action_write' discards 'volatile' qualifier from pointer target type [-Wdiscarded-qualifiers]
  366 |                                 action_write(adc_value_x, &delay_mech);
      |                                                           ^~~~~~~~~~~
../Core/Src/main.c:74:48: note: expected 'delay_t *' but argument is of type 'volatile delay_t *'
   74 | void action_write(uint32_t ADC_value,delay_t * mechanic_delay);
      |                                      ~~~~~~~~~~^~~~~~~~~~~~~~
../Core/Src/main.c:370:33: warning: implicit declaration of function 'action_wait'; did you mean 'action_write'? [-Wimplicit-function-declaration]
  370 |                                 action_wait();
      |                                 ^~~~~~~~~~~
      |                                 action_write
../Core/Src/main.c: At top level:
../Core/Src/main.c:395:6: warning: conflicting types for 'action_wait'; have 'void(void)'
  395 | void action_wait(void){
      |      ^~~~~~~~~~~
../Core/Src/main.c:370:33: note: previous implicit declaration of 'action_wait' with type 'void(void)'
  370 |                                 action_wait();
      |                                 ^~~~~~~~~~~
../Core/Src/main.c: In function 'action_write':
../Core/Src/main.c:401:9: warning: implicit declaration of function 'mensaje'; did you mean 'message'? [-Wimplicit-function-declaration]
  401 |         mensaje(ADC_value);
      |         ^~~~~~~
      |         message
arm-none-eabi-gcc -o "Trabajo_final_PdM.elf" @"objects.list"   -mcpu=cortex-m4 -T"/home/tomas1908/STM32CubeIDE/workspace_1.19.0/pdm/Trabajo_final_PdM/STM32F446RETX_FLASH.ld" --specs=nosys.specs -Wl,-Map="Trabajo_final_PdM.map" -Wl,--gc-sections -static --specs=nano.specs -mfpu=fpv4-sp-d16 -mfloat-abi=hard -mthumb -Wl,--start-group -lc -lm -Wl,--end-group
/opt/st/stm32cubeide_1.19.0/plugins/com.st.stm32cube.ide.mcu.externaltools.gnu-tools-for-stm32.13.3.rel1.linux64_1.0.0.202410170706/tools/bin/../lib/gcc/arm-none-eabi/13.3.1/../../../../arm-none-eabi/bin/ld: ./Core/Src/main.o: in function `action_write':
/home/tomas1908/STM32CubeIDE/workspace_1.19.0/pdm/Trabajo_final_PdM/Debug/../Core/Src/main.c:401:(.text.action_write+0xc): undefined reference to `mensaje'
collect2: error: ld returned 1 exit status
make: *** [makefile:65: Trabajo_final_PdM.elf] Error 1
"make -j8 all" terminated with exit code 2. Build might be incomplete.
21:37:45 **** Incremental Build of configuration Debug for project Trabajo_final_PdM ****
make -j8 all 
arm-none-eabi-gcc "../Core/Src/main.c" -mcpu=cortex-m4 -std=gnu11 -g3 -DDEBUG -DUSE_HAL_DRIVER -DSTM32F446xx -c -I../Core/Inc -I../Drivers/STM32F4xx_HAL_Driver/Inc -I../Drivers/STM32F4xx_HAL_Driver/Inc/Legacy -I../Drivers/CMSIS/Device/ST/STM32F4xx/Include -I../Drivers/CMSIS/Include -I"/home/tomas1908/STM32CubeIDE/workspace_1.19.0/pdm/Trabajo_final_PdM/Drivers/API/Inc" -I"/home/tomas1908/STM32CubeIDE/workspace_1.19.0/pdm/Trabajo_final_PdM/Drivers/API/Src" -O0 -ffunction-sections -fdata-sections -Wall -fstack-usage -fcyclomatic-complexity -MMD -MP -MF"Core/Src/main.d" -MT"Core/Src/main.o" --specs=nano.specs -mfpu=fpv4-sp-d16 -mfloat-abi=hard -mthumb -o "Core/Src/main.o"
../Core/Src/main.c: In function 'main':
../Core/Src/main.c:141:36: warning: value computed is not used [-Wunused-value]
  141 |                 ADC_data.dato_ready==false;
      |                                    ^
../Core/Src/main.c:145:22: warning: passing argument 1 of 'delayRead' discards 'volatile' qualifier from pointer target type [-Wdiscarded-qualifiers]
  145 |         if(delayRead(&delay_mech) == ready_mode){
      |                      ^~~~~~~~~~~
In file included from ../Core/Inc/main.h:34,
                 from ../Core/Src/main.c:20:
/home/tomas1908/STM32CubeIDE/workspace_1.19.0/pdm/Trabajo_final_PdM/Drivers/API/Inc/API_delay.h:24:29: note: expected 'delay_t *' but argument is of type 'volatile delay_t *'
   24 | mode_t delayRead( delay_t * delay );
      |                   ~~~~~~~~~~^~~~~
../Core/Src/main.c:146:30: warning: passing argument 1 of 'delayDisable' discards 'volatile' qualifier from pointer target type [-Wdiscarded-qualifiers]
  146 |                 delayDisable(&delay_mech);
      |                              ^~~~~~~~~~~
/home/tomas1908/STM32CubeIDE/workspace_1.19.0/pdm/Trabajo_final_PdM/Drivers/API/Inc/API_delay.h:25:29: note: expected 'delay_t *' but argument is of type 'volatile delay_t *'
   25 | void delayDisable(delay_t * delay);
      |                   ~~~~~~~~~~^~~~~
../Core/Src/main.c: In function 'FSM':
../Core/Src/main.c:366:59: warning: passing argument 2 of 'action_write' discards 'volatile' qualifier from pointer target type [-Wdiscarded-qualifiers]
  366 |                                 action_write(adc_value_x, &delay_mech);
      |                                                           ^~~~~~~~~~~
../Core/Src/main.c:74:48: note: expected 'delay_t *' but argument is of type 'volatile delay_t *'
   74 | void action_write(uint32_t ADC_value,delay_t * mechanic_delay);
      |                                      ~~~~~~~~~~^~~~~~~~~~~~~~
../Core/Src/main.c:370:33: warning: implicit declaration of function 'action_wait'; did you mean 'action_write'? [-Wimplicit-function-declaration]
  370 |                                 action_wait();
      |                                 ^~~~~~~~~~~
      |                                 action_write
../Core/Src/main.c: At top level:
../Core/Src/main.c:395:6: warning: conflicting types for 'action_wait'; have 'void(void)'
  395 | void action_wait(void){
      |      ^~~~~~~~~~~
../Core/Src/main.c:370:33: note: previous implicit declaration of 'action_wait' with type 'void(void)'
  370 |                                 action_wait();
      |                                 ^~~~~~~~~~~
arm-none-eabi-gcc -o "Trabajo_final_PdM.elf" @"objects.list"   -mcpu=cortex-m4 -T"/home/tomas1908/STM32CubeIDE/workspace_1.19.0/pdm/Trabajo_final_PdM/STM32F446RETX_FLASH.ld" --specs=nosys.specs -Wl,-Map="Trabajo_final_PdM.map" -Wl,--gc-sections -static --specs=nano.specs -mfpu=fpv4-sp-d16 -mfloat-abi=hard -mthumb -Wl,--start-group -lc -lm -Wl,--end-group
Finished building target: Trabajo_final_PdM.elf
 
arm-none-eabi-size  Trabajo_final_PdM.elf 
arm-none-eabi-objdump -h -S Trabajo_final_PdM.elf  > "Trabajo_final_PdM.list"
   text	   data	    bss	    dec	    hex	filename
  13384	     12	   1732	  15128	   3b18	Trabajo_final_PdM.elf
Finished building: default.size.stdout
 
Finished building: Trabajo_final_PdM.list
 
21:38:05 **** Incremental Build of configuration Debug for project Trabajo_final_PdM ****
make -j8 all 
arm-none-eabi-size  Trabajo_final_PdM.elf 
   text	   data	    bss	    dec	    hex	filename
  13384	     12	   1732	  15128	   3b18	Trabajo_final_PdM.elf
Finished building: default.size.stdout
 
21:39:02 **** Incremental Build of configuration Debug for project Trabajo_final_PdM ****
make -j8 all 
arm-none-eabi-gcc "../Core/Src/main.c" -mcpu=cortex-m4 -std=gnu11 -g3 -DDEBUG -DUSE_HAL_DRIVER -DSTM32F446xx -c -I../Core/Inc -I../Drivers/STM32F4xx_HAL_Driver/Inc -I../Drivers/STM32F4xx_HAL_Driver/Inc/Legacy -I../Drivers/CMSIS/Device/ST/STM32F4xx/Include -I../Drivers/CMSIS/Include -I"/home/tomas1908/STM32CubeIDE/workspace_1.19.0/pdm/Trabajo_final_PdM/Drivers/API/Inc" -I"/home/tomas1908/STM32CubeIDE/workspace_1.19.0/pdm/Trabajo_final_PdM/Drivers/API/Src" -O0 -ffunction-sections -fdata-sections -Wall -fstack-usage -fcyclomatic-complexity -MMD -MP -MF"Core/Src/main.d" -MT"Core/Src/main.o" --specs=nano.specs -mfpu=fpv4-sp-d16 -mfloat-abi=hard -mthumb -o "Core/Src/main.o"
../Core/Src/main.c: In function 'main':
../Core/Src/main.c:141:36: warning: value computed is not used [-Wunused-value]
  141 |                 ADC_data.dato_ready==false;
      |                                    ^
../Core/Src/main.c:145:22: warning: passing argument 1 of 'delayRead' discards 'volatile' qualifier from pointer target type [-Wdiscarded-qualifiers]
  145 |         if(delayRead(&delay_mech) == ready_mode){
      |                      ^~~~~~~~~~~
In file included from ../Core/Inc/main.h:34,
                 from ../Core/Src/main.c:20:
/home/tomas1908/STM32CubeIDE/workspace_1.19.0/pdm/Trabajo_final_PdM/Drivers/API/Inc/API_delay.h:24:29: note: expected 'delay_t *' but argument is of type 'volatile delay_t *'
   24 | mode_t delayRead( delay_t * delay );
      |                   ~~~~~~~~~~^~~~~
../Core/Src/main.c:146:30: warning: passing argument 1 of 'delayDisable' discards 'volatile' qualifier from pointer target type [-Wdiscarded-qualifiers]
  146 |                 delayDisable(&delay_mech);
      |                              ^~~~~~~~~~~
/home/tomas1908/STM32CubeIDE/workspace_1.19.0/pdm/Trabajo_final_PdM/Drivers/API/Inc/API_delay.h:25:29: note: expected 'delay_t *' but argument is of type 'volatile delay_t *'
   25 | void delayDisable(delay_t * delay);
      |                   ~~~~~~~~~~^~~~~
../Core/Src/main.c: In function 'FSM':
../Core/Src/main.c:367:59: warning: passing argument 2 of 'action_write' discards 'volatile' qualifier from pointer target type [-Wdiscarded-qualifiers]
  367 |                                 action_write(adc_value_x, &delay_mech);
      |                                                           ^~~~~~~~~~~
../Core/Src/main.c:74:48: note: expected 'delay_t *' but argument is of type 'volatile delay_t *'
   74 | void action_write(uint32_t ADC_value,delay_t * mechanic_delay);
      |                                      ~~~~~~~~~~^~~~~~~~~~~~~~
../Core/Src/main.c:371:33: warning: implicit declaration of function 'action_wait'; did you mean 'action_write'? [-Wimplicit-function-declaration]
  371 |                                 action_wait();
      |                                 ^~~~~~~~~~~
      |                                 action_write
../Core/Src/main.c: At top level:
../Core/Src/main.c:396:6: warning: conflicting types for 'action_wait'; have 'void(void)'
  396 | void action_wait(void){
      |      ^~~~~~~~~~~
../Core/Src/main.c:371:33: note: previous implicit declaration of 'action_wait' with type 'void(void)'
  371 |                                 action_wait();
      |                                 ^~~~~~~~~~~
arm-none-eabi-gcc -o "Trabajo_final_PdM.elf" @"objects.list"   -mcpu=cortex-m4 -T"/home/tomas1908/STM32CubeIDE/workspace_1.19.0/pdm/Trabajo_final_PdM/STM32F446RETX_FLASH.ld" --specs=nosys.specs -Wl,-Map="Trabajo_final_PdM.map" -Wl,--gc-sections -static --specs=nano.specs -mfpu=fpv4-sp-d16 -mfloat-abi=hard -mthumb -Wl,--start-group -lc -lm -Wl,--end-group
Finished building target: Trabajo_final_PdM.elf
 
arm-none-eabi-size  Trabajo_final_PdM.elf 
arm-none-eabi-objdump -h -S Trabajo_final_PdM.elf  > "Trabajo_final_PdM.list"
   text	   data	    bss	    dec	    hex	filename
  13388	     12	   1732	  15132	   3b1c	Trabajo_final_PdM.elf
Finished building: default.size.stdout
 
Finished building: Trabajo_final_PdM.list
 
21:40:51 **** Incremental Build of configuration Debug for project Trabajo_final_PdM ****
make -j8 all 
arm-none-eabi-size  Trabajo_final_PdM.elf 
   text	   data	    bss	    dec	    hex	filename
  13388	     12	   1732	  15132	   3b1c	Trabajo_final_PdM.elf
Finished building: default.size.stdout
 
20:00:03 **** Build of configuration Debug for project Trabajo_final_PdM ****
make -j8 all 
arm-none-eabi-gcc "../Drivers/STM32F4xx_HAL_Driver/Src/stm32f4xx_hal.c" -mcpu=cortex-m4 -std=gnu11 -g3 -DDEBUG -DUSE_HAL_DRIVER -DSTM32F446xx -c -I../Core/Inc -I../Drivers/STM32F4xx_HAL_Driver/Inc -I../Drivers/STM32F4xx_HAL_Driver/Inc/Legacy -I../Drivers/CMSIS/Device/ST/STM32F4xx/Include -I../Drivers/CMSIS/Include -I"/home/tomas1908/STM32CubeIDE/workspace_1.19.0/pdm/Trabajo_final_PdM/Drivers/API/Inc" -I"/home/tomas1908/STM32CubeIDE/workspace_1.19.0/pdm/Trabajo_final_PdM/Drivers/API/Src" -O0 -ffunction-sections -fdata-sections -Wall -fstack-usage -fcyclomatic-complexity -MMD -MP -MF"Drivers/STM32F4xx_HAL_Driver/Src/stm32f4xx_hal.d" -MT"Drivers/STM32F4xx_HAL_Driver/Src/stm32f4xx_hal.o" --specs=nano.specs -mfpu=fpv4-sp-d16 -mfloat-abi=hard -mthumb -o "Drivers/STM32F4xx_HAL_Driver/Src/stm32f4xx_hal.o"
arm-none-eabi-gcc "../Drivers/STM32F4xx_HAL_Driver/Src/stm32f4xx_hal_adc.c" -mcpu=cortex-m4 -std=gnu11 -g3 -DDEBUG -DUSE_HAL_DRIVER -DSTM32F446xx -c -I../Core/Inc -I../Drivers/STM32F4xx_HAL_Driver/Inc -I../Drivers/STM32F4xx_HAL_Driver/Inc/Legacy -I../Drivers/CMSIS/Device/ST/STM32F4xx/Include -I../Drivers/CMSIS/Include -I"/home/tomas1908/STM32CubeIDE/workspace_1.19.0/pdm/Trabajo_final_PdM/Drivers/API/Inc" -I"/home/tomas1908/STM32CubeIDE/workspace_1.19.0/pdm/Trabajo_final_PdM/Drivers/API/Src" -O0 -ffunction-sections -fdata-sections -Wall -fstack-usage -fcyclomatic-complexity -MMD -MP -MF"Drivers/STM32F4xx_HAL_Driver/Src/stm32f4xx_hal_adc.d" -MT"Drivers/STM32F4xx_HAL_Driver/Src/stm32f4xx_hal_adc.o" --specs=nano.specs -mfpu=fpv4-sp-d16 -mfloat-abi=hard -mthumb -o "Drivers/STM32F4xx_HAL_Driver/Src/stm32f4xx_hal_adc.o"
arm-none-eabi-gcc "../Drivers/STM32F4xx_HAL_Driver/Src/stm32f4xx_hal_adc_ex.c" -mcpu=cortex-m4 -std=gnu11 -g3 -DDEBUG -DUSE_HAL_DRIVER -DSTM32F446xx -c -I../Core/Inc -I../Drivers/STM32F4xx_HAL_Driver/Inc -I../Drivers/STM32F4xx_HAL_Driver/Inc/Legacy -I../Drivers/CMSIS/Device/ST/STM32F4xx/Include -I../Drivers/CMSIS/Include -I"/home/tomas1908/STM32CubeIDE/workspace_1.19.0/pdm/Trabajo_final_PdM/Drivers/API/Inc" -I"/home/tomas1908/STM32CubeIDE/workspace_1.19.0/pdm/Trabajo_final_PdM/Drivers/API/Src" -O0 -ffunction-sections -fdata-sections -Wall -fstack-usage -fcyclomatic-complexity -MMD -MP -MF"Drivers/STM32F4xx_HAL_Driver/Src/stm32f4xx_hal_adc_ex.d" -MT"Drivers/STM32F4xx_HAL_Driver/Src/stm32f4xx_hal_adc_ex.o" --specs=nano.specs -mfpu=fpv4-sp-d16 -mfloat-abi=hard -mthumb -o "Drivers/STM32F4xx_HAL_Driver/Src/stm32f4xx_hal_adc_ex.o"
arm-none-eabi-gcc "../Drivers/STM32F4xx_HAL_Driver/Src/stm32f4xx_hal_cortex.c" -mcpu=cortex-m4 -std=gnu11 -g3 -DDEBUG -DUSE_HAL_DRIVER -DSTM32F446xx -c -I../Core/Inc -I../Drivers/STM32F4xx_HAL_Driver/Inc -I../Drivers/STM32F4xx_HAL_Driver/Inc/Legacy -I../Drivers/CMSIS/Device/ST/STM32F4xx/Include -I../Drivers/CMSIS/Include -I"/home/tomas1908/STM32CubeIDE/workspace_1.19.0/pdm/Trabajo_final_PdM/Drivers/API/Inc" -I"/home/tomas1908/STM32CubeIDE/workspace_1.19.0/pdm/Trabajo_final_PdM/Drivers/API/Src" -O0 -ffunction-sections -fdata-sections -Wall -fstack-usage -fcyclomatic-complexity -MMD -MP -MF"Drivers/STM32F4xx_HAL_Driver/Src/stm32f4xx_hal_cortex.d" -MT"Drivers/STM32F4xx_HAL_Driver/Src/stm32f4xx_hal_cortex.o" --specs=nano.specs -mfpu=fpv4-sp-d16 -mfloat-abi=hard -mthumb -o "Drivers/STM32F4xx_HAL_Driver/Src/stm32f4xx_hal_cortex.o"
arm-none-eabi-gcc "../Drivers/STM32F4xx_HAL_Driver/Src/stm32f4xx_hal_dma.c" -mcpu=cortex-m4 -std=gnu11 -g3 -DDEBUG -DUSE_HAL_DRIVER -DSTM32F446xx -c -I../Core/Inc -I../Drivers/STM32F4xx_HAL_Driver/Inc -I../Drivers/STM32F4xx_HAL_Driver/Inc/Legacy -I../Drivers/CMSIS/Device/ST/STM32F4xx/Include -I../Drivers/CMSIS/Include -I"/home/tomas1908/STM32CubeIDE/workspace_1.19.0/pdm/Trabajo_final_PdM/Drivers/API/Inc" -I"/home/tomas1908/STM32CubeIDE/workspace_1.19.0/pdm/Trabajo_final_PdM/Drivers/API/Src" -O0 -ffunction-sections -fdata-sections -Wall -fstack-usage -fcyclomatic-complexity -MMD -MP -MF"Drivers/STM32F4xx_HAL_Driver/Src/stm32f4xx_hal_dma.d" -MT"Drivers/STM32F4xx_HAL_Driver/Src/stm32f4xx_hal_dma.o" --specs=nano.specs -mfpu=fpv4-sp-d16 -mfloat-abi=hard -mthumb -o "Drivers/STM32F4xx_HAL_Driver/Src/stm32f4xx_hal_dma.o"
arm-none-eabi-gcc "../Drivers/STM32F4xx_HAL_Driver/Src/stm32f4xx_hal_dma_ex.c" -mcpu=cortex-m4 -std=gnu11 -g3 -DDEBUG -DUSE_HAL_DRIVER -DSTM32F446xx -c -I../Core/Inc -I../Drivers/STM32F4xx_HAL_Driver/Inc -I../Drivers/STM32F4xx_HAL_Driver/Inc/Legacy -I../Drivers/CMSIS/Device/ST/STM32F4xx/Include -I../Drivers/CMSIS/Include -I"/home/tomas1908/STM32CubeIDE/workspace_1.19.0/pdm/Trabajo_final_PdM/Drivers/API/Inc" -I"/home/tomas1908/STM32CubeIDE/workspace_1.19.0/pdm/Trabajo_final_PdM/Drivers/API/Src" -O0 -ffunction-sections -fdata-sections -Wall -fstack-usage -fcyclomatic-complexity -MMD -MP -MF"Drivers/STM32F4xx_HAL_Driver/Src/stm32f4xx_hal_dma_ex.d" -MT"Drivers/STM32F4xx_HAL_Driver/Src/stm32f4xx_hal_dma_ex.o" --specs=nano.specs -mfpu=fpv4-sp-d16 -mfloat-abi=hard -mthumb -o "Drivers/STM32F4xx_HAL_Driver/Src/stm32f4xx_hal_dma_ex.o"
arm-none-eabi-gcc "../Drivers/STM32F4xx_HAL_Driver/Src/stm32f4xx_hal_exti.c" -mcpu=cortex-m4 -std=gnu11 -g3 -DDEBUG -DUSE_HAL_DRIVER -DSTM32F446xx -c -I../Core/Inc -I../Drivers/STM32F4xx_HAL_Driver/Inc -I../Drivers/STM32F4xx_HAL_Driver/Inc/Legacy -I../Drivers/CMSIS/Device/ST/STM32F4xx/Include -I../Drivers/CMSIS/Include -I"/home/tomas1908/STM32CubeIDE/workspace_1.19.0/pdm/Trabajo_final_PdM/Drivers/API/Inc" -I"/home/tomas1908/STM32CubeIDE/workspace_1.19.0/pdm/Trabajo_final_PdM/Drivers/API/Src" -O0 -ffunction-sections -fdata-sections -Wall -fstack-usage -fcyclomatic-complexity -MMD -MP -MF"Drivers/STM32F4xx_HAL_Driver/Src/stm32f4xx_hal_exti.d" -MT"Drivers/STM32F4xx_HAL_Driver/Src/stm32f4xx_hal_exti.o" --specs=nano.specs -mfpu=fpv4-sp-d16 -mfloat-abi=hard -mthumb -o "Drivers/STM32F4xx_HAL_Driver/Src/stm32f4xx_hal_exti.o"
arm-none-eabi-gcc "../Drivers/STM32F4xx_HAL_Driver/Src/stm32f4xx_hal_flash.c" -mcpu=cortex-m4 -std=gnu11 -g3 -DDEBUG -DUSE_HAL_DRIVER -DSTM32F446xx -c -I../Core/Inc -I../Drivers/STM32F4xx_HAL_Driver/Inc -I../Drivers/STM32F4xx_HAL_Driver/Inc/Legacy -I../Drivers/CMSIS/Device/ST/STM32F4xx/Include -I../Drivers/CMSIS/Include -I"/home/tomas1908/STM32CubeIDE/workspace_1.19.0/pdm/Trabajo_final_PdM/Drivers/API/Inc" -I"/home/tomas1908/STM32CubeIDE/workspace_1.19.0/pdm/Trabajo_final_PdM/Drivers/API/Src" -O0 -ffunction-sections -fdata-sections -Wall -fstack-usage -fcyclomatic-complexity -MMD -MP -MF"Drivers/STM32F4xx_HAL_Driver/Src/stm32f4xx_hal_flash.d" -MT"Drivers/STM32F4xx_HAL_Driver/Src/stm32f4xx_hal_flash.o" --specs=nano.specs -mfpu=fpv4-sp-d16 -mfloat-abi=hard -mthumb -o "Drivers/STM32F4xx_HAL_Driver/Src/stm32f4xx_hal_flash.o"
arm-none-eabi-gcc "../Drivers/STM32F4xx_HAL_Driver/Src/stm32f4xx_hal_flash_ex.c" -mcpu=cortex-m4 -std=gnu11 -g3 -DDEBUG -DUSE_HAL_DRIVER -DSTM32F446xx -c -I../Core/Inc -I../Drivers/STM32F4xx_HAL_Driver/Inc -I../Drivers/STM32F4xx_HAL_Driver/Inc/Legacy -I../Drivers/CMSIS/Device/ST/STM32F4xx/Include -I../Drivers/CMSIS/Include -I"/home/tomas1908/STM32CubeIDE/workspace_1.19.0/pdm/Trabajo_final_PdM/Drivers/API/Inc" -I"/home/tomas1908/STM32CubeIDE/workspace_1.19.0/pdm/Trabajo_final_PdM/Drivers/API/Src" -O0 -ffunction-sections -fdata-sections -Wall -fstack-usage -fcyclomatic-complexity -MMD -MP -MF"Drivers/STM32F4xx_HAL_Driver/Src/stm32f4xx_hal_flash_ex.d" -MT"Drivers/STM32F4xx_HAL_Driver/Src/stm32f4xx_hal_flash_ex.o" --specs=nano.specs -mfpu=fpv4-sp-d16 -mfloat-abi=hard -mthumb -o "Drivers/STM32F4xx_HAL_Driver/Src/stm32f4xx_hal_flash_ex.o"
arm-none-eabi-gcc "../Drivers/STM32F4xx_HAL_Driver/Src/stm32f4xx_hal_flash_ramfunc.c" -mcpu=cortex-m4 -std=gnu11 -g3 -DDEBUG -DUSE_HAL_DRIVER -DSTM32F446xx -c -I../Core/Inc -I../Drivers/STM32F4xx_HAL_Driver/Inc -I../Drivers/STM32F4xx_HAL_Driver/Inc/Legacy -I../Drivers/CMSIS/Device/ST/STM32F4xx/Include -I../Drivers/CMSIS/Include -I"/home/tomas1908/STM32CubeIDE/workspace_1.19.0/pdm/Trabajo_final_PdM/Drivers/API/Inc" -I"/home/tomas1908/STM32CubeIDE/workspace_1.19.0/pdm/Trabajo_final_PdM/Drivers/API/Src" -O0 -ffunction-sections -fdata-sections -Wall -fstack-usage -fcyclomatic-complexity -MMD -MP -MF"Drivers/STM32F4xx_HAL_Driver/Src/stm32f4xx_hal_flash_ramfunc.d" -MT"Drivers/STM32F4xx_HAL_Driver/Src/stm32f4xx_hal_flash_ramfunc.o" --specs=nano.specs -mfpu=fpv4-sp-d16 -mfloat-abi=hard -mthumb -o "Drivers/STM32F4xx_HAL_Driver/Src/stm32f4xx_hal_flash_ramfunc.o"
arm-none-eabi-gcc "../Drivers/STM32F4xx_HAL_Driver/Src/stm32f4xx_hal_gpio.c" -mcpu=cortex-m4 -std=gnu11 -g3 -DDEBUG -DUSE_HAL_DRIVER -DSTM32F446xx -c -I../Core/Inc -I../Drivers/STM32F4xx_HAL_Driver/Inc -I../Drivers/STM32F4xx_HAL_Driver/Inc/Legacy -I../Drivers/CMSIS/Device/ST/STM32F4xx/Include -I../Drivers/CMSIS/Include -I"/home/tomas1908/STM32CubeIDE/workspace_1.19.0/pdm/Trabajo_final_PdM/Drivers/API/Inc" -I"/home/tomas1908/STM32CubeIDE/workspace_1.19.0/pdm/Trabajo_final_PdM/Drivers/API/Src" -O0 -ffunction-sections -fdata-sections -Wall -fstack-usage -fcyclomatic-complexity -MMD -MP -MF"Drivers/STM32F4xx_HAL_Driver/Src/stm32f4xx_hal_gpio.d" -MT"Drivers/STM32F4xx_HAL_Driver/Src/stm32f4xx_hal_gpio.o" --specs=nano.specs -mfpu=fpv4-sp-d16 -mfloat-abi=hard -mthumb -o "Drivers/STM32F4xx_HAL_Driver/Src/stm32f4xx_hal_gpio.o"
arm-none-eabi-gcc "../Drivers/STM32F4xx_HAL_Driver/Src/stm32f4xx_hal_pwr.c" -mcpu=cortex-m4 -std=gnu11 -g3 -DDEBUG -DUSE_HAL_DRIVER -DSTM32F446xx -c -I../Core/Inc -I../Drivers/STM32F4xx_HAL_Driver/Inc -I../Drivers/STM32F4xx_HAL_Driver/Inc/Legacy -I../Drivers/CMSIS/Device/ST/STM32F4xx/Include -I../Drivers/CMSIS/Include -I"/home/tomas1908/STM32CubeIDE/workspace_1.19.0/pdm/Trabajo_final_PdM/Drivers/API/Inc" -I"/home/tomas1908/STM32CubeIDE/workspace_1.19.0/pdm/Trabajo_final_PdM/Drivers/API/Src" -O0 -ffunction-sections -fdata-sections -Wall -fstack-usage -fcyclomatic-complexity -MMD -MP -MF"Drivers/STM32F4xx_HAL_Driver/Src/stm32f4xx_hal_pwr.d" -MT"Drivers/STM32F4xx_HAL_Driver/Src/stm32f4xx_hal_pwr.o" --specs=nano.specs -mfpu=fpv4-sp-d16 -mfloat-abi=hard -mthumb -o "Drivers/STM32F4xx_HAL_Driver/Src/stm32f4xx_hal_pwr.o"
arm-none-eabi-gcc "../Drivers/STM32F4xx_HAL_Driver/Src/stm32f4xx_hal_pwr_ex.c" -mcpu=cortex-m4 -std=gnu11 -g3 -DDEBUG -DUSE_HAL_DRIVER -DSTM32F446xx -c -I../Core/Inc -I../Drivers/STM32F4xx_HAL_Driver/Inc -I../Drivers/STM32F4xx_HAL_Driver/Inc/Legacy -I../Drivers/CMSIS/Device/ST/STM32F4xx/Include -I../Drivers/CMSIS/Include -I"/home/tomas1908/STM32CubeIDE/workspace_1.19.0/pdm/Trabajo_final_PdM/Drivers/API/Inc" -I"/home/tomas1908/STM32CubeIDE/workspace_1.19.0/pdm/Trabajo_final_PdM/Drivers/API/Src" -O0 -ffunction-sections -fdata-sections -Wall -fstack-usage -fcyclomatic-complexity -MMD -MP -MF"Drivers/STM32F4xx_HAL_Driver/Src/stm32f4xx_hal_pwr_ex.d" -MT"Drivers/STM32F4xx_HAL_Driver/Src/stm32f4xx_hal_pwr_ex.o" --specs=nano.specs -mfpu=fpv4-sp-d16 -mfloat-abi=hard -mthumb -o "Drivers/STM32F4xx_HAL_Driver/Src/stm32f4xx_hal_pwr_ex.o"
arm-none-eabi-gcc "../Drivers/STM32F4xx_HAL_Driver/Src/stm32f4xx_hal_rcc.c" -mcpu=cortex-m4 -std=gnu11 -g3 -DDEBUG -DUSE_HAL_DRIVER -DSTM32F446xx -c -I../Core/Inc -I../Drivers/STM32F4xx_HAL_Driver/Inc -I../Drivers/STM32F4xx_HAL_Driver/Inc/Legacy -I../Drivers/CMSIS/Device/ST/STM32F4xx/Include -I../Drivers/CMSIS/Include -I"/home/tomas1908/STM32CubeIDE/workspace_1.19.0/pdm/Trabajo_final_PdM/Drivers/API/Inc" -I"/home/tomas1908/STM32CubeIDE/workspace_1.19.0/pdm/Trabajo_final_PdM/Drivers/API/Src" -O0 -ffunction-sections -fdata-sections -Wall -fstack-usage -fcyclomatic-complexity -MMD -MP -MF"Drivers/STM32F4xx_HAL_Driver/Src/stm32f4xx_hal_rcc.d" -MT"Drivers/STM32F4xx_HAL_Driver/Src/stm32f4xx_hal_rcc.o" --specs=nano.specs -mfpu=fpv4-sp-d16 -mfloat-abi=hard -mthumb -o "Drivers/STM32F4xx_HAL_Driver/Src/stm32f4xx_hal_rcc.o"
arm-none-eabi-gcc "../Drivers/STM32F4xx_HAL_Driver/Src/stm32f4xx_hal_rcc_ex.c" -mcpu=cortex-m4 -std=gnu11 -g3 -DDEBUG -DUSE_HAL_DRIVER -DSTM32F446xx -c -I../Core/Inc -I../Drivers/STM32F4xx_HAL_Driver/Inc -I../Drivers/STM32F4xx_HAL_Driver/Inc/Legacy -I../Drivers/CMSIS/Device/ST/STM32F4xx/Include -I../Drivers/CMSIS/Include -I"/home/tomas1908/STM32CubeIDE/workspace_1.19.0/pdm/Trabajo_final_PdM/Drivers/API/Inc" -I"/home/tomas1908/STM32CubeIDE/workspace_1.19.0/pdm/Trabajo_final_PdM/Drivers/API/Src" -O0 -ffunction-sections -fdata-sections -Wall -fstack-usage -fcyclomatic-complexity -MMD -MP -MF"Drivers/STM32F4xx_HAL_Driver/Src/stm32f4xx_hal_rcc_ex.d" -MT"Drivers/STM32F4xx_HAL_Driver/Src/stm32f4xx_hal_rcc_ex.o" --specs=nano.specs -mfpu=fpv4-sp-d16 -mfloat-abi=hard -mthumb -o "Drivers/STM32F4xx_HAL_Driver/Src/stm32f4xx_hal_rcc_ex.o"
arm-none-eabi-gcc "../Drivers/STM32F4xx_HAL_Driver/Src/stm32f4xx_hal_tim.c" -mcpu=cortex-m4 -std=gnu11 -g3 -DDEBUG -DUSE_HAL_DRIVER -DSTM32F446xx -c -I../Core/Inc -I../Drivers/STM32F4xx_HAL_Driver/Inc -I../Drivers/STM32F4xx_HAL_Driver/Inc/Legacy -I../Drivers/CMSIS/Device/ST/STM32F4xx/Include -I../Drivers/CMSIS/Include -I"/home/tomas1908/STM32CubeIDE/workspace_1.19.0/pdm/Trabajo_final_PdM/Drivers/API/Inc" -I"/home/tomas1908/STM32CubeIDE/workspace_1.19.0/pdm/Trabajo_final_PdM/Drivers/API/Src" -O0 -ffunction-sections -fdata-sections -Wall -fstack-usage -fcyclomatic-complexity -MMD -MP -MF"Drivers/STM32F4xx_HAL_Driver/Src/stm32f4xx_hal_tim.d" -MT"Drivers/STM32F4xx_HAL_Driver/Src/stm32f4xx_hal_tim.o" --specs=nano.specs -mfpu=fpv4-sp-d16 -mfloat-abi=hard -mthumb -o "Drivers/STM32F4xx_HAL_Driver/Src/stm32f4xx_hal_tim.o"
arm-none-eabi-gcc "../Drivers/STM32F4xx_HAL_Driver/Src/stm32f4xx_hal_tim_ex.c" -mcpu=cortex-m4 -std=gnu11 -g3 -DDEBUG -DUSE_HAL_DRIVER -DSTM32F446xx -c -I../Core/Inc -I../Drivers/STM32F4xx_HAL_Driver/Inc -I../Drivers/STM32F4xx_HAL_Driver/Inc/Legacy -I../Drivers/CMSIS/Device/ST/STM32F4xx/Include -I../Drivers/CMSIS/Include -I"/home/tomas1908/STM32CubeIDE/workspace_1.19.0/pdm/Trabajo_final_PdM/Drivers/API/Inc" -I"/home/tomas1908/STM32CubeIDE/workspace_1.19.0/pdm/Trabajo_final_PdM/Drivers/API/Src" -O0 -ffunction-sections -fdata-sections -Wall -fstack-usage -fcyclomatic-complexity -MMD -MP -MF"Drivers/STM32F4xx_HAL_Driver/Src/stm32f4xx_hal_tim_ex.d" -MT"Drivers/STM32F4xx_HAL_Driver/Src/stm32f4xx_hal_tim_ex.o" --specs=nano.specs -mfpu=fpv4-sp-d16 -mfloat-abi=hard -mthumb -o "Drivers/STM32F4xx_HAL_Driver/Src/stm32f4xx_hal_tim_ex.o"
arm-none-eabi-gcc "../Drivers/STM32F4xx_HAL_Driver/Src/stm32f4xx_ll_adc.c" -mcpu=cortex-m4 -std=gnu11 -g3 -DDEBUG -DUSE_HAL_DRIVER -DSTM32F446xx -c -I../Core/Inc -I../Drivers/STM32F4xx_HAL_Driver/Inc -I../Drivers/STM32F4xx_HAL_Driver/Inc/Legacy -I../Drivers/CMSIS/Device/ST/STM32F4xx/Include -I../Drivers/CMSIS/Include -I"/home/tomas1908/STM32CubeIDE/workspace_1.19.0/pdm/Trabajo_final_PdM/Drivers/API/Inc" -I"/home/tomas1908/STM32CubeIDE/workspace_1.19.0/pdm/Trabajo_final_PdM/Drivers/API/Src" -O0 -ffunction-sections -fdata-sections -Wall -fstack-usage -fcyclomatic-complexity -MMD -MP -MF"Drivers/STM32F4xx_HAL_Driver/Src/stm32f4xx_ll_adc.d" -MT"Drivers/STM32F4xx_HAL_Driver/Src/stm32f4xx_ll_adc.o" --specs=nano.specs -mfpu=fpv4-sp-d16 -mfloat-abi=hard -mthumb -o "Drivers/STM32F4xx_HAL_Driver/Src/stm32f4xx_ll_adc.o"
arm-none-eabi-gcc "../Drivers/API/Src/API_delay.c" -mcpu=cortex-m4 -std=gnu11 -g3 -DDEBUG -DUSE_HAL_DRIVER -DSTM32F446xx -c -I../Core/Inc -I../Drivers/STM32F4xx_HAL_Driver/Inc -I../Drivers/STM32F4xx_HAL_Driver/Inc/Legacy -I../Drivers/CMSIS/Device/ST/STM32F4xx/Include -I../Drivers/CMSIS/Include -I"/home/tomas1908/STM32CubeIDE/workspace_1.19.0/pdm/Trabajo_final_PdM/Drivers/API/Inc" -I"/home/tomas1908/STM32CubeIDE/workspace_1.19.0/pdm/Trabajo_final_PdM/Drivers/API/Src" -O0 -ffunction-sections -fdata-sections -Wall -fstack-usage -fcyclomatic-complexity -MMD -MP -MF"Drivers/API/Src/API_delay.d" -MT"Drivers/API/Src/API_delay.o" --specs=nano.specs -mfpu=fpv4-sp-d16 -mfloat-abi=hard -mthumb -o "Drivers/API/Src/API_delay.o"
arm-none-eabi-gcc "../Core/Src/main.c" -mcpu=cortex-m4 -std=gnu11 -g3 -DDEBUG -DUSE_HAL_DRIVER -DSTM32F446xx -c -I../Core/Inc -I../Drivers/STM32F4xx_HAL_Driver/Inc -I../Drivers/STM32F4xx_HAL_Driver/Inc/Legacy -I../Drivers/CMSIS/Device/ST/STM32F4xx/Include -I../Drivers/CMSIS/Include -I"/home/tomas1908/STM32CubeIDE/workspace_1.19.0/pdm/Trabajo_final_PdM/Drivers/API/Inc" -I"/home/tomas1908/STM32CubeIDE/workspace_1.19.0/pdm/Trabajo_final_PdM/Drivers/API/Src" -O0 -ffunction-sections -fdata-sections -Wall -fstack-usage -fcyclomatic-complexity -MMD -MP -MF"Core/Src/main.d" -MT"Core/Src/main.o" --specs=nano.specs -mfpu=fpv4-sp-d16 -mfloat-abi=hard -mthumb -o "Core/Src/main.o"
arm-none-eabi-gcc "../Core/Src/stm32f4xx_hal_msp.c" -mcpu=cortex-m4 -std=gnu11 -g3 -DDEBUG -DUSE_HAL_DRIVER -DSTM32F446xx -c -I../Core/Inc -I../Drivers/STM32F4xx_HAL_Driver/Inc -I../Drivers/STM32F4xx_HAL_Driver/Inc/Legacy -I../Drivers/CMSIS/Device/ST/STM32F4xx/Include -I../Drivers/CMSIS/Include -I"/home/tomas1908/STM32CubeIDE/workspace_1.19.0/pdm/Trabajo_final_PdM/Drivers/API/Inc" -I"/home/tomas1908/STM32CubeIDE/workspace_1.19.0/pdm/Trabajo_final_PdM/Drivers/API/Src" -O0 -ffunction-sections -fdata-sections -Wall -fstack-usage -fcyclomatic-complexity -MMD -MP -MF"Core/Src/stm32f4xx_hal_msp.d" -MT"Core/Src/stm32f4xx_hal_msp.o" --specs=nano.specs -mfpu=fpv4-sp-d16 -mfloat-abi=hard -mthumb -o "Core/Src/stm32f4xx_hal_msp.o"
arm-none-eabi-gcc "../Core/Src/stm32f4xx_it.c" -mcpu=cortex-m4 -std=gnu11 -g3 -DDEBUG -DUSE_HAL_DRIVER -DSTM32F446xx -c -I../Core/Inc -I../Drivers/STM32F4xx_HAL_Driver/Inc -I../Drivers/STM32F4xx_HAL_Driver/Inc/Legacy -I../Drivers/CMSIS/Device/ST/STM32F4xx/Include -I../Drivers/CMSIS/Include -I"/home/tomas1908/STM32CubeIDE/workspace_1.19.0/pdm/Trabajo_final_PdM/Drivers/API/Inc" -I"/home/tomas1908/STM32CubeIDE/workspace_1.19.0/pdm/Trabajo_final_PdM/Drivers/API/Src" -O0 -ffunction-sections -fdata-sections -Wall -fstack-usage -fcyclomatic-complexity -MMD -MP -MF"Core/Src/stm32f4xx_it.d" -MT"Core/Src/stm32f4xx_it.o" --specs=nano.specs -mfpu=fpv4-sp-d16 -mfloat-abi=hard -mthumb -o "Core/Src/stm32f4xx_it.o"
arm-none-eabi-gcc "../Core/Src/system_stm32f4xx.c" -mcpu=cortex-m4 -std=gnu11 -g3 -DDEBUG -DUSE_HAL_DRIVER -DSTM32F446xx -c -I../Core/Inc -I../Drivers/STM32F4xx_HAL_Driver/Inc -I../Drivers/STM32F4xx_HAL_Driver/Inc/Legacy -I../Drivers/CMSIS/Device/ST/STM32F4xx/Include -I../Drivers/CMSIS/Include -I"/home/tomas1908/STM32CubeIDE/workspace_1.19.0/pdm/Trabajo_final_PdM/Drivers/API/Inc" -I"/home/tomas1908/STM32CubeIDE/workspace_1.19.0/pdm/Trabajo_final_PdM/Drivers/API/Src" -O0 -ffunction-sections -fdata-sections -Wall -fstack-usage -fcyclomatic-complexity -MMD -MP -MF"Core/Src/system_stm32f4xx.d" -MT"Core/Src/system_stm32f4xx.o" --specs=nano.specs -mfpu=fpv4-sp-d16 -mfloat-abi=hard -mthumb -o "Core/Src/system_stm32f4xx.o"
../Core/Src/main.c: In function 'main':
../Core/Src/main.c:141:36: warning: value computed is not used [-Wunused-value]
  141 |                 ADC_data.dato_ready==false;
      |                                    ^
../Core/Src/main.c:145:22: warning: passing argument 1 of 'delayRead' discards 'volatile' qualifier from pointer target type [-Wdiscarded-qualifiers]
  145 |         if(delayRead(&delay_mech) == ready_mode){
      |                      ^~~~~~~~~~~
In file included from ../Core/Inc/main.h:34,
                 from ../Core/Src/main.c:20:
/home/tomas1908/STM32CubeIDE/workspace_1.19.0/pdm/Trabajo_final_PdM/Drivers/API/Inc/API_delay.h:24:29: note: expected 'delay_t *' but argument is of type 'volatile delay_t *'
   24 | mode_t delayRead( delay_t * delay );
      |                   ~~~~~~~~~~^~~~~
../Core/Src/main.c:146:30: warning: passing argument 1 of 'delayDisable' discards 'volatile' qualifier from pointer target type [-Wdiscarded-qualifiers]
  146 |                 delayDisable(&delay_mech);
      |                              ^~~~~~~~~~~
/home/tomas1908/STM32CubeIDE/workspace_1.19.0/pdm/Trabajo_final_PdM/Drivers/API/Inc/API_delay.h:25:29: note: expected 'delay_t *' but argument is of type 'volatile delay_t *'
   25 | void delayDisable(delay_t * delay);
      |                   ~~~~~~~~~~^~~~~
../Core/Src/main.c: In function 'FSM':
../Core/Src/main.c:377:59: warning: passing argument 2 of 'action_write' discards 'volatile' qualifier from pointer target type [-Wdiscarded-qualifiers]
  377 |                                 action_write(adc_value_x, &delay_mech);
      |                                                           ^~~~~~~~~~~
../Core/Src/main.c:74:48: note: expected 'delay_t *' but argument is of type 'volatile delay_t *'
   74 | void action_write(uint32_t ADC_value,delay_t * mechanic_delay);
      |                                      ~~~~~~~~~~^~~~~~~~~~~~~~
../Core/Src/main.c:381:33: warning: implicit declaration of function 'action_wait'; did you mean 'action_write'? [-Wimplicit-function-declaration]
  381 |                                 action_wait();
      |                                 ^~~~~~~~~~~
      |                                 action_write
../Core/Src/main.c: At top level:
../Core/Src/main.c:406:6: warning: conflicting types for 'action_wait'; have 'void(void)'
  406 | void action_wait(void){
      |      ^~~~~~~~~~~
../Core/Src/main.c:381:33: note: previous implicit declaration of 'action_wait' with type 'void(void)'
  381 |                                 action_wait();
      |                                 ^~~~~~~~~~~
arm-none-eabi-gcc -o "Trabajo_final_PdM.elf" @"objects.list"   -mcpu=cortex-m4 -T"/home/tomas1908/STM32CubeIDE/workspace_1.19.0/pdm/Trabajo_final_PdM/STM32F446RETX_FLASH.ld" --specs=nosys.specs -Wl,-Map="Trabajo_final_PdM.map" -Wl,--gc-sections -static --specs=nano.specs -mfpu=fpv4-sp-d16 -mfloat-abi=hard -mthumb -Wl,--start-group -lc -lm -Wl,--end-group
Finished building target: Trabajo_final_PdM.elf
 
arm-none-eabi-size  Trabajo_final_PdM.elf 
arm-none-eabi-objdump -h -S Trabajo_final_PdM.elf  > "Trabajo_final_PdM.list"
   text	   data	    bss	    dec	    hex	filename
  13500	     12	   1732	  15244	   3b8c	Trabajo_final_PdM.elf
Finished building: default.size.stdout
 
Finished building: Trabajo_final_PdM.list
 
20:04:24 **** Incremental Build of configuration Debug for project Trabajo_final_PdM ****
make -j8 all 
arm-none-eabi-gcc "../Core/Src/main.c" -mcpu=cortex-m4 -std=gnu11 -g3 -DDEBUG -DUSE_HAL_DRIVER -DSTM32F446xx -c -I../Core/Inc -I../Drivers/STM32F4xx_HAL_Driver/Inc -I../Drivers/STM32F4xx_HAL_Driver/Inc/Legacy -I../Drivers/CMSIS/Device/ST/STM32F4xx/Include -I../Drivers/CMSIS/Include -I"/home/tomas1908/STM32CubeIDE/workspace_1.19.0/pdm/Trabajo_final_PdM/Drivers/API/Inc" -I"/home/tomas1908/STM32CubeIDE/workspace_1.19.0/pdm/Trabajo_final_PdM/Drivers/API/Src" -O0 -ffunction-sections -fdata-sections -Wall -fstack-usage -fcyclomatic-complexity -MMD -MP -MF"Core/Src/main.d" -MT"Core/Src/main.o" --specs=nano.specs -mfpu=fpv4-sp-d16 -mfloat-abi=hard -mthumb -o "Core/Src/main.o"
../Core/Src/main.c: In function 'main':
../Core/Src/main.c:145:22: warning: passing argument 1 of 'delayRead' discards 'volatile' qualifier from pointer target type [-Wdiscarded-qualifiers]
  145 |         if(delayRead(&delay_mech) == ready_mode){
      |                      ^~~~~~~~~~~
In file included from ../Core/Inc/main.h:34,
                 from ../Core/Src/main.c:20:
/home/tomas1908/STM32CubeIDE/workspace_1.19.0/pdm/Trabajo_final_PdM/Drivers/API/Inc/API_delay.h:24:29: note: expected 'delay_t *' but argument is of type 'volatile delay_t *'
   24 | mode_t delayRead( delay_t * delay );
      |                   ~~~~~~~~~~^~~~~
../Core/Src/main.c:146:30: warning: passing argument 1 of 'delayDisable' discards 'volatile' qualifier from pointer target type [-Wdiscarded-qualifiers]
  146 |                 delayDisable(&delay_mech);
      |                              ^~~~~~~~~~~
/home/tomas1908/STM32CubeIDE/workspace_1.19.0/pdm/Trabajo_final_PdM/Drivers/API/Inc/API_delay.h:25:29: note: expected 'delay_t *' but argument is of type 'volatile delay_t *'
   25 | void delayDisable(delay_t * delay);
      |                   ~~~~~~~~~~^~~~~
../Core/Src/main.c: In function 'FSM':
../Core/Src/main.c:377:59: warning: passing argument 2 of 'action_write' discards 'volatile' qualifier from pointer target type [-Wdiscarded-qualifiers]
  377 |                                 action_write(adc_value_x, &delay_mech);
      |                                                           ^~~~~~~~~~~
../Core/Src/main.c:74:48: note: expected 'delay_t *' but argument is of type 'volatile delay_t *'
   74 | void action_write(uint32_t ADC_value,delay_t * mechanic_delay);
      |                                      ~~~~~~~~~~^~~~~~~~~~~~~~
../Core/Src/main.c:381:33: warning: implicit declaration of function 'action_wait'; did you mean 'action_write'? [-Wimplicit-function-declaration]
  381 |                                 action_wait();
      |                                 ^~~~~~~~~~~
      |                                 action_write
../Core/Src/main.c: At top level:
../Core/Src/main.c:406:6: warning: conflicting types for 'action_wait'; have 'void(void)'
  406 | void action_wait(void){
      |      ^~~~~~~~~~~
../Core/Src/main.c:381:33: note: previous implicit declaration of 'action_wait' with type 'void(void)'
  381 |                                 action_wait();
      |                                 ^~~~~~~~~~~
arm-none-eabi-gcc -o "Trabajo_final_PdM.elf" @"objects.list"   -mcpu=cortex-m4 -T"/home/tomas1908/STM32CubeIDE/workspace_1.19.0/pdm/Trabajo_final_PdM/STM32F446RETX_FLASH.ld" --specs=nosys.specs -Wl,-Map="Trabajo_final_PdM.map" -Wl,--gc-sections -static --specs=nano.specs -mfpu=fpv4-sp-d16 -mfloat-abi=hard -mthumb -Wl,--start-group -lc -lm -Wl,--end-group
Finished building target: Trabajo_final_PdM.elf
 
arm-none-eabi-size  Trabajo_final_PdM.elf 
arm-none-eabi-objdump -h -S Trabajo_final_PdM.elf  > "Trabajo_final_PdM.list"
   text	   data	    bss	    dec	    hex	filename
  13504	     12	   1732	  15248	   3b90	Trabajo_final_PdM.elf
Finished building: default.size.stdout
 
Finished building: Trabajo_final_PdM.list
 
21:12:48 **** Incremental Build of configuration Debug for project Trabajo_final_PdM ****
make -j8 all 
arm-none-eabi-gcc "../Core/Src/main.c" -mcpu=cortex-m4 -std=gnu11 -g3 -DDEBUG -DUSE_HAL_DRIVER -DSTM32F446xx -c -I../Core/Inc -I../Drivers/STM32F4xx_HAL_Driver/Inc -I../Drivers/STM32F4xx_HAL_Driver/Inc/Legacy -I../Drivers/CMSIS/Device/ST/STM32F4xx/Include -I../Drivers/CMSIS/Include -I"/home/tomas1908/STM32CubeIDE/workspace_1.19.0/pdm/Trabajo_final_PdM/Drivers/API/Inc" -I"/home/tomas1908/STM32CubeIDE/workspace_1.19.0/pdm/Trabajo_final_PdM/Drivers/API/Src" -O0 -ffunction-sections -fdata-sections -Wall -fstack-usage -fcyclomatic-complexity -MMD -MP -MF"Core/Src/main.d" -MT"Core/Src/main.o" --specs=nano.specs -mfpu=fpv4-sp-d16 -mfloat-abi=hard -mthumb -o "Core/Src/main.o"
../Core/Src/main.c: In function 'main':
../Core/Src/main.c:149:22: warning: passing argument 1 of 'delayRead' discards 'volatile' qualifier from pointer target type [-Wdiscarded-qualifiers]
  149 |         if(delayRead(&delay_mech) == ready_mode){
      |                      ^~~~~~~~~~~
In file included from ../Core/Inc/main.h:34,
                 from ../Core/Src/main.c:20:
/home/tomas1908/STM32CubeIDE/workspace_1.19.0/pdm/Trabajo_final_PdM/Drivers/API/Inc/API_delay.h:24:29: note: expected 'delay_t *' but argument is of type 'volatile delay_t *'
   24 | mode_t delayRead( delay_t * delay );
      |                   ~~~~~~~~~~^~~~~
../Core/Src/main.c: In function 'FSM':
../Core/Src/main.c:380:59: warning: passing argument 2 of 'action_write' discards 'volatile' qualifier from pointer target type [-Wdiscarded-qualifiers]
  380 |                                 action_write(adc_value_x, &delay_mech);
      |                                                           ^~~~~~~~~~~
../Core/Src/main.c:77:48: note: expected 'delay_t *' but argument is of type 'volatile delay_t *'
   77 | void action_write(uint32_t ADC_value,delay_t * mechanic_delay);
      |                                      ~~~~~~~~~~^~~~~~~~~~~~~~
../Core/Src/main.c: In function 'SM_init':
../Core/Src/main.c:411:19: error: 'mechanic_delay' undeclared (first use in this function); did you mean 'mechanic_tao'?
  411 |         delayInit(mechanic_delay, mechanic_tao);
      |                   ^~~~~~~~~~~~~~
      |                   mechanic_tao
../Core/Src/main.c:411:19: note: each undeclared identifier is reported only once for each function it appears in
../Core/Src/main.c: In function 'action_write':
../Core/Src/main.c:423:22: warning: passing argument 1 of 'delayDisable' discards 'volatile' qualifier from pointer target type [-Wdiscarded-qualifiers]
  423 |         delayDisable(&delay_mech);
      |                      ^~~~~~~~~~~
/home/tomas1908/STM32CubeIDE/workspace_1.19.0/pdm/Trabajo_final_PdM/Drivers/API/Inc/API_delay.h:25:29: note: expected 'delay_t *' but argument is of type 'volatile delay_t *'
   25 | void delayDisable(delay_t * delay);
      |                   ~~~~~~~~~~^~~~~
make: *** [Core/Src/subdir.mk:34: Core/Src/main.o] Error 1
"make -j8 all" terminated with exit code 2. Build might be incomplete.
21:14:31 **** Incremental Build of configuration Debug for project Trabajo_final_PdM ****
make -j8 all 
arm-none-eabi-gcc "../Core/Src/main.c" -mcpu=cortex-m4 -std=gnu11 -g3 -DDEBUG -DUSE_HAL_DRIVER -DSTM32F446xx -c -I../Core/Inc -I../Drivers/STM32F4xx_HAL_Driver/Inc -I../Drivers/STM32F4xx_HAL_Driver/Inc/Legacy -I../Drivers/CMSIS/Device/ST/STM32F4xx/Include -I../Drivers/CMSIS/Include -I"/home/tomas1908/STM32CubeIDE/workspace_1.19.0/pdm/Trabajo_final_PdM/Drivers/API/Inc" -I"/home/tomas1908/STM32CubeIDE/workspace_1.19.0/pdm/Trabajo_final_PdM/Drivers/API/Src" -O0 -ffunction-sections -fdata-sections -Wall -fstack-usage -fcyclomatic-complexity -MMD -MP -MF"Core/Src/main.d" -MT"Core/Src/main.o" --specs=nano.specs -mfpu=fpv4-sp-d16 -mfloat-abi=hard -mthumb -o "Core/Src/main.o"
../Core/Src/main.c: In function 'main':
../Core/Src/main.c:146:22: warning: passing argument 1 of 'delayRead' discards 'volatile' qualifier from pointer target type [-Wdiscarded-qualifiers]
  146 |         if(delayRead(&delay_mech) == ready_mode){
      |                      ^~~~~~~~~~~
In file included from ../Core/Inc/main.h:34,
                 from ../Core/Src/main.c:20:
/home/tomas1908/STM32CubeIDE/workspace_1.19.0/pdm/Trabajo_final_PdM/Drivers/API/Inc/API_delay.h:24:29: note: expected 'delay_t *' but argument is of type 'volatile delay_t *'
   24 | mode_t delayRead( delay_t * delay );
      |                   ~~~~~~~~~~^~~~~
../Core/Src/main.c: In function 'FSM':
../Core/Src/main.c:371:41: warning: passing argument 1 of 'SM_init' discards 'volatile' qualifier from pointer target type [-Wdiscarded-qualifiers]
  371 |                                 SM_init(&delay_mech);
      |                                         ^~~~~~~~~~~
../Core/Src/main.c:78:24: note: expected 'delay_t *' but argument is of type 'volatile delay_t *'
   78 | void SM_init(delay_t * mechanic_delay);
      |              ~~~~~~~~~~^~~~~~~~~~~~~~
../Core/Src/main.c:377:59: warning: passing argument 2 of 'action_write' discards 'volatile' qualifier from pointer target type [-Wdiscarded-qualifiers]
  377 |                                 action_write(adc_value_x, &delay_mech);
      |                                                           ^~~~~~~~~~~
../Core/Src/main.c:74:48: note: expected 'delay_t *' but argument is of type 'volatile delay_t *'
   74 | void action_write(uint32_t ADC_value,delay_t * mechanic_delay);
      |                                      ~~~~~~~~~~^~~~~~~~~~~~~~
../Core/Src/main.c: In function 'action_write':
../Core/Src/main.c:420:22: warning: passing argument 1 of 'delayDisable' discards 'volatile' qualifier from pointer target type [-Wdiscarded-qualifiers]
  420 |         delayDisable(&delay_mech);
      |                      ^~~~~~~~~~~
/home/tomas1908/STM32CubeIDE/workspace_1.19.0/pdm/Trabajo_final_PdM/Drivers/API/Inc/API_delay.h:25:29: note: expected 'delay_t *' but argument is of type 'volatile delay_t *'
   25 | void delayDisable(delay_t * delay);
      |                   ~~~~~~~~~~^~~~~
arm-none-eabi-gcc -o "Trabajo_final_PdM.elf" @"objects.list"   -mcpu=cortex-m4 -T"/home/tomas1908/STM32CubeIDE/workspace_1.19.0/pdm/Trabajo_final_PdM/STM32F446RETX_FLASH.ld" --specs=nosys.specs -Wl,-Map="Trabajo_final_PdM.map" -Wl,--gc-sections -static --specs=nano.specs -mfpu=fpv4-sp-d16 -mfloat-abi=hard -mthumb -Wl,--start-group -lc -lm -Wl,--end-group
Finished building target: Trabajo_final_PdM.elf
 
arm-none-eabi-size  Trabajo_final_PdM.elf 
arm-none-eabi-objdump -h -S Trabajo_final_PdM.elf  > "Trabajo_final_PdM.list"
   text	   data	    bss	    dec	    hex	filename
  13564	     12	   1740	  15316	   3bd4	Trabajo_final_PdM.elf
Finished building: default.size.stdout
 
Finished building: Trabajo_final_PdM.list
 
21:16:52 **** Incremental Build of configuration Debug for project Trabajo_final_PdM ****
make -j8 all 
arm-none-eabi-size  Trabajo_final_PdM.elf 
   text	   data	    bss	    dec	    hex	filename
  13564	     12	   1740	  15316	   3bd4	Trabajo_final_PdM.elf
Finished building: default.size.stdout
 
21:19:29 **** Incremental Build of configuration Debug for project Trabajo_final_PdM ****
make -j8 all 
arm-none-eabi-gcc "../Core/Src/main.c" -mcpu=cortex-m4 -std=gnu11 -g3 -DDEBUG -DUSE_HAL_DRIVER -DSTM32F446xx -c -I../Core/Inc -I../Drivers/STM32F4xx_HAL_Driver/Inc -I../Drivers/STM32F4xx_HAL_Driver/Inc/Legacy -I../Drivers/CMSIS/Device/ST/STM32F4xx/Include -I../Drivers/CMSIS/Include -I"/home/tomas1908/STM32CubeIDE/workspace_1.19.0/pdm/Trabajo_final_PdM/Drivers/API/Inc" -I"/home/tomas1908/STM32CubeIDE/workspace_1.19.0/pdm/Trabajo_final_PdM/Drivers/API/Src" -O0 -ffunction-sections -fdata-sections -Wall -fstack-usage -fcyclomatic-complexity -MMD -MP -MF"Core/Src/main.d" -MT"Core/Src/main.o" --specs=nano.specs -mfpu=fpv4-sp-d16 -mfloat-abi=hard -mthumb -o "Core/Src/main.o"
../Core/Src/main.c: In function 'main':
../Core/Src/main.c:146:22: warning: passing argument 1 of 'delayRead' discards 'volatile' qualifier from pointer target type [-Wdiscarded-qualifiers]
  146 |         if(delayRead(&delay_mech) == ready_mode){
      |                      ^~~~~~~~~~~
In file included from ../Core/Inc/main.h:34,
                 from ../Core/Src/main.c:20:
/home/tomas1908/STM32CubeIDE/workspace_1.19.0/pdm/Trabajo_final_PdM/Drivers/API/Inc/API_delay.h:24:29: note: expected 'delay_t *' but argument is of type 'volatile delay_t *'
   24 | mode_t delayRead( delay_t * delay );
      |                   ~~~~~~~~~~^~~~~
../Core/Src/main.c: In function 'FSM':
../Core/Src/main.c:371:41: warning: passing argument 1 of 'SM_init' discards 'volatile' qualifier from pointer target type [-Wdiscarded-qualifiers]
  371 |                                 SM_init(&delay_mech);
      |                                         ^~~~~~~~~~~
../Core/Src/main.c:78:24: note: expected 'delay_t *' but argument is of type 'volatile delay_t *'
   78 | void SM_init(delay_t * mechanic_delay);
      |              ~~~~~~~~~~^~~~~~~~~~~~~~
../Core/Src/main.c:377:59: warning: passing argument 2 of 'action_write' discards 'volatile' qualifier from pointer target type [-Wdiscarded-qualifiers]
  377 |                                 action_write(adc_value_x, &delay_mech);
      |                                                           ^~~~~~~~~~~
../Core/Src/main.c:74:48: note: expected 'delay_t *' but argument is of type 'volatile delay_t *'
   74 | void action_write(uint32_t ADC_value,delay_t * mechanic_delay);
      |                                      ~~~~~~~~~~^~~~~~~~~~~~~~
../Core/Src/main.c: In function 'action_write':
../Core/Src/main.c:420:22: warning: passing argument 1 of 'delayDisable' discards 'volatile' qualifier from pointer target type [-Wdiscarded-qualifiers]
  420 |         delayDisable(&delay_mech);
      |                      ^~~~~~~~~~~
/home/tomas1908/STM32CubeIDE/workspace_1.19.0/pdm/Trabajo_final_PdM/Drivers/API/Inc/API_delay.h:25:29: note: expected 'delay_t *' but argument is of type 'volatile delay_t *'
   25 | void delayDisable(delay_t * delay);
      |                   ~~~~~~~~~~^~~~~
arm-none-eabi-gcc -o "Trabajo_final_PdM.elf" @"objects.list"   -mcpu=cortex-m4 -T"/home/tomas1908/STM32CubeIDE/workspace_1.19.0/pdm/Trabajo_final_PdM/STM32F446RETX_FLASH.ld" --specs=nosys.specs -Wl,-Map="Trabajo_final_PdM.map" -Wl,--gc-sections -static --specs=nano.specs -mfpu=fpv4-sp-d16 -mfloat-abi=hard -mthumb -Wl,--start-group -lc -lm -Wl,--end-group
Finished building target: Trabajo_final_PdM.elf
 
arm-none-eabi-size  Trabajo_final_PdM.elf 
arm-none-eabi-objdump -h -S Trabajo_final_PdM.elf  > "Trabajo_final_PdM.list"
   text	   data	    bss	    dec	    hex	filename
  13564	     12	   1740	  15316	   3bd4	Trabajo_final_PdM.elf
Finished building: default.size.stdout
 
Finished building: Trabajo_final_PdM.list
 
21:22:22 **** Incremental Build of configuration Debug for project Trabajo_final_PdM ****
make -j8 all 
arm-none-eabi-gcc "../Drivers/API/Src/API_delay.c" -mcpu=cortex-m4 -std=gnu11 -g3 -DDEBUG -DUSE_HAL_DRIVER -DSTM32F446xx -c -I../Core/Inc -I../Drivers/STM32F4xx_HAL_Driver/Inc -I../Drivers/STM32F4xx_HAL_Driver/Inc/Legacy -I../Drivers/CMSIS/Device/ST/STM32F4xx/Include -I../Drivers/CMSIS/Include -I"/home/tomas1908/STM32CubeIDE/workspace_1.19.0/pdm/Trabajo_final_PdM/Drivers/API/Inc" -I"/home/tomas1908/STM32CubeIDE/workspace_1.19.0/pdm/Trabajo_final_PdM/Drivers/API/Src" -O0 -ffunction-sections -fdata-sections -Wall -fstack-usage -fcyclomatic-complexity -MMD -MP -MF"Drivers/API/Src/API_delay.d" -MT"Drivers/API/Src/API_delay.o" --specs=nano.specs -mfpu=fpv4-sp-d16 -mfloat-abi=hard -mthumb -o "Drivers/API/Src/API_delay.o"
arm-none-eabi-gcc -o "Trabajo_final_PdM.elf" @"objects.list"   -mcpu=cortex-m4 -T"/home/tomas1908/STM32CubeIDE/workspace_1.19.0/pdm/Trabajo_final_PdM/STM32F446RETX_FLASH.ld" --specs=nosys.specs -Wl,-Map="Trabajo_final_PdM.map" -Wl,--gc-sections -static --specs=nano.specs -mfpu=fpv4-sp-d16 -mfloat-abi=hard -mthumb -Wl,--start-group -lc -lm -Wl,--end-group
Finished building target: Trabajo_final_PdM.elf
 
arm-none-eabi-size  Trabajo_final_PdM.elf 
arm-none-eabi-objdump -h -S Trabajo_final_PdM.elf  > "Trabajo_final_PdM.list"
   text	   data	    bss	    dec	    hex	filename
  13572	     12	   1740	  15324	   3bdc	Trabajo_final_PdM.elf
Finished building: default.size.stdout
 
Finished building: Trabajo_final_PdM.list
 
21:22:25 **** Incremental Build of configuration Debug for project Trabajo_final_PdM ****
make -j8 all 
arm-none-eabi-size  Trabajo_final_PdM.elf 
   text	   data	    bss	    dec	    hex	filename
  13572	     12	   1740	  15324	   3bdc	Trabajo_final_PdM.elf
Finished building: default.size.stdout
 
21:23:23 **** Incremental Build of configuration Debug for project Trabajo_final_PdM ****
make -j8 all 
arm-none-eabi-size  Trabajo_final_PdM.elf 
   text	   data	    bss	    dec	    hex	filename
  13572	     12	   1740	  15324	   3bdc	Trabajo_final_PdM.elf
Finished building: default.size.stdout
 
21:24:31 **** Incremental Build of configuration Debug for project Trabajo_final_PdM ****
make -j8 all 
arm-none-eabi-gcc "../Core/Src/main.c" -mcpu=cortex-m4 -std=gnu11 -g3 -DDEBUG -DUSE_HAL_DRIVER -DSTM32F446xx -c -I../Core/Inc -I../Drivers/STM32F4xx_HAL_Driver/Inc -I../Drivers/STM32F4xx_HAL_Driver/Inc/Legacy -I../Drivers/CMSIS/Device/ST/STM32F4xx/Include -I../Drivers/CMSIS/Include -I"/home/tomas1908/STM32CubeIDE/workspace_1.19.0/pdm/Trabajo_final_PdM/Drivers/API/Inc" -I"/home/tomas1908/STM32CubeIDE/workspace_1.19.0/pdm/Trabajo_final_PdM/Drivers/API/Src" -O0 -ffunction-sections -fdata-sections -Wall -fstack-usage -fcyclomatic-complexity -MMD -MP -MF"Core/Src/main.d" -MT"Core/Src/main.o" --specs=nano.specs -mfpu=fpv4-sp-d16 -mfloat-abi=hard -mthumb -o "Core/Src/main.o"
../Core/Src/main.c: In function 'main':
../Core/Src/main.c:146:22: warning: passing argument 1 of 'delayRead' discards 'volatile' qualifier from pointer target type [-Wdiscarded-qualifiers]
  146 |         if(delayRead(&delay_mech) == ready_mode){
      |                      ^~~~~~~~~~~
In file included from ../Core/Inc/main.h:34,
                 from ../Core/Src/main.c:20:
/home/tomas1908/STM32CubeIDE/workspace_1.19.0/pdm/Trabajo_final_PdM/Drivers/API/Inc/API_delay.h:24:29: note: expected 'delay_t *' but argument is of type 'volatile delay_t *'
   24 | mode_t delayRead( delay_t * delay );
      |                   ~~~~~~~~~~^~~~~
../Core/Src/main.c: In function 'FSM':
../Core/Src/main.c:371:41: warning: passing argument 1 of 'SM_init' discards 'volatile' qualifier from pointer target type [-Wdiscarded-qualifiers]
  371 |                                 SM_init(&delay_mech);
      |                                         ^~~~~~~~~~~
../Core/Src/main.c:78:24: note: expected 'delay_t *' but argument is of type 'volatile delay_t *'
   78 | void SM_init(delay_t * mechanic_delay);
      |              ~~~~~~~~~~^~~~~~~~~~~~~~
../Core/Src/main.c:377:59: warning: passing argument 2 of 'action_write' discards 'volatile' qualifier from pointer target type [-Wdiscarded-qualifiers]
  377 |                                 action_write(adc_value_x, &delay_mech);
      |                                                           ^~~~~~~~~~~
../Core/Src/main.c:74:48: note: expected 'delay_t *' but argument is of type 'volatile delay_t *'
   74 | void action_write(uint32_t ADC_value,delay_t * mechanic_delay);
      |                                      ~~~~~~~~~~^~~~~~~~~~~~~~
../Core/Src/main.c: In function 'action_write':
../Core/Src/main.c:420:22: warning: passing argument 1 of 'delayDisable' discards 'volatile' qualifier from pointer target type [-Wdiscarded-qualifiers]
  420 |         delayDisable(&delay_mech);
      |                      ^~~~~~~~~~~
/home/tomas1908/STM32CubeIDE/workspace_1.19.0/pdm/Trabajo_final_PdM/Drivers/API/Inc/API_delay.h:25:29: note: expected 'delay_t *' but argument is of type 'volatile delay_t *'
   25 | void delayDisable(delay_t * delay);
      |                   ~~~~~~~~~~^~~~~
arm-none-eabi-gcc -o "Trabajo_final_PdM.elf" @"objects.list"   -mcpu=cortex-m4 -T"/home/tomas1908/STM32CubeIDE/workspace_1.19.0/pdm/Trabajo_final_PdM/STM32F446RETX_FLASH.ld" --specs=nosys.specs -Wl,-Map="Trabajo_final_PdM.map" -Wl,--gc-sections -static --specs=nano.specs -mfpu=fpv4-sp-d16 -mfloat-abi=hard -mthumb -Wl,--start-group -lc -lm -Wl,--end-group
Finished building target: Trabajo_final_PdM.elf
 
arm-none-eabi-size  Trabajo_final_PdM.elf 
arm-none-eabi-objdump -h -S Trabajo_final_PdM.elf  > "Trabajo_final_PdM.list"
   text	   data	    bss	    dec	    hex	filename
  13572	     12	   1740	  15324	   3bdc	Trabajo_final_PdM.elf
Finished building: default.size.stdout
 
Finished building: Trabajo_final_PdM.list
 
21:24:36 **** Incremental Build of configuration Debug for project Trabajo_final_PdM ****
make -j8 all 
arm-none-eabi-size  Trabajo_final_PdM.elf 
   text	   data	    bss	    dec	    hex	filename
  13572	     12	   1740	  15324	   3bdc	Trabajo_final_PdM.elf
Finished building: default.size.stdout
 
21:26:03 **** Incremental Build of configuration Debug for project Trabajo_final_PdM ****
make -j8 all 
arm-none-eabi-size  Trabajo_final_PdM.elf 
   text	   data	    bss	    dec	    hex	filename
  13572	     12	   1740	  15324	   3bdc	Trabajo_final_PdM.elf
Finished building: default.size.stdout
 
21:28:22 **** Incremental Build of configuration Debug for project Trabajo_final_PdM ****
make -j8 all 
arm-none-eabi-gcc "../Core/Src/main.c" -mcpu=cortex-m4 -std=gnu11 -g3 -DDEBUG -DUSE_HAL_DRIVER -DSTM32F446xx -c -I../Core/Inc -I../Drivers/STM32F4xx_HAL_Driver/Inc -I../Drivers/STM32F4xx_HAL_Driver/Inc/Legacy -I../Drivers/CMSIS/Device/ST/STM32F4xx/Include -I../Drivers/CMSIS/Include -I"/home/tomas1908/STM32CubeIDE/workspace_1.19.0/pdm/Trabajo_final_PdM/Drivers/API/Inc" -I"/home/tomas1908/STM32CubeIDE/workspace_1.19.0/pdm/Trabajo_final_PdM/Drivers/API/Src" -O0 -ffunction-sections -fdata-sections -Wall -fstack-usage -fcyclomatic-complexity -MMD -MP -MF"Core/Src/main.d" -MT"Core/Src/main.o" --specs=nano.specs -mfpu=fpv4-sp-d16 -mfloat-abi=hard -mthumb -o "Core/Src/main.o"
../Core/Src/main.c: In function 'main':
../Core/Src/main.c:147:22: warning: passing argument 1 of 'delayRead' discards 'volatile' qualifier from pointer target type [-Wdiscarded-qualifiers]
  147 |         if(delayRead(&delay_mech) == ready_mode){
      |                      ^~~~~~~~~~~
In file included from ../Core/Inc/main.h:34,
                 from ../Core/Src/main.c:20:
/home/tomas1908/STM32CubeIDE/workspace_1.19.0/pdm/Trabajo_final_PdM/Drivers/API/Inc/API_delay.h:24:29: note: expected 'delay_t *' but argument is of type 'volatile delay_t *'
   24 | mode_t delayRead( delay_t * delay );
      |                   ~~~~~~~~~~^~~~~
../Core/Src/main.c: In function 'FSM':
../Core/Src/main.c:372:41: warning: passing argument 1 of 'SM_init' discards 'volatile' qualifier from pointer target type [-Wdiscarded-qualifiers]
  372 |                                 SM_init(&delay_mech);
      |                                         ^~~~~~~~~~~
../Core/Src/main.c:78:24: note: expected 'delay_t *' but argument is of type 'volatile delay_t *'
   78 | void SM_init(delay_t * mechanic_delay);
      |              ~~~~~~~~~~^~~~~~~~~~~~~~
../Core/Src/main.c:378:59: warning: passing argument 2 of 'action_write' discards 'volatile' qualifier from pointer target type [-Wdiscarded-qualifiers]
  378 |                                 action_write(adc_value_x, &delay_mech);
      |                                                           ^~~~~~~~~~~
../Core/Src/main.c:74:48: note: expected 'delay_t *' but argument is of type 'volatile delay_t *'
   74 | void action_write(uint32_t ADC_value,delay_t * mechanic_delay);
      |                                      ~~~~~~~~~~^~~~~~~~~~~~~~
../Core/Src/main.c: In function 'action_write':
../Core/Src/main.c:421:22: warning: passing argument 1 of 'delayDisable' discards 'volatile' qualifier from pointer target type [-Wdiscarded-qualifiers]
  421 |         delayDisable(&delay_mech);
      |                      ^~~~~~~~~~~
/home/tomas1908/STM32CubeIDE/workspace_1.19.0/pdm/Trabajo_final_PdM/Drivers/API/Inc/API_delay.h:25:29: note: expected 'delay_t *' but argument is of type 'volatile delay_t *'
   25 | void delayDisable(delay_t * delay);
      |                   ~~~~~~~~~~^~~~~
arm-none-eabi-gcc -o "Trabajo_final_PdM.elf" @"objects.list"   -mcpu=cortex-m4 -T"/home/tomas1908/STM32CubeIDE/workspace_1.19.0/pdm/Trabajo_final_PdM/STM32F446RETX_FLASH.ld" --specs=nosys.specs -Wl,-Map="Trabajo_final_PdM.map" -Wl,--gc-sections -static --specs=nano.specs -mfpu=fpv4-sp-d16 -mfloat-abi=hard -mthumb -Wl,--start-group -lc -lm -Wl,--end-group
Finished building target: Trabajo_final_PdM.elf
 
arm-none-eabi-size  Trabajo_final_PdM.elf 
arm-none-eabi-objdump -h -S Trabajo_final_PdM.elf  > "Trabajo_final_PdM.list"
   text	   data	    bss	    dec	    hex	filename
  13572	     12	   1740	  15324	   3bdc	Trabajo_final_PdM.elf
Finished building: default.size.stdout
 
Finished building: Trabajo_final_PdM.list
 
09:03:26 **** Incremental Build of configuration Debug for project Trabajo_final_PdM ****
make -j8 all 
arm-none-eabi-size  Trabajo_final_PdM.elf 
   text	   data	    bss	    dec	    hex	filename
  13572	     12	   1740	  15324	   3bdc	Trabajo_final_PdM.elf
Finished building: default.size.stdout
 
09:04:52 **** Incremental Build of configuration Debug for project Trabajo_final_PdM ****
make -j8 all 
arm-none-eabi-gcc "../Drivers/STM32F4xx_HAL_Driver/Src/stm32f4xx_hal.c" -mcpu=cortex-m4 -std=gnu11 -g3 -DDEBUG -DUSE_HAL_DRIVER -DSTM32F446xx -c -I../Core/Inc -I../Drivers/STM32F4xx_HAL_Driver/Inc -I../Drivers/STM32F4xx_HAL_Driver/Inc/Legacy -I../Drivers/CMSIS/Device/ST/STM32F4xx/Include -I../Drivers/CMSIS/Include -I"/home/tomas1908/STM32CubeIDE/workspace_1.19.0/pdm/Trabajo_final_PdM/Drivers/API/Inc" -I"/home/tomas1908/STM32CubeIDE/workspace_1.19.0/pdm/Trabajo_final_PdM/Drivers/API/Src" -O0 -ffunction-sections -fdata-sections -Wall -fstack-usage -fcyclomatic-complexity -MMD -MP -MF"Drivers/STM32F4xx_HAL_Driver/Src/stm32f4xx_hal.d" -MT"Drivers/STM32F4xx_HAL_Driver/Src/stm32f4xx_hal.o" --specs=nano.specs -mfpu=fpv4-sp-d16 -mfloat-abi=hard -mthumb -o "Drivers/STM32F4xx_HAL_Driver/Src/stm32f4xx_hal.o"
arm-none-eabi-gcc "../Drivers/STM32F4xx_HAL_Driver/Src/stm32f4xx_hal_adc.c" -mcpu=cortex-m4 -std=gnu11 -g3 -DDEBUG -DUSE_HAL_DRIVER -DSTM32F446xx -c -I../Core/Inc -I../Drivers/STM32F4xx_HAL_Driver/Inc -I../Drivers/STM32F4xx_HAL_Driver/Inc/Legacy -I../Drivers/CMSIS/Device/ST/STM32F4xx/Include -I../Drivers/CMSIS/Include -I"/home/tomas1908/STM32CubeIDE/workspace_1.19.0/pdm/Trabajo_final_PdM/Drivers/API/Inc" -I"/home/tomas1908/STM32CubeIDE/workspace_1.19.0/pdm/Trabajo_final_PdM/Drivers/API/Src" -O0 -ffunction-sections -fdata-sections -Wall -fstack-usage -fcyclomatic-complexity -MMD -MP -MF"Drivers/STM32F4xx_HAL_Driver/Src/stm32f4xx_hal_adc.d" -MT"Drivers/STM32F4xx_HAL_Driver/Src/stm32f4xx_hal_adc.o" --specs=nano.specs -mfpu=fpv4-sp-d16 -mfloat-abi=hard -mthumb -o "Drivers/STM32F4xx_HAL_Driver/Src/stm32f4xx_hal_adc.o"
arm-none-eabi-gcc "../Drivers/STM32F4xx_HAL_Driver/Src/stm32f4xx_hal_adc_ex.c" -mcpu=cortex-m4 -std=gnu11 -g3 -DDEBUG -DUSE_HAL_DRIVER -DSTM32F446xx -c -I../Core/Inc -I../Drivers/STM32F4xx_HAL_Driver/Inc -I../Drivers/STM32F4xx_HAL_Driver/Inc/Legacy -I../Drivers/CMSIS/Device/ST/STM32F4xx/Include -I../Drivers/CMSIS/Include -I"/home/tomas1908/STM32CubeIDE/workspace_1.19.0/pdm/Trabajo_final_PdM/Drivers/API/Inc" -I"/home/tomas1908/STM32CubeIDE/workspace_1.19.0/pdm/Trabajo_final_PdM/Drivers/API/Src" -O0 -ffunction-sections -fdata-sections -Wall -fstack-usage -fcyclomatic-complexity -MMD -MP -MF"Drivers/STM32F4xx_HAL_Driver/Src/stm32f4xx_hal_adc_ex.d" -MT"Drivers/STM32F4xx_HAL_Driver/Src/stm32f4xx_hal_adc_ex.o" --specs=nano.specs -mfpu=fpv4-sp-d16 -mfloat-abi=hard -mthumb -o "Drivers/STM32F4xx_HAL_Driver/Src/stm32f4xx_hal_adc_ex.o"
arm-none-eabi-gcc "../Drivers/STM32F4xx_HAL_Driver/Src/stm32f4xx_hal_cortex.c" -mcpu=cortex-m4 -std=gnu11 -g3 -DDEBUG -DUSE_HAL_DRIVER -DSTM32F446xx -c -I../Core/Inc -I../Drivers/STM32F4xx_HAL_Driver/Inc -I../Drivers/STM32F4xx_HAL_Driver/Inc/Legacy -I../Drivers/CMSIS/Device/ST/STM32F4xx/Include -I../Drivers/CMSIS/Include -I"/home/tomas1908/STM32CubeIDE/workspace_1.19.0/pdm/Trabajo_final_PdM/Drivers/API/Inc" -I"/home/tomas1908/STM32CubeIDE/workspace_1.19.0/pdm/Trabajo_final_PdM/Drivers/API/Src" -O0 -ffunction-sections -fdata-sections -Wall -fstack-usage -fcyclomatic-complexity -MMD -MP -MF"Drivers/STM32F4xx_HAL_Driver/Src/stm32f4xx_hal_cortex.d" -MT"Drivers/STM32F4xx_HAL_Driver/Src/stm32f4xx_hal_cortex.o" --specs=nano.specs -mfpu=fpv4-sp-d16 -mfloat-abi=hard -mthumb -o "Drivers/STM32F4xx_HAL_Driver/Src/stm32f4xx_hal_cortex.o"
arm-none-eabi-gcc "../Drivers/STM32F4xx_HAL_Driver/Src/stm32f4xx_hal_dma.c" -mcpu=cortex-m4 -std=gnu11 -g3 -DDEBUG -DUSE_HAL_DRIVER -DSTM32F446xx -c -I../Core/Inc -I../Drivers/STM32F4xx_HAL_Driver/Inc -I../Drivers/STM32F4xx_HAL_Driver/Inc/Legacy -I../Drivers/CMSIS/Device/ST/STM32F4xx/Include -I../Drivers/CMSIS/Include -I"/home/tomas1908/STM32CubeIDE/workspace_1.19.0/pdm/Trabajo_final_PdM/Drivers/API/Inc" -I"/home/tomas1908/STM32CubeIDE/workspace_1.19.0/pdm/Trabajo_final_PdM/Drivers/API/Src" -O0 -ffunction-sections -fdata-sections -Wall -fstack-usage -fcyclomatic-complexity -MMD -MP -MF"Drivers/STM32F4xx_HAL_Driver/Src/stm32f4xx_hal_dma.d" -MT"Drivers/STM32F4xx_HAL_Driver/Src/stm32f4xx_hal_dma.o" --specs=nano.specs -mfpu=fpv4-sp-d16 -mfloat-abi=hard -mthumb -o "Drivers/STM32F4xx_HAL_Driver/Src/stm32f4xx_hal_dma.o"
arm-none-eabi-gcc "../Drivers/STM32F4xx_HAL_Driver/Src/stm32f4xx_hal_dma_ex.c" -mcpu=cortex-m4 -std=gnu11 -g3 -DDEBUG -DUSE_HAL_DRIVER -DSTM32F446xx -c -I../Core/Inc -I../Drivers/STM32F4xx_HAL_Driver/Inc -I../Drivers/STM32F4xx_HAL_Driver/Inc/Legacy -I../Drivers/CMSIS/Device/ST/STM32F4xx/Include -I../Drivers/CMSIS/Include -I"/home/tomas1908/STM32CubeIDE/workspace_1.19.0/pdm/Trabajo_final_PdM/Drivers/API/Inc" -I"/home/tomas1908/STM32CubeIDE/workspace_1.19.0/pdm/Trabajo_final_PdM/Drivers/API/Src" -O0 -ffunction-sections -fdata-sections -Wall -fstack-usage -fcyclomatic-complexity -MMD -MP -MF"Drivers/STM32F4xx_HAL_Driver/Src/stm32f4xx_hal_dma_ex.d" -MT"Drivers/STM32F4xx_HAL_Driver/Src/stm32f4xx_hal_dma_ex.o" --specs=nano.specs -mfpu=fpv4-sp-d16 -mfloat-abi=hard -mthumb -o "Drivers/STM32F4xx_HAL_Driver/Src/stm32f4xx_hal_dma_ex.o"
arm-none-eabi-gcc "../Drivers/STM32F4xx_HAL_Driver/Src/stm32f4xx_hal_exti.c" -mcpu=cortex-m4 -std=gnu11 -g3 -DDEBUG -DUSE_HAL_DRIVER -DSTM32F446xx -c -I../Core/Inc -I../Drivers/STM32F4xx_HAL_Driver/Inc -I../Drivers/STM32F4xx_HAL_Driver/Inc/Legacy -I../Drivers/CMSIS/Device/ST/STM32F4xx/Include -I../Drivers/CMSIS/Include -I"/home/tomas1908/STM32CubeIDE/workspace_1.19.0/pdm/Trabajo_final_PdM/Drivers/API/Inc" -I"/home/tomas1908/STM32CubeIDE/workspace_1.19.0/pdm/Trabajo_final_PdM/Drivers/API/Src" -O0 -ffunction-sections -fdata-sections -Wall -fstack-usage -fcyclomatic-complexity -MMD -MP -MF"Drivers/STM32F4xx_HAL_Driver/Src/stm32f4xx_hal_exti.d" -MT"Drivers/STM32F4xx_HAL_Driver/Src/stm32f4xx_hal_exti.o" --specs=nano.specs -mfpu=fpv4-sp-d16 -mfloat-abi=hard -mthumb -o "Drivers/STM32F4xx_HAL_Driver/Src/stm32f4xx_hal_exti.o"
arm-none-eabi-gcc "../Drivers/STM32F4xx_HAL_Driver/Src/stm32f4xx_hal_flash.c" -mcpu=cortex-m4 -std=gnu11 -g3 -DDEBUG -DUSE_HAL_DRIVER -DSTM32F446xx -c -I../Core/Inc -I../Drivers/STM32F4xx_HAL_Driver/Inc -I../Drivers/STM32F4xx_HAL_Driver/Inc/Legacy -I../Drivers/CMSIS/Device/ST/STM32F4xx/Include -I../Drivers/CMSIS/Include -I"/home/tomas1908/STM32CubeIDE/workspace_1.19.0/pdm/Trabajo_final_PdM/Drivers/API/Inc" -I"/home/tomas1908/STM32CubeIDE/workspace_1.19.0/pdm/Trabajo_final_PdM/Drivers/API/Src" -O0 -ffunction-sections -fdata-sections -Wall -fstack-usage -fcyclomatic-complexity -MMD -MP -MF"Drivers/STM32F4xx_HAL_Driver/Src/stm32f4xx_hal_flash.d" -MT"Drivers/STM32F4xx_HAL_Driver/Src/stm32f4xx_hal_flash.o" --specs=nano.specs -mfpu=fpv4-sp-d16 -mfloat-abi=hard -mthumb -o "Drivers/STM32F4xx_HAL_Driver/Src/stm32f4xx_hal_flash.o"
arm-none-eabi-gcc "../Drivers/STM32F4xx_HAL_Driver/Src/stm32f4xx_hal_flash_ex.c" -mcpu=cortex-m4 -std=gnu11 -g3 -DDEBUG -DUSE_HAL_DRIVER -DSTM32F446xx -c -I../Core/Inc -I../Drivers/STM32F4xx_HAL_Driver/Inc -I../Drivers/STM32F4xx_HAL_Driver/Inc/Legacy -I../Drivers/CMSIS/Device/ST/STM32F4xx/Include -I../Drivers/CMSIS/Include -I"/home/tomas1908/STM32CubeIDE/workspace_1.19.0/pdm/Trabajo_final_PdM/Drivers/API/Inc" -I"/home/tomas1908/STM32CubeIDE/workspace_1.19.0/pdm/Trabajo_final_PdM/Drivers/API/Src" -O0 -ffunction-sections -fdata-sections -Wall -fstack-usage -fcyclomatic-complexity -MMD -MP -MF"Drivers/STM32F4xx_HAL_Driver/Src/stm32f4xx_hal_flash_ex.d" -MT"Drivers/STM32F4xx_HAL_Driver/Src/stm32f4xx_hal_flash_ex.o" --specs=nano.specs -mfpu=fpv4-sp-d16 -mfloat-abi=hard -mthumb -o "Drivers/STM32F4xx_HAL_Driver/Src/stm32f4xx_hal_flash_ex.o"
arm-none-eabi-gcc "../Drivers/STM32F4xx_HAL_Driver/Src/stm32f4xx_hal_flash_ramfunc.c" -mcpu=cortex-m4 -std=gnu11 -g3 -DDEBUG -DUSE_HAL_DRIVER -DSTM32F446xx -c -I../Core/Inc -I../Drivers/STM32F4xx_HAL_Driver/Inc -I../Drivers/STM32F4xx_HAL_Driver/Inc/Legacy -I../Drivers/CMSIS/Device/ST/STM32F4xx/Include -I../Drivers/CMSIS/Include -I"/home/tomas1908/STM32CubeIDE/workspace_1.19.0/pdm/Trabajo_final_PdM/Drivers/API/Inc" -I"/home/tomas1908/STM32CubeIDE/workspace_1.19.0/pdm/Trabajo_final_PdM/Drivers/API/Src" -O0 -ffunction-sections -fdata-sections -Wall -fstack-usage -fcyclomatic-complexity -MMD -MP -MF"Drivers/STM32F4xx_HAL_Driver/Src/stm32f4xx_hal_flash_ramfunc.d" -MT"Drivers/STM32F4xx_HAL_Driver/Src/stm32f4xx_hal_flash_ramfunc.o" --specs=nano.specs -mfpu=fpv4-sp-d16 -mfloat-abi=hard -mthumb -o "Drivers/STM32F4xx_HAL_Driver/Src/stm32f4xx_hal_flash_ramfunc.o"
arm-none-eabi-gcc "../Drivers/STM32F4xx_HAL_Driver/Src/stm32f4xx_hal_gpio.c" -mcpu=cortex-m4 -std=gnu11 -g3 -DDEBUG -DUSE_HAL_DRIVER -DSTM32F446xx -c -I../Core/Inc -I../Drivers/STM32F4xx_HAL_Driver/Inc -I../Drivers/STM32F4xx_HAL_Driver/Inc/Legacy -I../Drivers/CMSIS/Device/ST/STM32F4xx/Include -I../Drivers/CMSIS/Include -I"/home/tomas1908/STM32CubeIDE/workspace_1.19.0/pdm/Trabajo_final_PdM/Drivers/API/Inc" -I"/home/tomas1908/STM32CubeIDE/workspace_1.19.0/pdm/Trabajo_final_PdM/Drivers/API/Src" -O0 -ffunction-sections -fdata-sections -Wall -fstack-usage -fcyclomatic-complexity -MMD -MP -MF"Drivers/STM32F4xx_HAL_Driver/Src/stm32f4xx_hal_gpio.d" -MT"Drivers/STM32F4xx_HAL_Driver/Src/stm32f4xx_hal_gpio.o" --specs=nano.specs -mfpu=fpv4-sp-d16 -mfloat-abi=hard -mthumb -o "Drivers/STM32F4xx_HAL_Driver/Src/stm32f4xx_hal_gpio.o"
arm-none-eabi-gcc "../Drivers/STM32F4xx_HAL_Driver/Src/stm32f4xx_hal_pwr.c" -mcpu=cortex-m4 -std=gnu11 -g3 -DDEBUG -DUSE_HAL_DRIVER -DSTM32F446xx -c -I../Core/Inc -I../Drivers/STM32F4xx_HAL_Driver/Inc -I../Drivers/STM32F4xx_HAL_Driver/Inc/Legacy -I../Drivers/CMSIS/Device/ST/STM32F4xx/Include -I../Drivers/CMSIS/Include -I"/home/tomas1908/STM32CubeIDE/workspace_1.19.0/pdm/Trabajo_final_PdM/Drivers/API/Inc" -I"/home/tomas1908/STM32CubeIDE/workspace_1.19.0/pdm/Trabajo_final_PdM/Drivers/API/Src" -O0 -ffunction-sections -fdata-sections -Wall -fstack-usage -fcyclomatic-complexity -MMD -MP -MF"Drivers/STM32F4xx_HAL_Driver/Src/stm32f4xx_hal_pwr.d" -MT"Drivers/STM32F4xx_HAL_Driver/Src/stm32f4xx_hal_pwr.o" --specs=nano.specs -mfpu=fpv4-sp-d16 -mfloat-abi=hard -mthumb -o "Drivers/STM32F4xx_HAL_Driver/Src/stm32f4xx_hal_pwr.o"
arm-none-eabi-gcc "../Drivers/STM32F4xx_HAL_Driver/Src/stm32f4xx_hal_pwr_ex.c" -mcpu=cortex-m4 -std=gnu11 -g3 -DDEBUG -DUSE_HAL_DRIVER -DSTM32F446xx -c -I../Core/Inc -I../Drivers/STM32F4xx_HAL_Driver/Inc -I../Drivers/STM32F4xx_HAL_Driver/Inc/Legacy -I../Drivers/CMSIS/Device/ST/STM32F4xx/Include -I../Drivers/CMSIS/Include -I"/home/tomas1908/STM32CubeIDE/workspace_1.19.0/pdm/Trabajo_final_PdM/Drivers/API/Inc" -I"/home/tomas1908/STM32CubeIDE/workspace_1.19.0/pdm/Trabajo_final_PdM/Drivers/API/Src" -O0 -ffunction-sections -fdata-sections -Wall -fstack-usage -fcyclomatic-complexity -MMD -MP -MF"Drivers/STM32F4xx_HAL_Driver/Src/stm32f4xx_hal_pwr_ex.d" -MT"Drivers/STM32F4xx_HAL_Driver/Src/stm32f4xx_hal_pwr_ex.o" --specs=nano.specs -mfpu=fpv4-sp-d16 -mfloat-abi=hard -mthumb -o "Drivers/STM32F4xx_HAL_Driver/Src/stm32f4xx_hal_pwr_ex.o"
arm-none-eabi-gcc "../Drivers/STM32F4xx_HAL_Driver/Src/stm32f4xx_hal_rcc.c" -mcpu=cortex-m4 -std=gnu11 -g3 -DDEBUG -DUSE_HAL_DRIVER -DSTM32F446xx -c -I../Core/Inc -I../Drivers/STM32F4xx_HAL_Driver/Inc -I../Drivers/STM32F4xx_HAL_Driver/Inc/Legacy -I../Drivers/CMSIS/Device/ST/STM32F4xx/Include -I../Drivers/CMSIS/Include -I"/home/tomas1908/STM32CubeIDE/workspace_1.19.0/pdm/Trabajo_final_PdM/Drivers/API/Inc" -I"/home/tomas1908/STM32CubeIDE/workspace_1.19.0/pdm/Trabajo_final_PdM/Drivers/API/Src" -O0 -ffunction-sections -fdata-sections -Wall -fstack-usage -fcyclomatic-complexity -MMD -MP -MF"Drivers/STM32F4xx_HAL_Driver/Src/stm32f4xx_hal_rcc.d" -MT"Drivers/STM32F4xx_HAL_Driver/Src/stm32f4xx_hal_rcc.o" --specs=nano.specs -mfpu=fpv4-sp-d16 -mfloat-abi=hard -mthumb -o "Drivers/STM32F4xx_HAL_Driver/Src/stm32f4xx_hal_rcc.o"
arm-none-eabi-gcc "../Drivers/STM32F4xx_HAL_Driver/Src/stm32f4xx_hal_rcc_ex.c" -mcpu=cortex-m4 -std=gnu11 -g3 -DDEBUG -DUSE_HAL_DRIVER -DSTM32F446xx -c -I../Core/Inc -I../Drivers/STM32F4xx_HAL_Driver/Inc -I../Drivers/STM32F4xx_HAL_Driver/Inc/Legacy -I../Drivers/CMSIS/Device/ST/STM32F4xx/Include -I../Drivers/CMSIS/Include -I"/home/tomas1908/STM32CubeIDE/workspace_1.19.0/pdm/Trabajo_final_PdM/Drivers/API/Inc" -I"/home/tomas1908/STM32CubeIDE/workspace_1.19.0/pdm/Trabajo_final_PdM/Drivers/API/Src" -O0 -ffunction-sections -fdata-sections -Wall -fstack-usage -fcyclomatic-complexity -MMD -MP -MF"Drivers/STM32F4xx_HAL_Driver/Src/stm32f4xx_hal_rcc_ex.d" -MT"Drivers/STM32F4xx_HAL_Driver/Src/stm32f4xx_hal_rcc_ex.o" --specs=nano.specs -mfpu=fpv4-sp-d16 -mfloat-abi=hard -mthumb -o "Drivers/STM32F4xx_HAL_Driver/Src/stm32f4xx_hal_rcc_ex.o"
arm-none-eabi-gcc "../Drivers/STM32F4xx_HAL_Driver/Src/stm32f4xx_hal_tim.c" -mcpu=cortex-m4 -std=gnu11 -g3 -DDEBUG -DUSE_HAL_DRIVER -DSTM32F446xx -c -I../Core/Inc -I../Drivers/STM32F4xx_HAL_Driver/Inc -I../Drivers/STM32F4xx_HAL_Driver/Inc/Legacy -I../Drivers/CMSIS/Device/ST/STM32F4xx/Include -I../Drivers/CMSIS/Include -I"/home/tomas1908/STM32CubeIDE/workspace_1.19.0/pdm/Trabajo_final_PdM/Drivers/API/Inc" -I"/home/tomas1908/STM32CubeIDE/workspace_1.19.0/pdm/Trabajo_final_PdM/Drivers/API/Src" -O0 -ffunction-sections -fdata-sections -Wall -fstack-usage -fcyclomatic-complexity -MMD -MP -MF"Drivers/STM32F4xx_HAL_Driver/Src/stm32f4xx_hal_tim.d" -MT"Drivers/STM32F4xx_HAL_Driver/Src/stm32f4xx_hal_tim.o" --specs=nano.specs -mfpu=fpv4-sp-d16 -mfloat-abi=hard -mthumb -o "Drivers/STM32F4xx_HAL_Driver/Src/stm32f4xx_hal_tim.o"
arm-none-eabi-gcc "../Drivers/STM32F4xx_HAL_Driver/Src/stm32f4xx_hal_tim_ex.c" -mcpu=cortex-m4 -std=gnu11 -g3 -DDEBUG -DUSE_HAL_DRIVER -DSTM32F446xx -c -I../Core/Inc -I../Drivers/STM32F4xx_HAL_Driver/Inc -I../Drivers/STM32F4xx_HAL_Driver/Inc/Legacy -I../Drivers/CMSIS/Device/ST/STM32F4xx/Include -I../Drivers/CMSIS/Include -I"/home/tomas1908/STM32CubeIDE/workspace_1.19.0/pdm/Trabajo_final_PdM/Drivers/API/Inc" -I"/home/tomas1908/STM32CubeIDE/workspace_1.19.0/pdm/Trabajo_final_PdM/Drivers/API/Src" -O0 -ffunction-sections -fdata-sections -Wall -fstack-usage -fcyclomatic-complexity -MMD -MP -MF"Drivers/STM32F4xx_HAL_Driver/Src/stm32f4xx_hal_tim_ex.d" -MT"Drivers/STM32F4xx_HAL_Driver/Src/stm32f4xx_hal_tim_ex.o" --specs=nano.specs -mfpu=fpv4-sp-d16 -mfloat-abi=hard -mthumb -o "Drivers/STM32F4xx_HAL_Driver/Src/stm32f4xx_hal_tim_ex.o"
arm-none-eabi-gcc "../Drivers/STM32F4xx_HAL_Driver/Src/stm32f4xx_ll_adc.c" -mcpu=cortex-m4 -std=gnu11 -g3 -DDEBUG -DUSE_HAL_DRIVER -DSTM32F446xx -c -I../Core/Inc -I../Drivers/STM32F4xx_HAL_Driver/Inc -I../Drivers/STM32F4xx_HAL_Driver/Inc/Legacy -I../Drivers/CMSIS/Device/ST/STM32F4xx/Include -I../Drivers/CMSIS/Include -I"/home/tomas1908/STM32CubeIDE/workspace_1.19.0/pdm/Trabajo_final_PdM/Drivers/API/Inc" -I"/home/tomas1908/STM32CubeIDE/workspace_1.19.0/pdm/Trabajo_final_PdM/Drivers/API/Src" -O0 -ffunction-sections -fdata-sections -Wall -fstack-usage -fcyclomatic-complexity -MMD -MP -MF"Drivers/STM32F4xx_HAL_Driver/Src/stm32f4xx_ll_adc.d" -MT"Drivers/STM32F4xx_HAL_Driver/Src/stm32f4xx_ll_adc.o" --specs=nano.specs -mfpu=fpv4-sp-d16 -mfloat-abi=hard -mthumb -o "Drivers/STM32F4xx_HAL_Driver/Src/stm32f4xx_ll_adc.o"
arm-none-eabi-gcc "../Drivers/API/Src/API_delay.c" -mcpu=cortex-m4 -std=gnu11 -g3 -DDEBUG -DUSE_HAL_DRIVER -DSTM32F446xx -c -I../Core/Inc -I../Drivers/STM32F4xx_HAL_Driver/Inc -I../Drivers/STM32F4xx_HAL_Driver/Inc/Legacy -I../Drivers/CMSIS/Device/ST/STM32F4xx/Include -I../Drivers/CMSIS/Include -I"/home/tomas1908/STM32CubeIDE/workspace_1.19.0/pdm/Trabajo_final_PdM/Drivers/API/Inc" -I"/home/tomas1908/STM32CubeIDE/workspace_1.19.0/pdm/Trabajo_final_PdM/Drivers/API/Src" -O0 -ffunction-sections -fdata-sections -Wall -fstack-usage -fcyclomatic-complexity -MMD -MP -MF"Drivers/API/Src/API_delay.d" -MT"Drivers/API/Src/API_delay.o" --specs=nano.specs -mfpu=fpv4-sp-d16 -mfloat-abi=hard -mthumb -o "Drivers/API/Src/API_delay.o"
arm-none-eabi-gcc "../Core/Src/main.c" -mcpu=cortex-m4 -std=gnu11 -g3 -DDEBUG -DUSE_HAL_DRIVER -DSTM32F446xx -c -I../Core/Inc -I../Drivers/STM32F4xx_HAL_Driver/Inc -I../Drivers/STM32F4xx_HAL_Driver/Inc/Legacy -I../Drivers/CMSIS/Device/ST/STM32F4xx/Include -I../Drivers/CMSIS/Include -I"/home/tomas1908/STM32CubeIDE/workspace_1.19.0/pdm/Trabajo_final_PdM/Drivers/API/Inc" -I"/home/tomas1908/STM32CubeIDE/workspace_1.19.0/pdm/Trabajo_final_PdM/Drivers/API/Src" -O0 -ffunction-sections -fdata-sections -Wall -fstack-usage -fcyclomatic-complexity -MMD -MP -MF"Core/Src/main.d" -MT"Core/Src/main.o" --specs=nano.specs -mfpu=fpv4-sp-d16 -mfloat-abi=hard -mthumb -o "Core/Src/main.o"
arm-none-eabi-gcc "../Core/Src/stm32f4xx_hal_msp.c" -mcpu=cortex-m4 -std=gnu11 -g3 -DDEBUG -DUSE_HAL_DRIVER -DSTM32F446xx -c -I../Core/Inc -I../Drivers/STM32F4xx_HAL_Driver/Inc -I../Drivers/STM32F4xx_HAL_Driver/Inc/Legacy -I../Drivers/CMSIS/Device/ST/STM32F4xx/Include -I../Drivers/CMSIS/Include -I"/home/tomas1908/STM32CubeIDE/workspace_1.19.0/pdm/Trabajo_final_PdM/Drivers/API/Inc" -I"/home/tomas1908/STM32CubeIDE/workspace_1.19.0/pdm/Trabajo_final_PdM/Drivers/API/Src" -O0 -ffunction-sections -fdata-sections -Wall -fstack-usage -fcyclomatic-complexity -MMD -MP -MF"Core/Src/stm32f4xx_hal_msp.d" -MT"Core/Src/stm32f4xx_hal_msp.o" --specs=nano.specs -mfpu=fpv4-sp-d16 -mfloat-abi=hard -mthumb -o "Core/Src/stm32f4xx_hal_msp.o"
arm-none-eabi-gcc "../Core/Src/stm32f4xx_it.c" -mcpu=cortex-m4 -std=gnu11 -g3 -DDEBUG -DUSE_HAL_DRIVER -DSTM32F446xx -c -I../Core/Inc -I../Drivers/STM32F4xx_HAL_Driver/Inc -I../Drivers/STM32F4xx_HAL_Driver/Inc/Legacy -I../Drivers/CMSIS/Device/ST/STM32F4xx/Include -I../Drivers/CMSIS/Include -I"/home/tomas1908/STM32CubeIDE/workspace_1.19.0/pdm/Trabajo_final_PdM/Drivers/API/Inc" -I"/home/tomas1908/STM32CubeIDE/workspace_1.19.0/pdm/Trabajo_final_PdM/Drivers/API/Src" -O0 -ffunction-sections -fdata-sections -Wall -fstack-usage -fcyclomatic-complexity -MMD -MP -MF"Core/Src/stm32f4xx_it.d" -MT"Core/Src/stm32f4xx_it.o" --specs=nano.specs -mfpu=fpv4-sp-d16 -mfloat-abi=hard -mthumb -o "Core/Src/stm32f4xx_it.o"
arm-none-eabi-gcc "../Core/Src/system_stm32f4xx.c" -mcpu=cortex-m4 -std=gnu11 -g3 -DDEBUG -DUSE_HAL_DRIVER -DSTM32F446xx -c -I../Core/Inc -I../Drivers/STM32F4xx_HAL_Driver/Inc -I../Drivers/STM32F4xx_HAL_Driver/Inc/Legacy -I../Drivers/CMSIS/Device/ST/STM32F4xx/Include -I../Drivers/CMSIS/Include -I"/home/tomas1908/STM32CubeIDE/workspace_1.19.0/pdm/Trabajo_final_PdM/Drivers/API/Inc" -I"/home/tomas1908/STM32CubeIDE/workspace_1.19.0/pdm/Trabajo_final_PdM/Drivers/API/Src" -O0 -ffunction-sections -fdata-sections -Wall -fstack-usage -fcyclomatic-complexity -MMD -MP -MF"Core/Src/system_stm32f4xx.d" -MT"Core/Src/system_stm32f4xx.o" --specs=nano.specs -mfpu=fpv4-sp-d16 -mfloat-abi=hard -mthumb -o "Core/Src/system_stm32f4xx.o"
../Core/Src/main.c: In function 'main':
../Core/Src/main.c:147:22: warning: passing argument 1 of 'delayRead' discards 'volatile' qualifier from pointer target type [-Wdiscarded-qualifiers]
  147 |         if(delayRead(&delay_mech) == ready_mode){
      |                      ^~~~~~~~~~~
In file included from ../Core/Inc/main.h:34,
                 from ../Core/Src/main.c:20:
/home/tomas1908/STM32CubeIDE/workspace_1.19.0/pdm/Trabajo_final_PdM/Drivers/API/Inc/API_delay.h:24:29: note: expected 'delay_t *' but argument is of type 'volatile delay_t *'
   24 | mode_t delayRead( delay_t * delay );
      |                   ~~~~~~~~~~^~~~~
../Core/Src/main.c: In function 'FSM':
../Core/Src/main.c:372:41: warning: passing argument 1 of 'SM_init' discards 'volatile' qualifier from pointer target type [-Wdiscarded-qualifiers]
  372 |                                 SM_init(&delay_mech);
      |                                         ^~~~~~~~~~~
../Core/Src/main.c:78:24: note: expected 'delay_t *' but argument is of type 'volatile delay_t *'
   78 | void SM_init(delay_t * mechanic_delay);
      |              ~~~~~~~~~~^~~~~~~~~~~~~~
../Core/Src/main.c:378:59: warning: passing argument 2 of 'action_write' discards 'volatile' qualifier from pointer target type [-Wdiscarded-qualifiers]
  378 |                                 action_write(adc_value_x, &delay_mech);
      |                                                           ^~~~~~~~~~~
../Core/Src/main.c:74:48: note: expected 'delay_t *' but argument is of type 'volatile delay_t *'
   74 | void action_write(uint32_t ADC_value,delay_t * mechanic_delay);
      |                                      ~~~~~~~~~~^~~~~~~~~~~~~~
../Core/Src/main.c: In function 'action_write':
../Core/Src/main.c:421:22: warning: passing argument 1 of 'delayDisable' discards 'volatile' qualifier from pointer target type [-Wdiscarded-qualifiers]
  421 |         delayDisable(&delay_mech);
      |                      ^~~~~~~~~~~
/home/tomas1908/STM32CubeIDE/workspace_1.19.0/pdm/Trabajo_final_PdM/Drivers/API/Inc/API_delay.h:25:29: note: expected 'delay_t *' but argument is of type 'volatile delay_t *'
   25 | void delayDisable(delay_t * delay);
      |                   ~~~~~~~~~~^~~~~
arm-none-eabi-gcc -o "Trabajo_final_PdM.elf" @"objects.list"   -mcpu=cortex-m4 -T"/home/tomas1908/STM32CubeIDE/workspace_1.19.0/pdm/Trabajo_final_PdM/STM32F446RETX_FLASH.ld" --specs=nosys.specs -Wl,-Map="Trabajo_final_PdM.map" -Wl,--gc-sections -static --specs=nano.specs -mfpu=fpv4-sp-d16 -mfloat-abi=hard -mthumb -Wl,--start-group -lc -lm -Wl,--end-group
Finished building target: Trabajo_final_PdM.elf
 
arm-none-eabi-size  Trabajo_final_PdM.elf 
arm-none-eabi-objdump -h -S Trabajo_final_PdM.elf  > "Trabajo_final_PdM.list"
   text	   data	    bss	    dec	    hex	filename
  13572	     12	   1740	  15324	   3bdc	Trabajo_final_PdM.elf
Finished building: default.size.stdout
 
Finished building: Trabajo_final_PdM.list
 
09:05:43 **** Incremental Build of configuration Debug for project Trabajo_final_PdM ****
make -j8 all 
arm-none-eabi-gcc "../Core/Src/main.c" -mcpu=cortex-m4 -std=gnu11 -g3 -DDEBUG -DUSE_HAL_DRIVER -DSTM32F446xx -c -I../Core/Inc -I../Drivers/STM32F4xx_HAL_Driver/Inc -I../Drivers/STM32F4xx_HAL_Driver/Inc/Legacy -I../Drivers/CMSIS/Device/ST/STM32F4xx/Include -I../Drivers/CMSIS/Include -I"/home/tomas1908/STM32CubeIDE/workspace_1.19.0/pdm/Trabajo_final_PdM/Drivers/API/Inc" -I"/home/tomas1908/STM32CubeIDE/workspace_1.19.0/pdm/Trabajo_final_PdM/Drivers/API/Src" -O0 -ffunction-sections -fdata-sections -Wall -fstack-usage -fcyclomatic-complexity -MMD -MP -MF"Core/Src/main.d" -MT"Core/Src/main.o" --specs=nano.specs -mfpu=fpv4-sp-d16 -mfloat-abi=hard -mthumb -o "Core/Src/main.o"
../Core/Src/main.c: In function 'main':
../Core/Src/main.c:147:22: warning: passing argument 1 of 'delayRead' discards 'volatile' qualifier from pointer target type [-Wdiscarded-qualifiers]
  147 |         if(delayRead(&delay_mech) == ready_mode){
      |                      ^~~~~~~~~~~
In file included from ../Core/Inc/main.h:34,
                 from ../Core/Src/main.c:20:
/home/tomas1908/STM32CubeIDE/workspace_1.19.0/pdm/Trabajo_final_PdM/Drivers/API/Inc/API_delay.h:24:29: note: expected 'delay_t *' but argument is of type 'volatile delay_t *'
   24 | mode_t delayRead( delay_t * delay );
      |                   ~~~~~~~~~~^~~~~
../Core/Src/main.c: In function 'FSM':
../Core/Src/main.c:372:41: warning: passing argument 1 of 'SM_init' discards 'volatile' qualifier from pointer target type [-Wdiscarded-qualifiers]
  372 |                                 SM_init(&delay_mech);
      |                                         ^~~~~~~~~~~
../Core/Src/main.c:78:24: note: expected 'delay_t *' but argument is of type 'volatile delay_t *'
   78 | void SM_init(delay_t * mechanic_delay);
      |              ~~~~~~~~~~^~~~~~~~~~~~~~
../Core/Src/main.c:378:59: warning: passing argument 2 of 'action_write' discards 'volatile' qualifier from pointer target type [-Wdiscarded-qualifiers]
  378 |                                 action_write(adc_value_x, &delay_mech);
      |                                                           ^~~~~~~~~~~
../Core/Src/main.c:74:48: note: expected 'delay_t *' but argument is of type 'volatile delay_t *'
   74 | void action_write(uint32_t ADC_value,delay_t * mechanic_delay);
      |                                      ~~~~~~~~~~^~~~~~~~~~~~~~
../Core/Src/main.c: In function 'action_write':
../Core/Src/main.c:421:22: warning: passing argument 1 of 'delayDisable' discards 'volatile' qualifier from pointer target type [-Wdiscarded-qualifiers]
  421 |         delayDisable(&delay_mech);
      |                      ^~~~~~~~~~~
/home/tomas1908/STM32CubeIDE/workspace_1.19.0/pdm/Trabajo_final_PdM/Drivers/API/Inc/API_delay.h:25:29: note: expected 'delay_t *' but argument is of type 'volatile delay_t *'
   25 | void delayDisable(delay_t * delay);
      |                   ~~~~~~~~~~^~~~~
arm-none-eabi-gcc -o "Trabajo_final_PdM.elf" @"objects.list"   -mcpu=cortex-m4 -T"/home/tomas1908/STM32CubeIDE/workspace_1.19.0/pdm/Trabajo_final_PdM/STM32F446RETX_FLASH.ld" --specs=nosys.specs -Wl,-Map="Trabajo_final_PdM.map" -Wl,--gc-sections -static --specs=nano.specs -mfpu=fpv4-sp-d16 -mfloat-abi=hard -mthumb -Wl,--start-group -lc -lm -Wl,--end-group
Finished building target: Trabajo_final_PdM.elf
 
arm-none-eabi-size  Trabajo_final_PdM.elf 
arm-none-eabi-objdump -h -S Trabajo_final_PdM.elf  > "Trabajo_final_PdM.list"
   text	   data	    bss	    dec	    hex	filename
  13572	     12	   1740	  15324	   3bdc	Trabajo_final_PdM.elf
Finished building: default.size.stdout
 
Finished building: Trabajo_final_PdM.list
 
09:07:23 **** Incremental Build of configuration Debug for project Trabajo_final_PdM ****
make -j8 all 
arm-none-eabi-gcc "../Core/Src/main.c" -mcpu=cortex-m4 -std=gnu11 -g3 -DDEBUG -DUSE_HAL_DRIVER -DSTM32F446xx -c -I../Core/Inc -I../Drivers/STM32F4xx_HAL_Driver/Inc -I../Drivers/STM32F4xx_HAL_Driver/Inc/Legacy -I../Drivers/CMSIS/Device/ST/STM32F4xx/Include -I../Drivers/CMSIS/Include -I"/home/tomas1908/STM32CubeIDE/workspace_1.19.0/pdm/Trabajo_final_PdM/Drivers/API/Inc" -I"/home/tomas1908/STM32CubeIDE/workspace_1.19.0/pdm/Trabajo_final_PdM/Drivers/API/Src" -O0 -ffunction-sections -fdata-sections -Wall -fstack-usage -fcyclomatic-complexity -MMD -MP -MF"Core/Src/main.d" -MT"Core/Src/main.o" --specs=nano.specs -mfpu=fpv4-sp-d16 -mfloat-abi=hard -mthumb -o "Core/Src/main.o"
../Core/Src/main.c: In function 'main':
../Core/Src/main.c:147:22: warning: passing argument 1 of 'delayRead' discards 'volatile' qualifier from pointer target type [-Wdiscarded-qualifiers]
  147 |         if(delayRead(&delay_mech) == ready_mode){
      |                      ^~~~~~~~~~~
In file included from ../Core/Inc/main.h:34,
                 from ../Core/Src/main.c:20:
/home/tomas1908/STM32CubeIDE/workspace_1.19.0/pdm/Trabajo_final_PdM/Drivers/API/Inc/API_delay.h:24:29: note: expected 'delay_t *' but argument is of type 'volatile delay_t *'
   24 | mode_t delayRead( delay_t * delay );
      |                   ~~~~~~~~~~^~~~~
../Core/Src/main.c: In function 'FSM':
../Core/Src/main.c:372:41: warning: passing argument 1 of 'SM_init' discards 'volatile' qualifier from pointer target type [-Wdiscarded-qualifiers]
  372 |                                 SM_init(&delay_mech);
      |                                         ^~~~~~~~~~~
../Core/Src/main.c:78:24: note: expected 'delay_t *' but argument is of type 'volatile delay_t *'
   78 | void SM_init(delay_t * mechanic_delay);
      |              ~~~~~~~~~~^~~~~~~~~~~~~~
../Core/Src/main.c:378:59: warning: passing argument 2 of 'action_write' discards 'volatile' qualifier from pointer target type [-Wdiscarded-qualifiers]
  378 |                                 action_write(adc_value_x, &delay_mech);
      |                                                           ^~~~~~~~~~~
../Core/Src/main.c:74:48: note: expected 'delay_t *' but argument is of type 'volatile delay_t *'
   74 | void action_write(uint32_t ADC_value,delay_t * mechanic_delay);
      |                                      ~~~~~~~~~~^~~~~~~~~~~~~~
../Core/Src/main.c: In function 'action_write':
../Core/Src/main.c:421:22: warning: passing argument 1 of 'delayDisable' discards 'volatile' qualifier from pointer target type [-Wdiscarded-qualifiers]
  421 |         delayDisable(&delay_mech);
      |                      ^~~~~~~~~~~
/home/tomas1908/STM32CubeIDE/workspace_1.19.0/pdm/Trabajo_final_PdM/Drivers/API/Inc/API_delay.h:25:29: note: expected 'delay_t *' but argument is of type 'volatile delay_t *'
   25 | void delayDisable(delay_t * delay);
      |                   ~~~~~~~~~~^~~~~
arm-none-eabi-gcc -o "Trabajo_final_PdM.elf" @"objects.list"   -mcpu=cortex-m4 -T"/home/tomas1908/STM32CubeIDE/workspace_1.19.0/pdm/Trabajo_final_PdM/STM32F446RETX_FLASH.ld" --specs=nosys.specs -Wl,-Map="Trabajo_final_PdM.map" -Wl,--gc-sections -static --specs=nano.specs -mfpu=fpv4-sp-d16 -mfloat-abi=hard -mthumb -Wl,--start-group -lc -lm -Wl,--end-group
Finished building target: Trabajo_final_PdM.elf
 
arm-none-eabi-size  Trabajo_final_PdM.elf 
arm-none-eabi-objdump -h -S Trabajo_final_PdM.elf  > "Trabajo_final_PdM.list"
   text	   data	    bss	    dec	    hex	filename
  13572	     12	   1740	  15324	   3bdc	Trabajo_final_PdM.elf
Finished building: default.size.stdout
 
Finished building: Trabajo_final_PdM.list
 
09:13:09 **** Incremental Build of configuration Debug for project Trabajo_final_PdM ****
make -j8 all 
arm-none-eabi-gcc "../Core/Src/main.c" -mcpu=cortex-m4 -std=gnu11 -g3 -DDEBUG -DUSE_HAL_DRIVER -DSTM32F446xx -c -I../Core/Inc -I../Drivers/STM32F4xx_HAL_Driver/Inc -I../Drivers/STM32F4xx_HAL_Driver/Inc/Legacy -I../Drivers/CMSIS/Device/ST/STM32F4xx/Include -I../Drivers/CMSIS/Include -I"/home/tomas1908/STM32CubeIDE/workspace_1.19.0/pdm/Trabajo_final_PdM/Drivers/API/Inc" -I"/home/tomas1908/STM32CubeIDE/workspace_1.19.0/pdm/Trabajo_final_PdM/Drivers/API/Src" -O0 -ffunction-sections -fdata-sections -Wall -fstack-usage -fcyclomatic-complexity -MMD -MP -MF"Core/Src/main.d" -MT"Core/Src/main.o" --specs=nano.specs -mfpu=fpv4-sp-d16 -mfloat-abi=hard -mthumb -o "Core/Src/main.o"
../Core/Src/main.c: In function 'main':
../Core/Src/main.c:147:22: warning: passing argument 1 of 'delayRead' discards 'volatile' qualifier from pointer target type [-Wdiscarded-qualifiers]
  147 |         if(delayRead(&delay_mech) == ready_mode){
      |                      ^~~~~~~~~~~
In file included from ../Core/Inc/main.h:34,
                 from ../Core/Src/main.c:20:
/home/tomas1908/STM32CubeIDE/workspace_1.19.0/pdm/Trabajo_final_PdM/Drivers/API/Inc/API_delay.h:24:29: note: expected 'delay_t *' but argument is of type 'volatile delay_t *'
   24 | mode_t delayRead( delay_t * delay );
      |                   ~~~~~~~~~~^~~~~
../Core/Src/main.c: In function 'FSM':
../Core/Src/main.c:374:41: warning: passing argument 1 of 'SM_init' discards 'volatile' qualifier from pointer target type [-Wdiscarded-qualifiers]
  374 |                                 SM_init(&delay_mech);
      |                                         ^~~~~~~~~~~
../Core/Src/main.c:78:24: note: expected 'delay_t *' but argument is of type 'volatile delay_t *'
   78 | void SM_init(delay_t * mechanic_delay);
      |              ~~~~~~~~~~^~~~~~~~~~~~~~
../Core/Src/main.c:380:59: warning: passing argument 2 of 'action_write' discards 'volatile' qualifier from pointer target type [-Wdiscarded-qualifiers]
  380 |                                 action_write(adc_value_x, &delay_mech);
      |                                                           ^~~~~~~~~~~
../Core/Src/main.c:74:48: note: expected 'delay_t *' but argument is of type 'volatile delay_t *'
   74 | void action_write(uint32_t ADC_value,delay_t * mechanic_delay);
      |                                      ~~~~~~~~~~^~~~~~~~~~~~~~
../Core/Src/main.c: In function 'action_write':
../Core/Src/main.c:423:22: warning: passing argument 1 of 'delayDisable' discards 'volatile' qualifier from pointer target type [-Wdiscarded-qualifiers]
  423 |         delayDisable(&delay_mech);
      |                      ^~~~~~~~~~~
/home/tomas1908/STM32CubeIDE/workspace_1.19.0/pdm/Trabajo_final_PdM/Drivers/API/Inc/API_delay.h:25:29: note: expected 'delay_t *' but argument is of type 'volatile delay_t *'
   25 | void delayDisable(delay_t * delay);
      |                   ~~~~~~~~~~^~~~~
arm-none-eabi-gcc -o "Trabajo_final_PdM.elf" @"objects.list"   -mcpu=cortex-m4 -T"/home/tomas1908/STM32CubeIDE/workspace_1.19.0/pdm/Trabajo_final_PdM/STM32F446RETX_FLASH.ld" --specs=nosys.specs -Wl,-Map="Trabajo_final_PdM.map" -Wl,--gc-sections -static --specs=nano.specs -mfpu=fpv4-sp-d16 -mfloat-abi=hard -mthumb -Wl,--start-group -lc -lm -Wl,--end-group
Finished building target: Trabajo_final_PdM.elf
 
arm-none-eabi-size  Trabajo_final_PdM.elf 
arm-none-eabi-objdump -h -S Trabajo_final_PdM.elf  > "Trabajo_final_PdM.list"
   text	   data	    bss	    dec	    hex	filename
  13712	     12	   1740	  15464	   3c68	Trabajo_final_PdM.elf
Finished building: default.size.stdout
 
Finished building: Trabajo_final_PdM.list
 
09:38:39 **** Incremental Build of configuration Debug for project Trabajo_final_PdM ****
make -j8 all 
arm-none-eabi-gcc "../Drivers/STM32F4xx_HAL_Driver/Src/stm32f4xx_hal.c" -mcpu=cortex-m4 -std=gnu11 -g3 -DDEBUG -DUSE_HAL_DRIVER -DSTM32F446xx -c -I../Core/Inc -I../Drivers/STM32F4xx_HAL_Driver/Inc -I../Drivers/STM32F4xx_HAL_Driver/Inc/Legacy -I../Drivers/CMSIS/Device/ST/STM32F4xx/Include -I../Drivers/CMSIS/Include -I"/home/tomas1908/STM32CubeIDE/workspace_1.19.0/pdm/Trabajo_final_PdM/Drivers/API/Inc" -I"/home/tomas1908/STM32CubeIDE/workspace_1.19.0/pdm/Trabajo_final_PdM/Drivers/API/Src" -O0 -ffunction-sections -fdata-sections -Wall -fstack-usage -fcyclomatic-complexity -MMD -MP -MF"Drivers/STM32F4xx_HAL_Driver/Src/stm32f4xx_hal.d" -MT"Drivers/STM32F4xx_HAL_Driver/Src/stm32f4xx_hal.o" --specs=nano.specs -mfpu=fpv4-sp-d16 -mfloat-abi=hard -mthumb -o "Drivers/STM32F4xx_HAL_Driver/Src/stm32f4xx_hal.o"
arm-none-eabi-gcc "../Drivers/STM32F4xx_HAL_Driver/Src/stm32f4xx_hal_adc.c" -mcpu=cortex-m4 -std=gnu11 -g3 -DDEBUG -DUSE_HAL_DRIVER -DSTM32F446xx -c -I../Core/Inc -I../Drivers/STM32F4xx_HAL_Driver/Inc -I../Drivers/STM32F4xx_HAL_Driver/Inc/Legacy -I../Drivers/CMSIS/Device/ST/STM32F4xx/Include -I../Drivers/CMSIS/Include -I"/home/tomas1908/STM32CubeIDE/workspace_1.19.0/pdm/Trabajo_final_PdM/Drivers/API/Inc" -I"/home/tomas1908/STM32CubeIDE/workspace_1.19.0/pdm/Trabajo_final_PdM/Drivers/API/Src" -O0 -ffunction-sections -fdata-sections -Wall -fstack-usage -fcyclomatic-complexity -MMD -MP -MF"Drivers/STM32F4xx_HAL_Driver/Src/stm32f4xx_hal_adc.d" -MT"Drivers/STM32F4xx_HAL_Driver/Src/stm32f4xx_hal_adc.o" --specs=nano.specs -mfpu=fpv4-sp-d16 -mfloat-abi=hard -mthumb -o "Drivers/STM32F4xx_HAL_Driver/Src/stm32f4xx_hal_adc.o"
arm-none-eabi-gcc "../Drivers/STM32F4xx_HAL_Driver/Src/stm32f4xx_hal_adc_ex.c" -mcpu=cortex-m4 -std=gnu11 -g3 -DDEBUG -DUSE_HAL_DRIVER -DSTM32F446xx -c -I../Core/Inc -I../Drivers/STM32F4xx_HAL_Driver/Inc -I../Drivers/STM32F4xx_HAL_Driver/Inc/Legacy -I../Drivers/CMSIS/Device/ST/STM32F4xx/Include -I../Drivers/CMSIS/Include -I"/home/tomas1908/STM32CubeIDE/workspace_1.19.0/pdm/Trabajo_final_PdM/Drivers/API/Inc" -I"/home/tomas1908/STM32CubeIDE/workspace_1.19.0/pdm/Trabajo_final_PdM/Drivers/API/Src" -O0 -ffunction-sections -fdata-sections -Wall -fstack-usage -fcyclomatic-complexity -MMD -MP -MF"Drivers/STM32F4xx_HAL_Driver/Src/stm32f4xx_hal_adc_ex.d" -MT"Drivers/STM32F4xx_HAL_Driver/Src/stm32f4xx_hal_adc_ex.o" --specs=nano.specs -mfpu=fpv4-sp-d16 -mfloat-abi=hard -mthumb -o "Drivers/STM32F4xx_HAL_Driver/Src/stm32f4xx_hal_adc_ex.o"
arm-none-eabi-gcc "../Drivers/STM32F4xx_HAL_Driver/Src/stm32f4xx_hal_cortex.c" -mcpu=cortex-m4 -std=gnu11 -g3 -DDEBUG -DUSE_HAL_DRIVER -DSTM32F446xx -c -I../Core/Inc -I../Drivers/STM32F4xx_HAL_Driver/Inc -I../Drivers/STM32F4xx_HAL_Driver/Inc/Legacy -I../Drivers/CMSIS/Device/ST/STM32F4xx/Include -I../Drivers/CMSIS/Include -I"/home/tomas1908/STM32CubeIDE/workspace_1.19.0/pdm/Trabajo_final_PdM/Drivers/API/Inc" -I"/home/tomas1908/STM32CubeIDE/workspace_1.19.0/pdm/Trabajo_final_PdM/Drivers/API/Src" -O0 -ffunction-sections -fdata-sections -Wall -fstack-usage -fcyclomatic-complexity -MMD -MP -MF"Drivers/STM32F4xx_HAL_Driver/Src/stm32f4xx_hal_cortex.d" -MT"Drivers/STM32F4xx_HAL_Driver/Src/stm32f4xx_hal_cortex.o" --specs=nano.specs -mfpu=fpv4-sp-d16 -mfloat-abi=hard -mthumb -o "Drivers/STM32F4xx_HAL_Driver/Src/stm32f4xx_hal_cortex.o"
arm-none-eabi-gcc "../Drivers/STM32F4xx_HAL_Driver/Src/stm32f4xx_hal_dma.c" -mcpu=cortex-m4 -std=gnu11 -g3 -DDEBUG -DUSE_HAL_DRIVER -DSTM32F446xx -c -I../Core/Inc -I../Drivers/STM32F4xx_HAL_Driver/Inc -I../Drivers/STM32F4xx_HAL_Driver/Inc/Legacy -I../Drivers/CMSIS/Device/ST/STM32F4xx/Include -I../Drivers/CMSIS/Include -I"/home/tomas1908/STM32CubeIDE/workspace_1.19.0/pdm/Trabajo_final_PdM/Drivers/API/Inc" -I"/home/tomas1908/STM32CubeIDE/workspace_1.19.0/pdm/Trabajo_final_PdM/Drivers/API/Src" -O0 -ffunction-sections -fdata-sections -Wall -fstack-usage -fcyclomatic-complexity -MMD -MP -MF"Drivers/STM32F4xx_HAL_Driver/Src/stm32f4xx_hal_dma.d" -MT"Drivers/STM32F4xx_HAL_Driver/Src/stm32f4xx_hal_dma.o" --specs=nano.specs -mfpu=fpv4-sp-d16 -mfloat-abi=hard -mthumb -o "Drivers/STM32F4xx_HAL_Driver/Src/stm32f4xx_hal_dma.o"
arm-none-eabi-gcc "../Drivers/STM32F4xx_HAL_Driver/Src/stm32f4xx_hal_dma_ex.c" -mcpu=cortex-m4 -std=gnu11 -g3 -DDEBUG -DUSE_HAL_DRIVER -DSTM32F446xx -c -I../Core/Inc -I../Drivers/STM32F4xx_HAL_Driver/Inc -I../Drivers/STM32F4xx_HAL_Driver/Inc/Legacy -I../Drivers/CMSIS/Device/ST/STM32F4xx/Include -I../Drivers/CMSIS/Include -I"/home/tomas1908/STM32CubeIDE/workspace_1.19.0/pdm/Trabajo_final_PdM/Drivers/API/Inc" -I"/home/tomas1908/STM32CubeIDE/workspace_1.19.0/pdm/Trabajo_final_PdM/Drivers/API/Src" -O0 -ffunction-sections -fdata-sections -Wall -fstack-usage -fcyclomatic-complexity -MMD -MP -MF"Drivers/STM32F4xx_HAL_Driver/Src/stm32f4xx_hal_dma_ex.d" -MT"Drivers/STM32F4xx_HAL_Driver/Src/stm32f4xx_hal_dma_ex.o" --specs=nano.specs -mfpu=fpv4-sp-d16 -mfloat-abi=hard -mthumb -o "Drivers/STM32F4xx_HAL_Driver/Src/stm32f4xx_hal_dma_ex.o"
arm-none-eabi-gcc "../Drivers/STM32F4xx_HAL_Driver/Src/stm32f4xx_hal_exti.c" -mcpu=cortex-m4 -std=gnu11 -g3 -DDEBUG -DUSE_HAL_DRIVER -DSTM32F446xx -c -I../Core/Inc -I../Drivers/STM32F4xx_HAL_Driver/Inc -I../Drivers/STM32F4xx_HAL_Driver/Inc/Legacy -I../Drivers/CMSIS/Device/ST/STM32F4xx/Include -I../Drivers/CMSIS/Include -I"/home/tomas1908/STM32CubeIDE/workspace_1.19.0/pdm/Trabajo_final_PdM/Drivers/API/Inc" -I"/home/tomas1908/STM32CubeIDE/workspace_1.19.0/pdm/Trabajo_final_PdM/Drivers/API/Src" -O0 -ffunction-sections -fdata-sections -Wall -fstack-usage -fcyclomatic-complexity -MMD -MP -MF"Drivers/STM32F4xx_HAL_Driver/Src/stm32f4xx_hal_exti.d" -MT"Drivers/STM32F4xx_HAL_Driver/Src/stm32f4xx_hal_exti.o" --specs=nano.specs -mfpu=fpv4-sp-d16 -mfloat-abi=hard -mthumb -o "Drivers/STM32F4xx_HAL_Driver/Src/stm32f4xx_hal_exti.o"
arm-none-eabi-gcc "../Drivers/STM32F4xx_HAL_Driver/Src/stm32f4xx_hal_flash.c" -mcpu=cortex-m4 -std=gnu11 -g3 -DDEBUG -DUSE_HAL_DRIVER -DSTM32F446xx -c -I../Core/Inc -I../Drivers/STM32F4xx_HAL_Driver/Inc -I../Drivers/STM32F4xx_HAL_Driver/Inc/Legacy -I../Drivers/CMSIS/Device/ST/STM32F4xx/Include -I../Drivers/CMSIS/Include -I"/home/tomas1908/STM32CubeIDE/workspace_1.19.0/pdm/Trabajo_final_PdM/Drivers/API/Inc" -I"/home/tomas1908/STM32CubeIDE/workspace_1.19.0/pdm/Trabajo_final_PdM/Drivers/API/Src" -O0 -ffunction-sections -fdata-sections -Wall -fstack-usage -fcyclomatic-complexity -MMD -MP -MF"Drivers/STM32F4xx_HAL_Driver/Src/stm32f4xx_hal_flash.d" -MT"Drivers/STM32F4xx_HAL_Driver/Src/stm32f4xx_hal_flash.o" --specs=nano.specs -mfpu=fpv4-sp-d16 -mfloat-abi=hard -mthumb -o "Drivers/STM32F4xx_HAL_Driver/Src/stm32f4xx_hal_flash.o"
arm-none-eabi-gcc "../Drivers/STM32F4xx_HAL_Driver/Src/stm32f4xx_hal_flash_ex.c" -mcpu=cortex-m4 -std=gnu11 -g3 -DDEBUG -DUSE_HAL_DRIVER -DSTM32F446xx -c -I../Core/Inc -I../Drivers/STM32F4xx_HAL_Driver/Inc -I../Drivers/STM32F4xx_HAL_Driver/Inc/Legacy -I../Drivers/CMSIS/Device/ST/STM32F4xx/Include -I../Drivers/CMSIS/Include -I"/home/tomas1908/STM32CubeIDE/workspace_1.19.0/pdm/Trabajo_final_PdM/Drivers/API/Inc" -I"/home/tomas1908/STM32CubeIDE/workspace_1.19.0/pdm/Trabajo_final_PdM/Drivers/API/Src" -O0 -ffunction-sections -fdata-sections -Wall -fstack-usage -fcyclomatic-complexity -MMD -MP -MF"Drivers/STM32F4xx_HAL_Driver/Src/stm32f4xx_hal_flash_ex.d" -MT"Drivers/STM32F4xx_HAL_Driver/Src/stm32f4xx_hal_flash_ex.o" --specs=nano.specs -mfpu=fpv4-sp-d16 -mfloat-abi=hard -mthumb -o "Drivers/STM32F4xx_HAL_Driver/Src/stm32f4xx_hal_flash_ex.o"
arm-none-eabi-gcc "../Drivers/STM32F4xx_HAL_Driver/Src/stm32f4xx_hal_flash_ramfunc.c" -mcpu=cortex-m4 -std=gnu11 -g3 -DDEBUG -DUSE_HAL_DRIVER -DSTM32F446xx -c -I../Core/Inc -I../Drivers/STM32F4xx_HAL_Driver/Inc -I../Drivers/STM32F4xx_HAL_Driver/Inc/Legacy -I../Drivers/CMSIS/Device/ST/STM32F4xx/Include -I../Drivers/CMSIS/Include -I"/home/tomas1908/STM32CubeIDE/workspace_1.19.0/pdm/Trabajo_final_PdM/Drivers/API/Inc" -I"/home/tomas1908/STM32CubeIDE/workspace_1.19.0/pdm/Trabajo_final_PdM/Drivers/API/Src" -O0 -ffunction-sections -fdata-sections -Wall -fstack-usage -fcyclomatic-complexity -MMD -MP -MF"Drivers/STM32F4xx_HAL_Driver/Src/stm32f4xx_hal_flash_ramfunc.d" -MT"Drivers/STM32F4xx_HAL_Driver/Src/stm32f4xx_hal_flash_ramfunc.o" --specs=nano.specs -mfpu=fpv4-sp-d16 -mfloat-abi=hard -mthumb -o "Drivers/STM32F4xx_HAL_Driver/Src/stm32f4xx_hal_flash_ramfunc.o"
arm-none-eabi-gcc "../Drivers/STM32F4xx_HAL_Driver/Src/stm32f4xx_hal_gpio.c" -mcpu=cortex-m4 -std=gnu11 -g3 -DDEBUG -DUSE_HAL_DRIVER -DSTM32F446xx -c -I../Core/Inc -I../Drivers/STM32F4xx_HAL_Driver/Inc -I../Drivers/STM32F4xx_HAL_Driver/Inc/Legacy -I../Drivers/CMSIS/Device/ST/STM32F4xx/Include -I../Drivers/CMSIS/Include -I"/home/tomas1908/STM32CubeIDE/workspace_1.19.0/pdm/Trabajo_final_PdM/Drivers/API/Inc" -I"/home/tomas1908/STM32CubeIDE/workspace_1.19.0/pdm/Trabajo_final_PdM/Drivers/API/Src" -O0 -ffunction-sections -fdata-sections -Wall -fstack-usage -fcyclomatic-complexity -MMD -MP -MF"Drivers/STM32F4xx_HAL_Driver/Src/stm32f4xx_hal_gpio.d" -MT"Drivers/STM32F4xx_HAL_Driver/Src/stm32f4xx_hal_gpio.o" --specs=nano.specs -mfpu=fpv4-sp-d16 -mfloat-abi=hard -mthumb -o "Drivers/STM32F4xx_HAL_Driver/Src/stm32f4xx_hal_gpio.o"
arm-none-eabi-gcc "../Drivers/STM32F4xx_HAL_Driver/Src/stm32f4xx_hal_pwr.c" -mcpu=cortex-m4 -std=gnu11 -g3 -DDEBUG -DUSE_HAL_DRIVER -DSTM32F446xx -c -I../Core/Inc -I../Drivers/STM32F4xx_HAL_Driver/Inc -I../Drivers/STM32F4xx_HAL_Driver/Inc/Legacy -I../Drivers/CMSIS/Device/ST/STM32F4xx/Include -I../Drivers/CMSIS/Include -I"/home/tomas1908/STM32CubeIDE/workspace_1.19.0/pdm/Trabajo_final_PdM/Drivers/API/Inc" -I"/home/tomas1908/STM32CubeIDE/workspace_1.19.0/pdm/Trabajo_final_PdM/Drivers/API/Src" -O0 -ffunction-sections -fdata-sections -Wall -fstack-usage -fcyclomatic-complexity -MMD -MP -MF"Drivers/STM32F4xx_HAL_Driver/Src/stm32f4xx_hal_pwr.d" -MT"Drivers/STM32F4xx_HAL_Driver/Src/stm32f4xx_hal_pwr.o" --specs=nano.specs -mfpu=fpv4-sp-d16 -mfloat-abi=hard -mthumb -o "Drivers/STM32F4xx_HAL_Driver/Src/stm32f4xx_hal_pwr.o"
arm-none-eabi-gcc "../Drivers/STM32F4xx_HAL_Driver/Src/stm32f4xx_hal_pwr_ex.c" -mcpu=cortex-m4 -std=gnu11 -g3 -DDEBUG -DUSE_HAL_DRIVER -DSTM32F446xx -c -I../Core/Inc -I../Drivers/STM32F4xx_HAL_Driver/Inc -I../Drivers/STM32F4xx_HAL_Driver/Inc/Legacy -I../Drivers/CMSIS/Device/ST/STM32F4xx/Include -I../Drivers/CMSIS/Include -I"/home/tomas1908/STM32CubeIDE/workspace_1.19.0/pdm/Trabajo_final_PdM/Drivers/API/Inc" -I"/home/tomas1908/STM32CubeIDE/workspace_1.19.0/pdm/Trabajo_final_PdM/Drivers/API/Src" -O0 -ffunction-sections -fdata-sections -Wall -fstack-usage -fcyclomatic-complexity -MMD -MP -MF"Drivers/STM32F4xx_HAL_Driver/Src/stm32f4xx_hal_pwr_ex.d" -MT"Drivers/STM32F4xx_HAL_Driver/Src/stm32f4xx_hal_pwr_ex.o" --specs=nano.specs -mfpu=fpv4-sp-d16 -mfloat-abi=hard -mthumb -o "Drivers/STM32F4xx_HAL_Driver/Src/stm32f4xx_hal_pwr_ex.o"
arm-none-eabi-gcc "../Drivers/STM32F4xx_HAL_Driver/Src/stm32f4xx_hal_rcc.c" -mcpu=cortex-m4 -std=gnu11 -g3 -DDEBUG -DUSE_HAL_DRIVER -DSTM32F446xx -c -I../Core/Inc -I../Drivers/STM32F4xx_HAL_Driver/Inc -I../Drivers/STM32F4xx_HAL_Driver/Inc/Legacy -I../Drivers/CMSIS/Device/ST/STM32F4xx/Include -I../Drivers/CMSIS/Include -I"/home/tomas1908/STM32CubeIDE/workspace_1.19.0/pdm/Trabajo_final_PdM/Drivers/API/Inc" -I"/home/tomas1908/STM32CubeIDE/workspace_1.19.0/pdm/Trabajo_final_PdM/Drivers/API/Src" -O0 -ffunction-sections -fdata-sections -Wall -fstack-usage -fcyclomatic-complexity -MMD -MP -MF"Drivers/STM32F4xx_HAL_Driver/Src/stm32f4xx_hal_rcc.d" -MT"Drivers/STM32F4xx_HAL_Driver/Src/stm32f4xx_hal_rcc.o" --specs=nano.specs -mfpu=fpv4-sp-d16 -mfloat-abi=hard -mthumb -o "Drivers/STM32F4xx_HAL_Driver/Src/stm32f4xx_hal_rcc.o"
arm-none-eabi-gcc "../Drivers/STM32F4xx_HAL_Driver/Src/stm32f4xx_hal_rcc_ex.c" -mcpu=cortex-m4 -std=gnu11 -g3 -DDEBUG -DUSE_HAL_DRIVER -DSTM32F446xx -c -I../Core/Inc -I../Drivers/STM32F4xx_HAL_Driver/Inc -I../Drivers/STM32F4xx_HAL_Driver/Inc/Legacy -I../Drivers/CMSIS/Device/ST/STM32F4xx/Include -I../Drivers/CMSIS/Include -I"/home/tomas1908/STM32CubeIDE/workspace_1.19.0/pdm/Trabajo_final_PdM/Drivers/API/Inc" -I"/home/tomas1908/STM32CubeIDE/workspace_1.19.0/pdm/Trabajo_final_PdM/Drivers/API/Src" -O0 -ffunction-sections -fdata-sections -Wall -fstack-usage -fcyclomatic-complexity -MMD -MP -MF"Drivers/STM32F4xx_HAL_Driver/Src/stm32f4xx_hal_rcc_ex.d" -MT"Drivers/STM32F4xx_HAL_Driver/Src/stm32f4xx_hal_rcc_ex.o" --specs=nano.specs -mfpu=fpv4-sp-d16 -mfloat-abi=hard -mthumb -o "Drivers/STM32F4xx_HAL_Driver/Src/stm32f4xx_hal_rcc_ex.o"
arm-none-eabi-gcc "../Drivers/STM32F4xx_HAL_Driver/Src/stm32f4xx_hal_tim.c" -mcpu=cortex-m4 -std=gnu11 -g3 -DDEBUG -DUSE_HAL_DRIVER -DSTM32F446xx -c -I../Core/Inc -I../Drivers/STM32F4xx_HAL_Driver/Inc -I../Drivers/STM32F4xx_HAL_Driver/Inc/Legacy -I../Drivers/CMSIS/Device/ST/STM32F4xx/Include -I../Drivers/CMSIS/Include -I"/home/tomas1908/STM32CubeIDE/workspace_1.19.0/pdm/Trabajo_final_PdM/Drivers/API/Inc" -I"/home/tomas1908/STM32CubeIDE/workspace_1.19.0/pdm/Trabajo_final_PdM/Drivers/API/Src" -O0 -ffunction-sections -fdata-sections -Wall -fstack-usage -fcyclomatic-complexity -MMD -MP -MF"Drivers/STM32F4xx_HAL_Driver/Src/stm32f4xx_hal_tim.d" -MT"Drivers/STM32F4xx_HAL_Driver/Src/stm32f4xx_hal_tim.o" --specs=nano.specs -mfpu=fpv4-sp-d16 -mfloat-abi=hard -mthumb -o "Drivers/STM32F4xx_HAL_Driver/Src/stm32f4xx_hal_tim.o"
arm-none-eabi-gcc "../Drivers/STM32F4xx_HAL_Driver/Src/stm32f4xx_hal_tim_ex.c" -mcpu=cortex-m4 -std=gnu11 -g3 -DDEBUG -DUSE_HAL_DRIVER -DSTM32F446xx -c -I../Core/Inc -I../Drivers/STM32F4xx_HAL_Driver/Inc -I../Drivers/STM32F4xx_HAL_Driver/Inc/Legacy -I../Drivers/CMSIS/Device/ST/STM32F4xx/Include -I../Drivers/CMSIS/Include -I"/home/tomas1908/STM32CubeIDE/workspace_1.19.0/pdm/Trabajo_final_PdM/Drivers/API/Inc" -I"/home/tomas1908/STM32CubeIDE/workspace_1.19.0/pdm/Trabajo_final_PdM/Drivers/API/Src" -O0 -ffunction-sections -fdata-sections -Wall -fstack-usage -fcyclomatic-complexity -MMD -MP -MF"Drivers/STM32F4xx_HAL_Driver/Src/stm32f4xx_hal_tim_ex.d" -MT"Drivers/STM32F4xx_HAL_Driver/Src/stm32f4xx_hal_tim_ex.o" --specs=nano.specs -mfpu=fpv4-sp-d16 -mfloat-abi=hard -mthumb -o "Drivers/STM32F4xx_HAL_Driver/Src/stm32f4xx_hal_tim_ex.o"
arm-none-eabi-gcc "../Drivers/STM32F4xx_HAL_Driver/Src/stm32f4xx_ll_adc.c" -mcpu=cortex-m4 -std=gnu11 -g3 -DDEBUG -DUSE_HAL_DRIVER -DSTM32F446xx -c -I../Core/Inc -I../Drivers/STM32F4xx_HAL_Driver/Inc -I../Drivers/STM32F4xx_HAL_Driver/Inc/Legacy -I../Drivers/CMSIS/Device/ST/STM32F4xx/Include -I../Drivers/CMSIS/Include -I"/home/tomas1908/STM32CubeIDE/workspace_1.19.0/pdm/Trabajo_final_PdM/Drivers/API/Inc" -I"/home/tomas1908/STM32CubeIDE/workspace_1.19.0/pdm/Trabajo_final_PdM/Drivers/API/Src" -O0 -ffunction-sections -fdata-sections -Wall -fstack-usage -fcyclomatic-complexity -MMD -MP -MF"Drivers/STM32F4xx_HAL_Driver/Src/stm32f4xx_ll_adc.d" -MT"Drivers/STM32F4xx_HAL_Driver/Src/stm32f4xx_ll_adc.o" --specs=nano.specs -mfpu=fpv4-sp-d16 -mfloat-abi=hard -mthumb -o "Drivers/STM32F4xx_HAL_Driver/Src/stm32f4xx_ll_adc.o"
arm-none-eabi-gcc "../Drivers/API/Src/API_delay.c" -mcpu=cortex-m4 -std=gnu11 -g3 -DDEBUG -DUSE_HAL_DRIVER -DSTM32F446xx -c -I../Core/Inc -I../Drivers/STM32F4xx_HAL_Driver/Inc -I../Drivers/STM32F4xx_HAL_Driver/Inc/Legacy -I../Drivers/CMSIS/Device/ST/STM32F4xx/Include -I../Drivers/CMSIS/Include -I"/home/tomas1908/STM32CubeIDE/workspace_1.19.0/pdm/Trabajo_final_PdM/Drivers/API/Inc" -I"/home/tomas1908/STM32CubeIDE/workspace_1.19.0/pdm/Trabajo_final_PdM/Drivers/API/Src" -O0 -ffunction-sections -fdata-sections -Wall -fstack-usage -fcyclomatic-complexity -MMD -MP -MF"Drivers/API/Src/API_delay.d" -MT"Drivers/API/Src/API_delay.o" --specs=nano.specs -mfpu=fpv4-sp-d16 -mfloat-abi=hard -mthumb -o "Drivers/API/Src/API_delay.o"
arm-none-eabi-gcc "../Core/Src/main.c" -mcpu=cortex-m4 -std=gnu11 -g3 -DDEBUG -DUSE_HAL_DRIVER -DSTM32F446xx -c -I../Core/Inc -I../Drivers/STM32F4xx_HAL_Driver/Inc -I../Drivers/STM32F4xx_HAL_Driver/Inc/Legacy -I../Drivers/CMSIS/Device/ST/STM32F4xx/Include -I../Drivers/CMSIS/Include -I"/home/tomas1908/STM32CubeIDE/workspace_1.19.0/pdm/Trabajo_final_PdM/Drivers/API/Inc" -I"/home/tomas1908/STM32CubeIDE/workspace_1.19.0/pdm/Trabajo_final_PdM/Drivers/API/Src" -O0 -ffunction-sections -fdata-sections -Wall -fstack-usage -fcyclomatic-complexity -MMD -MP -MF"Core/Src/main.d" -MT"Core/Src/main.o" --specs=nano.specs -mfpu=fpv4-sp-d16 -mfloat-abi=hard -mthumb -o "Core/Src/main.o"
arm-none-eabi-gcc "../Core/Src/stm32f4xx_hal_msp.c" -mcpu=cortex-m4 -std=gnu11 -g3 -DDEBUG -DUSE_HAL_DRIVER -DSTM32F446xx -c -I../Core/Inc -I../Drivers/STM32F4xx_HAL_Driver/Inc -I../Drivers/STM32F4xx_HAL_Driver/Inc/Legacy -I../Drivers/CMSIS/Device/ST/STM32F4xx/Include -I../Drivers/CMSIS/Include -I"/home/tomas1908/STM32CubeIDE/workspace_1.19.0/pdm/Trabajo_final_PdM/Drivers/API/Inc" -I"/home/tomas1908/STM32CubeIDE/workspace_1.19.0/pdm/Trabajo_final_PdM/Drivers/API/Src" -O0 -ffunction-sections -fdata-sections -Wall -fstack-usage -fcyclomatic-complexity -MMD -MP -MF"Core/Src/stm32f4xx_hal_msp.d" -MT"Core/Src/stm32f4xx_hal_msp.o" --specs=nano.specs -mfpu=fpv4-sp-d16 -mfloat-abi=hard -mthumb -o "Core/Src/stm32f4xx_hal_msp.o"
arm-none-eabi-gcc "../Core/Src/stm32f4xx_it.c" -mcpu=cortex-m4 -std=gnu11 -g3 -DDEBUG -DUSE_HAL_DRIVER -DSTM32F446xx -c -I../Core/Inc -I../Drivers/STM32F4xx_HAL_Driver/Inc -I../Drivers/STM32F4xx_HAL_Driver/Inc/Legacy -I../Drivers/CMSIS/Device/ST/STM32F4xx/Include -I../Drivers/CMSIS/Include -I"/home/tomas1908/STM32CubeIDE/workspace_1.19.0/pdm/Trabajo_final_PdM/Drivers/API/Inc" -I"/home/tomas1908/STM32CubeIDE/workspace_1.19.0/pdm/Trabajo_final_PdM/Drivers/API/Src" -O0 -ffunction-sections -fdata-sections -Wall -fstack-usage -fcyclomatic-complexity -MMD -MP -MF"Core/Src/stm32f4xx_it.d" -MT"Core/Src/stm32f4xx_it.o" --specs=nano.specs -mfpu=fpv4-sp-d16 -mfloat-abi=hard -mthumb -o "Core/Src/stm32f4xx_it.o"
../Core/Src/main.c: In function 'main':
../Core/Src/main.c:146:22: warning: passing argument 1 of 'delayRead' discards 'volatile' qualifier from pointer target type [-Wdiscarded-qualifiers]
  146 |         if(delayRead(&delay_mech) == ready_mode){
      |                      ^~~~~~~~~~~
In file included from ../Core/Inc/main.h:34,
                 from ../Core/Src/main.c:20:
/home/tomas1908/STM32CubeIDE/workspace_1.19.0/pdm/Trabajo_final_PdM/Drivers/API/Inc/API_delay.h:24:29: note: expected 'delay_t *' but argument is of type 'volatile delay_t *'
   24 | mode_t delayRead( delay_t * delay );
      |                   ~~~~~~~~~~^~~~~
../Core/Src/main.c: In function 'FSM':
../Core/Src/main.c:382:41: warning: passing argument 1 of 'SM_init' discards 'volatile' qualifier from pointer target type [-Wdiscarded-qualifiers]
  382 |                                 SM_init(&delay_mech);
      |                                         ^~~~~~~~~~~
../Core/Src/main.c:78:24: note: expected 'delay_t *' but argument is of type 'volatile delay_t *'
   78 | void SM_init(delay_t * mechanic_delay);
      |              ~~~~~~~~~~^~~~~~~~~~~~~~
../Core/Src/main.c:388:59: warning: passing argument 2 of 'action_write' discards 'volatile' qualifier from pointer target type [-Wdiscarded-qualifiers]
  388 |                                 action_write(adc_value_x, &delay_mech);
      |                                                           ^~~~~~~~~~~
../Core/Src/main.c:74:48: note: expected 'delay_t *' but argument is of type 'volatile delay_t *'
   74 | void action_write(uint32_t ADC_value,delay_t * mechanic_delay);
      |                                      ~~~~~~~~~~^~~~~~~~~~~~~~
../Core/Src/main.c: In function 'action_write':
../Core/Src/main.c:432:22: warning: passing argument 1 of 'delayDisable' discards 'volatile' qualifier from pointer target type [-Wdiscarded-qualifiers]
  432 |         delayDisable(&delay_mech);
      |                      ^~~~~~~~~~~
/home/tomas1908/STM32CubeIDE/workspace_1.19.0/pdm/Trabajo_final_PdM/Drivers/API/Inc/API_delay.h:25:29: note: expected 'delay_t *' but argument is of type 'volatile delay_t *'
   25 | void delayDisable(delay_t * delay);
      |                   ~~~~~~~~~~^~~~~
arm-none-eabi-gcc "../Core/Src/system_stm32f4xx.c" -mcpu=cortex-m4 -std=gnu11 -g3 -DDEBUG -DUSE_HAL_DRIVER -DSTM32F446xx -c -I../Core/Inc -I../Drivers/STM32F4xx_HAL_Driver/Inc -I../Drivers/STM32F4xx_HAL_Driver/Inc/Legacy -I../Drivers/CMSIS/Device/ST/STM32F4xx/Include -I../Drivers/CMSIS/Include -I"/home/tomas1908/STM32CubeIDE/workspace_1.19.0/pdm/Trabajo_final_PdM/Drivers/API/Inc" -I"/home/tomas1908/STM32CubeIDE/workspace_1.19.0/pdm/Trabajo_final_PdM/Drivers/API/Src" -O0 -ffunction-sections -fdata-sections -Wall -fstack-usage -fcyclomatic-complexity -MMD -MP -MF"Core/Src/system_stm32f4xx.d" -MT"Core/Src/system_stm32f4xx.o" --specs=nano.specs -mfpu=fpv4-sp-d16 -mfloat-abi=hard -mthumb -o "Core/Src/system_stm32f4xx.o"
arm-none-eabi-gcc -o "Trabajo_final_PdM.elf" @"objects.list"   -mcpu=cortex-m4 -T"/home/tomas1908/STM32CubeIDE/workspace_1.19.0/pdm/Trabajo_final_PdM/STM32F446RETX_FLASH.ld" --specs=nosys.specs -Wl,-Map="Trabajo_final_PdM.map" -Wl,--gc-sections -static --specs=nano.specs -mfpu=fpv4-sp-d16 -mfloat-abi=hard -mthumb -Wl,--start-group -lc -lm -Wl,--end-group
Finished building target: Trabajo_final_PdM.elf
 
arm-none-eabi-size  Trabajo_final_PdM.elf 
arm-none-eabi-objdump -h -S Trabajo_final_PdM.elf  > "Trabajo_final_PdM.list"
   text	   data	    bss	    dec	    hex	filename
  13872	     12	   1740	  15624	   3d08	Trabajo_final_PdM.elf
Finished building: default.size.stdout
 
Finished building: Trabajo_final_PdM.list
 
09:40:51 **** Incremental Build of configuration Debug for project Trabajo_final_PdM ****
make -j8 all 
arm-none-eabi-gcc "../Core/Src/main.c" -mcpu=cortex-m4 -std=gnu11 -g3 -DDEBUG -DUSE_HAL_DRIVER -DSTM32F446xx -c -I../Core/Inc -I../Drivers/STM32F4xx_HAL_Driver/Inc -I../Drivers/STM32F4xx_HAL_Driver/Inc/Legacy -I../Drivers/CMSIS/Device/ST/STM32F4xx/Include -I../Drivers/CMSIS/Include -I"/home/tomas1908/STM32CubeIDE/workspace_1.19.0/pdm/Trabajo_final_PdM/Drivers/API/Inc" -I"/home/tomas1908/STM32CubeIDE/workspace_1.19.0/pdm/Trabajo_final_PdM/Drivers/API/Src" -O0 -ffunction-sections -fdata-sections -Wall -fstack-usage -fcyclomatic-complexity -MMD -MP -MF"Core/Src/main.d" -MT"Core/Src/main.o" --specs=nano.specs -mfpu=fpv4-sp-d16 -mfloat-abi=hard -mthumb -o "Core/Src/main.o"
../Core/Src/main.c: In function 'main':
../Core/Src/main.c:146:22: warning: passing argument 1 of 'delayRead' discards 'volatile' qualifier from pointer target type [-Wdiscarded-qualifiers]
  146 |         if(delayRead(&delay_mech) == ready_mode){
      |                      ^~~~~~~~~~~
In file included from ../Core/Inc/main.h:34,
                 from ../Core/Src/main.c:20:
/home/tomas1908/STM32CubeIDE/workspace_1.19.0/pdm/Trabajo_final_PdM/Drivers/API/Inc/API_delay.h:24:29: note: expected 'delay_t *' but argument is of type 'volatile delay_t *'
   24 | mode_t delayRead( delay_t * delay );
      |                   ~~~~~~~~~~^~~~~
../Core/Src/main.c: In function 'FSM':
../Core/Src/main.c:382:41: warning: passing argument 1 of 'SM_init' discards 'volatile' qualifier from pointer target type [-Wdiscarded-qualifiers]
  382 |                                 SM_init(&delay_mech);
      |                                         ^~~~~~~~~~~
../Core/Src/main.c:78:24: note: expected 'delay_t *' but argument is of type 'volatile delay_t *'
   78 | void SM_init(delay_t * mechanic_delay);
      |              ~~~~~~~~~~^~~~~~~~~~~~~~
../Core/Src/main.c:388:59: warning: passing argument 2 of 'action_write' discards 'volatile' qualifier from pointer target type [-Wdiscarded-qualifiers]
  388 |                                 action_write(adc_value_x, &delay_mech);
      |                                                           ^~~~~~~~~~~
../Core/Src/main.c:74:48: note: expected 'delay_t *' but argument is of type 'volatile delay_t *'
   74 | void action_write(uint32_t ADC_value,delay_t * mechanic_delay);
      |                                      ~~~~~~~~~~^~~~~~~~~~~~~~
../Core/Src/main.c: In function 'action_write':
../Core/Src/main.c:431:22: warning: passing argument 1 of 'delayDisable' discards 'volatile' qualifier from pointer target type [-Wdiscarded-qualifiers]
  431 |         delayDisable(&delay_mech);
      |                      ^~~~~~~~~~~
/home/tomas1908/STM32CubeIDE/workspace_1.19.0/pdm/Trabajo_final_PdM/Drivers/API/Inc/API_delay.h:25:29: note: expected 'delay_t *' but argument is of type 'volatile delay_t *'
   25 | void delayDisable(delay_t * delay);
      |                   ~~~~~~~~~~^~~~~
arm-none-eabi-gcc -o "Trabajo_final_PdM.elf" @"objects.list"   -mcpu=cortex-m4 -T"/home/tomas1908/STM32CubeIDE/workspace_1.19.0/pdm/Trabajo_final_PdM/STM32F446RETX_FLASH.ld" --specs=nosys.specs -Wl,-Map="Trabajo_final_PdM.map" -Wl,--gc-sections -static --specs=nano.specs -mfpu=fpv4-sp-d16 -mfloat-abi=hard -mthumb -Wl,--start-group -lc -lm -Wl,--end-group
Finished building target: Trabajo_final_PdM.elf
 
arm-none-eabi-size  Trabajo_final_PdM.elf 
arm-none-eabi-objdump -h -S Trabajo_final_PdM.elf  > "Trabajo_final_PdM.list"
   text	   data	    bss	    dec	    hex	filename
  13808	     12	   1740	  15560	   3cc8	Trabajo_final_PdM.elf
Finished building: default.size.stdout
 
Finished building: Trabajo_final_PdM.list
 
06:50:22 **** Build of configuration Debug for project ej1_p4 ****
make -j8 all 
arm-none-eabi-gcc "../Drivers/STM32F4xx_HAL_Driver/Src/stm32f4xx_hal.c" -mcpu=cortex-m4 -std=gnu11 -g3 -DDEBUG -DUSE_HAL_DRIVER -DSTM32F446xx -c -I../Core/Inc -I../Drivers/STM32F4xx_HAL_Driver/Inc -I../Drivers/STM32F4xx_HAL_Driver/Inc/Legacy -I../Drivers/CMSIS/Device/ST/STM32F4xx/Include -I../Drivers/CMSIS/Include -I"/home/tomas1908/STM32CubeIDE/workspace_1.19.0/pdm/ej1_p4/Drivers/API/Inc" -I"/home/tomas1908/STM32CubeIDE/workspace_1.19.0/pdm/ej1_p4/Drivers/API/Src" -O0 -ffunction-sections -fdata-sections -Wall -fstack-usage -fcyclomatic-complexity -MMD -MP -MF"Drivers/STM32F4xx_HAL_Driver/Src/stm32f4xx_hal.d" -MT"Drivers/STM32F4xx_HAL_Driver/Src/stm32f4xx_hal.o" --specs=nano.specs -mfpu=fpv4-sp-d16 -mfloat-abi=hard -mthumb -o "Drivers/STM32F4xx_HAL_Driver/Src/stm32f4xx_hal.o"
arm-none-eabi-gcc "../Drivers/STM32F4xx_HAL_Driver/Src/stm32f4xx_hal_cortex.c" -mcpu=cortex-m4 -std=gnu11 -g3 -DDEBUG -DUSE_HAL_DRIVER -DSTM32F446xx -c -I../Core/Inc -I../Drivers/STM32F4xx_HAL_Driver/Inc -I../Drivers/STM32F4xx_HAL_Driver/Inc/Legacy -I../Drivers/CMSIS/Device/ST/STM32F4xx/Include -I../Drivers/CMSIS/Include -I"/home/tomas1908/STM32CubeIDE/workspace_1.19.0/pdm/ej1_p4/Drivers/API/Inc" -I"/home/tomas1908/STM32CubeIDE/workspace_1.19.0/pdm/ej1_p4/Drivers/API/Src" -O0 -ffunction-sections -fdata-sections -Wall -fstack-usage -fcyclomatic-complexity -MMD -MP -MF"Drivers/STM32F4xx_HAL_Driver/Src/stm32f4xx_hal_cortex.d" -MT"Drivers/STM32F4xx_HAL_Driver/Src/stm32f4xx_hal_cortex.o" --specs=nano.specs -mfpu=fpv4-sp-d16 -mfloat-abi=hard -mthumb -o "Drivers/STM32F4xx_HAL_Driver/Src/stm32f4xx_hal_cortex.o"
arm-none-eabi-gcc "../Drivers/STM32F4xx_HAL_Driver/Src/stm32f4xx_hal_dma.c" -mcpu=cortex-m4 -std=gnu11 -g3 -DDEBUG -DUSE_HAL_DRIVER -DSTM32F446xx -c -I../Core/Inc -I../Drivers/STM32F4xx_HAL_Driver/Inc -I../Drivers/STM32F4xx_HAL_Driver/Inc/Legacy -I../Drivers/CMSIS/Device/ST/STM32F4xx/Include -I../Drivers/CMSIS/Include -I"/home/tomas1908/STM32CubeIDE/workspace_1.19.0/pdm/ej1_p4/Drivers/API/Inc" -I"/home/tomas1908/STM32CubeIDE/workspace_1.19.0/pdm/ej1_p4/Drivers/API/Src" -O0 -ffunction-sections -fdata-sections -Wall -fstack-usage -fcyclomatic-complexity -MMD -MP -MF"Drivers/STM32F4xx_HAL_Driver/Src/stm32f4xx_hal_dma.d" -MT"Drivers/STM32F4xx_HAL_Driver/Src/stm32f4xx_hal_dma.o" --specs=nano.specs -mfpu=fpv4-sp-d16 -mfloat-abi=hard -mthumb -o "Drivers/STM32F4xx_HAL_Driver/Src/stm32f4xx_hal_dma.o"
arm-none-eabi-gcc "../Drivers/STM32F4xx_HAL_Driver/Src/stm32f4xx_hal_dma_ex.c" -mcpu=cortex-m4 -std=gnu11 -g3 -DDEBUG -DUSE_HAL_DRIVER -DSTM32F446xx -c -I../Core/Inc -I../Drivers/STM32F4xx_HAL_Driver/Inc -I../Drivers/STM32F4xx_HAL_Driver/Inc/Legacy -I../Drivers/CMSIS/Device/ST/STM32F4xx/Include -I../Drivers/CMSIS/Include -I"/home/tomas1908/STM32CubeIDE/workspace_1.19.0/pdm/ej1_p4/Drivers/API/Inc" -I"/home/tomas1908/STM32CubeIDE/workspace_1.19.0/pdm/ej1_p4/Drivers/API/Src" -O0 -ffunction-sections -fdata-sections -Wall -fstack-usage -fcyclomatic-complexity -MMD -MP -MF"Drivers/STM32F4xx_HAL_Driver/Src/stm32f4xx_hal_dma_ex.d" -MT"Drivers/STM32F4xx_HAL_Driver/Src/stm32f4xx_hal_dma_ex.o" --specs=nano.specs -mfpu=fpv4-sp-d16 -mfloat-abi=hard -mthumb -o "Drivers/STM32F4xx_HAL_Driver/Src/stm32f4xx_hal_dma_ex.o"
arm-none-eabi-gcc "../Drivers/STM32F4xx_HAL_Driver/Src/stm32f4xx_hal_exti.c" -mcpu=cortex-m4 -std=gnu11 -g3 -DDEBUG -DUSE_HAL_DRIVER -DSTM32F446xx -c -I../Core/Inc -I../Drivers/STM32F4xx_HAL_Driver/Inc -I../Drivers/STM32F4xx_HAL_Driver/Inc/Legacy -I../Drivers/CMSIS/Device/ST/STM32F4xx/Include -I../Drivers/CMSIS/Include -I"/home/tomas1908/STM32CubeIDE/workspace_1.19.0/pdm/ej1_p4/Drivers/API/Inc" -I"/home/tomas1908/STM32CubeIDE/workspace_1.19.0/pdm/ej1_p4/Drivers/API/Src" -O0 -ffunction-sections -fdata-sections -Wall -fstack-usage -fcyclomatic-complexity -MMD -MP -MF"Drivers/STM32F4xx_HAL_Driver/Src/stm32f4xx_hal_exti.d" -MT"Drivers/STM32F4xx_HAL_Driver/Src/stm32f4xx_hal_exti.o" --specs=nano.specs -mfpu=fpv4-sp-d16 -mfloat-abi=hard -mthumb -o "Drivers/STM32F4xx_HAL_Driver/Src/stm32f4xx_hal_exti.o"
arm-none-eabi-gcc "../Drivers/STM32F4xx_HAL_Driver/Src/stm32f4xx_hal_flash.c" -mcpu=cortex-m4 -std=gnu11 -g3 -DDEBUG -DUSE_HAL_DRIVER -DSTM32F446xx -c -I../Core/Inc -I../Drivers/STM32F4xx_HAL_Driver/Inc -I../Drivers/STM32F4xx_HAL_Driver/Inc/Legacy -I../Drivers/CMSIS/Device/ST/STM32F4xx/Include -I../Drivers/CMSIS/Include -I"/home/tomas1908/STM32CubeIDE/workspace_1.19.0/pdm/ej1_p4/Drivers/API/Inc" -I"/home/tomas1908/STM32CubeIDE/workspace_1.19.0/pdm/ej1_p4/Drivers/API/Src" -O0 -ffunction-sections -fdata-sections -Wall -fstack-usage -fcyclomatic-complexity -MMD -MP -MF"Drivers/STM32F4xx_HAL_Driver/Src/stm32f4xx_hal_flash.d" -MT"Drivers/STM32F4xx_HAL_Driver/Src/stm32f4xx_hal_flash.o" --specs=nano.specs -mfpu=fpv4-sp-d16 -mfloat-abi=hard -mthumb -o "Drivers/STM32F4xx_HAL_Driver/Src/stm32f4xx_hal_flash.o"
arm-none-eabi-gcc "../Drivers/STM32F4xx_HAL_Driver/Src/stm32f4xx_hal_flash_ex.c" -mcpu=cortex-m4 -std=gnu11 -g3 -DDEBUG -DUSE_HAL_DRIVER -DSTM32F446xx -c -I../Core/Inc -I../Drivers/STM32F4xx_HAL_Driver/Inc -I../Drivers/STM32F4xx_HAL_Driver/Inc/Legacy -I../Drivers/CMSIS/Device/ST/STM32F4xx/Include -I../Drivers/CMSIS/Include -I"/home/tomas1908/STM32CubeIDE/workspace_1.19.0/pdm/ej1_p4/Drivers/API/Inc" -I"/home/tomas1908/STM32CubeIDE/workspace_1.19.0/pdm/ej1_p4/Drivers/API/Src" -O0 -ffunction-sections -fdata-sections -Wall -fstack-usage -fcyclomatic-complexity -MMD -MP -MF"Drivers/STM32F4xx_HAL_Driver/Src/stm32f4xx_hal_flash_ex.d" -MT"Drivers/STM32F4xx_HAL_Driver/Src/stm32f4xx_hal_flash_ex.o" --specs=nano.specs -mfpu=fpv4-sp-d16 -mfloat-abi=hard -mthumb -o "Drivers/STM32F4xx_HAL_Driver/Src/stm32f4xx_hal_flash_ex.o"
arm-none-eabi-gcc "../Drivers/STM32F4xx_HAL_Driver/Src/stm32f4xx_hal_flash_ramfunc.c" -mcpu=cortex-m4 -std=gnu11 -g3 -DDEBUG -DUSE_HAL_DRIVER -DSTM32F446xx -c -I../Core/Inc -I../Drivers/STM32F4xx_HAL_Driver/Inc -I../Drivers/STM32F4xx_HAL_Driver/Inc/Legacy -I../Drivers/CMSIS/Device/ST/STM32F4xx/Include -I../Drivers/CMSIS/Include -I"/home/tomas1908/STM32CubeIDE/workspace_1.19.0/pdm/ej1_p4/Drivers/API/Inc" -I"/home/tomas1908/STM32CubeIDE/workspace_1.19.0/pdm/ej1_p4/Drivers/API/Src" -O0 -ffunction-sections -fdata-sections -Wall -fstack-usage -fcyclomatic-complexity -MMD -MP -MF"Drivers/STM32F4xx_HAL_Driver/Src/stm32f4xx_hal_flash_ramfunc.d" -MT"Drivers/STM32F4xx_HAL_Driver/Src/stm32f4xx_hal_flash_ramfunc.o" --specs=nano.specs -mfpu=fpv4-sp-d16 -mfloat-abi=hard -mthumb -o "Drivers/STM32F4xx_HAL_Driver/Src/stm32f4xx_hal_flash_ramfunc.o"
arm-none-eabi-gcc "../Drivers/STM32F4xx_HAL_Driver/Src/stm32f4xx_hal_gpio.c" -mcpu=cortex-m4 -std=gnu11 -g3 -DDEBUG -DUSE_HAL_DRIVER -DSTM32F446xx -c -I../Core/Inc -I../Drivers/STM32F4xx_HAL_Driver/Inc -I../Drivers/STM32F4xx_HAL_Driver/Inc/Legacy -I../Drivers/CMSIS/Device/ST/STM32F4xx/Include -I../Drivers/CMSIS/Include -I"/home/tomas1908/STM32CubeIDE/workspace_1.19.0/pdm/ej1_p4/Drivers/API/Inc" -I"/home/tomas1908/STM32CubeIDE/workspace_1.19.0/pdm/ej1_p4/Drivers/API/Src" -O0 -ffunction-sections -fdata-sections -Wall -fstack-usage -fcyclomatic-complexity -MMD -MP -MF"Drivers/STM32F4xx_HAL_Driver/Src/stm32f4xx_hal_gpio.d" -MT"Drivers/STM32F4xx_HAL_Driver/Src/stm32f4xx_hal_gpio.o" --specs=nano.specs -mfpu=fpv4-sp-d16 -mfloat-abi=hard -mthumb -o "Drivers/STM32F4xx_HAL_Driver/Src/stm32f4xx_hal_gpio.o"
arm-none-eabi-gcc "../Drivers/STM32F4xx_HAL_Driver/Src/stm32f4xx_hal_pwr.c" -mcpu=cortex-m4 -std=gnu11 -g3 -DDEBUG -DUSE_HAL_DRIVER -DSTM32F446xx -c -I../Core/Inc -I../Drivers/STM32F4xx_HAL_Driver/Inc -I../Drivers/STM32F4xx_HAL_Driver/Inc/Legacy -I../Drivers/CMSIS/Device/ST/STM32F4xx/Include -I../Drivers/CMSIS/Include -I"/home/tomas1908/STM32CubeIDE/workspace_1.19.0/pdm/ej1_p4/Drivers/API/Inc" -I"/home/tomas1908/STM32CubeIDE/workspace_1.19.0/pdm/ej1_p4/Drivers/API/Src" -O0 -ffunction-sections -fdata-sections -Wall -fstack-usage -fcyclomatic-complexity -MMD -MP -MF"Drivers/STM32F4xx_HAL_Driver/Src/stm32f4xx_hal_pwr.d" -MT"Drivers/STM32F4xx_HAL_Driver/Src/stm32f4xx_hal_pwr.o" --specs=nano.specs -mfpu=fpv4-sp-d16 -mfloat-abi=hard -mthumb -o "Drivers/STM32F4xx_HAL_Driver/Src/stm32f4xx_hal_pwr.o"
arm-none-eabi-gcc "../Drivers/STM32F4xx_HAL_Driver/Src/stm32f4xx_hal_pwr_ex.c" -mcpu=cortex-m4 -std=gnu11 -g3 -DDEBUG -DUSE_HAL_DRIVER -DSTM32F446xx -c -I../Core/Inc -I../Drivers/STM32F4xx_HAL_Driver/Inc -I../Drivers/STM32F4xx_HAL_Driver/Inc/Legacy -I../Drivers/CMSIS/Device/ST/STM32F4xx/Include -I../Drivers/CMSIS/Include -I"/home/tomas1908/STM32CubeIDE/workspace_1.19.0/pdm/ej1_p4/Drivers/API/Inc" -I"/home/tomas1908/STM32CubeIDE/workspace_1.19.0/pdm/ej1_p4/Drivers/API/Src" -O0 -ffunction-sections -fdata-sections -Wall -fstack-usage -fcyclomatic-complexity -MMD -MP -MF"Drivers/STM32F4xx_HAL_Driver/Src/stm32f4xx_hal_pwr_ex.d" -MT"Drivers/STM32F4xx_HAL_Driver/Src/stm32f4xx_hal_pwr_ex.o" --specs=nano.specs -mfpu=fpv4-sp-d16 -mfloat-abi=hard -mthumb -o "Drivers/STM32F4xx_HAL_Driver/Src/stm32f4xx_hal_pwr_ex.o"
arm-none-eabi-gcc "../Drivers/STM32F4xx_HAL_Driver/Src/stm32f4xx_hal_rcc.c" -mcpu=cortex-m4 -std=gnu11 -g3 -DDEBUG -DUSE_HAL_DRIVER -DSTM32F446xx -c -I../Core/Inc -I../Drivers/STM32F4xx_HAL_Driver/Inc -I../Drivers/STM32F4xx_HAL_Driver/Inc/Legacy -I../Drivers/CMSIS/Device/ST/STM32F4xx/Include -I../Drivers/CMSIS/Include -I"/home/tomas1908/STM32CubeIDE/workspace_1.19.0/pdm/ej1_p4/Drivers/API/Inc" -I"/home/tomas1908/STM32CubeIDE/workspace_1.19.0/pdm/ej1_p4/Drivers/API/Src" -O0 -ffunction-sections -fdata-sections -Wall -fstack-usage -fcyclomatic-complexity -MMD -MP -MF"Drivers/STM32F4xx_HAL_Driver/Src/stm32f4xx_hal_rcc.d" -MT"Drivers/STM32F4xx_HAL_Driver/Src/stm32f4xx_hal_rcc.o" --specs=nano.specs -mfpu=fpv4-sp-d16 -mfloat-abi=hard -mthumb -o "Drivers/STM32F4xx_HAL_Driver/Src/stm32f4xx_hal_rcc.o"
arm-none-eabi-gcc "../Drivers/STM32F4xx_HAL_Driver/Src/stm32f4xx_hal_rcc_ex.c" -mcpu=cortex-m4 -std=gnu11 -g3 -DDEBUG -DUSE_HAL_DRIVER -DSTM32F446xx -c -I../Core/Inc -I../Drivers/STM32F4xx_HAL_Driver/Inc -I../Drivers/STM32F4xx_HAL_Driver/Inc/Legacy -I../Drivers/CMSIS/Device/ST/STM32F4xx/Include -I../Drivers/CMSIS/Include -I"/home/tomas1908/STM32CubeIDE/workspace_1.19.0/pdm/ej1_p4/Drivers/API/Inc" -I"/home/tomas1908/STM32CubeIDE/workspace_1.19.0/pdm/ej1_p4/Drivers/API/Src" -O0 -ffunction-sections -fdata-sections -Wall -fstack-usage -fcyclomatic-complexity -MMD -MP -MF"Drivers/STM32F4xx_HAL_Driver/Src/stm32f4xx_hal_rcc_ex.d" -MT"Drivers/STM32F4xx_HAL_Driver/Src/stm32f4xx_hal_rcc_ex.o" --specs=nano.specs -mfpu=fpv4-sp-d16 -mfloat-abi=hard -mthumb -o "Drivers/STM32F4xx_HAL_Driver/Src/stm32f4xx_hal_rcc_ex.o"
arm-none-eabi-gcc "../Drivers/API/Src/API_delay.c" -mcpu=cortex-m4 -std=gnu11 -g3 -DDEBUG -DUSE_HAL_DRIVER -DSTM32F446xx -c -I../Core/Inc -I../Drivers/STM32F4xx_HAL_Driver/Inc -I../Drivers/STM32F4xx_HAL_Driver/Inc/Legacy -I../Drivers/CMSIS/Device/ST/STM32F4xx/Include -I../Drivers/CMSIS/Include -I"/home/tomas1908/STM32CubeIDE/workspace_1.19.0/pdm/ej1_p4/Drivers/API/Inc" -I"/home/tomas1908/STM32CubeIDE/workspace_1.19.0/pdm/ej1_p4/Drivers/API/Src" -O0 -ffunction-sections -fdata-sections -Wall -fstack-usage -fcyclomatic-complexity -MMD -MP -MF"Drivers/API/Src/API_delay.d" -MT"Drivers/API/Src/API_delay.o" --specs=nano.specs -mfpu=fpv4-sp-d16 -mfloat-abi=hard -mthumb -o "Drivers/API/Src/API_delay.o"
arm-none-eabi-gcc -mcpu=cortex-m4 -g3 -DDEBUG -c -I"/home/tomas1908/STM32CubeIDE/workspace_1.19.0/pdm/ej1_p4/Drivers/API/Inc" -I"/home/tomas1908/STM32CubeIDE/workspace_1.19.0/pdm/ej1_p4/Drivers/API/Src" -x assembler-with-cpp -MMD -MP -MF"Core/Startup/startup_stm32f446retx.d" -MT"Core/Startup/startup_stm32f446retx.o" --specs=nano.specs -mfpu=fpv4-sp-d16 -mfloat-abi=hard -mthumb -o "Core/Startup/startup_stm32f446retx.o" "../Core/Startup/startup_stm32f446retx.s"
arm-none-eabi-gcc "../Core/Src/main.c" -mcpu=cortex-m4 -std=gnu11 -g3 -DDEBUG -DUSE_HAL_DRIVER -DSTM32F446xx -c -I../Core/Inc -I../Drivers/STM32F4xx_HAL_Driver/Inc -I../Drivers/STM32F4xx_HAL_Driver/Inc/Legacy -I../Drivers/CMSIS/Device/ST/STM32F4xx/Include -I../Drivers/CMSIS/Include -I"/home/tomas1908/STM32CubeIDE/workspace_1.19.0/pdm/ej1_p4/Drivers/API/Inc" -I"/home/tomas1908/STM32CubeIDE/workspace_1.19.0/pdm/ej1_p4/Drivers/API/Src" -O0 -ffunction-sections -fdata-sections -Wall -fstack-usage -fcyclomatic-complexity -MMD -MP -MF"Core/Src/main.d" -MT"Core/Src/main.o" --specs=nano.specs -mfpu=fpv4-sp-d16 -mfloat-abi=hard -mthumb -o "Core/Src/main.o"
arm-none-eabi-gcc "../Core/Src/stm32f4xx_hal_msp.c" -mcpu=cortex-m4 -std=gnu11 -g3 -DDEBUG -DUSE_HAL_DRIVER -DSTM32F446xx -c -I../Core/Inc -I../Drivers/STM32F4xx_HAL_Driver/Inc -I../Drivers/STM32F4xx_HAL_Driver/Inc/Legacy -I../Drivers/CMSIS/Device/ST/STM32F4xx/Include -I../Drivers/CMSIS/Include -I"/home/tomas1908/STM32CubeIDE/workspace_1.19.0/pdm/ej1_p4/Drivers/API/Inc" -I"/home/tomas1908/STM32CubeIDE/workspace_1.19.0/pdm/ej1_p4/Drivers/API/Src" -O0 -ffunction-sections -fdata-sections -Wall -fstack-usage -fcyclomatic-complexity -MMD -MP -MF"Core/Src/stm32f4xx_hal_msp.d" -MT"Core/Src/stm32f4xx_hal_msp.o" --specs=nano.specs -mfpu=fpv4-sp-d16 -mfloat-abi=hard -mthumb -o "Core/Src/stm32f4xx_hal_msp.o"
../Core/Src/main.c: In function 'buttonPressed':
../Core/Src/main.c:254:34: error: 'GPIO_Pin_5' undeclared (first use in this function); did you mean 'GPIO_PIN_5'?
  254 |         HAL_GPIO_WritePin(GPIOA, GPIO_Pin_5, 1);
      |                                  ^~~~~~~~~~
      |                                  GPIO_PIN_5
../Core/Src/main.c:254:34: note: each undeclared identifier is reported only once for each function it appears in
../Core/Src/main.c: In function 'buttonReleased':
../Core/Src/main.c:257:34: error: 'GPIO_Pin_5' undeclared (first use in this function); did you mean 'GPIO_PIN_5'?
  257 |         HAL_GPIO_WritePin(GPIOA, GPIO_Pin_5, 0);
      |                                  ^~~~~~~~~~
      |                                  GPIO_PIN_5
make: *** [Core/Src/subdir.mk:34: Core/Src/main.o] Error 1
make: *** Waiting for unfinished jobs....
"make -j8 all" terminated with exit code 2. Build might be incomplete.
06:53:42 **** Incremental Build of configuration Debug for project ej1_p4 ****
make -j8 all 
arm-none-eabi-gcc "../Core/Src/main.c" -mcpu=cortex-m4 -std=gnu11 -g3 -DDEBUG -DUSE_HAL_DRIVER -DSTM32F446xx -c -I../Core/Inc -I../Drivers/STM32F4xx_HAL_Driver/Inc -I../Drivers/STM32F4xx_HAL_Driver/Inc/Legacy -I../Drivers/CMSIS/Device/ST/STM32F4xx/Include -I../Drivers/CMSIS/Include -I"/home/tomas1908/STM32CubeIDE/workspace_1.19.0/pdm/ej1_p4/Drivers/API/Inc" -I"/home/tomas1908/STM32CubeIDE/workspace_1.19.0/pdm/ej1_p4/Drivers/API/Src" -O0 -ffunction-sections -fdata-sections -Wall -fstack-usage -fcyclomatic-complexity -MMD -MP -MF"Core/Src/main.d" -MT"Core/Src/main.o" --specs=nano.specs -mfpu=fpv4-sp-d16 -mfloat-abi=hard -mthumb -o "Core/Src/main.o"
arm-none-eabi-gcc "../Core/Src/stm32f4xx_it.c" -mcpu=cortex-m4 -std=gnu11 -g3 -DDEBUG -DUSE_HAL_DRIVER -DSTM32F446xx -c -I../Core/Inc -I../Drivers/STM32F4xx_HAL_Driver/Inc -I../Drivers/STM32F4xx_HAL_Driver/Inc/Legacy -I../Drivers/CMSIS/Device/ST/STM32F4xx/Include -I../Drivers/CMSIS/Include -I"/home/tomas1908/STM32CubeIDE/workspace_1.19.0/pdm/ej1_p4/Drivers/API/Inc" -I"/home/tomas1908/STM32CubeIDE/workspace_1.19.0/pdm/ej1_p4/Drivers/API/Src" -O0 -ffunction-sections -fdata-sections -Wall -fstack-usage -fcyclomatic-complexity -MMD -MP -MF"Core/Src/stm32f4xx_it.d" -MT"Core/Src/stm32f4xx_it.o" --specs=nano.specs -mfpu=fpv4-sp-d16 -mfloat-abi=hard -mthumb -o "Core/Src/stm32f4xx_it.o"
arm-none-eabi-gcc "../Core/Src/syscalls.c" -mcpu=cortex-m4 -std=gnu11 -g3 -DDEBUG -DUSE_HAL_DRIVER -DSTM32F446xx -c -I../Core/Inc -I../Drivers/STM32F4xx_HAL_Driver/Inc -I../Drivers/STM32F4xx_HAL_Driver/Inc/Legacy -I../Drivers/CMSIS/Device/ST/STM32F4xx/Include -I../Drivers/CMSIS/Include -I"/home/tomas1908/STM32CubeIDE/workspace_1.19.0/pdm/ej1_p4/Drivers/API/Inc" -I"/home/tomas1908/STM32CubeIDE/workspace_1.19.0/pdm/ej1_p4/Drivers/API/Src" -O0 -ffunction-sections -fdata-sections -Wall -fstack-usage -fcyclomatic-complexity -MMD -MP -MF"Core/Src/syscalls.d" -MT"Core/Src/syscalls.o" --specs=nano.specs -mfpu=fpv4-sp-d16 -mfloat-abi=hard -mthumb -o "Core/Src/syscalls.o"
arm-none-eabi-gcc "../Core/Src/sysmem.c" -mcpu=cortex-m4 -std=gnu11 -g3 -DDEBUG -DUSE_HAL_DRIVER -DSTM32F446xx -c -I../Core/Inc -I../Drivers/STM32F4xx_HAL_Driver/Inc -I../Drivers/STM32F4xx_HAL_Driver/Inc/Legacy -I../Drivers/CMSIS/Device/ST/STM32F4xx/Include -I../Drivers/CMSIS/Include -I"/home/tomas1908/STM32CubeIDE/workspace_1.19.0/pdm/ej1_p4/Drivers/API/Inc" -I"/home/tomas1908/STM32CubeIDE/workspace_1.19.0/pdm/ej1_p4/Drivers/API/Src" -O0 -ffunction-sections -fdata-sections -Wall -fstack-usage -fcyclomatic-complexity -MMD -MP -MF"Core/Src/sysmem.d" -MT"Core/Src/sysmem.o" --specs=nano.specs -mfpu=fpv4-sp-d16 -mfloat-abi=hard -mthumb -o "Core/Src/sysmem.o"
arm-none-eabi-gcc "../Core/Src/system_stm32f4xx.c" -mcpu=cortex-m4 -std=gnu11 -g3 -DDEBUG -DUSE_HAL_DRIVER -DSTM32F446xx -c -I../Core/Inc -I../Drivers/STM32F4xx_HAL_Driver/Inc -I../Drivers/STM32F4xx_HAL_Driver/Inc/Legacy -I../Drivers/CMSIS/Device/ST/STM32F4xx/Include -I../Drivers/CMSIS/Include -I"/home/tomas1908/STM32CubeIDE/workspace_1.19.0/pdm/ej1_p4/Drivers/API/Inc" -I"/home/tomas1908/STM32CubeIDE/workspace_1.19.0/pdm/ej1_p4/Drivers/API/Src" -O0 -ffunction-sections -fdata-sections -Wall -fstack-usage -fcyclomatic-complexity -MMD -MP -MF"Core/Src/system_stm32f4xx.d" -MT"Core/Src/system_stm32f4xx.o" --specs=nano.specs -mfpu=fpv4-sp-d16 -mfloat-abi=hard -mthumb -o "Core/Src/system_stm32f4xx.o"
arm-none-eabi-gcc -o "ej1_p4.elf" @"objects.list"   -mcpu=cortex-m4 -T"/home/tomas1908/STM32CubeIDE/workspace_1.19.0/pdm/ej1_p4/STM32F446RETX_FLASH.ld" --specs=nosys.specs -Wl,-Map="ej1_p4.map" -Wl,--gc-sections -static --specs=nano.specs -mfpu=fpv4-sp-d16 -mfloat-abi=hard -mthumb -Wl,--start-group -lc -lm -Wl,--end-group
Finished building target: ej1_p4.elf
 
arm-none-eabi-size  ej1_p4.elf 
arm-none-eabi-objdump -h -S ej1_p4.elf  > "ej1_p4.list"
   text	   data	    bss	    dec	    hex	filename
   6844	     12	   1588	   8444	   20fc	ej1_p4.elf
Finished building: default.size.stdout
 
Finished building: ej1_p4.list
 
06:54:21 **** Incremental Build of configuration Debug for project ej1_p4 ****
make -j8 all 
arm-none-eabi-size  ej1_p4.elf 
   text	   data	    bss	    dec	    hex	filename
   6844	     12	   1588	   8444	   20fc	ej1_p4.elf
Finished building: default.size.stdout
 
06:59:33 **** Incremental Build of configuration Debug for project ej1_p4 ****
make -j8 all 
arm-none-eabi-gcc "../Core/Src/main.c" -mcpu=cortex-m4 -std=gnu11 -g3 -DDEBUG -DUSE_HAL_DRIVER -DSTM32F446xx -c -I../Core/Inc -I../Drivers/STM32F4xx_HAL_Driver/Inc -I../Drivers/STM32F4xx_HAL_Driver/Inc/Legacy -I../Drivers/CMSIS/Device/ST/STM32F4xx/Include -I../Drivers/CMSIS/Include -I"/home/tomas1908/STM32CubeIDE/workspace_1.19.0/pdm/ej1_p4/Drivers/API/Inc" -I"/home/tomas1908/STM32CubeIDE/workspace_1.19.0/pdm/ej1_p4/Drivers/API/Src" -O0 -ffunction-sections -fdata-sections -Wall -fstack-usage -fcyclomatic-complexity -MMD -MP -MF"Core/Src/main.d" -MT"Core/Src/main.o" --specs=nano.specs -mfpu=fpv4-sp-d16 -mfloat-abi=hard -mthumb -o "Core/Src/main.o"
arm-none-eabi-gcc -o "ej1_p4.elf" @"objects.list"   -mcpu=cortex-m4 -T"/home/tomas1908/STM32CubeIDE/workspace_1.19.0/pdm/ej1_p4/STM32F446RETX_FLASH.ld" --specs=nosys.specs -Wl,-Map="ej1_p4.map" -Wl,--gc-sections -static --specs=nano.specs -mfpu=fpv4-sp-d16 -mfloat-abi=hard -mthumb -Wl,--start-group -lc -lm -Wl,--end-group
Finished building target: ej1_p4.elf
 
arm-none-eabi-size  ej1_p4.elf 
arm-none-eabi-objdump -h -S ej1_p4.elf  > "ej1_p4.list"
   text	   data	    bss	    dec	    hex	filename
   6924	     12	   1588	   8524	   214c	ej1_p4.elf
Finished building: default.size.stdout
 
Finished building: ej1_p4.list
 
07:09:46 **** Build of configuration Debug for project ej2_p4 ****
make -j8 all 
arm-none-eabi-gcc "../Drivers/STM32F4xx_HAL_Driver/Src/stm32f4xx_hal.c" -mcpu=cortex-m4 -std=gnu11 -g3 -DDEBUG -DUSE_HAL_DRIVER -DSTM32F446xx -c -I../Core/Inc -I../Drivers/STM32F4xx_HAL_Driver/Inc -I../Drivers/STM32F4xx_HAL_Driver/Inc/Legacy -I../Drivers/CMSIS/Device/ST/STM32F4xx/Include -I../Drivers/CMSIS/Include -I"/home/tomas1908/STM32CubeIDE/workspace_1.19.0/pdm/ej2_p4/Drivers/API/Inc" -I"/home/tomas1908/STM32CubeIDE/workspace_1.19.0/pdm/ej2_p4/Drivers/API/Src" -O0 -ffunction-sections -fdata-sections -Wall -fstack-usage -fcyclomatic-complexity -MMD -MP -MF"Drivers/STM32F4xx_HAL_Driver/Src/stm32f4xx_hal.d" -MT"Drivers/STM32F4xx_HAL_Driver/Src/stm32f4xx_hal.o" --specs=nano.specs -mfpu=fpv4-sp-d16 -mfloat-abi=hard -mthumb -o "Drivers/STM32F4xx_HAL_Driver/Src/stm32f4xx_hal.o"
arm-none-eabi-gcc "../Drivers/STM32F4xx_HAL_Driver/Src/stm32f4xx_hal_cortex.c" -mcpu=cortex-m4 -std=gnu11 -g3 -DDEBUG -DUSE_HAL_DRIVER -DSTM32F446xx -c -I../Core/Inc -I../Drivers/STM32F4xx_HAL_Driver/Inc -I../Drivers/STM32F4xx_HAL_Driver/Inc/Legacy -I../Drivers/CMSIS/Device/ST/STM32F4xx/Include -I../Drivers/CMSIS/Include -I"/home/tomas1908/STM32CubeIDE/workspace_1.19.0/pdm/ej2_p4/Drivers/API/Inc" -I"/home/tomas1908/STM32CubeIDE/workspace_1.19.0/pdm/ej2_p4/Drivers/API/Src" -O0 -ffunction-sections -fdata-sections -Wall -fstack-usage -fcyclomatic-complexity -MMD -MP -MF"Drivers/STM32F4xx_HAL_Driver/Src/stm32f4xx_hal_cortex.d" -MT"Drivers/STM32F4xx_HAL_Driver/Src/stm32f4xx_hal_cortex.o" --specs=nano.specs -mfpu=fpv4-sp-d16 -mfloat-abi=hard -mthumb -o "Drivers/STM32F4xx_HAL_Driver/Src/stm32f4xx_hal_cortex.o"
arm-none-eabi-gcc "../Drivers/STM32F4xx_HAL_Driver/Src/stm32f4xx_hal_dma.c" -mcpu=cortex-m4 -std=gnu11 -g3 -DDEBUG -DUSE_HAL_DRIVER -DSTM32F446xx -c -I../Core/Inc -I../Drivers/STM32F4xx_HAL_Driver/Inc -I../Drivers/STM32F4xx_HAL_Driver/Inc/Legacy -I../Drivers/CMSIS/Device/ST/STM32F4xx/Include -I../Drivers/CMSIS/Include -I"/home/tomas1908/STM32CubeIDE/workspace_1.19.0/pdm/ej2_p4/Drivers/API/Inc" -I"/home/tomas1908/STM32CubeIDE/workspace_1.19.0/pdm/ej2_p4/Drivers/API/Src" -O0 -ffunction-sections -fdata-sections -Wall -fstack-usage -fcyclomatic-complexity -MMD -MP -MF"Drivers/STM32F4xx_HAL_Driver/Src/stm32f4xx_hal_dma.d" -MT"Drivers/STM32F4xx_HAL_Driver/Src/stm32f4xx_hal_dma.o" --specs=nano.specs -mfpu=fpv4-sp-d16 -mfloat-abi=hard -mthumb -o "Drivers/STM32F4xx_HAL_Driver/Src/stm32f4xx_hal_dma.o"
arm-none-eabi-gcc "../Drivers/STM32F4xx_HAL_Driver/Src/stm32f4xx_hal_dma_ex.c" -mcpu=cortex-m4 -std=gnu11 -g3 -DDEBUG -DUSE_HAL_DRIVER -DSTM32F446xx -c -I../Core/Inc -I../Drivers/STM32F4xx_HAL_Driver/Inc -I../Drivers/STM32F4xx_HAL_Driver/Inc/Legacy -I../Drivers/CMSIS/Device/ST/STM32F4xx/Include -I../Drivers/CMSIS/Include -I"/home/tomas1908/STM32CubeIDE/workspace_1.19.0/pdm/ej2_p4/Drivers/API/Inc" -I"/home/tomas1908/STM32CubeIDE/workspace_1.19.0/pdm/ej2_p4/Drivers/API/Src" -O0 -ffunction-sections -fdata-sections -Wall -fstack-usage -fcyclomatic-complexity -MMD -MP -MF"Drivers/STM32F4xx_HAL_Driver/Src/stm32f4xx_hal_dma_ex.d" -MT"Drivers/STM32F4xx_HAL_Driver/Src/stm32f4xx_hal_dma_ex.o" --specs=nano.specs -mfpu=fpv4-sp-d16 -mfloat-abi=hard -mthumb -o "Drivers/STM32F4xx_HAL_Driver/Src/stm32f4xx_hal_dma_ex.o"
arm-none-eabi-gcc "../Drivers/STM32F4xx_HAL_Driver/Src/stm32f4xx_hal_exti.c" -mcpu=cortex-m4 -std=gnu11 -g3 -DDEBUG -DUSE_HAL_DRIVER -DSTM32F446xx -c -I../Core/Inc -I../Drivers/STM32F4xx_HAL_Driver/Inc -I../Drivers/STM32F4xx_HAL_Driver/Inc/Legacy -I../Drivers/CMSIS/Device/ST/STM32F4xx/Include -I../Drivers/CMSIS/Include -I"/home/tomas1908/STM32CubeIDE/workspace_1.19.0/pdm/ej2_p4/Drivers/API/Inc" -I"/home/tomas1908/STM32CubeIDE/workspace_1.19.0/pdm/ej2_p4/Drivers/API/Src" -O0 -ffunction-sections -fdata-sections -Wall -fstack-usage -fcyclomatic-complexity -MMD -MP -MF"Drivers/STM32F4xx_HAL_Driver/Src/stm32f4xx_hal_exti.d" -MT"Drivers/STM32F4xx_HAL_Driver/Src/stm32f4xx_hal_exti.o" --specs=nano.specs -mfpu=fpv4-sp-d16 -mfloat-abi=hard -mthumb -o "Drivers/STM32F4xx_HAL_Driver/Src/stm32f4xx_hal_exti.o"
arm-none-eabi-gcc "../Drivers/STM32F4xx_HAL_Driver/Src/stm32f4xx_hal_flash.c" -mcpu=cortex-m4 -std=gnu11 -g3 -DDEBUG -DUSE_HAL_DRIVER -DSTM32F446xx -c -I../Core/Inc -I../Drivers/STM32F4xx_HAL_Driver/Inc -I../Drivers/STM32F4xx_HAL_Driver/Inc/Legacy -I../Drivers/CMSIS/Device/ST/STM32F4xx/Include -I../Drivers/CMSIS/Include -I"/home/tomas1908/STM32CubeIDE/workspace_1.19.0/pdm/ej2_p4/Drivers/API/Inc" -I"/home/tomas1908/STM32CubeIDE/workspace_1.19.0/pdm/ej2_p4/Drivers/API/Src" -O0 -ffunction-sections -fdata-sections -Wall -fstack-usage -fcyclomatic-complexity -MMD -MP -MF"Drivers/STM32F4xx_HAL_Driver/Src/stm32f4xx_hal_flash.d" -MT"Drivers/STM32F4xx_HAL_Driver/Src/stm32f4xx_hal_flash.o" --specs=nano.specs -mfpu=fpv4-sp-d16 -mfloat-abi=hard -mthumb -o "Drivers/STM32F4xx_HAL_Driver/Src/stm32f4xx_hal_flash.o"
arm-none-eabi-gcc "../Drivers/STM32F4xx_HAL_Driver/Src/stm32f4xx_hal_flash_ex.c" -mcpu=cortex-m4 -std=gnu11 -g3 -DDEBUG -DUSE_HAL_DRIVER -DSTM32F446xx -c -I../Core/Inc -I../Drivers/STM32F4xx_HAL_Driver/Inc -I../Drivers/STM32F4xx_HAL_Driver/Inc/Legacy -I../Drivers/CMSIS/Device/ST/STM32F4xx/Include -I../Drivers/CMSIS/Include -I"/home/tomas1908/STM32CubeIDE/workspace_1.19.0/pdm/ej2_p4/Drivers/API/Inc" -I"/home/tomas1908/STM32CubeIDE/workspace_1.19.0/pdm/ej2_p4/Drivers/API/Src" -O0 -ffunction-sections -fdata-sections -Wall -fstack-usage -fcyclomatic-complexity -MMD -MP -MF"Drivers/STM32F4xx_HAL_Driver/Src/stm32f4xx_hal_flash_ex.d" -MT"Drivers/STM32F4xx_HAL_Driver/Src/stm32f4xx_hal_flash_ex.o" --specs=nano.specs -mfpu=fpv4-sp-d16 -mfloat-abi=hard -mthumb -o "Drivers/STM32F4xx_HAL_Driver/Src/stm32f4xx_hal_flash_ex.o"
arm-none-eabi-gcc "../Drivers/STM32F4xx_HAL_Driver/Src/stm32f4xx_hal_flash_ramfunc.c" -mcpu=cortex-m4 -std=gnu11 -g3 -DDEBUG -DUSE_HAL_DRIVER -DSTM32F446xx -c -I../Core/Inc -I../Drivers/STM32F4xx_HAL_Driver/Inc -I../Drivers/STM32F4xx_HAL_Driver/Inc/Legacy -I../Drivers/CMSIS/Device/ST/STM32F4xx/Include -I../Drivers/CMSIS/Include -I"/home/tomas1908/STM32CubeIDE/workspace_1.19.0/pdm/ej2_p4/Drivers/API/Inc" -I"/home/tomas1908/STM32CubeIDE/workspace_1.19.0/pdm/ej2_p4/Drivers/API/Src" -O0 -ffunction-sections -fdata-sections -Wall -fstack-usage -fcyclomatic-complexity -MMD -MP -MF"Drivers/STM32F4xx_HAL_Driver/Src/stm32f4xx_hal_flash_ramfunc.d" -MT"Drivers/STM32F4xx_HAL_Driver/Src/stm32f4xx_hal_flash_ramfunc.o" --specs=nano.specs -mfpu=fpv4-sp-d16 -mfloat-abi=hard -mthumb -o "Drivers/STM32F4xx_HAL_Driver/Src/stm32f4xx_hal_flash_ramfunc.o"
arm-none-eabi-gcc "../Drivers/STM32F4xx_HAL_Driver/Src/stm32f4xx_hal_gpio.c" -mcpu=cortex-m4 -std=gnu11 -g3 -DDEBUG -DUSE_HAL_DRIVER -DSTM32F446xx -c -I../Core/Inc -I../Drivers/STM32F4xx_HAL_Driver/Inc -I../Drivers/STM32F4xx_HAL_Driver/Inc/Legacy -I../Drivers/CMSIS/Device/ST/STM32F4xx/Include -I../Drivers/CMSIS/Include -I"/home/tomas1908/STM32CubeIDE/workspace_1.19.0/pdm/ej2_p4/Drivers/API/Inc" -I"/home/tomas1908/STM32CubeIDE/workspace_1.19.0/pdm/ej2_p4/Drivers/API/Src" -O0 -ffunction-sections -fdata-sections -Wall -fstack-usage -fcyclomatic-complexity -MMD -MP -MF"Drivers/STM32F4xx_HAL_Driver/Src/stm32f4xx_hal_gpio.d" -MT"Drivers/STM32F4xx_HAL_Driver/Src/stm32f4xx_hal_gpio.o" --specs=nano.specs -mfpu=fpv4-sp-d16 -mfloat-abi=hard -mthumb -o "Drivers/STM32F4xx_HAL_Driver/Src/stm32f4xx_hal_gpio.o"
arm-none-eabi-gcc "../Drivers/STM32F4xx_HAL_Driver/Src/stm32f4xx_hal_pwr.c" -mcpu=cortex-m4 -std=gnu11 -g3 -DDEBUG -DUSE_HAL_DRIVER -DSTM32F446xx -c -I../Core/Inc -I../Drivers/STM32F4xx_HAL_Driver/Inc -I../Drivers/STM32F4xx_HAL_Driver/Inc/Legacy -I../Drivers/CMSIS/Device/ST/STM32F4xx/Include -I../Drivers/CMSIS/Include -I"/home/tomas1908/STM32CubeIDE/workspace_1.19.0/pdm/ej2_p4/Drivers/API/Inc" -I"/home/tomas1908/STM32CubeIDE/workspace_1.19.0/pdm/ej2_p4/Drivers/API/Src" -O0 -ffunction-sections -fdata-sections -Wall -fstack-usage -fcyclomatic-complexity -MMD -MP -MF"Drivers/STM32F4xx_HAL_Driver/Src/stm32f4xx_hal_pwr.d" -MT"Drivers/STM32F4xx_HAL_Driver/Src/stm32f4xx_hal_pwr.o" --specs=nano.specs -mfpu=fpv4-sp-d16 -mfloat-abi=hard -mthumb -o "Drivers/STM32F4xx_HAL_Driver/Src/stm32f4xx_hal_pwr.o"
arm-none-eabi-gcc "../Drivers/STM32F4xx_HAL_Driver/Src/stm32f4xx_hal_pwr_ex.c" -mcpu=cortex-m4 -std=gnu11 -g3 -DDEBUG -DUSE_HAL_DRIVER -DSTM32F446xx -c -I../Core/Inc -I../Drivers/STM32F4xx_HAL_Driver/Inc -I../Drivers/STM32F4xx_HAL_Driver/Inc/Legacy -I../Drivers/CMSIS/Device/ST/STM32F4xx/Include -I../Drivers/CMSIS/Include -I"/home/tomas1908/STM32CubeIDE/workspace_1.19.0/pdm/ej2_p4/Drivers/API/Inc" -I"/home/tomas1908/STM32CubeIDE/workspace_1.19.0/pdm/ej2_p4/Drivers/API/Src" -O0 -ffunction-sections -fdata-sections -Wall -fstack-usage -fcyclomatic-complexity -MMD -MP -MF"Drivers/STM32F4xx_HAL_Driver/Src/stm32f4xx_hal_pwr_ex.d" -MT"Drivers/STM32F4xx_HAL_Driver/Src/stm32f4xx_hal_pwr_ex.o" --specs=nano.specs -mfpu=fpv4-sp-d16 -mfloat-abi=hard -mthumb -o "Drivers/STM32F4xx_HAL_Driver/Src/stm32f4xx_hal_pwr_ex.o"
arm-none-eabi-gcc "../Drivers/STM32F4xx_HAL_Driver/Src/stm32f4xx_hal_rcc.c" -mcpu=cortex-m4 -std=gnu11 -g3 -DDEBUG -DUSE_HAL_DRIVER -DSTM32F446xx -c -I../Core/Inc -I../Drivers/STM32F4xx_HAL_Driver/Inc -I../Drivers/STM32F4xx_HAL_Driver/Inc/Legacy -I../Drivers/CMSIS/Device/ST/STM32F4xx/Include -I../Drivers/CMSIS/Include -I"/home/tomas1908/STM32CubeIDE/workspace_1.19.0/pdm/ej2_p4/Drivers/API/Inc" -I"/home/tomas1908/STM32CubeIDE/workspace_1.19.0/pdm/ej2_p4/Drivers/API/Src" -O0 -ffunction-sections -fdata-sections -Wall -fstack-usage -fcyclomatic-complexity -MMD -MP -MF"Drivers/STM32F4xx_HAL_Driver/Src/stm32f4xx_hal_rcc.d" -MT"Drivers/STM32F4xx_HAL_Driver/Src/stm32f4xx_hal_rcc.o" --specs=nano.specs -mfpu=fpv4-sp-d16 -mfloat-abi=hard -mthumb -o "Drivers/STM32F4xx_HAL_Driver/Src/stm32f4xx_hal_rcc.o"
arm-none-eabi-gcc "../Drivers/STM32F4xx_HAL_Driver/Src/stm32f4xx_hal_rcc_ex.c" -mcpu=cortex-m4 -std=gnu11 -g3 -DDEBUG -DUSE_HAL_DRIVER -DSTM32F446xx -c -I../Core/Inc -I../Drivers/STM32F4xx_HAL_Driver/Inc -I../Drivers/STM32F4xx_HAL_Driver/Inc/Legacy -I../Drivers/CMSIS/Device/ST/STM32F4xx/Include -I../Drivers/CMSIS/Include -I"/home/tomas1908/STM32CubeIDE/workspace_1.19.0/pdm/ej2_p4/Drivers/API/Inc" -I"/home/tomas1908/STM32CubeIDE/workspace_1.19.0/pdm/ej2_p4/Drivers/API/Src" -O0 -ffunction-sections -fdata-sections -Wall -fstack-usage -fcyclomatic-complexity -MMD -MP -MF"Drivers/STM32F4xx_HAL_Driver/Src/stm32f4xx_hal_rcc_ex.d" -MT"Drivers/STM32F4xx_HAL_Driver/Src/stm32f4xx_hal_rcc_ex.o" --specs=nano.specs -mfpu=fpv4-sp-d16 -mfloat-abi=hard -mthumb -o "Drivers/STM32F4xx_HAL_Driver/Src/stm32f4xx_hal_rcc_ex.o"
arm-none-eabi-gcc "../Drivers/API/Src/API_debounce.c" -mcpu=cortex-m4 -std=gnu11 -g3 -DDEBUG -DUSE_HAL_DRIVER -DSTM32F446xx -c -I../Core/Inc -I../Drivers/STM32F4xx_HAL_Driver/Inc -I../Drivers/STM32F4xx_HAL_Driver/Inc/Legacy -I../Drivers/CMSIS/Device/ST/STM32F4xx/Include -I../Drivers/CMSIS/Include -I"/home/tomas1908/STM32CubeIDE/workspace_1.19.0/pdm/ej2_p4/Drivers/API/Inc" -I"/home/tomas1908/STM32CubeIDE/workspace_1.19.0/pdm/ej2_p4/Drivers/API/Src" -O0 -ffunction-sections -fdata-sections -Wall -fstack-usage -fcyclomatic-complexity -MMD -MP -MF"Drivers/API/Src/API_debounce.d" -MT"Drivers/API/Src/API_debounce.o" --specs=nano.specs -mfpu=fpv4-sp-d16 -mfloat-abi=hard -mthumb -o "Drivers/API/Src/API_debounce.o"
arm-none-eabi-gcc "../Drivers/API/Src/API_delay.c" -mcpu=cortex-m4 -std=gnu11 -g3 -DDEBUG -DUSE_HAL_DRIVER -DSTM32F446xx -c -I../Core/Inc -I../Drivers/STM32F4xx_HAL_Driver/Inc -I../Drivers/STM32F4xx_HAL_Driver/Inc/Legacy -I../Drivers/CMSIS/Device/ST/STM32F4xx/Include -I../Drivers/CMSIS/Include -I"/home/tomas1908/STM32CubeIDE/workspace_1.19.0/pdm/ej2_p4/Drivers/API/Inc" -I"/home/tomas1908/STM32CubeIDE/workspace_1.19.0/pdm/ej2_p4/Drivers/API/Src" -O0 -ffunction-sections -fdata-sections -Wall -fstack-usage -fcyclomatic-complexity -MMD -MP -MF"Drivers/API/Src/API_delay.d" -MT"Drivers/API/Src/API_delay.o" --specs=nano.specs -mfpu=fpv4-sp-d16 -mfloat-abi=hard -mthumb -o "Drivers/API/Src/API_delay.o"
../Drivers/API/Src/API_debounce.c:9:1: error: unknown type name 'debounceState_t'
    9 | debounceState_t state;
      | ^~~~~~~~~~~~~~~
../Drivers/API/Src/API_debounce.c:10:1: error: unknown type name 'delay_t'
   10 | delay_t NB_delay;
      | ^~~~~~~
../Drivers/API/Src/API_debounce.c: In function 'debounceFSM_init':
../Drivers/API/Src/API_debounce.c:13:15: error: 'BUTTON_UP' undeclared (first use in this function)
   13 |         state=BUTTON_UP;                                //Inicializacion primer estado
      |               ^~~~~~~~~
../Drivers/API/Src/API_debounce.c:13:15: note: each undeclared identifier is reported only once for each function it appears in
../Drivers/API/Src/API_debounce.c: In function 'debounceFSM_update':
../Drivers/API/Src/API_debounce.c:18:9: error: unknown type name 'uint32_t'
   18 |         uint32_t Button_state=HAL_GPIO_ReadPin(B1_GPIO_Port, B1_Pin);
      |         ^~~~~~~~
../Drivers/API/Src/API_debounce.c:1:1: note: 'uint32_t' is defined in header '<stdint.h>'; did you forget to '#include <stdint.h>'?
  +++ |+#include <stdint.h>
    1 | /*
../Drivers/API/Src/API_debounce.c:18:31: warning: implicit declaration of function 'HAL_GPIO_ReadPin' [-Wimplicit-function-declaration]
   18 |         uint32_t Button_state=HAL_GPIO_ReadPin(B1_GPIO_Port, B1_Pin);
      |                               ^~~~~~~~~~~~~~~~
../Drivers/API/Src/API_debounce.c:18:48: error: 'B1_GPIO_Port' undeclared (first use in this function)
   18 |         uint32_t Button_state=HAL_GPIO_ReadPin(B1_GPIO_Port, B1_Pin);
arm-none-eabi-gcc -mcpu=cortex-m4 -g3 -DDEBUG -c -I"/home/tomas1908/STM32CubeIDE/workspace_1.19.0/pdm/ej2_p4/Drivers/API/Inc" -I"/home/tomas1908/STM32CubeIDE/workspace_1.19.0/pdm/ej2_p4/Drivers/API/Src" -x assembler-with-cpp -MMD -MP -MF"Core/Startup/startup_stm32f446retx.d" -MT"Core/Startup/startup_stm32f446retx.o" --specs=nano.specs -mfpu=fpv4-sp-d16 -mfloat-abi=hard -mthumb -o "Core/Startup/startup_stm32f446retx.o" "../Core/Startup/startup_stm32f446retx.s"
      |                                                ^~~~~~~~~~~~
../Drivers/API/Src/API_debounce.c:18:62: error: 'B1_Pin' undeclared (first use in this function)
   18 |         uint32_t Button_state=HAL_GPIO_ReadPin(B1_GPIO_Port, B1_Pin);
      |                                                              ^~~~~~
../Drivers/API/Src/API_debounce.c:21:22: error: 'BUTTON_UP' undeclared (first use in this function)
   21 |                 case BUTTON_UP:
      |                      ^~~~~~~~~
../Drivers/API/Src/API_debounce.c:22:42: error: 'GPIO_PIN_RESET' undeclared (first use in this function)
   22 |                         if(Button_state==GPIO_PIN_RESET){
      |                                          ^~~~~~~~~~~~~~
../Drivers/API/Src/API_debounce.c:23:33: warning: implicit declaration of function 'delayInit' [-Wimplicit-function-declaration]
   23 |                                 delayInit(&NB_delay,no_noise);
      |                                 ^~~~~~~~~
../Drivers/API/Src/API_debounce.c:23:53: error: 'no_noise' undeclared (first use in this function)
   23 |                                 delayInit(&NB_delay,no_noise);
      |                                                     ^~~~~~~~
../Drivers/API/Src/API_debounce.c:24:39: error: 'BUTTON_FALLING' undeclared (first use in this function)
   24 |                                 state=BUTTON_FALLING;
      |                                       ^~~~~~~~~~~~~~
../Drivers/API/Src/API_debounce.c:28:22: error: 'BUTTON_DOWN' undeclared (first use in this function)
   28 |                 case BUTTON_DOWN:
      |                      ^~~~~~~~~~~
../Drivers/API/Src/API_debounce.c:29:42: error: 'GPIO_PIN_SET' undeclared (first use in this function)
   29 |                         if(Button_state==GPIO_PIN_SET){
      |                                          ^~~~~~~~~~~~
../Drivers/API/Src/API_debounce.c:31:39: error: 'BUTTON_RAISING' undeclared (first use in this function)
   31 |                                 state=BUTTON_RAISING;
      |                                       ^~~~~~~~~~~~~~
../Drivers/API/Src/API_debounce.c:36:29: warning: implicit declaration of function 'delayRead' [-Wimplicit-function-declaration]
   36 |                         if(!delayRead(&NB_delay)){
      |                             ^~~~~~~~~
../Drivers/API/Src/API_debounce.c:37:33: warning: implicit declaration of function 'buttonPressed' [-Wimplicit-function-declaration]
   37 |                                 buttonPressed();
      |                                 ^~~~~~~~~~~~~
../Drivers/API/Src/API_debounce.c:44:33: warning: implicit declaration of function 'buttonReleased' [-Wimplicit-function-declaration]
   44 |                                 buttonReleased();
      |                                 ^~~~~~~~~~~~~~
../Drivers/API/Src/API_debounce.c: At top level:
../Drivers/API/Src/API_debounce.c:53:6: warning: conflicting types for 'buttonPressed'; have 'void()'
   53 | void buttonPressed(){
      |      ^~~~~~~~~~~~~
../Drivers/API/Src/API_debounce.c:37:33: note: previous implicit declaration of 'buttonPressed' with type 'void()'
   37 |                                 buttonPressed();
      |                                 ^~~~~~~~~~~~~
../Drivers/API/Src/API_debounce.c: In function 'buttonPressed':
../Drivers/API/Src/API_debounce.c:54:9: warning: implicit declaration of function 'HAL_GPIO_WritePin' [-Wimplicit-function-declaration]
   54 |         HAL_GPIO_WritePin(GPIOA, GPIO_PIN_5, 1);
      |         ^~~~~~~~~~~~~~~~~
../Drivers/API/Src/API_debounce.c:54:27: error: 'GPIOA' undeclared (first use in this function)
   54 |         HAL_GPIO_WritePin(GPIOA, GPIO_PIN_5, 1);
      |                           ^~~~~
../Drivers/API/Src/API_debounce.c:54:34: error: 'GPIO_PIN_5' undeclared (first use in this function)
   54 |         HAL_GPIO_WritePin(GPIOA, GPIO_PIN_5, 1);
      |                                  ^~~~~~~~~~
../Drivers/API/Src/API_debounce.c: At top level:
../Drivers/API/Src/API_debounce.c:56:6: warning: conflicting types for 'buttonReleased'; have 'void()'
   56 | void buttonReleased(){
      |      ^~~~~~~~~~~~~~
../Drivers/API/Src/API_debounce.c:44:33: note: previous implicit declaration of 'buttonReleased' with type 'void()'
   44 |                                 buttonReleased();
      |                                 ^~~~~~~~~~~~~~
../Drivers/API/Src/API_debounce.c: In function 'buttonReleased':
../Drivers/API/Src/API_debounce.c:57:27: error: 'GPIOA' undeclared (first use in this function)
   57 |         HAL_GPIO_WritePin(GPIOA, GPIO_PIN_5, 0);
      |                           ^~~~~
../Drivers/API/Src/API_debounce.c:57:34: error: 'GPIO_PIN_5' undeclared (first use in this function)
   57 |         HAL_GPIO_WritePin(GPIOA, GPIO_PIN_5, 0);
      |                                  ^~~~~~~~~~
make: *** [Drivers/API/Src/subdir.mk:22: Drivers/API/Src/API_debounce.o] Error 1
make: *** Waiting for unfinished jobs....
"make -j8 all" terminated with exit code 2. Build might be incomplete.
07:10:24 **** Incremental Build of configuration Debug for project ej2_p4 ****
make -j8 all 
arm-none-eabi-gcc "../Drivers/API/Src/API_debounce.c" -mcpu=cortex-m4 -std=gnu11 -g3 -DDEBUG -DUSE_HAL_DRIVER -DSTM32F446xx -c -I../Core/Inc -I../Drivers/STM32F4xx_HAL_Driver/Inc -I../Drivers/STM32F4xx_HAL_Driver/Inc/Legacy -I../Drivers/CMSIS/Device/ST/STM32F4xx/Include -I../Drivers/CMSIS/Include -I"/home/tomas1908/STM32CubeIDE/workspace_1.19.0/pdm/ej2_p4/Drivers/API/Inc" -I"/home/tomas1908/STM32CubeIDE/workspace_1.19.0/pdm/ej2_p4/Drivers/API/Src" -O0 -ffunction-sections -fdata-sections -Wall -fstack-usage -fcyclomatic-complexity -MMD -MP -MF"Drivers/API/Src/API_debounce.d" -MT"Drivers/API/Src/API_debounce.o" --specs=nano.specs -mfpu=fpv4-sp-d16 -mfloat-abi=hard -mthumb -o "Drivers/API/Src/API_debounce.o"
arm-none-eabi-gcc "../Core/Src/main.c" -mcpu=cortex-m4 -std=gnu11 -g3 -DDEBUG -DUSE_HAL_DRIVER -DSTM32F446xx -c -I../Core/Inc -I../Drivers/STM32F4xx_HAL_Driver/Inc -I../Drivers/STM32F4xx_HAL_Driver/Inc/Legacy -I../Drivers/CMSIS/Device/ST/STM32F4xx/Include -I../Drivers/CMSIS/Include -I"/home/tomas1908/STM32CubeIDE/workspace_1.19.0/pdm/ej2_p4/Drivers/API/Inc" -I"/home/tomas1908/STM32CubeIDE/workspace_1.19.0/pdm/ej2_p4/Drivers/API/Src" -O0 -ffunction-sections -fdata-sections -Wall -fstack-usage -fcyclomatic-complexity -MMD -MP -MF"Core/Src/main.d" -MT"Core/Src/main.o" --specs=nano.specs -mfpu=fpv4-sp-d16 -mfloat-abi=hard -mthumb -o "Core/Src/main.o"
arm-none-eabi-gcc "../Core/Src/stm32f4xx_hal_msp.c" -mcpu=cortex-m4 -std=gnu11 -g3 -DDEBUG -DUSE_HAL_DRIVER -DSTM32F446xx -c -I../Core/Inc -I../Drivers/STM32F4xx_HAL_Driver/Inc -I../Drivers/STM32F4xx_HAL_Driver/Inc/Legacy -I../Drivers/CMSIS/Device/ST/STM32F4xx/Include -I../Drivers/CMSIS/Include -I"/home/tomas1908/STM32CubeIDE/workspace_1.19.0/pdm/ej2_p4/Drivers/API/Inc" -I"/home/tomas1908/STM32CubeIDE/workspace_1.19.0/pdm/ej2_p4/Drivers/API/Src" -O0 -ffunction-sections -fdata-sections -Wall -fstack-usage -fcyclomatic-complexity -MMD -MP -MF"Core/Src/stm32f4xx_hal_msp.d" -MT"Core/Src/stm32f4xx_hal_msp.o" --specs=nano.specs -mfpu=fpv4-sp-d16 -mfloat-abi=hard -mthumb -o "Core/Src/stm32f4xx_hal_msp.o"
arm-none-eabi-gcc "../Core/Src/stm32f4xx_it.c" -mcpu=cortex-m4 -std=gnu11 -g3 -DDEBUG -DUSE_HAL_DRIVER -DSTM32F446xx -c -I../Core/Inc -I../Drivers/STM32F4xx_HAL_Driver/Inc -I../Drivers/STM32F4xx_HAL_Driver/Inc/Legacy -I../Drivers/CMSIS/Device/ST/STM32F4xx/Include -I../Drivers/CMSIS/Include -I"/home/tomas1908/STM32CubeIDE/workspace_1.19.0/pdm/ej2_p4/Drivers/API/Inc" -I"/home/tomas1908/STM32CubeIDE/workspace_1.19.0/pdm/ej2_p4/Drivers/API/Src" -O0 -ffunction-sections -fdata-sections -Wall -fstack-usage -fcyclomatic-complexity -MMD -MP -MF"Core/Src/stm32f4xx_it.d" -MT"Core/Src/stm32f4xx_it.o" --specs=nano.specs -mfpu=fpv4-sp-d16 -mfloat-abi=hard -mthumb -o "Core/Src/stm32f4xx_it.o"
arm-none-eabi-gcc "../Core/Src/syscalls.c" -mcpu=cortex-m4 -std=gnu11 -g3 -DDEBUG -DUSE_HAL_DRIVER -DSTM32F446xx -c -I../Core/Inc -I../Drivers/STM32F4xx_HAL_Driver/Inc -I../Drivers/STM32F4xx_HAL_Driver/Inc/Legacy -I../Drivers/CMSIS/Device/ST/STM32F4xx/Include -I../Drivers/CMSIS/Include -I"/home/tomas1908/STM32CubeIDE/workspace_1.19.0/pdm/ej2_p4/Drivers/API/Inc" -I"/home/tomas1908/STM32CubeIDE/workspace_1.19.0/pdm/ej2_p4/Drivers/API/Src" -O0 -ffunction-sections -fdata-sections -Wall -fstack-usage -fcyclomatic-complexity -MMD -MP -MF"Core/Src/syscalls.d" -MT"Core/Src/syscalls.o" --specs=nano.specs -mfpu=fpv4-sp-d16 -mfloat-abi=hard -mthumb -o "Core/Src/syscalls.o"
arm-none-eabi-gcc "../Core/Src/sysmem.c" -mcpu=cortex-m4 -std=gnu11 -g3 -DDEBUG -DUSE_HAL_DRIVER -DSTM32F446xx -c -I../Core/Inc -I../Drivers/STM32F4xx_HAL_Driver/Inc -I../Drivers/STM32F4xx_HAL_Driver/Inc/Legacy -I../Drivers/CMSIS/Device/ST/STM32F4xx/Include -I../Drivers/CMSIS/Include -I"/home/tomas1908/STM32CubeIDE/workspace_1.19.0/pdm/ej2_p4/Drivers/API/Inc" -I"/home/tomas1908/STM32CubeIDE/workspace_1.19.0/pdm/ej2_p4/Drivers/API/Src" -O0 -ffunction-sections -fdata-sections -Wall -fstack-usage -fcyclomatic-complexity -MMD -MP -MF"Core/Src/sysmem.d" -MT"Core/Src/sysmem.o" --specs=nano.specs -mfpu=fpv4-sp-d16 -mfloat-abi=hard -mthumb -o "Core/Src/sysmem.o"
arm-none-eabi-gcc "../Core/Src/system_stm32f4xx.c" -mcpu=cortex-m4 -std=gnu11 -g3 -DDEBUG -DUSE_HAL_DRIVER -DSTM32F446xx -c -I../Core/Inc -I../Drivers/STM32F4xx_HAL_Driver/Inc -I../Drivers/STM32F4xx_HAL_Driver/Inc/Legacy -I../Drivers/CMSIS/Device/ST/STM32F4xx/Include -I../Drivers/CMSIS/Include -I"/home/tomas1908/STM32CubeIDE/workspace_1.19.0/pdm/ej2_p4/Drivers/API/Inc" -I"/home/tomas1908/STM32CubeIDE/workspace_1.19.0/pdm/ej2_p4/Drivers/API/Src" -O0 -ffunction-sections -fdata-sections -Wall -fstack-usage -fcyclomatic-complexity -MMD -MP -MF"Core/Src/system_stm32f4xx.d" -MT"Core/Src/system_stm32f4xx.o" --specs=nano.specs -mfpu=fpv4-sp-d16 -mfloat-abi=hard -mthumb -o "Core/Src/system_stm32f4xx.o"
../Drivers/API/Src/API_debounce.c:9:1: error: unknown type name 'debounceState_t'
    9 | debounceState_t state;
      | ^~~~~~~~~~~~~~~
../Drivers/API/Src/API_debounce.c:10:1: error: unknown type name 'delay_t'
   10 | delay_t NB_delay;
      | ^~~~~~~
../Drivers/API/Src/API_debounce.c: In function 'debounceFSM_init':
../Drivers/API/Src/API_debounce.c:13:15: error: 'BUTTON_UP' undeclared (first use in this function)
   13 |         state=BUTTON_UP;                                //Inicializacion primer estado
      |               ^~~~~~~~~
../Drivers/API/Src/API_debounce.c:13:15: note: each undeclared identifier is reported only once for each function it appears in
../Drivers/API/Src/API_debounce.c: In function 'debounceFSM_update':
../Drivers/API/Src/API_debounce.c:18:9: error: unknown type name 'uint32_t'
   18 |         uint32_t Button_state=HAL_GPIO_ReadPin(B1_GPIO_Port, B1_Pin);
      |         ^~~~~~~~
../Drivers/API/Src/API_debounce.c:1:1: note: 'uint32_t' is defined in header '<stdint.h>'; did you forget to '#include <stdint.h>'?
  +++ |+#include <stdint.h>
    1 | /*
../Drivers/API/Src/API_debounce.c:18:31: warning: implicit declaration of function 'HAL_GPIO_ReadPin' [-Wimplicit-function-declaration]
   18 |         uint32_t Button_state=HAL_GPIO_ReadPin(B1_GPIO_Port, B1_Pin);
      |                               ^~~~~~~~~~~~~~~~
../Drivers/API/Src/API_debounce.c:18:48: error: 'B1_GPIO_Port' undeclared (first use in this function)
   18 |         uint32_t Button_state=HAL_GPIO_ReadPin(B1_GPIO_Port, B1_Pin);
      |                                                ^~~~~~~~~~~~
../Drivers/API/Src/API_debounce.c:18:62: error: 'B1_Pin' undeclared (first use in this function)
   18 |         uint32_t Button_state=HAL_GPIO_ReadPin(B1_GPIO_Port, B1_Pin);
      |                                                              ^~~~~~
../Drivers/API/Src/API_debounce.c:21:22: error: 'BUTTON_UP' undeclared (first use in this function)
   21 |                 case BUTTON_UP:
      |                      ^~~~~~~~~
../Drivers/API/Src/API_debounce.c:22:42: error: 'GPIO_PIN_RESET' undeclared (first use in this function)
   22 |                         if(Button_state==GPIO_PIN_RESET){
      |                                          ^~~~~~~~~~~~~~
../Drivers/API/Src/API_debounce.c:23:33: warning: implicit declaration of function 'delayInit' [-Wimplicit-function-declaration]
   23 |                                 delayInit(&NB_delay,no_noise);
      |                                 ^~~~~~~~~
../Drivers/API/Src/API_debounce.c:23:53: error: 'no_noise' undeclared (first use in this function)
   23 |                                 delayInit(&NB_delay,no_noise);
      |                                                     ^~~~~~~~
../Drivers/API/Src/API_debounce.c:24:39: error: 'BUTTON_FALLING' undeclared (first use in this function)
   24 |                                 state=BUTTON_FALLING;
      |                                       ^~~~~~~~~~~~~~
../Drivers/API/Src/API_debounce.c:28:22: error: 'BUTTON_DOWN' undeclared (first use in this function)
   28 |                 case BUTTON_DOWN:
      |                      ^~~~~~~~~~~
../Drivers/API/Src/API_debounce.c:29:42: error: 'GPIO_PIN_SET' undeclared (first use in this function)
   29 |                         if(Button_state==GPIO_PIN_SET){
      |                                          ^~~~~~~~~~~~
../Drivers/API/Src/API_debounce.c:31:39: error: 'BUTTON_RAISING' undeclared (first use in this function)
   31 |                                 state=BUTTON_RAISING;
      |                                       ^~~~~~~~~~~~~~
../Drivers/API/Src/API_debounce.c:36:29: warning: implicit declaration of function 'delayRead' [-Wimplicit-function-declaration]
   36 |                         if(!delayRead(&NB_delay)){
      |                             ^~~~~~~~~
../Drivers/API/Src/API_debounce.c:37:33: warning: implicit declaration of function 'buttonPressed' [-Wimplicit-function-declaration]
   37 |                                 buttonPressed();
      |                                 ^~~~~~~~~~~~~
../Drivers/API/Src/API_debounce.c:44:33: warning: implicit declaration of function 'buttonReleased' [-Wimplicit-function-declaration]
   44 |                                 buttonReleased();
      |                                 ^~~~~~~~~~~~~~
../Drivers/API/Src/API_debounce.c: At top level:
../Drivers/API/Src/API_debounce.c:53:6: warning: conflicting types for 'buttonPressed'; have 'void()'
   53 | void buttonPressed(){
      |      ^~~~~~~~~~~~~
../Drivers/API/Src/API_debounce.c:37:33: note: previous implicit declaration of 'buttonPressed' with type 'void()'
   37 |                                 buttonPressed();
      |                                 ^~~~~~~~~~~~~
../Drivers/API/Src/API_debounce.c: In function 'buttonPressed':
../Drivers/API/Src/API_debounce.c:54:9: warning: implicit declaration of function 'HAL_GPIO_WritePin' [-Wimplicit-function-declaration]
   54 |         HAL_GPIO_WritePin(GPIOA, GPIO_PIN_5, 1);
      |         ^~~~~~~~~~~~~~~~~
../Drivers/API/Src/API_debounce.c:54:27: error: 'GPIOA' undeclared (first use in this function)
   54 |         HAL_GPIO_WritePin(GPIOA, GPIO_PIN_5, 1);
      |                           ^~~~~
../Drivers/API/Src/API_debounce.c:54:34: error: 'GPIO_PIN_5' undeclared (first use in this function)
   54 |         HAL_GPIO_WritePin(GPIOA, GPIO_PIN_5, 1);
      |                                  ^~~~~~~~~~
../Drivers/API/Src/API_debounce.c: At top level:
../Drivers/API/Src/API_debounce.c:56:6: warning: conflicting types for 'buttonReleased'; have 'void()'
   56 | void buttonReleased(){
      |      ^~~~~~~~~~~~~~
../Drivers/API/Src/API_debounce.c:44:33: note: previous implicit declaration of 'buttonReleased' with type 'void()'
   44 |                                 buttonReleased();
      |                                 ^~~~~~~~~~~~~~
../Drivers/API/Src/API_debounce.c: In function 'buttonReleased':
../Drivers/API/Src/API_debounce.c:57:27: error: 'GPIOA' undeclared (first use in this function)
   57 |         HAL_GPIO_WritePin(GPIOA, GPIO_PIN_5, 0);
      |                           ^~~~~
../Drivers/API/Src/API_debounce.c:57:34: error: 'GPIO_PIN_5' undeclared (first use in this function)
   57 |         HAL_GPIO_WritePin(GPIOA, GPIO_PIN_5, 0);
      |                                  ^~~~~~~~~~
make: *** [Drivers/API/Src/subdir.mk:22: Drivers/API/Src/API_debounce.o] Error 1
make: *** Waiting for unfinished jobs....
"make -j8 all" terminated with exit code 2. Build might be incomplete.
07:12:19 **** Incremental Build of configuration Debug for project ej2_p4 ****
make -j8 all 
arm-none-eabi-gcc "../Drivers/API/Src/API_debounce.c" -mcpu=cortex-m4 -std=gnu11 -g3 -DDEBUG -DUSE_HAL_DRIVER -DSTM32F446xx -c -I../Core/Inc -I../Drivers/STM32F4xx_HAL_Driver/Inc -I../Drivers/STM32F4xx_HAL_Driver/Inc/Legacy -I../Drivers/CMSIS/Device/ST/STM32F4xx/Include -I../Drivers/CMSIS/Include -I"/home/tomas1908/STM32CubeIDE/workspace_1.19.0/pdm/ej2_p4/Drivers/API/Inc" -I"/home/tomas1908/STM32CubeIDE/workspace_1.19.0/pdm/ej2_p4/Drivers/API/Src" -O0 -ffunction-sections -fdata-sections -Wall -fstack-usage -fcyclomatic-complexity -MMD -MP -MF"Drivers/API/Src/API_debounce.d" -MT"Drivers/API/Src/API_debounce.o" --specs=nano.specs -mfpu=fpv4-sp-d16 -mfloat-abi=hard -mthumb -o "Drivers/API/Src/API_debounce.o"
arm-none-eabi-gcc "../Core/Src/main.c" -mcpu=cortex-m4 -std=gnu11 -g3 -DDEBUG -DUSE_HAL_DRIVER -DSTM32F446xx -c -I../Core/Inc -I../Drivers/STM32F4xx_HAL_Driver/Inc -I../Drivers/STM32F4xx_HAL_Driver/Inc/Legacy -I../Drivers/CMSIS/Device/ST/STM32F4xx/Include -I../Drivers/CMSIS/Include -I"/home/tomas1908/STM32CubeIDE/workspace_1.19.0/pdm/ej2_p4/Drivers/API/Inc" -I"/home/tomas1908/STM32CubeIDE/workspace_1.19.0/pdm/ej2_p4/Drivers/API/Src" -O0 -ffunction-sections -fdata-sections -Wall -fstack-usage -fcyclomatic-complexity -MMD -MP -MF"Core/Src/main.d" -MT"Core/Src/main.o" --specs=nano.specs -mfpu=fpv4-sp-d16 -mfloat-abi=hard -mthumb -o "Core/Src/main.o"
arm-none-eabi-gcc "../Core/Src/stm32f4xx_hal_msp.c" -mcpu=cortex-m4 -std=gnu11 -g3 -DDEBUG -DUSE_HAL_DRIVER -DSTM32F446xx -c -I../Core/Inc -I../Drivers/STM32F4xx_HAL_Driver/Inc -I../Drivers/STM32F4xx_HAL_Driver/Inc/Legacy -I../Drivers/CMSIS/Device/ST/STM32F4xx/Include -I../Drivers/CMSIS/Include -I"/home/tomas1908/STM32CubeIDE/workspace_1.19.0/pdm/ej2_p4/Drivers/API/Inc" -I"/home/tomas1908/STM32CubeIDE/workspace_1.19.0/pdm/ej2_p4/Drivers/API/Src" -O0 -ffunction-sections -fdata-sections -Wall -fstack-usage -fcyclomatic-complexity -MMD -MP -MF"Core/Src/stm32f4xx_hal_msp.d" -MT"Core/Src/stm32f4xx_hal_msp.o" --specs=nano.specs -mfpu=fpv4-sp-d16 -mfloat-abi=hard -mthumb -o "Core/Src/stm32f4xx_hal_msp.o"
arm-none-eabi-gcc "../Core/Src/stm32f4xx_it.c" -mcpu=cortex-m4 -std=gnu11 -g3 -DDEBUG -DUSE_HAL_DRIVER -DSTM32F446xx -c -I../Core/Inc -I../Drivers/STM32F4xx_HAL_Driver/Inc -I../Drivers/STM32F4xx_HAL_Driver/Inc/Legacy -I../Drivers/CMSIS/Device/ST/STM32F4xx/Include -I../Drivers/CMSIS/Include -I"/home/tomas1908/STM32CubeIDE/workspace_1.19.0/pdm/ej2_p4/Drivers/API/Inc" -I"/home/tomas1908/STM32CubeIDE/workspace_1.19.0/pdm/ej2_p4/Drivers/API/Src" -O0 -ffunction-sections -fdata-sections -Wall -fstack-usage -fcyclomatic-complexity -MMD -MP -MF"Core/Src/stm32f4xx_it.d" -MT"Core/Src/stm32f4xx_it.o" --specs=nano.specs -mfpu=fpv4-sp-d16 -mfloat-abi=hard -mthumb -o "Core/Src/stm32f4xx_it.o"
../Drivers/API/Src/API_debounce.c: In function 'debounceFSM_update':
../Drivers/API/Src/API_debounce.c:20:48: error: 'B1_GPIO_Port' undeclared (first use in this function)
   20 |         uint32_t Button_state=HAL_GPIO_ReadPin(B1_GPIO_Port, B1_Pin);
      |                                                ^~~~~~~~~~~~
../Drivers/API/Src/API_debounce.c:20:48: note: each undeclared identifier is reported only once for each function it appears in
../Drivers/API/Src/API_debounce.c:20:62: error: 'B1_Pin' undeclared (first use in this function)
   20 |         uint32_t Button_state=HAL_GPIO_ReadPin(B1_GPIO_Port, B1_Pin);
      |                                                              ^~~~~~
make: *** [Drivers/API/Src/subdir.mk:22: Drivers/API/Src/API_debounce.o] Error 1
make: *** Waiting for unfinished jobs....
"make -j8 all" terminated with exit code 2. Build might be incomplete.
07:13:40 **** Incremental Build of configuration Debug for project ej2_p4 ****
make -j8 all 
arm-none-eabi-gcc "../Drivers/API/Src/API_debounce.c" -mcpu=cortex-m4 -std=gnu11 -g3 -DDEBUG -DUSE_HAL_DRIVER -DSTM32F446xx -c -I../Core/Inc -I../Drivers/STM32F4xx_HAL_Driver/Inc -I../Drivers/STM32F4xx_HAL_Driver/Inc/Legacy -I../Drivers/CMSIS/Device/ST/STM32F4xx/Include -I../Drivers/CMSIS/Include -I"/home/tomas1908/STM32CubeIDE/workspace_1.19.0/pdm/ej2_p4/Drivers/API/Inc" -I"/home/tomas1908/STM32CubeIDE/workspace_1.19.0/pdm/ej2_p4/Drivers/API/Src" -O0 -ffunction-sections -fdata-sections -Wall -fstack-usage -fcyclomatic-complexity -MMD -MP -MF"Drivers/API/Src/API_debounce.d" -MT"Drivers/API/Src/API_debounce.o" --specs=nano.specs -mfpu=fpv4-sp-d16 -mfloat-abi=hard -mthumb -o "Drivers/API/Src/API_debounce.o"
arm-none-eabi-gcc -o "ej2_p4.elf" @"objects.list"   -mcpu=cortex-m4 -T"/home/tomas1908/STM32CubeIDE/workspace_1.19.0/pdm/ej2_p4/STM32F446RETX_FLASH.ld" --specs=nosys.specs -Wl,-Map="ej2_p4.map" -Wl,--gc-sections -static --specs=nano.specs -mfpu=fpv4-sp-d16 -mfloat-abi=hard -mthumb -Wl,--start-group -lc -lm -Wl,--end-group
/opt/st/stm32cubeide_1.19.0/plugins/com.st.stm32cube.ide.mcu.externaltools.gnu-tools-for-stm32.13.3.rel1.linux64_1.0.0.202410170706/tools/bin/../lib/gcc/arm-none-eabi/13.3.1/../../../../arm-none-eabi/bin/ld: ./Core/Src/stm32f4xx_hal_msp.o:/home/tomas1908/STM32CubeIDE/workspace_1.19.0/pdm/ej2_p4/Drivers/API/Inc/API_debounce.h:21: multiple definition of `no_noise'; ./Core/Src/main.o:/home/tomas1908/STM32CubeIDE/workspace_1.19.0/pdm/ej2_p4/Drivers/API/Inc/API_debounce.h:21: first defined here
/opt/st/stm32cubeide_1.19.0/plugins/com.st.stm32cube.ide.mcu.externaltools.gnu-tools-for-stm32.13.3.rel1.linux64_1.0.0.202410170706/tools/bin/../lib/gcc/arm-none-eabi/13.3.1/../../../../arm-none-eabi/bin/ld: ./Core/Src/stm32f4xx_it.o:/home/tomas1908/STM32CubeIDE/workspace_1.19.0/pdm/ej2_p4/Drivers/API/Inc/API_debounce.h:21: multiple definition of `no_noise'; ./Core/Src/main.o:/home/tomas1908/STM32CubeIDE/workspace_1.19.0/pdm/ej2_p4/Drivers/API/Inc/API_debounce.h:21: first defined here
/opt/st/stm32cubeide_1.19.0/plugins/com.st.stm32cube.ide.mcu.externaltools.gnu-tools-for-stm32.13.3.rel1.linux64_1.0.0.202410170706/tools/bin/../lib/gcc/arm-none-eabi/13.3.1/../../../../arm-none-eabi/bin/ld: ./Drivers/API/Src/API_debounce.o:/home/tomas1908/STM32CubeIDE/workspace_1.19.0/pdm/ej2_p4/Drivers/API/Inc/API_debounce.h:21: multiple definition of `no_noise'; ./Core/Src/main.o:/home/tomas1908/STM32CubeIDE/workspace_1.19.0/pdm/ej2_p4/Drivers/API/Inc/API_debounce.h:21: first defined here
collect2: error: ld returned 1 exit status
make: *** [makefile:65: ej2_p4.elf] Error 1
"make -j8 all" terminated with exit code 2. Build might be incomplete.
07:14:17 **** Incremental Build of configuration Debug for project ej2_p4 ****
make -j8 all 
arm-none-eabi-gcc "../Drivers/STM32F4xx_HAL_Driver/Src/stm32f4xx_hal.c" -mcpu=cortex-m4 -std=gnu11 -g3 -DDEBUG -DUSE_HAL_DRIVER -DSTM32F446xx -c -I../Core/Inc -I../Drivers/STM32F4xx_HAL_Driver/Inc -I../Drivers/STM32F4xx_HAL_Driver/Inc/Legacy -I../Drivers/CMSIS/Device/ST/STM32F4xx/Include -I../Drivers/CMSIS/Include -I"/home/tomas1908/STM32CubeIDE/workspace_1.19.0/pdm/ej2_p4/Drivers/API/Inc" -I"/home/tomas1908/STM32CubeIDE/workspace_1.19.0/pdm/ej2_p4/Drivers/API/Src" -I"/home/tomas1908/STM32CubeIDE/workspace_1.19.0/pdm/ej2_p4/Drivers/API" -I"/home/tomas1908/STM32CubeIDE/workspace_1.19.0/pdm/ej2_p4/Drivers" -O0 -ffunction-sections -fdata-sections -Wall -fstack-usage -fcyclomatic-complexity -MMD -MP -MF"Drivers/STM32F4xx_HAL_Driver/Src/stm32f4xx_hal.d" -MT"Drivers/STM32F4xx_HAL_Driver/Src/stm32f4xx_hal.o" --specs=nano.specs -mfpu=fpv4-sp-d16 -mfloat-abi=hard -mthumb -o "Drivers/STM32F4xx_HAL_Driver/Src/stm32f4xx_hal.o"
arm-none-eabi-gcc "../Drivers/STM32F4xx_HAL_Driver/Src/stm32f4xx_hal_cortex.c" -mcpu=cortex-m4 -std=gnu11 -g3 -DDEBUG -DUSE_HAL_DRIVER -DSTM32F446xx -c -I../Core/Inc -I../Drivers/STM32F4xx_HAL_Driver/Inc -I../Drivers/STM32F4xx_HAL_Driver/Inc/Legacy -I../Drivers/CMSIS/Device/ST/STM32F4xx/Include -I../Drivers/CMSIS/Include -I"/home/tomas1908/STM32CubeIDE/workspace_1.19.0/pdm/ej2_p4/Drivers/API/Inc" -I"/home/tomas1908/STM32CubeIDE/workspace_1.19.0/pdm/ej2_p4/Drivers/API/Src" -I"/home/tomas1908/STM32CubeIDE/workspace_1.19.0/pdm/ej2_p4/Drivers/API" -I"/home/tomas1908/STM32CubeIDE/workspace_1.19.0/pdm/ej2_p4/Drivers" -O0 -ffunction-sections -fdata-sections -Wall -fstack-usage -fcyclomatic-complexity -MMD -MP -MF"Drivers/STM32F4xx_HAL_Driver/Src/stm32f4xx_hal_cortex.d" -MT"Drivers/STM32F4xx_HAL_Driver/Src/stm32f4xx_hal_cortex.o" --specs=nano.specs -mfpu=fpv4-sp-d16 -mfloat-abi=hard -mthumb -o "Drivers/STM32F4xx_HAL_Driver/Src/stm32f4xx_hal_cortex.o"
arm-none-eabi-gcc "../Drivers/STM32F4xx_HAL_Driver/Src/stm32f4xx_hal_dma.c" -mcpu=cortex-m4 -std=gnu11 -g3 -DDEBUG -DUSE_HAL_DRIVER -DSTM32F446xx -c -I../Core/Inc -I../Drivers/STM32F4xx_HAL_Driver/Inc -I../Drivers/STM32F4xx_HAL_Driver/Inc/Legacy -I../Drivers/CMSIS/Device/ST/STM32F4xx/Include -I../Drivers/CMSIS/Include -I"/home/tomas1908/STM32CubeIDE/workspace_1.19.0/pdm/ej2_p4/Drivers/API/Inc" -I"/home/tomas1908/STM32CubeIDE/workspace_1.19.0/pdm/ej2_p4/Drivers/API/Src" -I"/home/tomas1908/STM32CubeIDE/workspace_1.19.0/pdm/ej2_p4/Drivers/API" -I"/home/tomas1908/STM32CubeIDE/workspace_1.19.0/pdm/ej2_p4/Drivers" -O0 -ffunction-sections -fdata-sections -Wall -fstack-usage -fcyclomatic-complexity -MMD -MP -MF"Drivers/STM32F4xx_HAL_Driver/Src/stm32f4xx_hal_dma.d" -MT"Drivers/STM32F4xx_HAL_Driver/Src/stm32f4xx_hal_dma.o" --specs=nano.specs -mfpu=fpv4-sp-d16 -mfloat-abi=hard -mthumb -o "Drivers/STM32F4xx_HAL_Driver/Src/stm32f4xx_hal_dma.o"
arm-none-eabi-gcc "../Drivers/STM32F4xx_HAL_Driver/Src/stm32f4xx_hal_dma_ex.c" -mcpu=cortex-m4 -std=gnu11 -g3 -DDEBUG -DUSE_HAL_DRIVER -DSTM32F446xx -c -I../Core/Inc -I../Drivers/STM32F4xx_HAL_Driver/Inc -I../Drivers/STM32F4xx_HAL_Driver/Inc/Legacy -I../Drivers/CMSIS/Device/ST/STM32F4xx/Include -I../Drivers/CMSIS/Include -I"/home/tomas1908/STM32CubeIDE/workspace_1.19.0/pdm/ej2_p4/Drivers/API/Inc" -I"/home/tomas1908/STM32CubeIDE/workspace_1.19.0/pdm/ej2_p4/Drivers/API/Src" -I"/home/tomas1908/STM32CubeIDE/workspace_1.19.0/pdm/ej2_p4/Drivers/API" -I"/home/tomas1908/STM32CubeIDE/workspace_1.19.0/pdm/ej2_p4/Drivers" -O0 -ffunction-sections -fdata-sections -Wall -fstack-usage -fcyclomatic-complexity -MMD -MP -MF"Drivers/STM32F4xx_HAL_Driver/Src/stm32f4xx_hal_dma_ex.d" -MT"Drivers/STM32F4xx_HAL_Driver/Src/stm32f4xx_hal_dma_ex.o" --specs=nano.specs -mfpu=fpv4-sp-d16 -mfloat-abi=hard -mthumb -o "Drivers/STM32F4xx_HAL_Driver/Src/stm32f4xx_hal_dma_ex.o"
arm-none-eabi-gcc "../Drivers/STM32F4xx_HAL_Driver/Src/stm32f4xx_hal_exti.c" -mcpu=cortex-m4 -std=gnu11 -g3 -DDEBUG -DUSE_HAL_DRIVER -DSTM32F446xx -c -I../Core/Inc -I../Drivers/STM32F4xx_HAL_Driver/Inc -I../Drivers/STM32F4xx_HAL_Driver/Inc/Legacy -I../Drivers/CMSIS/Device/ST/STM32F4xx/Include -I../Drivers/CMSIS/Include -I"/home/tomas1908/STM32CubeIDE/workspace_1.19.0/pdm/ej2_p4/Drivers/API/Inc" -I"/home/tomas1908/STM32CubeIDE/workspace_1.19.0/pdm/ej2_p4/Drivers/API/Src" -I"/home/tomas1908/STM32CubeIDE/workspace_1.19.0/pdm/ej2_p4/Drivers/API" -I"/home/tomas1908/STM32CubeIDE/workspace_1.19.0/pdm/ej2_p4/Drivers" -O0 -ffunction-sections -fdata-sections -Wall -fstack-usage -fcyclomatic-complexity -MMD -MP -MF"Drivers/STM32F4xx_HAL_Driver/Src/stm32f4xx_hal_exti.d" -MT"Drivers/STM32F4xx_HAL_Driver/Src/stm32f4xx_hal_exti.o" --specs=nano.specs -mfpu=fpv4-sp-d16 -mfloat-abi=hard -mthumb -o "Drivers/STM32F4xx_HAL_Driver/Src/stm32f4xx_hal_exti.o"
arm-none-eabi-gcc "../Drivers/STM32F4xx_HAL_Driver/Src/stm32f4xx_hal_flash.c" -mcpu=cortex-m4 -std=gnu11 -g3 -DDEBUG -DUSE_HAL_DRIVER -DSTM32F446xx -c -I../Core/Inc -I../Drivers/STM32F4xx_HAL_Driver/Inc -I../Drivers/STM32F4xx_HAL_Driver/Inc/Legacy -I../Drivers/CMSIS/Device/ST/STM32F4xx/Include -I../Drivers/CMSIS/Include -I"/home/tomas1908/STM32CubeIDE/workspace_1.19.0/pdm/ej2_p4/Drivers/API/Inc" -I"/home/tomas1908/STM32CubeIDE/workspace_1.19.0/pdm/ej2_p4/Drivers/API/Src" -I"/home/tomas1908/STM32CubeIDE/workspace_1.19.0/pdm/ej2_p4/Drivers/API" -I"/home/tomas1908/STM32CubeIDE/workspace_1.19.0/pdm/ej2_p4/Drivers" -O0 -ffunction-sections -fdata-sections -Wall -fstack-usage -fcyclomatic-complexity -MMD -MP -MF"Drivers/STM32F4xx_HAL_Driver/Src/stm32f4xx_hal_flash.d" -MT"Drivers/STM32F4xx_HAL_Driver/Src/stm32f4xx_hal_flash.o" --specs=nano.specs -mfpu=fpv4-sp-d16 -mfloat-abi=hard -mthumb -o "Drivers/STM32F4xx_HAL_Driver/Src/stm32f4xx_hal_flash.o"
arm-none-eabi-gcc "../Drivers/STM32F4xx_HAL_Driver/Src/stm32f4xx_hal_flash_ex.c" -mcpu=cortex-m4 -std=gnu11 -g3 -DDEBUG -DUSE_HAL_DRIVER -DSTM32F446xx -c -I../Core/Inc -I../Drivers/STM32F4xx_HAL_Driver/Inc -I../Drivers/STM32F4xx_HAL_Driver/Inc/Legacy -I../Drivers/CMSIS/Device/ST/STM32F4xx/Include -I../Drivers/CMSIS/Include -I"/home/tomas1908/STM32CubeIDE/workspace_1.19.0/pdm/ej2_p4/Drivers/API/Inc" -I"/home/tomas1908/STM32CubeIDE/workspace_1.19.0/pdm/ej2_p4/Drivers/API/Src" -I"/home/tomas1908/STM32CubeIDE/workspace_1.19.0/pdm/ej2_p4/Drivers/API" -I"/home/tomas1908/STM32CubeIDE/workspace_1.19.0/pdm/ej2_p4/Drivers" -O0 -ffunction-sections -fdata-sections -Wall -fstack-usage -fcyclomatic-complexity -MMD -MP -MF"Drivers/STM32F4xx_HAL_Driver/Src/stm32f4xx_hal_flash_ex.d" -MT"Drivers/STM32F4xx_HAL_Driver/Src/stm32f4xx_hal_flash_ex.o" --specs=nano.specs -mfpu=fpv4-sp-d16 -mfloat-abi=hard -mthumb -o "Drivers/STM32F4xx_HAL_Driver/Src/stm32f4xx_hal_flash_ex.o"
arm-none-eabi-gcc "../Drivers/STM32F4xx_HAL_Driver/Src/stm32f4xx_hal_flash_ramfunc.c" -mcpu=cortex-m4 -std=gnu11 -g3 -DDEBUG -DUSE_HAL_DRIVER -DSTM32F446xx -c -I../Core/Inc -I../Drivers/STM32F4xx_HAL_Driver/Inc -I../Drivers/STM32F4xx_HAL_Driver/Inc/Legacy -I../Drivers/CMSIS/Device/ST/STM32F4xx/Include -I../Drivers/CMSIS/Include -I"/home/tomas1908/STM32CubeIDE/workspace_1.19.0/pdm/ej2_p4/Drivers/API/Inc" -I"/home/tomas1908/STM32CubeIDE/workspace_1.19.0/pdm/ej2_p4/Drivers/API/Src" -I"/home/tomas1908/STM32CubeIDE/workspace_1.19.0/pdm/ej2_p4/Drivers/API" -I"/home/tomas1908/STM32CubeIDE/workspace_1.19.0/pdm/ej2_p4/Drivers" -O0 -ffunction-sections -fdata-sections -Wall -fstack-usage -fcyclomatic-complexity -MMD -MP -MF"Drivers/STM32F4xx_HAL_Driver/Src/stm32f4xx_hal_flash_ramfunc.d" -MT"Drivers/STM32F4xx_HAL_Driver/Src/stm32f4xx_hal_flash_ramfunc.o" --specs=nano.specs -mfpu=fpv4-sp-d16 -mfloat-abi=hard -mthumb -o "Drivers/STM32F4xx_HAL_Driver/Src/stm32f4xx_hal_flash_ramfunc.o"
arm-none-eabi-gcc "../Drivers/STM32F4xx_HAL_Driver/Src/stm32f4xx_hal_gpio.c" -mcpu=cortex-m4 -std=gnu11 -g3 -DDEBUG -DUSE_HAL_DRIVER -DSTM32F446xx -c -I../Core/Inc -I../Drivers/STM32F4xx_HAL_Driver/Inc -I../Drivers/STM32F4xx_HAL_Driver/Inc/Legacy -I../Drivers/CMSIS/Device/ST/STM32F4xx/Include -I../Drivers/CMSIS/Include -I"/home/tomas1908/STM32CubeIDE/workspace_1.19.0/pdm/ej2_p4/Drivers/API/Inc" -I"/home/tomas1908/STM32CubeIDE/workspace_1.19.0/pdm/ej2_p4/Drivers/API/Src" -I"/home/tomas1908/STM32CubeIDE/workspace_1.19.0/pdm/ej2_p4/Drivers/API" -I"/home/tomas1908/STM32CubeIDE/workspace_1.19.0/pdm/ej2_p4/Drivers" -O0 -ffunction-sections -fdata-sections -Wall -fstack-usage -fcyclomatic-complexity -MMD -MP -MF"Drivers/STM32F4xx_HAL_Driver/Src/stm32f4xx_hal_gpio.d" -MT"Drivers/STM32F4xx_HAL_Driver/Src/stm32f4xx_hal_gpio.o" --specs=nano.specs -mfpu=fpv4-sp-d16 -mfloat-abi=hard -mthumb -o "Drivers/STM32F4xx_HAL_Driver/Src/stm32f4xx_hal_gpio.o"
arm-none-eabi-gcc "../Drivers/STM32F4xx_HAL_Driver/Src/stm32f4xx_hal_pwr.c" -mcpu=cortex-m4 -std=gnu11 -g3 -DDEBUG -DUSE_HAL_DRIVER -DSTM32F446xx -c -I../Core/Inc -I../Drivers/STM32F4xx_HAL_Driver/Inc -I../Drivers/STM32F4xx_HAL_Driver/Inc/Legacy -I../Drivers/CMSIS/Device/ST/STM32F4xx/Include -I../Drivers/CMSIS/Include -I"/home/tomas1908/STM32CubeIDE/workspace_1.19.0/pdm/ej2_p4/Drivers/API/Inc" -I"/home/tomas1908/STM32CubeIDE/workspace_1.19.0/pdm/ej2_p4/Drivers/API/Src" -I"/home/tomas1908/STM32CubeIDE/workspace_1.19.0/pdm/ej2_p4/Drivers/API" -I"/home/tomas1908/STM32CubeIDE/workspace_1.19.0/pdm/ej2_p4/Drivers" -O0 -ffunction-sections -fdata-sections -Wall -fstack-usage -fcyclomatic-complexity -MMD -MP -MF"Drivers/STM32F4xx_HAL_Driver/Src/stm32f4xx_hal_pwr.d" -MT"Drivers/STM32F4xx_HAL_Driver/Src/stm32f4xx_hal_pwr.o" --specs=nano.specs -mfpu=fpv4-sp-d16 -mfloat-abi=hard -mthumb -o "Drivers/STM32F4xx_HAL_Driver/Src/stm32f4xx_hal_pwr.o"
arm-none-eabi-gcc "../Drivers/STM32F4xx_HAL_Driver/Src/stm32f4xx_hal_pwr_ex.c" -mcpu=cortex-m4 -std=gnu11 -g3 -DDEBUG -DUSE_HAL_DRIVER -DSTM32F446xx -c -I../Core/Inc -I../Drivers/STM32F4xx_HAL_Driver/Inc -I../Drivers/STM32F4xx_HAL_Driver/Inc/Legacy -I../Drivers/CMSIS/Device/ST/STM32F4xx/Include -I../Drivers/CMSIS/Include -I"/home/tomas1908/STM32CubeIDE/workspace_1.19.0/pdm/ej2_p4/Drivers/API/Inc" -I"/home/tomas1908/STM32CubeIDE/workspace_1.19.0/pdm/ej2_p4/Drivers/API/Src" -I"/home/tomas1908/STM32CubeIDE/workspace_1.19.0/pdm/ej2_p4/Drivers/API" -I"/home/tomas1908/STM32CubeIDE/workspace_1.19.0/pdm/ej2_p4/Drivers" -O0 -ffunction-sections -fdata-sections -Wall -fstack-usage -fcyclomatic-complexity -MMD -MP -MF"Drivers/STM32F4xx_HAL_Driver/Src/stm32f4xx_hal_pwr_ex.d" -MT"Drivers/STM32F4xx_HAL_Driver/Src/stm32f4xx_hal_pwr_ex.o" --specs=nano.specs -mfpu=fpv4-sp-d16 -mfloat-abi=hard -mthumb -o "Drivers/STM32F4xx_HAL_Driver/Src/stm32f4xx_hal_pwr_ex.o"
arm-none-eabi-gcc "../Drivers/STM32F4xx_HAL_Driver/Src/stm32f4xx_hal_rcc.c" -mcpu=cortex-m4 -std=gnu11 -g3 -DDEBUG -DUSE_HAL_DRIVER -DSTM32F446xx -c -I../Core/Inc -I../Drivers/STM32F4xx_HAL_Driver/Inc -I../Drivers/STM32F4xx_HAL_Driver/Inc/Legacy -I../Drivers/CMSIS/Device/ST/STM32F4xx/Include -I../Drivers/CMSIS/Include -I"/home/tomas1908/STM32CubeIDE/workspace_1.19.0/pdm/ej2_p4/Drivers/API/Inc" -I"/home/tomas1908/STM32CubeIDE/workspace_1.19.0/pdm/ej2_p4/Drivers/API/Src" -I"/home/tomas1908/STM32CubeIDE/workspace_1.19.0/pdm/ej2_p4/Drivers/API" -I"/home/tomas1908/STM32CubeIDE/workspace_1.19.0/pdm/ej2_p4/Drivers" -O0 -ffunction-sections -fdata-sections -Wall -fstack-usage -fcyclomatic-complexity -MMD -MP -MF"Drivers/STM32F4xx_HAL_Driver/Src/stm32f4xx_hal_rcc.d" -MT"Drivers/STM32F4xx_HAL_Driver/Src/stm32f4xx_hal_rcc.o" --specs=nano.specs -mfpu=fpv4-sp-d16 -mfloat-abi=hard -mthumb -o "Drivers/STM32F4xx_HAL_Driver/Src/stm32f4xx_hal_rcc.o"
arm-none-eabi-gcc "../Drivers/STM32F4xx_HAL_Driver/Src/stm32f4xx_hal_rcc_ex.c" -mcpu=cortex-m4 -std=gnu11 -g3 -DDEBUG -DUSE_HAL_DRIVER -DSTM32F446xx -c -I../Core/Inc -I../Drivers/STM32F4xx_HAL_Driver/Inc -I../Drivers/STM32F4xx_HAL_Driver/Inc/Legacy -I../Drivers/CMSIS/Device/ST/STM32F4xx/Include -I../Drivers/CMSIS/Include -I"/home/tomas1908/STM32CubeIDE/workspace_1.19.0/pdm/ej2_p4/Drivers/API/Inc" -I"/home/tomas1908/STM32CubeIDE/workspace_1.19.0/pdm/ej2_p4/Drivers/API/Src" -I"/home/tomas1908/STM32CubeIDE/workspace_1.19.0/pdm/ej2_p4/Drivers/API" -I"/home/tomas1908/STM32CubeIDE/workspace_1.19.0/pdm/ej2_p4/Drivers" -O0 -ffunction-sections -fdata-sections -Wall -fstack-usage -fcyclomatic-complexity -MMD -MP -MF"Drivers/STM32F4xx_HAL_Driver/Src/stm32f4xx_hal_rcc_ex.d" -MT"Drivers/STM32F4xx_HAL_Driver/Src/stm32f4xx_hal_rcc_ex.o" --specs=nano.specs -mfpu=fpv4-sp-d16 -mfloat-abi=hard -mthumb -o "Drivers/STM32F4xx_HAL_Driver/Src/stm32f4xx_hal_rcc_ex.o"
arm-none-eabi-gcc "../Drivers/API/Src/API_debounce.c" -mcpu=cortex-m4 -std=gnu11 -g3 -DDEBUG -DUSE_HAL_DRIVER -DSTM32F446xx -c -I../Core/Inc -I../Drivers/STM32F4xx_HAL_Driver/Inc -I../Drivers/STM32F4xx_HAL_Driver/Inc/Legacy -I../Drivers/CMSIS/Device/ST/STM32F4xx/Include -I../Drivers/CMSIS/Include -I"/home/tomas1908/STM32CubeIDE/workspace_1.19.0/pdm/ej2_p4/Drivers/API/Inc" -I"/home/tomas1908/STM32CubeIDE/workspace_1.19.0/pdm/ej2_p4/Drivers/API/Src" -I"/home/tomas1908/STM32CubeIDE/workspace_1.19.0/pdm/ej2_p4/Drivers/API" -I"/home/tomas1908/STM32CubeIDE/workspace_1.19.0/pdm/ej2_p4/Drivers" -O0 -ffunction-sections -fdata-sections -Wall -fstack-usage -fcyclomatic-complexity -MMD -MP -MF"Drivers/API/Src/API_debounce.d" -MT"Drivers/API/Src/API_debounce.o" --specs=nano.specs -mfpu=fpv4-sp-d16 -mfloat-abi=hard -mthumb -o "Drivers/API/Src/API_debounce.o"
arm-none-eabi-gcc "../Drivers/API/Src/API_delay.c" -mcpu=cortex-m4 -std=gnu11 -g3 -DDEBUG -DUSE_HAL_DRIVER -DSTM32F446xx -c -I../Core/Inc -I../Drivers/STM32F4xx_HAL_Driver/Inc -I../Drivers/STM32F4xx_HAL_Driver/Inc/Legacy -I../Drivers/CMSIS/Device/ST/STM32F4xx/Include -I../Drivers/CMSIS/Include -I"/home/tomas1908/STM32CubeIDE/workspace_1.19.0/pdm/ej2_p4/Drivers/API/Inc" -I"/home/tomas1908/STM32CubeIDE/workspace_1.19.0/pdm/ej2_p4/Drivers/API/Src" -I"/home/tomas1908/STM32CubeIDE/workspace_1.19.0/pdm/ej2_p4/Drivers/API" -I"/home/tomas1908/STM32CubeIDE/workspace_1.19.0/pdm/ej2_p4/Drivers" -O0 -ffunction-sections -fdata-sections -Wall -fstack-usage -fcyclomatic-complexity -MMD -MP -MF"Drivers/API/Src/API_delay.d" -MT"Drivers/API/Src/API_delay.o" --specs=nano.specs -mfpu=fpv4-sp-d16 -mfloat-abi=hard -mthumb -o "Drivers/API/Src/API_delay.o"
arm-none-eabi-gcc -mcpu=cortex-m4 -g3 -DDEBUG -c -I"/home/tomas1908/STM32CubeIDE/workspace_1.19.0/pdm/ej2_p4/Drivers/API/Inc" -I"/home/tomas1908/STM32CubeIDE/workspace_1.19.0/pdm/ej2_p4/Drivers/API/Src" -I"/home/tomas1908/STM32CubeIDE/workspace_1.19.0/pdm/ej2_p4/Drivers/API" -I"/home/tomas1908/STM32CubeIDE/workspace_1.19.0/pdm/ej2_p4/Drivers" -x assembler-with-cpp -MMD -MP -MF"Core/Startup/startup_stm32f446retx.d" -MT"Core/Startup/startup_stm32f446retx.o" --specs=nano.specs -mfpu=fpv4-sp-d16 -mfloat-abi=hard -mthumb -o "Core/Startup/startup_stm32f446retx.o" "../Core/Startup/startup_stm32f446retx.s"
arm-none-eabi-gcc "../Core/Src/main.c" -mcpu=cortex-m4 -std=gnu11 -g3 -DDEBUG -DUSE_HAL_DRIVER -DSTM32F446xx -c -I../Core/Inc -I../Drivers/STM32F4xx_HAL_Driver/Inc -I../Drivers/STM32F4xx_HAL_Driver/Inc/Legacy -I../Drivers/CMSIS/Device/ST/STM32F4xx/Include -I../Drivers/CMSIS/Include -I"/home/tomas1908/STM32CubeIDE/workspace_1.19.0/pdm/ej2_p4/Drivers/API/Inc" -I"/home/tomas1908/STM32CubeIDE/workspace_1.19.0/pdm/ej2_p4/Drivers/API/Src" -I"/home/tomas1908/STM32CubeIDE/workspace_1.19.0/pdm/ej2_p4/Drivers/API" -I"/home/tomas1908/STM32CubeIDE/workspace_1.19.0/pdm/ej2_p4/Drivers" -O0 -ffunction-sections -fdata-sections -Wall -fstack-usage -fcyclomatic-complexity -MMD -MP -MF"Core/Src/main.d" -MT"Core/Src/main.o" --specs=nano.specs -mfpu=fpv4-sp-d16 -mfloat-abi=hard -mthumb -o "Core/Src/main.o"
arm-none-eabi-gcc "../Core/Src/stm32f4xx_hal_msp.c" -mcpu=cortex-m4 -std=gnu11 -g3 -DDEBUG -DUSE_HAL_DRIVER -DSTM32F446xx -c -I../Core/Inc -I../Drivers/STM32F4xx_HAL_Driver/Inc -I../Drivers/STM32F4xx_HAL_Driver/Inc/Legacy -I../Drivers/CMSIS/Device/ST/STM32F4xx/Include -I../Drivers/CMSIS/Include -I"/home/tomas1908/STM32CubeIDE/workspace_1.19.0/pdm/ej2_p4/Drivers/API/Inc" -I"/home/tomas1908/STM32CubeIDE/workspace_1.19.0/pdm/ej2_p4/Drivers/API/Src" -I"/home/tomas1908/STM32CubeIDE/workspace_1.19.0/pdm/ej2_p4/Drivers/API" -I"/home/tomas1908/STM32CubeIDE/workspace_1.19.0/pdm/ej2_p4/Drivers" -O0 -ffunction-sections -fdata-sections -Wall -fstack-usage -fcyclomatic-complexity -MMD -MP -MF"Core/Src/stm32f4xx_hal_msp.d" -MT"Core/Src/stm32f4xx_hal_msp.o" --specs=nano.specs -mfpu=fpv4-sp-d16 -mfloat-abi=hard -mthumb -o "Core/Src/stm32f4xx_hal_msp.o"
arm-none-eabi-gcc "../Core/Src/stm32f4xx_it.c" -mcpu=cortex-m4 -std=gnu11 -g3 -DDEBUG -DUSE_HAL_DRIVER -DSTM32F446xx -c -I../Core/Inc -I../Drivers/STM32F4xx_HAL_Driver/Inc -I../Drivers/STM32F4xx_HAL_Driver/Inc/Legacy -I../Drivers/CMSIS/Device/ST/STM32F4xx/Include -I../Drivers/CMSIS/Include -I"/home/tomas1908/STM32CubeIDE/workspace_1.19.0/pdm/ej2_p4/Drivers/API/Inc" -I"/home/tomas1908/STM32CubeIDE/workspace_1.19.0/pdm/ej2_p4/Drivers/API/Src" -I"/home/tomas1908/STM32CubeIDE/workspace_1.19.0/pdm/ej2_p4/Drivers/API" -I"/home/tomas1908/STM32CubeIDE/workspace_1.19.0/pdm/ej2_p4/Drivers" -O0 -ffunction-sections -fdata-sections -Wall -fstack-usage -fcyclomatic-complexity -MMD -MP -MF"Core/Src/stm32f4xx_it.d" -MT"Core/Src/stm32f4xx_it.o" --specs=nano.specs -mfpu=fpv4-sp-d16 -mfloat-abi=hard -mthumb -o "Core/Src/stm32f4xx_it.o"
arm-none-eabi-gcc "../Core/Src/syscalls.c" -mcpu=cortex-m4 -std=gnu11 -g3 -DDEBUG -DUSE_HAL_DRIVER -DSTM32F446xx -c -I../Core/Inc -I../Drivers/STM32F4xx_HAL_Driver/Inc -I../Drivers/STM32F4xx_HAL_Driver/Inc/Legacy -I../Drivers/CMSIS/Device/ST/STM32F4xx/Include -I../Drivers/CMSIS/Include -I"/home/tomas1908/STM32CubeIDE/workspace_1.19.0/pdm/ej2_p4/Drivers/API/Inc" -I"/home/tomas1908/STM32CubeIDE/workspace_1.19.0/pdm/ej2_p4/Drivers/API/Src" -I"/home/tomas1908/STM32CubeIDE/workspace_1.19.0/pdm/ej2_p4/Drivers/API" -I"/home/tomas1908/STM32CubeIDE/workspace_1.19.0/pdm/ej2_p4/Drivers" -O0 -ffunction-sections -fdata-sections -Wall -fstack-usage -fcyclomatic-complexity -MMD -MP -MF"Core/Src/syscalls.d" -MT"Core/Src/syscalls.o" --specs=nano.specs -mfpu=fpv4-sp-d16 -mfloat-abi=hard -mthumb -o "Core/Src/syscalls.o"
arm-none-eabi-gcc "../Core/Src/sysmem.c" -mcpu=cortex-m4 -std=gnu11 -g3 -DDEBUG -DUSE_HAL_DRIVER -DSTM32F446xx -c -I../Core/Inc -I../Drivers/STM32F4xx_HAL_Driver/Inc -I../Drivers/STM32F4xx_HAL_Driver/Inc/Legacy -I../Drivers/CMSIS/Device/ST/STM32F4xx/Include -I../Drivers/CMSIS/Include -I"/home/tomas1908/STM32CubeIDE/workspace_1.19.0/pdm/ej2_p4/Drivers/API/Inc" -I"/home/tomas1908/STM32CubeIDE/workspace_1.19.0/pdm/ej2_p4/Drivers/API/Src" -I"/home/tomas1908/STM32CubeIDE/workspace_1.19.0/pdm/ej2_p4/Drivers/API" -I"/home/tomas1908/STM32CubeIDE/workspace_1.19.0/pdm/ej2_p4/Drivers" -O0 -ffunction-sections -fdata-sections -Wall -fstack-usage -fcyclomatic-complexity -MMD -MP -MF"Core/Src/sysmem.d" -MT"Core/Src/sysmem.o" --specs=nano.specs -mfpu=fpv4-sp-d16 -mfloat-abi=hard -mthumb -o "Core/Src/sysmem.o"
arm-none-eabi-gcc "../Core/Src/system_stm32f4xx.c" -mcpu=cortex-m4 -std=gnu11 -g3 -DDEBUG -DUSE_HAL_DRIVER -DSTM32F446xx -c -I../Core/Inc -I../Drivers/STM32F4xx_HAL_Driver/Inc -I../Drivers/STM32F4xx_HAL_Driver/Inc/Legacy -I../Drivers/CMSIS/Device/ST/STM32F4xx/Include -I../Drivers/CMSIS/Include -I"/home/tomas1908/STM32CubeIDE/workspace_1.19.0/pdm/ej2_p4/Drivers/API/Inc" -I"/home/tomas1908/STM32CubeIDE/workspace_1.19.0/pdm/ej2_p4/Drivers/API/Src" -I"/home/tomas1908/STM32CubeIDE/workspace_1.19.0/pdm/ej2_p4/Drivers/API" -I"/home/tomas1908/STM32CubeIDE/workspace_1.19.0/pdm/ej2_p4/Drivers" -O0 -ffunction-sections -fdata-sections -Wall -fstack-usage -fcyclomatic-complexity -MMD -MP -MF"Core/Src/system_stm32f4xx.d" -MT"Core/Src/system_stm32f4xx.o" --specs=nano.specs -mfpu=fpv4-sp-d16 -mfloat-abi=hard -mthumb -o "Core/Src/system_stm32f4xx.o"
arm-none-eabi-gcc -o "ej2_p4.elf" @"objects.list"   -mcpu=cortex-m4 -T"/home/tomas1908/STM32CubeIDE/workspace_1.19.0/pdm/ej2_p4/STM32F446RETX_FLASH.ld" --specs=nosys.specs -Wl,-Map="ej2_p4.map" -Wl,--gc-sections -static --specs=nano.specs -mfpu=fpv4-sp-d16 -mfloat-abi=hard -mthumb -Wl,--start-group -lc -lm -Wl,--end-group
/opt/st/stm32cubeide_1.19.0/plugins/com.st.stm32cube.ide.mcu.externaltools.gnu-tools-for-stm32.13.3.rel1.linux64_1.0.0.202410170706/tools/bin/../lib/gcc/arm-none-eabi/13.3.1/../../../../arm-none-eabi/bin/ld: ./Core/Src/stm32f4xx_hal_msp.o:/home/tomas1908/STM32CubeIDE/workspace_1.19.0/pdm/ej2_p4/Drivers/API/Inc/API_debounce.h:21: multiple definition of `no_noise'; ./Core/Src/main.o:/home/tomas1908/STM32CubeIDE/workspace_1.19.0/pdm/ej2_p4/Drivers/API/Inc/API_debounce.h:21: first defined here
/opt/st/stm32cubeide_1.19.0/plugins/com.st.stm32cube.ide.mcu.externaltools.gnu-tools-for-stm32.13.3.rel1.linux64_1.0.0.202410170706/tools/bin/../lib/gcc/arm-none-eabi/13.3.1/../../../../arm-none-eabi/bin/ld: ./Core/Src/stm32f4xx_it.o:/home/tomas1908/STM32CubeIDE/workspace_1.19.0/pdm/ej2_p4/Drivers/API/Inc/API_debounce.h:21: multiple definition of `no_noise'; ./Core/Src/main.o:/home/tomas1908/STM32CubeIDE/workspace_1.19.0/pdm/ej2_p4/Drivers/API/Inc/API_debounce.h:21: first defined here
/opt/st/stm32cubeide_1.19.0/plugins/com.st.stm32cube.ide.mcu.externaltools.gnu-tools-for-stm32.13.3.rel1.linux64_1.0.0.202410170706/tools/bin/../lib/gcc/arm-none-eabi/13.3.1/../../../../arm-none-eabi/bin/ld: ./Drivers/API/Src/API_debounce.o:/home/tomas1908/STM32CubeIDE/workspace_1.19.0/pdm/ej2_p4/Drivers/API/Inc/API_debounce.h:21: multiple definition of `no_noise'; ./Core/Src/main.o:/home/tomas1908/STM32CubeIDE/workspace_1.19.0/pdm/ej2_p4/Drivers/API/Inc/API_debounce.h:21: first defined here
collect2: error: ld returned 1 exit status
make: *** [makefile:65: ej2_p4.elf] Error 1
"make -j8 all" terminated with exit code 2. Build might be incomplete.
07:15:40 **** Incremental Build of configuration Debug for project ej2_p4 ****
make -j8 all 
arm-none-eabi-gcc -o "ej2_p4.elf" @"objects.list"   -mcpu=cortex-m4 -T"/home/tomas1908/STM32CubeIDE/workspace_1.19.0/pdm/ej2_p4/STM32F446RETX_FLASH.ld" --specs=nosys.specs -Wl,-Map="ej2_p4.map" -Wl,--gc-sections -static --specs=nano.specs -mfpu=fpv4-sp-d16 -mfloat-abi=hard -mthumb -Wl,--start-group -lc -lm -Wl,--end-group
/opt/st/stm32cubeide_1.19.0/plugins/com.st.stm32cube.ide.mcu.externaltools.gnu-tools-for-stm32.13.3.rel1.linux64_1.0.0.202410170706/tools/bin/../lib/gcc/arm-none-eabi/13.3.1/../../../../arm-none-eabi/bin/ld: ./Core/Src/stm32f4xx_hal_msp.o:/home/tomas1908/STM32CubeIDE/workspace_1.19.0/pdm/ej2_p4/Drivers/API/Inc/API_debounce.h:21: multiple definition of `no_noise'; ./Core/Src/main.o:/home/tomas1908/STM32CubeIDE/workspace_1.19.0/pdm/ej2_p4/Drivers/API/Inc/API_debounce.h:21: first defined here
/opt/st/stm32cubeide_1.19.0/plugins/com.st.stm32cube.ide.mcu.externaltools.gnu-tools-for-stm32.13.3.rel1.linux64_1.0.0.202410170706/tools/bin/../lib/gcc/arm-none-eabi/13.3.1/../../../../arm-none-eabi/bin/ld: ./Core/Src/stm32f4xx_it.o:/home/tomas1908/STM32CubeIDE/workspace_1.19.0/pdm/ej2_p4/Drivers/API/Inc/API_debounce.h:21: multiple definition of `no_noise'; ./Core/Src/main.o:/home/tomas1908/STM32CubeIDE/workspace_1.19.0/pdm/ej2_p4/Drivers/API/Inc/API_debounce.h:21: first defined here
/opt/st/stm32cubeide_1.19.0/plugins/com.st.stm32cube.ide.mcu.externaltools.gnu-tools-for-stm32.13.3.rel1.linux64_1.0.0.202410170706/tools/bin/../lib/gcc/arm-none-eabi/13.3.1/../../../../arm-none-eabi/bin/ld: ./Drivers/API/Src/API_debounce.o:/home/tomas1908/STM32CubeIDE/workspace_1.19.0/pdm/ej2_p4/Drivers/API/Inc/API_debounce.h:21: multiple definition of `no_noise'; ./Core/Src/main.o:/home/tomas1908/STM32CubeIDE/workspace_1.19.0/pdm/ej2_p4/Drivers/API/Inc/API_debounce.h:21: first defined here
collect2: error: ld returned 1 exit status
make: *** [makefile:65: ej2_p4.elf] Error 1
"make -j8 all" terminated with exit code 2. Build might be incomplete.
07:16:37 **** Incremental Build of configuration Debug for project ej2_p4 ****
make -j8 all 
arm-none-eabi-gcc "../Drivers/API/Src/API_debounce.c" -mcpu=cortex-m4 -std=gnu11 -g3 -DDEBUG -DUSE_HAL_DRIVER -DSTM32F446xx -c -I../Core/Inc -I../Drivers/STM32F4xx_HAL_Driver/Inc -I../Drivers/STM32F4xx_HAL_Driver/Inc/Legacy -I../Drivers/CMSIS/Device/ST/STM32F4xx/Include -I../Drivers/CMSIS/Include -I"/home/tomas1908/STM32CubeIDE/workspace_1.19.0/pdm/ej2_p4/Drivers/API/Inc" -I"/home/tomas1908/STM32CubeIDE/workspace_1.19.0/pdm/ej2_p4/Drivers/API/Src" -I"/home/tomas1908/STM32CubeIDE/workspace_1.19.0/pdm/ej2_p4/Drivers/API" -I"/home/tomas1908/STM32CubeIDE/workspace_1.19.0/pdm/ej2_p4/Drivers" -O0 -ffunction-sections -fdata-sections -Wall -fstack-usage -fcyclomatic-complexity -MMD -MP -MF"Drivers/API/Src/API_debounce.d" -MT"Drivers/API/Src/API_debounce.o" --specs=nano.specs -mfpu=fpv4-sp-d16 -mfloat-abi=hard -mthumb -o "Drivers/API/Src/API_debounce.o"
arm-none-eabi-gcc "../Core/Src/main.c" -mcpu=cortex-m4 -std=gnu11 -g3 -DDEBUG -DUSE_HAL_DRIVER -DSTM32F446xx -c -I../Core/Inc -I../Drivers/STM32F4xx_HAL_Driver/Inc -I../Drivers/STM32F4xx_HAL_Driver/Inc/Legacy -I../Drivers/CMSIS/Device/ST/STM32F4xx/Include -I../Drivers/CMSIS/Include -I"/home/tomas1908/STM32CubeIDE/workspace_1.19.0/pdm/ej2_p4/Drivers/API/Inc" -I"/home/tomas1908/STM32CubeIDE/workspace_1.19.0/pdm/ej2_p4/Drivers/API/Src" -I"/home/tomas1908/STM32CubeIDE/workspace_1.19.0/pdm/ej2_p4/Drivers/API" -I"/home/tomas1908/STM32CubeIDE/workspace_1.19.0/pdm/ej2_p4/Drivers" -O0 -ffunction-sections -fdata-sections -Wall -fstack-usage -fcyclomatic-complexity -MMD -MP -MF"Core/Src/main.d" -MT"Core/Src/main.o" --specs=nano.specs -mfpu=fpv4-sp-d16 -mfloat-abi=hard -mthumb -o "Core/Src/main.o"
arm-none-eabi-gcc "../Core/Src/stm32f4xx_hal_msp.c" -mcpu=cortex-m4 -std=gnu11 -g3 -DDEBUG -DUSE_HAL_DRIVER -DSTM32F446xx -c -I../Core/Inc -I../Drivers/STM32F4xx_HAL_Driver/Inc -I../Drivers/STM32F4xx_HAL_Driver/Inc/Legacy -I../Drivers/CMSIS/Device/ST/STM32F4xx/Include -I../Drivers/CMSIS/Include -I"/home/tomas1908/STM32CubeIDE/workspace_1.19.0/pdm/ej2_p4/Drivers/API/Inc" -I"/home/tomas1908/STM32CubeIDE/workspace_1.19.0/pdm/ej2_p4/Drivers/API/Src" -I"/home/tomas1908/STM32CubeIDE/workspace_1.19.0/pdm/ej2_p4/Drivers/API" -I"/home/tomas1908/STM32CubeIDE/workspace_1.19.0/pdm/ej2_p4/Drivers" -O0 -ffunction-sections -fdata-sections -Wall -fstack-usage -fcyclomatic-complexity -MMD -MP -MF"Core/Src/stm32f4xx_hal_msp.d" -MT"Core/Src/stm32f4xx_hal_msp.o" --specs=nano.specs -mfpu=fpv4-sp-d16 -mfloat-abi=hard -mthumb -o "Core/Src/stm32f4xx_hal_msp.o"
arm-none-eabi-gcc "../Core/Src/stm32f4xx_it.c" -mcpu=cortex-m4 -std=gnu11 -g3 -DDEBUG -DUSE_HAL_DRIVER -DSTM32F446xx -c -I../Core/Inc -I../Drivers/STM32F4xx_HAL_Driver/Inc -I../Drivers/STM32F4xx_HAL_Driver/Inc/Legacy -I../Drivers/CMSIS/Device/ST/STM32F4xx/Include -I../Drivers/CMSIS/Include -I"/home/tomas1908/STM32CubeIDE/workspace_1.19.0/pdm/ej2_p4/Drivers/API/Inc" -I"/home/tomas1908/STM32CubeIDE/workspace_1.19.0/pdm/ej2_p4/Drivers/API/Src" -I"/home/tomas1908/STM32CubeIDE/workspace_1.19.0/pdm/ej2_p4/Drivers/API" -I"/home/tomas1908/STM32CubeIDE/workspace_1.19.0/pdm/ej2_p4/Drivers" -O0 -ffunction-sections -fdata-sections -Wall -fstack-usage -fcyclomatic-complexity -MMD -MP -MF"Core/Src/stm32f4xx_it.d" -MT"Core/Src/stm32f4xx_it.o" --specs=nano.specs -mfpu=fpv4-sp-d16 -mfloat-abi=hard -mthumb -o "Core/Src/stm32f4xx_it.o"
../Drivers/API/Src/API_debounce.c: In function 'debounceFSM_update':
../Drivers/API/Src/API_debounce.c:20:31: warning: implicit declaration of function 'HAL_GPIO_ReadPin' [-Wimplicit-function-declaration]
   20 |         uint32_t Button_state=HAL_GPIO_ReadPin(GPIOC, GPIO_PIN_13);
      |                               ^~~~~~~~~~~~~~~~
../Drivers/API/Src/API_debounce.c:20:48: error: 'GPIOC' undeclared (first use in this function)
   20 |         uint32_t Button_state=HAL_GPIO_ReadPin(GPIOC, GPIO_PIN_13);
      |                                                ^~~~~
../Drivers/API/Src/API_debounce.c:20:48: note: each undeclared identifier is reported only once for each function it appears in
../Drivers/API/Src/API_debounce.c:20:55: error: 'GPIO_PIN_13' undeclared (first use in this function)
   20 |         uint32_t Button_state=HAL_GPIO_ReadPin(GPIOC, GPIO_PIN_13);
      |                                                       ^~~~~~~~~~~
../Drivers/API/Src/API_debounce.c:24:42: error: 'GPIO_PIN_RESET' undeclared (first use in this function)
   24 |                         if(Button_state==GPIO_PIN_RESET){
      |                                          ^~~~~~~~~~~~~~
../Drivers/API/Src/API_debounce.c:31:42: error: 'GPIO_PIN_SET' undeclared (first use in this function)
   31 |                         if(Button_state==GPIO_PIN_SET){
      |                                          ^~~~~~~~~~~~
../Drivers/API/Src/API_debounce.c: In function 'buttonPressed':
../Drivers/API/Src/API_debounce.c:56:9: warning: implicit declaration of function 'HAL_GPIO_WritePin' [-Wimplicit-function-declaration]
   56 |         HAL_GPIO_WritePin(GPIOA, GPIO_PIN_5, 1);
      |         ^~~~~~~~~~~~~~~~~
../Drivers/API/Src/API_debounce.c:56:27: error: 'GPIOA' undeclared (first use in this function)
   56 |         HAL_GPIO_WritePin(GPIOA, GPIO_PIN_5, 1);
      |                           ^~~~~
../Drivers/API/Src/API_debounce.c:56:34: error: 'GPIO_PIN_5' undeclared (first use in this function)
   56 |         HAL_GPIO_WritePin(GPIOA, GPIO_PIN_5, 1);
      |                                  ^~~~~~~~~~
../Drivers/API/Src/API_debounce.c: In function 'buttonReleased':
../Drivers/API/Src/API_debounce.c:59:27: error: 'GPIOA' undeclared (first use in this function)
   59 |         HAL_GPIO_WritePin(GPIOA, GPIO_PIN_5, 0);
      |                           ^~~~~
../Drivers/API/Src/API_debounce.c:59:34: error: 'GPIO_PIN_5' undeclared (first use in this function)
   59 |         HAL_GPIO_WritePin(GPIOA, GPIO_PIN_5, 0);
      |                                  ^~~~~~~~~~
make: *** [Drivers/API/Src/subdir.mk:22: Drivers/API/Src/API_debounce.o] Error 1
make: *** Waiting for unfinished jobs....
"make -j8 all" terminated with exit code 2. Build might be incomplete.
07:17:23 **** Incremental Build of configuration Debug for project ej2_p4 ****
make -j8 all 
arm-none-eabi-gcc "../Drivers/API/Src/API_debounce.c" -mcpu=cortex-m4 -std=gnu11 -g3 -DDEBUG -DUSE_HAL_DRIVER -DSTM32F446xx -c -I../Core/Inc -I../Drivers/STM32F4xx_HAL_Driver/Inc -I../Drivers/STM32F4xx_HAL_Driver/Inc/Legacy -I../Drivers/CMSIS/Device/ST/STM32F4xx/Include -I../Drivers/CMSIS/Include -I"/home/tomas1908/STM32CubeIDE/workspace_1.19.0/pdm/ej2_p4/Drivers/API/Inc" -I"/home/tomas1908/STM32CubeIDE/workspace_1.19.0/pdm/ej2_p4/Drivers/API/Src" -I"/home/tomas1908/STM32CubeIDE/workspace_1.19.0/pdm/ej2_p4/Drivers/API" -I"/home/tomas1908/STM32CubeIDE/workspace_1.19.0/pdm/ej2_p4/Drivers" -O0 -ffunction-sections -fdata-sections -Wall -fstack-usage -fcyclomatic-complexity -MMD -MP -MF"Drivers/API/Src/API_debounce.d" -MT"Drivers/API/Src/API_debounce.o" --specs=nano.specs -mfpu=fpv4-sp-d16 -mfloat-abi=hard -mthumb -o "Drivers/API/Src/API_debounce.o"
arm-none-eabi-gcc "../Core/Src/main.c" -mcpu=cortex-m4 -std=gnu11 -g3 -DDEBUG -DUSE_HAL_DRIVER -DSTM32F446xx -c -I../Core/Inc -I../Drivers/STM32F4xx_HAL_Driver/Inc -I../Drivers/STM32F4xx_HAL_Driver/Inc/Legacy -I../Drivers/CMSIS/Device/ST/STM32F4xx/Include -I../Drivers/CMSIS/Include -I"/home/tomas1908/STM32CubeIDE/workspace_1.19.0/pdm/ej2_p4/Drivers/API/Inc" -I"/home/tomas1908/STM32CubeIDE/workspace_1.19.0/pdm/ej2_p4/Drivers/API/Src" -I"/home/tomas1908/STM32CubeIDE/workspace_1.19.0/pdm/ej2_p4/Drivers/API" -I"/home/tomas1908/STM32CubeIDE/workspace_1.19.0/pdm/ej2_p4/Drivers" -O0 -ffunction-sections -fdata-sections -Wall -fstack-usage -fcyclomatic-complexity -MMD -MP -MF"Core/Src/main.d" -MT"Core/Src/main.o" --specs=nano.specs -mfpu=fpv4-sp-d16 -mfloat-abi=hard -mthumb -o "Core/Src/main.o"
arm-none-eabi-gcc "../Core/Src/stm32f4xx_hal_msp.c" -mcpu=cortex-m4 -std=gnu11 -g3 -DDEBUG -DUSE_HAL_DRIVER -DSTM32F446xx -c -I../Core/Inc -I../Drivers/STM32F4xx_HAL_Driver/Inc -I../Drivers/STM32F4xx_HAL_Driver/Inc/Legacy -I../Drivers/CMSIS/Device/ST/STM32F4xx/Include -I../Drivers/CMSIS/Include -I"/home/tomas1908/STM32CubeIDE/workspace_1.19.0/pdm/ej2_p4/Drivers/API/Inc" -I"/home/tomas1908/STM32CubeIDE/workspace_1.19.0/pdm/ej2_p4/Drivers/API/Src" -I"/home/tomas1908/STM32CubeIDE/workspace_1.19.0/pdm/ej2_p4/Drivers/API" -I"/home/tomas1908/STM32CubeIDE/workspace_1.19.0/pdm/ej2_p4/Drivers" -O0 -ffunction-sections -fdata-sections -Wall -fstack-usage -fcyclomatic-complexity -MMD -MP -MF"Core/Src/stm32f4xx_hal_msp.d" -MT"Core/Src/stm32f4xx_hal_msp.o" --specs=nano.specs -mfpu=fpv4-sp-d16 -mfloat-abi=hard -mthumb -o "Core/Src/stm32f4xx_hal_msp.o"
arm-none-eabi-gcc "../Core/Src/stm32f4xx_it.c" -mcpu=cortex-m4 -std=gnu11 -g3 -DDEBUG -DUSE_HAL_DRIVER -DSTM32F446xx -c -I../Core/Inc -I../Drivers/STM32F4xx_HAL_Driver/Inc -I../Drivers/STM32F4xx_HAL_Driver/Inc/Legacy -I../Drivers/CMSIS/Device/ST/STM32F4xx/Include -I../Drivers/CMSIS/Include -I"/home/tomas1908/STM32CubeIDE/workspace_1.19.0/pdm/ej2_p4/Drivers/API/Inc" -I"/home/tomas1908/STM32CubeIDE/workspace_1.19.0/pdm/ej2_p4/Drivers/API/Src" -I"/home/tomas1908/STM32CubeIDE/workspace_1.19.0/pdm/ej2_p4/Drivers/API" -I"/home/tomas1908/STM32CubeIDE/workspace_1.19.0/pdm/ej2_p4/Drivers" -O0 -ffunction-sections -fdata-sections -Wall -fstack-usage -fcyclomatic-complexity -MMD -MP -MF"Core/Src/stm32f4xx_it.d" -MT"Core/Src/stm32f4xx_it.o" --specs=nano.specs -mfpu=fpv4-sp-d16 -mfloat-abi=hard -mthumb -o "Core/Src/stm32f4xx_it.o"
arm-none-eabi-gcc -o "ej2_p4.elf" @"objects.list"   -mcpu=cortex-m4 -T"/home/tomas1908/STM32CubeIDE/workspace_1.19.0/pdm/ej2_p4/STM32F446RETX_FLASH.ld" --specs=nosys.specs -Wl,-Map="ej2_p4.map" -Wl,--gc-sections -static --specs=nano.specs -mfpu=fpv4-sp-d16 -mfloat-abi=hard -mthumb -Wl,--start-group -lc -lm -Wl,--end-group
/opt/st/stm32cubeide_1.19.0/plugins/com.st.stm32cube.ide.mcu.externaltools.gnu-tools-for-stm32.13.3.rel1.linux64_1.0.0.202410170706/tools/bin/../lib/gcc/arm-none-eabi/13.3.1/../../../../arm-none-eabi/bin/ld: ./Core/Src/stm32f4xx_hal_msp.o:/home/tomas1908/STM32CubeIDE/workspace_1.19.0/pdm/ej2_p4/Drivers/API/Inc/API_debounce.h:22: multiple definition of `no_noise'; ./Core/Src/main.o:/home/tomas1908/STM32CubeIDE/workspace_1.19.0/pdm/ej2_p4/Drivers/API/Inc/API_debounce.h:22: first defined here
/opt/st/stm32cubeide_1.19.0/plugins/com.st.stm32cube.ide.mcu.externaltools.gnu-tools-for-stm32.13.3.rel1.linux64_1.0.0.202410170706/tools/bin/../lib/gcc/arm-none-eabi/13.3.1/../../../../arm-none-eabi/bin/ld: ./Core/Src/stm32f4xx_it.o:/home/tomas1908/STM32CubeIDE/workspace_1.19.0/pdm/ej2_p4/Drivers/API/Inc/API_debounce.h:22: multiple definition of `no_noise'; ./Core/Src/main.o:/home/tomas1908/STM32CubeIDE/workspace_1.19.0/pdm/ej2_p4/Drivers/API/Inc/API_debounce.h:22: first defined here
/opt/st/stm32cubeide_1.19.0/plugins/com.st.stm32cube.ide.mcu.externaltools.gnu-tools-for-stm32.13.3.rel1.linux64_1.0.0.202410170706/tools/bin/../lib/gcc/arm-none-eabi/13.3.1/../../../../arm-none-eabi/bin/ld: ./Drivers/API/Src/API_debounce.o:/home/tomas1908/STM32CubeIDE/workspace_1.19.0/pdm/ej2_p4/Drivers/API/Inc/API_debounce.h:22: multiple definition of `no_noise'; ./Core/Src/main.o:/home/tomas1908/STM32CubeIDE/workspace_1.19.0/pdm/ej2_p4/Drivers/API/Inc/API_debounce.h:22: first defined here
collect2: error: ld returned 1 exit status
make: *** [makefile:65: ej2_p4.elf] Error 1
"make -j8 all" terminated with exit code 2. Build might be incomplete.
07:17:55 **** Incremental Build of configuration Debug for project ej2_p4 ****
make -j8 all 
arm-none-eabi-gcc "../Drivers/API/Src/API_debounce.c" -mcpu=cortex-m4 -std=gnu11 -g3 -DDEBUG -DUSE_HAL_DRIVER -DSTM32F446xx -c -I../Core/Inc -I../Drivers/STM32F4xx_HAL_Driver/Inc -I../Drivers/STM32F4xx_HAL_Driver/Inc/Legacy -I../Drivers/CMSIS/Device/ST/STM32F4xx/Include -I../Drivers/CMSIS/Include -I"/home/tomas1908/STM32CubeIDE/workspace_1.19.0/pdm/ej2_p4/Drivers/API/Inc" -I"/home/tomas1908/STM32CubeIDE/workspace_1.19.0/pdm/ej2_p4/Drivers/API/Src" -I"/home/tomas1908/STM32CubeIDE/workspace_1.19.0/pdm/ej2_p4/Drivers/API" -I"/home/tomas1908/STM32CubeIDE/workspace_1.19.0/pdm/ej2_p4/Drivers" -O0 -ffunction-sections -fdata-sections -Wall -fstack-usage -fcyclomatic-complexity -MMD -MP -MF"Drivers/API/Src/API_debounce.d" -MT"Drivers/API/Src/API_debounce.o" --specs=nano.specs -mfpu=fpv4-sp-d16 -mfloat-abi=hard -mthumb -o "Drivers/API/Src/API_debounce.o"
arm-none-eabi-gcc -o "ej2_p4.elf" @"objects.list"   -mcpu=cortex-m4 -T"/home/tomas1908/STM32CubeIDE/workspace_1.19.0/pdm/ej2_p4/STM32F446RETX_FLASH.ld" --specs=nosys.specs -Wl,-Map="ej2_p4.map" -Wl,--gc-sections -static --specs=nano.specs -mfpu=fpv4-sp-d16 -mfloat-abi=hard -mthumb -Wl,--start-group -lc -lm -Wl,--end-group
/opt/st/stm32cubeide_1.19.0/plugins/com.st.stm32cube.ide.mcu.externaltools.gnu-tools-for-stm32.13.3.rel1.linux64_1.0.0.202410170706/tools/bin/../lib/gcc/arm-none-eabi/13.3.1/../../../../arm-none-eabi/bin/ld: ./Core/Src/stm32f4xx_hal_msp.o:/home/tomas1908/STM32CubeIDE/workspace_1.19.0/pdm/ej2_p4/Drivers/API/Inc/API_debounce.h:22: multiple definition of `no_noise'; ./Core/Src/main.o:/home/tomas1908/STM32CubeIDE/workspace_1.19.0/pdm/ej2_p4/Drivers/API/Inc/API_debounce.h:22: first defined here
/opt/st/stm32cubeide_1.19.0/plugins/com.st.stm32cube.ide.mcu.externaltools.gnu-tools-for-stm32.13.3.rel1.linux64_1.0.0.202410170706/tools/bin/../lib/gcc/arm-none-eabi/13.3.1/../../../../arm-none-eabi/bin/ld: ./Core/Src/stm32f4xx_it.o:/home/tomas1908/STM32CubeIDE/workspace_1.19.0/pdm/ej2_p4/Drivers/API/Inc/API_debounce.h:22: multiple definition of `no_noise'; ./Core/Src/main.o:/home/tomas1908/STM32CubeIDE/workspace_1.19.0/pdm/ej2_p4/Drivers/API/Inc/API_debounce.h:22: first defined here
/opt/st/stm32cubeide_1.19.0/plugins/com.st.stm32cube.ide.mcu.externaltools.gnu-tools-for-stm32.13.3.rel1.linux64_1.0.0.202410170706/tools/bin/../lib/gcc/arm-none-eabi/13.3.1/../../../../arm-none-eabi/bin/ld: ./Drivers/API/Src/API_debounce.o:/home/tomas1908/STM32CubeIDE/workspace_1.19.0/pdm/ej2_p4/Drivers/API/Inc/API_debounce.h:22: multiple definition of `no_noise'; ./Core/Src/main.o:/home/tomas1908/STM32CubeIDE/workspace_1.19.0/pdm/ej2_p4/Drivers/API/Inc/API_debounce.h:22: first defined here
collect2: error: ld returned 1 exit status
make: *** [makefile:65: ej2_p4.elf] Error 1
"make -j8 all" terminated with exit code 2. Build might be incomplete.
07:18:12 **** Incremental Build of configuration Debug for project ej2_p4 ****
make -j8 all 
arm-none-eabi-gcc "../Drivers/API/Src/API_debounce.c" -mcpu=cortex-m4 -std=gnu11 -g3 -DDEBUG -DUSE_HAL_DRIVER -DSTM32F446xx -c -I../Core/Inc -I../Drivers/STM32F4xx_HAL_Driver/Inc -I../Drivers/STM32F4xx_HAL_Driver/Inc/Legacy -I../Drivers/CMSIS/Device/ST/STM32F4xx/Include -I../Drivers/CMSIS/Include -I"/home/tomas1908/STM32CubeIDE/workspace_1.19.0/pdm/ej2_p4/Drivers/API/Inc" -I"/home/tomas1908/STM32CubeIDE/workspace_1.19.0/pdm/ej2_p4/Drivers/API/Src" -I"/home/tomas1908/STM32CubeIDE/workspace_1.19.0/pdm/ej2_p4/Drivers/API" -I"/home/tomas1908/STM32CubeIDE/workspace_1.19.0/pdm/ej2_p4/Drivers" -O0 -ffunction-sections -fdata-sections -Wall -fstack-usage -fcyclomatic-complexity -MMD -MP -MF"Drivers/API/Src/API_debounce.d" -MT"Drivers/API/Src/API_debounce.o" --specs=nano.specs -mfpu=fpv4-sp-d16 -mfloat-abi=hard -mthumb -o "Drivers/API/Src/API_debounce.o"
arm-none-eabi-gcc "../Core/Src/main.c" -mcpu=cortex-m4 -std=gnu11 -g3 -DDEBUG -DUSE_HAL_DRIVER -DSTM32F446xx -c -I../Core/Inc -I../Drivers/STM32F4xx_HAL_Driver/Inc -I../Drivers/STM32F4xx_HAL_Driver/Inc/Legacy -I../Drivers/CMSIS/Device/ST/STM32F4xx/Include -I../Drivers/CMSIS/Include -I"/home/tomas1908/STM32CubeIDE/workspace_1.19.0/pdm/ej2_p4/Drivers/API/Inc" -I"/home/tomas1908/STM32CubeIDE/workspace_1.19.0/pdm/ej2_p4/Drivers/API/Src" -I"/home/tomas1908/STM32CubeIDE/workspace_1.19.0/pdm/ej2_p4/Drivers/API" -I"/home/tomas1908/STM32CubeIDE/workspace_1.19.0/pdm/ej2_p4/Drivers" -O0 -ffunction-sections -fdata-sections -Wall -fstack-usage -fcyclomatic-complexity -MMD -MP -MF"Core/Src/main.d" -MT"Core/Src/main.o" --specs=nano.specs -mfpu=fpv4-sp-d16 -mfloat-abi=hard -mthumb -o "Core/Src/main.o"
arm-none-eabi-gcc "../Core/Src/stm32f4xx_hal_msp.c" -mcpu=cortex-m4 -std=gnu11 -g3 -DDEBUG -DUSE_HAL_DRIVER -DSTM32F446xx -c -I../Core/Inc -I../Drivers/STM32F4xx_HAL_Driver/Inc -I../Drivers/STM32F4xx_HAL_Driver/Inc/Legacy -I../Drivers/CMSIS/Device/ST/STM32F4xx/Include -I../Drivers/CMSIS/Include -I"/home/tomas1908/STM32CubeIDE/workspace_1.19.0/pdm/ej2_p4/Drivers/API/Inc" -I"/home/tomas1908/STM32CubeIDE/workspace_1.19.0/pdm/ej2_p4/Drivers/API/Src" -I"/home/tomas1908/STM32CubeIDE/workspace_1.19.0/pdm/ej2_p4/Drivers/API" -I"/home/tomas1908/STM32CubeIDE/workspace_1.19.0/pdm/ej2_p4/Drivers" -O0 -ffunction-sections -fdata-sections -Wall -fstack-usage -fcyclomatic-complexity -MMD -MP -MF"Core/Src/stm32f4xx_hal_msp.d" -MT"Core/Src/stm32f4xx_hal_msp.o" --specs=nano.specs -mfpu=fpv4-sp-d16 -mfloat-abi=hard -mthumb -o "Core/Src/stm32f4xx_hal_msp.o"
arm-none-eabi-gcc "../Core/Src/stm32f4xx_it.c" -mcpu=cortex-m4 -std=gnu11 -g3 -DDEBUG -DUSE_HAL_DRIVER -DSTM32F446xx -c -I../Core/Inc -I../Drivers/STM32F4xx_HAL_Driver/Inc -I../Drivers/STM32F4xx_HAL_Driver/Inc/Legacy -I../Drivers/CMSIS/Device/ST/STM32F4xx/Include -I../Drivers/CMSIS/Include -I"/home/tomas1908/STM32CubeIDE/workspace_1.19.0/pdm/ej2_p4/Drivers/API/Inc" -I"/home/tomas1908/STM32CubeIDE/workspace_1.19.0/pdm/ej2_p4/Drivers/API/Src" -I"/home/tomas1908/STM32CubeIDE/workspace_1.19.0/pdm/ej2_p4/Drivers/API" -I"/home/tomas1908/STM32CubeIDE/workspace_1.19.0/pdm/ej2_p4/Drivers" -O0 -ffunction-sections -fdata-sections -Wall -fstack-usage -fcyclomatic-complexity -MMD -MP -MF"Core/Src/stm32f4xx_it.d" -MT"Core/Src/stm32f4xx_it.o" --specs=nano.specs -mfpu=fpv4-sp-d16 -mfloat-abi=hard -mthumb -o "Core/Src/stm32f4xx_it.o"
In file included from ../Drivers/API/Src/API_debounce.c:8:
/home/tomas1908/STM32CubeIDE/workspace_1.19.0/pdm/ej2_p4/Drivers/API/Inc/API_debounce.h:21:7: error: unknown type name 'tick_t'
   21 | const tick_t no_noise=40;
      |       ^~~~~~
make: *** [Drivers/API/Src/subdir.mk:22: Drivers/API/Src/API_debounce.o] Error 1
make: *** Waiting for unfinished jobs....
"make -j8 all" terminated with exit code 2. Build might be incomplete.
07:18:38 **** Incremental Build of configuration Debug for project ej2_p4 ****
make -j8 all 
arm-none-eabi-gcc "../Drivers/API/Src/API_debounce.c" -mcpu=cortex-m4 -std=gnu11 -g3 -DDEBUG -DUSE_HAL_DRIVER -DSTM32F446xx -c -I../Core/Inc -I../Drivers/STM32F4xx_HAL_Driver/Inc -I../Drivers/STM32F4xx_HAL_Driver/Inc/Legacy -I../Drivers/CMSIS/Device/ST/STM32F4xx/Include -I../Drivers/CMSIS/Include -I"/home/tomas1908/STM32CubeIDE/workspace_1.19.0/pdm/ej2_p4/Drivers/API/Inc" -I"/home/tomas1908/STM32CubeIDE/workspace_1.19.0/pdm/ej2_p4/Drivers/API/Src" -I"/home/tomas1908/STM32CubeIDE/workspace_1.19.0/pdm/ej2_p4/Drivers/API" -I"/home/tomas1908/STM32CubeIDE/workspace_1.19.0/pdm/ej2_p4/Drivers" -O0 -ffunction-sections -fdata-sections -Wall -fstack-usage -fcyclomatic-complexity -MMD -MP -MF"Drivers/API/Src/API_debounce.d" -MT"Drivers/API/Src/API_debounce.o" --specs=nano.specs -mfpu=fpv4-sp-d16 -mfloat-abi=hard -mthumb -o "Drivers/API/Src/API_debounce.o"
arm-none-eabi-gcc "../Core/Src/main.c" -mcpu=cortex-m4 -std=gnu11 -g3 -DDEBUG -DUSE_HAL_DRIVER -DSTM32F446xx -c -I../Core/Inc -I../Drivers/STM32F4xx_HAL_Driver/Inc -I../Drivers/STM32F4xx_HAL_Driver/Inc/Legacy -I../Drivers/CMSIS/Device/ST/STM32F4xx/Include -I../Drivers/CMSIS/Include -I"/home/tomas1908/STM32CubeIDE/workspace_1.19.0/pdm/ej2_p4/Drivers/API/Inc" -I"/home/tomas1908/STM32CubeIDE/workspace_1.19.0/pdm/ej2_p4/Drivers/API/Src" -I"/home/tomas1908/STM32CubeIDE/workspace_1.19.0/pdm/ej2_p4/Drivers/API" -I"/home/tomas1908/STM32CubeIDE/workspace_1.19.0/pdm/ej2_p4/Drivers" -O0 -ffunction-sections -fdata-sections -Wall -fstack-usage -fcyclomatic-complexity -MMD -MP -MF"Core/Src/main.d" -MT"Core/Src/main.o" --specs=nano.specs -mfpu=fpv4-sp-d16 -mfloat-abi=hard -mthumb -o "Core/Src/main.o"
arm-none-eabi-gcc "../Core/Src/stm32f4xx_hal_msp.c" -mcpu=cortex-m4 -std=gnu11 -g3 -DDEBUG -DUSE_HAL_DRIVER -DSTM32F446xx -c -I../Core/Inc -I../Drivers/STM32F4xx_HAL_Driver/Inc -I../Drivers/STM32F4xx_HAL_Driver/Inc/Legacy -I../Drivers/CMSIS/Device/ST/STM32F4xx/Include -I../Drivers/CMSIS/Include -I"/home/tomas1908/STM32CubeIDE/workspace_1.19.0/pdm/ej2_p4/Drivers/API/Inc" -I"/home/tomas1908/STM32CubeIDE/workspace_1.19.0/pdm/ej2_p4/Drivers/API/Src" -I"/home/tomas1908/STM32CubeIDE/workspace_1.19.0/pdm/ej2_p4/Drivers/API" -I"/home/tomas1908/STM32CubeIDE/workspace_1.19.0/pdm/ej2_p4/Drivers" -O0 -ffunction-sections -fdata-sections -Wall -fstack-usage -fcyclomatic-complexity -MMD -MP -MF"Core/Src/stm32f4xx_hal_msp.d" -MT"Core/Src/stm32f4xx_hal_msp.o" --specs=nano.specs -mfpu=fpv4-sp-d16 -mfloat-abi=hard -mthumb -o "Core/Src/stm32f4xx_hal_msp.o"
arm-none-eabi-gcc "../Core/Src/stm32f4xx_it.c" -mcpu=cortex-m4 -std=gnu11 -g3 -DDEBUG -DUSE_HAL_DRIVER -DSTM32F446xx -c -I../Core/Inc -I../Drivers/STM32F4xx_HAL_Driver/Inc -I../Drivers/STM32F4xx_HAL_Driver/Inc/Legacy -I../Drivers/CMSIS/Device/ST/STM32F4xx/Include -I../Drivers/CMSIS/Include -I"/home/tomas1908/STM32CubeIDE/workspace_1.19.0/pdm/ej2_p4/Drivers/API/Inc" -I"/home/tomas1908/STM32CubeIDE/workspace_1.19.0/pdm/ej2_p4/Drivers/API/Src" -I"/home/tomas1908/STM32CubeIDE/workspace_1.19.0/pdm/ej2_p4/Drivers/API" -I"/home/tomas1908/STM32CubeIDE/workspace_1.19.0/pdm/ej2_p4/Drivers" -O0 -ffunction-sections -fdata-sections -Wall -fstack-usage -fcyclomatic-complexity -MMD -MP -MF"Core/Src/stm32f4xx_it.d" -MT"Core/Src/stm32f4xx_it.o" --specs=nano.specs -mfpu=fpv4-sp-d16 -mfloat-abi=hard -mthumb -o "Core/Src/stm32f4xx_it.o"
arm-none-eabi-gcc -o "ej2_p4.elf" @"objects.list"   -mcpu=cortex-m4 -T"/home/tomas1908/STM32CubeIDE/workspace_1.19.0/pdm/ej2_p4/STM32F446RETX_FLASH.ld" --specs=nosys.specs -Wl,-Map="ej2_p4.map" -Wl,--gc-sections -static --specs=nano.specs -mfpu=fpv4-sp-d16 -mfloat-abi=hard -mthumb -Wl,--start-group -lc -lm -Wl,--end-group
Finished building target: ej2_p4.elf
 
arm-none-eabi-size  ej2_p4.elf 
arm-none-eabi-objdump -h -S ej2_p4.elf  > "ej2_p4.list"
   text	   data	    bss	    dec	    hex	filename
   6928	     12	   1588	   8528	   2150	ej2_p4.elf
Finished building: default.size.stdout
 
Finished building: ej2_p4.list
 
07:18:54 **** Incremental Build of configuration Debug for project ej2_p4 ****
make -j8 all 
arm-none-eabi-size  ej2_p4.elf 
   text	   data	    bss	    dec	    hex	filename
   6928	     12	   1588	   8528	   2150	ej2_p4.elf
Finished building: default.size.stdout
 
07:26:29 **** Incremental Build of configuration Debug for project ej2_p4 ****
make -j8 all 
arm-none-eabi-gcc "../Drivers/API/Src/API_debounce.c" -mcpu=cortex-m4 -std=gnu11 -g3 -DDEBUG -DUSE_HAL_DRIVER -DSTM32F446xx -c -I../Core/Inc -I../Drivers/STM32F4xx_HAL_Driver/Inc -I../Drivers/STM32F4xx_HAL_Driver/Inc/Legacy -I../Drivers/CMSIS/Device/ST/STM32F4xx/Include -I../Drivers/CMSIS/Include -I"/home/tomas1908/STM32CubeIDE/workspace_1.19.0/pdm/ej2_p4/Drivers/API/Inc" -I"/home/tomas1908/STM32CubeIDE/workspace_1.19.0/pdm/ej2_p4/Drivers/API/Src" -I"/home/tomas1908/STM32CubeIDE/workspace_1.19.0/pdm/ej2_p4/Drivers/API" -I"/home/tomas1908/STM32CubeIDE/workspace_1.19.0/pdm/ej2_p4/Drivers" -O0 -ffunction-sections -fdata-sections -Wall -fstack-usage -fcyclomatic-complexity -MMD -MP -MF"Drivers/API/Src/API_debounce.d" -MT"Drivers/API/Src/API_debounce.o" --specs=nano.specs -mfpu=fpv4-sp-d16 -mfloat-abi=hard -mthumb -o "Drivers/API/Src/API_debounce.o"
arm-none-eabi-gcc "../Core/Src/main.c" -mcpu=cortex-m4 -std=gnu11 -g3 -DDEBUG -DUSE_HAL_DRIVER -DSTM32F446xx -c -I../Core/Inc -I../Drivers/STM32F4xx_HAL_Driver/Inc -I../Drivers/STM32F4xx_HAL_Driver/Inc/Legacy -I../Drivers/CMSIS/Device/ST/STM32F4xx/Include -I../Drivers/CMSIS/Include -I"/home/tomas1908/STM32CubeIDE/workspace_1.19.0/pdm/ej2_p4/Drivers/API/Inc" -I"/home/tomas1908/STM32CubeIDE/workspace_1.19.0/pdm/ej2_p4/Drivers/API/Src" -I"/home/tomas1908/STM32CubeIDE/workspace_1.19.0/pdm/ej2_p4/Drivers/API" -I"/home/tomas1908/STM32CubeIDE/workspace_1.19.0/pdm/ej2_p4/Drivers" -O0 -ffunction-sections -fdata-sections -Wall -fstack-usage -fcyclomatic-complexity -MMD -MP -MF"Core/Src/main.d" -MT"Core/Src/main.o" --specs=nano.specs -mfpu=fpv4-sp-d16 -mfloat-abi=hard -mthumb -o "Core/Src/main.o"
arm-none-eabi-gcc "../Core/Src/stm32f4xx_hal_msp.c" -mcpu=cortex-m4 -std=gnu11 -g3 -DDEBUG -DUSE_HAL_DRIVER -DSTM32F446xx -c -I../Core/Inc -I../Drivers/STM32F4xx_HAL_Driver/Inc -I../Drivers/STM32F4xx_HAL_Driver/Inc/Legacy -I../Drivers/CMSIS/Device/ST/STM32F4xx/Include -I../Drivers/CMSIS/Include -I"/home/tomas1908/STM32CubeIDE/workspace_1.19.0/pdm/ej2_p4/Drivers/API/Inc" -I"/home/tomas1908/STM32CubeIDE/workspace_1.19.0/pdm/ej2_p4/Drivers/API/Src" -I"/home/tomas1908/STM32CubeIDE/workspace_1.19.0/pdm/ej2_p4/Drivers/API" -I"/home/tomas1908/STM32CubeIDE/workspace_1.19.0/pdm/ej2_p4/Drivers" -O0 -ffunction-sections -fdata-sections -Wall -fstack-usage -fcyclomatic-complexity -MMD -MP -MF"Core/Src/stm32f4xx_hal_msp.d" -MT"Core/Src/stm32f4xx_hal_msp.o" --specs=nano.specs -mfpu=fpv4-sp-d16 -mfloat-abi=hard -mthumb -o "Core/Src/stm32f4xx_hal_msp.o"
arm-none-eabi-gcc "../Core/Src/stm32f4xx_it.c" -mcpu=cortex-m4 -std=gnu11 -g3 -DDEBUG -DUSE_HAL_DRIVER -DSTM32F446xx -c -I../Core/Inc -I../Drivers/STM32F4xx_HAL_Driver/Inc -I../Drivers/STM32F4xx_HAL_Driver/Inc/Legacy -I../Drivers/CMSIS/Device/ST/STM32F4xx/Include -I../Drivers/CMSIS/Include -I"/home/tomas1908/STM32CubeIDE/workspace_1.19.0/pdm/ej2_p4/Drivers/API/Inc" -I"/home/tomas1908/STM32CubeIDE/workspace_1.19.0/pdm/ej2_p4/Drivers/API/Src" -I"/home/tomas1908/STM32CubeIDE/workspace_1.19.0/pdm/ej2_p4/Drivers/API" -I"/home/tomas1908/STM32CubeIDE/workspace_1.19.0/pdm/ej2_p4/Drivers" -O0 -ffunction-sections -fdata-sections -Wall -fstack-usage -fcyclomatic-complexity -MMD -MP -MF"Core/Src/stm32f4xx_it.d" -MT"Core/Src/stm32f4xx_it.o" --specs=nano.specs -mfpu=fpv4-sp-d16 -mfloat-abi=hard -mthumb -o "Core/Src/stm32f4xx_it.o"
arm-none-eabi-gcc -o "ej2_p4.elf" @"objects.list"   -mcpu=cortex-m4 -T"/home/tomas1908/STM32CubeIDE/workspace_1.19.0/pdm/ej2_p4/STM32F446RETX_FLASH.ld" --specs=nosys.specs -Wl,-Map="ej2_p4.map" -Wl,--gc-sections -static --specs=nano.specs -mfpu=fpv4-sp-d16 -mfloat-abi=hard -mthumb -Wl,--start-group -lc -lm -Wl,--end-group
Finished building target: ej2_p4.elf
 
arm-none-eabi-size  ej2_p4.elf 
arm-none-eabi-objdump -h -S ej2_p4.elf  > "ej2_p4.list"
   text	   data	    bss	    dec	    hex	filename
   6572	     12	   1572	   8156	   1fdc	ej2_p4.elf
Finished building: default.size.stdout
 
Finished building: ej2_p4.list
 
07:26:36 **** Incremental Build of configuration Debug for project ej2_p4 ****
make -j8 all 
arm-none-eabi-size  ej2_p4.elf 
   text	   data	    bss	    dec	    hex	filename
   6572	     12	   1572	   8156	   1fdc	ej2_p4.elf
Finished building: default.size.stdout
 
07:27:49 **** Incremental Build of configuration Debug for project ej2_p4 ****
make -j8 all 
arm-none-eabi-gcc "../Drivers/API/Src/API_debounce.c" -mcpu=cortex-m4 -std=gnu11 -g3 -DDEBUG -DUSE_HAL_DRIVER -DSTM32F446xx -c -I../Core/Inc -I../Drivers/STM32F4xx_HAL_Driver/Inc -I../Drivers/STM32F4xx_HAL_Driver/Inc/Legacy -I../Drivers/CMSIS/Device/ST/STM32F4xx/Include -I../Drivers/CMSIS/Include -I"/home/tomas1908/STM32CubeIDE/workspace_1.19.0/pdm/ej2_p4/Drivers/API/Inc" -I"/home/tomas1908/STM32CubeIDE/workspace_1.19.0/pdm/ej2_p4/Drivers/API/Src" -I"/home/tomas1908/STM32CubeIDE/workspace_1.19.0/pdm/ej2_p4/Drivers/API" -I"/home/tomas1908/STM32CubeIDE/workspace_1.19.0/pdm/ej2_p4/Drivers" -O0 -ffunction-sections -fdata-sections -Wall -fstack-usage -fcyclomatic-complexity -MMD -MP -MF"Drivers/API/Src/API_debounce.d" -MT"Drivers/API/Src/API_debounce.o" --specs=nano.specs -mfpu=fpv4-sp-d16 -mfloat-abi=hard -mthumb -o "Drivers/API/Src/API_debounce.o"
arm-none-eabi-gcc -o "ej2_p4.elf" @"objects.list"   -mcpu=cortex-m4 -T"/home/tomas1908/STM32CubeIDE/workspace_1.19.0/pdm/ej2_p4/STM32F446RETX_FLASH.ld" --specs=nosys.specs -Wl,-Map="ej2_p4.map" -Wl,--gc-sections -static --specs=nano.specs -mfpu=fpv4-sp-d16 -mfloat-abi=hard -mthumb -Wl,--start-group -lc -lm -Wl,--end-group
Finished building target: ej2_p4.elf
 
arm-none-eabi-size  ej2_p4.elf 
arm-none-eabi-objdump -h -S ej2_p4.elf  > "ej2_p4.list"
   text	   data	    bss	    dec	    hex	filename
   6572	     12	   1572	   8156	   1fdc	ej2_p4.elf
Finished building: default.size.stdout
 
Finished building: ej2_p4.list
 
07:28:14 **** Incremental Build of configuration Debug for project ej2_p4 ****
make -j8 all 
arm-none-eabi-size  ej2_p4.elf 
   text	   data	    bss	    dec	    hex	filename
   6572	     12	   1572	   8156	   1fdc	ej2_p4.elf
Finished building: default.size.stdout
 
07:28:37 **** Incremental Build of configuration Debug for project ej2_p4 ****
make -j8 all 
arm-none-eabi-gcc "../Core/Src/main.c" -mcpu=cortex-m4 -std=gnu11 -g3 -DDEBUG -DUSE_HAL_DRIVER -DSTM32F446xx -c -I../Core/Inc -I../Drivers/STM32F4xx_HAL_Driver/Inc -I../Drivers/STM32F4xx_HAL_Driver/Inc/Legacy -I../Drivers/CMSIS/Device/ST/STM32F4xx/Include -I../Drivers/CMSIS/Include -I"/home/tomas1908/STM32CubeIDE/workspace_1.19.0/pdm/ej2_p4/Drivers/API/Inc" -I"/home/tomas1908/STM32CubeIDE/workspace_1.19.0/pdm/ej2_p4/Drivers/API/Src" -I"/home/tomas1908/STM32CubeIDE/workspace_1.19.0/pdm/ej2_p4/Drivers/API" -I"/home/tomas1908/STM32CubeIDE/workspace_1.19.0/pdm/ej2_p4/Drivers" -O0 -ffunction-sections -fdata-sections -Wall -fstack-usage -fcyclomatic-complexity -MMD -MP -MF"Core/Src/main.d" -MT"Core/Src/main.o" --specs=nano.specs -mfpu=fpv4-sp-d16 -mfloat-abi=hard -mthumb -o "Core/Src/main.o"
arm-none-eabi-gcc -o "ej2_p4.elf" @"objects.list"   -mcpu=cortex-m4 -T"/home/tomas1908/STM32CubeIDE/workspace_1.19.0/pdm/ej2_p4/STM32F446RETX_FLASH.ld" --specs=nosys.specs -Wl,-Map="ej2_p4.map" -Wl,--gc-sections -static --specs=nano.specs -mfpu=fpv4-sp-d16 -mfloat-abi=hard -mthumb -Wl,--start-group -lc -lm -Wl,--end-group
Finished building target: ej2_p4.elf
 
arm-none-eabi-size  ej2_p4.elf 
arm-none-eabi-objdump -h -S ej2_p4.elf  > "ej2_p4.list"
   text	   data	    bss	    dec	    hex	filename
   6572	     12	   1572	   8156	   1fdc	ej2_p4.elf
Finished building: default.size.stdout
 
Finished building: ej2_p4.list
 
07:29:21 **** Incremental Build of configuration Debug for project ej2_p4 ****
make -j8 all 
arm-none-eabi-gcc "../Drivers/API/Src/API_debounce.c" -mcpu=cortex-m4 -std=gnu11 -g3 -DDEBUG -DUSE_HAL_DRIVER -DSTM32F446xx -c -I../Core/Inc -I../Drivers/STM32F4xx_HAL_Driver/Inc -I../Drivers/STM32F4xx_HAL_Driver/Inc/Legacy -I../Drivers/CMSIS/Device/ST/STM32F4xx/Include -I../Drivers/CMSIS/Include -I"/home/tomas1908/STM32CubeIDE/workspace_1.19.0/pdm/ej2_p4/Drivers/API/Inc" -I"/home/tomas1908/STM32CubeIDE/workspace_1.19.0/pdm/ej2_p4/Drivers/API/Src" -I"/home/tomas1908/STM32CubeIDE/workspace_1.19.0/pdm/ej2_p4/Drivers/API" -I"/home/tomas1908/STM32CubeIDE/workspace_1.19.0/pdm/ej2_p4/Drivers" -O0 -ffunction-sections -fdata-sections -Wall -fstack-usage -fcyclomatic-complexity -MMD -MP -MF"Drivers/API/Src/API_debounce.d" -MT"Drivers/API/Src/API_debounce.o" --specs=nano.specs -mfpu=fpv4-sp-d16 -mfloat-abi=hard -mthumb -o "Drivers/API/Src/API_debounce.o"
arm-none-eabi-gcc -o "ej2_p4.elf" @"objects.list"   -mcpu=cortex-m4 -T"/home/tomas1908/STM32CubeIDE/workspace_1.19.0/pdm/ej2_p4/STM32F446RETX_FLASH.ld" --specs=nosys.specs -Wl,-Map="ej2_p4.map" -Wl,--gc-sections -static --specs=nano.specs -mfpu=fpv4-sp-d16 -mfloat-abi=hard -mthumb -Wl,--start-group -lc -lm -Wl,--end-group
Finished building target: ej2_p4.elf
 
arm-none-eabi-size  ej2_p4.elf 
arm-none-eabi-objdump -h -S ej2_p4.elf  > "ej2_p4.list"
   text	   data	    bss	    dec	    hex	filename
   6596	     12	   1572	   8180	   1ff4	ej2_p4.elf
Finished building: default.size.stdout
 
Finished building: ej2_p4.list
 
07:29:31 **** Incremental Build of configuration Debug for project ej2_p4 ****
make -j8 all 
arm-none-eabi-size  ej2_p4.elf 
   text	   data	    bss	    dec	    hex	filename
   6596	     12	   1572	   8180	   1ff4	ej2_p4.elf
Finished building: default.size.stdout
 
07:30:07 **** Incremental Build of configuration Debug for project ej2_p4 ****
make -j8 all 
arm-none-eabi-gcc "../Drivers/API/Src/API_debounce.c" -mcpu=cortex-m4 -std=gnu11 -g3 -DDEBUG -DUSE_HAL_DRIVER -DSTM32F446xx -c -I../Core/Inc -I../Drivers/STM32F4xx_HAL_Driver/Inc -I../Drivers/STM32F4xx_HAL_Driver/Inc/Legacy -I../Drivers/CMSIS/Device/ST/STM32F4xx/Include -I../Drivers/CMSIS/Include -I"/home/tomas1908/STM32CubeIDE/workspace_1.19.0/pdm/ej2_p4/Drivers/API/Inc" -I"/home/tomas1908/STM32CubeIDE/workspace_1.19.0/pdm/ej2_p4/Drivers/API/Src" -I"/home/tomas1908/STM32CubeIDE/workspace_1.19.0/pdm/ej2_p4/Drivers/API" -I"/home/tomas1908/STM32CubeIDE/workspace_1.19.0/pdm/ej2_p4/Drivers" -O0 -ffunction-sections -fdata-sections -Wall -fstack-usage -fcyclomatic-complexity -MMD -MP -MF"Drivers/API/Src/API_debounce.d" -MT"Drivers/API/Src/API_debounce.o" --specs=nano.specs -mfpu=fpv4-sp-d16 -mfloat-abi=hard -mthumb -o "Drivers/API/Src/API_debounce.o"
arm-none-eabi-gcc -o "ej2_p4.elf" @"objects.list"   -mcpu=cortex-m4 -T"/home/tomas1908/STM32CubeIDE/workspace_1.19.0/pdm/ej2_p4/STM32F446RETX_FLASH.ld" --specs=nosys.specs -Wl,-Map="ej2_p4.map" -Wl,--gc-sections -static --specs=nano.specs -mfpu=fpv4-sp-d16 -mfloat-abi=hard -mthumb -Wl,--start-group -lc -lm -Wl,--end-group
Finished building target: ej2_p4.elf
 
arm-none-eabi-size  ej2_p4.elf 
arm-none-eabi-objdump -h -S ej2_p4.elf  > "ej2_p4.list"
   text	   data	    bss	    dec	    hex	filename
   6596	     12	   1572	   8180	   1ff4	ej2_p4.elf
Finished building: default.size.stdout
 
Finished building: ej2_p4.list
 
07:31:05 **** Incremental Build of configuration Debug for project ej2_p4 ****
make -j8 all 
arm-none-eabi-gcc "../Core/Src/main.c" -mcpu=cortex-m4 -std=gnu11 -g3 -DDEBUG -DUSE_HAL_DRIVER -DSTM32F446xx -c -I../Core/Inc -I../Drivers/STM32F4xx_HAL_Driver/Inc -I../Drivers/STM32F4xx_HAL_Driver/Inc/Legacy -I../Drivers/CMSIS/Device/ST/STM32F4xx/Include -I../Drivers/CMSIS/Include -I"/home/tomas1908/STM32CubeIDE/workspace_1.19.0/pdm/ej2_p4/Drivers/API/Inc" -I"/home/tomas1908/STM32CubeIDE/workspace_1.19.0/pdm/ej2_p4/Drivers/API/Src" -I"/home/tomas1908/STM32CubeIDE/workspace_1.19.0/pdm/ej2_p4/Drivers/API" -I"/home/tomas1908/STM32CubeIDE/workspace_1.19.0/pdm/ej2_p4/Drivers" -O0 -ffunction-sections -fdata-sections -Wall -fstack-usage -fcyclomatic-complexity -MMD -MP -MF"Core/Src/main.d" -MT"Core/Src/main.o" --specs=nano.specs -mfpu=fpv4-sp-d16 -mfloat-abi=hard -mthumb -o "Core/Src/main.o"
arm-none-eabi-gcc -o "ej2_p4.elf" @"objects.list"   -mcpu=cortex-m4 -T"/home/tomas1908/STM32CubeIDE/workspace_1.19.0/pdm/ej2_p4/STM32F446RETX_FLASH.ld" --specs=nosys.specs -Wl,-Map="ej2_p4.map" -Wl,--gc-sections -static --specs=nano.specs -mfpu=fpv4-sp-d16 -mfloat-abi=hard -mthumb -Wl,--start-group -lc -lm -Wl,--end-group
Finished building target: ej2_p4.elf
 
arm-none-eabi-size  ej2_p4.elf 
arm-none-eabi-objdump -h -S ej2_p4.elf  > "ej2_p4.list"
   text	   data	    bss	    dec	    hex	filename
   6984	     12	   1588	   8584	   2188	ej2_p4.elf
Finished building: default.size.stdout
 
Finished building: ej2_p4.list
 
07:31:08 **** Incremental Build of configuration Debug for project ej2_p4 ****
make -j8 all 
arm-none-eabi-size  ej2_p4.elf 
   text	   data	    bss	    dec	    hex	filename
   6984	     12	   1588	   8584	   2188	ej2_p4.elf
Finished building: default.size.stdout
 
16:17:26 **** Build of configuration Debug for project Trabajo_final_PdM ****
make -j8 all 
arm-none-eabi-size  Trabajo_final_PdM.elf 
   text	   data	    bss	    dec	    hex	filename
  13808	     12	   1740	  15560	   3cc8	Trabajo_final_PdM.elf
Finished building: default.size.stdout
 
16:24:28 **** Incremental Build of configuration Debug for project Trabajo_final_PdM ****
make -j8 all 
arm-none-eabi-gcc "../Core/Src/main.c" -mcpu=cortex-m4 -std=gnu11 -g3 -DDEBUG -DUSE_HAL_DRIVER -DSTM32F446xx -c -I../Core/Inc -I../Drivers/STM32F4xx_HAL_Driver/Inc -I../Drivers/STM32F4xx_HAL_Driver/Inc/Legacy -I../Drivers/CMSIS/Device/ST/STM32F4xx/Include -I../Drivers/CMSIS/Include -I"/home/tomas1908/STM32CubeIDE/workspace_1.19.0/pdm/Trabajo_final_PdM/Drivers/API/Inc" -I"/home/tomas1908/STM32CubeIDE/workspace_1.19.0/pdm/Trabajo_final_PdM/Drivers/API/Src" -O0 -ffunction-sections -fdata-sections -Wall -fstack-usage -fcyclomatic-complexity -MMD -MP -MF"Core/Src/main.d" -MT"Core/Src/main.o" --specs=nano.specs -mfpu=fpv4-sp-d16 -mfloat-abi=hard -mthumb -o "Core/Src/main.o"
../Core/Src/main.c: In function 'main':
../Core/Src/main.c:141:21: warning: implicit declaration of function 'events' [-Wimplicit-function-declaration]
  141 |         event_FSM = events();
      |                     ^~~~~~
../Core/Src/main.c: At top level:
../Core/Src/main.c:365:9: error: conflicting types for 'events'; have 'event_t()'
  365 | event_t events(){
      |         ^~~~~~
../Core/Src/main.c:141:21: note: previous implicit declaration of 'events' with type 'int()'
  141 |         event_FSM = events();
      |                     ^~~~~~
../Core/Src/main.c: In function 'events':
../Core/Src/main.c:372:22: warning: passing argument 1 of 'delayRead' discards 'volatile' qualifier from pointer target type [-Wdiscarded-qualifiers]
  372 |         if(delayRead(&delay_mech) == ready_mode){
      |                      ^~~~~~~~~~~
In file included from ../Core/Inc/main.h:34,
                 from ../Core/Src/main.c:20:
/home/tomas1908/STM32CubeIDE/workspace_1.19.0/pdm/Trabajo_final_PdM/Drivers/API/Inc/API_delay.h:24:29: note: expected 'delay_t *' but argument is of type 'volatile delay_t *'
   24 | mode_t delayRead( delay_t * delay );
      |                   ~~~~~~~~~~^~~~~
../Core/Src/main.c: In function 'FSM':
../Core/Src/main.c:386:41: warning: passing argument 1 of 'SM_init' discards 'volatile' qualifier from pointer target type [-Wdiscarded-qualifiers]
  386 |                                 SM_init(&delay_mech);
      |                                         ^~~~~~~~~~~
../Core/Src/main.c:78:24: note: expected 'delay_t *' but argument is of type 'volatile delay_t *'
   78 | void SM_init(delay_t * mechanic_delay);
      |              ~~~~~~~~~~^~~~~~~~~~~~~~
../Core/Src/main.c:392:59: warning: passing argument 2 of 'action_write' discards 'volatile' qualifier from pointer target type [-Wdiscarded-qualifiers]
  392 |                                 action_write(adc_value_x, &delay_mech);
      |                                                           ^~~~~~~~~~~
../Core/Src/main.c:74:48: note: expected 'delay_t *' but argument is of type 'volatile delay_t *'
   74 | void action_write(uint32_t ADC_value,delay_t * mechanic_delay);
      |                                      ~~~~~~~~~~^~~~~~~~~~~~~~
../Core/Src/main.c: In function 'action_write':
../Core/Src/main.c:435:22: warning: passing argument 1 of 'delayDisable' discards 'volatile' qualifier from pointer target type [-Wdiscarded-qualifiers]
  435 |         delayDisable(&delay_mech);
      |                      ^~~~~~~~~~~
/home/tomas1908/STM32CubeIDE/workspace_1.19.0/pdm/Trabajo_final_PdM/Drivers/API/Inc/API_delay.h:25:29: note: expected 'delay_t *' but argument is of type 'volatile delay_t *'
   25 | void delayDisable(delay_t * delay);
      |                   ~~~~~~~~~~^~~~~
make: *** [Core/Src/subdir.mk:34: Core/Src/main.o] Error 1
"make -j8 all" terminated with exit code 2. Build might be incomplete.
16:25:00 **** Incremental Build of configuration Debug for project Trabajo_final_PdM ****
make -j8 all 
arm-none-eabi-gcc "../Core/Src/main.c" -mcpu=cortex-m4 -std=gnu11 -g3 -DDEBUG -DUSE_HAL_DRIVER -DSTM32F446xx -c -I../Core/Inc -I../Drivers/STM32F4xx_HAL_Driver/Inc -I../Drivers/STM32F4xx_HAL_Driver/Inc/Legacy -I../Drivers/CMSIS/Device/ST/STM32F4xx/Include -I../Drivers/CMSIS/Include -I"/home/tomas1908/STM32CubeIDE/workspace_1.19.0/pdm/Trabajo_final_PdM/Drivers/API/Inc" -I"/home/tomas1908/STM32CubeIDE/workspace_1.19.0/pdm/Trabajo_final_PdM/Drivers/API/Src" -O0 -ffunction-sections -fdata-sections -Wall -fstack-usage -fcyclomatic-complexity -MMD -MP -MF"Core/Src/main.d" -MT"Core/Src/main.o" --specs=nano.specs -mfpu=fpv4-sp-d16 -mfloat-abi=hard -mthumb -o "Core/Src/main.o"
../Core/Src/main.c: In function 'events':
../Core/Src/main.c:373:22: warning: passing argument 1 of 'delayRead' discards 'volatile' qualifier from pointer target type [-Wdiscarded-qualifiers]
  373 |         if(delayRead(&delay_mech) == ready_mode){
      |                      ^~~~~~~~~~~
In file included from ../Core/Inc/main.h:34,
                 from ../Core/Src/main.c:20:
/home/tomas1908/STM32CubeIDE/workspace_1.19.0/pdm/Trabajo_final_PdM/Drivers/API/Inc/API_delay.h:24:29: note: expected 'delay_t *' but argument is of type 'volatile delay_t *'
   24 | mode_t delayRead( delay_t * delay );
      |                   ~~~~~~~~~~^~~~~
../Core/Src/main.c: In function 'FSM':
../Core/Src/main.c:387:41: warning: passing argument 1 of 'SM_init' discards 'volatile' qualifier from pointer target type [-Wdiscarded-qualifiers]
  387 |                                 SM_init(&delay_mech);
      |                                         ^~~~~~~~~~~
../Core/Src/main.c:79:24: note: expected 'delay_t *' but argument is of type 'volatile delay_t *'
   79 | void SM_init(delay_t * mechanic_delay);
      |              ~~~~~~~~~~^~~~~~~~~~~~~~
../Core/Src/main.c:393:59: warning: passing argument 2 of 'action_write' discards 'volatile' qualifier from pointer target type [-Wdiscarded-qualifiers]
  393 |                                 action_write(adc_value_x, &delay_mech);
      |                                                           ^~~~~~~~~~~
../Core/Src/main.c:75:48: note: expected 'delay_t *' but argument is of type 'volatile delay_t *'
   75 | void action_write(uint32_t ADC_value,delay_t * mechanic_delay);
      |                                      ~~~~~~~~~~^~~~~~~~~~~~~~
../Core/Src/main.c: In function 'action_write':
../Core/Src/main.c:436:22: warning: passing argument 1 of 'delayDisable' discards 'volatile' qualifier from pointer target type [-Wdiscarded-qualifiers]
  436 |         delayDisable(&delay_mech);
      |                      ^~~~~~~~~~~
/home/tomas1908/STM32CubeIDE/workspace_1.19.0/pdm/Trabajo_final_PdM/Drivers/API/Inc/API_delay.h:25:29: note: expected 'delay_t *' but argument is of type 'volatile delay_t *'
   25 | void delayDisable(delay_t * delay);
      |                   ~~~~~~~~~~^~~~~
arm-none-eabi-gcc -o "Trabajo_final_PdM.elf" @"objects.list"   -mcpu=cortex-m4 -T"/home/tomas1908/STM32CubeIDE/workspace_1.19.0/pdm/Trabajo_final_PdM/STM32F446RETX_FLASH.ld" --specs=nosys.specs -Wl,-Map="Trabajo_final_PdM.map" -Wl,--gc-sections -static --specs=nano.specs -mfpu=fpv4-sp-d16 -mfloat-abi=hard -mthumb -Wl,--start-group -lc -lm -Wl,--end-group
Finished building target: Trabajo_final_PdM.elf
 
arm-none-eabi-size  Trabajo_final_PdM.elf 
arm-none-eabi-objdump -h -S Trabajo_final_PdM.elf  > "Trabajo_final_PdM.list"
   text	   data	    bss	    dec	    hex	filename
  13844	     12	   1740	  15596	   3cec	Trabajo_final_PdM.elf
Finished building: default.size.stdout
 
Finished building: Trabajo_final_PdM.list
 
16:28:39 **** Incremental Build of configuration Debug for project Trabajo_final_PdM ****
make -j8 all 
arm-none-eabi-gcc "../Drivers/STM32F4xx_HAL_Driver/Src/stm32f4xx_hal.c" -mcpu=cortex-m4 -std=gnu11 -g3 -DDEBUG -DUSE_HAL_DRIVER -DSTM32F446xx -c -I../Core/Inc -I../Drivers/STM32F4xx_HAL_Driver/Inc -I../Drivers/STM32F4xx_HAL_Driver/Inc/Legacy -I../Drivers/CMSIS/Device/ST/STM32F4xx/Include -I../Drivers/CMSIS/Include -I"/home/tomas1908/STM32CubeIDE/workspace_1.19.0/pdm/Trabajo_final_PdM/Drivers/API/Inc" -I"/home/tomas1908/STM32CubeIDE/workspace_1.19.0/pdm/Trabajo_final_PdM/Drivers/API/Src" -O0 -ffunction-sections -fdata-sections -Wall -fstack-usage -fcyclomatic-complexity -MMD -MP -MF"Drivers/STM32F4xx_HAL_Driver/Src/stm32f4xx_hal.d" -MT"Drivers/STM32F4xx_HAL_Driver/Src/stm32f4xx_hal.o" --specs=nano.specs -mfpu=fpv4-sp-d16 -mfloat-abi=hard -mthumb -o "Drivers/STM32F4xx_HAL_Driver/Src/stm32f4xx_hal.o"
arm-none-eabi-gcc "../Drivers/STM32F4xx_HAL_Driver/Src/stm32f4xx_hal_adc.c" -mcpu=cortex-m4 -std=gnu11 -g3 -DDEBUG -DUSE_HAL_DRIVER -DSTM32F446xx -c -I../Core/Inc -I../Drivers/STM32F4xx_HAL_Driver/Inc -I../Drivers/STM32F4xx_HAL_Driver/Inc/Legacy -I../Drivers/CMSIS/Device/ST/STM32F4xx/Include -I../Drivers/CMSIS/Include -I"/home/tomas1908/STM32CubeIDE/workspace_1.19.0/pdm/Trabajo_final_PdM/Drivers/API/Inc" -I"/home/tomas1908/STM32CubeIDE/workspace_1.19.0/pdm/Trabajo_final_PdM/Drivers/API/Src" -O0 -ffunction-sections -fdata-sections -Wall -fstack-usage -fcyclomatic-complexity -MMD -MP -MF"Drivers/STM32F4xx_HAL_Driver/Src/stm32f4xx_hal_adc.d" -MT"Drivers/STM32F4xx_HAL_Driver/Src/stm32f4xx_hal_adc.o" --specs=nano.specs -mfpu=fpv4-sp-d16 -mfloat-abi=hard -mthumb -o "Drivers/STM32F4xx_HAL_Driver/Src/stm32f4xx_hal_adc.o"
arm-none-eabi-gcc "../Drivers/STM32F4xx_HAL_Driver/Src/stm32f4xx_hal_adc_ex.c" -mcpu=cortex-m4 -std=gnu11 -g3 -DDEBUG -DUSE_HAL_DRIVER -DSTM32F446xx -c -I../Core/Inc -I../Drivers/STM32F4xx_HAL_Driver/Inc -I../Drivers/STM32F4xx_HAL_Driver/Inc/Legacy -I../Drivers/CMSIS/Device/ST/STM32F4xx/Include -I../Drivers/CMSIS/Include -I"/home/tomas1908/STM32CubeIDE/workspace_1.19.0/pdm/Trabajo_final_PdM/Drivers/API/Inc" -I"/home/tomas1908/STM32CubeIDE/workspace_1.19.0/pdm/Trabajo_final_PdM/Drivers/API/Src" -O0 -ffunction-sections -fdata-sections -Wall -fstack-usage -fcyclomatic-complexity -MMD -MP -MF"Drivers/STM32F4xx_HAL_Driver/Src/stm32f4xx_hal_adc_ex.d" -MT"Drivers/STM32F4xx_HAL_Driver/Src/stm32f4xx_hal_adc_ex.o" --specs=nano.specs -mfpu=fpv4-sp-d16 -mfloat-abi=hard -mthumb -o "Drivers/STM32F4xx_HAL_Driver/Src/stm32f4xx_hal_adc_ex.o"
arm-none-eabi-gcc "../Drivers/STM32F4xx_HAL_Driver/Src/stm32f4xx_hal_cortex.c" -mcpu=cortex-m4 -std=gnu11 -g3 -DDEBUG -DUSE_HAL_DRIVER -DSTM32F446xx -c -I../Core/Inc -I../Drivers/STM32F4xx_HAL_Driver/Inc -I../Drivers/STM32F4xx_HAL_Driver/Inc/Legacy -I../Drivers/CMSIS/Device/ST/STM32F4xx/Include -I../Drivers/CMSIS/Include -I"/home/tomas1908/STM32CubeIDE/workspace_1.19.0/pdm/Trabajo_final_PdM/Drivers/API/Inc" -I"/home/tomas1908/STM32CubeIDE/workspace_1.19.0/pdm/Trabajo_final_PdM/Drivers/API/Src" -O0 -ffunction-sections -fdata-sections -Wall -fstack-usage -fcyclomatic-complexity -MMD -MP -MF"Drivers/STM32F4xx_HAL_Driver/Src/stm32f4xx_hal_cortex.d" -MT"Drivers/STM32F4xx_HAL_Driver/Src/stm32f4xx_hal_cortex.o" --specs=nano.specs -mfpu=fpv4-sp-d16 -mfloat-abi=hard -mthumb -o "Drivers/STM32F4xx_HAL_Driver/Src/stm32f4xx_hal_cortex.o"
arm-none-eabi-gcc "../Drivers/STM32F4xx_HAL_Driver/Src/stm32f4xx_hal_dma.c" -mcpu=cortex-m4 -std=gnu11 -g3 -DDEBUG -DUSE_HAL_DRIVER -DSTM32F446xx -c -I../Core/Inc -I../Drivers/STM32F4xx_HAL_Driver/Inc -I../Drivers/STM32F4xx_HAL_Driver/Inc/Legacy -I../Drivers/CMSIS/Device/ST/STM32F4xx/Include -I../Drivers/CMSIS/Include -I"/home/tomas1908/STM32CubeIDE/workspace_1.19.0/pdm/Trabajo_final_PdM/Drivers/API/Inc" -I"/home/tomas1908/STM32CubeIDE/workspace_1.19.0/pdm/Trabajo_final_PdM/Drivers/API/Src" -O0 -ffunction-sections -fdata-sections -Wall -fstack-usage -fcyclomatic-complexity -MMD -MP -MF"Drivers/STM32F4xx_HAL_Driver/Src/stm32f4xx_hal_dma.d" -MT"Drivers/STM32F4xx_HAL_Driver/Src/stm32f4xx_hal_dma.o" --specs=nano.specs -mfpu=fpv4-sp-d16 -mfloat-abi=hard -mthumb -o "Drivers/STM32F4xx_HAL_Driver/Src/stm32f4xx_hal_dma.o"
arm-none-eabi-gcc "../Drivers/STM32F4xx_HAL_Driver/Src/stm32f4xx_hal_dma_ex.c" -mcpu=cortex-m4 -std=gnu11 -g3 -DDEBUG -DUSE_HAL_DRIVER -DSTM32F446xx -c -I../Core/Inc -I../Drivers/STM32F4xx_HAL_Driver/Inc -I../Drivers/STM32F4xx_HAL_Driver/Inc/Legacy -I../Drivers/CMSIS/Device/ST/STM32F4xx/Include -I../Drivers/CMSIS/Include -I"/home/tomas1908/STM32CubeIDE/workspace_1.19.0/pdm/Trabajo_final_PdM/Drivers/API/Inc" -I"/home/tomas1908/STM32CubeIDE/workspace_1.19.0/pdm/Trabajo_final_PdM/Drivers/API/Src" -O0 -ffunction-sections -fdata-sections -Wall -fstack-usage -fcyclomatic-complexity -MMD -MP -MF"Drivers/STM32F4xx_HAL_Driver/Src/stm32f4xx_hal_dma_ex.d" -MT"Drivers/STM32F4xx_HAL_Driver/Src/stm32f4xx_hal_dma_ex.o" --specs=nano.specs -mfpu=fpv4-sp-d16 -mfloat-abi=hard -mthumb -o "Drivers/STM32F4xx_HAL_Driver/Src/stm32f4xx_hal_dma_ex.o"
arm-none-eabi-gcc "../Drivers/STM32F4xx_HAL_Driver/Src/stm32f4xx_hal_exti.c" -mcpu=cortex-m4 -std=gnu11 -g3 -DDEBUG -DUSE_HAL_DRIVER -DSTM32F446xx -c -I../Core/Inc -I../Drivers/STM32F4xx_HAL_Driver/Inc -I../Drivers/STM32F4xx_HAL_Driver/Inc/Legacy -I../Drivers/CMSIS/Device/ST/STM32F4xx/Include -I../Drivers/CMSIS/Include -I"/home/tomas1908/STM32CubeIDE/workspace_1.19.0/pdm/Trabajo_final_PdM/Drivers/API/Inc" -I"/home/tomas1908/STM32CubeIDE/workspace_1.19.0/pdm/Trabajo_final_PdM/Drivers/API/Src" -O0 -ffunction-sections -fdata-sections -Wall -fstack-usage -fcyclomatic-complexity -MMD -MP -MF"Drivers/STM32F4xx_HAL_Driver/Src/stm32f4xx_hal_exti.d" -MT"Drivers/STM32F4xx_HAL_Driver/Src/stm32f4xx_hal_exti.o" --specs=nano.specs -mfpu=fpv4-sp-d16 -mfloat-abi=hard -mthumb -o "Drivers/STM32F4xx_HAL_Driver/Src/stm32f4xx_hal_exti.o"
arm-none-eabi-gcc "../Drivers/STM32F4xx_HAL_Driver/Src/stm32f4xx_hal_flash.c" -mcpu=cortex-m4 -std=gnu11 -g3 -DDEBUG -DUSE_HAL_DRIVER -DSTM32F446xx -c -I../Core/Inc -I../Drivers/STM32F4xx_HAL_Driver/Inc -I../Drivers/STM32F4xx_HAL_Driver/Inc/Legacy -I../Drivers/CMSIS/Device/ST/STM32F4xx/Include -I../Drivers/CMSIS/Include -I"/home/tomas1908/STM32CubeIDE/workspace_1.19.0/pdm/Trabajo_final_PdM/Drivers/API/Inc" -I"/home/tomas1908/STM32CubeIDE/workspace_1.19.0/pdm/Trabajo_final_PdM/Drivers/API/Src" -O0 -ffunction-sections -fdata-sections -Wall -fstack-usage -fcyclomatic-complexity -MMD -MP -MF"Drivers/STM32F4xx_HAL_Driver/Src/stm32f4xx_hal_flash.d" -MT"Drivers/STM32F4xx_HAL_Driver/Src/stm32f4xx_hal_flash.o" --specs=nano.specs -mfpu=fpv4-sp-d16 -mfloat-abi=hard -mthumb -o "Drivers/STM32F4xx_HAL_Driver/Src/stm32f4xx_hal_flash.o"
arm-none-eabi-gcc "../Drivers/STM32F4xx_HAL_Driver/Src/stm32f4xx_hal_flash_ex.c" -mcpu=cortex-m4 -std=gnu11 -g3 -DDEBUG -DUSE_HAL_DRIVER -DSTM32F446xx -c -I../Core/Inc -I../Drivers/STM32F4xx_HAL_Driver/Inc -I../Drivers/STM32F4xx_HAL_Driver/Inc/Legacy -I../Drivers/CMSIS/Device/ST/STM32F4xx/Include -I../Drivers/CMSIS/Include -I"/home/tomas1908/STM32CubeIDE/workspace_1.19.0/pdm/Trabajo_final_PdM/Drivers/API/Inc" -I"/home/tomas1908/STM32CubeIDE/workspace_1.19.0/pdm/Trabajo_final_PdM/Drivers/API/Src" -O0 -ffunction-sections -fdata-sections -Wall -fstack-usage -fcyclomatic-complexity -MMD -MP -MF"Drivers/STM32F4xx_HAL_Driver/Src/stm32f4xx_hal_flash_ex.d" -MT"Drivers/STM32F4xx_HAL_Driver/Src/stm32f4xx_hal_flash_ex.o" --specs=nano.specs -mfpu=fpv4-sp-d16 -mfloat-abi=hard -mthumb -o "Drivers/STM32F4xx_HAL_Driver/Src/stm32f4xx_hal_flash_ex.o"
arm-none-eabi-gcc "../Drivers/STM32F4xx_HAL_Driver/Src/stm32f4xx_hal_flash_ramfunc.c" -mcpu=cortex-m4 -std=gnu11 -g3 -DDEBUG -DUSE_HAL_DRIVER -DSTM32F446xx -c -I../Core/Inc -I../Drivers/STM32F4xx_HAL_Driver/Inc -I../Drivers/STM32F4xx_HAL_Driver/Inc/Legacy -I../Drivers/CMSIS/Device/ST/STM32F4xx/Include -I../Drivers/CMSIS/Include -I"/home/tomas1908/STM32CubeIDE/workspace_1.19.0/pdm/Trabajo_final_PdM/Drivers/API/Inc" -I"/home/tomas1908/STM32CubeIDE/workspace_1.19.0/pdm/Trabajo_final_PdM/Drivers/API/Src" -O0 -ffunction-sections -fdata-sections -Wall -fstack-usage -fcyclomatic-complexity -MMD -MP -MF"Drivers/STM32F4xx_HAL_Driver/Src/stm32f4xx_hal_flash_ramfunc.d" -MT"Drivers/STM32F4xx_HAL_Driver/Src/stm32f4xx_hal_flash_ramfunc.o" --specs=nano.specs -mfpu=fpv4-sp-d16 -mfloat-abi=hard -mthumb -o "Drivers/STM32F4xx_HAL_Driver/Src/stm32f4xx_hal_flash_ramfunc.o"
arm-none-eabi-gcc "../Drivers/STM32F4xx_HAL_Driver/Src/stm32f4xx_hal_gpio.c" -mcpu=cortex-m4 -std=gnu11 -g3 -DDEBUG -DUSE_HAL_DRIVER -DSTM32F446xx -c -I../Core/Inc -I../Drivers/STM32F4xx_HAL_Driver/Inc -I../Drivers/STM32F4xx_HAL_Driver/Inc/Legacy -I../Drivers/CMSIS/Device/ST/STM32F4xx/Include -I../Drivers/CMSIS/Include -I"/home/tomas1908/STM32CubeIDE/workspace_1.19.0/pdm/Trabajo_final_PdM/Drivers/API/Inc" -I"/home/tomas1908/STM32CubeIDE/workspace_1.19.0/pdm/Trabajo_final_PdM/Drivers/API/Src" -O0 -ffunction-sections -fdata-sections -Wall -fstack-usage -fcyclomatic-complexity -MMD -MP -MF"Drivers/STM32F4xx_HAL_Driver/Src/stm32f4xx_hal_gpio.d" -MT"Drivers/STM32F4xx_HAL_Driver/Src/stm32f4xx_hal_gpio.o" --specs=nano.specs -mfpu=fpv4-sp-d16 -mfloat-abi=hard -mthumb -o "Drivers/STM32F4xx_HAL_Driver/Src/stm32f4xx_hal_gpio.o"
arm-none-eabi-gcc "../Drivers/STM32F4xx_HAL_Driver/Src/stm32f4xx_hal_pwr.c" -mcpu=cortex-m4 -std=gnu11 -g3 -DDEBUG -DUSE_HAL_DRIVER -DSTM32F446xx -c -I../Core/Inc -I../Drivers/STM32F4xx_HAL_Driver/Inc -I../Drivers/STM32F4xx_HAL_Driver/Inc/Legacy -I../Drivers/CMSIS/Device/ST/STM32F4xx/Include -I../Drivers/CMSIS/Include -I"/home/tomas1908/STM32CubeIDE/workspace_1.19.0/pdm/Trabajo_final_PdM/Drivers/API/Inc" -I"/home/tomas1908/STM32CubeIDE/workspace_1.19.0/pdm/Trabajo_final_PdM/Drivers/API/Src" -O0 -ffunction-sections -fdata-sections -Wall -fstack-usage -fcyclomatic-complexity -MMD -MP -MF"Drivers/STM32F4xx_HAL_Driver/Src/stm32f4xx_hal_pwr.d" -MT"Drivers/STM32F4xx_HAL_Driver/Src/stm32f4xx_hal_pwr.o" --specs=nano.specs -mfpu=fpv4-sp-d16 -mfloat-abi=hard -mthumb -o "Drivers/STM32F4xx_HAL_Driver/Src/stm32f4xx_hal_pwr.o"
arm-none-eabi-gcc "../Drivers/STM32F4xx_HAL_Driver/Src/stm32f4xx_hal_pwr_ex.c" -mcpu=cortex-m4 -std=gnu11 -g3 -DDEBUG -DUSE_HAL_DRIVER -DSTM32F446xx -c -I../Core/Inc -I../Drivers/STM32F4xx_HAL_Driver/Inc -I../Drivers/STM32F4xx_HAL_Driver/Inc/Legacy -I../Drivers/CMSIS/Device/ST/STM32F4xx/Include -I../Drivers/CMSIS/Include -I"/home/tomas1908/STM32CubeIDE/workspace_1.19.0/pdm/Trabajo_final_PdM/Drivers/API/Inc" -I"/home/tomas1908/STM32CubeIDE/workspace_1.19.0/pdm/Trabajo_final_PdM/Drivers/API/Src" -O0 -ffunction-sections -fdata-sections -Wall -fstack-usage -fcyclomatic-complexity -MMD -MP -MF"Drivers/STM32F4xx_HAL_Driver/Src/stm32f4xx_hal_pwr_ex.d" -MT"Drivers/STM32F4xx_HAL_Driver/Src/stm32f4xx_hal_pwr_ex.o" --specs=nano.specs -mfpu=fpv4-sp-d16 -mfloat-abi=hard -mthumb -o "Drivers/STM32F4xx_HAL_Driver/Src/stm32f4xx_hal_pwr_ex.o"
arm-none-eabi-gcc "../Drivers/STM32F4xx_HAL_Driver/Src/stm32f4xx_hal_rcc.c" -mcpu=cortex-m4 -std=gnu11 -g3 -DDEBUG -DUSE_HAL_DRIVER -DSTM32F446xx -c -I../Core/Inc -I../Drivers/STM32F4xx_HAL_Driver/Inc -I../Drivers/STM32F4xx_HAL_Driver/Inc/Legacy -I../Drivers/CMSIS/Device/ST/STM32F4xx/Include -I../Drivers/CMSIS/Include -I"/home/tomas1908/STM32CubeIDE/workspace_1.19.0/pdm/Trabajo_final_PdM/Drivers/API/Inc" -I"/home/tomas1908/STM32CubeIDE/workspace_1.19.0/pdm/Trabajo_final_PdM/Drivers/API/Src" -O0 -ffunction-sections -fdata-sections -Wall -fstack-usage -fcyclomatic-complexity -MMD -MP -MF"Drivers/STM32F4xx_HAL_Driver/Src/stm32f4xx_hal_rcc.d" -MT"Drivers/STM32F4xx_HAL_Driver/Src/stm32f4xx_hal_rcc.o" --specs=nano.specs -mfpu=fpv4-sp-d16 -mfloat-abi=hard -mthumb -o "Drivers/STM32F4xx_HAL_Driver/Src/stm32f4xx_hal_rcc.o"
arm-none-eabi-gcc "../Drivers/STM32F4xx_HAL_Driver/Src/stm32f4xx_hal_rcc_ex.c" -mcpu=cortex-m4 -std=gnu11 -g3 -DDEBUG -DUSE_HAL_DRIVER -DSTM32F446xx -c -I../Core/Inc -I../Drivers/STM32F4xx_HAL_Driver/Inc -I../Drivers/STM32F4xx_HAL_Driver/Inc/Legacy -I../Drivers/CMSIS/Device/ST/STM32F4xx/Include -I../Drivers/CMSIS/Include -I"/home/tomas1908/STM32CubeIDE/workspace_1.19.0/pdm/Trabajo_final_PdM/Drivers/API/Inc" -I"/home/tomas1908/STM32CubeIDE/workspace_1.19.0/pdm/Trabajo_final_PdM/Drivers/API/Src" -O0 -ffunction-sections -fdata-sections -Wall -fstack-usage -fcyclomatic-complexity -MMD -MP -MF"Drivers/STM32F4xx_HAL_Driver/Src/stm32f4xx_hal_rcc_ex.d" -MT"Drivers/STM32F4xx_HAL_Driver/Src/stm32f4xx_hal_rcc_ex.o" --specs=nano.specs -mfpu=fpv4-sp-d16 -mfloat-abi=hard -mthumb -o "Drivers/STM32F4xx_HAL_Driver/Src/stm32f4xx_hal_rcc_ex.o"
arm-none-eabi-gcc "../Drivers/STM32F4xx_HAL_Driver/Src/stm32f4xx_hal_tim.c" -mcpu=cortex-m4 -std=gnu11 -g3 -DDEBUG -DUSE_HAL_DRIVER -DSTM32F446xx -c -I../Core/Inc -I../Drivers/STM32F4xx_HAL_Driver/Inc -I../Drivers/STM32F4xx_HAL_Driver/Inc/Legacy -I../Drivers/CMSIS/Device/ST/STM32F4xx/Include -I../Drivers/CMSIS/Include -I"/home/tomas1908/STM32CubeIDE/workspace_1.19.0/pdm/Trabajo_final_PdM/Drivers/API/Inc" -I"/home/tomas1908/STM32CubeIDE/workspace_1.19.0/pdm/Trabajo_final_PdM/Drivers/API/Src" -O0 -ffunction-sections -fdata-sections -Wall -fstack-usage -fcyclomatic-complexity -MMD -MP -MF"Drivers/STM32F4xx_HAL_Driver/Src/stm32f4xx_hal_tim.d" -MT"Drivers/STM32F4xx_HAL_Driver/Src/stm32f4xx_hal_tim.o" --specs=nano.specs -mfpu=fpv4-sp-d16 -mfloat-abi=hard -mthumb -o "Drivers/STM32F4xx_HAL_Driver/Src/stm32f4xx_hal_tim.o"
arm-none-eabi-gcc "../Drivers/STM32F4xx_HAL_Driver/Src/stm32f4xx_hal_tim_ex.c" -mcpu=cortex-m4 -std=gnu11 -g3 -DDEBUG -DUSE_HAL_DRIVER -DSTM32F446xx -c -I../Core/Inc -I../Drivers/STM32F4xx_HAL_Driver/Inc -I../Drivers/STM32F4xx_HAL_Driver/Inc/Legacy -I../Drivers/CMSIS/Device/ST/STM32F4xx/Include -I../Drivers/CMSIS/Include -I"/home/tomas1908/STM32CubeIDE/workspace_1.19.0/pdm/Trabajo_final_PdM/Drivers/API/Inc" -I"/home/tomas1908/STM32CubeIDE/workspace_1.19.0/pdm/Trabajo_final_PdM/Drivers/API/Src" -O0 -ffunction-sections -fdata-sections -Wall -fstack-usage -fcyclomatic-complexity -MMD -MP -MF"Drivers/STM32F4xx_HAL_Driver/Src/stm32f4xx_hal_tim_ex.d" -MT"Drivers/STM32F4xx_HAL_Driver/Src/stm32f4xx_hal_tim_ex.o" --specs=nano.specs -mfpu=fpv4-sp-d16 -mfloat-abi=hard -mthumb -o "Drivers/STM32F4xx_HAL_Driver/Src/stm32f4xx_hal_tim_ex.o"
arm-none-eabi-gcc "../Drivers/STM32F4xx_HAL_Driver/Src/stm32f4xx_ll_adc.c" -mcpu=cortex-m4 -std=gnu11 -g3 -DDEBUG -DUSE_HAL_DRIVER -DSTM32F446xx -c -I../Core/Inc -I../Drivers/STM32F4xx_HAL_Driver/Inc -I../Drivers/STM32F4xx_HAL_Driver/Inc/Legacy -I../Drivers/CMSIS/Device/ST/STM32F4xx/Include -I../Drivers/CMSIS/Include -I"/home/tomas1908/STM32CubeIDE/workspace_1.19.0/pdm/Trabajo_final_PdM/Drivers/API/Inc" -I"/home/tomas1908/STM32CubeIDE/workspace_1.19.0/pdm/Trabajo_final_PdM/Drivers/API/Src" -O0 -ffunction-sections -fdata-sections -Wall -fstack-usage -fcyclomatic-complexity -MMD -MP -MF"Drivers/STM32F4xx_HAL_Driver/Src/stm32f4xx_ll_adc.d" -MT"Drivers/STM32F4xx_HAL_Driver/Src/stm32f4xx_ll_adc.o" --specs=nano.specs -mfpu=fpv4-sp-d16 -mfloat-abi=hard -mthumb -o "Drivers/STM32F4xx_HAL_Driver/Src/stm32f4xx_ll_adc.o"
arm-none-eabi-gcc "../Drivers/API/Src/API_delay.c" -mcpu=cortex-m4 -std=gnu11 -g3 -DDEBUG -DUSE_HAL_DRIVER -DSTM32F446xx -c -I../Core/Inc -I../Drivers/STM32F4xx_HAL_Driver/Inc -I../Drivers/STM32F4xx_HAL_Driver/Inc/Legacy -I../Drivers/CMSIS/Device/ST/STM32F4xx/Include -I../Drivers/CMSIS/Include -I"/home/tomas1908/STM32CubeIDE/workspace_1.19.0/pdm/Trabajo_final_PdM/Drivers/API/Inc" -I"/home/tomas1908/STM32CubeIDE/workspace_1.19.0/pdm/Trabajo_final_PdM/Drivers/API/Src" -O0 -ffunction-sections -fdata-sections -Wall -fstack-usage -fcyclomatic-complexity -MMD -MP -MF"Drivers/API/Src/API_delay.d" -MT"Drivers/API/Src/API_delay.o" --specs=nano.specs -mfpu=fpv4-sp-d16 -mfloat-abi=hard -mthumb -o "Drivers/API/Src/API_delay.o"
arm-none-eabi-gcc "../Core/Src/main.c" -mcpu=cortex-m4 -std=gnu11 -g3 -DDEBUG -DUSE_HAL_DRIVER -DSTM32F446xx -c -I../Core/Inc -I../Drivers/STM32F4xx_HAL_Driver/Inc -I../Drivers/STM32F4xx_HAL_Driver/Inc/Legacy -I../Drivers/CMSIS/Device/ST/STM32F4xx/Include -I../Drivers/CMSIS/Include -I"/home/tomas1908/STM32CubeIDE/workspace_1.19.0/pdm/Trabajo_final_PdM/Drivers/API/Inc" -I"/home/tomas1908/STM32CubeIDE/workspace_1.19.0/pdm/Trabajo_final_PdM/Drivers/API/Src" -O0 -ffunction-sections -fdata-sections -Wall -fstack-usage -fcyclomatic-complexity -MMD -MP -MF"Core/Src/main.d" -MT"Core/Src/main.o" --specs=nano.specs -mfpu=fpv4-sp-d16 -mfloat-abi=hard -mthumb -o "Core/Src/main.o"
arm-none-eabi-gcc "../Core/Src/stm32f4xx_hal_msp.c" -mcpu=cortex-m4 -std=gnu11 -g3 -DDEBUG -DUSE_HAL_DRIVER -DSTM32F446xx -c -I../Core/Inc -I../Drivers/STM32F4xx_HAL_Driver/Inc -I../Drivers/STM32F4xx_HAL_Driver/Inc/Legacy -I../Drivers/CMSIS/Device/ST/STM32F4xx/Include -I../Drivers/CMSIS/Include -I"/home/tomas1908/STM32CubeIDE/workspace_1.19.0/pdm/Trabajo_final_PdM/Drivers/API/Inc" -I"/home/tomas1908/STM32CubeIDE/workspace_1.19.0/pdm/Trabajo_final_PdM/Drivers/API/Src" -O0 -ffunction-sections -fdata-sections -Wall -fstack-usage -fcyclomatic-complexity -MMD -MP -MF"Core/Src/stm32f4xx_hal_msp.d" -MT"Core/Src/stm32f4xx_hal_msp.o" --specs=nano.specs -mfpu=fpv4-sp-d16 -mfloat-abi=hard -mthumb -o "Core/Src/stm32f4xx_hal_msp.o"
arm-none-eabi-gcc "../Core/Src/stm32f4xx_it.c" -mcpu=cortex-m4 -std=gnu11 -g3 -DDEBUG -DUSE_HAL_DRIVER -DSTM32F446xx -c -I../Core/Inc -I../Drivers/STM32F4xx_HAL_Driver/Inc -I../Drivers/STM32F4xx_HAL_Driver/Inc/Legacy -I../Drivers/CMSIS/Device/ST/STM32F4xx/Include -I../Drivers/CMSIS/Include -I"/home/tomas1908/STM32CubeIDE/workspace_1.19.0/pdm/Trabajo_final_PdM/Drivers/API/Inc" -I"/home/tomas1908/STM32CubeIDE/workspace_1.19.0/pdm/Trabajo_final_PdM/Drivers/API/Src" -O0 -ffunction-sections -fdata-sections -Wall -fstack-usage -fcyclomatic-complexity -MMD -MP -MF"Core/Src/stm32f4xx_it.d" -MT"Core/Src/stm32f4xx_it.o" --specs=nano.specs -mfpu=fpv4-sp-d16 -mfloat-abi=hard -mthumb -o "Core/Src/stm32f4xx_it.o"
arm-none-eabi-gcc "../Core/Src/system_stm32f4xx.c" -mcpu=cortex-m4 -std=gnu11 -g3 -DDEBUG -DUSE_HAL_DRIVER -DSTM32F446xx -c -I../Core/Inc -I../Drivers/STM32F4xx_HAL_Driver/Inc -I../Drivers/STM32F4xx_HAL_Driver/Inc/Legacy -I../Drivers/CMSIS/Device/ST/STM32F4xx/Include -I../Drivers/CMSIS/Include -I"/home/tomas1908/STM32CubeIDE/workspace_1.19.0/pdm/Trabajo_final_PdM/Drivers/API/Inc" -I"/home/tomas1908/STM32CubeIDE/workspace_1.19.0/pdm/Trabajo_final_PdM/Drivers/API/Src" -O0 -ffunction-sections -fdata-sections -Wall -fstack-usage -fcyclomatic-complexity -MMD -MP -MF"Core/Src/system_stm32f4xx.d" -MT"Core/Src/system_stm32f4xx.o" --specs=nano.specs -mfpu=fpv4-sp-d16 -mfloat-abi=hard -mthumb -o "Core/Src/system_stm32f4xx.o"
../Core/Src/main.c: In function 'events':
../Core/Src/main.c:366:22: warning: passing argument 1 of 'delayRead' discards 'volatile' qualifier from pointer target type [-Wdiscarded-qualifiers]
  366 |         if(delayRead(&delay_mech) == ready_mode){
      |                      ^~~~~~~~~~~
In file included from ../Core/Inc/main.h:34,
                 from ../Core/Src/main.c:20:
/home/tomas1908/STM32CubeIDE/workspace_1.19.0/pdm/Trabajo_final_PdM/Drivers/API/Inc/API_delay.h:24:29: note: expected 'delay_t *' but argument is of type 'volatile delay_t *'
   24 | mode_t delayRead( delay_t * delay );
      |                   ~~~~~~~~~~^~~~~
../Core/Src/main.c: In function 'FSM':
../Core/Src/main.c:380:41: warning: passing argument 1 of 'SM_init' discards 'volatile' qualifier from pointer target type [-Wdiscarded-qualifiers]
  380 |                                 SM_init(&delay_mech);
      |                                         ^~~~~~~~~~~
../Core/Src/main.c:79:24: note: expected 'delay_t *' but argument is of type 'volatile delay_t *'
   79 | void SM_init(delay_t * mechanic_delay);
      |              ~~~~~~~~~~^~~~~~~~~~~~~~
../Core/Src/main.c:386:59: warning: passing argument 2 of 'action_write' discards 'volatile' qualifier from pointer target type [-Wdiscarded-qualifiers]
  386 |                                 action_write(adc_value_x, &delay_mech);
      |                                                           ^~~~~~~~~~~
../Core/Src/main.c:75:48: note: expected 'delay_t *' but argument is of type 'volatile delay_t *'
   75 | void action_write(uint32_t ADC_value,delay_t * mechanic_delay);
      |                                      ~~~~~~~~~~^~~~~~~~~~~~~~
../Core/Src/main.c: In function 'action_write':
../Core/Src/main.c:429:22: warning: passing argument 1 of 'delayDisable' discards 'volatile' qualifier from pointer target type [-Wdiscarded-qualifiers]
  429 |         delayDisable(&delay_mech);
      |                      ^~~~~~~~~~~
/home/tomas1908/STM32CubeIDE/workspace_1.19.0/pdm/Trabajo_final_PdM/Drivers/API/Inc/API_delay.h:25:29: note: expected 'delay_t *' but argument is of type 'volatile delay_t *'
   25 | void delayDisable(delay_t * delay);
      |                   ~~~~~~~~~~^~~~~
arm-none-eabi-gcc -o "Trabajo_final_PdM.elf" @"objects.list"   -mcpu=cortex-m4 -T"/home/tomas1908/STM32CubeIDE/workspace_1.19.0/pdm/Trabajo_final_PdM/STM32F446RETX_FLASH.ld" --specs=nosys.specs -Wl,-Map="Trabajo_final_PdM.map" -Wl,--gc-sections -static --specs=nano.specs -mfpu=fpv4-sp-d16 -mfloat-abi=hard -mthumb -Wl,--start-group -lc -lm -Wl,--end-group
Finished building target: Trabajo_final_PdM.elf
 
arm-none-eabi-size  Trabajo_final_PdM.elf 
arm-none-eabi-objdump -h -S Trabajo_final_PdM.elf  > "Trabajo_final_PdM.list"
   text	   data	    bss	    dec	    hex	filename
  13788	     12	   1740	  15540	   3cb4	Trabajo_final_PdM.elf
Finished building: default.size.stdout
 
Finished building: Trabajo_final_PdM.list
 
16:29:16 **** Incremental Build of configuration Debug for project Trabajo_final_PdM ****
make -j8 all 
arm-none-eabi-gcc "../Core/Src/main.c" -mcpu=cortex-m4 -std=gnu11 -g3 -DDEBUG -DUSE_HAL_DRIVER -DSTM32F446xx -c -I../Core/Inc -I../Drivers/STM32F4xx_HAL_Driver/Inc -I../Drivers/STM32F4xx_HAL_Driver/Inc/Legacy -I../Drivers/CMSIS/Device/ST/STM32F4xx/Include -I../Drivers/CMSIS/Include -I"/home/tomas1908/STM32CubeIDE/workspace_1.19.0/pdm/Trabajo_final_PdM/Drivers/API/Inc" -I"/home/tomas1908/STM32CubeIDE/workspace_1.19.0/pdm/Trabajo_final_PdM/Drivers/API/Src" -O0 -ffunction-sections -fdata-sections -Wall -fstack-usage -fcyclomatic-complexity -MMD -MP -MF"Core/Src/main.d" -MT"Core/Src/main.o" --specs=nano.specs -mfpu=fpv4-sp-d16 -mfloat-abi=hard -mthumb -o "Core/Src/main.o"
arm-none-eabi-gcc -o "Trabajo_final_PdM.elf" @"objects.list"   -mcpu=cortex-m4 -T"/home/tomas1908/STM32CubeIDE/workspace_1.19.0/pdm/Trabajo_final_PdM/STM32F446RETX_FLASH.ld" --specs=nosys.specs -Wl,-Map="Trabajo_final_PdM.map" -Wl,--gc-sections -static --specs=nano.specs -mfpu=fpv4-sp-d16 -mfloat-abi=hard -mthumb -Wl,--start-group -lc -lm -Wl,--end-group
Finished building target: Trabajo_final_PdM.elf
 
arm-none-eabi-size  Trabajo_final_PdM.elf 
   text	   data	    bss	    dec	    hex	filename
  13788	     12	   1740	  15540	   3cb4	Trabajo_final_PdM.elf
arm-none-eabi-objdump -h -S Trabajo_final_PdM.elf  > "Trabajo_final_PdM.list"
Finished building: default.size.stdout
 
Finished building: Trabajo_final_PdM.list
 
16:34:52 **** Incremental Build of configuration Debug for project Trabajo_final_PdM ****
make -j8 all 
arm-none-eabi-gcc "../Drivers/API/Src/API_ADC.c" -mcpu=cortex-m4 -std=gnu11 -g3 -DDEBUG -DUSE_HAL_DRIVER -DSTM32F446xx -c -I../Core/Inc -I../Drivers/STM32F4xx_HAL_Driver/Inc -I../Drivers/STM32F4xx_HAL_Driver/Inc/Legacy -I../Drivers/CMSIS/Device/ST/STM32F4xx/Include -I../Drivers/CMSIS/Include -I"/home/tomas1908/STM32CubeIDE/workspace_1.19.0/pdm/Trabajo_final_PdM/Drivers/API/Inc" -I"/home/tomas1908/STM32CubeIDE/workspace_1.19.0/pdm/Trabajo_final_PdM/Drivers/API/Src" -O0 -ffunction-sections -fdata-sections -Wall -fstack-usage -fcyclomatic-complexity -MMD -MP -MF"Drivers/API/Src/API_ADC.d" -MT"Drivers/API/Src/API_ADC.o" --specs=nano.specs -mfpu=fpv4-sp-d16 -mfloat-abi=hard -mthumb -o "Drivers/API/Src/API_ADC.o"
arm-none-eabi-gcc "../Drivers/API/Src/API_debounce.c" -mcpu=cortex-m4 -std=gnu11 -g3 -DDEBUG -DUSE_HAL_DRIVER -DSTM32F446xx -c -I../Core/Inc -I../Drivers/STM32F4xx_HAL_Driver/Inc -I../Drivers/STM32F4xx_HAL_Driver/Inc/Legacy -I../Drivers/CMSIS/Device/ST/STM32F4xx/Include -I../Drivers/CMSIS/Include -I"/home/tomas1908/STM32CubeIDE/workspace_1.19.0/pdm/Trabajo_final_PdM/Drivers/API/Inc" -I"/home/tomas1908/STM32CubeIDE/workspace_1.19.0/pdm/Trabajo_final_PdM/Drivers/API/Src" -O0 -ffunction-sections -fdata-sections -Wall -fstack-usage -fcyclomatic-complexity -MMD -MP -MF"Drivers/API/Src/API_debounce.d" -MT"Drivers/API/Src/API_debounce.o" --specs=nano.specs -mfpu=fpv4-sp-d16 -mfloat-abi=hard -mthumb -o "Drivers/API/Src/API_debounce.o"
arm-none-eabi-gcc "../Drivers/API/Src/API_delay.c" -mcpu=cortex-m4 -std=gnu11 -g3 -DDEBUG -DUSE_HAL_DRIVER -DSTM32F446xx -c -I../Core/Inc -I../Drivers/STM32F4xx_HAL_Driver/Inc -I../Drivers/STM32F4xx_HAL_Driver/Inc/Legacy -I../Drivers/CMSIS/Device/ST/STM32F4xx/Include -I../Drivers/CMSIS/Include -I"/home/tomas1908/STM32CubeIDE/workspace_1.19.0/pdm/Trabajo_final_PdM/Drivers/API/Inc" -I"/home/tomas1908/STM32CubeIDE/workspace_1.19.0/pdm/Trabajo_final_PdM/Drivers/API/Src" -O0 -ffunction-sections -fdata-sections -Wall -fstack-usage -fcyclomatic-complexity -MMD -MP -MF"Drivers/API/Src/API_delay.d" -MT"Drivers/API/Src/API_delay.o" --specs=nano.specs -mfpu=fpv4-sp-d16 -mfloat-abi=hard -mthumb -o "Drivers/API/Src/API_delay.o"
arm-none-eabi-gcc "../Core/Src/main.c" -mcpu=cortex-m4 -std=gnu11 -g3 -DDEBUG -DUSE_HAL_DRIVER -DSTM32F446xx -c -I../Core/Inc -I../Drivers/STM32F4xx_HAL_Driver/Inc -I../Drivers/STM32F4xx_HAL_Driver/Inc/Legacy -I../Drivers/CMSIS/Device/ST/STM32F4xx/Include -I../Drivers/CMSIS/Include -I"/home/tomas1908/STM32CubeIDE/workspace_1.19.0/pdm/Trabajo_final_PdM/Drivers/API/Inc" -I"/home/tomas1908/STM32CubeIDE/workspace_1.19.0/pdm/Trabajo_final_PdM/Drivers/API/Src" -O0 -ffunction-sections -fdata-sections -Wall -fstack-usage -fcyclomatic-complexity -MMD -MP -MF"Core/Src/main.d" -MT"Core/Src/main.o" --specs=nano.specs -mfpu=fpv4-sp-d16 -mfloat-abi=hard -mthumb -o "Core/Src/main.o"
arm-none-eabi-gcc "../Core/Src/stm32f4xx_hal_msp.c" -mcpu=cortex-m4 -std=gnu11 -g3 -DDEBUG -DUSE_HAL_DRIVER -DSTM32F446xx -c -I../Core/Inc -I../Drivers/STM32F4xx_HAL_Driver/Inc -I../Drivers/STM32F4xx_HAL_Driver/Inc/Legacy -I../Drivers/CMSIS/Device/ST/STM32F4xx/Include -I../Drivers/CMSIS/Include -I"/home/tomas1908/STM32CubeIDE/workspace_1.19.0/pdm/Trabajo_final_PdM/Drivers/API/Inc" -I"/home/tomas1908/STM32CubeIDE/workspace_1.19.0/pdm/Trabajo_final_PdM/Drivers/API/Src" -O0 -ffunction-sections -fdata-sections -Wall -fstack-usage -fcyclomatic-complexity -MMD -MP -MF"Core/Src/stm32f4xx_hal_msp.d" -MT"Core/Src/stm32f4xx_hal_msp.o" --specs=nano.specs -mfpu=fpv4-sp-d16 -mfloat-abi=hard -mthumb -o "Core/Src/stm32f4xx_hal_msp.o"
arm-none-eabi-gcc "../Core/Src/stm32f4xx_it.c" -mcpu=cortex-m4 -std=gnu11 -g3 -DDEBUG -DUSE_HAL_DRIVER -DSTM32F446xx -c -I../Core/Inc -I../Drivers/STM32F4xx_HAL_Driver/Inc -I../Drivers/STM32F4xx_HAL_Driver/Inc/Legacy -I../Drivers/CMSIS/Device/ST/STM32F4xx/Include -I../Drivers/CMSIS/Include -I"/home/tomas1908/STM32CubeIDE/workspace_1.19.0/pdm/Trabajo_final_PdM/Drivers/API/Inc" -I"/home/tomas1908/STM32CubeIDE/workspace_1.19.0/pdm/Trabajo_final_PdM/Drivers/API/Src" -O0 -ffunction-sections -fdata-sections -Wall -fstack-usage -fcyclomatic-complexity -MMD -MP -MF"Core/Src/stm32f4xx_it.d" -MT"Core/Src/stm32f4xx_it.o" --specs=nano.specs -mfpu=fpv4-sp-d16 -mfloat-abi=hard -mthumb -o "Core/Src/stm32f4xx_it.o"
arm-none-eabi-gcc -o "Trabajo_final_PdM.elf" @"objects.list"   -mcpu=cortex-m4 -T"/home/tomas1908/STM32CubeIDE/workspace_1.19.0/pdm/Trabajo_final_PdM/STM32F446RETX_FLASH.ld" --specs=nosys.specs -Wl,-Map="Trabajo_final_PdM.map" -Wl,--gc-sections -static --specs=nano.specs -mfpu=fpv4-sp-d16 -mfloat-abi=hard -mthumb -Wl,--start-group -lc -lm -Wl,--end-group
Finished building target: Trabajo_final_PdM.elf
 
arm-none-eabi-size  Trabajo_final_PdM.elf 
arm-none-eabi-objdump -h -S Trabajo_final_PdM.elf  > "Trabajo_final_PdM.list"
   text	   data	    bss	    dec	    hex	filename
  13788	     12	   1740	  15540	   3cb4	Trabajo_final_PdM.elf
Finished building: default.size.stdout
 
Finished building: Trabajo_final_PdM.list
 
16:36:54 **** Incremental Build of configuration Debug for project Trabajo_final_PdM ****
make -j8 all 
arm-none-eabi-gcc "../Drivers/API/Src/API_ADC.c" -mcpu=cortex-m4 -std=gnu11 -g3 -DDEBUG -DUSE_HAL_DRIVER -DSTM32F446xx -c -I../Core/Inc -I../Drivers/STM32F4xx_HAL_Driver/Inc -I../Drivers/STM32F4xx_HAL_Driver/Inc/Legacy -I../Drivers/CMSIS/Device/ST/STM32F4xx/Include -I../Drivers/CMSIS/Include -I"/home/tomas1908/STM32CubeIDE/workspace_1.19.0/pdm/Trabajo_final_PdM/Drivers/API/Inc" -I"/home/tomas1908/STM32CubeIDE/workspace_1.19.0/pdm/Trabajo_final_PdM/Drivers/API/Src" -O0 -ffunction-sections -fdata-sections -Wall -fstack-usage -fcyclomatic-complexity -MMD -MP -MF"Drivers/API/Src/API_ADC.d" -MT"Drivers/API/Src/API_ADC.o" --specs=nano.specs -mfpu=fpv4-sp-d16 -mfloat-abi=hard -mthumb -o "Drivers/API/Src/API_ADC.o"
arm-none-eabi-gcc "../Drivers/API/Src/API_debounce.c" -mcpu=cortex-m4 -std=gnu11 -g3 -DDEBUG -DUSE_HAL_DRIVER -DSTM32F446xx -c -I../Core/Inc -I../Drivers/STM32F4xx_HAL_Driver/Inc -I../Drivers/STM32F4xx_HAL_Driver/Inc/Legacy -I../Drivers/CMSIS/Device/ST/STM32F4xx/Include -I../Drivers/CMSIS/Include -I"/home/tomas1908/STM32CubeIDE/workspace_1.19.0/pdm/Trabajo_final_PdM/Drivers/API/Inc" -I"/home/tomas1908/STM32CubeIDE/workspace_1.19.0/pdm/Trabajo_final_PdM/Drivers/API/Src" -O0 -ffunction-sections -fdata-sections -Wall -fstack-usage -fcyclomatic-complexity -MMD -MP -MF"Drivers/API/Src/API_debounce.d" -MT"Drivers/API/Src/API_debounce.o" --specs=nano.specs -mfpu=fpv4-sp-d16 -mfloat-abi=hard -mthumb -o "Drivers/API/Src/API_debounce.o"
arm-none-eabi-gcc "../Drivers/API/Src/API_delay_TF.c" -mcpu=cortex-m4 -std=gnu11 -g3 -DDEBUG -DUSE_HAL_DRIVER -DSTM32F446xx -c -I../Core/Inc -I../Drivers/STM32F4xx_HAL_Driver/Inc -I../Drivers/STM32F4xx_HAL_Driver/Inc/Legacy -I../Drivers/CMSIS/Device/ST/STM32F4xx/Include -I../Drivers/CMSIS/Include -I"/home/tomas1908/STM32CubeIDE/workspace_1.19.0/pdm/Trabajo_final_PdM/Drivers/API/Inc" -I"/home/tomas1908/STM32CubeIDE/workspace_1.19.0/pdm/Trabajo_final_PdM/Drivers/API/Src" -O0 -ffunction-sections -fdata-sections -Wall -fstack-usage -fcyclomatic-complexity -MMD -MP -MF"Drivers/API/Src/API_delay_TF.d" -MT"Drivers/API/Src/API_delay_TF.o" --specs=nano.specs -mfpu=fpv4-sp-d16 -mfloat-abi=hard -mthumb -o "Drivers/API/Src/API_delay_TF.o"
arm-none-eabi-gcc "../Core/Src/main.c" -mcpu=cortex-m4 -std=gnu11 -g3 -DDEBUG -DUSE_HAL_DRIVER -DSTM32F446xx -c -I../Core/Inc -I../Drivers/STM32F4xx_HAL_Driver/Inc -I../Drivers/STM32F4xx_HAL_Driver/Inc/Legacy -I../Drivers/CMSIS/Device/ST/STM32F4xx/Include -I../Drivers/CMSIS/Include -I"/home/tomas1908/STM32CubeIDE/workspace_1.19.0/pdm/Trabajo_final_PdM/Drivers/API/Inc" -I"/home/tomas1908/STM32CubeIDE/workspace_1.19.0/pdm/Trabajo_final_PdM/Drivers/API/Src" -O0 -ffunction-sections -fdata-sections -Wall -fstack-usage -fcyclomatic-complexity -MMD -MP -MF"Core/Src/main.d" -MT"Core/Src/main.o" --specs=nano.specs -mfpu=fpv4-sp-d16 -mfloat-abi=hard -mthumb -o "Core/Src/main.o"
arm-none-eabi-gcc "../Core/Src/stm32f4xx_hal_msp.c" -mcpu=cortex-m4 -std=gnu11 -g3 -DDEBUG -DUSE_HAL_DRIVER -DSTM32F446xx -c -I../Core/Inc -I../Drivers/STM32F4xx_HAL_Driver/Inc -I../Drivers/STM32F4xx_HAL_Driver/Inc/Legacy -I../Drivers/CMSIS/Device/ST/STM32F4xx/Include -I../Drivers/CMSIS/Include -I"/home/tomas1908/STM32CubeIDE/workspace_1.19.0/pdm/Trabajo_final_PdM/Drivers/API/Inc" -I"/home/tomas1908/STM32CubeIDE/workspace_1.19.0/pdm/Trabajo_final_PdM/Drivers/API/Src" -O0 -ffunction-sections -fdata-sections -Wall -fstack-usage -fcyclomatic-complexity -MMD -MP -MF"Core/Src/stm32f4xx_hal_msp.d" -MT"Core/Src/stm32f4xx_hal_msp.o" --specs=nano.specs -mfpu=fpv4-sp-d16 -mfloat-abi=hard -mthumb -o "Core/Src/stm32f4xx_hal_msp.o"
arm-none-eabi-gcc "../Core/Src/stm32f4xx_it.c" -mcpu=cortex-m4 -std=gnu11 -g3 -DDEBUG -DUSE_HAL_DRIVER -DSTM32F446xx -c -I../Core/Inc -I../Drivers/STM32F4xx_HAL_Driver/Inc -I../Drivers/STM32F4xx_HAL_Driver/Inc/Legacy -I../Drivers/CMSIS/Device/ST/STM32F4xx/Include -I../Drivers/CMSIS/Include -I"/home/tomas1908/STM32CubeIDE/workspace_1.19.0/pdm/Trabajo_final_PdM/Drivers/API/Inc" -I"/home/tomas1908/STM32CubeIDE/workspace_1.19.0/pdm/Trabajo_final_PdM/Drivers/API/Src" -O0 -ffunction-sections -fdata-sections -Wall -fstack-usage -fcyclomatic-complexity -MMD -MP -MF"Core/Src/stm32f4xx_it.d" -MT"Core/Src/stm32f4xx_it.o" --specs=nano.specs -mfpu=fpv4-sp-d16 -mfloat-abi=hard -mthumb -o "Core/Src/stm32f4xx_it.o"
arm-none-eabi-gcc -o "Trabajo_final_PdM.elf" @"objects.list"   -mcpu=cortex-m4 -T"/home/tomas1908/STM32CubeIDE/workspace_1.19.0/pdm/Trabajo_final_PdM/STM32F446RETX_FLASH.ld" --specs=nosys.specs -Wl,-Map="Trabajo_final_PdM.map" -Wl,--gc-sections -static --specs=nano.specs -mfpu=fpv4-sp-d16 -mfloat-abi=hard -mthumb -Wl,--start-group -lc -lm -Wl,--end-group
Finished building target: Trabajo_final_PdM.elf
 
arm-none-eabi-size  Trabajo_final_PdM.elf 
arm-none-eabi-objdump -h -S Trabajo_final_PdM.elf  > "Trabajo_final_PdM.list"
   text	   data	    bss	    dec	    hex	filename
  13788	     12	   1740	  15540	   3cb4	Trabajo_final_PdM.elf
Finished building: default.size.stdout
 
Finished building: Trabajo_final_PdM.list
 
16:44:42 **** Incremental Build of configuration Debug for project Trabajo_final_PdM ****
make -j8 all 
arm-none-eabi-gcc "../Drivers/API/Src/API_ADC.c" -mcpu=cortex-m4 -std=gnu11 -g3 -DDEBUG -DUSE_HAL_DRIVER -DSTM32F446xx -c -I../Core/Inc -I../Drivers/STM32F4xx_HAL_Driver/Inc -I../Drivers/STM32F4xx_HAL_Driver/Inc/Legacy -I../Drivers/CMSIS/Device/ST/STM32F4xx/Include -I../Drivers/CMSIS/Include -I"/home/tomas1908/STM32CubeIDE/workspace_1.19.0/pdm/Trabajo_final_PdM/Drivers/API/Inc" -I"/home/tomas1908/STM32CubeIDE/workspace_1.19.0/pdm/Trabajo_final_PdM/Drivers/API/Src" -O0 -ffunction-sections -fdata-sections -Wall -fstack-usage -fcyclomatic-complexity -MMD -MP -MF"Drivers/API/Src/API_ADC.d" -MT"Drivers/API/Src/API_ADC.o" --specs=nano.specs -mfpu=fpv4-sp-d16 -mfloat-abi=hard -mthumb -o "Drivers/API/Src/API_ADC.o"
arm-none-eabi-gcc "../Drivers/API/Src/API_debounce.c" -mcpu=cortex-m4 -std=gnu11 -g3 -DDEBUG -DUSE_HAL_DRIVER -DSTM32F446xx -c -I../Core/Inc -I../Drivers/STM32F4xx_HAL_Driver/Inc -I../Drivers/STM32F4xx_HAL_Driver/Inc/Legacy -I../Drivers/CMSIS/Device/ST/STM32F4xx/Include -I../Drivers/CMSIS/Include -I"/home/tomas1908/STM32CubeIDE/workspace_1.19.0/pdm/Trabajo_final_PdM/Drivers/API/Inc" -I"/home/tomas1908/STM32CubeIDE/workspace_1.19.0/pdm/Trabajo_final_PdM/Drivers/API/Src" -O0 -ffunction-sections -fdata-sections -Wall -fstack-usage -fcyclomatic-complexity -MMD -MP -MF"Drivers/API/Src/API_debounce.d" -MT"Drivers/API/Src/API_debounce.o" --specs=nano.specs -mfpu=fpv4-sp-d16 -mfloat-abi=hard -mthumb -o "Drivers/API/Src/API_debounce.o"
arm-none-eabi-gcc "../Drivers/API/Src/API_delay_TF.c" -mcpu=cortex-m4 -std=gnu11 -g3 -DDEBUG -DUSE_HAL_DRIVER -DSTM32F446xx -c -I../Core/Inc -I../Drivers/STM32F4xx_HAL_Driver/Inc -I../Drivers/STM32F4xx_HAL_Driver/Inc/Legacy -I../Drivers/CMSIS/Device/ST/STM32F4xx/Include -I../Drivers/CMSIS/Include -I"/home/tomas1908/STM32CubeIDE/workspace_1.19.0/pdm/Trabajo_final_PdM/Drivers/API/Inc" -I"/home/tomas1908/STM32CubeIDE/workspace_1.19.0/pdm/Trabajo_final_PdM/Drivers/API/Src" -O0 -ffunction-sections -fdata-sections -Wall -fstack-usage -fcyclomatic-complexity -MMD -MP -MF"Drivers/API/Src/API_delay_TF.d" -MT"Drivers/API/Src/API_delay_TF.o" --specs=nano.specs -mfpu=fpv4-sp-d16 -mfloat-abi=hard -mthumb -o "Drivers/API/Src/API_delay_TF.o"
arm-none-eabi-gcc "../Drivers/API/Src/API_delay_TF_port.c" -mcpu=cortex-m4 -std=gnu11 -g3 -DDEBUG -DUSE_HAL_DRIVER -DSTM32F446xx -c -I../Core/Inc -I../Drivers/STM32F4xx_HAL_Driver/Inc -I../Drivers/STM32F4xx_HAL_Driver/Inc/Legacy -I../Drivers/CMSIS/Device/ST/STM32F4xx/Include -I../Drivers/CMSIS/Include -I"/home/tomas1908/STM32CubeIDE/workspace_1.19.0/pdm/Trabajo_final_PdM/Drivers/API/Inc" -I"/home/tomas1908/STM32CubeIDE/workspace_1.19.0/pdm/Trabajo_final_PdM/Drivers/API/Src" -O0 -ffunction-sections -fdata-sections -Wall -fstack-usage -fcyclomatic-complexity -MMD -MP -MF"Drivers/API/Src/API_delay_TF_port.d" -MT"Drivers/API/Src/API_delay_TF_port.o" --specs=nano.specs -mfpu=fpv4-sp-d16 -mfloat-abi=hard -mthumb -o "Drivers/API/Src/API_delay_TF_port.o"
arm-none-eabi-gcc "../Core/Src/main.c" -mcpu=cortex-m4 -std=gnu11 -g3 -DDEBUG -DUSE_HAL_DRIVER -DSTM32F446xx -c -I../Core/Inc -I../Drivers/STM32F4xx_HAL_Driver/Inc -I../Drivers/STM32F4xx_HAL_Driver/Inc/Legacy -I../Drivers/CMSIS/Device/ST/STM32F4xx/Include -I../Drivers/CMSIS/Include -I"/home/tomas1908/STM32CubeIDE/workspace_1.19.0/pdm/Trabajo_final_PdM/Drivers/API/Inc" -I"/home/tomas1908/STM32CubeIDE/workspace_1.19.0/pdm/Trabajo_final_PdM/Drivers/API/Src" -O0 -ffunction-sections -fdata-sections -Wall -fstack-usage -fcyclomatic-complexity -MMD -MP -MF"Core/Src/main.d" -MT"Core/Src/main.o" --specs=nano.specs -mfpu=fpv4-sp-d16 -mfloat-abi=hard -mthumb -o "Core/Src/main.o"
arm-none-eabi-gcc "../Core/Src/stm32f4xx_hal_msp.c" -mcpu=cortex-m4 -std=gnu11 -g3 -DDEBUG -DUSE_HAL_DRIVER -DSTM32F446xx -c -I../Core/Inc -I../Drivers/STM32F4xx_HAL_Driver/Inc -I../Drivers/STM32F4xx_HAL_Driver/Inc/Legacy -I../Drivers/CMSIS/Device/ST/STM32F4xx/Include -I../Drivers/CMSIS/Include -I"/home/tomas1908/STM32CubeIDE/workspace_1.19.0/pdm/Trabajo_final_PdM/Drivers/API/Inc" -I"/home/tomas1908/STM32CubeIDE/workspace_1.19.0/pdm/Trabajo_final_PdM/Drivers/API/Src" -O0 -ffunction-sections -fdata-sections -Wall -fstack-usage -fcyclomatic-complexity -MMD -MP -MF"Core/Src/stm32f4xx_hal_msp.d" -MT"Core/Src/stm32f4xx_hal_msp.o" --specs=nano.specs -mfpu=fpv4-sp-d16 -mfloat-abi=hard -mthumb -o "Core/Src/stm32f4xx_hal_msp.o"
arm-none-eabi-gcc "../Core/Src/stm32f4xx_it.c" -mcpu=cortex-m4 -std=gnu11 -g3 -DDEBUG -DUSE_HAL_DRIVER -DSTM32F446xx -c -I../Core/Inc -I../Drivers/STM32F4xx_HAL_Driver/Inc -I../Drivers/STM32F4xx_HAL_Driver/Inc/Legacy -I../Drivers/CMSIS/Device/ST/STM32F4xx/Include -I../Drivers/CMSIS/Include -I"/home/tomas1908/STM32CubeIDE/workspace_1.19.0/pdm/Trabajo_final_PdM/Drivers/API/Inc" -I"/home/tomas1908/STM32CubeIDE/workspace_1.19.0/pdm/Trabajo_final_PdM/Drivers/API/Src" -O0 -ffunction-sections -fdata-sections -Wall -fstack-usage -fcyclomatic-complexity -MMD -MP -MF"Core/Src/stm32f4xx_it.d" -MT"Core/Src/stm32f4xx_it.o" --specs=nano.specs -mfpu=fpv4-sp-d16 -mfloat-abi=hard -mthumb -o "Core/Src/stm32f4xx_it.o"
../Drivers/API/Src/API_delay_TF_port.c: In function 'get_tick':
../Drivers/API/Src/API_delay_TF_port.c:13:1: warning: control reaches end of non-void function [-Wreturn-type]
   13 | }
      | ^
arm-none-eabi-gcc -o "Trabajo_final_PdM.elf" @"objects.list"   -mcpu=cortex-m4 -T"/home/tomas1908/STM32CubeIDE/workspace_1.19.0/pdm/Trabajo_final_PdM/STM32F446RETX_FLASH.ld" --specs=nosys.specs -Wl,-Map="Trabajo_final_PdM.map" -Wl,--gc-sections -static --specs=nano.specs -mfpu=fpv4-sp-d16 -mfloat-abi=hard -mthumb -Wl,--start-group -lc -lm -Wl,--end-group
Finished building target: Trabajo_final_PdM.elf
 
arm-none-eabi-size  Trabajo_final_PdM.elf 
arm-none-eabi-objdump -h -S Trabajo_final_PdM.elf  > "Trabajo_final_PdM.list"
   text	   data	    bss	    dec	    hex	filename
  13800	     12	   1740	  15552	   3cc0	Trabajo_final_PdM.elf
Finished building: default.size.stdout
 
Finished building: Trabajo_final_PdM.list
 
16:45:07 **** Incremental Build of configuration Debug for project Trabajo_final_PdM ****
make -j8 all 
arm-none-eabi-gcc "../Drivers/API/Src/API_delay_TF_port.c" -mcpu=cortex-m4 -std=gnu11 -g3 -DDEBUG -DUSE_HAL_DRIVER -DSTM32F446xx -c -I../Core/Inc -I../Drivers/STM32F4xx_HAL_Driver/Inc -I../Drivers/STM32F4xx_HAL_Driver/Inc/Legacy -I../Drivers/CMSIS/Device/ST/STM32F4xx/Include -I../Drivers/CMSIS/Include -I"/home/tomas1908/STM32CubeIDE/workspace_1.19.0/pdm/Trabajo_final_PdM/Drivers/API/Inc" -I"/home/tomas1908/STM32CubeIDE/workspace_1.19.0/pdm/Trabajo_final_PdM/Drivers/API/Src" -O0 -ffunction-sections -fdata-sections -Wall -fstack-usage -fcyclomatic-complexity -MMD -MP -MF"Drivers/API/Src/API_delay_TF_port.d" -MT"Drivers/API/Src/API_delay_TF_port.o" --specs=nano.specs -mfpu=fpv4-sp-d16 -mfloat-abi=hard -mthumb -o "Drivers/API/Src/API_delay_TF_port.o"
arm-none-eabi-gcc -o "Trabajo_final_PdM.elf" @"objects.list"   -mcpu=cortex-m4 -T"/home/tomas1908/STM32CubeIDE/workspace_1.19.0/pdm/Trabajo_final_PdM/STM32F446RETX_FLASH.ld" --specs=nosys.specs -Wl,-Map="Trabajo_final_PdM.map" -Wl,--gc-sections -static --specs=nano.specs -mfpu=fpv4-sp-d16 -mfloat-abi=hard -mthumb -Wl,--start-group -lc -lm -Wl,--end-group
Finished building target: Trabajo_final_PdM.elf
 
arm-none-eabi-size  Trabajo_final_PdM.elf 
arm-none-eabi-objdump -h -S Trabajo_final_PdM.elf  > "Trabajo_final_PdM.list"
   text	   data	    bss	    dec	    hex	filename
  13800	     12	   1740	  15552	   3cc0	Trabajo_final_PdM.elf
Finished building: default.size.stdout
 
Finished building: Trabajo_final_PdM.list
 
21:22:27 **** Build of configuration Debug for project ej1_p5 ****
make -j8 all 
arm-none-eabi-gcc "../Drivers/STM32F4xx_HAL_Driver/Src/stm32f4xx_hal.c" -mcpu=cortex-m4 -std=gnu11 -g3 -DDEBUG -DUSE_HAL_DRIVER -DSTM32F446xx -c -I../Core/Inc -I../Drivers/STM32F4xx_HAL_Driver/Inc -I../Drivers/STM32F4xx_HAL_Driver/Inc/Legacy -I../Drivers/CMSIS/Device/ST/STM32F4xx/Include -I../Drivers/CMSIS/Include -I"/home/tomas1908/STM32CubeIDE/workspace_1.19.0/pdm/ej1_p5/Drivers/API/Inc" -I"/home/tomas1908/STM32CubeIDE/workspace_1.19.0/pdm/ej1_p5/Drivers/API/Src" -I"/home/tomas1908/STM32CubeIDE/workspace_1.19.0/pdm/ej1_p5/Drivers/API" -I"/home/tomas1908/STM32CubeIDE/workspace_1.19.0/pdm/ej1_p5/Drivers" -O0 -ffunction-sections -fdata-sections -Wall -fstack-usage -fcyclomatic-complexity -MMD -MP -MF"Drivers/STM32F4xx_HAL_Driver/Src/stm32f4xx_hal.d" -MT"Drivers/STM32F4xx_HAL_Driver/Src/stm32f4xx_hal.o" --specs=nano.specs -mfpu=fpv4-sp-d16 -mfloat-abi=hard -mthumb -o "Drivers/STM32F4xx_HAL_Driver/Src/stm32f4xx_hal.o"
arm-none-eabi-gcc "../Drivers/STM32F4xx_HAL_Driver/Src/stm32f4xx_hal_cortex.c" -mcpu=cortex-m4 -std=gnu11 -g3 -DDEBUG -DUSE_HAL_DRIVER -DSTM32F446xx -c -I../Core/Inc -I../Drivers/STM32F4xx_HAL_Driver/Inc -I../Drivers/STM32F4xx_HAL_Driver/Inc/Legacy -I../Drivers/CMSIS/Device/ST/STM32F4xx/Include -I../Drivers/CMSIS/Include -I"/home/tomas1908/STM32CubeIDE/workspace_1.19.0/pdm/ej1_p5/Drivers/API/Inc" -I"/home/tomas1908/STM32CubeIDE/workspace_1.19.0/pdm/ej1_p5/Drivers/API/Src" -I"/home/tomas1908/STM32CubeIDE/workspace_1.19.0/pdm/ej1_p5/Drivers/API" -I"/home/tomas1908/STM32CubeIDE/workspace_1.19.0/pdm/ej1_p5/Drivers" -O0 -ffunction-sections -fdata-sections -Wall -fstack-usage -fcyclomatic-complexity -MMD -MP -MF"Drivers/STM32F4xx_HAL_Driver/Src/stm32f4xx_hal_cortex.d" -MT"Drivers/STM32F4xx_HAL_Driver/Src/stm32f4xx_hal_cortex.o" --specs=nano.specs -mfpu=fpv4-sp-d16 -mfloat-abi=hard -mthumb -o "Drivers/STM32F4xx_HAL_Driver/Src/stm32f4xx_hal_cortex.o"
arm-none-eabi-gcc "../Drivers/STM32F4xx_HAL_Driver/Src/stm32f4xx_hal_dma.c" -mcpu=cortex-m4 -std=gnu11 -g3 -DDEBUG -DUSE_HAL_DRIVER -DSTM32F446xx -c -I../Core/Inc -I../Drivers/STM32F4xx_HAL_Driver/Inc -I../Drivers/STM32F4xx_HAL_Driver/Inc/Legacy -I../Drivers/CMSIS/Device/ST/STM32F4xx/Include -I../Drivers/CMSIS/Include -I"/home/tomas1908/STM32CubeIDE/workspace_1.19.0/pdm/ej1_p5/Drivers/API/Inc" -I"/home/tomas1908/STM32CubeIDE/workspace_1.19.0/pdm/ej1_p5/Drivers/API/Src" -I"/home/tomas1908/STM32CubeIDE/workspace_1.19.0/pdm/ej1_p5/Drivers/API" -I"/home/tomas1908/STM32CubeIDE/workspace_1.19.0/pdm/ej1_p5/Drivers" -O0 -ffunction-sections -fdata-sections -Wall -fstack-usage -fcyclomatic-complexity -MMD -MP -MF"Drivers/STM32F4xx_HAL_Driver/Src/stm32f4xx_hal_dma.d" -MT"Drivers/STM32F4xx_HAL_Driver/Src/stm32f4xx_hal_dma.o" --specs=nano.specs -mfpu=fpv4-sp-d16 -mfloat-abi=hard -mthumb -o "Drivers/STM32F4xx_HAL_Driver/Src/stm32f4xx_hal_dma.o"
arm-none-eabi-gcc "../Drivers/STM32F4xx_HAL_Driver/Src/stm32f4xx_hal_dma_ex.c" -mcpu=cortex-m4 -std=gnu11 -g3 -DDEBUG -DUSE_HAL_DRIVER -DSTM32F446xx -c -I../Core/Inc -I../Drivers/STM32F4xx_HAL_Driver/Inc -I../Drivers/STM32F4xx_HAL_Driver/Inc/Legacy -I../Drivers/CMSIS/Device/ST/STM32F4xx/Include -I../Drivers/CMSIS/Include -I"/home/tomas1908/STM32CubeIDE/workspace_1.19.0/pdm/ej1_p5/Drivers/API/Inc" -I"/home/tomas1908/STM32CubeIDE/workspace_1.19.0/pdm/ej1_p5/Drivers/API/Src" -I"/home/tomas1908/STM32CubeIDE/workspace_1.19.0/pdm/ej1_p5/Drivers/API" -I"/home/tomas1908/STM32CubeIDE/workspace_1.19.0/pdm/ej1_p5/Drivers" -O0 -ffunction-sections -fdata-sections -Wall -fstack-usage -fcyclomatic-complexity -MMD -MP -MF"Drivers/STM32F4xx_HAL_Driver/Src/stm32f4xx_hal_dma_ex.d" -MT"Drivers/STM32F4xx_HAL_Driver/Src/stm32f4xx_hal_dma_ex.o" --specs=nano.specs -mfpu=fpv4-sp-d16 -mfloat-abi=hard -mthumb -o "Drivers/STM32F4xx_HAL_Driver/Src/stm32f4xx_hal_dma_ex.o"
arm-none-eabi-gcc "../Drivers/STM32F4xx_HAL_Driver/Src/stm32f4xx_hal_exti.c" -mcpu=cortex-m4 -std=gnu11 -g3 -DDEBUG -DUSE_HAL_DRIVER -DSTM32F446xx -c -I../Core/Inc -I../Drivers/STM32F4xx_HAL_Driver/Inc -I../Drivers/STM32F4xx_HAL_Driver/Inc/Legacy -I../Drivers/CMSIS/Device/ST/STM32F4xx/Include -I../Drivers/CMSIS/Include -I"/home/tomas1908/STM32CubeIDE/workspace_1.19.0/pdm/ej1_p5/Drivers/API/Inc" -I"/home/tomas1908/STM32CubeIDE/workspace_1.19.0/pdm/ej1_p5/Drivers/API/Src" -I"/home/tomas1908/STM32CubeIDE/workspace_1.19.0/pdm/ej1_p5/Drivers/API" -I"/home/tomas1908/STM32CubeIDE/workspace_1.19.0/pdm/ej1_p5/Drivers" -O0 -ffunction-sections -fdata-sections -Wall -fstack-usage -fcyclomatic-complexity -MMD -MP -MF"Drivers/STM32F4xx_HAL_Driver/Src/stm32f4xx_hal_exti.d" -MT"Drivers/STM32F4xx_HAL_Driver/Src/stm32f4xx_hal_exti.o" --specs=nano.specs -mfpu=fpv4-sp-d16 -mfloat-abi=hard -mthumb -o "Drivers/STM32F4xx_HAL_Driver/Src/stm32f4xx_hal_exti.o"
arm-none-eabi-gcc "../Drivers/STM32F4xx_HAL_Driver/Src/stm32f4xx_hal_flash.c" -mcpu=cortex-m4 -std=gnu11 -g3 -DDEBUG -DUSE_HAL_DRIVER -DSTM32F446xx -c -I../Core/Inc -I../Drivers/STM32F4xx_HAL_Driver/Inc -I../Drivers/STM32F4xx_HAL_Driver/Inc/Legacy -I../Drivers/CMSIS/Device/ST/STM32F4xx/Include -I../Drivers/CMSIS/Include -I"/home/tomas1908/STM32CubeIDE/workspace_1.19.0/pdm/ej1_p5/Drivers/API/Inc" -I"/home/tomas1908/STM32CubeIDE/workspace_1.19.0/pdm/ej1_p5/Drivers/API/Src" -I"/home/tomas1908/STM32CubeIDE/workspace_1.19.0/pdm/ej1_p5/Drivers/API" -I"/home/tomas1908/STM32CubeIDE/workspace_1.19.0/pdm/ej1_p5/Drivers" -O0 -ffunction-sections -fdata-sections -Wall -fstack-usage -fcyclomatic-complexity -MMD -MP -MF"Drivers/STM32F4xx_HAL_Driver/Src/stm32f4xx_hal_flash.d" -MT"Drivers/STM32F4xx_HAL_Driver/Src/stm32f4xx_hal_flash.o" --specs=nano.specs -mfpu=fpv4-sp-d16 -mfloat-abi=hard -mthumb -o "Drivers/STM32F4xx_HAL_Driver/Src/stm32f4xx_hal_flash.o"
arm-none-eabi-gcc "../Drivers/STM32F4xx_HAL_Driver/Src/stm32f4xx_hal_flash_ex.c" -mcpu=cortex-m4 -std=gnu11 -g3 -DDEBUG -DUSE_HAL_DRIVER -DSTM32F446xx -c -I../Core/Inc -I../Drivers/STM32F4xx_HAL_Driver/Inc -I../Drivers/STM32F4xx_HAL_Driver/Inc/Legacy -I../Drivers/CMSIS/Device/ST/STM32F4xx/Include -I../Drivers/CMSIS/Include -I"/home/tomas1908/STM32CubeIDE/workspace_1.19.0/pdm/ej1_p5/Drivers/API/Inc" -I"/home/tomas1908/STM32CubeIDE/workspace_1.19.0/pdm/ej1_p5/Drivers/API/Src" -I"/home/tomas1908/STM32CubeIDE/workspace_1.19.0/pdm/ej1_p5/Drivers/API" -I"/home/tomas1908/STM32CubeIDE/workspace_1.19.0/pdm/ej1_p5/Drivers" -O0 -ffunction-sections -fdata-sections -Wall -fstack-usage -fcyclomatic-complexity -MMD -MP -MF"Drivers/STM32F4xx_HAL_Driver/Src/stm32f4xx_hal_flash_ex.d" -MT"Drivers/STM32F4xx_HAL_Driver/Src/stm32f4xx_hal_flash_ex.o" --specs=nano.specs -mfpu=fpv4-sp-d16 -mfloat-abi=hard -mthumb -o "Drivers/STM32F4xx_HAL_Driver/Src/stm32f4xx_hal_flash_ex.o"
arm-none-eabi-gcc "../Drivers/STM32F4xx_HAL_Driver/Src/stm32f4xx_hal_flash_ramfunc.c" -mcpu=cortex-m4 -std=gnu11 -g3 -DDEBUG -DUSE_HAL_DRIVER -DSTM32F446xx -c -I../Core/Inc -I../Drivers/STM32F4xx_HAL_Driver/Inc -I../Drivers/STM32F4xx_HAL_Driver/Inc/Legacy -I../Drivers/CMSIS/Device/ST/STM32F4xx/Include -I../Drivers/CMSIS/Include -I"/home/tomas1908/STM32CubeIDE/workspace_1.19.0/pdm/ej1_p5/Drivers/API/Inc" -I"/home/tomas1908/STM32CubeIDE/workspace_1.19.0/pdm/ej1_p5/Drivers/API/Src" -I"/home/tomas1908/STM32CubeIDE/workspace_1.19.0/pdm/ej1_p5/Drivers/API" -I"/home/tomas1908/STM32CubeIDE/workspace_1.19.0/pdm/ej1_p5/Drivers" -O0 -ffunction-sections -fdata-sections -Wall -fstack-usage -fcyclomatic-complexity -MMD -MP -MF"Drivers/STM32F4xx_HAL_Driver/Src/stm32f4xx_hal_flash_ramfunc.d" -MT"Drivers/STM32F4xx_HAL_Driver/Src/stm32f4xx_hal_flash_ramfunc.o" --specs=nano.specs -mfpu=fpv4-sp-d16 -mfloat-abi=hard -mthumb -o "Drivers/STM32F4xx_HAL_Driver/Src/stm32f4xx_hal_flash_ramfunc.o"
arm-none-eabi-gcc "../Drivers/STM32F4xx_HAL_Driver/Src/stm32f4xx_hal_gpio.c" -mcpu=cortex-m4 -std=gnu11 -g3 -DDEBUG -DUSE_HAL_DRIVER -DSTM32F446xx -c -I../Core/Inc -I../Drivers/STM32F4xx_HAL_Driver/Inc -I../Drivers/STM32F4xx_HAL_Driver/Inc/Legacy -I../Drivers/CMSIS/Device/ST/STM32F4xx/Include -I../Drivers/CMSIS/Include -I"/home/tomas1908/STM32CubeIDE/workspace_1.19.0/pdm/ej1_p5/Drivers/API/Inc" -I"/home/tomas1908/STM32CubeIDE/workspace_1.19.0/pdm/ej1_p5/Drivers/API/Src" -I"/home/tomas1908/STM32CubeIDE/workspace_1.19.0/pdm/ej1_p5/Drivers/API" -I"/home/tomas1908/STM32CubeIDE/workspace_1.19.0/pdm/ej1_p5/Drivers" -O0 -ffunction-sections -fdata-sections -Wall -fstack-usage -fcyclomatic-complexity -MMD -MP -MF"Drivers/STM32F4xx_HAL_Driver/Src/stm32f4xx_hal_gpio.d" -MT"Drivers/STM32F4xx_HAL_Driver/Src/stm32f4xx_hal_gpio.o" --specs=nano.specs -mfpu=fpv4-sp-d16 -mfloat-abi=hard -mthumb -o "Drivers/STM32F4xx_HAL_Driver/Src/stm32f4xx_hal_gpio.o"
arm-none-eabi-gcc "../Drivers/STM32F4xx_HAL_Driver/Src/stm32f4xx_hal_pwr.c" -mcpu=cortex-m4 -std=gnu11 -g3 -DDEBUG -DUSE_HAL_DRIVER -DSTM32F446xx -c -I../Core/Inc -I../Drivers/STM32F4xx_HAL_Driver/Inc -I../Drivers/STM32F4xx_HAL_Driver/Inc/Legacy -I../Drivers/CMSIS/Device/ST/STM32F4xx/Include -I../Drivers/CMSIS/Include -I"/home/tomas1908/STM32CubeIDE/workspace_1.19.0/pdm/ej1_p5/Drivers/API/Inc" -I"/home/tomas1908/STM32CubeIDE/workspace_1.19.0/pdm/ej1_p5/Drivers/API/Src" -I"/home/tomas1908/STM32CubeIDE/workspace_1.19.0/pdm/ej1_p5/Drivers/API" -I"/home/tomas1908/STM32CubeIDE/workspace_1.19.0/pdm/ej1_p5/Drivers" -O0 -ffunction-sections -fdata-sections -Wall -fstack-usage -fcyclomatic-complexity -MMD -MP -MF"Drivers/STM32F4xx_HAL_Driver/Src/stm32f4xx_hal_pwr.d" -MT"Drivers/STM32F4xx_HAL_Driver/Src/stm32f4xx_hal_pwr.o" --specs=nano.specs -mfpu=fpv4-sp-d16 -mfloat-abi=hard -mthumb -o "Drivers/STM32F4xx_HAL_Driver/Src/stm32f4xx_hal_pwr.o"
arm-none-eabi-gcc "../Drivers/STM32F4xx_HAL_Driver/Src/stm32f4xx_hal_pwr_ex.c" -mcpu=cortex-m4 -std=gnu11 -g3 -DDEBUG -DUSE_HAL_DRIVER -DSTM32F446xx -c -I../Core/Inc -I../Drivers/STM32F4xx_HAL_Driver/Inc -I../Drivers/STM32F4xx_HAL_Driver/Inc/Legacy -I../Drivers/CMSIS/Device/ST/STM32F4xx/Include -I../Drivers/CMSIS/Include -I"/home/tomas1908/STM32CubeIDE/workspace_1.19.0/pdm/ej1_p5/Drivers/API/Inc" -I"/home/tomas1908/STM32CubeIDE/workspace_1.19.0/pdm/ej1_p5/Drivers/API/Src" -I"/home/tomas1908/STM32CubeIDE/workspace_1.19.0/pdm/ej1_p5/Drivers/API" -I"/home/tomas1908/STM32CubeIDE/workspace_1.19.0/pdm/ej1_p5/Drivers" -O0 -ffunction-sections -fdata-sections -Wall -fstack-usage -fcyclomatic-complexity -MMD -MP -MF"Drivers/STM32F4xx_HAL_Driver/Src/stm32f4xx_hal_pwr_ex.d" -MT"Drivers/STM32F4xx_HAL_Driver/Src/stm32f4xx_hal_pwr_ex.o" --specs=nano.specs -mfpu=fpv4-sp-d16 -mfloat-abi=hard -mthumb -o "Drivers/STM32F4xx_HAL_Driver/Src/stm32f4xx_hal_pwr_ex.o"
arm-none-eabi-gcc "../Drivers/STM32F4xx_HAL_Driver/Src/stm32f4xx_hal_rcc.c" -mcpu=cortex-m4 -std=gnu11 -g3 -DDEBUG -DUSE_HAL_DRIVER -DSTM32F446xx -c -I../Core/Inc -I../Drivers/STM32F4xx_HAL_Driver/Inc -I../Drivers/STM32F4xx_HAL_Driver/Inc/Legacy -I../Drivers/CMSIS/Device/ST/STM32F4xx/Include -I../Drivers/CMSIS/Include -I"/home/tomas1908/STM32CubeIDE/workspace_1.19.0/pdm/ej1_p5/Drivers/API/Inc" -I"/home/tomas1908/STM32CubeIDE/workspace_1.19.0/pdm/ej1_p5/Drivers/API/Src" -I"/home/tomas1908/STM32CubeIDE/workspace_1.19.0/pdm/ej1_p5/Drivers/API" -I"/home/tomas1908/STM32CubeIDE/workspace_1.19.0/pdm/ej1_p5/Drivers" -O0 -ffunction-sections -fdata-sections -Wall -fstack-usage -fcyclomatic-complexity -MMD -MP -MF"Drivers/STM32F4xx_HAL_Driver/Src/stm32f4xx_hal_rcc.d" -MT"Drivers/STM32F4xx_HAL_Driver/Src/stm32f4xx_hal_rcc.o" --specs=nano.specs -mfpu=fpv4-sp-d16 -mfloat-abi=hard -mthumb -o "Drivers/STM32F4xx_HAL_Driver/Src/stm32f4xx_hal_rcc.o"
arm-none-eabi-gcc "../Drivers/STM32F4xx_HAL_Driver/Src/stm32f4xx_hal_rcc_ex.c" -mcpu=cortex-m4 -std=gnu11 -g3 -DDEBUG -DUSE_HAL_DRIVER -DSTM32F446xx -c -I../Core/Inc -I../Drivers/STM32F4xx_HAL_Driver/Inc -I../Drivers/STM32F4xx_HAL_Driver/Inc/Legacy -I../Drivers/CMSIS/Device/ST/STM32F4xx/Include -I../Drivers/CMSIS/Include -I"/home/tomas1908/STM32CubeIDE/workspace_1.19.0/pdm/ej1_p5/Drivers/API/Inc" -I"/home/tomas1908/STM32CubeIDE/workspace_1.19.0/pdm/ej1_p5/Drivers/API/Src" -I"/home/tomas1908/STM32CubeIDE/workspace_1.19.0/pdm/ej1_p5/Drivers/API" -I"/home/tomas1908/STM32CubeIDE/workspace_1.19.0/pdm/ej1_p5/Drivers" -O0 -ffunction-sections -fdata-sections -Wall -fstack-usage -fcyclomatic-complexity -MMD -MP -MF"Drivers/STM32F4xx_HAL_Driver/Src/stm32f4xx_hal_rcc_ex.d" -MT"Drivers/STM32F4xx_HAL_Driver/Src/stm32f4xx_hal_rcc_ex.o" --specs=nano.specs -mfpu=fpv4-sp-d16 -mfloat-abi=hard -mthumb -o "Drivers/STM32F4xx_HAL_Driver/Src/stm32f4xx_hal_rcc_ex.o"
arm-none-eabi-gcc "../Drivers/STM32F4xx_HAL_Driver/Src/stm32f4xx_hal_uart.c" -mcpu=cortex-m4 -std=gnu11 -g3 -DDEBUG -DUSE_HAL_DRIVER -DSTM32F446xx -c -I../Core/Inc -I../Drivers/STM32F4xx_HAL_Driver/Inc -I../Drivers/STM32F4xx_HAL_Driver/Inc/Legacy -I../Drivers/CMSIS/Device/ST/STM32F4xx/Include -I../Drivers/CMSIS/Include -I"/home/tomas1908/STM32CubeIDE/workspace_1.19.0/pdm/ej1_p5/Drivers/API/Inc" -I"/home/tomas1908/STM32CubeIDE/workspace_1.19.0/pdm/ej1_p5/Drivers/API/Src" -I"/home/tomas1908/STM32CubeIDE/workspace_1.19.0/pdm/ej1_p5/Drivers/API" -I"/home/tomas1908/STM32CubeIDE/workspace_1.19.0/pdm/ej1_p5/Drivers" -O0 -ffunction-sections -fdata-sections -Wall -fstack-usage -fcyclomatic-complexity -MMD -MP -MF"Drivers/STM32F4xx_HAL_Driver/Src/stm32f4xx_hal_uart.d" -MT"Drivers/STM32F4xx_HAL_Driver/Src/stm32f4xx_hal_uart.o" --specs=nano.specs -mfpu=fpv4-sp-d16 -mfloat-abi=hard -mthumb -o "Drivers/STM32F4xx_HAL_Driver/Src/stm32f4xx_hal_uart.o"
arm-none-eabi-gcc "../Drivers/API/Src/API_debounce.c" -mcpu=cortex-m4 -std=gnu11 -g3 -DDEBUG -DUSE_HAL_DRIVER -DSTM32F446xx -c -I../Core/Inc -I../Drivers/STM32F4xx_HAL_Driver/Inc -I../Drivers/STM32F4xx_HAL_Driver/Inc/Legacy -I../Drivers/CMSIS/Device/ST/STM32F4xx/Include -I../Drivers/CMSIS/Include -I"/home/tomas1908/STM32CubeIDE/workspace_1.19.0/pdm/ej1_p5/Drivers/API/Inc" -I"/home/tomas1908/STM32CubeIDE/workspace_1.19.0/pdm/ej1_p5/Drivers/API/Src" -I"/home/tomas1908/STM32CubeIDE/workspace_1.19.0/pdm/ej1_p5/Drivers/API" -I"/home/tomas1908/STM32CubeIDE/workspace_1.19.0/pdm/ej1_p5/Drivers" -O0 -ffunction-sections -fdata-sections -Wall -fstack-usage -fcyclomatic-complexity -MMD -MP -MF"Drivers/API/Src/API_debounce.d" -MT"Drivers/API/Src/API_debounce.o" --specs=nano.specs -mfpu=fpv4-sp-d16 -mfloat-abi=hard -mthumb -o "Drivers/API/Src/API_debounce.o"
arm-none-eabi-gcc "../Drivers/API/Src/API_delay.c" -mcpu=cortex-m4 -std=gnu11 -g3 -DDEBUG -DUSE_HAL_DRIVER -DSTM32F446xx -c -I../Core/Inc -I../Drivers/STM32F4xx_HAL_Driver/Inc -I../Drivers/STM32F4xx_HAL_Driver/Inc/Legacy -I../Drivers/CMSIS/Device/ST/STM32F4xx/Include -I../Drivers/CMSIS/Include -I"/home/tomas1908/STM32CubeIDE/workspace_1.19.0/pdm/ej1_p5/Drivers/API/Inc" -I"/home/tomas1908/STM32CubeIDE/workspace_1.19.0/pdm/ej1_p5/Drivers/API/Src" -I"/home/tomas1908/STM32CubeIDE/workspace_1.19.0/pdm/ej1_p5/Drivers/API" -I"/home/tomas1908/STM32CubeIDE/workspace_1.19.0/pdm/ej1_p5/Drivers" -O0 -ffunction-sections -fdata-sections -Wall -fstack-usage -fcyclomatic-complexity -MMD -MP -MF"Drivers/API/Src/API_delay.d" -MT"Drivers/API/Src/API_delay.o" --specs=nano.specs -mfpu=fpv4-sp-d16 -mfloat-abi=hard -mthumb -o "Drivers/API/Src/API_delay.o"
arm-none-eabi-gcc "../Drivers/API/Src/API_uart.c" -mcpu=cortex-m4 -std=gnu11 -g3 -DDEBUG -DUSE_HAL_DRIVER -DSTM32F446xx -c -I../Core/Inc -I../Drivers/STM32F4xx_HAL_Driver/Inc -I../Drivers/STM32F4xx_HAL_Driver/Inc/Legacy -I../Drivers/CMSIS/Device/ST/STM32F4xx/Include -I../Drivers/CMSIS/Include -I"/home/tomas1908/STM32CubeIDE/workspace_1.19.0/pdm/ej1_p5/Drivers/API/Inc" -I"/home/tomas1908/STM32CubeIDE/workspace_1.19.0/pdm/ej1_p5/Drivers/API/Src" -I"/home/tomas1908/STM32CubeIDE/workspace_1.19.0/pdm/ej1_p5/Drivers/API" -I"/home/tomas1908/STM32CubeIDE/workspace_1.19.0/pdm/ej1_p5/Drivers" -O0 -ffunction-sections -fdata-sections -Wall -fstack-usage -fcyclomatic-complexity -MMD -MP -MF"Drivers/API/Src/API_uart.d" -MT"Drivers/API/Src/API_uart.o" --specs=nano.specs -mfpu=fpv4-sp-d16 -mfloat-abi=hard -mthumb -o "Drivers/API/Src/API_uart.o"
In file included from ../Drivers/API/Src/API_uart.c:8:
/home/tomas1908/STM32CubeIDE/workspace_1.19.0/pdm/ej1_p5/Drivers/API/Inc/API_uart.h:14:1: error: unknown type name 'bool_t'
   14 | bool_t uartInit();
      | ^~~~~~
../Drivers/API/Src/API_uart.c:11:1: error: unknown type name 'bool_t'
   11 | bool_t uartInit(){
      | ^~~~~~
../Drivers/API/Src/API_uart.c: In function 'uartInit':
../Drivers/API/Src/API_uart.c:12:23: error: 'huart' undeclared (first use in this function); did you mean 'huart1'?
   12 |         HAL_UART_Init(huart);
      |                       ^~~~~
      |                       huart1
../Drivers/API/Src/API_uart.c:12:23: note: each undeclared identifier is reported only once for each function it appears in
../Drivers/API/Src/API_uart.c:13:1: warning: control reaches end of non-void function [-Wreturn-type]
   13 | }
      | ^
make: *** [Drivers/API/Src/subdir.mk:25: Drivers/API/Src/API_uart.o] Error 1
make: *** Waiting for unfinished jobs....
"make -j8 all" terminated with exit code 2. Build might be incomplete.
21:22:41 **** Incremental Build of configuration Debug for project ej1_p5 ****
make -j8 all 
arm-none-eabi-gcc "../Drivers/API/Src/API_uart.c" -mcpu=cortex-m4 -std=gnu11 -g3 -DDEBUG -DUSE_HAL_DRIVER -DSTM32F446xx -c -I../Core/Inc -I../Drivers/STM32F4xx_HAL_Driver/Inc -I../Drivers/STM32F4xx_HAL_Driver/Inc/Legacy -I../Drivers/CMSIS/Device/ST/STM32F4xx/Include -I../Drivers/CMSIS/Include -I"/home/tomas1908/STM32CubeIDE/workspace_1.19.0/pdm/ej1_p5/Drivers/API/Inc" -I"/home/tomas1908/STM32CubeIDE/workspace_1.19.0/pdm/ej1_p5/Drivers/API/Src" -I"/home/tomas1908/STM32CubeIDE/workspace_1.19.0/pdm/ej1_p5/Drivers/API" -I"/home/tomas1908/STM32CubeIDE/workspace_1.19.0/pdm/ej1_p5/Drivers" -O0 -ffunction-sections -fdata-sections -Wall -fstack-usage -fcyclomatic-complexity -MMD -MP -MF"Drivers/API/Src/API_uart.d" -MT"Drivers/API/Src/API_uart.o" --specs=nano.specs -mfpu=fpv4-sp-d16 -mfloat-abi=hard -mthumb -o "Drivers/API/Src/API_uart.o"
arm-none-eabi-gcc -mcpu=cortex-m4 -g3 -DDEBUG -c -I"/home/tomas1908/STM32CubeIDE/workspace_1.19.0/pdm/ej1_p5/Drivers/API/Inc" -I"/home/tomas1908/STM32CubeIDE/workspace_1.19.0/pdm/ej1_p5/Drivers/API/Src" -I"/home/tomas1908/STM32CubeIDE/workspace_1.19.0/pdm/ej1_p5/Drivers/API" -I"/home/tomas1908/STM32CubeIDE/workspace_1.19.0/pdm/ej1_p5/Drivers" -x assembler-with-cpp -MMD -MP -MF"Core/Startup/startup_stm32f446retx.d" -MT"Core/Startup/startup_stm32f446retx.o" --specs=nano.specs -mfpu=fpv4-sp-d16 -mfloat-abi=hard -mthumb -o "Core/Startup/startup_stm32f446retx.o" "../Core/Startup/startup_stm32f446retx.s"
arm-none-eabi-gcc "../Core/Src/main.c" -mcpu=cortex-m4 -std=gnu11 -g3 -DDEBUG -DUSE_HAL_DRIVER -DSTM32F446xx -c -I../Core/Inc -I../Drivers/STM32F4xx_HAL_Driver/Inc -I../Drivers/STM32F4xx_HAL_Driver/Inc/Legacy -I../Drivers/CMSIS/Device/ST/STM32F4xx/Include -I../Drivers/CMSIS/Include -I"/home/tomas1908/STM32CubeIDE/workspace_1.19.0/pdm/ej1_p5/Drivers/API/Inc" -I"/home/tomas1908/STM32CubeIDE/workspace_1.19.0/pdm/ej1_p5/Drivers/API/Src" -I"/home/tomas1908/STM32CubeIDE/workspace_1.19.0/pdm/ej1_p5/Drivers/API" -I"/home/tomas1908/STM32CubeIDE/workspace_1.19.0/pdm/ej1_p5/Drivers" -O0 -ffunction-sections -fdata-sections -Wall -fstack-usage -fcyclomatic-complexity -MMD -MP -MF"Core/Src/main.d" -MT"Core/Src/main.o" --specs=nano.specs -mfpu=fpv4-sp-d16 -mfloat-abi=hard -mthumb -o "Core/Src/main.o"
arm-none-eabi-gcc "../Core/Src/stm32f4xx_hal_msp.c" -mcpu=cortex-m4 -std=gnu11 -g3 -DDEBUG -DUSE_HAL_DRIVER -DSTM32F446xx -c -I../Core/Inc -I../Drivers/STM32F4xx_HAL_Driver/Inc -I../Drivers/STM32F4xx_HAL_Driver/Inc/Legacy -I../Drivers/CMSIS/Device/ST/STM32F4xx/Include -I../Drivers/CMSIS/Include -I"/home/tomas1908/STM32CubeIDE/workspace_1.19.0/pdm/ej1_p5/Drivers/API/Inc" -I"/home/tomas1908/STM32CubeIDE/workspace_1.19.0/pdm/ej1_p5/Drivers/API/Src" -I"/home/tomas1908/STM32CubeIDE/workspace_1.19.0/pdm/ej1_p5/Drivers/API" -I"/home/tomas1908/STM32CubeIDE/workspace_1.19.0/pdm/ej1_p5/Drivers" -O0 -ffunction-sections -fdata-sections -Wall -fstack-usage -fcyclomatic-complexity -MMD -MP -MF"Core/Src/stm32f4xx_hal_msp.d" -MT"Core/Src/stm32f4xx_hal_msp.o" --specs=nano.specs -mfpu=fpv4-sp-d16 -mfloat-abi=hard -mthumb -o "Core/Src/stm32f4xx_hal_msp.o"
arm-none-eabi-gcc "../Core/Src/stm32f4xx_it.c" -mcpu=cortex-m4 -std=gnu11 -g3 -DDEBUG -DUSE_HAL_DRIVER -DSTM32F446xx -c -I../Core/Inc -I../Drivers/STM32F4xx_HAL_Driver/Inc -I../Drivers/STM32F4xx_HAL_Driver/Inc/Legacy -I../Drivers/CMSIS/Device/ST/STM32F4xx/Include -I../Drivers/CMSIS/Include -I"/home/tomas1908/STM32CubeIDE/workspace_1.19.0/pdm/ej1_p5/Drivers/API/Inc" -I"/home/tomas1908/STM32CubeIDE/workspace_1.19.0/pdm/ej1_p5/Drivers/API/Src" -I"/home/tomas1908/STM32CubeIDE/workspace_1.19.0/pdm/ej1_p5/Drivers/API" -I"/home/tomas1908/STM32CubeIDE/workspace_1.19.0/pdm/ej1_p5/Drivers" -O0 -ffunction-sections -fdata-sections -Wall -fstack-usage -fcyclomatic-complexity -MMD -MP -MF"Core/Src/stm32f4xx_it.d" -MT"Core/Src/stm32f4xx_it.o" --specs=nano.specs -mfpu=fpv4-sp-d16 -mfloat-abi=hard -mthumb -o "Core/Src/stm32f4xx_it.o"
arm-none-eabi-gcc "../Core/Src/syscalls.c" -mcpu=cortex-m4 -std=gnu11 -g3 -DDEBUG -DUSE_HAL_DRIVER -DSTM32F446xx -c -I../Core/Inc -I../Drivers/STM32F4xx_HAL_Driver/Inc -I../Drivers/STM32F4xx_HAL_Driver/Inc/Legacy -I../Drivers/CMSIS/Device/ST/STM32F4xx/Include -I../Drivers/CMSIS/Include -I"/home/tomas1908/STM32CubeIDE/workspace_1.19.0/pdm/ej1_p5/Drivers/API/Inc" -I"/home/tomas1908/STM32CubeIDE/workspace_1.19.0/pdm/ej1_p5/Drivers/API/Src" -I"/home/tomas1908/STM32CubeIDE/workspace_1.19.0/pdm/ej1_p5/Drivers/API" -I"/home/tomas1908/STM32CubeIDE/workspace_1.19.0/pdm/ej1_p5/Drivers" -O0 -ffunction-sections -fdata-sections -Wall -fstack-usage -fcyclomatic-complexity -MMD -MP -MF"Core/Src/syscalls.d" -MT"Core/Src/syscalls.o" --specs=nano.specs -mfpu=fpv4-sp-d16 -mfloat-abi=hard -mthumb -o "Core/Src/syscalls.o"
arm-none-eabi-gcc "../Core/Src/sysmem.c" -mcpu=cortex-m4 -std=gnu11 -g3 -DDEBUG -DUSE_HAL_DRIVER -DSTM32F446xx -c -I../Core/Inc -I../Drivers/STM32F4xx_HAL_Driver/Inc -I../Drivers/STM32F4xx_HAL_Driver/Inc/Legacy -I../Drivers/CMSIS/Device/ST/STM32F4xx/Include -I../Drivers/CMSIS/Include -I"/home/tomas1908/STM32CubeIDE/workspace_1.19.0/pdm/ej1_p5/Drivers/API/Inc" -I"/home/tomas1908/STM32CubeIDE/workspace_1.19.0/pdm/ej1_p5/Drivers/API/Src" -I"/home/tomas1908/STM32CubeIDE/workspace_1.19.0/pdm/ej1_p5/Drivers/API" -I"/home/tomas1908/STM32CubeIDE/workspace_1.19.0/pdm/ej1_p5/Drivers" -O0 -ffunction-sections -fdata-sections -Wall -fstack-usage -fcyclomatic-complexity -MMD -MP -MF"Core/Src/sysmem.d" -MT"Core/Src/sysmem.o" --specs=nano.specs -mfpu=fpv4-sp-d16 -mfloat-abi=hard -mthumb -o "Core/Src/sysmem.o"
arm-none-eabi-gcc "../Core/Src/system_stm32f4xx.c" -mcpu=cortex-m4 -std=gnu11 -g3 -DDEBUG -DUSE_HAL_DRIVER -DSTM32F446xx -c -I../Core/Inc -I../Drivers/STM32F4xx_HAL_Driver/Inc -I../Drivers/STM32F4xx_HAL_Driver/Inc/Legacy -I../Drivers/CMSIS/Device/ST/STM32F4xx/Include -I../Drivers/CMSIS/Include -I"/home/tomas1908/STM32CubeIDE/workspace_1.19.0/pdm/ej1_p5/Drivers/API/Inc" -I"/home/tomas1908/STM32CubeIDE/workspace_1.19.0/pdm/ej1_p5/Drivers/API/Src" -I"/home/tomas1908/STM32CubeIDE/workspace_1.19.0/pdm/ej1_p5/Drivers/API" -I"/home/tomas1908/STM32CubeIDE/workspace_1.19.0/pdm/ej1_p5/Drivers" -O0 -ffunction-sections -fdata-sections -Wall -fstack-usage -fcyclomatic-complexity -MMD -MP -MF"Core/Src/system_stm32f4xx.d" -MT"Core/Src/system_stm32f4xx.o" --specs=nano.specs -mfpu=fpv4-sp-d16 -mfloat-abi=hard -mthumb -o "Core/Src/system_stm32f4xx.o"
In file included from ../Drivers/API/Src/API_uart.c:8:
/home/tomas1908/STM32CubeIDE/workspace_1.19.0/pdm/ej1_p5/Drivers/API/Inc/API_uart.h:14:1: error: unknown type name 'bool_t'
   14 | bool_t uartInit();
      | ^~~~~~
../Core/Src/main.c: In function 'main':
../Core/Src/main.c:106:25: error: incompatible type for argument 1 of 'HAL_UART_Init'
  106 |           HAL_UART_Init(huart1)
      |                         ^~~~~~
      |                         |
      |                         UART_HandleTypeDef {aka struct __UART_HandleTypeDef}
In file included from ../Core/Inc/stm32f4xx_hal_conf.h:411,
                 from ../Drivers/STM32F4xx_HAL_Driver/Inc/stm32f4xx_hal.h:29,
                 from ../Core/Inc/main.h:30,
                 from ../Core/Src/main.c:20:
../Drivers/STM32F4xx_HAL_Driver/Inc/stm32f4xx_hal_uart.h:718:53: note: expected 'UART_HandleTypeDef *' {aka 'struct __UART_HandleTypeDef *'} but argument is of type 'UART_HandleTypeDef' {aka 'struct __UART_HandleTypeDef'}
  718 | HAL_StatusTypeDef HAL_UART_Init(UART_HandleTypeDef *huart);
      |                                 ~~~~~~~~~~~~~~~~~~~~^~~~~
../Core/Src/main.c:106:32: error: expected ';' before '}' token
  106 |           HAL_UART_Init(huart1)
      |                                ^
      |                                ;
  107 | 
  108 |   }
      |   ~                             
../Drivers/API/Src/API_uart.c:11:1: error: unknown type name 'bool_t'
   11 | bool_t uartInit(){
      | ^~~~~~
../Drivers/API/Src/API_uart.c: In function 'uartInit':
../Drivers/API/Src/API_uart.c:12:23: error: incompatible type for argument 1 of 'HAL_UART_Init'
   12 |         HAL_UART_Init(huart1);
      |                       ^~~~~~
      |                       |
      |                       UART_HandleTypeDef {aka struct __UART_HandleTypeDef}
In file included from ../Core/Inc/stm32f4xx_hal_conf.h:411,
                 from ../Drivers/STM32F4xx_HAL_Driver/Inc/stm32f4xx_hal.h:29,
                 from /home/tomas1908/STM32CubeIDE/workspace_1.19.0/pdm/ej1_p5/Drivers/API/Inc/API_uart.h:12:
../Drivers/STM32F4xx_HAL_Driver/Inc/stm32f4xx_hal_uart.h:718:53: note: expected 'UART_HandleTypeDef *' {aka 'struct __UART_HandleTypeDef *'} but argument is of type 'UART_HandleTypeDef' {aka 'struct __UART_HandleTypeDef'}
  718 | HAL_StatusTypeDef HAL_UART_Init(UART_HandleTypeDef *huart);
      |                                 ~~~~~~~~~~~~~~~~~~~~^~~~~
../Drivers/API/Src/API_uart.c:13:1: warning: control reaches end of non-void function [-Wreturn-type]
   13 | }
      | ^
make: *** [Core/Src/subdir.mk:34: Core/Src/main.o] Error 1
make: *** Waiting for unfinished jobs....
make: *** [Drivers/API/Src/subdir.mk:25: Drivers/API/Src/API_uart.o] Error 1
"make -j8 all" terminated with exit code 2. Build might be incomplete.
21:23:09 **** Incremental Build of configuration Debug for project ej1_p5 ****
make -j8 all 
arm-none-eabi-gcc "../Drivers/API/Src/API_uart.c" -mcpu=cortex-m4 -std=gnu11 -g3 -DDEBUG -DUSE_HAL_DRIVER -DSTM32F446xx -c -I../Core/Inc -I../Drivers/STM32F4xx_HAL_Driver/Inc -I../Drivers/STM32F4xx_HAL_Driver/Inc/Legacy -I../Drivers/CMSIS/Device/ST/STM32F4xx/Include -I../Drivers/CMSIS/Include -I"/home/tomas1908/STM32CubeIDE/workspace_1.19.0/pdm/ej1_p5/Drivers/API/Inc" -I"/home/tomas1908/STM32CubeIDE/workspace_1.19.0/pdm/ej1_p5/Drivers/API/Src" -I"/home/tomas1908/STM32CubeIDE/workspace_1.19.0/pdm/ej1_p5/Drivers/API" -I"/home/tomas1908/STM32CubeIDE/workspace_1.19.0/pdm/ej1_p5/Drivers" -O0 -ffunction-sections -fdata-sections -Wall -fstack-usage -fcyclomatic-complexity -MMD -MP -MF"Drivers/API/Src/API_uart.d" -MT"Drivers/API/Src/API_uart.o" --specs=nano.specs -mfpu=fpv4-sp-d16 -mfloat-abi=hard -mthumb -o "Drivers/API/Src/API_uart.o"
arm-none-eabi-gcc "../Core/Src/main.c" -mcpu=cortex-m4 -std=gnu11 -g3 -DDEBUG -DUSE_HAL_DRIVER -DSTM32F446xx -c -I../Core/Inc -I../Drivers/STM32F4xx_HAL_Driver/Inc -I../Drivers/STM32F4xx_HAL_Driver/Inc/Legacy -I../Drivers/CMSIS/Device/ST/STM32F4xx/Include -I../Drivers/CMSIS/Include -I"/home/tomas1908/STM32CubeIDE/workspace_1.19.0/pdm/ej1_p5/Drivers/API/Inc" -I"/home/tomas1908/STM32CubeIDE/workspace_1.19.0/pdm/ej1_p5/Drivers/API/Src" -I"/home/tomas1908/STM32CubeIDE/workspace_1.19.0/pdm/ej1_p5/Drivers/API" -I"/home/tomas1908/STM32CubeIDE/workspace_1.19.0/pdm/ej1_p5/Drivers" -O0 -ffunction-sections -fdata-sections -Wall -fstack-usage -fcyclomatic-complexity -MMD -MP -MF"Core/Src/main.d" -MT"Core/Src/main.o" --specs=nano.specs -mfpu=fpv4-sp-d16 -mfloat-abi=hard -mthumb -o "Core/Src/main.o"
In file included from ../Drivers/API/Src/API_uart.c:8:
/home/tomas1908/STM32CubeIDE/workspace_1.19.0/pdm/ej1_p5/Drivers/API/Inc/API_uart.h:14:1: error: unknown type name 'bool_t'
   14 | bool_t uartInit();
      | ^~~~~~
../Core/Src/main.c: In function 'main':
../Core/Src/main.c:106:25: error: incompatible type for argument 1 of 'HAL_UART_Init'
  106 |           HAL_UART_Init(huart1)
      |                         ^~~~~~
      |                         |
      |                         UART_HandleTypeDef {aka struct __UART_HandleTypeDef}
In file included from ../Core/Inc/stm32f4xx_hal_conf.h:411,
                 from ../Drivers/STM32F4xx_HAL_Driver/Inc/stm32f4xx_hal.h:29,
                 from ../Core/Inc/main.h:30,
                 from ../Core/Src/main.c:20:
../Drivers/STM32F4xx_HAL_Driver/Inc/stm32f4xx_hal_uart.h:718:53: note: expected 'UART_HandleTypeDef *' {aka 'struct __UART_HandleTypeDef *'} but argument is of type 'UART_HandleTypeDef' {aka 'struct __UART_HandleTypeDef'}
  718 | HAL_StatusTypeDef HAL_UART_Init(UART_HandleTypeDef *huart);
      |                                 ~~~~~~~~~~~~~~~~~~~~^~~~~
../Core/Src/main.c:106:32: error: expected ';' before '}' token
  106 |           HAL_UART_Init(huart1)
      |                                ^
      |                                ;
  107 | 
  108 |   }
      |   ~                             
../Drivers/API/Src/API_uart.c:11:1: error: unknown type name 'bool_t'
   11 | bool_t uartInit(){
      | ^~~~~~
../Drivers/API/Src/API_uart.c: In function 'uartInit':
../Drivers/API/Src/API_uart.c:12:23: error: incompatible type for argument 1 of 'HAL_UART_Init'
   12 |         HAL_UART_Init(huart1);
      |                       ^~~~~~
      |                       |
      |                       UART_HandleTypeDef {aka struct __UART_HandleTypeDef}
In file included from ../Core/Inc/stm32f4xx_hal_conf.h:411,
                 from ../Drivers/STM32F4xx_HAL_Driver/Inc/stm32f4xx_hal.h:29,
                 from /home/tomas1908/STM32CubeIDE/workspace_1.19.0/pdm/ej1_p5/Drivers/API/Inc/API_uart.h:12:
../Drivers/STM32F4xx_HAL_Driver/Inc/stm32f4xx_hal_uart.h:718:53: note: expected 'UART_HandleTypeDef *' {aka 'struct __UART_HandleTypeDef *'} but argument is of type 'UART_HandleTypeDef' {aka 'struct __UART_HandleTypeDef'}
  718 | HAL_StatusTypeDef HAL_UART_Init(UART_HandleTypeDef *huart);
      |                                 ~~~~~~~~~~~~~~~~~~~~^~~~~
../Drivers/API/Src/API_uart.c:13:1: warning: control reaches end of non-void function [-Wreturn-type]
   13 | }
      | ^
make: *** [Core/Src/subdir.mk:34: Core/Src/main.o] Error 1
make: *** Waiting for unfinished jobs....
make: *** [Drivers/API/Src/subdir.mk:25: Drivers/API/Src/API_uart.o] Error 1
"make -j8 all" terminated with exit code 2. Build might be incomplete.
21:23:24 **** Incremental Build of configuration Debug for project ej1_p5 ****
make -j8 all 
arm-none-eabi-gcc "../Drivers/API/Src/API_uart.c" -mcpu=cortex-m4 -std=gnu11 -g3 -DDEBUG -DUSE_HAL_DRIVER -DSTM32F446xx -c -I../Core/Inc -I../Drivers/STM32F4xx_HAL_Driver/Inc -I../Drivers/STM32F4xx_HAL_Driver/Inc/Legacy -I../Drivers/CMSIS/Device/ST/STM32F4xx/Include -I../Drivers/CMSIS/Include -I"/home/tomas1908/STM32CubeIDE/workspace_1.19.0/pdm/ej1_p5/Drivers/API/Inc" -I"/home/tomas1908/STM32CubeIDE/workspace_1.19.0/pdm/ej1_p5/Drivers/API/Src" -I"/home/tomas1908/STM32CubeIDE/workspace_1.19.0/pdm/ej1_p5/Drivers/API" -I"/home/tomas1908/STM32CubeIDE/workspace_1.19.0/pdm/ej1_p5/Drivers" -O0 -ffunction-sections -fdata-sections -Wall -fstack-usage -fcyclomatic-complexity -MMD -MP -MF"Drivers/API/Src/API_uart.d" -MT"Drivers/API/Src/API_uart.o" --specs=nano.specs -mfpu=fpv4-sp-d16 -mfloat-abi=hard -mthumb -o "Drivers/API/Src/API_uart.o"
arm-none-eabi-gcc "../Core/Src/main.c" -mcpu=cortex-m4 -std=gnu11 -g3 -DDEBUG -DUSE_HAL_DRIVER -DSTM32F446xx -c -I../Core/Inc -I../Drivers/STM32F4xx_HAL_Driver/Inc -I../Drivers/STM32F4xx_HAL_Driver/Inc/Legacy -I../Drivers/CMSIS/Device/ST/STM32F4xx/Include -I../Drivers/CMSIS/Include -I"/home/tomas1908/STM32CubeIDE/workspace_1.19.0/pdm/ej1_p5/Drivers/API/Inc" -I"/home/tomas1908/STM32CubeIDE/workspace_1.19.0/pdm/ej1_p5/Drivers/API/Src" -I"/home/tomas1908/STM32CubeIDE/workspace_1.19.0/pdm/ej1_p5/Drivers/API" -I"/home/tomas1908/STM32CubeIDE/workspace_1.19.0/pdm/ej1_p5/Drivers" -O0 -ffunction-sections -fdata-sections -Wall -fstack-usage -fcyclomatic-complexity -MMD -MP -MF"Core/Src/main.d" -MT"Core/Src/main.o" --specs=nano.specs -mfpu=fpv4-sp-d16 -mfloat-abi=hard -mthumb -o "Core/Src/main.o"
../Core/Src/main.c: In function 'main':
../Core/Src/main.c:106:25: error: incompatible type for argument 1 of 'HAL_UART_Init'
  106 |           HAL_UART_Init(huart1);
      |                         ^~~~~~
      |                         |
      |                         UART_HandleTypeDef {aka struct __UART_HandleTypeDef}
In file included from ../Core/Inc/stm32f4xx_hal_conf.h:411,
                 from ../Drivers/STM32F4xx_HAL_Driver/Inc/stm32f4xx_hal.h:29,
                 from ../Core/Inc/main.h:30,
                 from ../Core/Src/main.c:20:
../Drivers/STM32F4xx_HAL_Driver/Inc/stm32f4xx_hal_uart.h:718:53: note: expected 'UART_HandleTypeDef *' {aka 'struct __UART_HandleTypeDef *'} but argument is of type 'UART_HandleTypeDef' {aka 'struct __UART_HandleTypeDef'}
  718 | HAL_StatusTypeDef HAL_UART_Init(UART_HandleTypeDef *huart);
      |                                 ~~~~~~~~~~~~~~~~~~~~^~~~~
make: *** [Core/Src/subdir.mk:34: Core/Src/main.o] Error 1
make: *** Waiting for unfinished jobs....
In file included from ../Drivers/API/Src/API_uart.c:8:
/home/tomas1908/STM32CubeIDE/workspace_1.19.0/pdm/ej1_p5/Drivers/API/Inc/API_uart.h:14:1: error: unknown type name 'bool_t'
   14 | bool_t uartInit();
      | ^~~~~~
../Drivers/API/Src/API_uart.c:11:1: error: unknown type name 'bool_t'
   11 | bool_t uartInit(){
      | ^~~~~~
../Drivers/API/Src/API_uart.c: In function 'uartInit':
../Drivers/API/Src/API_uart.c:12:23: error: incompatible type for argument 1 of 'HAL_UART_Init'
   12 |         HAL_UART_Init(huart1);
      |                       ^~~~~~
      |                       |
      |                       UART_HandleTypeDef {aka struct __UART_HandleTypeDef}
In file included from ../Core/Inc/stm32f4xx_hal_conf.h:411,
                 from ../Drivers/STM32F4xx_HAL_Driver/Inc/stm32f4xx_hal.h:29,
                 from /home/tomas1908/STM32CubeIDE/workspace_1.19.0/pdm/ej1_p5/Drivers/API/Inc/API_uart.h:12:
../Drivers/STM32F4xx_HAL_Driver/Inc/stm32f4xx_hal_uart.h:718:53: note: expected 'UART_HandleTypeDef *' {aka 'struct __UART_HandleTypeDef *'} but argument is of type 'UART_HandleTypeDef' {aka 'struct __UART_HandleTypeDef'}
  718 | HAL_StatusTypeDef HAL_UART_Init(UART_HandleTypeDef *huart);
      |                                 ~~~~~~~~~~~~~~~~~~~~^~~~~
../Drivers/API/Src/API_uart.c:13:1: warning: control reaches end of non-void function [-Wreturn-type]
   13 | }
      | ^
make: *** [Drivers/API/Src/subdir.mk:25: Drivers/API/Src/API_uart.o] Error 1
"make -j8 all" terminated with exit code 2. Build might be incomplete.
21:23:33 **** Incremental Build of configuration Debug for project ej1_p5 ****
make -j8 all 
arm-none-eabi-gcc "../Drivers/API/Src/API_uart.c" -mcpu=cortex-m4 -std=gnu11 -g3 -DDEBUG -DUSE_HAL_DRIVER -DSTM32F446xx -c -I../Core/Inc -I../Drivers/STM32F4xx_HAL_Driver/Inc -I../Drivers/STM32F4xx_HAL_Driver/Inc/Legacy -I../Drivers/CMSIS/Device/ST/STM32F4xx/Include -I../Drivers/CMSIS/Include -I"/home/tomas1908/STM32CubeIDE/workspace_1.19.0/pdm/ej1_p5/Drivers/API/Inc" -I"/home/tomas1908/STM32CubeIDE/workspace_1.19.0/pdm/ej1_p5/Drivers/API/Src" -I"/home/tomas1908/STM32CubeIDE/workspace_1.19.0/pdm/ej1_p5/Drivers/API" -I"/home/tomas1908/STM32CubeIDE/workspace_1.19.0/pdm/ej1_p5/Drivers" -O0 -ffunction-sections -fdata-sections -Wall -fstack-usage -fcyclomatic-complexity -MMD -MP -MF"Drivers/API/Src/API_uart.d" -MT"Drivers/API/Src/API_uart.o" --specs=nano.specs -mfpu=fpv4-sp-d16 -mfloat-abi=hard -mthumb -o "Drivers/API/Src/API_uart.o"
arm-none-eabi-gcc "../Core/Src/main.c" -mcpu=cortex-m4 -std=gnu11 -g3 -DDEBUG -DUSE_HAL_DRIVER -DSTM32F446xx -c -I../Core/Inc -I../Drivers/STM32F4xx_HAL_Driver/Inc -I../Drivers/STM32F4xx_HAL_Driver/Inc/Legacy -I../Drivers/CMSIS/Device/ST/STM32F4xx/Include -I../Drivers/CMSIS/Include -I"/home/tomas1908/STM32CubeIDE/workspace_1.19.0/pdm/ej1_p5/Drivers/API/Inc" -I"/home/tomas1908/STM32CubeIDE/workspace_1.19.0/pdm/ej1_p5/Drivers/API/Src" -I"/home/tomas1908/STM32CubeIDE/workspace_1.19.0/pdm/ej1_p5/Drivers/API" -I"/home/tomas1908/STM32CubeIDE/workspace_1.19.0/pdm/ej1_p5/Drivers" -O0 -ffunction-sections -fdata-sections -Wall -fstack-usage -fcyclomatic-complexity -MMD -MP -MF"Core/Src/main.d" -MT"Core/Src/main.o" --specs=nano.specs -mfpu=fpv4-sp-d16 -mfloat-abi=hard -mthumb -o "Core/Src/main.o"
In file included from ../Drivers/API/Src/API_uart.c:8:
/home/tomas1908/STM32CubeIDE/workspace_1.19.0/pdm/ej1_p5/Drivers/API/Inc/API_uart.h:14:1: error: unknown type name 'bool_t'
   14 | bool_t uartInit();
      | ^~~~~~
../Drivers/API/Src/API_uart.c:11:1: error: unknown type name 'bool_t'
   11 | bool_t uartInit(){
      | ^~~~~~
../Drivers/API/Src/API_uart.c: In function 'uartInit':
../Drivers/API/Src/API_uart.c:12:23: error: incompatible type for argument 1 of 'HAL_UART_Init'
   12 |         HAL_UART_Init(huart1);
      |                       ^~~~~~
      |                       |
      |                       UART_HandleTypeDef {aka struct __UART_HandleTypeDef}
In file included from ../Core/Inc/stm32f4xx_hal_conf.h:411,
                 from ../Drivers/STM32F4xx_HAL_Driver/Inc/stm32f4xx_hal.h:29,
                 from /home/tomas1908/STM32CubeIDE/workspace_1.19.0/pdm/ej1_p5/Drivers/API/Inc/API_uart.h:12:
../Drivers/STM32F4xx_HAL_Driver/Inc/stm32f4xx_hal_uart.h:718:53: note: expected 'UART_HandleTypeDef *' {aka 'struct __UART_HandleTypeDef *'} but argument is of type 'UART_HandleTypeDef' {aka 'struct __UART_HandleTypeDef'}
  718 | HAL_StatusTypeDef HAL_UART_Init(UART_HandleTypeDef *huart);
      |                                 ~~~~~~~~~~~~~~~~~~~~^~~~~
../Drivers/API/Src/API_uart.c:13:1: warning: control reaches end of non-void function [-Wreturn-type]
   13 | }
      | ^
make: *** [Drivers/API/Src/subdir.mk:25: Drivers/API/Src/API_uart.o] Error 1
make: *** Waiting for unfinished jobs....
"make -j8 all" terminated with exit code 2. Build might be incomplete.
21:24:06 **** Incremental Build of configuration Debug for project ej1_p5 ****
make -j8 all 
arm-none-eabi-gcc "../Drivers/API/Src/API_uart.c" -mcpu=cortex-m4 -std=gnu11 -g3 -DDEBUG -DUSE_HAL_DRIVER -DSTM32F446xx -c -I../Core/Inc -I../Drivers/STM32F4xx_HAL_Driver/Inc -I../Drivers/STM32F4xx_HAL_Driver/Inc/Legacy -I../Drivers/CMSIS/Device/ST/STM32F4xx/Include -I../Drivers/CMSIS/Include -I"/home/tomas1908/STM32CubeIDE/workspace_1.19.0/pdm/ej1_p5/Drivers/API/Inc" -I"/home/tomas1908/STM32CubeIDE/workspace_1.19.0/pdm/ej1_p5/Drivers/API/Src" -I"/home/tomas1908/STM32CubeIDE/workspace_1.19.0/pdm/ej1_p5/Drivers/API" -I"/home/tomas1908/STM32CubeIDE/workspace_1.19.0/pdm/ej1_p5/Drivers" -O0 -ffunction-sections -fdata-sections -Wall -fstack-usage -fcyclomatic-complexity -MMD -MP -MF"Drivers/API/Src/API_uart.d" -MT"Drivers/API/Src/API_uart.o" --specs=nano.specs -mfpu=fpv4-sp-d16 -mfloat-abi=hard -mthumb -o "Drivers/API/Src/API_uart.o"
In file included from ../Drivers/API/Src/API_uart.c:8:
/home/tomas1908/STM32CubeIDE/workspace_1.19.0/pdm/ej1_p5/Drivers/API/Inc/API_uart.h:14:1: error: unknown type name 'bool_t'
   14 | bool_t uartInit();
      | ^~~~~~
../Drivers/API/Src/API_uart.c:11:1: error: unknown type name 'bool_t'
   11 | bool_t uartInit(){
      | ^~~~~~
../Drivers/API/Src/API_uart.c: In function 'uartInit':
../Drivers/API/Src/API_uart.c:13:1: warning: control reaches end of non-void function [-Wreturn-type]
   13 | }
      | ^
make: *** [Drivers/API/Src/subdir.mk:25: Drivers/API/Src/API_uart.o] Error 1
"make -j8 all" terminated with exit code 2. Build might be incomplete.
21:24:29 **** Incremental Build of configuration Debug for project ej1_p5 ****
make -j8 all 
arm-none-eabi-gcc "../Drivers/API/Src/API_uart.c" -mcpu=cortex-m4 -std=gnu11 -g3 -DDEBUG -DUSE_HAL_DRIVER -DSTM32F446xx -c -I../Core/Inc -I../Drivers/STM32F4xx_HAL_Driver/Inc -I../Drivers/STM32F4xx_HAL_Driver/Inc/Legacy -I../Drivers/CMSIS/Device/ST/STM32F4xx/Include -I../Drivers/CMSIS/Include -I"/home/tomas1908/STM32CubeIDE/workspace_1.19.0/pdm/ej1_p5/Drivers/API/Inc" -I"/home/tomas1908/STM32CubeIDE/workspace_1.19.0/pdm/ej1_p5/Drivers/API/Src" -I"/home/tomas1908/STM32CubeIDE/workspace_1.19.0/pdm/ej1_p5/Drivers/API" -I"/home/tomas1908/STM32CubeIDE/workspace_1.19.0/pdm/ej1_p5/Drivers" -O0 -ffunction-sections -fdata-sections -Wall -fstack-usage -fcyclomatic-complexity -MMD -MP -MF"Drivers/API/Src/API_uart.d" -MT"Drivers/API/Src/API_uart.o" --specs=nano.specs -mfpu=fpv4-sp-d16 -mfloat-abi=hard -mthumb -o "Drivers/API/Src/API_uart.o"
In file included from ../Drivers/API/Src/API_uart.c:8:
/home/tomas1908/STM32CubeIDE/workspace_1.19.0/pdm/ej1_p5/Drivers/API/Inc/API_uart.h:12:10: fatal error: stdbool: No such file or directory
   12 | #include <stdbool>
      |          ^~~~~~~~~
compilation terminated.
make: *** [Drivers/API/Src/subdir.mk:25: Drivers/API/Src/API_uart.o] Error 1
"make -j8 all" terminated with exit code 2. Build might be incomplete.
21:24:33 **** Incremental Build of configuration Debug for project ej1_p5 ****
make -j8 all 
arm-none-eabi-gcc "../Drivers/API/Src/API_uart.c" -mcpu=cortex-m4 -std=gnu11 -g3 -DDEBUG -DUSE_HAL_DRIVER -DSTM32F446xx -c -I../Core/Inc -I../Drivers/STM32F4xx_HAL_Driver/Inc -I../Drivers/STM32F4xx_HAL_Driver/Inc/Legacy -I../Drivers/CMSIS/Device/ST/STM32F4xx/Include -I../Drivers/CMSIS/Include -I"/home/tomas1908/STM32CubeIDE/workspace_1.19.0/pdm/ej1_p5/Drivers/API/Inc" -I"/home/tomas1908/STM32CubeIDE/workspace_1.19.0/pdm/ej1_p5/Drivers/API/Src" -I"/home/tomas1908/STM32CubeIDE/workspace_1.19.0/pdm/ej1_p5/Drivers/API" -I"/home/tomas1908/STM32CubeIDE/workspace_1.19.0/pdm/ej1_p5/Drivers" -O0 -ffunction-sections -fdata-sections -Wall -fstack-usage -fcyclomatic-complexity -MMD -MP -MF"Drivers/API/Src/API_uart.d" -MT"Drivers/API/Src/API_uart.o" --specs=nano.specs -mfpu=fpv4-sp-d16 -mfloat-abi=hard -mthumb -o "Drivers/API/Src/API_uart.o"
In file included from ../Drivers/API/Src/API_uart.c:8:
/home/tomas1908/STM32CubeIDE/workspace_1.19.0/pdm/ej1_p5/Drivers/API/Inc/API_uart.h:15:1: error: unknown type name 'bool_t'; did you mean 'bool'?
   15 | bool_t uartInit();
      | ^~~~~~
      | bool
../Drivers/API/Src/API_uart.c:11:1: error: unknown type name 'bool_t'; did you mean 'bool'?
   11 | bool_t uartInit(){
      | ^~~~~~
      | bool
../Drivers/API/Src/API_uart.c: In function 'uartInit':
../Drivers/API/Src/API_uart.c:13:1: warning: control reaches end of non-void function [-Wreturn-type]
   13 | }
      | ^
make: *** [Drivers/API/Src/subdir.mk:25: Drivers/API/Src/API_uart.o] Error 1
"make -j8 all" terminated with exit code 2. Build might be incomplete.
21:25:05 **** Incremental Build of configuration Debug for project ej1_p5 ****
make -j8 all 
arm-none-eabi-gcc "../Drivers/API/Src/API_uart.c" -mcpu=cortex-m4 -std=gnu11 -g3 -DDEBUG -DUSE_HAL_DRIVER -DSTM32F446xx -c -I../Core/Inc -I../Drivers/STM32F4xx_HAL_Driver/Inc -I../Drivers/STM32F4xx_HAL_Driver/Inc/Legacy -I../Drivers/CMSIS/Device/ST/STM32F4xx/Include -I../Drivers/CMSIS/Include -I"/home/tomas1908/STM32CubeIDE/workspace_1.19.0/pdm/ej1_p5/Drivers/API/Inc" -I"/home/tomas1908/STM32CubeIDE/workspace_1.19.0/pdm/ej1_p5/Drivers/API/Src" -I"/home/tomas1908/STM32CubeIDE/workspace_1.19.0/pdm/ej1_p5/Drivers/API" -I"/home/tomas1908/STM32CubeIDE/workspace_1.19.0/pdm/ej1_p5/Drivers" -O0 -ffunction-sections -fdata-sections -Wall -fstack-usage -fcyclomatic-complexity -MMD -MP -MF"Drivers/API/Src/API_uart.d" -MT"Drivers/API/Src/API_uart.o" --specs=nano.specs -mfpu=fpv4-sp-d16 -mfloat-abi=hard -mthumb -o "Drivers/API/Src/API_uart.o"
../Drivers/API/Src/API_uart.c: In function 'uartInit':
../Drivers/API/Src/API_uart.c:13:1: warning: control reaches end of non-void function [-Wreturn-type]
   13 | }
      | ^
arm-none-eabi-gcc -o "ej1_p5.elf" @"objects.list"   -mcpu=cortex-m4 -T"/home/tomas1908/STM32CubeIDE/workspace_1.19.0/pdm/ej1_p5/STM32F446RETX_FLASH.ld" --specs=nosys.specs -Wl,-Map="ej1_p5.map" -Wl,--gc-sections -static --specs=nano.specs -mfpu=fpv4-sp-d16 -mfloat-abi=hard -mthumb -Wl,--start-group -lc -lm -Wl,--end-group
Finished building target: ej1_p5.elf
 
arm-none-eabi-size  ej1_p5.elf 
arm-none-eabi-objdump -h -S ej1_p5.elf  > "ej1_p5.list"
   text	   data	    bss	    dec	    hex	filename
   8220	     12	   1644	   9876	   2694	ej1_p5.elf
Finished building: default.size.stdout
 
Finished building: ej1_p5.list
 
21:25:18 **** Incremental Build of configuration Debug for project ej1_p5 ****
make -j8 all 
arm-none-eabi-gcc "../Drivers/API/Src/API_uart.c" -mcpu=cortex-m4 -std=gnu11 -g3 -DDEBUG -DUSE_HAL_DRIVER -DSTM32F446xx -c -I../Core/Inc -I../Drivers/STM32F4xx_HAL_Driver/Inc -I../Drivers/STM32F4xx_HAL_Driver/Inc/Legacy -I../Drivers/CMSIS/Device/ST/STM32F4xx/Include -I../Drivers/CMSIS/Include -I"/home/tomas1908/STM32CubeIDE/workspace_1.19.0/pdm/ej1_p5/Drivers/API/Inc" -I"/home/tomas1908/STM32CubeIDE/workspace_1.19.0/pdm/ej1_p5/Drivers/API/Src" -I"/home/tomas1908/STM32CubeIDE/workspace_1.19.0/pdm/ej1_p5/Drivers/API" -I"/home/tomas1908/STM32CubeIDE/workspace_1.19.0/pdm/ej1_p5/Drivers" -O0 -ffunction-sections -fdata-sections -Wall -fstack-usage -fcyclomatic-complexity -MMD -MP -MF"Drivers/API/Src/API_uart.d" -MT"Drivers/API/Src/API_uart.o" --specs=nano.specs -mfpu=fpv4-sp-d16 -mfloat-abi=hard -mthumb -o "Drivers/API/Src/API_uart.o"
../Drivers/API/Src/API_uart.c: In function 'uartInit':
../Drivers/API/Src/API_uart.c:14:1: warning: control reaches end of non-void function [-Wreturn-type]
   14 | }
      | ^
arm-none-eabi-gcc -o "ej1_p5.elf" @"objects.list"   -mcpu=cortex-m4 -T"/home/tomas1908/STM32CubeIDE/workspace_1.19.0/pdm/ej1_p5/STM32F446RETX_FLASH.ld" --specs=nosys.specs -Wl,-Map="ej1_p5.map" -Wl,--gc-sections -static --specs=nano.specs -mfpu=fpv4-sp-d16 -mfloat-abi=hard -mthumb -Wl,--start-group -lc -lm -Wl,--end-group
/opt/st/stm32cubeide_1.19.0/plugins/com.st.stm32cube.ide.mcu.externaltools.gnu-tools-for-stm32.13.3.rel1.linux64_1.0.0.202410170706/tools/bin/../lib/gcc/arm-none-eabi/13.3.1/../../../../arm-none-eabi/bin/ld: ./Drivers/API/Src/API_uart.o:/home/tomas1908/STM32CubeIDE/workspace_1.19.0/pdm/ej1_p5/Debug/../Drivers/API/Src/API_uart.c:10: multiple definition of `huart1'; ./Core/Src/main.o:/home/tomas1908/STM32CubeIDE/workspace_1.19.0/pdm/ej1_p5/Debug/../Core/Src/main.c:44: first defined here
collect2: error: ld returned 1 exit status
make: *** [makefile:65: ej1_p5.elf] Error 1
"make -j8 all" terminated with exit code 2. Build might be incomplete.
21:25:37 **** Incremental Build of configuration Debug for project ej1_p5 ****
make -j8 all 
arm-none-eabi-gcc "../Drivers/API/Src/API_uart.c" -mcpu=cortex-m4 -std=gnu11 -g3 -DDEBUG -DUSE_HAL_DRIVER -DSTM32F446xx -c -I../Core/Inc -I../Drivers/STM32F4xx_HAL_Driver/Inc -I../Drivers/STM32F4xx_HAL_Driver/Inc/Legacy -I../Drivers/CMSIS/Device/ST/STM32F4xx/Include -I../Drivers/CMSIS/Include -I"/home/tomas1908/STM32CubeIDE/workspace_1.19.0/pdm/ej1_p5/Drivers/API/Inc" -I"/home/tomas1908/STM32CubeIDE/workspace_1.19.0/pdm/ej1_p5/Drivers/API/Src" -I"/home/tomas1908/STM32CubeIDE/workspace_1.19.0/pdm/ej1_p5/Drivers/API" -I"/home/tomas1908/STM32CubeIDE/workspace_1.19.0/pdm/ej1_p5/Drivers" -O0 -ffunction-sections -fdata-sections -Wall -fstack-usage -fcyclomatic-complexity -MMD -MP -MF"Drivers/API/Src/API_uart.d" -MT"Drivers/API/Src/API_uart.o" --specs=nano.specs -mfpu=fpv4-sp-d16 -mfloat-abi=hard -mthumb -o "Drivers/API/Src/API_uart.o"
../Drivers/API/Src/API_uart.c: In function 'uartInit':
../Drivers/API/Src/API_uart.c:14:1: warning: control reaches end of non-void function [-Wreturn-type]
   14 | }
      | ^
arm-none-eabi-gcc -o "ej1_p5.elf" @"objects.list"   -mcpu=cortex-m4 -T"/home/tomas1908/STM32CubeIDE/workspace_1.19.0/pdm/ej1_p5/STM32F446RETX_FLASH.ld" --specs=nosys.specs -Wl,-Map="ej1_p5.map" -Wl,--gc-sections -static --specs=nano.specs -mfpu=fpv4-sp-d16 -mfloat-abi=hard -mthumb -Wl,--start-group -lc -lm -Wl,--end-group
Finished building target: ej1_p5.elf
 
arm-none-eabi-size  ej1_p5.elf 
arm-none-eabi-objdump -h -S ej1_p5.elf  > "ej1_p5.list"
   text	   data	    bss	    dec	    hex	filename
   8220	     12	   1644	   9876	   2694	ej1_p5.elf
Finished building: default.size.stdout
 
Finished building: ej1_p5.list
 
21:27:14 **** Incremental Build of configuration Debug for project ej1_p5 ****
make -j8 all 
arm-none-eabi-gcc "../Drivers/API/Src/API_uart.c" -mcpu=cortex-m4 -std=gnu11 -g3 -DDEBUG -DUSE_HAL_DRIVER -DSTM32F446xx -c -I../Core/Inc -I../Drivers/STM32F4xx_HAL_Driver/Inc -I../Drivers/STM32F4xx_HAL_Driver/Inc/Legacy -I../Drivers/CMSIS/Device/ST/STM32F4xx/Include -I../Drivers/CMSIS/Include -I"/home/tomas1908/STM32CubeIDE/workspace_1.19.0/pdm/ej1_p5/Drivers/API/Inc" -I"/home/tomas1908/STM32CubeIDE/workspace_1.19.0/pdm/ej1_p5/Drivers/API/Src" -I"/home/tomas1908/STM32CubeIDE/workspace_1.19.0/pdm/ej1_p5/Drivers/API" -I"/home/tomas1908/STM32CubeIDE/workspace_1.19.0/pdm/ej1_p5/Drivers" -O0 -ffunction-sections -fdata-sections -Wall -fstack-usage -fcyclomatic-complexity -MMD -MP -MF"Drivers/API/Src/API_uart.d" -MT"Drivers/API/Src/API_uart.o" --specs=nano.specs -mfpu=fpv4-sp-d16 -mfloat-abi=hard -mthumb -o "Drivers/API/Src/API_uart.o"
arm-none-eabi-gcc -o "ej1_p5.elf" @"objects.list"   -mcpu=cortex-m4 -T"/home/tomas1908/STM32CubeIDE/workspace_1.19.0/pdm/ej1_p5/STM32F446RETX_FLASH.ld" --specs=nosys.specs -Wl,-Map="ej1_p5.map" -Wl,--gc-sections -static --specs=nano.specs -mfpu=fpv4-sp-d16 -mfloat-abi=hard -mthumb -Wl,--start-group -lc -lm -Wl,--end-group
Finished building target: ej1_p5.elf
 
arm-none-eabi-size  ej1_p5.elf 
arm-none-eabi-objdump -h -S ej1_p5.elf  > "ej1_p5.list"
   text	   data	    bss	    dec	    hex	filename
   8220	     12	   1644	   9876	   2694	ej1_p5.elf
Finished building: default.size.stdout
 
Finished building: ej1_p5.list
 
21:29:20 **** Incremental Build of configuration Debug for project ej1_p5 ****
make -j8 all 
arm-none-eabi-gcc "../Drivers/API/Src/API_uart.c" -mcpu=cortex-m4 -std=gnu11 -g3 -DDEBUG -DUSE_HAL_DRIVER -DSTM32F446xx -c -I../Core/Inc -I../Drivers/STM32F4xx_HAL_Driver/Inc -I../Drivers/STM32F4xx_HAL_Driver/Inc/Legacy -I../Drivers/CMSIS/Device/ST/STM32F4xx/Include -I../Drivers/CMSIS/Include -I"/home/tomas1908/STM32CubeIDE/workspace_1.19.0/pdm/ej1_p5/Drivers/API/Inc" -I"/home/tomas1908/STM32CubeIDE/workspace_1.19.0/pdm/ej1_p5/Drivers/API/Src" -I"/home/tomas1908/STM32CubeIDE/workspace_1.19.0/pdm/ej1_p5/Drivers/API" -I"/home/tomas1908/STM32CubeIDE/workspace_1.19.0/pdm/ej1_p5/Drivers" -O0 -ffunction-sections -fdata-sections -Wall -fstack-usage -fcyclomatic-complexity -MMD -MP -MF"Drivers/API/Src/API_uart.d" -MT"Drivers/API/Src/API_uart.o" --specs=nano.specs -mfpu=fpv4-sp-d16 -mfloat-abi=hard -mthumb -o "Drivers/API/Src/API_uart.o"
arm-none-eabi-gcc "../Core/Src/main.c" -mcpu=cortex-m4 -std=gnu11 -g3 -DDEBUG -DUSE_HAL_DRIVER -DSTM32F446xx -c -I../Core/Inc -I../Drivers/STM32F4xx_HAL_Driver/Inc -I../Drivers/STM32F4xx_HAL_Driver/Inc/Legacy -I../Drivers/CMSIS/Device/ST/STM32F4xx/Include -I../Drivers/CMSIS/Include -I"/home/tomas1908/STM32CubeIDE/workspace_1.19.0/pdm/ej1_p5/Drivers/API/Inc" -I"/home/tomas1908/STM32CubeIDE/workspace_1.19.0/pdm/ej1_p5/Drivers/API/Src" -I"/home/tomas1908/STM32CubeIDE/workspace_1.19.0/pdm/ej1_p5/Drivers/API" -I"/home/tomas1908/STM32CubeIDE/workspace_1.19.0/pdm/ej1_p5/Drivers" -O0 -ffunction-sections -fdata-sections -Wall -fstack-usage -fcyclomatic-complexity -MMD -MP -MF"Core/Src/main.d" -MT"Core/Src/main.o" --specs=nano.specs -mfpu=fpv4-sp-d16 -mfloat-abi=hard -mthumb -o "Core/Src/main.o"
../Drivers/API/Src/API_uart.c: In function 'uartSendString':
../Drivers/API/Src/API_uart.c:22:36: warning: passing argument 2 of 'HAL_UART_Transmit' from incompatible pointer type [-Wincompatible-pointer-types]
   22 |         HAL_UART_Transmit(&huart1, &pstring, sizeof(pstring), HAL_MAX_DELAY);
      |                                    ^~~~~~~~
      |                                    |
      |                                    uint8_t ** {aka unsigned char **}
In file included from ../Core/Inc/stm32f4xx_hal_conf.h:411,
                 from ../Drivers/STM32F4xx_HAL_Driver/Inc/stm32f4xx_hal.h:29,
                 from /home/tomas1908/STM32CubeIDE/workspace_1.19.0/pdm/ej1_p5/Drivers/API/Inc/API_uart.h:13,
                 from ../Drivers/API/Src/API_uart.c:8:
../Drivers/STM32F4xx_HAL_Driver/Inc/stm32f4xx_hal_uart.h:745:79: note: expected 'const uint8_t *' {aka 'const unsigned char *'} but argument is of type 'uint8_t **' {aka 'unsigned char **'}
  745 | HAL_StatusTypeDef HAL_UART_Transmit(UART_HandleTypeDef *huart, const uint8_t *pData, uint16_t Size, uint32_t Timeout);
      |                                                                ~~~~~~~~~~~~~~~^~~~~
arm-none-eabi-gcc -o "ej1_p5.elf" @"objects.list"   -mcpu=cortex-m4 -T"/home/tomas1908/STM32CubeIDE/workspace_1.19.0/pdm/ej1_p5/STM32F446RETX_FLASH.ld" --specs=nosys.specs -Wl,-Map="ej1_p5.map" -Wl,--gc-sections -static --specs=nano.specs -mfpu=fpv4-sp-d16 -mfloat-abi=hard -mthumb -Wl,--start-group -lc -lm -Wl,--end-group
Finished building target: ej1_p5.elf
 
arm-none-eabi-size  ej1_p5.elf 
arm-none-eabi-objdump -h -S ej1_p5.elf  > "ej1_p5.list"
   text	   data	    bss	    dec	    hex	filename
   8220	     12	   1644	   9876	   2694	ej1_p5.elf
Finished building: default.size.stdout
 
Finished building: ej1_p5.list
 
21:29:46 **** Incremental Build of configuration Debug for project ej1_p5 ****
make -j8 all 
arm-none-eabi-gcc "../Drivers/API/Src/API_uart.c" -mcpu=cortex-m4 -std=gnu11 -g3 -DDEBUG -DUSE_HAL_DRIVER -DSTM32F446xx -c -I../Core/Inc -I../Drivers/STM32F4xx_HAL_Driver/Inc -I../Drivers/STM32F4xx_HAL_Driver/Inc/Legacy -I../Drivers/CMSIS/Device/ST/STM32F4xx/Include -I../Drivers/CMSIS/Include -I"/home/tomas1908/STM32CubeIDE/workspace_1.19.0/pdm/ej1_p5/Drivers/API/Inc" -I"/home/tomas1908/STM32CubeIDE/workspace_1.19.0/pdm/ej1_p5/Drivers/API/Src" -I"/home/tomas1908/STM32CubeIDE/workspace_1.19.0/pdm/ej1_p5/Drivers/API" -I"/home/tomas1908/STM32CubeIDE/workspace_1.19.0/pdm/ej1_p5/Drivers" -O0 -ffunction-sections -fdata-sections -Wall -fstack-usage -fcyclomatic-complexity -MMD -MP -MF"Drivers/API/Src/API_uart.d" -MT"Drivers/API/Src/API_uart.o" --specs=nano.specs -mfpu=fpv4-sp-d16 -mfloat-abi=hard -mthumb -o "Drivers/API/Src/API_uart.o"
arm-none-eabi-gcc -o "ej1_p5.elf" @"objects.list"   -mcpu=cortex-m4 -T"/home/tomas1908/STM32CubeIDE/workspace_1.19.0/pdm/ej1_p5/STM32F446RETX_FLASH.ld" --specs=nosys.specs -Wl,-Map="ej1_p5.map" -Wl,--gc-sections -static --specs=nano.specs -mfpu=fpv4-sp-d16 -mfloat-abi=hard -mthumb -Wl,--start-group -lc -lm -Wl,--end-group
Finished building target: ej1_p5.elf
 
arm-none-eabi-size  ej1_p5.elf 
arm-none-eabi-objdump -h -S ej1_p5.elf  > "ej1_p5.list"
   text	   data	    bss	    dec	    hex	filename
   8220	     12	   1644	   9876	   2694	ej1_p5.elf
Finished building: default.size.stdout
 
Finished building: ej1_p5.list
 
21:30:10 **** Incremental Build of configuration Debug for project ej1_p5 ****
make -j8 all 
arm-none-eabi-gcc "../Drivers/API/Src/API_uart.c" -mcpu=cortex-m4 -std=gnu11 -g3 -DDEBUG -DUSE_HAL_DRIVER -DSTM32F446xx -c -I../Core/Inc -I../Drivers/STM32F4xx_HAL_Driver/Inc -I../Drivers/STM32F4xx_HAL_Driver/Inc/Legacy -I../Drivers/CMSIS/Device/ST/STM32F4xx/Include -I../Drivers/CMSIS/Include -I"/home/tomas1908/STM32CubeIDE/workspace_1.19.0/pdm/ej1_p5/Drivers/API/Inc" -I"/home/tomas1908/STM32CubeIDE/workspace_1.19.0/pdm/ej1_p5/Drivers/API/Src" -I"/home/tomas1908/STM32CubeIDE/workspace_1.19.0/pdm/ej1_p5/Drivers/API" -I"/home/tomas1908/STM32CubeIDE/workspace_1.19.0/pdm/ej1_p5/Drivers" -O0 -ffunction-sections -fdata-sections -Wall -fstack-usage -fcyclomatic-complexity -MMD -MP -MF"Drivers/API/Src/API_uart.d" -MT"Drivers/API/Src/API_uart.o" --specs=nano.specs -mfpu=fpv4-sp-d16 -mfloat-abi=hard -mthumb -o "Drivers/API/Src/API_uart.o"
arm-none-eabi-gcc -o "ej1_p5.elf" @"objects.list"   -mcpu=cortex-m4 -T"/home/tomas1908/STM32CubeIDE/workspace_1.19.0/pdm/ej1_p5/STM32F446RETX_FLASH.ld" --specs=nosys.specs -Wl,-Map="ej1_p5.map" -Wl,--gc-sections -static --specs=nano.specs -mfpu=fpv4-sp-d16 -mfloat-abi=hard -mthumb -Wl,--start-group -lc -lm -Wl,--end-group
Finished building target: ej1_p5.elf
 
arm-none-eabi-size  ej1_p5.elf 
arm-none-eabi-objdump -h -S ej1_p5.elf  > "ej1_p5.list"
   text	   data	    bss	    dec	    hex	filename
   8220	     12	   1644	   9876	   2694	ej1_p5.elf
Finished building: default.size.stdout
 
Finished building: ej1_p5.list
 
21:32:46 **** Incremental Build of configuration Debug for project ej1_p5 ****
make -j8 all 
arm-none-eabi-gcc "../Drivers/API/Src/API_uart.c" -mcpu=cortex-m4 -std=gnu11 -g3 -DDEBUG -DUSE_HAL_DRIVER -DSTM32F446xx -c -I../Core/Inc -I../Drivers/STM32F4xx_HAL_Driver/Inc -I../Drivers/STM32F4xx_HAL_Driver/Inc/Legacy -I../Drivers/CMSIS/Device/ST/STM32F4xx/Include -I../Drivers/CMSIS/Include -I"/home/tomas1908/STM32CubeIDE/workspace_1.19.0/pdm/ej1_p5/Drivers/API/Inc" -I"/home/tomas1908/STM32CubeIDE/workspace_1.19.0/pdm/ej1_p5/Drivers/API/Src" -I"/home/tomas1908/STM32CubeIDE/workspace_1.19.0/pdm/ej1_p5/Drivers/API" -I"/home/tomas1908/STM32CubeIDE/workspace_1.19.0/pdm/ej1_p5/Drivers" -O0 -ffunction-sections -fdata-sections -Wall -fstack-usage -fcyclomatic-complexity -MMD -MP -MF"Drivers/API/Src/API_uart.d" -MT"Drivers/API/Src/API_uart.o" --specs=nano.specs -mfpu=fpv4-sp-d16 -mfloat-abi=hard -mthumb -o "Drivers/API/Src/API_uart.o"
arm-none-eabi-gcc "../Core/Src/main.c" -mcpu=cortex-m4 -std=gnu11 -g3 -DDEBUG -DUSE_HAL_DRIVER -DSTM32F446xx -c -I../Core/Inc -I../Drivers/STM32F4xx_HAL_Driver/Inc -I../Drivers/STM32F4xx_HAL_Driver/Inc/Legacy -I../Drivers/CMSIS/Device/ST/STM32F4xx/Include -I../Drivers/CMSIS/Include -I"/home/tomas1908/STM32CubeIDE/workspace_1.19.0/pdm/ej1_p5/Drivers/API/Inc" -I"/home/tomas1908/STM32CubeIDE/workspace_1.19.0/pdm/ej1_p5/Drivers/API/Src" -I"/home/tomas1908/STM32CubeIDE/workspace_1.19.0/pdm/ej1_p5/Drivers/API" -I"/home/tomas1908/STM32CubeIDE/workspace_1.19.0/pdm/ej1_p5/Drivers" -O0 -ffunction-sections -fdata-sections -Wall -fstack-usage -fcyclomatic-complexity -MMD -MP -MF"Core/Src/main.d" -MT"Core/Src/main.o" --specs=nano.specs -mfpu=fpv4-sp-d16 -mfloat-abi=hard -mthumb -o "Core/Src/main.o"
arm-none-eabi-gcc -o "ej1_p5.elf" @"objects.list"   -mcpu=cortex-m4 -T"/home/tomas1908/STM32CubeIDE/workspace_1.19.0/pdm/ej1_p5/STM32F446RETX_FLASH.ld" --specs=nosys.specs -Wl,-Map="ej1_p5.map" -Wl,--gc-sections -static --specs=nano.specs -mfpu=fpv4-sp-d16 -mfloat-abi=hard -mthumb -Wl,--start-group -lc -lm -Wl,--end-group
Finished building target: ej1_p5.elf
 
arm-none-eabi-size  ej1_p5.elf 
arm-none-eabi-objdump -h -S ej1_p5.elf  > "ej1_p5.list"
   text	   data	    bss	    dec	    hex	filename
   8220	     12	   1644	   9876	   2694	ej1_p5.elf
Finished building: default.size.stdout
 
Finished building: ej1_p5.list
 
21:35:19 **** Incremental Build of configuration Debug for project ej1_p5 ****
make -j8 all 
arm-none-eabi-gcc "../Drivers/API/Src/API_uart.c" -mcpu=cortex-m4 -std=gnu11 -g3 -DDEBUG -DUSE_HAL_DRIVER -DSTM32F446xx -c -I../Core/Inc -I../Drivers/STM32F4xx_HAL_Driver/Inc -I../Drivers/STM32F4xx_HAL_Driver/Inc/Legacy -I../Drivers/CMSIS/Device/ST/STM32F4xx/Include -I../Drivers/CMSIS/Include -I"/home/tomas1908/STM32CubeIDE/workspace_1.19.0/pdm/ej1_p5/Drivers/API/Inc" -I"/home/tomas1908/STM32CubeIDE/workspace_1.19.0/pdm/ej1_p5/Drivers/API/Src" -I"/home/tomas1908/STM32CubeIDE/workspace_1.19.0/pdm/ej1_p5/Drivers/API" -I"/home/tomas1908/STM32CubeIDE/workspace_1.19.0/pdm/ej1_p5/Drivers" -O0 -ffunction-sections -fdata-sections -Wall -fstack-usage -fcyclomatic-complexity -MMD -MP -MF"Drivers/API/Src/API_uart.d" -MT"Drivers/API/Src/API_uart.o" --specs=nano.specs -mfpu=fpv4-sp-d16 -mfloat-abi=hard -mthumb -o "Drivers/API/Src/API_uart.o"
../Drivers/API/Src/API_uart.c: In function 'uartSendString':
../Drivers/API/Src/API_uart.c:23:16: error: expected expression before ')' token
   23 |         }while();
      |                ^
make: *** [Drivers/API/Src/subdir.mk:25: Drivers/API/Src/API_uart.o] Error 1
"make -j8 all" terminated with exit code 2. Build might be incomplete.
21:35:27 **** Incremental Build of configuration Debug for project ej1_p5 ****
make -j8 all 
arm-none-eabi-gcc "../Drivers/API/Src/API_uart.c" -mcpu=cortex-m4 -std=gnu11 -g3 -DDEBUG -DUSE_HAL_DRIVER -DSTM32F446xx -c -I../Core/Inc -I../Drivers/STM32F4xx_HAL_Driver/Inc -I../Drivers/STM32F4xx_HAL_Driver/Inc/Legacy -I../Drivers/CMSIS/Device/ST/STM32F4xx/Include -I../Drivers/CMSIS/Include -I"/home/tomas1908/STM32CubeIDE/workspace_1.19.0/pdm/ej1_p5/Drivers/API/Inc" -I"/home/tomas1908/STM32CubeIDE/workspace_1.19.0/pdm/ej1_p5/Drivers/API/Src" -I"/home/tomas1908/STM32CubeIDE/workspace_1.19.0/pdm/ej1_p5/Drivers/API" -I"/home/tomas1908/STM32CubeIDE/workspace_1.19.0/pdm/ej1_p5/Drivers" -O0 -ffunction-sections -fdata-sections -Wall -fstack-usage -fcyclomatic-complexity -MMD -MP -MF"Drivers/API/Src/API_uart.d" -MT"Drivers/API/Src/API_uart.o" --specs=nano.specs -mfpu=fpv4-sp-d16 -mfloat-abi=hard -mthumb -o "Drivers/API/Src/API_uart.o"
arm-none-eabi-gcc -o "ej1_p5.elf" @"objects.list"   -mcpu=cortex-m4 -T"/home/tomas1908/STM32CubeIDE/workspace_1.19.0/pdm/ej1_p5/STM32F446RETX_FLASH.ld" --specs=nosys.specs -Wl,-Map="ej1_p5.map" -Wl,--gc-sections -static --specs=nano.specs -mfpu=fpv4-sp-d16 -mfloat-abi=hard -mthumb -Wl,--start-group -lc -lm -Wl,--end-group
Finished building target: ej1_p5.elf
 
arm-none-eabi-size  ej1_p5.elf 
arm-none-eabi-objdump -h -S ej1_p5.elf  > "ej1_p5.list"
   text	   data	    bss	    dec	    hex	filename
   8220	     12	   1644	   9876	   2694	ej1_p5.elf
Finished building: default.size.stdout
 
Finished building: ej1_p5.list
 
21:38:57 **** Incremental Build of configuration Debug for project ej1_p5 ****
make -j8 all 
arm-none-eabi-gcc "../Drivers/API/Src/API_uart.c" -mcpu=cortex-m4 -std=gnu11 -g3 -DDEBUG -DUSE_HAL_DRIVER -DSTM32F446xx -c -I../Core/Inc -I../Drivers/STM32F4xx_HAL_Driver/Inc -I../Drivers/STM32F4xx_HAL_Driver/Inc/Legacy -I../Drivers/CMSIS/Device/ST/STM32F4xx/Include -I../Drivers/CMSIS/Include -I"/home/tomas1908/STM32CubeIDE/workspace_1.19.0/pdm/ej1_p5/Drivers/API/Inc" -I"/home/tomas1908/STM32CubeIDE/workspace_1.19.0/pdm/ej1_p5/Drivers/API/Src" -I"/home/tomas1908/STM32CubeIDE/workspace_1.19.0/pdm/ej1_p5/Drivers/API" -I"/home/tomas1908/STM32CubeIDE/workspace_1.19.0/pdm/ej1_p5/Drivers" -O0 -ffunction-sections -fdata-sections -Wall -fstack-usage -fcyclomatic-complexity -MMD -MP -MF"Drivers/API/Src/API_uart.d" -MT"Drivers/API/Src/API_uart.o" --specs=nano.specs -mfpu=fpv4-sp-d16 -mfloat-abi=hard -mthumb -o "Drivers/API/Src/API_uart.o"
../Drivers/API/Src/API_uart.c: In function 'uartSendString':
../Drivers/API/Src/API_uart.c:24:20: warning: assignment to 'char' from 'uint8_t *' {aka 'unsigned char *'} makes integer from pointer without a cast [-Wint-conversion]
   24 |                 end=&pstring[i];
      |                    ^
../Drivers/API/Src/API_uart.c:26:21: warning: multi-character character constant [-Wmultichar]
   26 |         }while(end!='/0');
      |                     ^~~~
arm-none-eabi-gcc -o "ej1_p5.elf" @"objects.list"   -mcpu=cortex-m4 -T"/home/tomas1908/STM32CubeIDE/workspace_1.19.0/pdm/ej1_p5/STM32F446RETX_FLASH.ld" --specs=nosys.specs -Wl,-Map="ej1_p5.map" -Wl,--gc-sections -static --specs=nano.specs -mfpu=fpv4-sp-d16 -mfloat-abi=hard -mthumb -Wl,--start-group -lc -lm -Wl,--end-group
Finished building target: ej1_p5.elf
 
arm-none-eabi-size  ej1_p5.elf 
arm-none-eabi-objdump -h -S ej1_p5.elf  > "ej1_p5.list"
   text	   data	    bss	    dec	    hex	filename
   8220	     12	   1644	   9876	   2694	ej1_p5.elf
Finished building: default.size.stdout
 
Finished building: ej1_p5.list
 
21:39:31 **** Incremental Build of configuration Debug for project ej1_p5 ****
make -j8 all 
arm-none-eabi-gcc "../Drivers/API/Src/API_uart.c" -mcpu=cortex-m4 -std=gnu11 -g3 -DDEBUG -DUSE_HAL_DRIVER -DSTM32F446xx -c -I../Core/Inc -I../Drivers/STM32F4xx_HAL_Driver/Inc -I../Drivers/STM32F4xx_HAL_Driver/Inc/Legacy -I../Drivers/CMSIS/Device/ST/STM32F4xx/Include -I../Drivers/CMSIS/Include -I"/home/tomas1908/STM32CubeIDE/workspace_1.19.0/pdm/ej1_p5/Drivers/API/Inc" -I"/home/tomas1908/STM32CubeIDE/workspace_1.19.0/pdm/ej1_p5/Drivers/API/Src" -I"/home/tomas1908/STM32CubeIDE/workspace_1.19.0/pdm/ej1_p5/Drivers/API" -I"/home/tomas1908/STM32CubeIDE/workspace_1.19.0/pdm/ej1_p5/Drivers" -O0 -ffunction-sections -fdata-sections -Wall -fstack-usage -fcyclomatic-complexity -MMD -MP -MF"Drivers/API/Src/API_uart.d" -MT"Drivers/API/Src/API_uart.o" --specs=nano.specs -mfpu=fpv4-sp-d16 -mfloat-abi=hard -mthumb -o "Drivers/API/Src/API_uart.o"
../Drivers/API/Src/API_uart.c: In function 'uartSendString':
../Drivers/API/Src/API_uart.c:24:20: warning: assignment to 'char' from 'uint8_t *' {aka 'unsigned char *'} makes integer from pointer without a cast [-Wint-conversion]
   24 |                 end=(uint8_t*)&pstring[i];
      |                    ^
../Drivers/API/Src/API_uart.c:26:21: warning: multi-character character constant [-Wmultichar]
   26 |         }while(end!='/0');
      |                     ^~~~
arm-none-eabi-gcc -o "ej1_p5.elf" @"objects.list"   -mcpu=cortex-m4 -T"/home/tomas1908/STM32CubeIDE/workspace_1.19.0/pdm/ej1_p5/STM32F446RETX_FLASH.ld" --specs=nosys.specs -Wl,-Map="ej1_p5.map" -Wl,--gc-sections -static --specs=nano.specs -mfpu=fpv4-sp-d16 -mfloat-abi=hard -mthumb -Wl,--start-group -lc -lm -Wl,--end-group
Finished building target: ej1_p5.elf
 
arm-none-eabi-size  ej1_p5.elf 
arm-none-eabi-objdump -h -S ej1_p5.elf  > "ej1_p5.list"
   text	   data	    bss	    dec	    hex	filename
   8220	     12	   1644	   9876	   2694	ej1_p5.elf
Finished building: default.size.stdout
 
Finished building: ej1_p5.list
 
21:39:39 **** Incremental Build of configuration Debug for project ej1_p5 ****
make -j8 all 
arm-none-eabi-gcc "../Drivers/API/Src/API_uart.c" -mcpu=cortex-m4 -std=gnu11 -g3 -DDEBUG -DUSE_HAL_DRIVER -DSTM32F446xx -c -I../Core/Inc -I../Drivers/STM32F4xx_HAL_Driver/Inc -I../Drivers/STM32F4xx_HAL_Driver/Inc/Legacy -I../Drivers/CMSIS/Device/ST/STM32F4xx/Include -I../Drivers/CMSIS/Include -I"/home/tomas1908/STM32CubeIDE/workspace_1.19.0/pdm/ej1_p5/Drivers/API/Inc" -I"/home/tomas1908/STM32CubeIDE/workspace_1.19.0/pdm/ej1_p5/Drivers/API/Src" -I"/home/tomas1908/STM32CubeIDE/workspace_1.19.0/pdm/ej1_p5/Drivers/API" -I"/home/tomas1908/STM32CubeIDE/workspace_1.19.0/pdm/ej1_p5/Drivers" -O0 -ffunction-sections -fdata-sections -Wall -fstack-usage -fcyclomatic-complexity -MMD -MP -MF"Drivers/API/Src/API_uart.d" -MT"Drivers/API/Src/API_uart.o" --specs=nano.specs -mfpu=fpv4-sp-d16 -mfloat-abi=hard -mthumb -o "Drivers/API/Src/API_uart.o"
../Drivers/API/Src/API_uart.c: In function 'uartSendString':
../Drivers/API/Src/API_uart.c:24:21: warning: cast to pointer from integer of different size [-Wint-to-pointer-cast]
   24 |                 end=(uint8_t*)pstring[i];
      |                     ^
../Drivers/API/Src/API_uart.c:24:20: warning: assignment to 'char' from 'uint8_t *' {aka 'unsigned char *'} makes integer from pointer without a cast [-Wint-conversion]
   24 |                 end=(uint8_t*)pstring[i];
      |                    ^
../Drivers/API/Src/API_uart.c:26:21: warning: multi-character character constant [-Wmultichar]
   26 |         }while(end!='/0');
      |                     ^~~~
arm-none-eabi-gcc -o "ej1_p5.elf" @"objects.list"   -mcpu=cortex-m4 -T"/home/tomas1908/STM32CubeIDE/workspace_1.19.0/pdm/ej1_p5/STM32F446RETX_FLASH.ld" --specs=nosys.specs -Wl,-Map="ej1_p5.map" -Wl,--gc-sections -static --specs=nano.specs -mfpu=fpv4-sp-d16 -mfloat-abi=hard -mthumb -Wl,--start-group -lc -lm -Wl,--end-group
Finished building target: ej1_p5.elf
 
arm-none-eabi-size  ej1_p5.elf 
arm-none-eabi-objdump -h -S ej1_p5.elf  > "ej1_p5.list"
   text	   data	    bss	    dec	    hex	filename
   8220	     12	   1644	   9876	   2694	ej1_p5.elf
Finished building: default.size.stdout
 
Finished building: ej1_p5.list
 
21:39:44 **** Incremental Build of configuration Debug for project ej1_p5 ****
make -j8 all 
arm-none-eabi-gcc "../Drivers/API/Src/API_uart.c" -mcpu=cortex-m4 -std=gnu11 -g3 -DDEBUG -DUSE_HAL_DRIVER -DSTM32F446xx -c -I../Core/Inc -I../Drivers/STM32F4xx_HAL_Driver/Inc -I../Drivers/STM32F4xx_HAL_Driver/Inc/Legacy -I../Drivers/CMSIS/Device/ST/STM32F4xx/Include -I../Drivers/CMSIS/Include -I"/home/tomas1908/STM32CubeIDE/workspace_1.19.0/pdm/ej1_p5/Drivers/API/Inc" -I"/home/tomas1908/STM32CubeIDE/workspace_1.19.0/pdm/ej1_p5/Drivers/API/Src" -I"/home/tomas1908/STM32CubeIDE/workspace_1.19.0/pdm/ej1_p5/Drivers/API" -I"/home/tomas1908/STM32CubeIDE/workspace_1.19.0/pdm/ej1_p5/Drivers" -O0 -ffunction-sections -fdata-sections -Wall -fstack-usage -fcyclomatic-complexity -MMD -MP -MF"Drivers/API/Src/API_uart.d" -MT"Drivers/API/Src/API_uart.o" --specs=nano.specs -mfpu=fpv4-sp-d16 -mfloat-abi=hard -mthumb -o "Drivers/API/Src/API_uart.o"
../Drivers/API/Src/API_uart.c: In function 'uartSendString':
../Drivers/API/Src/API_uart.c:24:21: warning: cast from pointer to integer of different size [-Wpointer-to-int-cast]
   24 |                 end=(uint8_t)&pstring[i];
      |                     ^
../Drivers/API/Src/API_uart.c:26:21: warning: multi-character character constant [-Wmultichar]
   26 |         }while(end!='/0');
      |                     ^~~~
arm-none-eabi-gcc -o "ej1_p5.elf" @"objects.list"   -mcpu=cortex-m4 -T"/home/tomas1908/STM32CubeIDE/workspace_1.19.0/pdm/ej1_p5/STM32F446RETX_FLASH.ld" --specs=nosys.specs -Wl,-Map="ej1_p5.map" -Wl,--gc-sections -static --specs=nano.specs -mfpu=fpv4-sp-d16 -mfloat-abi=hard -mthumb -Wl,--start-group -lc -lm -Wl,--end-group
Finished building target: ej1_p5.elf
 
arm-none-eabi-size  ej1_p5.elf 
arm-none-eabi-objdump -h -S ej1_p5.elf  > "ej1_p5.list"
   text	   data	    bss	    dec	    hex	filename
   8220	     12	   1644	   9876	   2694	ej1_p5.elf
Finished building: default.size.stdout
 
Finished building: ej1_p5.list
 
21:40:04 **** Incremental Build of configuration Debug for project ej1_p5 ****
make -j8 all 
arm-none-eabi-gcc "../Drivers/API/Src/API_uart.c" -mcpu=cortex-m4 -std=gnu11 -g3 -DDEBUG -DUSE_HAL_DRIVER -DSTM32F446xx -c -I../Core/Inc -I../Drivers/STM32F4xx_HAL_Driver/Inc -I../Drivers/STM32F4xx_HAL_Driver/Inc/Legacy -I../Drivers/CMSIS/Device/ST/STM32F4xx/Include -I../Drivers/CMSIS/Include -I"/home/tomas1908/STM32CubeIDE/workspace_1.19.0/pdm/ej1_p5/Drivers/API/Inc" -I"/home/tomas1908/STM32CubeIDE/workspace_1.19.0/pdm/ej1_p5/Drivers/API/Src" -I"/home/tomas1908/STM32CubeIDE/workspace_1.19.0/pdm/ej1_p5/Drivers/API" -I"/home/tomas1908/STM32CubeIDE/workspace_1.19.0/pdm/ej1_p5/Drivers" -O0 -ffunction-sections -fdata-sections -Wall -fstack-usage -fcyclomatic-complexity -MMD -MP -MF"Drivers/API/Src/API_uart.d" -MT"Drivers/API/Src/API_uart.o" --specs=nano.specs -mfpu=fpv4-sp-d16 -mfloat-abi=hard -mthumb -o "Drivers/API/Src/API_uart.o"
../Drivers/API/Src/API_uart.c: In function 'uartSendString':
../Drivers/API/Src/API_uart.c:24:20: warning: assignment to 'char' from 'uint8_t *' {aka 'unsigned char *'} makes integer from pointer without a cast [-Wint-conversion]
   24 |                 end=&pstring[i];
      |                    ^
arm-none-eabi-gcc -o "ej1_p5.elf" @"objects.list"   -mcpu=cortex-m4 -T"/home/tomas1908/STM32CubeIDE/workspace_1.19.0/pdm/ej1_p5/STM32F446RETX_FLASH.ld" --specs=nosys.specs -Wl,-Map="ej1_p5.map" -Wl,--gc-sections -static --specs=nano.specs -mfpu=fpv4-sp-d16 -mfloat-abi=hard -mthumb -Wl,--start-group -lc -lm -Wl,--end-group
Finished building target: ej1_p5.elf
 
arm-none-eabi-size  ej1_p5.elf 
arm-none-eabi-objdump -h -S ej1_p5.elf  > "ej1_p5.list"
   text	   data	    bss	    dec	    hex	filename
   8220	     12	   1644	   9876	   2694	ej1_p5.elf
Finished building: default.size.stdout
 
Finished building: ej1_p5.list
 
21:40:27 **** Incremental Build of configuration Debug for project ej1_p5 ****
make -j8 all 
arm-none-eabi-gcc "../Drivers/API/Src/API_uart.c" -mcpu=cortex-m4 -std=gnu11 -g3 -DDEBUG -DUSE_HAL_DRIVER -DSTM32F446xx -c -I../Core/Inc -I../Drivers/STM32F4xx_HAL_Driver/Inc -I../Drivers/STM32F4xx_HAL_Driver/Inc/Legacy -I../Drivers/CMSIS/Device/ST/STM32F4xx/Include -I../Drivers/CMSIS/Include -I"/home/tomas1908/STM32CubeIDE/workspace_1.19.0/pdm/ej1_p5/Drivers/API/Inc" -I"/home/tomas1908/STM32CubeIDE/workspace_1.19.0/pdm/ej1_p5/Drivers/API/Src" -I"/home/tomas1908/STM32CubeIDE/workspace_1.19.0/pdm/ej1_p5/Drivers/API" -I"/home/tomas1908/STM32CubeIDE/workspace_1.19.0/pdm/ej1_p5/Drivers" -O0 -ffunction-sections -fdata-sections -Wall -fstack-usage -fcyclomatic-complexity -MMD -MP -MF"Drivers/API/Src/API_uart.d" -MT"Drivers/API/Src/API_uart.o" --specs=nano.specs -mfpu=fpv4-sp-d16 -mfloat-abi=hard -mthumb -o "Drivers/API/Src/API_uart.o"
../Drivers/API/Src/API_uart.c: In function 'uartSendString':
../Drivers/API/Src/API_uart.c:24:22: error: expected identifier before '&' token
   24 |                 end->&pstring[i];
      |                      ^
make: *** [Drivers/API/Src/subdir.mk:25: Drivers/API/Src/API_uart.o] Error 1
"make -j8 all" terminated with exit code 2. Build might be incomplete.
21:40:39 **** Incremental Build of configuration Debug for project ej1_p5 ****
make -j8 all 
arm-none-eabi-gcc "../Drivers/API/Src/API_uart.c" -mcpu=cortex-m4 -std=gnu11 -g3 -DDEBUG -DUSE_HAL_DRIVER -DSTM32F446xx -c -I../Core/Inc -I../Drivers/STM32F4xx_HAL_Driver/Inc -I../Drivers/STM32F4xx_HAL_Driver/Inc/Legacy -I../Drivers/CMSIS/Device/ST/STM32F4xx/Include -I../Drivers/CMSIS/Include -I"/home/tomas1908/STM32CubeIDE/workspace_1.19.0/pdm/ej1_p5/Drivers/API/Inc" -I"/home/tomas1908/STM32CubeIDE/workspace_1.19.0/pdm/ej1_p5/Drivers/API/Src" -I"/home/tomas1908/STM32CubeIDE/workspace_1.19.0/pdm/ej1_p5/Drivers/API" -I"/home/tomas1908/STM32CubeIDE/workspace_1.19.0/pdm/ej1_p5/Drivers" -O0 -ffunction-sections -fdata-sections -Wall -fstack-usage -fcyclomatic-complexity -MMD -MP -MF"Drivers/API/Src/API_uart.d" -MT"Drivers/API/Src/API_uart.o" --specs=nano.specs -mfpu=fpv4-sp-d16 -mfloat-abi=hard -mthumb -o "Drivers/API/Src/API_uart.o"
../Drivers/API/Src/API_uart.c: In function 'uartSendString':
../Drivers/API/Src/API_uart.c:24:20: warning: statement with no effect [-Wunused-value]
   24 |                 end<-pstring[i];
      |                 ~~~^~~~~~~~~~~~
arm-none-eabi-gcc -o "ej1_p5.elf" @"objects.list"   -mcpu=cortex-m4 -T"/home/tomas1908/STM32CubeIDE/workspace_1.19.0/pdm/ej1_p5/STM32F446RETX_FLASH.ld" --specs=nosys.specs -Wl,-Map="ej1_p5.map" -Wl,--gc-sections -static --specs=nano.specs -mfpu=fpv4-sp-d16 -mfloat-abi=hard -mthumb -Wl,--start-group -lc -lm -Wl,--end-group
Finished building target: ej1_p5.elf
 
arm-none-eabi-size  ej1_p5.elf 
arm-none-eabi-objdump -h -S ej1_p5.elf  > "ej1_p5.list"
   text	   data	    bss	    dec	    hex	filename
   8220	     12	   1644	   9876	   2694	ej1_p5.elf
Finished building: default.size.stdout
 
Finished building: ej1_p5.list
 
21:40:46 **** Incremental Build of configuration Debug for project ej1_p5 ****
make -j8 all 
arm-none-eabi-gcc "../Drivers/API/Src/API_uart.c" -mcpu=cortex-m4 -std=gnu11 -g3 -DDEBUG -DUSE_HAL_DRIVER -DSTM32F446xx -c -I../Core/Inc -I../Drivers/STM32F4xx_HAL_Driver/Inc -I../Drivers/STM32F4xx_HAL_Driver/Inc/Legacy -I../Drivers/CMSIS/Device/ST/STM32F4xx/Include -I../Drivers/CMSIS/Include -I"/home/tomas1908/STM32CubeIDE/workspace_1.19.0/pdm/ej1_p5/Drivers/API/Inc" -I"/home/tomas1908/STM32CubeIDE/workspace_1.19.0/pdm/ej1_p5/Drivers/API/Src" -I"/home/tomas1908/STM32CubeIDE/workspace_1.19.0/pdm/ej1_p5/Drivers/API" -I"/home/tomas1908/STM32CubeIDE/workspace_1.19.0/pdm/ej1_p5/Drivers" -O0 -ffunction-sections -fdata-sections -Wall -fstack-usage -fcyclomatic-complexity -MMD -MP -MF"Drivers/API/Src/API_uart.d" -MT"Drivers/API/Src/API_uart.o" --specs=nano.specs -mfpu=fpv4-sp-d16 -mfloat-abi=hard -mthumb -o "Drivers/API/Src/API_uart.o"
../Drivers/API/Src/API_uart.c: In function 'uartSendString':
../Drivers/API/Src/API_uart.c:24:21: error: wrong type argument to unary minus
   24 |                 end<-&pstring[i];
      |                     ^
make: *** [Drivers/API/Src/subdir.mk:25: Drivers/API/Src/API_uart.o] Error 1
"make -j8 all" terminated with exit code 2. Build might be incomplete.
21:40:52 **** Incremental Build of configuration Debug for project ej1_p5 ****
make -j8 all 
arm-none-eabi-gcc "../Drivers/API/Src/API_uart.c" -mcpu=cortex-m4 -std=gnu11 -g3 -DDEBUG -DUSE_HAL_DRIVER -DSTM32F446xx -c -I../Core/Inc -I../Drivers/STM32F4xx_HAL_Driver/Inc -I../Drivers/STM32F4xx_HAL_Driver/Inc/Legacy -I../Drivers/CMSIS/Device/ST/STM32F4xx/Include -I../Drivers/CMSIS/Include -I"/home/tomas1908/STM32CubeIDE/workspace_1.19.0/pdm/ej1_p5/Drivers/API/Inc" -I"/home/tomas1908/STM32CubeIDE/workspace_1.19.0/pdm/ej1_p5/Drivers/API/Src" -I"/home/tomas1908/STM32CubeIDE/workspace_1.19.0/pdm/ej1_p5/Drivers/API" -I"/home/tomas1908/STM32CubeIDE/workspace_1.19.0/pdm/ej1_p5/Drivers" -O0 -ffunction-sections -fdata-sections -Wall -fstack-usage -fcyclomatic-complexity -MMD -MP -MF"Drivers/API/Src/API_uart.d" -MT"Drivers/API/Src/API_uart.o" --specs=nano.specs -mfpu=fpv4-sp-d16 -mfloat-abi=hard -mthumb -o "Drivers/API/Src/API_uart.o"
../Drivers/API/Src/API_uart.c: In function 'uartSendString':
../Drivers/API/Src/API_uart.c:24:20: warning: statement with no effect [-Wunused-value]
   24 |                 end<-pstring[i];
      |                 ~~~^~~~~~~~~~~~
arm-none-eabi-gcc -o "ej1_p5.elf" @"objects.list"   -mcpu=cortex-m4 -T"/home/tomas1908/STM32CubeIDE/workspace_1.19.0/pdm/ej1_p5/STM32F446RETX_FLASH.ld" --specs=nosys.specs -Wl,-Map="ej1_p5.map" -Wl,--gc-sections -static --specs=nano.specs -mfpu=fpv4-sp-d16 -mfloat-abi=hard -mthumb -Wl,--start-group -lc -lm -Wl,--end-group
Finished building target: ej1_p5.elf
 
arm-none-eabi-size  ej1_p5.elf 
arm-none-eabi-objdump -h -S ej1_p5.elf  > "ej1_p5.list"
   text	   data	    bss	    dec	    hex	filename
   8220	     12	   1644	   9876	   2694	ej1_p5.elf
Finished building: default.size.stdout
 
Finished building: ej1_p5.list
 
21:41:08 **** Incremental Build of configuration Debug for project ej1_p5 ****
make -j8 all 
arm-none-eabi-gcc "../Drivers/API/Src/API_uart.c" -mcpu=cortex-m4 -std=gnu11 -g3 -DDEBUG -DUSE_HAL_DRIVER -DSTM32F446xx -c -I../Core/Inc -I../Drivers/STM32F4xx_HAL_Driver/Inc -I../Drivers/STM32F4xx_HAL_Driver/Inc/Legacy -I../Drivers/CMSIS/Device/ST/STM32F4xx/Include -I../Drivers/CMSIS/Include -I"/home/tomas1908/STM32CubeIDE/workspace_1.19.0/pdm/ej1_p5/Drivers/API/Inc" -I"/home/tomas1908/STM32CubeIDE/workspace_1.19.0/pdm/ej1_p5/Drivers/API/Src" -I"/home/tomas1908/STM32CubeIDE/workspace_1.19.0/pdm/ej1_p5/Drivers/API" -I"/home/tomas1908/STM32CubeIDE/workspace_1.19.0/pdm/ej1_p5/Drivers" -O0 -ffunction-sections -fdata-sections -Wall -fstack-usage -fcyclomatic-complexity -MMD -MP -MF"Drivers/API/Src/API_uart.d" -MT"Drivers/API/Src/API_uart.o" --specs=nano.specs -mfpu=fpv4-sp-d16 -mfloat-abi=hard -mthumb -o "Drivers/API/Src/API_uart.o"
arm-none-eabi-gcc -o "ej1_p5.elf" @"objects.list"   -mcpu=cortex-m4 -T"/home/tomas1908/STM32CubeIDE/workspace_1.19.0/pdm/ej1_p5/STM32F446RETX_FLASH.ld" --specs=nosys.specs -Wl,-Map="ej1_p5.map" -Wl,--gc-sections -static --specs=nano.specs -mfpu=fpv4-sp-d16 -mfloat-abi=hard -mthumb -Wl,--start-group -lc -lm -Wl,--end-group
Finished building target: ej1_p5.elf
 
arm-none-eabi-size  ej1_p5.elf 
arm-none-eabi-objdump -h -S ej1_p5.elf  > "ej1_p5.list"
   text	   data	    bss	    dec	    hex	filename
   8220	     12	   1644	   9876	   2694	ej1_p5.elf
Finished building: default.size.stdout
 
Finished building: ej1_p5.list
 
21:42:47 **** Incremental Build of configuration Debug for project ej1_p5 ****
make -j8 all 
arm-none-eabi-gcc "../Core/Src/main.c" -mcpu=cortex-m4 -std=gnu11 -g3 -DDEBUG -DUSE_HAL_DRIVER -DSTM32F446xx -c -I../Core/Inc -I../Drivers/STM32F4xx_HAL_Driver/Inc -I../Drivers/STM32F4xx_HAL_Driver/Inc/Legacy -I../Drivers/CMSIS/Device/ST/STM32F4xx/Include -I../Drivers/CMSIS/Include -I"/home/tomas1908/STM32CubeIDE/workspace_1.19.0/pdm/ej1_p5/Drivers/API/Inc" -I"/home/tomas1908/STM32CubeIDE/workspace_1.19.0/pdm/ej1_p5/Drivers/API/Src" -I"/home/tomas1908/STM32CubeIDE/workspace_1.19.0/pdm/ej1_p5/Drivers/API" -I"/home/tomas1908/STM32CubeIDE/workspace_1.19.0/pdm/ej1_p5/Drivers" -O0 -ffunction-sections -fdata-sections -Wall -fstack-usage -fcyclomatic-complexity -MMD -MP -MF"Core/Src/main.d" -MT"Core/Src/main.o" --specs=nano.specs -mfpu=fpv4-sp-d16 -mfloat-abi=hard -mthumb -o "Core/Src/main.o"
../Core/Src/main.c: In function 'main':
../Core/Src/main.c:95:15: warning: initialization of 'char' from 'char *' makes integer from pointer without a cast [-Wint-conversion]
   95 |   char saludo="Hola mundo\n";
      |               ^~~~~~~~~~~~~~
../Core/Src/main.c:97:3: warning: implicit declaration of function 'uartInit' [-Wimplicit-function-declaration]
   97 |   uartInit();
      |   ^~~~~~~~
../Core/Src/main.c:99:3: warning: implicit declaration of function 'uartSendString' [-Wimplicit-function-declaration]
   99 |   uartSendString(&saludo);
      |   ^~~~~~~~~~~~~~
arm-none-eabi-gcc -o "ej1_p5.elf" @"objects.list"   -mcpu=cortex-m4 -T"/home/tomas1908/STM32CubeIDE/workspace_1.19.0/pdm/ej1_p5/STM32F446RETX_FLASH.ld" --specs=nosys.specs -Wl,-Map="ej1_p5.map" -Wl,--gc-sections -static --specs=nano.specs -mfpu=fpv4-sp-d16 -mfloat-abi=hard -mthumb -Wl,--start-group -lc -lm -Wl,--end-group
Finished building target: ej1_p5.elf
 
arm-none-eabi-size  ej1_p5.elf 
arm-none-eabi-objdump -h -S ej1_p5.elf  > "ej1_p5.list"
   text	   data	    bss	    dec	    hex	filename
   8956	     12	   1644	  10612	   2974	ej1_p5.elf
Finished building: default.size.stdout
 
Finished building: ej1_p5.list
 
21:43:36 **** Incremental Build of configuration Debug for project ej1_p5 ****
make -j8 all 
arm-none-eabi-gcc "../Core/Src/main.c" -mcpu=cortex-m4 -std=gnu11 -g3 -DDEBUG -DUSE_HAL_DRIVER -DSTM32F446xx -c -I../Core/Inc -I../Drivers/STM32F4xx_HAL_Driver/Inc -I../Drivers/STM32F4xx_HAL_Driver/Inc/Legacy -I../Drivers/CMSIS/Device/ST/STM32F4xx/Include -I../Drivers/CMSIS/Include -I"/home/tomas1908/STM32CubeIDE/workspace_1.19.0/pdm/ej1_p5/Drivers/API/Inc" -I"/home/tomas1908/STM32CubeIDE/workspace_1.19.0/pdm/ej1_p5/Drivers/API/Src" -I"/home/tomas1908/STM32CubeIDE/workspace_1.19.0/pdm/ej1_p5/Drivers/API" -I"/home/tomas1908/STM32CubeIDE/workspace_1.19.0/pdm/ej1_p5/Drivers" -O0 -ffunction-sections -fdata-sections -Wall -fstack-usage -fcyclomatic-complexity -MMD -MP -MF"Core/Src/main.d" -MT"Core/Src/main.o" --specs=nano.specs -mfpu=fpv4-sp-d16 -mfloat-abi=hard -mthumb -o "Core/Src/main.o"
arm-none-eabi-gcc "../Core/Src/stm32f4xx_hal_msp.c" -mcpu=cortex-m4 -std=gnu11 -g3 -DDEBUG -DUSE_HAL_DRIVER -DSTM32F446xx -c -I../Core/Inc -I../Drivers/STM32F4xx_HAL_Driver/Inc -I../Drivers/STM32F4xx_HAL_Driver/Inc/Legacy -I../Drivers/CMSIS/Device/ST/STM32F4xx/Include -I../Drivers/CMSIS/Include -I"/home/tomas1908/STM32CubeIDE/workspace_1.19.0/pdm/ej1_p5/Drivers/API/Inc" -I"/home/tomas1908/STM32CubeIDE/workspace_1.19.0/pdm/ej1_p5/Drivers/API/Src" -I"/home/tomas1908/STM32CubeIDE/workspace_1.19.0/pdm/ej1_p5/Drivers/API" -I"/home/tomas1908/STM32CubeIDE/workspace_1.19.0/pdm/ej1_p5/Drivers" -O0 -ffunction-sections -fdata-sections -Wall -fstack-usage -fcyclomatic-complexity -MMD -MP -MF"Core/Src/stm32f4xx_hal_msp.d" -MT"Core/Src/stm32f4xx_hal_msp.o" --specs=nano.specs -mfpu=fpv4-sp-d16 -mfloat-abi=hard -mthumb -o "Core/Src/stm32f4xx_hal_msp.o"
arm-none-eabi-gcc "../Core/Src/stm32f4xx_it.c" -mcpu=cortex-m4 -std=gnu11 -g3 -DDEBUG -DUSE_HAL_DRIVER -DSTM32F446xx -c -I../Core/Inc -I../Drivers/STM32F4xx_HAL_Driver/Inc -I../Drivers/STM32F4xx_HAL_Driver/Inc/Legacy -I../Drivers/CMSIS/Device/ST/STM32F4xx/Include -I../Drivers/CMSIS/Include -I"/home/tomas1908/STM32CubeIDE/workspace_1.19.0/pdm/ej1_p5/Drivers/API/Inc" -I"/home/tomas1908/STM32CubeIDE/workspace_1.19.0/pdm/ej1_p5/Drivers/API/Src" -I"/home/tomas1908/STM32CubeIDE/workspace_1.19.0/pdm/ej1_p5/Drivers/API" -I"/home/tomas1908/STM32CubeIDE/workspace_1.19.0/pdm/ej1_p5/Drivers" -O0 -ffunction-sections -fdata-sections -Wall -fstack-usage -fcyclomatic-complexity -MMD -MP -MF"Core/Src/stm32f4xx_it.d" -MT"Core/Src/stm32f4xx_it.o" --specs=nano.specs -mfpu=fpv4-sp-d16 -mfloat-abi=hard -mthumb -o "Core/Src/stm32f4xx_it.o"
../Core/Src/main.c: In function 'main':
../Core/Src/main.c:95:15: warning: initialization of 'char' from 'char *' makes integer from pointer without a cast [-Wint-conversion]
   95 |   char saludo="Hola mundo\n";
      |               ^~~~~~~~~~~~~~
../Core/Src/main.c:99:18: warning: pointer targets in passing argument 1 of 'uartSendString' differ in signedness [-Wpointer-sign]
   99 |   uartSendString(&saludo);
      |                  ^~~~~~~
      |                  |
      |                  char *
In file included from ../Core/Inc/main.h:36,
                 from ../Core/Src/main.c:20:
/home/tomas1908/STM32CubeIDE/workspace_1.19.0/pdm/ej1_p5/Drivers/API/Inc/API_uart.h:16:31: note: expected 'uint8_t *' {aka 'unsigned char *'} but argument is of type 'char *'
   16 | void uartSendString(uint8_t * pstring);
      |                     ~~~~~~~~~~^~~~~~~
arm-none-eabi-gcc -o "ej1_p5.elf" @"objects.list"   -mcpu=cortex-m4 -T"/home/tomas1908/STM32CubeIDE/workspace_1.19.0/pdm/ej1_p5/STM32F446RETX_FLASH.ld" --specs=nosys.specs -Wl,-Map="ej1_p5.map" -Wl,--gc-sections -static --specs=nano.specs -mfpu=fpv4-sp-d16 -mfloat-abi=hard -mthumb -Wl,--start-group -lc -lm -Wl,--end-group
Finished building target: ej1_p5.elf
 
arm-none-eabi-size  ej1_p5.elf 
arm-none-eabi-objdump -h -S ej1_p5.elf  > "ej1_p5.list"
   text	   data	    bss	    dec	    hex	filename
   8956	     12	   1644	  10612	   2974	ej1_p5.elf
Finished building: default.size.stdout
 
Finished building: ej1_p5.list
 
21:44:52 **** Incremental Build of configuration Debug for project ej1_p5 ****
make -j8 all 
arm-none-eabi-gcc "../Core/Src/main.c" -mcpu=cortex-m4 -std=gnu11 -g3 -DDEBUG -DUSE_HAL_DRIVER -DSTM32F446xx -c -I../Core/Inc -I../Drivers/STM32F4xx_HAL_Driver/Inc -I../Drivers/STM32F4xx_HAL_Driver/Inc/Legacy -I../Drivers/CMSIS/Device/ST/STM32F4xx/Include -I../Drivers/CMSIS/Include -I"/home/tomas1908/STM32CubeIDE/workspace_1.19.0/pdm/ej1_p5/Drivers/API/Inc" -I"/home/tomas1908/STM32CubeIDE/workspace_1.19.0/pdm/ej1_p5/Drivers/API/Src" -I"/home/tomas1908/STM32CubeIDE/workspace_1.19.0/pdm/ej1_p5/Drivers/API" -I"/home/tomas1908/STM32CubeIDE/workspace_1.19.0/pdm/ej1_p5/Drivers" -O0 -ffunction-sections -fdata-sections -Wall -fstack-usage -fcyclomatic-complexity -MMD -MP -MF"Core/Src/main.d" -MT"Core/Src/main.o" --specs=nano.specs -mfpu=fpv4-sp-d16 -mfloat-abi=hard -mthumb -o "Core/Src/main.o"
../Core/Src/main.c: In function 'main':
../Core/Src/main.c:95:15: warning: initialization of 'char' from 'char *' makes integer from pointer without a cast [-Wint-conversion]
   95 |   char saludo="Hola mundo\n";
      |               ^~~~~~~~~~~~~~
../Core/Src/main.c:99:18: warning: passing argument 1 of 'uartSendString' makes pointer from integer without a cast [-Wint-conversion]
   99 |   uartSendString(saludo);
      |                  ^~~~~~
      |                  |
      |                  char
In file included from ../Core/Inc/main.h:36,
                 from ../Core/Src/main.c:20:
/home/tomas1908/STM32CubeIDE/workspace_1.19.0/pdm/ej1_p5/Drivers/API/Inc/API_uart.h:16:31: note: expected 'uint8_t *' {aka 'unsigned char *'} but argument is of type 'char'
   16 | void uartSendString(uint8_t * pstring);
      |                     ~~~~~~~~~~^~~~~~~
arm-none-eabi-gcc -o "ej1_p5.elf" @"objects.list"   -mcpu=cortex-m4 -T"/home/tomas1908/STM32CubeIDE/workspace_1.19.0/pdm/ej1_p5/STM32F446RETX_FLASH.ld" --specs=nosys.specs -Wl,-Map="ej1_p5.map" -Wl,--gc-sections -static --specs=nano.specs -mfpu=fpv4-sp-d16 -mfloat-abi=hard -mthumb -Wl,--start-group -lc -lm -Wl,--end-group
Finished building target: ej1_p5.elf
 
arm-none-eabi-size  ej1_p5.elf 
   text	   data	    bss	    dec	    hex	filename
   8956	     12	   1644	  10612	   2974	ej1_p5.elf
Finished building: default.size.stdout
arm-none-eabi-objdump -h -S ej1_p5.elf  > "ej1_p5.list"
 
Finished building: ej1_p5.list
 
21:45:08 **** Incremental Build of configuration Debug for project ej1_p5 ****
make -j8 all 
arm-none-eabi-gcc "../Core/Src/main.c" -mcpu=cortex-m4 -std=gnu11 -g3 -DDEBUG -DUSE_HAL_DRIVER -DSTM32F446xx -c -I../Core/Inc -I../Drivers/STM32F4xx_HAL_Driver/Inc -I../Drivers/STM32F4xx_HAL_Driver/Inc/Legacy -I../Drivers/CMSIS/Device/ST/STM32F4xx/Include -I../Drivers/CMSIS/Include -I"/home/tomas1908/STM32CubeIDE/workspace_1.19.0/pdm/ej1_p5/Drivers/API/Inc" -I"/home/tomas1908/STM32CubeIDE/workspace_1.19.0/pdm/ej1_p5/Drivers/API/Src" -I"/home/tomas1908/STM32CubeIDE/workspace_1.19.0/pdm/ej1_p5/Drivers/API" -I"/home/tomas1908/STM32CubeIDE/workspace_1.19.0/pdm/ej1_p5/Drivers" -O0 -ffunction-sections -fdata-sections -Wall -fstack-usage -fcyclomatic-complexity -MMD -MP -MF"Core/Src/main.d" -MT"Core/Src/main.o" --specs=nano.specs -mfpu=fpv4-sp-d16 -mfloat-abi=hard -mthumb -o "Core/Src/main.o"
../Core/Src/main.c: In function 'main':
../Core/Src/main.c:95:15: warning: initialization of 'char' from 'char *' makes integer from pointer without a cast [-Wint-conversion]
   95 |   char saludo="Hola mundo\n";
      |               ^~~~~~~~~~~~~~
arm-none-eabi-gcc -o "ej1_p5.elf" @"objects.list"   -mcpu=cortex-m4 -T"/home/tomas1908/STM32CubeIDE/workspace_1.19.0/pdm/ej1_p5/STM32F446RETX_FLASH.ld" --specs=nosys.specs -Wl,-Map="ej1_p5.map" -Wl,--gc-sections -static --specs=nano.specs -mfpu=fpv4-sp-d16 -mfloat-abi=hard -mthumb -Wl,--start-group -lc -lm -Wl,--end-group
Finished building target: ej1_p5.elf
 
arm-none-eabi-size  ej1_p5.elf 
arm-none-eabi-objdump -h -S ej1_p5.elf  > "ej1_p5.list"
   text	   data	    bss	    dec	    hex	filename
   8956	     12	   1644	  10612	   2974	ej1_p5.elf
Finished building: default.size.stdout
 
Finished building: ej1_p5.list
 
21:45:19 **** Incremental Build of configuration Debug for project ej1_p5 ****
make -j8 all 
arm-none-eabi-gcc "../Core/Src/main.c" -mcpu=cortex-m4 -std=gnu11 -g3 -DDEBUG -DUSE_HAL_DRIVER -DSTM32F446xx -c -I../Core/Inc -I../Drivers/STM32F4xx_HAL_Driver/Inc -I../Drivers/STM32F4xx_HAL_Driver/Inc/Legacy -I../Drivers/CMSIS/Device/ST/STM32F4xx/Include -I../Drivers/CMSIS/Include -I"/home/tomas1908/STM32CubeIDE/workspace_1.19.0/pdm/ej1_p5/Drivers/API/Inc" -I"/home/tomas1908/STM32CubeIDE/workspace_1.19.0/pdm/ej1_p5/Drivers/API/Src" -I"/home/tomas1908/STM32CubeIDE/workspace_1.19.0/pdm/ej1_p5/Drivers/API" -I"/home/tomas1908/STM32CubeIDE/workspace_1.19.0/pdm/ej1_p5/Drivers" -O0 -ffunction-sections -fdata-sections -Wall -fstack-usage -fcyclomatic-complexity -MMD -MP -MF"Core/Src/main.d" -MT"Core/Src/main.o" --specs=nano.specs -mfpu=fpv4-sp-d16 -mfloat-abi=hard -mthumb -o "Core/Src/main.o"
arm-none-eabi-gcc -o "ej1_p5.elf" @"objects.list"   -mcpu=cortex-m4 -T"/home/tomas1908/STM32CubeIDE/workspace_1.19.0/pdm/ej1_p5/STM32F446RETX_FLASH.ld" --specs=nosys.specs -Wl,-Map="ej1_p5.map" -Wl,--gc-sections -static --specs=nano.specs -mfpu=fpv4-sp-d16 -mfloat-abi=hard -mthumb -Wl,--start-group -lc -lm -Wl,--end-group
Finished building target: ej1_p5.elf
 
arm-none-eabi-size  ej1_p5.elf 
arm-none-eabi-objdump -h -S ej1_p5.elf  > "ej1_p5.list"
   text	   data	    bss	    dec	    hex	filename
   8960	     12	   1644	  10616	   2978	ej1_p5.elf
Finished building: default.size.stdout
 
Finished building: ej1_p5.list
 
21:48:48 **** Incremental Build of configuration Debug for project ej1_p5 ****
make -j8 all 
arm-none-eabi-gcc "../Core/Src/main.c" -mcpu=cortex-m4 -std=gnu11 -g3 -DDEBUG -DUSE_HAL_DRIVER -DSTM32F446xx -c -I../Core/Inc -I../Drivers/STM32F4xx_HAL_Driver/Inc -I../Drivers/STM32F4xx_HAL_Driver/Inc/Legacy -I../Drivers/CMSIS/Device/ST/STM32F4xx/Include -I../Drivers/CMSIS/Include -I"/home/tomas1908/STM32CubeIDE/workspace_1.19.0/pdm/ej1_p5/Drivers/API/Inc" -I"/home/tomas1908/STM32CubeIDE/workspace_1.19.0/pdm/ej1_p5/Drivers/API/Src" -I"/home/tomas1908/STM32CubeIDE/workspace_1.19.0/pdm/ej1_p5/Drivers/API" -I"/home/tomas1908/STM32CubeIDE/workspace_1.19.0/pdm/ej1_p5/Drivers" -O0 -ffunction-sections -fdata-sections -Wall -fstack-usage -fcyclomatic-complexity -MMD -MP -MF"Core/Src/main.d" -MT"Core/Src/main.o" --specs=nano.specs -mfpu=fpv4-sp-d16 -mfloat-abi=hard -mthumb -o "Core/Src/main.o"
arm-none-eabi-gcc -o "ej1_p5.elf" @"objects.list"   -mcpu=cortex-m4 -T"/home/tomas1908/STM32CubeIDE/workspace_1.19.0/pdm/ej1_p5/STM32F446RETX_FLASH.ld" --specs=nosys.specs -Wl,-Map="ej1_p5.map" -Wl,--gc-sections -static --specs=nano.specs -mfpu=fpv4-sp-d16 -mfloat-abi=hard -mthumb -Wl,--start-group -lc -lm -Wl,--end-group
Finished building target: ej1_p5.elf
 
arm-none-eabi-size  ej1_p5.elf 
arm-none-eabi-objdump -h -S ej1_p5.elf  > "ej1_p5.list"
   text	   data	    bss	    dec	    hex	filename
   8960	     12	   1644	  10616	   2978	ej1_p5.elf
Finished building: default.size.stdout
 
Finished building: ej1_p5.list
 
21:49:06 **** Incremental Build of configuration Debug for project ej1_p5 ****
make -j8 all 
arm-none-eabi-size  ej1_p5.elf 
   text	   data	    bss	    dec	    hex	filename
   8960	     12	   1644	  10616	   2978	ej1_p5.elf
Finished building: default.size.stdout
 
21:52:52 **** Incremental Build of configuration Debug for project ej1_p5 ****
make -j8 all 
arm-none-eabi-gcc "../Core/Src/main.c" -mcpu=cortex-m4 -std=gnu11 -g3 -DDEBUG -DUSE_HAL_DRIVER -DSTM32F446xx -c -I../Core/Inc -I../Drivers/STM32F4xx_HAL_Driver/Inc -I../Drivers/STM32F4xx_HAL_Driver/Inc/Legacy -I../Drivers/CMSIS/Device/ST/STM32F4xx/Include -I../Drivers/CMSIS/Include -I"/home/tomas1908/STM32CubeIDE/workspace_1.19.0/pdm/ej1_p5/Drivers/API/Inc" -I"/home/tomas1908/STM32CubeIDE/workspace_1.19.0/pdm/ej1_p5/Drivers/API/Src" -I"/home/tomas1908/STM32CubeIDE/workspace_1.19.0/pdm/ej1_p5/Drivers/API" -I"/home/tomas1908/STM32CubeIDE/workspace_1.19.0/pdm/ej1_p5/Drivers" -O0 -ffunction-sections -fdata-sections -Wall -fstack-usage -fcyclomatic-complexity -MMD -MP -MF"Core/Src/main.d" -MT"Core/Src/main.o" --specs=nano.specs -mfpu=fpv4-sp-d16 -mfloat-abi=hard -mthumb -o "Core/Src/main.o"
arm-none-eabi-gcc -o "ej1_p5.elf" @"objects.list"   -mcpu=cortex-m4 -T"/home/tomas1908/STM32CubeIDE/workspace_1.19.0/pdm/ej1_p5/STM32F446RETX_FLASH.ld" --specs=nosys.specs -Wl,-Map="ej1_p5.map" -Wl,--gc-sections -static --specs=nano.specs -mfpu=fpv4-sp-d16 -mfloat-abi=hard -mthumb -Wl,--start-group -lc -lm -Wl,--end-group
Finished building target: ej1_p5.elf
 
arm-none-eabi-size  ej1_p5.elf 
arm-none-eabi-objdump -h -S ej1_p5.elf  > "ej1_p5.list"
   text	   data	    bss	    dec	    hex	filename
   8940	     12	   1644	  10596	   2964	ej1_p5.elf
Finished building: default.size.stdout
 
Finished building: ej1_p5.list
 
21:52:56 **** Incremental Build of configuration Debug for project ej1_p5 ****
make -j8 all 
arm-none-eabi-size  ej1_p5.elf 
   text	   data	    bss	    dec	    hex	filename
   8940	     12	   1644	  10596	   2964	ej1_p5.elf
Finished building: default.size.stdout
 
21:55:09 **** Incremental Build of configuration Debug for project ej1_p5 ****
make -j8 all 
arm-none-eabi-gcc "../Core/Src/main.c" -mcpu=cortex-m4 -std=gnu11 -g3 -DDEBUG -DUSE_HAL_DRIVER -DSTM32F446xx -c -I../Core/Inc -I../Drivers/STM32F4xx_HAL_Driver/Inc -I../Drivers/STM32F4xx_HAL_Driver/Inc/Legacy -I../Drivers/CMSIS/Device/ST/STM32F4xx/Include -I../Drivers/CMSIS/Include -I"/home/tomas1908/STM32CubeIDE/workspace_1.19.0/pdm/ej1_p5/Drivers/API/Inc" -I"/home/tomas1908/STM32CubeIDE/workspace_1.19.0/pdm/ej1_p5/Drivers/API/Src" -I"/home/tomas1908/STM32CubeIDE/workspace_1.19.0/pdm/ej1_p5/Drivers/API" -I"/home/tomas1908/STM32CubeIDE/workspace_1.19.0/pdm/ej1_p5/Drivers" -O0 -ffunction-sections -fdata-sections -Wall -fstack-usage -fcyclomatic-complexity -MMD -MP -MF"Core/Src/main.d" -MT"Core/Src/main.o" --specs=nano.specs -mfpu=fpv4-sp-d16 -mfloat-abi=hard -mthumb -o "Core/Src/main.o"
../Core/Src/main.c: In function 'main':
../Core/Src/main.c:100:22: warning: passing argument 1 of 'uartSendStringSize' from incompatible pointer type [-Wincompatible-pointer-types]
  100 |   uartSendStringSize(&saludo,12);
      |                      ^~~~~~~
      |                      |
      |                      char (*)[12]
In file included from ../Core/Inc/main.h:36,
                 from ../Core/Src/main.c:20:
/home/tomas1908/STM32CubeIDE/workspace_1.19.0/pdm/ej1_p5/Drivers/API/Inc/API_uart.h:17:35: note: expected 'uint8_t *' {aka 'unsigned char *'} but argument is of type 'char (*)[12]'
   17 | void uartSendStringSize(uint8_t * pstring, uint16_t size);
      |                         ~~~~~~~~~~^~~~~~~
arm-none-eabi-gcc -o "ej1_p5.elf" @"objects.list"   -mcpu=cortex-m4 -T"/home/tomas1908/STM32CubeIDE/workspace_1.19.0/pdm/ej1_p5/STM32F446RETX_FLASH.ld" --specs=nosys.specs -Wl,-Map="ej1_p5.map" -Wl,--gc-sections -static --specs=nano.specs -mfpu=fpv4-sp-d16 -mfloat-abi=hard -mthumb -Wl,--start-group -lc -lm -Wl,--end-group
Finished building target: ej1_p5.elf
 
arm-none-eabi-size  ej1_p5.elf 
arm-none-eabi-objdump -h -S ej1_p5.elf  > "ej1_p5.list"
   text	   data	    bss	    dec	    hex	filename
   8940	     12	   1644	  10596	   2964	ej1_p5.elf
Finished building: default.size.stdout
 
Finished building: ej1_p5.list
 
21:55:15 **** Incremental Build of configuration Debug for project ej1_p5 ****
make -j8 all 
arm-none-eabi-size  ej1_p5.elf 
   text	   data	    bss	    dec	    hex	filename
   8940	     12	   1644	  10596	   2964	ej1_p5.elf
Finished building: default.size.stdout
 
21:55:42 **** Incremental Build of configuration Debug for project ej1_p5 ****
make -j8 all 
arm-none-eabi-gcc "../Core/Src/main.c" -mcpu=cortex-m4 -std=gnu11 -g3 -DDEBUG -DUSE_HAL_DRIVER -DSTM32F446xx -c -I../Core/Inc -I../Drivers/STM32F4xx_HAL_Driver/Inc -I../Drivers/STM32F4xx_HAL_Driver/Inc/Legacy -I../Drivers/CMSIS/Device/ST/STM32F4xx/Include -I../Drivers/CMSIS/Include -I"/home/tomas1908/STM32CubeIDE/workspace_1.19.0/pdm/ej1_p5/Drivers/API/Inc" -I"/home/tomas1908/STM32CubeIDE/workspace_1.19.0/pdm/ej1_p5/Drivers/API/Src" -I"/home/tomas1908/STM32CubeIDE/workspace_1.19.0/pdm/ej1_p5/Drivers/API" -I"/home/tomas1908/STM32CubeIDE/workspace_1.19.0/pdm/ej1_p5/Drivers" -O0 -ffunction-sections -fdata-sections -Wall -fstack-usage -fcyclomatic-complexity -MMD -MP -MF"Core/Src/main.d" -MT"Core/Src/main.o" --specs=nano.specs -mfpu=fpv4-sp-d16 -mfloat-abi=hard -mthumb -o "Core/Src/main.o"
../Core/Src/main.c: In function 'main':
../Core/Src/main.c:100:22: warning: pointer targets in passing argument 1 of 'uartSendStringSize' differ in signedness [-Wpointer-sign]
  100 |   uartSendStringSize(saludo,12);
      |                      ^~~~~~
      |                      |
      |                      char *
In file included from ../Core/Inc/main.h:36,
                 from ../Core/Src/main.c:20:
/home/tomas1908/STM32CubeIDE/workspace_1.19.0/pdm/ej1_p5/Drivers/API/Inc/API_uart.h:17:35: note: expected 'uint8_t *' {aka 'unsigned char *'} but argument is of type 'char *'
   17 | void uartSendStringSize(uint8_t * pstring, uint16_t size);
      |                         ~~~~~~~~~~^~~~~~~
arm-none-eabi-gcc -o "ej1_p5.elf" @"objects.list"   -mcpu=cortex-m4 -T"/home/tomas1908/STM32CubeIDE/workspace_1.19.0/pdm/ej1_p5/STM32F446RETX_FLASH.ld" --specs=nosys.specs -Wl,-Map="ej1_p5.map" -Wl,--gc-sections -static --specs=nano.specs -mfpu=fpv4-sp-d16 -mfloat-abi=hard -mthumb -Wl,--start-group -lc -lm -Wl,--end-group
Finished building target: ej1_p5.elf
 
arm-none-eabi-size  ej1_p5.elf 
arm-none-eabi-objdump -h -S ej1_p5.elf  > "ej1_p5.list"
   text	   data	    bss	    dec	    hex	filename
   8940	     12	   1644	  10596	   2964	ej1_p5.elf
Finished building: default.size.stdout
 
Finished building: ej1_p5.list
 
21:55:46 **** Incremental Build of configuration Debug for project ej1_p5 ****
make -j8 all 
arm-none-eabi-size  ej1_p5.elf 
   text	   data	    bss	    dec	    hex	filename
   8940	     12	   1644	  10596	   2964	ej1_p5.elf
Finished building: default.size.stdout
 
06:38:35 **** Build of configuration Debug for project Trabajo_final_PdM ****
make -j8 all 
arm-none-eabi-size  Trabajo_final_PdM.elf 
   text	   data	    bss	    dec	    hex	filename
  13800	     12	   1740	  15552	   3cc0	Trabajo_final_PdM.elf
Finished building: default.size.stdout
 
06:50:09 **** Incremental Build of configuration Debug for project Trabajo_final_PdM ****
make -j8 all 
arm-none-eabi-gcc "../Core/Src/main.c" -mcpu=cortex-m4 -std=gnu11 -g3 -DDEBUG -DUSE_HAL_DRIVER -DSTM32F446xx -c -I../Core/Inc -I../Drivers/STM32F4xx_HAL_Driver/Inc -I../Drivers/STM32F4xx_HAL_Driver/Inc/Legacy -I../Drivers/CMSIS/Device/ST/STM32F4xx/Include -I../Drivers/CMSIS/Include -I"/home/tomas1908/STM32CubeIDE/workspace_1.19.0/pdm/Trabajo_final_PdM/Drivers/API/Inc" -I"/home/tomas1908/STM32CubeIDE/workspace_1.19.0/pdm/Trabajo_final_PdM/Drivers/API/Src" -O0 -ffunction-sections -fdata-sections -Wall -fstack-usage -fcyclomatic-complexity -MMD -MP -MF"Core/Src/main.d" -MT"Core/Src/main.o" --specs=nano.specs -mfpu=fpv4-sp-d16 -mfloat-abi=hard -mthumb -o "Core/Src/main.o"
arm-none-eabi-gcc -o "Trabajo_final_PdM.elf" @"objects.list"   -mcpu=cortex-m4 -T"/home/tomas1908/STM32CubeIDE/workspace_1.19.0/pdm/Trabajo_final_PdM/STM32F446RETX_FLASH.ld" --specs=nosys.specs -Wl,-Map="Trabajo_final_PdM.map" -Wl,--gc-sections -static --specs=nano.specs -mfpu=fpv4-sp-d16 -mfloat-abi=hard -mthumb -Wl,--start-group -lc -lm -Wl,--end-group
Finished building target: Trabajo_final_PdM.elf
 
arm-none-eabi-size  Trabajo_final_PdM.elf 
arm-none-eabi-objdump -h -S Trabajo_final_PdM.elf  > "Trabajo_final_PdM.list"
   text	   data	    bss	    dec	    hex	filename
  13828	     12	   1740	  15580	   3cdc	Trabajo_final_PdM.elf
Finished building: default.size.stdout
 
Finished building: Trabajo_final_PdM.list
 
06:56:43 **** Incremental Build of configuration Debug for project Trabajo_final_PdM ****
make -j8 all 
arm-none-eabi-gcc "../Core/Src/main.c" -mcpu=cortex-m4 -std=gnu11 -g3 -DDEBUG -DUSE_HAL_DRIVER -DSTM32F446xx -c -I../Core/Inc -I../Drivers/STM32F4xx_HAL_Driver/Inc -I../Drivers/STM32F4xx_HAL_Driver/Inc/Legacy -I../Drivers/CMSIS/Device/ST/STM32F4xx/Include -I../Drivers/CMSIS/Include -I"/home/tomas1908/STM32CubeIDE/workspace_1.19.0/pdm/Trabajo_final_PdM/Drivers/API/Inc" -I"/home/tomas1908/STM32CubeIDE/workspace_1.19.0/pdm/Trabajo_final_PdM/Drivers/API/Src" -O0 -ffunction-sections -fdata-sections -Wall -fstack-usage -fcyclomatic-complexity -MMD -MP -MF"Core/Src/main.d" -MT"Core/Src/main.o" --specs=nano.specs -mfpu=fpv4-sp-d16 -mfloat-abi=hard -mthumb -o "Core/Src/main.o"
arm-none-eabi-gcc -o "Trabajo_final_PdM.elf" @"objects.list"   -mcpu=cortex-m4 -T"/home/tomas1908/STM32CubeIDE/workspace_1.19.0/pdm/Trabajo_final_PdM/STM32F446RETX_FLASH.ld" --specs=nosys.specs -Wl,-Map="Trabajo_final_PdM.map" -Wl,--gc-sections -static --specs=nano.specs -mfpu=fpv4-sp-d16 -mfloat-abi=hard -mthumb -Wl,--start-group -lc -lm -Wl,--end-group
Finished building target: Trabajo_final_PdM.elf
 
arm-none-eabi-size  Trabajo_final_PdM.elf 
arm-none-eabi-objdump -h -S Trabajo_final_PdM.elf  > "Trabajo_final_PdM.list"
   text	   data	    bss	    dec	    hex	filename
  13848	     12	   1740	  15600	   3cf0	Trabajo_final_PdM.elf
Finished building: default.size.stdout
 
Finished building: Trabajo_final_PdM.list
 
06:56:51 **** Incremental Build of configuration Debug for project Trabajo_final_PdM ****
make -j8 all 
arm-none-eabi-size  Trabajo_final_PdM.elf 
   text	   data	    bss	    dec	    hex	filename
  13848	     12	   1740	  15600	   3cf0	Trabajo_final_PdM.elf
Finished building: default.size.stdout
 
06:58:29 **** Incremental Build of configuration Debug for project Trabajo_final_PdM ****
make -j8 all 
arm-none-eabi-gcc "../Core/Src/main.c" -mcpu=cortex-m4 -std=gnu11 -g3 -DDEBUG -DUSE_HAL_DRIVER -DSTM32F446xx -c -I../Core/Inc -I../Drivers/STM32F4xx_HAL_Driver/Inc -I../Drivers/STM32F4xx_HAL_Driver/Inc/Legacy -I../Drivers/CMSIS/Device/ST/STM32F4xx/Include -I../Drivers/CMSIS/Include -I"/home/tomas1908/STM32CubeIDE/workspace_1.19.0/pdm/Trabajo_final_PdM/Drivers/API/Inc" -I"/home/tomas1908/STM32CubeIDE/workspace_1.19.0/pdm/Trabajo_final_PdM/Drivers/API/Src" -O0 -ffunction-sections -fdata-sections -Wall -fstack-usage -fcyclomatic-complexity -MMD -MP -MF"Core/Src/main.d" -MT"Core/Src/main.o" --specs=nano.specs -mfpu=fpv4-sp-d16 -mfloat-abi=hard -mthumb -o "Core/Src/main.o"
arm-none-eabi-gcc -o "Trabajo_final_PdM.elf" @"objects.list"   -mcpu=cortex-m4 -T"/home/tomas1908/STM32CubeIDE/workspace_1.19.0/pdm/Trabajo_final_PdM/STM32F446RETX_FLASH.ld" --specs=nosys.specs -Wl,-Map="Trabajo_final_PdM.map" -Wl,--gc-sections -static --specs=nano.specs -mfpu=fpv4-sp-d16 -mfloat-abi=hard -mthumb -Wl,--start-group -lc -lm -Wl,--end-group
Finished building target: Trabajo_final_PdM.elf
 
arm-none-eabi-size  Trabajo_final_PdM.elf 
arm-none-eabi-objdump -h -S Trabajo_final_PdM.elf  > "Trabajo_final_PdM.list"
   text	   data	    bss	    dec	    hex	filename
  13848	     12	   1740	  15600	   3cf0	Trabajo_final_PdM.elf
Finished building: default.size.stdout
 
Finished building: Trabajo_final_PdM.list
 
06:59:40 **** Incremental Build of configuration Debug for project Trabajo_final_PdM ****
make -j8 all 
arm-none-eabi-gcc "../Core/Src/main.c" -mcpu=cortex-m4 -std=gnu11 -g3 -DDEBUG -DUSE_HAL_DRIVER -DSTM32F446xx -c -I../Core/Inc -I../Drivers/STM32F4xx_HAL_Driver/Inc -I../Drivers/STM32F4xx_HAL_Driver/Inc/Legacy -I../Drivers/CMSIS/Device/ST/STM32F4xx/Include -I../Drivers/CMSIS/Include -I"/home/tomas1908/STM32CubeIDE/workspace_1.19.0/pdm/Trabajo_final_PdM/Drivers/API/Inc" -I"/home/tomas1908/STM32CubeIDE/workspace_1.19.0/pdm/Trabajo_final_PdM/Drivers/API/Src" -O0 -ffunction-sections -fdata-sections -Wall -fstack-usage -fcyclomatic-complexity -MMD -MP -MF"Core/Src/main.d" -MT"Core/Src/main.o" --specs=nano.specs -mfpu=fpv4-sp-d16 -mfloat-abi=hard -mthumb -o "Core/Src/main.o"
arm-none-eabi-gcc -o "Trabajo_final_PdM.elf" @"objects.list"   -mcpu=cortex-m4 -T"/home/tomas1908/STM32CubeIDE/workspace_1.19.0/pdm/Trabajo_final_PdM/STM32F446RETX_FLASH.ld" --specs=nosys.specs -Wl,-Map="Trabajo_final_PdM.map" -Wl,--gc-sections -static --specs=nano.specs -mfpu=fpv4-sp-d16 -mfloat-abi=hard -mthumb -Wl,--start-group -lc -lm -Wl,--end-group
Finished building target: Trabajo_final_PdM.elf
 
arm-none-eabi-size  Trabajo_final_PdM.elf 
arm-none-eabi-objdump -h -S Trabajo_final_PdM.elf  > "Trabajo_final_PdM.list"
   text	   data	    bss	    dec	    hex	filename
  13848	     12	   1740	  15600	   3cf0	Trabajo_final_PdM.elf
Finished building: default.size.stdout
 
Finished building: Trabajo_final_PdM.list
 
07:01:55 **** Incremental Build of configuration Debug for project Trabajo_final_PdM ****
make -j8 all 
arm-none-eabi-gcc "../Core/Src/main.c" -mcpu=cortex-m4 -std=gnu11 -g3 -DDEBUG -DUSE_HAL_DRIVER -DSTM32F446xx -c -I../Core/Inc -I../Drivers/STM32F4xx_HAL_Driver/Inc -I../Drivers/STM32F4xx_HAL_Driver/Inc/Legacy -I../Drivers/CMSIS/Device/ST/STM32F4xx/Include -I../Drivers/CMSIS/Include -I"/home/tomas1908/STM32CubeIDE/workspace_1.19.0/pdm/Trabajo_final_PdM/Drivers/API/Inc" -I"/home/tomas1908/STM32CubeIDE/workspace_1.19.0/pdm/Trabajo_final_PdM/Drivers/API/Src" -O0 -ffunction-sections -fdata-sections -Wall -fstack-usage -fcyclomatic-complexity -MMD -MP -MF"Core/Src/main.d" -MT"Core/Src/main.o" --specs=nano.specs -mfpu=fpv4-sp-d16 -mfloat-abi=hard -mthumb -o "Core/Src/main.o"
arm-none-eabi-gcc -o "Trabajo_final_PdM.elf" @"objects.list"   -mcpu=cortex-m4 -T"/home/tomas1908/STM32CubeIDE/workspace_1.19.0/pdm/Trabajo_final_PdM/STM32F446RETX_FLASH.ld" --specs=nosys.specs -Wl,-Map="Trabajo_final_PdM.map" -Wl,--gc-sections -static --specs=nano.specs -mfpu=fpv4-sp-d16 -mfloat-abi=hard -mthumb -Wl,--start-group -lc -lm -Wl,--end-group
Finished building target: Trabajo_final_PdM.elf
 
arm-none-eabi-size  Trabajo_final_PdM.elf 
arm-none-eabi-objdump -h -S Trabajo_final_PdM.elf  > "Trabajo_final_PdM.list"
   text	   data	    bss	    dec	    hex	filename
  13844	     12	   1740	  15596	   3cec	Trabajo_final_PdM.elf
Finished building: default.size.stdout
 
Finished building: Trabajo_final_PdM.list
 
07:02:41 **** Incremental Build of configuration Debug for project Trabajo_final_PdM ****
make -j8 all 
arm-none-eabi-size  Trabajo_final_PdM.elf 
   text	   data	    bss	    dec	    hex	filename
  13844	     12	   1740	  15596	   3cec	Trabajo_final_PdM.elf
Finished building: default.size.stdout
 
07:05:20 **** Incremental Build of configuration Debug for project Trabajo_final_PdM ****
make -j8 all 
arm-none-eabi-gcc "../Core/Src/main.c" -mcpu=cortex-m4 -std=gnu11 -g3 -DDEBUG -DUSE_HAL_DRIVER -DSTM32F446xx -c -I../Core/Inc -I../Drivers/STM32F4xx_HAL_Driver/Inc -I../Drivers/STM32F4xx_HAL_Driver/Inc/Legacy -I../Drivers/CMSIS/Device/ST/STM32F4xx/Include -I../Drivers/CMSIS/Include -I"/home/tomas1908/STM32CubeIDE/workspace_1.19.0/pdm/Trabajo_final_PdM/Drivers/API/Inc" -I"/home/tomas1908/STM32CubeIDE/workspace_1.19.0/pdm/Trabajo_final_PdM/Drivers/API/Src" -O0 -ffunction-sections -fdata-sections -Wall -fstack-usage -fcyclomatic-complexity -MMD -MP -MF"Core/Src/main.d" -MT"Core/Src/main.o" --specs=nano.specs -mfpu=fpv4-sp-d16 -mfloat-abi=hard -mthumb -o "Core/Src/main.o"
arm-none-eabi-gcc -o "Trabajo_final_PdM.elf" @"objects.list"   -mcpu=cortex-m4 -T"/home/tomas1908/STM32CubeIDE/workspace_1.19.0/pdm/Trabajo_final_PdM/STM32F446RETX_FLASH.ld" --specs=nosys.specs -Wl,-Map="Trabajo_final_PdM.map" -Wl,--gc-sections -static --specs=nano.specs -mfpu=fpv4-sp-d16 -mfloat-abi=hard -mthumb -Wl,--start-group -lc -lm -Wl,--end-group
Finished building target: Trabajo_final_PdM.elf
 
arm-none-eabi-size  Trabajo_final_PdM.elf 
arm-none-eabi-objdump -h -S Trabajo_final_PdM.elf  > "Trabajo_final_PdM.list"
   text	   data	    bss	    dec	    hex	filename
  13844	     12	   1740	  15596	   3cec	Trabajo_final_PdM.elf
Finished building: default.size.stdout
 
Finished building: Trabajo_final_PdM.list
 
07:07:20 **** Incremental Build of configuration Debug for project Trabajo_final_PdM ****
make -j8 all 
arm-none-eabi-gcc "../Core/Src/main.c" -mcpu=cortex-m4 -std=gnu11 -g3 -DDEBUG -DUSE_HAL_DRIVER -DSTM32F446xx -c -I../Core/Inc -I../Drivers/STM32F4xx_HAL_Driver/Inc -I../Drivers/STM32F4xx_HAL_Driver/Inc/Legacy -I../Drivers/CMSIS/Device/ST/STM32F4xx/Include -I../Drivers/CMSIS/Include -I"/home/tomas1908/STM32CubeIDE/workspace_1.19.0/pdm/Trabajo_final_PdM/Drivers/API/Inc" -I"/home/tomas1908/STM32CubeIDE/workspace_1.19.0/pdm/Trabajo_final_PdM/Drivers/API/Src" -O0 -ffunction-sections -fdata-sections -Wall -fstack-usage -fcyclomatic-complexity -MMD -MP -MF"Core/Src/main.d" -MT"Core/Src/main.o" --specs=nano.specs -mfpu=fpv4-sp-d16 -mfloat-abi=hard -mthumb -o "Core/Src/main.o"
arm-none-eabi-gcc -o "Trabajo_final_PdM.elf" @"objects.list"   -mcpu=cortex-m4 -T"/home/tomas1908/STM32CubeIDE/workspace_1.19.0/pdm/Trabajo_final_PdM/STM32F446RETX_FLASH.ld" --specs=nosys.specs -Wl,-Map="Trabajo_final_PdM.map" -Wl,--gc-sections -static --specs=nano.specs -mfpu=fpv4-sp-d16 -mfloat-abi=hard -mthumb -Wl,--start-group -lc -lm -Wl,--end-group
Finished building target: Trabajo_final_PdM.elf
 
arm-none-eabi-size  Trabajo_final_PdM.elf 
arm-none-eabi-objdump -h -S Trabajo_final_PdM.elf  > "Trabajo_final_PdM.list"
   text	   data	    bss	    dec	    hex	filename
  13848	     12	   1740	  15600	   3cf0	Trabajo_final_PdM.elf
Finished building: default.size.stdout
 
Finished building: Trabajo_final_PdM.list
 
07:08:21 **** Incremental Build of configuration Debug for project Trabajo_final_PdM ****
make -j8 all 
arm-none-eabi-gcc "../Core/Src/main.c" -mcpu=cortex-m4 -std=gnu11 -g3 -DDEBUG -DUSE_HAL_DRIVER -DSTM32F446xx -c -I../Core/Inc -I../Drivers/STM32F4xx_HAL_Driver/Inc -I../Drivers/STM32F4xx_HAL_Driver/Inc/Legacy -I../Drivers/CMSIS/Device/ST/STM32F4xx/Include -I../Drivers/CMSIS/Include -I"/home/tomas1908/STM32CubeIDE/workspace_1.19.0/pdm/Trabajo_final_PdM/Drivers/API/Inc" -I"/home/tomas1908/STM32CubeIDE/workspace_1.19.0/pdm/Trabajo_final_PdM/Drivers/API/Src" -O0 -ffunction-sections -fdata-sections -Wall -fstack-usage -fcyclomatic-complexity -MMD -MP -MF"Core/Src/main.d" -MT"Core/Src/main.o" --specs=nano.specs -mfpu=fpv4-sp-d16 -mfloat-abi=hard -mthumb -o "Core/Src/main.o"
arm-none-eabi-gcc -o "Trabajo_final_PdM.elf" @"objects.list"   -mcpu=cortex-m4 -T"/home/tomas1908/STM32CubeIDE/workspace_1.19.0/pdm/Trabajo_final_PdM/STM32F446RETX_FLASH.ld" --specs=nosys.specs -Wl,-Map="Trabajo_final_PdM.map" -Wl,--gc-sections -static --specs=nano.specs -mfpu=fpv4-sp-d16 -mfloat-abi=hard -mthumb -Wl,--start-group -lc -lm -Wl,--end-group
Finished building target: Trabajo_final_PdM.elf
 
arm-none-eabi-size  Trabajo_final_PdM.elf 
arm-none-eabi-objdump -h -S Trabajo_final_PdM.elf  > "Trabajo_final_PdM.list"
   text	   data	    bss	    dec	    hex	filename
  13836	     12	   1740	  15588	   3ce4	Trabajo_final_PdM.elf
Finished building: default.size.stdout
 
Finished building: Trabajo_final_PdM.list
 
07:09:08 **** Incremental Build of configuration Debug for project Trabajo_final_PdM ****
make -j8 all 
arm-none-eabi-gcc "../Core/Src/main.c" -mcpu=cortex-m4 -std=gnu11 -g3 -DDEBUG -DUSE_HAL_DRIVER -DSTM32F446xx -c -I../Core/Inc -I../Drivers/STM32F4xx_HAL_Driver/Inc -I../Drivers/STM32F4xx_HAL_Driver/Inc/Legacy -I../Drivers/CMSIS/Device/ST/STM32F4xx/Include -I../Drivers/CMSIS/Include -I"/home/tomas1908/STM32CubeIDE/workspace_1.19.0/pdm/Trabajo_final_PdM/Drivers/API/Inc" -I"/home/tomas1908/STM32CubeIDE/workspace_1.19.0/pdm/Trabajo_final_PdM/Drivers/API/Src" -O0 -ffunction-sections -fdata-sections -Wall -fstack-usage -fcyclomatic-complexity -MMD -MP -MF"Core/Src/main.d" -MT"Core/Src/main.o" --specs=nano.specs -mfpu=fpv4-sp-d16 -mfloat-abi=hard -mthumb -o "Core/Src/main.o"
arm-none-eabi-gcc -o "Trabajo_final_PdM.elf" @"objects.list"   -mcpu=cortex-m4 -T"/home/tomas1908/STM32CubeIDE/workspace_1.19.0/pdm/Trabajo_final_PdM/STM32F446RETX_FLASH.ld" --specs=nosys.specs -Wl,-Map="Trabajo_final_PdM.map" -Wl,--gc-sections -static --specs=nano.specs -mfpu=fpv4-sp-d16 -mfloat-abi=hard -mthumb -Wl,--start-group -lc -lm -Wl,--end-group
Finished building target: Trabajo_final_PdM.elf
 
arm-none-eabi-size  Trabajo_final_PdM.elf 
arm-none-eabi-objdump -h -S Trabajo_final_PdM.elf  > "Trabajo_final_PdM.list"
   text	   data	    bss	    dec	    hex	filename
  13848	     12	   1740	  15600	   3cf0	Trabajo_final_PdM.elf
Finished building: default.size.stdout
 
Finished building: Trabajo_final_PdM.list
 
07:10:56 **** Incremental Build of configuration Debug for project Trabajo_final_PdM ****
make -j8 all 
arm-none-eabi-gcc "../Core/Src/main.c" -mcpu=cortex-m4 -std=gnu11 -g3 -DDEBUG -DUSE_HAL_DRIVER -DSTM32F446xx -c -I../Core/Inc -I../Drivers/STM32F4xx_HAL_Driver/Inc -I../Drivers/STM32F4xx_HAL_Driver/Inc/Legacy -I../Drivers/CMSIS/Device/ST/STM32F4xx/Include -I../Drivers/CMSIS/Include -I"/home/tomas1908/STM32CubeIDE/workspace_1.19.0/pdm/Trabajo_final_PdM/Drivers/API/Inc" -I"/home/tomas1908/STM32CubeIDE/workspace_1.19.0/pdm/Trabajo_final_PdM/Drivers/API/Src" -O0 -ffunction-sections -fdata-sections -Wall -fstack-usage -fcyclomatic-complexity -MMD -MP -MF"Core/Src/main.d" -MT"Core/Src/main.o" --specs=nano.specs -mfpu=fpv4-sp-d16 -mfloat-abi=hard -mthumb -o "Core/Src/main.o"
arm-none-eabi-gcc -o "Trabajo_final_PdM.elf" @"objects.list"   -mcpu=cortex-m4 -T"/home/tomas1908/STM32CubeIDE/workspace_1.19.0/pdm/Trabajo_final_PdM/STM32F446RETX_FLASH.ld" --specs=nosys.specs -Wl,-Map="Trabajo_final_PdM.map" -Wl,--gc-sections -static --specs=nano.specs -mfpu=fpv4-sp-d16 -mfloat-abi=hard -mthumb -Wl,--start-group -lc -lm -Wl,--end-group
Finished building target: Trabajo_final_PdM.elf
 
arm-none-eabi-size  Trabajo_final_PdM.elf 
arm-none-eabi-objdump -h -S Trabajo_final_PdM.elf  > "Trabajo_final_PdM.list"
   text	   data	    bss	    dec	    hex	filename
  13848	     12	   1740	  15600	   3cf0	Trabajo_final_PdM.elf
Finished building: default.size.stdout
 
Finished building: Trabajo_final_PdM.list
 
09:27:58 **** Build of configuration Debug for project ej1_p5 ****
make -j8 all 
arm-none-eabi-size  ej1_p5.elf 
   text	   data	    bss	    dec	    hex	filename
   8940	     12	   1644	  10596	   2964	ej1_p5.elf
Finished building: default.size.stdout
 
09:30:07 **** Incremental Build of configuration Debug for project ej1_p5 ****
make -j8 all 
arm-none-eabi-size  ej1_p5.elf 
   text	   data	    bss	    dec	    hex	filename
   8940	     12	   1644	  10596	   2964	ej1_p5.elf
Finished building: default.size.stdout
 
09:32:58 **** Incremental Build of configuration Debug for project ej1_p5 ****
make -j8 all 
arm-none-eabi-gcc "../Core/Src/main.c" -mcpu=cortex-m4 -std=gnu11 -g3 -DDEBUG -DUSE_HAL_DRIVER -DSTM32F446xx -c -I../Core/Inc -I../Drivers/STM32F4xx_HAL_Driver/Inc -I../Drivers/STM32F4xx_HAL_Driver/Inc/Legacy -I../Drivers/CMSIS/Device/ST/STM32F4xx/Include -I../Drivers/CMSIS/Include -I"/home/tomas1908/STM32CubeIDE/workspace_1.19.0/pdm/ej1_p5/Drivers/API/Inc" -I"/home/tomas1908/STM32CubeIDE/workspace_1.19.0/pdm/ej1_p5/Drivers/API/Src" -I"/home/tomas1908/STM32CubeIDE/workspace_1.19.0/pdm/ej1_p5/Drivers/API" -I"/home/tomas1908/STM32CubeIDE/workspace_1.19.0/pdm/ej1_p5/Drivers" -O0 -ffunction-sections -fdata-sections -Wall -fstack-usage -fcyclomatic-complexity -MMD -MP -MF"Core/Src/main.d" -MT"Core/Src/main.o" --specs=nano.specs -mfpu=fpv4-sp-d16 -mfloat-abi=hard -mthumb -o "Core/Src/main.o"
../Core/Src/main.c: In function 'main':
../Core/Src/main.c:111:30: warning: pointer targets in passing argument 1 of 'uartSendStringSize' differ in signedness [-Wpointer-sign]
  111 |           uartSendStringSize(saludo,12);
      |                              ^~~~~~
      |                              |
      |                              char *
In file included from ../Core/Inc/main.h:36,
                 from ../Core/Src/main.c:20:
/home/tomas1908/STM32CubeIDE/workspace_1.19.0/pdm/ej1_p5/Drivers/API/Inc/API_uart.h:17:35: note: expected 'uint8_t *' {aka 'unsigned char *'} but argument is of type 'char *'
   17 | void uartSendStringSize(uint8_t * pstring, uint16_t size);
      |                         ~~~~~~~~~~^~~~~~~
arm-none-eabi-gcc -o "ej1_p5.elf" @"objects.list"   -mcpu=cortex-m4 -T"/home/tomas1908/STM32CubeIDE/workspace_1.19.0/pdm/ej1_p5/STM32F446RETX_FLASH.ld" --specs=nosys.specs -Wl,-Map="ej1_p5.map" -Wl,--gc-sections -static --specs=nano.specs -mfpu=fpv4-sp-d16 -mfloat-abi=hard -mthumb -Wl,--start-group -lc -lm -Wl,--end-group
Finished building target: ej1_p5.elf
 
arm-none-eabi-size  ej1_p5.elf 
arm-none-eabi-objdump -h -S ej1_p5.elf  > "ej1_p5.list"
   text	   data	    bss	    dec	    hex	filename
   9020	     12	   1644	  10676	   29b4	ej1_p5.elf
Finished building: default.size.stdout
 
Finished building: ej1_p5.list
 
09:37:13 **** Incremental Build of configuration Debug for project ej1_p5 ****
make -j8 all 
arm-none-eabi-gcc "../Core/Src/main.c" -mcpu=cortex-m4 -std=gnu11 -g3 -DDEBUG -DUSE_HAL_DRIVER -DSTM32F446xx -c -I../Core/Inc -I../Drivers/STM32F4xx_HAL_Driver/Inc -I../Drivers/STM32F4xx_HAL_Driver/Inc/Legacy -I../Drivers/CMSIS/Device/ST/STM32F4xx/Include -I../Drivers/CMSIS/Include -I"/home/tomas1908/STM32CubeIDE/workspace_1.19.0/pdm/ej1_p5/Drivers/API/Inc" -I"/home/tomas1908/STM32CubeIDE/workspace_1.19.0/pdm/ej1_p5/Drivers/API/Src" -I"/home/tomas1908/STM32CubeIDE/workspace_1.19.0/pdm/ej1_p5/Drivers/API" -I"/home/tomas1908/STM32CubeIDE/workspace_1.19.0/pdm/ej1_p5/Drivers" -O0 -ffunction-sections -fdata-sections -Wall -fstack-usage -fcyclomatic-complexity -MMD -MP -MF"Core/Src/main.d" -MT"Core/Src/main.o" --specs=nano.specs -mfpu=fpv4-sp-d16 -mfloat-abi=hard -mthumb -o "Core/Src/main.o"
../Core/Src/main.c: In function 'main':
../Core/Src/main.c:111:30: warning: passing argument 1 of 'uartSendStringSize' from incompatible pointer type [-Wincompatible-pointer-types]
  111 |           uartSendStringSize(&saludo,12);
      |                              ^~~~~~~
      |                              |
      |                              char (*)[12]
In file included from ../Core/Inc/main.h:36,
                 from ../Core/Src/main.c:20:
/home/tomas1908/STM32CubeIDE/workspace_1.19.0/pdm/ej1_p5/Drivers/API/Inc/API_uart.h:17:35: note: expected 'uint8_t *' {aka 'unsigned char *'} but argument is of type 'char (*)[12]'
   17 | void uartSendStringSize(uint8_t * pstring, uint16_t size);
      |                         ~~~~~~~~~~^~~~~~~
arm-none-eabi-gcc -o "ej1_p5.elf" @"objects.list"   -mcpu=cortex-m4 -T"/home/tomas1908/STM32CubeIDE/workspace_1.19.0/pdm/ej1_p5/STM32F446RETX_FLASH.ld" --specs=nosys.specs -Wl,-Map="ej1_p5.map" -Wl,--gc-sections -static --specs=nano.specs -mfpu=fpv4-sp-d16 -mfloat-abi=hard -mthumb -Wl,--start-group -lc -lm -Wl,--end-group
Finished building target: ej1_p5.elf
 
arm-none-eabi-size  ej1_p5.elf 
arm-none-eabi-objdump -h -S ej1_p5.elf  > "ej1_p5.list"
   text	   data	    bss	    dec	    hex	filename
   9020	     12	   1644	  10676	   29b4	ej1_p5.elf
Finished building: default.size.stdout
 
Finished building: ej1_p5.list
 
09:37:59 **** Incremental Build of configuration Debug for project ej1_p5 ****
make -j8 all 
arm-none-eabi-gcc "../Core/Src/main.c" -mcpu=cortex-m4 -std=gnu11 -g3 -DDEBUG -DUSE_HAL_DRIVER -DSTM32F446xx -c -I../Core/Inc -I../Drivers/STM32F4xx_HAL_Driver/Inc -I../Drivers/STM32F4xx_HAL_Driver/Inc/Legacy -I../Drivers/CMSIS/Device/ST/STM32F4xx/Include -I../Drivers/CMSIS/Include -I"/home/tomas1908/STM32CubeIDE/workspace_1.19.0/pdm/ej1_p5/Drivers/API/Inc" -I"/home/tomas1908/STM32CubeIDE/workspace_1.19.0/pdm/ej1_p5/Drivers/API/Src" -I"/home/tomas1908/STM32CubeIDE/workspace_1.19.0/pdm/ej1_p5/Drivers/API" -I"/home/tomas1908/STM32CubeIDE/workspace_1.19.0/pdm/ej1_p5/Drivers" -O0 -ffunction-sections -fdata-sections -Wall -fstack-usage -fcyclomatic-complexity -MMD -MP -MF"Core/Src/main.d" -MT"Core/Src/main.o" --specs=nano.specs -mfpu=fpv4-sp-d16 -mfloat-abi=hard -mthumb -o "Core/Src/main.o"
arm-none-eabi-gcc -o "ej1_p5.elf" @"objects.list"   -mcpu=cortex-m4 -T"/home/tomas1908/STM32CubeIDE/workspace_1.19.0/pdm/ej1_p5/STM32F446RETX_FLASH.ld" --specs=nosys.specs -Wl,-Map="ej1_p5.map" -Wl,--gc-sections -static --specs=nano.specs -mfpu=fpv4-sp-d16 -mfloat-abi=hard -mthumb -Wl,--start-group -lc -lm -Wl,--end-group
Finished building target: ej1_p5.elf
 
arm-none-eabi-size  ej1_p5.elf 
arm-none-eabi-objdump -h -S ej1_p5.elf  > "ej1_p5.list"
   text	   data	    bss	    dec	    hex	filename
   9020	     12	   1644	  10676	   29b4	ej1_p5.elf
Finished building: default.size.stdout
 
Finished building: ej1_p5.list
 
09:39:12 **** Incremental Build of configuration Debug for project ej1_p5 ****
make -j8 all 
arm-none-eabi-gcc "../Core/Src/main.c" -mcpu=cortex-m4 -std=gnu11 -g3 -DDEBUG -DUSE_HAL_DRIVER -DSTM32F446xx -c -I../Core/Inc -I../Drivers/STM32F4xx_HAL_Driver/Inc -I../Drivers/STM32F4xx_HAL_Driver/Inc/Legacy -I../Drivers/CMSIS/Device/ST/STM32F4xx/Include -I../Drivers/CMSIS/Include -I"/home/tomas1908/STM32CubeIDE/workspace_1.19.0/pdm/ej1_p5/Drivers/API/Inc" -I"/home/tomas1908/STM32CubeIDE/workspace_1.19.0/pdm/ej1_p5/Drivers/API/Src" -I"/home/tomas1908/STM32CubeIDE/workspace_1.19.0/pdm/ej1_p5/Drivers/API" -I"/home/tomas1908/STM32CubeIDE/workspace_1.19.0/pdm/ej1_p5/Drivers" -O0 -ffunction-sections -fdata-sections -Wall -fstack-usage -fcyclomatic-complexity -MMD -MP -MF"Core/Src/main.d" -MT"Core/Src/main.o" --specs=nano.specs -mfpu=fpv4-sp-d16 -mfloat-abi=hard -mthumb -o "Core/Src/main.o"
../Core/Src/main.c: In function 'main':
../Core/Src/main.c:112:38: warning: pointer targets in passing argument 2 of 'HAL_UART_Transmit' differ in signedness [-Wpointer-sign]
  112 |           HAL_UART_Transmit(&huart1, saludo, 12, 100);
      |                                      ^~~~~~
      |                                      |
      |                                      char *
In file included from ../Core/Inc/stm32f4xx_hal_conf.h:411,
                 from ../Drivers/STM32F4xx_HAL_Driver/Inc/stm32f4xx_hal.h:29,
                 from ../Core/Inc/main.h:30,
                 from ../Core/Src/main.c:20:
../Drivers/STM32F4xx_HAL_Driver/Inc/stm32f4xx_hal_uart.h:745:79: note: expected 'const uint8_t *' {aka 'const unsigned char *'} but argument is of type 'char *'
  745 | HAL_StatusTypeDef HAL_UART_Transmit(UART_HandleTypeDef *huart, const uint8_t *pData, uint16_t Size, uint32_t Timeout);
      |                                                                ~~~~~~~~~~~~~~~^~~~~
arm-none-eabi-gcc -o "ej1_p5.elf" @"objects.list"   -mcpu=cortex-m4 -T"/home/tomas1908/STM32CubeIDE/workspace_1.19.0/pdm/ej1_p5/STM32F446RETX_FLASH.ld" --specs=nosys.specs -Wl,-Map="ej1_p5.map" -Wl,--gc-sections -static --specs=nano.specs -mfpu=fpv4-sp-d16 -mfloat-abi=hard -mthumb -Wl,--start-group -lc -lm -Wl,--end-group
Finished building target: ej1_p5.elf
 
arm-none-eabi-size  ej1_p5.elf 
arm-none-eabi-objdump -h -S ej1_p5.elf  > "ej1_p5.list"
   text	   data	    bss	    dec	    hex	filename
   8984	     12	   1644	  10640	   2990	ej1_p5.elf
Finished building: default.size.stdout
 
Finished building: ej1_p5.list
 
09:39:52 **** Incremental Build of configuration Debug for project ej1_p5 ****
make -j8 all 
arm-none-eabi-gcc "../Core/Src/main.c" -mcpu=cortex-m4 -std=gnu11 -g3 -DDEBUG -DUSE_HAL_DRIVER -DSTM32F446xx -c -I../Core/Inc -I../Drivers/STM32F4xx_HAL_Driver/Inc -I../Drivers/STM32F4xx_HAL_Driver/Inc/Legacy -I../Drivers/CMSIS/Device/ST/STM32F4xx/Include -I../Drivers/CMSIS/Include -I"/home/tomas1908/STM32CubeIDE/workspace_1.19.0/pdm/ej1_p5/Drivers/API/Inc" -I"/home/tomas1908/STM32CubeIDE/workspace_1.19.0/pdm/ej1_p5/Drivers/API/Src" -I"/home/tomas1908/STM32CubeIDE/workspace_1.19.0/pdm/ej1_p5/Drivers/API" -I"/home/tomas1908/STM32CubeIDE/workspace_1.19.0/pdm/ej1_p5/Drivers" -O0 -ffunction-sections -fdata-sections -Wall -fstack-usage -fcyclomatic-complexity -MMD -MP -MF"Core/Src/main.d" -MT"Core/Src/main.o" --specs=nano.specs -mfpu=fpv4-sp-d16 -mfloat-abi=hard -mthumb -o "Core/Src/main.o"
../Core/Src/main.c: In function 'main':
../Core/Src/main.c:112:38: warning: pointer targets in passing argument 2 of 'HAL_UART_Transmit' differ in signedness [-Wpointer-sign]
  112 |           HAL_UART_Transmit(&huart1, saludo, sizeof(saludo), 100);
      |                                      ^~~~~~
      |                                      |
      |                                      char *
In file included from ../Core/Inc/stm32f4xx_hal_conf.h:411,
                 from ../Drivers/STM32F4xx_HAL_Driver/Inc/stm32f4xx_hal.h:29,
                 from ../Core/Inc/main.h:30,
                 from ../Core/Src/main.c:20:
../Drivers/STM32F4xx_HAL_Driver/Inc/stm32f4xx_hal_uart.h:745:79: note: expected 'const uint8_t *' {aka 'const unsigned char *'} but argument is of type 'char *'
  745 | HAL_StatusTypeDef HAL_UART_Transmit(UART_HandleTypeDef *huart, const uint8_t *pData, uint16_t Size, uint32_t Timeout);
      |                                                                ~~~~~~~~~~~~~~~^~~~~
arm-none-eabi-gcc -o "ej1_p5.elf" @"objects.list"   -mcpu=cortex-m4 -T"/home/tomas1908/STM32CubeIDE/workspace_1.19.0/pdm/ej1_p5/STM32F446RETX_FLASH.ld" --specs=nosys.specs -Wl,-Map="ej1_p5.map" -Wl,--gc-sections -static --specs=nano.specs -mfpu=fpv4-sp-d16 -mfloat-abi=hard -mthumb -Wl,--start-group -lc -lm -Wl,--end-group
Finished building target: ej1_p5.elf
 
arm-none-eabi-size  ej1_p5.elf 
arm-none-eabi-objdump -h -S ej1_p5.elf  > "ej1_p5.list"
   text	   data	    bss	    dec	    hex	filename
   8984	     12	   1644	  10640	   2990	ej1_p5.elf
Finished building: default.size.stdout
 
Finished building: ej1_p5.list
 
09:40:46 **** Incremental Build of configuration Debug for project ej1_p5 ****
make -j8 all 
arm-none-eabi-gcc "../Core/Src/main.c" -mcpu=cortex-m4 -std=gnu11 -g3 -DDEBUG -DUSE_HAL_DRIVER -DSTM32F446xx -c -I../Core/Inc -I../Drivers/STM32F4xx_HAL_Driver/Inc -I../Drivers/STM32F4xx_HAL_Driver/Inc/Legacy -I../Drivers/CMSIS/Device/ST/STM32F4xx/Include -I../Drivers/CMSIS/Include -I"/home/tomas1908/STM32CubeIDE/workspace_1.19.0/pdm/ej1_p5/Drivers/API/Inc" -I"/home/tomas1908/STM32CubeIDE/workspace_1.19.0/pdm/ej1_p5/Drivers/API/Src" -I"/home/tomas1908/STM32CubeIDE/workspace_1.19.0/pdm/ej1_p5/Drivers/API" -I"/home/tomas1908/STM32CubeIDE/workspace_1.19.0/pdm/ej1_p5/Drivers" -O0 -ffunction-sections -fdata-sections -Wall -fstack-usage -fcyclomatic-complexity -MMD -MP -MF"Core/Src/main.d" -MT"Core/Src/main.o" --specs=nano.specs -mfpu=fpv4-sp-d16 -mfloat-abi=hard -mthumb -o "Core/Src/main.o"
../Core/Src/main.c: In function 'main':
../Core/Src/main.c:112:38: warning: passing argument 2 of 'HAL_UART_Transmit' from incompatible pointer type [-Wincompatible-pointer-types]
  112 |           HAL_UART_Transmit(&huart1, &saludo, sizeof(saludo), 100);
      |                                      ^~~~~~~
      |                                      |
      |                                      char (*)[12]
In file included from ../Core/Inc/stm32f4xx_hal_conf.h:411,
                 from ../Drivers/STM32F4xx_HAL_Driver/Inc/stm32f4xx_hal.h:29,
                 from ../Core/Inc/main.h:30,
                 from ../Core/Src/main.c:20:
../Drivers/STM32F4xx_HAL_Driver/Inc/stm32f4xx_hal_uart.h:745:79: note: expected 'const uint8_t *' {aka 'const unsigned char *'} but argument is of type 'char (*)[12]'
  745 | HAL_StatusTypeDef HAL_UART_Transmit(UART_HandleTypeDef *huart, const uint8_t *pData, uint16_t Size, uint32_t Timeout);
      |                                                                ~~~~~~~~~~~~~~~^~~~~
arm-none-eabi-gcc -o "ej1_p5.elf" @"objects.list"   -mcpu=cortex-m4 -T"/home/tomas1908/STM32CubeIDE/workspace_1.19.0/pdm/ej1_p5/STM32F446RETX_FLASH.ld" --specs=nosys.specs -Wl,-Map="ej1_p5.map" -Wl,--gc-sections -static --specs=nano.specs -mfpu=fpv4-sp-d16 -mfloat-abi=hard -mthumb -Wl,--start-group -lc -lm -Wl,--end-group
Finished building target: ej1_p5.elf
 
arm-none-eabi-size  ej1_p5.elf 
arm-none-eabi-objdump -h -S ej1_p5.elf  > "ej1_p5.list"
   text	   data	    bss	    dec	    hex	filename
   8984	     12	   1644	  10640	   2990	ej1_p5.elf
Finished building: default.size.stdout
 
Finished building: ej1_p5.list
 
09:41:09 **** Incremental Build of configuration Debug for project ej1_p5 ****
make -j8 all 
arm-none-eabi-gcc "../Core/Src/main.c" -mcpu=cortex-m4 -std=gnu11 -g3 -DDEBUG -DUSE_HAL_DRIVER -DSTM32F446xx -c -I../Core/Inc -I../Drivers/STM32F4xx_HAL_Driver/Inc -I../Drivers/STM32F4xx_HAL_Driver/Inc/Legacy -I../Drivers/CMSIS/Device/ST/STM32F4xx/Include -I../Drivers/CMSIS/Include -I"/home/tomas1908/STM32CubeIDE/workspace_1.19.0/pdm/ej1_p5/Drivers/API/Inc" -I"/home/tomas1908/STM32CubeIDE/workspace_1.19.0/pdm/ej1_p5/Drivers/API/Src" -I"/home/tomas1908/STM32CubeIDE/workspace_1.19.0/pdm/ej1_p5/Drivers/API" -I"/home/tomas1908/STM32CubeIDE/workspace_1.19.0/pdm/ej1_p5/Drivers" -O0 -ffunction-sections -fdata-sections -Wall -fstack-usage -fcyclomatic-complexity -MMD -MP -MF"Core/Src/main.d" -MT"Core/Src/main.o" --specs=nano.specs -mfpu=fpv4-sp-d16 -mfloat-abi=hard -mthumb -o "Core/Src/main.o"
arm-none-eabi-gcc -o "ej1_p5.elf" @"objects.list"   -mcpu=cortex-m4 -T"/home/tomas1908/STM32CubeIDE/workspace_1.19.0/pdm/ej1_p5/STM32F446RETX_FLASH.ld" --specs=nosys.specs -Wl,-Map="ej1_p5.map" -Wl,--gc-sections -static --specs=nano.specs -mfpu=fpv4-sp-d16 -mfloat-abi=hard -mthumb -Wl,--start-group -lc -lm -Wl,--end-group
Finished building target: ej1_p5.elf
 
arm-none-eabi-size  ej1_p5.elf 
arm-none-eabi-objdump -h -S ej1_p5.elf  > "ej1_p5.list"
   text	   data	    bss	    dec	    hex	filename
   8984	     12	   1644	  10640	   2990	ej1_p5.elf
Finished building: default.size.stdout
 
Finished building: ej1_p5.list
 
09:41:31 **** Incremental Build of configuration Debug for project ej1_p5 ****
make -j8 all 
arm-none-eabi-gcc "../Core/Src/main.c" -mcpu=cortex-m4 -std=gnu11 -g3 -DDEBUG -DUSE_HAL_DRIVER -DSTM32F446xx -c -I../Core/Inc -I../Drivers/STM32F4xx_HAL_Driver/Inc -I../Drivers/STM32F4xx_HAL_Driver/Inc/Legacy -I../Drivers/CMSIS/Device/ST/STM32F4xx/Include -I../Drivers/CMSIS/Include -I"/home/tomas1908/STM32CubeIDE/workspace_1.19.0/pdm/ej1_p5/Drivers/API/Inc" -I"/home/tomas1908/STM32CubeIDE/workspace_1.19.0/pdm/ej1_p5/Drivers/API/Src" -I"/home/tomas1908/STM32CubeIDE/workspace_1.19.0/pdm/ej1_p5/Drivers/API" -I"/home/tomas1908/STM32CubeIDE/workspace_1.19.0/pdm/ej1_p5/Drivers" -O0 -ffunction-sections -fdata-sections -Wall -fstack-usage -fcyclomatic-complexity -MMD -MP -MF"Core/Src/main.d" -MT"Core/Src/main.o" --specs=nano.specs -mfpu=fpv4-sp-d16 -mfloat-abi=hard -mthumb -o "Core/Src/main.o"
../Core/Src/main.c: In function 'main':
../Core/Src/main.c:112:38: warning: cast from pointer to integer of different size [-Wpointer-to-int-cast]
  112 |           HAL_UART_Transmit(&huart1, (uint8_t)&saludo, sizeof(saludo), 100);
      |                                      ^
../Core/Src/main.c:112:38: warning: passing argument 2 of 'HAL_UART_Transmit' makes pointer from integer without a cast [-Wint-conversion]
  112 |           HAL_UART_Transmit(&huart1, (uint8_t)&saludo, sizeof(saludo), 100);
      |                                      ^~~~~~~~~~~~~~~~
      |                                      |
      |                                      unsigned char
In file included from ../Core/Inc/stm32f4xx_hal_conf.h:411,
                 from ../Drivers/STM32F4xx_HAL_Driver/Inc/stm32f4xx_hal.h:29,
                 from ../Core/Inc/main.h:30,
                 from ../Core/Src/main.c:20:
../Drivers/STM32F4xx_HAL_Driver/Inc/stm32f4xx_hal_uart.h:745:79: note: expected 'const uint8_t *' {aka 'const unsigned char *'} but argument is of type 'unsigned char'
  745 | HAL_StatusTypeDef HAL_UART_Transmit(UART_HandleTypeDef *huart, const uint8_t *pData, uint16_t Size, uint32_t Timeout);
      |                                                                ~~~~~~~~~~~~~~~^~~~~
arm-none-eabi-gcc -o "ej1_p5.elf" @"objects.list"   -mcpu=cortex-m4 -T"/home/tomas1908/STM32CubeIDE/workspace_1.19.0/pdm/ej1_p5/STM32F446RETX_FLASH.ld" --specs=nosys.specs -Wl,-Map="ej1_p5.map" -Wl,--gc-sections -static --specs=nano.specs -mfpu=fpv4-sp-d16 -mfloat-abi=hard -mthumb -Wl,--start-group -lc -lm -Wl,--end-group
Finished building target: ej1_p5.elf
 
arm-none-eabi-size  ej1_p5.elf 
arm-none-eabi-objdump -h -S ej1_p5.elf  > "ej1_p5.list"
   text	   data	    bss	    dec	    hex	filename
   8988	     12	   1644	  10644	   2994	ej1_p5.elf
Finished building: default.size.stdout
 
Finished building: ej1_p5.list
 
09:41:50 **** Incremental Build of configuration Debug for project ej1_p5 ****
make -j8 all 
arm-none-eabi-gcc "../Core/Src/main.c" -mcpu=cortex-m4 -std=gnu11 -g3 -DDEBUG -DUSE_HAL_DRIVER -DSTM32F446xx -c -I../Core/Inc -I../Drivers/STM32F4xx_HAL_Driver/Inc -I../Drivers/STM32F4xx_HAL_Driver/Inc/Legacy -I../Drivers/CMSIS/Device/ST/STM32F4xx/Include -I../Drivers/CMSIS/Include -I"/home/tomas1908/STM32CubeIDE/workspace_1.19.0/pdm/ej1_p5/Drivers/API/Inc" -I"/home/tomas1908/STM32CubeIDE/workspace_1.19.0/pdm/ej1_p5/Drivers/API/Src" -I"/home/tomas1908/STM32CubeIDE/workspace_1.19.0/pdm/ej1_p5/Drivers/API" -I"/home/tomas1908/STM32CubeIDE/workspace_1.19.0/pdm/ej1_p5/Drivers" -O0 -ffunction-sections -fdata-sections -Wall -fstack-usage -fcyclomatic-complexity -MMD -MP -MF"Core/Src/main.d" -MT"Core/Src/main.o" --specs=nano.specs -mfpu=fpv4-sp-d16 -mfloat-abi=hard -mthumb -o "Core/Src/main.o"
../Core/Src/main.c: In function 'main':
../Core/Src/main.c:112:38: warning: cast from pointer to integer of different size [-Wpointer-to-int-cast]
  112 |           HAL_UART_Transmit(&huart1, (uint8_t)saludo, sizeof(saludo), 100);
      |                                      ^
../Core/Src/main.c:112:38: warning: passing argument 2 of 'HAL_UART_Transmit' makes pointer from integer without a cast [-Wint-conversion]
  112 |           HAL_UART_Transmit(&huart1, (uint8_t)saludo, sizeof(saludo), 100);
      |                                      ^~~~~~~~~~~~~~~
      |                                      |
      |                                      unsigned char
In file included from ../Core/Inc/stm32f4xx_hal_conf.h:411,
                 from ../Drivers/STM32F4xx_HAL_Driver/Inc/stm32f4xx_hal.h:29,
                 from ../Core/Inc/main.h:30,
                 from ../Core/Src/main.c:20:
../Drivers/STM32F4xx_HAL_Driver/Inc/stm32f4xx_hal_uart.h:745:79: note: expected 'const uint8_t *' {aka 'const unsigned char *'} but argument is of type 'unsigned char'
  745 | HAL_StatusTypeDef HAL_UART_Transmit(UART_HandleTypeDef *huart, const uint8_t *pData, uint16_t Size, uint32_t Timeout);
      |                                                                ~~~~~~~~~~~~~~~^~~~~
arm-none-eabi-gcc -o "ej1_p5.elf" @"objects.list"   -mcpu=cortex-m4 -T"/home/tomas1908/STM32CubeIDE/workspace_1.19.0/pdm/ej1_p5/STM32F446RETX_FLASH.ld" --specs=nosys.specs -Wl,-Map="ej1_p5.map" -Wl,--gc-sections -static --specs=nano.specs -mfpu=fpv4-sp-d16 -mfloat-abi=hard -mthumb -Wl,--start-group -lc -lm -Wl,--end-group
Finished building target: ej1_p5.elf
 
arm-none-eabi-size  ej1_p5.elf 
arm-none-eabi-objdump -h -S ej1_p5.elf  > "ej1_p5.list"
   text	   data	    bss	    dec	    hex	filename
   8988	     12	   1644	  10644	   2994	ej1_p5.elf
Finished building: default.size.stdout
 
Finished building: ej1_p5.list
 
09:42:21 **** Incremental Build of configuration Debug for project ej1_p5 ****
make -j8 all 
arm-none-eabi-gcc "../Core/Src/main.c" -mcpu=cortex-m4 -std=gnu11 -g3 -DDEBUG -DUSE_HAL_DRIVER -DSTM32F446xx -c -I../Core/Inc -I../Drivers/STM32F4xx_HAL_Driver/Inc -I../Drivers/STM32F4xx_HAL_Driver/Inc/Legacy -I../Drivers/CMSIS/Device/ST/STM32F4xx/Include -I../Drivers/CMSIS/Include -I"/home/tomas1908/STM32CubeIDE/workspace_1.19.0/pdm/ej1_p5/Drivers/API/Inc" -I"/home/tomas1908/STM32CubeIDE/workspace_1.19.0/pdm/ej1_p5/Drivers/API/Src" -I"/home/tomas1908/STM32CubeIDE/workspace_1.19.0/pdm/ej1_p5/Drivers/API" -I"/home/tomas1908/STM32CubeIDE/workspace_1.19.0/pdm/ej1_p5/Drivers" -O0 -ffunction-sections -fdata-sections -Wall -fstack-usage -fcyclomatic-complexity -MMD -MP -MF"Core/Src/main.d" -MT"Core/Src/main.o" --specs=nano.specs -mfpu=fpv4-sp-d16 -mfloat-abi=hard -mthumb -o "Core/Src/main.o"
../Core/Src/main.c: In function 'main':
../Core/Src/main.c:112:38: warning: pointer targets in passing argument 2 of 'HAL_UART_Transmit' differ in signedness [-Wpointer-sign]
  112 |           HAL_UART_Transmit(&huart1, saludo, sizeof(saludo), 100);
      |                                      ^~~~~~
      |                                      |
      |                                      char *
In file included from ../Core/Inc/stm32f4xx_hal_conf.h:411,
                 from ../Drivers/STM32F4xx_HAL_Driver/Inc/stm32f4xx_hal.h:29,
                 from ../Core/Inc/main.h:30,
                 from ../Core/Src/main.c:20:
../Drivers/STM32F4xx_HAL_Driver/Inc/stm32f4xx_hal_uart.h:745:79: note: expected 'const uint8_t *' {aka 'const unsigned char *'} but argument is of type 'char *'
  745 | HAL_StatusTypeDef HAL_UART_Transmit(UART_HandleTypeDef *huart, const uint8_t *pData, uint16_t Size, uint32_t Timeout);
      |                                                                ~~~~~~~~~~~~~~~^~~~~
arm-none-eabi-gcc -o "ej1_p5.elf" @"objects.list"   -mcpu=cortex-m4 -T"/home/tomas1908/STM32CubeIDE/workspace_1.19.0/pdm/ej1_p5/STM32F446RETX_FLASH.ld" --specs=nosys.specs -Wl,-Map="ej1_p5.map" -Wl,--gc-sections -static --specs=nano.specs -mfpu=fpv4-sp-d16 -mfloat-abi=hard -mthumb -Wl,--start-group -lc -lm -Wl,--end-group
Finished building target: ej1_p5.elf
 
arm-none-eabi-size  ej1_p5.elf 
arm-none-eabi-objdump -h -S ej1_p5.elf  > "ej1_p5.list"
   text	   data	    bss	    dec	    hex	filename
   8984	     12	   1644	  10640	   2990	ej1_p5.elf
Finished building: default.size.stdout
 
Finished building: ej1_p5.list
 
09:44:16 **** Incremental Build of configuration Debug for project ej1_p5 ****
make -j8 all 
arm-none-eabi-gcc "../Drivers/STM32F4xx_HAL_Driver/Src/stm32f4xx_hal.c" -mcpu=cortex-m4 -std=gnu11 -g3 -DDEBUG -DUSE_HAL_DRIVER -DSTM32F446xx -c -I../Core/Inc -I../Drivers/STM32F4xx_HAL_Driver/Inc -I../Drivers/STM32F4xx_HAL_Driver/Inc/Legacy -I../Drivers/CMSIS/Device/ST/STM32F4xx/Include -I../Drivers/CMSIS/Include -I"/home/tomas1908/STM32CubeIDE/workspace_1.19.0/pdm/ej1_p5/Drivers/API/Inc" -I"/home/tomas1908/STM32CubeIDE/workspace_1.19.0/pdm/ej1_p5/Drivers/API/Src" -I"/home/tomas1908/STM32CubeIDE/workspace_1.19.0/pdm/ej1_p5/Drivers/API" -I"/home/tomas1908/STM32CubeIDE/workspace_1.19.0/pdm/ej1_p5/Drivers" -O0 -ffunction-sections -fdata-sections -Wall -fstack-usage -fcyclomatic-complexity -MMD -MP -MF"Drivers/STM32F4xx_HAL_Driver/Src/stm32f4xx_hal.d" -MT"Drivers/STM32F4xx_HAL_Driver/Src/stm32f4xx_hal.o" --specs=nano.specs -mfpu=fpv4-sp-d16 -mfloat-abi=hard -mthumb -o "Drivers/STM32F4xx_HAL_Driver/Src/stm32f4xx_hal.o"
arm-none-eabi-gcc "../Drivers/STM32F4xx_HAL_Driver/Src/stm32f4xx_hal_cortex.c" -mcpu=cortex-m4 -std=gnu11 -g3 -DDEBUG -DUSE_HAL_DRIVER -DSTM32F446xx -c -I../Core/Inc -I../Drivers/STM32F4xx_HAL_Driver/Inc -I../Drivers/STM32F4xx_HAL_Driver/Inc/Legacy -I../Drivers/CMSIS/Device/ST/STM32F4xx/Include -I../Drivers/CMSIS/Include -I"/home/tomas1908/STM32CubeIDE/workspace_1.19.0/pdm/ej1_p5/Drivers/API/Inc" -I"/home/tomas1908/STM32CubeIDE/workspace_1.19.0/pdm/ej1_p5/Drivers/API/Src" -I"/home/tomas1908/STM32CubeIDE/workspace_1.19.0/pdm/ej1_p5/Drivers/API" -I"/home/tomas1908/STM32CubeIDE/workspace_1.19.0/pdm/ej1_p5/Drivers" -O0 -ffunction-sections -fdata-sections -Wall -fstack-usage -fcyclomatic-complexity -MMD -MP -MF"Drivers/STM32F4xx_HAL_Driver/Src/stm32f4xx_hal_cortex.d" -MT"Drivers/STM32F4xx_HAL_Driver/Src/stm32f4xx_hal_cortex.o" --specs=nano.specs -mfpu=fpv4-sp-d16 -mfloat-abi=hard -mthumb -o "Drivers/STM32F4xx_HAL_Driver/Src/stm32f4xx_hal_cortex.o"
arm-none-eabi-gcc "../Drivers/STM32F4xx_HAL_Driver/Src/stm32f4xx_hal_dma.c" -mcpu=cortex-m4 -std=gnu11 -g3 -DDEBUG -DUSE_HAL_DRIVER -DSTM32F446xx -c -I../Core/Inc -I../Drivers/STM32F4xx_HAL_Driver/Inc -I../Drivers/STM32F4xx_HAL_Driver/Inc/Legacy -I../Drivers/CMSIS/Device/ST/STM32F4xx/Include -I../Drivers/CMSIS/Include -I"/home/tomas1908/STM32CubeIDE/workspace_1.19.0/pdm/ej1_p5/Drivers/API/Inc" -I"/home/tomas1908/STM32CubeIDE/workspace_1.19.0/pdm/ej1_p5/Drivers/API/Src" -I"/home/tomas1908/STM32CubeIDE/workspace_1.19.0/pdm/ej1_p5/Drivers/API" -I"/home/tomas1908/STM32CubeIDE/workspace_1.19.0/pdm/ej1_p5/Drivers" -O0 -ffunction-sections -fdata-sections -Wall -fstack-usage -fcyclomatic-complexity -MMD -MP -MF"Drivers/STM32F4xx_HAL_Driver/Src/stm32f4xx_hal_dma.d" -MT"Drivers/STM32F4xx_HAL_Driver/Src/stm32f4xx_hal_dma.o" --specs=nano.specs -mfpu=fpv4-sp-d16 -mfloat-abi=hard -mthumb -o "Drivers/STM32F4xx_HAL_Driver/Src/stm32f4xx_hal_dma.o"
arm-none-eabi-gcc "../Drivers/STM32F4xx_HAL_Driver/Src/stm32f4xx_hal_dma_ex.c" -mcpu=cortex-m4 -std=gnu11 -g3 -DDEBUG -DUSE_HAL_DRIVER -DSTM32F446xx -c -I../Core/Inc -I../Drivers/STM32F4xx_HAL_Driver/Inc -I../Drivers/STM32F4xx_HAL_Driver/Inc/Legacy -I../Drivers/CMSIS/Device/ST/STM32F4xx/Include -I../Drivers/CMSIS/Include -I"/home/tomas1908/STM32CubeIDE/workspace_1.19.0/pdm/ej1_p5/Drivers/API/Inc" -I"/home/tomas1908/STM32CubeIDE/workspace_1.19.0/pdm/ej1_p5/Drivers/API/Src" -I"/home/tomas1908/STM32CubeIDE/workspace_1.19.0/pdm/ej1_p5/Drivers/API" -I"/home/tomas1908/STM32CubeIDE/workspace_1.19.0/pdm/ej1_p5/Drivers" -O0 -ffunction-sections -fdata-sections -Wall -fstack-usage -fcyclomatic-complexity -MMD -MP -MF"Drivers/STM32F4xx_HAL_Driver/Src/stm32f4xx_hal_dma_ex.d" -MT"Drivers/STM32F4xx_HAL_Driver/Src/stm32f4xx_hal_dma_ex.o" --specs=nano.specs -mfpu=fpv4-sp-d16 -mfloat-abi=hard -mthumb -o "Drivers/STM32F4xx_HAL_Driver/Src/stm32f4xx_hal_dma_ex.o"
arm-none-eabi-gcc "../Drivers/STM32F4xx_HAL_Driver/Src/stm32f4xx_hal_exti.c" -mcpu=cortex-m4 -std=gnu11 -g3 -DDEBUG -DUSE_HAL_DRIVER -DSTM32F446xx -c -I../Core/Inc -I../Drivers/STM32F4xx_HAL_Driver/Inc -I../Drivers/STM32F4xx_HAL_Driver/Inc/Legacy -I../Drivers/CMSIS/Device/ST/STM32F4xx/Include -I../Drivers/CMSIS/Include -I"/home/tomas1908/STM32CubeIDE/workspace_1.19.0/pdm/ej1_p5/Drivers/API/Inc" -I"/home/tomas1908/STM32CubeIDE/workspace_1.19.0/pdm/ej1_p5/Drivers/API/Src" -I"/home/tomas1908/STM32CubeIDE/workspace_1.19.0/pdm/ej1_p5/Drivers/API" -I"/home/tomas1908/STM32CubeIDE/workspace_1.19.0/pdm/ej1_p5/Drivers" -O0 -ffunction-sections -fdata-sections -Wall -fstack-usage -fcyclomatic-complexity -MMD -MP -MF"Drivers/STM32F4xx_HAL_Driver/Src/stm32f4xx_hal_exti.d" -MT"Drivers/STM32F4xx_HAL_Driver/Src/stm32f4xx_hal_exti.o" --specs=nano.specs -mfpu=fpv4-sp-d16 -mfloat-abi=hard -mthumb -o "Drivers/STM32F4xx_HAL_Driver/Src/stm32f4xx_hal_exti.o"
arm-none-eabi-gcc "../Drivers/STM32F4xx_HAL_Driver/Src/stm32f4xx_hal_flash.c" -mcpu=cortex-m4 -std=gnu11 -g3 -DDEBUG -DUSE_HAL_DRIVER -DSTM32F446xx -c -I../Core/Inc -I../Drivers/STM32F4xx_HAL_Driver/Inc -I../Drivers/STM32F4xx_HAL_Driver/Inc/Legacy -I../Drivers/CMSIS/Device/ST/STM32F4xx/Include -I../Drivers/CMSIS/Include -I"/home/tomas1908/STM32CubeIDE/workspace_1.19.0/pdm/ej1_p5/Drivers/API/Inc" -I"/home/tomas1908/STM32CubeIDE/workspace_1.19.0/pdm/ej1_p5/Drivers/API/Src" -I"/home/tomas1908/STM32CubeIDE/workspace_1.19.0/pdm/ej1_p5/Drivers/API" -I"/home/tomas1908/STM32CubeIDE/workspace_1.19.0/pdm/ej1_p5/Drivers" -O0 -ffunction-sections -fdata-sections -Wall -fstack-usage -fcyclomatic-complexity -MMD -MP -MF"Drivers/STM32F4xx_HAL_Driver/Src/stm32f4xx_hal_flash.d" -MT"Drivers/STM32F4xx_HAL_Driver/Src/stm32f4xx_hal_flash.o" --specs=nano.specs -mfpu=fpv4-sp-d16 -mfloat-abi=hard -mthumb -o "Drivers/STM32F4xx_HAL_Driver/Src/stm32f4xx_hal_flash.o"
arm-none-eabi-gcc "../Drivers/STM32F4xx_HAL_Driver/Src/stm32f4xx_hal_flash_ex.c" -mcpu=cortex-m4 -std=gnu11 -g3 -DDEBUG -DUSE_HAL_DRIVER -DSTM32F446xx -c -I../Core/Inc -I../Drivers/STM32F4xx_HAL_Driver/Inc -I../Drivers/STM32F4xx_HAL_Driver/Inc/Legacy -I../Drivers/CMSIS/Device/ST/STM32F4xx/Include -I../Drivers/CMSIS/Include -I"/home/tomas1908/STM32CubeIDE/workspace_1.19.0/pdm/ej1_p5/Drivers/API/Inc" -I"/home/tomas1908/STM32CubeIDE/workspace_1.19.0/pdm/ej1_p5/Drivers/API/Src" -I"/home/tomas1908/STM32CubeIDE/workspace_1.19.0/pdm/ej1_p5/Drivers/API" -I"/home/tomas1908/STM32CubeIDE/workspace_1.19.0/pdm/ej1_p5/Drivers" -O0 -ffunction-sections -fdata-sections -Wall -fstack-usage -fcyclomatic-complexity -MMD -MP -MF"Drivers/STM32F4xx_HAL_Driver/Src/stm32f4xx_hal_flash_ex.d" -MT"Drivers/STM32F4xx_HAL_Driver/Src/stm32f4xx_hal_flash_ex.o" --specs=nano.specs -mfpu=fpv4-sp-d16 -mfloat-abi=hard -mthumb -o "Drivers/STM32F4xx_HAL_Driver/Src/stm32f4xx_hal_flash_ex.o"
arm-none-eabi-gcc "../Drivers/STM32F4xx_HAL_Driver/Src/stm32f4xx_hal_flash_ramfunc.c" -mcpu=cortex-m4 -std=gnu11 -g3 -DDEBUG -DUSE_HAL_DRIVER -DSTM32F446xx -c -I../Core/Inc -I../Drivers/STM32F4xx_HAL_Driver/Inc -I../Drivers/STM32F4xx_HAL_Driver/Inc/Legacy -I../Drivers/CMSIS/Device/ST/STM32F4xx/Include -I../Drivers/CMSIS/Include -I"/home/tomas1908/STM32CubeIDE/workspace_1.19.0/pdm/ej1_p5/Drivers/API/Inc" -I"/home/tomas1908/STM32CubeIDE/workspace_1.19.0/pdm/ej1_p5/Drivers/API/Src" -I"/home/tomas1908/STM32CubeIDE/workspace_1.19.0/pdm/ej1_p5/Drivers/API" -I"/home/tomas1908/STM32CubeIDE/workspace_1.19.0/pdm/ej1_p5/Drivers" -O0 -ffunction-sections -fdata-sections -Wall -fstack-usage -fcyclomatic-complexity -MMD -MP -MF"Drivers/STM32F4xx_HAL_Driver/Src/stm32f4xx_hal_flash_ramfunc.d" -MT"Drivers/STM32F4xx_HAL_Driver/Src/stm32f4xx_hal_flash_ramfunc.o" --specs=nano.specs -mfpu=fpv4-sp-d16 -mfloat-abi=hard -mthumb -o "Drivers/STM32F4xx_HAL_Driver/Src/stm32f4xx_hal_flash_ramfunc.o"
arm-none-eabi-gcc "../Drivers/STM32F4xx_HAL_Driver/Src/stm32f4xx_hal_gpio.c" -mcpu=cortex-m4 -std=gnu11 -g3 -DDEBUG -DUSE_HAL_DRIVER -DSTM32F446xx -c -I../Core/Inc -I../Drivers/STM32F4xx_HAL_Driver/Inc -I../Drivers/STM32F4xx_HAL_Driver/Inc/Legacy -I../Drivers/CMSIS/Device/ST/STM32F4xx/Include -I../Drivers/CMSIS/Include -I"/home/tomas1908/STM32CubeIDE/workspace_1.19.0/pdm/ej1_p5/Drivers/API/Inc" -I"/home/tomas1908/STM32CubeIDE/workspace_1.19.0/pdm/ej1_p5/Drivers/API/Src" -I"/home/tomas1908/STM32CubeIDE/workspace_1.19.0/pdm/ej1_p5/Drivers/API" -I"/home/tomas1908/STM32CubeIDE/workspace_1.19.0/pdm/ej1_p5/Drivers" -O0 -ffunction-sections -fdata-sections -Wall -fstack-usage -fcyclomatic-complexity -MMD -MP -MF"Drivers/STM32F4xx_HAL_Driver/Src/stm32f4xx_hal_gpio.d" -MT"Drivers/STM32F4xx_HAL_Driver/Src/stm32f4xx_hal_gpio.o" --specs=nano.specs -mfpu=fpv4-sp-d16 -mfloat-abi=hard -mthumb -o "Drivers/STM32F4xx_HAL_Driver/Src/stm32f4xx_hal_gpio.o"
arm-none-eabi-gcc "../Drivers/STM32F4xx_HAL_Driver/Src/stm32f4xx_hal_pwr.c" -mcpu=cortex-m4 -std=gnu11 -g3 -DDEBUG -DUSE_HAL_DRIVER -DSTM32F446xx -c -I../Core/Inc -I../Drivers/STM32F4xx_HAL_Driver/Inc -I../Drivers/STM32F4xx_HAL_Driver/Inc/Legacy -I../Drivers/CMSIS/Device/ST/STM32F4xx/Include -I../Drivers/CMSIS/Include -I"/home/tomas1908/STM32CubeIDE/workspace_1.19.0/pdm/ej1_p5/Drivers/API/Inc" -I"/home/tomas1908/STM32CubeIDE/workspace_1.19.0/pdm/ej1_p5/Drivers/API/Src" -I"/home/tomas1908/STM32CubeIDE/workspace_1.19.0/pdm/ej1_p5/Drivers/API" -I"/home/tomas1908/STM32CubeIDE/workspace_1.19.0/pdm/ej1_p5/Drivers" -O0 -ffunction-sections -fdata-sections -Wall -fstack-usage -fcyclomatic-complexity -MMD -MP -MF"Drivers/STM32F4xx_HAL_Driver/Src/stm32f4xx_hal_pwr.d" -MT"Drivers/STM32F4xx_HAL_Driver/Src/stm32f4xx_hal_pwr.o" --specs=nano.specs -mfpu=fpv4-sp-d16 -mfloat-abi=hard -mthumb -o "Drivers/STM32F4xx_HAL_Driver/Src/stm32f4xx_hal_pwr.o"
arm-none-eabi-gcc "../Drivers/STM32F4xx_HAL_Driver/Src/stm32f4xx_hal_pwr_ex.c" -mcpu=cortex-m4 -std=gnu11 -g3 -DDEBUG -DUSE_HAL_DRIVER -DSTM32F446xx -c -I../Core/Inc -I../Drivers/STM32F4xx_HAL_Driver/Inc -I../Drivers/STM32F4xx_HAL_Driver/Inc/Legacy -I../Drivers/CMSIS/Device/ST/STM32F4xx/Include -I../Drivers/CMSIS/Include -I"/home/tomas1908/STM32CubeIDE/workspace_1.19.0/pdm/ej1_p5/Drivers/API/Inc" -I"/home/tomas1908/STM32CubeIDE/workspace_1.19.0/pdm/ej1_p5/Drivers/API/Src" -I"/home/tomas1908/STM32CubeIDE/workspace_1.19.0/pdm/ej1_p5/Drivers/API" -I"/home/tomas1908/STM32CubeIDE/workspace_1.19.0/pdm/ej1_p5/Drivers" -O0 -ffunction-sections -fdata-sections -Wall -fstack-usage -fcyclomatic-complexity -MMD -MP -MF"Drivers/STM32F4xx_HAL_Driver/Src/stm32f4xx_hal_pwr_ex.d" -MT"Drivers/STM32F4xx_HAL_Driver/Src/stm32f4xx_hal_pwr_ex.o" --specs=nano.specs -mfpu=fpv4-sp-d16 -mfloat-abi=hard -mthumb -o "Drivers/STM32F4xx_HAL_Driver/Src/stm32f4xx_hal_pwr_ex.o"
arm-none-eabi-gcc "../Drivers/STM32F4xx_HAL_Driver/Src/stm32f4xx_hal_rcc.c" -mcpu=cortex-m4 -std=gnu11 -g3 -DDEBUG -DUSE_HAL_DRIVER -DSTM32F446xx -c -I../Core/Inc -I../Drivers/STM32F4xx_HAL_Driver/Inc -I../Drivers/STM32F4xx_HAL_Driver/Inc/Legacy -I../Drivers/CMSIS/Device/ST/STM32F4xx/Include -I../Drivers/CMSIS/Include -I"/home/tomas1908/STM32CubeIDE/workspace_1.19.0/pdm/ej1_p5/Drivers/API/Inc" -I"/home/tomas1908/STM32CubeIDE/workspace_1.19.0/pdm/ej1_p5/Drivers/API/Src" -I"/home/tomas1908/STM32CubeIDE/workspace_1.19.0/pdm/ej1_p5/Drivers/API" -I"/home/tomas1908/STM32CubeIDE/workspace_1.19.0/pdm/ej1_p5/Drivers" -O0 -ffunction-sections -fdata-sections -Wall -fstack-usage -fcyclomatic-complexity -MMD -MP -MF"Drivers/STM32F4xx_HAL_Driver/Src/stm32f4xx_hal_rcc.d" -MT"Drivers/STM32F4xx_HAL_Driver/Src/stm32f4xx_hal_rcc.o" --specs=nano.specs -mfpu=fpv4-sp-d16 -mfloat-abi=hard -mthumb -o "Drivers/STM32F4xx_HAL_Driver/Src/stm32f4xx_hal_rcc.o"
arm-none-eabi-gcc "../Drivers/STM32F4xx_HAL_Driver/Src/stm32f4xx_hal_rcc_ex.c" -mcpu=cortex-m4 -std=gnu11 -g3 -DDEBUG -DUSE_HAL_DRIVER -DSTM32F446xx -c -I../Core/Inc -I../Drivers/STM32F4xx_HAL_Driver/Inc -I../Drivers/STM32F4xx_HAL_Driver/Inc/Legacy -I../Drivers/CMSIS/Device/ST/STM32F4xx/Include -I../Drivers/CMSIS/Include -I"/home/tomas1908/STM32CubeIDE/workspace_1.19.0/pdm/ej1_p5/Drivers/API/Inc" -I"/home/tomas1908/STM32CubeIDE/workspace_1.19.0/pdm/ej1_p5/Drivers/API/Src" -I"/home/tomas1908/STM32CubeIDE/workspace_1.19.0/pdm/ej1_p5/Drivers/API" -I"/home/tomas1908/STM32CubeIDE/workspace_1.19.0/pdm/ej1_p5/Drivers" -O0 -ffunction-sections -fdata-sections -Wall -fstack-usage -fcyclomatic-complexity -MMD -MP -MF"Drivers/STM32F4xx_HAL_Driver/Src/stm32f4xx_hal_rcc_ex.d" -MT"Drivers/STM32F4xx_HAL_Driver/Src/stm32f4xx_hal_rcc_ex.o" --specs=nano.specs -mfpu=fpv4-sp-d16 -mfloat-abi=hard -mthumb -o "Drivers/STM32F4xx_HAL_Driver/Src/stm32f4xx_hal_rcc_ex.o"
arm-none-eabi-gcc "../Drivers/STM32F4xx_HAL_Driver/Src/stm32f4xx_hal_uart.c" -mcpu=cortex-m4 -std=gnu11 -g3 -DDEBUG -DUSE_HAL_DRIVER -DSTM32F446xx -c -I../Core/Inc -I../Drivers/STM32F4xx_HAL_Driver/Inc -I../Drivers/STM32F4xx_HAL_Driver/Inc/Legacy -I../Drivers/CMSIS/Device/ST/STM32F4xx/Include -I../Drivers/CMSIS/Include -I"/home/tomas1908/STM32CubeIDE/workspace_1.19.0/pdm/ej1_p5/Drivers/API/Inc" -I"/home/tomas1908/STM32CubeIDE/workspace_1.19.0/pdm/ej1_p5/Drivers/API/Src" -I"/home/tomas1908/STM32CubeIDE/workspace_1.19.0/pdm/ej1_p5/Drivers/API" -I"/home/tomas1908/STM32CubeIDE/workspace_1.19.0/pdm/ej1_p5/Drivers" -O0 -ffunction-sections -fdata-sections -Wall -fstack-usage -fcyclomatic-complexity -MMD -MP -MF"Drivers/STM32F4xx_HAL_Driver/Src/stm32f4xx_hal_uart.d" -MT"Drivers/STM32F4xx_HAL_Driver/Src/stm32f4xx_hal_uart.o" --specs=nano.specs -mfpu=fpv4-sp-d16 -mfloat-abi=hard -mthumb -o "Drivers/STM32F4xx_HAL_Driver/Src/stm32f4xx_hal_uart.o"
arm-none-eabi-gcc "../Drivers/API/Src/API_debounce.c" -mcpu=cortex-m4 -std=gnu11 -g3 -DDEBUG -DUSE_HAL_DRIVER -DSTM32F446xx -c -I../Core/Inc -I../Drivers/STM32F4xx_HAL_Driver/Inc -I../Drivers/STM32F4xx_HAL_Driver/Inc/Legacy -I../Drivers/CMSIS/Device/ST/STM32F4xx/Include -I../Drivers/CMSIS/Include -I"/home/tomas1908/STM32CubeIDE/workspace_1.19.0/pdm/ej1_p5/Drivers/API/Inc" -I"/home/tomas1908/STM32CubeIDE/workspace_1.19.0/pdm/ej1_p5/Drivers/API/Src" -I"/home/tomas1908/STM32CubeIDE/workspace_1.19.0/pdm/ej1_p5/Drivers/API" -I"/home/tomas1908/STM32CubeIDE/workspace_1.19.0/pdm/ej1_p5/Drivers" -O0 -ffunction-sections -fdata-sections -Wall -fstack-usage -fcyclomatic-complexity -MMD -MP -MF"Drivers/API/Src/API_debounce.d" -MT"Drivers/API/Src/API_debounce.o" --specs=nano.specs -mfpu=fpv4-sp-d16 -mfloat-abi=hard -mthumb -o "Drivers/API/Src/API_debounce.o"
arm-none-eabi-gcc "../Drivers/API/Src/API_delay.c" -mcpu=cortex-m4 -std=gnu11 -g3 -DDEBUG -DUSE_HAL_DRIVER -DSTM32F446xx -c -I../Core/Inc -I../Drivers/STM32F4xx_HAL_Driver/Inc -I../Drivers/STM32F4xx_HAL_Driver/Inc/Legacy -I../Drivers/CMSIS/Device/ST/STM32F4xx/Include -I../Drivers/CMSIS/Include -I"/home/tomas1908/STM32CubeIDE/workspace_1.19.0/pdm/ej1_p5/Drivers/API/Inc" -I"/home/tomas1908/STM32CubeIDE/workspace_1.19.0/pdm/ej1_p5/Drivers/API/Src" -I"/home/tomas1908/STM32CubeIDE/workspace_1.19.0/pdm/ej1_p5/Drivers/API" -I"/home/tomas1908/STM32CubeIDE/workspace_1.19.0/pdm/ej1_p5/Drivers" -O0 -ffunction-sections -fdata-sections -Wall -fstack-usage -fcyclomatic-complexity -MMD -MP -MF"Drivers/API/Src/API_delay.d" -MT"Drivers/API/Src/API_delay.o" --specs=nano.specs -mfpu=fpv4-sp-d16 -mfloat-abi=hard -mthumb -o "Drivers/API/Src/API_delay.o"
arm-none-eabi-gcc "../Drivers/API/Src/API_uart.c" -mcpu=cortex-m4 -std=gnu11 -g3 -DDEBUG -DUSE_HAL_DRIVER -DSTM32F446xx -c -I../Core/Inc -I../Drivers/STM32F4xx_HAL_Driver/Inc -I../Drivers/STM32F4xx_HAL_Driver/Inc/Legacy -I../Drivers/CMSIS/Device/ST/STM32F4xx/Include -I../Drivers/CMSIS/Include -I"/home/tomas1908/STM32CubeIDE/workspace_1.19.0/pdm/ej1_p5/Drivers/API/Inc" -I"/home/tomas1908/STM32CubeIDE/workspace_1.19.0/pdm/ej1_p5/Drivers/API/Src" -I"/home/tomas1908/STM32CubeIDE/workspace_1.19.0/pdm/ej1_p5/Drivers/API" -I"/home/tomas1908/STM32CubeIDE/workspace_1.19.0/pdm/ej1_p5/Drivers" -O0 -ffunction-sections -fdata-sections -Wall -fstack-usage -fcyclomatic-complexity -MMD -MP -MF"Drivers/API/Src/API_uart.d" -MT"Drivers/API/Src/API_uart.o" --specs=nano.specs -mfpu=fpv4-sp-d16 -mfloat-abi=hard -mthumb -o "Drivers/API/Src/API_uart.o"
arm-none-eabi-gcc "../Core/Src/main.c" -mcpu=cortex-m4 -std=gnu11 -g3 -DDEBUG -DUSE_HAL_DRIVER -DSTM32F446xx -c -I../Core/Inc -I../Drivers/STM32F4xx_HAL_Driver/Inc -I../Drivers/STM32F4xx_HAL_Driver/Inc/Legacy -I../Drivers/CMSIS/Device/ST/STM32F4xx/Include -I../Drivers/CMSIS/Include -I"/home/tomas1908/STM32CubeIDE/workspace_1.19.0/pdm/ej1_p5/Drivers/API/Inc" -I"/home/tomas1908/STM32CubeIDE/workspace_1.19.0/pdm/ej1_p5/Drivers/API/Src" -I"/home/tomas1908/STM32CubeIDE/workspace_1.19.0/pdm/ej1_p5/Drivers/API" -I"/home/tomas1908/STM32CubeIDE/workspace_1.19.0/pdm/ej1_p5/Drivers" -O0 -ffunction-sections -fdata-sections -Wall -fstack-usage -fcyclomatic-complexity -MMD -MP -MF"Core/Src/main.d" -MT"Core/Src/main.o" --specs=nano.specs -mfpu=fpv4-sp-d16 -mfloat-abi=hard -mthumb -o "Core/Src/main.o"
arm-none-eabi-gcc "../Core/Src/stm32f4xx_hal_msp.c" -mcpu=cortex-m4 -std=gnu11 -g3 -DDEBUG -DUSE_HAL_DRIVER -DSTM32F446xx -c -I../Core/Inc -I../Drivers/STM32F4xx_HAL_Driver/Inc -I../Drivers/STM32F4xx_HAL_Driver/Inc/Legacy -I../Drivers/CMSIS/Device/ST/STM32F4xx/Include -I../Drivers/CMSIS/Include -I"/home/tomas1908/STM32CubeIDE/workspace_1.19.0/pdm/ej1_p5/Drivers/API/Inc" -I"/home/tomas1908/STM32CubeIDE/workspace_1.19.0/pdm/ej1_p5/Drivers/API/Src" -I"/home/tomas1908/STM32CubeIDE/workspace_1.19.0/pdm/ej1_p5/Drivers/API" -I"/home/tomas1908/STM32CubeIDE/workspace_1.19.0/pdm/ej1_p5/Drivers" -O0 -ffunction-sections -fdata-sections -Wall -fstack-usage -fcyclomatic-complexity -MMD -MP -MF"Core/Src/stm32f4xx_hal_msp.d" -MT"Core/Src/stm32f4xx_hal_msp.o" --specs=nano.specs -mfpu=fpv4-sp-d16 -mfloat-abi=hard -mthumb -o "Core/Src/stm32f4xx_hal_msp.o"
arm-none-eabi-gcc "../Core/Src/stm32f4xx_it.c" -mcpu=cortex-m4 -std=gnu11 -g3 -DDEBUG -DUSE_HAL_DRIVER -DSTM32F446xx -c -I../Core/Inc -I../Drivers/STM32F4xx_HAL_Driver/Inc -I../Drivers/STM32F4xx_HAL_Driver/Inc/Legacy -I../Drivers/CMSIS/Device/ST/STM32F4xx/Include -I../Drivers/CMSIS/Include -I"/home/tomas1908/STM32CubeIDE/workspace_1.19.0/pdm/ej1_p5/Drivers/API/Inc" -I"/home/tomas1908/STM32CubeIDE/workspace_1.19.0/pdm/ej1_p5/Drivers/API/Src" -I"/home/tomas1908/STM32CubeIDE/workspace_1.19.0/pdm/ej1_p5/Drivers/API" -I"/home/tomas1908/STM32CubeIDE/workspace_1.19.0/pdm/ej1_p5/Drivers" -O0 -ffunction-sections -fdata-sections -Wall -fstack-usage -fcyclomatic-complexity -MMD -MP -MF"Core/Src/stm32f4xx_it.d" -MT"Core/Src/stm32f4xx_it.o" --specs=nano.specs -mfpu=fpv4-sp-d16 -mfloat-abi=hard -mthumb -o "Core/Src/stm32f4xx_it.o"
arm-none-eabi-gcc "../Core/Src/system_stm32f4xx.c" -mcpu=cortex-m4 -std=gnu11 -g3 -DDEBUG -DUSE_HAL_DRIVER -DSTM32F446xx -c -I../Core/Inc -I../Drivers/STM32F4xx_HAL_Driver/Inc -I../Drivers/STM32F4xx_HAL_Driver/Inc/Legacy -I../Drivers/CMSIS/Device/ST/STM32F4xx/Include -I../Drivers/CMSIS/Include -I"/home/tomas1908/STM32CubeIDE/workspace_1.19.0/pdm/ej1_p5/Drivers/API/Inc" -I"/home/tomas1908/STM32CubeIDE/workspace_1.19.0/pdm/ej1_p5/Drivers/API/Src" -I"/home/tomas1908/STM32CubeIDE/workspace_1.19.0/pdm/ej1_p5/Drivers/API" -I"/home/tomas1908/STM32CubeIDE/workspace_1.19.0/pdm/ej1_p5/Drivers" -O0 -ffunction-sections -fdata-sections -Wall -fstack-usage -fcyclomatic-complexity -MMD -MP -MF"Core/Src/system_stm32f4xx.d" -MT"Core/Src/system_stm32f4xx.o" --specs=nano.specs -mfpu=fpv4-sp-d16 -mfloat-abi=hard -mthumb -o "Core/Src/system_stm32f4xx.o"
../Core/Src/main.c: In function 'main':
../Core/Src/main.c:112:38: warning: pointer targets in passing argument 2 of 'HAL_UART_Transmit' differ in signedness [-Wpointer-sign]
  112 |           HAL_UART_Transmit(&huart1, saludo, sizeof(saludo), 100);
      |                                      ^~~~~~
      |                                      |
      |                                      char *
In file included from ../Core/Inc/stm32f4xx_hal_conf.h:411,
                 from ../Drivers/STM32F4xx_HAL_Driver/Inc/stm32f4xx_hal.h:29,
                 from ../Core/Inc/main.h:30,
                 from ../Core/Src/main.c:20:
../Drivers/STM32F4xx_HAL_Driver/Inc/stm32f4xx_hal_uart.h:745:79: note: expected 'const uint8_t *' {aka 'const unsigned char *'} but argument is of type 'char *'
  745 | HAL_StatusTypeDef HAL_UART_Transmit(UART_HandleTypeDef *huart, const uint8_t *pData, uint16_t Size, uint32_t Timeout);
      |                                                                ~~~~~~~~~~~~~~~^~~~~
arm-none-eabi-gcc -o "ej1_p5.elf" @"objects.list"   -mcpu=cortex-m4 -T"/home/tomas1908/STM32CubeIDE/workspace_1.19.0/pdm/ej1_p5/STM32F446RETX_FLASH.ld" --specs=nosys.specs -Wl,-Map="ej1_p5.map" -Wl,--gc-sections -static --specs=nano.specs -mfpu=fpv4-sp-d16 -mfloat-abi=hard -mthumb -Wl,--start-group -lc -lm -Wl,--end-group
Finished building target: ej1_p5.elf
 
arm-none-eabi-size  ej1_p5.elf 
arm-none-eabi-objdump -h -S ej1_p5.elf  > "ej1_p5.list"
   text	   data	    bss	    dec	    hex	filename
   8984	     12	   1644	  10640	   2990	ej1_p5.elf
Finished building: default.size.stdout
 
Finished building: ej1_p5.list
 
09:44:45 **** Incremental Build of configuration Debug for project ej1_p5 ****
make -j8 all 
arm-none-eabi-gcc "../Core/Src/main.c" -mcpu=cortex-m4 -std=gnu11 -g3 -DDEBUG -DUSE_HAL_DRIVER -DSTM32F446xx -c -I../Core/Inc -I../Drivers/STM32F4xx_HAL_Driver/Inc -I../Drivers/STM32F4xx_HAL_Driver/Inc/Legacy -I../Drivers/CMSIS/Device/ST/STM32F4xx/Include -I../Drivers/CMSIS/Include -I"/home/tomas1908/STM32CubeIDE/workspace_1.19.0/pdm/ej1_p5/Drivers/API/Inc" -I"/home/tomas1908/STM32CubeIDE/workspace_1.19.0/pdm/ej1_p5/Drivers/API/Src" -I"/home/tomas1908/STM32CubeIDE/workspace_1.19.0/pdm/ej1_p5/Drivers/API" -I"/home/tomas1908/STM32CubeIDE/workspace_1.19.0/pdm/ej1_p5/Drivers" -O0 -ffunction-sections -fdata-sections -Wall -fstack-usage -fcyclomatic-complexity -MMD -MP -MF"Core/Src/main.d" -MT"Core/Src/main.o" --specs=nano.specs -mfpu=fpv4-sp-d16 -mfloat-abi=hard -mthumb -o "Core/Src/main.o"
../Core/Src/main.c: In function 'main':
../Core/Src/main.c:112:38: warning: passing argument 2 of 'HAL_UART_Transmit' from incompatible pointer type [-Wincompatible-pointer-types]
  112 |           HAL_UART_Transmit(&huart1, &saludo, sizeof(saludo), 100);
      |                                      ^~~~~~~
      |                                      |
      |                                      char (*)[12]
In file included from ../Core/Inc/stm32f4xx_hal_conf.h:411,
                 from ../Drivers/STM32F4xx_HAL_Driver/Inc/stm32f4xx_hal.h:29,
                 from ../Core/Inc/main.h:30,
                 from ../Core/Src/main.c:20:
../Drivers/STM32F4xx_HAL_Driver/Inc/stm32f4xx_hal_uart.h:745:79: note: expected 'const uint8_t *' {aka 'const unsigned char *'} but argument is of type 'char (*)[12]'
  745 | HAL_StatusTypeDef HAL_UART_Transmit(UART_HandleTypeDef *huart, const uint8_t *pData, uint16_t Size, uint32_t Timeout);
      |                                                                ~~~~~~~~~~~~~~~^~~~~
arm-none-eabi-gcc -o "ej1_p5.elf" @"objects.list"   -mcpu=cortex-m4 -T"/home/tomas1908/STM32CubeIDE/workspace_1.19.0/pdm/ej1_p5/STM32F446RETX_FLASH.ld" --specs=nosys.specs -Wl,-Map="ej1_p5.map" -Wl,--gc-sections -static --specs=nano.specs -mfpu=fpv4-sp-d16 -mfloat-abi=hard -mthumb -Wl,--start-group -lc -lm -Wl,--end-group
Finished building target: ej1_p5.elf
 
arm-none-eabi-size  ej1_p5.elf 
arm-none-eabi-objdump -h -S ej1_p5.elf  > "ej1_p5.list"
   text	   data	    bss	    dec	    hex	filename
   8984	     12	   1644	  10640	   2990	ej1_p5.elf
Finished building: default.size.stdout
 
Finished building: ej1_p5.list
 
09:45:07 **** Incremental Build of configuration Debug for project ej1_p5 ****
make -j8 all 
arm-none-eabi-gcc "../Core/Src/main.c" -mcpu=cortex-m4 -std=gnu11 -g3 -DDEBUG -DUSE_HAL_DRIVER -DSTM32F446xx -c -I../Core/Inc -I../Drivers/STM32F4xx_HAL_Driver/Inc -I../Drivers/STM32F4xx_HAL_Driver/Inc/Legacy -I../Drivers/CMSIS/Device/ST/STM32F4xx/Include -I../Drivers/CMSIS/Include -I"/home/tomas1908/STM32CubeIDE/workspace_1.19.0/pdm/ej1_p5/Drivers/API/Inc" -I"/home/tomas1908/STM32CubeIDE/workspace_1.19.0/pdm/ej1_p5/Drivers/API/Src" -I"/home/tomas1908/STM32CubeIDE/workspace_1.19.0/pdm/ej1_p5/Drivers/API" -I"/home/tomas1908/STM32CubeIDE/workspace_1.19.0/pdm/ej1_p5/Drivers" -O0 -ffunction-sections -fdata-sections -Wall -fstack-usage -fcyclomatic-complexity -MMD -MP -MF"Core/Src/main.d" -MT"Core/Src/main.o" --specs=nano.specs -mfpu=fpv4-sp-d16 -mfloat-abi=hard -mthumb -o "Core/Src/main.o"
../Core/Src/main.c: In function 'main':
../Core/Src/main.c:112:38: warning: cast from pointer to integer of different size [-Wpointer-to-int-cast]
  112 |           HAL_UART_Transmit(&huart1, (uint8_t)&saludo, sizeof(saludo), 100);
      |                                      ^
../Core/Src/main.c:112:38: warning: passing argument 2 of 'HAL_UART_Transmit' makes pointer from integer without a cast [-Wint-conversion]
  112 |           HAL_UART_Transmit(&huart1, (uint8_t)&saludo, sizeof(saludo), 100);
      |                                      ^~~~~~~~~~~~~~~~
      |                                      |
      |                                      unsigned char
In file included from ../Core/Inc/stm32f4xx_hal_conf.h:411,
                 from ../Drivers/STM32F4xx_HAL_Driver/Inc/stm32f4xx_hal.h:29,
                 from ../Core/Inc/main.h:30,
                 from ../Core/Src/main.c:20:
../Drivers/STM32F4xx_HAL_Driver/Inc/stm32f4xx_hal_uart.h:745:79: note: expected 'const uint8_t *' {aka 'const unsigned char *'} but argument is of type 'unsigned char'
  745 | HAL_StatusTypeDef HAL_UART_Transmit(UART_HandleTypeDef *huart, const uint8_t *pData, uint16_t Size, uint32_t Timeout);
      |                                                                ~~~~~~~~~~~~~~~^~~~~
arm-none-eabi-gcc -o "ej1_p5.elf" @"objects.list"   -mcpu=cortex-m4 -T"/home/tomas1908/STM32CubeIDE/workspace_1.19.0/pdm/ej1_p5/STM32F446RETX_FLASH.ld" --specs=nosys.specs -Wl,-Map="ej1_p5.map" -Wl,--gc-sections -static --specs=nano.specs -mfpu=fpv4-sp-d16 -mfloat-abi=hard -mthumb -Wl,--start-group -lc -lm -Wl,--end-group
Finished building target: ej1_p5.elf
 
arm-none-eabi-size  ej1_p5.elf 
arm-none-eabi-objdump -h -S ej1_p5.elf  > "ej1_p5.list"
   text	   data	    bss	    dec	    hex	filename
   8988	     12	   1644	  10644	   2994	ej1_p5.elf
Finished building: default.size.stdout
 
Finished building: ej1_p5.list
 
09:45:35 **** Incremental Build of configuration Debug for project ej1_p5 ****
make -j8 all 
arm-none-eabi-gcc "../Core/Src/main.c" -mcpu=cortex-m4 -std=gnu11 -g3 -DDEBUG -DUSE_HAL_DRIVER -DSTM32F446xx -c -I../Core/Inc -I../Drivers/STM32F4xx_HAL_Driver/Inc -I../Drivers/STM32F4xx_HAL_Driver/Inc/Legacy -I../Drivers/CMSIS/Device/ST/STM32F4xx/Include -I../Drivers/CMSIS/Include -I"/home/tomas1908/STM32CubeIDE/workspace_1.19.0/pdm/ej1_p5/Drivers/API/Inc" -I"/home/tomas1908/STM32CubeIDE/workspace_1.19.0/pdm/ej1_p5/Drivers/API/Src" -I"/home/tomas1908/STM32CubeIDE/workspace_1.19.0/pdm/ej1_p5/Drivers/API" -I"/home/tomas1908/STM32CubeIDE/workspace_1.19.0/pdm/ej1_p5/Drivers" -O0 -ffunction-sections -fdata-sections -Wall -fstack-usage -fcyclomatic-complexity -MMD -MP -MF"Core/Src/main.d" -MT"Core/Src/main.o" --specs=nano.specs -mfpu=fpv4-sp-d16 -mfloat-abi=hard -mthumb -o "Core/Src/main.o"
arm-none-eabi-gcc -o "ej1_p5.elf" @"objects.list"   -mcpu=cortex-m4 -T"/home/tomas1908/STM32CubeIDE/workspace_1.19.0/pdm/ej1_p5/STM32F446RETX_FLASH.ld" --specs=nosys.specs -Wl,-Map="ej1_p5.map" -Wl,--gc-sections -static --specs=nano.specs -mfpu=fpv4-sp-d16 -mfloat-abi=hard -mthumb -Wl,--start-group -lc -lm -Wl,--end-group
Finished building target: ej1_p5.elf
 
arm-none-eabi-size  ej1_p5.elf 
arm-none-eabi-objdump -h -S ej1_p5.elf  > "ej1_p5.list"
   text	   data	    bss	    dec	    hex	filename
   8984	     12	   1644	  10640	   2990	ej1_p5.elf
Finished building: default.size.stdout
 
Finished building: ej1_p5.list
 
10:13:07 **** Incremental Build of configuration Debug for project ej1_p5 ****
make -j8 all 
arm-none-eabi-gcc "../Core/Src/main.c" -mcpu=cortex-m4 -std=gnu11 -g3 -DDEBUG -DUSE_HAL_DRIVER -DSTM32F446xx -c -I../Core/Inc -I../Drivers/STM32F4xx_HAL_Driver/Inc -I../Drivers/STM32F4xx_HAL_Driver/Inc/Legacy -I../Drivers/CMSIS/Device/ST/STM32F4xx/Include -I../Drivers/CMSIS/Include -I"/home/tomas1908/STM32CubeIDE/workspace_1.19.0/pdm/ej1_p5/Drivers/API/Inc" -I"/home/tomas1908/STM32CubeIDE/workspace_1.19.0/pdm/ej1_p5/Drivers/API/Src" -I"/home/tomas1908/STM32CubeIDE/workspace_1.19.0/pdm/ej1_p5/Drivers/API" -I"/home/tomas1908/STM32CubeIDE/workspace_1.19.0/pdm/ej1_p5/Drivers" -O0 -ffunction-sections -fdata-sections -Wall -fstack-usage -fcyclomatic-complexity -MMD -MP -MF"Core/Src/main.d" -MT"Core/Src/main.o" --specs=nano.specs -mfpu=fpv4-sp-d16 -mfloat-abi=hard -mthumb -o "Core/Src/main.o"
../Core/Src/main.c: In function 'main':
../Core/Src/main.c:111:30: warning: pointer targets in passing argument 1 of 'uartSendStringSize' differ in signedness [-Wpointer-sign]
  111 |           uartSendStringSize(saludo,12);
      |                              ^~~~~~
      |                              |
      |                              char *
In file included from ../Core/Inc/main.h:36,
                 from ../Core/Src/main.c:20:
/home/tomas1908/STM32CubeIDE/workspace_1.19.0/pdm/ej1_p5/Drivers/API/Inc/API_uart.h:17:35: note: expected 'uint8_t *' {aka 'unsigned char *'} but argument is of type 'char *'
   17 | void uartSendStringSize(uint8_t * pstring, uint16_t size);
      |                         ~~~~~~~~~~^~~~~~~
arm-none-eabi-gcc -o "ej1_p5.elf" @"objects.list"   -mcpu=cortex-m4 -T"/home/tomas1908/STM32CubeIDE/workspace_1.19.0/pdm/ej1_p5/STM32F446RETX_FLASH.ld" --specs=nosys.specs -Wl,-Map="ej1_p5.map" -Wl,--gc-sections -static --specs=nano.specs -mfpu=fpv4-sp-d16 -mfloat-abi=hard -mthumb -Wl,--start-group -lc -lm -Wl,--end-group
Finished building target: ej1_p5.elf
 
arm-none-eabi-size  ej1_p5.elf 
arm-none-eabi-objdump -h -S ej1_p5.elf  > "ej1_p5.list"
   text	   data	    bss	    dec	    hex	filename
   9020	     12	   1644	  10676	   29b4	ej1_p5.elf
Finished building: default.size.stdout
 
Finished building: ej1_p5.list
 
10:47:48 **** Incremental Build of configuration Debug for project ej1_p5 ****
make -j8 all 
arm-none-eabi-size  ej1_p5.elf 
   text	   data	    bss	    dec	    hex	filename
   9020	     12	   1644	  10676	   29b4	ej1_p5.elf
Finished building: default.size.stdout
 
10:48:39 **** Incremental Build of configuration Debug for project ej1_p5 ****
make -j8 all 
arm-none-eabi-gcc "../Core/Src/main.c" -mcpu=cortex-m4 -std=gnu11 -g3 -DDEBUG -DUSE_HAL_DRIVER -DSTM32F446xx -c -I../Core/Inc -I../Drivers/STM32F4xx_HAL_Driver/Inc -I../Drivers/STM32F4xx_HAL_Driver/Inc/Legacy -I../Drivers/CMSIS/Device/ST/STM32F4xx/Include -I../Drivers/CMSIS/Include -I"/home/tomas1908/STM32CubeIDE/workspace_1.19.0/pdm/ej1_p5/Drivers/API/Inc" -I"/home/tomas1908/STM32CubeIDE/workspace_1.19.0/pdm/ej1_p5/Drivers/API/Src" -I"/home/tomas1908/STM32CubeIDE/workspace_1.19.0/pdm/ej1_p5/Drivers/API" -I"/home/tomas1908/STM32CubeIDE/workspace_1.19.0/pdm/ej1_p5/Drivers" -O0 -ffunction-sections -fdata-sections -Wall -fstack-usage -fcyclomatic-complexity -MMD -MP -MF"Core/Src/main.d" -MT"Core/Src/main.o" --specs=nano.specs -mfpu=fpv4-sp-d16 -mfloat-abi=hard -mthumb -o "Core/Src/main.o"
../Core/Src/main.c: In function 'main':
../Core/Src/main.c:112:26: warning: pointer targets in passing argument 1 of 'uartSendString' differ in signedness [-Wpointer-sign]
  112 |           uartSendString(saludo);
      |                          ^~~~~~
      |                          |
      |                          char *
In file included from ../Core/Inc/main.h:36,
                 from ../Core/Src/main.c:20:
/home/tomas1908/STM32CubeIDE/workspace_1.19.0/pdm/ej1_p5/Drivers/API/Inc/API_uart.h:16:31: note: expected 'uint8_t *' {aka 'unsigned char *'} but argument is of type 'char *'
   16 | void uartSendString(uint8_t * pstring);
      |                     ~~~~~~~~~~^~~~~~~
arm-none-eabi-gcc -o "ej1_p5.elf" @"objects.list"   -mcpu=cortex-m4 -T"/home/tomas1908/STM32CubeIDE/workspace_1.19.0/pdm/ej1_p5/STM32F446RETX_FLASH.ld" --specs=nosys.specs -Wl,-Map="ej1_p5.map" -Wl,--gc-sections -static --specs=nano.specs -mfpu=fpv4-sp-d16 -mfloat-abi=hard -mthumb -Wl,--start-group -lc -lm -Wl,--end-group
Finished building target: ej1_p5.elf
 
arm-none-eabi-size  ej1_p5.elf 
arm-none-eabi-objdump -h -S ej1_p5.elf  > "ej1_p5.list"
   text	   data	    bss	    dec	    hex	filename
   9040	     12	   1644	  10696	   29c8	ej1_p5.elf
Finished building: default.size.stdout
 
Finished building: ej1_p5.list
 
10:49:52 **** Incremental Build of configuration Debug for project ej1_p5 ****
make -j8 all 
arm-none-eabi-gcc "../Drivers/API/Src/API_uart.c" -mcpu=cortex-m4 -std=gnu11 -g3 -DDEBUG -DUSE_HAL_DRIVER -DSTM32F446xx -c -I../Core/Inc -I../Drivers/STM32F4xx_HAL_Driver/Inc -I../Drivers/STM32F4xx_HAL_Driver/Inc/Legacy -I../Drivers/CMSIS/Device/ST/STM32F4xx/Include -I../Drivers/CMSIS/Include -I"/home/tomas1908/STM32CubeIDE/workspace_1.19.0/pdm/ej1_p5/Drivers/API/Inc" -I"/home/tomas1908/STM32CubeIDE/workspace_1.19.0/pdm/ej1_p5/Drivers/API/Src" -I"/home/tomas1908/STM32CubeIDE/workspace_1.19.0/pdm/ej1_p5/Drivers/API" -I"/home/tomas1908/STM32CubeIDE/workspace_1.19.0/pdm/ej1_p5/Drivers" -O0 -ffunction-sections -fdata-sections -Wall -fstack-usage -fcyclomatic-complexity -MMD -MP -MF"Drivers/API/Src/API_uart.d" -MT"Drivers/API/Src/API_uart.o" --specs=nano.specs -mfpu=fpv4-sp-d16 -mfloat-abi=hard -mthumb -o "Drivers/API/Src/API_uart.o"
arm-none-eabi-gcc -o "ej1_p5.elf" @"objects.list"   -mcpu=cortex-m4 -T"/home/tomas1908/STM32CubeIDE/workspace_1.19.0/pdm/ej1_p5/STM32F446RETX_FLASH.ld" --specs=nosys.specs -Wl,-Map="ej1_p5.map" -Wl,--gc-sections -static --specs=nano.specs -mfpu=fpv4-sp-d16 -mfloat-abi=hard -mthumb -Wl,--start-group -lc -lm -Wl,--end-group
Finished building target: ej1_p5.elf
 
arm-none-eabi-size  ej1_p5.elf 
arm-none-eabi-objdump -h -S ej1_p5.elf  > "ej1_p5.list"
   text	   data	    bss	    dec	    hex	filename
   9012	     12	   1644	  10668	   29ac	ej1_p5.elf
Finished building: default.size.stdout
 
Finished building: ej1_p5.list
 
10:50:24 **** Incremental Build of configuration Debug for project ej1_p5 ****
make -j8 all 
arm-none-eabi-gcc "../Drivers/API/Src/API_uart.c" -mcpu=cortex-m4 -std=gnu11 -g3 -DDEBUG -DUSE_HAL_DRIVER -DSTM32F446xx -c -I../Core/Inc -I../Drivers/STM32F4xx_HAL_Driver/Inc -I../Drivers/STM32F4xx_HAL_Driver/Inc/Legacy -I../Drivers/CMSIS/Device/ST/STM32F4xx/Include -I../Drivers/CMSIS/Include -I"/home/tomas1908/STM32CubeIDE/workspace_1.19.0/pdm/ej1_p5/Drivers/API/Inc" -I"/home/tomas1908/STM32CubeIDE/workspace_1.19.0/pdm/ej1_p5/Drivers/API/Src" -I"/home/tomas1908/STM32CubeIDE/workspace_1.19.0/pdm/ej1_p5/Drivers/API" -I"/home/tomas1908/STM32CubeIDE/workspace_1.19.0/pdm/ej1_p5/Drivers" -O0 -ffunction-sections -fdata-sections -Wall -fstack-usage -fcyclomatic-complexity -MMD -MP -MF"Drivers/API/Src/API_uart.d" -MT"Drivers/API/Src/API_uart.o" --specs=nano.specs -mfpu=fpv4-sp-d16 -mfloat-abi=hard -mthumb -o "Drivers/API/Src/API_uart.o"
arm-none-eabi-gcc -o "ej1_p5.elf" @"objects.list"   -mcpu=cortex-m4 -T"/home/tomas1908/STM32CubeIDE/workspace_1.19.0/pdm/ej1_p5/STM32F446RETX_FLASH.ld" --specs=nosys.specs -Wl,-Map="ej1_p5.map" -Wl,--gc-sections -static --specs=nano.specs -mfpu=fpv4-sp-d16 -mfloat-abi=hard -mthumb -Wl,--start-group -lc -lm -Wl,--end-group
Finished building target: ej1_p5.elf
 
arm-none-eabi-size  ej1_p5.elf 
arm-none-eabi-objdump -h -S ej1_p5.elf  > "ej1_p5.list"
   text	   data	    bss	    dec	    hex	filename
   9044	     12	   1644	  10700	   29cc	ej1_p5.elf
Finished building: default.size.stdout
 
Finished building: ej1_p5.list
 
10:50:41 **** Incremental Build of configuration Debug for project ej1_p5 ****
make -j8 all 
arm-none-eabi-gcc "../Drivers/API/Src/API_uart.c" -mcpu=cortex-m4 -std=gnu11 -g3 -DDEBUG -DUSE_HAL_DRIVER -DSTM32F446xx -c -I../Core/Inc -I../Drivers/STM32F4xx_HAL_Driver/Inc -I../Drivers/STM32F4xx_HAL_Driver/Inc/Legacy -I../Drivers/CMSIS/Device/ST/STM32F4xx/Include -I../Drivers/CMSIS/Include -I"/home/tomas1908/STM32CubeIDE/workspace_1.19.0/pdm/ej1_p5/Drivers/API/Inc" -I"/home/tomas1908/STM32CubeIDE/workspace_1.19.0/pdm/ej1_p5/Drivers/API/Src" -I"/home/tomas1908/STM32CubeIDE/workspace_1.19.0/pdm/ej1_p5/Drivers/API" -I"/home/tomas1908/STM32CubeIDE/workspace_1.19.0/pdm/ej1_p5/Drivers" -O0 -ffunction-sections -fdata-sections -Wall -fstack-usage -fcyclomatic-complexity -MMD -MP -MF"Drivers/API/Src/API_uart.d" -MT"Drivers/API/Src/API_uart.o" --specs=nano.specs -mfpu=fpv4-sp-d16 -mfloat-abi=hard -mthumb -o "Drivers/API/Src/API_uart.o"
arm-none-eabi-gcc -o "ej1_p5.elf" @"objects.list"   -mcpu=cortex-m4 -T"/home/tomas1908/STM32CubeIDE/workspace_1.19.0/pdm/ej1_p5/STM32F446RETX_FLASH.ld" --specs=nosys.specs -Wl,-Map="ej1_p5.map" -Wl,--gc-sections -static --specs=nano.specs -mfpu=fpv4-sp-d16 -mfloat-abi=hard -mthumb -Wl,--start-group -lc -lm -Wl,--end-group
Finished building target: ej1_p5.elf
 
arm-none-eabi-size  ej1_p5.elf 
arm-none-eabi-objdump -h -S ej1_p5.elf  > "ej1_p5.list"
   text	   data	    bss	    dec	    hex	filename
   9040	     12	   1644	  10696	   29c8	ej1_p5.elf
Finished building: default.size.stdout
 
Finished building: ej1_p5.list
 
10:54:48 **** Incremental Build of configuration Debug for project ej1_p5 ****
make -j8 all 
arm-none-eabi-gcc "../Core/Src/main.c" -mcpu=cortex-m4 -std=gnu11 -g3 -DDEBUG -DUSE_HAL_DRIVER -DSTM32F446xx -c -I../Core/Inc -I../Drivers/STM32F4xx_HAL_Driver/Inc -I../Drivers/STM32F4xx_HAL_Driver/Inc/Legacy -I../Drivers/CMSIS/Device/ST/STM32F4xx/Include -I../Drivers/CMSIS/Include -I"/home/tomas1908/STM32CubeIDE/workspace_1.19.0/pdm/ej1_p5/Drivers/API/Inc" -I"/home/tomas1908/STM32CubeIDE/workspace_1.19.0/pdm/ej1_p5/Drivers/API/Src" -I"/home/tomas1908/STM32CubeIDE/workspace_1.19.0/pdm/ej1_p5/Drivers/API" -I"/home/tomas1908/STM32CubeIDE/workspace_1.19.0/pdm/ej1_p5/Drivers" -O0 -ffunction-sections -fdata-sections -Wall -fstack-usage -fcyclomatic-complexity -MMD -MP -MF"Core/Src/main.d" -MT"Core/Src/main.o" --specs=nano.specs -mfpu=fpv4-sp-d16 -mfloat-abi=hard -mthumb -o "Core/Src/main.o"
../Core/Src/main.c: In function 'main':
../Core/Src/main.c:96:18: error: expected expression before 'void'
   96 |   char echo[TAM]=void;
      |                  ^~~~
../Core/Src/main.c:99:22: warning: pointer targets in passing argument 1 of 'uartSendStringSize' differ in signedness [-Wpointer-sign]
   99 |   uartSendStringSize(saludo,12);
      |                      ^~~~~~
      |                      |
      |                      char *
In file included from ../Core/Inc/main.h:36,
                 from ../Core/Src/main.c:20:
/home/tomas1908/STM32CubeIDE/workspace_1.19.0/pdm/ej1_p5/Drivers/API/Inc/API_uart.h:17:35: note: expected 'uint8_t *' {aka 'unsigned char *'} but argument is of type 'char *'
   17 | void uartSendStringSize(uint8_t * pstring, uint16_t size);
      |                         ~~~~~~~~~~^~~~~~~
../Core/Src/main.c:110:36: warning: pointer targets in passing argument 1 of 'uartReceiveStringSize' differ in signedness [-Wpointer-sign]
  110 |           if(uartReceiveStringSize(echo,TAM)){
      |                                    ^~~~
      |                                    |
      |                                    char *
/home/tomas1908/STM32CubeIDE/workspace_1.19.0/pdm/ej1_p5/Drivers/API/Inc/API_uart.h:18:38: note: expected 'uint8_t *' {aka 'unsigned char *'} but argument is of type 'char *'
   18 | void uartReceiveStringSize(uint8_t * pstring, uint16_t size);
      |                            ~~~~~~~~~~^~~~~~~
../Core/Src/main.c:110:14: error: void value not ignored as it ought to be
  110 |           if(uartReceiveStringSize(echo,TAM)){
      |              ^~~~~~~~~~~~~~~~~~~~~
../Core/Src/main.c:111:34: warning: pointer targets in passing argument 1 of 'uartSendString' differ in signedness [-Wpointer-sign]
  111 |                   uartSendString(echo);
      |                                  ^~~~
      |                                  |
      |                                  char *
/home/tomas1908/STM32CubeIDE/workspace_1.19.0/pdm/ej1_p5/Drivers/API/Inc/API_uart.h:16:31: note: expected 'uint8_t *' {aka 'unsigned char *'} but argument is of type 'char *'
   16 | void uartSendString(uint8_t * pstring);
      |                     ~~~~~~~~~~^~~~~~~
make: *** [Core/Src/subdir.mk:34: Core/Src/main.o] Error 1
"make -j8 all" terminated with exit code 2. Build might be incomplete.
10:55:34 **** Incremental Build of configuration Debug for project ej1_p5 ****
make -j8 all 
arm-none-eabi-gcc "../Core/Src/main.c" -mcpu=cortex-m4 -std=gnu11 -g3 -DDEBUG -DUSE_HAL_DRIVER -DSTM32F446xx -c -I../Core/Inc -I../Drivers/STM32F4xx_HAL_Driver/Inc -I../Drivers/STM32F4xx_HAL_Driver/Inc/Legacy -I../Drivers/CMSIS/Device/ST/STM32F4xx/Include -I../Drivers/CMSIS/Include -I"/home/tomas1908/STM32CubeIDE/workspace_1.19.0/pdm/ej1_p5/Drivers/API/Inc" -I"/home/tomas1908/STM32CubeIDE/workspace_1.19.0/pdm/ej1_p5/Drivers/API/Src" -I"/home/tomas1908/STM32CubeIDE/workspace_1.19.0/pdm/ej1_p5/Drivers/API" -I"/home/tomas1908/STM32CubeIDE/workspace_1.19.0/pdm/ej1_p5/Drivers" -O0 -ffunction-sections -fdata-sections -Wall -fstack-usage -fcyclomatic-complexity -MMD -MP -MF"Core/Src/main.d" -MT"Core/Src/main.o" --specs=nano.specs -mfpu=fpv4-sp-d16 -mfloat-abi=hard -mthumb -o "Core/Src/main.o"
../Core/Src/main.c: In function 'main':
../Core/Src/main.c:99:22: warning: pointer targets in passing argument 1 of 'uartSendStringSize' differ in signedness [-Wpointer-sign]
   99 |   uartSendStringSize(saludo,12);
      |                      ^~~~~~
      |                      |
      |                      char *
In file included from ../Core/Inc/main.h:36,
                 from ../Core/Src/main.c:20:
/home/tomas1908/STM32CubeIDE/workspace_1.19.0/pdm/ej1_p5/Drivers/API/Inc/API_uart.h:17:35: note: expected 'uint8_t *' {aka 'unsigned char *'} but argument is of type 'char *'
   17 | void uartSendStringSize(uint8_t * pstring, uint16_t size);
      |                         ~~~~~~~~~~^~~~~~~
../Core/Src/main.c:110:33: warning: pointer targets in passing argument 1 of 'uartReceiveStringSize' differ in signedness [-Wpointer-sign]
  110 |           uartReceiveStringSize(echo,TAM);
      |                                 ^~~~
      |                                 |
      |                                 char *
/home/tomas1908/STM32CubeIDE/workspace_1.19.0/pdm/ej1_p5/Drivers/API/Inc/API_uart.h:18:38: note: expected 'uint8_t *' {aka 'unsigned char *'} but argument is of type 'char *'
   18 | void uartReceiveStringSize(uint8_t * pstring, uint16_t size);
      |                            ~~~~~~~~~~^~~~~~~
../Core/Src/main.c:112:18: warning: comparison with string literal results in unspecified behavior [-Waddress]
  112 |           if(echo!="\0"){
      |                  ^~
../Core/Src/main.c:113:34: warning: pointer targets in passing argument 1 of 'uartSendString' differ in signedness [-Wpointer-sign]
  113 |                   uartSendString(echo);
      |                                  ^~~~
      |                                  |
      |                                  char *
/home/tomas1908/STM32CubeIDE/workspace_1.19.0/pdm/ej1_p5/Drivers/API/Inc/API_uart.h:16:31: note: expected 'uint8_t *' {aka 'unsigned char *'} but argument is of type 'char *'
   16 | void uartSendString(uint8_t * pstring);
      |                     ~~~~~~~~~~^~~~~~~
arm-none-eabi-gcc -o "ej1_p5.elf" @"objects.list"   -mcpu=cortex-m4 -T"/home/tomas1908/STM32CubeIDE/workspace_1.19.0/pdm/ej1_p5/STM32F446RETX_FLASH.ld" --specs=nosys.specs -Wl,-Map="ej1_p5.map" -Wl,--gc-sections -static --specs=nano.specs -mfpu=fpv4-sp-d16 -mfloat-abi=hard -mthumb -Wl,--start-group -lc -lm -Wl,--end-group
Finished building target: ej1_p5.elf
 
arm-none-eabi-size  ej1_p5.elf 
arm-none-eabi-objdump -h -S ej1_p5.elf  > "ej1_p5.list"
   text	   data	    bss	    dec	    hex	filename
   9444	     12	   1644	  11100	   2b5c	ej1_p5.elf
Finished building: default.size.stdout
 
Finished building: ej1_p5.list
 
10:57:21 **** Incremental Build of configuration Debug for project ej1_p5 ****
make -j8 all 
arm-none-eabi-gcc "../Core/Src/main.c" -mcpu=cortex-m4 -std=gnu11 -g3 -DDEBUG -DUSE_HAL_DRIVER -DSTM32F446xx -c -I../Core/Inc -I../Drivers/STM32F4xx_HAL_Driver/Inc -I../Drivers/STM32F4xx_HAL_Driver/Inc/Legacy -I../Drivers/CMSIS/Device/ST/STM32F4xx/Include -I../Drivers/CMSIS/Include -I"/home/tomas1908/STM32CubeIDE/workspace_1.19.0/pdm/ej1_p5/Drivers/API/Inc" -I"/home/tomas1908/STM32CubeIDE/workspace_1.19.0/pdm/ej1_p5/Drivers/API/Src" -I"/home/tomas1908/STM32CubeIDE/workspace_1.19.0/pdm/ej1_p5/Drivers/API" -I"/home/tomas1908/STM32CubeIDE/workspace_1.19.0/pdm/ej1_p5/Drivers" -O0 -ffunction-sections -fdata-sections -Wall -fstack-usage -fcyclomatic-complexity -MMD -MP -MF"Core/Src/main.d" -MT"Core/Src/main.o" --specs=nano.specs -mfpu=fpv4-sp-d16 -mfloat-abi=hard -mthumb -o "Core/Src/main.o"
../Core/Src/main.c: In function 'main':
../Core/Src/main.c:99:22: warning: pointer targets in passing argument 1 of 'uartSendStringSize' differ in signedness [-Wpointer-sign]
   99 |   uartSendStringSize(saludo,12);
      |                      ^~~~~~
      |                      |
      |                      char *
In file included from ../Core/Inc/main.h:36,
                 from ../Core/Src/main.c:20:
/home/tomas1908/STM32CubeIDE/workspace_1.19.0/pdm/ej1_p5/Drivers/API/Inc/API_uart.h:17:35: note: expected 'uint8_t *' {aka 'unsigned char *'} but argument is of type 'char *'
   17 | void uartSendStringSize(uint8_t * pstring, uint16_t size);
      |                         ~~~~~~~~~~^~~~~~~
../Core/Src/main.c:110:33: warning: pointer targets in passing argument 1 of 'uartReceiveStringSize' differ in signedness [-Wpointer-sign]
  110 |           uartReceiveStringSize(echo,TAM);
      |                                 ^~~~
      |                                 |
      |                                 char *
/home/tomas1908/STM32CubeIDE/workspace_1.19.0/pdm/ej1_p5/Drivers/API/Inc/API_uart.h:18:38: note: expected 'uint8_t *' {aka 'unsigned char *'} but argument is of type 'char *'
   18 | void uartReceiveStringSize(uint8_t * pstring, uint16_t size);
      |                            ~~~~~~~~~~^~~~~~~
../Core/Src/main.c:112:18: warning: comparison with string literal results in unspecified behavior [-Waddress]
  112 |           if(echo!="\0"){
      |                  ^~
../Core/Src/main.c:113:34: warning: pointer targets in passing argument 1 of 'uartSendString' differ in signedness [-Wpointer-sign]
  113 |                   uartSendString(echo);
      |                                  ^~~~
      |                                  |
      |                                  char *
/home/tomas1908/STM32CubeIDE/workspace_1.19.0/pdm/ej1_p5/Drivers/API/Inc/API_uart.h:16:31: note: expected 'uint8_t *' {aka 'unsigned char *'} but argument is of type 'char *'
   16 | void uartSendString(uint8_t * pstring);
      |                     ~~~~~~~~~~^~~~~~~
arm-none-eabi-gcc -o "ej1_p5.elf" @"objects.list"   -mcpu=cortex-m4 -T"/home/tomas1908/STM32CubeIDE/workspace_1.19.0/pdm/ej1_p5/STM32F446RETX_FLASH.ld" --specs=nosys.specs -Wl,-Map="ej1_p5.map" -Wl,--gc-sections -static --specs=nano.specs -mfpu=fpv4-sp-d16 -mfloat-abi=hard -mthumb -Wl,--start-group -lc -lm -Wl,--end-group
Finished building target: ej1_p5.elf
 
arm-none-eabi-size  ej1_p5.elf 
arm-none-eabi-objdump -h -S ej1_p5.elf  > "ej1_p5.list"
   text	   data	    bss	    dec	    hex	filename
   9444	     12	   1644	  11100	   2b5c	ej1_p5.elf
Finished building: default.size.stdout
 
Finished building: ej1_p5.list
 
10:58:39 **** Incremental Build of configuration Debug for project ej1_p5 ****
make -j8 all 
arm-none-eabi-gcc "../Drivers/STM32F4xx_HAL_Driver/Src/stm32f4xx_hal.c" -mcpu=cortex-m4 -std=gnu11 -g3 -DDEBUG -DUSE_HAL_DRIVER -DSTM32F446xx -c -I../Core/Inc -I../Drivers/STM32F4xx_HAL_Driver/Inc -I../Drivers/STM32F4xx_HAL_Driver/Inc/Legacy -I../Drivers/CMSIS/Device/ST/STM32F4xx/Include -I../Drivers/CMSIS/Include -I"/home/tomas1908/STM32CubeIDE/workspace_1.19.0/pdm/ej1_p5/Drivers/API/Inc" -I"/home/tomas1908/STM32CubeIDE/workspace_1.19.0/pdm/ej1_p5/Drivers/API/Src" -I"/home/tomas1908/STM32CubeIDE/workspace_1.19.0/pdm/ej1_p5/Drivers/API" -I"/home/tomas1908/STM32CubeIDE/workspace_1.19.0/pdm/ej1_p5/Drivers" -O0 -ffunction-sections -fdata-sections -Wall -fstack-usage -fcyclomatic-complexity -MMD -MP -MF"Drivers/STM32F4xx_HAL_Driver/Src/stm32f4xx_hal.d" -MT"Drivers/STM32F4xx_HAL_Driver/Src/stm32f4xx_hal.o" --specs=nano.specs -mfpu=fpv4-sp-d16 -mfloat-abi=hard -mthumb -o "Drivers/STM32F4xx_HAL_Driver/Src/stm32f4xx_hal.o"
arm-none-eabi-gcc "../Drivers/STM32F4xx_HAL_Driver/Src/stm32f4xx_hal_cortex.c" -mcpu=cortex-m4 -std=gnu11 -g3 -DDEBUG -DUSE_HAL_DRIVER -DSTM32F446xx -c -I../Core/Inc -I../Drivers/STM32F4xx_HAL_Driver/Inc -I../Drivers/STM32F4xx_HAL_Driver/Inc/Legacy -I../Drivers/CMSIS/Device/ST/STM32F4xx/Include -I../Drivers/CMSIS/Include -I"/home/tomas1908/STM32CubeIDE/workspace_1.19.0/pdm/ej1_p5/Drivers/API/Inc" -I"/home/tomas1908/STM32CubeIDE/workspace_1.19.0/pdm/ej1_p5/Drivers/API/Src" -I"/home/tomas1908/STM32CubeIDE/workspace_1.19.0/pdm/ej1_p5/Drivers/API" -I"/home/tomas1908/STM32CubeIDE/workspace_1.19.0/pdm/ej1_p5/Drivers" -O0 -ffunction-sections -fdata-sections -Wall -fstack-usage -fcyclomatic-complexity -MMD -MP -MF"Drivers/STM32F4xx_HAL_Driver/Src/stm32f4xx_hal_cortex.d" -MT"Drivers/STM32F4xx_HAL_Driver/Src/stm32f4xx_hal_cortex.o" --specs=nano.specs -mfpu=fpv4-sp-d16 -mfloat-abi=hard -mthumb -o "Drivers/STM32F4xx_HAL_Driver/Src/stm32f4xx_hal_cortex.o"
arm-none-eabi-gcc "../Drivers/STM32F4xx_HAL_Driver/Src/stm32f4xx_hal_dma.c" -mcpu=cortex-m4 -std=gnu11 -g3 -DDEBUG -DUSE_HAL_DRIVER -DSTM32F446xx -c -I../Core/Inc -I../Drivers/STM32F4xx_HAL_Driver/Inc -I../Drivers/STM32F4xx_HAL_Driver/Inc/Legacy -I../Drivers/CMSIS/Device/ST/STM32F4xx/Include -I../Drivers/CMSIS/Include -I"/home/tomas1908/STM32CubeIDE/workspace_1.19.0/pdm/ej1_p5/Drivers/API/Inc" -I"/home/tomas1908/STM32CubeIDE/workspace_1.19.0/pdm/ej1_p5/Drivers/API/Src" -I"/home/tomas1908/STM32CubeIDE/workspace_1.19.0/pdm/ej1_p5/Drivers/API" -I"/home/tomas1908/STM32CubeIDE/workspace_1.19.0/pdm/ej1_p5/Drivers" -O0 -ffunction-sections -fdata-sections -Wall -fstack-usage -fcyclomatic-complexity -MMD -MP -MF"Drivers/STM32F4xx_HAL_Driver/Src/stm32f4xx_hal_dma.d" -MT"Drivers/STM32F4xx_HAL_Driver/Src/stm32f4xx_hal_dma.o" --specs=nano.specs -mfpu=fpv4-sp-d16 -mfloat-abi=hard -mthumb -o "Drivers/STM32F4xx_HAL_Driver/Src/stm32f4xx_hal_dma.o"
arm-none-eabi-gcc "../Drivers/STM32F4xx_HAL_Driver/Src/stm32f4xx_hal_dma_ex.c" -mcpu=cortex-m4 -std=gnu11 -g3 -DDEBUG -DUSE_HAL_DRIVER -DSTM32F446xx -c -I../Core/Inc -I../Drivers/STM32F4xx_HAL_Driver/Inc -I../Drivers/STM32F4xx_HAL_Driver/Inc/Legacy -I../Drivers/CMSIS/Device/ST/STM32F4xx/Include -I../Drivers/CMSIS/Include -I"/home/tomas1908/STM32CubeIDE/workspace_1.19.0/pdm/ej1_p5/Drivers/API/Inc" -I"/home/tomas1908/STM32CubeIDE/workspace_1.19.0/pdm/ej1_p5/Drivers/API/Src" -I"/home/tomas1908/STM32CubeIDE/workspace_1.19.0/pdm/ej1_p5/Drivers/API" -I"/home/tomas1908/STM32CubeIDE/workspace_1.19.0/pdm/ej1_p5/Drivers" -O0 -ffunction-sections -fdata-sections -Wall -fstack-usage -fcyclomatic-complexity -MMD -MP -MF"Drivers/STM32F4xx_HAL_Driver/Src/stm32f4xx_hal_dma_ex.d" -MT"Drivers/STM32F4xx_HAL_Driver/Src/stm32f4xx_hal_dma_ex.o" --specs=nano.specs -mfpu=fpv4-sp-d16 -mfloat-abi=hard -mthumb -o "Drivers/STM32F4xx_HAL_Driver/Src/stm32f4xx_hal_dma_ex.o"
arm-none-eabi-gcc "../Drivers/STM32F4xx_HAL_Driver/Src/stm32f4xx_hal_exti.c" -mcpu=cortex-m4 -std=gnu11 -g3 -DDEBUG -DUSE_HAL_DRIVER -DSTM32F446xx -c -I../Core/Inc -I../Drivers/STM32F4xx_HAL_Driver/Inc -I../Drivers/STM32F4xx_HAL_Driver/Inc/Legacy -I../Drivers/CMSIS/Device/ST/STM32F4xx/Include -I../Drivers/CMSIS/Include -I"/home/tomas1908/STM32CubeIDE/workspace_1.19.0/pdm/ej1_p5/Drivers/API/Inc" -I"/home/tomas1908/STM32CubeIDE/workspace_1.19.0/pdm/ej1_p5/Drivers/API/Src" -I"/home/tomas1908/STM32CubeIDE/workspace_1.19.0/pdm/ej1_p5/Drivers/API" -I"/home/tomas1908/STM32CubeIDE/workspace_1.19.0/pdm/ej1_p5/Drivers" -O0 -ffunction-sections -fdata-sections -Wall -fstack-usage -fcyclomatic-complexity -MMD -MP -MF"Drivers/STM32F4xx_HAL_Driver/Src/stm32f4xx_hal_exti.d" -MT"Drivers/STM32F4xx_HAL_Driver/Src/stm32f4xx_hal_exti.o" --specs=nano.specs -mfpu=fpv4-sp-d16 -mfloat-abi=hard -mthumb -o "Drivers/STM32F4xx_HAL_Driver/Src/stm32f4xx_hal_exti.o"
arm-none-eabi-gcc "../Drivers/STM32F4xx_HAL_Driver/Src/stm32f4xx_hal_flash.c" -mcpu=cortex-m4 -std=gnu11 -g3 -DDEBUG -DUSE_HAL_DRIVER -DSTM32F446xx -c -I../Core/Inc -I../Drivers/STM32F4xx_HAL_Driver/Inc -I../Drivers/STM32F4xx_HAL_Driver/Inc/Legacy -I../Drivers/CMSIS/Device/ST/STM32F4xx/Include -I../Drivers/CMSIS/Include -I"/home/tomas1908/STM32CubeIDE/workspace_1.19.0/pdm/ej1_p5/Drivers/API/Inc" -I"/home/tomas1908/STM32CubeIDE/workspace_1.19.0/pdm/ej1_p5/Drivers/API/Src" -I"/home/tomas1908/STM32CubeIDE/workspace_1.19.0/pdm/ej1_p5/Drivers/API" -I"/home/tomas1908/STM32CubeIDE/workspace_1.19.0/pdm/ej1_p5/Drivers" -O0 -ffunction-sections -fdata-sections -Wall -fstack-usage -fcyclomatic-complexity -MMD -MP -MF"Drivers/STM32F4xx_HAL_Driver/Src/stm32f4xx_hal_flash.d" -MT"Drivers/STM32F4xx_HAL_Driver/Src/stm32f4xx_hal_flash.o" --specs=nano.specs -mfpu=fpv4-sp-d16 -mfloat-abi=hard -mthumb -o "Drivers/STM32F4xx_HAL_Driver/Src/stm32f4xx_hal_flash.o"
arm-none-eabi-gcc "../Drivers/STM32F4xx_HAL_Driver/Src/stm32f4xx_hal_flash_ex.c" -mcpu=cortex-m4 -std=gnu11 -g3 -DDEBUG -DUSE_HAL_DRIVER -DSTM32F446xx -c -I../Core/Inc -I../Drivers/STM32F4xx_HAL_Driver/Inc -I../Drivers/STM32F4xx_HAL_Driver/Inc/Legacy -I../Drivers/CMSIS/Device/ST/STM32F4xx/Include -I../Drivers/CMSIS/Include -I"/home/tomas1908/STM32CubeIDE/workspace_1.19.0/pdm/ej1_p5/Drivers/API/Inc" -I"/home/tomas1908/STM32CubeIDE/workspace_1.19.0/pdm/ej1_p5/Drivers/API/Src" -I"/home/tomas1908/STM32CubeIDE/workspace_1.19.0/pdm/ej1_p5/Drivers/API" -I"/home/tomas1908/STM32CubeIDE/workspace_1.19.0/pdm/ej1_p5/Drivers" -O0 -ffunction-sections -fdata-sections -Wall -fstack-usage -fcyclomatic-complexity -MMD -MP -MF"Drivers/STM32F4xx_HAL_Driver/Src/stm32f4xx_hal_flash_ex.d" -MT"Drivers/STM32F4xx_HAL_Driver/Src/stm32f4xx_hal_flash_ex.o" --specs=nano.specs -mfpu=fpv4-sp-d16 -mfloat-abi=hard -mthumb -o "Drivers/STM32F4xx_HAL_Driver/Src/stm32f4xx_hal_flash_ex.o"
arm-none-eabi-gcc "../Drivers/STM32F4xx_HAL_Driver/Src/stm32f4xx_hal_flash_ramfunc.c" -mcpu=cortex-m4 -std=gnu11 -g3 -DDEBUG -DUSE_HAL_DRIVER -DSTM32F446xx -c -I../Core/Inc -I../Drivers/STM32F4xx_HAL_Driver/Inc -I../Drivers/STM32F4xx_HAL_Driver/Inc/Legacy -I../Drivers/CMSIS/Device/ST/STM32F4xx/Include -I../Drivers/CMSIS/Include -I"/home/tomas1908/STM32CubeIDE/workspace_1.19.0/pdm/ej1_p5/Drivers/API/Inc" -I"/home/tomas1908/STM32CubeIDE/workspace_1.19.0/pdm/ej1_p5/Drivers/API/Src" -I"/home/tomas1908/STM32CubeIDE/workspace_1.19.0/pdm/ej1_p5/Drivers/API" -I"/home/tomas1908/STM32CubeIDE/workspace_1.19.0/pdm/ej1_p5/Drivers" -O0 -ffunction-sections -fdata-sections -Wall -fstack-usage -fcyclomatic-complexity -MMD -MP -MF"Drivers/STM32F4xx_HAL_Driver/Src/stm32f4xx_hal_flash_ramfunc.d" -MT"Drivers/STM32F4xx_HAL_Driver/Src/stm32f4xx_hal_flash_ramfunc.o" --specs=nano.specs -mfpu=fpv4-sp-d16 -mfloat-abi=hard -mthumb -o "Drivers/STM32F4xx_HAL_Driver/Src/stm32f4xx_hal_flash_ramfunc.o"
arm-none-eabi-gcc "../Drivers/STM32F4xx_HAL_Driver/Src/stm32f4xx_hal_gpio.c" -mcpu=cortex-m4 -std=gnu11 -g3 -DDEBUG -DUSE_HAL_DRIVER -DSTM32F446xx -c -I../Core/Inc -I../Drivers/STM32F4xx_HAL_Driver/Inc -I../Drivers/STM32F4xx_HAL_Driver/Inc/Legacy -I../Drivers/CMSIS/Device/ST/STM32F4xx/Include -I../Drivers/CMSIS/Include -I"/home/tomas1908/STM32CubeIDE/workspace_1.19.0/pdm/ej1_p5/Drivers/API/Inc" -I"/home/tomas1908/STM32CubeIDE/workspace_1.19.0/pdm/ej1_p5/Drivers/API/Src" -I"/home/tomas1908/STM32CubeIDE/workspace_1.19.0/pdm/ej1_p5/Drivers/API" -I"/home/tomas1908/STM32CubeIDE/workspace_1.19.0/pdm/ej1_p5/Drivers" -O0 -ffunction-sections -fdata-sections -Wall -fstack-usage -fcyclomatic-complexity -MMD -MP -MF"Drivers/STM32F4xx_HAL_Driver/Src/stm32f4xx_hal_gpio.d" -MT"Drivers/STM32F4xx_HAL_Driver/Src/stm32f4xx_hal_gpio.o" --specs=nano.specs -mfpu=fpv4-sp-d16 -mfloat-abi=hard -mthumb -o "Drivers/STM32F4xx_HAL_Driver/Src/stm32f4xx_hal_gpio.o"
arm-none-eabi-gcc "../Drivers/STM32F4xx_HAL_Driver/Src/stm32f4xx_hal_pwr.c" -mcpu=cortex-m4 -std=gnu11 -g3 -DDEBUG -DUSE_HAL_DRIVER -DSTM32F446xx -c -I../Core/Inc -I../Drivers/STM32F4xx_HAL_Driver/Inc -I../Drivers/STM32F4xx_HAL_Driver/Inc/Legacy -I../Drivers/CMSIS/Device/ST/STM32F4xx/Include -I../Drivers/CMSIS/Include -I"/home/tomas1908/STM32CubeIDE/workspace_1.19.0/pdm/ej1_p5/Drivers/API/Inc" -I"/home/tomas1908/STM32CubeIDE/workspace_1.19.0/pdm/ej1_p5/Drivers/API/Src" -I"/home/tomas1908/STM32CubeIDE/workspace_1.19.0/pdm/ej1_p5/Drivers/API" -I"/home/tomas1908/STM32CubeIDE/workspace_1.19.0/pdm/ej1_p5/Drivers" -O0 -ffunction-sections -fdata-sections -Wall -fstack-usage -fcyclomatic-complexity -MMD -MP -MF"Drivers/STM32F4xx_HAL_Driver/Src/stm32f4xx_hal_pwr.d" -MT"Drivers/STM32F4xx_HAL_Driver/Src/stm32f4xx_hal_pwr.o" --specs=nano.specs -mfpu=fpv4-sp-d16 -mfloat-abi=hard -mthumb -o "Drivers/STM32F4xx_HAL_Driver/Src/stm32f4xx_hal_pwr.o"
arm-none-eabi-gcc "../Drivers/STM32F4xx_HAL_Driver/Src/stm32f4xx_hal_pwr_ex.c" -mcpu=cortex-m4 -std=gnu11 -g3 -DDEBUG -DUSE_HAL_DRIVER -DSTM32F446xx -c -I../Core/Inc -I../Drivers/STM32F4xx_HAL_Driver/Inc -I../Drivers/STM32F4xx_HAL_Driver/Inc/Legacy -I../Drivers/CMSIS/Device/ST/STM32F4xx/Include -I../Drivers/CMSIS/Include -I"/home/tomas1908/STM32CubeIDE/workspace_1.19.0/pdm/ej1_p5/Drivers/API/Inc" -I"/home/tomas1908/STM32CubeIDE/workspace_1.19.0/pdm/ej1_p5/Drivers/API/Src" -I"/home/tomas1908/STM32CubeIDE/workspace_1.19.0/pdm/ej1_p5/Drivers/API" -I"/home/tomas1908/STM32CubeIDE/workspace_1.19.0/pdm/ej1_p5/Drivers" -O0 -ffunction-sections -fdata-sections -Wall -fstack-usage -fcyclomatic-complexity -MMD -MP -MF"Drivers/STM32F4xx_HAL_Driver/Src/stm32f4xx_hal_pwr_ex.d" -MT"Drivers/STM32F4xx_HAL_Driver/Src/stm32f4xx_hal_pwr_ex.o" --specs=nano.specs -mfpu=fpv4-sp-d16 -mfloat-abi=hard -mthumb -o "Drivers/STM32F4xx_HAL_Driver/Src/stm32f4xx_hal_pwr_ex.o"
arm-none-eabi-gcc "../Drivers/STM32F4xx_HAL_Driver/Src/stm32f4xx_hal_rcc.c" -mcpu=cortex-m4 -std=gnu11 -g3 -DDEBUG -DUSE_HAL_DRIVER -DSTM32F446xx -c -I../Core/Inc -I../Drivers/STM32F4xx_HAL_Driver/Inc -I../Drivers/STM32F4xx_HAL_Driver/Inc/Legacy -I../Drivers/CMSIS/Device/ST/STM32F4xx/Include -I../Drivers/CMSIS/Include -I"/home/tomas1908/STM32CubeIDE/workspace_1.19.0/pdm/ej1_p5/Drivers/API/Inc" -I"/home/tomas1908/STM32CubeIDE/workspace_1.19.0/pdm/ej1_p5/Drivers/API/Src" -I"/home/tomas1908/STM32CubeIDE/workspace_1.19.0/pdm/ej1_p5/Drivers/API" -I"/home/tomas1908/STM32CubeIDE/workspace_1.19.0/pdm/ej1_p5/Drivers" -O0 -ffunction-sections -fdata-sections -Wall -fstack-usage -fcyclomatic-complexity -MMD -MP -MF"Drivers/STM32F4xx_HAL_Driver/Src/stm32f4xx_hal_rcc.d" -MT"Drivers/STM32F4xx_HAL_Driver/Src/stm32f4xx_hal_rcc.o" --specs=nano.specs -mfpu=fpv4-sp-d16 -mfloat-abi=hard -mthumb -o "Drivers/STM32F4xx_HAL_Driver/Src/stm32f4xx_hal_rcc.o"
arm-none-eabi-gcc "../Drivers/STM32F4xx_HAL_Driver/Src/stm32f4xx_hal_rcc_ex.c" -mcpu=cortex-m4 -std=gnu11 -g3 -DDEBUG -DUSE_HAL_DRIVER -DSTM32F446xx -c -I../Core/Inc -I../Drivers/STM32F4xx_HAL_Driver/Inc -I../Drivers/STM32F4xx_HAL_Driver/Inc/Legacy -I../Drivers/CMSIS/Device/ST/STM32F4xx/Include -I../Drivers/CMSIS/Include -I"/home/tomas1908/STM32CubeIDE/workspace_1.19.0/pdm/ej1_p5/Drivers/API/Inc" -I"/home/tomas1908/STM32CubeIDE/workspace_1.19.0/pdm/ej1_p5/Drivers/API/Src" -I"/home/tomas1908/STM32CubeIDE/workspace_1.19.0/pdm/ej1_p5/Drivers/API" -I"/home/tomas1908/STM32CubeIDE/workspace_1.19.0/pdm/ej1_p5/Drivers" -O0 -ffunction-sections -fdata-sections -Wall -fstack-usage -fcyclomatic-complexity -MMD -MP -MF"Drivers/STM32F4xx_HAL_Driver/Src/stm32f4xx_hal_rcc_ex.d" -MT"Drivers/STM32F4xx_HAL_Driver/Src/stm32f4xx_hal_rcc_ex.o" --specs=nano.specs -mfpu=fpv4-sp-d16 -mfloat-abi=hard -mthumb -o "Drivers/STM32F4xx_HAL_Driver/Src/stm32f4xx_hal_rcc_ex.o"
arm-none-eabi-gcc "../Drivers/STM32F4xx_HAL_Driver/Src/stm32f4xx_hal_uart.c" -mcpu=cortex-m4 -std=gnu11 -g3 -DDEBUG -DUSE_HAL_DRIVER -DSTM32F446xx -c -I../Core/Inc -I../Drivers/STM32F4xx_HAL_Driver/Inc -I../Drivers/STM32F4xx_HAL_Driver/Inc/Legacy -I../Drivers/CMSIS/Device/ST/STM32F4xx/Include -I../Drivers/CMSIS/Include -I"/home/tomas1908/STM32CubeIDE/workspace_1.19.0/pdm/ej1_p5/Drivers/API/Inc" -I"/home/tomas1908/STM32CubeIDE/workspace_1.19.0/pdm/ej1_p5/Drivers/API/Src" -I"/home/tomas1908/STM32CubeIDE/workspace_1.19.0/pdm/ej1_p5/Drivers/API" -I"/home/tomas1908/STM32CubeIDE/workspace_1.19.0/pdm/ej1_p5/Drivers" -O0 -ffunction-sections -fdata-sections -Wall -fstack-usage -fcyclomatic-complexity -MMD -MP -MF"Drivers/STM32F4xx_HAL_Driver/Src/stm32f4xx_hal_uart.d" -MT"Drivers/STM32F4xx_HAL_Driver/Src/stm32f4xx_hal_uart.o" --specs=nano.specs -mfpu=fpv4-sp-d16 -mfloat-abi=hard -mthumb -o "Drivers/STM32F4xx_HAL_Driver/Src/stm32f4xx_hal_uart.o"
arm-none-eabi-gcc "../Drivers/API/Src/API_debounce.c" -mcpu=cortex-m4 -std=gnu11 -g3 -DDEBUG -DUSE_HAL_DRIVER -DSTM32F446xx -c -I../Core/Inc -I../Drivers/STM32F4xx_HAL_Driver/Inc -I../Drivers/STM32F4xx_HAL_Driver/Inc/Legacy -I../Drivers/CMSIS/Device/ST/STM32F4xx/Include -I../Drivers/CMSIS/Include -I"/home/tomas1908/STM32CubeIDE/workspace_1.19.0/pdm/ej1_p5/Drivers/API/Inc" -I"/home/tomas1908/STM32CubeIDE/workspace_1.19.0/pdm/ej1_p5/Drivers/API/Src" -I"/home/tomas1908/STM32CubeIDE/workspace_1.19.0/pdm/ej1_p5/Drivers/API" -I"/home/tomas1908/STM32CubeIDE/workspace_1.19.0/pdm/ej1_p5/Drivers" -O0 -ffunction-sections -fdata-sections -Wall -fstack-usage -fcyclomatic-complexity -MMD -MP -MF"Drivers/API/Src/API_debounce.d" -MT"Drivers/API/Src/API_debounce.o" --specs=nano.specs -mfpu=fpv4-sp-d16 -mfloat-abi=hard -mthumb -o "Drivers/API/Src/API_debounce.o"
arm-none-eabi-gcc "../Drivers/API/Src/API_delay.c" -mcpu=cortex-m4 -std=gnu11 -g3 -DDEBUG -DUSE_HAL_DRIVER -DSTM32F446xx -c -I../Core/Inc -I../Drivers/STM32F4xx_HAL_Driver/Inc -I../Drivers/STM32F4xx_HAL_Driver/Inc/Legacy -I../Drivers/CMSIS/Device/ST/STM32F4xx/Include -I../Drivers/CMSIS/Include -I"/home/tomas1908/STM32CubeIDE/workspace_1.19.0/pdm/ej1_p5/Drivers/API/Inc" -I"/home/tomas1908/STM32CubeIDE/workspace_1.19.0/pdm/ej1_p5/Drivers/API/Src" -I"/home/tomas1908/STM32CubeIDE/workspace_1.19.0/pdm/ej1_p5/Drivers/API" -I"/home/tomas1908/STM32CubeIDE/workspace_1.19.0/pdm/ej1_p5/Drivers" -O0 -ffunction-sections -fdata-sections -Wall -fstack-usage -fcyclomatic-complexity -MMD -MP -MF"Drivers/API/Src/API_delay.d" -MT"Drivers/API/Src/API_delay.o" --specs=nano.specs -mfpu=fpv4-sp-d16 -mfloat-abi=hard -mthumb -o "Drivers/API/Src/API_delay.o"
arm-none-eabi-gcc "../Drivers/API/Src/API_uart.c" -mcpu=cortex-m4 -std=gnu11 -g3 -DDEBUG -DUSE_HAL_DRIVER -DSTM32F446xx -c -I../Core/Inc -I../Drivers/STM32F4xx_HAL_Driver/Inc -I../Drivers/STM32F4xx_HAL_Driver/Inc/Legacy -I../Drivers/CMSIS/Device/ST/STM32F4xx/Include -I../Drivers/CMSIS/Include -I"/home/tomas1908/STM32CubeIDE/workspace_1.19.0/pdm/ej1_p5/Drivers/API/Inc" -I"/home/tomas1908/STM32CubeIDE/workspace_1.19.0/pdm/ej1_p5/Drivers/API/Src" -I"/home/tomas1908/STM32CubeIDE/workspace_1.19.0/pdm/ej1_p5/Drivers/API" -I"/home/tomas1908/STM32CubeIDE/workspace_1.19.0/pdm/ej1_p5/Drivers" -O0 -ffunction-sections -fdata-sections -Wall -fstack-usage -fcyclomatic-complexity -MMD -MP -MF"Drivers/API/Src/API_uart.d" -MT"Drivers/API/Src/API_uart.o" --specs=nano.specs -mfpu=fpv4-sp-d16 -mfloat-abi=hard -mthumb -o "Drivers/API/Src/API_uart.o"
arm-none-eabi-gcc "../Core/Src/main.c" -mcpu=cortex-m4 -std=gnu11 -g3 -DDEBUG -DUSE_HAL_DRIVER -DSTM32F446xx -c -I../Core/Inc -I../Drivers/STM32F4xx_HAL_Driver/Inc -I../Drivers/STM32F4xx_HAL_Driver/Inc/Legacy -I../Drivers/CMSIS/Device/ST/STM32F4xx/Include -I../Drivers/CMSIS/Include -I"/home/tomas1908/STM32CubeIDE/workspace_1.19.0/pdm/ej1_p5/Drivers/API/Inc" -I"/home/tomas1908/STM32CubeIDE/workspace_1.19.0/pdm/ej1_p5/Drivers/API/Src" -I"/home/tomas1908/STM32CubeIDE/workspace_1.19.0/pdm/ej1_p5/Drivers/API" -I"/home/tomas1908/STM32CubeIDE/workspace_1.19.0/pdm/ej1_p5/Drivers" -O0 -ffunction-sections -fdata-sections -Wall -fstack-usage -fcyclomatic-complexity -MMD -MP -MF"Core/Src/main.d" -MT"Core/Src/main.o" --specs=nano.specs -mfpu=fpv4-sp-d16 -mfloat-abi=hard -mthumb -o "Core/Src/main.o"
arm-none-eabi-gcc "../Core/Src/stm32f4xx_hal_msp.c" -mcpu=cortex-m4 -std=gnu11 -g3 -DDEBUG -DUSE_HAL_DRIVER -DSTM32F446xx -c -I../Core/Inc -I../Drivers/STM32F4xx_HAL_Driver/Inc -I../Drivers/STM32F4xx_HAL_Driver/Inc/Legacy -I../Drivers/CMSIS/Device/ST/STM32F4xx/Include -I../Drivers/CMSIS/Include -I"/home/tomas1908/STM32CubeIDE/workspace_1.19.0/pdm/ej1_p5/Drivers/API/Inc" -I"/home/tomas1908/STM32CubeIDE/workspace_1.19.0/pdm/ej1_p5/Drivers/API/Src" -I"/home/tomas1908/STM32CubeIDE/workspace_1.19.0/pdm/ej1_p5/Drivers/API" -I"/home/tomas1908/STM32CubeIDE/workspace_1.19.0/pdm/ej1_p5/Drivers" -O0 -ffunction-sections -fdata-sections -Wall -fstack-usage -fcyclomatic-complexity -MMD -MP -MF"Core/Src/stm32f4xx_hal_msp.d" -MT"Core/Src/stm32f4xx_hal_msp.o" --specs=nano.specs -mfpu=fpv4-sp-d16 -mfloat-abi=hard -mthumb -o "Core/Src/stm32f4xx_hal_msp.o"
arm-none-eabi-gcc "../Core/Src/stm32f4xx_it.c" -mcpu=cortex-m4 -std=gnu11 -g3 -DDEBUG -DUSE_HAL_DRIVER -DSTM32F446xx -c -I../Core/Inc -I../Drivers/STM32F4xx_HAL_Driver/Inc -I../Drivers/STM32F4xx_HAL_Driver/Inc/Legacy -I../Drivers/CMSIS/Device/ST/STM32F4xx/Include -I../Drivers/CMSIS/Include -I"/home/tomas1908/STM32CubeIDE/workspace_1.19.0/pdm/ej1_p5/Drivers/API/Inc" -I"/home/tomas1908/STM32CubeIDE/workspace_1.19.0/pdm/ej1_p5/Drivers/API/Src" -I"/home/tomas1908/STM32CubeIDE/workspace_1.19.0/pdm/ej1_p5/Drivers/API" -I"/home/tomas1908/STM32CubeIDE/workspace_1.19.0/pdm/ej1_p5/Drivers" -O0 -ffunction-sections -fdata-sections -Wall -fstack-usage -fcyclomatic-complexity -MMD -MP -MF"Core/Src/stm32f4xx_it.d" -MT"Core/Src/stm32f4xx_it.o" --specs=nano.specs -mfpu=fpv4-sp-d16 -mfloat-abi=hard -mthumb -o "Core/Src/stm32f4xx_it.o"
arm-none-eabi-gcc "../Core/Src/system_stm32f4xx.c" -mcpu=cortex-m4 -std=gnu11 -g3 -DDEBUG -DUSE_HAL_DRIVER -DSTM32F446xx -c -I../Core/Inc -I../Drivers/STM32F4xx_HAL_Driver/Inc -I../Drivers/STM32F4xx_HAL_Driver/Inc/Legacy -I../Drivers/CMSIS/Device/ST/STM32F4xx/Include -I../Drivers/CMSIS/Include -I"/home/tomas1908/STM32CubeIDE/workspace_1.19.0/pdm/ej1_p5/Drivers/API/Inc" -I"/home/tomas1908/STM32CubeIDE/workspace_1.19.0/pdm/ej1_p5/Drivers/API/Src" -I"/home/tomas1908/STM32CubeIDE/workspace_1.19.0/pdm/ej1_p5/Drivers/API" -I"/home/tomas1908/STM32CubeIDE/workspace_1.19.0/pdm/ej1_p5/Drivers" -O0 -ffunction-sections -fdata-sections -Wall -fstack-usage -fcyclomatic-complexity -MMD -MP -MF"Core/Src/system_stm32f4xx.d" -MT"Core/Src/system_stm32f4xx.o" --specs=nano.specs -mfpu=fpv4-sp-d16 -mfloat-abi=hard -mthumb -o "Core/Src/system_stm32f4xx.o"
../Core/Src/main.c: In function 'main':
../Core/Src/main.c:99:22: warning: pointer targets in passing argument 1 of 'uartSendStringSize' differ in signedness [-Wpointer-sign]
   99 |   uartSendStringSize(saludo,12);
      |                      ^~~~~~
      |                      |
      |                      char *
In file included from ../Core/Inc/main.h:36,
                 from ../Core/Src/main.c:20:
/home/tomas1908/STM32CubeIDE/workspace_1.19.0/pdm/ej1_p5/Drivers/API/Inc/API_uart.h:17:35: note: expected 'uint8_t *' {aka 'unsigned char *'} but argument is of type 'char *'
   17 | void uartSendStringSize(uint8_t * pstring, uint16_t size);
      |                         ~~~~~~~~~~^~~~~~~
../Core/Src/main.c:110:33: warning: pointer targets in passing argument 1 of 'uartReceiveStringSize' differ in signedness [-Wpointer-sign]
  110 |           uartReceiveStringSize(echo,TAM);
      |                                 ^~~~
      |                                 |
      |                                 char *
/home/tomas1908/STM32CubeIDE/workspace_1.19.0/pdm/ej1_p5/Drivers/API/Inc/API_uart.h:18:38: note: expected 'uint8_t *' {aka 'unsigned char *'} but argument is of type 'char *'
   18 | void uartReceiveStringSize(uint8_t * pstring, uint16_t size);
      |                            ~~~~~~~~~~^~~~~~~
../Core/Src/main.c:112:18: warning: comparison with string literal results in unspecified behavior [-Waddress]
  112 |           if(echo!="\0"){
      |                  ^~
../Core/Src/main.c:113:34: warning: pointer targets in passing argument 1 of 'uartSendString' differ in signedness [-Wpointer-sign]
  113 |                   uartSendString(echo);
      |                                  ^~~~
      |                                  |
      |                                  char *
/home/tomas1908/STM32CubeIDE/workspace_1.19.0/pdm/ej1_p5/Drivers/API/Inc/API_uart.h:16:31: note: expected 'uint8_t *' {aka 'unsigned char *'} but argument is of type 'char *'
   16 | void uartSendString(uint8_t * pstring);
      |                     ~~~~~~~~~~^~~~~~~
arm-none-eabi-gcc -o "ej1_p5.elf" @"objects.list"   -mcpu=cortex-m4 -T"/home/tomas1908/STM32CubeIDE/workspace_1.19.0/pdm/ej1_p5/STM32F446RETX_FLASH.ld" --specs=nosys.specs -Wl,-Map="ej1_p5.map" -Wl,--gc-sections -static --specs=nano.specs -mfpu=fpv4-sp-d16 -mfloat-abi=hard -mthumb -Wl,--start-group -lc -lm -Wl,--end-group
Finished building target: ej1_p5.elf
 
arm-none-eabi-size  ej1_p5.elf 
arm-none-eabi-objdump -h -S ej1_p5.elf  > "ej1_p5.list"
   text	   data	    bss	    dec	    hex	filename
   9444	     12	   1644	  11100	   2b5c	ej1_p5.elf
Finished building: default.size.stdout
 
Finished building: ej1_p5.list
 
11:00:41 **** Incremental Build of configuration Debug for project ej1_p5 ****
make -j8 all 
arm-none-eabi-gcc "../Core/Src/main.c" -mcpu=cortex-m4 -std=gnu11 -g3 -DDEBUG -DUSE_HAL_DRIVER -DSTM32F446xx -c -I../Core/Inc -I../Drivers/STM32F4xx_HAL_Driver/Inc -I../Drivers/STM32F4xx_HAL_Driver/Inc/Legacy -I../Drivers/CMSIS/Device/ST/STM32F4xx/Include -I../Drivers/CMSIS/Include -I"/home/tomas1908/STM32CubeIDE/workspace_1.19.0/pdm/ej1_p5/Drivers/API/Inc" -I"/home/tomas1908/STM32CubeIDE/workspace_1.19.0/pdm/ej1_p5/Drivers/API/Src" -I"/home/tomas1908/STM32CubeIDE/workspace_1.19.0/pdm/ej1_p5/Drivers/API" -I"/home/tomas1908/STM32CubeIDE/workspace_1.19.0/pdm/ej1_p5/Drivers" -O0 -ffunction-sections -fdata-sections -Wall -fstack-usage -fcyclomatic-complexity -MMD -MP -MF"Core/Src/main.d" -MT"Core/Src/main.o" --specs=nano.specs -mfpu=fpv4-sp-d16 -mfloat-abi=hard -mthumb -o "Core/Src/main.o"
../Core/Src/main.c: In function 'main':
../Core/Src/main.c:99:22: warning: pointer targets in passing argument 1 of 'uartSendStringSize' differ in signedness [-Wpointer-sign]
   99 |   uartSendStringSize(saludo,12);
      |                      ^~~~~~
      |                      |
      |                      char *
In file included from ../Core/Inc/main.h:36,
                 from ../Core/Src/main.c:20:
/home/tomas1908/STM32CubeIDE/workspace_1.19.0/pdm/ej1_p5/Drivers/API/Inc/API_uart.h:17:35: note: expected 'uint8_t *' {aka 'unsigned char *'} but argument is of type 'char *'
   17 | void uartSendStringSize(uint8_t * pstring, uint16_t size);
      |                         ~~~~~~~~~~^~~~~~~
../Core/Src/main.c:110:33: warning: passing argument 1 of 'uartReceiveStringSize' from incompatible pointer type [-Wincompatible-pointer-types]
  110 |           uartReceiveStringSize(&echo,TAM);
      |                                 ^~~~~
      |                                 |
      |                                 char (*)[20]
/home/tomas1908/STM32CubeIDE/workspace_1.19.0/pdm/ej1_p5/Drivers/API/Inc/API_uart.h:18:38: note: expected 'uint8_t *' {aka 'unsigned char *'} but argument is of type 'char (*)[20]'
   18 | void uartReceiveStringSize(uint8_t * pstring, uint16_t size);
      |                            ~~~~~~~~~~^~~~~~~
../Core/Src/main.c:112:18: warning: comparison with string literal results in unspecified behavior [-Waddress]
  112 |           if(echo!="\0"){
      |                  ^~
../Core/Src/main.c:113:34: warning: pointer targets in passing argument 1 of 'uartSendString' differ in signedness [-Wpointer-sign]
  113 |                   uartSendString(echo);
      |                                  ^~~~
      |                                  |
      |                                  char *
/home/tomas1908/STM32CubeIDE/workspace_1.19.0/pdm/ej1_p5/Drivers/API/Inc/API_uart.h:16:31: note: expected 'uint8_t *' {aka 'unsigned char *'} but argument is of type 'char *'
   16 | void uartSendString(uint8_t * pstring);
      |                     ~~~~~~~~~~^~~~~~~
arm-none-eabi-gcc -o "ej1_p5.elf" @"objects.list"   -mcpu=cortex-m4 -T"/home/tomas1908/STM32CubeIDE/workspace_1.19.0/pdm/ej1_p5/STM32F446RETX_FLASH.ld" --specs=nosys.specs -Wl,-Map="ej1_p5.map" -Wl,--gc-sections -static --specs=nano.specs -mfpu=fpv4-sp-d16 -mfloat-abi=hard -mthumb -Wl,--start-group -lc -lm -Wl,--end-group
Finished building target: ej1_p5.elf
 
arm-none-eabi-size  ej1_p5.elf 
arm-none-eabi-objdump -h -S ej1_p5.elf  > "ej1_p5.list"
   text	   data	    bss	    dec	    hex	filename
   9444	     12	   1644	  11100	   2b5c	ej1_p5.elf
Finished building: default.size.stdout
 
Finished building: ej1_p5.list
 
11:06:09 **** Incremental Build of configuration Debug for project ej1_p5 ****
make -j8 all 
arm-none-eabi-gcc "../Core/Src/main.c" -mcpu=cortex-m4 -std=gnu11 -g3 -DDEBUG -DUSE_HAL_DRIVER -DSTM32F446xx -c -I../Core/Inc -I../Drivers/STM32F4xx_HAL_Driver/Inc -I../Drivers/STM32F4xx_HAL_Driver/Inc/Legacy -I../Drivers/CMSIS/Device/ST/STM32F4xx/Include -I../Drivers/CMSIS/Include -I"/home/tomas1908/STM32CubeIDE/workspace_1.19.0/pdm/ej1_p5/Drivers/API/Inc" -I"/home/tomas1908/STM32CubeIDE/workspace_1.19.0/pdm/ej1_p5/Drivers/API/Src" -I"/home/tomas1908/STM32CubeIDE/workspace_1.19.0/pdm/ej1_p5/Drivers/API" -I"/home/tomas1908/STM32CubeIDE/workspace_1.19.0/pdm/ej1_p5/Drivers" -O0 -ffunction-sections -fdata-sections -Wall -fstack-usage -fcyclomatic-complexity -MMD -MP -MF"Core/Src/main.d" -MT"Core/Src/main.o" --specs=nano.specs -mfpu=fpv4-sp-d16 -mfloat-abi=hard -mthumb -o "Core/Src/main.o"
../Core/Src/main.c: In function 'main':
../Core/Src/main.c:96:18: warning: initializer-string for array of 'char' is too long
   96 |   char echo[TAM]="aaaaaaaaaaaaaaaaaaaaaaaaaaaaa";
      |                  ^~~~~~~~~~~~~~~~~~~~~~~~~~~~~~~
../Core/Src/main.c:99:22: warning: pointer targets in passing argument 1 of 'uartSendStringSize' differ in signedness [-Wpointer-sign]
   99 |   uartSendStringSize(saludo,12);
      |                      ^~~~~~
      |                      |
      |                      char *
In file included from ../Core/Inc/main.h:36,
                 from ../Core/Src/main.c:20:
/home/tomas1908/STM32CubeIDE/workspace_1.19.0/pdm/ej1_p5/Drivers/API/Inc/API_uart.h:17:35: note: expected 'uint8_t *' {aka 'unsigned char *'} but argument is of type 'char *'
   17 | void uartSendStringSize(uint8_t * pstring, uint16_t size);
      |                         ~~~~~~~~~~^~~~~~~
../Core/Src/main.c:110:33: warning: passing argument 1 of 'uartReceiveStringSize' from incompatible pointer type [-Wincompatible-pointer-types]
  110 |           uartReceiveStringSize(&echo,TAM);
      |                                 ^~~~~
      |                                 |
      |                                 char (*)[20]
/home/tomas1908/STM32CubeIDE/workspace_1.19.0/pdm/ej1_p5/Drivers/API/Inc/API_uart.h:18:38: note: expected 'uint8_t *' {aka 'unsigned char *'} but argument is of type 'char (*)[20]'
   18 | void uartReceiveStringSize(uint8_t * pstring, uint16_t size);
      |                            ~~~~~~~~~~^~~~~~~
../Core/Src/main.c:112:18: warning: comparison with string literal results in unspecified behavior [-Waddress]
  112 |           if(echo!="\0"){
      |                  ^~
../Core/Src/main.c:113:34: warning: pointer targets in passing argument 1 of 'uartSendString' differ in signedness [-Wpointer-sign]
  113 |                   uartSendString(echo);
      |                                  ^~~~
      |                                  |
      |                                  char *
/home/tomas1908/STM32CubeIDE/workspace_1.19.0/pdm/ej1_p5/Drivers/API/Inc/API_uart.h:16:31: note: expected 'uint8_t *' {aka 'unsigned char *'} but argument is of type 'char *'
   16 | void uartSendString(uint8_t * pstring);
      |                     ~~~~~~~~~~^~~~~~~
arm-none-eabi-gcc -o "ej1_p5.elf" @"objects.list"   -mcpu=cortex-m4 -T"/home/tomas1908/STM32CubeIDE/workspace_1.19.0/pdm/ej1_p5/STM32F446RETX_FLASH.ld" --specs=nosys.specs -Wl,-Map="ej1_p5.map" -Wl,--gc-sections -static --specs=nano.specs -mfpu=fpv4-sp-d16 -mfloat-abi=hard -mthumb -Wl,--start-group -lc -lm -Wl,--end-group
Finished building target: ej1_p5.elf
 
arm-none-eabi-size  ej1_p5.elf 
arm-none-eabi-objdump -h -S ej1_p5.elf  > "ej1_p5.list"
   text	   data	    bss	    dec	    hex	filename
   9480	     12	   1644	  11136	   2b80	ej1_p5.elf
Finished building: default.size.stdout
 
Finished building: ej1_p5.list
 
11:07:44 **** Incremental Build of configuration Debug for project ej1_p5 ****
make -j8 all 
arm-none-eabi-gcc "../Core/Src/main.c" -mcpu=cortex-m4 -std=gnu11 -g3 -DDEBUG -DUSE_HAL_DRIVER -DSTM32F446xx -c -I../Core/Inc -I../Drivers/STM32F4xx_HAL_Driver/Inc -I../Drivers/STM32F4xx_HAL_Driver/Inc/Legacy -I../Drivers/CMSIS/Device/ST/STM32F4xx/Include -I../Drivers/CMSIS/Include -I"/home/tomas1908/STM32CubeIDE/workspace_1.19.0/pdm/ej1_p5/Drivers/API/Inc" -I"/home/tomas1908/STM32CubeIDE/workspace_1.19.0/pdm/ej1_p5/Drivers/API/Src" -I"/home/tomas1908/STM32CubeIDE/workspace_1.19.0/pdm/ej1_p5/Drivers/API" -I"/home/tomas1908/STM32CubeIDE/workspace_1.19.0/pdm/ej1_p5/Drivers" -O0 -ffunction-sections -fdata-sections -Wall -fstack-usage -fcyclomatic-complexity -MMD -MP -MF"Core/Src/main.d" -MT"Core/Src/main.o" --specs=nano.specs -mfpu=fpv4-sp-d16 -mfloat-abi=hard -mthumb -o "Core/Src/main.o"
../Core/Src/main.c: In function 'main':
../Core/Src/main.c:99:22: warning: pointer targets in passing argument 1 of 'uartSendStringSize' differ in signedness [-Wpointer-sign]
   99 |   uartSendStringSize(saludo,12);
      |                      ^~~~~~
      |                      |
      |                      char *
In file included from ../Core/Inc/main.h:36,
                 from ../Core/Src/main.c:20:
/home/tomas1908/STM32CubeIDE/workspace_1.19.0/pdm/ej1_p5/Drivers/API/Inc/API_uart.h:17:35: note: expected 'uint8_t *' {aka 'unsigned char *'} but argument is of type 'char *'
   17 | void uartSendStringSize(uint8_t * pstring, uint16_t size);
      |                         ~~~~~~~~~~^~~~~~~
../Core/Src/main.c:110:33: warning: passing argument 1 of 'uartReceiveStringSize' from incompatible pointer type [-Wincompatible-pointer-types]
  110 |           uartReceiveStringSize(&echo,TAM);
      |                                 ^~~~~
      |                                 |
      |                                 char (*)[20]
/home/tomas1908/STM32CubeIDE/workspace_1.19.0/pdm/ej1_p5/Drivers/API/Inc/API_uart.h:18:38: note: expected 'uint8_t *' {aka 'unsigned char *'} but argument is of type 'char (*)[20]'
   18 | void uartReceiveStringSize(uint8_t * pstring, uint16_t size);
      |                            ~~~~~~~~~~^~~~~~~
../Core/Src/main.c:112:34: warning: pointer targets in passing argument 1 of 'uartSendString' differ in signedness [-Wpointer-sign]
  112 |                   uartSendString(echo);
      |                                  ^~~~
      |                                  |
      |                                  char *
/home/tomas1908/STM32CubeIDE/workspace_1.19.0/pdm/ej1_p5/Drivers/API/Inc/API_uart.h:16:31: note: expected 'uint8_t *' {aka 'unsigned char *'} but argument is of type 'char *'
   16 | void uartSendString(uint8_t * pstring);
      |                     ~~~~~~~~~~^~~~~~~
arm-none-eabi-gcc -o "ej1_p5.elf" @"objects.list"   -mcpu=cortex-m4 -T"/home/tomas1908/STM32CubeIDE/workspace_1.19.0/pdm/ej1_p5/STM32F446RETX_FLASH.ld" --specs=nosys.specs -Wl,-Map="ej1_p5.map" -Wl,--gc-sections -static --specs=nano.specs -mfpu=fpv4-sp-d16 -mfloat-abi=hard -mthumb -Wl,--start-group -lc -lm -Wl,--end-group
Finished building target: ej1_p5.elf
 
arm-none-eabi-size  ej1_p5.elf 
arm-none-eabi-objdump -h -S ej1_p5.elf  > "ej1_p5.list"
   text	   data	    bss	    dec	    hex	filename
   9448	     12	   1644	  11104	   2b60	ej1_p5.elf
Finished building: default.size.stdout
 
Finished building: ej1_p5.list
 
11:08:07 **** Incremental Build of configuration Debug for project ej1_p5 ****
make -j8 all 
arm-none-eabi-size  ej1_p5.elf 
   text	   data	    bss	    dec	    hex	filename
   9448	     12	   1644	  11104	   2b60	ej1_p5.elf
Finished building: default.size.stdout
 
11:09:08 **** Incremental Build of configuration Debug for project ej1_p5 ****
make -j8 all 
arm-none-eabi-gcc "../Core/Src/main.c" -mcpu=cortex-m4 -std=gnu11 -g3 -DDEBUG -DUSE_HAL_DRIVER -DSTM32F446xx -c -I../Core/Inc -I../Drivers/STM32F4xx_HAL_Driver/Inc -I../Drivers/STM32F4xx_HAL_Driver/Inc/Legacy -I../Drivers/CMSIS/Device/ST/STM32F4xx/Include -I../Drivers/CMSIS/Include -I"/home/tomas1908/STM32CubeIDE/workspace_1.19.0/pdm/ej1_p5/Drivers/API/Inc" -I"/home/tomas1908/STM32CubeIDE/workspace_1.19.0/pdm/ej1_p5/Drivers/API/Src" -I"/home/tomas1908/STM32CubeIDE/workspace_1.19.0/pdm/ej1_p5/Drivers/API" -I"/home/tomas1908/STM32CubeIDE/workspace_1.19.0/pdm/ej1_p5/Drivers" -O0 -ffunction-sections -fdata-sections -Wall -fstack-usage -fcyclomatic-complexity -MMD -MP -MF"Core/Src/main.d" -MT"Core/Src/main.o" --specs=nano.specs -mfpu=fpv4-sp-d16 -mfloat-abi=hard -mthumb -o "Core/Src/main.o"
../Core/Src/main.c: In function 'main':
../Core/Src/main.c:99:22: warning: pointer targets in passing argument 1 of 'uartSendStringSize' differ in signedness [-Wpointer-sign]
   99 |   uartSendStringSize(saludo,12);
      |                      ^~~~~~
      |                      |
      |                      char *
In file included from ../Core/Inc/main.h:36,
                 from ../Core/Src/main.c:20:
/home/tomas1908/STM32CubeIDE/workspace_1.19.0/pdm/ej1_p5/Drivers/API/Inc/API_uart.h:17:35: note: expected 'uint8_t *' {aka 'unsigned char *'} but argument is of type 'char *'
   17 | void uartSendStringSize(uint8_t * pstring, uint16_t size);
      |                         ~~~~~~~~~~^~~~~~~
../Core/Src/main.c:110:33: warning: passing argument 1 of 'uartReceiveStringSize' from incompatible pointer type [-Wincompatible-pointer-types]
  110 |           uartReceiveStringSize(&echo,TAM);
      |                                 ^~~~~
      |                                 |
      |                                 char (*)[20]
/home/tomas1908/STM32CubeIDE/workspace_1.19.0/pdm/ej1_p5/Drivers/API/Inc/API_uart.h:18:38: note: expected 'uint8_t *' {aka 'unsigned char *'} but argument is of type 'char (*)[20]'
   18 | void uartReceiveStringSize(uint8_t * pstring, uint16_t size);
      |                            ~~~~~~~~~~^~~~~~~
../Core/Src/main.c:112:34: warning: pointer targets in passing argument 1 of 'uartSendString' differ in signedness [-Wpointer-sign]
  112 |                   uartSendString(echo);
      |                                  ^~~~
      |                                  |
      |                                  char *
/home/tomas1908/STM32CubeIDE/workspace_1.19.0/pdm/ej1_p5/Drivers/API/Inc/API_uart.h:16:31: note: expected 'uint8_t *' {aka 'unsigned char *'} but argument is of type 'char *'
   16 | void uartSendString(uint8_t * pstring);
      |                     ~~~~~~~~~~^~~~~~~
arm-none-eabi-gcc -o "ej1_p5.elf" @"objects.list"   -mcpu=cortex-m4 -T"/home/tomas1908/STM32CubeIDE/workspace_1.19.0/pdm/ej1_p5/STM32F446RETX_FLASH.ld" --specs=nosys.specs -Wl,-Map="ej1_p5.map" -Wl,--gc-sections -static --specs=nano.specs -mfpu=fpv4-sp-d16 -mfloat-abi=hard -mthumb -Wl,--start-group -lc -lm -Wl,--end-group
Finished building target: ej1_p5.elf
 
arm-none-eabi-size  ej1_p5.elf 
arm-none-eabi-objdump -h -S ej1_p5.elf  > "ej1_p5.list"
   text	   data	    bss	    dec	    hex	filename
   9448	     12	   1644	  11104	   2b60	ej1_p5.elf
Finished building: default.size.stdout
 
Finished building: ej1_p5.list
 
11:09:30 **** Incremental Build of configuration Debug for project ej1_p5 ****
make -j8 all 
arm-none-eabi-size  ej1_p5.elf 
   text	   data	    bss	    dec	    hex	filename
   9448	     12	   1644	  11104	   2b60	ej1_p5.elf
Finished building: default.size.stdout
 
11:14:02 **** Incremental Build of configuration Debug for project ej1_p5 ****
make -j8 all 
arm-none-eabi-gcc "../Core/Src/main.c" -mcpu=cortex-m4 -std=gnu11 -g3 -DDEBUG -DUSE_HAL_DRIVER -DSTM32F446xx -c -I../Core/Inc -I../Drivers/STM32F4xx_HAL_Driver/Inc -I../Drivers/STM32F4xx_HAL_Driver/Inc/Legacy -I../Drivers/CMSIS/Device/ST/STM32F4xx/Include -I../Drivers/CMSIS/Include -I"/home/tomas1908/STM32CubeIDE/workspace_1.19.0/pdm/ej1_p5/Drivers/API/Inc" -I"/home/tomas1908/STM32CubeIDE/workspace_1.19.0/pdm/ej1_p5/Drivers/API/Src" -I"/home/tomas1908/STM32CubeIDE/workspace_1.19.0/pdm/ej1_p5/Drivers/API" -I"/home/tomas1908/STM32CubeIDE/workspace_1.19.0/pdm/ej1_p5/Drivers" -O0 -ffunction-sections -fdata-sections -Wall -fstack-usage -fcyclomatic-complexity -MMD -MP -MF"Core/Src/main.d" -MT"Core/Src/main.o" --specs=nano.specs -mfpu=fpv4-sp-d16 -mfloat-abi=hard -mthumb -o "Core/Src/main.o"
../Core/Src/main.c: In function 'main':
../Core/Src/main.c:99:22: warning: pointer targets in passing argument 1 of 'uartSendStringSize' differ in signedness [-Wpointer-sign]
   99 |   uartSendStringSize(saludo,12);
      |                      ^~~~~~
      |                      |
      |                      char *
In file included from ../Core/Inc/main.h:36,
                 from ../Core/Src/main.c:20:
/home/tomas1908/STM32CubeIDE/workspace_1.19.0/pdm/ej1_p5/Drivers/API/Inc/API_uart.h:17:35: note: expected 'uint8_t *' {aka 'unsigned char *'} but argument is of type 'char *'
   17 | void uartSendStringSize(uint8_t * pstring, uint16_t size);
      |                         ~~~~~~~~~~^~~~~~~
../Core/Src/main.c:110:33: warning: passing argument 1 of 'uartReceiveStringSize' from incompatible pointer type [-Wincompatible-pointer-types]
  110 |           uartReceiveStringSize(&echo,TAM);
      |                                 ^~~~~
      |                                 |
      |                                 char (*)[7]
/home/tomas1908/STM32CubeIDE/workspace_1.19.0/pdm/ej1_p5/Drivers/API/Inc/API_uart.h:18:38: note: expected 'uint8_t *' {aka 'unsigned char *'} but argument is of type 'char (*)[7]'
   18 | void uartReceiveStringSize(uint8_t * pstring, uint16_t size);
      |                            ~~~~~~~~~~^~~~~~~
../Core/Src/main.c:112:34: warning: pointer targets in passing argument 1 of 'uartSendString' differ in signedness [-Wpointer-sign]
  112 |                   uartSendString(echo);
      |                                  ^~~~
      |                                  |
      |                                  char *
/home/tomas1908/STM32CubeIDE/workspace_1.19.0/pdm/ej1_p5/Drivers/API/Inc/API_uart.h:16:31: note: expected 'uint8_t *' {aka 'unsigned char *'} but argument is of type 'char *'
   16 | void uartSendString(uint8_t * pstring);
      |                     ~~~~~~~~~~^~~~~~~
arm-none-eabi-gcc -o "ej1_p5.elf" @"objects.list"   -mcpu=cortex-m4 -T"/home/tomas1908/STM32CubeIDE/workspace_1.19.0/pdm/ej1_p5/STM32F446RETX_FLASH.ld" --specs=nosys.specs -Wl,-Map="ej1_p5.map" -Wl,--gc-sections -static --specs=nano.specs -mfpu=fpv4-sp-d16 -mfloat-abi=hard -mthumb -Wl,--start-group -lc -lm -Wl,--end-group
Finished building target: ej1_p5.elf
 
arm-none-eabi-size  ej1_p5.elf 
arm-none-eabi-objdump -h -S ej1_p5.elf  > "ej1_p5.list"
   text	   data	    bss	    dec	    hex	filename
   9448	     12	   1644	  11104	   2b60	ej1_p5.elf
Finished building: default.size.stdout
 
Finished building: ej1_p5.list
 
11:14:43 **** Incremental Build of configuration Debug for project ej1_p5 ****
make -j8 all 
arm-none-eabi-gcc "../Core/Src/main.c" -mcpu=cortex-m4 -std=gnu11 -g3 -DDEBUG -DUSE_HAL_DRIVER -DSTM32F446xx -c -I../Core/Inc -I../Drivers/STM32F4xx_HAL_Driver/Inc -I../Drivers/STM32F4xx_HAL_Driver/Inc/Legacy -I../Drivers/CMSIS/Device/ST/STM32F4xx/Include -I../Drivers/CMSIS/Include -I"/home/tomas1908/STM32CubeIDE/workspace_1.19.0/pdm/ej1_p5/Drivers/API/Inc" -I"/home/tomas1908/STM32CubeIDE/workspace_1.19.0/pdm/ej1_p5/Drivers/API/Src" -I"/home/tomas1908/STM32CubeIDE/workspace_1.19.0/pdm/ej1_p5/Drivers/API" -I"/home/tomas1908/STM32CubeIDE/workspace_1.19.0/pdm/ej1_p5/Drivers" -O0 -ffunction-sections -fdata-sections -Wall -fstack-usage -fcyclomatic-complexity -MMD -MP -MF"Core/Src/main.d" -MT"Core/Src/main.o" --specs=nano.specs -mfpu=fpv4-sp-d16 -mfloat-abi=hard -mthumb -o "Core/Src/main.o"
../Core/Src/main.c: In function 'main':
../Core/Src/main.c:100:18: warning: pointer targets in passing argument 1 of 'uartSendString' differ in signedness [-Wpointer-sign]
  100 |   uartSendString(saludo);
      |                  ^~~~~~
      |                  |
      |                  char *
In file included from ../Core/Inc/main.h:36,
                 from ../Core/Src/main.c:20:
/home/tomas1908/STM32CubeIDE/workspace_1.19.0/pdm/ej1_p5/Drivers/API/Inc/API_uart.h:16:31: note: expected 'uint8_t *' {aka 'unsigned char *'} but argument is of type 'char *'
   16 | void uartSendString(uint8_t * pstring);
      |                     ~~~~~~~~~~^~~~~~~
../Core/Src/main.c:111:33: warning: passing argument 1 of 'uartReceiveStringSize' from incompatible pointer type [-Wincompatible-pointer-types]
  111 |           uartReceiveStringSize(&echo,TAM);
      |                                 ^~~~~
      |                                 |
      |                                 char (*)[7]
/home/tomas1908/STM32CubeIDE/workspace_1.19.0/pdm/ej1_p5/Drivers/API/Inc/API_uart.h:18:38: note: expected 'uint8_t *' {aka 'unsigned char *'} but argument is of type 'char (*)[7]'
   18 | void uartReceiveStringSize(uint8_t * pstring, uint16_t size);
      |                            ~~~~~~~~~~^~~~~~~
../Core/Src/main.c:113:38: warning: pointer targets in passing argument 1 of 'uartSendStringSize' differ in signedness [-Wpointer-sign]
  113 |                   uartSendStringSize(echo,TAM);
      |                                      ^~~~
      |                                      |
      |                                      char *
/home/tomas1908/STM32CubeIDE/workspace_1.19.0/pdm/ej1_p5/Drivers/API/Inc/API_uart.h:17:35: note: expected 'uint8_t *' {aka 'unsigned char *'} but argument is of type 'char *'
   17 | void uartSendStringSize(uint8_t * pstring, uint16_t size);
      |                         ~~~~~~~~~~^~~~~~~
arm-none-eabi-gcc -o "ej1_p5.elf" @"objects.list"   -mcpu=cortex-m4 -T"/home/tomas1908/STM32CubeIDE/workspace_1.19.0/pdm/ej1_p5/STM32F446RETX_FLASH.ld" --specs=nosys.specs -Wl,-Map="ej1_p5.map" -Wl,--gc-sections -static --specs=nano.specs -mfpu=fpv4-sp-d16 -mfloat-abi=hard -mthumb -Wl,--start-group -lc -lm -Wl,--end-group
Finished building target: ej1_p5.elf
 
arm-none-eabi-size  ej1_p5.elf 
arm-none-eabi-objdump -h -S ej1_p5.elf  > "ej1_p5.list"
   text	   data	    bss	    dec	    hex	filename
   9448	     12	   1644	  11104	   2b60	ej1_p5.elf
Finished building: default.size.stdout
 
Finished building: ej1_p5.list
 
